Date,Open,Close,Volume
2020-03-30 00:00:00+05:30,-2.5476205974625805,-2.6447588037822736,1.6853956995535677
2020-03-31 00:00:00+05:30,-2.6029306617468193,-2.661911561334887,2.7435682732215594
2020-04-01 00:00:00+05:30,-2.684381523326434,-2.659596061843461,1.2772643556376926
2020-04-03 00:00:00+05:30,-2.6265650401377143,-2.6673246249963114,1.2027189641769058
2020-04-07 00:00:00+05:30,-2.6420609626985163,-2.637421838394526,2.7810157620749645
2020-04-08 00:00:00+05:30,-2.6817772003652673,-2.5855404656761243,2.1317853825930353
2020-04-09 00:00:00+05:30,-2.5470019561189896,-2.4427439529109005,1.525595555533237
2020-04-13 00:00:00+05:30,-2.463011920638819,-2.61528008654245,1.8387846532791858
2020-04-15 00:00:00+05:30,-2.5769521800311197,-2.6836618769720935,2.202743164976988
2020-04-16 00:00:00+05:30,-2.7071695276975407,-2.659172154031733,1.542519326252475
2020-04-17 00:00:00+05:30,-2.5704412910283247,-2.6016820803195886,2.4741606609187237
2020-04-20 00:00:00+05:30,-2.589973923587466,-2.601616814025405,0.9592756443728151
2020-04-21 00:00:00+05:30,-2.664848990730778,-2.737597684005186,1.5859392034791138
2020-04-22 00:00:00+05:30,-2.7625446376842158,-2.705966633009396,2.117037588525514
2020-04-23 00:00:00+05:30,-2.6974032344464915,-2.6901836598834765,1.5100176127692768
2020-04-24 00:00:00+05:30,-2.727678892077527,-2.818142672262163,2.569990001960911
2020-04-27 00:00:00+05:30,-2.8015771521651733,-2.7739242733019616,3.8357124044442634
2020-04-28 00:00:00+05:30,-2.748839186446675,-2.653889461408443,3.9183150470486843
2020-04-29 00:00:00+05:30,-2.6713271799371157,-2.60931258248093,4.0144307008082025
2020-04-30 00:00:00+05:30,-2.5638979033570495,-2.5951927690050645,2.0602755386712452
2020-05-04 00:00:00+05:30,-2.6713596779324282,-2.7507065161221353,1.5634011725590382
2020-05-05 00:00:00+05:30,-2.7169359337411616,-2.801120608848151,2.894823010824398
2020-05-06 00:00:00+05:30,-2.7950664011126545,-2.73335844433767,3.4100236054193003
2020-05-07 00:00:00+05:30,-2.737152233622023,-2.7631633314981796,1.7081263983685102
2020-05-08 00:00:00+05:30,-2.7169358270143205,-2.7869028151558934,1.453820911893871
2020-05-11 00:00:00+05:30,-2.7560012193351606,-2.7928378476205546,1.671676416694934
2020-05-12 00:00:00+05:30,-2.8082833717549485,-2.757195746661543,2.5200279582351675
2020-05-13 00:00:00+05:30,-2.6583380047376544,-2.6976185247124995,2.2367707196045927
2020-05-14 00:00:00+05:30,-2.698054413116981,-2.7296083787760668,3.7763251358845658
2020-05-15 00:00:00+05:30,-2.723479268189314,-2.746271639122302,1.7892816590041023
2020-05-18 00:00:00+05:30,-2.7429792671007505,-2.8426973383962415,2.6731638178460178
2020-05-19 00:00:00+05:30,-2.827620719946916,-2.825512351572119,2.228016510542417
2020-05-20 00:00:00+05:30,-2.821109799349219,-2.774739536553443,4.4125331904264025
2020-05-21 00:00:00+05:30,-2.7631630006930377,-2.8090445670079696,2.3754526906886957
2020-05-22 00:00:00+05:30,-2.817854311447526,-2.870936965347972,4.373488994076457
2020-05-26 00:00:00+05:30,-2.854966439687706,-2.9141770968714664,2.372210871446163
2020-05-27 00:00:00+05:30,-2.912262073365684,-2.84409967519491,4.734196195502422
2020-05-28 00:00:00+05:30,-2.8315272268033786,-2.8367625482569294,2.113573995564916
2020-05-29 00:00:00+05:30,-2.857570754065896,-2.8328820308820752,2.5280383869675696
2020-06-01 00:00:00+05:30,-2.803497990911916,-2.697749057300867,5.23429023512212
2020-06-02 00:00:00+05:30,-2.6939850787296744,-2.5768663490087755,6.666324260463493
2020-06-03 00:00:00+05:30,-2.530073862244149,-2.5340177344752672,5.167597721307292
2020-06-04 00:00:00+05:30,-2.5320269994238433,-2.5984861320576145,4.411534101408357
2020-06-05 00:00:00+05:30,-2.5776032887939064,-2.5480722816569488,4.264324756862439
2020-06-08 00:00:00+05:30,-2.472778194993527,-2.471831718586554,3.993028113360505
2020-06-09 00:00:00+05:30,-2.4532456122903112,-2.513343343390694,3.164326482523202
2020-06-10 00:00:00+05:30,-2.5150988436107906,-2.5185282981229413,2.0849958735959064
2020-06-11 00:00:00+05:30,-2.5346313723418437,-2.5816272343790616,2.4270917992924197
2020-06-12 00:00:00+05:30,-2.6713598098985307,-2.50907163212632,4.565638995111124
2020-06-15 00:00:00+05:30,-2.5281205196799617,-2.5734749249647164,3.0685521894509766
2020-06-16 00:00:00+05:30,-2.507285772360818,-2.564605170965049,3.335568062369256
2020-06-17 00:00:00+05:30,-2.5756500167488734,-2.544387482389529,2.3029212956461738
2020-06-18 00:00:00+05:30,-2.557419476915999,-2.4596358068370114,3.279861098605926
2020-06-19 00:00:00+05:30,-2.4356663441860085,-2.3470359405476326,5.135533860642642
2020-06-22 00:00:00+05:30,-2.3197724625464113,-2.2546208065862157,3.6598369877244536
2020-06-23 00:00:00+05:30,-2.2156313026647827,-2.1338361592856327,4.37091344509105
2020-06-24 00:00:00+05:30,-2.069103996051409,-2.1932176631272413,5.6116611530644
2020-06-25 00:00:00+05:30,-2.229890026020602,-2.146977624549674,4.306114075254686
2020-06-26 00:00:00+05:30,-2.1228187814967407,-2.2134028801059027,3.22741715071724
2020-06-29 00:00:00+05:30,-2.2585705014379704,-2.2431100293753694,2.9241787644610318
2020-06-30 00:00:00+05:30,-2.2090878258330946,-2.2606863716392445,2.319618547132695
2020-07-01 00:00:00+05:30,-2.2605235603437084,-2.1805325772717867,3.269303277608386
2020-07-02 00:00:00+05:30,-2.1635116933066643,-2.173782523880994,2.9259931328962736
2020-07-03 00:00:00+05:30,-2.1635117963728123,-2.1951417264037976,1.9528029192468073
2020-07-06 00:00:00+05:30,-2.1700226741158155,-2.079509077587904,2.8683664502724295
2020-07-07 00:00:00+05:30,-2.0528266944911127,-1.9209297532469933,6.487238344897853
2020-07-08 00:00:00+05:30,-1.9213399705411482,-2.0147796148288215,5.300790713777367
2020-07-09 00:00:00+05:30,-1.9974844235358982,-1.9352453656054103,5.184241823029711
2020-07-10 00:00:00+05:30,-1.971441151878884,-1.9455828034730465,4.359353371399029
2020-07-13 00:00:00+05:30,-1.9160984948499935,-1.997463853090982,3.4058383778639705
2020-07-14 00:00:00+05:30,-2.0073812536945748,-2.025932235172822,3.1742430263074493
2020-07-15 00:00:00+05:30,-2.0007400738249537,-2.0531282476185453,2.7236848831977554
2020-07-16 00:00:00+05:30,-2.033294317350397,-2.0168991538874628,2.4135379767113156
2020-07-17 00:00:00+05:30,-2.0137617420472784,-1.9539632218165686,1.9154807119802124
2020-07-20 00:00:00+05:30,-1.925897572659083,-1.862526759167442,2.5893023483882707
2020-07-21 00:00:00+05:30,-1.8249464034273708,-1.9597350885457707,7.462804479549702
2020-07-22 00:00:00+05:30,-1.942142202155106,-1.9854639017742242,4.650173062178867
2020-07-23 00:00:00+05:30,-1.9857648850845557,-1.9562457650604361,2.0079894582366458
2020-07-24 00:00:00+05:30,-1.990973707443921,-1.9862138179564048,1.349833398429786
2020-07-27 00:00:00+05:30,-1.9792541937066834,-2.038845429957454,1.4928897849200073
2020-07-28 00:00:00+05:30,-2.036549676798778,-1.9942029616352905,1.847800498382503
2020-07-29 00:00:00+05:30,-1.990973548328921,-1.9650828859130114,1.8029791124953374
2020-07-30 00:00:00+05:30,-1.958158777894987,-2.008094504631746,1.3088938435278719
2020-07-31 00:00:00+05:30,-1.9968334001022545,-1.9865724594739493,1.5389307680727105
2020-08-03 00:00:00+05:30,-1.9916247693026672,-2.0366604630543956,0.6621251206797035
2020-08-04 00:00:00+05:30,-2.0189704491549363,-1.9968118363500769,1.3629506336629156
2020-08-05 00:00:00+05:30,-1.9838115580642672,-1.9794962361624706,1.4598334789578242
2020-08-06 00:00:00+05:30,-1.9603724432206417,-1.9253321586499683,1.8355282811250544
2020-08-07 00:00:00+05:30,-1.9336780205459558,-1.8476568679591625,2.461417688607807
2020-08-10 00:00:00+05:30,-1.8288529153273745,-1.8615810441027099,1.505347709984167
2020-08-11 00:00:00+05:30,-1.8494922139878451,-1.8521568497029468,1.0126282001335174
2020-08-12 00:00:00+05:30,-1.873777946380091,-1.8776900255990818,1.0413255927041114
2020-08-13 00:00:00+05:30,-1.8575008430925284,-1.8767771052316748,0.7252211671236806
2020-08-14 00:00:00+05:30,-1.8737778704122154,-1.934527921020088,0.9998206888233347
2020-08-17 00:00:00+05:30,-1.922609311785834,-1.8995054459802394,0.727503126935956
2020-08-18 00:00:00+05:30,-1.8907060117406636,-1.8766137779459824,0.7388056773662004
2020-08-19 00:00:00+05:30,-1.8594540752819264,-1.8831032508107395,0.5782652330601737
2020-08-20 00:00:00+05:30,-1.9043791004143698,-1.8936360029102277,0.413314307436674
2020-08-21 00:00:00+05:30,-1.8705222846962961,-1.8965705628950005,0.08110328876006172
2020-08-24 00:00:00+05:30,-1.8881017773227484,-1.8295585568920505,1.2131284087496632
2020-08-25 00:00:00+05:30,-1.8086691845482257,-1.7311764035198125,2.36739069403041
2020-08-26 00:00:00+05:30,-1.7175169349677242,-1.7294479775755747,1.358502504595871
2020-08-27 00:00:00+05:30,-1.7227582688998802,-1.7379590900576973,0.7086760884736639
2020-08-28 00:00:00+05:30,-1.7272831634153325,-1.7129801930114248,0.5948678906213
2020-08-31 00:00:00+05:30,-1.6849624768461184,-1.83233027424183,1.9484272383701149
2020-09-01 00:00:00+05:30,-1.8138778801505928,-1.730556696825533,1.168712606181413
2020-09-02 00:00:00+05:30,-1.732036252654428,-1.7143826105852102,0.6042586313821169
2020-09-03 00:00:00+05:30,-1.7155638164339437,-1.746307198354594,0.2690212398281683
2020-09-04 00:00:00+05:30,-1.7979263424322987,-1.761242194306824,0.804721192248691
2020-09-07 00:00:00+05:30,-1.7552801044428528,-1.821015134363302,0.7257934761906993
2020-09-08 00:00:00+05:30,-1.8119246255305346,-1.8243737637100361,0.657310954249176
2020-09-09 00:00:00+05:30,-1.8399215453872073,-1.8746900377698925,0.693548969601634
2020-09-10 00:00:00+05:30,-1.8532687665166516,-1.8252217408837257,0.7565172035176533
2020-09-11 00:00:00+05:30,-1.8314571790310756,-1.795416692172983,0.7078288559244786
2020-09-14 00:00:00+05:30,-1.7878343598924176,-1.8630484048702127,0.6835080933335073
2020-09-15 00:00:00+05:30,-1.8412235618340862,-1.8156345422987363,0.48170603186452443
2020-09-16 00:00:00+05:30,-1.8132594768094725,-1.8103518496754463,0.4861608046520817
2020-09-17 00:00:00+05:30,-1.8322384451095954,-1.8426675505592331,0.1297530395007343
2020-09-18 00:00:00+05:30,-1.8305457112736152,-1.8408087535768607,0.4423024418716076
2020-09-21 00:00:00+05:30,-1.8491667432144663,-1.9351476277143675,0.3974832705579462
2020-09-22 00:00:00+05:30,-1.9362823295254143,-1.9528545025666102,0.5865284395396999
2020-09-23 00:00:00+05:30,-1.9356310643685293,-1.9914310827352781,0.5926533171170815
2020-09-24 00:00:00+05:30,-2.026132430199325,-2.1316188823359488,1.136631345296373
2020-09-25 00:00:00+05:30,-2.0984028662512686,-2.0598455063120134,1.22167602974066
2020-09-28 00:00:00+05:30,-2.0345963063463715,-1.931886574708443,1.0179675368521883
2020-09-29 00:00:00+05:30,-1.9174008565277907,-1.958235094631176,0.7189213382394657
2020-09-30 00:00:00+05:30,-1.959135617714103,-1.9687678467306642,0.38992746212919605
2020-10-01 00:00:00+05:30,-1.9388867868299748,-1.8616789435439853,0.9526094617574739
2020-10-05 00:00:00+05:30,-1.8477344427296136,-1.9007448593687983,0.5809040555742718
2020-10-06 00:00:00+05:30,-1.8640769403592838,-1.8411350850477797,0.7554020075744575
2020-10-07 00:00:00+05:30,-1.8900550620536025,-1.9344954494232294,1.3287623642724335
2020-10-08 00:00:00+05:30,-1.9200050856448367,-1.9375607035466027,0.6614575849520035
2020-10-09 00:00:00+05:30,-1.9389517926952842,-1.9431369329434864,1.0481502755088261
2020-10-12 00:00:00+05:30,-1.9226095624089663,-1.9370716909909238,0.2637334710353813
2020-10-13 00:00:00+05:30,-1.942174552423596,-1.972680754927261,0.44501371257605804
2020-10-14 00:00:00+05:30,-1.9759985646610903,-1.9078209211300439,0.9280406669340301
2020-10-15 00:00:00+05:30,-1.9107598090606044,-2.0104100041231714,0.9165160264180768
2020-10-16 00:00:00+05:30,-1.9966054658492463,-1.9995835536998563,0.855842090652428
2020-10-19 00:00:00+05:30,-1.9843975208462523,-1.9762027115596874,0.5807291042674385
2020-10-20 00:00:00+05:30,-1.984462645325985,-1.9794962361624706,0.27874131930582685
2020-10-21 00:00:00+05:30,-1.9746963747087622,-1.9986052054880323,1.634177359915645
2020-10-22 00:00:00+05:30,-2.046316072325211,-1.9453870045904953,1.491593310317109
2020-10-23 00:00:00+05:30,-1.934719717645886,-1.9437891112346248,0.2637730169908138
2020-10-26 00:00:00+05:30,-1.9356313167659125,-1.9587895350312716,0.3718024434677412
2020-10-27 00:00:00+05:30,-1.9382355390989723,-1.8548634623087756,1.154717767105326
2020-10-28 00:00:00+05:30,-1.8581843079531346,-1.9086361036064086,0.7207116627338047
2020-10-29 00:00:00+05:30,-1.9110199287463578,-1.9026033332507044,0.44586537427225176
2020-10-30 00:00:00+05:30,-1.912875824347767,-1.9489414328197805,0.606350454240673
2020-11-02 00:00:00+05:30,-1.938528636638357,-1.8766792057903992,0.6066440434138037
2020-11-03 00:00:00+05:30,-1.8705225306681368,-1.8303739009186482,0.6564700490528599
2020-11-04 00:00:00+05:30,-1.8451301513795255,-1.7842970280765402,0.6327734798224347
2020-11-05 00:00:00+05:30,-1.753326870527139,-1.6698709979518809,1.2531697959117951
2020-11-06 00:00:00+05:30,-1.6725267261706895,-1.6412724063821393,1.067116832101884
2020-11-09 00:00:00+05:30,-1.6231093348331047,-1.5863257795403642,0.5627787205451735
2020-11-10 00:00:00+05:30,-1.5651950886135035,-1.3622672378084235,2.863261858345206
2020-11-11 00:00:00+05:30,-1.362023318331335,-1.3229730515042004,3.646336947642738
2020-11-12 00:00:00+05:30,-1.3301198772910419,-1.3037333880400381,1.0183924185973547
2020-11-13 00:00:00+05:30,-1.3301196598939604,-1.2530256777653122,1.1760766958182265
2020-11-14 00:00:00+05:30,-1.2389677075262304,-1.253841183342143,-0.5003491195223289
2020-11-17 00:00:00+05:30,-1.2398141215813068,-1.1800136961039833,1.1011178118474378
2020-11-18 00:00:00+05:30,-1.1901361294792108,-1.0719136500081554,1.6267613859853043
2020-11-19 00:00:00+05:30,-1.089934024078329,-1.1483501735113346,1.8918730420575993
2020-11-20 00:00:00+05:30,-1.1270135882889967,-1.0314133296633978,2.0138027136852195
2020-11-23 00:00:00+05:30,-0.9987170342719247,-0.9690643095894583,1.567290596367733
2020-11-24 00:00:00+05:30,-0.9557451487376528,-0.9695861168424622,0.6094388351761275
2020-11-25 00:00:00+05:30,-0.9642091419208586,-1.048435231527177,0.756845909499208
2020-11-26 00:00:00+05:30,-1.0729407040074517,-0.9626727361659767,1.2345253015797792
2020-11-27 00:00:00+05:30,-0.9401187335005683,-0.9055737755682355,3.1616784853474433
2020-12-01 00:00:00+05:30,-0.8800883486609463,-0.9366828577607883,0.5208691824484117
2020-12-02 00:00:00+05:30,-0.9368634416848872,-0.9609444717719718,0.40619951550290684
2020-12-03 00:00:00+05:30,-0.9362124644386132,-0.9325416790847816,0.16002562656811464
2020-12-04 00:00:00+05:30,-0.9329570759048977,-0.927389519049859,0.4139214169444734
2020-12-07 00:00:00+05:30,-0.9329570495510002,-0.9573247772485028,0.2354097086517133
2020-12-08 00:00:00+05:30,-0.9459786110147286,-0.9816513344534039,0.18983758234661754
2020-12-09 00:00:00+05:30,-0.9655113194226776,-0.9477377402137467,-0.12813847421252156
2020-12-10 00:00:00+05:30,-0.9459785762228008,-0.9799230700593992,-0.14080235461257348
2020-12-11 00:00:00+05:30,-0.9752775754018357,-0.9479332159958317,0.09459288870954369
2020-12-14 00:00:00+05:30,-0.9410954189734306,-0.912193457920894,-0.184972023154212
2020-12-15 00:00:00+05:30,-0.9199678062642662,-0.7662018046448617,1.1280954299081845
2020-12-16 00:00:00+05:30,-0.7187493231841174,-0.7504839362628927,0.28414930780312847
2020-12-17 00:00:00+05:30,-0.7572609095653128,-0.6591124168074834,0.4309337706038801
2020-12-18 00:00:00+05:30,-0.6855437340673327,-0.6814173343950191,0.2796755529569636
2020-12-21 00:00:00+05:30,-0.6998676425642651,-0.8188002988481192,0.3734871011691646
2020-12-22 00:00:00+05:30,-0.8027392710366215,-0.8386593459060948,0.9815302098843506
2020-12-23 00:00:00+05:30,-0.848315592319364,-0.7881151244672946,0.3354872344102789
2020-12-24 00:00:00+05:30,-0.7578466942930271,-0.7255050392166201,0.08052718328132144
2020-12-28 00:00:00+05:30,-0.7279294481490597,-0.712982957546392,-0.1387007243570701
2020-12-29 00:00:00+05:30,-0.7018211466387821,-0.7153312517351426,-0.12701948185760428
2020-12-30 00:00:00+05:30,-0.7177726603072709,-0.62816650035039,0.4725513013657285
2020-12-31 00:00:00+05:30,-0.6302014493491519,-0.6535689821079245,0.15761110871322953
2021-01-01 00:00:00+05:30,-0.6463478349082659,-0.6633841280718576,-0.2922715894776777
2021-01-04 00:00:00+05:30,-0.6373632619086391,-0.7050915517585488,-0.011820531844591123
2021-01-05 00:00:00+05:30,-0.7063785096583353,-0.7684841863384959,0.5006131113406118
2021-01-06 00:00:00+05:30,-0.7636740096290943,-0.826333063118418,0.3913153669810541
2021-01-07 00:00:00+05:30,-0.8059948756342418,-0.7932672845022172,0.21029834331973596
2021-01-08 00:00:00+05:30,-0.7636743766993987,-0.792615267761312,0.19849814658632928
2021-01-11 00:00:00+05:30,-0.777998367917921,-0.8563665438588037,0.1749961434566319
2021-01-12 00:00:00+05:30,-0.858570053147094,-0.818571866818476,0.30525862244533947
2021-01-13 00:00:00+05:30,-0.8053439729917437,-0.9094219021213477,0.28420910128774235
2021-01-14 00:00:00+05:30,-0.9115363869361705,-0.9260851624675824,0.09800712831776173
2021-01-15 00:00:00+05:30,-0.928399410109427,-0.9220089269852934,0.055014347409793635
2021-01-18 00:00:00+05:30,-0.9329568855574853,-1.0288042933983783,0.4215253132550294
2021-01-19 00:00:00+05:30,-1.001256047641901,-0.8727364289816778,0.7581569370137053
2021-01-20 00:00:00+05:30,-0.8691501831703775,-0.857866053122699,0.2985513120363485
2021-01-21 00:00:00+05:30,-0.8528733375822374,-0.7689410503977823,1.4840131415798126
2021-01-22 00:00:00+05:30,-0.7604186371666155,-0.8639968844699119,0.2258149107608648
2021-01-25 00:00:00+05:30,-0.8164121347321871,-0.9056387187619529,0.41192260617309445
2021-01-27 00:00:00+05:30,-0.8995562933423061,-0.9471832998136509,0.13587064062231627
2021-01-28 00:00:00+05:30,-0.9918479920714357,-0.969846858918731,0.3499996509510664
2021-01-29 00:00:00+05:30,-0.9220838419726269,-1.0192175794640883,0.5978629431019338
2021-02-01 00:00:00+05:30,-0.994809941340372,-0.8078759489835283,0.6073381540235545
2021-02-02 00:00:00+05:30,-0.7832069408329705,-0.7331357029281945,0.6254495688763405
2021-02-03 00:00:00+05:30,-0.7059881670662256,-0.6862438091599552,0.08850724071995117
2021-02-04 00:00:00+05:30,-0.7089831510184534,-0.5168383574961958,0.9348239055774514
2021-02-05 00:00:00+05:30,-0.5058435293555086,-0.4948594482791127,0.6539207585818608
2021-02-08 00:00:00+05:30,-0.49542615004631557,-0.52150102032474,0.13597061279764955
2021-02-09 00:00:00+05:30,-0.4983560093621762,-0.5850241874930547,-0.03388875681412874
2021-02-10 00:00:00+05:30,-0.565287546604296,-0.5357187332418811,0.0844669095453262
2021-02-11 00:00:00+05:30,-0.5423044015357844,-0.4762721246563218,-0.10822154921851052
2021-02-12 00:00:00+05:30,-0.477195819854331,-0.46948927656820383,-0.23593252316271487
2021-02-15 00:00:00+05:30,-0.45417988618667965,-0.33748690417966937,0.2523992838407909
2021-02-16 00:00:00+05:30,-0.33304514560424947,-0.35026972792616634,-0.07726086252660512
2021-02-17 00:00:00+05:30,-0.37302219155276145,-0.3862056079841216,-0.007791273537487244
2021-02-18 00:00:00+05:30,-0.3932054367262631,-0.47868503893832365,-0.016928603815892885
2021-02-19 00:00:00+05:30,-0.48370678546247925,-0.5213381776897469,0.11814234698576004
2021-02-22 00:00:00+05:30,-0.5357939161230569,-0.6003181480632955,-0.11720132841047318
2021-02-23 00:00:00+05:30,-0.574859176489853,-0.59585063791637,-0.05719208106373338
2021-02-24 00:00:00+05:30,-0.5592327709277236,-0.47897873726215057,-0.14623375431549113
2021-02-25 00:00:00+05:30,-0.4570121407978359,-0.5004681492728553,-0.2488001443251549
2021-02-26 00:00:00+05:30,-0.5683478697096034,-0.6733301297246245,0.4246614657046463
2021-03-01 00:00:00+05:30,-0.6432229044096693,-0.6720910394365317,-0.10729332655259949
2021-03-02 00:00:00+05:30,-0.6529892060132185,-0.6398078101496035,-0.05137439646815131
2021-03-03 00:00:00+05:30,-0.6112219959180061,-0.49202230308491635,-0.03752413740512518
2021-03-04 00:00:00+05:30,-0.5683478632794574,-0.5291969503304982,-0.043128590209015355
2021-03-05 00:00:00+05:30,-0.5618374686769432,-0.5559370680183338,-0.09341143072522738
2021-03-08 00:00:00+05:30,-0.5429557177395906,-0.6369709880558735,-0.205632728477997
2021-03-09 00:00:00+05:30,-0.6067624341673817,-0.575404840411673,-0.1770160096564852
2021-03-10 00:00:00+05:30,-0.5618374795179152,-0.4906206932622966,-0.056874131582056286
2021-03-12 00:00:00+05:30,-0.4576631115769999,-0.4822721003147008,0.04333943226319702
2021-03-15 00:00:00+05:30,-0.47651210475252637,-0.5597519152234215,-0.08985292747159167
2021-03-16 00:00:00+05:30,-0.5302919368206788,-0.5487299890180213,-0.2561683467413334
2021-03-17 00:00:00+05:30,-0.5488158453856901,-0.6114382968104377,-0.39111401595617623
2021-03-18 00:00:00+05:30,-0.5729056827804204,-0.6035788779687539,-0.01011246293755172
2021-03-19 00:00:00+05:30,-0.6425719248180873,-0.5504908865591179,0.2686871555966747
2021-03-22 00:00:00+05:30,-0.5576048664064496,-0.592165353998251,-0.13684839180461303
2021-03-23 00:00:00+05:30,-0.5813695425651008,-0.5990461015276446,-0.1651389355857178
2021-03-24 00:00:00+05:30,-0.6048087024887815,-0.6698083346424311,-0.20038070922892104
2021-03-25 00:00:00+05:30,-0.6660113251965875,-0.7663972804269467,-0.008779606055655627
2021-03-26 00:00:00+05:30,-0.7376307332918445,-0.7267118194580873,-0.0074543419972025685
2021-03-30 00:00:00+05:30,-0.6954078287881856,-0.7198640281762518,-0.16632784518983967
2021-03-31 00:00:00+05:30,-0.7278646105797602,-0.7483643972042515,-0.1661079696776351
2021-04-01 00:00:00+05:30,-0.7115871636793879,-0.6686018775014302,-0.0704830021331226
2021-04-05 00:00:00+05:30,-0.6796842348734137,-0.8705516236288529,0.4329990185803856
2021-04-06 00:00:00+05:30,-0.815761143593115,-0.8505943540291353,-0.0949470792665812
2021-04-07 00:00:00+05:30,-0.8613372743911764,-0.7958107313725865,0.010047748774279908
2021-04-08 00:00:00+05:30,-0.7832068154668732,-0.8268548703714219,-0.30470736880679505
2021-04-09 00:00:00+05:30,-0.8483157112141695,-0.9293788486205989,0.16818854450466414
2021-04-12 00:00:00+05:30,-1.0175978588471828,-1.1650131107571031,0.673554218167332
2021-04-13 00:00:00+05:30,-1.1510061424763027,-1.0230001166225506,0.2543585486567374
2021-04-15 00:00:00+05:30,-1.03836760383145,-1.0676419387437812,0.16646086080373024
2021-04-16 00:00:00+05:30,-1.069033896159103,-1.096142307771781,-0.07225023178948899
2021-04-19 00:00:00+05:30,-1.2064136622889838,-1.1854921876098246,0.33392121457515295
2021-04-20 00:00:00+05:30,-1.1328407544965808,-1.0980666941488033,0.32382592307235103
2021-04-22 00:00:00+05:30,-1.1413045330676048,-1.0491195583147077,0.060906062033945295
2021-04-23 00:00:00+05:30,-1.0950124960705916,-1.0627508438855937,0.11341866170126191
2021-04-26 00:00:00+05:30,-1.0501525133586425,-1.0179128997813456,0.16861342624983064
2021-04-27 00:00:00+05:30,-1.0130403611513379,-0.934106777743327,0.08667673753489283
2021-04-28 00:00:00+05:30,-0.9036582270368916,-0.6628956001668781,1.9631978109079655
2021-04-29 00:00:00+05:30,-0.6204351407933815,-0.5298819233189616,1.5462353805925535
2021-04-30 00:00:00+05:30,-0.6204352102022148,-0.5513716584301326,0.5548663657822442
2021-05-03 00:00:00+05:30,-0.6423768414169854,-0.4866420341208169,0.5259829490372958
2021-05-04 00:00:00+05:30,-0.4511523635482415,-0.44451070262239756,0.7805817083174221
2021-05-05 00:00:00+05:30,-0.40362273690417094,-0.5101204526017953,0.635162055530556
2021-05-06 00:00:00+05:30,-0.4784983141853744,-0.5012187116559687,-0.046794342093783935
2021-05-07 00:00:00+05:30,-0.4641739505985438,-0.5240447902955757,-0.1645077821370155
2021-05-10 00:00:00+05:30,-0.47394023839252963,-0.5216315529131076,-0.11822129769298753
2021-05-11 00:00:00+05:30,-0.5805560304938068,-0.5691108433290007,-0.2384697916632624
2021-05-12 00:00:00+05:30,-0.5793512030807211,-0.6123507325271454,-0.2631186275005015
2021-05-14 00:00:00+05:30,-0.5846249995300229,-0.6306443578261094,-0.2674130018928247
2021-05-17 00:00:00+05:30,-0.6204350698122684,-0.5655890482468073,0.012832100404369516
2021-05-18 00:00:00+05:30,-0.5221206530983052,-0.3969008796181368,0.24577359628381254
2021-05-19 00:00:00+05:30,-0.4088636663932511,-0.43443384528079687,-0.03800090344381909
2021-05-20 00:00:00+05:30,-0.4394327394603628,-0.46211967803336446,-0.279098040804012
2021-05-21 00:00:00+05:30,-0.4185978062812442,-0.43407552686371864,-0.16263077290836858
2021-05-24 00:00:00+05:30,-0.4355261925823702,-0.4528912825161528,-0.36570906145106824
2021-05-25 00:00:00+05:30,-0.4316195929013751,-0.4426192724929333,-0.33391854243036784
2021-05-26 00:00:00+05:30,-0.4316199167565842,-0.34316119456806204,0.17264932827744717
2021-05-27 00:00:00+05:30,-0.34049975277521866,-0.401172590882511,-0.06910490467821176
2021-05-28 00:00:00+05:30,-0.3769285440924104,-0.4477717556283221,-0.26721906852738386
2021-05-31 00:00:00+05:30,-0.44464129658076756,-0.4365537074399043,-0.181978236144152
2021-06-01 00:00:00+05:30,-0.4290151474005509,-0.33425848432083666,0.15262483828465978
2021-06-02 00:00:00+05:30,-0.35576847370663206,-0.31870442787525965,-0.11320497233828912
2021-06-03 00:00:00+05:30,-0.30140212001495065,-0.2581482922885763,-0.04449529842876165
2021-06-04 00:00:00+05:30,-0.2525708140722358,-0.19817987645001306,0.023520264871015044
2021-06-07 00:00:00+05:30,-0.32744605706869834,-0.3701617312317001,0.14704221484816835
2021-06-08 00:00:00+05:30,-0.3593489926913588,-0.35343288149081525,-0.1841308015902524
2021-06-09 00:00:00+05:30,-0.3307013345089258,-0.40619486452999853,-0.2635058614960963
2021-06-10 00:00:00+05:30,-0.3827883402259871,-0.13755944387054467,0.9254062735669404
2021-06-11 00:00:00+05:30,-0.12863626756778143,-0.11564580094764541,0.4213063868457552
2021-06-14 00:00:00+05:30,-0.1518472760265143,-0.06728606176120386,0.08307141187002506
2021-06-15 00:00:00+05:30,-0.054639973491836295,-0.08880810691900053,-0.26807769031173373
2021-06-16 00:00:00+05:30,-0.10607611006513269,-0.14068964118763547,-0.28136608043997524
2021-06-17 00:00:00+05:30,-0.24931531686317748,-0.16113576179279873,-0.15791974232960884
2021-06-18 00:00:00+05:30,-0.1386954398335861,-0.13713521295835018,0.10711978191997751
2021-06-21 00:00:00+05:30,-0.1972286548550749,-0.11825483721266482,-0.3477071098029193
2021-06-22 00:00:00+05:30,-0.09956524050460609,-0.18295150527442233,-0.2627152587550903
2021-06-23 00:00:00+05:30,-0.16402266881806107,-0.18373373150322878,-0.3583835686667568
2021-06-24 00:00:00+05:30,-0.17964866479210972,-0.16547241625089043,-0.40767174931193123
2021-06-25 00:00:00+05:30,-0.1601163387541739,-0.1444725014465639,-0.4457709555108633
2021-06-28 00:00:00+05:30,-0.1321196425935797,-0.16974477371619714,-0.4880101486921102
2021-06-29 00:00:00+05:30,-0.17118473120568092,-0.1597335057692465,-0.33564812433716246
2021-06-30 00:00:00+05:30,-0.1646736364448604,-0.18357056576776937,-0.36231317116617084
2021-07-01 00:00:00+05:30,-0.1711849809929165,-0.21533263400262612,-0.39559283268463646
2021-07-02 00:00:00+05:30,-0.19722816271462784,-0.1953753644029086,-0.49344629390967976
2021-07-05 00:00:00+05:30,-0.1783468970487832,-0.1464941410639294,-0.4770328241993424
2021-07-06 00:00:00+05:30,-0.1614183320232306,-0.06190546969663813,0.35444904548868483
2021-07-07 00:00:00+05:30,-0.05398958171596115,-0.06438429647375626,-0.13385428842690958
2021-07-08 00:00:00+05:30,-0.07353057563757985,-0.11063322031414558,-0.39244212732342043
2021-07-09 00:00:00+05:30,-0.13678840461126407,-0.09864651611650406,-0.29215864622896254
2021-07-12 00:00:00+05:30,-0.07679150588040186,-0.08989307828468909,-0.4404730629534857
2021-07-13 00:00:00+05:30,-0.07027027019161798,-0.0867903445072301,-0.43307417287589156
2021-07-14 00:00:00+05:30,-0.09309506621560533,-0.10011630013750386,-0.5044318439611775
2021-07-15 00:00:00+05:30,-0.10359460138225782,-0.10285974619648587,-0.474561676536278
2021-07-16 00:00:00+05:30,-0.10939838641661682,-0.10563582540255978,-0.4454144091766841
2021-07-19 00:00:00+05:30,-0.13352780627292252,-0.17752535604411449,-0.341832162663871
2021-07-20 00:00:00+05:30,-0.17787295437236475,-0.22557071847688867,-0.30661886210857914
2021-07-22 00:00:00+05:30,-0.2365659965353412,-0.05984441182238936,0.35356258335171054
2021-07-23 00:00:00+05:30,-0.06766162036213419,-0.06941400143196769,-0.44838257040762386
2021-07-26 00:00:00+05:30,-0.093094934933804,-0.08146597192379296,-0.5180584311002775
2021-07-27 00:00:00+05:30,-0.07353083937861893,-0.03639248757964397,-0.09569940152272859
2021-07-28 00:00:00+05:30,-0.022728987141675237,-0.016435864180858954,-0.3865599037285726
2021-07-29 00:00:00+05:30,-0.0018280193387284775,0.07377637080162278,-0.2804150793037351
2021-07-30 00:00:00+05:30,0.0809284767161213,-0.03858084703759771,-0.3050218382443941
2021-08-02 00:00:00+05:30,-0.014838080160754783,-0.05661017615516405,-0.42981305520710805
2021-08-03 00:00:00+05:30,-0.05070591574635199,0.029225339911410193,-0.4047330102718333
2021-08-04 00:00:00+05:30,0.03276801830253243,0.04702623699933335,-0.23377394673138874
2021-08-05 00:00:00+05:30,0.03994119590422086,-0.025418380243249626,-0.47596097062330067
2021-08-06 00:00:00+05:30,-0.005056030290401567,-0.041063227919844666,-0.5192331041604438
2021-08-09 00:00:00+05:30,-0.044184567908874414,-0.06141177218419854,-0.4713382066170662
2021-08-10 00:00:00+05:30,-0.04418431384055302,-0.07646857701220716,-0.5188471356354228
2021-08-11 00:00:00+05:30,-0.07607396019593196,-0.07797131728076509,-0.49957401879585245
2021-08-12 00:00:00+05:30,-0.07287887083639118,-0.0572638083984005,-0.4987283680848844
2021-08-13 00:00:00+05:30,-0.05396679456717222,-0.08532056048623031,-0.5388026574819359
2021-08-16 00:00:00+05:30,-0.09374705804285713,0.05878450916733167,-0.29981759050948054
2021-08-17 00:00:00+05:30,0.0764290622054074,0.08030913912885838,-0.24304826419941247
2021-08-18 00:00:00+05:30,0.0921124439861714,0.1678428712460756,-0.06874424556466759
2021-08-20 00:00:00+05:30,0.11686125750428344,0.24427196343853094,-0.06526356875132298
2021-08-23 00:00:00+05:30,0.29166708649262174,0.30378222281594275,-0.20016020098142956
2021-08-24 00:00:00+05:30,0.31449230409919443,0.4526559322509811,0.07971443480527324
2021-08-25 00:00:00+05:30,0.46448389450548816,0.42969415141554645,-0.27250493911431
2021-08-26 00:00:00+05:30,0.39600934244946795,0.4212021018609328,-0.3595310341095855
2021-08-27 00:00:00+05:30,0.42861640352173647,0.4438369050245161,-0.4540243545934423
2021-08-30 00:00:00+05:30,0.4585822973744084,0.5737662648215504,-0.274176942109995
2021-08-31 00:00:00+05:30,0.5655655296341546,0.8082793683401454,0.18204291634705524
2021-09-01 00:00:00+05:30,0.8035965444374125,0.8050787351214107,-0.04531437425767904
2021-09-02 00:00:00+05:30,0.787293250473892,0.7912629591842923,-0.3757322211311613
2021-09-03 00:00:00+05:30,0.7872929354794341,0.8075607929031914,-0.47163306126077076
2021-09-06 00:00:00+05:30,0.8198999196701015,0.7964231967308714,-0.46631049202720326
2021-09-07 00:00:00+05:30,0.8061397860129512,0.7643816465927029,-0.48562726760157104
2021-09-08 00:00:00+05:30,0.7592509283298718,0.768235912054674,-0.4782739344646352
2021-09-09 00:00:00+05:30,0.7416434054039999,0.7469729934708149,-0.528519443598919
2021-09-13 00:00:00+05:30,0.7420670970402413,0.7567060719163189,-0.4962091325400141
2021-09-14 00:00:00+05:30,0.774250240705869,0.7384153545215512,-0.5225647718137187
2021-09-15 00:00:00+05:30,0.7514250013932126,0.7361940388160393,-0.5421716565171393
2021-09-16 00:00:00+05:30,0.7514251750663719,0.7344631896183045,-0.5675297886110152
2021-09-17 00:00:00+05:30,0.7517514038422141,0.7457642746265501,0.34925302331250124
2021-09-20 00:00:00+05:30,0.6959934392210397,0.7546812012942908,-0.40723358012573946
2021-09-21 00:00:00+05:30,0.7749999748508904,0.9972944335019306,-0.1195519400013794
2021-09-22 00:00:00+05:30,1.015541764587729,0.9840990104600243,-0.27539211022852406
2021-09-23 00:00:00+05:30,1.0244108956807305,1.0529504274173713,-0.08284886421303539
2021-09-24 00:00:00+05:30,1.0806580835793198,0.983935844724565,-0.39282619764258064
2021-09-27 00:00:00+05:30,1.0148896877316311,0.9852750961571972,-0.544230893508419
2021-09-28 00:00:00+05:30,0.9927170265284141,0.8205604170625463,-0.2526895681338496
2021-09-29 00:00:00+05:30,0.8062050685584908,0.8023349659619624,-0.45086922008521785
2021-09-30 00:00:00+05:30,0.8166392427508683,0.902084803607863,-0.2785032696343076
2021-10-01 00:00:00+05:30,0.8655496374918903,0.8071362388905307,-0.45344413633533703
2021-10-04 00:00:00+05:30,0.844681375429051,0.9196895787127687,-0.4052113581487445
2021-10-05 00:00:00+05:30,0.9066346534488832,0.9387318277920484,-0.5054856645815421
2021-10-06 00:00:00+05:30,0.989456356229566,0.9458846259140299,-0.19184257926722822
2021-10-07 00:00:00+05:30,1.0128681668016852,0.9542135097331841,-0.452555143257215
2021-10-08 00:00:00+05:30,0.9503278931904918,0.9439576547332774,-0.5107601459333037
2021-10-11 00:00:00+05:30,0.9659138093737111,0.9994175266657006,-0.4626479038188693
2021-10-12 00:00:00+05:30,0.9894564719183156,1.0246655664003645,-0.40228464107909795
2021-10-13 00:00:00+05:30,1.0533005269789464,1.0727109288331387,-0.41715740036578614
2021-10-14 00:00:00+05:30,1.093146436898093,1.029335983640099,-0.3910852265006214
2021-10-18 00:00:00+05:30,1.1459695434721082,1.0310668328378338,-0.47958939112614096
2021-10-19 00:00:00+05:30,1.0416274302193638,0.94859543882592,-0.3562404942499602
2021-10-20 00:00:00+05:30,0.9444586795823877,0.9629995807120909,-0.40119317270916166
2021-10-21 00:00:00+05:30,1.0024992589159067,0.9472891436408458,-0.5478099606588797
2021-10-22 00:00:00+05:30,0.954240826410158,0.9295864690946646,-0.2700660609508785
2021-10-25 00:00:00+05:30,0.9503280294034712,0.8880729056877272,-0.38005032309674397
2021-10-26 00:00:00+05:30,0.9144602520306059,1.0245999770057146,-0.2247625307750801
2021-10-27 00:00:00+05:30,1.028584702589639,0.7806148602183506,0.23449508979447103
2021-10-28 00:00:00+05:30,0.8133784213016179,0.7819864216976086,-0.2526892517662061
2021-10-29 00:00:00+05:30,0.7742503070667309,0.7270819594666799,-0.450092537520524
2021-11-01 00:00:00+05:30,0.7416431599729371,0.7360638293281381,-0.42194214460547197
2021-11-02 00:00:00+05:30,0.7655768777836488,0.7631079845547207,-0.5327334606098033
2021-11-03 00:00:00+05:30,0.7781631701679219,0.8028903756634569,-0.538558421661185
2021-11-04 00:00:00+05:30,0.8270736159112095,0.8086716123061805,-0.7203657316958657
2021-11-08 00:00:00+05:30,0.8159219782849664,0.9057103139397247,-0.46528862453882813
2021-11-09 00:00:00+05:30,0.9177208452683172,0.8429011988018363,-0.4969424727375539
2021-11-10 00:00:00+05:30,0.8166394316843953,0.8454818022258253,-0.603007256148596
2021-11-11 00:00:00+05:30,0.8330734699785617,0.7613771353569858,-0.5494110973024297
2021-11-12 00:00:00+05:30,0.787292969669103,0.8439464288101755,-0.5928395164554419
2021-11-15 00:00:00+05:30,0.838812075385708,0.8146486478314553,-0.6227710592031726
2021-11-16 00:00:00+05:30,0.8035963242340837,0.8286605457515911,-0.5609113775098364
2021-11-17 00:00:00+05:30,0.8055529957944262,0.86259643392342,-0.5458760052544099
2021-11-18 00:00:00+05:30,0.8655496794652154,0.7824439319578274,-0.5057083874025378
2021-11-22 00:00:00+05:30,0.7820761686361541,0.5037390852674968,-0.13786646288126664
2021-11-23 00:00:00+05:30,0.46122360558581854,0.5403205200570321,-0.3743999969845521
2021-11-24 00:00:00+05:30,0.5655657219219128,0.5814744726450263,-0.4023064704464967
2021-11-25 00:00:00+05:30,0.5590443284590911,0.5478326058974905,-0.5553948749108281
2021-11-26 00:00:00+05:30,0.4749184945465646,0.3396124490214323,-0.21574383836297187
2021-11-29 00:00:00+05:30,0.30927488035769984,0.40408714706287174,-0.2781527342853542
2021-11-30 00:00:00+05:30,0.40253065525439313,0.4638584716170186,-0.055517230759257255
2021-12-01 00:00:00+05:30,0.48222238288169994,0.4909355830911594,-0.3904781169928221
2021-12-02 00:00:00+05:30,0.5199159353159664,0.5835649326617043,-0.48192861348188265
2021-12-03 00:00:00+05:30,0.5655655989614206,0.5108918833894782,-0.49182870614866986
2021-12-06 00:00:00+05:30,0.5063839239248971,0.4341361366256377,-0.47859125121102536
2021-12-07 00:00:00+05:30,0.4925262041589183,0.5330368662462169,-0.40856169149298366
2021-12-08 00:00:00+05:30,0.5394800105897507,0.701801286584924,-0.3063486841410645
2021-12-09 00:00:00+05:30,0.7220792127552627,0.7532766835674748,-0.40940259668929974
2021-12-10 00:00:00+05:30,0.7051235303611446,0.7612462796681521,-0.5352552270958213
2021-12-13 00:00:00+05:30,0.767728758627093,0.6085512610187007,-0.3392800248840809
2021-12-14 00:00:00+05:30,0.5786084441979544,0.5087035239315244,-0.3462774444221245
2021-12-15 00:00:00+05:30,0.5085035997030782,0.36587276251687717,-0.17510768003113575
2021-12-16 00:00:00+05:30,0.4253559618845962,0.48450136040613195,-0.19067613176579198
2021-12-17 00:00:00+05:30,0.461223370157092,0.40104967957959653,-0.21845542543506574
2021-12-20 00:00:00+05:30,0.36340256339892785,0.22666718833362537,-0.04577943469356493
2021-12-21 00:00:00+05:30,0.281983008703855,0.18969383267852116,-0.31492224727882473
2021-12-22 00:00:00+05:30,0.2231927967506715,0.31619412722717755,-0.3489928279059399
2021-12-23 00:00:00+05:30,0.35688090931939453,0.4119258874747152,-0.32637222503092145
2021-12-24 00:00:00+05:30,0.4513759726916329,0.3689754962943362,-0.43982957116668847
2021-12-27 00:00:00+05:30,0.2988405869847849,0.3942884792227177,-0.46147354712634653
2021-12-28 00:00:00+05:30,0.44818041498467576,0.4046748668109919,-0.4772590270644162
2021-12-29 00:00:00+05:30,0.3861622501753997,0.40794141252484284,-0.5816872406558408
2021-12-30 00:00:00+05:30,0.3959443545220964,0.3814526669997547,-0.5416309842144664
2021-12-31 00:00:00+05:30,0.384270765640475,0.4508262143105718,-0.5065410670401239
2022-01-03 00:00:00+05:30,0.44492021394040365,0.6091069938206616,-0.34841482422133885
2022-01-04 00:00:00+05:30,0.6242581322873516,0.6897163598455406,-0.4466634286330634
2022-01-05 00:00:00+05:30,0.767663760182524,0.9038486090531561,0.06714578106590272
2022-01-06 00:00:00+05:30,0.8035964640832626,0.9544419417628273,-0.26417845910609183
2022-01-07 00:00:00+05:30,0.9594251463107126,0.8963688332593234,-0.38124556005373506
2022-01-10 00:00:00+05:30,0.9085911054510336,0.943369611884691,-0.547936824083907
2022-01-11 00:00:00+05:30,0.9431545489729586,0.903228256157944,-0.421752956754683
2022-01-12 00:00:00+05:30,0.9346764958935068,0.9715895297079802,-0.2887228936209892
2022-01-13 00:00:00+05:30,1.0011951353243869,0.9937022025180934,-0.5551139404434358
2022-01-14 00:00:00+05:30,0.9666314917795508,1.0092817839005046,-0.5699006477311028
2022-01-17 00:00:00+05:30,0.9956516124282944,1.0226077395307784,-0.5350562318480852
2022-01-18 00:00:00+05:30,1.0481160834213534,0.9516655394562871,-0.3926117003803149
2022-01-19 00:00:00+05:30,1.0155419316221053,0.8391777890286991,0.8318237755286043
2022-01-20 00:00:00+05:30,0.8590284411272359,0.8120357343608408,0.17063628096211253
2022-01-21 00:00:00+05:30,0.7237097198365963,0.7098038389331593,-0.31654869333385155
2022-01-24 00:00:00+05:30,0.6894722752176611,0.4210715692725653,0.041621239591566904
2022-01-25 00:00:00+05:30,0.3960095310958199,0.44197520013794744,0.04900905680163991
2022-01-27 00:00:00+05:30,0.3461859668098769,0.3591768284541822,-0.19298245188661386
2022-01-28 00:00:00+05:30,0.4358223079468679,0.37893732986994966,-0.28583825344792285
2022-01-31 00:00:00+05:30,0.4481150109545968,0.4658180759448629,-0.3542600328019019
2022-02-01 00:00:00+05:30,0.5107207598122084,0.47519251287282244,-0.31243623033651774
2022-02-02 00:00:00+05:30,0.5264376467866432,0.6272998117741536,-0.32623871788538145
2022-02-03 00:00:00+05:30,0.6262146325742958,0.5379360386160608,-0.4844114667477551
2022-02-04 00:00:00+05:30,0.5199161513203865,0.5691284807289078,-0.4896783552760737
2022-02-07 00:00:00+05:30,0.568826454433879,0.42032036068851947,-0.37584801168866755
2022-02-08 00:00:00+05:30,0.46122313898212836,0.5015830358561687,-0.23110032377651005
2022-02-09 00:00:00+05:30,0.5450556523644808,0.5423127575319683,-0.5447396126791023
2022-02-10 00:00:00+05:30,0.549262431648038,0.5551492159558638,-0.35649010832065
2022-02-11 00:00:00+05:30,0.48730881491904626,0.4732325854445119,-0.3462837717749937
2022-02-14 00:00:00+05:30,0.3373170666680833,0.3258293062314059,-0.3800386174939359
2022-02-15 00:00:00+05:30,0.33079587098760005,0.5584480717163404,-0.32402446074880636
2022-02-16 00:00:00+05:30,0.5818690691780619,0.5104673293768174,-0.4166502630333201
2022-02-17 00:00:00+05:30,0.539480035855764,0.5195147886329257,-0.46423986580075893
2022-02-18 00:00:00+05:30,0.4742663365307213,0.48531783528436157,-0.5088790239252917
2022-02-21 00:00:00+05:30,0.46122336574794714,0.4698031970956678,-0.49174866513487453
2022-02-22 00:00:00+05:30,0.3307955285834303,0.4730694197090525,-0.3518926537258923
2022-02-23 00:00:00+05:30,0.500351514376741,0.4947565692051061,-0.49853032194007857
2022-02-24 00:00:00+05:30,0.3307957771503493,0.2225192245478273,-0.1395125237301879
2022-02-25 00:00:00+05:30,0.3307953185818013,0.4456656536635266,-0.3029983507968253
2022-02-28 00:00:00+05:30,0.3699234941330173,0.46715700427702894,-0.24997197007652996
2022-03-02 00:00:00+05:30,0.4077478936286167,0.3556165844165043,-0.2413927123211874
2022-03-03 00:00:00+05:30,0.4090521822015896,0.30126720878660396,-0.3280806103056043
2022-03-04 00:00:00+05:30,0.2580167681760004,0.1637928069015532,-0.11848388283705916
2022-03-07 00:00:00+05:30,0.03733302561228936,-0.105929846826853,0.1495045042172159
2022-03-08 00:00:00+05:30,-0.10744223412397624,-0.08185821588982807,0.1628536369330017
2022-03-09 00:00:00+05:30,-0.04777140135355672,0.12107084775081739,-0.028755059063706737
2022-03-10 00:00:00+05:30,0.32688242275999824,0.19449478250662314,-0.08841250559091925
2022-03-11 00:00:00+05:30,0.1677607043219889,0.22264975713619484,-0.3499821095270386
2022-03-14 00:00:00+05:30,0.20101971445534306,0.24711363203925488,-0.34932564666685956
2022-03-15 00:00:00+05:30,0.2507127984724557,0.24783188437574258,-0.28212156637255725
2022-03-16 00:00:00+05:30,0.31775306912929946,0.3615289998485278,-0.23329781342798175
2022-03-17 00:00:00+05:30,0.4271165253828637,0.46199676673045,-0.22156626847320585
2022-03-21 00:00:00+05:30,0.46122344769179957,0.3809951567395358,-0.4457630463197768
2022-03-22 00:00:00+05:30,0.3764453534606556,0.4563790189236521,-0.347126891544814
2022-03-23 00:00:00+05:30,0.49383044762384715,0.46879060023442065,-0.37782910587201274
2022-03-24 00:00:00+05:30,0.44100682673333413,0.46405427049956993,-0.5021723462515877
2022-03-25 00:00:00+05:30,0.49969954452797893,0.4483441565287911,-0.5279066394735373
2022-03-28 00:00:00+05:30,0.4547020492463637,0.466569607629375,-0.45368679031787074
2022-03-29 00:00:00+05:30,0.48730895371102356,0.49136013710382015,-0.5236113159782838
2022-03-30 00:00:00+05:30,0.5264374373526876,0.6301737904215031,-0.34761473045102903
2022-03-31 00:00:00+05:30,0.6490072562291055,0.6354652067573822,-0.23348288849940574
2022-04-01 00:00:00+05:30,0.6111830283853295,0.732242520113725,-0.47439621625874856
2022-04-04 00:00:00+05:30,0.7540339930920341,0.7861673417309647,-0.4180049492826149
2022-04-05 00:00:00+05:30,0.7449040351758511,0.7194063847902958,-0.410942674377662
2022-04-06 00:00:00+05:30,0.6894722379612522,0.6922969632695294,-0.5074509403827142
2022-04-07 00:00:00+05:30,0.6633864645305759,0.6552253850726834,-0.5228786085160309
2022-04-08 00:00:00+05:30,0.6753203970780398,0.7051327754924924,-0.4710870107081591
2022-04-11 00:00:00+05:30,0.686244018511748,0.6855683960597425,-0.5610825324049482
2022-04-12 00:00:00+05:30,0.6568324108768716,0.6449692069723104,-0.49524958947740055
2022-04-13 00:00:00+05:30,0.665342777247034,0.6802117134296798,-0.5374153853653648
2022-04-18 00:00:00+05:30,0.6343663815981575,0.6364448473710711,-0.5102378229539516
2022-04-19 00:00:00+05:30,0.6568652469856038,0.6352034953797145,-0.3732860665119302
2022-04-20 00:00:00+05:30,0.6405293532272189,0.486885518746637,-0.2571566792595018
2022-04-21 00:00:00+05:30,0.5257853636519727,0.5558677913928177,-0.47318452818429757
2022-04-22 00:00:00+05:30,0.5133944135636523,0.5380013049102446,-0.4944937871771751
2022-04-25 00:00:00+05:30,0.4612235964647261,0.46924811049463955,-0.5334177638226069
2022-04-26 00:00:00+05:30,0.5466533680958207,0.6227915909684798,-0.42981811708940343
2022-04-27 00:00:00+05:30,0.5264373158703508,0.278893793900222,0.5104069044791966
2022-04-28 00:00:00+05:30,0.2968843452252455,0.28774513117331263,0.04051774925117916
2022-04-29 00:00:00+05:30,0.33079524954209616,0.25126127272458665,-0.3269676289359128
2022-05-02 00:00:00+05:30,0.167760545601387,0.22144103829193013,-0.35821715928629694
2022-05-04 00:00:00+05:30,0.219866542877154,0.03435326741136352,-0.22838810396912929
2022-05-05 00:00:00+05:30,0.06993969558406661,0.014560132848504175,-0.27998355383805595
2022-05-06 00:00:00+05:30,-0.05983567864923597,-0.18738896707798602,0.21950938725906774
2022-05-09 00:00:00+05:30,-0.2163492026779691,-0.16344754562886238,-0.1377383339856654
2022-05-10 00:00:00+05:30,-0.19091615185735925,-0.2343244794091699,-0.3774548429497998
2022-05-11 00:00:00+05:30,-0.21895769870979068,-0.3136601833960667,-0.1612472972035189
2022-05-12 00:00:00+05:30,-0.3539509422885527,-0.4531927352511699,0.03892009265170722
2022-05-13 00:00:00+05:30,-0.38655740368577757,-0.5039162774487423,-0.08406118502277331
2022-05-16 00:00:00+05:30,-0.4680752759634357,-0.419224213932249,-0.3024687513616736
2022-05-17 00:00:00+05:30,-0.41264362209118943,-0.29386769503413984,-0.30664005874069095
2022-05-18 00:00:00+05:30,-0.2626838543968018,-0.3083038238664702,-0.2264965418288832
2022-05-19 00:00:00+05:30,-0.41851244633450707,-0.3789843125632939,-0.4131752808375577
2022-05-20 00:00:00+05:30,-0.29525812547866087,-0.33809142515203483,-0.4025500735319607
2022-05-23 00:00:00+05:30,-0.305040341782002,-0.32215255605114657,-0.4438642077237312
2022-05-24 00:00:00+05:30,-0.3324302495336386,-0.3190171891265957,-0.4071503754355095
2022-05-25 00:00:00+05:30,-0.2959102191930434,-0.30033422776579294,-0.4756347955828936
2022-05-26 00:00:00+05:30,-0.2887365741458562,-0.30660528471536097,-0.35163513046411604
2022-05-27 00:00:00+05:30,-0.2561296962421765,-0.19183095228807726,-0.23576263373817696
2022-05-30 00:00:00+05:30,-0.13352771568418717,-0.1149446729358693,-0.4914892436672375
2022-05-31 00:00:00+05:30,-0.11918081824891906,-0.1339216557209653,-0.26007200709398376
2022-06-01 00:00:00+05:30,-0.15178758290359307,-0.18095474439295858,-0.4693004826255417
2022-06-02 00:00:00+05:30,-0.1863508384720952,-0.1497949354272035,-0.512583056294919
2022-06-03 00:00:00+05:30,-0.1093988029660828,-0.16916383907786836,-0.41999616723055083
2022-06-06 00:00:00+05:30,-0.1855684572227795,-0.17386721256516094,-0.5167439235417022
2022-06-07 00:00:00+05:30,-0.20395885779744433,-0.2668884830012747,-0.46633864874747116
2022-06-08 00:00:00+05:30,-0.2561298806136598,-0.21743827974121827,-0.32803410426201574
2022-06-09 00:00:00+05:30,-0.2528689941827434,-0.2538562256948279,-0.35855472356186857
2022-06-10 00:00:00+05:30,-0.30504068297163556,-0.40478776199945243,-0.06932604566099014
2022-06-13 00:00:00+05:30,-0.5006495170530372,-0.6068018051196602,-0.1386440945488908
2022-06-14 00:00:00+05:30,-0.6167628778382869,-0.5953701875230469,-0.15390693513996487
2022-06-15 00:00:00+05:30,-0.5704611360951471,-0.524036389683453,-0.22496247512574669
2022-06-16 00:00:00+05:30,-0.4745967583438554,-0.6553705903077695,-0.060532607011025294
2022-06-17 00:00:00+05:30,-0.699584520778173,-0.5667583488341889,-0.13701353571449904
2022-06-20 00:00:00+05:30,-0.563939775139234,-0.5335084029522219,-0.3959550736363979
2022-06-21 00:00:00+05:30,-0.5006819411238227,-0.48209827226385493,-0.4330007755826089
2022-06-22 00:00:00+05:30,-0.4964432621627782,-0.5536608252335583,-0.465907123281792
2022-06-23 00:00:00+05:30,-0.5524619232010274,-0.5480757105738523,-0.4015228277936468
2022-06-24 00:00:00+05:30,-0.5104640798510366,-0.45688318877674905,-0.3372761522304066
2022-06-27 00:00:00+05:30,-0.38655789708230964,-0.42196765999123104,-0.4182425413828532
2022-06-28 00:00:00+05:30,-0.447206714703321,-0.46439559771767364,-0.5161608579748057
2022-06-29 00:00:00+05:30,-0.5267677917183275,-0.5058438948304272,-0.5109464864753015
2022-06-30 00:00:00+05:30,-0.4955478581961201,-0.5663570580550985,-0.3710192923465408
2022-07-01 00:00:00+05:30,-0.5929398744383216,-0.4261207933844892,-0.3635482704462379
2022-07-04 00:00:00+05:30,-0.4300312227693065,-0.4156962799411968,-0.5002418708911961
2022-07-05 00:00:00+05:30,-0.39920334901283666,-0.3955028239006459,-0.36147194960221124
2022-07-06 00:00:00+05:30,-0.3861132052512053,-0.22792676707682943,-0.04684464454909404
2022-07-07 00:00:00+05:30,-0.21921208914117557,-0.26464131925846235,-0.3276857834865665
2022-07-08 00:00:00+05:30,-0.22379379985782274,-0.25644619903233823,-0.49598229693965346
2022-07-11 00:00:00+05:30,-0.27484573977630494,-0.2641169272017284,-0.5092523377445743
2022-07-12 00:00:00+05:30,-0.2749770392910198,-0.2562171208017625,-0.4415151779710422
2022-07-13 00:00:00+05:30,-0.2225172232564121,-0.2527092190396181,-0.4695175108289551
2022-07-14 00:00:00+05:30,-0.22575746818725806,-0.2842118376000711,-0.5308972628071628
2022-07-15 00:00:00+05:30,-0.2715733761746766,-0.2289102848961135,-0.5698297813789679
2022-07-18 00:00:00+05:30,-0.19636980191061285,-0.13410808468999516,-0.44436691590918875
2022-07-19 00:00:00+05:30,-0.15048833725689786,-0.13007579087111687,-0.44053000912930845
2022-07-20 00:00:00+05:30,-0.07914623690649222,-0.12453591027668678,-0.48844958334887584
2022-07-21 00:00:00+05:30,-0.1249621966965979,0.0016706859481426383,-0.3307716334808733
2022-07-22 00:00:00+05:30,0.0007044337689906737,-0.0040003734355874825,-0.44852303764132
2022-07-25 00:00:00+05:30,-0.019585535571503405,-0.024488497101364068,-0.5210572799926328
2022-07-26 00:00:00+05:30,0.019685297519236127,6.45535303827004e-05,-0.26594379055659745
2022-07-27 00:00:00+05:30,0.0059403775354150415,0.08654045472107688,-0.2929669655580023
2022-07-28 00:00:00+05:30,0.16498728100323654,0.532525075107667,1.3017768370206004
2022-07-29 00:00:00+05:30,0.5923847586669408,0.6193945126662613,0.07458042068720777
2022-08-01 00:00:00+05:30,0.642160541268184,0.6534211920691083,-0.36190727147961194
2022-08-02 00:00:00+05:30,0.6096966373981291,0.7064603953083395,-0.35493231404425396
2022-08-03 00:00:00+05:30,0.691216292212782,0.6765971885136708,-0.3645824762727079
2022-08-04 00:00:00+05:30,0.6996925984875174,0.6899063429196992,-0.4497296638334757
2022-08-05 00:00:00+05:30,0.7003470226128494,0.6820718028139171,-0.5102833798946098
2022-08-08 00:00:00+05:30,0.6741990536786593,0.7066574865927557,-0.4471984063181539
2022-08-10 00:00:00+05:30,0.7193606078293425,0.5802541221839763,-0.14695254160143179
2022-08-11 00:00:00+05:30,0.6375461814098754,0.6914142527957173,-0.4251890257302998
2022-08-12 00:00:00+05:30,0.6755082891528355,0.6851532119606032,-0.4220601497364825
2022-08-16 00:00:00+05:30,0.6997248951395482,0.6698770219160066,-0.49560835038508394
2022-08-17 00:00:00+05:30,0.6741992895984815,0.8278815505274472,-0.008417997839181087
2022-08-18 00:00:00+05:30,0.7985564651081954,0.8024102483706002,-0.48583575387861105
2022-08-19 00:00:00+05:30,0.8116471139082143,0.6801050902758152,-0.4019752335237943
2022-08-22 00:00:00+05:30,0.6486728481365479,0.5493088519278154,-0.41449231933728087
2022-08-23 00:00:00+05:30,0.5334783935728823,0.6184765842416272,-0.4057159645400628
2022-08-24 00:00:00+05:30,0.5858396070040103,0.5982834513015426,-0.44858599480236855
2022-08-25 00:00:00+05:30,0.6171255463810315,0.5132172374451246,-0.32165929624630096
2022-08-26 00:00:00+05:30,0.5563867391574095,0.5230188131894749,-0.5099477138248989
2022-08-29 00:00:00+05:30,0.39995800328848596,0.4589321588080092,-0.43478002720942677
2022-08-30 00:00:00+05:30,0.4778449950605333,0.6830879537802931,-0.20236180341226623
2022-09-01 00:00:00+05:30,0.6274667308164033,0.6011680922642787,-0.2874020587095446
2022-09-02 00:00:00+05:30,0.6199400222214049,0.6071018323270752,-0.46336858931067065
2022-09-05 00:00:00+05:30,0.6026610138030142,0.6109373579620033,-0.5264348971961624
2022-09-06 00:00:00+05:30,0.6275648814089374,0.5605527481535337,-0.4995816116192955
2022-09-07 00:00:00+05:30,0.5288972067598572,0.5914653852626027,-0.4995534548990275
2022-09-08 00:00:00+05:30,0.6218379651843101,0.6512247550994982,-0.5057995012838542
2022-09-09 00:00:00+05:30,0.6741991023336211,0.6009060577861448,-0.5446000945483366
2022-09-12 00:00:00+05:30,0.619776446126782,0.6704017370732067,-0.4860375964351384
2022-09-13 00:00:00+05:30,0.6938346886635505,0.746814351141883,-0.3126731897014691
2022-09-14 00:00:00+05:30,0.6559707369393445,0.7992635729297303,-0.2776550879821919
2022-09-15 00:00:00+05:30,0.7985241990290775,0.7355701318156984,-0.5231462555423979
2022-09-16 00:00:00+05:30,0.7298327820230578,0.6620098486631326,-0.3745749482913854
2022-09-19 00:00:00+05:30,0.6578363146907772,0.8075572387980625,-0.22870383887730214
2022-09-20 00:00:00+05:30,0.8508853206201074,0.8988848165900609,-0.23967135597312267
2022-09-21 00:00:00+05:30,0.8967337499200851,0.9351076098620518,-0.3580523317440544
2022-09-22 00:00:00+05:30,0.9163691075859599,0.9540548674042523,-0.3448354407032348
2022-09-23 00:00:00+05:30,0.9456914655737811,0.8148017974524607,-0.3032989000581121
2022-09-26 00:00:00+05:30,0.7638674198925809,0.6524376742498242,-0.15686054345930547
2022-09-27 00:00:00+05:30,0.6905619118980411,0.6415217249973559,-0.38856061270581227
2022-09-28 00:00:00+05:30,0.5950026768658427,0.615067228121691,-0.47516941877936425
2022-09-29 00:00:00+05:30,0.6823803306580212,0.5509805737402254,-0.44335453945011744
2022-09-30 00:00:00+05:30,0.5308603448445869,0.7024284245899274,-0.23802149871247988
2022-10-03 00:00:00+05:30,0.69841625970736,0.5949400076767227,-0.49063062188288764
2022-10-04 00:00:00+05:30,0.6971073004018099,0.8027058852972246,-0.3731642649691982
2022-10-06 00:00:00+05:30,0.8378277939591243,0.747273153803967,-0.2723806066304303
2022-10-07 00:00:00+05:30,0.7301272586094495,0.7085912428832996,-0.43653238758655055
2022-10-10 00:00:00+05:30,0.6512913956229345,0.674663432223127,-0.5434909095903666
2022-10-11 00:00:00+05:30,0.678780652843787,0.6152639963056411,-0.5184684435662015
2022-10-12 00:00:00+05:30,0.6120202924845911,0.6306057757448877,-0.5157714094057068
2022-10-13 00:00:00+05:30,0.6221654424108727,0.5817293989129024,-0.5575559822833019
2022-10-14 00:00:00+05:30,0.6741990549496611,0.6609607414491985,-0.48467848103883515
2022-10-17 00:00:00+05:30,0.6447133595031187,0.7151805537921301,-0.5547890308736025
2022-10-18 00:00:00+05:30,0.7396503258792566,0.7382580045944844,-0.4631771868863775
2022-10-19 00:00:00+05:30,0.7507772152988316,0.7317019730336783,-0.5516962207911397
2022-10-20 00:00:00+05:30,0.7199825673842474,0.7657942418311754,-0.42550444427082923
2022-10-21 00:00:00+05:30,0.7985565236777145,0.608675008497277,0.005042179919459118
2022-10-24 00:00:00+05:30,0.6807444417620414,0.6176901577067595,-0.6780196062511294
2022-10-25 00:00:00+05:30,0.6365970039492995,0.5497676545898993,-0.46225212789690107
2022-10-27 00:00:00+05:30,0.5995844733626029,0.46335734279385515,-0.23081053101510088
2022-10-28 00:00:00+05:30,0.4778448949978262,0.4867956968170178,-0.4844706274970821
2022-10-31 00:00:00+05:30,0.5393693372681777,0.5767794997698563,-0.4910140594667609
2022-11-01 00:00:00+05:30,0.6067516377454237,0.6196568702448614,-0.5088078412055133
2022-11-02 00:00:00+05:30,0.6133294349210703,0.5847125855178467,-0.5647504988632209
2022-11-03 00:00:00+05:30,0.5465689341203943,0.5620280248824598,-0.5500713565743302
2022-11-04 00:00:00+05:30,0.5574336809089722,0.6212956358097133,-0.45844749061665363
2022-11-07 00:00:00+05:30,0.6402300606097335,0.6069050641431251,-0.521541006119483
2022-11-09 00:00:00+05:30,0.6316558223964883,0.5767139103752063,-0.5319368468835716
2022-11-10 00:00:00+05:30,0.5812582222159601,0.4659799492784573,-0.43115856679474257
2022-11-11 00:00:00+05:30,0.5753677144620553,0.5160366121136768,-0.35992522819333633
2022-11-14 00:00:00+05:30,0.5137777169710211,0.499219555945504,-0.47960141309659243
2022-11-15 00:00:00+05:30,0.5008510889930008,0.49918692279841215,-0.5224815671234889
2022-11-16 00:00:00+05:30,0.48504465405211533,0.4134974481425857,-0.32738301965177546
2022-11-17 00:00:00+05:30,0.39275820655332583,0.4134974481425857,-0.5179185966018683
2022-11-18 00:00:00+05:30,0.4188732014857088,0.34560822437374994,-0.3300768901358356
2022-11-21 00:00:00+05:30,0.3122529750237049,0.271916762431884,-0.4110483411705776
2022-11-22 00:00:00+05:30,0.2685642313877223,0.27581755436099603,-0.44679124116102115
2022-11-23 00:00:00+05:30,0.2935993676427223,0.3381013081407517,-0.46738740748554036
2022-11-24 00:00:00+05:30,0.35607283644795,0.3323976156099297,-0.5113802265144849
2022-11-25 00:00:00+05:30,0.3273066246746694,0.31676084544499106,-0.47833657525804024
2022-11-28 00:00:00+05:30,0.30047176010388904,0.33639695318124985,-0.5590115898108604
2022-11-29 00:00:00+05:30,0.33057962250261347,0.3080087000150411,-0.534396288943828
2022-11-30 00:00:00+05:30,0.30439879700000627,0.2993544540263668,-0.2809949811941969
2022-12-01 00:00:00+05:30,0.31722708368894265,0.316924657381383,-0.43956318961089536
2022-12-02 00:00:00+05:30,0.3012572200561512,0.26972032546227387,-0.29498760569677995
2022-12-05 00:00:00+05:30,0.26483345449829143,0.25968967148734784,-0.42449333328233174
2022-12-06 00:00:00+05:30,0.2647351018842893,0.2846682454331541,-0.4840558695165063
2022-12-07 00:00:00+05:30,0.2978210322075711,0.23657894133696908,-0.4460768830220889
2022-12-08 00:00:00+05:30,0.2684007205748915,0.20822364441831848,-0.39015668746706694
2022-12-09 00:00:00+05:30,0.21767558656260996,0.1659359322942311,-0.3922105462084079
2022-12-12 00:00:00+05:30,0.15588940884323638,0.15875663993401667,-0.40209513686066556
2022-12-13 00:00:00+05:30,0.15516957463105896,0.2332351746116829,-0.4468333180576013
2022-12-14 00:00:00+05:30,0.2540010644667365,0.25624735911985347,-0.5355279360044837
2022-12-15 00:00:00+05:30,0.23698377065338552,0.23670979702580286,-0.47876430431199785
2022-12-16 00:00:00+05:30,0.2094944215095445,0.21802489706220254,-0.4716374904077792
2022-12-19 00:00:00+05:30,0.21610493827290203,0.2770960629059721,-0.5414516037606247
2022-12-20 00:00:00+05:30,0.25531047161877085,0.24815078453593753,-0.5578530515005107
2022-12-21 00:00:00+05:30,0.2774982091653732,0.17200052804586136,-0.5532106727003817
2022-12-22 00:00:00+05:30,0.19640413557817654,0.14836540583874866,-0.48129524545967617
2022-12-23 00:00:00+05:30,0.11786255000732178,0.07228106184378874,-0.43554943331832097
2022-12-26 00:00:00+05:30,0.068544598734253,0.11102791595817363,-0.5822706225903806
2022-12-27 00:00:00+05:30,0.12833465844184105,0.15757700013171502,-0.5030205279037033
2022-12-28 00:00:00+05:30,0.13422490522189695,0.13882586457253215,-0.5109616721221876
2022-12-29 00:00:00+05:30,0.11131694099411588,0.1616412808967527,-0.5850087845445251
2022-12-30 00:00:00+05:30,0.18331384164101105,0.20379813733200627,-0.2691517584612797
2023-01-02 00:00:00+05:30,0.1931314261189414,0.1897348664377357,-0.5668302997513256
2023-01-03 00:00:00+05:30,0.1931313413828927,0.22415475910801658,-0.515344313087036
2023-01-04 00:00:00+05:30,0.2127669045470883,0.20104435205810406,-0.537752000538006
2023-01-05 00:00:00+05:30,0.14404282067704752,-0.10771950030944649,0.864087896911564
2023-01-06 00:00:00+05:30,-0.0915820305900775,-0.18616409321040847,0.17745052363459293
2023-01-09 00:00:00+05:30,-0.16357850485941064,-0.1776736591581261,-0.30702666000099876
2023-01-10 00:00:00+05:30,-0.17732349411336684,-0.23615516665097794,-0.3956643317720584
2023-01-11 00:00:00+05:30,-0.22248506079024394,-0.24166241409831615,-0.3992974977895506
2023-01-12 00:00:00+05:30,-0.23783322742622728,-0.2399247797907899,-0.2828558556730274
2023-01-13 00:00:00+05:30,-0.22902993607738104,-0.18786877127037657,-0.39942436121457797
2023-01-16 00:00:00+05:30,-0.1766688294970522,-0.16616772845427394,-0.46274566142069834
2023-01-17 00:00:00+05:30,-0.16361121804472875,-0.1831809066054643,-0.49164078376845477
2023-01-18 00:00:00+05:30,-0.17408335211749867,-0.17419903674400614,-0.4981971868115154
2023-01-19 00:00:00+05:30,-0.18779581259975106,-0.16515157748789797,-0.5767003374919841
2023-01-20 00:00:00+05:30,-0.16848748594433063,-0.26483841054287866,-0.48655201022340405
2023-01-23 00:00:00+05:30,-0.2545560444507877,-0.26313373248291055,-0.47928377998255883
2023-01-24 00:00:00+05:30,-0.24712720936026278,-0.26834598920455677,-0.5577173297814664
2023-01-25 00:00:00+05:30,-0.27481336755957014,-0.3071257995664998,-0.4882138894544983
2023-01-27 00:00:00+05:30,-0.29775381454760097,-0.3302032503688542,-0.2371714188545034
2023-01-30 00:00:00+05:30,-0.32717425748684,-0.15902139234161766,0.024403879699198237
2023-01-31 00:00:00+05:30,-0.14394316712682156,-0.24779227614413016,-0.11839561626453388
2023-02-01 00:00:00+05:30,-0.2133214852828277,-0.2931607512139711,0.0834716169390017
2023-02-02 00:00:00+05:30,-0.29513595170344814,-0.35842801469913727,-0.10945633213093407
2023-02-03 00:00:00+05:30,-0.32720695714128334,-0.1639712914846638,-0.27971021219410674
2023-02-06 00:00:00+05:30,-0.17666885957955708,-0.10499834818263616,-0.4103928274133289
2023-02-07 00:00:00+05:30,-0.09619648124422327,-0.06805471777042754,-0.28436050018532216
2023-02-08 00:00:00+05:30,-0.06867378549598056,0.057234596230700326,-0.14800130033950099
2023-02-09 00:00:00+05:30,0.06870808282800296,0.1249923181097698,-0.16858228101713413
2023-02-10 00:00:00+05:30,0.12044803509113905,0.1122082019614078,-0.34159488693127615
2023-02-13 00:00:00+05:30,0.10801204993568964,0.05320230241182203,-0.5170919279495079
2023-02-14 00:00:00+05:30,0.05489801853644562,0.12741847951088814,-0.4229621138879863
2023-02-15 00:00:00+05:30,0.11786241560688392,0.14790660317666474,-0.5542898027322231
2023-02-16 00:00:00+05:30,0.15386048992801646,0.11338784176370946,-0.5827410612762054
2023-02-17 00:00:00+05:30,0.09168189071519593,0.09988256537466346,-0.5552183417657776
2023-02-20 00:00:00+05:30,0.1014994639052558,0.06756024093131832,-0.6027721949895054
2023-02-21 00:00:00+05:30,0.0818641791685062,0.07532951474291669,-0.6082209949128133
2023-02-22 00:00:00+05:30,0.03997539904331453,-0.04307517452322249,-0.4544058939714548
2023-02-23 00:00:00+05:30,-0.03660279831648771,-0.04064933622257038,-0.4939303364041732
2023-02-24 00:00:00+05:30,-0.010585847220095054,-0.018423901349733807,-0.557838814956555
2023-02-27 00:00:00+05:30,-0.03594828139371798,-0.04579600354956657,-0.5618747169841715
2023-02-28 00:00:00+05:30,-0.032675845806230217,-0.09981904770854809,-0.44075399742087795
2023-03-01 00:00:00+05:30,-0.11115200959216427,-0.07179137466268135,-0.5777563726858529
2023-03-02 00:00:00+05:30,-0.06854294290041252,-0.11889748404004855,-0.5658944842619715
2023-03-03 00:00:00+05:30,-0.0969492849644202,-0.10771950030944649,-0.5248492625671419
2023-03-06 00:00:00+05:30,-0.08503698675439562,-0.0849037608847597,-0.5576122957238377
2023-03-08 00:00:00+05:30,-0.09223650468807351,-0.17537899964677406,-0.325297840513732
2023-03-09 00:00:00+05:30,-0.1766685639986036,-0.23802333354687172,-0.45245770202302943
2023-03-10 00:00:00+05:30,-0.2650282009994672,-0.2558235844338624,-0.5062392523082633
2023-03-13 00:00:00+05:30,-0.2624099499812007,-0.282441570145453,-0.4991225621686353
2023-03-14 00:00:00+05:30,-0.2813911480102451,-0.349314966048379,-0.3158795757679341
2023-03-15 00:00:00+05:30,-0.3075714718460425,-0.35770653135798697,-0.5351514585087666
2023-03-16 00:00:00+05:30,-0.35358392751990936,-0.3600997365115472,-0.47014107145421435
2023-03-17 00:00:00+05:30,-0.34680990098893477,-0.3487902508911788,-0.418830036096758
2023-03-20 00:00:00+05:30,-0.3474968823874774,-0.4678178778562601,-0.2082541507717048
2023-03-21 00:00:00+05:30,-0.437296578665675,-0.3633779138421834,-0.3925832272924035
2023-03-22 00:00:00+05:30,-0.3404283625223251,-0.282015400630461,-0.35701717681465395
2023-03-23 00:00:00+05:30,-0.3013536603665525,-0.28276951711870313,-0.4165306760640923
2023-03-24 00:00:00+05:30,-0.3050190032488808,-0.40327209771224426,-0.34578359453068375
2023-03-27 00:00:00+05:30,-0.37433211339804073,-0.4401181517836435,-0.3961806437661848
2023-03-28 00:00:00+05:30,-0.4246969883334859,-0.47853705892477827,-0.4501551783139291
2023-03-29 00:00:00+05:30,-0.46324784238941713,-0.4190397235660167,-0.39906939671861613
2023-03-31 00:00:00+05:30,-0.37695023408976436,-0.42457992726091304,-0.34901497364098205
2023-04-03 00:00:00+05:30,-0.4024762184474178,-0.36013269275910537,-0.5142987180254014
2023-04-05 00:00:00+05:30,-0.2866269803785476,-0.32981003710142026,0.0197118311790461
2023-04-06 00:00:00+05:30,-0.3330978345418039,-0.21776493431260335,-0.1994762141362695
2023-04-10 00:00:00+05:30,-0.21269967586251545,-0.2855559355396972,-0.4564442506982662
2023-04-11 00:00:00+05:30,-0.2696095433145698,-0.27968778487155077,-0.49334442352848573
2023-04-12 00:00:00+05:30,-0.283354668109006,-0.2671001138066726,-0.4264488016865567
2023-04-13 00:00:00+05:30,-0.2702971576575558,-0.23595839846702787,-0.48657858510545465
2023-04-17 00:00:00+05:30,-0.17797793179435567,-0.19858795233889473,-0.5372445468378965
2023-04-18 00:00:00+05:30,-0.19303156432579613,-0.22861529417042153,-0.547358187664019
2023-04-19 00:00:00+05:30,-0.23187729595754358,-0.20757014530081913,-0.574553466663466
2023-04-20 00:00:00+05:30,-0.20284946940485846,-0.2305493735614316,-0.6119471730174827
2023-04-21 00:00:00+05:30,-0.23361159582647892,-0.21402795431988328,-0.546658382436686
2023-04-24 00:00:00+05:30,-0.21593947609496283,-0.2167484602457611,-0.5777285323332284
2023-04-25 00:00:00+05:30,-0.20291485488579106,-0.12397856197239471,-0.2773111963537511
2023-04-26 00:00:00+05:30,-0.11121767865460533,-0.13663214553238917,-0.44197043100998085
2023-04-27 00:00:00+05:30,-0.127580334872058,-0.04215756919905467,0.14429962374701544
2023-04-28 00:00:00+05:30,-0.017033300910903763,0.01032460883635068,-0.27883197561586237
2023-05-02 00:00:00+05:30,0.03932056711393675,-0.009966746645475836,-0.4365140382632299
2023-05-03 00:00:00+05:30,-0.020862074548391646,-0.05513877663183298,-0.5387017362036722
2023-05-04 00:00:00+05:30,-0.04772944008266765,0.08254144025022299,-0.3561924063681543
2023-05-05 00:00:00+05:30,0.0720138204860898,0.08227908267162289,-0.3831156091942258
2023-05-08 00:00:00+05:30,0.0815043469069056,0.25805058282202975,-0.04628056104080524
2023-05-09 00:00:00+05:30,0.24876500820457645,0.1887513486184516,-0.07600804665850436
2023-05-10 00:00:00+05:30,0.2101164279834008,0.24070945769758928,-0.4858461940108452
2023-05-11 00:00:00+05:30,0.2546557492306952,0.2616563840254498,-0.5705779908557503
2023-05-12 00:00:00+05:30,0.24876528750578916,0.29506012572935464,-0.4615627628018022
2023-05-15 00:00:00+05:30,0.2909157235256928,0.29368307154217044,-0.5162949978556327
2023-05-16 00:00:00+05:30,0.29458138834542374,0.3410848178461621,-0.3498675844401062
2023-05-17 00:00:00+05:30,0.33712424060859286,0.2889296174826081,-0.5157543255529599
2023-05-18 00:00:00+05:30,0.32063042542129827,0.3442311701865657,-0.39998496467878875
2023-05-19 00:00:00+05:30,0.3469423220843552,0.340822460267562,-0.5625612347704793
2023-05-22 00:00:00+05:30,0.33660107775618026,0.3466243753401259,-0.6173061245300481
2023-05-23 00:00:00+05:30,0.3535197934095763,0.3384289320135355,-0.5001222839219682
2023-05-24 00:00:00+05:30,0.3266523906609857,0.3419697900232381,-0.5748673033657781
2023-05-25 00:00:00+05:30,0.3325428958872346,0.37815962704767075,-0.5823576236923321
2023-05-26 00:00:00+05:30,0.3774426971003524,0.41969322268351605,-0.5305324909142536
2023-05-29 00:00:00+05:30,0.43870505117965936,0.4377551849481742,-0.5474091228546161
2023-05-30 00:00:00+05:30,0.44381024146535225,0.48610716972342566,-0.47110282909033213
2023-05-31 00:00:00+05:30,0.481052114805754,0.4756503462335076,-0.07067503729270269
2023-06-01 00:00:00+05:30,0.4935533458610175,0.5088573197534624,-0.5634495951133143
2023-06-02 00:00:00+05:30,0.5274241282674387,0.4979736805476198,-0.5399804942185368
2023-06-05 00:00:00+05:30,0.523660950300177,0.5106275872080805,-0.567519348478781
2023-06-06 00:00:00+05:30,0.4942077603707506,0.5570125363447638,-0.5316356648869979
2023-06-07 00:00:00+05:30,0.5563865804611289,0.5347215120772771,-0.5810216031340014
2023-06-08 00:00:00+05:30,0.5302060865004216,0.4889265443919779,-0.6060535601874704
2023-06-09 00:00:00+05:30,0.4861900152228463,0.5066608827838522,-0.6085841849675052
2023-06-12 00:00:00+05:30,0.5106689277800368,0.5463589446708956,-0.5877374554693658
2023-06-13 00:00:00+05:30,0.543296419310825,0.5916291971989946,-0.49697822228126487
2023-06-14 00:00:00+05:30,0.5969663051630971,0.5458012732661373,-0.6230867941113454
2023-06-15 00:00:00+05:30,0.5400238796524502,0.565306202213096,-0.6118563755038098
2023-06-16 00:00:00+05:30,0.5891121172165912,0.6155263538842412,-0.3024994390230892
2023-06-19 00:00:00+05:30,0.6165690818093226,0.7355045424210485,-0.375348783547288
2023-06-20 00:00:00+05:30,0.7240402829154718,0.645422516926468,-0.47682813433402393
2023-06-21 00:00:00+05:30,0.6578362621872837,0.6174604332752512,-0.5771236373989334
2023-06-22 00:00:00+05:30,0.6088133099833261,0.5019733412194063,-0.488417313849243
2023-06-23 00:00:00+05:30,0.4915573265705401,0.4755191674442075,-0.49220360180616973
2023-06-26 00:00:00+05:30,0.4712998720520997,0.48145258440653776,-0.5718292248856337
2023-06-27 00:00:00+05:30,0.49748023281686,0.4949252276484919,-0.5255604570296395
2023-06-28 00:00:00+05:30,0.5134178884843495,0.5414416786749414,-0.5255626716031437
2023-06-30 00:00:00+05:30,0.5630425085419618,0.607545449267245,-0.4692093687442253
2023-07-03 00:00:00+05:30,0.6028745300455948,0.7210541971682028,-0.3675544339153692
2023-07-04 00:00:00+05:30,0.9245548522203505,1.0683300096111699,0.5666732062361636
2023-07-05 00:00:00+05:30,1.0756999628972603,1.0540425069933175,-0.12412883069931219
2023-07-06 00:00:00+05:30,1.0073738083724624,1.0063079672090818,-0.4191992371366756
2023-07-07 00:00:00+05:30,0.9705652645667417,0.9115636019864234,-0.40371905197454466
2023-07-10 00:00:00+05:30,0.9063806453298315,0.852899865830603,-0.29090140121385333
2023-07-11 00:00:00+05:30,0.8699993003640576,0.7941372609321082,-0.22018532370950386
2023-07-12 00:00:00+05:30,0.8061758085135156,0.7862035289831854,-0.392064067989486
2023-07-13 00:00:00+05:30,0.8062089637015388,0.8142845136059844,-0.5137716495313974
2023-07-14 00:00:00+05:30,0.8088709705616651,0.8193872392695698,-0.520242000575437
2023-07-17 00:00:00+05:30,0.8391064017315318,0.8382175344429854,-0.5897973251959325
2023-07-18 00:00:00+05:30,0.8391062683090306,0.7783353864289126,-0.3357651803652426
2023-07-19 00:00:00+05:30,0.7878048018428961,0.8867750111147757,-0.4413579432522427
2023-07-20 00:00:00+05:30,0.8594826053409225,0.8946098743210242,-0.5446541934153682
2023-07-21 00:00:00+05:30,0.8894553477318426,0.8848325311116431,-0.5370746574133586
2023-07-24 00:00:00+05:30,0.8796284874822371,0.8847336623689687,-0.5652478287987398
2023-07-25 00:00:00+05:30,0.9241602895420106,0.9010951468797201,-0.48092730989033244
2023-07-26 00:00:00+05:30,0.9146953595269244,0.786993509623182,-0.04497364630567285
2023-07-27 00:00:00+05:30,0.8771638345078131,0.6888585281076302,-0.07081898457047689
2023-07-28 00:00:00+05:30,0.7069900403653199,0.7530527749443592,-0.43151669496713907
2023-07-31 00:00:00+05:30,0.7240798084666925,0.699524397599216,-0.513055709554248
2023-08-01 00:00:00+05:30,0.6946985857533915,0.679377468025806,-0.5119642411843116
2023-08-02 00:00:00+05:30,0.6879286648047713,0.6357582588802766,-0.46584701342953466
2023-08-03 00:00:00+05:30,0.6123397895986593,0.5731439733235407,-0.40783720958946074
2023-08-04 00:00:00+05:30,0.5886770973848952,0.5997105860609966,-0.5187395706366464
2023-08-07 00:00:00+05:30,0.603794685411011,0.5822295584346672,-0.5228333679430162
2023-08-08 00:00:00+05:30,0.5860478282624169,0.61610470371884,-0.4946915169543375
2023-08-09 00:00:00+05:30,0.628772133622694,0.5843368196755906,-0.5882699022133087
2023-08-10 00:00:00+05:30,0.563075132612149,0.5965170610525196,-0.55519113414844
2023-08-11 00:00:00+05:30,0.5918649608507174,0.5417050055549403,-0.5506778333468426
2023-08-14 00:00:00+05:30,0.5236047235326547,0.5136896103267913,-0.53062360479557
2023-08-16 00:00:00+05:30,0.49336918806036545,0.48962508760002393,-0.5606753672478154
2023-08-17 00:00:00+05:30,0.5104588922801184,0.45127306225540426,-0.5254563720749412
2023-08-18 00:00:00+05:30,0.42731122451085196,0.4110118362556762,-0.5142522119818128
2023-08-21 00:00:00+05:30,0.36651136752737423,0.5335409029735767,-0.3607196273460639
2023-08-22 00:00:00+05:30,0.5308676837595631,0.547861038738521,-0.35504114451360413
2023-08-23 00:00:00+05:30,0.5630426219120831,0.5784770696195668,-0.4959930534395311
2023-08-24 00:00:00+05:30,0.5959073143760484,0.5923035078720715,-0.46210628241326607
2023-08-25 00:00:00+05:30,0.5729018372023064,0.6410580758282782,-0.3378003734156194
2023-08-28 00:00:00+05:30,0.645171719080303,0.65692586282659,-0.5275102308162822
2023-08-29 00:00:00+05:30,0.6616367568477735,0.6949486487960946,-0.3014089197560833
2023-08-30 00:00:00+05:30,0.7115910747057304,0.6783238374053443,-0.6045008277933697
2023-08-31 00:00:00+05:30,0.6813557812305642,0.6091257336477044,-0.3030935774575067
2023-09-01 00:00:00+05:30,0.6080998796299281,0.7128900945868393,-0.5362261593935994
2023-09-04 00:00:00+05:30,0.7405120500355054,0.6797393405480131,-0.5661902880086065
2023-09-05 00:00:00+05:30,0.683327616958946,0.7290212084651501,-0.36371815987077577
2023-09-06 00:00:00+05:30,0.7045580555775961,0.7571348262350409,-0.5586626363001242
2023-09-07 00:00:00+05:30,0.7470852814089568,0.7409384460625464,-0.5762321133796636
2023-09-08 00:00:00+05:30,0.7536580384202219,0.7721793532453318,-0.5524982127673103
2023-09-11 00:00:00+05:30,0.7766632427640761,0.7596695493928214,-0.6214008709393481
2023-09-12 00:00:00+05:30,0.7740342612316369,0.7857754208653959,-0.44528912758987405
2023-09-13 00:00:00+05:30,0.7794897617905107,0.8151404067410973,-0.5666702177237349
2023-09-14 00:00:00+05:30,0.8101195233168667,0.8272547356229101,-0.5443580733010899
2023-09-15 00:00:00+05:30,0.8253032689707244,0.8258725118282657,-0.5009771092945966
2023-09-18 00:00:00+05:30,0.81866435647052,0.8630390815621911,-0.5265636588270506
2023-09-20 00:00:00+05:30,0.8185001232094136,0.8566856339937278,-0.4830403293810004
2023-09-21 00:00:00+05:30,0.8456794652648782,0.8206053280273559,-0.5363372044364538
2023-09-22 00:00:00+05:30,0.8219839629303727,0.8121446192179691,-0.583609174089859
2023-09-25 00:00:00+05:30,0.8752576256796107,1.0415986156359234,-0.0074312471592300035
2023-09-26 00:00:00+05:30,1.0362289926075725,1.0750453297018403,-0.3556612250947853
2023-09-27 00:00:00+05:30,1.0593002351615368,1.0532522032528546,-0.514702403138456
2023-09-28 00:00:00+05:30,1.0262711145080048,0.9883665214183373,-0.5041373056851164
2023-09-29 00:00:00+05:30,0.9830539691695008,1.0356070405896671,-0.5688344887726434
2023-10-03 00:00:00+05:30,1.0105289453236466,1.1388780271168286,-0.4512880908451586
2023-10-04 00:00:00+05:30,1.1710403101535338,1.0641158102297894,-0.37794489642951906
2023-10-05 00:00:00+05:30,1.098639262786821,1.0620418283368904,-0.49858315533653635
2023-10-06 00:00:00+05:30,1.0560137858024656,1.271184113943644,-0.07149537859219392
2023-10-09 00:00:00+05:30,1.221684895538883,1.1784481412192345,-0.5135350065340895
2023-10-10 00:00:00+05:30,1.1907592462541967,1.2152528384309529,-0.44481236155118015
2023-10-11 00:00:00+05:30,1.2464976395986171,1.2273345341656738,-0.5247432794065829
2023-10-12 00:00:00+05:30,1.2367699160903494,1.1696252367871744,-0.5083807448868426
2023-10-13 00:00:00+05:30,1.15431216163497,1.1942167363744056,-0.5405901346674837
2023-10-16 00:00:00+05:30,1.183726080574561,1.1839127394050268,-0.6114678760376412
2023-10-17 00:00:00+05:30,1.2071916717220506,1.2214418278620918,-0.48490911305091733
2023-10-18 00:00:00+05:30,1.187472642213487,1.0723458253062692,-0.26143998078430386
2023-10-19 00:00:00+05:30,1.0516097297447735,1.0558857951533096,-0.41430534605999614
2023-10-20 00:00:00+05:30,1.0297218949305282,1.0082504472122147,-0.5061468729563731
2023-10-23 00:00:00+05:30,1.0231488887893234,1.0278048105305106,-0.47100570422378996
2023-10-25 00:00:00+05:30,1.0224259601914725,0.9590348148906602,-0.5258815701877513
2023-10-26 00:00:00+05:30,0.9081881672018524,0.7795205189391406,-0.3310446587571791
2023-10-27 00:00:00+05:30,0.8325005989768626,0.835748400679855,-0.4616051560660258
2023-10-30 00:00:00+05:30,0.8297727430567147,0.8330159400367256,-0.49724966571935336
2023-10-31 00:00:00+05:30,0.8718394939858571,0.8261684718553565,-0.5130256546281192
2023-11-01 00:00:00+05:30,0.8391065708028986,0.8125068148406424,-0.6037067450082856
2023-11-02 00:00:00+05:30,0.8456794432287446,0.7974952440779096,-0.47961090412589624
2023-11-03 00:00:00+05:30,0.8443646427992337,0.7727389632528877,-0.38984949448526746
2023-11-06 00:00:00+05:30,0.7970394423883805,0.871861662893785,-0.5495240405511448
2023-11-07 00:00:00+05:30,0.9179817870179121,0.8281109518584892,-0.2556298890121648
2023-11-08 00:00:00+05:30,0.8437075565653814,0.8046389953868359,-0.4600951333037922
2023-11-09 00:00:00+05:30,0.8161010583894848,0.7564107580901607,-0.5059450303998456
2023-11-10 00:00:00+05:30,0.7405122507941292,0.794663914692106,-0.5931138072023214
2023-11-13 00:00:00+05:30,0.7916497393944973,0.7393911179296452,-0.5184576870663238
2023-11-15 00:00:00+05:30,0.7861282328765055,0.6494855052896407,-0.14160055017702253
2023-11-16 00:00:00+05:30,0.4608658487689316,0.7404444254496406,0.6915862247416096
2023-11-17 00:00:00+05:30,0.5896629169853225,0.6473129777545334,-0.09205927541708024
2023-11-20 00:00:00+05:30,0.5965645030468717,0.54697218935585,-0.14808608686794822
2023-11-21 00:00:00+05:30,0.5531831781524361,0.569720077682623,-0.2229750535895323
2023-11-22 00:00:00+05:30,0.5541363180706009,0.5863119328258152,-0.42064820094372146
2023-11-23 00:00:00+05:30,0.5860479982419862,0.5502972162540933,-0.558345952289021
2023-11-24 00:00:00+05:30,0.5683008229109415,0.5155002653396914,-0.5202739537074265
2023-11-28 00:00:00+05:30,0.5203183044843614,0.5857849559653512,-0.5197490997869266
2023-11-29 00:00:00+05:30,0.5853905335109032,0.587464109088485,-0.5342159593870559
2023-11-30 00:00:00+05:30,0.5840759801204012,0.5820651002973427,-0.34771596809693617
2023-12-01 00:00:00+05:30,0.6024802694139672,0.672562956091995,-0.4652329438335792
2023-12-04 00:00:00+05:30,0.7207933898505581,0.7702042400951072,-0.401659182247978
2023-12-05 00:00:00+05:30,0.7799500033564757,0.7321155416304864,-0.26852661599780314
2023-12-06 00:00:00+05:30,0.7536581293735747,0.7830103270751746,-0.5280879181332397
2023-12-07 00:00:00+05:30,0.7536580487359735,0.7593735893657306,-0.5385084355735184
2023-12-08 00:00:00+05:30,0.7540193614894324,0.7043308401352444,-0.38806739554965847
2023-12-11 00:00:00+05:30,0.7109338336238682,0.6945534969258632,-0.563440420451654
2023-12-12 00:00:00+05:30,0.6813555638844155,0.7089065889383657,-0.5497553052985139
2023-12-13 00:00:00+05:30,0.6944030957239463,0.6716741067093239,-0.5340498663742396
2023-12-14 00:00:00+05:30,0.7395262322913106,0.8140211867259856,-0.2029356943175023
2023-12-15 00:00:00+05:30,0.8449235064077646,0.8409167157380903,-0.3787187316854217
2023-12-18 00:00:00+05:30,0.8575106984455287,0.8886842117698841,-0.4075524787103469
2023-12-19 00:00:00+05:30,0.9186390824328462,0.9183451576726763,-0.49973884633809496
2023-12-20 00:00:00+05:30,0.9245547766629684,0.8270246880909355,-0.47343667319613497
2023-12-21 00:00:00+05:30,0.777715098162541,0.743538758614977,-0.46124512968776854
2023-12-22 00:00:00+05:30,0.7726868502683549,0.6962323269485309,-0.3927822225401397
2023-12-26 00:00:00+05:30,0.7109340016642177,0.6086646692823567,-0.36229735278399783
2023-12-27 00:00:00+05:30,0.6418519787568977,0.6550819284656655,-0.2422563959878326
2023-12-28 00:00:00+05:30,0.6780691377662906,0.6721018917266472,-0.1629161365227693
2023-12-29 00:00:00+05:30,0.6495753004064857,0.7175976683801932,-0.46133371262793726
2024-01-01 00:00:00+05:30,0.7187887813645149,0.6987014607116613,-0.6452423365504779
2024-01-02 00:00:00+05:30,0.710276717148505,0.7849524839778411,-0.39800070681900895
2024-01-03 00:00:00+05:30,0.7897767056642464,0.7551597130848163,-0.5750352945844552
2024-01-04 00:00:00+05:30,0.865398113834443,0.9663427012364446,0.17110956695672838
2024-01-05 00:00:00+05:30,0.9803920864383446,0.9700299237573612,-0.4171058324399022
2024-01-08 00:00:00+05:30,0.942301783411054,0.9863914082681127,-0.39540048115741294
2024-01-09 00:00:00+05:30,1.00605942033218,0.9794453944445353,-0.3555780204045554
2024-01-10 00:00:00+05:30,0.9679362073244596,0.949882671083485,-0.5732424391489687
2024-01-11 00:00:00+05:30,0.9442737566382071,0.9427721991225831,-0.5439249659971934
2024-01-12 00:00:00+05:30,0.9469029361504225,0.9370439509563256,-0.4942878318412828
2024-01-15 00:00:00+05:30,0.9560721426382399,0.8165229536362079,-0.4346265889023488
2024-01-16 00:00:00+05:30,0.8095282952709926,0.8024661447512624,-0.37214303021610995
2024-01-17 00:00:00+05:30,0.6966704676988164,0.7380741604291846,-0.31344164670743296
2024-01-18 00:00:00+05:30,0.6918721974839463,0.6766446842822105,-0.216403781267229
2024-01-19 00:00:00+05:30,0.7339393380590483,0.7119026995619602,-0.48727332845049237
2024-01-23 00:00:00+05:30,0.7292724514711518,0.5483550593514269,0.05133847176043434
2024-01-24 00:00:00+05:30,0.56567162075173,0.5382151974189062,-0.09723473369643894
2024-01-25 00:00:00+05:30,0.533661210770674,0.5580991232127835,-0.38048691044471844
2024-01-29 00:00:00+05:30,0.553511615815067,0.6279886619682119,-0.16155670475882258
2024-01-30 00:00:00+05:30,0.48975414207072687,0.3814494359950922,0.5638065990187744
2024-01-31 00:00:00+05:30,0.3790001021758478,0.41153849001567394,-0.17732731541764962
2024-02-01 00:00:00+05:30,0.4091697189336799,0.33279309058062734,-0.1454928212945083
2024-02-02 00:00:00+05:30,0.336275815050255,0.4019256049436173,-0.31747944694091024
2024-02-05 00:00:00+05:30,0.42763975472814764,0.24384288601934262,-0.18975740012918477
2024-02-06 00:00:00+05:30,0.2659452559113275,0.23722578847041415,0.021674576039070633
2024-02-07 00:00:00+05:30,0.26134419958327876,0.31034180848187765,-0.26346631554066385
2024-02-08 00:00:00+05:30,0.3210594464725282,0.22241163209256398,-0.05625436736851856
2024-02-09 00:00:00+05:30,0.22124902350457532,0.27432676880968954,-0.3673497440500507
2024-02-12 00:00:00+05:30,0.2800444709371983,0.21813216641699962,-0.5777627000387221
2024-02-13 00:00:00+05:30,0.23439518265490347,0.24084709849621444,-0.45019377516643116
2024-02-14 00:00:00+05:30,0.2106338255833284,0.2690595850087798,-0.5488650467498181
2024-02-15 00:00:00+05:30,0.2646304664989555,0.2512166848602433,-0.47143944426297335
2024-02-16 00:00:00+05:30,0.2672926927426203,0.25108550607094327,-0.42443607073886547
2024-02-19 00:00:00+05:30,0.26653670922085654,0.31271175040186744,-0.3338125592698088
2024-02-20 00:00:00+05:30,0.3079461891926606,0.34615878756825064,-0.3999878119875799
2024-02-21 00:00:00+05:30,0.3592812504548449,0.29691019899913806,-0.4796381117432338
2024-02-22 00:00:00+05:30,0.294241564135365,0.2877913345399873,-0.4266686771987612
2024-02-23 00:00:00+05:30,0.283034898295142,0.3028688177978363,-0.3450657563476735
2024-02-26 00:00:00+05:30,0.2935514387848308,0.2669196906207645,-0.46789707575915407
2024-02-27 00:00:00+05:30,0.2547710362177617,0.20963850136005469,-0.38619513183566345
2024-02-28 00:00:00+05:30,0.21599072286976018,0.1717475403807827,-0.5807564870487821
2024-02-29 00:00:00+05:30,0.16800810408399497,0.1695417334976511,-0.21257510004607863
2024-03-01 00:00:00+05:30,0.17638877398772188,0.2196465383023428,-0.45934755656229675
2024-03-04 00:00:00+05:30,0.22650755511285056,0.24005711785621786,-0.6244794444778554
2024-03-05 00:00:00+05:30,0.23600561491238423,0.05688887873180611,-0.20673495334781092
2024-03-06 00:00:00+05:30,0.05856871357844489,0.04832962428021116,-0.08422664530030277
2024-03-07 00:00:00+05:30,0.0700714498988261,0.12062238430365368,-0.2852374712929927
2024-03-11 00:00:00+05:30,0.20153042002970897,0.12898422437036605,-0.36921726224939383
2024-03-12 00:00:00+05:30,0.10622249632340094,0.13049827315524296,-0.4037943474736881
2024-03-13 00:00:00+05:30,0.12873504844264594,0.14373246825309993,-0.3919286626380852
2024-03-14 00:00:00+05:30,0.13984311157193124,0.10508415978092321,-0.36418891492424393
2024-03-15 00:00:00+05:30,0.08653638483681204,0.18205153735016152,-0.12671228887580482
2024-03-18 00:00:00+05:30,0.17809768959115502,0.17566481043367374,-0.5361157470860319
2024-03-19 00:00:00+05:30,0.17504135171384086,0.23597474346506983,-0.30464156433695544
2024-03-20 00:00:00+05:30,0.24096814437977013,0.27103502125947065,-0.2784640400465186
2024-03-21 00:00:00+05:30,0.3050543160471279,0.3146542304050001,-0.1787256604017419
2024-03-22 00:00:00+05:30,0.30341103894615434,0.34438108880290863,-0.3941258359219134
2024-03-26 00:00:00+05:30,0.3359472328350062,0.44261526216160113,-0.16473303589915889
2024-03-27 00:00:00+05:30,0.4616547014000008,0.5167842665925938,-0.2593415142052351
2024-03-28 00:00:00+05:30,0.5184122318518213,0.6632793103950535,0.38074710585127985
2024-04-01 00:00:00+05:30,0.6690314073698239,0.6670324454110863,-0.3941258359219134
2024-04-02 00:00:00+05:30,0.6622612313721911,0.638358571432707,-0.4439926529869758
2024-04-03 00:00:00+05:30,0.6268000141932365,0.705417103902798,-0.4467361931910591
2024-04-04 00:00:00+05:30,0.7240798463522284,0.6883974637422825,-0.4209060405731412
2024-04-05 00:00:00+05:30,0.6516129901106276,0.6174542943663924,-0.3703172725457035
2024-04-08 00:00:00+05:30,0.6386313063604078,0.6193634950215007,-0.5861698537960226
2024-04-09 00:00:00+05:30,0.6419177691811072,0.6292726632211144,-0.5254048041490573
2024-04-10 00:00:00+05:30,0.6523689933617997,0.6534034215434642,-0.5704223379751681
2024-04-12 00:00:00+05:30,0.6445471948085096,0.6529423571781166,-0.4044552394808756
2024-04-15 00:00:00+05:30,0.5926535536354133,0.5520090025243191,-0.5101663238665296
2024-04-16 00:00:00+05:30,0.5038532474083255,0.4716836418092793,-0.44535999394200904
2024-04-18 00:00:00+05:30,0.4500537428558297,0.43148832830466755,-0.31190346722493145
2024-04-19 00:00:00+05:30,0.39217872710947743,0.5804851390173495,-0.36466030271299904
2024-04-22 00:00:00+05:30,0.6072784105427975,0.6941916244036562,-0.3814603736836442
2024-04-23 00:00:00+05:30,0.7004170972787882,0.672924828614202,-0.4079419272794459
2024-04-24 00:00:00+05:30,0.6833275632664211,0.7185194740104224,-0.4695190926671724
2024-04-25 00:00:00+05:30,0.7142203061927798,0.695969000068532,-0.3789034903892022
2024-04-26 00:00:00+05:30,0.4973131119546195,0.32482672548461267,1.0894754825681177
2024-04-29 00:00:00+05:30,0.35924840747420267,0.3876384254262311,-0.2182912306281101
2024-04-30 00:00:00+05:30,0.3855401360282841,0.45147047664028683,-0.18107215921328315
2024-05-02 00:00:00+05:30,0.45646223470368247,0.42457494762818204,-0.3895910221205608
2024-05-03 00:00:00+05:30,0.7135631681768084,0.4567050272941047,1.4070699997492442
2024-05-06 00:00:00+05:30,0.5025387570926447,0.4095304206178912,-0.3609863252695005
2024-05-07 00:00:00+05:30,0.42497792292237485,0.4178919375841373,-0.33942966677943737
2024-05-08 00:00:00+05:30,0.41285076871940574,0.3697628921306027,-0.5204555487347724
2024-05-09 00:00:00+05:30,0.36578816726875124,0.24183449352109362,-0.31317463241635285
2024-05-10 00:00:00+05:30,0.25996373256151084,0.29384849898089366,-0.489140530282192
2024-05-13 00:00:00+05:30,0.28960778466161996,0.31662934355522476,-0.5880535067451821
2024-05-14 00:00:00+05:30,0.30669764982092035,0.2882853551528931,-0.5109914106806728
2024-05-15 00:00:00+05:30,0.2948663356431419,0.29111636143823055,-0.5618573167637811
2024-05-16 00:00:00+05:30,0.3003547903240614,0.3353281368388741,-0.4148121670248187
2024-05-17 00:00:00+05:30,0.3310175243999008,0.3223246354739241,-0.5982082753649545
2024-05-21 00:00:00+05:30,0.30341115222822124,0.33249713055353664,-0.5091615402309013
2024-05-22 00:00:00+05:30,0.35103210336030577,0.3336160274681821,-0.6184912377224485
2024-05-23 00:00:00+05:30,0.33926622706037435,0.38767105857332296,-0.5257097825573526
2024-05-24 00:00:00+05:30,0.37899978863937206,0.3944196580120178,-0.5153563350574875
2024-05-27 00:00:00+05:30,0.4046344435349705,0.4330023770895445,-0.5427449146870884
2024-05-28 00:00:00+05:30,0.44075303948285754,0.4182211769592524,-0.5119319716846787
2024-05-29 00:00:00+05:30,0.4171229142667926,0.3745360553186067,-0.5219089416888266
2024-05-30 00:00:00+05:30,0.3526424669063878,0.2492748510580431,-0.3845281907222738
2024-05-31 00:00:00+05:30,0.2770863360261134,0.30276994905516186,0.148917642238598
2024-06-03 00:00:00+05:30,0.46369249439707844,0.44620329283937704,-0.38685760568106825
2024-06-04 00:00:00+05:30,0.4420674456560344,0.17889096858924264,0.2937045597385445
2024-06-05 00:00:00+05:30,0.23702422011045482,0.3942551998746933,-0.3646153785076277
2024-06-06 00:00:00+05:30,0.3987187770213775,0.45295189227807187,-0.2864096134120112
2024-06-07 00:00:00+05:30,0.4940265625758997,0.6278242038308876,0.19394276888815176
2024-06-10 00:00:00+05:30,0.6616367542878692,0.5603049300959152,-0.4741415403057634
2024-06-11 00:00:00+05:30,0.5518684392151857,0.5927312928893949,-0.36882433363621675
2024-06-12 00:00:00+05:30,0.5945925501776899,0.6451730833665181,-0.3487998436434294
2024-06-13 00:00:00+05:30,0.6630830523883402,0.6960022794165563,-0.3244436478763906
2024-06-14 00:00:00+05:30,0.6919050857939508,0.726683576591786,-0.37443195011654157
2024-06-18 00:00:00+05:30,0.7372256788561371,0.7221737402837808,-0.45054494325067157
2024-06-19 00:00:00+05:30,0.7173098815498834,0.6558395990590365,-0.5854770086568456
2024-06-20 00:00:00+05:30,0.6419178027893142,0.6381611570478245,-0.4653338651118429
2024-06-21 00:00:00+05:30,0.6784911246274925,0.6137770879599297,-0.27562084403474546
2024-06-24 00:00:00+05:30,0.5706161453621884,0.5791035614236377,-0.549014372277531
2024-06-25 00:00:00+05:30,0.587131011909601,0.5742069738575238,-0.25632463235720254
2024-06-26 00:00:00+05:30,0.5666525773908094,0.6296251658298,-0.46141280453880223
2024-06-27 00:00:00+05:30,0.6195001503425297,0.6352826549939473,-0.39021300090760275
2024-06-28 00:00:00+05:30,0.6294090702709773,0.601402986303247,-0.4876611951813741
2024-07-01 00:00:00+05:30,0.5699555507002919,0.7080707280321608,-0.505643215667985
2024-07-02 00:00:00+05:30,0.7020744830795926,0.6345217533959138,-0.3448392371149563
2024-07-03 00:00:00+05:30,0.6458910361076898,0.6961929086916476,-0.48550704789705634
2024-07-04 00:00:00+05:30,0.7192828449996016,0.5957784533866577,-0.14965621948243915
2024-07-05 00:00:00+05:30,0.6089306357521856,0.6162584995407779,-0.4555514612084227
2024-07-08 00:00:00+05:30,0.6161642763223473,0.5899555367837872,-0.5357107965024034
2024-07-09 00:00:00+05:30,0.5929773391785825,0.5699717729458367,-0.4421298803022846
2024-07-10 00:00:00+05:30,0.5653313880670164,0.5613036336371133,-0.49394742025692007
2024-07-11 00:00:00+05:30,0.5784771573275593,0.49205544930720363,-0.44266833803145317
2024-07-12 00:00:00+05:30,0.5183962663616647,0.5277877760714175,-0.4119705528512629
2024-07-15 00:00:00+05:30,0.5336557450066841,0.5671265502399839,-0.5813727712182417
2024-07-16 00:00:00+05:30,0.5732585240097744,0.5640496644998254,-0.5735183117340655
2024-07-18 00:00:00+05:30,0.5515250241445769,0.5977306264037782,-0.47658168393976874
2024-07-19 00:00:00+05:30,0.5930763638666695,0.4801446737191324,-0.45317269289724854
2024-07-22 00:00:00+05:30,0.47549051404909193,0.4483496492367175,-0.5681422763687534
2024-07-23 00:00:00+05:30,0.476811703372885,0.3443620258753995,-0.13882537320859326
2024-07-24 00:00:00+05:30,0.27599092615634796,0.26498981153581574,0.23082301055683327
2024-07-25 00:00:00+05:30,0.2297492998235927,0.2918552922045587,-0.44926017425058135
2024-07-26 00:00:00+05:30,0.3057505866523905,0.38581807739934326,-0.39888843442655714
2024-07-29 00:00:00+05:30,0.40404726587618256,0.4008390180755974,-0.5132929852868428
2024-07-30 00:00:00+05:30,0.3965165512417599,0.40821701722255943,-0.37698661883747936
2024-07-31 00:00:00+05:30,0.4060951738392592,0.39719961442368673,-0.4686554090005272
2024-08-01 00:00:00+05:30,0.4091007505284934,0.3738410662156894,-0.4845168171730272
2024-08-02 00:00:00+05:30,0.33874741903651573,0.3429723707700313,-0.5532650879350568
2024-08-05 00:00:00+05:30,0.289202819394278,0.2580751384574652,-0.4514507038138969
2024-08-06 00:00:00+05:30,0.2733485475087619,0.21946430963937424,-0.4679692075818629
2024-08-07 00:00:00+05:30,0.25617308629945285,0.2848411041826012,-0.6032302953372352
2024-08-08 00:00:00+05:30,0.27272085355756537,0.24848034701151892,-0.5316979893127595
2024-08-09 00:00:00+05:30,0.32223255248910315,0.2723018981876615,-0.5288187273896319
2024-08-12 00:00:00+05:30,0.2687905088528735,0.2656515212907086,-0.5366023205216731
2024-08-13 00:00:00+05:30,0.28586694537409557,0.17096079074544865,-0.41086516430501435
2024-08-14 00:00:00+05:30,0.17855321352661369,0.166626721091087,-0.505158856805848
2024-08-16 00:00:00+05:30,0.19341659341928502,0.25423702801880693,-0.511757336745489
2024-08-19 00:00:00+05:30,0.28127568345152,0.27107767052101645,-0.5828416661868255
2024-08-20 00:00:00+05:30,0.2874523080514497,0.3411197126965178,-0.4473005930669914
2024-08-21 00:00:00+05:30,0.3367327343401263,0.3498211313532655,-0.5498188951948493
2024-08-22 00:00:00+05:30,0.35526228558392836,0.3552802368311315,-0.5197168302872938
2024-08-23 00:00:00+05:30,0.35856525889341084,0.3501519862307119,-0.5545852901112145
2024-08-26 00:00:00+05:30,0.37243774679323743,0.378274650813658,-0.46590807238472237
2024-08-27 00:00:00+05:30,0.37399020875989164,0.4346854074182734,-0.10602121225824768
2024-08-28 00:00:00+05:30,0.43849721298288774,0.45877157787627987,-0.4815230301629672
2024-08-29 00:00:00+05:30,0.44711784429824225,0.5669940790488188,0.08482978323237457
2024-08-30 00:00:00+05:30,0.5673460727634059,0.6573836961872752,-0.10334316015636055
2024-09-02 00:00:00+05:30,0.7014138884176961,0.8161278017659764,-0.023615033960415536
2024-09-03 00:00:00+05:30,0.8242844955304457,0.7590553354064682,-0.14944140585252993
2024-09-04 00:00:00+05:30,0.6888296891309627,0.7231246249559731,-0.46957698794592556
2024-09-05 00:00:00+05:30,0.7318012428649352,0.6869952077187302,-0.5370578899282552
2024-09-06 00:00:00+05:30,0.6892257878833107,0.7348037375097386,-0.16710389501924652
2024-09-09 00:00:00+05:30,0.7344436215125213,0.7548537369432716,-0.4720471865060596
2024-09-10 00:00:00+05:30,0.7647980752490605,0.6849771222064935,-0.33601099802421086
2024-09-11 00:00:00+05:30,0.68555961653218,0.7535962299286022,-0.40056328473103325
2024-09-12 00:00:00+05:30,0.7978607090545856,0.8083527121459855,-0.29240541299086115
2024-09-13 00:00:00+05:30,0.8033435157259317,0.9209758416689349,-0.05143640452626943
2024-09-16 00:00:00+05:30,0.9696153211476765,0.7537287011197673,0.09760977055757623
2024-09-17 00:00:00+05:30,0.743361649448124,0.7667974687789011,-0.2541179680440705
2024-09-18 00:00:00+05:30,0.7762262338774751,0.942547644298535,0.19107679440604952
2024-09-19 00:00:00+05:30,0.966312347838194,0.9155829717866515,-0.205758642800094
2024-09-20 00:00:00+05:30,0.9398885613623338,0.9103555293430912,-0.22968869135139247
2024-09-23 00:00:00+05:30,0.9337780607397911,0.9187260931223925,-0.5686788358920611
2024-09-24 00:00:00+05:30,0.9147859642102667,0.8916622287673682,-0.4117468809273368
2024-09-25 00:00:00+05:30,0.8804350417916484,0.93778320482312,-0.34768306586201636
2024-09-26 00:00:00+05:30,0.9431915346718163,1.0334002644051368,-0.2223613003612203
2024-09-27 00:00:00+05:30,1.0356747873373269,1.0251951280645586,-0.3773922021563948
2024-09-30 00:00:00+05:30,1.0132145688328456,0.9901245110552376,-0.4457842429518886
2024-10-01 00:00:00+05:30,0.9564695518871335,0.9901245110552376,-0.5007259133856895
2024-10-03 00:00:00+05:30,0.9233736948149212,0.8120253951459205,-0.4208829457351686
2024-10-04 00:00:00+05:30,0.7978607090545856,0.6647949746822617,-0.19074161986798818
2024-10-07 00:00:00+05:30,0.6600276973610776,0.703207096713605,-0.4539228005798917
2024-10-08 00:00:00+05:30,0.6953695117725406,0.6486493212829694,-0.464180072316145
2024-10-09 00:00:00+05:30,0.6630993980276989,0.7237533784633078,-0.4165445962404045
2024-10-10 00:00:00+05:30,0.7318012428649352,0.7364912912449951,-0.5731301286355404
2024-10-11 00:00:00+05:30,0.7351042161744178,0.7247788993432052,-0.6357203032176252
2024-10-14 00:00:00+05:30,0.7137671376175556,0.6631074209470051,-0.6092738664302475
2024-10-15 00:00:00+05:30,0.6821905192453104,0.5361253836031606,-0.28012939932169095
2024-10-16 00:00:00+05:30,0.5270168976770192,0.49605898718458513,-0.39398030680592194
2024-10-17 00:00:00+05:30,0.5078267517713206,0.4584407229988334,-0.5318985663987129
2024-10-18 00:00:00+05:30,0.4497273222351283,0.45847367924639154,-0.5144432980384626
2024-10-21 00:00:00+05:30,0.4603297375361723,0.3799618814484483,-0.050952994767062866
2024-10-22 00:00:00+05:30,0.3882920186787535,0.31180577669448484,-0.21209390486037627
2024-10-23 00:00:00+05:30,0.25997150560535776,0.5221632431548283,0.08427044523873767
2024-10-24 00:00:00+05:30,0.5286683843317604,0.552006417720589,-0.466926143461376
2024-10-25 00:00:00+05:30,0.5474292082184237,0.465487867268349,-0.42668449558093424
2024-10-28 00:00:00+05:30,0.4675633781063339,0.46628204821440694,-0.5239178762247964
2024-10-29 00:00:00+05:30,0.4603629608028595,0.5398310228506539,-0.30411544494588183
2024-10-30 00:00:00+05:30,0.5197503563961576,0.49516561439538653,-0.571036723938767
2024-10-31 00:00:00+05:30,0.4867206233013325,0.4519890528886281,-0.5191179463382244
2024-11-01 00:00:00+05:30,0.47416932472529894,0.47438799271184434,-0.7358747063135515
2024-11-04 00:00:00+05:30,0.5038960845106416,0.42151744791599893,-0.5235198857293238
2024-11-05 00:00:00+05:30,0.41801877846409613,0.47885453355737106,-0.36306106427530976
2024-11-06 00:00:00+05:30,0.4774722980347815,0.5290452830860869,-0.5298399621427201
2024-11-07 00:00:00+05:30,0.5245067669842074,0.46174927177329766,-0.6048871126860341
2024-11-08 00:00:00+05:30,0.4573241608469381,0.4560917826091503,-0.6157091006658632
2024-11-11 00:00:00+05:30,0.4279276983925437,0.37857222634308,-0.5089426138216272
2024-11-12 00:00:00+05:30,0.40084331725478706,0.2855360932855185,-0.41564041751539643
2024-11-13 00:00:00+05:30,0.27929389946583044,0.23776051974206827,-0.475714203861402
2024-11-14 00:00:00+05:30,0.2378744851425248,0.22661064575203052,-0.5831665757566588
2024-11-18 00:00:00+05:30,0.27797271014203745,0.23905098300429584,-0.5613903581220345
2024-11-19 00:00:00+05:30,0.252440790970935,0.25714848632024223,-0.49574059206005017
2024-11-21 00:00:00+05:30,0.2654214115660039,0.17135788121847761,-0.40176864545261504
2024-11-22 00:00:00+05:30,0.1702957802529074,0.31580931457186634,-0.4432839894656259
2024-11-25 00:00:00+05:30,0.38161994808240135,0.31676859985618117,-0.3917489658166
2024-11-26 00:00:00+05:30,0.33676563505082624,0.27213647074893826,-0.5402750324945979
2024-11-27 00:00:00+05:30,0.289202819394278,0.32987064686333933,-0.5470035395357006
2024-11-28 00:00:00+05:30,0.3314808777556542,0.20030768299503976,-0.25124028795916026
2024-11-29 00:00:00+05:30,0.20266491868583605,0.24431138169541422,-0.5256066467055847
2024-12-02 00:00:00+05:30,0.2528701129899703,0.29377418587365467,-0.45897772278709226
2024-12-03 00:00:00+05:30,0.3196891985296042,0.3101847816552771,-0.3345133136000722
2024-12-04 00:00:00+05:30,0.3233885931474221,0.352898017093424,-0.39247977507299214
2024-12-05 00:00:00+05:30,0.3618682322028934,0.42595070941350127,-0.32357426959216307
2024-12-06 00:00:00+05:30,0.43846431227218785,0.4258844738179188,-0.4865149952091192
2024-12-09 00:00:00+05:30,0.42138787575096576,0.4378285287540144,-0.4840780152515485
2024-12-10 00:00:00+05:30,0.4443103169851821,0.48272560024358746,-0.36902997260446563
2024-12-11 00:00:00+05:30,0.49392104060480696,0.601105410773825,-0.11956111466303974
2024-12-12 00:00:00+05:30,0.6009044751213406,0.6081855112908987,-0.44425175808696943
2024-12-13 00:00:00+05:30,0.585809822585808,0.645902967319791,-0.3545172396960347
2024-12-16 00:00:00+05:30,0.6411675262303401,0.6628428016651412,-0.4982626749137116
2024-12-17 00:00:00+05:30,0.6525298834373549,0.6260516746730056,-0.4236688792034755
2024-12-18 00:00:00+05:30,0.6188395556806332,0.5742069738575238,-0.5199528405493148
2024-12-19 00:00:00+05:30,0.48738121796322903,0.4710461645893557,-0.46295572953595565
2024-12-20 00:00:00+05:30,0.4631704881159196,0.4245280980605749,0.10408391801333737
2024-12-23 00:00:00+05:30,0.45236970088271433,0.43673677227853447,-0.5656951726465919
2024-12-24 00:00:00+05:30,0.4424607809542668,0.39802675161730283,-0.5598426876102293
2024-12-26 00:00:00+05:30,0.40837403188920973,0.40302253102655733,-0.6459994043212772
2024-12-27 00:00:00+05:30,0.41924094309980214,0.4638998284766994,-0.5743984465181707
2024-12-30 00:00:00+05:30,0.4543514848684038,0.45099648825628885,-0.5948174469623524
2024-12-31 00:00:00+05:30,0.4345007443008088,0.4078199267495305,-0.5554227152634525
2025-01-01 00:00:00+05:30,0.4034856959023731,0.4821298029838109,-0.6176449542761936
2025-01-02 00:00:00+05:30,0.5071990578201241,0.7824801192100481,0.25329302243356483
2025-01-03 00:00:00+05:30,0.7778777205322164,0.7944238510456775,-0.27368783773320615
2025-01-06 00:00:00+05:30,0.8507082820063059,0.7561109208574748,-0.1471255947024043
2025-01-07 00:00:00+05:30,0.754889155320613,0.7591548503500751,-0.420289440036038
2025-01-08 00:00:00+05:30,0.7594471939765014,0.76011413563439,-0.48295301191140544
2025-01-09 00:00:00+05:30,0.7439893433993207,0.7085340541007722,-0.5387365366444529
2025-01-10 00:00:00+05:30,0.7036930690236339,0.7155479190222634,-0.4941850123571584
2025-01-13 00:00:00+05:30,0.6789536699132149,0.6248277701068268,-0.5399599303217119
2025-01-14 00:00:00+05:30,0.67234772329425,0.7466153212546692,-0.4343763420963721
2025-01-15 00:00:00+05:30,0.7453434334338136,0.6423297992634629,-0.5344310893846086
2025-01-16 00:00:00+05:30,0.6525298834373549,0.6968216621989823,-0.47776996080860373
2025-01-17 00:00:00+05:30,0.6664023713371814,0.6454399643516459,-0.5396435626782521
2025-01-20 00:00:00+05:30,0.6407053035006048,0.8161610811140009,-0.4122432617599252
2025-01-21 00:00:00+05:30,0.8176785489114806,0.7179301387599709,-0.4327328121885985
2025-01-22 00:00:00+05:30,0.7443525414409689,0.7877405179011665,-0.51999903022526
2025-01-23 00:00:00+05:30,0.7456737307647618,0.8182454022218201,-0.42416272909491626
2025-01-24 00:00:00+05:30,0.8132195349436793,0.8151685164816616,-0.5350837558330661
2025-01-27 00:00:00+05:30,0.7715030465561126,0.7204448296888435,-0.5309320632479433
2025-01-28 00:00:00+05:30,0.7780428691976905,0.9263357553036602,0.03413946119138634
2025-01-29 00:00:00+05:30,0.9545867925895309,1.0276103040498243,-0.2708430598832157
2025-01-30 00:00:00+05:30,1.081916413670082,1.1215730892446087,1.0370090725767462
2025-01-31 00:00:00+05:30,1.1314610133123197,1.1106219220413187,-0.17004010311819684
2025-02-01 00:00:00+05:30,1.1017342535269772,1.1867185438539962,-0.2390613991565322
2025-02-03 00:00:00+05:30,1.1296114772814045,1.4684081926516024,0.6219483281661711
2025-02-04 00:00:00+05:30,1.4617583442605715,1.5011957817663566,-0.12804103297833594
2025-02-05 00:00:00+05:30,1.5113029439028092,1.5237604721287623,-0.15930037072566736
2025-02-06 00:00:00+05:30,1.5339283110727644,1.5223375376753696,-0.2092927857451833
2025-02-07 00:00:00+05:30,1.567453490164012,1.5004681595163474,-0.4443327482036951
2025-02-10 00:00:00+05:30,1.4972982080482085,1.3764305367214964,-0.3566046334075824
2025-02-11 00:00:00+05:30,1.378523416861612,1.313171342634113,-0.44543402397057863
2025-02-12 00:00:00+05:30,1.2798635395961717,1.3282911520530416,-0.2807102503150831
2025-02-13 00:00:00+05:30,1.3111756620588686,1.457291598009589,-0.18055394901329602
2025-02-14 00:00:00+05:30,1.4508914330499791,1.4462409158626919,-0.4769897981998319
2025-02-17 00:00:00+05:30,1.3265015872372623,1.4689374312153303,-0.47715304390385715
2025-02-18 00:00:00+05:30,1.465061317570054,1.4949431415433652,-0.47519852460256257
2025-02-19 00:00:00+05:30,1.4843179100091268,1.4774407892862629,-0.46658668097994366
2025-02-20 00:00:00+05:30,1.4160779653456383,1.4509723990905488,-0.5001621462450442
2025-02-21 00:00:00+05:30,1.4188196912372988,1.4491526972645936,-0.5575585132244496
2025-02-24 00:00:00+05:30,1.3976806620566107,1.421526314997817,-0.6377219612977952
2025-02-25 00:00:00+05:30,1.4154838172171162,1.5100959072098519,-0.40257190289935946
2025-02-27 00:00:00+05:30,1.5394440184548104,1.6534226278402024,-0.1685414695911278
2025-02-28 00:00:00+05:30,1.6203010631157322,1.5375568620379052,-0.19502239045164257
2025-03-03 00:00:00+05:30,1.5350843517310833,1.6021065193875161,-0.4732943077565781
2025-03-04 00:00:00+05:30,1.5259682744193064,1.5743812683780651,-0.5079334010389904
2025-03-05 00:00:00+05:30,1.4815761841174666,1.3843051412850944,-0.23440636565066486
2025-03-06 00:00:00+05:30,1.4221226645467813,1.458515502575768,-0.4712613292797055
2025-03-07 00:00:00+05:30,1.451783622910724,1.4543139041125712,-0.6004899188095865
2025-03-10 00:00:00+05:30,1.4701809261997518,1.413353811804331,-0.42854189001568666
2025-03-11 00:00:00+05:30,1.382486984832991,1.4119315235518708,-0.4927284557266695
2025-03-12 00:00:00+05:30,1.406334194082665,1.507217728256441,-0.08946854078478803
2025-03-13 00:00:00+05:30,1.5113029439028092,1.4648683039432986,-0.36498426317990185
2025-03-17 00:00:00+05:30,1.4447151310060364,1.5706753060301057,-0.40145069597093797
2025-03-18 00:00:00+05:30,1.5643814669414033,1.5706753060301057,-0.7501147303133201
2025-03-19 00:00:00+05:30,1.6434218762821098,1.6707589064576491,-0.34205741642601434
2025-03-20 00:00:00+05:30,1.6599367428295224,1.6363836016517117,-0.4994145695035487
2025-03-21 00:00:00+05:30,1.8679911606162212,1.7928443562353797,0.11825149382275366
2025-03-24 00:00:00+05:30,1.9049844616824252,1.9079488973391774,-0.2966912454568109
2025-03-25 00:00:00+05:30,1.9241746075881239,1.892862044167807,-0.19702183395830844
2025-03-26 00:00:00+05:30,1.909013831075204,1.7597259122431792,-0.46974624463517656
2025-03-27 00:00:00+05:30,1.7497776168474468,1.8509093872272273,-0.08825970001912817
2025-03-28 00:00:00+05:30,1.8400145896177194,1.812364794004719,-0.4410393610352787
