Date,Open,Close,Volume
2020-03-30 00:00:00+05:30,-2.547620592202573,-2.6447587981654155,1.6853956898095201
2020-03-31 00:00:00+05:30,-2.6029304887684077,-2.6619113941829506,2.7435682812467315
2020-04-01 00:00:00+05:30,-2.6843815182131348,-2.6595960562397125,1.2772643390401544
2020-04-03 00:00:00+05:30,-2.6265648692058723,-2.667324457849158,1.2027189463275743
2020-04-07 00:00:00+05:30,-2.642060957539819,-2.637421832771185,2.7810157707289687
2020-04-08 00:00:00+05:30,-2.6817771952491745,-2.5855404600069436,2.131785380344926
2020-04-09 00:00:00+05:30,-2.5470019508583186,-2.442743947115551,1.525595543105767
2020-04-13 00:00:00+05:30,-2.4630117376023333,-2.6152799193493124,1.8387846461109016
2020-04-15 00:00:00+05:30,-2.576952174802577,-2.683661871389608,2.202743163920428
2020-04-16 00:00:00+05:30,-2.7071695226086874,-2.6591721484276096,1.5425193141091953
2020-04-17 00:00:00+05:30,-2.5704412857927976,-2.6016820746646694,2.4741606644199052
2020-04-20 00:00:00+05:30,-2.589973755924573,-2.6016166468201947,0.9592756224354946
2020-04-21 00:00:00+05:30,-2.664848985596526,-2.7375976784703555,1.5859391920649564
2020-04-22 00:00:00+05:30,-2.7625444780058213,-2.7059664658963847,2.1170375860297543
2020-04-23 00:00:00+05:30,-2.697403389700898,-2.6901838158569866,1.5100176000802166
2020-04-24 00:00:00+05:30,-2.7276788007713226,-2.818142586023382,2.569990007071294
2020-04-27 00:00:00+05:30,-2.8015771471775945,-2.7739242677992277,3.835712430809118
2020-04-28 00:00:00+05:30,-2.748839181402522,-2.6538894557996517,3.9183150748006326
2020-04-29 00:00:00+05:30,-2.6713271748098126,-2.6093125768327528,4.01443073017416
2020-04-30 00:00:00+05:30,-2.5638978981145035,-2.5951927633444116,2.0602755352223165
2020-05-04 00:00:00+05:30,-2.67135984341637,-2.750706672149121,1.5634011607664142
2020-05-05 00:00:00+05:30,-2.716935928662785,-2.8011206033694465,2.8948230213894948
2020-05-06 00:00:00+05:30,-2.7950663961180915,-2.7333584387990943,3.410023624635833
2020-05-07 00:00:00+05:30,-2.7371521464235684,-2.7631632452108215,1.7081263890061649
2020-05-08 00:00:00+05:30,-2.7169359067918397,-2.7869028904397433,1.4538208982611351
2020-05-11 00:00:00+05:30,-2.7560011314606867,-2.7928377613594155,1.6716764067205072
2020-05-12 00:00:00+05:30,-2.8082835218186877,-2.757195902694262,2.5200279625065694
2020-05-13 00:00:00+05:30,-2.6583379995964176,-2.6976185191423454,2.2367707191194355
2020-05-14 00:00:00+05:30,-2.6980544080183493,-2.7296083732341776,3.7763251612521676
2020-05-15 00:00:00+05:30,-2.7234792631179565,-2.7462716335951356,1.7892816510045457
2020-05-18 00:00:00+05:30,-2.7429793489870216,-2.8426974137293888,2.673163824688933
2020-05-19 00:00:00+05:30,-2.827620714987275,-2.8255123461149663,2.228016509910256
2020-05-20 00:00:00+05:30,-2.821109872147827,-2.7747396118265457,4.412533226477442
2020-05-21 00:00:00+05:30,-2.7631630790908903,-2.809044642311383,2.375452692532337
2020-05-22 00:00:00+05:30,-2.817854390507385,-2.870937040706071,4.373489029471852
2020-05-26 00:00:00+05:30,-2.854966350194472,-2.914177010717537,2.3722108732353666
2020-05-27 00:00:00+05:30,-2.912261992290707,-2.8440995889790632,4.734196236954944
2020-05-28 00:00:00+05:30,-2.8315273027477614,-2.8367626235848333,2.1135739930109945
2020-05-29 00:00:00+05:30,-2.8575708281407834,-2.8328821062065503,2.528038391373485
2020-06-01 00:00:00+05:30,-2.803497836873844,-2.6977488901805953,5.234290284972403
2020-06-02 00:00:00+05:30,-2.6939850736266777,-2.5768663433319303,6.666324334361012
2020-06-03 00:00:00+05:30,-2.530073856965319,-2.534017728760563,5.16759777003765
2020-06-04 00:00:00+05:30,-2.532027162463862,-2.598486287950105,4.41153413744262
2020-06-05 00:00:00+05:30,-2.5776031254153304,-2.5480721144044294,4.264324790424708
2020-06-08 00:00:00+05:30,-2.4727781896532335,-2.4718317128169054,3.993028142367062
2020-06-09 00:00:00+05:30,-2.4532456069290642,-2.513343337657723,3.1643264976138994
2020-06-10 00:00:00+05:30,-2.5150986767498575,-2.5185281308443184,2.0849958705620906
2020-06-11 00:00:00+05:30,-2.534631533248577,-2.5816273902566564,2.4270918020032037
2020-06-12 00:00:00+05:30,-2.671359949583459,-2.5090717879398077,4.565639033733173
2020-06-15 00:00:00+05:30,-2.5281205143990357,-2.573474919284875,3.068552202933397
2020-06-16 00:00:00+05:30,-2.507285934268384,-2.564605326827604,3.3355680803355043
2020-06-17 00:00:00+05:30,-2.5756500115189342,-2.5443874766839873,2.3029212962718413
2020-06-18 00:00:00+05:30,-2.5574196233065765,-2.4596359626068205,3.279861115636723
2020-06-19 00:00:00+05:30,-2.435666338805903,-2.34703593466772,5.135533908834573
2020-06-22 00:00:00+05:30,-2.3197726126247367,-2.2546209621748825,3.659837011135944
2020-06-23 00:00:00+05:30,-2.215631451634032,-2.13383631476758,4.370913480443196
2020-06-24 00:00:00+05:30,-2.0691041620287436,-2.1932178186616555,5.611661209251633
2020-06-25 00:00:00+05:30,-2.229890174866364,-2.146977780043233,4.306114109518696
2020-06-26 00:00:00+05:30,-2.122818775781032,-2.2134028741079184,3.227417166867379
2020-06-29 00:00:00+05:30,-2.258570495867888,-2.243110023403633,2.9241787755190813
2020-06-30 00:00:00+05:30,-2.2090878202099304,-2.260686365683038,2.3196185480387483
2020-07-01 00:00:00+05:30,-2.2605237093435857,-2.180532732794993,3.269303294461892
2020-07-02 00:00:00+05:30,-2.163511849769524,-2.173782679398236,2.925993143984791
2020-07-03 00:00:00+05:30,-2.163511790700757,-2.1951417203896786,1.952802913993159
2020-07-06 00:00:00+05:30,-2.1700226684507444,-2.0795090714716173,2.868366460393258
2020-07-07 00:00:00+05:30,-2.052826991822795,-1.92093007009106,6.487238415788097
2020-07-08 00:00:00+05:30,-1.9213399646093057,-2.014779608655343,5.3007907647443515
2020-07-09 00:00:00+05:30,-1.9974844176857387,-1.935245359361659,5.184241872039563
2020-07-10 00:00:00+05:30,-1.9714411460007868,-1.945582797238429,4.359353406557054
2020-07-13 00:00:00+05:30,-1.9160986564429934,-1.9974640084524373,3.405838397010224
2020-07-14 00:00:00+05:30,-2.0073810851188876,-2.0259320674589647,3.1742430415646687
2020-07-15 00:00:00+05:30,-2.0007400679782865,-2.05312824147895,2.723684890889038
2020-07-16 00:00:00+05:30,-2.033294311538652,-2.016899147715857,2.4135379791944986
2020-07-17 00:00:00+05:30,-2.013761579396856,-1.9539630540391222,1.9154807060998362
2020-07-20 00:00:00+05:30,-1.9258975667321296,-1.8625267528594398,2.589302353822953
2020-07-21 00:00:00+05:30,-1.8249463973921232,-1.9597350823236575,7.462804566822008
2020-07-22 00:00:00+05:30,-1.942142196245579,-1.9854638955748436,4.6501731022204424
2020-07-23 00:00:00+05:30,-1.9857647201347648,-1.9562455972850066,2.0079894539097105
2020-07-24 00:00:00+05:30,-1.9909737015867774,-1.9862138117576869,1.3498333830508538
2020-07-27 00:00:00+05:30,-1.979254021887672,-2.0388452622550055,1.4928897719433303
2020-07-28 00:00:00+05:30,-2.0365496709905253,-1.9942029554436316,1.847800491365616
2020-07-29 00:00:00+05:30,-1.9909737018223415,-1.9650830412458564,1.8029791047257933
2020-07-30 00:00:00+05:30,-1.9581589371443242,-2.008094660002594,1.3088938274614677
2020-07-31 00:00:00+05:30,-1.9968332337323484,-1.986572291725315,1.5389307558691705
2020-08-03 00:00:00+05:30,-1.9916245986373349,-2.036660295350017,0.662125093752523
2020-08-04 00:00:00+05:30,-2.018970283724624,-1.9968116686104895,1.362950618504253
2020-08-05 00:00:00+05:30,-1.9838115521994404,-1.9794962299578174,1.4598334654260536
2020-08-06 00:00:00+05:30,-1.9603724373306708,-1.9253321523974583,1.8355282739020877
2020-08-07 00:00:00+05:30,-1.933678014627349,-1.847656861638022,2.4614176918950035
2020-08-10 00:00:00+05:30,-1.8288529092963177,-1.8615810377938722,1.505347697216688
2020-08-11 00:00:00+05:30,-1.8494922079789289,-1.8521568433857822,1.0126281790921126
2020-08-12 00:00:00+05:30,-1.873777940397227,-1.8776900193044774,1.0413255721446035
2020-08-13 00:00:00+05:30,-1.8575008370922033,-1.8767770989362638,0.7252211412560319
2020-08-14 00:00:00+05:30,-1.8737778644293512,-1.9345279147757029,0.9998206675668614
2020-08-17 00:00:00+05:30,-1.9226094654752042,-1.8995056012551432,0.7275031011066267
2020-08-18 00:00:00+05:30,-1.8907061660683404,-1.8766139332006602,0.7388056517266678
2020-08-19 00:00:00+05:30,-1.8594539062533728,-1.8831030829706847,0.5782652047247874
2020-08-20 00:00:00+05:30,-1.9043790944643326,-1.8936359966297125,0.41331427633137163
2020-08-21 00:00:00+05:30,-1.8705222787099396,-1.8965705566170779,0.08110325207615075
2020-08-24 00:00:00+05:30,-1.888101928520527,-1.8295587121051524,1.213128391075131
2020-08-25 00:00:00+05:30,-1.8086691784955171,-1.7311763970957554,2.367390695738671
2020-08-26 00:00:00+05:30,-1.7175170909556874,-1.7294481327002236,1.3585024893625137
2020-08-27 00:00:00+05:30,-1.7227582627550115,-1.7379590836396333,0.7086760623281843
2020-08-28 00:00:00+05:30,-1.7272833176394538,-1.7129803481215238,0.5948678625647116
2020-08-31 00:00:00+05:30,-1.6849626424445623,-1.832330429457381,1.9484272330429888
2020-09-01 00:00:00+05:30,-1.8138778741034716,-1.7305566904009284,1.1687125877610343
2020-09-02 00:00:00+05:30,-1.7320364066567169,-1.7143827656965482,0.6042586034832212
2020-09-03 00:00:00+05:30,-1.7155636468513251,-1.7463070303936723,0.26902120629984405
2020-09-04 00:00:00+05:30,-1.7979263363680658,-1.7612421879093316,0.8047211677160357
2020-09-07 00:00:00+05:30,-1.7552800983328718,-1.8210151280186222,0.7257934503326611
2020-09-08 00:00:00+05:30,-1.8119247816809008,-1.824373918918557,0.6573109272411543
2020-09-09 00:00:00+05:30,-1.8399215393680242,-1.8746900314726374,0.6935489432021343
2020-09-10 00:00:00+05:30,-1.8532687605117866,-1.8252217345427626,0.7565171781755391
2020-09-11 00:00:00+05:30,-1.8314571730028126,-1.7954166858056857,0.7078288297647719
2020-09-14 00:00:00+05:30,-1.787834520546754,-1.8630485601129048,0.6835080667653974
2020-09-15 00:00:00+05:30,-1.841223715331597,-1.8156346974995357,0.4817060019076808
2020-09-16 00:00:00+05:30,-1.8132593096462797,-1.8103516817711116,0.48616077477004427
2020-09-17 00:00:00+05:30,-1.8322384390821704,-1.8426675442336844,0.1297530036337677
2020-09-18 00:00:00+05:30,-1.8305457052443743,-1.8408087472496697,0.44230241125308456
2020-09-21 00:00:00+05:30,-1.849166737205201,-1.93514762147053,0.3974832391868032
2020-09-22 00:00:00+05:30,-1.9362823236096012,-1.9528544963384176,0.5865284113430724
2020-09-23 00:00:00+05:30,-1.9356310584520173,-1.9914310765411698,0.592653289023305
2020-09-24 00:00:00+05:30,-2.0261324243798975,-2.131618876265704,1.136631326337274
2020-09-25 00:00:00+05:30,-2.0984028605093683,-2.059845500178353,1.2216760122096622
2020-09-28 00:00:00+05:30,-2.0345964542147117,-1.9318867300119573,1.0179675159004433
2020-09-29 00:00:00+05:30,-1.9174006862176414,-1.958234926857504,0.7189213122660281
2020-09-30 00:00:00+05:30,-1.9591356118228054,-1.9687678405165319,0.3899274306311732
2020-10-01 00:00:00+05:30,-1.938886625157306,-1.861678775685001,0.9526094397082123
2020-10-05 00:00:00+05:30,-1.8477342715267386,-1.9007446915443307,0.5809040272831976
2020-10-06 00:00:00+05:30,-1.8640767746848843,-1.8411349171706437,0.7554019822136165
2020-10-07 00:00:00+05:30,-1.8900552206995789,-1.9344956047290487,1.328762348539669
2020-10-08 00:00:00+05:30,-1.9200052423252794,-1.9375608588551303,0.6614575580136134
2020-10-09 00:00:00+05:30,-1.9389519484005875,-1.9431370882569412,1.0481502550639208
2020-10-12 00:00:00+05:30,-1.922609556478486,-1.937071684748786,0.263733437418263
2020-10-13 00:00:00+05:30,-1.9421748737370161,-1.9726810718170522,0.44501368200306357
2020-10-14 00:00:00+05:30,-1.975998558787882,-1.9078209148620617,0.9280406444722004
2020-10-15 00:00:00+05:30,-1.9107598031174122,-2.0104099979458323,0.9165160037627212
2020-10-16 00:00:00+05:30,-1.9966056215256893,-1.9995837090631845,0.8558420669782135
2020-10-19 00:00:00+05:30,-1.9843976756627657,-1.9762028669023572,0.5807290759734265
2020-10-20 00:00:00+05:30,-1.9844626394618567,-1.9794962299578174,0.2787412859407257
2020-10-21 00:00:00+05:30,-1.9746965319654572,-1.9986053608504961,1.6341773493115206
2020-10-22 00:00:00+05:30,-2.046316066527435,-1.9453869983557046,1.4915932973186612
2020-10-23 00:00:00+05:30,-1.9347197117283965,-1.9437891049984224,0.2637729833743595
2020-10-26 00:00:00+05:30,-1.935631310849401,-1.958789528808323,0.37180241166535644
2020-10-27 00:00:00+05:30,-1.9382353778502488,-1.8548632944437693,1.1547177484499407
2020-10-28 00:00:00+05:30,-1.8581844669706662,-1.9086362588893797,0.7207116367904307
2020-10-29 00:00:00+05:30,-1.9110200834969338,-1.9026034885283454,0.44586534371355874
2020-10-30 00:00:00+05:30,-1.9128756544018952,-1.9489412650378972,0.6063504263769041
2020-11-02 00:00:00+05:30,-1.9385286307249534,-1.8766791994949015,0.6066440155549647
2020-11-03 00:00:00+05:30,-1.870522366212802,-1.830373733032004,0.6564700220307172
2020-11-04 00:00:00+05:30,-1.84513014536593,-1.784297021699418,0.6327734524023707
2020-11-05 00:00:00+05:30,-1.7533268644150626,-1.6698709914736571,1.253169778909652
2020-11-06 00:00:00+05:30,-1.6725267199719358,-1.6412723998786471,1.067116811975472
2020-11-09 00:00:00+05:30,-1.6231094875643035,-1.5863259345385572,0.5627786919497321
2020-11-10 00:00:00+05:30,-1.565195082299611,-1.3622672310584154,2.863261868380316
2020-11-11 00:00:00+05:30,-1.3620229936109327,-1.3229727216190075,3.6463369708275306
2020-11-12 00:00:00+05:30,-1.3301198707249753,-1.3037333812383123,1.0183923976527447
2020-11-13 00:00:00+05:30,-1.3301199673299202,-1.25302599401925,1.1760766775215084
2020-11-14 00:00:00+05:30,-1.2389677008623814,-1.2538411764963349,-0.5003491659702007
2020-11-17 00:00:00+05:30,-1.239814114918366,-1.1800136891929445,1.1011177922919828
2020-11-18 00:00:00+05:30,-1.190136122762978,-1.0719136430016045,1.6267613752566479
2020-11-19 00:00:00+05:30,-1.089934017254606,-1.1483501665723195,1.8918730357807947
2020-11-20 00:00:00+05:30,-1.1270132687915673,-1.031412999520596,2.013802709455902
2020-11-23 00:00:00+05:30,-0.9987170273503496,-0.9690643024920346,1.5672905846404215
2020-11-24 00:00:00+05:30,-0.9557451417699802,-0.9695861097454995,0.6094388073642197
2020-11-25 00:00:00+05:30,-0.9642088033102645,-1.0484349013994152,0.7568458841626136
2020-11-26 00:00:00+05:30,-1.072941008598867,-0.9626730521633722,1.2345252842645513
2020-11-27 00:00:00+05:30,-0.9401187265161327,-0.9055737684147145,3.1616785003936747
2020-12-01 00:00:00+05:30,-0.8800883416121138,-0.9366828506347538,0.52086915314921
2020-12-02 00:00:00+05:30,-0.9368637599342889,-0.9609447877678404,0.40619948427813024
2020-12-03 00:00:00+05:30,-0.936212457449987,-0.9325416719550882,0.16002559120949636
2020-12-04 00:00:00+05:30,-0.9329567467107569,-0.9273891888151469,0.4139213858493658
2020-12-07 00:00:00+05:30,-0.932957042558882,-0.9573247701407066,0.235409674558972
2020-12-08 00:00:00+05:30,-0.9459789304864129,-0.9816516504675681,0.18983754748861248
2020-12-09 00:00:00+05:30,-0.9655113124654815,-0.9477377330974798,-0.1281385144100965
2020-12-10 00:00:00+05:30,-0.9459785692446512,-0.9799230629715697,-0.1408023950228049
2020-12-11 00:00:00+05:30,-0.9752778884240436,-0.9479335319802041,0.094592852252155
2020-12-14 00:00:00+05:30,-0.9410950921436073,-0.9121931276727553,-0.1849720643061566
2020-12-15 00:00:00+05:30,-0.9199677992582139,-0.766201797368198,1.1280954108057473
2020-12-16 00:00:00+05:30,-0.7187493159622105,-0.7504839289723415,0.2841492745288403
2020-12-17 00:00:00+05:30,-0.7572605887884556,-0.6591120863357341,0.43093373979445015
2020-12-18 00:00:00+05:30,-0.6855440492122681,-0.6814176501439104,0.2796755196075505
2020-12-21 00:00:00+05:30,-0.699867635322103,-0.8188002916179292,0.3734870693950692
2020-12-22 00:00:00+05:30,-0.8027392639048136,-0.8386593386934513,0.9815301883207368
2020-12-23 00:00:00+05:30,-0.8483155852364477,-0.7881151172099926,0.3354872019980759
2020-12-24 00:00:00+05:30,-0.7578466871130612,-0.7255050319039988,0.08052714658773631
2020-12-28 00:00:00+05:30,-0.7279291195710627,-0.7129826271222401,-0.13870076473201018
2020-12-29 00:00:00+05:30,-0.7018211393987156,-0.7153312444135321,-0.1270195220363887
2020-12-30 00:00:00+05:30,-0.7177723386101368,-0.6281661698512984,0.4725512712551553
2020-12-31 00:00:00+05:30,-0.6302014420322561,-0.6535689747317439,0.1576110733140658
2021-01-01 00:00:00+05:30,-0.6463481520004034,-0.6633844438048156,-0.2922716324314357
2021-01-04 00:00:00+05:30,-0.6373629253773844,-0.7050912213274244,-0.01182057008891276
2021-01-05 00:00:00+05:30,-0.7063785024231576,-0.768484179063849,0.5006130817012627
2021-01-06 00:00:00+05:30,-0.7636743314044044,-0.8263333789953502,0.39131533550633746
2021-01-07 00:00:00+05:30,-0.8059948685059264,-0.7932672772494674,0.21029830880531547
2021-01-08 00:00:00+05:30,-0.7636743695256846,-0.7926152605079861,0.19849811187375557
2021-01-11 00:00:00+05:30,-0.7779983607595726,-0.8563665366618055,0.174996108349404
2021-01-12 00:00:00+05:30,-0.858570046075178,-0.8185718595880842,0.3052585895255266
2021-01-13 00:00:00+05:30,-0.8053436325765797,-0.9094215718707601,0.2842090680144583
2021-01-14 00:00:00+05:30,-0.9115360556753891,-0.9260848322317178,0.09800709191770621
2021-01-15 00:00:00+05:30,-0.9283994031124195,-0.9220089198462936,0.05501431028778766
2021-01-18 00:00:00+05:30,-0.9329568785653669,-1.028804286353738,0.4215252822876092
2021-01-19 00:00:00+05:30,-1.001255730788565,-0.8727360986986767,0.7581569116991261
2021-01-20 00:00:00+05:30,-0.8691501761098112,-0.8578660459270258,0.298551279003904
2021-01-21 00:00:00+05:30,-0.8528733305042103,-0.7689410431235391,1.4840131284540756
2021-01-22 00:00:00+05:30,-0.7604192961768019,-0.8639975234805886,0.22581487650700416
2021-01-25 00:00:00+05:30,-0.8164121276150468,-0.9056387116084893,0.4119225750444221
2021-01-27 00:00:00+05:30,-0.8995559586787092,-0.9471829695964276,0.13587060485807864
2021-01-28 00:00:00+05:30,-0.991847985142492,-0.9698468518219987,0.34999961878256114
2021-01-29 00:00:00+05:30,-0.9220835020471363,-1.0192172493105112,0.5978629150956394
2021-02-01 00:00:00+05:30,-0.9948102388871495,-0.8078762648441526,0.6073381261763713
2021-02-02 00:00:00+05:30,-0.7832069336802095,-0.7331356956223153,0.6254495413332908
2021-02-03 00:00:00+05:30,-0.7059878389043022,-0.686243478712178,0.08850720416037007
2021-02-04 00:00:00+05:30,-0.7089828382724062,-0.5168380268987397,0.9348238832295284
2021-02-05 00:00:00+05:30,-0.5058435219052095,-0.4948594407627037,0.6539207315169097
2021-02-08 00:00:00+05:30,-0.4954258174297365,-0.5215006897314037,0.13597057703509072
2021-02-09 00:00:00+05:30,-0.49835600190384494,-0.5850241800563112,-0.033888795429028055
2021-02-10 00:00:00+05:30,-0.5652881794760307,-0.5357193719625065,0.08446687291789838
2021-02-11 00:00:00+05:30,-0.5423043941245982,-0.4762721171234899,-0.10822158908163318
2021-02-12 00:00:00+05:30,-0.4771958123733004,-0.46948926902937893,-0.23593256517040678
2021-02-15 00:00:00+05:30,-0.454179878680959,-0.3374868965242133,0.25239925003334474
2021-02-16 00:00:00+05:30,-0.3330454622688675,-0.35027004338247114,-0.07726090186982466
2021-02-17 00:00:00+05:30,-0.37302185999902526,-0.38620527727124465,-0.0077913117141481065
2021-02-18 00:00:00+05:30,-0.39320542915513285,-0.4786850314076237,-0.01692864214599113
2021-02-19 00:00:00+05:30,-0.4837067779884332,-0.5213381701967332,0.11814231092382245
2021-02-22 00:00:00+05:30,-0.5357935799609608,-0.6003178175395983,-0.11720136842438757
2021-02-23 00:00:00+05:30,-0.5748588443827557,-0.5958503073887256,-0.057192120069950614
2021-02-24 00:00:00+05:30,-0.559232447872933,-0.4789784066312436,-0.1462337948169286
2021-02-25 00:00:00+05:30,-0.45701180659490864,-0.5004678186609354,-0.2488001865489246
2021-02-26 00:00:00+05:30,-0.568347862326355,-0.6733301223659038,0.42466143478988955
2021-03-01 00:00:00+05:30,-0.643223222614667,-0.6720913551771828,-0.1072933664001351
2021-03-02 00:00:00+05:30,-0.6529895202877974,-0.6398081258617307,-0.05137443537667586
2021-03-03 00:00:00+05:30,-0.6112219885807505,-0.49202229556600063,-0.037524176081071135
2021-03-04 00:00:00+05:30,-0.5683478558962091,-0.5291969428444282,-0.043128628979073325
2021-03-05 00:00:00+05:30,-0.5618371390209937,-0.5559367374554235,-0.09341147033965314
2021-03-08 00:00:00+05:30,-0.5429557103291031,-0.6369709806650276,-0.2056327699768837
2021-03-09 00:00:00+05:30,-0.6067621068932514,-0.5754045098659636,-0.17701605067482953
2021-03-10 00:00:00+05:30,-0.5618371556824503,-0.49062036264167597,-0.056874170582934404
2021-03-12 00:00:00+05:30,-0.4576631040750158,-0.4822720927871702,0.043339394945141614
2021-03-15 00:00:00+05:30,-0.4765120972707623,-0.5597519077643485,-0.08985296702626175
2021-03-16 00:00:00+05:30,-0.5302919293966063,-0.5487299815492097,-0.25616838908883266
2021-03-17 00:00:00+05:30,-0.5488155093953927,-0.6114379662965658,-0.39111406056973236
2021-03-18 00:00:00+05:30,-0.5729053497747473,-0.6035785474479377,-0.010112501153190841
2021-03-19 00:00:00+05:30,-0.6425719175144619,-0.5504908790918623,0.2686871220627404
2021-03-22 00:00:00+05:30,-0.5576051849881213,-0.5921656696682834,-0.13684843214844808
2021-03-23 00:00:00+05:30,-0.5813695351958212,-0.59904609410329,-0.16513897640461797
2021-03-24 00:00:00+05:30,-0.6048090240473534,-0.6698086503810653,-0.2003807506396139
2021-03-25 00:00:00+05:30,-0.6660109854251252,-0.7663969500499893,-0.008779644248912928
2021-03-26 00:00:00+05:30,-0.7376307260901923,-0.7267118121465322,-0.007454380168205553
2021-03-30 00:00:00+05:30,-0.6954078215412394,-0.7198640208586464,-0.16632788602870444
2021-03-31 00:00:00+05:30,-0.7278646033676315,-0.7483643899118276,-0.16610801051280766
2021-04-01 00:00:00+05:30,-0.7115874752033856,-0.6686021932389984,-0.07048304136252583
2021-04-05 00:00:00+05:30,-0.6796842276096,-0.8705516164443879,0.43299898780563606
2021-04-06 00:00:00+05:30,-0.8157614627070177,-0.8505946699275037,-0.09494711890679414
2021-04-07 00:00:00+05:30,-0.8613375837092978,-0.7958110472225506,0.010047710897178413
2021-04-08 00:00:00+05:30,-0.7832068083141123,-0.8268548631483486,-0.3047074119693793
2021-04-09 00:00:00+05:30,-0.8483157041312533,-0.929378841488111,0.16818850928312054
2021-04-12 00:00:00+05:30,-1.017598190876339,-1.1650134269332773,0.673554191432073
2021-04-13 00:00:00+05:30,-1.1510058263712921,-1.0229997864723155,0.2543585148821919
2021-04-15 00:00:00+05:30,-1.0383679228168257,-1.0676422548339226,0.16646082555317473
2021-04-16 00:00:00+05:30,-1.0690338893129596,-1.0961423007866373,-0.07225027104856817
2021-04-19 00:00:00+05:30,-1.2064136555902127,-1.1854921807036265,0.3339211821366528
2021-04-20 00:00:00+05:30,-1.1328407477188855,-1.09806668716536,0.3238258904643271
2021-04-22 00:00:00+05:30,-1.1413048393131895,-1.0491198743884838,0.06090602501087514
2021-04-23 00:00:00+05:30,-1.0950124892523163,-1.062750836870947,0.11341862556000248
2021-04-26 00:00:00+05:30,-1.0501525064922441,-1.0179128927270822,0.1686133910354218
2021-04-27 00:00:00+05:30,-1.0130403542451278,-0.9341067706150165,0.08667670094457325
2021-04-28 00:00:00+05:30,-0.9036579198064265,-0.6628952696984715,1.9631978058288722
2021-04-29 00:00:00+05:30,-0.6204351334660091,-0.5298819158334968,1.5462353685116752
2021-04-30 00:00:00+05:30,-0.6204355194020282,-0.5513719740641216,0.5548663370539356
2021-05-03 00:00:00+05:30,-0.6423768341131507,-0.4866420265971474,0.5259829198239663
2021-05-04 00:00:00+05:30,-0.45115235603927306,-0.44451069506150276,0.7805816833794079
2021-05-05 00:00:00+05:30,-0.4036230617169904,-0.5101207681993367,0.635162028150602
2021-05-06 00:00:00+05:30,-0.47849830670574106,-0.5012187041451784,-0.046794380925398546
2021-05-07 00:00:00+05:30,-0.46417427130770783,-0.5240451059054201,-0.16450782294531713
2021-05-10 00:00:00+05:30,-0.4739405580111686,-0.5216318685208197,-0.11822133772402962
2021-05-11 00:00:00+05:30,-0.5805560231236546,-0.5691108358781969,-0.23846983371356104
2021-05-12 00:00:00+05:30,-0.5793511957092764,-0.6123507251145462,-0.2631186699647124
2021-05-14 00:00:00+05:30,-0.5846249921642357,-0.6306443504296736,-0.26741304442914826
2021-05-17 00:00:00+05:30,-0.620435062484896,-0.5655890407928917,0.012832062574023868
2021-05-18 00:00:00+05:30,-0.5221206456654672,-0.3969008720151762,0.24577356236510542
2021-05-19 00:00:00+05:30,-0.4088639839009115,-0.4344341608114652,-0.03800094212777107
2021-05-20 00:00:00+05:30,-0.43943240711751164,-0.4621193473875616,-0.2790980835365551
2021-05-21 00:00:00+05:30,-0.41859779873735325,-0.43407551929360383,-0.16263081368515075
2021-05-24 00:00:00+05:30,-0.4355258607102347,-0.45289095186219613,-0.36570910563801506
2021-05-25 00:00:00+05:30,-0.4316195853714531,-0.44261926493036735,-0.3339185860834767
2021-05-26 00:00:00+05:30,-0.431619594000789,-0.343160863817153,0.17264929313081068
2021-05-27 00:00:00+05:30,-0.340499745147549,-0.40117258328332467,-0.06910494388447347
2021-05-28 00:00:00+05:30,-0.3769282074372111,-0.44777142496984207,-0.2672191110604508
2021-05-31 00:00:00+05:30,-0.444641611165151,-0.4365540229724456,-0.18197827724582386
2021-06-01 00:00:00+05:30,-0.42901513986783507,-0.33425847666252817,0.15262480280176477
2021-06-02 00:00:00+05:30,-0.3557681464352534,-0.3187040971027418,-0.11320501228509525
2021-06-03 00:00:00+05:30,-0.3014024315399458,-0.2581486076634869,-0.044495337221769876
2021-06-04 00:00:00+05:30,-0.2525704880162935,-0.1981795455710053,0.023520227220148952
2021-06-07 00:00:00+05:30,-0.32744572291631785,-0.37016140050464746,0.14704217927152788
2021-06-08 00:00:00+05:30,-0.35934898508390944,-0.3534328738494483,-0.18413084272807093
2021-06-09 00:00:00+05:30,-0.33070132687074505,-0.40619485693524965,-0.2635059039668098
2021-06-10 00:00:00+05:30,-0.38278833264368206,-0.1375594360384421,0.925406251060873
2021-06-11 00:00:00+05:30,-0.1286362597128378,-0.11564579309618096,0.42130635587465876
2021-06-14 00:00:00+05:30,-0.1518475842718263,-0.06728637696747755,0.08307137521916355
2021-06-15 00:00:00+05:30,-0.0546402911421396,-0.08880842214429008,-0.268077732859219
2021-06-16 00:00:00+05:30,-0.10607610218598791,-0.14068963335829857,-0.281366123210604
2021-06-17 00:00:00+05:30,-0.24931530913769082,-0.16113575398152707,-0.15791978302728168
2021-06-18 00:00:00+05:30,-0.1386954319894333,-0.13713520512587277,0.10711974567294498
2021-06-21 00:00:00+05:30,-0.1972283306355302,-0.11825450626303904,-0.3477071536875708
2021-06-22 00:00:00+05:30,-0.09956523261847684,-0.18295149748242606,-0.2627153012125277
2021-06-23 00:00:00+05:30,-0.16402266100107776,-0.18373372371192365,-0.3583836127306913
2021-06-24 00:00:00+05:30,-0.179648656991889,-0.16547240844345046,-0.40767179420353084
2021-06-25 00:00:00+05:30,-0.1601163309330001,-0.14447249362056938,-0.4457710010422387
2021-06-28 00:00:00+05:30,-0.1321196347423728,-0.16974476591253201,-0.4880101949327815
2021-06-29 00:00:00+05:30,-0.1711847233963806,-0.1597334979567359,-0.33564816801931513
2021-06-30 00:00:00+05:30,-0.1646739530156015,-0.1835708810767866,-0.36231321529609267
2021-07-01 00:00:00+05:30,-0.17118529967753696,-0.21533294933970684,-0.39559287737340254
2021-07-02 00:00:00+05:30,-0.19722815493326534,-0.19537535662188946,-0.4934463402416368
2021-07-05 00:00:00+05:30,-0.17834656901234713,-0.14649381013925458,-0.4770328702556785
2021-07-06 00:00:00+05:30,-0.16141863909390483,-0.061905784898157776,0.3544490133948955
2021-07-07 00:00:00+05:30,-0.05398925011136858,-0.06438396547653301,-0.13385432872046654
2021-07-08 00:00:00+05:30,-0.07353056772352223,-0.11063321245825224,-0.39244217195927866
2021-07-09 00:00:00+05:30,-0.13678839676506552,-0.09864650825001985,-0.292158689180824
2021-07-12 00:00:00+05:30,-0.07679149796984236,-0.08989307041047075,-0.44047310839589693
2021-07-13 00:00:00+05:30,-0.07026993810903273,-0.08679001352980377,-0.43307421819405795
2021-07-14 00:00:00+05:30,-0.0930947349199116,-0.10011596917185173,-0.504431890477608
2021-07-15 00:00:00+05:30,-0.10359459350045101,-0.10285973833372426,-0.47456172255111767
2021-07-16 00:00:00+05:30,-0.10939837854103597,-0.10563581754225099,-0.44541445470207225
2021-07-19 00:00:00+05:30,-0.1335277984232262,-0.1775253482473239,-0.3418322064498683
2021-07-20 00:00:00+05:30,-0.17787294657023917,-0.22557071072254875,-0.3066189053032618
2021-07-22 00:00:00+05:30,-0.2365656800653849,-0.05984408082115487,0.3535625512430354
2021-07-23 00:00:00+05:30,-0.06766161244178072,-0.06941399353965497,-0.44838261598285445
2021-07-26 00:00:00+05:30,-0.09309492704073381,-0.0814659640421288,-0.5180584778455306
2021-07-27 00:00:00+05:30,-0.07353083146456159,-0.036392479658154994,-0.09569944117557477
2021-07-28 00:00:00+05:30,-0.02272930151791203,-0.01643617934220378,-0.3865599482656544
2021-07-29 00:00:00+05:30,-0.001828011347752811,0.07377637882045181,-0.28041512205839436
2021-07-30 00:00:00+05:30,0.080928484795873,-0.03858083911804227,-0.305021881412259
2021-08-02 00:00:00+05:30,-0.014838398355179836,-0.05661049135200503,-0.4298131004705126
2021-08-03 00:00:00+05:30,-0.0507059078078095,0.029225347890876014,-0.4047330551140845
2021-08-04 00:00:00+05:30,0.03276802633062058,0.04702624499452721,-0.23377398870283306
2021-08-05 00:00:00+05:30,0.03994153195516741,-0.0254180492115979,-0.47596101666163776
2021-08-06 00:00:00+05:30,-0.00505602230288871,-0.04106322000248254,-0.5192331509254223
2021-08-09 00:00:00+05:30,-0.04418455996333622,-0.06141176428481544,-0.4713382525777762
2021-08-10 00:00:00+05:30,-0.044184305895014556,-0.07646856912612755,-0.51884718239392
2021-08-11 00:00:00+05:30,-0.07607395228460273,-0.07797130939601324,-0.49957406523070846
2021-08-12 00:00:00+05:30,-0.07287886292163445,-0.05726380049535245,-0.49872841450553995
2021-08-13 00:00:00+05:30,-0.05396678663212779,-0.08532055260797189,-0.5388027045755336
2021-08-16 00:00:00+05:30,-0.0937470501504865,0.058784517172914594,-0.29981763358995384
2021-08-17 00:00:00+05:30,0.07642874773188735,0.08030882405299292,-0.2430483063265945
2021-08-18 00:00:00+05:30,0.09211245207792056,0.1678428793480174,-0.06874428476487299
2021-08-20 00:00:00+05:30,0.11686126562258159,0.24427197160800193,-0.06526360789307958
2021-08-23 00:00:00+05:30,0.2916670947984407,0.30378223103799423,-0.2001602423884196
2021-08-24 00:00:00+05:30,0.3144923124294989,0.45265594060457043,0.07971439809804014
2021-08-25 00:00:00+05:30,0.4644839029966943,0.42969415974884784,-0.27250498173613924
2021-08-26 00:00:00+05:30,0.39600935086721883,0.421202110186731,-0.3595310781927886
2021-08-27 00:00:00+05:30,0.4286164119744662,0.44383691337031334,-0.4540244002634118
2021-08-30 00:00:00+05:30,0.45858230585928367,0.573766273282147,-0.27417698475990115
2021-08-31 00:00:00+05:30,0.5655655382337949,0.8082793770079468,0.18204288135815933
2021-09-01 00:00:00+05:30,0.8035965532923975,0.8050787437863843,-0.04531441306444149
2021-09-02 00:00:00+05:30,0.7872929366887336,0.7912626447365925,-0.3757322654864207
2021-09-03 00:00:00+05:30,0.7872929443169298,0.807560801570358,-0.47163310722643204
2021-09-06 00:00:00+05:30,0.8199002529742473,0.7964235284886639,-0.466310537903486
2021-09-07 00:00:00+05:30,0.8061401205236235,0.764381978322185,-0.4856273138022282
2021-09-08 00:00:00+05:30,0.7592509371372858,0.768235920687095,-0.4782739805418124
2021-09-09 00:00:00+05:30,0.7416434141925254,0.746973002084449,-0.5285194905198372
2021-09-13 00:00:00+05:30,0.7420667839187275,0.7567057574380861,-0.49620917891836575
2021-09-14 00:00:00+05:30,0.7742502495293733,0.7384153631276242,-0.5225648186346439
2021-09-15 00:00:00+05:30,0.7514250101922313,0.7361940474201496,-0.5421717036673104
2021-09-16 00:00:00+05:30,0.7514251838653908,0.7344631982208855,-0.5675298361870094
2021-09-17 00:00:00+05:30,0.7517517359226873,0.7457646063395829,0.3492529911314584
2021-09-20 00:00:00+05:30,0.6959934479605949,0.7546812099147355,-0.40723362500998117
2021-09-21 00:00:00+05:30,0.7750002924973116,0.9972947654372036,-0.11955198005476614
2021-09-22 00:00:00+05:30,1.0155417736700758,0.984099019283172,-0.27539215289883573
2021-09-23 00:00:00+05:30,1.0244112258809983,1.0529507594018193,-0.08284890365009068
2021-09-24 00:00:00+05:30,1.0806580927315192,0.9839358535475684,-0.3928262422848883
2021-09-27 00:00:00+05:30,1.0148893720415348,0.9852747818809174,-0.5442309406931696
2021-09-28 00:00:00+05:30,0.9927170355862759,0.8205604257411988,-0.25268961042293187
2021-09-29 00:00:00+05:30,0.8062050774162742,0.8023349746245118,-0.45086926570220515
2021-09-30 00:00:00+05:30,0.8166392516198449,0.9020848123585468,-0.27850331235686304
2021-10-01 00:00:00+05:30,0.8655496464133349,0.8071362475573222,-0.4534441819955633
2021-10-04 00:00:00+05:30,0.8446813843281094,0.9196895874790071,-0.4052114029990283
2021-10-05 00:00:00+05:30,0.9066346624144012,0.9387318365751117,-0.5054857111156686
2021-10-06 00:00:00+05:30,0.9894560396066912,0.9458843116029464,-0.19184262053454573
2021-10-07 00:00:00+05:30,1.0128678492452978,0.9542131954294597,-0.45255518890251295
2021-10-08 00:00:00+05:30,0.9503275789043583,0.9439573404204914,-0.5107601925560012
2021-10-11 00:00:00+05:30,0.9659141391762435,0.9994178586028494,-0.4626479496336485
2021-10-12 00:00:00+05:30,0.9894564809726798,1.024665575259355,-0.4022846858802353
2021-10-13 00:00:00+05:30,1.0533005361017984,1.0727109377345798,-0.41715744541667227
2021-10-14 00:00:00+05:30,1.0931464460636893,1.029335992503216,-0.39108527111369407
2021-10-18 00:00:00+05:30,1.1459695526943698,1.03106684170248,-0.47958943722540787
2021-10-19 00:00:00+05:30,1.0416274393296938,0.9485954476176982,-0.3562405382779074
2021-10-20 00:00:00+05:30,0.944458688588481,0.962999589516596,-0.4011932174919707
2021-10-21 00:00:00+05:30,1.0024989415637486,0.9472888293310034,-0.5478100079037311
2021-10-22 00:00:00+05:30,0.9542405109547237,0.9295861547691809,-0.2700661035317532
2021-10-25 00:00:00+05:30,0.9503280384158607,0.8880729144260306,-0.3800503675245145
2021-10-26 00:00:00+05:30,0.9144602610045187,1.0245999858646468,-0.2247625725952014
2021-10-27 00:00:00+05:30,1.0285847116859776,0.7806148688617092,0.23449505568637113
2021-10-28 00:00:00+05:30,0.8133784301670964,0.7819864303421789,-0.2526892940552831
2021-10-29 00:00:00+05:30,0.7742499898559763,0.7270816449622727,-0.450092583124469
2021-11-01 00:00:00+05:30,0.7416431687614625,0.7360638379321334,-0.4219421897367053
2021-11-02 00:00:00+05:30,0.7655768865978488,0.7631079931826109,-0.5327335076014849
2021-11-03 00:00:00+05:30,0.7781631789956237,0.8028903843264971,-0.5385584687506814
2021-11-04 00:00:00+05:30,0.8270736247913795,0.8086716209743285,-0.7203657818383367
2021-11-08 00:00:00+05:30,0.8159219871531735,0.9057103226936117,-0.4652886703979513
2021-11-09 00:00:00+05:30,0.9177208542457278,0.8429012075002281,-0.4969425191282201
2021-11-10 00:00:00+05:30,0.8166394405533721,0.8454818109264971,-0.6030073043203407
2021-11-11 00:00:00+05:30,0.8330734788651678,0.7613771439833468,-0.5494111445741681
2021-11-12 00:00:00+05:30,0.7872929785065987,0.8439464375094907,-0.5928395644564461
2021-11-15 00:00:00+05:30,0.8388120842784702,0.8146486565048844,-0.6227711077067982
2021-11-16 00:00:00+05:30,0.8035963330890686,0.8286605544374005,-0.5609114249746917
2021-11-17 00:00:00+05:30,0.8055530046515101,0.8625964426392136,-0.5458760524667858
2021-11-18 00:00:00+05:30,0.86554968838666,0.782443940602802,-0.5057084339404043
2021-11-22 00:00:00+05:30,0.7820758350924777,0.5037387705657542,-0.13786650324219749
2021-11-23 00:00:00+05:30,0.46122361407352724,0.5403205284880778,-0.3744000413174403
2021-11-24 00:00:00+05:30,0.5655657305215532,0.5814744811124336,-0.4023065152480006
2021-11-25 00:00:00+05:30,0.5590443370517358,0.5478326143351735,-0.5553949222830483
2021-11-26 00:00:00+05:30,0.4749181703548232,0.3396121341746751,-0.21574388003164802
2021-11-29 00:00:00+05:30,0.3092748886824074,0.40408715537354795,-0.2781527770020233
2021-11-30 00:00:00+05:30,0.4025306636791397,0.463858479980506,-0.055517269737349786
2021-12-01 00:00:00+05:30,0.4822223913919348,0.4909355914785708,-0.3904781615956999
2021-12-02 00:00:00+05:30,0.5199156253760082,0.5835646180304922,-0.48192865962043063
2021-12-03 00:00:00+05:30,0.5655656075610609,0.510891891794522,-0.4918287524534638
2021-12-06 00:00:00+05:30,0.5063836044531512,0.43413582186239724,-0.4785912972935311
2021-12-07 00:00:00+05:30,0.4925258926285912,0.5330365515703606,-0.4085617363995275
2021-12-08 00:00:00+05:30,0.539480331135684,0.701801618259113,-0.3063487273312102
2021-12-09 00:00:00+05:30,0.722079221522801,0.7532766921866786,-0.40940264160996437
2021-12-10 00:00:00+05:30,0.705123539110494,0.7612462882943973,-0.5352552741298492
2021-12-13 00:00:00+05:30,0.7677291012262132,0.6085515926104984,-0.3392800686272217
2021-12-14 00:00:00+05:30,0.5786084528115862,0.5087035323346347,-0.34627748828276855
2021-12-15 00:00:00+05:30,0.508503608241506,0.36587277079378894,-0.17510772101743471
2021-12-16 00:00:00+05:30,0.4253556516257468,0.4845010456873919,-0.19067617301352208
2021-12-17 00:00:00+05:30,0.4612230514662522,0.4010493647871224,-0.21845546714927586
2021-12-20 00:00:00+05:30,0.3634025717817002,0.22666719648754158,-0.045779473508136846
2021-12-21 00:00:00+05:30,0.28198268720514774,0.1896935176993029,-0.3149222906129409
2021-12-22 00:00:00+05:30,0.22319280498303554,0.3161941354601956,-0.34899287181218164
2021-12-23 00:00:00+05:30,0.3568812366258857,0.4119262188927839,-0.32637226855730983
2021-12-24 00:00:00+05:30,0.4513763099809914,0.3689758276744559,-0.43982961659829395
2021-12-27 00:00:00+05:30,0.2988405952982992,0.3942884875247363,-0.46147359292140555
2021-12-28 00:00:00+05:30,0.44818042345839254,0.40467487512218736,-0.47725907312455074
2021-12-29 00:00:00+05:30,0.38616225858258724,0.4079414208389245,-0.581687288469572
2021-12-30 00:00:00+05:30,0.3959440390318161,0.3814523521899656,-0.5416310313555583
2021-12-31 00:00:00+05:30,0.38427077404563353,0.45082622266254446,-0.5065411135919732
2022-01-03 00:00:00+05:30,0.44491991078283444,0.6091066792120172,-0.34841486811787453
2022-01-04 00:00:00+05:30,0.6242581409499536,0.6897163684085854,-0.4466634741794255
2022-01-05 00:00:00+05:30,0.7676634548907866,0.9038482947049317,0.06714574414761221
2022-01-06 00:00:00+05:30,0.8035964729382477,0.9544419505597712,-0.2641785015880998
2022-01-07 00:00:00+05:30,0.959425155332861,0.8963688420049566,-0.38124560450157646
2022-01-10 00:00:00+05:30,0.9085911144186505,0.9433696206718519,-0.5479368713308889
2022-01-11 00:00:00+05:30,0.9431545579776529,0.903228264909638,-0.4217530018827394
2022-01-12 00:00:00+05:30,0.9346765048891064,0.971589538520075,-0.28872293651515624
2022-01-13 00:00:00+05:30,1.0011951443913434,0.9937022113497259,-0.5551139878109385
2022-01-14 00:00:00+05:30,0.9666315008094297,1.0092817927459026,-0.5699006953469093
2022-01-17 00:00:00+05:30,0.9956516214893043,1.0226077483879505,-0.5350562788787714
2022-01-18 00:00:00+05:30,1.048116092538644,0.951665548250778,-0.3926117450190207
2022-01-19 00:00:00+05:30,1.015541606297235,0.8391774746233345,0.8318237514510655
2022-01-20 00:00:00+05:30,0.8590284500416849,0.8120357430319612,0.17063624578167222
2022-01-21 00:00:00+05:30,0.7237097286058838,0.7098038475139525,-0.31654873669527955
2022-01-24 00:00:00+05:30,0.6894722839502208,0.42107157759824815,0.04162120224465898
2022-01-25 00:00:00+05:30,0.39600921991043847,0.4419748853816332,0.049009019578790905
2022-01-27 00:00:00+05:30,0.3461859751741803,0.3591768367251777,-0.1929824931730725
2022-01-28 00:00:00+05:30,0.43582231640732766,0.37893733815840464,-0.28583829629365
2022-01-31 00:00:00+05:30,0.44811501942824344,0.4658180843100817,-0.3542600767965925
2022-02-01 00:00:00+05:30,0.5107207683530146,0.47519252124632405,-0.31243627362888776
2022-02-02 00:00:00+05:30,0.5264373393507596,0.6272994971815835,-0.3262387614095279
2022-02-03 00:00:00+05:30,0.6262146412389966,0.5379360470449996,-0.484411512927996
2022-02-04 00:00:00+05:30,0.5199158403971545,0.5691281660849402,-0.4896784015447581
2022-02-07 00:00:00+05:30,0.5688264630370173,0.4203203690135386,-0.37584805604587135
2022-02-08 00:00:00+05:30,0.4612234675112135,0.5015833673534542,-0.23110036570305792
2022-02-09 00:00:00+05:30,0.5450556609421193,0.5423127659647742,-0.5447396598723955
2022-02-10 00:00:00+05:30,0.5492621177645913,0.5551489012995449,-0.3564901523527888
2022-02-11 00:00:00+05:30,0.487309147297212,0.47323291691674835,-0.346283815635744
2022-02-14 00:00:00+05:30,0.33731675132372724,0.32582899137247057,-0.3800386619215099
2022-02-15 00:00:00+05:30,0.33079557222738226,0.5584477570629361,-0.3240245042357702
2022-02-16 00:00:00+05:30,0.5818690777951916,0.5104673377814862,-0.41665030807569015
2022-02-17 00:00:00+05:30,0.5394800444274213,0.5195147970455882,-0.46423991164227096
2022-02-18 00:00:00+05:30,0.4742660229398473,0.48531752056634286,-0.5088790705164008
2022-02-21 00:00:00+05:30,0.46122305197201185,0.4698028823639411,-0.4917487114383244
2022-02-22 00:00:00+05:30,0.3307955369312238,0.4730694280806782,-0.351892697680829
2022-02-23 00:00:00+05:30,0.5003515229064236,0.4947565775958936,-0.4985303683574085
2022-02-24 00:00:00+05:30,0.33079545456166687,0.22251890959761203,-0.13951256411876004
2022-02-25 00:00:00+05:30,0.33079532692959457,0.44566566201093966,-0.30299839393071104
2022-02-28 00:00:00+05:30,0.3699238185238322,0.46715733574389723,-0.24997201231997737
2022-03-02 00:00:00+05:30,0.40774790205895994,0.35561659268435414,-0.2413927544205688
2022-03-03 00:00:00+05:30,0.40905219063333204,0.3012672170064332,-0.3280806538606805
2022-03-04 00:00:00+05:30,0.2580167764457214,0.16379281499991658,-0.11848392287251068
2022-03-07 00:00:00+05:30,0.03733303364527456,-0.10592983896680398,0.14950446868192308
2022-03-08 00:00:00+05:30,-0.10744222624629694,-0.08185820800851049,0.1628536016218724
2022-03-09 00:00:00+05:30,-0.04777170335964014,0.12107053271096707,-0.02875509759239913
2022-03-10 00:00:00+05:30,0.32688243110359405,0.1944947906321133,-0.08841254512140123
2022-03-11 00:00:00+05:30,0.1677607124948888,0.22264976528656144,-0.34998215344989275
2022-03-14 00:00:00+05:30,0.20101972266392118,0.2471136402112366,-0.3493256905786902
2022-03-15 00:00:00+05:30,0.2507131298056403,0.24783221564882546,-0.2821216091558724
2022-03-16 00:00:00+05:30,0.3177530774631019,0.36152900812160166,-0.23329785539143066
2022-03-17 00:00:00+05:30,0.4271165338339844,0.4619967750922924,-0.22156631023965437
2022-03-21 00:00:00+05:30,0.4612231275389709,0.3809948419293425,-0.44576309185101937
2022-03-22 00:00:00+05:30,0.3764453618574195,0.456379027280531,-0.34712693541972234
2022-03-23 00:00:00+05:30,0.4938304561465344,0.4687906086022658,-0.3778291502624838
2022-03-24 00:00:00+05:30,0.4410071564393239,0.4640546019636968,-0.5021723927300757
2022-03-25 00:00:00+05:30,0.49969955305696223,0.44834416487857076,-0.527906686384165
2022-03-28 00:00:00+05:30,0.4547020577270765,0.4665696159952578,-0.4536868359821717
2022-03-29 00:00:00+05:30,0.487308962226715,0.49136014549160667,-0.5236113628167829
2022-03-30 00:00:00+05:30,0.5264371301085262,0.6301734758314724,-0.3476147743341293
2022-03-31 00:00:00+05:30,0.6490072649182568,0.6354652152724931,-0.2334829304659625
2022-04-01 00:00:00+05:30,0.6111830370339054,0.732242528714344,-0.4743962622708097
2022-04-04 00:00:00+05:30,0.7540340018938516,0.7861673503792291,-0.41800499434773336
2022-04-05 00:00:00+05:30,0.7449040439678746,0.7194063933795734,-0.4109427193241882
2022-04-06 00:00:00+05:30,0.6894722466938118,0.6922969718348544,-0.5074509869498425
2022-04-07 00:00:00+05:30,0.663386796667185,0.65522571670572,-0.5228786553422261
2022-04-08 00:00:00+05:30,0.6753207266743783,0.705133107169625,-0.47108705666465095
2022-04-11 00:00:00+05:30,0.6862440272408447,0.6855684046191224,-0.5610825798726776
2022-04-12 00:00:00+05:30,0.656832743258884,0.6449695385962853,-0.4952496358396392
2022-04-13 00:00:00+05:30,0.6653427859537091,0.6802117219843268,-0.5374154324356668
2022-04-18 00:00:00+05:30,0.6343667130074844,0.6364451789875143,-0.5102378695678781
2022-04-19 00:00:00+05:30,0.6568652556831847,0.6352035038945943,-0.37328611082611285
2022-04-20 00:00:00+05:30,0.6405293619072757,0.48688552713047,-0.2571567216235975
2022-04-21 00:00:00+05:30,0.5257853722089393,0.5558677998376003,-0.4731845741760116
2022-04-22 00:00:00+05:30,0.5133947432684408,0.5380016364397077,-0.49449383352672205
2022-04-25 00:00:00+05:30,0.4612236049524348,0.4692481188628889,-0.5334178108257794
2022-04-26 00:00:00+05:30,0.546653694350876,0.6227919225728595,-0.42981816235289294
2022-04-27 00:00:00+05:30,0.5264373244280167,0.2788938021002832,0.5104068750043084
2022-04-28 00:00:00+05:30,0.2968840300049913,0.2877448162807279,0.04051771188574102
2022-04-29 00:00:00+05:30,0.33079525788988945,0.2512612809002331,-0.32696767247229935
2022-05-02 00:00:00+05:30,0.16776055377428675,0.22144104644122875,-0.35821720334743706
2022-05-04 00:00:00+05:30,0.21986688842428398,0.03435359849582668,-0.22838814585013256
2022-05-05 00:00:00+05:30,0.06993970365203023,0.014560140815012503,-0.27998359658546884
2022-05-06 00:00:00+05:30,-0.059835670720487316,-0.18738895928991048,0.21950935289932244
2022-05-09 00:00:00+05:30,-0.21634919491711843,-0.1634475378196333,-0.1377383743444447
2022-05-10 00:00:00+05:30,-0.19091614406922558,-0.2343244716625644,-0.37745488733398613
2022-05-11 00:00:00+05:30,-0.21895769095173825,-0.3136601757195585,-0.16124733795706928
2022-05-12 00:00:00+05:30,-0.3539509346753126,-0.4531927276979461,0.03892005525944065
2022-05-13 00:00:00+05:30,-0.38655772943827404,-0.503916593040802,-0.08406122448018633
2022-05-16 00:00:00+05:30,-0.46807494993900745,-0.41922388324854576,-0.30246879448666614
2022-05-17 00:00:00+05:30,-0.41264330178211,-0.2938673642396774,-0.30664010193572955
2022-05-18 00:00:00+05:30,-0.26268384668565603,-0.30830381618522934,-0.22649658367812267
2022-05-19 00:00:00+05:30,-0.4185124387905246,-0.3789843049445031,-0.4131753258215747
2022-05-20 00:00:00+05:30,-0.2952581178024588,-0.33809141749711297,-0.4025501183375553
2022-05-23 00:00:00+05:30,-0.3050403341162937,-0.32215254838214186,-0.44386425322308776
2022-05-24 00:00:00+05:30,-0.33243024189731246,-0.3190171814548207,-0.407150420318354
2022-05-25 00:00:00+05:30,-0.2959102115175409,-0.30033422007751054,-0.4756348416157535
2022-05-26 00:00:00+05:30,-0.2887365664626582,-0.30660527703261936,-0.3516351744147283
2022-05-27 00:00:00+05:30,-0.2561296885239999,-0.19183094450392646,-0.23576267574301604
2022-05-30 00:00:00+05:30,-0.13352770783449075,-0.11494466508378536,-0.49148928996633107
2022-05-31 00:00:00+05:30,-0.11918048635086427,-0.13392132478518198,-0.26007204950703466
2022-06-01 00:00:00+05:30,-0.1517875750734847,-0.18095473659919806,-0.46930052855203347
2022-06-02 00:00:00+05:30,-0.18635083067906413,-0.14979492760591165,-0.5125831029482275
2022-06-03 00:00:00+05:30,-0.1093987950905024,-0.16916383127368995,-0.41999621232910656
2022-06-06 00:00:00+05:30,-0.1855681275586308,-0.17386688166467168,-0.5167439702648815
2022-06-07 00:00:00+05:30,-0.20395885002330208,-0.26688847528344123,-0.4663386946242267
2022-06-08 00:00:00+05:30,-0.2561298728954834,-0.2174382719796929,-0.32803414781631096
2022-06-09 00:00:00+05:30,-0.2528689864610689,-0.25385621796547975,-0.35855476762867716
2022-06-10 00:00:00+05:30,-0.3050403437860993,-0.40478743130299377,-0.06932608487096534
2022-06-13 00:00:00+05:30,-0.5006495095971661,-0.6068017977021581,-0.13864413492287994
2022-06-14 00:00:00+05:30,-0.6167628705069752,-0.5953701800954445,-0.1539069757702532
2022-06-15 00:00:00+05:30,-0.5704611287141658,-0.5240363821928234,-0.22496251694922553
2022-06-16 00:00:00+05:30,-0.47459675086003666,-0.6553705829331806,-0.06053264607333786
2022-06-17 00:00:00+05:30,-0.6995845135357073,-0.5667583413813063,-0.13701357606110723
2022-06-20 00:00:00+05:30,-0.5639394476982742,-0.5335080723694948,-0.39595511833124686
2022-06-21 00:00:00+05:30,-0.5006819336679865,-0.48209826473617073,-0.4330008208995428
2022-06-22 00:00:00+05:30,-0.49644325470239503,-0.5536608177691034,-0.46590716915130126
2022-06-23 00:00:00+05:30,-0.5524619158007376,-0.5480757031044627,-0.4015228725819915
2022-06-24 00:00:00+05:30,-0.5104640724056941,-0.456883181226786,-0.33727619593989766
2022-06-27 00:00:00+05:30,-0.38655788950404835,-0.4219676524104183,-0.4182425864519614
2022-06-28 00:00:00+05:30,-0.44720670719011996,-0.4643955901743482,-0.516160904688194
2022-06-29 00:00:00+05:30,-0.5267677842904747,-0.5058438873237237,-0.5109465331011281
2022-06-30 00:00:00+05:30,-0.4955481799981009,-0.5663573737023281,-0.371019336622659
2022-07-01 00:00:00+05:30,-0.5929395589113297,-0.4261204627068794,-0.36354831459689996
2022-07-04 00:00:00+05:30,-0.4300312152376806,-0.4156962723548429,-0.5002419173372669
2022-07-05 00:00:00+05:30,-0.39920334144814057,-0.39550281629645007,-0.361471993718007
2022-07-06 00:00:00+05:30,-0.38611319767246693,-0.22792675932457118,-0.04684468338155335
2022-07-07 00:00:00+05:30,-0.21921208138339604,-0.2646413115386434,-0.3276858270350126
2022-07-08 00:00:00+05:30,-0.22379379210495817,-0.2564461913052784,-0.49598234331419594
2022-07-11 00:00:00+05:30,-0.27484605400135337,-0.26411724258191266,-0.5092523843419522
2022-07-12 00:00:00+05:30,-0.2749767103413455,-0.2562167899740338,-0.44151522343095306
2022-07-13 00:00:00+05:30,-0.22251754085912837,-0.25270953440972305,-0.4695175567590913
2022-07-14 00:00:00+05:30,-0.22575713267224692,-0.2842115067970772,-0.5308973097680101
2022-07-15 00:00:00+05:30,-0.271573368473067,-0.22891027714472428,-0.5698298289935843
2022-07-18 00:00:00+05:30,-0.19636979412832953,-0.1341080768548431,-0.444366961416987
2022-07-19 00:00:00+05:30,-0.15048832942539575,-0.13007578303240208,-0.44053005457267597
2022-07-20 00:00:00+05:30,-0.07914622899845875,-0.12453590243307722,-0.4884496295969263
2022-07-21 00:00:00+05:30,-0.12496218883771293,0.001670693903262454,-0.33077167708113814
2022-07-22 00:00:00+05:30,0.0007044417626829988,-0.00400036548547835,-0.4485230832189094
2022-07-25 00:00:00+05:30,-0.019585527599576897,-0.024488489169357284,-0.5210573267882437
2022-07-26 00:00:00+05:30,0.019685305533289944,6.456148408341256e-05,-0.2659438330682495
2022-07-27 00:00:00+05:30,0.005940385534724162,0.08654046275118367,-0.2929670085234373
2022-07-28 00:00:00+05:30,0.16498758645011916,0.5325254066322915,1.301776820834685
2022-07-29 00:00:00+05:30,0.5923847672953511,0.6193945211671731,0.07458038389376244
2022-08-01 00:00:00+05:30,0.6421605499499906,0.6534212006000844,-0.36190731560271777
2022-08-02 00:00:00+05:30,0.609696962430639,0.7064607269866451,-0.35493235805023376
2022-08-03 00:00:00+05:30,0.6912163009472125,0.6765971970651241,-0.36458252044073675
2022-08-04 00:00:00+05:30,0.6996922836919396,0.6899060283824454,-0.4497297094313271
2022-08-05 00:00:00+05:30,0.7003470313570749,0.6820718113702076,-0.5102834265093013
2022-08-08 00:00:00+05:30,0.6741990623948347,0.706657495170769,-0.44719845187349955
2022-08-10 00:00:00+05:30,0.7193606165939646,0.5802541306503054,-0.1469525821149394
2022-08-11 00:00:00+05:30,0.6375461900867321,0.6914142613602623,-0.4251890709160559
2022-08-12 00:00:00+05:30,0.6755079756409774,0.6851528974191498,-0.42206019486969737
2022-08-16 00:00:00+05:30,0.6997252287809748,0.6698773535619889,-0.49560839675334706
2022-08-17 00:00:00+05:30,0.6741992983146573,0.8278815592125683,-0.008418036026366132
2022-08-18 00:00:00+05:30,0.798556473957774,0.802410257033216,-0.48583580008276916
2022-08-19 00:00:00+05:30,0.8116471227718356,0.680105098830368,-0.4019752783197359
2022-08-22 00:00:00+05:30,0.6486731865934345,0.5493091834672692,-0.41449236434341397
2022-08-23 00:00:00+05:30,0.5334784021381014,0.618476592741728,-0.4057160093988202
2022-08-24 00:00:00+05:30,0.5858396156253993,0.5982834597838016,-0.44858604038101507
2022-08-25 00:00:00+05:30,0.617125555035982,0.5132172458522231,-0.3216593396935481
2022-08-26 00:00:00+05:30,0.5563864225466822,0.523018498504767,-0.5099477604339538
2022-08-29 00:00:00+05:30,0.39995769301487055,0.45893184406667736,-0.43478007255623846
2022-08-30 00:00:00+05:30,0.4778446945303956,0.6830876392370149,-0.20236184485622638
2022-09-01 00:00:00+05:30,0.6274667394824472,0.6011681007490863,-0.2874021015815317
2022-09-02 00:00:00+05:30,0.6199400308793747,0.6071018408171256,-0.4633686351375519
2022-09-05 00:00:00+05:30,0.6026607001329874,0.6109370433549762,-0.5264349440820761
2022-09-06 00:00:00+05:30,0.6275648900750866,0.5605527566024556,-0.499581658054279
2022-09-07 00:00:00+05:30,0.528896896747458,0.5914650706383711,-0.49955350133353826
2022-09-08 00:00:00+05:30,0.6218379738443159,0.6512247636285335,-0.5057995478232508
2022-09-09 00:00:00+05:30,0.6741991110497968,0.600906066270721,-0.544600141739287
2022-09-12 00:00:00+05:30,0.6197761353293566,0.6704014225187196,-0.4860376426426859
2022-09-13 00:00:00+05:30,0.6938343780449053,0.7468140366549104,-0.3126732329978183
2022-09-14 00:00:00+05:30,0.6559707456359658,0.7992635815895659,-0.27765513069050435
2022-09-15 00:00:00+05:30,0.7985242078786213,0.7355701404192575,-0.5231463023730875
2022-09-16 00:00:00+05:30,0.7298327907989137,0.6620098572016972,-0.37457499262721144
2022-09-19 00:00:00+05:30,0.6578360103473138,0.8075569243647596,-0.22870388076360737
2022-09-20 00:00:00+05:30,0.850885009734744,0.8988845022374508,-0.23967139804359844
2022-09-21 00:00:00+05:30,0.8967337588749822,0.9351076186419128,-0.35805237580242666
2022-09-22 00:00:00+05:30,0.9163691165619204,0.9540548762008542,-0.34483548453966417
2022-09-23 00:00:00+05:30,0.9456914745811968,0.8148018061260252,-0.30329894319704476
2022-09-26 00:00:00+05:30,0.7638677591476613,0.6524380058803979,-0.15686058413919188
2022-09-27 00:00:00+05:30,0.6905619206317696,0.6415217335178183,-0.3885606572764907
2022-09-28 00:00:00+05:30,0.5950030070006272,0.6150675597192459,-0.47516946480440936
2022-09-29 00:00:00+05:30,0.68238067137082,0.5509809052811563,-0.4433545849409155
2022-09-30 00:00:00+05:30,0.5308606647615209,0.7024287562646706,-0.23802154075525062
2022-10-03 00:00:00+05:30,0.6984162684495142,0.5949400161560275,-0.4906306681675629
2022-10-04 00:00:00+05:30,0.6971069932068018,0.8027055708596351,-0.37316430928133554
2022-10-06 00:00:00+05:30,0.8378274739409983,0.7472728393173997,-0.27238064925017175
2022-10-07 00:00:00+05:30,0.7301272673856214,0.7085912514630214,-0.43653243296278854
2022-10-10 00:00:00+05:30,0.6512910830145549,0.6746631176724053,-0.543490956762691
2022-10-11 00:00:00+05:30,0.6787806615648774,0.6152640048029033,-0.5184684903183395
2022-10-12 00:00:00+05:30,0.6120203011340651,0.6306057842557052,-0.5157714561125553
2022-10-13 00:00:00+05:30,0.6221651254099436,0.5817290842800685,-0.5575560296918122
2022-10-14 00:00:00+05:30,0.6741990636658367,0.6609607499868362,-0.48467852722355986
2022-10-17 00:00:00+05:30,0.6447133681876638,0.7151805623776738,-0.5547890782356493
2022-10-18 00:00:00+05:30,0.7396503346656442,0.7382580132004184,-0.46317723271004463
2022-10-19 00:00:00+05:30,0.7507772240971554,0.7317019816338197,-0.5516962681012507
2022-10-20 00:00:00+05:30,0.7199822563037808,0.7657939273609725,-0.4255044894618819
2022-10-21 00:00:00+05:30,0.7985568684133378,0.6086753400891839,0.005042141958302286
2022-10-24 00:00:00+05:30,0.6807441232966909,0.6176898431056987,-0.6780196556825088
2022-10-25 00:00:00+05:30,0.6365973415228893,0.5497679861297585,-0.4622521737050343
2022-10-27 00:00:00+05:30,0.5995844819987366,0.46335735115689974,-0.23081057293678245
2022-10-28 00:00:00+05:30,0.4778449035033651,0.48679570520077137,-0.4844706736783165
2022-10-31 00:00:00+05:30,0.5393693458397163,0.5767795082331154,-0.49101410575787496
2022-11-01 00:00:00+05:30,0.606751646389246,0.619656878746005,-0.5088078877954271
2022-11-02 00:00:00+05:30,0.6133294435719486,0.584712593988115,-0.5647505463925442
2022-11-03 00:00:00+05:30,0.5465689426996563,0.5620280333326853,-0.5500714038571559
2022-11-04 00:00:00+05:30,0.557433689499889,0.6212956443123047,-0.458447536360898
2022-11-07 00:00:00+05:30,0.6402297441292617,0.6069047495325351,-0.5215410529232166
2022-11-09 00:00:00+05:30,0.6316555044023328,0.5767135957379409,-0.531936893861876
2022-11-10 00:00:00+05:30,0.5812582308324346,0.4659799576438191,-0.43115861208074135
2022-11-11 00:00:00+05:30,0.5753673960539807,0.5160362974227998,-0.35992527228315896
2022-11-14 00:00:00+05:30,0.5137777255151067,0.4992195643402348,-0.47960145919606123
2022-11-15 00:00:00+05:30,0.5008510975232193,0.499186931193114,-0.5224816139430168
2022-11-16 00:00:00+05:30,0.48504466256537776,0.41349745646157643,-0.3273830631951375
2022-11-17 00:00:00+05:30,0.3927582149675891,0.41349745646157643,-0.5179186433447732
2022-11-18 00:00:00+05:30,0.4188732099279866,0.3456082326327569,-0.33007693372443403
2022-11-21 00:00:00+05:30,0.31225298335160717,0.2719167706257806,-0.4110483861188782
2022-11-22 00:00:00+05:30,0.2685642396687579,0.27581756255833917,-0.4467912867095295
2022-11-23 00:00:00+05:30,0.29359937595061414,0.33810131639312585,-0.46738745337990706
2022-11-24 00:00:00+05:30,0.3560728448228595,0.33239762385726435,-0.511380273147595
2022-11-25 00:00:00+05:30,0.32730663301872026,0.3167608536785098,-0.47833662133626936
2022-11-28 00:00:00+05:30,0.3004717684191532,0.3363969614321181,-0.5590116372438138
2022-11-29 00:00:00+05:30,0.3305793063375277,0.30800838514036033,-0.5343963359634323
2022-11-30 00:00:00+05:30,0.30439880531948305,0.29935446224450607,-0.28099502395859405
2022-12-01 00:00:00+05:30,0.31722741490561684,0.316924988715513,-0.43956323503802763
2022-12-02 00:00:00+05:30,0.3012572283722579,0.2697203336542298,-0.29498764869614635
2022-12-05 00:00:00+05:30,0.264833462775325,0.25968967967044115,-0.4244933784564055
2022-12-06 00:00:00+05:30,0.2647354315543123,0.2846685767387839,-0.4840559156907759
2022-12-07 00:00:00+05:30,0.29782104051999164,0.23657894949964284,-0.44607692855860154
2022-12-08 00:00:00+05:30,0.2684004014947215,0.20822332945547228,-0.3901567320645472
2022-12-09 00:00:00+05:30,0.21767592155425425,0.16593626349495452,-0.39221059084037735
2022-12-12 00:00:00+05:30,0.1558897396387125,0.15875697112839685,-0.4020951816586206
2022-12-13 00:00:00+05:30,0.15516958279045187,0.23323518277140226,-0.44683336360681625
2022-12-14 00:00:00+05:30,0.25400107273214967,0.2562473672999054,-0.535527983043091
2022-12-15 00:00:00+05:30,0.23698377890054365,0.23670980518859225,-0.47876435039740955
2022-12-16 00:00:00+05:30,0.2094941075085975,0.21802458210801628,-0.47163753637351485
2022-12-19 00:00:00+05:30,0.21610494649766265,0.2770960711044449,-0.5414516508987045
2022-12-20 00:00:00+05:30,0.2553101564968557,0.2481504696083691,-0.5578530989140095
2022-12-21 00:00:00+05:30,0.27749821745599274,0.17200053615147665,-0.553210720035924
2022-12-22 00:00:00+05:30,0.19640414378180338,0.14836541392348107,-0.4812952915875884
2022-12-23 00:00:00+05:30,0.11786255812669405,0.07228106986129659,-0.4355494786780528
2022-12-26 00:00:00+05:30,0.0685449263961988,0.11102824711038292,-0.5822706704139082
2022-12-27 00:00:00+05:30,0.12833434593553075,0.15757668512411982,-0.5030205743964344
2022-12-28 00:00:00+05:30,0.1342252358600163,0.1388261957493024,-0.5109617187482692
2022-12-29 00:00:00+05:30,0.11131726815000752,0.16164161209368158,-0.5850088324140329
2022-12-30 00:00:00+05:30,0.18331352851083982,0.20379782236524993,-0.26915180102680114
2023-01-02 00:00:00+05:30,0.19313143431905747,0.18973487455902024,-0.5668303473155737
2023-01-03 00:00:00+05:30,0.19313134958300868,0.22415476725971292,-0.5153443597867126
2023-01-04 00:00:00+05:30,0.21276691276826806,0.20104436018938113,-0.5377520476139606
2023-01-05 00:00:00+05:30,0.14404282882450437,-0.10771949245097874,0.864087873375816
2023-01-06 00:00:00+05:30,-0.09158202269538435,-0.1861640854212507,0.17745048856857987
2023-01-09 00:00:00+05:30,-0.16357882103220858,-0.17767397446193312,-0.30702670320252934
2023-01-10 00:00:00+05:30,-0.1773234863106518,-0.23615515890598995,-0.39566437646202507
2023-01-11 00:00:00+05:30,-0.22248472860617366,-0.24166208325772753,-0.39929754254052674
2023-01-12 00:00:00+05:30,-0.23783321968842336,-0.23992477204913254,-0.28285589846867304
2023-01-13 00:00:00+05:30,-0.2290299283301335,-0.18786876348272497,-0.39942440596768447
2023-01-16 00:00:00+05:30,-0.1766688216936349,-0.1661677206474483,-0.46274570723711916
2023-01-17 00:00:00+05:30,-0.16361121022730407,-0.18318089881367072,-0.491640830070093
2023-01-18 00:00:00+05:30,-0.17408334431130784,-0.1741990289442766,-0.4981972332232512
2023-01-19 00:00:00+05:30,-0.18779548383222736,-0.16515124657970795,-0.5767003852219734
2023-01-20 00:00:00+05:30,-0.16848714720457064,-0.2648380797227673,-0.48655205643958976
2023-01-23 00:00:00+05:30,-0.254556036730923,-0.26313372476175956,-0.4792838260766938
2023-01-24 00:00:00+05:30,-0.24712720163242885,-0.2683459814880111,-0.5577173771926861
2023-01-25 00:00:00+05:30,-0.2748133598614362,-0.3071257918842181,-0.4882139356985909
2023-01-27 00:00:00+05:30,-0.2977541324704451,-0.3302035658074292,-0.2371714608829993
2023-01-30 00:00:00+05:30,-0.32717455891594655,-0.1590217076289444,0.024403842063170127
2023-01-31 00:00:00+05:30,-0.1439431592882982,-0.24779226840942417,-0.1183956562985032
2023-02-01 00:00:00+05:30,-0.2133214775187291,-0.2931607435193506,0.08347158029486057
2023-02-02 00:00:00+05:30,-0.2951356157535545,-0.35842768396171726,-0.10945637201479166
2023-02-03 00:00:00+05:30,-0.32720725895573655,-0.16397160677636402,-0.2797102549369295
2023-02-06 00:00:00+05:30,-0.1766688517761398,-0.10499834032176411,-0.41039287235062183
2023-02-07 00:00:00+05:30,-0.09619615276714484,-0.06805438677644729,-0.2843605430062343
2023-02-08 00:00:00+05:30,-0.06867409065405378,0.05723428113444727,-0.14800134087061975
2023-02-09 00:00:00+05:30,0.06870840944803522,0.12499264927431739,-0.16858232189385622
2023-02-10 00:00:00+05:30,0.12044771973254842,0.11220788691372686,-0.341594930713289
2023-02-13 00:00:00+05:30,0.1080120580444949,0.053202310412472774,-0.5170919746785311
2023-02-14 00:00:00+05:30,0.05489802658827345,0.12741848757711285,-0.4229621590363473
2023-02-15 00:00:00+05:30,0.11786242372625605,0.14790661126099178,-0.5542898500858865
2023-02-16 00:00:00+05:30,0.15386049808600508,0.11338784981753733,-0.5827411091076327
2023-02-17 00:00:00+05:30,0.09168189880648323,0.0998825734165587,-0.5552183891350333
2023-02-20 00:00:00+05:30,0.10149947200707478,0.06756024894465508,-0.6027722431573028
2023-02-21 00:00:00+05:30,0.08186386389690212,0.07532919966265146,-0.608221043172109
2023-02-22 00:00:00+05:30,0.039975077636111925,-0.04307548970810456,-0.4544059396478312
2023-02-23 00:00:00+05:30,-0.0366031135246622,-0.0406496514053091,-0.4939303827442585
2023-02-24 00:00:00+05:30,-0.010585839238514241,-0.01842389341236863,-0.5578388623698147
2023-02-27 00:00:00+05:30,-0.03594859706279484,-0.045796318736852644,-0.5618747644652036
2023-02-28 00:00:00+05:30,-0.032675837848346184,-0.09981903984309985,-0.4407540428680068
2023-03-01 00:00:00+05:30,-0.1111520017184646,-0.07179136677246917,-0.5777564204335756
2023-03-02 00:00:00+05:30,-0.06854293498100449,-0.11889747619145713,-0.5658945318105051
2023-03-03 00:00:00+05:30,-0.09694927707548472,-0.10771949245097874,-0.524849309426429
2023-03-06 00:00:00+05:30,-0.08503697885268137,-0.08490375300613302,-0.5576123431332937
2023-03-08 00:00:00+05:30,-0.09223649679408245,-0.17537899184808706,-0.32529788402207893
2023-03-09 00:00:00+05:30,-0.17666888414597476,-0.23802364890400088,-0.4524577476666911
2023-03-10 00:00:00+05:30,-0.2650281932908364,-0.25582357670625244,-0.5062392988550444
2023-03-13 00:00:00+05:30,-0.2624102667859062,-0.28244188554182803,-0.4991226085959103
2023-03-14 00:00:00+05:30,-0.28139114031916745,-0.34931495840337373,-0.31587961911812606
2023-03-15 00:00:00+05:30,-0.3075714641830494,-0.3577065237203961,-0.5351515055410518
2023-03-16 00:00:00+05:30,-0.3535835965262693,-0.3600994057756043,-0.4701411173948216
2023-03-17 00:00:00+05:30,-0.34680989336803425,-0.34879024324570995,-0.41883008117573167
2023-03-20 00:00:00+05:30,-0.34749720825958064,-0.467818193416425,-0.2082541923146114
2023-03-21 00:00:00+05:30,-0.4372962547035954,-0.36337758310913687,-0.39258327193063114
2023-03-22 00:00:00+05:30,-0.3404283548945789,-0.2820153929259929,-0.3570172208556435
2023-03-23 00:00:00+05:30,-0.30135365269688935,-0.28276950941490137,-0.4165307211044542
2023-03-24 00:00:00+05:30,-0.30501899558314965,-0.403272090114913,-0.34578363838303494
2023-03-27 00:00:00+05:30,-0.3743321058066643,-0.44011814421886764,-0.3961806884648216
2023-03-28 00:00:00+05:30,-0.4246969807961378,-0.4785370513939476,-0.45015522391892593
2023-03-29 00:00:00+05:30,-0.46324783489342397,-0.4190397159826169,-0.3990694414657619
2023-03-31 00:00:00+05:30,-0.37694989950893343,-0.4245795965819418,-0.3490150175475957
2023-04-03 00:00:00+05:30,-0.40247621088623264,-0.3601326851236581,-0.51429876470752
2023-04-05 00:00:00+05:30,-0.2866272992073426,-0.3298103525396479,0.019711793464227398
2023-04-06 00:00:00+05:30,-0.33309782690619394,-0.2177649265513666,-0.19947625553177378
2023-04-10 00:00:00+05:30,-0.21269966809774982,-0.2855559278383574,-0.45644429640887146
2023-04-11 00:00:00+05:30,-0.26960985928572406,-0.2796881002654927,-0.4933444698587321
2023-04-12 00:00:00+05:30,-0.28335466042003465,-0.26710010608902607,-0.4264488468934674
2023-04-13 00:00:00+05:30,-0.27029682999348126,-0.23595806762139948,-0.4865786313220866
2023-04-17 00:00:00+05:30,-0.1779779239923427,-0.19858794456071407,-0.5372445939053297
2023-04-18 00:00:00+05:30,-0.19303155653993173,-0.22861528641877166,-0.5473582349012842
2023-04-19 00:00:00+05:30,-0.23187696739820218,-0.2075698144301082,-0.5745535143574043
2023-04-20 00:00:00+05:30,-0.2028494616295261,-0.23054936581149058,-0.6119472213393498
2023-04-21 00:00:00+05:30,-0.23361158808414628,-0.2140279465553447,-0.5466584296621998
2023-04-24 00:00:00+05:30,-0.2159397912294072,-0.21674877558409278,-0.5777285800804836
2023-04-25 00:00:00+05:30,-0.20291484711052887,-0.1239785541282927,-0.2773112390562888
2023-04-26 00:00:00+05:30,-0.11121734587877934,-0.13663181459900073,-0.44197047647753646
2023-04-27 00:00:00+05:30,-0.1275803270159816,-0.04215756128265945,0.14429958812432037
2023-04-28 00:00:00+05:30,-0.017032972239551646,0.01032493989958324,-0.2788320183439375
2023-05-02 00:00:00+05:30,0.03932090187819902,-0.009966415600171771,-0.4365140836391597
2023-05-03 00:00:00+05:30,-0.020862066577834532,-0.05513876872690736,-0.5387017832955752
2023-05-04 00:00:00+05:30,-0.04772974494238054,0.08254112517632987,-0.356192450395294
2023-05-05 00:00:00+05:30,0.0720138285562784,0.08227909069796452,-0.3831156536734698
2023-05-08 00:00:00+05:30,0.08150404519700341,0.25805026790320834,-0.04628059986379225
2023-05-09 00:00:00+05:30,0.24876501646437277,0.18875135673886717,-0.07600808598068615
2023-05-10 00:00:00+05:30,0.21011643620173728,0.2407094658639126,-0.48584624021517864
2023-05-11 00:00:00+05:30,0.25465575749681074,0.2616563922102808,-0.5705780384829309
2023-05-12 00:00:00+05:30,0.24876497630333305,0.29505981084323313,-0.46156280859835935
2023-05-15 00:00:00+05:30,0.29091573183070574,0.2936830797552987,-0.5162950445712735
2023-05-16 00:00:00+05:30,0.29458107716962384,0.34108450300070586,-0.3498676283610372
2023-05-17 00:00:00+05:30,0.33712457536528173,0.28892994879200307,-0.5157543722595216
2023-05-18 00:00:00+05:30,0.32063043375818734,0.34423117844435597,-0.39998500944130905
2023-05-19 00:00:00+05:30,0.34694200714227863,0.34082214542187395,-0.5625612822630396
2023-05-22 00:00:00+05:30,0.3366010861102016,0.3466243836000307,-0.6173061729419046
2023-05-23 00:00:00+05:30,0.353519801781747,0.3384289402661992,-0.5001223303660309
2023-05-24 00:00:00+05:30,0.32665207725403944,0.3419694751785637,-0.5748673510649864
2023-05-25 00:00:00+05:30,0.3325429042369027,0.3781596353354386,-0.5823576715173207
2023-05-26 00:00:00+05:30,0.3774427054981861,0.419693231007981,-0.5305325378689756
2023-05-29 00:00:00+05:30,0.43870505964321155,0.43775519328859797,-0.5474091700927366
2023-05-30 00:00:00+05:30,0.443810249934381,0.4861071781065709,-0.4711028750470896
2023-05-31 00:00:00+05:30,0.48105180006425224,0.4756500315069472,-0.07067507652533064
2023-06-01 00:00:00+05:30,0.49355303258335637,0.5088570050562421,-0.5634496426207923
2023-06-02 00:00:00+05:30,0.527424461763244,0.4979740120417163,-0.5399805413319131
2023-06-05 00:00:00+05:30,0.5236609588548646,0.5106275956128908,-0.5675193960545998
2023-06-06 00:00:00+05:30,0.49420776889384266,0.5570125447905576,-0.5316357118602447
2023-06-07 00:00:00+05:30,0.5563865890509225,0.5347215205033757,-0.581021650936555
2023-06-08 00:00:00+05:30,0.5302060950621303,0.4889265527776142,-0.6060536084103696
2023-06-09 00:00:00+05:30,0.4861900237373374,0.5066608911851578,-0.6085842332328997
2023-06-12 00:00:00+05:30,0.5106689363207875,0.5463589531072766,-0.5877375033846944
2023-06-13 00:00:00+05:30,0.5432961083348256,0.5916288825749078,-0.4969782686725313
2023-06-14 00:00:00+05:30,0.5969663137964222,0.5458012817020255,-0.623086842620273
2023-06-15 00:00:00+05:30,0.540023567098951,0.5653058875657513,-0.6118564238241521
2023-06-16 00:00:00+05:30,0.5891121258414908,0.6155263623817352,-0.302499482148597
2023-06-19 00:00:00+05:30,0.6165694054101517,0.7355048741250161,-0.37534882789610857
2023-06-20 00:00:00+05:30,0.724040291685114,0.6454225254503768,-0.47682818038692276
2023-06-21 00:00:00+05:30,0.6578362708859063,0.6174604417744541,-0.5771236851360309
2023-06-22 00:00:00+05:30,0.6088129882687058,0.5019730265161035,-0.4884173600967515
2023-06-23 00:00:00+05:30,0.4915570110903667,0.4755188527175312,-0.49220364811725903
2023-06-26 00:00:00+05:30,0.4712998805506176,0.48145259278557045,-0.5718292725338255
2023-06-27 00:00:00+05:30,0.4974802413434625,0.49492523603942834,-0.5255605039008693
2023-06-28 00:00:00+05:30,0.5134178970280491,0.5414416871069776,-0.5255627184744107
2023-06-30 00:00:00+05:30,0.5630425171388955,0.6075454577576874,-0.46920941466918703
2023-07-03 00:00:00+05:30,0.6028745386852578,0.7210542057589363,-0.3675544781333042
2023-07-04 00:00:00+05:30,0.9245548612050922,1.06833001850874,0.5666731777061197
2023-07-05 00:00:00+05:30,1.0756999720441411,1.054042515878264,-0.12412887082955573
2023-07-06 00:00:00+05:30,1.0073738174460471,1.0063079760518523,-0.419199282221849
2023-07-07 00:00:00+05:30,0.9705652736008406,0.9115636107454821,-0.40371909679976914
2023-07-10 00:00:00+05:30,0.9063806542950771,0.8528998745378291,-0.29090144414460267
2023-07-11 00:00:00+05:30,0.8699993092902755,0.7941372695874145,-0.22018536545276304
2023-07-12 00:00:00+05:30,0.8061758173712675,0.7862035376314818,-0.3920641126189957
2023-07-13 00:00:00+05:30,0.8062089725593264,0.8142845222790919,-0.5137716962046652
2023-07-14 00:00:00+05:30,0.8088709794223083,0.8193872479471858,-0.5202420473573574
2023-07-17 00:00:00+05:30,0.8391064106246098,0.838217543137239,-0.5897973731458512
2023-07-18 00:00:00+05:30,0.8391062772021083,0.7783353950702571,-0.3357652240493609
2023-07-19 00:00:00+05:30,0.7878048106809409,0.8867750198519324,-0.4413579887095132
2023-07-20 00:00:00+05:30,0.8594826142558587,0.8946098830651034,-0.544654240607227
2023-07-21 00:00:00+05:30,0.8894553566789318,0.8848325398470834,-0.537074704477939
2023-07-24 00:00:00+05:30,0.8796284964187846,0.8847336711043217,-0.5652478763364144
2023-07-25 00:00:00+05:30,0.924160298526329,0.9010951556295294,-0.48092735601206615
2023-07-26 00:00:00+05:30,0.9146953685010895,0.7869935182721763,-0.04497368510671367
2023-07-27 00:00:00+05:30,0.8771638434417166,0.688858536669917,-0.07081902380552206
2023-07-28 00:00:00+05:30,0.7069900491166715,0.7530527835633651,-0.43151674025915165
2023-07-31 00:00:00+05:30,0.7240798172363769,0.6995244061709268,-0.5130557562154934
2023-08-01 00:00:00+05:30,0.6946985944915577,0.6793774765797159,-0.5119642878272288
2023-08-02 00:00:00+05:30,0.6879286735356751,0.6357582673956466,-0.4658470592980345
2023-08-03 00:00:00+05:30,0.6123397982484761,0.5731439817835876,-0.4078372544838388
2023-08-04 00:00:00+05:30,0.588677106009328,0.5997105945445165,-0.5187396173933374
2023-08-07 00:00:00+05:30,0.6037946940516611,0.5822295669027416,-0.5228334147684517
2023-08-08 00:00:00+05:30,0.5860478368840292,0.6161047122168449,-0.49469156330720476
2023-08-09 00:00:00+05:30,0.6287721422901383,0.5843368281455269,-0.5882699501375783
2023-08-10 00:00:00+05:30,0.5630751412091177,0.5965170695332178,-0.5551911815172389
2023-08-11 00:00:00+05:30,0.59186496947857,0.5417050139872092,-0.5506778806398526
2023-08-14 00:00:00+05:30,0.5236047320872821,0.5136896187343071,-0.530623651751822
2023-08-16 00:00:00+05:30,0.49336919658255796,0.48962509598627746,-0.5606754147087075
2023-08-17 00:00:00+05:30,0.5104589008206437,0.4512730706077717,-0.5254564189444232
2023-08-18 00:00:00+05:30,0.4273112329621816,0.41101184457247075,-0.5142522586631504
2023-08-21 00:00:00+05:30,0.36651137591348154,0.5335409113986322,-0.36071967144922634
2023-08-22 00:00:00+05:30,0.5308676923219815,0.5478610471762291,-0.3550411885214114
2023-08-23 00:00:00+05:30,0.5630426305090168,0.5784770780843258,-0.4959930998142542
2023-08-24 00:00:00+05:30,0.5959073230082375,0.5923035163490469,-0.46210632821895026
2023-08-25 00:00:00+05:30,0.5729018458098165,0.6410580843483309,-0.3378004171339134
2023-08-28 00:00:00+05:30,0.6451717277653398,0.6569258713606627,-0.5275102777202533
2023-08-29 00:00:00+05:30,0.6616367655504729,0.6949486573637625,-0.30140896286327873
2023-08-30 00:00:00+05:30,0.7115910834620177,0.6783238459583233,-0.604500875990195
2023-08-31 00:00:00+05:30,0.6813557899544169,0.6091257421395432,-0.3030936205929915
2023-09-01 00:00:00+05:30,0.6080998882751965,0.7128901031703594,-0.5362262064439316
2023-09-04 00:00:00+05:30,0.7405120588228173,0.6797393491022427,-0.5661903355621072
2023-09-05 00:00:00+05:30,0.683327625684914,0.7290212170629228,-0.36371820402429067
2023-09-06 00:00:00+05:30,0.7045580643263389,0.7571348348576535,-0.5586626837272178
2023-09-07 00:00:00+05:30,0.7470852902033202,0.7409384546708487,-0.5762321611017903
2023-09-08 00:00:00+05:30,0.7536580472216361,0.7721793618812371,-0.5524982600908886
2023-09-11 00:00:00+05:30,0.7766632515901688,0.7596695580176737,-0.6214009194199651
2023-09-12 00:00:00+05:30,0.7740342700549094,0.7857754295133139,-0.4452891731131584
2023-09-13 00:00:00+05:30,0.7794897706196355,0.815140415414961,-0.5666702652852948
2023-09-14 00:00:00+05:30,0.8101195321788491,0.8272547443074774,-0.544358120487976
2023-09-15 00:00:00+05:30,0.8253032778489952,0.8258725205116118,-0.5009771557530138
2023-09-18 00:00:00+05:30,0.818664365341669,0.8630390902783758,-0.5265637057151265
2023-09-20 00:00:00+05:30,0.8185001320803864,0.8566856427042988,-0.48304037553821666
2023-09-21 00:00:00+05:30,0.8456794741650073,0.8206053367060481,-0.5363372514886506
2023-09-22 00:00:00+05:30,0.8219839718050826,0.8121446278891858,-0.5836092219358641
2023-09-25 00:00:00+05:30,0.8752576346114694,1.041598624509875,-0.007431285329845171
2023-09-26 00:00:00+05:30,1.0362290017121112,1.0750453386053438,-0.3556612691130052
2023-09-27 00:00:00+05:30,1.059300244290825,1.0532522121371029,-0.5147024498273535
2023-09-28 00:00:00+05:30,1.0262711236018613,0.9883665302452554,-0.5041373521966008
2023-09-29 00:00:00+05:30,0.9830539782169968,1.0356070494583247,-0.5688345363705465
2023-10-03 00:00:00+05:30,1.0105289544006157,1.1388780360767317,-0.4512881364691797
2023-10-04 00:00:00+05:30,1.17104031940269,1.0641158191236362,-0.3779449408219345
2023-10-05 00:00:00+05:30,1.0986392719583096,1.0620418372289047,-0.49858320175475346
2023-10-06 00:00:00+05:30,1.0560137949282282,1.2711841230204466,-0.07149541783859735
2023-10-09 00:00:00+05:30,1.2216849048423672,1.1784481502141,-0.5135350532033836
2023-10-10 00:00:00+05:30,1.1907592555245061,1.2152528474583373,-0.44481240706645847
2023-10-11 00:00:00+05:30,1.2464976489287192,1.2273345432037328,-0.5247433262640904
2023-10-12 00:00:00+05:30,1.236769925410016,1.1696252457742442,-0.5083807914695844
2023-10-13 00:00:00+05:30,1.154312170866181,1.1942167453832035,-0.5405901817910974
2023-10-16 00:00:00+05:30,1.1837260898373256,1.1839127484047205,-0.6114679243514597
2023-10-17 00:00:00+05:30,1.2071916810099874,1.2214418368949445,-0.48490915923951494
2023-10-18 00:00:00+05:30,1.1874726514802705,1.0723458342073875,-0.26144002322032633
2023-10-19 00:00:00+05:30,1.0516097388658119,1.0558858040398846,-0.4143053910629895
2023-10-20 00:00:00+05:30,1.0297219040280865,1.0082504560567012,-0.5061469195016028
2023-10-23 00:00:00+05:30,1.0231488978798307,1.0278048193922746,-0.47100575017891644
2023-10-25 00:00:00+05:30,1.0224259692812043,0.9590348236916623,-0.5258816170643732
2023-10-26 00:00:00+05:30,0.9081881761690369,0.7795205275815322,-0.33104470236202865
2023-10-27 00:00:00+05:30,0.8325006078628542,0.8357484093719268,-0.46160520186329485
2023-10-30 00:00:00+05:30,0.82977275193978,0.8330159487263833,-0.497249712115178
2023-10-31 00:00:00+05:30,0.8718395029140491,0.826168480538964,-0.51302570128886
2023-11-01 00:00:00+05:30,0.8391065796959767,0.8125068235121792,-0.6037067931917763
2023-11-02 00:00:00+05:30,0.8456794521288736,0.7974952527361828,-0.47961095022552436
2023-11-03 00:00:00+05:30,0.8443646516979524,0.7727389718892874,-0.3898495390775893
2023-11-06 00:00:00+05:30,0.7970394512363317,0.8718616716177648,-0.5495240878247798
2023-11-07 00:00:00+05:30,0.9179817959956026,0.828110960543813,-0.2556299313506221
2023-11-08 00:00:00+05:30,0.8437075654633952,0.804639004051421,-0.4600951790757044
2023-11-09 00:00:00+05:30,0.816101067257884,0.7564107667121335,-0.505945076941686
2023-11-10 00:00:00+05:30,0.7405122595814414,0.7946639233478775,-0.5931138552079317
2023-11-13 00:00:00+05:30,0.7916497482366667,0.7393911265365802,-0.5184577338182813
2023-11-15 00:00:00+05:30,0.7861282417127516,0.6494855138171394,-0.14160059060065755
2023-11-16 00:00:00+05:30,0.46086585725625656,0.7404444340575064,0.6915861983091507
2023-11-17 00:00:00+05:30,0.5896629256108129,0.6473129862801126,-0.09205931500880012
2023-11-20 00:00:00+05:30,0.5965645116797658,0.5469721977927727,-0.14808612740049074
2023-11-21 00:00:00+05:30,0.5531831867387933,0.5697200861396448,-0.22297509537963764
2023-11-22 00:00:00+05:30,0.5541363266579806,0.5863119412974966,-0.42064824605322637
2023-11-23 00:00:00+05:30,0.5860480068635987,0.5502972246939539,-0.5583459997107968
2023-11-24 00:00:00+05:30,0.568300831513516,0.515500273748807,-0.5202740004898834
2023-11-28 00:00:00+05:30,0.5203183130354633,0.5857849644365671,-0.51974914656057
2023-11-29 00:00:00+05:30,0.5853905421318105,0.5874641175611846,-0.5342160064036321
2023-11-30 00:00:00+05:30,0.5840759887398983,0.582065108765272,-0.3477160119817364
2023-12-01 00:00:00+05:30,0.6024802780532073,0.6725629646398839,-0.46523298969176735
2023-12-04 00:00:00+05:30,0.7207933986167171,0.7702042487292674,-0.40165922703861234
2023-12-05 00:00:00+05:30,0.7799500121860943,0.7321155502309932,-0.268526658552827
2023-12-06 00:00:00+05:30,0.753658138174989,0.7830103357206497,-0.5280879650469116
2023-12-07 00:00:00+05:30,0.7536580575373877,0.7593735979903213,-0.5385084826621753
2023-12-08 00:00:00+05:30,0.7540193702912342,0.7043308487112019,-0.38806744011205463
2023-12-11 00:00:00+05:30,0.7109338423794506,0.694553505493182,-0.563440467958978
2023-12-12 00:00:00+05:30,0.6813555726082682,0.7089065975183662,-0.5497553525760324
2023-12-13 00:00:00+05:30,0.6944031044617955,0.6716741152564275,-0.5340499133880265
2023-12-14 00:00:00+05:30,0.7395262410775651,0.8140211953988603,-0.2029357357710994
2023-12-15 00:00:00+05:30,0.8449235153070827,0.8409167244347288,-0.37871877609083165
2023-12-18 00:00:00+05:30,0.8575107073583497,0.8886842205087276,-0.4075525235999437
2023-12-19 00:00:00+05:30,0.9186390914112419,0.9183451664377269,-0.49973889277571887
2023-12-20 00:00:00+05:30,0.92455478564771,0.8270246967752997,-0.4734367191920832
2023-12-21 00:00:00+05:30,0.7777151069897622,0.7435387672255768,-0.4612451754789919
2023-12-22 00:00:00+05:30,0.7726868590901821,0.6962323355173329,-0.39278226718170894
2023-12-26 00:00:00+05:30,0.7109340104198002,0.6086646777737881,-0.36229739691365404
2023-12-27 00:00:00+05:30,0.6418519874383732,0.655081936998109,-0.2422564381017173
2023-12-28 00:00:00+05:30,0.6780691464866178,0.6721019002741287,-0.16291617730434343
2023-12-29 00:00:00+05:30,0.6495753090962464,0.7175976769678727,-0.46133375842064817
2024-01-01 00:00:00+05:30,0.7187887901285235,0.698701469282645,-0.6452423854314494
2024-01-02 00:00:00+05:30,0.7102767259033824,0.7849524926250321,-0.3980007515482089
2024-01-03 00:00:00+05:30,0.7897767145044065,0.7551597217056839,-0.5750353422864846
2024-01-04 00:00:00+05:30,0.8653981227557249,0.9663427100439035,0.17110953178423566
2024-01-05 00:00:00+05:30,0.980392095482985,0.970029932568078,-0.41710587748992234
2024-01-08 00:00:00+05:30,0.9423017924148335,0.9863914170932857,-0.39540052584294894
2024-01-09 00:00:00+05:30,1.0060594294043548,0.9794454032635711,-0.3555780644213781
2024-01-10 00:00:00+05:30,0.9679362163557382,0.9498826798764006,-0.5732424868208916
2024-01-11 00:00:00+05:30,0.944273765644102,0.9427722079092162,-0.5439250131768067
2024-01-12 00:00:00+05:30,0.9469029451591379,0.9370439597378976,-0.49428787818737124
2024-01-15 00:00:00+05:30,0.9560721516567914,0.8165229623112931,-0.4346266342465839
2024-01-16 00:00:00+05:30,0.809528304132341,0.8024661534139277,-0.37214307451109835
2024-01-17 00:00:00+05:30,0.6966704764390979,0.7380741690349562,-0.3134416900166863
2024-01-18 00:00:00+05:30,0.6918722062190805,0.6766446928337058,-0.21640382294698715
2024-01-19 00:00:00+05:30,0.7339393468393095,0.7119027081446078,-0.4872733746787907
2024-01-23 00:00:00+05:30,0.7292724602464067,0.5483550677895714,0.051338434576701716
2024-01-24 00:00:00+05:30,0.5656716293514841,0.5382152058480917,-0.097234773375067
2024-01-25 00:00:00+05:30,0.5336612193360892,0.5580991316595376,-0.3804869548798203
2024-01-29 00:00:00+05:30,0.5535116244017766,0.627988670476717,-0.16155674551756863
2024-01-30 00:00:00+05:30,0.48975415058904137,0.3814494442857667,0.5638065704405935
2024-01-31 00:00:00+05:30,0.3790001105753522,0.41153849833293377,-0.17732735644122152
2024-02-01 00:00:00+05:30,0.40916972736554846,0.33279309882831143,-0.14549286178350376
2024-02-02 00:00:00+05:30,0.3362758234039275,0.40192561325238363,-0.3174794903179678
2024-02-05 00:00:00+05:30,0.42763976317982966,0.2438428941884345,-0.18975744136148717
2024-02-06 00:00:00+05:30,0.2659452641895537,0.23722579663365942,0.02167453835721106
2024-02-07 00:00:00+05:30,0.26134420785656926,0.3103418167097248,-0.2634663580107132
2024-02-08 00:00:00+05:30,0.32105945480987746,0.22241164024272017,-0.056254406358989366
2024-02-09 00:00:00+05:30,0.2212490317348542,0.27432677700571556,-0.3673497882645485
2024-02-12 00:00:00+05:30,0.2800444792305493,0.2181321745633747,-0.577762747786551
2024-02-13 00:00:00+05:30,0.23439519089928473,0.24084710666265938,-0.45019382077207615
2024-02-14 00:00:00+05:30,0.21063383380221998,0.26905959320015194,-0.5488650940123869
2024-02-15 00:00:00+05:30,0.2646304747757713,0.2512166930358503,-0.47143949022538334
2024-02-16 00:00:00+05:30,0.26729270102229197,0.2510855142464344,-0.4244361159119777
2024-02-19 00:00:00+05:30,0.2665367174997172,0.31271175863180856,-0.33381260292113796
2024-02-20 00:00:00+05:30,0.3079461975159428,0.34615879582774406,-0.39998785675014803
2024-02-21 00:00:00+05:30,0.3592812588331961,0.29691020721511774,-0.4796381578433188
2024-02-22 00:00:00+05:30,0.2942415724439458,0.2877913427479099,-0.4266687224093642
2024-02-23 00:00:00+05:30,0.2830349065917009,0.3028688260190807,-0.34506580018797045
2024-02-26 00:00:00+05:30,0.2935514470926712,0.2669196988102459,-0.46789712166207936
2024-02-27 00:00:00+05:30,0.2547710444840009,0.20963850949892515,-0.3861951763666199
2024-02-28 00:00:00+05:30,0.21599073109439826,0.17174754848617446,-0.5807565348468837
2024-02-29 00:00:00+05:30,0.16800811225716028,0.16954174160109392,-0.21257514166154418
2024-03-01 00:00:00+05:30,0.17638878216987744,0.21964654645005588,-0.45934760232165534
2024-03-04 00:00:00+05:30,0.22650756334877048,0.2400571260219648,-0.6244794930101689
2024-03-05 00:00:00+05:30,0.23600562315849305,0.05688888673571414,-0.20673499486520658
2024-03-06 00:00:00+05:30,0.058568721634210424,0.04832963227655663,-0.08422668476049426
2024-03-07 00:00:00+05:30,0.07007145796693105,0.12062239236387366,-0.2852375141286313
2024-03-11 00:00:00+05:30,0.20153042823883494,0.12898423243797416,-0.3692173064952517
2024-03-12 00:00:00+05:30,0.1062225044302865,0.1304982812241888,-0.40379439230017694
2024-03-13 00:00:00+05:30,0.12873505657368156,0.1437324763337389,-0.39192870726532114
2024-03-14 00:00:00+05:30,0.13984311971488292,0.10508416782741435,-0.36418895908566395
2024-03-15 00:00:00+05:30,0.08653639292257956,0.18205154546465743,-0.12671232904943075
2024-03-18 00:00:00+05:30,0.1780976977751438,0.17566481854252664,-0.53611579413451
2024-03-19 00:00:00+05:30,0.175041359894551,0.23597475162720977,-0.3046416074984346
2024-03-20 00:00:00+05:30,0.24096815263120244,0.27103502945258817,-0.2784640827684153
2024-03-21 00:00:00+05:30,0.3050543243673079,0.3146542386366576,-0.17872570144879532
2024-03-22 00:00:00+05:30,0.3034110472645715,0.3443810970608313,-0.39412588058604514
2024-03-26 00:00:00+05:30,0.3359472411883262,0.442615270506319,-0.16473307671124304
2024-03-27 00:00:00+05:30,0.461654709888172,0.516784275002844,-0.2593415566060193
2024-03-28 00:00:00+05:30,0.5184122404008784,0.6632793189347398,0.3807470741990971
2024-04-01 00:00:00+05:30,0.6690314160804559,0.6670324539540887,-0.39412588058604514
2024-04-02 00:00:00+05:30,0.6622612400755605,0.6383585799503746,-0.4439926984884893
2024-04-03 00:00:00+05:30,0.6268000228585653,0.7054171124797152,-0.44673623873864315
2024-04-04 00:00:00+05:30,0.724079855121913,0.6883974723041619,-0.4209060856869758
2024-04-05 00:00:00+05:30,0.6516129988025742,0.6174543028655898,-0.37031731681003316
2024-04-08 00:00:00+05:30,0.6386313150384285,0.619363503522385,-0.5861699016850275
2024-04-09 00:00:00+05:30,0.6419177778626535,0.629272671730754,-0.5254048510176733
2024-04-10 00:00:00+05:30,0.6523690020545573,0.6534034300744246,-0.5704223855997349
2024-04-12 00:00:00+05:30,0.6445472034928765,0.6529423657086695,-0.4044552843184624
2024-04-15 00:00:00+05:30,0.5926535622641118,0.5520090109656921,-0.5101663704792555
2024-04-16 00:00:00+05:30,0.5038532559417646,0.4716836501796806,-0.4453600394664834
2024-04-18 00:00:00+05:30,0.45005375133155606,0.43148833663955416,-0.31190351050835513
2024-04-19 00:00:00+05:30,0.39217873552311905,0.5804851474838828,-0.36466034688233473
2024-04-22 00:00:00+05:30,0.6072784191871847,0.6941916329706552,-0.38146041813509285
2024-04-23 00:00:00+05:30,0.7004171060230888,0.6729248371624106,-0.4079419721755824
2024-04-24 00:00:00+05:30,0.6833275719923891,0.7185194825989163,-0.4695191385973352
2024-04-25 00:00:00+05:30,0.7142203149518876,0.6959690086371013,-0.3789035347977147
2024-04-26 00:00:00+05:30,0.4973131204810428,0.32482673372525805,1.0894754628171601
2024-04-29 00:00:00+05:30,0.3592484158525187,0.38763843372237394,-0.218291272339563
2024-04-30 00:00:00+05:30,0.3855401444348042,0.4514704849928287,-0.18107220029973983
2024-05-02 00:00:00+05:30,0.4564622431862835,0.4245749559569603,-0.38959106670854227
2024-05-03 00:00:00+05:30,0.7135631769352113,0.45670503565127163,1.40706998533145
2024-05-06 00:00:00+05:30,0.5025387656246737,0.4095304289333768,-0.36098636937714146
2024-05-07 00:00:00+05:30,0.4249779313712014,0.4178919459070108,-0.339429710525091
2024-05-08 00:00:00+05:30,0.41285077715522306,0.3697629004109516,-0.5204555955202786
2024-05-09 00:00:00+05:30,0.3657881756540827,0.24183450168841095,-0.31317467572112245
2024-05-10 00:00:00+05:30,0.2599637408333204,0.2938485071941681,-0.4891405765418451
2024-05-13 00:00:00+05:30,0.2896077929652298,0.31662935178862733,-0.588053554665818
2024-05-14 00:00:00+05:30,0.3066976581428632,0.28828536336125227,-0.5109914573072538
2024-05-15 00:00:00+05:30,0.29486634395239286,0.29111636964909104,-0.561857364244521
2024-05-16 00:00:00+05:30,0.30035479863920006,0.33532814508879805,-0.4148122120363228
2024-05-17 00:00:00+05:30,0.3310175327479325,0.32232464371235875,-0.5982083234561129
2024-05-21 00:00:00+05:30,0.3034111605466385,0.3324971388009592,-0.5091615868267545
2024-05-22 00:00:00+05:30,0.35103211172980786,0.3336160357165933,-0.6184912861542058
2024-05-23 00:00:00+05:30,0.33926623541725476,0.3876710668694947,-0.5257098294310899
2024-05-24 00:00:00+05:30,0.37899979703887615,0.3944196663141522,-0.515356381757366
2024-05-27 00:00:00+05:30,0.40463445196197384,0.4330023854257688,-0.5427449618468858
2024-05-28 00:00:00+05:30,0.4407530479486067,0.4182211852824168,-0.511932018327054
2024-05-29 00:00:00+05:30,0.4171229227071928,0.3745360636031729,-0.5219089884987389
2024-05-30 00:00:00+05:30,0.3526424752776174,0.24927485923193438,-0.3845282352252383
2024-05-31 00:00:00+05:30,0.27708634431629103,0.30276995727631895,0.14891760669345036
2024-06-03 00:00:00+05:30,0.46369250288743563,0.4462033011872651,-0.38685765022314916
2024-06-04 00:00:00+05:30,0.4420674541231936,0.17889097670094603,0.2937045266247116
2024-06-05 00:00:00+05:30,0.23702422835765635,0.39425520817668247,-0.36461542267620906
2024-06-06 00:00:00+05:30,0.3987187854420349,0.45295190063192264,-0.28640965626733284
2024-06-07 00:00:00+05:30,0.4940265710987974,0.6278242123392473,0.1939427340990825
2024-06-10 00:00:00+05:30,0.6616367629905686,0.560304938544618,-0.47414158631354797
2024-06-11 00:00:00+05:30,0.5518684478001326,0.5927313013667481,-0.3688243778754764
2024-06-12 00:00:00+05:30,0.5945925588084684,0.6451730918902066,-0.3487998875464305
2024-06-13 00:00:00+05:30,0.6630830610925912,0.6960022879851552,-0.3244436913703936
2024-06-14 00:00:00+05:30,0.6919050945291203,0.7266835851874932,-0.37443199444996633
2024-06-18 00:00:00+05:30,0.7372256876399237,0.7221737488755035,-0.45054498886221345
2024-06-19 00:00:00+05:30,0.7173098903123056,0.6558396075921494,-0.585477056534216
2024-06-20 00:00:00+05:30,0.6419178114708605,0.6381611655653175,-0.4653339109717258
2024-06-21 00:00:00+05:30,0.6784911333482723,0.6137770964558782,-0.27562088670889817
2024-06-24 00:00:00+05:30,0.5706161539672466,0.5791035698889502,-0.5490144195426075
2024-06-25 00:00:00+05:30,0.5871310205323753,0.57420698231851,-0.25632467470732617
2024-06-26 00:00:00+05:30,0.5666525859916157,0.6296251743397511,-0.46141285033284124
2024-06-27 00:00:00+05:30,0.6195001590000276,0.6352826635088971,-0.3902130455060287
2024-06-28 00:00:00+05:30,0.6294090789391048,0.6014029947882622,-0.4876612414161856
2024-07-01 00:00:00+05:30,0.5699555593046415,0.7080707366114226,-0.5056432622047572
2024-07-02 00:00:00+05:30,0.7020744918256712,0.6345217619101913,-0.34483928095144945
2024-07-03 00:00:00+05:30,0.6458910447934983,0.6961929172604148,-0.48550709409569465
2024-07-04 00:00:00+05:30,0.7192828537641403,0.5957784618667035,-0.1496562600413479
2024-07-05 00:00:00+05:30,0.6089306443983452,0.6162585080389188,-0.4555515069040359
2024-07-08 00:00:00+05:30,0.6161642849762666,0.589955545258688,-0.5357108435440814
2024-07-09 00:00:00+05:30,0.5929773478076285,0.5699717814030807,-0.4421299257725177
2024-07-10 00:00:00+05:30,0.5653313966664054,0.5613036420866987,-0.4939474665972922
2024-07-11 00:00:00+05:30,0.5784771659410504,0.49205545769560455,-0.44266838351072824
2024-07-12 00:00:00+05:30,0.5183962749107047,0.5277877844913897,-0.4119705978150496
2024-07-15 00:00:00+05:30,0.5336557535720936,0.5671265586947141,-0.5813728190266922
2024-07-16 00:00:00+05:30,0.5732585326176672,0.564049672951837,-0.5735183594106211
2024-07-18 00:00:00+05:30,0.5515250327291554,0.5977306348855487,-0.4765817299885291
2024-07-19 00:00:00+05:30,0.5930763724958217,0.48014468209700945,-0.4531727385529166
2024-07-22 00:00:00+05:30,0.4754905225521053,0.44834965758650197,-0.5681423239550326
2024-07-23 00:00:00+05:30,0.4768117118773156,0.34436203413330535,-0.1388254135856265
2024-07-24 00:00:00+05:30,0.2759909344453505,0.26498981972359203,0.23082297638707047
2024-07-25 00:00:00+05:30,0.22974930806299013,0.29185530041607205,-0.4492602198405489
2024-07-26 00:00:00+05:30,0.3057505949733174,0.38581808569387777,-0.3988884791706641
2024-07-29 00:00:00+05:30,0.40404727430255605,0.40083902638340374,-0.5132930319520727
2024-07-30 00:00:00+05:30,0.39651655966005483,0.4082170255368846,-0.37698666321380303
2024-07-31 00:00:00+05:30,0.40609518226782954,0.39719962272827747,-0.46865545491618665
2024-08-01 00:00:00+05:30,0.4091007589602879,0.3738410744996416,-0.48451686335503724
2024-08-02 00:00:00+05:30,0.3387474273928396,0.3429723790267093,-0.5532651352715128
2024-08-05 00:00:00+05:30,0.2892028276974535,0.25807514663913206,-0.4514507494406487
2024-08-06 00:00:00+05:30,0.27334855579492995,0.21946431778692632,-0.46796925348599944
2024-08-07 00:00:00+05:30,0.25617309456719606,0.2848411123879172,-0.6032303435127252
2024-08-08 00:00:00+05:30,0.27272086184306,0.24848035518470823,-0.5316980362870529
2024-08-09 00:00:00+05:30,0.3222325608277109,0.2723019063818984,-0.5288187743155758
2024-08-12 00:00:00+05:30,0.2687905171341519,0.26565152947906956,-0.5366023675783219
2024-08-13 00:00:00+05:30,0.2858669536736925,0.17096079885014528,-0.41086520925023895
2024-08-14 00:00:00+05:30,0.17855322171109114,0.16662672919195426,-0.5051589033344868
2024-08-16 00:00:00+05:30,0.19341660161970697,0.2542370361970826,-0.5117573833849317
2024-08-19 00:00:00+05:30,0.2812756917461917,0.2710776787141717,-0.5828417140199423
2024-08-20 00:00:00+05:30,0.2874523163527474,0.3411197209515589,-0.447300638624053
2024-08-21 00:00:00+05:30,0.33673274269428893,0.3498211396159948,-0.5498189424734355
2024-08-22 00:00:00+05:30,0.3552622939579683,0.3552802450986842,-0.5197168770603953
2024-08-23 00:00:00+05:30,0.358565267270994,0.3501519944937335,-0.5545853374698398
2024-08-26 00:00:00+05:30,0.37243775518570216,0.3782746591015275,-0.46590811825424755
2024-08-27 00:00:00+05:30,0.3739902171540218,0.4346854157559848,-0.10602125208442148
2024-08-28 00:00:00+05:30,0.438497221446217,0.45877158623527264,-0.4815230762947045
2024-08-29 00:00:00+05:30,0.4471178527708191,0.5669940875034319,0.08482974661104027
2024-08-30 00:00:00+05:30,0.5673460813649561,0.6573837047217524,-0.10334319993756354
2024-09-02 00:00:00+05:30,0.701413897163066,0.8161278104407126,-0.023615072402794753
2024-09-03 00:00:00+05:30,0.8242845044076236,0.7590553440307778,-0.14944144640783147
2024-09-04 00:00:00+05:30,0.688829697862833,0.7231246335485358,-0.4695770338770605
2024-09-05 00:00:00+05:30,0.7318012516429028,0.6869952162793708,-0.5370579369925541
2024-09-06 00:00:00+05:30,0.689225796615606,0.7348037461126204,-0.16710393587114303
2024-09-09 00:00:00+05:30,0.7344436302933234,0.7548537455638689,-0.472047232478675
2024-09-10 00:00:00+05:30,0.764798084062425,0.684977130765351,-0.336011041712457
2024-09-11 00:00:00+05:30,0.6855596252605425,0.7535962385480883,-0.4005633295032649
2024-09-12 00:00:00+05:30,0.7978607179034176,0.8083527208138519,-0.2924054559468664
2024-09-13 00:00:00+05:30,0.8033435245806454,0.9209758504363098,-0.05143644343583524
2024-09-16 00:00:00+05:30,0.9696153301807562,0.7537287097393705,0.09760973415084813
2024-09-17 00:00:00+05:30,0.7433616582384929,0.7667974774100512,-0.25411801035713905
2024-09-18 00:00:00+05:30,0.776226242703099,0.9425476530849698,0.19107675956885378
2024-09-19 00:00:00+05:30,0.9663123568677304,0.9155829805492615,-0.20575868430109512
2024-09-20 00:00:00+05:30,0.9398885703635246,0.9103555381010825,-0.2296887332542357
2024-09-23 00:00:00+05:30,0.9337780697344269,0.9187261018877796,-0.5686788834873505
2024-09-24 00:00:00+05:30,0.9147859731845289,0.891662237508843,-0.4117469258873675
2024-09-25 00:00:00+05:30,0.8804350507290611,0.9377832136053451,-0.3476831097462641
2024-09-26 00:00:00+05:30,0.9431915436765502,1.0334002732718446,-0.22236134214101927
2024-09-27 00:00:00+05:30,1.0356747964412711,1.0251951369240169,-0.3773922465395292
2024-09-30 00:00:00+05:30,1.013214577912696,0.9901245198837091,-0.4457842884834871
2024-10-01 00:00:00+05:30,0.9564695609061112,0.9901245198837091,-0.5007259598398885
2024-10-03 00:00:00+05:30,0.9233737037983958,0.8120254038170319,-0.4208829908486154
2024-10-04 00:00:00+05:30,0.7978607179034176,0.6647949832232871,-0.19074166111681795
2024-10-07 00:00:00+05:30,0.660027706062051,0.7032071052885697,-0.4539228462481559
2024-10-08 00:00:00+05:30,0.6953695205114264,0.6486493298097293,-0.464180118156653
2024-10-09 00:00:00+05:30,0.6630994067319674,0.7237533870564261,-0.4165446412810002
2024-10-10 00:00:00+05:30,0.7318012516429028,0.736491299849368,-0.5731301763055775
2024-10-11 00:00:00+05:30,0.7351042249559285,0.7247789079372297,-0.6357203519386992
2024-10-14 00:00:00+05:30,0.7137671463761773,0.6631074294865396,-0.6092739147072234
2024-10-15 00:00:00+05:30,0.6821905279700586,0.5361253920304997,-0.28012944207155294
2024-10-16 00:00:00+05:30,0.5270169062353068,0.4960589955765234,-0.39398035146760985
2024-10-17 00:00:00+05:30,0.5078267603090223,0.4584407313575339,-0.5318986133763746
2024-10-18 00:00:00+05:30,0.4497273307105045,0.45847368760512114,-0.5144433447230089
2024-10-21 00:00:00+05:30,0.4603297460229221,0.37996188973780853,-0.05095303366851109
2024-10-22 00:00:00+05:30,0.38829202708822574,0.31180578492362554,-0.21209394646776142
2024-10-23 00:00:00+05:30,0.25997151387717565,0.522163251569831,0.08427040860801076
2024-10-24 00:00:00+05:30,0.5286683928918198,0.5520064261619598,-0.466926189347997
2024-10-25 00:00:00+05:30,0.5474292167986085,0.46548787563327604,-0.4266845407918028
2024-10-28 00:00:00+05:30,0.4675633866008435,0.46628205658003563,-0.5239179230684433
2024-10-29 00:00:00+05:30,0.46036296928964493,0.539831031281267,-0.3041154880985262
2024-10-30 00:00:00+05:30,0.5197503649466503,0.4951656227865354,-0.5710367715736508
2024-10-31 00:00:00+05:30,0.4867206318163928,0.45198906124162824,-0.5191179931012692
2024-11-01 00:00:00+05:30,0.474169333226895,0.4743880010846351,-0.7358747567164549
2024-11-04 00:00:00+05:30,0.5038960930441266,0.42151745624207576,-0.5235199325662877
2024-11-05 00:00:00+05:30,0.4180187869054574,0.47885454193410826,-0.3630611084177905
2024-11-06 00:00:00+05:30,0.47747230653992073,0.5290452915071703,-0.5298400090858129
2024-11-07 00:00:00+05:30,0.5245067755398023,0.46174928013492145,-0.604887160889346
2024-11-08 00:00:00+05:30,0.4573241693304637,0.4560917909657754,-0.6157091490509018
2024-11-11 00:00:00+05:30,0.4279277068445346,0.3785722346312124,-0.5089426604138041
2024-11-12 00:00:00+05:30,0.4008433256777235,0.2855361014914485,-0.41564046254080883
2024-11-13 00:00:00+05:30,0.27929390775837626,0.23776052790578603,-0.47571424989559535
2024-11-14 00:00:00+05:30,0.23787449339063843,0.22661065390589677,-0.5831666235952315
2024-11-18 00:00:00+05:30,0.27797271843316596,0.2390509911691538,-0.561390405594933
2024-11-19 00:00:00+05:30,0.2524407992346745,0.2571484945010903,-0.4957406384305339
2024-11-21 00:00:00+05:30,0.2654214198436681,0.1713578893235251,-0.4017686902450876
2024-11-22 00:00:00+05:30,0.1702957884285268,0.3158093228045443,-0.44328403495523927
2024-11-25 00:00:00+05:30,0.3816199564847162,0.3167686080897068,-0.39174901044081845
2024-11-26 00:00:00+05:30,0.3367656434050242,0.272136478943029,-0.5402750796129201
2024-11-27 00:00:00+05:30,0.2892028276974535,0.3298706551084413,-0.5470035867670104
2024-11-28 00:00:00+05:30,0.33148088610418297,0.20030769112566593,-0.25124033022390574
2024-11-29 00:00:00+05:30,0.20266492689617907,0.24431138986492001,-0.52560669357759
2024-12-02 00:00:00+05:30,0.25287012125417035,0.2937741940868635,-0.45897776854024047
2024-12-03 00:00:00+05:30,0.3196892068654836,0.31018478988298553,-0.3345133572631687
2024-12-04 00:00:00+05:30,0.3233886014872699,0.3528980253588719,-0.3924798197094826
2024-12-05 00:00:00+05:30,0.3618682405840198,0.4259507177434951,-0.32357431307156714
2024-12-06 00:00:00+05:30,0.43846432073548175,0.42588448214785407,-0.4865150414246834
2024-12-09 00:00:00+05:30,0.4213878841959412,0.4378285370945029,-0.48407806142619
2024-12-10 00:00:00+05:30,0.44431032545474725,0.482725608623745,-0.36903001684717845
2024-12-11 00:00:00+05:30,0.49392104912759144,0.6011054192585773,-0.11956115471658053
2024-12-12 00:00:00+05:30,0.6009044837588902,0.6081855197819066,-0.4442518035928339
2024-12-13 00:00:00+05:30,0.585809831207165,0.6459029758441244,-0.3545172836950444
2024-12-16 00:00:00+05:30,0.6411675349110815,0.6628428102044418,-0.4982627213265471
2024-12-17 00:00:00+05:30,0.652529892130285,0.6260516831797993,-0.42366892436370474
2024-12-18 00:00:00+05:30,0.6188395643374225,0.57420698231851,-0.5199528873263795
2024-12-19 00:00:00+05:30,0.48738122647899795,0.47104617295919377,-0.462955775355904
2024-12-20 00:00:00+05:30,0.4631704966057168,0.42452810638931177,0.10408388171532551
2024-12-23 00:00:00+05:30,0.45236970936092513,0.4367367806180584,-0.5656952201917784
2024-12-24 00:00:00+05:30,0.44246078942184786,0.3980267599226243,-0.5598427350571388
2024-12-26 00:00:00+05:30,0.40837404032022473,0.4030225393362929,-0.6459994532149617
2024-12-27 00:00:00+05:30,0.4192409515424744,0.4638998368402233,-0.5743984942095058
2024-12-30 00:00:00+05:30,0.45435149334874053,0.45099649660841196,-0.5948174949965709
2024-12-31 00:00:00+05:30,0.4345007527598509,0.4078199350635048,-0.5554227626361402
2025-01-01 00:00:00+05:30,0.4034857043281441,0.48212981136344196,-0.6176450026937398
2025-01-02 00:00:00+05:30,0.5071990663571524,0.7824801278550546,0.25329298864112665
2025-01-03 00:00:00+05:30,0.777877729359612,0.794423859701237,-0.2736878803748991
2025-01-06 00:00:00+05:30,0.8507082909118295,0.7561109294791828,-0.14712563521881789
2025-01-07 00:00:00+05:30,0.7548891641233478,0.7591548589744727,-0.4202894851395185
2025-01-08 00:00:00+05:30,0.7594472027841258,0.7601141442596351,-0.4829530580671555
2025-01-09 00:00:00+05:30,0.7439893521903629,0.7085340626804435,-0.5387365837369401
2025-01-10 00:00:00+05:30,0.7036930777714488,0.7155479276081318,-0.49418505870152024
2025-01-13 00:00:00+05:30,0.678953678634491,0.6248277786125391,-0.5399599774347429
2025-01-14 00:00:00+05:30,0.6723477320084394,0.7466153298679873,-0.43437638743640494
2025-01-15 00:00:00+05:30,0.7453434422263083,0.6423298077846392,-0.5344311364047972
2025-01-16 00:00:00+05:30,0.652529892130285,0.696821670768305,-0.4777700068773181
2025-01-17 00:00:00+05:30,0.6664023800449932,0.6454399728755701,-0.5396436097859705
2025-01-20 00:00:00+05:30,0.6407053121808504,0.8161610897887663,-0.41224330672829135
2025-01-21 00:00:00+05:30,0.8176785577815721,0.7179301473479441,-0.4327328575010326
2025-01-22 00:00:00+05:30,0.7443525502324007,0.7877405265508209,-0.5199990770031002
2025-01-23 00:00:00+05:30,0.745673739557611,0.8182454108984272,-0.4241627742634384
2025-01-24 00:00:00+05:30,0.8132195438089873,0.81516852515555,-0.5350838028642146
2025-01-27 00:00:00+05:30,0.7715030553766697,0.7204448382790386,-0.530932110209375
2025-01-28 00:00:00+05:30,0.7780428780252632,0.9263357640757709,0.03413942371884166
2025-01-29 00:00:00+05:30,0.9545868016064891,1.0276103129114165,-0.2708431024771381
2025-01-30 00:00:00+05:30,1.0819164228236313,1.121573098189222,1.0370090519447537
2025-01-31 00:00:00+05:30,1.1314610225190176,1.110621930976256,-0.1700401440193992
2025-02-01 00:00:00+05:30,1.1017342627017859,1.186718552856169,-0.23906144121676534
2025-02-03 00:00:00+05:30,1.1296114864861182,1.468408201902663,0.6219483005643272
2025-02-04 00:00:00+05:30,1.4617583538215917,1.5011957910463867,-0.1280410731742746
2025-02-05 00:00:00+05:30,1.5113029535169777,1.5237604814287296,-0.15930041144652424
2025-02-06 00:00:00+05:30,1.5339283207112042,1.5223375469740796,-0.20929282730553103
2025-02-07 00:00:00+05:30,1.5674534998384153,1.5004681687957346,-0.4443327937109196
2025-02-10 00:00:00+05:30,1.4972982176473537,1.3764305458912898,-0.35660467744164437
2025-02-11 00:00:00+05:30,1.378523426333343,1.3131713517480135,-0.44543406949629616
2025-02-12 00:00:00+05:30,1.2798635489620667,1.3282911611803012,-0.28071029307469897
2025-02-13 00:00:00+05:30,1.3111756714583531,1.4572916072508275,-0.18055399009105072
2025-02-14 00:00:00+05:30,1.450891442599342,1.4462409250941666,-0.47698984425544544
2025-02-17 00:00:00+05:30,1.3265015966531875,1.4689374404668583,-0.477153089962212
2025-02-18 00:00:00+05:30,1.4650613271346173,1.4949431508178708,-0.4751985706280964
2025-02-19 00:00:00+05:30,1.4843179195943477,1.4774407985453042,-0.4665867268608643
2025-02-20 00:00:00+05:30,1.4160779748576555,1.4509724083262039,-0.5001621926897762
2025-02-21 00:00:00+05:30,1.418819700752257,1.4491527064986407,-0.5575585606330024
2025-02-24 00:00:00+05:30,1.3976806715488923,1.421526324207455,-0.6377220100524819
2025-02-25 00:00:00+05:30,1.4154838267284962,1.5100959164977457,-0.40257194770532057
2025-02-27 00:00:00+05:30,1.539444028099167,1.6534226372547332,-0.1685415104671646
2025-02-28 00:00:00+05:30,1.6203010728468272,1.5375568713500622,-0.19502243177235662
2025-03-03 00:00:00+05:30,1.5350843613707632,1.6021065287567062,-0.4732943537501356
2025-03-04 00:00:00+05:30,1.525968284049207,1.5743812777227586,-0.5079334476142203
2025-03-05 00:00:00+05:30,1.481576193699746,1.3843051504618453,-0.23440640763272896
2025-03-06 00:00:00+05:30,1.4221226740652828,1.4585155118180877,-0.47126137523912454
2025-03-07 00:00:00+05:30,1.451783632461044,1.4543139133511787,-0.6004899669390591
2025-03-10 00:00:00+05:30,1.4701809357698072,1.413353821006748,-0.42854193525774525
2025-03-11 00:00:00+05:30,1.382486994308974,1.411931532753031,-0.4927285020465723
2025-03-12 00:00:00+05:30,1.4063342035842297,1.507217737541792,-0.08946858033300334
2025-03-13 00:00:00+05:30,1.5113029535169777,1.4648683131912315,-0.36498430735467763
2025-03-17 00:00:00+05:30,1.444715140548774,1.5706753153715247,-0.40145074075807136
2025-03-18 00:00:00+05:30,1.5643814766125115,1.5706753153715247,-0.7501147809553471
2025-03-19 00:00:00+05:30,1.6434218860380074,1.6707589158874974,-0.3420574602157942
2025-03-20 00:00:00+05:30,1.6599367526031361,1.6363836110511873,-0.49941461593572717
2025-03-21 00:00:00+05:30,1.8679911706130226,1.792844365773097,0.1182514577626489
2025-03-24 00:00:00+05:30,1.904984471718911,1.9079489069785955,-0.29669128848478543
2025-03-25 00:00:00+05:30,1.9241746176451955,1.8928620537938952,-0.19702187531259788
2025-03-26 00:00:00+05:30,1.9090138411160122,1.7597259217516346,-0.46974629056915373
2025-03-27 00:00:00+05:30,1.7497776267174363,1.850909396816248,-0.08825973954704419
2025-03-28 00:00:00+05:30,1.8400145995845094,1.8123648035596833,-0.44099226770753236
