Date,Open,Close,Volume
2020-03-30 00:00:00+05:30,-2.8987100739745655,-3.111701237519251,0.5152130373021486
2020-03-31 00:00:00+05:30,-3.0179825764392434,-2.974300056092377,0.34947131562199085
2020-04-01 00:00:00+05:30,-2.9722313503824545,-3.1207857300991253,0.09997801298690484
2020-04-03 00:00:00+05:30,-3.067147971837849,-3.19255197967964,0.3406963040584001
2020-04-07 00:00:00+05:30,-2.9260245223746764,-2.818957745456592,1.378947590552461
2020-04-08 00:00:00+05:30,-2.898937508783356,-2.8516609946135407,1.207653002077687
2020-04-09 00:00:00+05:30,-2.7484815056822267,-2.6874614697670958,0.7271700976620282
2020-04-13 00:00:00+05:30,-2.6528812902675676,-2.8223643218774908,0.3064550824651963
2020-04-15 00:00:00+05:30,-2.6688148090315487,-2.967941459989008,1.2795240118210047
2020-04-16 00:00:00+05:30,-2.9669959592364266,-2.8932223243535864,1.1110451950306723
2020-04-17 00:00:00+05:30,-2.7393763687111696,-2.7544583390838655,1.1939319872642944
2020-04-20 00:00:00+05:30,-2.575490811388998,-2.5975262350268324,1.6167072175943502
2020-04-21 00:00:00+05:30,-2.6938526972467676,-2.702904558450339,0.2664203074856928
2020-04-22 00:00:00+05:30,-2.720483713664671,-2.671336257185399,0.4752174780605976
2020-04-23 00:00:00+05:30,-2.648328787589905,-2.5516497929706583,0.581911572908989
2020-04-24 00:00:00+05:30,-2.657433424290863,-2.628412701184131,0.27077333609787163
2020-04-27 00:00:00+05:30,-2.6021218661938437,-2.666339887343252,0.03125112503392683
2020-04-28 00:00:00+05:30,-2.6082678379194353,-2.6586181986062245,0.11378244294290055
2020-04-29 00:00:00+05:30,-2.6483287960758384,-2.451040561020084,1.193699797415834
2020-04-30 00:00:00+05:30,-2.346050216046141,-2.338848507173157,0.7000453887148418
2020-05-04 00:00:00+05:30,-2.545900385979714,-2.6967729519253716,0.002707459968493293
2020-05-05 00:00:00+05:30,-2.6346714553488937,-2.749234690872505,0.12323596847252319
2020-05-06 00:00:00+05:30,-2.7211670581664196,-2.59048551502501,0.29125040556593507
2020-05-07 00:00:00+05:30,-2.623290823382174,-2.6876884593454973,-0.19707196996478576
2020-05-08 00:00:00+05:30,-2.6164620613522285,-2.669292484607347,-0.23891213948027637
2020-05-11 00:00:00+05:30,-2.639224042319069,-2.7294764898731323,0.0773995518607672
2020-05-12 00:00:00+05:30,-2.8031099135577837,-2.7942025970334488,0.9359641636576784
2020-05-13 00:00:00+05:30,-2.575490872478157,-2.6756516582923404,0.722669274737441
2020-05-14 00:00:00+05:30,-2.816767163601123,-2.829858732245304,0.5269142782120807
2020-05-15 00:00:00+05:30,-2.850909824710351,-2.855067571034439,-0.09421652396576326
2020-05-18 00:00:00+05:30,-2.86229081350513,-3.0889901504649715,0.8167461143968938
2020-05-19 00:00:00+05:30,-2.9858885952896825,-3.1162436282045944,0.8498641318955754
2020-05-20 00:00:00+05:30,-3.0969662111017593,-2.996102607251425,0.545681296407054
2020-05-21 00:00:00+05:30,-2.9831566934814466,-2.9849743420934995,0.891457977557052
2020-05-22 00:00:00+05:30,-3.0352816364518134,-3.0789976995714903,0.6287339385324334
2020-05-26 00:00:00+05:30,-3.0034149575655413,-3.0174508904628583,0.4636079039381295
2020-05-27 00:00:00+05:30,-2.9902128754732833,-2.784663836505959,1.1997445766233918
2020-05-28 00:00:00+05:30,-2.7166144138483133,-2.5957088744455574,1.9948049380686
2020-05-29 00:00:00+05:30,-2.6073575512843505,-2.5666391912879103,1.0771713758824109
2020-06-01 00:00:00+05:30,-2.466233692489456,-2.40312063517667,0.5120180167519248
2020-06-02 00:00:00+05:30,-2.4129702251057896,-2.3424820731724574,0.6114202719258697
2020-06-03 00:00:00+05:30,-2.2613758572477742,-2.2459606751687984,0.9759017162868415
2020-06-04 00:00:00+05:30,-2.224729174443952,-2.3393027751207724,1.1282627830792524
2020-06-05 00:00:00+05:30,-2.338311756545637,-2.19554299759053,0.3488541579459638
2020-06-08 00:00:00+05:30,-2.0792803243431455,-2.274803368748046,0.9459415460867829
2020-06-09 00:00:00+05:30,-2.2613761825803493,-2.404710428597918,1.4374243015992028
2020-06-10 00:00:00+05:30,-2.397947626466263,-2.384043402912502,0.40203012671334176
2020-06-11 00:00:00+05:30,-2.420709640623778,-2.4896492934960346,0.17327100172827012
2020-06-12 00:00:00+05:30,-2.6801958330627182,-2.4253774542833337,0.653139362850432
2020-06-15 00:00:00+05:30,-2.4981000833713227,-2.574815147972553,0.21870496682928883
2020-06-16 00:00:00+05:30,-2.466233633200611,-2.390629566175897,0.7656842007029705
2020-06-17 00:00:00+05:30,-2.4024999961303797,-2.4412748109141926,0.4208254129194225
2020-06-18 00:00:00+05:30,-2.4434713482774573,-2.2564076828007074,0.580641309797145
2020-06-19 00:00:00+05:30,-2.2707086585781884,-2.19554299759053,0.8669009190523039
2020-06-22 00:00:00+05:30,-2.17283212958642,-2.2164364352727217,0.12411897617208642
2020-06-23 00:00:00+05:30,-2.17488108508612,-2.154890203745715,0.08882636430448596
2020-06-24 00:00:00+05:30,-2.131633129366638,-2.1994035531682314,0.5217817551086423
2020-06-25 00:00:00+05:30,-2.2527261780551098,-2.2164364352727217,1.7970099061751703
2020-06-26 00:00:00+05:30,-2.165775952447798,-2.0906183645330136,0.54383619593639
2020-06-29 00:00:00+05:30,-2.183985496587053,-2.0015910881063577,0.790438563389292
2020-06-30 00:00:00+05:30,-2.015547295193576,-2.047921798110148,0.3713274718747164
2020-07-01 00:00:00+05:30,-2.052649185626267,-1.9627556548428176,0.3345867371837667
2020-07-02 00:00:00+05:30,-1.9413425894348881,-1.9409525261021445,0.42068889313167546
2020-07-03 00:00:00+05:30,-1.9290515917886137,-2.011129848633847,0.038448111642200786
2020-07-06 00:00:00+05:30,-1.8609935159381694,-1.879179016205923,0.3636512362688815
2020-07-07 00:00:00+05:30,-1.854392282357505,-1.8694132661000316,-0.09420745532636174
2020-07-08 00:00:00+05:30,-1.8653182191298316,-1.8457942207321452,0.13890151199218012
2020-07-09 00:00:00+05:30,-1.8152421539184211,-1.7794786089413928,-0.26722100031471946
2020-07-10 00:00:00+05:30,-1.8156978219913227,-1.8696414108416821,-0.3714493239398949
2020-07-13 00:00:00+05:30,-1.8521164449990999,-1.9825141446330021,0.13341800803406711
2020-07-14 00:00:00+05:30,-2.067444311776666,-2.0797168001626773,-0.0017717126007659927
2020-07-15 00:00:00+05:30,-2.0328464385439022,-2.1056071852686418,-0.23209391154106007
2020-07-16 00:00:00+05:30,-2.1081878970161045,-2.0629103300549634,-0.12228731259105319
2020-07-17 00:00:00+05:30,-2.0836051961737097,-1.8998466194729633,0.07147446235341852
2020-07-20 00:00:00+05:30,-1.7378512041096916,-1.7426860818834677,1.5714093637838082
2020-07-21 00:00:00+05:30,-1.6602326721881044,-1.7177039438819226,0.8519772882750354
2020-07-22 00:00:00+05:30,-1.7219188175366245,-1.773120012838024,-0.0791681381221334
2020-07-23 00:00:00+05:30,-1.78337554442854,-1.7547234605182493,-0.2658060474697217
2020-07-24 00:00:00+05:30,-1.7929353190733226,-1.806050251573374,-0.2883012568521644
2020-07-27 00:00:00+05:30,-1.8978686743729565,-1.985921298635525,0.46217579420777755
2020-07-28 00:00:00+05:30,-1.99278512619911,-1.9534438838937294,0.3652130847322929
2020-07-29 00:00:00+05:30,-1.9836804863577415,-2.053599425478312,0.28333536245586044
2020-07-30 00:00:00+05:30,-2.015546638817167,-2.116962151214157,0.012263926810241181
2020-07-31 00:00:00+05:30,-2.089751178312121,-2.1980404605345725,0.45223305234719774
2020-08-03 00:00:00+05:30,-2.234289420896559,-2.337939971277926,0.2094568337271923
2020-08-04 00:00:00+05:30,-2.3160048305435144,-2.1578425122189975,1.3745983201151695
2020-08-05 00:00:00+05:30,-2.134137087071079,-2.2218870730624842,0.2681913065515174
2020-08-06 00:00:00+05:30,-2.1839853387385815,-2.1621576245351264,0.28557400919676834
2020-08-07 00:00:00+05:30,-2.193772935792491,-2.147849483743892,-0.07431633434287153
2020-08-10 00:00:00+05:30,-2.1521182406620367,-2.116962151214157,-0.18313714768009806
2020-08-11 00:00:00+05:30,-2.131632970140898,-2.0442876545292235,-0.2663360318282586
2020-08-12 00:00:00+05:30,-2.0565181314149754,-2.0576869706344145,-0.24467407517785195
2020-08-13 00:00:00+05:30,-2.043088808339666,-2.078807686685822,-0.2762791821861087
2020-08-14 00:00:00+05:30,-2.0524213191058056,-2.1905463389575703,-0.2341315776249615
2020-08-17 00:00:00+05:30,-2.1384614362986074,-2.1982677389037857,-0.28983018043558656
2020-08-18 00:00:00+05:30,-2.2249570244024084,-2.0903910861638,-0.1068310830727176
2020-08-19 00:00:00+05:30,-2.0565185437925178,-2.0445149328984376,-0.3652137765070891
2020-08-20 00:00:00+05:30,-2.102270359753591,-2.0790355426366607,-0.30389384275933895
2020-08-21 00:00:00+05:30,-2.054697387067646,-1.9579859857882602,0.09265766020298873
2020-08-24 00:00:00+05:30,-1.9609185287796322,-1.815361444940838,0.41355015823415175
2020-08-25 00:00:00+05:30,-1.8106899072273213,-1.8033252214693052,0.038631281818220474
2020-08-26 00:00:00+05:30,-1.8015850303099703,-1.809002848837469,-0.0598850244758147
2020-08-27 00:00:00+05:30,-1.7797338666870948,-1.8378461199983402,-0.24550888019951525
2020-08-28 00:00:00+05:30,-1.8427837780453586,-1.826943689255567,0.49185377449348644
2020-08-31 00:00:00+05:30,-1.7628899914016234,-1.8208126603122243,0.48386994044308684
2020-09-01 00:00:00+05:30,-1.7697185854192528,-1.7688043229402701,0.09076149757353247
2020-09-02 00:00:00+05:30,-1.7874731137668796,-1.7376905784137577,-0.2816328657117082
2020-09-03 00:00:00+05:30,-1.7276076916207321,-1.7524512544077349,-0.2787047572779234
2020-09-04 00:00:00+05:30,-1.8516614456787366,-1.805141715678143,-0.12233167539461193
2020-09-07 00:00:00+05:30,-1.8229812766534874,-1.8451132519969402,-0.3693052034673433
2020-09-08 00:00:00+05:30,-1.8334518110598133,-1.8362560377862798,-0.49146827294890477
2020-09-09 00:00:00+05:30,-1.8926329947125244,-1.9087038336836237,-0.4463720533910018
2020-09-10 00:00:00+05:30,-1.8835280626485873,-1.9357294554724085,-0.46846293217526364
2020-09-11 00:00:00+05:30,-1.9133461142803603,-1.989781276631602,-0.2394331368988658
2020-09-14 00:00:00+05:30,-1.9518142277631343,-2.0838055004820295,-0.20447148951969343
2020-09-15 00:00:00+05:30,-2.0428613017327484,-2.0268002156863045,-0.4146629429777169
2020-09-16 00:00:00+05:30,-2.0328457889882934,-1.921648015468763,-0.3245892131686711
2020-09-17 00:00:00+05:30,-1.9700237589845673,-1.967298334318973,-0.3405788584226145
2020-09-18 00:00:00+05:30,-1.9336044301674717,-2.086757231373688,-0.12966795957207125
2020-09-21 00:00:00+05:30,-2.102042624420796,-2.1230946241115602,-0.27831603127546944
2020-09-22 00:00:00+05:30,-2.1063669934629736,-2.186230937850629,-0.32824256765621457
2020-09-23 00:00:00+05:30,-2.1430138799318534,-2.132406106269837,-0.4320355965901175
2020-09-24 00:00:00+05:30,-2.1794328856925307,-2.2089417361140957,-0.2796791049671343
2020-09-25 00:00:00+05:30,-2.1248049341762085,-2.147168803799499,-0.25876265583509495
2020-09-28 00:00:00+05:30,-2.129584517274834,-2.1008380937957094,-0.4290701515058237
2020-09-29 00:00:00+05:30,-2.0883851271270153,-2.0629103300549634,-0.572370013547045
2020-09-30 00:00:00+05:30,-2.079280609639637,-1.9900088437916281,-0.32035187098345214
2020-10-01 00:00:00+05:30,-1.9422540687164638,-1.861238175787825,-0.22275215086460198
2020-10-05 00:00:00+05:30,-1.8425566216425076,-1.827625813154021,-0.39689265812236896
2020-10-06 00:00:00+05:30,-1.7376234931314734,-1.6924953938836,-0.2975516775389749
2020-10-07 00:00:00+05:30,-1.6927828381946466,-1.610054858301963,-0.2208854000386101
2020-10-08 00:00:00+05:30,-1.5329941085139733,-1.4758329749267731,0.34332678138101647
2020-10-09 00:00:00+05:30,-1.4373940179554336,-1.2861967553403553,0.748217592718392
2020-10-12 00:00:00+05:30,-1.2983185873785459,-1.3765865468190461,-0.30373812359988595
2020-10-13 00:00:00+05:30,-1.3809441730534375,-1.445627766295492,-0.33913825194903946
2020-10-14 00:00:00+05:30,-1.4622044306492072,-1.3863522969249378,-0.16638614521369824
2020-10-15 00:00:00+05:30,-1.3773022093916718,-1.5782589898769968,0.06498581001191114
2020-10-16 00:00:00+05:30,-1.5329945164525258,-1.4415402211393886,-0.034035889104986554
2020-10-19 00:00:00+05:30,-1.2826126817527497,-1.4224621225027845,0.64148411873314
2020-10-20 00:00:00+05:30,-1.407803189082905,-1.3298018576584523,0.030879637616281194
2020-10-21 00:00:00+05:30,-1.3026433421070702,-1.2264673068129976,0.36702280933934556
2020-10-22 00:00:00+05:30,-1.2600781901419498,-1.2873317032323635,-0.1937496616651245
2020-10-23 00:00:00+05:30,-1.2439177890353328,-1.2759770260776604,-0.44076101658508915
2020-10-26 00:00:00+05:30,-1.3062844418409827,-1.3890767494473821,-0.28938230402838766
2020-10-27 00:00:00+05:30,-1.3235841061685345,-1.288240816709219,-0.09551750607233662
2020-10-28 00:00:00+05:30,-1.3144796814071869,-1.3949825215571965,-0.4119637564142296
2020-10-29 00:00:00+05:30,-1.4392151586324942,-1.496727567772215,-0.14689649534749652
2020-10-30 00:00:00+05:30,-1.5213857675351181,-1.513306470719903,-0.6181923778527013
2020-11-02 00:00:00+05:30,-1.4676679357029703,-1.3693194148204462,-0.19321779821914403
2020-11-03 00:00:00+05:30,-1.321535959985331,-1.2207896794448339,0.06160892647693269
2020-11-04 00:00:00+05:30,-1.2052226948035523,-1.1778661234435661,-0.13281159116568655
2020-11-05 00:00:00+05:30,-1.1414889005833333,-1.1242682814411757,-0.21332207307829676
2020-11-06 00:00:00+05:30,-1.140350769026701,-0.9496208825903854,0.3696768978041875
2020-11-09 00:00:00+05:30,-0.9175114252668358,-0.8001826113195419,-0.015016582995852314
2020-11-10 00:00:00+05:30,-0.7272219577974663,-0.5589931886812219,0.6070804786252498
2020-11-11 00:00:00+05:30,-0.5319245325105794,-0.5757996587889361,0.38644448525976305
2020-11-12 00:00:00+05:30,-0.6343528520631118,-0.6586941735273767,0.016254209846359606
2020-11-13 00:00:00+05:30,-0.6735040222519348,-0.7172886741627258,-0.1708975073678602
2020-11-14 00:00:00+05:30,-0.6780560610183484,-0.6677789548980632,-1.0139302359519693
2020-11-17 00:00:00+05:30,-0.5961123081032966,-0.49176846341361397,0.1798962555569786
2020-11-18 00:00:00+05:30,-0.5178120770472011,-0.4906335155216056,-0.3183529304407788
2020-11-19 00:00:00+05:30,-0.5783589356317836,-0.6466573724742196,-0.2609955836142181
2020-11-20 00:00:00+05:30,-0.6559766882688902,-0.5135710145726625,-0.25533871341457354
2020-11-23 00:00:00+05:30,-0.4631838850771934,-0.554678653946717,-0.057573992018602894
2020-11-24 00:00:00+05:30,-0.4950497283023906,-0.3566386217248175,0.5514040980661311
2020-11-25 00:00:00+05:30,-0.29793178776298823,-0.5174321477319886,-0.10226498228433033
2020-11-26 00:00:00+05:30,-0.463183424890446,-0.4091009382535751,0.05257688843084509
2020-11-27 00:00:00+05:30,-0.3867028076583717,-0.34460182067166045,-0.3538185000526405
2020-12-01 00:00:00+05:30,-0.34550420754628847,-0.3788951520406694,-0.3884184639486553
2020-12-02 00:00:00+05:30,-0.3903451131599845,-0.49858219383703495,-0.3580027375927155
2020-12-03 00:00:00+05:30,-0.39945030344620036,-0.6337126131074559,0.4606695830725862
2020-12-04 00:00:00+05:30,-0.6179648362434559,-0.5955581485791208,0.010468826405466624
2020-12-07 00:00:00+05:30,-0.6452796555173995,-0.6561967105833338,-0.09557722837326008
2020-12-08 00:00:00+05:30,-0.6452785945146633,-0.6377995806819348,-0.2940424408884068
2020-12-09 00:00:00+05:30,-0.6361739967344936,-0.4974466683634022,-0.1873765323516688
2020-12-10 00:00:00+05:30,-0.5405742942767349,-0.5944226231054881,-0.28301015510838073
2020-12-11 00:00:00+05:30,-0.5767649220558684,-0.6082753407858584,-0.21648972431140795
2020-12-14 00:00:00+05:30,-0.6088598567712477,-0.6566501121585128,-0.38537613967808393
2020-12-15 00:00:00+05:30,-0.6188752048548264,-0.5696674746823446,-0.20811340608366738
2020-12-16 00:00:00+05:30,-0.5132598573212312,-0.4815493117325435,-0.4013058175327416
2020-12-17 00:00:00+05:30,-0.4467949351121676,-0.34028670835553104,-0.19328323948185225
2020-12-18 00:00:00+05:30,-0.3721358200528834,-0.4785967144684486,-0.1495152079487271
2020-12-21 00:00:00+05:30,-0.4518031735035318,-0.6543796387928716,-0.11822815691515573
2020-12-22 00:00:00+05:30,-0.6006650784837355,-0.6523349998423834,-0.1554122745433306
2020-12-23 00:00:00+05:30,-0.6794215585073662,-0.6407521779460297,-0.45705335831635313
2020-12-24 00:00:00+05:30,-0.5797244854309082,-0.5433228216287649,-0.47809938278254377
2020-12-28 00:00:00+05:30,-0.5087075300641707,-0.47178356162665197,-0.6109832997252254
2020-12-29 00:00:00+05:30,-0.4356410948318224,-0.4066028977279079,-0.496761253780132
2020-12-30 00:00:00+05:30,-0.3498283451354354,-0.38252871803996935,-0.4264433506586404
2020-12-31 00:00:00+05:30,-0.37213580770175664,-0.36526884635707624,-0.18424433868162296
2021-01-01 00:00:00+05:30,-0.34937351140309064,-0.416368070252175,-0.7289677689290425
2021-01-04 00:00:00+05:30,-0.358478346087021,-0.457475132044605,-0.4459096344809788
2021-01-05 00:00:00+05:30,-0.4440639883671964,-0.4088745262567979,-0.5011943478572971
2021-01-06 00:00:00+05:30,-0.372136231975665,-0.43680868394081357,-0.18472228048791875
2021-01-07 00:00:00+05:30,-0.3835170779829477,-0.45634018415259664,-0.2761933160598836
2021-01-08 00:00:00+05:30,-0.38579269788324483,-0.3863898511992954,-0.5264419301478251
2021-01-11 00:00:00+05:30,-0.30384944807510644,-0.2964546164590322,-0.38090954882475103
2021-01-12 00:00:00+05:30,-0.29269625015792766,-0.16223273308384242,-0.2560415738179176
2021-01-13 00:00:00+05:30,-0.10855204775171157,-0.20924441182283787,-0.3971163512276062
2021-01-14 00:00:00+05:30,-0.20756699513598012,-0.21787521403672108,-0.586556306751353
2021-01-15 00:00:00+05:30,-0.21689931264933418,-0.2274133969825865,-0.5102461571712691
2021-01-18 00:00:00+05:30,-0.21325763805414857,-0.15269512771960142,0.6605231961101586
2021-01-19 00:00:00+05:30,-0.11355969338460788,-0.0584442030815844,-0.3797305440031007
2021-01-20 00:00:00+05:30,-0.07167800472593437,-0.11226903466237644,-0.5437095999617488
2021-01-21 00:00:00+05:30,-0.11264953728548947,-0.19039445792788423,-0.013194113273965094
2021-01-22 00:00:00+05:30,-0.2223622186841731,-0.3323380300401017,-0.4601183133357013
2021-01-25 00:00:00+05:30,-0.23510878046147626,-0.24467384624710403,-0.257816004260813
2021-01-27 00:00:00+05:30,-0.22190692385513316,-0.48654539278387793,-0.1266247366075051
2021-01-28 00:00:00+05:30,-0.5774480008816142,-0.6598296990010094,0.6555727810898372
2021-01-29 00:00:00+05:30,-0.5708480404341971,-0.573301618263269,0.08367889020095323
2021-02-01 00:00:00+05:30,-0.48480695528709666,-0.18153724371722382,-0.011662657007466867
2021-02-02 00:00:00+05:30,-0.07167884443055755,0.19909713292602205,0.6439616546777418
2021-02-03 00:00:00+05:30,0.2834078026560391,0.2638238176679628,-0.26220587932677636
2021-02-04 00:00:00+05:30,0.22422721568241694,0.2833553178797459,-0.08869952323148252
2021-02-05 00:00:00+05:30,0.14228387770200504,0.36738535809181916,0.01628558243672159
2021-02-08 00:00:00+05:30,0.47005574536100214,0.4021332461992559,-0.3761633007401446
2021-02-09 00:00:00+05:30,0.4245317892306494,0.4321114652521355,-0.33638440845078094
2021-02-10 00:00:00+05:30,0.41702115628272085,0.2953926965145274,-0.2805575374972697
2021-02-11 00:00:00+05:30,0.2970653862665911,0.25269555251003684,-0.5313498614520314
2021-02-12 00:00:00+05:30,0.26019139819647946,0.296300654828134,-0.6840670561647234
2021-02-15 00:00:00+05:30,0.37946323465803233,0.4536870268327824,-0.6658832903723391
2021-02-16 00:00:00+05:30,0.47551845301649953,0.49933619051974343,-0.5211889003496369
2021-02-17 00:00:00+05:30,0.4700555738575994,0.3169671029319254,-0.5662433714865114
2021-02-18 00:00:00+05:30,0.40609436439222163,0.17070899608520299,-0.4875613233559354
2021-02-19 00:00:00+05:30,0.1286264000360486,0.10166719902713284,-0.3887479578469102
2021-02-22 00:00:00+05:30,0.1288541985593013,0.1420927145027334,0.11420736180350642
2021-02-23 00:00:00+05:30,0.16846027749681003,0.05647316966022401,-0.34379699991833945
2021-02-24 00:00:00+05:30,0.04440785652109705,0.407583883989018,-0.5041556262694334
2021-02-25 00:00:00+05:30,0.4233932304268796,0.4073563168289919,-0.2674217358733637
2021-02-26 00:00:00+05:30,0.3200551086317795,0.08031978218813646,0.05133995869626077
2021-03-01 00:00:00+05:30,0.21512206103726617,0.19160301134902047,-0.5359495407160405
2021-03-02 00:00:00+05:30,0.2683853580343097,0.23384559861508322,-0.43080152633642554
2021-03-03 00:00:00+05:30,0.30617010100633607,0.31855718514398595,-0.6304597959793222
2021-03-04 00:00:00+05:30,0.1447874527972295,0.1604886892408837,-0.42339138585248903
2021-03-05 00:00:00+05:30,0.06489387600097427,0.06033430281955006,-0.3762351145602701
2021-03-08 00:00:00+05:30,0.11496984852754707,0.01264107776372517,-0.47136481508429273
2021-03-09 00:00:00+05:30,0.1286268785284539,0.2079549247183069,-0.4734217622393541
2021-03-10 00:00:00+05:30,0.2515412952998072,0.17729515934859788,-0.6372977951864229
2021-03-12 00:00:00+05:30,0.3790081917069736,0.16003471008408035,-0.45036176453094173
2021-03-15 00:00:00+05:30,0.14410516417772976,0.054202118712958484,-0.589284251522672
2021-03-16 00:00:00+05:30,0.06443863010384214,-0.020743717710052706,-0.5283372757827407
2021-03-17 00:00:00+05:30,0.03416516013286954,-0.09705264676672276,-0.22841604721729636
2021-03-18 00:00:00+05:30,-0.022739765998974946,-0.11681113655690749,-0.35091980342232
2021-03-19 00:00:00+05:30,-0.14451607009523734,-0.08728689666083123,-0.22144741058314152
2021-03-22 00:00:00+05:30,-0.09944773565848047,-0.21605814224625888,-0.5163574397344379
2021-03-23 00:00:00+05:30,-0.2128025342949491,-0.07525067318929861,-0.2816432415423748
2021-03-24 00:00:00+05:30,-0.11765738895435879,-0.17222605034976005,-0.4202270842969946
2021-03-25 00:00:00+05:30,-0.12084462512246671,-0.24240337288146294,-0.1099547799995404
2021-03-26 00:00:00+05:30,-0.10354440947215456,-0.11544804392324862,-0.5978270732378025
2021-03-30 00:00:00+05:30,-0.04595710604828146,0.1679833883995097,-0.04282691376157456
2021-03-31 00:00:00+05:30,0.14228473730054425,-0.104773757922126,0.1682379885598862
2021-04-01 00:00:00+05:30,-0.07896185189870743,-0.13611564719028887,0.37204773426177684
2021-04-05 00:00:00+05:30,-0.16727756919388925,-0.3048572739312649,-0.4350275122975291
2021-04-06 00:00:00+05:30,-0.25832614508301616,-0.34732742835735375,-0.4730525624064224
2021-04-07 00:00:00+05:30,-0.3525599828890202,-0.3157591270924136,-0.06404687636547521
2021-04-08 00:00:00+05:30,-0.2901925596401779,-0.3811662029879349,-0.3693817558558047
2021-04-09 00:00:00+05:30,-0.41310746617855576,-0.43135804615105144,0.06134691632773771
2021-04-12 00:00:00+05:30,-0.5633360272917189,-0.6798151783695958,-0.16776645749017133
2021-04-13 00:00:00+05:30,-0.6771453612369123,-0.5285604128899145,-0.32905939879798296
2021-04-15 00:00:00+05:30,-0.5087072389772352,-0.3934305712011181,0.31817601294355863
2021-04-16 00:00:00+05:30,-0.3723637093389187,-0.400016734464513,-0.45136985409468255
2021-04-19 00:00:00+05:30,-0.5769936171168815,-0.47382762299551584,-0.10567021552987027
2021-04-20 00:00:00+05:30,-0.4176600987910809,-0.5692134955255412,-0.14173938070838382
2021-04-22 00:00:00+05:30,-0.6225161624090059,-0.4279503145669043,0.48322230887069256
2021-04-23 00:00:00+05:30,-0.4904978539200899,-0.4658783670984621,-0.16105076236580992
2021-04-26 00:00:00+05:30,-0.47228798418856394,-0.5083473663613021,0.1435829724097109
2021-04-27 00:00:00+05:30,-0.49846349304742826,-0.3543669931959275,-0.24767759220774122
2021-04-28 00:00:00+05:30,-0.36644523973491194,-0.18131025413882215,-0.10425281170125049
2021-04-29 00:00:00+05:30,-0.13905364905061432,-0.2008417543506052,-0.10528990457118532
2021-04-30 00:00:00+05:30,-0.32661226221406076,-0.4742816021523192,0.3503622481685987
2021-05-03 00:00:00+05:30,-0.5633358431848196,-0.46451585204642765,-0.17084767070087892
2021-05-04 00:00:00+05:30,-0.4861737152082993,-0.5830673683691604,-0.21118154738172415
2021-05-05 00:00:00+05:30,-0.5269173759729724,-0.5183412612088442,-0.4997732675532443
2021-05-06 00:00:00+05:30,-0.49687077447328826,-0.5260617947826229,-0.6200580665857903
2021-05-07 00:00:00+05:30,-0.47251632113172376,-0.4631533369943932,-0.5967210260286345
2021-05-10 00:00:00+05:30,-0.4085544599551644,-0.4399876932016858,-0.6370921576605346
2021-05-11 00:00:00+05:30,-0.5496784489848765,-0.5140249937294659,-0.4957936054461547
2021-05-12 00:00:00+05:30,-0.5326069006777724,-0.5324209684676162,-0.5261902141298427
2021-05-14 00:00:00+05:30,-0.5571901163788355,-0.5898799436293326,-0.6557158750130733
2021-05-17 00:00:00+05:30,-0.5535482784680106,-0.34732742835735375,-0.4712160403784355
2021-05-18 00:00:00+05:30,-0.26310618990825696,-0.1817648108772499,-0.18344654351265227
2021-05-19 00:00:00+05:30,-0.2118920330782826,-0.26579542867094763,-0.6750470279383838
2021-05-20 00:00:00+05:30,-0.2658374035938869,-0.3811662029879349,-0.6524461811618316
2021-05-21 00:00:00+05:30,-0.3357166116600299,-0.08819543255606233,-0.29879122165608935
2021-05-24 00:00:00+05:30,-0.061435720098844245,-0.030737612557594766,-0.18422995957770705
2021-05-25 00:00:00+05:30,-0.028430054156603372,-0.17154450403293062,-0.30306704428417425
2021-05-26 00:00:00+05:30,-0.16727778241407007,-0.18017415108356494,-0.5870945427547507
2021-05-27 00:00:00+05:30,-0.1986899484440118,-0.15473861150684085,-0.25394434883200084
2021-05-28 00:00:00+05:30,-0.11765703845968446,-0.06026127487204659,-0.36380870929603354
2021-05-31 00:00:00+05:30,-0.07623076965617548,-0.003938402765587367,-0.44914240017898194
2021-06-01 00:00:00+05:30,0.01618311896470969,-0.022788356660540996,-0.6383130743021217
2021-06-02 00:00:00+05:30,-0.03070753684150403,-0.05776381192800383,-0.6549040275380029
2021-06-03 00:00:00+05:30,-0.039811137619731304,0.017410746818282318,-0.6686604182150069
2021-06-04 00:00:00+05:30,-0.0033926249186585875,-0.07161710718999865,-0.7039049091041615
2021-06-07 00:00:00+05:30,-0.030706727916627635,-0.07661318824133304,-0.7583497520926643
2021-06-08 00:00:00+05:30,-0.09193607030170071,-0.15292153971637865,-0.6856016170104762
2021-06-09 00:00:00+05:30,-0.1495242174988645,-0.16541289750796348,-0.6712673660948517
2021-06-10 00:00:00+05:30,-0.15771821801754066,-0.16200574350544075,-0.6197927067589786
2021-06-11 00:00:00+05:30,-0.11720151448772882,-0.13793214139912663,-0.7945301102281639
2021-06-14 00:00:00+05:30,-0.1752451417666837,-0.16927403066728952,-0.7260663762167379
2021-06-15 00:00:00+05:30,-0.1399642316498486,-0.1202182905594302,-0.7796760056863069
2021-06-16 00:00:00+05:30,-0.1308591071802011,-0.1458813972961804,-0.7742635802532328
2021-06-17 00:00:00+05:30,-0.23101179392355572,-0.22991201508987813,-0.7096514036049183
2021-06-18 00:00:00+05:30,-0.21507864629012236,-0.167683948455229,-0.6012256888275629
2021-06-21 00:00:00+05:30,-0.2521807696234699,-0.12725901056125288,-0.7923038818042744
2021-06-22 00:00:00+05:30,-0.08988719805834412,-0.14951438571385592,-0.5020113423979737
2021-06-23 00:00:00+05:30,-0.1217542893264529,-0.1417932745584527,-0.7684314647246131
2021-06-24 00:00:00+05:30,-0.12175429115749203,-0.04754292750206011,-0.48492798655242664
2021-06-25 00:00:00+05:30,-0.025698754755989504,-0.007344401604861222,-0.6647422757968302
2021-06-28 00:00:00+05:30,0.014817001352064702,-0.038004744556194674,-0.7066700271270814
2021-06-29 00:00:00+05:30,-0.014672163974280691,-0.03709216558959255,-0.6407015578417896
2021-06-30 00:00:00+05:30,-0.05582059221086733,-0.05602355849359106,-0.6935067744866086
2021-07-01 00:00:00+05:30,-0.037531705500054816,-0.10688770666754609,-0.3980643916926073
2021-07-02 00:00:00+05:30,-0.11525823671638923,-0.13585631304091902,-0.48321180782028145
2021-07-05 00:00:00+05:30,-0.09262548569789555,-0.06719976292634484,-0.7876711142613678
2021-07-06 00:00:00+05:30,-0.060392381832821,0.1118522733923618,-0.36711704698904923
2021-07-07 00:00:00+05:30,0.1087745428082732,0.13374897035619276,-0.6955423980841583
2021-07-08 00:00:00+05:30,0.06762558251729792,0.04684546156257166,-0.7448998160678681
2021-07-09 00:00:00+05:30,0.010703906827764056,-0.03731973274961865,-0.6519699550440712
2021-07-12 00:00:00+05:30,-0.03753260907494489,-0.1057481381225423,-0.4982468766528983
2021-07-13 00:00:00+05:30,-0.06450791980332089,-0.038004744556194674,-0.34632004245885684
2021-07-14 00:00:00+05:30,-0.05810647819339249,-0.05032109511557668,-0.6890348731687613
2021-07-15 00:00:00+05:30,-0.023815934801964617,0.04798618527082431,-0.6624699688808464
2021-07-16 00:00:00+05:30,0.08111317514473293,0.05551322900041849,-0.8776734387475584
2021-07-19 00:00:00+05:30,-0.10611342396189008,-0.17873712800197883,-0.06309017575834294
2021-07-20 00:00:00+05:30,-0.3118579311029791,-0.30578487002010224,-0.10138066739350202
2021-07-22 00:00:00+05:30,-0.2473911960210106,-0.28046657951313775,-0.5493851793363749
2021-07-23 00:00:00+05:30,-0.2684228167104645,-0.307609450371682,-0.5526707228817057
2021-07-26 00:00:00+05:30,-0.36672290602620783,-0.3450165242780024,-0.5510170442319222
2021-07-27 00:00:00+05:30,-0.3388333634135359,-0.32129524696259165,-0.1737998804736137
2021-07-28 00:00:00+05:30,-0.34363386203432944,-0.4237085551170777,-0.24451435274514965
2021-07-29 00:00:00+05:30,-0.37472422169216585,-0.41937496018896653,-0.5291598258862938
2021-07-30 00:00:00+05:30,-0.41701528921326153,-0.38196730870102175,-0.6127686778949659
2021-08-02 00:00:00+05:30,-0.3438615631039086,-0.3993016884134665,-0.5472743922410829
2021-08-03 00:00:00+05:30,-0.45816465817543894,-0.34433266763467524,-0.5973425137757272
2021-08-04 00:00:00+05:30,-0.3164293851871655,-0.20473927515227044,-0.18799442532278246
2021-08-05 00:00:00+05:30,-0.19709845944562043,-0.11555605168701735,-0.3200019522216804
2021-08-06 00:00:00+05:30,-0.12188679767863593,-0.07997298055065234,-0.5439866428104922
2021-08-09 00:00:00+05:30,-0.08325317470402024,-0.028652542893396256,-0.639624922436086
2021-08-10 00:00:00+05:30,-0.09696954308961038,-0.011545730340977558,-0.4827497974075288
2021-08-11 00:00:00+05:30,0.021447948329423695,-0.06948121034285015,-0.5747662585348494
2021-08-12 00:00:00+05:30,-0.060392469029236874,-0.040056892067800574,-0.7376795451151849
2021-08-13 00:00:00+05:30,-0.041190093002025086,0.07307633103613824,-0.4083999445283444
2021-08-16 00:00:00+05:30,0.07288375575673757,0.09314844764838939,-0.833467906637901
2021-08-17 00:00:00+05:30,0.03196356908904373,0.020387602510603405,-0.7505475359286571
2021-08-18 00:00:00+05:30,0.21256061202333768,0.012859981199384793,-0.14992313332288693
2021-08-20 00:00:00+05:30,-0.11045635106688956,0.020843891993904465,-0.5517016856570092
2021-08-23 00:00:00+05:30,0.08980089117089932,0.06577800962981903,-0.6459563850279673
2021-08-24 00:00:00+05:30,0.0904864132974828,0.2220207700180926,-0.33802052171793984
2021-08-25 00:00:00+05:30,0.19152945834465207,0.21540630525510054,-0.7732065527165055
2021-08-26 00:00:00+05:30,0.18192822738348569,0.20354566659739515,-0.6346839845524364
2021-08-27 00:00:00+05:30,0.19107253326372828,0.17457763780564664,-0.8281835859488049
2021-08-30 00:00:00+05:30,0.20753115647351056,0.2649015849791524,-0.7192362201572277
2021-08-31 00:00:00+05:30,0.24365119177748956,0.32489036765587975,-0.5961392442162188
2021-09-01 00:00:00+05:30,0.29623033153950984,0.3143980198664531,-0.5814340777791271
2021-09-02 00:00:00+05:30,0.2921152353291537,0.3595602822440182,-0.6959781012727012
2021-09-03 00:00:00+05:30,0.3469803346810403,0.3004846561155174,-0.6503567176240512
2021-09-06 00:00:00+05:30,0.3188618410018635,0.25326909106309753,-0.7671231296671737
2021-09-07 00:00:00+05:30,0.23907915300252966,0.26946390223053857,-0.7929156473163329
2021-09-08 00:00:00+05:30,0.28228506473566156,0.30208109172544667,-0.8142153485874036
2021-09-09 00:00:00+05:30,0.291658183014284,0.2664985981707061,-0.7518432075707161
2021-09-13 00:00:00+05:30,0.23679292792296752,0.20696668255890424,-0.7229127772897262
2021-09-14 00:00:00+05:30,0.22764832039726773,0.1750333497073233,-0.6902598747830518
2021-09-15 00:00:00+05:30,0.11334714660056597,0.1670511716576769,-0.48337675901804406
2021-09-16 00:00:00+05:30,0.1259196442151888,0.22703822158953096,-0.6697515144240804
2021-09-17 00:00:00+05:30,0.26879731657306494,0.3283113836173888,-0.2515503097294563
2021-09-20 00:00:00+05:30,0.24593733940835236,0.22658250968785434,-0.7301658097234907
2021-09-21 00:00:00+05:30,0.23679247403417253,0.19054314906818826,-0.4853376276151219
2021-09-22 00:00:00+05:30,0.17735578019120196,0.10728995614097564,-0.6566121180241955
2021-09-23 00:00:00+05:30,0.14535096620017937,0.27288491819204763,-0.5307090926337789
2021-09-24 00:00:00+05:30,0.31451883862896407,0.41681190560256365,-0.23894408396681682
2021-09-27 00:00:00+05:30,0.48231452926762797,0.5242432429101125,-0.4183250393068455
2021-09-28 00:00:00+05:30,0.5568393068390033,0.4783965463075958,-0.5670863464535815
2021-09-29 00:00:00+05:30,0.39681619535443946,0.3816851239494997,-0.42455159979970386
2021-09-30 00:00:00+05:30,0.3465233277801637,0.3867031531025625,-0.4363035760706119
2021-10-01 00:00:00+05:30,0.33280689499099664,0.33082039819392023,-0.6342920722712738
2021-10-04 00:00:00+05:30,0.360239523870082,0.34473433952648036,-0.8008596120331475
2021-10-05 00:00:00+05:30,0.37395581017757007,0.38898402293744333,-0.6698892597036386
2021-10-06 00:00:00+05:30,0.3922440560609302,0.47771211208264425,-0.32905335303838196
2021-10-07 00:00:00+05:30,0.5321499773143172,0.4576399954703931,-0.628690430902579
2021-10-08 00:00:00+05:30,0.46539731235085624,0.421829357174002,-0.7929129512343487
2021-10-11 00:00:00+05:30,0.41007542494485555,0.5639311866513138,-0.5545431109700282
2021-10-12 00:00:00+05:30,0.5248347127578773,0.5447710714240402,-0.7548661690706735
2021-10-13 00:00:00+05:30,0.579699459875835,0.5894770443183043,-0.8345763231312369
2021-10-14 00:00:00+05:30,0.5842717425435158,0.8084457467014872,-0.4860609945814369
2021-10-18 00:00:00+05:30,0.890601522518587,0.7304381500873635,0.0898861696226516
2021-10-19 00:00:00+05:30,0.7554962188244032,0.8143757772395277,-0.7217536254354143
2021-10-20 00:00:00+05:30,0.8179058045306667,0.7466329612548045,-0.643280156011073
2021-10-21 00:00:00+05:30,0.7388083482439863,0.7578091656875583,-0.691089777837471
2021-10-22 00:00:00+05:30,0.7767566303915413,0.7781094270414599,-0.5915241237553909
2021-10-25 00:00:00+05:30,0.8220202983120345,0.669765510767309,-0.4178632739924551
2021-10-26 00:00:00+05:30,0.6391368955583117,0.6503778283800093,-0.5949921838811089
2021-10-27 00:00:00+05:30,0.6517104381888967,0.6049879988424182,-0.5476479221450802
2021-10-28 00:00:00+05:30,0.639137240670046,0.3805449778228715,-0.3618589518247089
2021-10-29 00:00:00+05:30,0.36481156453009794,0.3315048324188718,-0.5820747648979256
2021-11-01 00:00:00+05:30,0.34195127179675144,0.43391871815498234,-0.7570976262596234
2021-11-02 00:00:00+05:30,0.437965156942044,0.4405331829179744,-0.5481348508913234
2021-11-03 00:00:00+05:30,0.43384978901312177,0.32511793481590584,-0.6719252100990045
2021-11-04 00:00:00+05:30,0.38767165512099944,0.3821408358511763,-1.0440878737325092
2021-11-08 00:00:00+05:30,0.37441310732230826,0.41088129748289876,-0.3150521090975373
2021-11-09 00:00:00+05:30,0.3858433687354346,0.2831496988214482,-0.5702854519765087
2021-11-10 00:00:00+05:30,0.2642253680171067,0.20559781410900105,-0.5286738775334995
2021-11-11 00:00:00+05:30,0.1821571568807211,0.1738937811623195,-0.7621187113077135
2021-11-12 00:00:00+05:30,0.18192771387956633,0.19533361106122496,-0.4796555939836245
2021-11-15 00:00:00+05:30,0.2372497225832484,0.21472129344852453,-0.6994474685896842
2021-11-16 00:00:00+05:30,0.20478810078061638,0.17252433513079188,-0.7520695967579376
2021-11-17 00:00:00+05:30,0.12203358779846545,0.09406102661499152,-0.7784800890776645
2021-11-18 00:00:00+05:30,0.07242644343180277,0.1332926808728917,-0.7149997766660033
2021-11-22 00:00:00+05:30,0.1636391701179789,0.023579896148837525,-0.4654733857520199
2021-11-23 00:00:00+05:30,-0.037532282741806595,0.024493052697064074,-0.629936756074381
2021-11-24 00:00:00+05:30,0.06305341321756999,0.0358974018714684,0.16937279397688595
2021-11-25 00:00:00+05:30,0.020990503507659058,0.07193560732788559,-0.6701149952952274
2021-11-26 00:00:00+05:30,-0.04667615461674684,-0.09251805343330932,-0.3280686295185045
2021-11-29 00:00:00+05:30,-0.07045146452321914,-0.040741903874376595,-0.5582135406434717
2021-11-30 00:00:00+05:30,-0.06953692133262912,-0.07586753036419168,-0.05859907506878979
2021-12-01 00:00:00+05:30,-0.06953669798345975,-0.02523094935026274,-0.7344132009415599
2021-12-02 00:00:00+05:30,-0.026102092456860584,0.07102360594290791,-0.6312481957110752
2021-12-03 00:00:00+05:30,0.07128328631093134,0.015368995775916187,-0.7570006490076451
2021-12-06 00:00:00+05:30,0.012761058756522017,-0.029108254795072883,-0.8017377177654667
2021-12-07 00:00:00+05:30,0.017104094567005085,0.07079546120125738,-0.5812308095374068
2021-12-08 00:00:00+05:30,0.11791908251630244,0.19898392692763342,-0.4640737924043869
2021-12-09 00:00:00+05:30,0.15998182014876874,0.0760416350959707,-0.609000045477733
2021-12-10 00:00:00+05:30,0.06716851415729197,0.056425807967020604,-0.7711064682496963
2021-12-13 00:00:00+05:30,0.07219796324073825,0.004420936084812924,-0.6672354980366129
2021-12-14 00:00:00+05:30,-0.035246274577745894,-0.03526758523801275,-0.7134382550004083
2021-12-15 00:00:00+05:30,-0.032960139176163826,-0.04644378967076654,-0.6756911464342532
2021-12-16 00:00:00+05:30,0.011846775560698956,-0.04598750018746548,-0.5492496399420767
2021-12-17 00:00:00+05:30,-0.06039233033254159,-0.1693849263391804,-0.4763600014054433
2021-12-20 00:00:00+05:30,-0.2661363626273423,-0.3856164694041813,-0.22464806839569604
2021-12-21 00:00:00+05:30,-0.3232879505417433,-0.3119430452997932,-0.7163937327513057
2021-12-22 00:00:00+05:30,-0.2647650134362884,-0.2964332459389282,-0.7385043011039979
2021-12-23 00:00:00+05:30,-0.26042186541005935,-0.30145127509199104,-0.6894159194225329
2021-12-24 00:00:00+05:30,-0.2958554656038013,-0.3251725524074018,-0.8617258687124599
2021-12-27 00:00:00+05:30,-0.3717517675242103,-0.2708862331086888,-0.8966902121736166
2021-12-28 00:00:00+05:30,-0.22636013656214668,-0.2252682588294471,-0.8662334726917348
2021-12-29 00:00:00+05:30,-0.2476193632500377,-0.2569728693577531,-0.7756277977372545
2021-12-30 00:00:00+05:30,-0.23641812761684225,-0.22207481002796411,-0.7941239005425396
2021-12-31 00:00:00+05:30,-0.22270164675546777,-0.14041747512905633,-0.830487592252967
2022-01-03 00:00:00+05:30,-0.11525742699353336,0.04319687844103648,-0.7184184903214644
2022-01-04 00:00:00+05:30,0.04476569495046685,0.08379740114883984,-0.7270717696984944
2022-01-05 00:00:00+05:30,0.12157679443365152,0.2493917856182874,-0.5034078311663521
2022-01-06 00:00:00+05:30,0.14992360768002386,0.1348896940644454,-0.6955530190131871
2022-01-07 00:00:00+05:30,0.15449584725087342,0.1841579842100956,-0.6322173963346798
2022-01-10 00:00:00+05:30,0.21850500208107623,0.22338963846799578,-0.7271067370648353
2022-01-11 00:00:00+05:30,0.23473630289095104,0.2541822476113241,-0.7461957328082893
2022-01-12 00:00:00+05:30,0.2642261579267274,0.21198528929359145,-0.2275540362774285
2022-01-13 00:00:00+05:30,0.2047884569852369,0.08128780899068401,0.6253215157349356
2022-01-14 00:00:00+05:30,0.09048623661926397,0.1595235503464583,-0.631008898010111
2022-01-17 00:00:00+05:30,0.09048633256841926,0.05163592355560835,-0.14978261026189055
2022-01-18 00:00:00+05:30,0.10420207715044065,0.08698969478707395,-0.584759490658043
2022-01-19 00:00:00+05:30,0.10877459358270562,0.0377219822230482,-0.504021067268584
2022-01-20 00:00:00+05:30,0.08339952325089597,-0.005386977479662121,-0.46806432053886754
2022-01-21 00:00:00+05:30,-0.04667612646572537,0.05209221303890941,-0.6175805306411887
2022-01-24 00:00:00+05:30,-0.0011840383189564267,-0.10734399615084715,-0.6040668690422197
2022-01-25 00:00:00+05:30,-0.23573224891207464,-0.10095767612950562,-0.5335708611108607
2022-01-27 00:00:00+05:30,-0.2752803972206061,-0.160717736482958,0.08013868945729352
2022-01-28 00:00:00+05:30,-0.14954891298739506,-0.2140920543966933,-0.07070423807963229
2022-01-31 00:00:00+05:30,-0.1712656211583454,-0.11167816866058278,-0.5642776826216436
2022-02-01 00:00:00+05:30,-0.007813916551402865,-0.06012958626167616,-0.4867882831215472
2022-02-02 00:00:00+05:30,0.007959919680616975,0.09588560696657132,-0.5182504977846396
2022-02-03 00:00:00+05:30,0.08477063976647153,0.023579896148837525,-0.6573245372636655
2022-02-04 00:00:00+05:30,0.0831714198621325,0.0630408503116371,-0.615854057777831
2022-02-07 00:00:00+05:30,0.008645676946545769,-0.19173849036793686,-0.5877460142014862
2022-02-08 00:00:00+05:30,-0.1545777218911839,-0.22047837441803483,-0.5177668370165591
2022-02-09 00:00:00+05:30,-0.16555082058894285,-0.05739242694349424,-0.6269494972358512
2022-02-10 00:00:00+05:30,0.01733218418528546,0.06805772430145103,-0.5041475380234807
2022-02-11 00:00:00+05:30,-0.045533677249613456,0.039546562574628005,-0.6513465065100809
2022-02-14 00:00:00+05:30,-0.09239698245131742,-0.1664201998609724,-0.4901732549024784
2022-02-15 00:00:00+05:30,-0.15640654444538446,0.03475725574484018,-0.5523283204697081
2022-02-16 00:00:00+05:30,0.11037453853497844,0.025405054082041762,-0.679076935209725
2022-02-17 00:00:00+05:30,0.013217747269352672,-0.016791904235690873,-0.7885973409721329
2022-02-18 00:00:00+05:30,-0.05444892855221504,0.00989467713955234,-0.770422480420242
2022-02-21 00:00:00+05:30,-0.028388393267451822,0.05437250529216584,-0.7838237235704137
2022-02-22 00:00:00+05:30,-0.09331100474240638,0.00236821099158259,-0.6993411775999422
2022-02-23 00:00:00+05:30,0.06808259054872805,-0.042338339484305876,-0.7200370382059988
2022-02-24 00:00:00+05:30,-0.27573844767305783,-0.4141287862942532,-0.12358184044075521
2022-02-25 00:00:00+05:30,-0.32123039164368083,-0.24670866630997698,-0.34058016561387955
2022-02-28 00:00:00+05:30,-0.38501109797572575,-0.3828798876676239,-0.07251698556648546
2022-03-02 00:00:00+05:30,-0.5656083859681786,-0.6200955487298536,0.4840494341436735
2022-03-03 00:00:00+05:30,-0.5907548251343653,-0.6349214914473914,-0.37288135197079275
2022-03-04 00:00:00+05:30,-0.6867688051038168,-0.6554498975429437,-0.22208695390958313
2022-03-07 00:00:00+05:30,-0.8765106458756496,-0.8456787158760285,0.01627504320714686
2022-03-08 00:00:00+05:30,-0.9510356595437048,-0.8319929192851189,0.5129274133751519
2022-03-09 00:00:00+05:30,-0.8239318899567402,-0.6342376348040643,-0.14384624622988054
2022-03-10 00:00:00+05:30,-0.38043939875375843,-0.5359303544176633,-0.17903779587279933
2022-03-11 00:00:00+05:30,-0.5587504612201379,-0.5172259510920665,-0.46998695379144173
2022-03-14 00:00:00+05:30,-0.4353044904317756,-0.30852202933828415,-0.06690856314310302
2022-03-15 00:00:00+05:30,-0.30499959583756825,-0.39314409071539996,-0.3181424726471005
2022-03-16 00:00:00+05:30,-0.28899742992836086,-0.28297559408966916,-0.542972017290426
2022-03-17 00:00:00+05:30,-0.17469471634461914,-0.1374521710692239,-0.4833377066789997
2022-03-21 00:00:00+05:30,-0.10611388887403962,-0.10802900795742318,-0.5881612925265121
2022-03-22 00:00:00+05:30,-0.13217415420397177,-0.07313037104600975,-0.661529934962344
2022-03-23 00:00:00+05:30,-0.014672225958461838,-0.14110248693563235,0.1851395631201327
2022-03-24 00:00:00+05:30,-0.2021277468220665,-0.3080657398549831,-0.26535988675105826
2022-03-25 00:00:00+05:30,-0.2707093033500538,-0.3616676249287445,-0.42032667593150314
2022-03-28 00:00:00+05:30,-0.36260802102447776,-0.35299985749089763,-0.44530938859194374
2022-03-29 00:00:00+05:30,-0.31642970496294925,-0.26632449343892706,-0.5832768089656232
2022-03-30 00:00:00+05:30,-0.17469521710384228,-0.151594834725059,-0.2674147097203139
2022-03-31 00:00:00+05:30,-0.17926684430331716,-0.18170243206181128,-0.5049161664873493
2022-04-01 00:00:00+05:30,-0.1545776440155909,-0.01907277407057174,-0.4937706452639854
2022-04-04 00:00:00+05:30,0.31909010277369,0.6688529318007068,2.891953342540773
2022-04-05 00:00:00+05:30,0.7154905811522918,0.447375792422617,0.17428685274014735
2022-04-06 00:00:00+05:30,0.3542959986675009,0.18552627507837435,0.015188522167501092
2022-04-07 00:00:00+05:30,0.14215137350724422,0.029967371333427924,0.5770304390257168
2022-04-08 00:00:00+05:30,0.008646025647910926,0.020387602510603405,0.5964173109787014
2022-04-11 00:00:00+05:30,-0.01924456965034545,-0.06400746928811073,-0.23925601248244713
2022-04-12 00:00:00+05:30,-0.11982973089494538,-0.07609567510584221,0.03183650162232159
2022-04-13 00:00:00+05:30,-0.09239752175792207,-0.2063368659254486,0.09135937417839958
2022-04-18 00:00:00+05:30,-0.41770203051892735,-0.5233852815350063,0.7746877256395884
2022-04-19 00:00:00+05:30,-0.5912119252395209,-0.7663028283936261,1.9379100918515162
2022-04-20 00:00:00+05:30,-0.712143879979631,-0.711103930128311,0.9260506702016549
2022-04-21 00:00:00+05:30,-0.6639080871200758,-0.6196392592465526,1.0535236323014356
2022-04-22 00:00:00+05:30,-0.6867685942640575,-0.7051738995902704,-0.24497162458956634
2022-04-25 00:00:00+05:30,-0.7324899046621043,-0.6588714910860771,-0.2336832110210382
2022-04-26 00:00:00+05:30,-0.6319033242083121,-0.6301310294543547,-0.3937588304632418
2022-04-27 00:00:00+05:30,-0.6867684490295681,-0.6278501596194739,-0.35137756546346105
2022-04-28 00:00:00+05:30,-0.6319037265051639,-0.6333250558374621,-0.2402913079643925
2022-04-29 00:00:00+05:30,-0.5937268335504284,-0.5728805612590582,0.07130036081680034
2022-05-02 00:00:00+05:30,-0.6773957645879597,-0.485749485305411,-0.2925546938298348
2022-05-04 00:00:00+05:30,-0.5038853020059779,-0.7033493192386907,0.09803405617681901
2022-05-05 00:00:00+05:30,-0.6181870362305945,-0.7172626829896264,-0.3591971019117306
2022-05-06 00:00:00+05:30,-0.8239313428069923,-0.8785240501125872,0.0030728199270838546
2022-05-09 00:00:00+05:30,-0.9610945361424342,-0.8682604246464355,0.24944430472279064
2022-05-10 00:00:00+05:30,-0.8922838084820633,-0.7715484247067149,-0.2672484513312862
2022-05-11 00:00:00+05:30,-0.7187730639160544,-0.737106654860227,-0.39024240426071577
2022-05-12 00:00:00+05:30,-0.7943943424527247,-0.8757845804679075,-0.1745817442490412
2022-05-13 00:00:00+05:30,-0.8455025706804352,-0.9297786434646581,-0.40391423600275966
2022-05-16 00:00:00+05:30,-0.8966121862550841,-0.8663243710413404,-0.6883869147985507
2022-05-17 00:00:00+05:30,-0.8337085180089092,-0.8252513865647518,-0.4090937362922869
2022-05-18 00:00:00+05:30,-0.7807491934815871,-0.8257128742826728,-0.44622858914965896
2022-05-19 00:00:00+05:30,-0.9558155125864559,-0.9496226153352587,-0.2499406670854153
2022-05-20 00:00:00+05:30,-0.8781109076798855,-0.7931782789600584,-0.520290533152709
2022-05-23 00:00:00+05:30,-0.8272329812952499,-0.8714001583568464,-0.29288132824719726
2022-05-24 00:00:00+05:30,-0.8919866392376163,-0.8024080333184773,-0.5631236778329379
2022-05-25 00:00:00+05:30,-0.7532288334892769,-0.7569506267308276,-0.562457173686654
2022-05-26 00:00:00+05:30,-0.697032355827372,-0.5820473592204141,0.013741134639238484
2022-05-27 00:00:00+05:30,-0.5598933929714307,-0.4650593563550179,-0.10720306068708764
2022-05-30 00:00:00+05:30,-0.382052872697811,-0.42121802315252815,-0.5731776943499579
2022-05-31 00:00:00+05:30,-0.44842511308773036,-0.4793660531921916,-0.5380177623957633
2022-06-01 00:00:00+05:30,-0.521966263987103,-0.45213770025323147,-0.594941530219587
2022-06-02 00:00:00+05:30,-0.4884334223313634,-0.49713304154133575,-0.6201407464333069
2022-06-03 00:00:00+05:30,-0.437324502141302,-0.5192844520015412,-0.804690662833288
2022-06-06 00:00:00+05:30,-0.5390803758784498,-0.5278228411555153,-0.8367159501338147
2022-06-07 00:00:00+05:30,-0.6052207865079466,-0.6009677780735483,-0.6700204690268712
2022-06-08 00:00:00+05:30,-0.5529555105451905,-0.578816367613343,-0.8443416954770357
2022-06-09 00:00:00+05:30,-0.6040650503914068,-0.5312837102491101,-0.7902064934194495
2022-06-10 00:00:00+05:30,-0.6140087831274638,-0.654038865634457,-0.7148953647637049
2022-06-13 00:00:00+05:30,-0.7828307626538985,-0.7671039341067128,-0.6439335882447061
2022-06-14 00:00:00+05:30,-0.8399524760027949,-0.8344811409231708,-0.6039913787466612
2022-06-15 00:00:00+05:30,-0.8843547810452589,-0.8554791208793859,-0.6064377054998091
2022-06-16 00:00:00+05:30,-0.8457340324927612,-0.9761578703249008,-0.5917840097187801
2022-06-17 00:00:00+05:30,-1.0076178666988056,-0.9371624469513932,-0.48742398657364766
2022-06-20 00:00:00+05:30,-0.8702479825231474,-0.7876398487633827,-0.43787661735923056
2022-06-21 00:00:00+05:30,-0.7213148515501571,-0.7211856173827667,-0.5488308485405258
2022-06-22 00:00:00+05:30,-0.7428220981040425,-0.7502593436117861,-0.755570745162553
2022-06-23 00:00:00+05:30,-0.7509164334445453,-0.7276464454336599,-0.46094020984362194
2022-06-24 00:00:00+05:30,-0.713682918445476,-0.6415786972505915,-0.7615456713368829
2022-06-27 00:00:00+05:30,-0.5682191510107752,-0.6302725369523405,-0.6883947579461412
2022-06-28 00:00:00+05:30,-0.6884753659221992,-0.6780362269663461,-0.6897669002772076
2022-06-29 00:00:00+05:30,-0.7474472266707856,-0.6870355262566167,-0.6806381300775038
2022-06-30 00:00:00+05:30,-0.7254772617243563,-0.6683449848900063,-0.5792582579183972
2022-07-01 00:00:00+05:30,-0.6887070891335519,-0.6418097299003641,-0.6202456485323297
2022-07-04 00:00:00+05:30,-0.6436104622669216,-0.6330408856782418,-0.7421809399359506
2022-07-05 00:00:00+05:30,-0.5959707942266814,-0.6471171274472672,-0.5036905112774263
2022-07-06 00:00:00+05:30,-0.6699747343964828,-0.5610493792641988,-0.4741414527302361
2022-07-07 00:00:00+05:30,-0.5219663200400496,-0.44775327814217025,-0.3640896737185722
2022-07-08 00:00:00+05:30,-0.3832091015242292,-0.44175451539082244,-0.5793314606292419
2022-07-11 00:00:00+05:30,-0.45721308776994046,-0.3999895881281647,-0.7840375310417088
2022-07-12 00:00:00+05:30,-0.4051793352722486,-0.4662133644406325,-0.6854204893208082
2022-07-13 00:00:00+05:30,-0.47571407197334203,-0.6228887334656055,-0.43751836525314386
2022-07-14 00:00:00+05:30,-0.6052213297983803,-0.6542698982842297,-0.6651820639580764
2022-07-15 00:00:00+05:30,-0.6468486477122732,-0.6035062493129257,-0.5335137531924674
2022-07-18 00:00:00+05:30,-0.6699742060952001,-0.6704213908298383,-0.2583265441492818
2022-07-19 00:00:00+05:30,-0.7208525241212389,-0.668114529821858,-0.4437713146696661
2022-07-20 00:00:00+05:30,-0.6149343412793243,-0.5896616177752974,-0.25768757271901865
2022-07-21 00:00:00+05:30,-0.6119275597831587,-0.6095055896458981,-0.572540275209322
2022-07-22 00:00:00+05:30,-0.5867201278279705,-0.4629829504151859,-0.5688918226890226
2022-07-25 00:00:00+05:30,-0.45258840877611556,-0.44406253156205155,-0.6745482527713007
2022-07-26 00:00:00+05:30,-0.44796238337262434,-0.45721406515036184,-0.7405271795867131
2022-07-27 00:00:00+05:30,-0.4808014446976777,-0.40806533440096904,-0.7125527146177689
2022-07-28 00:00:00+05:30,-0.3598512286066074,-0.3506104023106236,-0.37727335122256184
2022-07-29 00:00:00+05:30,-0.2537023008458559,-0.27054257204215193,-0.2710914302517206
2022-08-01 00:00:00+05:30,-0.24907718945170165,-0.21539450095978682,-0.5499602617935571
2022-08-02 00:00:00+05:30,-0.23520121221703472,-0.28877104810921705,-0.4746548520995973
2022-08-03 00:00:00+05:30,-0.31406213052086235,-0.2733114983496776,-0.6405460837806989
2022-08-04 00:00:00+05:30,-0.24445154472902603,-0.28115621197270924,-0.5981968449669127
2022-08-05 00:00:00+05:30,-0.27682865415941843,-0.3035386550826873,-0.7102567965595596
2022-08-08 00:00:00+05:30,-0.29995514859206523,-0.14201795381035662,-0.4615328576834287
2022-08-10 00:00:00+05:30,-0.14570296645448624,-0.12240443700790427,-0.38002270125084664
2022-08-11 00:00:00+05:30,-0.029377540379478723,-0.032875819731241,-0.3412700358040268
2022-08-12 00:00:00+05:30,-0.03631545884782344,-0.035413713388993975,-0.7273569824926446
2022-08-16 00:00:00+05:30,0.009012078324340797,0.04303919865756662,-0.5756661780214046
2022-08-17 00:00:00+05:30,0.03306337626612083,0.07880478558725205,-0.5829948641496356
2022-08-18 00:00:00+05:30,0.03306312444750247,0.08711098692820463,-0.7481181209625013
2022-08-19 00:00:00+05:30,0.07931558780633065,0.0010438163267606547,-0.7594921555588924
2022-08-22 00:00:00+05:30,-0.03723994225260235,-0.10371389564129378,-0.7525328326625011
2022-08-23 00:00:00+05:30,-0.1829353018310139,-0.12471129801588456,-0.4774990551940546
2022-08-24 00:00:00+05:30,-0.14315827808103024,-0.09217670269327018,-0.5392378620428097
2022-08-25 00:00:00+05:30,-0.05990373252388956,-0.12909572012694576,-0.6059242244309939
2022-08-26 00:00:00+05:30,-0.09621211778570625,-0.1279422896229556,-0.7740969950663888
2022-08-29 00:00:00+05:30,-0.2583273484017067,-0.2465446331286384,-0.7354122218658993
2022-08-30 00:00:00+05:30,-0.21461909629414017,-0.031029868859557216,-0.674863857762364
2022-09-01 00:00:00+05:30,-0.12997665051037577,-0.09540711671871678,-0.173730190839294
2022-09-02 00:00:00+05:30,-0.09574939737414637,-0.03379821758545845,-0.5971396540312772
2022-09-05 00:00:00+05:30,-0.031227408925708515,0.01027414826680398,-0.5933060705480605
2022-09-06 00:00:00+05:30,0.027975808420588392,-0.0160312292363143,-0.5889447902910209
2022-09-07 00:00:00+05:30,-0.09968094560640753,-0.04856582455892868,-0.6895368346145531
2022-09-08 00:00:00+05:30,-0.012726959180922594,0.022041218701351423,-0.6328176422237148
2022-09-09 00:00:00+05:30,0.015486937767920156,0.02665609588056087,-0.4708812360156663
2022-09-12 00:00:00+05:30,0.03306309684951216,0.0033512549163653782,-0.6362571075405091
2022-09-13 00:00:00+05:30,0.027975915042311464,0.09357239256072228,-0.5577654191379107
2022-09-14 00:00:00+05:30,0.005543514851191716,0.1653340214882414,-0.26292050445150617
2022-09-15 00:00:00+05:30,0.17182051939904966,0.12864488154108963,-0.5358125307315691
2022-09-16 00:00:00+05:30,0.04740148833849197,-0.0003406468270021794,-0.24901991423807282
2022-09-19 00:00:00+05:30,-0.01781465662957096,0.045115604597398655,-0.5955893251908894
2022-09-20 00:00:00+05:30,0.09781654026950679,0.12864488154108963,-0.6484639863716658
2022-09-21 00:00:00+05:30,0.07006524063844613,0.11780020896075966,-0.7182910391731189
2022-09-22 00:00:00+05:30,0.042313586532653887,-0.03149135657747816,-0.5967287874767709
2022-09-23 00:00:00+05:30,-0.09482526017198874,-0.21539450095978682,-0.44321110151312415
2022-09-26 00:00:00+05:30,-0.3122118035804461,-0.30538460595437106,-0.7243702138508392
2022-09-27 00:00:00+05:30,-0.27960324898441496,-0.36445503384825195,-0.5725638863515475
2022-09-28 00:00:00+05:30,-0.4017106749842617,-0.47659712688466593,-0.6062064143453436
2022-09-29 00:00:00+05:30,-0.4465749650118422,-0.5098242425749739,-0.500231764889472
2022-09-30 00:00:00+05:30,-0.5275165364822485,-0.3298434550041811,-0.4442117564265448
2022-10-03 00:00:00+05:30,-0.38344059824648785,-0.36745499280555033,-0.617440906274187
2022-10-04 00:00:00+05:30,-0.29301670507499517,-0.1837823034913899,-0.6175465436682965
2022-10-06 00:00:00+05:30,-0.15217797934844235,-0.25762033835874104,-0.5762608683475631
2022-10-07 00:00:00+05:30,-0.2895478261857947,-0.2862325768698396,-0.5456727561435405
2022-10-10 00:00:00+05:30,-0.3924598458741258,-0.3591482138829733,-0.5533807728370077
2022-10-11 00:00:00+05:30,-0.42437389239535966,-0.42537141261381667,-0.4956879680520452
2022-10-12 00:00:00+05:30,-0.41466087587557604,-0.383144997633238,-0.7120514067676098
2022-10-13 00:00:00+05:30,-0.4199795775202859,-0.45790658551805546,-0.48781973872915135
2022-10-14 00:00:00+05:30,-0.35083278179973265,-0.2483911615819466,-0.5639764567344961
2022-10-17 00:00:00+05:30,-0.2675777246888331,-0.2135479725064786,-0.33682828158473055
2022-10-18 00:00:00+05:30,-0.16096573190320554,-0.22600871847196857,-0.6574738021662471
2022-10-19 00:00:00+05:30,-0.13344548433400308,-0.15770795863804432,-0.5591921367042941
2022-10-20 00:00:00+05:30,-0.22595078966267884,-0.2031647876440696,-0.7662578507491431
2022-10-21 00:00:00+05:30,-0.1889489654628929,-0.2502371124536304,-0.6602720901675183
2022-10-24 00:00:00+05:30,-0.1783103042584478,-0.14663225340794164,-1.0003383879754575
2022-10-25 00:00:00+05:30,-0.14685905096621796,-0.19347354556772975,-0.5262527959116585
2022-10-27 00:00:00+05:30,-0.1311331185086748,-0.17732147544049667,-0.4378588068782438
2022-10-28 00:00:00+05:30,-0.19819949677201681,-0.15747808115152048,-0.6610207839645944
2022-10-31 00:00:00+05:30,-0.09644373072102971,0.01788782924006292,-0.5647686146411361
2022-11-01 00:00:00+05:30,0.049251546788523594,0.09426433534679148,-0.30973445503118163
2022-11-02 00:00:00+05:30,0.11169233442259321,0.09864817987622825,-0.5692670682815554
2022-11-03 00:00:00+05:30,0.02242469593222515,0.06795953542529763,-0.6668184223235974
2022-11-04 00:00:00+05:30,0.04786375352045506,0.019964812761519388,-0.6469773831054507
2022-11-07 00:00:00+05:30,0.07931576068832664,0.07372842069012166,-0.6871010470909799
2022-11-09 00:00:00+05:30,0.10267354610678386,0.07165143716866519,-0.7102237899801163
2022-11-10 00:00:00+05:30,0.019649757485072517,0.14733542290770013,-0.5670703333605842
2022-11-11 00:00:00+05:30,0.2411991174302649,0.5460613887730208,1.2281998428795242
2022-11-14 00:00:00+05:30,0.5510912109725811,0.564059987353562,-0.30476573933314893
2022-11-15 00:00:00+05:30,0.6026627551906165,0.5822884634206271,-0.6383114403130403
2022-11-16 00:00:00+05:30,0.5818494939192325,0.6464358337932629,-0.5342284600166513
2022-11-17 00:00:00+05:30,0.5793052056869239,0.5783661066091114,-0.5945724937855633
2022-11-18 00:00:00+05:30,0.5927188637698875,0.5587531673882834,-0.6616354089575454
2022-11-21 00:00:00+05:30,0.5309713843866828,0.4823760836999304,-0.7480087253935047
2022-11-22 00:00:00+05:30,0.4955877320942403,0.471530833537976,-0.7397775870956423
2022-11-23 00:00:00+05:30,0.518714121890072,0.4906828626225074,-0.6728075642029352
2022-11-24 00:00:00+05:30,0.5231082654711987,0.6106702468635774,-0.38636020960232886
2022-11-25 00:00:00+05:30,0.6329579842635509,0.5760586680195066,-0.7453257153219228
2022-11-28 00:00:00+05:30,0.5090013176249142,0.4957592275196378,-0.4309672945287288
2022-11-29 00:00:00+05:30,0.48286868004818995,0.4846835222895351,-0.5726236903519251
2022-11-30 00:00:00+05:30,0.4821748130165094,0.5336012203891553,-0.46859700097938867
2022-12-01 00:00:00+05:30,0.5973436023628905,0.5845959020102318,-0.25366371120727843
2022-12-02 00:00:00+05:30,0.541840822885085,0.5273714249880347,-0.7698117770010862
2022-12-05 00:00:00+05:30,0.541609113826806,0.5543681676955977,-0.6153367368346746
2022-12-06 00:00:00+05:30,0.5002130395846024,0.5460613887730208,-0.5842717449172591
2022-12-07 00:00:00+05:30,0.5610355163860905,0.5428309747475741,-0.6119830559446513
2022-12-08 00:00:00+05:30,0.5418406165141129,0.5845959020102318,-0.4841677731323271
2022-12-09 00:00:00+05:30,0.6158445746167213,0.6378980222209132,-0.6001912103401582
2022-12-12 00:00:00+05:30,0.6112188827358639,0.6965063848152487,-0.4992342145553059
2022-12-13 00:00:00+05:30,0.7268501268638078,0.717504364771464,-0.3931518035195191
2022-12-14 00:00:00+05:30,0.7407262845256299,0.7818821902122479,-0.5076969708054501
2022-12-15 00:00:00+05:30,0.7594584762787627,0.6413588913145081,-0.3461359735888424
2022-12-16 00:00:00+05:30,0.5883246179689726,0.6775859659621144,-0.4905270952380454
2022-12-19 00:00:00+05:30,0.6990991762787142,0.7011218395760827,-0.6965492621560881
2022-12-20 00:00:00+05:30,0.5890182873410386,0.6487432723828676,-0.7958077262908739
2022-12-21 00:00:00+05:30,0.68522287172693,0.5758270577881095,-0.7102479730185203
2022-12-22 00:00:00+05:30,0.5982685465564284,0.5502153558159337,-0.6907259701685078
2022-12-23 00:00:00+05:30,0.4354596568783071,0.48376054685369324,-0.6520798408097922
2022-12-26 00:00:00+05:30,0.4932759363920564,0.630514218734178,-0.6841807818047856
2022-12-27 00:00:00+05:30,0.6482213652690717,0.6381284772890614,-0.7650857086816345
2022-12-28 00:00:00+05:30,0.6024315377327323,0.6321297145377136,-0.7338316642275063
2022-12-29 00:00:00+05:30,0.5885557036351663,0.6852008020986222,-0.6390183856890878
2022-12-30 00:00:00+05:30,0.703724437983329,0.6245148784012058,-0.7979342813808009
2023-01-02 00:00:00+05:30,0.6204694248126063,0.6270521944773343,-0.9099140858090075
2023-01-03 00:00:00+05:30,0.5982686769947103,0.6762015028083516,-0.746651942559803
2023-01-04 00:00:00+05:30,0.6574713857995597,0.5409850238758903,-0.6660321467776503
2023-01-05 00:00:00+05:30,0.5649672386662763,0.4932213338618848,-0.6419375071829252
2023-01-06 00:00:00+05:30,0.5048387017951179,0.4687624848120747,-0.717467590375571
2023-01-09 00:00:00+05:30,0.4770867196722134,0.4830680264859996,-0.6506015708878921
2023-01-10 00:00:00+05:30,0.4955882899905214,0.3483141904347082,-0.42011000897931566
2023-01-11 00:00:00+05:30,0.34734877805125447,0.4526104146848417,-0.46814798077983283
2023-01-12 00:00:00+05:30,0.43916035621635324,0.491836870708122,-0.7110293465972234
2023-01-13 00:00:00+05:30,0.4898068849154292,0.497605755972946,-0.7112550004893582
2023-01-16 00:00:00+05:30,0.5649668920694257,0.42676710248126876,-0.48643656697178594
2023-01-17 00:00:00+05:30,0.4484107832192038,0.5356782039106117,-0.6482725645507853
2023-01-18 00:00:00+05:30,0.5187140200472591,0.66674071580016,-0.3090446665404884
2023-01-19 00:00:00+05:30,0.6667222632497575,0.6981218806187842,-0.6325124130633181
2023-01-20 00:00:00+05:30,0.6995611174482107,0.7758822722976512,-0.3191442713528781
2023-01-23 00:00:00+05:30,0.8020105744485757,0.8319533188158582,-0.457992656939769
2023-01-24 00:00:00+05:30,0.8427132864435155,0.9353271452117743,-0.06830505191148148
2023-01-25 00:00:00+05:30,0.9183359400557649,0.7191198605749994,-0.48823199417437674
2023-01-27 00:00:00+05:30,0.6435958905154584,0.5675208564471569,0.3481990917232493
2023-01-30 00:00:00+05:30,0.4724620983094965,0.5599065978922735,-0.33264845581517516
2023-01-31 00:00:00+05:30,0.5867048408200559,0.5107572895612563,-0.32924068988655913
2023-02-01 00:00:00+05:30,0.606594103168869,0.6217459520936801,-0.3820779327173726
2023-02-02 00:00:00+05:30,0.5330524753782956,0.5100653467751871,-0.3741401771590672
2023-02-03 00:00:00+05:30,0.546465359503541,0.7659605751531631,-0.5002026798838239
2023-02-06 00:00:00+05:30,0.7731031051484217,0.7334259798305487,-0.6326958283376999
2023-02-07 00:00:00+05:30,0.7703279864441026,0.7447321401287996,-0.6695865632263178
2023-02-08 00:00:00+05:30,0.7465076178249626,0.7438091646929578,-0.7439233441928516
2023-02-09 00:00:00+05:30,0.7731028871069094,0.7278881272154974,-0.6077912203553479
2023-02-10 00:00:00+05:30,0.7213003281329807,0.758115283948507,-0.7550634732522469
2023-02-13 00:00:00+05:30,0.749976923964037,0.7638841692133311,-0.8545395847326689
2023-02-14 00:00:00+05:30,0.7962291215959111,0.8347222451233839,-0.6432791756176242
2023-02-15 00:00:00+05:30,0.8563575079099247,0.8190322402956962,-0.6216239183224511
2023-02-16 00:00:00+05:30,0.8341560694246455,0.7911119445706668,-0.759541256930787
2023-02-17 00:00:00+05:30,0.7777284996933005,0.7525780089150802,-0.7230309963997622
2023-02-20 00:00:00+05:30,0.7731033063499377,0.6808163799875611,-0.7585524484382061
2023-02-21 00:00:00+05:30,0.6805978792660303,0.7091975858488869,-0.5827928213997263
2023-02-22 00:00:00+05:30,0.6759725142494637,0.5601364753787974,-0.6657256921254425
2023-02-23 00:00:00+05:30,0.5557161944959096,0.5096038590572661,0.05008031651344563
2023-02-24 00:00:00+05:30,0.5783803638587018,0.44361111539457104,-0.39192475941887694
2023-02-27 00:00:00+05:30,0.4303723192208771,0.4618401690432606,-0.5042111818981995
2023-02-28 00:00:00+05:30,0.4585863987912291,0.49275984614396384,-0.31299279265830793
2023-03-01 00:00:00+05:30,0.5510913407235579,0.4856070753070014,-0.5113891325336756
2023-03-02 00:00:00+05:30,0.4678368360835467,0.4228441680881285,-0.3784413266179131
2023-03-03 00:00:00+05:30,0.4770870481832926,0.5679823441650779,-0.47670861297595
2023-03-06 00:00:00+05:30,0.5880933978877501,0.6205925215896899,0.014242850986667964
2023-03-08 00:00:00+05:30,0.588093085499141,0.6355905836313085,-0.2678218997993871
2023-03-09 00:00:00+05:30,0.6341142463519324,0.6362825264173777,-0.24329605048609276
2023-03-10 00:00:00+05:30,0.5439215795064497,0.4422266522408082,0.02985929313443023
2023-03-13 00:00:00+05:30,0.43962259602278564,0.3494676209386983,-0.008680381835635189
2023-03-14 00:00:00+05:30,0.3579872142398265,0.33008513678601864,0.2667310105095121
2023-03-15 00:00:00+05:30,0.3938325423805077,0.22648085532195436,0.433362847741737
2023-03-16 00:00:00+05:30,0.2134477674008251,0.2726296271140488,-0.2002740983675135
2023-03-17 00:00:00+05:30,0.29901500322372837,0.3683886173734571,-0.15135516135378482
2023-03-20 00:00:00+05:30,0.34734882238147263,0.3180864561200741,-0.006247208694592234
2023-03-21 00:00:00+05:30,0.365849332817746,0.39976920461045684,0.26121147709215525
2023-03-22 00:00:00+05:30,0.42158424988993753,0.382925769278779,-0.5097523656708842
2023-03-23 00:00:00+05:30,0.3464238745184393,0.3245472841709673,0.06977674769789262
2023-03-24 00:00:00+05:30,0.3105782148464392,0.3130100912229437,0.19696523229860974
2023-03-27 00:00:00+05:30,0.32075382305111666,0.34439125604156795,0.21307056397951288
2023-03-28 00:00:00+05:30,0.3369418104071327,0.40323065128567614,0.5155340344571805
2023-03-29 00:00:00+05:30,0.4215841592536245,0.4383042954292924,0.5354405149380354
2023-03-31 00:00:00+05:30,0.47523705766078755,0.53867816286791,0.3290520076679533
2023-04-03 00:00:00+05:30,0.5305085354800155,0.5432924624654951,0.5461344015793133
2023-04-05 00:00:00+05:30,0.5816176751123113,0.7426557341889676,0.682572244773938
2023-04-06 00:00:00+05:30,0.7201442345443695,0.8008031866470067,0.73453113677407
2023-04-10 00:00:00+05:30,0.7881347592202192,0.7643450793496276,0.21067186800808646
2023-04-11 00:00:00+05:30,0.7684778329277974,0.7867281000412301,0.6415652462910293
2023-04-12 00:00:00+05:30,0.8101050234124192,0.8864094471121541,0.012232799318241403
2023-04-13 00:00:00+05:30,0.9039977927957914,0.9212514810243733,0.35433218804065425
2023-04-17 00:00:00+05:30,1.0506178037120102,0.8021876498007695,0.2348492691497822
2023-04-18 00:00:00+05:30,0.8193553564978259,0.7696524768965307,0.12178041099885381
2023-04-19 00:00:00+05:30,0.7962291807563003,0.7978032276897083,-0.07822222184293808
2023-04-20 00:00:00+05:30,0.8272183155298162,0.8264160437824313,0.25599178067122674
2023-04-21 00:00:00+05:30,0.814730574209646,0.8388762121662968,-0.26664363027282334
2023-04-24 00:00:00+05:30,0.8979844371519516,0.9014075091537725,0.368456634758233
2023-04-25 00:00:00+05:30,0.9012220631597206,0.7906504568527458,0.968016901974772
2023-04-26 00:00:00+05:30,0.7731030182867991,0.8259545560645104,0.030094179064874743
2023-04-27 00:00:00+05:30,0.8216682866773108,0.8684114261132373,0.8633322868986286
2023-04-28 00:00:00+05:30,0.887346080006937,0.8988690379143952,0.051479909861078664
2023-05-02 00:00:00+05:30,0.9058478329388885,0.8972546972741086,0.22733438996573102
2023-05-03 00:00:00+05:30,0.8885029913626833,0.9244824726314442,0.11238677116906276
2023-05-04 00:00:00+05:30,0.8984473038515614,1.0843882556818638,1.2336042617660998
2023-05-05 00:00:00+05:30,0.6759729637403252,0.6129776854531822,1.4752621782588269
2023-05-08 00:00:00+05:30,0.6574715875947383,0.6997367988406953,0.43253645776384264
2023-05-09 00:00:00+05:30,0.7263885498883046,0.6999684090720925,0.695789010556825
2023-05-10 00:00:00+05:30,0.7014115696512906,0.7350408980524599,0.8041066369564488
2023-05-11 00:00:00+05:30,0.7969237576455815,0.7401178405312147,0.3708572098171029
2023-05-12 00:00:00+05:30,0.7129748134820875,0.8074950473476725,-0.17064097108208776
2023-05-15 00:00:00+05:30,0.82860597398902,0.8444140647813482,-0.33267141336176814
2023-05-16 00:00:00+05:30,0.9163568535218476,0.8000702355656027,0.24779609993642973
2023-05-17 00:00:00+05:30,0.8143694882984217,0.7587592874597484,0.1556710602346533
2023-05-18 00:00:00+05:30,0.8050128224759907,0.7893335707490415,0.9391718476232828
2023-05-19 00:00:00+05:30,0.8050132187823077,0.7982029141738151,0.15540406641876017
2023-05-22 00:00:00+05:30,0.7909780023141599,0.7708960101339322,0.06854529182673082
2023-05-23 00:00:00+05:30,0.8096912279005474,0.7529245578897392,-0.17099579181110358
2023-05-24 00:00:00+05:30,0.7093423198568818,0.6530341262707708,0.283173025640628
2023-05-25 00:00:00+05:30,0.6539039843513925,0.6240932438153707,0.12748728126438777
2023-05-26 00:00:00+05:30,0.6693427056901686,0.6530341262707708,-0.0008570055130245067
2023-05-29 00:00:00+05:30,0.7137864986124582,0.7449897415332962,-0.197702608050734
2023-05-30 00:00:00+05:30,0.737645637096468,0.7508244711033054,0.4276918435365387
2023-05-31 00:00:00+05:30,0.7203360237786234,0.6299279733853799,0.6813009195691911
2023-06-01 00:00:00+05:30,0.6735531449263619,0.5979536322384642,0.9685834876887311
2023-06-02 00:00:00+05:30,0.6386994766621741,0.6096230913784827,-0.3593279027376929
2023-06-05 00:00:00+05:30,0.6482903463264894,0.599820953630252,-0.3251149491555965
2023-06-06 00:00:00+05:30,0.6162442903278746,0.576482035350215,0.2257685382290703
2023-06-07 00:00:00+05:30,0.5965951064895598,0.6152244779722216,-0.06973127928114056
2023-06-08 00:00:00+05:30,0.5956593065495678,0.6198919150792543,0.43870468484649666
2023-06-09 00:00:00+05:30,0.6548401933258627,0.6287612585040278,-0.3449133412587199
2023-06-12 00:00:00+05:30,0.6391677402482641,0.5830167938490355,-0.5411671129511633
2023-06-13 00:00:00+05:30,0.5341397523872089,0.5956196248941357,0.0518817077761834
2023-06-14 00:00:00+05:30,0.6293427772493656,0.5874508879797978,-0.2672420787738689
2023-06-15 00:00:00+05:30,0.5991679962791127,0.4954952727172725,0.3562680566047874
2023-06-16 00:00:00+05:30,0.5203391560601441,0.592118902668455,-0.4443132271484968
2023-06-19 00:00:00+05:30,0.6319165674731676,0.5986542387488999,-0.07462834455795592
2023-06-20 00:00:00+05:30,0.599870214389342,0.6142911060671399,-0.271667819900168
2023-06-21 00:00:00+05:30,0.6553078832114196,0.7454564274858371,-0.09587837256095345
2023-06-22 00:00:00+05:30,0.767586784188722,0.7827988122502211,1.2230446890273092
2023-06-23 00:00:00+05:30,0.7561251812587845,0.7823321262976802,-0.21719095072567066
2023-06-26 00:00:00+05:30,0.7909780184142695,0.7452230845095666,-0.4299732572710876
2023-06-27 00:00:00+05:30,0.7813877286315394,0.8528161446719564,0.29313022830457774
2023-06-28 00:00:00+05:30,0.9079356036510473,0.9347362792099806,1.3442380676885417
2023-06-30 00:00:00+05:30,1.0669972267077033,1.052598163073142,0.5736515130043867
2023-07-03 00:00:00+05:30,1.1067630425671562,1.138486283371012,0.7127489185272757
2023-07-04 00:00:00+05:30,1.157990097400707,1.1776954119455594,0.49588065888502714
2023-07-05 00:00:00+05:30,1.1243062440743699,0.9214328416544447,0.42931872476538796
2023-07-06 00:00:00+05:30,0.9219705252890973,0.9293682355925121,1.0416884042868326
2023-07-07 00:00:00+05:30,0.8845440670203732,0.8612182245625646,-0.27490679475668023
2023-07-10 00:00:00+05:30,0.8658309485105905,0.8427800863658308,0.47967369308326385
2023-07-11 00:00:00+05:30,0.8751873102877796,0.8052043586251764,0.9809808896467737
2023-07-12 00:00:00+05:30,0.8393982450769218,0.7330863618353829,1.809737373927646
2023-07-13 00:00:00+05:30,0.8457140714930889,0.7711293531102026,0.6232647319787823
2023-07-14 00:00:00+05:30,0.8312116129716481,0.7870001409863374,-0.07879223893396811
2023-07-17 00:00:00+05:30,0.814369495351091,0.9475724532313512,0.923076483275776
2023-07-18 00:00:00+05:30,1.0389277340963161,0.9410376947325306,2.2230737029303573
2023-07-19 00:00:00+05:30,0.959864344347039,0.9765127581051269,0.2564990525815328
2023-07-20 00:00:00+05:30,0.960098378391425,0.9935502608626138,1.2073097009716947
2023-07-21 00:00:00+05:30,0.9547184266370724,0.9328689578181928,0.6330973429752789
2023-07-24 00:00:00+05:30,0.9477006734926205,0.9452384458870225,0.22562932235933902
2023-07-25 00:00:00+05:30,0.9764725747960841,1.0301926166981865,1.1983900813744042
2023-07-26 00:00:00+05:30,1.0464127243714454,1.0026523696820333,-0.07604942486200875
2023-07-27 00:00:00+05:30,1.0478165679565006,0.9207328127256336,1.351523698204479
2023-07-28 00:00:00+05:30,0.868170015119485,0.7823321262976802,0.586587314364735
2023-07-31 00:00:00+05:30,0.8146036728045041,0.8182738756228173,0.3230788788816128
2023-08-01 00:00:00+05:30,0.8351879638000217,0.8698536474294433,0.3569507372429767
2023-08-02 00:00:00+05:30,0.7769433029074653,0.7683286598133332,0.059651897754196034
2023-08-03 00:00:00+05:30,0.767586870393733,0.7130154003863806,1.2670727699227315
2023-08-04 00:00:00+05:30,0.7448972338291876,0.8229418903114745,0.4384098315167665
2023-08-07 00:00:00+05:30,0.87565532779165,0.8185077961807122,0.06719259396573263
2023-08-08 00:00:00+05:30,0.8223227095456299,0.8122063806581621,0.6992567438847267
2023-08-09 00:00:00+05:30,0.8284042593085864,0.815006496373407,0.2739052029701012
2023-08-10 00:00:00+05:30,0.8005688005240458,0.7466231423671891,0.9855026276316021
2023-08-11 00:00:00+05:30,0.7601017039936306,0.6670375927551179,0.06412494286440025
2023-08-14 00:00:00+05:30,0.6319165196492587,0.6301618939432747,0.18988442231402
2023-08-16 00:00:00+05:30,0.5013916971051074,0.6082224559392359,0.3056170911648244
2023-08-17 00:00:00+05:30,0.5692273845799133,0.5666798976019843,1.0714064173050346
2023-08-18 00:00:00+05:30,0.5222104124433871,0.5361050367310668,-0.04177617708281043
2023-08-21 00:00:00+05:30,0.5827940768226493,0.5302703071610575,-0.19684566247701835
2023-08-22 00:00:00+05:30,0.563379381425587,0.4985293089904123,0.22947434376612516
2023-08-23 00:00:00+05:30,0.48688909549827525,0.5167335266292513,0.4020651757791368
2023-08-24 00:00:00+05:30,0.549110816153202,0.48265909869590196,0.6736016447173092
2023-08-25 00:00:00+05:30,0.46139264102180927,0.3995716716949012,0.1394491434327956
2023-08-28 00:00:00+05:30,0.40034090857492055,0.47542373368664576,0.09032661137953034
2023-08-29 00:00:00+05:30,0.5322684793305822,0.534004949944633,0.36286349013276115
2023-08-30 00:00:00+05:30,0.5989340224400924,0.4798578278174081,0.058339886221323536
2023-08-31 00:00:00+05:30,0.4822108422010512,0.44601616527870475,2.9991757877586203
2023-09-01 00:00:00+05:30,0.44478490184470376,0.4611869242260283,0.6769098190114168
2023-09-04 00:00:00+05:30,0.5336724500191923,0.5071653094389154,-0.06464091309600115
2023-09-05 00:00:00+05:30,0.5261873229644088,0.46212087371273436,0.4924858014701538
2023-09-06 00:00:00+05:30,0.471918905421538,0.5582772401297517,1.2118016186557885
2023-09-07 00:00:00+05:30,0.5594027119625339,0.6299279733853799,0.30850925183881944
2023-09-08 00:00:00+05:30,0.6192850631070519,0.6885091896433672,0.3205136794227965
2023-09-11 00:00:00+05:30,0.71565774402965,0.7277188957995389,0.2008571491920307
2023-09-12 00:00:00+05:30,0.7675865547318189,0.7515245000321167,0.5056091030775874
2023-09-13 00:00:00+05:30,0.726885948271963,0.784199447689468,0.8073559876436276
2023-09-14 00:00:00+05:30,0.7874693775074224,0.7795314330008108,-0.12733666565025065
2023-09-15 00:00:00+05:30,0.8143696953133276,0.8675196400851147,5.994908085167052
2023-09-18 00:00:00+05:30,0.8319134542172172,0.7148827217781684,0.42484706854590293
2023-09-20 00:00:00+05:30,0.5757770805700527,0.4098410729772972,3.6282156689863916
2023-09-21 00:00:00+05:30,0.3605755835500923,0.36152925800170593,1.886660841309416
2023-09-22 00:00:00+05:30,0.3886450418209578,0.25090216156617634,1.4317095881860782
2023-09-25 00:00:00+05:30,0.2295831510953215,0.25720357708872643,0.5536244441293279
2023-09-26 00:00:00+05:30,0.22958308639940522,0.2882445463305604,0.03755162353271639
2023-09-27 00:00:00+05:30,0.22022657522296918,0.23783206698691095,0.5180763580688578
2023-09-28 00:00:00+05:30,0.27168798598435356,0.22312857157375265,1.172311288838192
2023-09-29 00:00:00+05:30,0.223501329844866,0.23526529424793638,0.22049606396081406
2023-10-03 00:00:00+05:30,0.23893989389911208,0.15007778046050194,0.5030908808048601
2023-10-04 00:00:00+05:30,0.08923442542532363,0.25043547561363555,1.143522116913285
2023-10-05 00:00:00+05:30,0.2766003174976387,0.2793757804874113,0.8928373094400763
2023-10-06 00:00:00+05:30,0.3184710211807435,0.27144096413096835,-0.36342733624444573
2023-10-09 00:00:00+05:30,0.24361814581726635,0.1883535371299676,-0.41671106659173895
2023-10-10 00:00:00+05:30,0.2087651549879942,0.22849661519122105,0.27002676648660134
2023-10-11 00:00:00+05:30,0.253442365541188,0.2973466551499799,0.19106702191164934
2023-10-12 00:00:00+05:30,0.2815122096141934,0.3451917841730303,-0.18916321771267436
2023-10-13 00:00:00+05:30,0.29975762782053295,0.2793757804874113,0.534692474736592
2023-10-16 00:00:00+05:30,0.2599923269352607,0.2506688185899059,-0.35947602384791755
2023-10-17 00:00:00+05:30,0.3734409675809182,0.30481536313550645,0.2551683318736788
2023-10-18 00:00:00+05:30,0.3053715035644023,0.20469101095864325,0.186281067892366
2023-10-19 00:00:00+05:30,0.1378891951662746,0.18228546458368797,0.14690863038698895
2023-10-20 00:00:00+05:30,0.13601737663917726,0.21892782041926073,-0.22720763059218166
2023-10-23 00:00:00+05:30,0.22256604232584756,0.14074232866481204,-0.17483313346920737
2023-10-25 00:00:00+05:30,0.21087035865559056,0.09616457889117185,0.06764512724181337
2023-10-26 00:00:00+05:30,0.07169129352801251,-0.058339660807562255,1.180792100667685
2023-10-27 00:00:00+05:30,-0.030061788572477224,-0.031500020301844636,0.215869832374233
2023-10-30 00:00:00+05:30,-0.059300985387935164,0.042951406250652996,-0.136644929550541
2023-10-31 00:00:00+05:30,0.13133931830574008,0.002808328189399561,0.2442314710560038
2023-11-01 00:00:00+05:30,-0.06397915821326376,-0.0065271236062903375,0.2949930575567744
2023-11-02 00:00:00+05:30,0.04245155494754214,0.0039750430707516365,0.7585430148218247
2023-11-03 00:00:00+05:30,0.056486722762930174,0.036649990728102926,-0.3497024815567119
2023-11-06 00:00:00+05:30,0.10326925405628072,0.08682854951385752,-0.04339529686352325
2023-11-07 00:00:00+05:30,0.08455603360224477,0.05298688697515414,0.6248702079506658
2023-11-08 00:00:00+05:30,0.037539301100140914,0.07305900358740529,0.1937707019451103
2023-11-09 00:00:00+05:30,0.04712995779306657,0.045518756571252,-0.1854293892628743
2023-11-10 00:00:00+05:30,0.01952769542771262,0.07282508302951045,-0.5163756587126951
2023-11-13 00:00:00+05:30,0.07566720304237623,0.06022225198441031,-0.24714621895848515
2023-11-15 00:00:00+05:30,0.1318070324123231,0.13304027770301505,0.59597360124366
2023-11-16 00:00:00+05:30,0.1580052941997366,0.15147783831812442,0.12490999028636947
2023-11-17 00:00:00+05:30,0.06584338755439433,0.13630765695242528,-0.12067709805083375
2023-11-20 00:00:00+05:30,0.1734440964660857,0.13677434290496612,-0.2992076437734722
2023-11-21 00:00:00+05:30,0.20151330045619004,0.19628835348641058,-0.06928413816902829
2023-11-22 00:00:00+05:30,0.20619163386204964,0.1710826913962103,0.10080097158772834
2023-11-23 00:00:00+05:30,0.1523916590541766,0.21192637596789943,-0.5559576553177557
2023-11-24 00:00:00+05:30,0.21180564362006912,0.2623382777299244,-0.4161301834733179
2023-11-28 00:00:00+05:30,0.2773018702916342,0.24623472445914363,0.07488949953344658
2023-11-29 00:00:00+05:30,0.27122039146387805,0.3886028190653184,0.3017341612113508
2023-11-30 00:00:00+05:30,0.4361297794072719,0.3869688406498011,1.7498141740466366
2023-12-01 00:00:00+05:30,0.38349946159778786,0.37109863035529067,-0.18392628270693756
2023-12-04 00:00:00+05:30,0.524315524000756,0.623159871910289,0.980655317322314
2023-12-05 00:00:00+05:30,0.7512126884629958,0.6899092475009896,1.0447225586119973
2023-12-06 00:00:00+05:30,0.7603354067388343,0.7090479922081591,0.48844077979981004
2023-12-07 00:00:00+05:30,0.6974122993690876,0.7214169026953644,-0.2534994953046024
2023-12-08 00:00:00+05:30,0.7229091292658325,0.8276099050001317,0.2888889645455635
2023-12-11 00:00:00+05:30,0.8146036344368122,0.8173405037177357,-0.14168423357688814
2023-12-12 00:00:00+05:30,0.8340181519217102,0.7407884127971799,0.4054511279535168
2023-12-13 00:00:00+05:30,0.7322651446221182,0.7235175670634225,0.10992124504420901
2023-12-14 00:00:00+05:30,0.7956564433855664,0.8133730955395142,0.3478893690928788
2023-12-15 00:00:00+05:30,0.8143697771495284,0.8432473498999961,4.582566681519121
2023-12-18 00:00:00+05:30,0.8644273671385113,0.8392793641401501,-0.35299439765946
2023-12-19 00:00:00+05:30,0.8143698867209415,0.8262098471425092,-0.1081537155346189
2023-12-20 00:00:00+05:30,0.8517959039175104,0.8453474366864298,0.3094969165390433
2023-12-21 00:00:00+05:30,0.8471174093666732,0.9839808885090291,0.40576828523420744
2023-12-22 00:00:00+05:30,0.9715602998278666,0.9099967254906967,0.895540580976267
2023-12-26 00:00:00+05:30,0.9231401919850017,0.9641432700362972,-0.35172388944925387
2023-12-27 00:00:00+05:30,0.9617360786479036,1.0614675064979153,0.014421282594351726
2023-12-28 00:00:00+05:30,1.091792324406958,1.0705690377357104,0.7116195869736985
2023-12-29 00:00:00+05:30,1.034249371554313,1.0892405189087146,-0.06718225631422968
2024-01-01 00:00:00+05:30,1.0763536983001367,1.0371940611495478,-0.5072048949936006
2024-01-02 00:00:00+05:30,1.0426704423228719,1.0418620758382051,0.10563929495706906
2024-01-03 00:00:00+05:30,1.057640517076497,0.919565520262657,0.07082184711432608
2024-01-04 00:00:00+05:30,0.9453620797809289,1.0033529761924689,0.003186708966054168
2024-01-05 00:00:00+05:30,0.9881682068470471,0.9629759775733207,0.21378396361243165
2024-01-08 00:00:00+05:30,0.9477007492822221,0.8754544564415576,-0.3536595946144789
2024-01-09 00:00:00+05:30,0.8946021845077466,0.815006496373407,-0.0542957197246841
2024-01-10 00:00:00+05:30,0.7816216121413299,0.8404460790215023,-0.4305651698158078
2024-01-11 00:00:00+05:30,0.8611525622255369,0.8080050519220457,-0.34076987174622464
2024-01-12 00:00:00+05:30,0.8237263527100036,0.7715960390627434,-0.28114797945181663
2024-01-15 00:00:00+05:30,0.8036090933170054,0.9190988343101162,0.06798663095981618
2024-01-16 00:00:00+05:30,0.9219705190955503,0.9487397456943276,-0.054474968326908534
2024-01-17 00:00:00+05:30,0.4401064227967369,0.28754451740174913,5.8614942655652875
2024-01-18 00:00:00+05:30,0.08455638748186235,0.047852763915580576,5.490811342443856
2024-01-19 00:00:00+05:30,0.14046140519754668,-0.02449857585048332,3.3882598789197096
2024-01-23 00:00:00+05:30,-0.05111408796676265,-0.22661460159599744,3.6280013713183723
2024-01-24 00:00:00+05:30,-0.44759937062863303,-0.09334861580924213,2.424364245966072
2024-01-25 00:00:00+05:30,-0.10959259826147706,-0.19137230361804713,2.9528554652804213
2024-01-29 00:00:00+05:30,-0.13041100898435362,-0.09918334537925137,1.5927084931587003
2024-01-30 00:00:00+05:30,-0.10000224104167124,-0.14749516035484264,0.6157166011169255
2024-01-31 00:00:00+05:30,-0.17041071638903682,-0.06230764656740818,1.597428352319643
2024-02-01 00:00:00+05:30,-0.050879958895250856,-0.04457011488111004,0.24651562439282734
2024-02-02 00:00:00+05:30,-0.004331332841341762,-0.13885973748796399,0.7439433223799344
2024-02-05 00:00:00+05:30,-0.140001454386865,-0.14492781003424363,0.488113410087361
2024-02-06 00:00:00+05:30,-0.1421069022143273,-0.14842910984154872,0.5890405855714786
2024-02-07 00:00:00+05:30,-0.10725361828302944,-0.21447845650343814,1.1511878132895452
2024-02-08 00:00:00+05:30,-0.2155559438341976,-0.340041813746772,1.73407412062487
2024-02-09 00:00:00+05:30,-0.3919274586306823,-0.33747504100779746,1.2249231228752326
2024-02-12 00:00:00+05:30,-0.356840203160961,-0.40095703734908783,0.3182915359716103
2024-02-13 00:00:00+05:30,-0.39286333330389045,-0.38018546938964987,1.2632757060954831
2024-02-14 00:00:00+05:30,-0.4674822544047416,-0.42873062734151157,2.6415379798670795
2024-02-15 00:00:00+05:30,-0.4253772079711312,-0.2886959624980409,0.6098414299760122
2024-02-16 00:00:00+05:30,-0.24339181754546804,-0.2613896360397825,0.2254780966698598
2024-02-19 00:00:00+05:30,-0.21953265478018308,-0.2744597306190479,0.31845264729503175
2024-02-20 00:00:00+05:30,-0.2850285302908377,-0.10081674621314428,1.2041462981101951
2024-02-21 00:00:00+05:30,-0.05579224087516114,-0.17153410756369084,0.7858298971853355
2024-02-22 00:00:00+05:30,-0.27216320115162407,-0.26302303687367534,0.9765060471485799
2024-02-23 00:00:00+05:30,-0.24970725336875024,-0.2581222567903722,0.12979618953579383
2024-02-26 00:00:00+05:30,-0.2918120903320079,-0.2501868628523048,-0.12864295822133842
2024-02-27 00:00:00+05:30,-0.29181167180053114,-0.26022234357680596,0.22185913765247886
2024-02-28 00:00:00+05:30,-0.26093526980342385,-0.310401479944185,-0.054495965086603926
2024-02-29 00:00:00+05:30,-0.3453787328329229,-0.3384084129128791,1.0882226159357804
2024-03-01 00:00:00+05:30,-0.35520285916974775,-0.21074381371986262,0.3301823196149793
2024-03-04 00:00:00+05:30,-0.21040987556605747,-0.20164170490044314,0.3660310596664183
2024-03-05 00:00:00+05:30,-0.2522806813395211,-0.16359929120724787,0.4630572496177135
2024-03-06 00:00:00+05:30,-0.19824612266340982,-0.15543055429291006,0.6435255429919287
2024-03-07 00:00:00+05:30,-0.14234063005368924,-0.1390930804642344,0.9269620276117796
2024-03-11 00:00:00+05:30,-0.21485445468254075,-0.22451393722793928,0.9752892154796963
2024-03-12 00:00:00+05:30,-0.19614135763623647,-0.07631111305175524,1.583433807734032
2024-03-13 00:00:00+05:30,-0.048774739799836556,-0.07234312729190932,1.4873960994775013
2024-03-14 00:00:00+05:30,-0.06468120619225395,-0.0954492801773003,1.0529471609535341
2024-03-15 00:00:00+05:30,-0.12128840716746639,-0.10851879717494127,4.7776925105487065
2024-03-18 00:00:00+05:30,-0.13532348917231857,-0.1393264234405048,-0.2131616153505079
2024-03-19 00:00:00+05:30,-0.18912373062340335,-0.12392289909853525,0.38919775686184305
2024-03-20 00:00:00+05:30,-0.1257324006501101,-0.2093431782806157,0.6924048557704344
2024-03-21 00:00:00+05:30,-0.15590814726634952,-0.14072705887975173,0.09259875489660593
2024-03-22 00:00:00+05:30,-0.16339332264626125,-0.15426383941155797,0.7893915848854149
2024-03-26 00:00:00+05:30,-0.2279538175133599,-0.23571671041541692,1.2331815487907536
2024-03-27 00:00:00+05:30,-0.24502884870402364,-0.1642993201360591,1.4506809367156748
2024-03-28 00:00:00+05:30,-0.16479685584470574,-0.13069100057362615,1.1820316447847994
2024-04-01 00:00:00+05:30,-0.08386214256726719,-0.025198604779294566,-0.059496625271177064
2024-04-02 00:00:00+05:30,-0.050412272141913614,0.019845830946886453,0.5951560348068049
2024-04-03 00:00:00+05:30,-0.017898223204522837,0.029881889253012026,0.773217543963641
2024-04-04 00:00:00+05:30,0.1313394923636094,0.24133336679421605,2.5440809886944855
2024-04-05 00:00:00+05:30,0.2950793096189332,0.34379172631540783,1.323525295295493
2024-04-08 00:00:00+05:30,0.369698069699824,0.33002160280733117,-0.2521696732907432
2024-04-09 00:00:00+05:30,0.36922989367676856,0.33912371162675065,-0.19491657496757284
2024-04-10 00:00:00+05:30,0.34607294357316803,0.28217647378428073,0.047032518379451695
2024-04-12 00:00:00+05:30,0.21087008940746332,0.20095636817506776,0.5893865010600011
2024-04-15 00:00:00+05:30,0.1011642902190951,0.08776192141893917,-0.13238569191163185
2024-04-16 00:00:00+05:30,0.05180850865140909,0.15567916705424076,-0.24146925069313996
2024-04-18 00:00:00+05:30,0.15847334973060984,0.08776192141893917,0.3095934852937513
2024-04-19 00:00:00+05:30,0.04970317017191709,0.25860421252797333,0.3235457095621554
2024-04-22 00:00:00+05:30,0.3811600310489672,0.16944871298069297,0.6389874651162866
2024-04-23 00:00:00+05:30,0.23566551262173213,0.14797711609244377,0.006985896979108346
2024-04-24 00:00:00+05:30,0.18280028812385649,0.16711470563636438,-0.1721597639332055
2024-04-25 00:00:00+05:30,0.14186534039387774,0.16268061150560206,0.3590347269173345
2024-04-26 00:00:00+05:30,0.20525650351372446,0.15824651737483975,-0.07358471573169567
2024-04-29 00:00:00+05:30,0.18280051025899882,0.2502021326373651,0.38551131409540224
2024-04-30 00:00:00+05:30,0.24923179474772453,0.20632441179253616,1.0478500954131613
2024-05-02 00:00:00+05:30,0.21554824958807928,0.2630383066587357,0.27855267641473985
2024-05-03 00:00:00+05:30,0.2681789954644425,0.2039904044482076,0.21279425642585606
2024-05-06 00:00:00+05:30,0.2155485735720792,0.2182277914904495,0.08731018583589838
2024-05-07 00:00:00+05:30,0.21531448253840127,0.14120901461735286,0.07453263631807905
2024-05-08 00:00:00+05:30,0.09367867760475718,0.031515290086904936,0.6140456021828797
2024-05-09 00:00:00+05:30,-0.0045654868168523354,-0.13255832196541392,0.8016853919356998
2024-05-10 00:00:00+05:30,-0.08082041239693816,-0.08571587464237694,0.025349810067711843
2024-05-13 00:00:00+05:30,-0.114015636168492,-0.003623620780272079,0.0159786375877894
2024-05-14 00:00:00+05:30,-0.017986595972211267,0.023345975590942678,-0.0404781361565835
2024-05-15 00:00:00+05:30,0.017342374918865925,-0.08287706095829504,0.5014692283410711
2024-05-16 00:00:00+05:30,-0.047387848332653845,0.020034122556451192,0.3386111705916854
2024-05-17 00:00:00+05:30,-0.0466769852119879,0.03825046940940323,-0.23430813014520172
2024-05-21 00:00:00+05:30,-0.028182387620655353,0.013173608021451217,0.6990994724356464
2024-05-22 00:00:00+05:30,0.008569467269279247,0.015065765423089534,0.5449448575280881
2024-05-23 00:00:00+05:30,0.012363438680390504,0.17309960642872588,0.5803060969371054
2024-05-24 00:00:00+05:30,0.1491750665916848,0.2894955881290795,0.17990875557345096
2024-05-27 00:00:00+05:30,0.31918191827453296,0.33917684913619833,0.11149502162791429
2024-05-28 00:00:00+05:30,0.3511915983399599,0.35242541643741315,0.05117892907229341
2024-05-29 00:00:00+05:30,0.2938113987391694,0.2473852670550116,0.3468820148242246
2024-05-30 00:00:00+05:30,0.2046582804869197,0.2783765642771444,0.2900046522903114
2024-05-31 00:00:00+05:30,0.29855357356367707,0.35739377357077484,1.9372387674374423
2024-06-03 00:00:00+05:30,0.6779275595242923,0.5497307648330355,1.8783198989452865
2024-06-04 00:00:00+05:30,0.4787562168949693,0.12838670255496867,2.5684345338591514
2024-06-05 00:00:00+05:30,0.1802365432437153,0.4532076340845041,2.245738438679991
2024-06-06 00:00:00+05:30,0.5162195137843326,0.4905864064912273,0.8074693864858735
2024-06-07 00:00:00+05:30,0.49796225648573056,0.5551721613168067,0.4107918212659195
2024-06-10 00:00:00+05:30,0.5593731889116,0.4981573464242783,-0.1716500410392774
2024-06-11 00:00:00+05:30,0.4740140420704616,0.5147177667599846,0.11802632108444498
2024-06-12 00:00:00+05:30,0.5641153637361077,0.5589576312833322,0.5157029072287383
2024-06-13 00:00:00+05:30,0.5961250438015346,0.590185736971482,-0.1035889219374967
2024-06-14 00:00:00+05:30,0.606794937156677,0.6666003634654231,-0.04556752194827411
2024-06-18 00:00:00+05:30,0.6679691081685787,0.7181743594558048,0.23528088736562167
2024-06-19 00:00:00+05:30,0.7462149927729556,0.95498802370743,2.592942572691459
2024-06-20 00:00:00+05:30,1.0136737686509418,1.0094008333818936,0.6026436263731976
2024-06-21 00:00:00+05:30,1.0281370545384327,0.9923673736957777,1.0202109250037108
2024-06-24 00:00:00+05:30,0.9055519511006614,1.0238322878499444,0.07716303194124133
2024-06-25 00:00:00+05:30,1.0198382485955442,1.208125877410369,1.9552927127973132
2024-06-26 00:00:00+05:30,1.1945872751029,1.161520238553349,0.8554186326792732
2024-06-27 00:00:00+05:30,1.1383926192082365,1.13620656869938,1.1608922378426096
2024-06-28 00:00:00+05:30,1.145505881444998,1.0777720581739985,-0.0073529291059439015
2024-07-01 00:00:00+05:30,1.0620437203094153,1.1790267375898744,-0.22340803408185714
2024-07-02 00:00:00+05:30,1.2280198391671844,1.2992081892567535,0.7869963202910594
2024-07-03 00:00:00+05:30,1.5884251258297688,1.4792438470818674,3.9445213962672883
2024-07-04 00:00:00+05:30,1.4402321625639034,1.2828845773870643,0.7840129830263248
2024-07-05 00:00:00+05:30,1.0857545944319535,0.9088554242008197,2.2706934552255023
2024-07-08 00:00:00+05:30,0.8974904854505035,0.8485281786921753,0.5078337792118498
2024-07-09 00:00:00+05:30,0.8012241049614922,0.8539695751759465,0.8943979324116766
2024-07-10 00:00:00+05:30,0.8246976387913002,0.8047613535192373,0.7700637816377213
2024-07-11 00:00:00+05:30,0.7962445898442541,0.7848890801490395,0.7157292329122098
2024-07-12 00:00:00+05:30,0.7869975804879692,0.7886739725339406,1.2007333851159727
2024-07-15 00:00:00+05:30,0.7941108427247306,0.7858351588498587,0.27449580832355625
2024-07-16 00:00:00+05:30,0.7810698619573345,0.7747161349979236,0.093720651799863
2024-07-18 00:00:00+05:30,0.7206071329448615,0.7512952001272173,0.28844067964109427
2024-07-19 00:00:00+05:30,0.758544531540923,0.7158085851221324,-0.026711369648912985
2024-07-22 00:00:00+05:30,0.7632867063654307,0.8825956756460315,1.1065691270406677
2024-07-23 00:00:00+05:30,0.9081603788056457,0.7683286598133332,1.0353815332306258
2024-07-24 00:00:00+05:30,0.7213185749442902,0.7004310519532623,1.4326881842469006
2024-07-25 00:00:00+05:30,0.6494745105772461,0.759811641179463,-0.045764499332031236
2024-07-26 00:00:00+05:30,0.7063806084713384,0.767145772646497,0.7007564190635925
2024-07-29 00:00:00+05:30,0.7538023567164154,0.7051626006206069,0.9944907930708554
2024-07-30 00:00:00+05:30,0.6921540839978153,0.7548438616277258,1.1413327349431799
2024-07-31 00:00:00+05:30,0.7490601818919076,0.755789940328545,0.45606426654624643
2024-08-01 00:00:00+05:30,0.7912656536057786,0.864852368143489,-0.01800947909671279
2024-08-02 00:00:00+05:30,0.8296771539085384,0.9611392680076278,0.7133666480994814
2024-08-05 00:00:00+05:30,0.8728308290358058,0.755789940328545,0.5995754850751408
2024-08-06 00:00:00+05:30,0.8249349790840307,0.6869456761860304,0.7540861462035259
2024-08-07 00:00:00+05:30,0.7632867063654307,0.7924594425004661,0.6409411441614065
2024-08-08 00:00:00+05:30,0.7964819301369845,0.8833049458808336,0.2990569518010078
2024-08-09 00:00:00+05:30,0.9292628252231999,0.9187915608859185,-0.00046680892039737765
2024-08-12 00:00:00+05:30,0.9292628252231999,0.9656340082089555,0.517163693467468
2024-08-13 00:00:00+05:30,0.8154506294350153,0.6964087735207197,1.1192415293611018
2024-08-14 00:00:00+05:30,0.7134938707081,0.7181743594558048,0.23196037645394987
2024-08-16 00:00:00+05:30,0.8178217168472691,0.8331506455233052,0.04874191605690928
2024-08-19 00:00:00+05:30,0.861212732267267,0.8305486403052402,-0.29223410517207327
2024-08-20 00:00:00+05:30,0.812842201730031,0.8596472025441103,0.18294340009534002
2024-08-21 00:00:00+05:30,0.8159247311417135,0.8033422354680085,0.8568172456334574
2024-08-22 00:00:00+05:30,0.834419328733046,0.8293657531384041,-0.21876693319463575
2024-08-23 00:00:00+05:30,0.8439036783820615,0.7997935739675001,-0.2582774427773871
2024-08-26 00:00:00+05:30,0.8353675321464425,0.8702931870456359,-0.1753180197290989
2024-08-27 00:00:00+05:30,0.8884802375081863,0.8598840110101273,0.37243507137351156
2024-08-28 00:00:00+05:30,0.8616868339739653,0.8568083888600284,0.010831000085348548
2024-08-29 00:00:00+05:30,0.881841076978123,0.8636694809766529,0.9148933025574513
2024-08-30 00:00:00+05:30,0.9482315245212306,0.8558623101592093,17.10321104053089
2024-09-02 00:00:00+05:30,0.904603747687265,0.8087830543701553,0.30202795244817815
2024-09-03 00:00:00+05:30,0.8439036783820615,0.8579912760268646,0.4341024728994115
2024-09-04 00:00:00+05:30,0.8676145525045998,0.879047014145523,-0.08060882629516247
2024-09-05 00:00:00+05:30,0.9008097762761538,0.8963167047160314,-0.154400835301973
2024-09-06 00:00:00+05:30,0.8642952616789497,0.8560985410436018,-0.025590044641834394
2024-09-09 00:00:00+05:30,0.8628723776800922,0.901285061849393,-0.116958138901674
2024-09-10 00:00:00+05:30,0.9387471748722153,0.9195014087023451,-0.00201795475532591
2024-09-11 00:00:00+05:30,0.9216754612797401,0.8889831508306218,-0.18093820687386708
2024-09-12 00:00:00+05:30,0.9387471748722153,0.9963890745466958,0.23562124729126752
2024-09-13 00:00:00+05:30,1.033590671362369,0.9933134523965969,-0.1141959620591006
2024-09-16 00:00:00+05:30,1.0003954475908152,1.01697119573332,-0.4690866258076161
2024-09-17 00:00:00+05:30,1.0525593706603997,1.0067988281638287,-0.26670474146446593
2024-09-18 00:00:00+05:30,1.023394879713925,1.1298190935147896,0.5825700705087743
2024-09-19 00:00:00+05:30,1.1530932453884577,1.1946410792247617,0.16322450156102442
2024-09-20 00:00:00+05:30,1.235133101403946,1.349362489614282,1.3875565888253865
2024-09-23 00:00:00+05:30,1.389253783200446,1.4373697568921922,0.012635005730616478
2024-09-24 00:00:00+05:30,1.4651285803925689,1.4764050333977856,0.2607434209198016
2024-09-25 00:00:00+05:30,1.4421291482694591,1.5286882996229694,0.21688208861013128
2024-09-26 00:00:00+05:30,1.503303319281361,1.5492704208095938,0.21419956873527382
2024-09-27 00:00:00+05:30,1.5220346782866612,1.403539068404353,0.36590965427767375
2024-09-30 00:00:00+05:30,1.3883055797870494,1.306069281373378,-0.011132019053297436
2024-10-01 00:00:00+05:30,1.2706994125877535,1.2783892596041122,-0.08512108714331915
2024-10-03 00:00:00+05:30,1.231102368578867,1.0692550395401283,0.8912328955610956
2024-10-04 00:00:00+05:30,1.0359617587746228,0.9540419450066109,0.899804557183512
2024-10-07 00:00:00+05:30,0.9302110286365963,0.7654898461292513,2.7697034265395377
2024-10-08 00:00:00+05:30,0.8249349790840307,0.9228138393184611,0.12575018747200126
2024-10-09 00:00:00+05:30,0.9174073881619307,0.8381190026566668,0.5910790686499208
2024-10-10 00:00:00+05:30,0.8676145525045998,0.976516801176498,-0.20021592835621732
2024-10-11 00:00:00+05:30,0.9883026702368155,0.922577030852444,-0.12187317805838424
2024-10-14 00:00:00+05:30,0.9484688648139611,1.0981173708946057,-0.33204853672395634
2024-10-15 00:00:00+05:30,1.128434167852523,1.079191176225227,-0.286148884734752
2024-10-16 00:00:00+05:30,1.0625178220161133,1.153476836851513,-0.25267040924472384
2024-10-17 00:00:00+05:30,1.1329390023843,1.027380949350453,-0.48857554037873124
2024-10-18 00:00:00+05:30,0.9819008499994827,1.0685451917237017,-0.07542172795640693
2024-10-21 00:00:00+05:30,1.2280198391671844,1.2902181312724739,0.8125953736329865
2024-10-22 00:00:00+05:30,1.2993898018275303,1.2232671796948467,0.49915239522262056
2024-10-23 00:00:00+05:30,1.180835431214838,1.3238125888759205,0.4648717127931021
2024-10-24 00:00:00+05:30,1.3375639618375594,1.389344422402319,0.17059714199554385
2024-10-25 00:00:00+05:30,1.417706832147492,1.359772243231415,-0.02146928757756992
2024-10-28 00:00:00+05:30,1.356058559428892,1.3162416489428694,-0.1897021890111587
2024-10-29 00:00:00+05:30,1.2808952042361976,1.3997535984378275,0.37332077515505907
2024-10-30 00:00:00+05:30,1.356058559428892,1.3181343839261321,0.24753621397304051
2024-10-31 00:00:00+05:30,1.2896681118857842,1.3233389719438864,-0.15360042575047217
2024-11-01 00:00:00+05:30,1.3133789860083227,1.3309099118769374,-1.017009243277417
2024-11-04 00:00:00+05:30,1.370285083902415,1.2211376362455668,0.058545932244482166
2024-11-05 00:00:00+05:30,1.171113741273092,1.4281428904418954,0.7179895300084457
2024-11-06 00:00:00+05:30,1.495952716751869,1.4158409794231241,0.04623635719956238
2024-11-07 00:00:00+05:30,1.3669657930767647,1.3746767370498756,-0.31701796136131327
2024-11-08 00:00:00+05:30,1.4034803076739688,1.4120555094565987,-0.2758606358829201
2024-11-11 00:00:00+05:30,1.4155730850279686,1.4681248232299324,-0.08540384895384731
2024-11-12 00:00:00+05:30,1.4983238041641227,1.240536870265355,0.19360158407519026
2024-11-13 00:00:00+05:30,1.2363186451100727,1.0661794173900294,0.37060729118710994
2024-11-14 00:00:00+05:30,1.0293225982445595,1.1201191877140833,0.02003370829098348
2024-11-18 00:00:00+05:30,1.156887216799569,1.1785536982394649,0.01739881919784748
2024-11-19 00:00:00+05:30,1.2232776643426766,1.3543308467476438,0.9936788638963311
2024-11-21 00:00:00+05:30,1.3911507689060014,1.349362489614282,0.3701175846594284
2024-11-22 00:00:00+05:30,1.3634091619583841,1.3701814192669235,-0.07689689329905254
2024-11-25 00:00:00+05:30,1.5602094171754533,1.5594433659607096,16.384058703952846
2024-11-26 00:00:00+05:30,1.678526447495415,1.559207135076317,0.1748172455959546
2024-11-27 00:00:00+05:30,1.583208849298563,1.6857760619277866,0.24750565837721922
2024-11-28 00:00:00+05:30,1.721206020915984,1.5951667894318116,0.3703577810543873
2024-11-29 00:00:00+05:30,1.6372697580737032,1.608888396083436,0.041400811611659975
2024-12-02 00:00:00+05:30,1.6477023111361149,1.6498158299906676,-0.4716170212989996
2024-12-03 00:00:00+05:30,1.7387518362151575,1.7520177432706117,0.6844043550314051
2024-12-04 00:00:00+05:30,1.8113073425816302,1.9119437416778853,0.7358277071101238
2024-12-05 00:00:00+05:30,1.9156351887207994,1.9386771071647086,0.5321358537204528
2024-12-06 00:00:00+05:30,1.9014086642472763,1.8918346598416704,-0.3624551127410406
2024-12-09 00:00:00+05:30,1.8855224943609281,1.9587861890009233,0.011922668190600578
2024-12-10 00:00:00+05:30,1.9995714515630805,1.9497961310166425,-0.5445499605462887
2024-12-11 00:00:00+05:30,1.9236966543709575,1.9261383876799192,-0.5151403629671921
2024-12-12 00:00:00+05:30,1.8729556153002302,1.9079220408269684,-0.3824455802606771
2024-12-13 00:00:00+05:30,1.9274906257820688,1.9670663991687765,-0.31237963825553017
2024-12-16 00:00:00+05:30,1.939820164550035,1.9360745243650193,-0.5534714592310228
2024-12-17 00:00:00+05:30,1.8983261348355926,1.7849017754760073,-0.2277990529401774
2024-12-18 00:00:00+05:30,1.772658501986139,1.6782051219947356,-0.13209712943986487
2024-12-19 00:00:00+05:30,1.6292077135447824,1.5968227159490573,-0.05209465473264735
2024-12-20 00:00:00+05:30,1.546693755822596,1.4927286452674748,-0.03936677848290116
2024-12-23 00:00:00+05:30,1.5457455524091996,1.632309330954142,-0.6377236127410235
2024-12-24 00:00:00+05:30,1.640826389192084,1.6185877243025177,-0.4971498163836778
2024-12-26 00:00:00+05:30,1.6242287773063069,1.5838109571138594,-0.660718495984544
2024-12-27 00:00:00+05:30,1.6064456217144032,1.6192975721189444,-0.7923505321925469
2024-12-30 00:00:00+05:30,1.5941155040676729,1.5230106722548056,-0.18112064175480017
2024-12-31 00:00:00+05:30,1.4902623385139648,1.4991161204520653,-0.5122069440688929
2025-01-01 00:00:00+05:30,1.5051997261081538,1.5459585677751022,-0.7901252024626522
2025-01-02 00:00:00+05:30,1.5225087799933594,1.5980056031158933,-0.33077941740446937
2025-01-03 00:00:00+05:30,1.5884251258297688,1.3872148789530394,-0.09108882376569115
2025-01-06 00:00:00+05:30,1.3470483114865748,1.204104176559451,-0.32024950156750537
2025-01-07 00:00:00+05:30,1.2280198391671844,1.2178257832110753,-0.5362809137017389
2025-01-08 00:00:00+05:30,1.1960101591017576,1.1274533191811174,-0.2825925074991869
2025-01-09 00:00:00+05:30,1.0817238616068747,1.002067279496484,0.5622628542057175
2025-01-10 00:00:00+05:30,1.019364146888846,0.9497834356896758,-0.3759304572960518
2025-01-13 00:00:00+05:30,0.8723567273291076,0.8272362096891244,-0.20371674996301642
2025-01-14 00:00:00+05:30,0.8718826256224094,0.9017581011998026,0.00022003838994941332
2025-01-15 00:00:00+05:30,0.9506026119334845,0.8849614499797038,-0.5160608707161723
2025-01-16 00:00:00+05:30,0.9332935580482788,0.9275453879858057,-0.22236922552338687
2025-01-17 00:00:00+05:30,0.8889543392148845,0.8551524623427826,-0.14477018535593167
2025-01-20 00:00:00+05:30,0.8059662797859999,0.9237599180192801,-0.3716682784767962
2025-01-21 00:00:00+05:30,0.958901417876373,0.8818858278296049,0.18390949613969004
2025-01-22 00:00:00+05:30,0.8837380626836786,0.9937870693286308,0.16189811092423603
2025-01-23 00:00:00+05:30,1.0952389440809691,0.9883456728448596,0.3371373941397589
2025-01-24 00:00:00+05:30,0.9672002238192614,0.9168994034842802,-0.09885002680375635
2025-01-27 00:00:00+05:30,0.8775730038603134,0.8222684301373872,-0.1573482248069178
2025-01-28 00:00:00+05:30,0.9055519511006614,1.0143691905152552,0.14392447612771372
2025-01-29 00:00:00+05:30,1.0383328461868768,1.0470169918362582,-0.5733731194440878
2025-01-30 00:00:00+05:30,1.0667858951339229,1.1142047518799025,-0.03722224951307924
2025-01-31 00:00:00+05:30,1.096424487787096,1.1485084797181513,-0.442580626826084
2025-02-01 00:00:00+05:30,1.1450317797382998,1.1116021690802131,-0.8606431875471554
2025-02-03 00:00:00+05:30,1.0146219720643384,1.0503288448707497,-0.2606010569505254
2025-02-04 00:00:00+05:30,1.103300409731127,1.2533123982161603,0.08008411422197634
2025-02-05 00:00:00+05:30,1.3133789860083227,1.3332756862106099,-0.12175422365326173
2025-02-06 00:00:00+05:30,1.325234423069592,1.3619012090990703,0.004275762688776033
2025-02-07 00:00:00+05:30,1.3939959580249535,1.3093811344078694,-0.12853143846653606
2025-02-10 00:00:00+05:30,1.2389270728150572,1.2289448070630105,-0.38644231755366687
2025-02-11 00:00:00+05:30,1.171113741273092,1.1610471992029394,-0.16059422581647986
2025-02-12 00:00:00+05:30,1.1236919930280151,1.1865976775229254,-0.15712747288202697
2025-02-13 00:00:00+05:30,1.1521450419750614,1.1435401225847897,-0.5740861922791902
2025-02-14 00:00:00+05:30,1.1658974647418863,1.1300553243991822,-0.2735360413163331
2025-02-17 00:00:00+05:30,1.08670279784535,1.236515169414437,-0.5603397689355826
2025-02-18 00:00:00+05:30,1.2187728298108995,1.2634853433672761,-0.4209619708863332
2025-02-19 00:00:00+05:30,1.2375041888161997,1.283120808271457,-0.6034294499015839
2025-02-20 00:00:00+05:30,1.2090511398691537,1.0933858222272612,-0.010847051357509449
2025-02-21 00:00:00+05:30,1.0663117934272246,1.1189363005472472,-0.4483300625071872
2025-02-24 00:00:00+05:30,1.0672599968406211,1.0460703355538146,-0.24356239070635333
2025-02-25 00:00:00+05:30,1.0198382485955442,1.0709109660573741,-0.10283254839173835
2025-02-27 00:00:00+05:30,1.074136497663415,1.1577347685868236,0.37298883027318214
2025-02-28 00:00:00+05:30,1.0857545944319535,1.3077252078906239,1.138101276436442
2025-03-03 00:00:00+05:30,1.3456260063664802,1.161757047019366,-0.22265885008805672
2025-03-04 00:00:00+05:30,1.1474028671505536,1.2017384022257787,-0.2751264845886681
2025-03-05 00:00:00+05:30,1.1661342261558538,1.1071074288788856,-0.20719690160793638
2025-03-06 00:00:00+05:30,1.0952389440809691,1.1127850562470494,0.25776351503213796
2025-03-07 00:00:00+05:30,1.0715280699584306,1.103558767378377,-0.542612294594166
2025-03-10 00:00:00+05:30,1.1047232937299845,1.095278557210524,-0.4514709980188183
2025-03-11 00:00:00+05:30,1.0734250556639862,1.0858154598758345,-0.27604674723928624
2025-03-12 00:00:00+05:30,1.116816071083984,1.2071797987095498,-0.32156657846653003
2025-03-13 00:00:00+05:30,1.2329993542844226,1.1856510212404818,-0.4460700922087677
2025-03-17 00:00:00+05:30,1.1805980909221074,1.2036311372090414,-0.3147632198279541
2025-03-18 00:00:00+05:30,1.2062059507502014,1.2036311372090414,-1.0888921811410286
2025-03-19 00:00:00+05:30,1.3228633356573383,1.3630840962659065,-0.4671019009699505
2025-03-20 00:00:00+05:30,1.4129646573229844,1.4797168864322772,-0.3603790479137274
2025-03-21 00:00:00+05:30,1.4203152598524762,1.4872872487837037,0.2799112566364309
2025-03-24 00:00:00+05:30,1.5315190279356765,1.6275777822867976,-0.37836281344255407
2025-03-25 00:00:00+05:30,1.6543414716661782,1.7290692701686905,0.5083899890951423
2025-03-26 00:00:00+05:30,1.7496590698630303,1.6585696570905548,-0.08895450722762768
2025-03-27 00:00:00+05:30,1.631104699250338,1.7475224254876585,0.6128298326068989
2025-03-28 00:00:00+05:30,1.768627769161061,1.761007223673267,0.08619662227695621
