Datetime,Open,Close,Volume
2025-03-03 09:15:00+05:30,-0.06203013416103073,-0.014826181781788048,-0.8841569743169716
2025-03-03 09:20:00+05:30,-0.010248923080238205,-0.209173455976359,1.182542157697381
2025-03-03 09:25:00+05:30,-0.20955494525946627,-0.28144181093259124,-0.05480472505359813
2025-03-03 09:30:00+05:30,-0.2857610308838728,-0.21991476046589467,0.014878614243337317
2025-03-03 09:35:00+05:30,-0.20760143234430808,-0.19354670578225983,-0.11713811025967505
2025-03-03 09:40:00+05:30,-0.1851300707158523,-0.2619095653436287,-0.4591337964668559
2025-03-03 09:45:00+05:30,-0.2642676183338234,-0.3244117975053797,0.2692962394515864
2025-03-03 09:50:00+05:30,-0.3238628810752487,-0.35566529789357804,-0.383255406198377
2025-03-03 09:55:00+05:30,-0.35512862868439826,-0.33124999090737484,-0.23343810970418208
2025-03-03 10:00:00+05:30,-0.3238628810752487,-0.3595707932884414,-0.47488818140968675
2025-03-03 10:05:00+05:30,-0.3658741423385956,-0.4308639665496192,-0.33491266801922037
2025-03-03 10:10:00+05:30,-0.4235182774065174,-0.45723202123325407,0.5311454151667326
2025-03-03 10:15:00+05:30,-0.45575720361076405,-0.39375222306912583,-0.3464177626806582
2025-03-03 10:20:00+05:30,-0.3902990168822096,-0.4337942802494282,-0.4810141892599668
2025-03-03 10:25:00+05:30,-0.4371952530542793,-0.5158287580001417,-0.33925610801142714
2025-03-03 10:30:00+05:30,-0.515354851593844,-0.5295003761894863,-0.5637906150073984
2025-03-03 10:35:00+05:30,-0.5319632892351706,-0.5412216309887221,-0.6600304494011933
2025-03-03 10:40:00+05:30,-0.5368482641438933,-0.5695424333697887,-0.5588446168659836
2025-03-03 10:45:00+05:30,-0.5690895755897947,-0.5451271263835855,-0.6697969127362708
2025-03-03 10:50:00+05:30,-0.5485717268764971,-0.5949353063583691,-0.7177944353091105
2025-03-03 10:55:00+05:30,-0.6071914257811706,-0.6525544771228794,0.0602336682660049
2025-03-03 11:00:00+05:30,-0.6609261497771214,-0.6965020296980452,-0.520444088148757
2025-03-03 11:05:00+05:30,-0.6980524361317455,-0.6906414022984272,-0.5961530089377711
2025-03-03 11:10:00+05:30,-0.6941454103014291,-0.6818528455063232,-0.1651544627746774
2025-03-03 11:15:00+05:30,-0.6814439984904189,-0.6906414022984272,-0.04238951652096092
2025-03-03 11:20:00+05:30,-0.6873069224775481,-0.7658424552617913,-0.2926268945690804
2025-03-03 11:25:00+05:30,-0.756672135036419,-0.7804916394535132,1.9768518845958842
2025-03-03 11:30:00+05:30,-0.7576500841148254,-0.7121287798921443,-0.5259675378498291
2025-03-03 11:35:00+05:30,-0.7117317970211621,-0.7550987664649328,-0.5768021050418558
2025-03-03 11:40:00+05:30,-0.7547186221212608,-0.7521684527651238,-0.6059947920414998
2025-03-03 11:45:00+05:30,-0.7508115962909444,-0.7316610254811069,-0.58019149463115
2025-03-03 11:50:00+05:30,-0.7302937475776469,-0.7726782643564636,-0.6980669325699402
2025-03-03 11:55:00+05:30,-0.7713270597625874,-0.764864889259414,-0.6741780126128031
2025-03-03 12:00:00+05:30,-0.749833647212538,-0.6779473501114599,4.811021799279439
2025-03-03 12:05:00+05:30,-0.6775369726601026,-0.6974795957004224,-0.31266822967762975
2025-03-03 12:10:00+05:30,-0.7048909239556265,-0.7033378387927175,-0.4402285345354589
2025-03-03 12:15:00+05:30,-0.6912139483078645,-0.6994323433978541,-0.6165332830052499
2025-03-03 12:20:00+05:30,-0.7009838981253101,-0.6535320431252567,1.4669684340656597
2025-03-03 12:25:00+05:30,-0.6531120981164886,-0.672086722711842,-0.5436049170089345
2025-03-03 12:30:00+05:30,-0.6716740486729733,-0.627161604134299,-0.6308252091067742
2025-03-03 12:35:00+05:30,-0.6208707866705873,-0.6427883543283982,0.29332324565125034
2025-03-03 12:40:00+05:30,-0.6443177121357948,-0.6349749792313486,-0.5776682823813422
2025-03-03 12:45:00+05:30,-0.632594249403191,-0.6134899859449544,-0.14386407483599925
2025-03-03 12:50:00+05:30,-0.6101228877747352,-0.6447411020258299,-0.24592863800547027
2025-03-03 12:55:00+05:30,-0.643342148299043,-0.680875279503946,-0.5263127534561461
2025-03-03 13:00:00+05:30,-0.6648355608490923,-0.6945492820006135,-0.5321186522896595
2025-03-03 13:05:00+05:30,-0.6804660494120125,-0.6818528455063232,-0.5468938802400275
2025-03-03 13:10:00+05:30,-0.6814439984904189,-0.7072457184949037,-0.5179020459567862
2025-03-03 13:15:00+05:30,-0.7039153601188747,-0.7111512138897671,-0.3791944153386115
2025-03-03 13:20:00+05:30,-0.7107538479427556,-0.7209173366842483,-0.41854271781136304
2025-03-03 13:25:00+05:30,-0.7107538479427556,-0.7609593938645507,-0.47593638152341294
2025-03-03 13:30:00+05:30,-0.7683955977690228,-0.7414271482755881,-0.5215989912680721
2025-03-03 13:35:00+05:30,-0.7400636973950925,-0.75607633246731,-0.44513687279254804
2025-03-03 13:40:00+05:30,-0.7420172103102506,-0.7482629573702605,-0.2685810584272537
2025-03-03 13:45:00+05:30,-0.7576500841148254,-0.7580290801647417,-0.3137729196178442
2025-03-03 13:50:00+05:30,-0.7469021852189734,-0.7424023299706425,-0.05993902261664021
2025-03-03 13:55:00+05:30,-0.7420172103102506,-0.8224840600239244,-0.18969615406012305
2025-03-03 14:00:00+05:30,-0.8319002715824191,-0.8254143737237333,-0.5009488213629273
2025-03-03 14:05:00+05:30,-0.8240862199217863,-0.9015906083821518,0.20779137170067033
2025-03-03 14:10:00+05:30,-0.9012678693829446,-0.8654564309040357,-0.24660023927594155
2025-03-03 14:15:00+05:30,-0.8641415830283204,-0.8713146739963307,4.007297101299563
2025-03-03 14:20:00+05:30,-0.8641415830283204,-0.7990463190400985,-0.3496314061431002
2025-03-03 14:25:00+05:30,-0.7889134464823203,-0.7326362071761613,-0.352907816079418
2025-03-03 14:30:00+05:30,-0.7312716966560533,-0.767795202959223,-0.2827600048758015
2025-03-03 14:35:00+05:30,-0.7664420848538646,-0.7795140734511359,-0.23695930888861558
2025-03-03 14:40:00+05:30,-0.7791434966648748,-0.7687703846542774,-0.23191916103638724
2025-03-03 14:45:00+05:30,-0.7693735468474292,-0.8078348758322025,-0.21635307551518385
2025-03-03 14:50:00+05:30,-0.7996613453781724,-0.7902577622479945,-0.2583375698907199
2025-03-03 14:55:00+05:30,-0.7801214457432812,-0.7970935713426668,-0.31172673256949246
2025-03-03 15:00:00+05:30,-0.7967298833846077,-0.7863498825458083,0.5777055854878159
2025-03-03 15:05:00+05:30,-0.7801214457432812,-0.776583759751327,0.6815903763996858
2025-03-03 15:10:00+05:30,-0.774258521756152,-0.7853747008507539,0.7019643738197769
2025-03-03 15:15:00+05:30,-0.7830505224951911,-0.7658424552617913,1.2170135051499813
2025-03-03 15:20:00+05:30,-0.7723050088409938,-0.776583759751327,0.9513983410022859
2025-03-03 15:25:00+05:30,-0.7732805726777455,-0.7316610254811069,0.8642408153783222
2025-03-04 09:15:00+05:30,-0.8895444066503408,-0.5783309901618926,-0.8841569743169716
2025-03-04 09:20:00+05:30,-0.5778815763288339,-0.7121287798921443,1.7673876079774975
2025-03-04 09:25:00+05:30,-0.7107538479427556,-0.7590042618597961,0.14470478880808357
2025-03-04 09:30:00+05:30,-0.7664420848538646,-0.6701339750144103,-0.13983446721317158
2025-03-04 09:35:00+05:30,-0.667767022842657,-0.7355665208759702,-0.3653983443807062
2025-03-04 09:40:00+05:30,-0.725408772668924,-0.7541212004625555,-0.2696794717200806
2025-03-04 09:45:00+05:30,-0.7586256479515772,-0.72287008438168,-0.39555763507803776
2025-03-04 09:50:00+05:30,-0.7205237977602013,-0.8166258169316293,-0.29086315665316986
2025-03-04 09:55:00+05:30,-0.8221303217649735,-0.8205313123264927,-0.3603268132915399
2025-03-04 10:00:00+05:30,-0.8201768088498153,-0.7795140734511359,-0.2573395829560944
2025-03-04 10:05:00+05:30,-0.7810970095800329,-0.8478769330125048,0.115461888629339
2025-03-04 10:10:00+05:30,-0.8514401712173102,-0.8156482509292521,-0.25029090793983977
2025-03-04 10:15:00+05:30,-0.8143162701043407,-0.7863498825458083,-0.48980149560258157
2025-03-04 10:20:00+05:30,-0.7869599335671622,-0.7834195688459993,-0.49997594101785203
2025-03-04 10:25:00+05:30,-0.7830505224951911,-0.7355665208759702,-0.39876500189309216
2025-03-04 10:30:00+05:30,-0.7351787224863696,-0.7062681524925264,-0.41394193527626544
2025-03-04 10:35:00+05:30,-0.7058688730340329,-0.7267779640838662,-0.5733876088630112
2025-03-04 10:40:00+05:30,-0.7263867217473304,-0.7199397706818711,-0.38440403267030454
2025-03-04 10:45:00+05:30,-0.7244308235905177,-0.714081527589576,-0.599969210549421
2025-03-04 10:50:00+05:30,-0.7146608737730721,-0.7111512138897671,-0.4790872585119791
2025-03-04 10:55:00+05:30,-0.6980524361317455,-0.6896662206033728,-0.6256971881911196
2025-03-04 11:00:00+05:30,-0.6912139483078645,-0.6857583409011866,-0.4687056837329185
2025-03-04 11:05:00+05:30,-0.6853510243207352,-0.7326362071761613,-0.4569055866442643
2025-03-04 11:10:00+05:30,-0.7332252095712114,-0.72287008438168,-0.15170360742308917
2025-03-04 11:15:00+05:30,-0.7244308235905177,-0.734588954873593,-0.4623035033975848
2025-03-04 11:20:00+05:30,-0.7342007734079632,-0.7472853913678832,-0.5832482219089026
2025-03-04 11:25:00+05:30,-0.7439707232254088,-0.7590042618597961,-0.5180840687310261
2025-03-04 11:30:00+05:30,-0.7596035970299836,-0.7511932710700694,-0.5571248154817862
2025-03-04 11:35:00+05:30,-0.7508115962909444,-0.7775613257537043,-0.5999880404915837
2025-03-04 11:40:00+05:30,-0.7771899837497166,-0.7902577622479945,-0.5285597932209005
2025-03-04 11:45:00+05:30,-0.7889134464823203,-0.8088124418345798,-0.28318681689815706
2025-03-04 11:50:00+05:30,-0.8084533461172115,-0.7619345755596051,-0.2766904868520097
2025-03-04 11:55:00+05:30,-0.7615571099451418,-0.75607633246731,-0.33740449703209047
2025-03-04 12:00:00+05:30,-0.7547186221212608,-0.7453326436704515,-0.40030905715043735
2025-03-04 12:05:00+05:30,-0.749833647212538,-0.7668176369568457,-0.4956889908521335
2025-03-04 12:10:00+05:30,-0.7664420848538646,-0.7687703846542774,-0.2828164947022897
2025-03-04 12:15:00+05:30,-0.7683955977690228,-0.6818528455063232,0.04596057210664342
2025-03-04 12:20:00+05:30,-0.6824219475688253,-0.7062681524925264,-0.1641125393083388
2025-03-04 12:25:00+05:30,-0.7058688730340329,-0.7121287798921443,-0.6140351773449922
2025-03-04 12:30:00+05:30,-0.7117317970211621,-0.6730642887142193,-0.37365213569537653
2025-03-04 12:35:00+05:30,-0.6755810745032897,-0.663298165919738,-0.5810074587915357
2025-03-04 12:40:00+05:30,-0.6619040988555278,-0.6662260953122241,-0.5441447086842666
2025-03-04 12:45:00+05:30,-0.6658111246858441,-0.6925965343031818,-0.5100436834275336
2025-03-04 12:50:00+05:30,-0.6912139483078645,-0.6994323433978541,-0.6029380647637473
2025-03-04 12:55:00+05:30,-0.6990303852101519,-0.6877134729059412,-0.480229608336519
2025-03-04 13:00:00+05:30,-0.6873069224775481,-0.6574375385201201,-0.11180295998023035
2025-03-04 13:05:00+05:30,-0.6599505859403696,-0.6398580406285892,-0.43245804506963237
2025-03-04 13:10:00+05:30,-0.6345477623183492,-0.6164202996447633,-0.0606420071240494
2025-03-04 13:15:00+05:30,-0.6140322988467063,-0.6252088564368673,-0.31559314736024296
2025-03-04 13:20:00+05:30,-0.62575576157931,-0.6252088564368673,-0.5256411521856749
2025-03-04 13:25:00+05:30,-0.6355257113967556,-0.6466938497232615,-0.49762847489489637
2025-03-04 13:30:00+05:30,-0.6404106863054784,-0.6281391701366763,-0.4702309090481009
2025-03-04 13:35:00+05:30,-0.6228242995857454,-0.6281391701366763,-0.37095945396610386
2025-03-04 13:40:00+05:30,-0.6296627874096264,-0.6330222315339169,-0.23605547166480376
2025-03-04 13:45:00+05:30,-0.6296627874096264,-0.6300919178341079,-0.35983723479530855
2025-03-04 13:50:00+05:30,-0.6306407364880329,-0.6076293585453365,-0.2860426914595069
2025-03-04 13:55:00+05:30,-0.6111008368531416,-0.6017711154530414,-0.23512652785144164
2025-03-04 14:00:00+05:30,-0.6111008368531416,-0.6134899859449544,-0.185597503316032
2025-03-04 14:05:00+05:30,-0.6120764006898934,-0.6086069245477137,-0.04451729998535122
2025-03-04 14:10:00+05:30,-0.6111008368531416,-0.6047014291528504,-0.28462416914991334
2025-03-04 14:15:00+05:30,-0.6032843999508543,-0.6134899859449544,-0.2638484662970169
2025-03-04 14:20:00+05:30,-0.6179393246770226,-0.6193506133445723,-0.13836573172447741
2025-03-04 14:25:00+05:30,-0.6198928375921808,-0.6486489817280161,-0.19307299035464218
2025-03-04 14:30:00+05:30,-0.6482271232077658,-0.6486489817280161,0.014137969851602641
2025-03-04 14:35:00+05:30,-0.6521341490380822,-0.6564599725177428,0.01185327020252279
2025-03-04 14:40:00+05:30,-0.657019123946805,-0.7023626570976631,0.46977235701095577
2025-03-04 14:45:00+05:30,-0.7009838981253101,-0.7316610254811069,0.23731672101185608
2025-03-04 14:50:00+05:30,-0.7342007734079632,-0.7121287798921443,0.1914030453716937
2025-03-04 14:55:00+05:30,-0.7107538479427556,-0.734588954873593,0.1112377049374963
2025-03-04 15:00:00+05:30,-0.7312716966560533,-0.615442733642386,2.3352986636059176
2025-03-04 15:05:00+05:30,-0.6130543497682999,-0.615442733642386,2.294211729806806
2025-03-04 15:10:00+05:30,-0.6169613755986162,-0.5832140515591333,1.6646075070058421
2025-03-04 15:15:00+05:30,-0.5817909874008049,-0.5578235628778757,1.4202827307968247
2025-03-04 15:20:00+05:30,-0.5554125999420327,-0.564659371972548,0.8410674332233694
2025-03-04 15:25:00+05:30,-0.5651825497594783,-0.5988408017532325,0.6476713739171925
2025-03-05 09:15:00+05:30,-0.8084533461172115,-0.8849886764929982,-0.8841569743169716
2025-03-05 09:20:00+05:30,-0.8651195321067269,-0.8107651895320114,1.4929286476606989
2025-03-05 09:25:00+05:30,-0.8104068590323698,-0.809790007836957,0.7285522521535743
2025-03-05 09:30:00+05:30,-0.809431295195618,-0.7658424552617913,-0.059066568629766315
2025-03-05 09:35:00+05:30,-0.7654665210171128,-0.8107651895320114,-0.05093831026284761
2025-03-05 09:40:00+05:30,-0.8104068590323698,-0.7121287798921443,-0.21745776545539827
2025-03-05 09:45:00+05:30,-0.7117317970211621,-0.6281391701366763,0.14243264245377887
2025-03-05 09:50:00+05:30,-0.6277092744944682,-0.6838055932037549,-0.3579730705211967
2025-03-05 09:55:00+05:30,-0.6833975114055771,-0.6886886546009956,-0.3805878310586547
2025-03-05 10:00:00+05:30,-0.6882824863142999,-0.6506017294254478,-0.4328974103867631
2025-03-05 10:05:00+05:30,-0.6511561999596758,-0.6291167361390535,-0.4027695029263695
2025-03-05 10:10:00+05:30,-0.6316163003247846,-0.6398580406285892,-0.5063467381162478
2025-03-05 10:15:00+05:30,-0.6482271232077658,-0.6828304115087005,-0.33134125565568623
2025-03-05 10:20:00+05:30,-0.6814439984904189,-0.6925965343031818,-0.5586437641495811
2025-03-05 10:25:00+05:30,-0.6814439984904189,-0.672086722711842,-0.5217245242158237
2025-03-05 10:30:00+05:30,-0.6716740486729733,-0.6974795957004224,-0.4073891154036298
2025-03-05 10:35:00+05:30,-0.6892604353927063,-0.7101736478873898,-0.48757328577999
2025-03-05 10:40:00+05:30,-0.7039153601188747,-0.7414271482755881,-0.43425316622248084
2025-03-05 10:45:00+05:30,-0.7459266213822217,-0.7502157050676921,-0.24732833037290106
2025-03-05 10:50:00+05:30,-0.749833647212538,-0.7931856916404806,-0.32263554572910996
2025-03-05 10:55:00+05:30,-0.7869599335671622,-0.7892801962456172,-0.5738458041223047
2025-03-05 11:00:00+05:30,-0.7908669593974785,-0.8107651895320114,-0.21425039864034387
2025-03-05 11:05:00+05:30,-0.809431295195618,-0.809790007836957,-0.5650773277218526
2025-03-05 11:10:00+05:30,-0.8084533461172115,-0.7883026302432399,-0.25685628110725056
2025-03-05 11:15:00+05:30,-0.7879354974039139,-0.7961160053402895,-0.5543003241573743
2025-03-05 11:20:00+05:30,-0.7957519343062013,-0.8117427555343887,-0.5481241031279936
2025-03-05 11:25:00+05:30,-0.8143162701043407,-0.827367121421165,-0.5415838365501332
2025-03-05 11:30:00+05:30,-0.8279932457521026,-0.8322501828184057,0.2032596322868361
2025-03-05 11:35:00+05:30,-0.8328782206608255,-0.7795140734511359,0.016567032390596877
2025-03-05 11:40:00+05:30,-0.7840284715735976,-0.8107651895320114,-0.3569939135287339
2025-03-05 11:45:00+05:30,-0.8104068590323698,-0.7980687530377212,-0.15337947227557355
2025-03-05 11:50:00+05:30,-0.7967298833846077,-0.8088124418345798,-0.5611858063415518
2025-03-05 11:55:00+05:30,-0.8084533461172115,-0.767795202959223,-0.33869120974654476
2025-03-05 12:00:00+05:30,-0.767420033932271,-0.7892801962456172,-0.24229445916806028
2025-03-05 12:05:00+05:30,-0.7898913955607267,-0.7795140734511359,-0.5450736524976287
2025-03-05 12:10:00+05:30,-0.7810970095800329,-0.7814668211485676,-0.5982431325178359
2025-03-05 12:15:00+05:30,-0.7830505224951911,-0.8029518144349618,-0.3979051012009934
2025-03-05 12:20:00+05:30,-0.8035683712084888,-0.8234616260263017,-0.27390993205931086
2025-03-05 12:25:00+05:30,-0.8182232959346571,-0.830297435120974,-0.44981297509629664
2025-03-05 12:30:00+05:30,-0.8299467586672609,-0.809790007836957,-0.016209620267356367
2025-03-05 12:35:00+05:30,-0.8113848081107762,-0.818578564629061,-0.5705129043594986
2025-03-05 12:40:00+05:30,-0.8221303217649735,-0.8381108102180236,-0.5240782669861669
2025-03-05 12:45:00+05:30,-0.8416702213998647,-0.8371332442156463,-0.5766012523254532
2025-03-05 12:50:00+05:30,-0.8260397328369445,-0.8351804965182146,-0.5036415030921999
2025-03-05 12:55:00+05:30,-0.8348317335759837,-0.8283446874235423,-0.441308117886123
2025-03-05 13:00:00+05:30,-0.8279932457521026,-0.8420163056128869,-0.581679060062007
2025-03-05 13:05:00+05:30,-0.8309247077456673,-0.8332277488207829,0.16730699605076638
2025-03-05 13:10:00+05:30,-0.8328782206608255,-0.827367121421165,-0.5510804040475448
2025-03-05 13:15:00+05:30,-0.8231082708433799,-0.8674091786014674,-0.4449674033130833
2025-03-05 13:20:00+05:30,-0.8651195321067269,-0.8761977353935714,-0.40632836199512845
2025-03-05 13:25:00+05:30,-0.8758650457609242,-0.884011110490621,-0.24425277315298588
2025-03-05 13:30:00+05:30,-0.8836814826632116,-0.9328417244630273,-0.09893583283568723
2025-03-05 13:35:00+05:30,-0.9305777188352813,-0.9455381609573175,-0.35529294208669915
2025-03-05 13:40:00+05:30,-0.9462105926398561,-0.9670231542437117,-0.21112462824132802
2025-03-05 13:45:00+05:30,-0.9647725431963409,-0.9728837816433297,-0.3547594270587547
2025-03-05 13:50:00+05:30,-0.9725889800986283,-0.9758140953431386,0.10737756679413336
2025-03-05 13:55:00+05:30,-0.9745424930137865,-0.9738589633383841,-0.008012318779174264
2025-03-05 14:00:00+05:30,-0.9735645439353801,-0.988508147530106,-0.08687839320414219
2025-03-05 14:05:00+05:30,-0.9794274679225092,-0.9719062156409524,-0.23178107479386043
2025-03-05 14:10:00+05:30,-0.97063546718347,-0.9650704065462801,-0.14392056466248748
2025-03-05 14:15:00+05:30,-0.9657504922747473,-0.9943687749297239,-0.0470718954720971
2025-03-05 14:20:00+05:30,-0.995060341727084,-1.0051124637265825,0.021663670069313468
2025-03-05 14:25:00+05:30,-1.0048302915445295,-0.9357720381628363,0.4335435482898324
2025-03-05 14:30:00+05:30,-0.9501176184701725,-0.9826499044378109,0.38548953589050455
2025-03-05 14:35:00+05:30,-0.9852903919096384,-0.9904632795348605,0.24703924781522063
2025-03-05 14:40:00+05:30,-0.9921288797335195,-1.0090179591214457,0.5570365856405084
2025-03-05 14:45:00+05:30,-1.008737317374846,-1.0148785865210637,1.418355800048837
2025-03-05 14:50:00+05:30,-1.0233922421010144,-0.9982742703245872,0.310251363655559
2025-03-05 14:55:00+05:30,-1.0058058553812814,-0.9953463409321011,0.18862249057899488
2025-03-05 15:00:00+05:30,-0.995060341727084,-1.0139010205186865,1.7089896806834344
2025-03-05 15:05:00+05:30,-1.0136222922835687,-0.9992518363269645,1.3900481203308421
2025-03-05 15:10:00+05:30,-0.9999453166358069,-1.0139010205186865,1.6889797288118231
2025-03-05 15:15:00+05:30,-1.0067838044596877,-1.015853768216118,2.0189242520348465
2025-03-05 15:20:00+05:30,-1.015575805198727,-1.0021821500267734,2.1980472151816617
2025-03-05 15:25:00+05:30,-1.0038523424661232,-1.004134897724205,1.123303159653382
2025-03-06 09:15:00+05:30,-0.9589096192092117,-0.8869414241904299,-0.8841569743169716
2025-03-06 09:20:00+05:30,-0.8866129446567762,-0.8986602946823429,9.007801648627947
2025-03-06 09:25:00+05:30,-0.8963828944742218,-1.0197616479183043,2.226154042183254
2025-03-06 09:30:00+05:30,-1.015575805198727,-1.1213283712579802,1.746655841656314
2025-03-06 09:35:00+05:30,-1.1318396391713221,-1.2228950945976564,0.9296874176886398
2025-03-06 09:40:00+05:30,-1.218791238449926,-1.2248502266024108,0.8292485061925525
2025-03-06 09:45:00+05:30,-1.2246541624370553,-1.3342303250391365,1.5004669011731848
2025-03-06 09:50:00+05:30,-1.3262606864418276,-1.2883300247665392,0.5997240645234536
2025-03-06 09:55:00+05:30,-1.2881588362504517,-1.2883300247665392,-0.1782036126934604
2025-03-06 10:00:00+05:30,-1.2881588362504517,-1.2658674654777677,-0.03207698486316368
2025-03-06 10:05:00+05:30,-1.2637339617068377,-1.275633588272249,0.11509156643347165
2025-03-06 10:10:00+05:30,-1.2686189366155605,-1.2551237766809091,0.14869045989919813
2025-03-06 10:15:00+05:30,-1.253964011889392,-1.1789475420224906,0.5771532405177088
2025-03-06 10:20:00+05:30,-1.1787334901017372,-1.2326612173921376,-0.1288126744005776
2025-03-06 10:25:00+05:30,-1.232468214097688,-1.221919912902602,-0.1568127983965809
2025-03-06 10:30:00+05:30,-1.2226982642802424,-1.2023876673136393,-0.4077531609521096
2025-03-06 10:35:00+05:30,-1.2031583646453512,-1.1818778557222995,-0.39964373252735363
2025-03-06 10:40:00+05:30,-1.1787334901017372,-1.2199671652051702,-0.39929851692103663
2025-03-06 10:45:00+05:30,-1.223676213358649,-1.2160592855029841,-0.3805438945269416
2025-03-06 10:50:00+05:30,-1.2158597764563615,-1.2004349196162076,-0.3547970869430802
2025-03-06 10:55:00+05:30,-1.2002292878934413,-1.2394994107941328,-0.5246494418984369
2025-03-06 11:00:00+05:30,-1.237353189006411,-1.2014101013112621,-0.4017213028126433
2025-03-06 11:05:00+05:30,-1.201204851730193,-1.1252338666528436,0.456359161543693
2025-03-06 11:10:00+05:30,-1.1249987661057865,-1.123281118955412,-0.11912153083415096
2025-03-06 11:15:00+05:30,-1.1210917402754703,-1.1799251080248678,-0.3482003305387315
2025-03-06 11:20:00+05:30,-1.18068938825855,-1.2346163493968922,-0.2555507384506335
2025-03-06 11:25:00+05:30,-1.24321611299354,-1.263914717780336,-0.09577867919973349
2025-03-06 11:30:00+05:30,-1.2656874746219957,-1.2375442787893782,-0.43655041916633586
2025-03-06 11:35:00+05:30,-1.2383311380848172,-1.2355915310919465,-0.03281135260751078
2025-03-06 11:40:00+05:30,-1.236377625169659,-1.2297332879996516,-0.18600548539622483
2025-03-06 11:45:00+05:30,-1.229539137345778,-1.2180120332004156,-0.008627430223157302
2025-03-06 11:50:00+05:30,-1.2178132893715197,-1.1994573536138304,-0.4019472621185962
2025-03-06 11:55:00+05:30,-1.199251338815035,-1.2209423469002247,-0.650828884330998
2025-03-06 12:00:00+05:30,-1.2207447513650842,-1.1935967262142126,-0.325968445491916
2025-03-06 12:05:00+05:30,-1.1933884148279057,-1.1926215445191581,-0.4294954675026937
2025-03-06 12:10:00+05:30,-1.192412850991154,-1.2141065378055524,-0.5501640135289577
2025-03-06 12:15:00+05:30,-1.2139062635412032,-1.2092234764083116,-0.2914845447445405
2025-03-06 12:20:00+05:30,-1.2041363137237577,-1.1965270399140215,-0.5015702094542979
2025-03-06 12:25:00+05:30,-1.199251338815035,-1.1906687968217264,-0.4482563665441763
2025-03-06 12:30:00+05:30,-1.1914349019127475,-1.182855421724677,0.13067648189683778
2025-03-06 12:35:00+05:30,-1.1826429011737083,-1.1603928624359054,1.205094151760963
2025-03-06 12:40:00+05:30,-1.1601715395452525,-1.1476964259416151,1.0708868773196847
2025-03-06 12:45:00+05:30,-1.1494236406494005,-1.1525794873388557,-0.5555870368718286
2025-03-06 12:50:00+05:30,-1.1523551026429653,-1.1867609171195403,1.4688953648136474
2025-03-06 12:55:00+05:30,-1.1933884148279057,-1.1809026740272452,0.10398817720483908
2025-03-06 13:00:00+05:30,-1.1826429011737083,-1.156487367041042,-0.5935293703297618
2025-03-06 13:05:00+05:30,-1.156264513714936,-1.1994573536138304,0.7650258501228134
2025-03-06 13:10:00+05:30,-1.1728729513562628,-1.1750420466276272,-0.4742354100813782
2025-03-06 13:15:00+05:30,-1.1709194384411046,-1.1574625487360963,-0.5528127587265174
2025-03-06 13:20:00+05:30,-1.1552865646365298,-1.1535570533412332,-0.46316340408968354
2025-03-06 13:25:00+05:30,-1.1533330517213716,-1.168206237532955,-0.5266077558833625
2025-03-06 13:30:00+05:30,-1.163103001538817,-1.1525794873388557,-0.49614090946403944
2025-03-06 13:35:00+05:30,-1.1513795388062134,-1.1223059372603577,1.9876414414551378
2025-03-06 13:40:00+05:30,-1.1210917402754703,-1.1369551214520794,-0.11814237384168817
2025-03-06 13:45:00+05:30,-1.1357466650016386,-1.102773691671395,-0.013479278653758194
2025-03-06 13:50:00+05:30,-1.1025297897189854,-1.0773808186828147,0.42522699050128626
2025-03-06 13:55:00+05:30,-1.0771269660969651,-1.0773808186828147,0.15927916404204898
2025-03-06 14:00:00+05:30,-1.0820119410056879,-1.066637129885956,0.3824077020232018
2025-03-06 14:05:00+05:30,-1.0654035033643614,-1.0529655116966115,0.4096546283326953
2025-03-06 14:10:00+05:30,-1.0527020915533511,-1.06370920049347,0.09017955295215867
2025-03-06 14:15:00+05:30,-1.0634499904492032,-1.0803111323826236,0.04201883754724192
2025-03-06 14:20:00+05:30,-1.0800584280905297,-1.0764032526804372,0.09102062370209466
2025-03-06 14:25:00+05:30,-1.075173453181807,-1.0832414460824324,0.041133830265592856
2025-03-06 14:30:00+05:30,-1.0810339919272816,-1.0051124637265825,0.5462219221917046
2025-03-06 14:35:00+05:30,-1.0038523424661232,-1.0090179591214457,-0.01663015564232436
2025-03-06 14:40:00+05:30,-1.0067838044596877,-0.9904632795348605,0.2225226631193253
2025-03-06 14:45:00+05:30,-0.9931044435702712,-0.9699534679435207,0.5255717522865598
2025-03-06 14:50:00+05:30,-0.9559805424573017,-0.9943687749297239,0.33302931702509414
2025-03-06 14:55:00+05:30,-0.9999453166358069,-0.979719590738002,0.44445236144944994
2025-03-06 15:00:00+05:30,-0.9794274679225092,-0.9601873451490394,1.692375395048505
2025-03-06 15:05:00+05:30,-0.9579340553724599,-0.9601873451490394,2.173969995802897
2025-03-06 15:10:00+05:30,-0.97063546718347,-0.9650704065462801,2.512180863635366
2025-03-06 15:15:00+05:30,-0.9657504922747473,-0.9982742703245872,1.9490024001371828
2025-03-06 15:20:00+05:30,-0.997989418478994,-0.976789277038193,1.3823090141019536
2025-03-06 15:25:00+05:30,-0.9755204420921929,-0.9572570314492305,0.6936038794995177
2025-03-07 09:15:00+05:30,-1.2246541624370553,-1.0139010205186865,-0.8841569743169716
2025-03-07 09:20:00+05:30,-1.0175293181138851,-1.0236671433131677,-0.008577217044056645
2025-03-07 09:25:00+05:30,-1.0214387291858562,-1.0226895773107905,-0.3964175357701365
2025-03-07 09:30:00+05:30,-1.0360936539120245,-0.9748365293407613,-0.4334560320042579
2025-03-07 09:35:00+05:30,-0.9667260561114991,-1.0539430776989887,-0.35411293237783376
2025-03-07 09:40:00+05:30,-1.0673570162795196,-1.0617540684887155,-0.43372592784192393
2025-03-07 09:45:00+05:30,-1.0497706295597866,-0.9914384612299149,-0.5454941878725967
2025-03-07 09:50:00+05:30,-0.9911509306551131,-0.9699534679435207,-0.37884292308490686
2025-03-07 09:55:00+05:30,-0.9735645439353801,-0.9064736697793924,-0.2628567560097789
2025-03-07 10:00:00+05:30,-0.9061528442916673,-0.9435854132598858,-0.276370377835243
2025-03-07 10:05:00+05:30,-0.9432791306462915,-0.914287044876442,-0.4675696105557661
2025-03-07 10:10:00+05:30,-0.9139692811939548,-0.8898717378902389,-0.6052918075340905
2025-03-07 10:15:00+05:30,-0.8885664575719344,-0.8439714376176415,-0.27844794812053264
2025-03-07 10:20:00+05:30,-0.8446016833934292,-0.8429938716152642,-0.3606845821926321
2025-03-07 10:25:00+05:30,-0.8328782206608255,-0.8127179372294431,-0.47575435874917305
2025-03-07 10:30:00+05:30,-0.8123603719475279,-0.830297435120974,-0.5098616606532937
2025-03-07 10:35:00+05:30,-0.8289711948305091,-0.8410411239178325,-0.15288989377934217
2025-03-07 10:40:00+05:30,-0.8406946575631129,-0.8957299809825339,-0.3813724119821024
2025-03-07 10:45:00+05:30,-0.8875908937351826,-0.8049069464397164,-0.050103516160299205
2025-03-07 10:50:00+05:30,-0.8045463202868951,-0.8263919397261106,-0.149243161647157
2025-03-07 10:55:00+05:30,-0.8250617837585381,-0.869361926298899,-0.6382379296715085
2025-03-07 11:00:00+05:30,-0.8641415830283204,-0.8527599944097455,-0.6503832423664797
2025-03-07 11:05:00+05:30,-0.8504646073805585,-0.8732698060010853,-0.5213730319621191
2025-03-07 11:10:00+05:30,-0.8729359690090143,-0.8381108102180236,-0.5721824925645954
2025-03-07 11:15:00+05:30,-0.8387411446479547,-0.8674091786014674,-0.46616364154094775
2025-03-07 11:20:00+05:30,-0.867073045021885,-0.8976851129872884,-0.6915580492290176
2025-03-07 11:25:00+05:30,-0.8973608435526282,-0.9474909086547492,-0.43476785130826257
2025-03-07 11:30:00+05:30,-0.9520711313853307,-0.9465157269596948,-0.615240293643408
2025-03-07 11:35:00+05:30,-0.9452326435614498,-0.9621400928464711,-0.47764362961283524
2025-03-07 11:40:00+05:30,-0.9618410812027762,-0.979719590738002,-0.5809384156702724
2025-03-07 11:45:00+05:30,-0.9794274679225092,-1.027572638708031,-0.5240908202809421
2025-03-07 11:50:00+05:30,-1.0175293181138851,-1.0295277707127855,-0.414519386835923
2025-03-07 11:55:00+05:30,-1.0272992679313309,-1.0060876454216368,-0.6339635328005652
2025-03-07 12:00:00+05:30,-1.0116687793684107,-1.021714395615736,-0.6862417288917357
2025-03-07 12:05:00+05:30,-1.0136222922835687,-0.9787420247356247,-0.7398129143447482
2025-03-07 12:10:00+05:30,-0.9813809808376674,-0.9504212223545582,-0.6647379349418797
2025-03-07 12:15:00+05:30,-0.9628190302811827,-0.968000720246089,-0.6289987047169878
2025-03-07 12:20:00+05:30,-0.9735645439353801,-0.9758140953431386,-0.31260546320375393
2025-03-07 12:25:00+05:30,-0.9764960059289447,-0.976789277038193,-0.5735068651633752
2025-03-07 12:30:00+05:30,-0.977473955007351,-0.968000720246089,-0.5126861519777056
2025-03-07 12:35:00+05:30,-0.9677040051899055,-0.9806971567403792,-0.5245552921876232
2025-03-07 12:40:00+05:30,-0.9735645439353801,-0.9806971567403792,-0.7835172101044816
2025-03-07 12:45:00+05:30,-0.9852903919096384,-1.021714395615736,-0.7596596733842824
2025-03-07 12:50:00+05:30,-1.0214387291858562,-1.0197616479183043,-0.7751943756685479
2025-03-07 12:55:00+05:30,-1.019485216270698,-1.0080403931190685,-0.6444204273482768
2025-03-07 13:00:00+05:30,-1.008737317374846,-1.0090179591214457,-0.6856956605690161
2025-03-07 13:05:00+05:30,-1.002874393387717,-1.0021821500267734,-0.6315595768511212
2025-03-07 13:10:00+05:30,-1.002874393387717,-1.004134897724205,-0.5986887744823542
2025-03-07 13:15:00+05:30,-0.9989673675574005,-0.9699534679435207,-0.6696964863780696
2025-03-07 13:20:00+05:30,-0.9647725431963409,-0.9748365293407613,-0.6947026495701962
2025-03-07 13:25:00+05:30,-0.9667260561114991,-0.9748365293407613,-0.6185669167588265
2025-03-07 13:30:00+05:30,-0.9716110310202218,-0.9865553998326743,-0.6586182037389873
2025-03-07 13:35:00+05:30,-0.9921288797335195,-0.9972990886295328,-0.657406810793184
2025-03-07 13:40:00+05:30,-0.9970138546422422,-0.9846026521352426,-0.5776745590287297
2025-03-07 13:45:00+05:30,-0.995060341727084,-0.9689759019411434,-0.6595471475523494
2025-03-07 13:50:00+05:30,-0.9843124428312321,-1.0119482728212548,-0.5571373687765614
2025-03-07 13:55:00+05:30,-1.0048302915445295,-0.9943687749297239,-0.5601564361699883
2025-03-07 14:00:00+05:30,-0.9970138546422422,-0.9992518363269645,-0.6027999785212205
2025-03-07 14:05:00+05:30,-0.9960359055638358,-0.9972990886295328,-0.6254084624112909
2025-03-07 14:10:00+05:30,-0.9989673675574005,-0.9894857135324832,-0.6205315073911396
2025-03-07 14:15:00+05:30,-0.9882194686615484,-0.9650704065462801,-0.6135707054383112
2025-03-07 14:20:00+05:30,-0.9657504922747473,-0.9777668430405703,-0.6024296563253532
2025-03-07 14:25:00+05:30,-0.9784495188441028,-0.9826499044378109,-0.6079468293790378
2025-03-07 14:30:00+05:30,-0.9823589299160739,-0.9689759019411434,-0.5887026284887112
2025-03-07 14:35:00+05:30,-0.9686795690266572,-1.0021821500267734,-0.5109537972987329
2025-03-07 14:40:00+05:30,-1.0009208804725587,-0.9738589633383841,-0.4053805882396036
2025-03-07 14:45:00+05:30,-0.9725889800986283,-0.970931033945898,-0.47963960348208634
2025-03-07 14:50:00+05:30,-0.9696575181050636,-0.9826499044378109,-0.439431400317236
2025-03-07 14:55:00+05:30,-0.9823589299160739,-0.9553042837517988,-0.3461792500799301
2025-03-07 15:00:00+05:30,-0.9413256177311333,-1.0207368296133588,0.9733415002692727
2025-03-07 15:05:00+05:30,-1.0185072671922917,-1.0324557001052717,2.1531252498287374
2025-03-07 15:10:00+05:30,-1.0312086790033017,-1.0197616479183043,0.9543295353322867
2025-03-07 15:15:00+05:30,-1.019485216270698,-1.018784081915927,1.751583009855566
2025-03-07 15:20:00+05:30,-1.0185072671922917,-1.0392938935072669,0.7154779956452411
2025-03-07 15:25:00+05:30,-1.040000679742341,-1.0431993889021303,0.5741404497716693
2025-03-10 09:15:00+05:30,-1.068334965357926,-0.9474909086547492,-0.8841569743169716
2025-03-10 09:20:00+05:30,-0.9403476686527269,-0.968000720246089,-0.10290895063202664
2025-03-10 09:25:00+05:30,-0.9657504922747473,-0.9748365293407613,-0.5532144641593226
2025-03-10 09:30:00+05:30,-0.9745424930137865,-1.0314805184102172,-0.44366186065646623
2025-03-10 09:35:00+05:30,-1.0341401409968665,-1.0207368296133588,-0.5801977712785377
2025-03-10 09:40:00+05:30,-1.0185072671922917,-0.9455381609573175,-0.5032900108384953
2025-03-10 09:45:00+05:30,-0.9452326435614498,-1.012923454516309,-0.5388095584048219
2025-03-10 09:50:00+05:30,-1.0136222922835687,-1.009995525123823,-0.6079907659107509
2025-03-10 09:55:00+05:30,-1.0136222922835687,-1.0236671433131677,-0.6030447677693361
2025-03-10 10:00:00+05:30,-1.0233922421010144,-1.0627316344910926,-0.43946906020156146
2025-03-10 10:05:00+05:30,-1.0624720413707966,-1.015853768216118,-0.3692019926975809
2025-03-10 10:10:00+05:30,-1.015575805198727,-1.0207368296133588,-0.5293067142600227
2025-03-10 10:15:00+05:30,-1.0204607801074497,-1.0314805184102172,-0.38495637764041174
2025-03-10 10:20:00+05:30,-1.0292551660881435,-1.0392938935072669,-0.4419043993879433
2025-03-10 10:25:00+05:30,-1.0390251159055892,-1.06370920049347,-0.5863112258340425
2025-03-10 10:30:00+05:30,-1.0634499904492032,-1.0568710070914749,-0.4892240440429241
2025-03-10 10:35:00+05:30,-1.0595405793772321,-1.0422218228997528,-0.5192389718503412
2025-03-10 10:40:00+05:30,-1.0429321417359056,-1.06370920049347,-0.38261518816484363
2025-03-10 10:45:00+05:30,-1.0634499904492032,-1.081286314077678,-0.5195653575144955
2025-03-10 10:50:00+05:30,-1.0810339919272816,-1.0959354982693998,-0.423438502773677
2025-03-10 10:55:00+05:30,-1.0956889166534498,-1.1017961256690179,0.04373863893143939
2025-03-10 11:00:00+05:30,-1.101551840640579,-1.117422875863117,-0.5962722652381351
2025-03-10 11:05:00+05:30,-1.1171847144451539,-1.1242586849577894,-0.547082179661655
2025-03-10 11:10:00+05:30,-1.1240232022690348,-1.1008185596666404,-0.4689128130967087
2025-03-10 11:15:00+05:30,-1.1005738915621726,-1.1047264393688268,-0.6583734144908716
2025-03-10 11:20:00+05:30,-1.1044833026341436,-1.1135149961609307,-0.4163082313413839
2025-03-10 11:25:00+05:30,-1.1132753033731828,-1.1066791870662585,-0.56238464599258
2025-03-10 11:30:00+05:30,-1.1064368155493018,-1.0764032526804372,-0.5362361329759133
2025-03-10 11:35:00+05:30,-1.0741955041034006,-1.0461297026019392,-0.43476157466087495
2025-03-10 11:40:00+05:30,-1.0448856546510636,-1.0344108321100263,-0.6376416481696882
2025-03-10 11:45:00+05:30,-1.0341401409968665,-1.0402690752023211,-0.6995231147638592
2025-03-10 11:50:00+05:30,-1.0380471668271827,-1.0344108321100263,-0.5469127101821902
2025-03-10 11:55:00+05:30,-1.0341401409968665,-1.0451521365995617,-0.6352125856306939
2025-03-10 12:00:00+05:30,-1.0448856546510636,-1.0510127639991798,-0.6001135734393354
2025-03-10 12:05:00+05:30,-1.050748578638193,-1.0226895773107905,-0.65500285484374
2025-03-10 12:10:00+05:30,-1.022414293022608,-1.0051124637265825,-0.5549782020752332
2025-03-10 12:15:00+05:30,-1.0038523424661232,-1.0295277707127855,-0.6389346375315301
2025-03-10 12:20:00+05:30,-1.0302307299248954,-0.9846026521352426,-0.574486022155838
2025-03-10 12:25:00+05:30,-0.9852903919096384,-0.9914384612299149,-0.27978487401408764
2025-03-10 12:30:00+05:30,-0.9921288797335195,-0.9533515360543671,-0.44565783452571733
2025-03-10 12:35:00+05:30,-0.9530490804637372,-0.9582345974516077,-0.5619892172071622
2025-03-10 12:40:00+05:30,-0.9579340553724599,-0.9670231542437117,-0.49678740414496037
2025-03-10 12:45:00+05:30,-0.9677040051899055,-0.9406550995600769,-0.5530198880903076
2025-03-10 12:50:00+05:30,-0.9403476686527269,-0.9064736697793924,-0.42640108034061575
2025-03-10 12:55:00+05:30,-0.9061528442916673,-0.8918244855876705,-0.5671046848280415
2025-03-10 13:00:00+05:30,-0.891497919565499,-0.8625261172042267,-0.40681166384397227
2025-03-10 13:05:00+05:30,-0.8612101210347558,-0.8615485512018495,-0.3621658709761015
2025-03-10 13:10:00+05:30,-0.8612101210347558,-0.8566654898046088,-0.6319863888734768
2025-03-10 13:15:00+05:30,-0.856325146126033,-0.8517824284073682,-0.5284091536835985
2025-03-10 13:20:00+05:30,-0.8514401712173102,-0.8498296807099365,-0.502844368873977
2025-03-10 13:25:00+05:30,-0.8485110944654003,-0.8488544990148821,-0.47938226093919545
2025-03-10 13:30:00+05:30,-0.8446016833934292,-0.8703394923012763,-0.398677128829666
2025-03-10 13:35:00+05:30,-0.8700045070154496,-0.8576430558069861,-0.259762368847701
2025-03-10 13:40:00+05:30,-0.8582810442828459,-0.8595958035044178,-0.4670988620016975
2025-03-10 13:45:00+05:30,-0.8592566081195976,-0.8908469195852933,-0.2166166947054623
2025-03-10 13:50:00+05:30,-0.8895444066503408,-0.8595958035044178,-0.4386593726885634
2025-03-10 13:55:00+05:30,-0.8592566081195976,-0.8283446874235423,-0.292633171216468
2025-03-10 14:00:00+05:30,-0.8279932457521026,-0.8527599944097455,-0.38012963579936115
2025-03-10 14:05:00+05:30,-0.8524181202957166,-0.8351804965182146,-0.43449167882320894
2025-03-10 14:10:00+05:30,-0.8387411446479547,-0.8176009986266837,-0.35212951180335783
2025-03-10 14:15:00+05:30,-0.8182232959346571,-0.8918244855876705,-0.18431706724896527
2025-03-10 14:20:00+05:30,-0.8983364073893799,-0.9972990886295328,0.1356852465121282
2025-03-10 14:25:00+05:30,-0.9989673675574005,-1.066637129885956,0.12781433068810039
2025-03-10 14:30:00+05:30,-1.0771269660969651,-1.0207368296133588,-0.26278143624112793
2025-03-10 14:35:00+05:30,-1.0214387291858562,-1.0178065159135496,-0.20997600176940054
2025-03-10 14:40:00+05:30,-1.0175293181138851,-1.0744505049830058,-0.11148285096346366
2025-03-10 14:45:00+05:30,-1.075173453181807,-1.117422875863117,0.4558381998105237
2025-03-10 14:50:00+05:30,-1.1181602782819056,-1.0549182593940432,0.4616189920544867
2025-03-10 14:55:00+05:30,-1.0527020915533511,-1.111562248463499,0.092922447860532
2025-03-10 15:00:00+05:30,-1.1093682775428664,-1.0676146958883332,1.2987856673153997
2025-03-10 15:05:00+05:30,-1.0673570162795196,-1.0500351979968026,1.1387437122268338
2025-03-10 15:10:00+05:30,-1.0497706295597866,-1.0392938935072669,1.1227257080937245
2025-03-10 15:15:00+05:30,-1.0370692177487764,-1.0588261390962292,1.3980571223973968
2025-03-10 15:20:00+05:30,-1.0605185284556384,-1.0412466412046986,1.6191394733301978
2025-03-10 15:25:00+05:30,-1.0409786288207474,-1.0295277707127855,0.9978580849651679
2025-03-11 09:15:00+05:30,-1.1494236406494005,-1.2150841038079296,-0.8841569743169716
2025-03-11 09:20:00+05:30,-1.2090212886324805,-1.3674341888174437,1.1223302793083068
2025-03-11 09:25:00+05:30,-1.3809733595161846,-1.2951658338612115,0.29702646760992374
2025-03-11 09:30:00+05:30,-1.3047672738917782,-1.2707505268750083,0.20513634985572313
2025-03-11 09:35:00+05:30,-1.2686189366155605,-1.210201042410689,-0.4364625461029097
2025-03-11 09:40:00+05:30,-1.2080433395540742,-1.2346163493968922,-0.29305998323882354
2025-03-11 09:45:00+05:30,-1.2344241122545008,-1.14183818284932,-0.344603811585647
2025-03-11 09:50:00+05:30,-1.1425851528255195,-1.1096095007660673,-0.0868407333198167
2025-03-11 09:55:00+05:30,-1.1035053535557373,-1.14183818284932,-0.5394183932014174
2025-03-11 10:00:00+05:30,-1.1269546642625994,-1.1428133645443745,-0.5081669658586465
2025-03-11 10:05:00+05:30,-1.1425851528255195,-1.1008185596666404,-0.4391740577743451
2025-03-11 10:10:00+05:30,-1.0976448148102627,-1.072497757285574,-0.3457273314680242
2025-03-11 10:15:00+05:30,-1.0722419911882424,-1.0207368296133588,0.3249136119529506
2025-03-11 10:20:00+05:30,-1.019485216270698,-1.0139010205186865,0.019416630304559108
2025-03-11 10:25:00+05:30,-1.0136222922835687,-1.0236671433131677,-0.11998770817363728
2025-03-11 10:30:00+05:30,-1.0185072671922917,-1.015853768216118,-0.6491969560102266
2025-03-11 10:35:00+05:30,-1.0136222922835687,-1.0080403931190685,-0.6012182633795499
2025-03-11 10:40:00+05:30,-1.0067838044596877,-0.9699534679435207,-0.5416905395557221
2025-03-11 10:45:00+05:30,-0.9667260561114991,-1.0119482728212548,-0.3216814953261975
2025-03-11 10:50:00+05:30,-1.0136222922835687,-0.9972990886295328,-0.6116877112220366
2025-03-11 10:55:00+05:30,-1.0038523424661232,-0.9650704065462801,-0.49733347246768
2025-03-11 11:00:00+05:30,-0.9647725431963409,-0.9865553998326743,-0.1162468263306384
2025-03-11 11:05:00+05:30,-0.9843124428312321,-0.9924160272322922,-0.18257843592260506
2025-03-11 11:10:00+05:30,-0.9940823926486776,-0.9914384612299149,-0.3670239960540899
2025-03-11 11:15:00+05:30,-0.9911509306551131,-1.0422218228997528,-0.33757396651155513
2025-03-11 11:20:00+05:30,-1.0380471668271827,-1.0344108321100263,-0.5807312863064822
2025-03-11 11:25:00+05:30,-1.0341401409968665,-1.0383163275048894,-0.0779090640872875
2025-03-11 11:30:00+05:30,-1.0380471668271827,-1.0431993889021303,-0.23943230795932288
2025-03-11 11:35:00+05:30,-1.0429321417359056,-1.0353860138050806,-0.41905740289714477
2025-03-11 11:40:00+05:30,-1.03316219191846,-1.0480824502993709,-0.3926515473375873
2025-03-11 11:45:00+05:30,-1.0478171166446284,-1.0412466412046986,-0.5518022184971166
2025-03-11 11:50:00+05:30,-1.040000679742341,-1.0500351979968026,-0.43075707362759763
2025-03-11 11:55:00+05:30,-1.0487950657230347,-1.0705450095881424,-0.5796265963662677
2025-03-11 12:00:00+05:30,-1.0702884782730842,-1.111562248463499,-0.3218635181004374
2025-03-11 12:05:00+05:30,-1.1113217904580246,-1.1076567530686356,-0.4715992181785938
2025-03-11 12:10:00+05:30,-1.1064368155493018,-1.1017961256690179,-0.5577273736309941
2025-03-11 12:15:00+05:30,-1.1025297897189854,-1.0822638800800553,-0.2676521146138916
2025-03-11 12:20:00+05:30,-1.0820119410056879,-1.0930075688769139,-0.28304873065563024
2025-03-11 12:25:00+05:30,-1.09275983990154,-1.0822638800800553,-0.24550810263050227
2025-03-11 12:30:00+05:30,-1.0829898900840944,-1.066637129885956,-0.5435860870667718
2025-03-11 12:35:00+05:30,-1.066379067201113,-1.0822638800800553,-0.3976916951898156
2025-03-11 12:40:00+05:30,-1.0820119410056879,-1.0861693754749187,-0.22599400590250981
2025-03-11 12:45:00+05:30,-1.083965453920846,-1.0871469414772958,-0.43048090114254406
2025-03-11 12:50:00+05:30,-1.0849434029992524,-1.0627316344910926,-0.5278568087134913
2025-03-11 12:55:00+05:30,-1.0624720413707966,-1.0480824502993709,-0.46065274513465077
2025-03-11 13:00:00+05:30,-1.0478171166446284,-1.021714395615736,-0.46787716627775766
2025-03-11 13:05:00+05:30,-1.0214387291858562,-1.027572638708031,-0.4222647697121992
2025-03-11 13:10:00+05:30,-1.0282772170097372,-1.0236671433131677,-0.5300473586517574
2025-03-11 13:15:00+05:30,-1.0233922421010144,-1.0207368296133588,-0.3879942749760014
2025-03-11 13:20:00+05:30,-1.0058058553812814,-1.0178065159135496,-0.5261558372714565
2025-03-11 13:25:00+05:30,-1.015575805198727,-1.0168313342184954,-0.5196218473409837
2025-03-11 13:30:00+05:30,-1.015575805198727,-1.0373387615025123,-0.3713297761619712
2025-03-11 13:35:00+05:30,-1.0458636037294702,-1.0344108321100263,-0.36934007894010773
2025-03-11 13:40:00+05:30,-1.0282772170097372,-1.0441769549045075,-0.4295268507396316
2025-03-11 13:45:00+05:30,-1.0409786288207474,-1.0441769549045075,-0.34291539343838745
2025-03-11 13:50:00+05:30,-1.043910090814312,-1.0441769549045075,-0.4457457075891435
2025-03-11 13:55:00+05:30,-1.0390251159055892,-1.0119482728212548,-0.5197285503465726
2025-03-11 14:00:00+05:30,-1.0116687793684107,-1.0119482728212548,-0.38301061695026134
2025-03-11 14:05:00+05:30,-1.0136222922835687,-1.0051124637265825,-0.48173600370953873
2025-03-11 14:10:00+05:30,-1.0048302915445295,-0.9465157269596948,0.004798318538880613
2025-03-11 14:15:00+05:30,-0.9462105926398561,-1.0012045840243962,0.6746735109785704
2025-03-11 14:20:00+05:30,-0.9999453166358069,-0.9953463409321011,0.7009098970586631
2025-03-11 14:25:00+05:30,-0.995060341727084,-1.0851941937798641,1.2560228686638035
2025-03-11 14:30:00+05:30,-1.083965453920846,-1.0920300028745364,0.39909730742678234
2025-03-11 14:35:00+05:30,-1.0917818908231334,-1.1017961256690179,0.44256309058578774
2025-03-11 14:40:00+05:30,-1.101551840640579,-1.1213283712579802,0.3664461877165807
2025-03-11 14:45:00+05:30,-1.125976715184193,-1.1223059372603577,0.4194838581416487
2025-03-11 14:50:00+05:30,-1.1210917402754703,-1.1496491736390468,0.04162340876182425
2025-03-11 14:55:00+05:30,-1.138678126995203,-1.1017961256690179,0.11256835418366369
2025-03-11 15:00:00+05:30,-1.101551840640579,-1.1066791870662585,1.8742977429301817
2025-03-11 15:05:00+05:30,-1.1093682775428664,-1.1135149961609307,1.8831666456888352
2025-03-11 15:10:00+05:30,-1.1142532524515893,-1.0861693754749187,1.1354233657588029
2025-03-11 15:15:00+05:30,-1.0849434029992524,-1.0861693754749187,1.1692544951778698
2025-03-11 15:20:00+05:30,-1.0859189668360043,-1.0715201912831966,1.018294848859135
2025-03-11 15:25:00+05:30,-1.0702884782730842,-1.0920300028745364,0.3943835452387083
2025-03-12 09:15:00+05:30,-0.8739115328457661,-0.6994323433978541,-0.8841569743169716
2025-03-12 09:20:00+05:30,-0.6990303852101519,-0.5861443652589422,0.8150695597440047
2025-03-12 09:25:00+05:30,-0.5788595254072403,-0.6652509136171697,0.344308452380579
2025-03-12 09:30:00+05:30,-0.6716740486729733,-0.6047014291528504,-0.14476163541242346
2025-03-12 09:35:00+05:30,-0.6032843999508543,-0.5441495603812082,-0.018105167778406133
2025-03-12 09:40:00+05:30,-0.5378262132222997,-0.573447928764652,-0.022925632972069114
2025-03-12 09:45:00+05:30,-0.5729966014201111,-0.6027462971480958,-0.12382901637483747
2025-03-12 09:50:00+05:30,-0.6159858117618644,-0.6379052929311575,-0.4469257172980089
2025-03-12 09:55:00+05:30,-0.6355257113967556,-0.6584151045224973,-0.374530866329638
2025-03-12 10:00:00+05:30,-0.657019123946805,-0.7463102096728288,-0.4878871181493691
2025-03-12 10:05:00+05:30,-0.7459266213822217,-0.7101736478873898,-0.4907680993002692
2025-03-12 10:10:00+05:30,-0.7107538479427556,-0.7179870229844394,-0.5525867994205644
2025-03-12 10:15:00+05:30,-0.7175923357666366,-0.6545072248203111,-0.5080037730265694
2025-03-12 10:20:00+05:30,-0.6560411748683985,-0.6193506133445723,-0.23825229825045746
2025-03-12 10:25:00+05:30,-0.6159858117618644,-0.6545072248203111,-0.5408871286901116
2025-03-12 10:30:00+05:30,-0.6589726368619632,-0.6701339750144103,-0.6434852068875271
2025-03-12 10:35:00+05:30,-0.6599505859403696,-0.6857583409011866,-0.580072238330786
2025-03-12 10:40:00+05:30,-0.6853510243207352,-0.6828304115087005,-0.6586621402707004
2025-03-12 10:45:00+05:30,-0.6785125364968543,-0.6584151045224973,-0.6133447461323582
2025-03-12 10:50:00+05:30,-0.6687425866794088,-0.663298165919738,-0.50919633603021
2025-03-12 10:55:00+05:30,-0.6619040988555278,-0.6799000978088916,-0.6582980947222206
2025-03-12 11:00:00+05:30,-0.6873069224775481,-0.7101736478873898,-0.6473265150887273
2025-03-12 11:05:00+05:30,-0.7136853099363203,-0.6574375385201201,-0.5565222573325783
2025-03-12 11:10:00+05:30,-0.657019123946805,-0.6535320431252567,-0.5851249394777895
2025-03-12 11:15:00+05:30,-0.6531120981164886,-0.6535320431252567,-0.6641855899717725
2025-03-12 11:20:00+05:30,-0.6540876619532403,-0.6261864224392446,-0.405374311592216
2025-03-12 11:25:00+05:30,-0.6267313254160618,-0.6330222315339169,-0.34693244776643994
2025-03-12 11:30:00+05:30,-0.6355257113967556,-0.6281391701366763,-0.562353262755642
2025-03-12 11:35:00+05:30,-0.6277092744944682,-0.6535320431252567,-0.5769590212265453
2025-03-12 11:40:00+05:30,-0.6531120981164886,-0.6379052929311575,-0.5281894710250331
2025-03-12 11:45:00+05:30,-0.6374792243119138,-0.6613430339149834,-0.6410812509380831
2025-03-12 11:50:00+05:30,-0.6599505859403696,-0.6623205999173607,-0.6173304172234728
2025-03-12 11:55:00+05:30,-0.6619040988555278,-0.6857583409011866,-0.40386163957180876
2025-03-12 12:00:00+05:30,-0.6765590235816962,-0.6525544771228794,-0.5033967138440842
2025-03-12 12:05:00+05:30,-0.650180636122924,-0.6134899859449544,0.0026830883692654764
2025-03-12 12:10:00+05:30,-0.6179393246770226,-0.6134899859449544,-0.5108722008826944
2025-03-12 12:15:00+05:30,-0.6140322988467063,-0.615442733642386,-0.5376734852276696
2025-03-12 12:20:00+05:30,-0.6140322988467063,-0.6027462971480958,-0.4888035086679561
2025-03-12 12:25:00+05:30,-0.601330887035696,-0.5929801743536146,-0.5161257547461006
2025-03-12 12:30:00+05:30,-0.5915609372182504,-0.5724727470695976,-0.43545200587350896
2025-03-12 12:35:00+05:30,-0.5720210375833593,-0.5587987445729301,-0.26236090086616
2025-03-12 12:40:00+05:30,-0.5583416766939427,-0.5705199993721659,-0.4522483142826784
2025-03-12 12:45:00+05:30,-0.5710430885049529,-0.567589685672357,-0.41168234221673594
2025-03-12 12:50:00+05:30,-0.5690895755897947,-0.5158287580001417,-0.19407097728926773
2025-03-12 12:55:00+05:30,-0.515354851593844,-0.5158287580001417,0.005651942583591766
2025-03-12 13:00:00+05:30,-0.5202398265025668,-0.47969458052202557,-0.14131575599664095
2025-03-12 13:05:00+05:30,-0.47725300140246807,-0.45723202123325407,-0.4072573058084906
2025-03-12 13:10:00+05:30,-0.4567351526891705,-0.4709036394225987,-0.3313789155400117
2025-03-12 13:15:00+05:30,-0.46455158959145787,-0.47774183282459387,-0.4664272607312262
2025-03-12 13:20:00+05:30,-0.47725300140246807,-0.45918476893068577,-0.5307691731013293
2025-03-12 13:25:00+05:30,-0.46455158959145787,-0.45918476893068577,-0.5949165094024175
2025-03-12 13:30:00+05:30,-0.4577131017675769,-0.48164732821945727,-0.2745752566823946
2025-03-12 13:35:00+05:30,-0.480182078154378,-0.502157139810797,-0.3334941457096269
2025-03-12 13:40:00+05:30,-0.4997219777892692,-0.5246173147922457,-0.4134335268378713
2025-03-12 13:45:00+05:30,-0.5241468523328832,-0.5041098875082287,-0.45460833370040926
2025-03-12 13:50:00+05:30,-0.5026534397828338,-0.5343834375867269,-0.5213855852568943
2025-03-12 13:55:00+05:30,-0.532941238313577,-0.5041098875082287,-0.5114684823845147
2025-03-12 14:00:00+05:30,-0.5036313888612403,-0.48653038961669787,-0.4287297165214087
2025-03-12 14:05:00+05:30,-0.48604500214150725,-0.4503962121385818,-0.3921870754309062
2025-03-12 14:10:00+05:30,-0.4508722287020413,-0.4757867008198393,-0.409429025804594
2025-03-12 14:15:00+05:30,-0.47627505232406164,-0.502157139810797,-0.2803748788685203
2025-03-12 14:20:00+05:30,-0.501677875946082,-0.5099681306005238,-0.07228518802801402
2025-03-12 14:25:00+05:30,-0.5094919276067148,-0.5089929489054694,-0.15519970001797234
2025-03-12 14:30:00+05:30,-0.5094919276067148,-0.5607538765776847,0.5429078523710613
2025-03-12 14:35:00+05:30,-0.5593196257723492,-0.6398580406285892,0.5107400345097035
2025-03-12 14:40:00+05:30,-0.6374792243119138,-0.6701339750144103,0.5273982566763462
2025-03-12 14:45:00+05:30,-0.6638576117706859,-0.6681812273169786,0.24270836111778904
2025-03-12 14:50:00+05:30,-0.667767022842657,-0.6359525452337259,0.3338766644224177
2025-03-12 14:55:00+05:30,-0.6355257113967556,-0.6261864224392446,0.10764746263179939
2025-03-12 15:00:00+05:30,-0.6247778125009036,-0.5920049926585601,1.7762565107361508
2025-03-12 15:05:00+05:30,-0.5925365010550022,-0.6037238631504731,2.02530132578063
2025-03-12 15:10:00+05:30,-0.6032843999508543,-0.5910274266561829,2.0813894468360625
2025-03-12 15:15:00+05:30,-0.5905829881398441,-0.6115372382475227,1.7036921902883153
2025-03-12 15:20:00+05:30,-0.6130543497682999,-0.5392664989839676,2.6668813917970997
2025-03-12 15:25:00+05:30,-0.5417332390526162,-0.5910274266561829,1.0938154702265217
2025-03-13 09:15:00+05:30,-0.4948370028805464,-0.4709036394225987,-0.8841569743169716
2025-03-13 09:20:00+05:30,-0.46845861542177425,-0.5158287580001417,-0.04082035467406542
2025-03-13 09:25:00+05:30,-0.515354851593844,-0.47871701451964827,-0.24842046701834034
2025-03-13 09:30:00+05:30,-0.47725300140246807,-0.4337942802494282,-0.3165597510579306
2025-03-13 09:35:00+05:30,-0.43328822722396293,-0.4328167142470509,-0.25243124469900524
2025-03-13 09:40:00+05:30,-0.43817320213268574,-0.4845776419192662,-0.5091712294406596
2025-03-13 09:45:00+05:30,-0.48116002723278445,-0.5070402012080377,-0.47320603990981475
2025-03-13 09:50:00+05:30,-0.5065628508548048,-0.49629651241117917,-0.6611037561044697
2025-03-13 09:55:00+05:30,-0.4958149519589528,-0.48164732821945727,-0.5800220251516853
2025-03-13 10:00:00+05:30,-0.47920651431762623,-0.48164732821945727,-0.32761292710746254
2025-03-13 10:05:00+05:30,-0.48604500214150725,-0.46406783032792637,-0.6579717090580663
2025-03-13 10:10:00+05:30,-0.46357364051305144,-0.45137139383363617,-0.5392928602536657
2025-03-13 10:15:00+05:30,-0.4547816397740123,-0.4279336528498103,-0.4593032659463206
2025-03-13 10:20:00+05:30,-0.4313323290671501,-0.4621150826304947,-0.03809628970785483
2025-03-13 10:25:00+05:30,-0.45185017778044767,-0.4289112188521875,-0.2824022359747093
2025-03-13 10:30:00+05:30,-0.4313323290671501,-0.43867734164666883,-0.38620543047054057
2025-03-13 10:35:00+05:30,-0.4498966648652895,-0.43867734164666883,-0.3637224795282218
2025-03-13 10:40:00+05:30,-0.44305817704140854,-0.4250033391500013,-0.606095218399701
2025-03-13 10:45:00+05:30,-0.4244938412432691,-0.4201202777527607,-0.6583169246643833
2025-03-13 10:50:00+05:30,-0.41863330249779457,-0.4376997756442915,-0.39196111612495327
2025-03-13 10:55:00+05:30,-0.4371952530542793,-0.4357470279468599,-0.11667363835299398
2025-03-13 11:00:00+05:30,-0.43524174013912115,-0.4376997756442915,-0.3272049450272697
2025-03-13 11:05:00+05:30,-0.4391487659694375,-0.4337942802494282,-0.5888972045577263
2025-03-13 11:10:00+05:30,-0.43524174013912115,-0.421097843755138,-0.4333304990565063
2025-03-13 11:15:00+05:30,-0.41863330249779457,-0.4230505914525696,-0.6650266607217085
2025-03-13 11:20:00+05:30,-0.4235182774065174,-0.4533265258383907,-0.5755404989169518
2025-03-13 11:25:00+05:30,-0.4547816397740123,-0.4562544552308768,-0.5262311570401076
2025-03-13 11:30:00+05:30,-0.4528281268588541,-0.45137139383363617,-0.3063978589374353
2025-03-13 11:35:00+05:30,-0.4498966648652895,-0.46602057802535807,-0.13786359993347083
2025-03-13 11:40:00+05:30,-0.47139007741533884,-0.45527927353582237,-0.1266848909361873
2025-03-13 11:45:00+05:30,-0.4538036906956059,-0.45723202123325407,-0.11030911790198583
2025-03-13 11:50:00+05:30,-0.45575720361076405,-0.4709036394225987,0.8784009318847072
2025-03-13 11:55:00+05:30,-0.4743215394089035,-0.45527927353582237,-0.3458152045314503
2025-03-13 12:00:00+05:30,-0.4547816397740123,-0.5050850692032831,-0.600659641762055
2025-03-13 12:05:00+05:30,-0.5046069526979919,-0.5509877537832034,-0.284404486491348
2025-03-13 12:10:00+05:30,-0.5515031888700618,-0.5597763105753074,-0.4680717423467727
2025-03-13 12:15:00+05:30,-0.5602975748507555,-0.5373137512865359,-0.4375735126905117
2025-03-13 12:20:00+05:30,-0.5466182139613389,-0.5744254947670293,-0.5002270069133553
2025-03-13 12:25:00+05:30,-0.5651825497594783,-0.5587987445729301,-0.5284154303309861
2025-03-13 12:30:00+05:30,-0.5593196257723492,-0.5841916175615106,-0.3063350924635595
2025-03-13 12:35:00+05:30,-0.583744500315963,-0.567589685672357,-0.3583622226592268
2025-03-13 12:40:00+05:30,-0.5788595254072403,-0.5656369379749253,-0.5485320852081864
2025-03-13 12:45:00+05:30,-0.5739745504985175,-0.5783309901618926,-0.5187744999436601
2025-03-13 12:50:00+05:30,-0.5739745504985175,-0.5900522449611285,-0.6118885639384393
2025-03-13 12:55:00+05:30,-0.5944923992118151,-0.5920049926585601,-0.5527750988421919
2025-03-13 13:00:00+05:30,-0.5935144501334086,-0.606654176850282,-0.5574951376776536
2025-03-13 13:05:00+05:30,-0.6062158619444189,-0.6535320431252567,-0.5632068868003531
2025-03-13 13:10:00+05:30,-0.6540876619532403,-0.6330222315339169,-0.6316160666776095
2025-03-13 13:15:00+05:30,-0.6335721984815974,-0.6662260953122241,-0.4839767668269055
2025-03-13 13:20:00+05:30,-0.6658111246858441,-0.6330222315339169,-0.3444782786378954
2025-03-13 13:25:00+05:30,-0.6404106863054784,-0.6525544771228794,-0.4688312166806701
2025-03-13 13:30:00+05:30,-0.657019123946805,-0.6447411020258299,-0.37863579372111666
2025-03-13 13:35:00+05:30,-0.6423641992206366,-0.6525544771228794,-0.6518268712656236
2025-03-13 13:40:00+05:30,-0.6521341490380822,-0.660367852219929,-0.6890787735109227
2025-03-13 13:45:00+05:30,-0.6609261497771214,-0.6437659203307754,-0.6576202168043618
2025-03-13 13:50:00+05:30,-0.643342148299043,-0.6281391701366763,-0.5967367371448162
2025-03-13 13:55:00+05:30,-0.6277092744944682,-0.6584151045224973,-0.500622435698773
2025-03-13 14:00:00+05:30,-0.6589726368619632,-0.6769697841090826,-0.4024242873200525
2025-03-13 14:05:00+05:30,-0.6785125364968543,-0.7082209001899581,-0.42182540439506844
2025-03-13 14:10:00+05:30,-0.7078223859491911,-0.7150567092846304,-0.4044641977210166
2025-03-13 14:15:00+05:30,-0.7107538479427556,-0.734588954873593,-0.2547912641167361
2025-03-13 14:20:00+05:30,-0.7263867217473304,-0.7082209001899581,-0.1932738430710448
2025-03-13 14:25:00+05:30,-0.7088003350275975,-0.714081527589576,-0.07163241669970549
2025-03-13 14:30:00+05:30,-0.7107538479427556,-0.75607633246731,0.08894305341680502
2025-03-13 14:35:00+05:30,-0.7596035970299836,-0.7707255166590319,0.37421667718240725
2025-03-13 14:40:00+05:30,-0.7683955977690228,-0.7843971348483766,0.772689636583051
2025-03-13 14:45:00+05:30,-0.7840284715735976,-0.7795140734511359,0.33730999054342503
2025-03-13 14:50:00+05:30,-0.7781655475864684,-0.7717006983540864,-0.0501411760446247
2025-03-13 14:55:00+05:30,-0.7625350590235482,-0.7717006983540864,-0.07022017103749954
2025-03-13 15:00:00+05:30,-0.7703514959258356,-0.6701339750144103,0.6166207992908244
2025-03-13 15:05:00+05:30,-0.6775369726601026,-0.6779473501114599,0.4374099630805829
2025-03-13 15:10:00+05:30,-0.6765590235816962,-0.6584151045224973,0.5241030167978656
2025-03-13 15:15:00+05:30,-0.6619040988555278,-0.6496241634230705,0.7846215432668444
2025-03-13 15:20:00+05:30,-0.6492026870445176,-0.6779473501114599,0.8130484792852033
2025-03-13 15:25:00+05:30,-0.6765590235816962,-0.6799000978088916,0.4735508987382801
2025-03-17 09:15:00+05:30,-0.6247778125009036,-0.4992268261109881,-0.8841569743169716
2025-03-17 09:20:00+05:30,-0.48897646413507184,-0.609584490550091,1.299036733210903
2025-03-17 09:25:00+05:30,-0.6062158619444189,-0.5744254947670293,-0.12773309104991348
2025-03-17 09:30:00+05:30,-0.5720210375833593,-0.46602057802535807,0.9243146075248696
2025-03-17 09:35:00+05:30,-0.46552715342820966,-0.3898467276742625,0.4696468240632041
2025-03-17 09:40:00+05:30,-0.3834605290583286,-0.41816753005532903,-0.17302537859870526
2025-03-17 09:45:00+05:30,-0.41765535341938814,-0.4318391482446736,-0.3872285239947164
2025-03-17 09:50:00+05:30,-0.4323102781455565,-0.4250033391500013,-0.19925548803141047
2025-03-17 09:55:00+05:30,-0.4244938412432691,-0.4328167142470509,0.19958779356510065
2025-03-17 10:00:00+05:30,-0.4323102781455565,-0.4464883324363955,-0.0209422123975932
2025-03-17 10:05:00+05:30,-0.4420802279630021,-0.4132844686580884,-0.24109561951703212
2025-03-17 10:10:00+05:30,-0.41277037851066534,-0.4464883324363955,-0.5651714774326664
2025-03-17 10:15:00+05:30,-0.4469652028717249,-0.4357470279468599,-0.5218186739266374
2025-03-17 10:20:00+05:30,-0.4371952530542793,-0.4484434644411501,-0.4385840529199124
2025-03-17 10:25:00+05:30,-0.4479431519501313,-0.45723202123325407,-0.4813845114558341
2025-03-17 10:30:00+05:30,-0.4567351526891705,-0.51387601030271,-0.4970008101561382
2025-03-17 10:35:00+05:30,-0.5134013386786858,-0.5295003761894863,-0.6057248962038337
2025-03-17 10:40:00+05:30,-0.5300097763200123,-0.5187590716999506,-0.38942535058037014
2025-03-17 10:45:00+05:30,-0.5173083645090022,-0.5431743786861538,-0.6040741379408996
2025-03-17 10:50:00+05:30,-0.5427111881310226,-0.5382913172889132,-0.54421375180553
2025-03-17 10:55:00+05:30,-0.5300097763200123,-0.5373137512865359,-0.6008918777153955
2025-03-17 11:00:00+05:30,-0.5358727003071416,-0.5578235628778757,-0.5608343140878472
2025-03-17 11:05:00+05:30,-0.5583416766939427,-0.5529405014806351,-0.5384706194458925
2025-03-17 11:10:00+05:30,-0.5524811379484681,-0.5089929489054694,-0.5349180370245211
2025-03-17 11:15:00+05:30,-0.5075384146915566,-0.5353610035891042,-0.3931474024812063
2025-03-17 11:20:00+05:30,-0.5348947512287352,-0.5343834375867269,-0.6238706838013333
2025-03-17 11:25:00+05:30,-0.5339168021503288,-0.5343834375867269,-0.6433973338241009
2025-03-17 11:30:00+05:30,-0.5339168021503288,-0.5539156831756895,-0.6143176264774335
2025-03-17 11:35:00+05:30,-0.5544346508636263,-0.5304779421918636,-0.568014798699241
2025-03-17 11:40:00+05:30,-0.532941238313577,-0.5461046923859628,-0.6010174106631472
2025-03-17 11:45:00+05:30,-0.5446647010461807,-0.5451271263835855,-0.640001667587419
2025-03-17 11:50:00+05:30,-0.5436867519677743,-0.576378242464461,-0.41363437955427396
2025-03-17 11:55:00+05:30,-0.5759280634136756,-0.5548932491780667,-0.5555556536348907
2025-03-17 12:00:00+05:30,-0.5544346508636263,-0.5793085561642699,-0.5092026126775976
2025-03-17 12:05:00+05:30,-0.5798374744856467,-0.567589685672357,-0.5564281076217646
2025-03-17 12:10:00+05:30,-0.5690895755897947,-0.5744254947670293,-0.5862484593601667
2025-03-17 12:15:00+05:30,-0.574952499576924,-0.5724727470695976,-0.5499255009282297
2025-03-17 12:20:00+05:30,-0.5720210375833593,-0.5968880540558008,-0.5830097093081744
2025-03-17 12:25:00+05:30,-0.5974214759637251,-0.5744254947670293,-0.34169772384519653
2025-03-17 12:30:00+05:30,-0.5739745504985175,-0.6310694838364852,-0.48681381144609254
2025-03-17 12:35:00+05:30,-0.6296627874096264,-0.6349749792313486,-0.4499385080440483
2025-03-17 12:40:00+05:30,-0.6345477623183492,-0.6291167361390535,-0.5862107994758412
2025-03-17 12:45:00+05:30,-0.6286872235728747,-0.6330222315339169,-0.6116563279850987
2025-03-17 12:50:00+05:30,-0.6355257113967556,-0.6339997975362942,-0.5642613635614669
2025-03-17 12:55:00+05:30,-0.6335721984815974,-0.6222785427370584,-0.6012057100847746
2025-03-17 13:00:00+05:30,-0.6228242995857454,-0.6222785427370584,-0.5700609857475927
2025-03-17 13:05:00+05:30,-0.6228242995857454,-0.6291167361390535,-0.5544509636946763
2025-03-17 13:10:00+05:30,-0.6277092744944682,-0.6144675519473316,-0.22831636543591516
2025-03-17 13:15:00+05:30,-0.615007862683458,-0.5998183677556097,-0.37207669720109343
2025-03-17 13:20:00+05:30,-0.6003529379572896,-0.5988408017532325,-0.5620708136232009
2025-03-17 13:25:00+05:30,-0.5993773741205379,-0.5998183677556097,-0.3617704421906838
2025-03-17 13:30:00+05:30,-0.6023064508724478,-0.6486489817280161,-0.5425065037161078
2025-03-17 13:35:00+05:30,-0.6472491741293593,-0.6711091567094647,-0.5419353288038378
2025-03-17 13:40:00+05:30,-0.6716740486729733,-0.6408356066309665,-0.5235949651373232
2025-03-17 13:45:00+05:30,-0.6404106863054784,-0.6886886546009956,0.10657415592852287
2025-03-17 13:50:00+05:30,-0.6824219475688253,-0.6867359069035639,-0.0018423743971811512
2025-03-17 13:55:00+05:30,-0.6853510243207352,-0.6291167361390535,-0.013667578075385654
2025-03-17 14:00:00+05:30,-0.6286872235728747,-0.6515769111205022,-0.2793015721652438
2025-03-17 14:05:00+05:30,-0.6511561999596758,-0.5910274266561829,-0.32488258549386434
2025-03-17 14:10:00+05:30,-0.5905829881398441,-0.6027462971480958,-0.5058320530304661
2025-03-17 14:15:00+05:30,-0.6032843999508543,-0.609584490550091,1.3465132940505733
2025-03-17 14:20:00+05:30,-0.6101228877747352,-0.6203257950396267,-0.4991788067996291
2025-03-17 14:25:00+05:30,-0.618917273755429,-0.6466938497232615,-0.009750950105534482
2025-03-17 14:30:00+05:30,-0.6462712250509529,-0.6437659203307754,-0.4046022839635434
2025-03-17 14:35:00+05:30,-0.6413862501422302,-0.6789225318065143,-0.4120777710021536
2025-03-17 14:40:00+05:30,-0.6755810745032897,-0.6828304115087005,-0.12554881775903495
2025-03-17 14:45:00+05:30,-0.6824219475688253,-0.6613430339149834,-0.20335413877550151
2025-03-17 14:50:00+05:30,-0.6599505859403696,-0.6447411020258299,-0.30823063997460926
2025-03-17 14:55:00+05:30,-0.6452956612142012,-0.6437659203307754,-0.46613225830400984
2025-03-17 15:00:00+05:30,-0.643342148299043,-0.6457186680282071,0.8346087630615475
2025-03-17 15:05:00+05:30,-0.6452956612142012,-0.6056766108479048,0.8173668126878597
2025-03-17 15:10:00+05:30,-0.6062158619444189,-0.5812613038617016,1.1366912485310945
2025-03-17 15:15:00+05:30,-0.5798374744856467,-0.5832140515591333,0.9424792250645319
2025-03-17 15:20:00+05:30,-0.583744500315963,-0.5929801743536146,0.7905090385163963
2025-03-17 15:25:00+05:30,-0.5925365010550022,-0.6047014291528504,0.5839445729910725
2025-03-18 09:15:00+05:30,-0.32972580506237786,-0.4650453963303037,-0.8841569743169716
2025-03-18 09:20:00+05:30,-0.4567351526891705,-0.45137139383363617,0.2856155226592996
2025-03-18 09:25:00+05:30,-0.4508722287020413,-0.4904358850115612,0.046519193724138215
2025-03-18 09:30:00+05:30,-0.49190792612863643,-0.4699284577275443,-0.09421579400022556
2025-03-18 09:35:00+05:30,-0.4694365645001807,-0.3830085342722673,-0.3036675173238372
2025-03-18 09:40:00+05:30,-0.3756440921560412,-0.30585711791879444,0.12188289890683539
2025-03-18 09:45:00+05:30,-0.30530093051876395,-0.31660080671565294,3.142218175106073
2025-03-18 09:50:00+05:30,-0.3170243932513677,-0.34003854769947883,-0.20133933496408768
2025-03-18 09:55:00+05:30,-0.33754224196466526,-0.31464567471089844,-0.2100199383011136
2025-03-18 10:00:00+05:30,-0.3062788795971703,-0.18768607838264192,1.3936760225208646
2025-03-18 10:05:00+05:30,-0.1831765578006941,-0.22284507416570365,0.10926683765779555
2025-03-18 10:10:00+05:30,-0.2134643563314373,-0.18378058298777855,0.032290034096489804
2025-03-18 10:15:00+05:30,-0.18610801979425873,-0.18768607838264192,-0.28343788279366033
2025-03-18 10:20:00+05:30,-0.1851300707158523,-0.2619095653436287,-0.3262132347400317
2025-03-18 10:25:00+05:30,-0.267199080327388,-0.19354670578225983,-0.14485578512323719
2025-03-18 10:30:00+05:30,-0.1831765578006941,-0.16034284200395266,-0.13267281254394053
2025-03-18 10:35:00+05:30,-0.15582022126351555,-0.08807210274039756,0.35173372624008853
2025-03-18 10:40:00+05:30,-0.10599490833953586,-0.10662916663430569,0.06814224397435824
2025-03-18 10:45:00+05:30,-0.10501695926112944,-0.1290893416157543,-0.1684748092427083
2025-03-18 10:50:00+05:30,-0.1343268087134662,-0.10662916663430569,-0.21669829112150085
2025-03-18 10:55:00+05:30,-0.10599490833953586,-0.13397240301299496,-0.2868084424407919
2025-03-18 11:00:00+05:30,-0.1343268087134662,-0.14862158720471685,-0.43528881304143185
2025-03-18 11:05:00+05:30,-0.14898173343963458,-0.1740144601932973,-0.46766376026657985
2025-03-18 11:10:00+05:30,-0.17340660798324853,-0.1515519009045258,-0.4583178323064702
2025-03-18 11:15:00+05:30,-0.15093524635479277,-0.1652259034011933,-0.19729089739909728
2025-03-18 11:20:00+05:30,-0.16363665816580295,-0.1740144601932973,-0.5440254523839025
2025-03-18 11:25:00+05:30,-0.17438455706165495,-0.19159395808482815,-0.3630571549051381
2025-03-18 11:30:00+05:30,-0.1909929947029815,-0.18573333068521025,-0.37180052471603986
2025-03-18 11:35:00+05:30,-0.18806153270941692,-0.217962012768463,-0.6385831452778256
2025-03-18 11:40:00+05:30,-0.21737138216175367,-0.2638623130410604,-0.03891225386824049
2025-03-18 11:45:00+05:30,-0.2613361563402588,-0.2677701927432466,-0.05429003996781641
2025-03-18 11:50:00+05:30,-0.2662211312489816,-0.2492131288493385,-0.3243051339342068
2025-03-18 11:55:00+05:30,-0.24668123161409042,-0.2345639446576166,-0.5461720657904556
2025-03-18 12:00:00+05:30,-0.24081830762696121,-0.23358876296256217,-0.4948165368652596
2025-03-18 12:05:00+05:30,-0.23397981980308022,-0.22284507416570365,-0.41721206856519566
2025-03-18 12:10:00+05:30,-0.22323430614888287,-0.21991476046589467,-0.4233380764154757
2025-03-18 12:15:00+05:30,-0.2183493312401601,-0.25019069485171574,-0.49462823744363216
2025-03-18 12:20:00+05:30,-0.24961269360765503,-0.24335488575704345,-0.35064822301988846
2025-03-18 12:25:00+05:30,-0.24668123161409042,-0.2863248723298319,-0.35537453850273776
2025-03-18 12:30:00+05:30,-0.2857610308838728,-0.25409619024657915,-0.30129494461133116
2025-03-18 12:35:00+05:30,-0.24472771869893223,-0.25019069485171574,0.20212983575707136
2025-03-18 12:40:00+05:30,-0.2554732323531296,-0.28339455863002294,-0.14473652882287313
2025-03-18 12:45:00+05:30,-0.28087605597515,-0.2843721246324002,-0.5455883375834105
2025-03-18 12:50:00+05:30,-0.2818540050535564,-0.23944700605485722,-0.5308444928699804
2025-03-18 12:55:00+05:30,-0.23202630688792203,-0.23163363095780762,-0.5069932327971687
2025-03-18 13:00:00+05:30,-0.23104835780951563,-0.23065844926275322,-0.5931716014286696
2025-03-18 13:05:00+05:30,-0.23104835780951563,-0.21893957877084028,-0.5529445683216566
2025-03-18 13:10:00+05:30,-0.22127840799207005,-0.2257753878655126,-0.6279881644875871
2025-03-18 13:15:00+05:30,-0.22518781906404106,-0.20429039457911838,-0.48245154151172304
2025-03-18 13:20:00+05:30,-0.19880943160526893,-0.19061639208245088,-0.39856414917668953
2025-03-18 13:25:00+05:30,-0.1919685585397333,-0.19842976717950048,-0.604789675743084
2025-03-18 13:30:00+05:30,-0.1978314825268625,-0.20526557627417277,-0.5523545634672239
2025-03-18 13:35:00+05:30,-0.2056479194291499,-0.18573333068521025,-0.564035404255514
2025-03-18 13:40:00+05:30,-0.18415450687910054,-0.17694477389310626,-0.49927295651044284
2025-03-18 13:45:00+05:30,-0.17340660798324853,-0.20038251487693215,-0.5532709539858108
2025-03-18 13:50:00+05:30,-0.1958779696117043,-0.18573333068521025,-0.5333677051197883
2025-03-18 13:55:00+05:30,-0.1851300707158523,-0.18768607838264192,-0.562924437667912
2025-03-18 14:00:00+05:30,-0.18610801979425873,-0.20429039457911838,-0.49614090946403944
2025-03-18 14:05:00+05:30,-0.20662348326590166,-0.21991476046589467,-0.10205532658731549
2025-03-18 14:10:00+05:30,-0.2183493312401601,-0.22479782186313532,-0.49704474668785126
2025-03-18 14:15:00+05:30,-0.22420986998563464,-0.22479782186313532,1.018640064465452
2025-03-18 14:20:00+05:30,-0.22420986998563464,-0.22284507416570365,-0.13619401172837403
2025-03-18 14:25:00+05:30,-0.22225635707047645,-0.15643496230176643,0.4069242867190971
2025-03-18 14:30:00+05:30,-0.15875168325708017,-0.19159395808482815,-0.09628708763812763
2025-03-18 14:35:00+05:30,-0.18903948178782334,-0.23358876296256217,-0.09464260602258114
2025-03-18 14:40:00+05:30,-0.23104835780951563,-0.22968088326037595,-0.17420538830757065
2025-03-18 14:45:00+05:30,-0.22811928105760568,-0.20721832397160445,0.17881836735959178
2025-03-18 14:50:00+05:30,-0.20466997035074347,-0.1974522011771232,0.0017729744980660852
2025-03-18 14:55:00+05:30,-0.20173850835717888,-0.19256913977988255,0.3369333917001701
2025-03-18 15:00:00+05:30,-0.18806153270941692,-0.1954994534796915,0.9340120277386837
2025-03-18 15:05:00+05:30,-0.1997849954420207,-0.22772813556294427,1.6596489555696523
2025-03-18 15:10:00+05:30,-0.22714133197919925,-0.20624314227655005,0.9977137220752536
2025-03-18 15:15:00+05:30,-0.20466997035074347,-0.1290893416157543,0.7828201454666084
2025-03-18 15:20:00+05:30,-0.12944183380474342,-0.10858191433173738,1.068162812353474
2025-03-18 15:25:00+05:30,-0.10599490833953586,-0.10565160063192842,0.5674746502460573
2025-03-19 09:15:00+05:30,-0.042490234526139564,0.08771810756026527,-0.8841569743169716
2025-03-19 09:20:00+05:30,0.08549706217905945,-0.03924148876799122,-0.05855188354398459
2025-03-19 09:25:00+05:30,-0.029788822715129375,-0.06170404805676271,-0.30332230171752017
2025-03-19 09:30:00+05:30,-0.06203013416103073,-0.07440048455105293,-0.4838010207000532
2025-03-19 09:35:00+05:30,-0.0737535968936345,-0.1369027167128039,-0.42156178520479
2025-03-19 09:40:00+05:30,-0.1265103718111788,-0.08709692104534315,-0.5323383349482249
2025-03-19 09:45:00+05:30,-0.06984418582166348,-0.12518384622089096,-0.514481273130554
2025-03-19 09:50:00+05:30,-0.12260334598086242,-0.122253532521082,-0.36866220102224884
2025-03-19 09:55:00+05:30,-0.1235789098176142,-0.14569365781223076,-0.5171614015650515
2025-03-19 10:00:00+05:30,-0.1421432456157536,-0.1290893416157543,-0.5523357335250612
2025-03-19 10:05:00+05:30,-0.13334885963505977,-0.16424833739881603,-0.5931904313708324
2025-03-19 10:10:00+05:30,-0.16265870908739652,-0.11248740972660073,-0.4459842201898716
2025-03-19 10:15:00+05:30,-0.11185544708501043,-0.06756467545638062,-0.43427199616464357
2025-03-19 10:20:00+05:30,-0.06691510906975352,-0.07342291854867566,-0.5764568894355387
2025-03-19 10:25:00+05:30,-0.0737535968936345,-0.07830597994591629,-0.603797965455846
2025-03-19 10:30:00+05:30,-0.07766062272395088,-0.07342291854867566,-0.5374349726269414
2025-03-19 10:35:00+05:30,-0.07277564781522809,-0.03240567967331891,-0.41890676335984284
2025-03-19 10:40:00+05:30,-0.03174233563028756,0.01935524799889639,-0.25887736156605196
2025-03-19 10:45:00+05:30,0.020038875450504968,0.016424934299087434,-0.40663591771712
2025-03-19 10:50:00+05:30,0.016129464378533943,0.03595717988804997,-0.5566791735172679
2025-03-19 10:55:00+05:30,0.03664731309183153,0.06916104366635714,-0.3925071844476729
2025-03-19 11:00:00+05:30,0.0688886245377329,0.08869328925531968,-0.30844404598578706
2025-03-19 11:05:00+05:30,0.08940408800937583,0.1218995373409497,-0.5447786500704124
2025-03-19 11:10:00+05:30,0.12359891237043537,0.16682227161116983,0.06865065241275238
2025-03-19 11:15:00+05:30,0.1675636865489405,0.1013897257496099,0.18678343289443333
2025-03-19 11:20:00+05:30,0.10992193672267342,0.08967085525769694,-0.6756718546910476
2025-03-19 11:25:00+05:30,0.08354354926390127,0.1072503531492278,-0.634835986787439
2025-03-19 11:30:00+05:30,0.10601491089235704,0.12385228503838139,-0.5047399163850268
2025-03-19 11:35:00+05:30,0.1245768614488418,0.11018066684903675,-0.6634010090483248
2025-03-19 11:40:00+05:30,0.11089988580107983,0.09064842126007422,-0.6536031624763092
2025-03-19 11:45:00+05:30,0.09135998616618866,0.08283504616302463,-0.6032016839540257
2025-03-19 11:50:00+05:30,0.08354354926390127,0.07599923706835232,-0.5017836154654757
2025-03-19 11:55:00+05:30,0.08159003634874308,0.10627278714685053,-0.6653907062701883
2025-03-19 12:00:00+05:30,0.10601491089235704,0.1004145440545555,-0.5886084787778976
2025-03-19 12:05:00+05:30,0.10210549982038601,0.08869328925531968,-0.5615310219478687
2025-03-19 12:10:00+05:30,0.08842852417262406,0.061350052876630416,-0.6131313401211804
2025-03-19 12:15:00+05:30,0.06205013671385191,0.06916104366635714,-0.49341684449782885
2025-03-19 12:20:00+05:30,0.07084213745289107,0.08088229846559296,-0.504645766674213
2025-03-19 12:25:00+05:30,0.08842852417262406,0.0857653598628336,-0.5478981438220406
2025-03-19 12:30:00+05:30,0.08549706217905945,0.08478779386045632,-0.6545195529948962
2025-03-19 12:35:00+05:30,0.08549706217905945,0.09064842126007422,-0.5588760001029216
2025-03-19 12:40:00+05:30,0.08549706217905945,0.09845941204980094,-0.6178513789566421
2025-03-19 12:45:00+05:30,0.09917403782682141,0.1072503531492278,-0.5654664798598827
2025-03-19 12:50:00+05:30,0.10796842380751523,0.09845941204980094,-0.29090709318488295
2025-03-19 12:55:00+05:30,0.10112993598363425,0.12775778043324473,-0.5026686227471248
2025-03-19 13:00:00+05:30,0.12946183635756459,0.1160389099413318,-0.568780549680526
2025-03-19 13:05:00+05:30,0.11676042454655439,0.09455391665493758,-0.5543379840416998
2025-03-19 13:10:00+05:30,0.09526701199650503,0.09845941204980094,-0.5437304499566862
2025-03-19 13:15:00+05:30,0.09819847399006965,0.07990473246321568,-0.40740794534579255
2025-03-19 13:20:00+05:30,0.08061208727033665,0.077951984765784,-0.44122652147008445
2025-03-19 13:25:00+05:30,0.07865857435517848,0.08771810756026527,-0.5387656218731088
2025-03-19 13:30:00+05:30,0.08842852417262406,0.08381022785807904,-0.5996742081222046
2025-03-19 13:35:00+05:30,0.08354354926390127,0.09845941204980094,-0.5397133956286337
2025-03-19 13:40:00+05:30,0.09819847399006965,0.09845941204980094,-0.6329404392763893
2025-03-19 13:45:00+05:30,0.10015198690522784,0.09845941204980094,-0.5221325062960165
2025-03-19 13:50:00+05:30,0.09917403782682141,0.1072503531492278,-0.49278290311168305
2025-03-19 13:55:00+05:30,0.10796842380751523,0.10627278714685053,-0.5538797887824063
2025-03-19 14:00:00+05:30,0.1069904747291088,0.128735346435622,-0.504105974998881
2025-03-19 14:05:00+05:30,0.12946183635756459,0.11115584854409116,-0.5143934000671279
2025-03-19 14:10:00+05:30,0.11382896255298978,0.10822553484428221,1.0620556344453567
2025-03-19 14:15:00+05:30,0.10894398764426699,0.10822553484428221,-0.4943960014902916
2025-03-19 14:20:00+05:30,0.10992193672267342,0.11310859624152285,-0.525534449180086
2025-03-19 14:25:00+05:30,0.11382896255298978,0.12775778043324473,-0.5312775815397235
2025-03-19 14:30:00+05:30,0.12946183635756459,0.10334247344704157,-0.30994416471141917
2025-03-19 14:35:00+05:30,0.09624496107491146,0.10822553484428221,-0.3149529293267096
2025-03-19 14:40:00+05:30,0.10112993598363425,0.09943697805217822,-0.4020979016558982
2025-03-19 14:45:00+05:30,0.09917403782682141,0.07404410506359776,0.17843549186894928
2025-03-19 14:50:00+05:30,0.07474916328320745,0.08674054155788799,-0.02516011944204831
2025-03-19 14:55:00+05:30,0.09135998616618866,0.07697441876340673,0.0017415912611281753
2025-03-19 15:00:00+05:30,0.07670506144002029,0.05060636407977188,1.3098890565440322
2025-03-19 15:05:00+05:30,0.051302237817999904,0.05548942547701251,1.2686828664445564
2025-03-19 15:10:00+05:30,0.057165161805129115,0.04767605037996292,1.4683241899013773
2025-03-19 15:15:00+05:30,0.0483707758244353,0.0496287980773946,1.8490342371951642
2025-03-19 15:20:00+05:30,0.050324288739593485,0.0633028005740621,1.6332933131891954
2025-03-19 15:25:00+05:30,0.06400364962901009,0.04670086868490852,0.678703118601398
2025-03-20 09:15:00+05:30,0.2291148474471786,0.21076982418633552,-0.8841569743169716
2025-03-20 09:20:00+05:30,0.21836933379298126,0.22249107898557136,-0.09782486624808522
2025-03-20 09:25:00+05:30,0.22325430870170404,0.22346626068062575,0.1432548832615521
2025-03-20 09:30:00+05:30,0.22520782161686223,0.21956076528576238,-0.4719758170218487
2025-03-20 09:35:00+05:30,0.22032284670813945,0.22541900837805742,-0.5191134389025895
2025-03-20 09:40:00+05:30,0.22618338545361402,0.2849933111473223,0.04107106379171704
2025-03-20 09:45:00+05:30,0.29555098325413953,0.2342099494774843,-0.24297233708591914
2025-03-20 09:50:00+05:30,0.243769772173347,0.24202332457453388,-0.2918297603508575
2025-03-20 09:55:00+05:30,0.24083831017978238,0.1892848308999413,-0.15693833134433255
2025-03-20 10:00:00+05:30,0.18515007326867347,0.2556949427638785,-0.07807225691936463
2025-03-20 10:05:00+05:30,0.25060825999722797,0.25276462906406955,-0.4743546663817423
2025-03-20 10:10:00+05:30,0.247679183245318,0.20881707648890385,-0.2853397069520977
2025-03-20 10:15:00+05:30,0.20762143489712925,0.21956076528576238,0.17411715846629286
2025-03-20 10:20:00+05:30,0.21934489762973303,0.2322572017800526,-0.5233438992418199
2025-03-20 10:25:00+05:30,0.23204630944074323,0.23714026317729325,-0.4324078318905317
2025-03-20 10:30:00+05:30,0.23790923342787243,0.24202332457453388,-0.303429004723109
2025-03-20 10:35:00+05:30,0.23790923342787243,0.23616269717491598,-0.27723655517472934
2025-03-20 10:40:00+05:30,0.2291148474471786,0.21858319928338513,-0.6041494577095506
2025-03-20 10:45:00+05:30,0.21934489762973303,0.22249107898557136,-0.604174564299101
2025-03-20 10:50:00+05:30,0.21934489762973303,0.2351851311725387,-0.5859032437538497
2025-03-20 10:55:00+05:30,0.22422987253845583,0.2410457585721566,-0.544904183018164
2025-03-20 11:00:00+05:30,0.247679183245318,0.2410457585721566,-0.3577471112152437
2025-03-20 11:05:00+05:30,0.2447477212517534,0.23616269717491598,-0.6227722705085065
2025-03-20 11:10:00+05:30,0.236931284349466,0.24592881996939725,-0.5550723517860469
2025-03-20 11:15:00+05:30,0.2457232850885052,0.24592881996939725,-0.5565913004538418
2025-03-20 11:20:00+05:30,0.2457232850885052,0.24006819256977932,-0.6045699930845186
2025-03-20 11:25:00+05:30,0.236931284349466,0.22346626068062575,-0.38908013497405314
2025-03-20 11:30:00+05:30,0.22422987253845583,0.21663045158595343,-0.6346916238975246
2025-03-20 11:35:00+05:30,0.21934489762973303,0.22541900837805742,-0.32993528664086785
2025-03-20 11:40:00+05:30,0.22618338545361402,0.20491158109404048,-0.5514318963012493
2025-03-20 11:45:00+05:30,0.20468997290356467,0.20198126739423153,-0.5105269852763774
2025-03-20 11:50:00+05:30,0.20175851091000005,0.21467770388852175,-0.41247319978757124
2025-03-20 11:55:00+05:30,0.21445992272101025,0.21272495619109008,-0.5138661616865711
2025-03-20 12:00:00+05:30,0.2164134356361684,0.21956076528576238,-0.4478985976430841
2025-03-20 12:05:00+05:30,0.21836933379298126,0.20686432879147218,-0.5313968378400875
2025-03-20 12:10:00+05:30,0.20762143489712925,0.2039340150916632,-0.5080539862056701
2025-03-20 12:15:00+05:30,0.20468997290356467,0.20686432879147218,-0.3402478182986651
2025-03-20 12:20:00+05:30,0.20762143489712925,0.18635451720013235,-0.4689630262758093
2025-03-20 12:25:00+05:30,0.1802650983599507,0.16389434221868374,-0.28793823897055665
2025-03-20 12:30:00+05:30,0.1656101736337823,0.18440176950270068,-0.14950678083743546
2025-03-20 12:35:00+05:30,0.18515007326867347,0.22151351298319408,-0.3622914039238531
2025-03-20 12:40:00+05:30,0.22325430870170404,0.2205359469808168,-0.4287485464635714
2025-03-20 12:45:00+05:30,0.22227635962329764,0.2615555701634964,-0.15757227273047836
2025-03-20 12:50:00+05:30,0.26526318472339633,0.2801102497500817,0.18040635914865003
2025-03-20 12:55:00+05:30,0.28187400760637754,0.31429167953076614,-0.32860463739470047
2025-03-20 13:00:00+05:30,0.3062988821499915,0.32894086372248804,-0.24411468691045907
2025-03-20 13:05:00+05:30,0.33267726960876365,0.3601919798033635,0.39609706997551813
2025-03-20 13:10:00+05:30,0.361009169982694,0.40023403698366583,-0.28736706405828666
2025-03-20 13:15:00+05:30,0.40008896925247633,0.4314851530645413,-0.06315266607908221
2025-03-20 13:20:00+05:30,0.42549179287449673,0.4607835214479851,0.11958564596298037
2025-03-20 13:25:00+05:30,0.4704321308897536,0.4344154667643503,-0.5028820287583025
2025-03-20 13:30:00+05:30,0.4401467176006651,0.4851988284341883,-0.25702575058671523
2025-03-20 13:35:00+05:30,0.47336359288331825,0.4734799579422754,-0.2880574952709207
2025-03-20 13:40:00+05:30,0.4753171057984764,0.4930122035312379,-0.22151247966777626
2025-03-20 13:45:00+05:30,0.4938814415966158,0.5057086400255282,-0.3281150588984691
2025-03-20 13:50:00+05:30,0.5085363663227842,0.5291463810093541,-0.30763435847278897
2025-03-20 13:55:00+05:30,0.5261227530425172,0.5428179991986987,-0.03303731191346373
2025-03-20 14:00:00+05:30,0.5564081663316057,0.5643053767924158,-0.238409214435147
2025-03-20 14:05:00+05:30,0.5612931412403285,0.5506313742957483,-0.23537759374694492
2025-03-20 14:10:00+05:30,0.5515231914228829,0.4988704466235329,-0.21423784534556872
2025-03-20 14:15:00+05:30,0.4997419803420904,0.5066838217205826,-0.4367701018249012
2025-03-20 14:20:00+05:30,0.5202598290553879,0.6014147359655863,-0.09677038948697143
2025-03-20 14:25:00+05:30,0.5984194275949526,0.5994619882681546,1.4939642944796498
2025-03-20 14:30:00+05:30,0.6120964032427146,0.6229021135593034,0.4328782236667487
2025-03-20 14:35:00+05:30,0.6277292770472894,0.5984868065731002,0.004214590331835486
2025-03-20 14:40:00+05:30,0.599397376673359,0.5789545609841377,-0.2269417796580347
2025-03-20 14:45:00+05:30,0.5788795279600615,0.5779769949817604,-0.46382245206537964
2025-03-20 14:50:00+05:30,0.5886494777775071,0.58579037007881,-0.056530803085183184
2025-03-20 14:55:00+05:30,0.5866959648623489,0.5769994289793831,0.0042459735687733965
2025-03-20 15:00:00+05:30,0.5769260150449033,0.5652805584874702,0.8563824528490696
2025-03-20 15:05:00+05:30,0.5632466541554867,0.5555144356929889,0.41621372485271846
2025-03-20 15:10:00+05:30,0.5564081663316057,0.5057086400255282,0.729638112151626
2025-03-20 15:15:00+05:30,0.506582853407626,0.5213330059123045,0.9072358499832589
2025-03-20 15:20:00+05:30,0.5222133419705461,0.5047310740231509,0.5026494360271103
2025-03-20 15:25:00+05:30,0.49778846742693217,0.5193802582148728,0.15467210485956379
2025-03-21 09:15:00+05:30,0.39227253235018894,0.5662581244898474,-0.8841569743169716
2025-03-21 09:20:00+05:30,0.5671560652274577,0.40804741208071543,0.8053470329406403
2025-03-21 09:25:00+05:30,0.40497394416119914,0.382654539092135,0.4289615956968975
2025-03-21 09:30:00+05:30,0.38348053161114976,0.4305075870621641,0.8441116072063467
2025-03-21 09:35:00+05:30,0.4293988187048131,0.382654539092135,-0.5061521620472327
2025-03-21 09:40:00+05:30,0.37957350578083343,0.41781353487519673,-0.22143088325173768
2025-03-21 09:45:00+05:30,0.4215823818025257,0.3992564709812886,-0.5525993527153396
2025-03-21 09:50:00+05:30,0.40106691833088276,0.4529701463509356,-0.2738283356432723
2025-03-21 09:55:00+05:30,0.45480164232683346,0.436368214461782,-0.19520077381903247
2025-03-21 10:00:00+05:30,0.4372152556071005,0.3973037232838569,-0.5113617793789258
2025-03-21 10:05:00+05:30,0.40985891906992195,0.41683596887281943,-0.4956199477308701
2025-03-21 10:10:00+05:30,0.41865330505061576,0.43246271906691863,0.0020428703357321114
2025-03-21 10:15:00+05:30,0.43916876852225867,0.445156771253886,-0.6042122241834265
2025-03-21 10:20:00+05:30,0.4450316925093879,0.42269659627243733,0.2217192522537148
2025-03-21 10:25:00+05:30,0.4225603308809321,0.4519949646558811,-0.15432724603109846
2025-03-21 10:30:00+05:30,0.4499166674181107,0.4646890168428485,0.18168679521571676
2025-03-21 10:35:00+05:30,0.4616401301507145,0.4529701463509356,0.1701942538490541
2025-03-21 10:40:00+05:30,0.4577331043203981,0.4832460807367566,-0.3137101531439684
2025-03-21 10:45:00+05:30,0.48411149177917023,0.5535616879955572,0.2817302779263864
2025-03-21 10:50:00+05:30,0.5554326024948539,0.5389125038038353,0.17898156019166891
2025-03-21 10:55:00+05:30,0.5378462157751209,0.5105917014227688,-0.09960743410615851
2025-03-21 11:00:00+05:30,0.5153748541466652,0.5037535080207736,0.7283513994371718
2025-03-21 11:05:00+05:30,0.5007199294204968,0.4832460807367566,-0.4684044046583145
2025-03-21 11:10:00+05:30,0.48118002978560565,0.5242633196121134,-0.4496246756746692
2025-03-21 11:15:00+05:30,0.5300297788728335,0.5125444491202005,-0.16178390312754587
2025-03-21 11:20:00+05:30,0.5143969050682587,0.4861763944365656,-0.5426508666060221
2025-03-21 11:25:00+05:30,0.4899720305246448,0.5096141354203915,-0.3926515473375873
2025-03-21 11:30:00+05:30,0.5173283670618234,0.5135196308152549,-0.4540057755512014
2025-03-21 11:35:00+05:30,0.5143969050682587,0.5096141354203915,-0.4712728325144395
2025-03-21 11:40:00+05:30,0.509511930159536,0.4998480126259102,0.6416206858355635
2025-03-21 11:45:00+05:30,0.5007199294204968,0.48031576703694767,-0.5247059317249252
2025-03-21 11:50:00+05:30,0.47629505487688284,0.48715157613161997,-0.48510656335667024
2025-03-21 11:55:00+05:30,0.4870429537727348,0.4773854533371387,-0.5254214695271094
2025-03-21 12:00:00+05:30,0.4899720305246448,0.48910432382905167,-0.6215106643836025
2025-03-21 12:05:00+05:30,0.48899646668789304,0.48031576703694767,-0.41553620371271127
2025-03-21 12:10:00+05:30,0.4802020807071992,0.4881291421339973,-0.16423179560870285
2025-03-21 12:15:00+05:30,0.482157978864012,0.478363019339516,-0.3337201050155798
2025-03-21 12:20:00+05:30,0.47238802904656646,0.4978952649284785,-0.2502155881711888
2025-03-21 12:25:00+05:30,0.5007199294204968,0.49496495122866957,-0.4046148372583186
2025-03-21 12:30:00+05:30,0.48508705561592197,0.4734799579422754,-0.15201116314508067
2025-03-21 12:35:00+05:30,0.47141007996816003,0.4441815895588316,0.11016439823421978
2025-03-21 12:40:00+05:30,0.45089223125486244,0.4676193305426575,-0.07261785033955587
2025-03-21 12:45:00+05:30,0.46847861797459545,0.4695720782400891,1.1058289733263538
2025-03-21 12:50:00+05:30,0.46750305413784365,0.4607835214479851,-0.12979183139304037
2025-03-21 12:55:00+05:30,0.46066218107230805,0.445156771253886,-0.012638207903822205
2025-03-21 13:00:00+05:30,0.44698520542454606,0.4266020916673007,-0.0736911570428324
2025-03-21 13:05:00+05:30,0.43916876852225867,0.4441815895588316,-0.10262022485219786
2025-03-21 13:10:00+05:30,0.4450316925093879,0.4422288418613999,0.34885274508918834
2025-03-21 13:15:00+05:30,0.4421002305158233,0.4510173986535039,0.39496099679836577
2025-03-21 13:20:00+05:30,0.45382369324842703,0.49691769892610127,-0.0005180017984013476
2025-03-21 13:25:00+05:30,0.4929034925182094,0.5164499445150638,0.07874977805937183
2025-03-21 13:30:00+05:30,0.5153748541466652,0.47250239193989807,-0.08424220130135775
2025-03-21 13:35:00+05:30,0.46945656705300187,0.40804741208071543,-0.0855854038423003
2025-03-21 13:40:00+05:30,0.4069274570763573,0.4314851530645413,-0.024626604414103838
2025-03-21 13:45:00+05:30,0.4411222814374169,0.4217190302700601,-0.3297093273349149
2025-03-21 13:50:00+05:30,0.41767535597220934,0.36312229350317243,-0.29609160392702566
2025-03-21 13:55:00+05:30,0.3639406319762586,0.3973037232838569,-0.22712380243227456
2025-03-21 14:00:00+05:30,0.39520399434375353,0.39535097558642524,-0.25946108977309706
2025-03-21 14:05:00+05:30,0.4030204312460409,0.4344154667643503,-0.39113259866979244
2025-03-21 14:10:00+05:30,0.4352617426919423,0.4305075870621641,-0.3052115725811823
2025-03-21 14:15:00+05:30,0.4284232548680613,0.445156771253886,-0.38602340769630067
2025-03-21 14:20:00+05:30,0.44698520542454606,0.4705496442424664,2.4097836381543534
2025-03-21 14:25:00+05:30,0.47141007996816003,0.481293333039325,-0.11540575558070242
2025-03-21 14:30:00+05:30,0.4792265168704474,0.48910432382905167,-0.3054626384766856
2025-03-21 14:35:00+05:30,0.482157978864012,0.4764102716420843,-0.268562228485091
2025-03-21 14:40:00+05:30,0.48118002978560565,0.481293333039325,-0.4083306125117671
2025-03-21 14:45:00+05:30,0.47336359288331825,0.4588307737505535,-0.23221416346360357
2025-03-21 14:50:00+05:30,0.45968661723555626,0.4646890168428485,2.3725066293195036
2025-03-21 14:55:00+05:30,0.4655471559810308,0.4910594558338062,0.8274282784501537
2025-03-21 15:00:00+05:30,0.4909499796030512,0.5447731312034532,8.10084493106451
2025-03-21 15:05:00+05:30,0.5446847035990019,0.5662581244898474,6.388198924888883
2025-03-21 15:10:00+05:30,0.5691095781426159,0.5545392539979345,6.28749011755513
2025-03-21 15:15:00+05:30,0.5544546534164475,0.5838376223813783,6.3597217756914235
2025-03-21 15:20:00+05:30,0.5847424519471907,0.5994619882681546,5.707345876168312
2025-03-21 15:25:00+05:30,0.6013508895885172,0.5975092405707229,4.507432918436873
2025-03-24 09:15:00+05:30,0.6570391264996261,0.6912649731206723,-0.8841569743169716
2025-03-24 09:20:00+05:30,0.6922118999390922,0.8299434399408416,0.35932219293167517
2025-03-24 09:25:00+05:30,0.8250817863113593,0.825060378543601,0.5027875222696371
2025-03-24 09:30:00+05:30,0.8338761722920531,0.7928316964603482,0.18150477244147686
2025-03-24 09:35:00+05:30,0.792840474865458,0.7791600782710036,-0.17881872413744343
2025-03-24 09:40:00+05:30,0.7801414482961023,0.7928316964603482,-0.26986149449432045
2025-03-24 09:45:00+05:30,0.7996813479309935,0.9041645425945056,-0.017885485119840762
2025-03-24 09:50:00+05:30,0.9012878719357658,0.8904929244051609,0.1922378394742421
2025-03-24 09:55:00+05:30,0.8915179221183201,0.9471369134746169,-0.5624787957033937
2025-03-24 10:00:00+05:30,0.9481841081078355,0.9647164113661477,-0.16531765560675454
2025-03-24 10:05:00+05:30,0.9657704948275685,1.0174525207334175,-0.3347369218923681
2025-03-24 10:10:00+05:30,1.0116887819212317,1.0291713912253304,-0.10223107271416779
2025-03-24 10:15:00+05:30,1.0361136564648457,1.0496812028166702,-0.3205140389121073
2025-03-24 10:20:00+05:30,1.0507685811910141,1.007686397938936,-0.4618704147278417
2025-03-24 10:25:00+05:30,1.0087573199276672,1.0682358824032554,-0.2780776259246653
2025-03-24 10:30:00+05:30,1.0429521442887266,1.03698476632238,-0.06388075717604172
2025-03-24 10:35:00+05:30,1.0419741952103203,1.0711661961030645,0.46210857055071813
2025-03-24 10:40:00+05:30,1.0761690195713798,1.064330387008392,0.13508268836292034
2025-03-24 10:45:00+05:30,1.064445556838776,1.0946039370868903,-0.6368382373040777
2025-03-24 10:50:00+05:30,1.0898483804607964,1.1024173121839398,-0.41547971388622307
2025-03-24 10:55:00+05:30,1.0986403811998355,1.1571085535559642,0.6913568397347634
2025-03-24 11:00:00+05:30,1.1640985679283902,1.138551489662056,-0.11782854147230908
2025-03-24 11:05:00+05:30,1.1396736933847762,1.084837814292409,-0.23759952692214895
2025-03-24 11:10:00+05:30,1.0839854564736673,1.1033948781863172,-0.4718251774845467
2025-03-24 11:15:00+05:30,1.1054788690237165,1.0662831347058237,-0.6104574883340705
2025-03-24 11:20:00+05:30,1.0683549679107471,1.0389375140198116,-0.3076657417097269
2025-03-24 11:25:00+05:30,1.0409986313735686,1.0721437621054417,-0.46202733091253123
2025-03-24 11:30:00+05:30,1.0761690195713798,1.0711661961030645,-0.53961924591782
2025-03-24 11:35:00+05:30,1.0722619937410636,1.0447981414194296,-0.40547473795041733
2025-03-24 11:40:00+05:30,1.0517441450277658,1.0662831347058237,-0.6345347077128352
2025-03-24 11:45:00+05:30,1.0634699930020244,1.114136182675853,-0.5362047497389754
2025-03-24 11:50:00+05:30,1.1103638439324395,1.1336684282648153,-0.1419936339144998
2025-03-24 11:55:00+05:30,1.1367446166328663,1.123902305470334,0.1215314066531308
2025-03-24 12:00:00+05:30,1.1250187686586077,1.1024173121839398,-0.6895432454176038
2025-03-24 12:05:00+05:30,1.1005938941149938,1.087768127992218,-0.5426948031377352
2025-03-24 12:10:00+05:30,1.0781249177281926,1.0780020051977368,-0.6068797993231488
2025-03-24 12:15:00+05:30,1.0830098926369154,1.1248798714727113,-0.6394744292068621
2025-03-24 12:20:00+05:30,1.1220896919066978,1.11511374867823,-0.5866815480299099
2025-03-24 12:25:00+05:30,1.1250187686586077,1.13562356026957,-0.46638960084690073
2025-03-24 12:30:00+05:30,1.1396736933847762,1.1248798714727113,-0.5633512496902675
2025-03-24 12:35:00+05:30,1.1259967177370143,1.0897208756896497,-0.5112550763733369
2025-03-24 12:40:00+05:30,1.0830098926369154,1.0574945779137197,-0.38414669012741365
2025-03-24 12:45:00+05:30,1.0566291199364888,1.087768127992218,-0.5120459339441722
2025-03-24 12:50:00+05:30,1.08887043138239,1.1014421304888855,-0.4753463766689802
2025-03-24 12:55:00+05:30,1.0966868682846775,1.0545642642139108,-0.28773110960676646
2025-03-24 13:00:00+05:30,1.064445556838776,1.0623776393109605,-0.2486778095612312
2025-03-24 13:05:00+05:30,1.0624920439236178,1.081909884899923,-0.3288619799375913
2025-03-24 13:10:00+05:30,1.082031943558509,1.073118943800496,-0.3668168666902997
2025-03-24 13:15:00+05:30,1.0761690195713798,1.0262410775255215,-0.4295582339765695
2025-03-24 13:20:00+05:30,1.0282972195625584,1.0350320186249482,-0.5504088027770735
2025-03-24 13:25:00+05:30,1.0409986313735686,1.0467508891168613,-0.5686487400853868
2025-03-24 13:30:00+05:30,1.0478371191974496,1.0272186435278987,-0.30049781039310824
2025-03-24 13:35:00+05:30,1.0253657575689938,1.0301489572277076,-0.5493292194264093
2025-03-24 13:40:00+05:30,1.0302507324777166,1.006708831936559,-0.5303360844315862
2025-03-24 13:45:00+05:30,1.0077793708492608,0.9891317183523509,-0.33933142778007813
2025-03-24 13:50:00+05:30,0.9901953693711825,1.0213580161282807,-0.4980678402120271
2025-03-24 13:55:00+05:30,1.022434295575429,1.0438205754170522,0.3930780025820912
2025-03-24 14:00:00+05:30,1.0527220941061723,1.0565170119113425,-0.539543926149169
2025-03-24 14:05:00+05:30,1.064445556838776,1.0506563845117245,-0.5828841763604228
2025-03-24 14:10:00+05:30,1.0634699930020244,1.1248798714727113,-0.2793078488126314
2025-03-24 14:15:00+05:30,1.1259967177370143,1.129762932869952,-0.29174816393481895
2025-03-24 14:20:00+05:30,1.1318596417241433,1.138551489662056,-0.17724956229054795
2025-03-24 14:25:00+05:30,1.1435831044567473,1.1658971103480682,0.22877420391735698
2025-03-24 14:30:00+05:30,1.1699614919155192,1.1883596696368397,0.11652264203784035
2025-03-24 14:35:00+05:30,1.1895013915504105,1.1912899833366486,-0.13875488386250748
2025-03-24 14:40:00+05:30,1.190479340628817,1.1483176124565373,-0.1525258482308624
2025-03-24 14:45:00+05:30,1.1494436432022217,1.183476608239599,-0.46066529842942594
2025-03-24 14:50:00+05:30,1.1846164166416877,1.198125792431321,-0.4025184370308662
2025-03-24 14:55:00+05:30,1.196339879374287,1.162966796648259,-0.30032206426625596
2025-03-24 15:00:00+05:30,1.1640985679283902,1.105347625883749,0.5256721786447611
2025-03-24 15:05:00+05:30,1.1054788690237165,1.1102306872809895,0.781910031595409
2025-03-24 15:10:00+05:30,1.1035253561085585,1.1209743760778481,0.4835307680845355
2025-03-24 15:15:00+05:30,1.1259967177370143,1.1571085535559642,0.7034582158980215
2025-03-24 15:20:00+05:30,1.1582380291829155,1.1922651650317029,0.767028100639452
2025-03-24 15:25:00+05:30,1.192432853543975,1.144412117061674,0.7630361529009498
2025-03-25 09:15:00+05:30,1.2940393775487429,1.3084834568704238,-0.8841569743169716
2025-03-25 09:20:00+05:30,1.309672251353322,1.3280157024593864,1.1590612198204366
2025-03-25 09:25:00+05:30,1.3292121509882133,1.3036003954731832,1.2618789806764175
2025-03-25 09:30:00+05:30,1.3018558144510348,1.4344654871962985,0.7838306856960091
2025-03-25 09:35:00+05:30,1.4357036499017037,1.5194302786468254,1.180226074811363
2025-03-25 09:40:00+05:30,1.5226576344219669,1.5448231516354058,0.7298326882206411
2025-03-25 09:45:00+05:30,1.5470825089655806,1.5711912063190363,1.0433449485829747
2025-03-25 09:50:00+05:30,1.572482947345942,1.6717827479636624,1.5685120355019613
2025-03-25 09:55:00+05:30,1.6721359584355604,1.6893622458551933,0.6284962161481296
2025-03-25 10:00:00+05:30,1.6926538071488582,1.73037948473055,1.1504433829572867
2025-03-25 10:05:00+05:30,1.738572094242517,1.8563615150564292,1.1870801737586028
2025-03-25 10:10:00+05:30,1.858742954045433,1.7674912282110433,1.4457659191904075
2025-03-25 10:15:00+05:30,1.7688598927732646,1.8778488926501462,1.1768868984011696
2025-03-25 10:20:00+05:30,1.8782828536803242,1.9061696950312128,1.6320003238273533
2025-03-25 10:25:00+05:30,1.9066147540542546,1.8973811382391088,0.4558821363422368
2025-03-25 10:30:00+05:30,1.9017297791455317,1.815344276181068,1.0201339065436965
2025-03-25 10:35:00+05:30,1.8186852056972442,1.693267741250052,0.9329701042723452
2025-03-25 10:40:00+05:30,1.694607320064012,1.7206133619360688,0.539053990875086
2025-03-25 10:45:00+05:30,1.7288021444250714,1.7137775528413965,-0.058351030827581966
2025-03-25 10:50:00+05:30,1.714147219698903,1.7294019187281728,0.3400089489200853
2025-03-25 10:55:00+05:30,1.7297800935034822,1.6903374275502476,0.2868896820789788
2025-03-25 11:00:00+05:30,1.6907002942337,1.646389874975082,0.20299601309655768
2025-03-25 11:05:00+05:30,1.6477110838919466,1.668852434263849,0.23085177420264663
2025-03-25 11:10:00+05:30,1.666275419690086,1.73037948473055,0.014564781873958217
2025-03-25 11:15:00+05:30,1.7317336064186404,1.769443975908475,0.4861857899294827
2025-03-25 11:20:00+05:30,1.7708134056884228,1.746981416619699,-0.25251911776243136
2025-03-25 11:25:00+05:30,1.741503556236086,1.7792100987029564,-0.3312471059448725
2025-03-25 11:30:00+05:30,1.782536868421022,1.8417123308647074,0.5626981215841074
2025-03-25 11:35:00+05:30,1.8392030544105418,1.7919065351972465,0.23982110331950132
2025-03-25 11:40:00+05:30,1.7932847673168786,1.7508892963218898,0.7213403843052426
2025-03-25 11:45:00+05:30,1.761043455870977,1.8270631466729854,-0.41126180684176794
2025-03-25 11:50:00+05:30,1.82845515551469,1.879801640347578,-0.05936157105698267
2025-03-25 11:55:00+05:30,1.8812143156738887,1.9159358178256942,0.03301812519344932
2025-03-25 12:00:00+05:30,1.9271326027675522,1.8964035722367316,0.3437874906474097
2025-03-25 12:05:00+05:30,1.8978227533152154,1.9237491929227437,-0.07060304652814205
2025-03-25 12:10:00+05:30,1.9202941149436712,1.9237491929227437,-0.3993989432792379
2025-03-25 12:15:00+05:30,1.9261546536891456,1.8592918287562337,-0.3540438892565704
2025-03-25 12:20:00+05:30,1.8606964669605868,1.9315625680197932,-0.06735801982876215
2025-03-25 12:25:00+05:30,1.9359246035065913,1.9061696950312128,-0.31435037117750175
2025-03-25 12:30:00+05:30,1.9144311909565375,1.868082769855665,-0.2356223829950606
2025-03-25 12:35:00+05:30,1.8743758278500078,1.8846847017448187,-0.16718809652825398
2025-03-25 12:40:00+05:30,1.8860992905826115,1.900309067631595,-0.31163258285867873
2025-03-25 12:45:00+05:30,1.9027077282239382,1.8973811382391088,-0.41539811747018446
2025-03-25 12:50:00+05:30,1.8997762662303692,1.8954260062343542,0.051584448165916896
2025-03-25 12:55:00+05:30,1.8880528034977697,1.8964035722367316,-0.04208823744635699
2025-03-25 13:00:00+05:30,1.896844804236809,1.9100751904260762,-0.33011103276772014
2025-03-25 13:05:00+05:30,1.9154091400349484,1.9188661315255031,-0.33212583657913397
2025-03-25 13:10:00+05:30,1.9193161658652602,1.8973811382391088,-0.21306411228409086
2025-03-25 13:15:00+05:30,1.8870748544193634,1.7167078665412054,1.9708388563985806
2025-03-25 13:20:00+05:30,1.7219636566011949,1.760655419116371,0.2245437435781267
2025-03-25 13:25:00+05:30,1.7629969687861309,1.739168041522654,-0.0757812806228972
2025-03-25 13:30:00+05:30,1.732711555497047,1.7206133619360688,-0.0014281156696007388
2025-03-25 13:35:00+05:30,1.7219636566011949,1.7919065351972465,0.04896080955790762
2025-03-25 13:40:00+05:30,1.7932847673168786,1.7587002871116166,-0.04459261975400221
2025-03-25 13:45:00+05:30,1.7600655067925708,1.7977647782895416,-0.05757900319890938
2025-03-25 13:50:00+05:30,1.7942603311536303,1.7977647782895416,0.028812771443769373
2025-03-25 13:55:00+05:30,1.7893753562449075,1.823157651278122,0.3674065147668808
2025-03-25 14:00:00+05:30,1.823570180605967,1.7489341643171352,0.015838941293637363
2025-03-25 14:05:00+05:30,1.7493199931383734,1.7489341643171352,0.1340156583070314
2025-03-25 14:10:00+05:30,1.7483420440599626,1.7499117303195126,0.036200385418953394
2025-03-25 14:15:00+05:30,1.7424815053144924,1.691314993552625,0.11627785278972465
2025-03-25 14:20:00+05:30,1.7004702440511454,1.724518857330932,0.2933609055355758
2025-03-25 14:25:00+05:30,1.7200101436860367,1.6629941911715584,0.24357453845727536
2025-03-25 14:30:00+05:30,1.6692068816836505,1.6522505023746998,0.4886148524684769
2025-03-25 14:35:00+05:30,1.6525960588006694,1.6063502021021026,0.45798481321707674
2025-03-25 14:40:00+05:30,1.6115627466157243,1.5663081449217957,1.1051887552928203
2025-03-25 14:45:00+05:30,1.5675979724372193,1.5350570288409247,2.158341143807818
2025-03-25 14:50:00+05:30,1.5363346100697288,1.4745075443766054,2.171302420663175
2025-03-25 14:55:00+05:30,1.475761398249897,1.52236059234663,3.0731750538426708
2025-03-25 15:00:00+05:30,1.5167947104348376,1.530173967443684,5.338078157062088
2025-03-25 15:05:00+05:30,1.5353566609913223,1.560449901829505,2.3438851172321296
2025-03-25 15:10:00+05:30,1.5597815355349363,1.5594723358271279,2.225582867270984
2025-03-25 15:15:00+05:30,1.5588059716981846,1.646389874975082,3.326613522058457
2025-03-25 15:20:00+05:30,1.6535740078790757,1.6434619455825958,3.821671531459213
2025-03-25 15:25:00+05:30,1.6438040580616302,1.4608335418799379,2.4152757046184874
2025-03-26 09:15:00+05:30,1.666275419690086,1.6366237521806006,-0.8841569743169716
2025-03-26 09:20:00+05:30,1.648689032970353,1.6346710044831645,0.6154596195241218
2025-03-26 09:25:00+05:30,1.6359876211593383,1.5536117084275098,1.0069027338506737
2025-03-26 09:30:00+05:30,1.548058072802328,1.4881791625659455,0.4367697450470496
2025-03-26 09:35:00+05:30,1.4884628100609072,1.5448231516354058,-0.010918406519624734
2025-03-26 09:40:00+05:30,1.5461045598871743,1.5702160246239865,-0.0056146394771179374
2025-03-26 09:45:00+05:30,1.56857592151563,1.5399400902381652,-0.048113818938435714
2025-03-26 09:50:00+05:30,1.540241635900045,1.5311515334460613,-0.14695846199807716
2025-03-26 09:55:00+05:30,1.5363346100697288,1.572168772321418,0.09250191248556401
2025-03-26 10:00:00+05:30,1.5773679222546648,1.5555668404322645,-0.2657000772763536
2025-03-26 10:05:00+05:30,1.5558745097046198,1.4950149716606222,-0.2258245364230451
2025-03-26 10:10:00+05:30,1.49627686172154,1.5624026495269367,-0.05364982193428304
2025-03-26 10:15:00+05:30,1.5656444595220655,1.590723451907999,-0.43923054760083335
2025-03-26 10:20:00+05:30,1.5900693340656795,1.5672857109241773,-0.4806250371219367
2025-03-26 10:25:00+05:30,1.56857592151563,1.5731439540164724,-0.5398765884607108
2025-03-26 10:30:00+05:30,1.5744364602611047,1.5936537656078122,-0.05114543962663782
2025-03-26 10:35:00+05:30,1.5949543089744023,1.546775899332833,0.27584905932422205
2025-03-26 10:40:00+05:30,1.5519674838743036,1.5438455856330286,-0.5213793086095067
2025-03-26 10:45:00+05:30,1.5529430477110509,1.5897482702129488,0.6300465480528623
2025-03-26 10:50:00+05:30,1.5910472831440858,1.5663081449217957,-0.3243992836450205
2025-03-26 10:55:00+05:30,1.5705294344307883,1.5555668404322645,-0.15883387885538233
2025-03-26 11:00:00+05:30,1.56857592151563,1.515524783251962,-0.16742033248159452
2025-03-26 11:05:00+05:30,1.5167947104348376,1.4745075443766054,-0.4193335753821984
2025-03-26 11:10:00+05:30,1.4767369620866488,1.5145472172495849,-0.3851132938251013
2025-03-26 11:15:00+05:30,1.515816761356431,1.476460292074037,-0.49971859847496114
2025-03-26 11:20:00+05:30,1.4874848609825009,1.4911094762657588,-0.4647200126418039
2025-03-26 11:25:00+05:30,1.49334778496963,1.5506837790350239,-0.2558959540569505
2025-03-26 11:30:00+05:30,1.5519674838743036,1.5545892744298873,-0.44816849348075016
2025-03-26 11:35:00+05:30,1.5529430477110509,1.533104281143493,-0.4529073622583746
2025-03-26 11:40:00+05:30,1.5304716860825995,1.52138541065158,-0.4396699129179641
2025-03-26 11:45:00+05:30,1.5167947104348376,1.5487286470302692,-0.36067202889785693
2025-03-26 11:50:00+05:30,1.548058072802328,1.5575195881296962,-0.26004481798014223
2025-03-26 11:55:00+05:30,1.5568524587830264,1.4745075443766054,-0.21027728084400446
2025-03-26 12:00:00+05:30,1.4777149111650552,1.494039789965568,-0.36740687154473245
2025-03-26 12:05:00+05:30,1.4943233488063774,1.4901319102633817,-0.4017966225812943
2025-03-26 12:10:00+05:30,1.491391886812817,1.4862264148685183,-0.3805438945269416
2025-03-26 12:15:00+05:30,1.48064637315862,1.4393485485935391,0.11189047626580483
2025-03-26 12:20:00+05:30,1.4396130609736792,1.4647414215821242,-0.18220183707935014
2025-03-26 12:25:00+05:30,1.463059986438887,1.4549752987876428,-0.30405039281447965
2025-03-26 12:30:00+05:30,1.455243549536595,1.497945285360427,-0.2928465772276458
2025-03-26 12:35:00+05:30,1.498232759878353,1.5057586604574809,-0.3604586228866792
2025-03-26 12:40:00+05:30,1.5070247606173919,1.4891567285683274,-0.32494535196774016
2025-03-26 12:45:00+05:30,1.4904163229760654,1.4715772306767965,-0.2981064077384395
2025-03-26 12:50:00+05:30,1.473807885334739,1.4569280464850745,-0.367337828423469
2025-03-26 12:55:00+05:30,1.4581750115301642,1.4120029279075315,-0.3260563185553422
2025-03-26 13:00:00+05:30,1.4161637502668127,1.3807518118266515,-0.3148085664367952
2025-03-26 13:05:00+05:30,1.3692675140947475,1.2811378361844117,0.31756365786209206
2025-03-26 13:10:00+05:30,1.2744994779138517,1.3045755771682375,-0.12492742966766432
2025-03-26 13:15:00+05:30,1.2979487886207184,1.2772323407895483,-0.14459216593295876
2025-03-26 13:20:00+05:30,1.2666830410115688,1.283090583881839,-0.07492765657818605
2025-03-26 13:25:00+05:30,1.2842694277312974,1.27918508848698,-0.15924186093557516
2025-03-26 13:30:00+05:30,1.2793844528225744,1.2782075224845983,-0.1001346724867154
2025-03-26 13:35:00+05:30,1.2793844528225744,1.2782075224845983,-0.05376280158725952
2025-03-26 13:40:00+05:30,1.2803624019009854,1.2537922154983951,-0.014816204547313161
2025-03-26 13:45:00+05:30,1.2510525524486487,1.2108222289256112,-0.027262796316888282
2025-03-26 13:50:00+05:30,1.2119727531788662,1.2596528428980174,-0.012650761198597368
2025-03-26 13:55:00+05:30,1.261798066102846,1.2557449631958313,-0.11734523962346526
2025-03-26 14:00:00+05:30,1.256913091194123,1.2811378361844117,-0.10800558831074324
2025-03-26 14:05:00+05:30,1.281337965737737,1.2889512112814612,0.11364166088694021
2025-03-26 14:10:00+05:30,1.3038093273661884,1.2694189656924988,-0.10504301074380452
2025-03-26 14:15:00+05:30,1.2715680159202916,1.2498867201035362,0.043205123903494916
2025-03-26 14:20:00+05:30,1.2500746033702377,1.3055531431706149,-0.08707924592054482
2025-03-26 14:25:00+05:30,1.305762840281351,1.3133665182676644,-0.0360124427751776
2025-03-26 14:30:00+05:30,1.3155327900987968,1.3016476477757515,-0.002733658326217796
2025-03-26 14:35:00+05:30,1.3067407893597576,1.3465703820459671,0.33039312512230967
2025-03-26 14:40:00+05:30,1.3477741015446936,1.3055531431706149,0.10399445385222666
2025-03-26 14:45:00+05:30,1.309672251353322,1.2918815249812703,2.8066524318287096e-05
2025-03-26 14:50:00+05:30,1.2940393775487429,1.2479339724061045,0.28928108473364755
2025-03-26 14:55:00+05:30,1.2490990395334904,1.2459788404013499,0.8047005382597192
2025-03-26 15:00:00+05:30,1.245189628461515,1.2801602701820345,1.6876239729761053
2025-03-26 15:05:00+05:30,1.2823159148161436,1.2967645863785109,1.9807120227392472
2025-03-26 15:10:00+05:30,1.2959928904639055,1.2987173340759426,1.6123104809725086
2025-03-26 15:15:00+05:30,1.2999023015358766,1.276254774787171,1.9182593812328061
2025-03-26 15:20:00+05:30,1.2774309399074208,1.270394147387553,1.9011115805699321
2025-03-26 15:25:00+05:30,1.2715680159202916,1.2723492793923077,1.199074846916272
2025-03-27 09:15:00+05:30,1.2432361155463612,1.3143416999627189,-0.8841569743169716
2025-03-27 09:20:00+05:30,1.338004151727248,1.3006700817733743,1.4829801615513813
2025-03-27 09:25:00+05:30,1.2969708395423118,1.3934482483209463,0.8707120388349192
2025-03-27 09:30:00+05:30,1.3946703377167677,1.3309460161591953,-0.10267671467868611
2025-03-27 09:35:00+05:30,1.3311656639033715,1.3319211978542453,0.10311572321796518
2025-03-27 09:40:00+05:30,1.3321436129817779,1.4246993644018173,-0.28926888821672403
2025-03-27 09:45:00+05:30,1.4269116491626692,1.4071198665102909,0.033407277331479406
2025-03-27 09:50:00+05:30,1.4093252624429362,1.461811107882315,-0.3442899792162679
2025-03-27 09:55:00+05:30,1.4611064735237287,1.5086889741572898,-0.32479471243043817
2025-03-27 10:00:00+05:30,1.5119097355261149,1.5350570288409247,-0.09733528775185382
2025-03-27 10:05:00+05:30,1.5363346100697288,1.628812761390874,0.0940773509798471
2025-03-27 10:10:00+05:30,1.6301270824138683,1.6415068135778412,1.001310241028338
2025-03-27 10:15:00+05:30,1.6428261089832237,1.6473674409774592,0.4970569432047747
2025-03-27 10:20:00+05:30,1.6477110838919466,1.7098696731392102,0.13306160790411894
2025-03-27 10:25:00+05:30,1.7102401938685912,1.676665809360903,-0.11417553269273634
2025-03-27 10:30:00+05:30,1.6789768315010962,1.5965840793076211,-0.3116702427430042
2025-03-27 10:35:00+05:30,1.5978857709679668,1.5741215200188496,-0.4003906535664759
2025-03-27 10:40:00+05:30,1.5734608964243528,1.5555668404322645,-0.4760807444133273
2025-03-27 10:45:00+05:30,1.5558745097046198,1.590723451907999,-0.271700552178882
2025-03-27 10:50:00+05:30,1.5949543089744023,1.5936537656078122,-0.3555628379243652
2025-03-27 10:55:00+05:30,1.589091384987273,1.5653329632267456,-0.547546651568336
2025-03-27 11:00:00+05:30,1.5675979724372193,1.6249048816886833,-0.08789521008093047
2025-03-27 11:05:00+05:30,1.6232862093483327,1.7010811163471062,0.9365666232254296
2025-03-27 11:10:00+05:30,1.7024237569663037,1.6659221205640444,0.3897702094088355
2025-03-27 11:15:00+05:30,1.665297470611675,1.6561559977695632,-0.24467330852795385
2025-03-27 11:20:00+05:30,1.6574810337093921,1.5887707042105716,-0.47551584614844494
2025-03-27 11:25:00+05:30,1.589091384987273,1.5936537656078122,-0.09708422185635053
2025-03-27 11:30:00+05:30,1.5949543089744023,1.6209993862938243,-0.5832921584406155
2025-03-27 11:35:00+05:30,1.6232862093483327,1.6581111297743178,-0.38910524156360343
2025-03-27 11:40:00+05:30,1.6584589827877985,1.707916925441774,-0.26254920028778744
2025-03-27 11:45:00+05:30,1.7092622447901802,1.7059641777443468,0.3386845763213055
2025-03-27 11:50:00+05:30,1.7043772698814574,1.7225661096334959,0.5049529656183529
2025-03-27 11:55:00+05:30,1.7248951185947594,1.7596778531139938,-0.068456433121589
2025-03-27 12:00:00+05:30,1.7600655067925708,1.7294019187281728,-0.2194788459141997
2025-03-27 12:05:00+05:30,1.7317336064186404,1.7587002871116166,-0.3842596697803901
2025-03-27 12:10:00+05:30,1.761043455870977,1.7557723577191304,-0.18018075662054875
2025-03-27 12:15:00+05:30,1.7561584809622544,1.7127999868390147,-0.3585254154913039
2025-03-27 12:20:00+05:30,1.7092622447901802,1.7411231735274086,-0.27798347621385155
2025-03-27 12:25:00+05:30,1.7454105820664023,1.7645609145112344,-0.09251482255819084
2025-03-27 12:30:00+05:30,1.7649504817012935,1.7645609145112344,-0.18377099892624565
2025-03-27 12:35:00+05:30,1.7669063798581064,1.7635833485088572,-0.10113265942134093
2025-03-27 12:40:00+05:30,1.7639749178645419,1.7919065351972465,-0.010893299930074407
2025-03-27 12:45:00+05:30,1.7913312544017204,1.8602693947586155,0.6815840997522982
2025-03-27 12:50:00+05:30,1.8616744160389975,1.8426898968670846,0.25162747705554306
2025-03-27 12:55:00+05:30,1.8431100802408582,1.879801640347578,0.24409550019044465
2025-03-27 13:00:00+05:30,1.8812143156738887,1.8866374494422502,0.3249387185425009
2025-03-27 13:05:00+05:30,1.8929377784064925,1.8456202105668935,0.6698028326058068
2025-03-27 13:10:00+05:30,1.847995055149581,1.8397595831672713,0.33417166684963406
2025-03-27 13:15:00+05:30,1.8431100802408582,1.8641748901534745,0.060804843178274864
2025-03-27 13:20:00+05:30,1.8655814418693095,1.8583166470611838,0.06349752490754755
2025-03-27 13:25:00+05:30,1.8606964669605868,1.8876150154446276,-0.035792760116612234
2025-03-27 13:30:00+05:30,1.8919598293280862,1.9208188792229348,0.3167163104647685
2025-03-27 13:35:00+05:30,1.9212696787804229,1.9110527564284534,0.9156277275404561
2025-03-27 13:40:00+05:30,1.9124776780413837,1.9198413132205574,0.4823193751387322
2025-03-27 13:45:00+05:30,1.9193161658652602,1.8964035722367316,0.4995801554545827
2025-03-27 13:50:00+05:30,1.893915727484899,1.9091000087310217,0.6841135886494937
2025-03-27 13:55:00+05:30,1.9144311909565375,1.9110527564284534,0.4227602680779665
2025-03-27 14:00:00+05:30,1.9124776780413837,1.922771626920362,0.7872137986379157
2025-03-27 14:05:00+05:30,1.925179089852394,1.8866374494422502,0.4878365481924168
2025-03-27 14:10:00+05:30,1.8860992905826115,1.8622221424560472,0.6891976730334352
2025-03-27 14:15:00+05:30,1.8733978787716015,1.8661276378509104,0.6092959517895162
2025-03-27 14:20:00+05:30,1.8704664167780323,1.8807768220426324,0.4013820070758622
2025-03-27 14:25:00+05:30,1.8812143156738887,1.8846847017448187,0.27162487563237936
2025-03-27 14:30:00+05:30,1.8782828536803242,1.8475729582643252,1.1272323409180083
2025-03-27 14:35:00+05:30,1.8460415422344183,1.7948368488970556,1.4990923153953044
2025-03-27 14:40:00+05:30,1.785468330414591,1.879801640347578,1.4986717800203364
2025-03-27 14:45:00+05:30,1.8733978787716015,1.8514784536591886,1.810865944431278
2025-03-27 14:50:00+05:30,1.8548359282151166,1.8661276378509104,1.7083118027655757
2025-03-27 14:55:00+05:30,1.8665593909477205,1.846595392261948,0.9610894845687126
2025-03-27 15:00:00+05:30,1.8470194913128293,1.7596778531139938,10.12630021309506
2025-03-27 15:05:00+05:30,1.7561584809622544,1.646389874975082,9.602840374265496
2025-03-27 15:10:00+05:30,1.6477110838919466,1.5506837790350239,7.164946592396931
2025-03-27 15:15:00+05:30,1.5548965606262135,1.538962524235788,6.712726701416423
2025-03-27 15:20:00+05:30,1.5421975340568579,1.5965840793076211,5.769597664958351
2025-03-27 15:25:00+05:30,1.596907821889556,1.5614250835245551,3.4995163276441787
2025-03-28 09:15:00+05:30,1.7366185813273631,1.760655419116371,-0.8841569743169716
2025-03-28 09:20:00+05:30,1.7629969687861309,1.746981416619699,0.1885722773998942
2025-03-28 09:25:00+05:30,1.7483420440599626,1.6424843795802186,-0.4282840745568903
2025-03-28 09:30:00+05:30,1.6438040580616302,1.5809573291135175,-0.04564709651511598
2025-03-28 09:35:00+05:30,1.5744364602611047,1.6668996865664218,0.35905229709400915
2025-03-28 09:40:00+05:30,1.673113907513967,1.615138758894202,-0.16685543421671215
2025-03-28 09:45:00+05:30,1.6154721576876998,1.6473674409774592,-0.2871536580471089
2025-03-28 09:50:00+05:30,1.6584589827877985,1.625882447691065,0.08872337075823963
2025-03-28 09:55:00+05:30,1.6281711842570554,1.628812761390874,-0.4762000007136914
2025-03-28 10:00:00+05:30,1.6262176713418928,1.5829100768109536,-0.18248428621179133
2025-03-28 10:05:00+05:30,1.5842064100785502,1.4559504804826973,0.2689635771400446
2025-03-28 10:10:00+05:30,1.4571970624517576,1.3582892525378845,4.023654044391602
2025-03-28 10:15:00+05:30,1.3604755133557083,1.2987173340759426,6.3733107172855386
2025-03-28 10:20:00+05:30,1.3018558144510348,1.3006700817733743,3.7514986136660458
2025-03-28 10:25:00+05:30,1.3018558144510348,1.3563365048404483,0.18367021579019266
2025-03-28 10:30:00+05:30,1.3751304380818765,1.5038059127600492,-0.3060965798628314
2025-03-28 10:35:00+05:30,1.5011618366302628,1.4627886738846925,-0.398256593454698
2025-03-28 10:40:00+05:30,1.463059986438887,1.416885989304772,-0.38660713590334583
2025-03-28 10:45:00+05:30,1.4103032115213425,1.440326114595921,-0.46851738431129103
2025-03-28 10:50:00+05:30,1.4347280860649565,1.3534061911406439,-0.3713611593989091
2025-03-28 10:55:00+05:30,1.3555905384469855,1.413958059912286,-0.2877499395489292
2025-03-28 11:00:00+05:30,1.4151881864300653,1.4012616234179958,-0.6171797776861708
2025-03-28 11:05:00+05:30,1.3946703377167677,1.3592668185402619,-0.5176886399456084
2025-03-28 11:10:00+05:30,1.362429026270862,1.3358290775564359,-0.6118509040541137
2025-03-28 11:15:00+05:30,1.3350726897336878,1.3495006957457805,-0.2884403707615632
2025-03-28 11:20:00+05:30,1.3526590764534163,1.3739160027319837,-0.5557627829986809
2025-03-28 11:25:00+05:30,1.3741524890034702,1.3739160027319837,-0.5038423558086026
2025-03-28 11:30:00+05:30,1.3741524890034702,1.3553613231453985,-0.5605455883080184
2025-03-28 11:35:00+05:30,1.3565684875253918,1.3846596915288423,-0.51033868585475
2025-03-28 11:40:00+05:30,1.3858783369777286,1.3641498799375025,-0.4141930011717687
2025-03-28 11:45:00+05:30,1.365360488264431,1.3592668185402619,-0.6186108532905396
2025-03-28 11:50:00+05:30,1.3634069753492728,1.3787990641292243,-0.5298527825827424
2025-03-28 11:55:00+05:30,1.3839224388209157,1.3973537437158097,-0.5218626104583505
2025-03-28 12:00:00+05:30,1.3995553126254905,1.390517934621133,-0.23690281906212735
2025-03-28 12:05:00+05:30,1.3907633118864513,1.431535173496494,-0.535564531705442
2025-03-28 12:10:00+05:30,1.430818674992981,1.431535173496494,-0.4605083822447364
2025-03-28 12:15:00+05:30,1.4337501369865502,1.3875876209213283,-0.39584008421047895
2025-03-28 12:20:00+05:30,1.3888074137296385,1.3670801936373114,-0.2601452443383435
2025-03-28 12:25:00+05:30,1.362429026270862,1.3661026276349297,-0.6556619028194361
2025-03-28 12:30:00+05:30,1.3682919502579955,1.3455952003509173,-0.3396515367968448
2025-03-28 12:35:00+05:30,1.3458205886295398,1.3543837571430213,-0.16141985757906613
2025-03-28 12:40:00+05:30,1.3555905384469855,1.3856348732238923,-0.4190071897180441
2025-03-28 12:45:00+05:30,1.386853900814476,1.3973537437158097,-0.31539229464384033
2025-03-28 12:50:00+05:30,1.3995553126254905,1.4471619236905933,-0.45929698929893303
2025-03-28 12:55:00+05:30,1.4523120875430349,1.4510674190854567,-0.3548347468274057
2025-03-28 13:00:00+05:30,1.4523120875430349,1.390517934621133,-0.5606397380188322
2025-03-28 13:05:00+05:30,1.386853900814476,1.4422788622933527,-0.5601438828752131
2025-03-28 13:10:00+05:30,1.4454735997191495,1.4510674190854567,-0.5375856121642434
2025-03-28 13:15:00+05:30,1.4542679856998477,1.4598583601848834,-0.533989093211159
2025-03-28 13:20:00+05:30,1.4611064735237287,1.4735299783742237,-0.3887098127781858
2025-03-28 13:25:00+05:30,1.473807885334739,1.5077114081549081,-0.4295394040344067
2025-03-28 13:30:00+05:30,1.5080027096957984,1.583887642813331,-0.3871406509312903
2025-03-28 13:35:00+05:30,1.5851843591569568,1.5770518337186588,-0.40686815367046053
2025-03-28 13:40:00+05:30,1.5871378720721103,1.547753465335215,-0.4344728488810462
2025-03-28 13:45:00+05:30,1.5461045598871743,1.5614250835245551,-0.36838602853719526
2025-03-28 13:50:00+05:30,1.5627129975284964,1.538962524235788,0.2364003304932691
2025-03-28 13:55:00+05:30,1.5392660720632934,1.6161163248965837,-0.09257131238467907
2025-03-28 14:00:00+05:30,1.6184012344396097,1.6209993862938243,0.2729053116994461
2025-03-28 14:05:00+05:30,1.6291491333354617,1.698150802647293,0.6426249494175766
2025-03-28 14:10:00+05:30,1.6985167311359872,1.7098696731392102,0.4508419884900084
2025-03-28 14:15:00+05:30,1.7102401938685912,1.7460062349246492,0.9908721764227892
2025-03-28 14:20:00+05:30,1.7473664802232152,1.7567475394141805,0.5523855899263101
2025-03-28 14:25:00+05:30,1.757136430040661,1.7743270373057156,0.6686102696021662
2025-03-28 14:30:00+05:30,1.7835148174994329,1.7342849801254134,0.3938123703264383
2025-03-28 14:35:00+05:30,1.7356406322489568,1.775304603308093,0.5978473469545666
2025-03-28 14:40:00+05:30,1.7756983805971456,1.7762797850031429,0.5253269630384441
2025-03-28 14:45:00+05:30,1.7874218433297449,1.778232532700579,0.5424935936434809
2025-03-28 14:50:00+05:30,1.7669063798581064,1.7909289691948649,1.1062997218804222
2025-03-28 14:55:00+05:30,1.7903533053233138,1.7557723577191304,1.0954850584316185
2025-03-28 15:00:00+05:30,1.7581119938774081,1.7088944914441557,3.2863488290671183
2025-03-28 15:05:00+05:30,1.7024237569663037,1.700103550344729,2.7295035027830057
2025-03-28 15:10:00+05:30,1.7043772698814574,1.7137775528413965,3.0181790694326773
2025-03-28 15:15:00+05:30,1.7131716558621557,1.6874094981577616,2.9589965612151663
2025-03-28 15:20:00+05:30,1.6887467813185417,1.6991283686496745,3.5841192577813965
2025-03-28 15:25:00+05:30,1.7004702440511454,1.6522505023746998,1.9475964311223646
