Date,Open,Close,Volume
2020-03-30 00:00:00+05:30,-2.898709777825935,-3.111700960883307,0.5152127786047436
2020-03-31 00:00:00+05:30,-3.0179825868234955,-2.9743000678649136,0.3494710604720491
2020-04-01 00:00:00+05:30,-2.972231059293885,-3.12078545348846,0.09997776317700866
2020-04-03 00:00:00+05:30,-3.067148282138211,-3.192552280850297,0.3406960490962749
2020-04-07 00:00:00+05:30,-2.926024250252543,-2.818957468006061,1.3789473133680594
2020-04-08 00:00:00+05:30,-2.8989375189018696,-2.8516610060448224,1.2076527285595997
2020-04-09 00:00:00+05:30,-2.748481515464885,-2.6874614807414763,0.7271698344279869
2020-04-13 00:00:00+05:30,-2.6528809979030643,-2.8223640444364384,0.3064548282359552
2020-04-15 00:00:00+05:30,-2.6688145066667794,-2.967941182953038,1.2795237367646217
2020-04-16 00:00:00+05:30,-2.966995969506864,-2.8932223359005165,1.1110449235803361
2020-04-17 00:00:00+05:30,-2.739376378473503,-2.754458350244671,1.1939317140398855
2020-04-20 00:00:00+05:30,-2.5754908207854976,-2.5975262457509594,1.6167069353210455
2020-04-21 00:00:00+05:30,-2.693852997398905,-2.7029048582585045,0.2664200541133385
2020-04-22 00:00:00+05:30,-2.7204840098787164,-2.671336556905722,0.47521722021923996
2020-04-23 00:00:00+05:30,-2.6483287971489977,-2.5516498035671296,0.5819113127839975
2020-04-24 00:00:00+05:30,-2.657433721751466,-2.6284130007850157,0.270773082632347
2020-04-27 00:00:00+05:30,-2.602122169899157,-2.666340187049673,0.031250876695030905
2020-04-28 00:00:00+05:30,-2.6082678473891017,-2.6586182095003457,0.11378219283754037
2020-04-29 00:00:00+05:30,-2.6483288056349306,-2.4510405713366,1.193699524196395
2020-04-30 00:00:00+05:30,-2.346050224930472,-2.3388485171774875,0.7000451260613658
2020-05-04 00:00:00+05:30,-2.5459000950520796,-2.6967726741348494,0.002707212240533492
2020-05-05 00:00:00+05:30,-2.6346714648774996,-2.7492347020187755,0.12323571816482388
2020-05-06 00:00:00+05:30,-2.7211667868285265,-2.590485236938732,0.2912501516621282
2020-05-07 00:00:00+05:30,-2.6232908328853752,-2.6876884703205097,-0.197072213416754
2020-05-08 00:00:00+05:30,-2.6164617773663137,-2.6692922067403577,-0.23891238203671591
2020-05-11 00:00:00+05:30,-2.6392243479975024,-2.7294767897552368,0.07739930253413052
2020-05-12 00:00:00+05:30,-2.803109923462386,-2.794202608304847,0.9359638959547002
2020-05-13 00:00:00+05:30,-2.575490585149765,-2.6756513804430457,0.7226690115997333
2020-05-14 00:00:00+05:30,-2.816766882704208,-2.8298584548251062,0.5269140192642273
2020-05-15 00:00:00+05:30,-2.8509101249268705,-2.8550678712660127,-0.09421676961920449
2020-05-18 00:00:00+05:30,-2.8622908235418394,-3.0889901625566445,0.8167458492456066
2020-05-19 00:00:00+05:30,-2.9858883056397603,-3.11624335158129,0.8498638660354446
2020-05-20 00:00:00+05:30,-3.0969665041282908,-2.996102907875443,0.5456810370575196
2020-05-21 00:00:00+05:30,-2.9831567037879587,-2.9849743538957387,0.8914577108066648
2020-05-22 00:00:00+05:30,-3.0352816468746817,-3.0789977116353584,0.6287336774052765
2020-05-26 00:00:00+05:30,-3.003414967917275,-3.0174509023554665,0.4636076463452581
2020-05-27 00:00:00+05:30,-2.9902128857955463,-2.7846638477508145,1.199744303274573
2020-05-28 00:00:00+05:30,-2.7166147052675655,-2.595709173955441,1.9948046477026569
2020-05-29 00:00:00+05:30,-2.6073572736393182,-2.5666389131352774,1.0771711051570951
2020-06-01 00:00:00+05:30,-2.466233415909883,-2.403120356569031,0.5120177581229045
2020-06-02 00:00:00+05:30,-2.412970519444039,-2.3424823719777113,0.6114200111692869
2020-06-03 00:00:00+05:30,-2.2613761547454097,-2.245960973705473,0.9759014477290573
2020-06-04 00:00:00+05:30,-2.2247291830574643,-2.3393027851263675,1.1282625112603988
2020-06-05 00:00:00+05:30,-2.3383117654126933,-2.195543007196099,0.3488539028092314
2020-06-08 00:00:00+05:30,-2.079280634635855,-2.2748036673649774,0.9459412781702531
2020-06-09 00:00:00+05:30,-2.2613758922498657,-2.404710149994703,1.4374240231631912
2020-06-10 00:00:00+05:30,-2.3979476354664424,-2.3840434130425923,0.40202987043845423
2020-06-11 00:00:00+05:30,-2.4207099440148436,-2.4896495927107964,0.17327075034964284
2020-06-12 00:00:00+05:30,-2.6801958426929455,-2.42537746452844,0.6531391012009121
2020-06-15 00:00:00+05:30,-2.4981003875651453,-2.5748154474242977,0.21870471447821282
2020-06-16 00:00:00+05:30,-2.466233642353221,-2.3906295763243137,0.7656839366445901
2020-06-17 00:00:00+05:30,-2.4024997128195063,-2.441274532412722,0.42082515624224887
2020-06-18 00:00:00+05:30,-2.4434713573792566,-2.2564076925756384,0.5806410496993418
2020-06-19 00:00:00+05:30,-2.270708667294338,-2.195543007196099,0.8669006528275252
2020-06-22 00:00:00+05:30,-2.1728324305339037,-2.216436733727243,0.12411872584548761
2020-06-23 00:00:00+05:30,-2.1748810935883585,-2.154890213238164,0.08882611473327477
2020-06-24 00:00:00+05:30,-2.131633137772336,-2.199403562784543,0.5217814962706433
2020-06-25 00:00:00+05:30,-2.2527264742432567,-2.216436733727243,1.7970096200427454
2020-06-26 00:00:00+05:30,-2.1657756757232085,-2.0906180850558074,0.5438359366263473
2020-06-29 00:00:00+05:30,-2.183985505109615,-2.001591097172237,0.7904382988010801
2020-06-30 00:00:00+05:30,-2.0155467200349793,-2.0479212297233205,0.37132721625697496
2020-07-01 00:00:00+05:30,-2.0526486249842435,-1.9627550862190073,0.3345864823524079
2020-07-02 00:00:00+05:30,-1.9413425974158103,-1.940952534999291,0.4206886364574238
2020-07-03 00:00:00+05:30,-1.9290515997420994,-2.011129857726269,0.038447863149263704
2020-07-06 00:00:00+05:30,-1.8609935237397321,-1.8791790249311788,0.36365098081543895
2020-07-07 00:00:00+05:30,-1.8543922901443322,-1.8694132747981131,-0.09420770097999707
2020-07-08 00:00:00+05:30,-1.8653188040733097,-1.8457948069461305,0.13890126134918238
2020-07-09 00:00:00+05:30,-1.8152421616178556,-1.7794786173892225,-0.2672212422652485
2020-07-10 00:00:00+05:30,-1.8156972441080275,-1.8696408419587724,-0.37144956365956644
2020-07-13 00:00:00+05:30,-1.8521158580133816,-1.9825135760641721,0.1334177575084359
2020-07-14 00:00:00+05:30,-2.0674446105035336,-2.0797170982367628,-0.0017719602328555423
2020-07-15 00:00:00+05:30,-2.032846446729084,-2.1056071946239556,-0.23209415424343396
2020-07-16 00:00:00+05:30,-2.108187905369467,-2.0629103392914696,-0.12228755764367953
2020-07-17 00:00:00+05:30,-2.0836052044721973,-1.8998466282557287,0.07147421315359986
2020-07-20 00:00:00+05:30,-1.73785121163637,-1.7426860902289187,1.5714090824800389
2020-07-21 00:00:00+05:30,-1.6602332652841578,-1.7177045297394842,0.8519770223696754
2020-07-22 00:00:00+05:30,-1.7219182399045636,-1.7731194436865343,-0.0791683840976637
2020-07-23 00:00:00+05:30,-1.7833755520568402,-1.7547234688971953,-0.2658062894505358
2020-07-24 00:00:00+05:30,-1.7929353267229624,-1.806050260095142,-0.2883014983515009
2020-07-27 00:00:00+05:30,-1.8978686822568338,-1.9859213076578015,0.4621755366455584
2020-07-28 00:00:00+05:30,-1.9927851342948646,-1.9534438928256344,0.3652128292454212
2020-07-29 00:00:00+05:30,-1.9836807883313312,-2.0535997234797225,0.2833351087214637
2020-07-30 00:00:00+05:30,-2.015546942835706,-2.1169624493918806,0.01226367887773894
2020-07-31 00:00:00+05:30,-2.089750890206817,-2.1980401813562778,0.45223279499778873
2020-08-03 00:00:00+05:30,-2.2342894295314117,-2.337939981279729,0.20945658157405928
2020-08-04 00:00:00+05:30,-2.316004559271599,-2.1578422329288487,1.3745980430238576
2020-08-05 00:00:00+05:30,-2.134137095482367,-2.221887082741359,0.2681910531412574
2020-08-06 00:00:00+05:30,-2.183985635671495,-2.1621579228386114,0.28557375541445656
2020-08-07 00:00:00+05:30,-2.193773231280758,-2.147849782007562,-0.07431658042224772
2020-08-10 00:00:00+05:30,-2.152118536720857,-2.1169624493918806,-0.18313739143032115
2020-08-11 00:00:00+05:30,-2.131632978546596,-2.0442876637139102,-0.2663362737977291
2020-08-12 00:00:00+05:30,-2.056518719239266,-2.0576875574380127,-0.24467431761096553
2020-08-13 00:00:00+05:30,-2.043089400291178,-2.07880827354819,-0.2762794239427604
2020-08-14 00:00:00+05:30,-2.0524210290955622,-2.190546059758423,-0.2341318202837221
2020-08-17 00:00:00+05:30,-2.1384614447195482,-2.1982677485169373,-0.2898304219021986
2020-08-18 00:00:00+05:30,-2.2249573146479333,-2.090391384267587,-0.10683132845616232
2020-08-19 00:00:00+05:30,-2.0565185520305413,-2.0445149420837567,-0.3652140163602236
2020-08-20 00:00:00+05:30,-2.1022706564261915,-2.0790358407088494,-0.3038940839249385
2020-08-21 00:00:00+05:30,-2.054697963382879,-1.9579865723144303,0.09265741054977417
2020-08-24 00:00:00+05:30,-1.9609179740162745,-1.8153608759068889,0.41354990171269446
2020-08-25 00:00:00+05:30,-1.8106899149165938,-1.8033252299834903,0.0386310333213629
2020-08-26 00:00:00+05:30,-1.8015856181775178,-1.809003434949079,-0.05988527086407233
2020-08-27 00:00:00+05:30,-1.7797338743072657,-1.8378461286085832,-0.24550912261476104
2020-08-28 00:00:00+05:30,-1.8427843633605239,-1.826944275417099,0.4918535162960528
2020-08-31 00:00:00+05:30,-1.7628894130240926,-1.820812091293444,0.4838696824165357
2020-09-01 00:00:00+05:30,-1.7697180137788708,-1.7688037537767716,0.09076124796090256
2020-09-02 00:00:00+05:30,-1.7874731214043265,-1.7376905867453083,-0.281633107353772
2020-09-03 00:00:00+05:30,-1.7276088633828526,-1.7524524179436103,-0.2787049989826591
2020-09-04 00:00:00+05:30,-1.8516614534594678,-1.8051417241973828,-0.12233192044628875
2020-09-07 00:00:00+05:30,-1.8229812843701974,-1.8451132606274048,-0.3693054432329067
2020-09-08 00:00:00+05:30,-1.833451818799896,-1.8362560463920983,-0.49146851009974324
2020-09-09 00:00:00+05:30,-1.8926324213302517,-1.9087032649094091,-0.44637229150706004
2020-09-10 00:00:00+05:30,-1.883528070500453,-1.9357294643550214,-0.46846316981849834
2020-09-11 00:00:00+05:30,-1.9133461221987873,-1.9897812856646195,-0.23943337944415416
2020-09-14 00:00:00+05:30,-1.9518136404461761,-2.0838049321950525,-0.20447173281328557
2020-09-15 00:00:00+05:30,-2.042860732413411,-2.0267996472407046,-0.41466318177246303
2020-09-16 00:00:00+05:30,-2.0328457971734735,-1.921648024312193,-0.32458945389131605
2020-09-17 00:00:00+05:30,-1.9700237670295129,-1.9672983432894293,-0.340579098803024
2020-09-18 00:00:00+05:30,-1.933604139192511,-2.086756951885737,-0.12966820446672545
2020-09-21 00:00:00+05:30,-2.102042632760441,-2.123094633515535,-0.27831627298852535
2020-09-22 00:00:00+05:30,-2.1063670018122718,-2.1862309474302863,-0.32824280830066466
2020-09-23 00:00:00+05:30,-2.1430135992690498,-2.132405826908909,-0.432035835013027
2020-09-24 00:00:00+05:30,-2.17943289420493,-2.2089417457569485,-0.27967934665101546
2020-09-25 00:00:00+05:30,-2.1248049425666644,-2.1471688132704627,-0.2587628979666627
2020-09-28 00:00:00+05:30,-2.1295851016718594,-2.1008386807193786,-0.4290703899922043
2020-09-29 00:00:00+05:30,-2.088385135436173,-2.0629103392914696,-0.572370248966298
2020-09-30 00:00:00+05:30,-2.0792806179284713,-1.9900088528252788,-0.32035211179679124
2020-10-01 00:00:00+05:30,-1.9422540766994205,-1.8612381844631587,-0.22275239376692285
2020-10-05 00:00:00+05:30,-1.8425566294029145,-1.827625821735825,-0.3968928972974626
2020-10-06 00:00:00+05:30,-1.7376235006576433,-1.6924954020893905,-0.29755191884031934
2020-10-07 00:00:00+05:30,-1.6927822753834127,-1.6100542886967284,-0.2208856429808861
2020-10-08 00:00:00+05:30,-1.5329935424360934,-1.4758324049480531,0.34332652636258965
2020-10-09 00:00:00+05:30,-1.4373940248114163,-1.28619676241558,0.7482173290338593
2020-10-12 00:00:00+05:30,-1.2983185939240773,-1.3765865541457893,-0.3037383647688185
2020-10-13 00:00:00+05:30,-1.3809447658834033,-1.4456283513959751,-0.3391384923602831
2020-10-14 00:00:00+05:30,-1.462204437560573,-1.386352304278855,-0.16638638932245245
2020-10-15 00:00:00+05:30,-1.3773028172463504,-1.5782595753465392,0.06498556095097277
2020-10-16 00:00:00+05:30,-1.5329939539826165,-1.4415396510652456,-0.03403613604650778
2020-10-19 00:00:00+05:30,-1.2826126882632216,-1.422462129957181,0.641483857333084
2020-10-20 00:00:00+05:30,-1.4078031958728334,-1.3298018648550125,0.03087938928533642
2020-10-21 00:00:00+05:30,-1.3026433486622555,-1.2264673137220194,0.3670225538137393
2020-10-22 00:00:00+05:30,-1.2600787786021737,-1.2873322878923725,-0.19374990518820195
2020-10-23 00:00:00+05:30,-1.243917795459428,-1.2759770331244478,-0.44076125482124356
2020-10-26 00:00:00+05:30,-1.3062850363183418,-1.3890773343905065,-0.28938254550458586
2020-10-27 00:00:00+05:30,-1.3235846883161448,-1.2882414013717576,-0.0955177516979322
2020-10-28 00:00:00+05:30,-1.3144796879887939,-1.3949825289351283,-0.411963995266748
2020-10-29 00:00:00+05:30,-1.439215165492542,-1.4967275754332623,-0.14689673987339866
2020-10-30 00:00:00+05:30,-1.5213857745785913,-1.5133064784270829,-0.6181926122911925
2020-11-02 00:00:00+05:30,-1.467667942626532,-1.369319422126968,-0.19321804175360527
2020-11-03 00:00:00+05:30,-1.3215353976769975,-1.220789108756431,0.06160867748827165
2020-11-04 00:00:00+05:30,-1.2052221247485582,-1.1778655526357242,-0.13281183599305582
2020-11-05 00:00:00+05:30,-1.1414889067787817,-1.1242682880658188,-0.2133223161824549
2020-11-06 00:00:00+05:30,-1.1403507752196087,-0.949620888729055,0.36967664222177427
2020-11-09 00:00:00+05:30,-0.9175114309623102,-0.8001826170423849,-0.01501683034445445
2020-11-10 00:00:00+05:30,-0.727221963068167,-0.5589931937329319,0.6070802179615541
2020-11-11 00:00:00+05:30,-0.5319239543226105,-0.5757990863057857,0.38644422931846373
2020-11-12 00:00:00+05:30,-0.6343528571265054,-0.6586941788565143,0.016253961828451097
2020-11-13 00:00:00+05:30,-0.6735034442637395,-0.7172881020732824,-0.17089775138005517
2020-11-14 00:00:00+05:30,-0.6780554881034933,-0.6677783826708541,-1.0139304619202603
2020-11-17 00:00:00+05:30,-0.5961123130813277,-0.4917684682782646,0.1798960040365473
2020-11-18 00:00:00+05:30,-0.5178120818504466,-0.49063352038309815,-0.3183531712969023
2020-11-19 00:00:00+05:30,-0.5783589405701848,-0.6466573777698637,-0.26099582569799323
2020-11-20 00:00:00+05:30,-0.6559772594746197,-0.5135715970796069,-0.2553389556194258
2020-11-23 00:00:00+05:30,-0.46318388975849495,-0.5546786589864213,-0.05757423845632485
2020-11-24 00:00:00+05:30,-0.49505029977803955,-0.3566392037950822,0.5514038385941084
2020-11-25 00:00:00+05:30,-0.2979311931826555,-0.5174315750864249,-0.10226522776550587
2020-11-26 00:00:00+05:30,-0.4631834295717466,-0.40910094288819526,0.05257663963550185
2020-11-27 00:00:00+05:30,-0.38670281216894836,-0.3446018251268055,-0.3538187401496745
2020-12-01 00:00:00+05:30,-0.34550479389291555,-0.37889573417286504,-0.38841870330512684
2020-12-02 00:00:00+05:30,-0.39034452890472005,-0.4985816211390194,-0.35800297760019195
2020-12-03 00:00:00+05:30,-0.3994497073333428,-0.6337120407854538,0.46066932554260537
2020-12-04 00:00:00+05:30,-0.6179648412702673,-0.5955581537325764,0.01046857851138593
2020-12-07 00:00:00+05:30,-0.6452790805663434,-0.6561961383238961,-0.09557747399757738
2020-12-08 00:00:00+05:30,-0.6452791779344024,-0.6378001635345572,-0.29404268226486147
2020-12-09 00:00:00+05:30,-0.6361740018019525,-0.49744667324385294,-0.1873767760111539
2020-12-10 00:00:00+05:30,-0.5405742991307912,-0.5944226282557838,-0.2830103967209656
2020-12-11 00:00:00+05:30,-0.5767655089045278,-0.6082759235563269,-0.21648996734776707
2020-12-14 00:00:00+05:30,-0.6088598617777344,-0.6566501174819627,-0.38537637909967204
2020-12-15 00:00:00+05:30,-0.6188746353736438,-0.5696669021821307,-0.20811364929930953
2020-12-16 00:00:00+05:30,-0.5132598621143151,-0.4815493165687583,-0.4013060566133778
2020-12-17 00:00:00+05:30,-0.446794939756885,-0.3402867127986689,-0.1932834830149128
2020-12-18 00:00:00+05:30,-0.37213582453094296,-0.4785967192964475,-0.1495154524185795
2020-12-21 00:00:00+05:30,-0.4518025803663748,-0.6543790665283777,-0.11822840205466247
2020-12-22 00:00:00+05:30,-0.6006656672832721,-0.6523355827354521,-0.15541251888696472
2020-12-23 00:00:00+05:30,-0.6794221391205675,-0.640752760806868,-0.45705359620379343
2020-12-24 00:00:00+05:30,-0.5797239146840159,-0.5433222490552445,-0.4780996202195241
2020-12-28 00:00:00+05:30,-0.5087075348470925,-0.4717835664356927,-0.6109835343180164
2020-12-29 00:00:00+05:30,-0.4356410994516416,-0.406602902355577,-0.49676149081768184
2020-12-30 00:00:00+05:30,-0.3498289314328407,-0.38252930018227577,-0.4264435892012439
2020-12-31 00:00:00+05:30,-0.3721358121798161,-0.3652688508697293,-0.1842445824081482
2021-01-01 00:00:00+05:30,-0.349373515830339,-0.41636807490701666,-0.7289680009965456
2021-01-04 00:00:00+05:30,-0.3584783505345936,-0.45747513681383106,-0.4459098726069345
2021-01-05 00:00:00+05:30,-0.4440639930058176,-0.408874530890788,-0.5011945847999629
2021-01-06 00:00:00+05:30,-0.3721362364537254,-0.43680868865253325,-0.18472252420421434
2021-01-07 00:00:00+05:30,-0.38351649696561546,-0.4563396113370386,-0.2761935578183731
2021-01-08 00:00:00+05:30,-0.3857927023917899,-0.38638985577071977,-0.5264421665501027
2021-01-11 00:00:00+05:30,-0.30385003070121513,-0.29645519836182904,-0.3809097883419401
2021-01-12 00:00:00+05:30,-0.2926968221780599,-0.16223331461315377,-0.2560418160077262
2021-01-13 00:00:00+05:30,-0.1085520516413861,-0.20924441590133774,-0.397116590397912
2021-01-14 00:00:00+05:30,-0.20756641942199444,-0.21787464055761097,-0.5865565418669687
2021-01-15 00:00:00+05:30,-0.21689931678086694,-0.22741340111164335,-0.510246393920194
2021-01-18 00:00:00+05:30,-0.2132576421775522,-0.1526951316407474,0.6605229343025985
2021-01-19 00:00:00+05:30,-0.11355969728546071,-0.05844420674046799,-0.3797307835455247
2021-01-20 00:00:00+05:30,-0.0716780085332968,-0.11226903847103287,-0.5437098359944368
2021-01-21 00:00:00+05:30,-0.11264954118431061,-0.19039446195393228,-0.013194360661574573
2021-01-22 00:00:00+05:30,-0.22236222282790044,-0.3323380344611216,-0.4601185511575406
2021-01-25 00:00:00+05:30,-0.23510878463365711,-0.2446738504241898,-0.2578162464126425
2021-01-27 00:00:00+05:30,-0.22190692799784417,-0.4865453976339948,-0.1266249815672951
2021-01-28 00:00:00+05:30,-0.5774480058179818,-0.6598297043333068,0.6555725193882335
2021-01-29 00:00:00+05:30,-0.5708480453558321,-0.5733016233547935,0.08367864073991635
2021-02-01 00:00:00+05:30,-0.48480751282775647,-0.18153782530025184,-0.011662904427854967
2021-02-02 00:00:00+05:30,-0.07167829144897196,0.19909770756539838,0.6439613932246575
2021-02-03 00:00:00+05:30,0.2834077996413171,0.2638238149058214,-0.2622061213846469
2021-02-04 00:00:00+05:30,0.22422663845911692,0.28335473759032676,-0.08869976900300722
2021-02-05 00:00:00+05:30,0.14228387437225914,0.36738535561784785,0.01628533441814159
2021-02-08 00:00:00+05:30,0.47005574276292517,0.40213324382197396,-0.3761635403589203
2021-02-09 00:00:00+05:30,0.42453178653095147,0.43211146295827085,-0.33638464892096664
2021-02-10 00:00:00+05:30,0.4170199763389509,0.29539153867697737,-0.28055777916234936
2021-02-11 00:00:00+05:30,0.29706538328235627,0.25269554971693,-0.5313500977492619
2021-02-12 00:00:00+05:30,0.26019139512993267,0.2963006521563626,-0.6840672891932618
2021-02-15 00:00:00+05:30,0.37946265888735475,0.45368644701732785,-0.6658835237900748
2021-02-16 00:00:00+05:30,0.4755190273698528,0.4993367659945642,-0.5211891368643481
2021-02-17 00:00:00+05:30,0.470055571259522,0.3169671003176604,-0.5662436070368964
2021-02-18 00:00:00+05:30,0.4060943616513668,0.1707089930639605,-0.48756156059039646
2021-02-19 00:00:00+05:30,0.12862697777366883,0.10166777339540088,-0.38874819719632936
2021-02-22 00:00:00+05:30,0.12885477297519862,0.14209328898348936,0.11420711168905148
2021-02-23 00:00:00+05:30,0.16846027422549642,0.056473166321109214,-0.3437972402298693
2021-02-24 00:00:00+05:30,0.04440785297286735,0.40758388162690307,-0.5041558631487173
2021-02-25 00:00:00+05:30,0.42339380781059305,0.40735689204786973,-0.2674219778195963
2021-02-26 00:00:00+05:30,0.32005450695697485,0.08031920133375114,0.05133970992739222
2021-03-01 00:00:00+05:30,0.21512205787011332,0.19160300838591765,-0.5359497769148214
2021-03-02 00:00:00+05:30,0.26838477333877103,0.23384501818789846,-0.4308017647857485
2021-03-03 00:00:00+05:30,0.3061706758815254,0.3185577601157715,-0.6304600301552469
2021-03-04 00:00:00+05:30,0.14478802704641494,0.16048926377282827,-0.42339162446041545
2021-03-05 00:00:00+05:30,0.06489387249847449,0.060334299491179244,-0.3762353541775087
2021-03-08 00:00:00+05:30,0.11496925768631594,0.012640496721017264,-0.47136505266541684
2021-03-09 00:00:00+05:30,0.12862687516822213,0.20795492180070488,-0.4734219997764522
2021-03-10 00:00:00+05:30,0.2515418771391754,0.1772957339273081,-0.6372980292159901
2021-03-12 00:00:00+05:30,0.37900818890565563,0.16003470703313566,-0.4503620025616059
2021-03-15 00:00:00+05:30,0.1441051608520494,0.05420211536752426,-0.5892844865799001
2021-03-16 00:00:00+05:30,0.06443862660032613,-0.020743721264031022,-0.5283375121444511
2021-03-17 00:00:00+05:30,0.03416515656177557,-0.0970526505330381,-0.22841628999838967
2021-03-18 00:00:00+05:30,-0.022740356632017206,-0.1168117179598288,-0.35092004358139645
2021-03-19 00:00:00+05:30,-0.14451607406519257,-0.08728690039997243,-0.22144765351338846
2021-03-22 00:00:00+05:30,-0.09944715050297939,-0.2160575687620926,-0.5163576763525596
2021-03-23 00:00:00+05:30,-0.21280253841733685,-0.07525067689494784,-0.2816434831842165
2021-03-24 00:00:00+05:30,-0.11765739286435872,-0.17222605432525273,-0.42022732297264836
2021-03-25 00:00:00+05:30,-0.12084462903958135,-0.24240337705223086,-0.10995502531612687
2021-03-26 00:00:00+05:30,-0.10354441335065077,-0.11544804774075096,-0.5978273081121837
2021-03-30 00:00:00+05:30,-0.045957109798228396,0.16798338537068297,-0.04282716051493654
2021-03-31 00:00:00+05:30,0.14228413402816856,-0.10477433929155214,0.16823773728898334
2021-04-01 00:00:00+05:30,-0.07896243952648846,-0.13611622864692688,0.37204747862861925
2021-04-05 00:00:00+05:30,-0.16727757321465384,-0.3048572782758169,-0.435027750656401
2021-04-06 00:00:00+05:30,-0.25832614930702397,-0.34732743282008305,-0.4730527999514227
2021-04-07 00:00:00+05:30,-0.35255998732338156,-0.31575913146730106,-0.06404712266465439
2021-04-08 00:00:00+05:30,-0.2901925639353196,-0.38116620754482394,-0.36938199561972956
2021-04-09 00:00:00+05:30,-0.41310689013888324,-0.4313574732659781,0.06134666734468463
2021-04-12 00:00:00+05:30,-0.5633354423292875,-0.6798146061758786,-0.16776670156938192
2021-04-13 00:00:00+05:30,-0.6771453663958295,-0.5285604178569423,-0.32905963942495
2021-04-15 00:00:00+05:30,-0.5087072437601564,-0.3934305757921339,0.31817575846344787
2021-04-16 00:00:00+05:30,-0.37236371381748695,-0.4000167390738555,-0.45137009210377005
2021-04-19 00:00:00+05:30,-0.5769930523542274,-0.47382705022861826,-0.10567046093816168
2021-04-20 00:00:00+05:30,-0.41765951051304784,-0.5692129230240641,-0.14173962534466658
2021-04-22 00:00:00+05:30,-0.6225167290295934,-0.4279508968356007,0.483222050858003
2021-04-23 00:00:00+05:30,-0.49049785866236306,-0.46587837189107095,-0.16105100658876034
2021-04-26 00:00:00+05:30,-0.4722879888901882,-0.5083473712720851,0.14358272166651323
2021-04-27 00:00:00+05:30,-0.4984640640319691,-0.35436757525987117,-0.24767783457656883
2021-04-28 00:00:00+05:30,-0.3664446812163863,-0.18130968055796648,-0.1042530571398794
2021-04-29 00:00:00+05:30,-0.13905365300837605,-0.20084175840572388,-0.10529014998761675
2021-04-30 00:00:00+05:30,-0.3266116743085586,-0.47428102938668487,0.35036199299958776
2021-05-03 00:00:00+05:30,-0.5633358480896854,-0.4645158568352452,-0.1708479147141406
2021-05-04 00:00:00+05:30,-0.48617313205595003,-0.5830667959062331,-0.21118179053169717
2021-05-05 00:00:00+05:30,-0.5269168025781182,-0.5183406885658101,-0.4997735045263263
2021-05-06 00:00:00+05:30,-0.49687136087709943,-0.5260623773243241,-0.6200583009843491
2021-05-07 00:00:00+05:30,-0.4725163258338577,-0.46315334177941947,-0.5967212609266891
2021-05-10 00:00:00+05:30,-0.40855446451451943,-0.43998769792225134,-0.6370923916945032
2021-05-11 00:00:00+05:30,-0.5496784538592556,-0.5140249986560474,-0.4957938425044156
2021-05-12 00:00:00+05:30,-0.5326069055140435,-0.5324209734453863,-0.5261904505375079
2021-05-14 00:00:00+05:30,-0.5571901212699826,-0.589879948766988,-0.6557161086484279
2021-05-17 00:00:00+05:30,-0.5535482833510281,-0.34732743282008305,-0.47121627796274396
2021-05-18 00:00:00+05:30,-0.263106194142935,-0.1817648148792851,-0.18344678725625319
2021-05-19 00:00:00+05:30,-0.21189203719863786,-0.26579543290680624,-0.6750472611599828
2021-05-20 00:00:00+05:30,-0.26583740783466175,-0.38116620754482394,-0.6524464148671693
2021-05-21 00:00:00+05:30,-0.33571661605679265,-0.08819543629773162,-0.2987914629309032
2021-05-24 00:00:00+05:30,-0.06143572388334332,-0.03073761613938207,-0.18423020330454004
2021-05-25 00:00:00+05:30,-0.028430649095258047,-0.17154508558815287,-0.30306728546747025
2021-05-26 00:00:00+05:30,-0.16727836646973093,-0.18017473266280004,-0.5870947778588462
2021-05-27 00:00:00+05:30,-0.1986899525348967,-0.154738615433673,-0.25394459106669753
2021-05-28 00:00:00+05:30,-0.1176570423696836,-0.06026127853598637,-0.3638089491792415
2021-05-31 00:00:00+05:30,-0.07623077347370082,-0.003938406272803256,-0.4491426382357449
2021-06-01 00:00:00+05:30,0.01618369752549507,-0.022787782638582683,-0.6383133083099582
2021-06-02 00:00:00+05:30,-0.03070637818117009,-0.05776266042174209,-0.654904261190734
2021-06-03 00:00:00+05:30,-0.039811141355958896,0.01741074337047252,-0.6686606515733021
2021-06-04 00:00:00+05:30,-0.003392628573590936,-0.07161711088553713,-0.703905141708099
2021-06-07 00:00:00+05:30,-0.030706731632531903,-0.0766131919507736,-0.7583499835312882
2021-06-08 00:00:00+05:30,-0.0919360741542842,-0.15292154363815463,-0.6856018500061695
2021-06-09 00:00:00+05:30,-0.14952422147999914,-0.16541290146449789,-0.671267599397349
2021-06-10 00:00:00+05:30,-0.1577182220169664,-0.16200574745249444,-0.619792941163217
2021-06-11 00:00:00+05:30,-0.11720209908648806,-0.1379327228608192,-0.7945303408923993
2021-06-14 00:00:00+05:30,-0.17524514580523393,-0.16927403463456792,-0.7260666083463411
2021-06-15 00:00:00+05:30,-0.139964235609643,-0.12021829439020622,-0.7796762366684731
2021-06-16 00:00:00+05:30,-0.13085911111967055,-0.1458814011983665,-0.7742638113512442
2021-06-17 00:00:00+05:30,-0.23101179808659106,-0.22991201922588764,-0.7096516360858605
2021-06-18 00:00:00+05:30,-0.21507807556807265,-0.1676833748364568,-0.6012259236292017
2021-06-21 00:00:00+05:30,-0.25217963734622756,-0.1272578592483683,-0.792304112516159
2021-06-22 00:00:00+05:30,-0.08988720190635403,-0.14951438962615118,-0.5020115793231529
2021-06-23 00:00:00+05:30,-0.12175371261324532,-0.14179270086763718,-0.7684316959474525
2021-06-24 00:00:00+05:30,-0.12175429507663728,-0.04754293113060984,-0.48492822384325057
2021-06-25 00:00:00+05:30,-0.025698758460714722,-0.007344405121554635,-0.6647425092389877
2021-06-28 00:00:00+05:30,0.0148169977377808,-0.03800474815820348,-0.7066702596718356
2021-06-29 00:00:00+05:30,-0.014671586867953364,-0.037091591607435984,-0.6407017917985042
2021-06-30 00:00:00+05:30,-0.05582059598283204,-0.056023562145738975,-0.6935070073131033
2021-07-01 00:00:00+05:30,-0.03753229404767516,-0.1068882880428545,-0.3980646308426216
2021-07-02 00:00:00+05:30,-0.11525765994354654,-0.13585573933358333,-0.4832120451478377
2021-07-05 00:00:00+05:30,-0.09262606630176862,-0.06720034419121768,-0.7876713450724102
2021-07-06 00:00:00+05:30,-0.06039295027358099,0.11185169262571872,-0.36711728680144695
2021-07-07 00:00:00+05:30,0.10877453940372607,0.13374896723210541,-0.6955426308670835
2021-07-08 00:00:00+05:30,0.06762615963199442,0.04684603577829286,-0.7449000477943687
2021-07-09 00:00:00+05:30,0.010703320259490518,-0.03732031393134739,-0.6519701887596019
2021-07-12 00:00:00+05:30,-0.037532028087927216,-0.10574756433142768,-0.4982471136586505
2021-07-13 00:00:00+05:30,-0.06450792359467789,-0.03800474815820348,-0.3463202827163846
2021-07-14 00:00:00+05:30,-0.05810648197045987,-0.05032109875185693,-0.6890351060909707
2021-07-15 00:00:00+05:30,-0.02381536560016071,0.047986759489719685,-0.6624702023716393
2021-07-16 00:00:00+05:30,0.08111317167843869,0.055513225658632565,-0.8776736676322304
2021-07-19 00:00:00+05:30,-0.10611342784612099,-0.17873713199558922,-0.06309042207799892
2021-07-20 00:00:00+05:30,-0.31185735702901973,-0.3057842967856093,-0.10138091289360504
2021-07-22 00:00:00+05:30,-0.24739120022060887,-0.28046658378982026,-0.5493854152475852
2021-07-23 00:00:00+05:30,-0.26842223856745906,-0.3076088771422662,-0.5526709587225936
2021-07-26 00:00:00+05:30,-0.3667229104921844,-0.34501652873430144,-0.5510172801082048
2021-07-27 00:00:00+05:30,-0.338833367817256,-0.3212952513528839,-0.17380012442368756
2021-07-28 00:00:00+05:30,-0.34363328032023194,-0.423707982210719,-0.24451459518168187
2021-07-29 00:00:00+05:30,-0.3747242261760033,-0.4193749648521752,-0.5291600622303988
2021-07-30 00:00:00+05:30,-0.41701586964694287,-0.38196789084176597,-0.6127689124495436
2021-08-02 00:00:00+05:30,-0.34386215142284365,-0.39930227060244533,-0.5472746281974715
2021-08-03 00:00:00+05:30,-0.4581646628455364,-0.34433267208907137,-0.5973427486604798
2021-08-04 00:00:00+05:30,-0.3164293895408743,-0.20473927921823434,-0.1879946689690425
2021-08-05 00:00:00+05:30,-0.19709846353295274,-0.11555605550482023,-0.320002193042509
2021-08-06 00:00:00+05:30,-0.12188680159807695,-0.07997298426944187,-0.5439868788372505
2021-08-09 00:00:00+05:30,-0.08325260423899498,-0.028651968887755612,-0.6396251564158444
2021-08-10 00:00:00+05:30,-0.09696954695342985,-0.011545733869361578,-0.48275003474497374
2021-08-11 00:00:00+05:30,0.021447944729941725,-0.0694812140324453,-0.5747664939028142
2021-08-12 00:00:00+05:30,-0.060393049993700355,-0.040057473257145725,-0.737679776996225
2021-08-13 00:00:00+05:30,-0.041189527344920616,0.07307690532484941,-0.408400183457141
2021-08-16 00:00:00+05:30,0.07288375227207321,0.09314844441132714,-0.8334681364687289
2021-08-17 00:00:00+05:30,0.03196298565972253,0.02038702148945096,-0.7505477675342763
2021-08-18 00:00:00+05:30,0.21256060885046704,0.012859977738912044,-0.14992337778400824
2021-08-20 00:00:00+05:30,-0.11045692287156972,0.02084331097402169,-0.5517019215186381
2021-08-23 00:00:00+05:30,0.08980030685185006,0.06577742873496982,-0.6459566188722097
2021-08-24 00:00:00+05:30,0.0904858416867834,0.22202018955800412,-0.3380207621531069
2021-08-25 00:00:00+05:30,0.19152887821607403,0.21540572477660666,-0.773206783837141
2021-08-26 00:00:00+05:30,0.18192764705061346,0.20354508608589789,-0.6346842186379483
2021-08-27 00:00:00+05:30,0.19107253004289088,0.17457763479516905,-0.8281838158927362
2021-08-30 00:00:00+05:30,0.2075311532894129,0.26490158222001,-0.7192364524330206
2021-08-31 00:00:00+05:30,0.24365118867402089,0.324890365063662,-0.5961394791267255
2021-09-01 00:00:00+05:30,0.29622975117764816,0.3143974396634133,-0.5814343130043769
2021-09-02 00:00:00+05:30,0.2921152323338689,0.35956027974827287,-0.6959783340463007
2021-09-03 00:00:00+05:30,0.3469803318082281,0.3004846534553884,-0.6503569513741109
2021-09-06 00:00:00+05:30,0.3188618380662838,0.2532690882715866,-0.7671233609180161
2021-09-07 00:00:00+05:30,0.23907857350008924,0.2694633219024652,-0.7929158780151236
2021-09-08 00:00:00+05:30,0.28228506171843337,0.3020810890697599,-0.8142155788303048
2021-09-09 00:00:00+05:30,0.29165876088957615,0.2664991729976336,-0.7518434391486033
2021-09-13 00:00:00+05:30,0.2367935060832234,0.20696725722017836,-0.7229130094868278
2021-09-14 00:00:00+05:30,0.22764890041706,0.1750339242797398,-0.6902601076790418
2021-09-15 00:00:00+05:30,0.11334656874354457,0.16705059104463013,-0.48337699634206976
2021-09-16 00:00:00+05:30,0.12591964084891383,0.22703821872503005,-0.6697517477590224
2021-09-17 00:00:00+05:30,0.26879788759314577,0.3283119586163164,-0.25155055201539395
2021-09-20 00:00:00+05:30,0.24593675589109984,0.22658192924045933,-0.7301660417653514
2021-09-21 00:00:00+05:30,0.2367930535428351,0.1905437236837623,-0.485337864897178
2021-09-22 00:00:00+05:30,0.17735636159334978,0.10729053052488954,-0.6566123516403672
2021-09-23 00:00:00+05:30,0.14535153143209137,0.2728854930367457,-0.530709328944724
2021-09-24 00:00:00+05:30,0.31451883568368977,0.4168119032661265,-0.23894432652257264
2021-09-27 00:00:00+05:30,0.48231395116654774,0.5242426632909876,-0.4183252780232098
2021-09-28 00:00:00+05:30,0.556839304434649,0.47839654414252397,-0.5670865819859238
2021-09-29 00:00:00+05:30,0.39681561257003567,0.38168454393369283,-0.42455183838279753
2021-09-30 00:00:00+05:30,0.3465233249063314,0.38670315068234484,-0.4363038144021714
2021-10-01 00:00:00+05:30,0.33280689208654585,0.33082039561820337,-0.6342923063651741
2021-10-04 00:00:00+05:30,0.3602395210268677,0.3447343369894804,-0.800859842561909
2021-10-05 00:00:00+05:30,0.37395580736497397,0.38898402052357245,-0.6698894930356322
2021-10-06 00:00:00+05:30,0.39224405328915807,0.47771210991566787,-0.32905359366547837
2021-10-07 00:00:00+05:30,0.5321499748548502,0.4576399932475641,-0.6286906651163744
2021-10-08 00:00:00+05:30,0.46539730974238047,0.4218293548515264,-0.792913181933197
2021-10-11 00:00:00+05:30,0.41007542221288745,0.5639311847242504,-0.5545433467708405
2021-10-12 00:00:00+05:30,0.5248347102820806,0.544771069443662,-0.7548664005838586
2021-10-13 00:00:00+05:30,0.5797000355538163,0.5894776200439509,-0.8345765529383407
2021-10-14 00:00:00+05:30,0.5842717402003975,0.8084457454548094,-0.4860612318480104
2021-10-18 00:00:00+05:30,0.8906021117640582,0.730438726205248,0.08988592002875681
2021-10-19 00:00:00+05:30,0.7554962168635008,0.8143757760093507,-0.7217538576573258
2021-10-20 00:00:00+05:30,0.8179052185563048,0.7466323822545006,-0.6432803899125963
2021-10-21 00:00:00+05:30,0.7388083462458325,0.7578091642999792,-0.6910900107156981
2021-10-22 00:00:00+05:30,0.7767566284780976,0.7781094257103683,-0.5915243587646777
2021-10-25 00:00:00+05:30,0.8220202964996305,0.6697655091347399,-0.4178635127187028
2021-10-26 00:00:00+05:30,0.6391374712532376,0.6503784042751183,-0.5949924188161668
2021-10-27 00:00:00+05:30,0.6517104359963185,0.6049879970295994,-0.547648158093474
2021-10-28 00:00:00+05:30,0.6391372384494012,0.38054497538551807,-0.36185919174964865
2021-10-29 00:00:00+05:30,0.36481156169708956,0.33150482984505947,-0.5820750001094624
2021-11-01 00:00:00+05:30,0.3419512689127132,0.4339187158661466,-0.7570978577250473
2021-11-02 00:00:00+05:30,0.4379651542723328,0.44053318064754404,-0.5481350868292952
2021-11-03 00:00:00+05:30,0.43385037386991565,0.32511850980594736,-0.6719254433874216
2021-11-04 00:00:00+05:30,0.3876716523390205,0.38214083341826355,-1.0440880990553194
2021-11-08 00:00:00+05:30,0.3744131045107329,0.41088129512995913,-0.3150523500243102
2021-11-09 00:00:00+05:30,0.38584336594937446,0.28314969611308294,-0.5702856874403788
2021-11-10 00:00:00+05:30,0.264225948584002,0.20559838876646616,-0.5286741138880054
2021-11-11 00:00:00+05:30,0.1821565741069269,0.17389320056831295,-0.7621189426656683
2021-11-12 00:00:00+05:30,0.18192828839883404,0.19533418569012892,-0.4796558313872964
2021-11-15 00:00:00+05:30,0.2372503001471424,0.2147218681313766,-0.6994477012890269
2021-11-16 00:00:00+05:30,0.20478809759039557,0.17252433211460078,-0.7520698283309792
2021-11-17 00:00:00+05:30,0.12203300323801865,0.09406044579884255,-0.7784803200854277
2021-11-18 00:00:00+05:30,0.07242701380473235,0.13329325532916073,-0.7150000090324713
2021-11-22 00:00:00+05:30,0.16363975742328163,0.023580470299820026,-0.4654736234592416
2021-11-23 00:00:00+05:30,-0.03753228647294721,0.024493049268961484,-0.6299369902615007
2021-11-24 00:00:00+05:30,0.06305399085862445,0.03589797605672556,0.1693725426816942
2021-11-25 00:00:00+05:30,0.02099049990715596,0.07193560403179654,-0.6701152286223896
2021-11-26 00:00:00+05:30,-0.046676158368298866,-0.09251805718700673,-0.3280688701666775
2021-11-29 00:00:00+05:30,-0.07045146832784362,-0.04074190748400182,-0.5582137763657237
2021-11-30 00:00:00+05:30,-0.06953692513521212,-0.07586753407155739,-0.058599321484571316
2021-12-01 00:00:00+05:30,-0.06953670178604225,-0.02523095291672722,-0.7344134328925115
2021-12-02 00:00:00+05:30,-0.0261015253461007,0.07102418022590716,-0.6312484298701252
2021-12-03 00:00:00+05:30,0.07128386638664522,0.015369569904051056,-0.7570008804751447
2021-12-06 00:00:00+05:30,0.012760472717417882,-0.02910883595395238,-0.8017379482754335
2021-12-07 00:00:00+05:30,0.017103516537230096,0.07079488032036972,-0.5812310447670072
2021-12-08 00:00:00+05:30,0.11791850688493234,0.19898334640344267,-0.46407403014156484
2021-12-09 00:00:00+05:30,0.15998123102268857,0.07604105422968102,-0.6090002801129728
2021-12-10 00:00:00+05:30,0.06716851065986976,0.05642580462777402,-0.7711066994152812
2021-12-13 00:00:00+05:30,0.07219854432191154,0.0044215101824837495,-0.6672357314254065
2021-12-14 00:00:00+05:30,-0.03524627830378357,-0.03526758883240515,-0.7134384874002982
2021-12-15 00:00:00+05:30,-0.032960142897098275,-0.046443793296257814,-0.6756913796420658
2021-12-16 00:00:00+05:30,0.011846188160144837,-0.045988081393313125,-0.549249875856188
2021-12-17 00:00:00+05:30,-0.06039292240532078,-0.16938550788839343,-0.4763602388796527
2021-12-20 00:00:00+05:30,-0.2661363668687845,-0.38561647397345367,-0.2246483112574375
2021-12-21 00:00:00+05:30,-0.3232879549107621,-0.31194304966406206,-0.716393965087938
2021-12-22 00:00:00+05:30,-0.26476443595194166,-0.2964326726784135,-0.7385045329673853
2021-12-23 00:00:00+05:30,-0.26042186963874536,-0.3014512794270655,-0.6894161523365865
2021-12-24 00:00:00+05:30,-0.29585546991158396,-0.325172556808483,-0.8617260979384668
2021-12-27 00:00:00+05:30,-0.3717517720014125,-0.2708862373587131,-0.8966904406512618
2021-12-28 00:00:00+05:30,-0.2263595618757008,-0.22526768537090885,-0.8662337018212628
2021-12-29 00:00:00+05:30,-0.2476193674501453,-0.25697287356906207,-0.7756280288060667
2021-12-30 00:00:00+05:30,-0.23641813179194587,-0.22207481414216582,-0.7941241312154692
2021-12-31 00:00:00+05:30,-0.22270222277456525,-0.1404180565976646,-0.8304878221475841
2022-01-03 00:00:00+05:30,-0.11525799657774058,0.04319629748335307,-0.7184187226147597
2022-01-04 00:00:00+05:30,0.04476511576226859,0.08379682030413134,-0.7270720018065786
2022-01-05 00:00:00+05:30,0.12157679105768221,0.24939178281598748,-0.5034080680616415
2022-01-06 00:00:00+05:30,0.14992302426670934,0.1348891133619062,-0.6955532517958849
2022-01-07 00:00:00+05:30,0.1544952675150041,0.18415740364465022,-0.6322176304729855
2022-01-10 00:00:00+05:30,0.21850442046969082,0.2233890580117163,-0.7271069691721712
2022-01-11 00:00:00+05:30,0.23473572249690727,0.25418166724072805,-0.7461959645070526
2022-01-12 00:00:00+05:30,0.264225571769654,0.21198470880557826,-0.22755427907697193
2022-01-13 00:00:00+05:30,0.20478845379501687,0.08128780572061838,0.6253212546808167
2022-01-14 00:00:00+05:30,0.09048680637681446,0.15952412487571727,-0.6310091321742829
2022-01-17 00:00:00+05:30,0.09048574701032445,0.051635342621407405,-0.14978285472601957
2022-01-18 00:00:00+05:30,0.10420265403396764,0.0869902691145004,-0.584759725812117
2022-01-19 00:00:00+05:30,0.1087745901781586,0.037721978831756396,-0.504021304150748
2022-01-20 00:00:00+05:30,0.08339951978970545,-0.005386980990908811,-0.468064558190634
2022-01-21 00:00:00+05:30,-0.04667613021727734,0.05209220968760417,-0.6175807650927755
2022-01-24 00:00:00+05:30,-0.001184629920358241,-0.10734457752742523,-0.6040671037830471
2022-01-25 00:00:00+05:30,-0.23573225308564724,-0.1009576799066871,-0.5335710973605537
2022-01-27 00:00:00+05:30,-0.27528097056902884,-0.16071831800805372,0.08013844007202954
2022-01-28 00:00:00+05:30,-0.14954833245235322,-0.21409148090705618,-0.07070448423632021
2022-01-31 00:00:00+05:30,-0.17126562518801233,-0.11167817246759508,-0.5642779182141013
2022-02-01 00:00:00+05:30,-0.007813336890475971,-0.06012901234362346,-0.4867885203725541
2022-02-02 00:00:00+05:30,0.00795934444983328,0.09588502615549943,-0.5182507343622431
2022-02-03 00:00:00+05:30,0.0847712203060471,0.023580470299820026,-0.657324770864589
2022-02-04 00:00:00+05:30,0.08317083585035659,0.06304026940917148,-0.6158542922663705
2022-02-07 00:00:00+05:30,0.008645077110639688,-0.19173907197935083,-0.587746249291638
2022-02-08 00:00:00+05:30,-0.15457714124315372,-0.22047780094616828,-0.5177670736045146
2022-02-09 00:00:00+05:30,-0.1655508246058529,-0.057392430599451164,-0.6269497314869089
2022-02-10 00:00:00+05:30,0.017332755242185645,0.06805829857619743,-0.5041477749029377
2022-02-11 00:00:00+05:30,-0.04553368099861519,0.03954655918841327,-0.6513467402389556
2022-02-14 00:00:00+05:30,-0.09239698630492979,-0.16642020382030973,-0.49017349208103483
2022-02-15 00:00:00+05:30,-0.1564065484418822,0.034757252345298736,-0.5523285563179248
2022-02-16 00:00:00+05:30,0.1103745351340029,0.025405050656476903,-0.6790771683450697
2022-02-17 00:00:00+05:30,0.013217162236666344,-0.016792485360298925,-0.7885975717633507
2022-02-18 00:00:00+05:30,-0.054448932321117846,0.009894673670828344,-0.7704227116004665
2022-02-21 00:00:00+05:30,-0.02838782498312524,0.05437307952883178,-0.7838239544638039
2022-02-22 00:00:00+05:30,-0.0933115794682781,0.0023676299202894293,-0.6993414103015599
2022-02-23 00:00:00+05:30,0.06808317526573632,-0.04233776551674729,-0.7200372704646514
2022-02-24 00:00:00+05:30,-0.27573845193593427,-0.41412879094286387,-0.12358208546567405
2022-02-25 00:00:00+05:30,-0.3212303960081067,-0.24670867049272482,-0.3405804059942611
2022-02-28 00:00:00+05:30,-0.3850111024825261,-0.38287989222928137,-0.07251723168437411
2022-03-02 00:00:00+05:30,-0.5656083908781174,-0.6200955539515869,0.4840491761132805
2022-03-03 00:00:00+05:30,-0.5907548301004372,-0.6349214967103793,-0.3728815916598138
2022-03-04 00:00:00+05:30,-0.6867682341589907,-0.6554493252814277,-0.2220871968261416
2022-03-07 00:00:00+05:30,-0.8765106514796002,-0.845678721725469,0.016274795188792438
2022-03-08 00:00:00+05:30,-0.9510356653140137,-0.8319929250964773,0.5129271547266673
2022-03-09 00:00:00+05:30,-0.8239313339374759,-0.6342370624835232,-0.1438464908210689
2022-03-10 00:00:00+05:30,-0.380438810114699,-0.5359297818235726,-0.17903803971076312
2022-03-11 00:00:00+05:30,-0.5587504661147681,-0.5172259560275551,-0.46998719140205697
2022-03-14 00:00:00+05:30,-0.4353044950508434,-0.3085220336930337,-0.0669088093810319
2022-03-15 00:00:00+05:30,-0.3049996001657629,-0.3931440953056186,-0.3181427135077286
2022-03-16 00:00:00+05:30,-0.2889974342208346,-0.28297559837333325,-0.5429722533389009
2022-03-17 00:00:00+05:30,-0.17469472038194064,-0.13745217494795484,-0.48333794400386126
2022-03-21 00:00:00+05:30,-0.10611389275827156,-0.10802901175428133,-0.5881615276077754
2022-03-22 00:00:00+05:30,-0.13217415814637676,-0.07313037474575905,-0.661530168473257
2022-03-23 00:00:00+05:30,-0.014672229638573082,-0.14110249082452067,0.18513931148747592
2022-03-24 00:00:00+05:30,-0.20212716267243439,-0.3080651666268369,-0.26536012874142173
2022-03-25 00:00:00+05:30,-0.270708720591381,-0.3616670518497508,-0.42032691460502525
2022-03-28 00:00:00+05:30,-0.36260744737015,-0.35299928438778505,-0.4453096267307468
2022-03-29 00:00:00+05:30,-0.31642970931665876,-0.2663244976762579,-0.5832770441514319
2022-03-30 00:00:00+05:30,-0.1746952211411649,-0.1515948386431433,-0.2674149516666969
2022-03-31 00:00:00+05:30,-0.1792668483508448,-0.18170243606367292,-0.5049164033503549
2022-04-01 00:00:00+05:30,-0.15457764800800608,-0.01907277761990049,-0.49377088236554495
2022-04-04 00:00:00+05:30,0.3190912039289396,0.6688540853288505,2.891953032972658
2022-04-05 00:00:00+05:30,0.7154905791020868,0.44737579017122686,0.17428660133977725
2022-04-06 00:00:00+05:30,0.3542954031774313,0.18552569451673637,0.015188274172402092
2022-04-07 00:00:00+05:30,0.14215078192873223,0.02996679033893212,0.577030179005199
2022-04-08 00:00:00+05:30,0.008645444115681772,0.02038702148945096,0.5964170505432356
2022-04-11 00:00:00+05:30,-0.01924399065082466,-0.06400689538084861,-0.23925625503152656
2022-04-12 00:00:00+05:30,-0.11982973480979452,-0.07609567881384274,0.03183625327089652
2022-04-13 00:00:00+05:30,-0.09239693683418043,-0.2063362924142319,0.09135912455297297
2022-04-18 00:00:00+05:30,-0.4177014465128347,-0.5233847089060077,0.7746874613885005
2022-04-19 00:00:00+05:30,-0.5912119302066132,-0.7663028340221953,1.9379098027033257
2022-04-20 00:00:00+05:30,-0.7121444641595125,-0.71110451318491,0.9260504027108607
2022-04-21 00:00:00+05:30,-0.663908092249444,-0.6196392644670161,1.053523362082266
2022-04-22 00:00:00+05:30,-0.6867691802021528,-0.7051744826303685,-0.2449718670163113
2022-04-25 00:00:00+05:30,-0.7324899099445643,-0.6588714964157083,-0.23368345368939544
2022-04-26 00:00:00+05:30,-0.6319039081238865,-0.6301316122856387,-0.39375906970541047
2022-04-27 00:00:00+05:30,-0.6867690277956945,-0.6278507424444112,-0.3513778056127398
2022-04-28 00:00:00+05:30,-0.6319037315630904,-0.6333250610960078,-0.2402915504913129
2022-04-29 00:00:00+05:30,-0.5937262614212278,-0.5728799887677851,0.07130011162070808
2022-05-02 00:00:00+05:30,-0.6773952080448793,-0.4857489125716872,-0.29255493523813253
2022-05-04 00:00:00+05:30,-0.5038853067781354,-0.7033493246920857,0.09803380640853042
2022-05-05 00:00:00+05:30,-0.6181876295710896,-0.7172632660633627,-0.3591973418936434
2022-05-06 00:00:00+05:30,-0.8239319326202034,-0.878524633635049,0.0030725721913040485
2022-05-09 00:00:00+05:30,-0.9610945419351972,-0.8682604305587117,0.24944405171378328
2022-05-10 00:00:00+05:30,-0.8922838141212235,-0.7715484303498805,-0.2672486932812277
2022-05-11 00:00:00+05:30,-0.7187736499353446,-0.7371072379891811,-0.3902426435781485
2022-05-12 00:00:00+05:30,-0.7943937609759426,-0.8757840088194944,-0.17458198818238035
2022-05-13 00:00:00+05:30,-0.8455025762151679,-0.9297786495481147,-0.40391447502756644
2022-05-16 00:00:00+05:30,-0.8966121919039063,-0.8663243769482294,-0.6883871477346287
2022-05-17 00:00:00+05:30,-0.8337085235173146,-0.8252513923573512,-0.409093975206234
2022-05-18 00:00:00+05:30,-0.7807491988717741,-0.8257128800765563,-0.4462288272687879
2022-05-19 00:00:00+05:30,-0.9558149398710208,-0.9496220438923071,-0.24994090940580505
2022-05-20 00:00:00+05:30,-0.8781109132874082,-0.7931782846634112,-0.5202907696866484
2022-05-23 00:00:00+05:30,-0.8272329867892003,-0.8714001642778592,-0.29288156964850387
2022-05-24 00:00:00+05:30,-0.8919866448761131,-0.8024080390475128,-0.5631239134500955
2022-05-25 00:00:00+05:30,-0.753229418219542,-0.7569512099149995,-0.5624574093180771
2022-05-26 00:00:00+05:30,-0.6970323610306819,-0.5820473643362745,0.013740886675118734
2022-05-27 00:00:00+05:30,-0.5598933978686121,-0.4650593611453478,-0.10720330606257071
2022-05-30 00:00:00+05:30,-0.38205287719800785,-0.4212180278208653,-0.5731779297519236
2022-05-31 00:00:00+05:30,-0.4484251177360867,-0.47936605802233134,-0.5380179985502769
2022-06-01 00:00:00+05:30,-0.521966841515476,-0.45213828258923167,-0.594941765155729
2022-06-02 00:00:00+05:30,-0.48843342706902826,-0.4971330464209138,-0.620140980830096
2022-06-03 00:00:00+05:30,-0.43732450676487894,-0.5192844569427576,-0.8046908932800514
2022-06-06 00:00:00+05:30,-0.539079802753256,-0.5278222685388646,-0.8367161798951229
2022-06-07 00:00:00+05:30,-0.6052207915063101,-0.6009677832420567,-0.6700207023560565
2022-06-08 00:00:00+05:30,-0.5529555154268849,-0.5788163727202129,-0.8443419250751258
2022-06-09 00:00:00+05:30,-0.6040650553871905,-0.5312837152237158,-0.7902067241762256
2022-06-10 00:00:00+05:30,-0.6140093708802588,-0.6540394485322668,-0.7148955971324076
2022-06-13 00:00:00+05:30,-0.782830768048732,-0.7671039397375112,-0.6439338221322437
2022-06-14 00:00:00+05:30,-0.8399524815251384,-0.8344811467414528,-0.6039916134891044
2022-06-15 00:00:00+05:30,-0.8843547866667194,-0.8554791267560969,-0.606437940189892
2022-06-16 00:00:00+05:30,-0.8457340380280106,-0.9761578765374122,-0.5917842447225045
2022-06-17 00:00:00+05:30,-1.0076178725954201,-0.937162453055396,-0.4874242238110483
2022-06-20 00:00:00+05:30,-0.8702479881131181,-0.7876398544513242,-0.43787685565712137
2022-06-21 00:00:00+05:30,-0.7213148568076716,-0.7211856228857928,-0.5488310844636007
2022-06-22 00:00:00+05:30,-0.7428221034095667,-0.7502593491957128,-0.7555709766606575
2022-06-23 00:00:00+05:30,-0.750916438768138,-0.727646450954664,-0.46094044764786973
2022-06-24 00:00:00+05:30,-0.7136829236859542,-0.6415787025321037,-0.7615459027071028
2022-06-27 00:00:00+05:30,-0.5682191559265418,-0.6302725422023923,-0.6883949908820514
2022-06-28 00:00:00+05:30,-0.6884753711064078,-0.6780362323493049,-0.6897671331837489
2022-06-29 00:00:00+05:30,-0.7474478053951569,-0.687036109246243,-0.6806383631794334
2022-06-30 00:00:00+05:30,-0.7254772669911624,-0.6683449902459982,-0.5792584931902173
2022-07-01 00:00:00+05:30,-0.6887070943182778,-0.6418097351825193,-0.6202458829268735
2022-07-04 00:00:00+05:30,-0.6436110453970403,-0.6330414685176227,-0.7421811717206448
2022-07-05 00:00:00+05:30,-0.5959702154467098,-0.6471165551625646,-0.5036907481666653
2022-07-06 00:00:00+05:30,-0.6699747395393933,-0.5610493843216303,-0.47414169025193026
2022-07-07 00:00:00+05:30,-0.5219668971785938,-0.4477538604659704,-0.36408991359576653
2022-07-08 00:00:00+05:30,-0.3832091060270071,-0.44175452011630434,-0.5793316958994952
2022-07-11 00:00:00+05:30,-0.45721309243791375,-0.3999895927374316,-0.7840377619305228
2022-07-12 00:00:00+05:30,-0.40517875535118875,-0.4662127916525475,-0.6854207223203782
2022-07-13 00:00:00+05:30,-0.4757140766826142,-0.622888738695111,-0.4375186035587026
2022-07-14 00:00:00+05:30,-0.6052207512263009,-0.6542693260194303,-0.6651822973908208
2022-07-15 00:00:00+05:30,-0.6468480777711169,-0.6035056769068716,-0.5335139894433828
2022-07-18 00:00:00+05:30,-0.6699742112381095,-0.6704213961916081,-0.2583267862901839
2022-07-19 00:00:00+05:30,-0.7208525293777215,-0.6681145351772088,-0.44377155284138936
2022-07-20 00:00:00+05:30,-0.6149343462993709,-0.5896616229123453,-0.25768781487359704
2022-07-21 00:00:00+05:30,-0.6119275647964935,-0.6095055948381637,-0.5725405106249308
2022-07-22 00:00:00+05:30,-0.5867201327850359,-0.462982955199738,-0.5688920581827214
2022-07-25 00:00:00+05:30,-0.45258783521817747,-0.44406195871232973,-0.6745484860035753
2022-07-26 00:00:00+05:30,-0.44796238801994775,-0.4572140699188615,-0.7405274114068036
2022-07-27 00:00:00+05:30,-0.48080202190813437,-0.40806591661433356,-0.7125529470366126
2022-07-28 00:00:00+05:30,-0.35985123305724465,-0.35061040678248817,-0.3772735908175785
2022-07-29 00:00:00+05:30,-0.2537023050595421,-0.2705425762912199,-0.2710916721194087
2022-08-01 00:00:00+05:30,-0.2490766176383798,-0.2153939274737739,-0.5499604976924586
2022-08-02 00:00:00+05:30,-0.2352012163894219,-0.2887710524090075,-0.47465508961030284
2022-08-03 00:00:00+05:30,-0.31406213486928686,-0.27331150260645043,-0.6405463177407411
2022-08-04 00:00:00+05:30,-0.24445213107542946,-0.28115679383293674,-0.5981970798333794
2022-08-05 00:00:00+05:30,-0.2768280771323847,-0.30353808184194403,-0.7102570290275442
2022-08-08 00:00:00+05:30,-0.29995458751188775,-0.1420173801201663,-0.4615330954749917
2022-08-10 00:00:00+05:30,-0.1457029704270909,-0.12240444084476344,-0.3800229407870174
2022-08-11 00:00:00+05:30,-0.029378123282906194,-0.032876400900604105,-0.34127027616964273
2022-08-12 00:00:00+05:30,-0.036316041396535347,-0.03541429456541902,-0.7273572145946242
2022-08-16 00:00:00+05:30,0.009012074697098853,0.04303919528107049,-0.5756664133701079
2022-08-17 00:00:00+05:30,0.033063372692567414,0.07880478231027715,-0.582995099341479
2022-08-18 00:00:00+05:30,0.03306312087394849,0.08711098367434254,-0.7481183526201186
2022-08-19 00:00:00+05:30,0.07931616978654775,0.0010443904150343147,-0.7594923869730648
2022-08-22 00:00:00+05:30,-0.03724053055086863,-0.10371447700777076,-0.7525330642256279
2022-08-23 00:00:00+05:30,-0.18293530588673046,-0.12471130185916281,-0.47749929264388413
2022-08-24 00:00:00+05:30,-0.14315828204795453,-0.09217670644601773,-0.5392380981712087
2022-08-25 00:00:00+05:30,-0.05990432113120368,-0.1290963015640501,-0.6059244591320672
2022-08-26 00:00:00+05:30,-0.09621212164783495,-0.1279422934752244,-0.7740972261679657
2022-08-29 00:00:00+05:30,-0.2583273526257172,-0.24654463731092977,-0.7354124537954682
2022-08-30 00:00:00+05:30,-0.2146191004205829,-0.03102987244215775,-0.6748640909878836
2022-09-01 00:00:00+05:30,-0.12997665444787537,-0.09540712048045329,-0.17373043479085945
2022-09-02 00:00:00+05:30,-0.09574997491170459,-0.033798798757388226,-0.5971398889203716
2022-09-05 00:00:00+05:30,-0.031227988056097267,0.010273567217509862,-0.5933063055192074
2022-09-06 00:00:00+05:30,0.027975222245012324,-0.016031810358805697,-0.5889450253555146
2022-09-07 00:00:00+05:30,-0.09968152405924252,-0.04856640577195077,-0.6895370675260186
2022-09-08 00:00:00+05:30,-0.012726962856691514,0.022041215266426363,-0.6328178763491732
2022-09-09 00:00:00+05:30,0.01548693415513172,0.026656092458477155,-0.47088147360714067
2022-09-12 00:00:00+05:30,0.03306309327595811,0.003351251429433672,-0.6362573415923507
2022-09-13 00:00:00+05:30,0.027975338011225464,0.09357181174321365,-0.557765654869754
2022-09-14 00:00:00+05:30,0.005542945439978811,0.1653334408704165,-0.26292074649408115
2022-09-15 00:00:00+05:30,0.1718210985542127,0.1286454559844257,-0.5358127669332825
2022-09-16 00:00:00+05:30,0.0474014847969448,-0.000340650324206962,-0.24902015657816995
2022-09-19 00:00:00+05:30,-0.01781408667734338,0.045116178808306366,-0.5955895601131663
2022-09-20 00:00:00+05:30,0.09781711316881908,0.1286454559844257,-0.6484642201622367
2022-09-21 00:00:00+05:30,0.07006523714749013,0.11780020579229333,-0.7182912714691421
2022-09-22 00:00:00+05:30,0.04231358297974925,-0.03149136016136283,-0.5967290223746594
2022-09-23 00:00:00+05:30,-0.09482467466468979,-0.2153939274737739,-0.443211339696838
2022-09-26 00:00:00+05:30,-0.3122118079247402,-0.3053846103003904,-0.7243704460167464
2022-09-27 00:00:00+05:30,-0.2796032532559186,-0.3644550383586405,-0.572564121766651
2022-09-28 00:00:00+05:30,-0.4017100937966178,-0.4765965541254748,-0.606206649040377
2022-09-29 00:00:00+05:30,-0.4465749696560685,-0.5098242474898665,-0.5002320018527405
2022-09-30 00:00:00+05:30,-0.5275165413071566,-0.3298434594182596,-0.4442119945888411
2022-10-03 00:00:00+05:30,-0.3834406027497824,-0.3674549973242866,-0.6174411407287623
2022-10-04 00:00:00+05:30,-0.29301670937644103,-0.18378230749903898,-0.6175467781206109
2022-10-06 00:00:00+05:30,-0.15217798333550087,-0.2576203425718517,-0.5762611036835379
2022-10-07 00:00:00+05:30,-0.28954840913571994,-0.28623315874419264,-0.5456729921342099
2022-10-10 00:00:00+05:30,-0.3924598503975536,-0.3591482183785952,-0.553381008662698
2022-10-11 00:00:00+05:30,-0.42437389699002764,-0.42537141729371103,-0.49568820511256717
2022-10-12 00:00:00+05:30,-0.41466088044856214,-0.38314500219563324,-0.7120516391971833
2022-10-13 00:00:00+05:30,-0.4199795821051447,-0.45790659028848213,-0.48781997595808146
2022-10-14 00:00:00+05:30,-0.3508322162016021,-0.2483905881877501,-0.5639766923334012
2022-10-17 00:00:00+05:30,-0.2675777289334928,-0.21354797659695357,-0.3368285220454158
2022-10-18 00:00:00+05:30,-0.16096573590988053,-0.22600872259711677,-0.6574740357639758
2022-10-19 00:00:00+05:30,-0.133445488279246,-0.157707962573139,-0.5591923724056007
2022-10-20 00:00:00+05:30,-0.2259502168535467,-0.20316421412402627,-0.7662580820185056
2022-10-21 00:00:00+05:30,-0.18894896953203347,-0.25023711664619647,-0.6602723237053537
2022-10-24 00:00:00+05:30,-0.1783103083038402,-0.1466322573122171,-1.0003386142346626
2022-10-25 00:00:00+05:30,-0.1468590549414033,-0.19347354960234564,-0.5262530323179843
2022-10-27 00:00:00+05:30,-0.13113312244875594,-0.17732147943016788,-0.43785904517651586
2022-10-28 00:00:00+05:30,-0.1981995008618069,-0.15747808508597552,-0.6610210174864051
2022-10-31 00:00:00+05:30,-0.09644373458367543,0.01788782579358065,-0.5647688502230862
2022-11-01 00:00:00+05:30,0.049252118400104024,0.09426490969446033,-0.3097346960717713
2022-11-02 00:00:00+05:30,0.11169233102455932,0.09864817665446952,-0.5692673037672225
2022-11-03 00:00:00+05:30,0.022424692334923526,0.06795953211814477,-0.666818655721318
2022-11-04 00:00:00+05:30,0.04786374997993979,0.019964809320816526,-0.6469776169278403
2022-11-07 00:00:00+05:30,0.07931575721802013,0.07372841739902128,-0.68710128005458
2022-11-09 00:00:00+05:30,0.10267354268861777,0.07165143387178541,-0.7102240224488073
2022-11-10 00:00:00+05:30,0.019649753881576536,0.1473354198214184,-0.5670705688932692
2022-11-11 00:00:00+05:30,0.2411996694326882,0.5460619643778589,1.2281995689216614
2022-11-14 00:00:00+05:30,0.5510906307698551,0.564059407845231,-0.30476598048008685
2022-11-15 00:00:00+05:30,0.6026627528885515,0.5822884615446446,-0.6383116743209118
2022-11-16 00:00:00+05:30,0.5818489177437044,0.6464352545141507,-0.5342286962522694
2022-11-17 00:00:00+05:30,0.5793046244718604,0.5783655271405884,-0.5945727287296041
2022-11-18 00:00:00+05:30,0.5927182800202206,0.5587525878651857,-0.6616356424662009
2022-11-21 00:00:00+05:30,0.5309713819245847,0.482376081545932,-0.7480089570534635
2022-11-22 00:00:00+05:30,0.49558831024658817,0.47153140893542567,-0.7397778189317769
2022-11-23 00:00:00+05:30,0.5187141194006127,0.4906828604916234,-0.6728077974724668
2022-11-24 00:00:00+05:30,0.523107690951853,0.610669667484944,-0.3863604490028544
2022-11-25 00:00:00+05:30,0.6329579820291125,0.5760586661261892,-0.7453259470393075
2022-11-28 00:00:00+05:30,0.5090013151137736,0.4957592254028793,-0.43096753297450374
2022-11-29 00:00:00+05:30,0.48286867747871465,0.48468352014195737,-0.5726239257657485
2022-11-30 00:00:00+05:30,0.48217481044548516,0.5336012183776958,-0.46859723861975383
2022-12-01 00:00:00+05:30,0.5973436000489519,0.5845959001406701,-0.25366395344798176
2022-12-02 00:00:00+05:30,0.5418408204472502,0.5273714229592402,-0.769812008194382
2022-12-05 00:00:00+05:30,0.541609111388454,0.5543681657419244,-0.6153369713342866
2022-12-06 00:00:00+05:30,0.5002136122857503,0.5460619643778589,-0.5842719800817726
2022-12-07 00:00:00+05:30,0.5610355139911032,0.5428309727617974,-0.611983290516044
2022-12-08 00:00:00+05:30,0.5418406140762777,0.5845959001406701,-0.48416801043942226
2022-12-09 00:00:00+05:30,0.6158445723440815,0.6378980204996697,-0.6001914451639385
2022-12-12 00:00:00+05:30,0.6112194527284824,0.6965069608387148,-0.49923445153992557
2022-12-13 00:00:00+05:30,0.7268507043147424,0.7175049408533589,-0.3931520427746803
2022-12-14 00:00:00+05:30,0.7407262825317574,0.7818821888916545,-0.5076972076089366
2022-12-15 00:00:00+05:30,0.7594590621628704,0.6413594671845209,-0.3461362138503099
2022-12-16 00:00:00+05:30,0.588324043675913,0.6775853867696805,-0.4905273324090284
2022-12-19 00:00:00+05:30,0.6990991741919196,0.7011218380307656,-0.6965494949174628
2022-12-20 00:00:00+05:30,0.5890177108078707,0.6487426931101761,-0.7958079569277638
2022-12-21 00:00:00+05:30,0.685223456861921,0.5758276334757736,-0.7102482054866938
2022-12-22 00:00:00+05:30,0.5982685442445544,0.5502153538507046,-0.6907262030545216
2022-12-23 00:00:00+05:30,0.435459654203003,0.48376054470354724,-0.6520800745229709
2022-12-26 00:00:00+05:30,0.4932753656070739,0.6305136394107624,-0.6841810148308898
2022-12-27 00:00:00+05:30,0.6482213630687049,0.6381284755684593,-0.765085939976085
2022-12-28 00:00:00+05:30,0.6024309589311466,0.6321291352187932,-0.7338318961909048
2022-12-29 00:00:00+05:30,0.5885551299000119,0.6852002229273774,-0.6390186196818282
2022-12-30 00:00:00+05:30,0.7037244359068591,0.6245148766427224,-0.797934511972175
2023-01-02 00:00:00+05:30,0.6204700008248507,0.6270527703075374,-0.9099143140036148
2023-01-03 00:00:00+05:30,0.5982681018599998,0.6762009236120653,-0.7466521742488019
2023-01-04 00:00:00+05:30,0.657471971469132,0.5409855994666031,-0.6660323801922
2023-01-05 00:00:00+05:30,0.5649666518647167,0.49322075415643835,-0.6419377411131859
2023-01-06 00:00:00+05:30,0.5048386992746852,0.46876248262019515,-0.7174678226892189
2023-01-09 00:00:00+05:30,0.47708671708983125,0.4830680243339266,-0.650601804632711
2023-01-10 00:00:00+05:30,0.4955876968698353,0.34831361032604347,-0.42011024765747523
2023-01-11 00:00:00+05:30,0.34734820465131544,0.45260983486639134,-0.46814821842980864
2023-01-12 00:00:00+05:30,0.43916035354931,0.4918368685804491,-0.7110295790486726
2023-01-13 00:00:00+05:30,0.48980688236144165,0.49760575386132566,-0.7112552329359777
2023-01-16 00:00:00+05:30,0.5649668896832142,0.42676710017253294,-0.4864368042303208
2023-01-17 00:00:00+05:30,0.4484107805728098,0.5356782019049317,-0.6482727983454533
2023-01-18 00:00:00+05:30,0.5187145850166572,0.6667412917408002,-0.309044907595842
2023-01-19 00:00:00+05:30,0.6667222610906894,0.6981218790651196,-0.6325126471953094
2023-01-20 00:00:00+05:30,0.6995611153624471,0.7758822709603624,-0.31914451219206413
2023-01-23 00:00:00+05:30,0.8020111491002343,0.8319538952162185,-0.4579928948071049
2023-01-24 00:00:00+05:30,0.8427132846773034,0.9353271443181563,-0.06830529811952053
2023-01-25 00:00:00+05:30,0.9183359384583616,0.7191198590797637,-0.48823223139448313
2023-01-27 00:00:00+05:30,0.6435964729873477,0.5675214321117081,0.3481988366005377
2023-01-30 00:00:00+05:30,0.47246209571679104,0.5599065959540114,-0.33264869636532357
2023-01-31 00:00:00+05:30,0.5867054232094687,0.5107578650678574,-0.32924093050964587
2023-02-01 00:00:00+05:30,0.6065941008755799,0.6217459503274919,-0.3820781722095541
2023-02-02 00:00:00+05:30,0.5330524729208431,0.5100653446982367,-0.37414041682114496
2023-02-03 00:00:00+05:30,0.5464659192737984,0.7659611513698923,-0.500202916847715
2023-02-06 00:00:00+05:30,0.7731031032268224,0.7334259783751211,-0.6326960624657656
2023-02-07 00:00:00+05:30,0.7703279845163085,0.7447321387048326,-0.6695867965647903
2023-02-08 00:00:00+05:30,0.7465081948102558,0.7438097408480484,-0.743923575940252
2023-02-09 00:00:00+05:30,0.7731028851853096,0.7278881257446602,-0.6077914550164609
2023-02-10 00:00:00+05:30,0.7213009020750746,0.7581158601434059,-0.7550637047612089
2023-02-13 00:00:00+05:30,0.7499769219908142,0.7638841678426563,-0.8545398141124877
2023-02-14 00:00:00+05:30,0.7962291197259348,0.834722243949823,-0.6432794095191685
2023-02-15 00:00:00+05:30,0.85635750617417,0.8190322390784763,-0.621624152687495
2023-02-16 00:00:00+05:30,0.8341560676393316,0.7911119432757561,-0.7595414883439086
2023-02-17 00:00:00+05:30,0.7777279171203839,0.7525774299313189,-0.7230312285943333
2023-02-20 00:00:00+05:30,0.7731027186150897,0.6808158008041161,-0.7585526798724916
2023-02-21 00:00:00+05:30,0.6805978771379361,0.7091975843260415,-0.5827930565958941
2023-02-22 00:00:00+05:30,0.6759725121110446,0.5601364734411748,-0.6657259255465514
2023-02-23 00:00:00+05:30,0.5557161920890481,0.5096038569790317,0.05008006777153792
2023-02-24 00:00:00+05:30,0.5783803615024325,0.44361111313270535,-0.3919249987003013
2023-02-27 00:00:00+05:30,0.43037231653421676,0.461840166832119,-0.5042114187762943
2023-02-28 00:00:00+05:30,0.45858582003913917,0.4927592664372333,-0.31299303362915754
2023-03-01 00:00:00+05:30,0.5510907543743679,0.48560649558036756,-0.5113893692581367
2023-03-02 00:00:00+05:30,0.46783625111264204,0.42284358818685075,-0.3784415661879309
2023-03-03 00:00:00+05:30,0.47708704560091125,0.5679823422492872,-0.47670885044269784
2023-03-06 00:00:00+05:30,0.5880933955531626,0.6205925198202923,0.014242603011809697
2023-03-08 00:00:00+05:30,0.5880930831645529,0.6355905819036444,-0.26782214173705476
2023-03-09 00:00:00+05:30,0.6341142441200751,0.6362825246916389,-0.24329629294870098
2023-03-10 00:00:00+05:30,0.5439215770732597,0.4422266499750901,0.029859044825324463
2023-03-13 00:00:00+05:30,0.4396225933567742,0.3494676184148692,-0.008680629319854603
2023-03-14 00:00:00+05:30,0.35798663032954964,0.3300845566266298,0.26673075713050765
2023-03-15 00:00:00+05:30,0.3938331320441349,0.22648143003752855,0.4333625907962176
2023-03-16 00:00:00+05:30,0.21344833829682247,0.2726302019580365,-0.20027434175094477
2023-03-17 00:00:00+05:30,0.2990150002438456,0.3683886149022774,-0.15135540578425563
2023-03-20 00:00:00+05:30,0.34734881950948304,0.3180864535089238,-0.006247456230890222
2023-03-21 00:00:00+05:30,0.3658499061170184,0.3997697798082228,0.2612112238312885
2023-03-22 00:00:00+05:30,0.42158424718366,0.3829257668480504,-0.5097526024303779
2023-03-23 00:00:00+05:30,0.346423871644385,0.3245472815777949,0.0697764985344111
2023-03-24 00:00:00+05:30,0.31057821189236845,0.3130100885976679,0.19696498041284152
2023-03-27 00:00:00+05:30,0.320753243179887,0.34439067592198724,0.21307031174903318
2023-03-28 00:00:00+05:30,0.3369418075119121,0.4032306489114479,0.5155337757529049
2023-03-29 00:00:00+05:30,0.4215841565473468,0.43830429315265995,0.5354402558076902
2023-03-31 00:00:00+05:30,0.47523705507427655,0.5386781608705777,0.32905175295505745
2023-04-03 00:00:00+05:30,0.5305085330168843,0.5432924604810024,0.5461341422200807
2023-04-05 00:00:00+05:30,0.5816176727632685,0.7426557327592227,0.6825719824944495
2023-04-06 00:00:00+05:30,0.7201442325045526,0.8008031853790627,0.7345308733824762
2023-04-10 00:00:00+05:30,0.7881347573321743,0.7643450779802354,0.21067161582894742
2023-04-11 00:00:00+05:30,0.7684778309958732,0.7867280987341209,0.6415649848892367
2023-04-12 00:00:00+05:30,0.8101050215734173,0.8864094460824179,0.012232551386405404
2023-04-13 00:00:00+05:30,0.9039977911663818,0.9212514800915884,0.3543319327866725
2023-04-17 00:00:00+05:30,1.0506183998187422,0.802188226118304,0.23484901645316064
2023-04-18 00:00:00+05:30,0.8193559371858299,0.7696530531235329,0.12178016072230863
2023-04-19 00:00:00+05:30,0.7962291788863242,0.7978032264134167,-0.07822246783871435
2023-04-20 00:00:00+05:30,0.8272183137290156,0.8264160425857576,0.25599152752208004
2023-04-21 00:00:00+05:30,0.8147299954380156,0.8388756334226687,-0.2666438722357102
2023-04-24 00:00:00+05:30,0.8979850139935306,0.9014080857473961,0.36845637920193774
2023-04-25 00:00:00+05:30,0.9012220615241148,0.790650455556551,0.9680166335857509
2023-04-26 00:00:00+05:30,0.7731030163651995,0.8259545548665526,0.03009393075074158
2023-04-27 00:00:00+05:30,0.8216682848641211,0.8684114250334198,0.8633320207502313
2023-04-28 00:00:00+05:30,0.8873466562243582,0.898869614500955,0.051479661089214666
2023-05-02 00:00:00+05:30,0.9058472519373786,0.8972541186929243,0.22733413742995462
2023-05-03 00:00:00+05:30,0.8885024136234809,0.924481894126024,0.11238652109357494
2023-05-04 00:00:00+05:30,0.8984473022097615,1.084388255203023,1.2336039876925629
2023-05-05 00:00:00+05:30,0.675972961601907,0.6129776836625954,1.47526189901295
2023-05-08 00:00:00+05:30,0.6574721609672163,0.6997373748731504,0.4325362008360109
2023-05-09 00:00:00+05:30,0.726387967082806,0.6999678299419398,0.6957887479944507
2023-05-10 00:00:00+05:30,0.7014115675696577,0.7350408966015259,0.8041063720756914
2023-05-11 00:00:00+05:30,0.7969231727139962,0.7401172615127818,0.3708569542094268
2023-05-12 00:00:00+05:30,0.7129748114262666,0.8074950460983494,-0.17064121509977354
2023-05-15 00:00:00+05:30,0.8286059721913169,0.8444140636347557,-0.33267165391142517
2023-05-16 00:00:00+05:30,0.9163568519200265,0.8000702342956194,0.24779584696269985
2023-05-17 00:00:00+05:30,0.8143694864689393,0.7587592860748132,0.15567080923272747
2023-05-18 00:00:00+05:30,0.8050128206256218,0.7893335694491823,0.9391715798516487
2023-05-19 00:00:00+05:30,0.8050132169319396,0.7982029128986357,0.15540381542254897
2023-05-22 00:00:00+05:30,0.7909780004324618,0.7708960087827686,0.06854504268960686
2023-05-23 00:00:00+05:30,0.8096912260606218,0.7529245564885683,-0.17099603582119494
2023-05-24 00:00:00+05:30,0.7093423177929524,0.6530341245916451,0.28317277190970586
2023-05-25 00:00:00+05:30,0.6539039821637108,0.624093242055714,0.12748703086569524
2023-05-26 00:00:00+05:30,0.6693427035369501,0.6530341245916451,-0.000857253164692047
2023-05-29 00:00:00+05:30,0.7137864965584493,0.7449897401100459,-0.19770285148920433
2023-05-30 00:00:00+05:30,0.7376456350957187,0.7508244696962909,0.427691586712399
2023-05-31 00:00:00+05:30,0.7203360217392347,0.629927971641959,0.6813006573169136
2023-06-01 00:00:00+05:30,0.6735531427825421,0.5979536304060716,0.9685832192875831
2023-06-02 00:00:00+05:30,0.6386994744405522,0.6096230895785616,-0.3593281427168061
2023-06-05 00:00:00+05:30,0.6482903441262767,0.5998209518030554,-0.3251151898669888
2023-06-06 00:00:00+05:30,0.6162442880561272,0.5764820334580756,0.2257682857268087
2023-06-07 00:00:00+05:30,0.5965951041739503,0.6152244761878868,-0.06973152545865327
2023-06-08 00:00:00+05:30,0.5956593042318694,0.619891913307907,0.43870442778664287
2023-06-09 00:00:00+05:30,0.6548401911402708,0.6287612567573604,-0.3449135815463561
2023-06-12 00:00:00+05:30,0.6391677380276873,0.5830167919750797,-0.5411673490382696
2023-06-13 00:00:00+05:30,0.5341397499321834,0.5956196230552485,0.0518814589957195
2023-06-14 00:00:00+05:30,0.6293427750068571,0.5874508861181803,-0.2672423207239468
2023-06-15 00:00:00+05:30,0.5991679939692465,0.4954952705997795,0.35626780130937113
2023-06-16 00:00:00+05:30,0.5203391535743123,0.5921189008198267,-0.44431346530862126
2023-06-19 00:00:00+05:30,0.6319165652364046,0.5986542369184569,-0.07462859063065397
2023-06-20 00:00:00+05:30,0.5998702120810433,0.614291104280208,-0.2716680617555192
2023-06-21 00:00:00+05:30,0.6553078810268718,0.7454564260638854,-0.0958786181788252
2023-06-22 00:00:00+05:30,0.7675867822548088,0.7827988109321782,1.2230444151797848
2023-06-23 00:00:00+05:30,0.7561251792992861,0.7823321249783388,-0.217191193747021
2023-06-26 00:00:00+05:30,0.7909780165325714,0.7452230830869656,-0.42997349573813853
2023-06-27 00:00:00+05:30,0.7813877267284334,0.8528161435487436,0.293129974360536
2023-06-28 00:00:00+05:30,0.9079356020304279,0.9347362783147185,1.3442377912470473
2023-06-30 00:00:00+05:30,1.0669972254421491,1.052598162505842,0.5736512530561899
2023-07-03 00:00:00+05:30,1.1067630413903695,1.1384862830427043,0.712748655601899
2023-07-04 00:00:00+05:30,1.1579900963382717,1.1776954117263547,0.4958804006014038
2023-07-05 00:00:00+05:30,1.1243062429367439,0.9214328407221646,0.4293184679064272
2023-07-06 00:00:00+05:30,0.9219705236998073,0.929368234682313,1.041688134320979
2023-07-07 00:00:00+05:30,0.884544065347538,0.8612182234627315,-0.2749070365427059
2023-07-10 00:00:00+05:30,0.8658309467959829,0.8427800852146917,0.4796734351465273
2023-07-11 00:00:00+05:30,0.8751873085940578,0.8052043573694792,0.980980620980277
2023-07-12 00:00:00+05:30,0.8393982433033098,0.7330863603790103,1.8097370875228083
2023-07-13 00:00:00+05:30,0.8457140697335753,0.7711293517596883,0.623264470968686
2023-07-14 00:00:00+05:30,0.8312116111797615,0.7870001396799852,-0.078792484917544
2023-07-17 00:00:00+05:30,0.8143694935216086,0.947572452371807,0.92307621584864
2023-07-18 00:00:00+05:30,1.038927732768104,0.941037693854803,2.22307340767865
2023-07-19 00:00:00+05:30,0.9598643428423375,0.976512757326112,0.2564987994215287
2023-07-20 00:00:00+05:30,0.9600983768872459,0.9935502601310074,1.2073094274609553
2023-07-21 00:00:00+05:30,0.9547184251208839,0.9328689569177347,0.6330970817547296
2023-07-24 00:00:00+05:30,0.9477006719607667,0.9452384450209839,0.22562906986005712
2023-07-25 00:00:00+05:30,0.9764725733284563,1.030192616068541,1.1983898080545763
2023-07-26 00:00:00+05:30,1.0464127230599414,1.0026523689757545,-0.07604967090429061
2023-07-27 00:00:00+05:30,1.0478165666481305,0.9207328117914054,1.3515234216070462
2023-07-28 00:00:00+05:30,0.8681700134100988,0.7823321249783388,0.586587054139666
2023-07-31 00:00:00+05:30,0.8146036709755443,0.8182738744034873,0.3230786242965632
2023-08-01 00:00:00+05:30,0.8351879620170113,0.8698536463536389,0.3569504819329487
2023-08-02 00:00:00+05:30,0.7769433009944382,0.7683286584550257,0.05965164880742239
2023-08-03 00:00:00+05:30,0.7675868684598199,0.7130153988741585,1.2670724951328496
2023-08-04 00:00:00+05:30,0.7448972318446256,0.8229418891051337,0.43840957446322365
2023-08-07 00:00:00+05:30,0.8756553260989729,0.8185077949620331,0.06719234485756122
2023-08-08 00:00:00+05:30,0.822322707733901,0.8122063794219487,0.6992564812481306
2023-08-09 00:00:00+05:30,0.828404257510433,0.8150064951449852,0.27390494943754345
2023-08-10 00:00:00+05:30,0.8005687986637567,0.7466231409484839,0.9855023588683243
2023-08-11 00:00:00+05:30,0.7601017020430089,0.6670375911149582,0.0641246938218875
2023-08-14 00:00:00+05:30,0.6319165174124954,0.6301618922005048,0.18988417057980633
2023-08-16 00:00:00+05:30,0.5013916945769802,0.6082224541354172,0.30561683695351927
2023-08-17 00:00:00+05:30,0.5692273822032122,0.5666798956825695,1.0714061467031097
2023-08-18 00:00:00+05:30,0.5222104099617324,0.5361050347265744,-0.04177642385866191
2023-08-21 00:00:00+05:30,0.5827940744762325,0.5302703051403295,-0.19684590593383036
2023-08-22 00:00:00+05:30,0.5633793790358317,0.4985293068813618,0.22947409118454612
2023-08-23 00:00:00+05:30,0.4868890929377745,0.5167335245708559,0.40206491950349904
2023-08-24 00:00:00+05:30,0.5491108137315958,0.48265909654269107,0.6736013826298236
2023-08-25 00:00:00+05:30,0.46139263840439404,0.3995716693104915,0.1394488927780766
2023-08-28 00:00:00+05:30,0.40034090582122256,0.47542373151330175,0.09032636177620852
2023-08-29 00:00:00+05:30,0.5322684768713797,0.534004947934297,0.36286323469617915
2023-08-30 00:00:00+05:30,0.598934020129704,0.4798578256564024,0.05833963730263161
2023-08-31 00:00:00+05:30,0.4822108396301074,0.4460161630235313,2.999175475895562
2023-09-01 00:00:00+05:30,0.4447848991902159,0.461186922013069,0.6769095568531245
2023-09-04 00:00:00+05:30,0.5336724475631237,0.5071653073538954,-0.06464115938246581
2023-09-05 00:00:00+05:30,0.5261873204916315,0.4621208715023739,0.4924855432591925
2023-09-06 00:00:00+05:30,0.47191890282762006,0.5582772381869556,1.211801345048906
2023-09-07 00:00:00+05:30,0.5594027095639017,0.629927971641959,0.3085089975656118
2023-09-08 00:00:00+05:30,0.6192850608420921,0.6885091880629541,0.32051342489265133
2023-09-11 00:00:00+05:30,0.7156577419798182,0.7277188943282308,0.2008568972229616
2023-09-12 00:00:00+05:30,0.7675865527979052,0.75152449862705,0.5056088445857407
2023-09-13 00:00:00+05:30,0.7268859462471953,0.7841994463753226,0.8073557226933226
2023-09-14 00:00:00+05:30,0.7874693756178921,0.7795314316736761,-0.12733691059480284
2023-09-15 00:00:00+05:30,0.8143696934838455,0.8675196390028158,5.994907709184649
2023-09-18 00:00:00+05:30,0.8319134524268972,0.7148827202711423,0.4248468117826515
2023-09-20 00:00:00+05:30,0.5757770782079722,0.4098410706214631,3.6282153436596394
2023-09-21 00:00:00+05:30,0.36057558070762813,0.36152925551143944,1.8866605532581417
2023-09-22 00:00:00+05:30,0.3886450390411517,0.2509021587680792,1.4317093098723819
2023-09-25 00:00:00+05:30,0.22958314796044946,0.25720357430816354,0.5536241846097818
2023-09-26 00:00:00+05:30,0.229583083264533,0.28824454363637203,0.03755137505896735
2023-09-27 00:00:00+05:30,0.22022657206721089,0.23783206415244498,0.5180760993101674
2023-09-28 00:00:00+05:30,0.27168798294347,0.22312856869837275,1.172311016076543
2023-09-29 00:00:00+05:30,0.22350132669641778,0.2352652914063281,0.22049581157140222
2023-10-03 00:00:00+05:30,0.23893989078512662,0.1500777773818511,0.5030906223669123
2023-10-04 00:00:00+05:30,0.08923442197715806,0.2504354728142398,1.143521844767827
2023-10-05 00:00:00+05:30,0.2766003144677207,0.2793757777685448,0.8928370426601664
2023-10-06 00:00:00+05:30,0.3184710182442914,0.2714409613900224,-0.3634275761358164
2023-10-09 00:00:00+05:30,0.2436181427137239,0.1883535341578228,-0.416711305342648
2023-10-10 00:00:00+05:30,0.20876515180665114,0.22849661233077828,0.270026513037056
2023-10-11 00:00:00+05:30,0.25344236245957563,0.297346652481119,0.1910667701521238
2023-10-12 00:00:00+05:30,0.28151220659523996,0.3451917816373032,-0.18916346133391806
2023-10-13 00:00:00+05:30,0.2997576248423079,0.2793757777685448,0.5346922156222574
2023-10-16 00:00:00+05:30,0.25999232386826954,0.25066881579115946,-0.35947626382386044
2023-10-17 00:00:00+05:30,0.37344096476717287,0.304815360487428,0.2551680787421569
2023-10-18 00:00:00+05:30,0.3053715005987088,0.20469100803195905,0.18628081623527695
2023-10-19 00:00:00+05:30,0.13788919182671866,0.18228546159465814,0.14690837957261035
2023-10-20 00:00:00+05:30,0.13601737329544297,0.21892781753219184,-0.22720787339913937
2023-10-23 00:00:00+05:30,0.22256603917531156,0.14074232556018437,-0.17483337739716592
2023-10-25 00:00:00+05:30,0.21087035547894684,0.09616457566250226,0.06764487812395614
2023-10-26 00:00:00+05:30,0.07169129004068628,-0.058339664466154954,1.1807918277245166
2023-10-27 00:00:00+05:30,-0.03006179228694183,-0.03150002388575342,0.21586958008383897
2023-10-30 00:00:00+05:30,-0.059300989167668974,0.042951402873912574,-0.13664517429586318
2023-10-31 00:00:00+05:30,0.13133931495156317,0.0028083247009571084,0.24423121815856966
2023-11-01 00:00:00+05:30,-0.06397916200344042,-0.006527127120709596,0.29499280357286145
2023-11-02 00:00:00+05:30,0.042451551394945476,0.003975039585555682,0.7585427509162912
2023-11-03 00:00:00+05:30,0.05648671924166353,0.0366499873338282,-0.3497027217418434
2023-11-06 00:00:00+05:30,0.10326925063944441,0.08682854625920952,-0.043395543604719804
2023-11-07 00:00:00+05:30,0.08455603014363586,0.052986883626338424,0.6248699469062066
2023-11-08 00:00:00+05:30,0.03753929753657888,0.07305900029444219,0.1937704501277164
2023-11-09 00:00:00+05:30,0.04712995425091328,0.04551875320165548,-0.18542963296403525
2023-11-10 00:00:00+05:30,0.019527691823944166,0.07282507973589644,-0.5163758953304267
2023-11-13 00:00:00+05:30,0.07566719956392522,0.06022224865572769,-0.24714646133868606
2023-11-15 00:00:00+05:30,0.13180702905919026,0.1330402745769557,0.595973340817691
2023-11-16 00:00:00+05:30,0.15800529090508483,0.15147783524336939,0.12490973994284015
2023-11-17 00:00:00+05:30,0.0658433840540141,0.13630765383545773,-0.12067734313792441
2023-11-20 00:00:00+05:30,0.1734440932058972,0.13677433978929715,-0.2992078850393731
2023-11-21 00:00:00+05:30,0.20151329725865902,0.1962883505363452,-0.0692843843561114
2023-11-22 00:00:00+05:30,0.20619163067496185,0.17108268837600768,0.10080072176021791
2023-11-23 00:00:00+05:30,0.1523916557469938,0.21192637306134834,-0.5559578910882915
2023-11-24 00:00:00+05:30,0.2118056404455132,0.26233827496364936,-0.4161304222366599
2023-11-28 00:00:00+05:30,0.27730186726328226,0.24623472164805885,0.07488925026053396
2023-11-29 00:00:00+05:30,0.27122038842195073,0.38860281665038676,0.3017339070831543
2023-11-30 00:00:00+05:30,0.43612977673346365,0.3869688382303227,1.7498138889243686
2023-12-01 00:00:00+05:30,0.38349945880649555,0.37109862789165193,-0.18392652644027033
2023-12-04 00:00:00+05:30,0.5243155215238005,0.6231598701480352,0.9806550486627859
2023-12-05 00:00:00+05:30,0.7512126864925316,0.6899092459244724,1.044722288581202
2023-12-06 00:00:00+05:30,0.7603354047887342,0.7090479906848974,0.4884405216754266
2023-12-07 00:00:00+05:30,0.6974122972785274,0.7214169012065204,-0.2534997375488206
2023-12-08 00:00:00+05:30,0.7229091272321876,0.82760990380678,0.2888887106922999
2023-12-11 00:00:00+05:30,0.8146036326078524,0.8173405024958085,-0.14168447821435126
2023-12-12 00:00:00+05:30,0.8340181501360885,0.7407884113622389,0.4054508716054076
2023-12-13 00:00:00+05:30,0.7322651426093583,0.7235175655804239,0.10992099502149223
2023-12-14 00:00:00+05:30,0.7956564415143118,0.8133730943065473,0.34788911397679634
2023-12-15 00:00:00+05:30,0.8143697753200465,0.8432473487501572,4.582566335765858
2023-12-18 00:00:00+05:30,0.8644273654207706,0.83927936297927,-0.35299463777413276
2023-12-19 00:00:00+05:30,0.8143698848914598,0.8262098459452617,-0.10815396088975457
2023-12-20 00:00:00+05:30,0.8517959021715731,0.8453474355424346,0.30949666224469613
2023-12-21 00:00:00+05:30,0.8471174076102923,0.983980887750795,0.40576802887930996
2023-12-22 00:00:00+05:30,0.9715602983492735,0.9099967245265944,0.8955403141384973
2023-12-26 00:00:00+05:30,0.9231401903983227,0.964143269222863,-0.35172412959112004
2023-12-27 00:00:00+05:30,0.9617360771473802,1.0614675059552954,0.014421034615674387
2023-12-28 00:00:00+05:30,1.091792323196753,1.0705690372184162,0.7116193240724935
2023-12-29 00:00:00+05:30,1.0342493702156574,1.0892405184433758,-0.06718250254630055
2024-01-01 00:00:00+05:30,1.0763536970554686,1.0371940605393846,-0.5072051318076193
2024-01-02 00:00:00+05:30,1.0426704410030143,1.041862075241031,0.10563904502600126
2024-01-03 00:00:00+05:30,1.0576405157900564,0.9195655193251808,0.07082159792847571
2024-01-04 00:00:00+05:30,0.9453620782438547,1.0033529754881396,0.003186461227836731
2024-01-05 00:00:00+05:30,0.9881682054055269,0.9629759767566384,0.21378371136668264
2024-01-08 00:00:00+05:30,0.9477007477503684,0.8754544553813381,-0.353659834714914
2024-01-09 00:00:00+05:30,0.8946021828573636,0.8150064951449852,-0.05429596623257276
2024-01-10 00:00:00+05:30,0.781621610238746,0.8404460778638685,-0.4305654082701897
2024-01-11 00:00:00+05:30,0.861152560500486,0.8080050506741417,-0.3407701121225458
2024-01-12 00:00:00+05:30,0.8237263509014079,0.7715960377135277,-0.28114822110425874
2024-01-15 00:00:00+05:30,0.8036090914635029,0.9190988333713415,0.06798638183464954
2024-01-16 00:00:00+05:30,0.9219705175062602,0.9487397448380316,-0.05447521483096064
2024-01-17 00:00:00+05:30,0.4401064201318055,0.2875445147056129,5.861493892438416
2024-01-18 00:00:00+05:30,0.08455638402325423,0.04785276055247866,5.49081097725092
2024-01-19 00:00:00+05:30,0.14046140186373257,-0.024498579414909898,3.3882595587288664
2024-01-23 00:00:00+05:30,-0.051114091728221255,-0.22661460572283157,3.6280010459962067
2024-01-24 00:00:00+05:30,-0.4475993752751461,-0.09334861956525066,2.424363946406029
2024-01-25 00:00:00+05:30,-0.10959260215347434,-0.19137230764681615,2.9528551544087835
2024-01-29 00:00:00+05:30,-0.1304110129228228,-0.0991833491514956,1.5927082113990538
2024-01-30 00:00:00+05:30,-0.10000224491226045,-0.1474951642615192,0.6157163402683861
2024-01-31 00:00:00+05:30,-0.1704107204167954,-0.06230765023704218,1.5974280704589747
2024-02-01 00:00:00+05:30,-0.05087996265618683,-0.04457011850138763,0.2465153714465042
2024-02-02 00:00:00+05:30,-0.0043313364983695425,-0.13885974137061163,0.7439430587868863
2024-02-05 00:00:00+05:30,-0.14000145834674246,-0.1449278139337763,0.4881131519699844
2024-02-06 00:00:00+05:30,-0.14210690617890467,-0.1484291137508241,0.5890403252939009
2024-02-07 00:00:00+05:30,-0.10725362216980554,-0.21447846059650225,1.151187540980014
2024-02-08 00:00:00+05:30,-0.21555594796273161,-0.3400418181892284,1.7340738358394954
2024-02-09 00:00:00+05:30,-0.3919274631529217,-0.3374750454431116,1.2249228489875033
2024-02-12 00:00:00+05:30,-0.35684020760487684,-0.4009570419610468,0.3182912814890269
2024-02-13 00:00:00+05:30,-0.392863337828219,-0.3801854739438099,1.2632754313868717
2024-02-14 00:00:00+05:30,-0.46748225909563823,-0.42873063203075323,2.6415376756587454
2024-02-15 00:00:00+05:30,-0.42537721256803884,-0.2886959667976225,0.6098411692532223
2024-02-16 00:00:00+05:30,-0.2433918217361387,-0.2613896402633815,0.22547784417381467
2024-02-19 00:00:00+05:30,-0.2195326589175941,-0.27445973487901576,0.318452392809
2024-02-20 00:00:00+05:30,-0.28502853457445193,-0.1008167499899336,1.2041460246671636
2024-02-21 00:00:00+05:30,-0.055792244647062554,-0.17153411153725812,0.7858296326957654
2024-02-22 00:00:00+05:30,-0.27216320540651967,-0.2630230411018195,0.9765057785778609
2024-02-23 00:00:00+05:30,-0.24970725757351853,-0.25812226100487945,0.12979593908768242
2024-02-26 00:00:00+05:30,-0.29181209463076474,-0.25018686704473103,-0.1286432031379313
2024-02-27 00:00:00+05:30,-0.29181167609928704,-0.2602223477971569,0.22185888523389236
2024-02-28 00:00:00+05:30,-0.2609352740332559,-0.31040148430416425,-0.05449621159020662
2024-02-29 00:00:00+05:30,-0.34537873725125395,-0.3384084173507904,1.088222344973929
2024-03-01 00:00:00+05:30,-0.3552028636100087,-0.21074381780253473,0.33018206487789076
2024-03-04 00:00:00+05:30,-0.21040987968310418,-0.20164170895778774,0.36603080416203904
2024-03-05 00:00:00+05:30,-0.2522806855500339,-0.16359929515873575,0.46305699203662803
2024-03-06 00:00:00+05:30,-0.19824612675330397,-0.15543055822166763,0.6435252815481788
2024-03-07 00:00:00+05:30,-0.14234063401878835,-0.13909308434753137,0.9269617601014791
2024-03-11 00:00:00+05:30,-0.21485445880950887,-0.2245139413489281,0.9752889469350218
2024-03-12 00:00:00+05:30,-0.19614136172143226,-0.07631111676035525,1.5834335261728967
2024-03-13 00:00:00+05:30,-0.04877474355607315,-0.07234313098946803,1.487395819971915
2024-03-14 00:00:00+05:30,-0.06468120998399778,-0.09544928393915413,1.052946890746703
2024-03-15 00:00:00+05:30,-0.12128841108557166,-0.10851880097316231,4.777692160619055
2024-03-18 00:00:00+05:30,-0.13532349312175365,-0.13932642732445108,-0.21316185845810037
2024-03-19 00:00:00+05:30,-0.18912373469293403,-0.1239229029396197,0.3891975008616139
2024-03-20 00:00:00+05:30,-0.12573240457813545,-0.2093431823593904,0.6924045932804932
2024-03-21 00:00:00+05:30,-0.1559081512617347,-0.1407270627675954,0.09259850524465216
2024-03-22 00:00:00+05:30,-0.16339332665835524,-0.15426384333706905,0.7893913203196121
2024-03-26 00:00:00+05:30,-0.22795382166956907,-0.23571671456757856,1.2331812747262645
2024-03-27 00:00:00+05:30,-0.24502885289834858,-0.16429932408949488,1.450680657995924
2024-03-28 00:00:00+05:30,-0.16479685985993275,-0.1306910044335435,1.1820313718151005
2024-04-01 00:00:00+05:30,-0.08386214640182767,-0.025198608345669043,-0.05949687166774782
2024-04-02 00:00:00+05:30,-0.05041227590180559,0.019845827505852513,0.5951557743983349
2024-04-03 00:00:00+05:30,-0.017898226891835314,0.0298818858399044,0.7732172797440202
2024-04-04 00:00:00+05:30,0.1313394890094329,0.24133336396949276,2.544080686572078
2024-04-05 00:00:00+05:30,0.295079306630265,0.34379172377578493,1.3235250192973258
2024-04-08 00:00:00+05:30,0.3696980668777235,0.33002160022939153,-0.2521699155634243
2024-04-09 00:00:00+05:30,0.369229890853623,0.3391237090741385,-0.19491681846567419
2024-04-10 00:00:00+05:30,0.3460729406983304,0.28217647107320737,0.047032269702777726
2024-04-12 00:00:00+05:30,0.21087008623081901,0.20095636523799154,0.5893862407750196
2024-04-15 00:00:00+05:30,0.10116428679755997,0.08776191816688837,-0.13238593674811688
2024-04-16 00:00:00+05:30,0.0518085051196995,0.15567916399117632,-0.2414694931948482
2024-04-18 00:00:00+05:30,0.1584733464370029,0.08776191816688837,0.30959323099733715
2024-04-19 00:00:00+05:30,0.049703166635507855,0.2586042097513079,0.32354545496711395
2024-04-22 00:00:00+05:30,0.3811600282524527,0.16944870995594363,0.6389872037696677
2024-04-23 00:00:00+05:30,0.23566550950043744,0.1479771130079476,0.00698564915957475
2024-04-24 00:00:00+05:30,0.18280028488455335,0.16711470260512046,-0.17216000791838368
2024-04-25 00:00:00+05:30,0.14186533706319757,0.16268060846201984,0.3590344715627017
2024-04-26 00:00:00+05:30,0.20525650032454923,0.15824651431891923,-0.0735849618267311
2024-04-29 00:00:00+05:30,0.1828005070196962,0.25020212983732004,0.3855110581740761
2024-04-30 00:00:00+05:30,0.24923179165671316,0.20632440887039707,1.0478498253154254
2024-05-02 00:00:00+05:30,0.2155482464218778,0.2630383038944085,0.27855242278270964
2024-05-03 00:00:00+05:30,0.268178992415726,0.20399040151957387,0.21279400420129033
2024-05-06 00:00:00+05:30,0.21554857040587846,0.21822778860143272,0.08730993629713882
2024-05-07 00:00:00+05:30,0.21531447937167797,0.14120901151402382,0.07453238705280459
2024-05-08 00:00:00+05:30,0.0936786741665123,0.0315152866783424,0.6140453413701056
2024-05-09 00:00:00+05:30,-0.004565490474402805,-0.13255832583052726,0.8016851271067655
2024-05-10 00:00:00+05:30,-0.08082041622470873,-0.08571587837714663,0.025349561855125078
2024-05-13 00:00:00+05:30,-0.11401564007036262,-0.0036236242866120568,0.015978389575779118
2024-05-14 00:00:00+05:30,-0.017986599659721013,0.02334597215964823,-0.04047838296021768
2024-05-15 00:00:00+05:30,0.017342371310219287,-0.08287706468516544,0.5014689699378325
2024-05-16 00:00:00+05:30,-0.04738785208579455,0.020034119115941194,0.33861091567418944
2024-05-17 00:00:00+05:30,-0.04667698896354178,0.038250466019581986,-0.23430837280018343
2024-05-21 00:00:00+05:30,-0.02818239133092466,0.013173604561851167,0.6990992098024165
2024-05-22 00:00:00+05:30,0.008569463641049284,0.015065761968754596,0.5449445981943162
2024-05-23 00:00:00+05:30,0.012363435060629634,0.17309960341413552,0.580305836846477
2024-05-24 00:00:00+05:30,0.14917506327732177,0.2894955854383723,0.1799085040527521
2024-05-27 00:00:00+05:30,0.3191819153396678,0.3391768465837341,0.11149477157151308
2024-05-28 00:00:00+05:30,0.3511915954765483,0.35242541392181437,0.051178680306871484
2024-05-29 00:00:00+05:30,0.29381139574767084,0.24738526424712834,0.34688175972970314
2024-05-30 00:00:00+05:30,0.20465827729640906,0.27837656155549745,0.2900043984131681
2024-05-31 00:00:00+05:30,0.29855357058276427,0.35739377106900094,1.9372384783036205
2024-06-03 00:00:00+05:30,0.6779275573902372,0.5497307628664581,1.8783196110725382
2024-06-04 00:00:00+05:30,0.47875621431631393,0.1283866994159603,2.568434231215491
2024-06-05 00:00:00+05:30,0.18023653999868924,0.4532076318493416,2.2457381429431766
2024-06-06 00:00:00+05:30,0.5162195112893047,0.49058640436007495,0.8074691215331413
2024-06-07 00:00:00+05:30,0.49796225394994786,0.5551721593653705,0.4107915648035005
2024-06-10 00:00:00+05:30,0.5593731865129019,0.4981573443141928,-0.17165028503536547
2024-06-11 00:00:00+05:30,0.4740140394812205,0.5147177646959801,0.11802607088825069
2024-06-12 00:00:00+05:30,0.5641153613479953,0.5589576293424294,0.5157026485208482
2024-06-13 00:00:00+05:30,0.5961250414848759,0.5901857351174745,-0.10358916739033523
2024-06-14 00:00:00+05:30,0.6067949348638361,0.6666003618240467,-0.045567768642977305
2024-06-18 00:00:00+05:30,0.6679691060122939,0.718174357957938,0.2352806346597619
2024-06-19 00:00:00+05:30,0.7462149907913352,0.9549880228685205,2.592942269523239
2024-06-20 00:00:00+05:30,1.0136737672663565,1.0094008326943928,0.6026433658044663
2024-06-21 00:00:00+05:30,1.028137053186133,0.9923673729608797,1.0202106554975516
2024-06-24 00:00:00+05:30,0.9055519494747211,1.0238322872026009,0.07716278261966703
2024-06-25 00:00:00+05:30,1.0198382472247194,1.20812587727584,1.9552924232770725
2024-06-26 00:00:00+05:30,1.1945872741221588,1.1615202382891354,0.8554183667002563
2024-06-27 00:00:00+05:30,1.1383926181020547,1.1362065683647287,1.160891965325369
2024-06-28 00:00:00+05:30,1.145505880354695,1.0777720576767473,-0.007353176618575533
2024-07-01 00:00:00+05:30,1.0620437190328036,1.1790267373743746,-0.22340827697013976
2024-07-02 00:00:00+05:30,1.228019838261073,1.2992081893756702,0.7869960557765238
2024-07-03 00:00:00+05:30,1.5884251257281723,1.4792438477017509,3.9445210641704667
2024-07-04 00:00:00+05:30,1.4402321621315033,1.2828845774605588,0.7840127185756433
2024-07-05 00:00:00+05:30,1.0857545932082706,0.9088554232335416,2.270693158954562
2024-07-08 00:00:00+05:30,0.8974904838065678,0.8485281775570308,0.5078335206723871
2024-07-09 00:00:00+05:30,0.801224103102666,0.8539695740559432,0.8943976655983639
2024-07-10 00:00:00+05:30,0.8246976369848728,0.8047613522623073,0.7700635174856023
2024-07-11 00:00:00+05:30,0.7962445879743123,0.784889078836813,0.7157289699230437
2024-07-12 00:00:00+05:30,0.7869975785973857,0.7886739712322459,1.2007331117459898
2024-07-15 00:00:00+05:30,0.7941108408500258,0.7858351575402647,0.27449555477835746
2024-07-16 00:00:00+05:30,0.781069860053519,0.7747161336573899,0.09372040212389664
2024-07-18 00:00:00+05:30,0.720607130906078,0.7512951987215125,0.28844042579742557
2024-07-19 00:00:00+05:30,0.7585445295868253,0.7158085836176827,-0.026711616747205017
2024-07-22 00:00:00+05:30,0.7632867044219187,0.8825956746056831,1.1065688556861353
2024-07-23 00:00:00+05:30,0.908160377185528,0.7683286584550257,1.0353812633997617
2024-07-24 00:00:00+05:30,0.7213185729070948,0.700431050406023,1.4326879059122588
2024-07-25 00:00:00+05:30,0.6494745083796768,0.7598116397974561,-0.04576474602251841
2024-07-26 00:00:00+05:30,0.7063806064007977,0.767145771284898,0.7007561563948981
2024-07-29 00:00:00+05:30,0.7538023547517319,0.7051625990865338,0.9944905241151988
2024-07-30 00:00:00+05:30,0.6921540818955175,0.7548438602318955,1.1413324628445827
2024-07-31 00:00:00+05:30,0.7490601799166384,0.7557899389353473,0.4560640091148358
2024-08-01 00:00:00+05:30,0.7912656517247226,0.8648523670537681,-0.018009726381256284
2024-08-02 00:00:00+05:30,0.8296771521132265,0.9611392671858346,0.713366385160883
2024-08-05 00:00:00+05:30,0.8728308273368237,0.7557899389353473,0.5995752245720787
2024-08-06 00:00:00+05:30,0.824934977278133,0.6869456746012669,0.7540858823933853
2024-08-07 00:00:00+05:30,0.7632867044219187,0.7924594412093048,0.6409408827729719
2024-08-08 00:00:00+05:30,0.7964819282675726,0.8833049448424589,0.29905669773011306
2024-08-09 00:00:00+05:30,0.9292628236501881,0.9187915599462887,-0.0004670565804165152
2024-08-12 00:00:00+05:30,0.9292628236501881,0.9656340073996694,0.5171634347283119
2024-08-13 00:00:00+05:30,0.8154506276079462,0.6964087719622882,1.119241257735335
2024-08-14 00:00:00+05:30,0.7134938686534378,0.718174357957938,0.2319601238191609
2024-08-16 00:00:00+05:30,0.817821715025493,0.8331506443453712,0.048741667343648105
2024-08-19 00:00:00+05:30,0.8612127305423505,0.8305486391200659,-0.2922343465872328
2024-08-20 00:00:00+05:30,0.8128421998971392,0.8596472014399056,0.18294314850968896
2024-08-21 00:00:00+05:30,0.8159247293157027,0.8033422342071297,0.8568169796245052
2024-08-22 00:00:00+05:30,0.8344193269483199,0.8293657519499383,-0.21876717618225447
2024-08-23 00:00:00+05:30,0.8439036766185066,0.7997935726967468,-0.25827768491934017
2024-08-26 00:00:00+05:30,0.8353675303638329,0.8702931859710545,-0.17531826364667918
2024-08-27 00:00:00+05:30,0.8884802358441376,0.8598840099065815,0.3724348157320636
2024-08-28 00:00:00+05:30,0.861686832250107,0.8568083877479244,0.010830752183516045
2024-08-29 00:00:00+05:30,0.8818410752992539,0.8636694798836405,0.9148930353054645
2024-08-30 00:00:00+05:30,0.9482315229905618,0.8558623090444727,17.10321042679123
2024-09-02 00:00:00+05:30,0.904603746059208,0.8087830531244161,0.30202769831369336
2024-09-03 00:00:00+05:30,0.8439036766185066,0.857991274918052,0.4341022159380614
2024-09-04 00:00:00+05:30,0.8676145507939738,0.8790470130953001,-0.0806090722398569
2024-09-05 00:00:00+05:30,0.9008097746396276,0.8963167037138632,-0.15440107966725553
2024-09-06 00:00:00+05:30,0.8642952599609139,0.8560985399295227,-0.02559029176412678
2024-09-09 00:00:00+05:30,0.8628723759588803,0.9012850608610498,-0.11695838406836365
2024-09-10 00:00:00+05:30,0.9387471733203749,0.9195014077646906,-0.0020182023821450007
2024-09-11 00:00:00+05:30,0.9216754596897915,0.8889831498080473,-0.18093845067115533
2024-09-12 00:00:00+05:30,0.9387471733203749,0.9963890738229886,0.23562099457812286
2024-09-13 00:00:00+05:30,1.0335906700222433,0.9933134516643315,-0.11419620728491066
2024-09-16 00:00:00+05:30,1.0003954461765894,1.0169711950668847,-0.4690868634375016
2024-09-17 00:00:00+05:30,1.0525593693626167,1.0067988274690876,-0.26670498342604476
2024-09-18 00:00:00+05:30,1.0233948783510396,1.1298190931623646,0.5825698103696887
2024-09-19 00:00:00+05:30,1.1530932443150916,1.19464107905271,0.16322425039742805
2024-09-20 00:00:00+05:30,1.2351331005137132,1.3493624898727579,1.3875563114567213
2024-09-23 00:00:00+05:30,1.389253782654249,1.4373697573955568,0.012634757790171827
2024-09-24 00:00:00+05:30,1.4651285800157436,1.4764050340097696,0.26074316766895295
2024-09-25 00:00:00+05:30,1.4421291478412934,1.5286883003804368,0.21688183629807137
2024-09-26 00:00:00+05:30,1.5033033189897513,1.549270421624333,0.2141993164806294
2024-09-27 00:00:00+05:30,1.5220346780368645,1.4035390688135805,0.365909398775893
2024-09-30 00:00:00+05:30,1.388305579238736,1.3060692815113863,-0.011132266485043079
2024-10-01 00:00:00+05:30,1.2706994117769137,1.278389259665098,-0.08512133299143514
2024-10-03 00:00:00+05:30,1.2311023676796367,1.0692550390191777,0.8912326288155259
2024-10-04 00:00:00+05:30,1.03596175743979,0.9540419441650687,0.8998042902544782
2024-10-07 00:00:00+05:30,0.9302110270657011,0.7654898447630445,2.7697031195880064
2024-10-08 00:00:00+05:30,0.824934977278133,0.9228138383900236,0.1257499371104887
2024-10-09 00:00:00+05:30,0.9174073865624546,0.8381190014925578,0.5910788083287123
2024-10-10 00:00:00+05:30,0.8676145507939738,0.9765168003974943,-0.20021617174089365
2024-10-11 00:00:00+05:30,0.9883026687955955,0.9225770299233477,-0.12187342311987454
2024-10-14 00:00:00+05:30,0.9484688632838221,1.0981173704539675,-0.33204877728694515
2024-10-15 00:00:00+05:30,1.1284341667241113,1.079191175731925,-0.2861491262801569
2024-10-16 00:00:00+05:30,1.0625178207405601,1.1534768365649177,-0.2526706515066874
2024-10-17 00:00:00+05:30,1.1329390012659446,1.0273809487129837,-0.4885757775914845
2024-10-18 00:00:00+05:30,0.9819008485439722,1.068545191200776,-0.07542197401212375
2024-10-21 00:00:00+05:30,1.228019838261073,1.2902181313663748,0.8125951085705398
2024-10-22 00:00:00+05:30,1.2993898010807345,1.22326717960245,0.4991521368689704
2024-10-23 00:00:00+05:30,1.1808354302033992,1.3238125890633012,0.4648714551731807
2024-10-24 00:00:00+05:30,1.337563961175978,1.3893444227720486,0.17059689067414668
2024-10-25 00:00:00+05:30,1.4177068316648096,1.3597722435188568,-0.021469534788061188
2024-10-28 00:00:00+05:30,1.3560585588085952,1.3162416491091833,-0.1897024326208665
2024-10-29 00:00:00+05:30,1.2808952034481174,1.3997535988365215,0.3733205194946539
2024-10-30 00:00:00+05:30,1.3560585588085952,1.3181343840977129,0.2475359610048731
2024-10-31 00:00:00+05:30,1.2896681111172874,1.3233389721299493,-0.1536006701328863
2024-11-01 00:00:00+05:30,1.3133789852927544,1.3309099120840673,-1.0170094691798064
2024-11-04 00:00:00+05:30,1.3702850833138753,1.2211376361472446,0.05854568332138012
2024-11-05 00:00:00+05:30,1.171113740239952,1.4281428909195855,0.7179892669709012
2024-11-06 00:00:00+05:30,1.4959527164438509,1.415840979866583,0.04623610853992909
2024-11-07 00:00:00+05:30,1.3669657924808156,1.3746767373787907,-0.3170182022460099
2024-11-08 00:00:00+05:30,1.4034803071595294,1.412055509889524,-0.2758608776485302
2024-11-11 00:00:00+05:30,1.4155730845405232,1.468124823818876,-0.08540409479591118
2024-11-12 00:00:00+05:30,1.4983238038613975,1.2405368702210129,0.19360133226141607
2024-11-13 00:00:00+05:30,1.2363186442224865,1.0661794168605208,0.37060703558478303
2024-11-14 00:00:00+05:30,1.0293225968949062,1.1201191873346674,0.020033460192180236
2024-11-18 00:00:00+05:30,1.156887215734672,1.1785536980226485,0.01739857115544025
2024-11-19 00:00:00+05:30,1.2232776634259797,1.3543308470199444,0.9936785949580526
2024-11-21 00:00:00+05:30,1.3911507683640392,1.3493624898727579,0.37011732906758293
2024-11-22 00:00:00+05:30,1.3634091613544956,1.37018141958333,-0.07689713932319557
2024-11-25 00:00:00+05:30,1.5602094170108722,1.559443366803756,16.384058105605604
2024-11-26 00:00:00+05:30,1.6785264475949473,1.559207135918706,0.1748169941842322
2024-11-27 00:00:00+05:30,1.5832088491853225,1.685776063122366,0.2475054054097058
2024-11-28 00:00:00+05:30,1.721206021110788,1.5951667903742617,0.3703575254574008
2024-11-29 00:00:00+05:30,1.6372697580811402,1.608888397064068,0.04140056305552459
2024-12-02 00:00:00+05:30,1.64770231116684,1.6498158310851843,-0.47161725887472555
2024-12-03 00:00:00+05:30,1.738751836449128,1.752017744649515,0.684404092712703
2024-12-04 00:00:00+05:30,1.8113073429775628,1.9119437435017983,0.7358274436907787
2024-12-05 00:00:00+05:30,1.9156351893496177,1.9386771090630097,0.532135594660839
2024-12-06 00:00:00+05:30,1.9014086648443376,1.891834661609628,-0.3624553526532203
2024-12-09 00:00:00+05:30,1.8855224949225275,1.95878619095518,0.01192242026540249
2024-12-10 00:00:00+05:30,1.9995714523792656,1.9497961329458835,-0.5445501965609899
2024-12-11 00:00:00+05:30,1.923696655017771,1.9261383895433302,-0.5151405996113635
2024-12-12 00:00:00+05:30,1.8729556158337772,1.9079220426396906,-0.3824458197449896
2024-12-13 00:00:00+05:30,1.9274906264373515,1.9670664011460737,-0.3123798792395035
2024-12-16 00:00:00+05:30,1.9398201652328404,1.9360745262560786,-0.5534716950547721
2024-12-17 00:00:00+05:30,1.898326135425773,1.7849017769464137,-0.2277992957344766
2024-12-18 00:00:00+05:30,1.7726585022957977,1.678205123168248,-0.1320973742825262
2024-12-19 00:00:00+05:30,1.629207713534223,1.5968227168961153,-0.05209490128764665
2024-12-20 00:00:00+05:30,1.5466937556278448,1.492728645924881,-0.03936702531032236
2024-12-23 00:00:00+05:30,1.5457455522123318,1.632309331999945,-0.6377238467614766
2024-12-24 00:00:00+05:30,1.6408263892074602,1.618587725310139,-0.49715005341291096
2024-12-26 00:00:00+05:30,1.6242287772846333,1.583810958024711,-0.6607187295128247
2024-12-27 00:00:00+05:30,1.606445621653033,1.6192975731285408,-0.7923507629034331
2024-12-30 00:00:00+05:30,1.5941155039787789,1.5230106729964743,-0.18112088554818365
2024-12-31 00:00:00+05:30,1.4902623381932445,1.4991161211272452,-0.5122071807758499
2025-01-01 00:00:00+05:30,1.5051997258207774,1.5459585685806259,-0.7901254332211682
2025-01-02 00:00:00+05:30,1.522508779744621,1.598005604066243,-0.33077965799462183
2025-01-03 00:00:00+05:30,1.5884251257281723,1.387214879316843,-0.0910890694860763
2025-01-06 00:00:00+05:30,1.3470483108461648,1.2041041764137312,-0.32024974238303555
2025-01-07 00:00:00+05:30,1.228019838261073,1.2178257831035375,-0.5362811498934272
2025-01-08 00:00:00+05:30,1.1960101581241924,1.1274533188221092,-0.2825927491207109
2025-01-09 00:00:00+05:30,1.081723860374194,1.002067278788577,0.5622625945012787
2025-01-10 00:00:00+05:30,1.0193641455169629,0.9497834348362839,-0.3759306969198111
2025-01-13 00:00:00+05:30,0.8723567256290672,0.8272362084947329,-0.2037169932727627
2025-01-14 00:00:00+05:30,0.8718826239213107,0.9017581002127756,0.00021979071522929626
2025-01-15 00:00:00+05:30,0.9506026104081085,0.8849614489459384,-0.5160611073406416
2025-01-16 00:00:00+05:30,0.9332935564842647,0.9275453870705342,-0.2223694684339037
2025-01-17 00:00:00+05:30,0.8889543375518941,0.8551524612260709,-0.14477042992734443
2025-01-20 00:00:00+05:30,0.8059662779377593,0.9237599170934754,-0.37166851819178137
2025-01-21 00:00:00+05:30,0.9589014163695219,0.8818858267872813,0.1839092445333611
2025-01-22 00:00:00+05:30,0.8837380610090442,0.9937870685976834,0.16189785978902912
2025-01-23 00:00:00+05:30,1.0952389428784575,0.9883456720987709,0.337137139253807
2025-01-24 00:00:00+05:30,0.9672002223309354,0.9168994025393853,-0.0988502723580241
2025-01-27 00:00:00+05:30,0.8775730021719171,0.8222684289291723,-0.15734846910911568
2025-01-28 00:00:00+05:30,0.9055519494747211,1.0143691898415794,0.14392422537720664
2025-01-29 00:00:00+05:30,1.0383328448573366,1.0470169912534282,-0.5733733548418707
2025-01-30 00:00:00+05:30,1.0667858938678971,1.114204751484029,-0.037222496386400995
2025-01-31 00:00:00+05:30,1.0964244865872308,1.1485084794177312,-0.4425808650232923
2025-02-01 00:00:00+05:30,1.1450317786469384,1.1116021686770978,-0.8606434167963354
2025-02-03 00:00:00+05:30,1.0146219706818695,1.0503288442971352,-0.2606012990427448
2025-02-04 00:00:00+05:30,1.1033004085466107,1.2533123982073673,0.08008386483788045
2025-02-05 00:00:00+05:30,1.3133789852927544,1.3332756864243225,-0.12175446871729807
2025-02-06 00:00:00+05:30,1.325234422380488,1.3619012093924363,0.004275514927248967
2025-02-07 00:00:00+05:30,1.3939959574893426,1.3093811345550934,-0.12853168338551588
2025-02-10 00:00:00+05:30,1.2389270719332934,1.2289448069864122,-0.38644255695243496
2025-02-11 00:00:00+05:30,1.171113740239952,1.1610471989374096,-0.16059447004920177
2025-02-12 00:00:00+05:30,1.123691991889018,1.1865976773284923,-0.15712771718894974
2025-02-13 00:00:00+05:30,1.1521450408995784,1.1435401222705446,-0.5740864276617108
2025-02-14 00:00:00+05:30,1.1658974636971022,1.1300553240474145,-0.27353628313169775
2025-02-17 00:00:00+05:30,1.0867027966237837,1.236515169358904,-0.5603400046123256
2025-02-18 00:00:00+05:30,1.2187728288841466,1.2634853433867905,-0.42096220954625774
2025-02-19 00:00:00+05:30,1.2375041879312598,1.2831208083456087,-0.6034296846560543
2025-02-20 00:00:00+05:30,1.2090511389206995,1.093385821773457,-0.010847298795354416
2025-02-21 00:00:00+05:30,1.0663117921601406,1.1189363001645396,-0.4483303005813371
2025-02-24 00:00:00+05:30,1.0672599955756537,1.0460703349683504,-0.24356263316326093
2025-02-25 00:00:00+05:30,1.0198382472247194,1.0709109655410314,-0.10283279386076595
2025-02-27 00:00:00+05:30,1.0741364964137974,1.1577347683120767,0.3729885746198818
2025-02-28 00:00:00+05:30,1.0857545932082706,1.3077252080332398,1.1381010044070092
2025-03-03 00:00:00+05:30,1.3456260057228953,1.1617570467558114,-0.22265909299237455
2025-03-04 00:00:00+05:30,1.147402866064485,1.201738402073476,-0.2751267263699917
2025-03-05 00:00:00+05:30,1.1661342251115985,1.107107428463263,-0.207197144843195
2025-03-06 00:00:00+05:30,1.0952389428784575,1.1127850558472254,0.25776326184506987
2025-03-07 00:00:00+05:30,1.0715280687029904,1.1035587669528801,-0.5426125306503403
2025-03-10 00:00:00+05:30,1.1047232925486443,1.0952785567619865,-0.45147123602574096
2025-03-11 00:00:00+05:30,1.0734250544127806,1.085815459400965,-0.27604698900091285
2025-03-12 00:00:00+05:30,1.1168160699296381,1.2071797985723884,-0.3215668192538701
2025-03-13 00:00:00+05:30,1.2329993533894268,1.1856510210434146,-0.446070330331289
2025-03-17 00:00:00+05:30,1.180598089910139,1.2036311370620054,-0.3147634607609102
2025-03-18 00:00:00+05:30,1.206205949795396,1.2036311370620054,-1.088892405504867
2025-03-19 00:00:00+05:30,1.3228633349629413,1.363084096562564,-0.4671021386423162
2025-03-20 00:00:00+05:30,1.412964656829716,1.4797168870534767,-0.3603792878703423
2025-03-21 00:00:00+05:30,1.4203152593756165,1.4872872494259686,0.27991100297532223
2025-03-24 00:00:00+05:30,1.5315190277070514,1.6275777833194345,-0.3783630530142523
2025-03-25 00:00:00+05:30,1.6543414717117237,1.7290692714837375,0.5083897305437748
2025-03-26 00:00:00+05:30,1.7496590701213484,1.6585696582094298,-0.0889547529936948
2025-03-27 00:00:00+05:30,1.631104699244013,1.7475224268540532,0.6128295718201466
2025-03-28 00:00:00+05:30,1.768627769461722,1.7610072250771844,0.08650323590494104
