Date,Open,Close,Volume
2020-03-30 00:00:00+05:30,-1.668500617359037,-1.4006471152503268,0.12701341210793332
2020-03-31 00:00:00+05:30,-1.2070317081463562,-0.9311763381842529,0.12695150036179056
2020-04-01 00:00:00+05:30,-0.96598026073066,-1.4199767339732845,0.12058708308694296
2020-04-03 00:00:00+05:30,-1.2103350306801002,-1.52505681412286,0.3680154475454909
2020-04-07 00:00:00+05:30,-1.2681211166153974,-0.32907197229200624,1.1742787064128972
2020-04-08 00:00:00+05:30,-0.3930676652159807,-0.26347319258384416,1.4097542458639072
2020-04-09 00:00:00+05:30,-0.1125958569229977,-0.6278617161679025,0.4871784734329412
2020-04-13 00:00:00+05:30,-0.6035747730450257,-0.7339703258947929,0.20783763512507447
2020-04-15 00:00:00+05:30,-0.41804117254520456,-0.15366448437754798,5.027764440960475
2020-04-16 00:00:00+05:30,-0.2527298219656062,-0.3652644774183177,0.6007461104412518
2020-04-17 00:00:00+05:30,-0.11734374619613092,-0.5754257243836886,0.4450836300585112
2020-04-20 00:00:00+05:30,-0.4426018656321519,-0.7746898824939986,0.15928504757063217
2020-04-21 00:00:00+05:30,-1.0080821764700267,-0.8534471034612283,0.20375623645353869
2020-04-22 00:00:00+05:30,-0.8638216854189683,-0.5706954663276376,0.13219581106028083
2020-04-23 00:00:00+05:30,-0.5705551790196892,-0.8530352569638142,0.3632634913860588
2020-04-24 00:00:00+05:30,-0.892508403122342,-0.994512678822188,0.009327266123277266
2020-04-27 00:00:00+05:30,-0.9172753939928597,-0.8409037152827314,-0.019203209700100626
2020-04-28 00:00:00+05:30,-0.7783813042978674,-0.9663419437325795,0.008410531365851829
2020-04-29 00:00:00+05:30,-0.9791889191808331,-1.205702998697984,0.2799639008094887
2020-04-30 00:00:00+05:30,-1.053485448369639,-1.3568457732509465,1.1628761059741948
2020-05-04 00:00:00+05:30,-1.6396067584760965,-1.8189130933595485,1.1677493136245891
2020-05-05 00:00:00+05:30,-1.7584817479376278,-1.9881515771425569,0.40158006481635816
2020-05-06 00:00:00+05:30,-1.970022046806152,-2.116880774239948,0.5528725312361972
2020-05-07 00:00:00+05:30,-2.382164468355444,-2.191527136896577,33.72108303755862
2020-05-08 00:00:00+05:30,-1.866831287464248,-1.7909455648530967,2.5686914284874276
2020-05-11 00:00:00+05:30,-1.8336049260271716,-1.9614195881283474,1.6608721462209273
2020-05-12 00:00:00+05:30,-2.0936446440172682,-2.111328996521508,2.3447035492331736
2020-05-13 00:00:00+05:30,-1.866624944429361,-2.176309463150439,1.1601078976926544
2020-05-14 00:00:00+05:30,-2.225727091607041,-2.1339479538926778,1.1742581304023096
2020-05-15 00:00:00+05:30,-2.114282129190943,-2.026811901254692,0.6196490341678602
2020-05-18 00:00:00+05:30,-2.0049010048991938,-2.13723946587333,1.0209593192358086
2020-05-19 00:00:00+05:30,-2.101898904094952,-2.2593867256756357,0.7063726933634473
2020-05-20 00:00:00+05:30,-2.277115963405511,-2.1964622315351146,0.3322021662604178
2020-05-21 00:00:00+05:30,-2.18032341561997,-2.2785109644829964,0.39377018279773834
2020-05-22 00:00:00+05:30,-2.279386051566769,-2.2085943165493074,0.5918732570185311
2020-05-26 00:00:00+05:30,-2.1557651552376056,-2.2501337628115707,0.46124976066260115
2020-05-27 00:00:00+05:30,-2.217471973136081,-2.16664465378896,0.3937738570853433
2020-05-28 00:00:00+05:30,-2.1761958465065776,-2.117908760484152,0.6214237150810324
2020-05-29 00:00:00+05:30,-2.139047755341775,-1.9229646439318089,1.223556598340549
2020-06-01 00:00:00+05:30,-1.8666244565927372,-1.712391550469024,0.8219940734285234
2020-06-02 00:00:00+05:30,-1.6726277955915163,-1.7171228951912951,0.21136072579504392
2020-06-03 00:00:00+05:30,-1.7015225615211205,-1.663247070665462,0.5101517729682705
2020-06-04 00:00:00+05:30,-1.7015213028094598,-1.6628341375018278,0.2106262357028221
2020-06-05 00:00:00+05:30,-1.664373166104831,-1.7985549450592757,0.15865766296209352
2020-06-08 00:00:00+05:30,-1.7345409168292574,-1.6994368591262232,0.40053656713656327
2020-06-09 00:00:00+05:30,-1.7634353671866938,-1.720824080336921,0.18548933191134054
2020-06-10 00:00:00+05:30,-1.6978066026331409,-1.6669466258117578,0.05574196943480176
2020-06-11 00:00:00+05:30,-1.701521222068065,-1.7191794110128151,0.0824297900243165
2020-06-12 00:00:00+05:30,-1.9068704499139875,-1.717740121604306,0.04045307499638445
2020-06-15 00:00:00+05:30,-1.7021395183595804,-1.8121263194819774,0.13090485011029515
2020-06-16 00:00:00+05:30,-1.7229853330683516,-1.84482356271137,0.12649276555431735
2020-06-17 00:00:00+05:30,-1.862498374835206,-1.8370093459227042,0.032160759015239765
2020-06-18 00:00:00+05:30,-1.886230851944554,-1.8900620207868193,0.03833466447777268
2020-06-19 00:00:00+05:30,-1.7915503340350343,-1.71863444790344,0.469442687164033
2020-06-22 00:00:00+05:30,-1.662719708235217,-1.6852993316028546,0.06778903991940559
2020-06-23 00:00:00+05:30,-1.641942046660319,-1.4569353387847603,0.40243948068714697
2020-06-24 00:00:00+05:30,-1.405060795571841,-1.5631450084701182,0.16621971428176202
2020-06-25 00:00:00+05:30,-1.64484928271031,-1.3857119747214124,1.1187820827139325
2020-06-26 00:00:00+05:30,-1.3720220715638871,-1.464179599140988,0.1943340770338837
2020-06-29 00:00:00+05:30,-1.4908770391598498,-1.3451315113983782,0.21619443485368536
2020-06-30 00:00:00+05:30,-1.3144648680059192,-1.3573472697115179,0.04682263627387891
2020-07-01 00:00:00+05:30,-1.3593494065163048,-1.3971013233741738,-0.10753014429209097
2020-07-02 00:00:00+05:30,-1.4227238466786445,-1.4743258016379668,0.08645515580987738
2020-07-03 00:00:00+05:30,-1.4320734449298185,-1.3834343223241041,-0.031597132934608106
2020-07-06 00:00:00+05:30,-1.3718137777986656,-1.4335366984006754,0.04726483678713002
2020-07-07 00:00:00+05:30,-1.3905170662870645,-1.4643887823883555,-0.019028313610106835
2020-07-08 00:00:00+05:30,-1.481526118672843,-1.3322941800073471,0.2262801706147874
2020-07-09 00:00:00+05:30,-1.3593491957992028,-1.3745328959822385,0.16926128956110784
2020-07-10 00:00:00+05:30,-1.4133725069656637,-1.175979417579867,0.19497119850457537
2020-07-13 00:00:00+05:30,-1.1266242518620937,-1.0043437481153406,0.44797272240225317
2020-07-14 00:00:00+05:30,-1.0194036011116434,-1.1306371828803994,0.052361073695142375
2020-07-15 00:00:00+05:30,-1.1338981543592697,-0.9633514382948923,0.06545182557392133
2020-07-16 00:00:00+05:30,-0.9759783481992687,-0.9107622265736456,0.0692433229534296
2020-07-17 00:00:00+05:30,-0.9354563513444054,-0.717383452711342,0.17828919792075582
2020-07-20 00:00:00+05:30,-0.7295388747952238,-0.7322925132509743,0.12822831530449733
2020-07-21 00:00:00+05:30,-0.6736431495161693,-0.7859151445475264,0.16893776853749537
2020-07-22 00:00:00+05:30,-0.7484482114502647,-1.0737023929450134,0.887665350648629
2020-07-23 00:00:00+05:30,-1.0393506605596763,-1.227530863060928,0.33411095867116936
2020-07-24 00:00:00+05:30,-1.2886999591741612,-1.2360220729047098,0.3830576135712384
2020-07-27 00:00:00+05:30,-1.2149344856822484,-1.1855040469989544,0.016748592227677668
2020-07-28 00:00:00+05:30,-1.1600789462534056,-1.0983403761531099,-0.1011174101352388
2020-07-29 00:00:00+05:30,-1.1432458322522758,-1.1449224970097,0.05267742985792526
2020-07-30 00:00:00+05:30,-1.1189738884471412,-1.2538759989007855,-0.013461951603046043
2020-07-31 00:00:00+05:30,-1.2600404509582528,-1.1944103633388106,-0.07396038301857685
2020-08-03 00:00:00+05:30,-1.2087059503603228,-1.2168663207769665,-0.07981829974708737
2020-08-04 00:00:00+05:30,-1.208289482756668,-1.2447284426600695,-0.02508115129605792
2020-08-05 00:00:00+05:30,-1.24125981940898,-1.2582433104393265,-0.07399381903578155
2020-08-06 00:00:00+05:30,-1.2496071337940204,-1.1505383880351243,-0.05396784930273199
2020-08-07 00:00:00+05:30,-1.1536149134146267,-1.1917067377832269,-0.06252489770581056
2020-08-10 00:00:00+05:30,-1.1744845985769936,-1.2075112112882134,-0.11793609421796104
2020-08-11 00:00:00+05:30,-1.211836975183204,-1.1912927179533728,-0.08322969207386753
2020-08-12 00:00:00+05:30,-1.2493979939156827,-1.2559558780460376,-0.17412679084549354
2020-08-13 00:00:00+05:30,-1.2496075206315667,-1.2411946041123374,-0.12217291525518459
2020-08-14 00:00:00+05:30,-1.2329125660474995,-1.3441171084819243,-0.14266864265852208
2020-08-17 00:00:00+05:30,-1.3289046994123093,-1.252005846336011,-0.1026345234873068
2020-08-18 00:00:00+05:30,-1.2329115617217015,-1.1759033509444607,-0.14315787405311606
2020-08-19 00:00:00+05:30,-1.2245652572314514,-1.262193342149353,-0.09794466278839765
2020-08-20 00:00:00+05:30,-1.3080376735341501,-1.2950476086475486,-0.06417208083909241
2020-08-21 00:00:00+05:30,-1.2537809299457925,-1.2270549032565288,-0.13665254784862013
2020-08-24 00:00:00+05:30,-1.2245638730526156,-1.258865970183438,-0.08318008919120122
2020-08-25 00:00:00+05:30,-1.272978953501661,-1.3224919073690269,-0.06307953141977196
2020-08-26 00:00:00+05:30,-1.3243124698439794,-1.3071052570256652,0.005493698150692774
2020-08-27 00:00:00+05:30,-1.3243131532323054,-1.3551369906198552,0.009913314996260664
2020-08-28 00:00:00+05:30,-1.3372521135859532,-1.4353970709694692,-0.032833898142421346
2020-08-31 00:00:00+05:30,-1.4499372668283128,-1.5792803718391217,0.26014552832611665
2020-09-01 00:00:00+05:30,-1.4584943079027373,-1.395060020879735,-0.06985546890636964
2020-09-02 00:00:00+05:30,-1.3706407399947511,-1.4782301933667494,-0.08275093239894755
2020-09-03 00:00:00+05:30,-1.4457644995878902,-1.4886263290943487,-0.09691512740150143
2020-09-04 00:00:00+05:30,-1.6043595284166852,-1.5489248943140228,-0.09695554456515545
2020-09-07 00:00:00+05:30,-1.5584503845181128,-1.3911083591703786,0.04496399788893439
2020-09-08 00:00:00+05:30,-1.441589990855662,-1.4757335777260931,-0.05769247464783085
2020-09-09 00:00:00+05:30,-1.575144105534828,-1.5173192073027113,-0.019904447489498
2020-09-10 00:00:00+05:30,-1.491673018781458,-1.5104579967890632,0.003591886886390543
2020-09-11 00:00:00+05:30,-1.5626224967299907,-1.40503833344571,-0.033827792939549926
2020-09-14 00:00:00+05:30,-1.3873332108981284,-1.5537051390161989,-0.0039194592643301916
2020-09-15 00:00:00+05:30,-1.5129595218975291,-1.5497567373055015,-0.16427455606168362
2020-09-16 00:00:00+05:30,-1.5626219702214648,-1.4705344231960733,-0.005585197550016854
2020-09-17 00:00:00+05:30,-1.5208885410596618,-1.5341619903809924,-0.0691865648478955
2020-09-18 00:00:00+05:30,-1.583490433652869,-1.6568368266331521,0.4330007352697595
2020-09-21 00:00:00+05:30,-1.6723887734439833,-1.9100914525555148,0.2509024904272011
2020-09-22 00:00:00+05:30,-1.9150804320355168,-1.9558352104233057,0.04178482053878465
2020-09-23 00:00:00+05:30,-1.938242792934547,-1.8487524044301058,0.053654239217691004
2020-09-24 00:00:00+05:30,-1.9006804946908944,-1.8140290720333547,0.30861195383622375
2020-09-25 00:00:00+05:30,-1.742086092890729,-1.7385519530514664,0.07543872299845125
2020-09-28 00:00:00+05:30,-1.7379125629930605,-1.8040485861349398,-0.10922527687861693
2020-09-29 00:00:00+05:30,-1.8130362184590496,-1.929220038027756,0.03317908782494101
2020-09-30 00:00:00+05:30,-1.9217574189092905,-1.7834638679277786,0.054953467314787736
2020-10-01 00:00:00+05:30,-1.7086967766148238,-1.6722229336434038,0.0024412837229124827
2020-10-05 00:00:00+05:30,-1.6669625976465243,-1.6054798944054873,-0.08673753445027661
2020-10-06 00:00:00+05:30,-1.5876642475939442,-1.5853108260275102,-0.08060349500825699
2020-10-07 00:00:00+05:30,-1.5709695270971367,-1.487792312770431,0.057006842942792575
2020-10-08 00:00:00+05:30,-1.4708052476698181,-1.398593316094357,-0.09201840431043577
2020-10-09 00:00:00+05:30,-1.458283428972687,-1.4865453632828767,-0.021534361471036774
2020-10-12 00:00:00+05:30,-1.4783176970998204,-1.4917445178128965,-0.06927438032165288
2020-10-13 00:00:00+05:30,-1.5085757414087926,-1.492575817471265,-0.08066577418316023
2020-10-14 00:00:00+05:30,-1.5309053446011929,-1.4096153715647282,0.0008800789195855544
2020-10-15 00:00:00+05:30,-1.41654901721825,-1.4329009986619228,0.04155517756347768
2020-10-16 00:00:00+05:30,-1.366885586086027,-1.4412194285767104,-0.08778672727585911
2020-10-19 00:00:00+05:30,-1.443468339719588,-1.327898615147084,-0.0941120133877144
2020-10-20 00:00:00+05:30,-1.3243121208041786,-1.3474423071153994,0.6865493605918087
2020-10-21 00:00:00+05:30,-1.2913420582857298,-1.3888209267770895,0.3372995054547116
2020-10-22 00:00:00+05:30,-1.4165483976296587,-1.321451967796401,0.09456063426631231
2020-10-23 00:00:00+05:30,-1.295934400885655,-1.4690804637935932,0.12629288430861016
2020-10-26 00:00:00+05:30,-1.4582836271575617,-1.373849382929802,-0.08674855731309135
2020-10-27 00:00:00+05:30,-1.4290693438617474,-1.332472936600553,0.039786191796093
2020-10-28 00:00:00+05:30,-1.2575876910992696,-1.325565542772551,-0.10338701758879268
2020-10-29 00:00:00+05:30,-1.4338031736193182,-1.5024019967664275,-0.03378057834382681
2020-10-30 00:00:00+05:30,-1.5337764328559176,-1.7150218260547514,0.05439240359751774
2020-11-02 00:00:00+05:30,-1.7278429601551968,-1.7120927172584992,-0.11613789786411732
2020-11-03 00:00:00+05:30,-1.6446701485606436,-1.780314165888849,0.020054165071436366
2020-11-04 00:00:00+05:30,-1.8202546131216852,-1.7621076167043532,-0.11727674330725966
2020-11-05 00:00:00+05:30,-1.6648336837651738,-1.5850636094624397,-0.006322627072322607
2020-11-06 00:00:00+05:30,-1.5892233402193359,-1.6193848753577567,0.0017597033722013856
2020-11-09 00:00:00+05:30,-1.5262149360521169,-1.4586636814078122,0.013991957952092758
2020-11-10 00:00:00+05:30,-1.442202792694729,-1.441711688374411,0.0649357718798115
2020-11-11 00:00:00+05:30,-1.4564852658105525,-1.4645240723327566,0.11788942112741689
2020-11-12 00:00:00+05:30,-1.4884094821757219,-1.2094204838369111,0.16392273338555155
2020-11-13 00:00:00+05:30,-1.1691657512938418,-1.2376716322268062,0.12509525026378923
2020-11-14 00:00:00+05:30,-1.2027711361264697,-1.2278373029349934,-0.34170259764401917
2020-11-17 00:00:00+05:30,-1.1046875873143553,-1.2701097055627073,0.1130393614889336
2020-11-18 00:00:00+05:30,-1.3161853721921961,-1.4605457873010077,0.21987092703115987
2020-11-19 00:00:00+05:30,-1.5018507617439616,-1.466196994978585,0.10773148561487834
2020-11-20 00:00:00+05:30,-1.4632072700471914,-1.5101455802507875,0.13021592118437425
2020-11-23 00:00:00+05:30,-1.4422039090868315,-1.471848745989273,0.20692365608335272
2020-11-24 00:00:00+05:30,-1.475808744344643,-1.3548653240648327,-0.023606108537066166
2020-11-25 00:00:00+05:30,-1.3497894900437035,-1.4448499804180304,-0.06093925888991097
2020-11-26 00:00:00+05:30,-1.4422029086631556,-1.3680487586469625,-0.08953421846075506
2020-11-27 00:00:00+05:30,-1.3287880439884456,-1.4350161944593276,0.6557902456216717
2020-12-01 00:00:00+05:30,-1.3623925759351012,-1.4565707622679192,0.019932913580474283
2020-12-02 00:00:00+05:30,-1.421200180489743,-1.430411446351697,-0.08883702238772309
2020-12-03 00:00:00+05:30,-1.3875956310823712,-1.4787534231517228,0.24818351759956653
2020-12-04 00:00:00+05:30,-1.4380032702664514,-1.2424866502480243,0.29282243771163724
2020-12-07 00:00:00+05:30,-1.2353263844942044,-0.9413453606718535,0.37283115259486826
2020-12-08 00:00:00+05:30,-0.9402355702280474,-0.9252301006279214,0.11940855533766757
2020-12-09 00:00:00+05:30,-0.9381366388981576,-0.7904606693461621,0.0010375221434560154
2020-12-10 00:00:00+05:30,-0.8121178525721179,-0.5466573228730307,0.16959179173116964
2020-12-11 00:00:00+05:30,-0.491825356934116,-0.44495188466994423,0.09056668363977342
2020-12-14 00:00:00+05:30,-0.43007774507362634,-0.46169415112286805,-0.09968535654122451
2020-12-15 00:00:00+05:30,-0.5138773443182203,-0.6738939839171274,0.01633835801658929
2020-12-16 00:00:00+05:30,-0.6982835636351634,-0.5738641850254195,-0.06790240132997889
2020-12-17 00:00:00+05:30,-0.5936900875544874,-0.6937767157461108,-0.03773025380472651
2020-12-18 00:00:00+05:30,-0.6777010867766308,-0.6178111402982919,0.02051143016386761
2020-12-21 00:00:00+05:30,-0.5894871929995271,-0.7329086529977652,-0.021159032992195057
2020-12-22 00:00:00+05:30,-0.7281058621607152,-0.7117719083507982,-0.06498979354556549
2020-12-23 00:00:00+05:30,-0.686100781721818,-0.4633665304355863,-0.10263874891805244
2020-12-24 00:00:00+05:30,-0.4235658965887548,-0.3298521986380307,0.06819504869974832
2020-12-28 00:00:00+05:30,-0.3290535338028804,-0.38572857567504915,-0.10761355062072246
2020-12-29 00:00:00+05:30,-0.3710581970216457,-0.4049799544301604,-0.06783277357986582
2020-12-30 00:00:00+05:30,-0.39206159388485334,-0.31164510612042584,-0.035522374382935144
2020-12-31 00:00:00+05:30,-0.3668581923824458,-0.3585228001888805,-0.07503015185474686
2021-01-01 00:00:00+05:30,-0.36937815446932126,-0.39137706668707606,-0.23665104073199233
2021-01-04 00:00:00+05:30,-0.32905419161672356,-0.22835648701542163,-0.0925473180111628
2021-01-05 00:00:00+05:30,-0.3290529585926373,-0.1276953350498415,0.043735132399471716
2021-01-06 00:00:00+05:30,-0.15766885101342573,-0.26686033119186414,-0.08756112601691754
2021-01-07 00:00:00+05:30,-0.21563663413623224,-0.46964420118904515,0.05247589518279586
2021-01-08 00:00:00+05:30,-0.39206197960065675,-0.3761017996312735,0.12487166986303036
2021-01-11 00:00:00+05:30,-0.24504241461162707,-0.2174735248212221,0.1229838208916268
2021-01-12 00:00:00+05:30,-0.22487905495078944,-0.44013903998116644,-0.014979064955114033
2021-01-13 00:00:00+05:30,-0.4260852006718519,-0.45499485387601435,-0.07633378909696949
2021-01-14 00:00:00+05:30,-0.49287544359239943,-0.3453382789405307,0.00039874724334213797
2021-01-15 00:00:00+05:30,-0.3815606580745153,-0.5437287574098886,-0.013831033792959411
2021-01-18 00:00:00+05:30,-0.45717092775442836,-0.6213677988366458,-0.07062817158968254
2021-01-19 00:00:00+05:30,-0.5936888402747096,-0.49350304471733725,-0.11444919528089996
2021-01-20 00:00:00+05:30,-0.5306797314930878,-0.523637385666648,-0.13552252069572956
2021-01-21 00:00:00+05:30,-0.4508698860229848,-0.4746689457907405,-0.10969760655022831
2021-01-22 00:00:00+05:30,-0.5222791813934068,-0.3001351375172345,0.07896897852925029
2021-01-25 00:00:00+05:30,-0.26604411101184366,-0.3409427140802674,0.0011356256225071545
2021-01-27 00:00:00+05:30,-0.24504159310917725,-0.3756823464703188,0.06284032565873043
2021-01-28 00:00:00+05:30,-0.4848948727012066,-0.7561394034508453,0.3213334398107091
2021-01-29 00:00:00+05:30,-0.7066846602821178,-0.9089083740021724,0.4325465933217924
2021-02-01 00:00:00+05:30,-0.8681971294173276,-0.9729445276858453,0.11010893340963639
2021-02-02 00:00:00+05:30,-0.8917190053204805,-1.0489101031336643,0.38531601444759733
2021-02-03 00:00:00+05:30,-1.0578532821282085,-1.038866047261374,0.04320713727064592
2021-02-04 00:00:00+05:30,-1.0263471321380329,-0.985499869192763,0.14509035598095754
2021-02-05 00:00:00+05:30,-0.998623319015491,-0.8852592570543577,0.35249268470102096
2021-02-08 00:00:00+05:30,-0.820517250100353,-1.0229583404654792,0.12169782022990773
2021-02-09 00:00:00+05:30,-0.9927429391643214,-1.1083431387090366,0.18614647824947897
2021-02-10 00:00:00+05:30,-1.1061581148025028,-1.027773358486697,-0.011523030033934206
2021-02-11 00:00:00+05:30,-1.0137453897092732,-0.9126736724547836,-0.05396840044587273
2021-02-12 00:00:00+05:30,-0.9045303409997552,-1.002450775559944,-0.16463537110448595
2021-02-15 00:00:00+05:30,-0.9759402258624243,-1.1127376169030798,0.06083967605785608
2021-02-16 00:00:00+05:30,-1.0767532585570148,-1.1926782173839874,0.05109344447144788
2021-02-17 00:00:00+05:30,-1.2069717573487677,-1.3274509086644068,0.06057310649211975
2021-02-18 00:00:00+05:30,-1.3413904666495993,-1.3988122793377051,0.19980104956123163
2021-02-19 00:00:00+05:30,-1.388015323761753,-1.2554592715834565,0.2288690736612081
2021-02-22 00:00:00+05:30,-1.1691680629957062,-1.311965371695018,0.10283972281207931
2021-02-23 00:00:00+05:30,-1.25317787167495,-1.2632039417340366,-0.010306105979187493
2021-02-24 00:00:00+05:30,-1.238476676940653,-1.264878494379195,-0.2193732544130364
2021-02-25 00:00:00+05:30,-1.2867820976463615,-1.3299611076328144,-0.003450620165943474
2021-02-26 00:00:00+05:30,-1.3665946577374082,-1.4607576872139254,0.2379012074516017
2021-03-01 00:00:00+05:30,-1.4623671661341875,-1.413252986736479,-0.1633159344255622
2021-03-02 00:00:00+05:30,-1.3497916909245842,-1.2686459661642464,-0.0042451848605056025
2021-03-03 00:00:00+05:30,-1.1691683834516258,-1.203563352910627,-0.015863649695996497
2021-03-04 00:00:00+05:30,-1.2531777324867104,-1.1893312854261107,0.03172241650397381
2021-03-05 00:00:00+05:30,-1.254856026979532,-1.1717501126512775,0.0021300715627764724
2021-03-08 00:00:00+05:30,-1.148163150252216,-1.2828747736501025,-0.12446989615139506
2021-03-09 00:00:00+05:30,-1.2909828272237935,-1.182634161511697,-0.07466162080797423
2021-03-10 00:00:00+05:30,-1.1460639622662583,-1.0597919786616437,0.10615797194807497
2021-03-12 00:00:00+05:30,-1.0389494865223388,-1.156475932261695,-0.014570851602208357
2021-03-15 00:00:00+05:30,-1.164546393504696,-1.1309447094206848,-0.08932570263917633
2021-03-16 00:00:00+05:30,-1.1004865205401093,-0.9919872665266992,0.0946794974703312
2021-03-17 00:00:00+05:30,-0.9633379207483002,-1.0662782893293596,0.29120979288184157
2021-03-18 00:00:00+05:30,-1.0305476126097193,-1.1127376169030798,0.08797135059004414
2021-03-19 00:00:00+05:30,-1.172947118187071,-0.707378516822975,0.5996384964427512
2021-03-22 00:00:00+05:30,-0.7276870681389025,-0.5351484409360594,0.06490141729070559
2021-03-23 00:00:00+05:30,-0.5054768689970061,-0.6016958802543598,-0.02712185063182581
2021-03-24 00:00:00+05:30,-0.6134309680733963,-0.679963014756329,-0.06531037513909402
2021-03-25 00:00:00+05:30,-0.6919808010800603,-1.0212848744865408,0.06936879987513732
2021-03-26 00:00:00+05:30,-0.9591380516389452,-0.6828937535519113,-0.03472321682886688
2021-03-30 00:00:00+05:30,-0.6650999330925236,-0.34450263261728165,0.22210342417990414
2021-03-31 00:00:00+05:30,-0.4088629869190459,-0.20742729561649173,0.10866953124041227
2021-04-01 00:00:00+05:30,-0.15346888328030991,-0.3430356332201604,-0.10758121688979924
2021-04-05 00:00:00+05:30,-0.35005595436507936,-0.45143928200388045,0.07848360513664147
2021-04-06 00:00:00+05:30,-0.42440638937174624,-0.3045307023774978,0.2875672878647125
2021-04-07 00:00:00+05:30,-0.2786450781431355,-0.31729468379867276,-0.07427067660681164
2021-04-08 00:00:00+05:30,-0.3248520937341958,-0.2978335784630842,-0.05579911424501992
2021-04-09 00:00:00+05:30,-0.24924084414266576,-0.021174878825537112,0.08939826018141155
2021-04-12 00:00:00+05:30,-0.1757310988081194,-0.07977118141144036,0.026400210908259395
2021-04-13 00:00:00+05:30,-0.05601625785400194,-0.1115822483383497,-0.05630138936061133
2021-04-15 00:00:00+05:30,0.05739943384525822,-0.0854229324221275,0.22672861741696684
2021-04-16 00:00:00+05:30,-0.05643598975782947,-0.09274706274553288,-0.16400651678090533
2021-04-19 00:00:00+05:30,-0.18203285218163975,-0.18587327114101018,-0.06832825126338815
2021-04-20 00:00:00+05:30,-0.1148241386918943,-0.34994248371505127,-0.09713613580093686
2021-04-22 00:00:00+05:30,-0.3920616895418392,-0.551052887733294,-0.07293048020292014
2021-04-23 00:00:00+05:30,-0.6020901376908738,-0.7253758827601026,-0.0309533977462276
2021-04-26 00:00:00+05:30,-0.6692968412288224,-0.503964380418142,-0.03148414859075708
2021-04-27 00:00:00+05:30,-0.5054768583728645,-0.42360541344249986,-0.08263225290930891
2021-04-28 00:00:00+05:30,-0.43406644457881605,-0.3118537460346831,-0.0306853584654493
2021-04-29 00:00:00+05:30,-0.21143565577033163,-0.30745818117441975,0.18975995639452928
2021-04-30 00:00:00+05:30,-0.30805028527873207,-0.5328457952156891,0.3476859816562757
2021-05-03 00:00:00+05:30,-0.5894871299625832,-0.30578471519548145,-0.07826297380392831
2021-05-04 00:00:00+05:30,-0.3114124831003496,-0.30725280125882276,-0.12219422612329307
2021-05-05 00:00:00+05:30,-0.2072358061981654,-0.36166109223249987,-0.15824890810400888
2021-05-06 00:00:00+05:30,-0.3500554614616703,-0.3811232842343085,-0.1360409626767826
2021-05-07 00:00:00+05:30,-0.31308954098847197,-0.2923915540328744,-0.1742943383602775
2021-05-10 00:00:00+05:30,-0.2534418511619742,-0.20156799135776743,-0.2075508666154729
2021-05-11 00:00:00+05:30,-0.2450424502170637,-0.3304802917132426,-0.2019325134388026
2021-05-12 00:00:00+05:30,-0.3962615661454889,-0.6366441525586685,-0.011814768469764184
2021-05-14 00:00:00+05:30,-0.648716762292274,-0.4361618416156377,-0.13397785018662475
2021-05-17 00:00:00+05:30,-0.41306519265505937,-0.43867421391648537,-0.24011460794276224
2021-05-18 00:00:00+05:30,-0.3412347906038841,-0.44704480380983724,-0.17719629071063667
2021-05-19 00:00:00+05:30,-0.5180784388321479,-0.5077329388694134,-0.14598909636708068
2021-05-20 00:00:00+05:30,-0.5180786748805465,-0.5730263653697302,-0.23184893054675315
2021-05-21 00:00:00+05:30,-0.6020909598411163,-0.4972705165023886,-0.24741743827190424
2021-05-24 00:00:00+05:30,-0.5390817198137049,-0.6048352589641993,-0.16963791367857306
2021-05-25 00:00:00+05:30,-0.5390797634826736,-0.5734425585320246,-0.18734926593490855
2021-05-26 00:00:00+05:30,-0.5359320917164778,-0.5318004223119627,-0.24014179767103858
2021-05-27 00:00:00+05:30,-0.5474833030056205,-0.6473184748386108,0.30072932092302673
2021-05-28 00:00:00+05:30,-0.6300235392354298,-0.6669893067546767,-0.16587893374436827
2021-05-31 00:00:00+05:30,-0.6650984337088078,-0.5901859116511685,-0.17260673806334162
2021-06-01 00:00:00+05:30,-0.5726850935997051,-0.5138008830423949,-0.17945064987063014
2021-06-02 00:00:00+05:30,-0.534880864726389,-0.5117090505687221,-0.18466078969439476
2021-06-03 00:00:00+05:30,-0.48027299829597203,-0.49308359155638254,-0.22958979481287325
2021-06-04 00:00:00+05:30,-0.47607315328151206,-0.5818153217578167,-0.1533000101289535
2021-06-07 00:00:00+05:30,-0.5432822643533844,-0.593325290361008,-0.18186667768523976
2021-06-08 00:00:00+05:30,-0.6050292140219851,-0.5108712309130328,-0.1858415220162331
2021-06-09 00:00:00+05:30,-0.5096777312426488,-0.5234287457523907,-0.19205217035481514
2021-06-10 00:00:00+05:30,-0.5012769424807914,-0.4280009783027632,-0.0319485785440179
2021-06-11 00:00:00+05:30,-0.42986705001439435,-0.4794817904795183,-0.18190397170442962
2021-06-14 00:00:00+05:30,-0.4531209988073586,-0.4158248833066568,-0.06551448181554687
2021-06-15 00:00:00+05:30,-0.44634854591004747,-0.30052307735780653,-0.16585358115989438
2021-06-16 00:00:00+05:30,-0.34057535940643674,-0.23328343165730886,0.00650816895840886
2021-06-17 00:00:00+05:30,-0.2855731440232502,-0.19196946863571407,-0.10333300556100049
2021-06-18 00:00:00+05:30,-0.1924920398737247,0.08289514507246476,0.33426987161008176
2021-06-21 00:00:00+05:30,0.03576818414650354,0.21548037725184355,0.07128751286242214
2021-06-22 00:00:00+05:30,0.22256605938846336,0.11388143233832591,-0.031664923540918724
2021-06-23 00:00:00+05:30,0.12483054045115512,0.07277828256342855,-0.19888450815614822
2021-06-24 00:00:00+05:30,0.10367488738991017,0.11345871917871098,-0.24958728881698478
2021-06-25 00:00:00+05:30,0.09521422863247951,-0.06149236892330954,-0.18468816313705136
2021-06-28 00:00:00+05:30,-0.06514032773427884,-0.012802115599745062,-0.2614873877973921
2021-06-29 00:00:00+05:30,-0.04440808007595062,0.12357775502018736,-0.14032940745485514
2021-06-30 00:00:00+05:30,0.11446509867867047,0.03399407850220286,-0.12327189467781363
2021-07-01 00:00:00+05:30,0.07828968048191542,0.06223870689477741,-0.25411364371747536
2021-07-02 00:00:00+05:30,0.0529044349564518,0.10144562411561804,-0.2311148078832918
2021-07-05 00:00:00+05:30,0.14175343748552616,0.15097913042597222,-0.24921636948326895
2021-07-06 00:00:00+05:30,0.10367571084478772,0.03905250975672096,-0.30431561897776244
2021-07-07 00:00:00+05:30,-0.03171509487779542,0.07762590057124923,-0.2746709154381951
2021-07-08 00:00:00+05:30,-0.013946027502476966,-0.06613026035065288,-0.1844155309967669
2021-07-09 00:00:00+05:30,-0.10787388403512582,-0.04969008710691403,-0.29029600719246185
2021-07-12 00:00:00+05:30,-0.05287082079463824,-0.08046447445985767,-0.2892297289295165
2021-07-13 00:00:00+05:30,-0.044407726998772344,-0.1118702148866735,-0.20646676805764375
2021-07-14 00:00:00+05:30,-0.10871984112178004,-0.2039847370312472,-0.13602461209694072
2021-07-15 00:00:00+05:30,-0.1713385559649086,-0.21452431269989833,-0.2616920456169857
2021-07-16 00:00:00+05:30,-0.19249085290048057,-0.19323326144967853,-0.2889528713584864
2021-07-19 00:00:00+05:30,-0.27689985488703184,-0.2301223196230676,-0.30393147220866895
2021-07-20 00:00:00+05:30,-0.2644185165870602,-0.11945949176778078,-0.19414320743077032
2021-07-22 00:00:00+05:30,-0.06556390376506371,-0.3587021001151953,0.26230766286722684
2021-07-23 00:00:00+05:30,-0.3532702002594721,-0.4432273453786617,-0.11034869031381864
2021-07-26 00:00:00+05:30,-0.457985566251751,-0.4828548024266771,-0.14820377322094114
2021-07-27 00:00:00+05:30,-0.494159374910944,-0.5094129248456722,-0.08474698914031577
2021-07-28 00:00:00+05:30,-0.4886583275236207,-0.42931367109663165,-0.22153557266852686
2021-07-29 00:00:00+05:30,-0.44042771341986436,-0.5416640915917179,-0.20311085747369775
2021-07-30 00:00:00+05:30,-0.5309697825651689,-0.5477765890797232,-0.0753213391474361
2021-08-02 00:00:00+05:30,-0.5225070402887896,-0.5498836348804773,-0.16319468293460013
2021-08-03 00:00:00+05:30,-0.5732796771859506,-0.32202494185472375,-0.07068714390574138
2021-08-04 00:00:00+05:30,-0.33274791902855505,-0.36312700496340106,-0.097234239279988
2021-08-05 00:00:00+05:30,-0.3151900394356424,-0.44491276468602103,-0.21981159692430233
2021-08-06 00:00:00+05:30,-0.456080459661957,-0.3867348285948523,-0.12595118519931517
2021-08-09 00:00:00+05:30,-0.3640575498232872,-0.33193099111706253,-0.21986322066515135
2021-08-10 00:00:00+05:30,-0.3024974482788451,-0.34331381977250336,-0.19416268115507634
2021-08-11 00:00:00+05:30,-0.31942159226781075,-0.3068485614249494,-0.150213792255208
2021-08-12 00:00:00+05:30,-0.29826509172772325,-0.29904738463092456,-0.163906025014911
2021-08-13 00:00:00+05:30,-0.2728811540957256,-0.24761764576651366,-0.19934544753618438
2021-08-16 00:00:00+05:30,-0.2601867678575961,-0.15529231037524255,-0.17855816541139713
2021-08-17 00:00:00+05:30,-0.13749073049024763,0.08668869684679831,-0.03607057809358795
2021-08-18 00:00:00+05:30,0.08251939408148846,0.09617420628196234,-0.10519476709040917
2021-08-20 00:00:00+05:30,0.10367588758997145,0.658341415253468,0.6727040937533612
2021-08-23 00:00:00+05:30,0.6748551024903875,0.7205226296994476,0.008263008718514629
2021-08-24 00:00:00+05:30,0.7129338047045896,0.715675011691627,-0.11673000931164883
2021-08-25 00:00:00+05:30,0.7044729987217189,0.7662647575679085,-0.06828158781080577
2021-08-26 00:00:00+05:30,0.7002410932431776,0.8564797871597651,-0.00017480905178455898
2021-08-27 00:00:00+05:30,0.8610172194918788,0.9051711271495497,-0.1730614311544494
2021-08-30 00:00:00+05:30,0.9566372553100873,0.9462742769244471,-0.17453831105724363
2021-08-31 00:00:00+05:30,0.9409837285443973,1.0997289338606508,0.07672803051901472
2021-09-01 00:00:00+05:30,1.1825722773855056,1.1368266319482971,-0.06291308619126947
2021-09-02 00:00:00+05:30,1.1952626346266004,1.4241259672129638,-0.03160980922684505
2021-09-03 00:00:00+05:30,1.4245817614088891,1.2793168267237947,-0.10222226841803571
2021-09-06 00:00:00+05:30,1.3729635926228456,1.337915302642138,-0.12368837517783036
2021-09-07 00:00:00+05:30,1.3670407809884428,1.3256892209999074,-0.16503568473904107
2021-09-08 00:00:00+05:30,1.368309077588874,1.4234935274728715,-0.21522718827965417
2021-09-09 00:00:00+05:30,1.339116827332885,1.4645977639139889,-0.22758326635183107
2021-09-13 00:00:00+05:30,1.4046945888170441,1.3621544793474614,-0.14271493868234397
2021-09-14 00:00:00+05:30,1.4237352628705213,1.2618215005803486,-0.06672166900814056
2021-09-15 00:00:00+05:30,1.3052681854233397,1.3162037115647434,-0.13886832698876206
2021-09-16 00:00:00+05:30,1.212188322973677,1.2858520373714146,-0.15781920016861448
2021-09-17 00:00:00+05:30,1.2887690411214066,1.091928843732846,0.17945027280390788
2021-09-20 00:00:00+05:30,1.0767962015167127,1.4211756684254198,0.10161012246509567
2021-09-21 00:00:00+05:30,1.4575845401141747,1.472187040795096,0.0292463140870239
2021-09-22 00:00:00+05:30,1.5333158917018224,1.354355475885877,-0.09877376578644595
2021-09-23 00:00:00+05:30,1.4110411978827542,1.3450807796974102,-0.1954297592356301
2021-09-24 00:00:00+05:30,1.288767535916804,1.1947904947941081,-0.08872642633081525
2021-09-27 00:00:00+05:30,1.2671902736543827,1.0381779858223232,-0.1198388240541645
2021-09-28 00:00:00+05:30,1.0979505218896704,1.0986726942947236,-0.1910979578638196
2021-09-29 00:00:00+05:30,1.0554300452793772,0.9361574144154109,-0.11286465875128185
2021-09-30 00:00:00+05:30,0.929981674067654,1.0057160058295802,-0.0914977577568198
2021-10-01 00:00:00+05:30,1.0175625121965484,1.0152015152647442,-0.21350027310534572
2021-10-04 00:00:00+05:30,0.9921760927549051,0.9399498795235243,-0.20084345459270683
2021-10-05 00:00:00+05:30,0.9337902204606574,1.034594160628467,-0.2857600991441985
2021-10-06 00:00:00+05:30,0.9670026768590672,0.9393185264496521,-0.23070328767154172
2021-10-07 00:00:00+05:30,0.9837149872799524,0.8691264086291705,-0.19022274255632968
2021-10-08 00:00:00+05:30,0.867363192370782,0.7453953328110835,-0.09889373127674632
2021-10-11 00:00:00+05:30,0.7476282476031308,0.7666863840613033,-0.18959149994580585
2021-10-12 00:00:00+05:30,0.6748562838954867,0.8975840236008825,-0.17340901876187406
2021-10-13 00:00:00+05:30,0.9418280364702906,0.773639961203658,-0.0841844557080038
2021-10-14 00:00:00+05:30,0.7668787039047859,0.7854455030187139,0.007452644587251381
2021-10-18 00:00:00+05:30,0.8770959307128104,0.8042057086423444,-0.06614921499929534
2021-10-19 00:00:00+05:30,0.8648254850691989,0.3522807876989507,0.6086256202099847
2021-10-20 00:00:00+05:30,0.437922225350698,0.06497927910184392,0.5045552818028495
2021-10-21 00:00:00+05:30,0.16036858195461806,-0.07371953723176017,0.20877108789110224
2021-10-22 00:00:00+05:30,-0.027484785500312005,-0.038516985031950515,-0.0500843110187207
2021-10-25 00:00:00+05:30,-0.048216215289318756,-0.031139608063760742,-0.10248718455434984
2021-10-26 00:00:00+05:30,0.07859642872551786,-0.04810464109180298,-0.09611615356181341
2021-10-27 00:00:00+05:30,0.01942438122695216,-0.2188307709301143,0.17740130632102893
2021-10-28 00:00:00+05:30,-0.21470970415789492,-0.24831202548115106,-0.018821818646710804
2021-10-29 00:00:00+05:30,-0.21470935861818652,-0.23346599158228395,0.06157324757817668
2021-11-01 00:00:00+05:30,-0.24450737331143202,-0.1742937558997331,-0.03254105742030989
2021-11-02 00:00:00+05:30,-0.15085488330420188,-0.12424408313483626,-0.1411089075702371
2021-11-03 00:00:00+05:30,-0.06997210860079951,-0.1562670499746631,-0.0967505193168014
2021-11-04 00:00:00+05:30,-0.09125735311916307,-0.10748877668727136,-0.34400949911676293
2021-11-08 00:00:00+05:30,-0.0061196964567004596,-0.06910446579503872,0.08033654837579837
2021-11-09 00:00:00+05:30,-0.045282986659581165,-0.07228513782124162,-0.07739767907297164
2021-11-10 00:00:00+05:30,-0.1676690243196261,-0.20377392378454975,-0.05947450413621297
2021-11-11 00:00:00+05:30,-0.20321422846690163,-0.3053598287034263,-0.15351091423747543
2021-11-12 00:00:00+05:30,-0.2657913749393359,-0.18341305881872685,-0.08566023332451654
2021-11-15 00:00:00+05:30,-0.19725526250678965,-0.09943005999908526,-0.20396770134316314
2021-11-16 00:00:00+05:30,-0.06720610101777708,-0.176204115114651,-0.1603888132051094
2021-11-17 00:00:00+05:30,-0.19768186305947733,-0.24194959476252517,-0.21337204046793432
2021-11-18 00:00:00+05:30,-0.25727883684670594,-0.20695568247697274,-0.16190739627221934
2021-11-22 00:00:00+05:30,-0.17469566378914037,-0.25297817023021674,-0.08982761032600725
2021-11-23 00:00:00+05:30,-0.2666448497789316,-0.22901283341235587,-0.03411640823091573
2021-11-24 00:00:00+05:30,-0.18916863789300242,-0.3115125328415749,-0.20560808704437591
2021-11-25 00:00:00+05:30,-0.2700491466326252,-0.4205203680436649,-0.13869894233017563
2021-11-26 00:00:00+05:30,-0.4530992194134236,-0.47969151705999563,0.061114329056323226
2021-11-29 00:00:00+05:30,-0.4939667027550919,-0.5038698404569941,-0.07231558817223818
2021-11-30 00:00:00+05:30,-0.5467515411868765,-0.5541314131348084,0.33303604583235247
2021-12-01 00:00:00+05:30,-0.4701265794723302,-0.43833517405581734,-0.15709481436730616
2021-12-02 00:00:00+05:30,-0.3977584081961069,-0.27524504774607716,-0.08177596018298426
2021-12-03 00:00:00+05:30,-0.2858001436934917,-0.44342620529693816,-0.04189873309249869
2021-12-06 00:00:00+05:30,-0.4530993735738125,-0.6010025872059426,-0.1908923814723248
2021-12-07 00:00:00+05:30,-0.5216366554760731,-0.5369533935276286,-0.22466973999551643
2021-12-08 00:00:00+05:30,-0.5627153135287937,-0.45636187998088734,-0.23487397153187686
2021-12-09 00:00:00+05:30,-0.46587026246851876,-0.45996852516536546,-0.2574897628832483
2021-12-10 00:00:00+05:30,-0.44032737844607645,-0.48944651971774195,-0.2560433795675749
2021-12-13 00:00:00+05:30,-0.4190439009553834,-0.6101218901249363,-0.057566630297362635
2021-12-14 00:00:00+05:30,-0.6191193718358459,-0.5509496544423854,-0.16519808825117815
2021-12-15 00:00:00+05:30,-0.5722954629104366,-0.5397124390604366,-0.2504248426765244
2021-12-16 00:00:00+05:30,-0.5512214856812808,-0.5882766391024707,-0.2189415256194593
2021-12-17 00:00:00+05:30,-0.6276342104630552,-0.924425967625055,0.058968545095054864
2021-12-20 00:00:00+05:30,-0.9554215003580897,-0.7596395553457547,0.01055668275588068
2021-12-21 00:00:00+05:30,-0.6829742937399558,-0.7437318485498597,-0.09678579247780854
2021-12-22 00:00:00+05:30,-0.6404049556862011,-0.7233731569164771,-0.08389088012837137
2021-12-23 00:00:00+05:30,-0.6448758353731608,-0.6258166103416936,-0.1277111689620678
2021-12-24 00:00:00+05:30,-0.5978349196002697,-0.6415091572260107,-0.22463483426326977
2021-12-27 00:00:00+05:30,-0.6533892199688929,-0.6226348516492706,-0.2818069331100741
2021-12-28 00:00:00+05:30,-0.597835071150198,-0.5899729250720309,-0.24517281597406376
2021-12-29 00:00:00+05:30,-0.5769769026164688,-0.5995171144830798,-0.13007098017632227
2021-12-30 00:00:00+05:30,-0.6063490944573428,-0.5199861871671462,-0.21210404381547932
2021-12-31 00:00:00+05:30,-0.4701258429865406,-0.3734383807258333,-0.18273068641553472
2022-01-03 00:00:00+05:30,-0.3083617008888865,-0.36856033606385014,-0.22761560008275428
2022-01-04 00:00:00+05:30,-0.346887629633192,-0.1991077790354841,-0.11646895117731985
2022-01-05 00:00:00+05:30,-0.19853181156515654,-0.13739165773170298,-0.16823286609845486
2022-01-06 00:00:00+05:30,-0.2232223624382877,-0.2408879218654974,-0.16889625872552166
2022-01-07 00:00:00+05:30,-0.2657926754108999,-0.13590835834128037,-0.2006264879096368
2022-01-10 00:00:00+05:30,-0.10828417201011925,-0.17450565581265062,-0.22023597714266963
2022-01-11 00:00:00+05:30,-0.14170292687339972,-0.18892897655190277,-0.14640337229453446
2022-01-12 00:00:00+05:30,-0.18405918516180472,-0.14863321977853214,-0.1158665517244946
2022-01-13 00:00:00+05:30,-0.13808344956879046,-0.14417897494238396,-0.09772567524714493
2022-01-14 00:00:00+05:30,-0.12956996824201886,-0.3583815335802688,-0.09593666461231348
2022-01-17 00:00:00+05:30,-0.36796060436877187,-0.24873582530698607,-0.22156643668440812
2022-01-18 00:00:00+05:30,-0.17767224932278955,-0.33377832369121524,-0.08279337042078429
2022-01-19 00:00:00+05:30,-0.3679589749619981,-0.5865803531329105,0.004962579877402806
2022-01-20 00:00:00+05:30,-0.5339816196138615,-0.7906030226209939,0.13070698972277067
2022-01-21 00:00:00+05:30,-0.7902502854791189,-0.5208359601512564,0.45520886441136604
2022-01-24 00:00:00+05:30,-0.47481059951775384,-0.6938940756978804,0.020734091992725252
2022-01-25 00:00:00+05:30,-0.7106458902209091,-0.5129891433759879,-0.05046625321525126
2022-01-27 00:00:00+05:30,-0.5978362691603625,-0.6482964744366916,0.09226714394332651
2022-01-28 00:00:00+05:30,-0.6633924347700075,-0.6983472338678085,-0.027652968905115777
2022-01-31 00:00:00+05:30,-0.6829738804657949,-0.7399143901186842,-0.0878829936111078
2022-02-01 00:00:00+05:30,-0.6263572975232065,-0.6046081457242005,-0.15574102309927648
2022-02-02 00:00:00+05:30,-0.5378114868142932,-0.5102311845093999,-0.16022310283412788
2022-02-03 00:00:00+05:30,-0.5169535259942438,-0.63642029931733,-0.12312602545989865
2022-02-04 00:00:00+05:30,-0.6148647248660408,-0.6005787873801075,-0.20276216757999163
2022-02-07 00:00:00+05:30,-0.660626439606479,-0.8084178286331464,-0.16733450277905398
2022-02-08 00:00:00+05:30,-0.7766281542800402,-0.7797863470662199,-0.17041024893312548
2022-02-09 00:00:00+05:30,-0.778543188907314,-0.7233731569164771,-0.19632297855238412
2022-02-10 00:00:00+05:30,-0.7255446057427327,-0.7000446065035888,-0.1695945570848351
2022-02-11 00:00:00+05:30,-0.7298020272949386,-0.8067215426635862,-0.003344800682922021
2022-02-14 00:00:00+05:30,-0.9809626725573651,-0.931637084661571,-0.08390998642391691
2022-02-15 00:00:00+05:30,-0.8619793562580481,-0.6705633519525521,-0.10750460799323684
2022-02-16 00:00:00+05:30,-0.6825473008909937,-0.6858331856772542,-0.20623308336597138
2022-02-17 00:00:00+05:30,-0.7170307152039199,-0.5965483423697944,-0.22943510730470648
2022-02-18 00:00:00+05:30,-0.665946831981633,-0.5753398777523014,-0.22551482614464607
2022-02-21 00:00:00+05:30,-0.6489186959715039,-0.6506284601450044,-0.25358528115988904
2022-02-22 00:00:00+05:30,-0.7255447392768608,-0.7560339968274966,-0.22331870444319044
2022-02-23 00:00:00+05:30,-0.7681131891105284,-0.7965405668475647,-0.14583826686089907
2022-02-24 00:00:00+05:30,-1.0661015214024874,-1.1740462383743273,0.16155594102484777
2022-02-25 00:00:00+05:30,-1.0873861730053893,-1.1770150104876127,0.013867767031046746
2022-02-28 00:00:00+05:30,-1.2193522834350778,-1.1710763795948218,0.03964436429454341
2022-03-02 00:00:00+05:30,-1.368559260143496,-1.2686340128358253,-0.015350168003210103
2022-03-03 00:00:00+05:30,-1.2453205805933951,-1.5150730682257847,0.04680224397767165
2022-03-04 00:00:00+05:30,-1.5982221300301453,-1.818349113591322,0.7719449485326006
2022-03-07 00:00:00+05:30,-2.004762145967509,-2.138804265230259,0.1576656053087674
2022-03-08 00:00:00+05:30,-2.238682076796749,-2.1173839006998487,0.2009275861408975
2022-03-09 00:00:00+05:30,-2.0707449486406904,-1.9099681159395345,0.1397766012467344
2022-03-10 00:00:00+05:30,-1.6965589800737155,-1.4686278673129267,0.5073361663766268
2022-03-11 00:00:00+05:30,-1.4917971591025847,-1.5006508341527527,0.06676189281945256
2022-03-14 00:00:00+05:30,-1.513082393318114,-1.6495317129685994,-0.0712660279178952
2022-03-15 00:00:00+05:30,-1.7259301709948973,-1.739030086188306,0.05011369568159821
2022-03-16 00:00:00+05:30,-1.6620764459838508,-1.5950277953675533,0.12684421116372713
2022-03-17 00:00:00+05:30,-1.4998861855063206,-1.4682029808208708,0.16123627800322046
2022-03-21 00:00:00+05:30,-1.464127966876858,-1.6838899255153983,-0.08143333286382626
2022-03-22 00:00:00+05:30,-1.6886822459307893,-1.9286310649364682,0.594878273136208
2022-03-23 00:00:00+05:30,-1.866410745069529,-1.9920434722098086,0.20096873816207253
2022-03-24 00:00:00+05:30,-2.045203358809808,-2.0457003334922934,0.17203409070215436
2022-03-25 00:00:00+05:30,-2.024343410979021,-2.100416694339366,0.021201461376070006
2022-03-28 00:00:00+05:30,-2.0879855218563947,-2.0066770628626482,-0.059470094991087075
2022-03-29 00:00:00+05:30,-2.0026339542588376,-1.9559900603596685,-0.1596693876920677
2022-03-30 00:00:00+05:30,-1.917494398975802,-1.833618947316024,-0.11783688845262844
2022-03-31 00:00:00+05:30,-1.834907994522483,-1.6947049710708422,0.07757917924269249
2022-04-01 00:00:00+05:30,-1.6837868648945544,-1.5695775291599399,-0.07408218565267967
2022-04-04 00:00:00+05:30,-1.5854512783184345,-1.3562242001730551,-0.07811967658733676
2022-04-05 00:00:00+05:30,-1.3023635724960037,-1.308081626624416,-0.15442856756680207
2022-04-06 00:00:00+05:30,-1.342803096199862,-1.298536350547147,-0.0702023216562733
2022-04-07 00:00:00+05:30,-1.32173291328692,-1.2020409335362812,-0.053922104422050844
2022-04-08 00:00:00+05:30,-1.1610325026884494,-1.124631178681963,-0.07803829111688797
2022-04-11 00:00:00+05:30,-1.1171836327588378,-1.2094617771532745,-0.1356061107387413
2022-04-12 00:00:00+05:30,-1.3176891677542186,-1.340106223463573,-0.13742010652928616
2022-04-13 00:00:00+05:30,-1.3313102101950745,-1.2556972514856561,-0.19228309933078383
2022-04-18 00:00:00+05:30,-1.287463433217286,-1.1475359292690162,-0.05329765924359612
2022-04-19 00:00:00+05:30,-1.126976030586378,-1.4215442499957642,-0.06287560845769936
2022-04-20 00:00:00+05:30,-1.430496506078567,-1.2014030604650885,-0.11141147800353932
2022-04-21 00:00:00+05:30,-1.1299557760167878,-1.0614306713215391,0.023252816145892138
2022-04-22 00:00:00+05:30,-1.1427271739493459,-1.362586630891682,0.2576751210549543
2022-04-25 00:00:00+05:30,-1.491797794544336,-1.4737167252216063,0.058617283200025315
2022-04-26 00:00:00+05:30,-1.3121528722565259,-1.2718135981958083,-0.1233007378355122
2022-04-27 00:00:00+05:30,-1.2883141699265124,-1.2855995891969776,0.017680391564283242
2022-04-28 00:00:00+05:30,-0.9383936898376898,-0.8752238945118282,0.6883991806865014
2022-04-29 00:00:00+05:30,-0.8770934487221314,-0.9049148756433423,0.10296262773246362
2022-05-02 00:00:00+05:30,-0.9809619336872292,-0.9233653813942473,-0.10558038357454465
2022-05-04 00:00:00+05:30,-0.8875222293588536,-1.1734094519693545,-0.09366632230123861
2022-05-05 00:00:00+05:30,-1.1597544107808975,-1.19440493000771,-0.1867992250804533
2022-05-06 00:00:00+05:30,-1.3853737974097786,-1.2682102130099904,-0.0978537241701761
2022-05-09 00:00:00+05:30,-1.4002744124669892,-1.406276589603502,-0.14271457125358347
2022-05-10 00:00:00+05:30,-1.3470611041988785,-1.135871654062572,0.008081498910831996
2022-05-11 00:00:00+05:30,-1.1299548662600574,-1.2075535912707969,-0.04769345207420474
2022-05-12 00:00:00+05:30,-1.215733600097798,-1.3123228848814266,-0.1077902838545187
2022-05-13 00:00:00+05:30,-1.1938109908869097,-1.0777610912770488,-0.011207225014292057
2022-05-16 00:00:00+05:30,-1.0661009314759975,-0.9795666716310726,-0.13253605973045743
2022-05-17 00:00:00+05:30,-0.9047642502680752,-0.8618633333358239,-0.011600924931158331
2022-05-18 00:00:00+05:30,-0.9124254247569618,-0.6650517808842565,0.0035296077114872915
2022-05-19 00:00:00+05:30,-0.8719842161785404,-0.7789387474145498,-0.07048028151358486
2022-05-20 00:00:00+05:30,-0.6829750659066137,-0.5185028877767236,0.08841483710395696
2022-05-23 00:00:00+05:30,-0.6020918884440879,-0.2900899949787242,0.0450216842043315
2022-05-24 00:00:00+05:30,-0.29984887813852634,-0.5876420260299382,0.17644158239862603
2022-05-25 00:00:00+05:30,-0.5129096490372232,-0.6340872269427972,-0.04298595479479203
2022-05-26 00:00:00+05:30,-0.6823372258677957,-0.7125575680279231,0.0332310789945505
2022-05-27 00:00:00+05:30,-0.6531753562840231,-0.4987777225496532,-0.20336070903083175
2022-05-30 00:00:00+05:30,-0.4607605088213897,-0.4209441678694999,-0.2165405623840298
2022-05-31 00:00:00+05:30,-0.38498805131123864,-0.4027066486977325,0.18476825296887664
2022-06-01 00:00:00+05:30,-0.34241758864200006,-0.5927308839386188,0.014578925396977381
2022-06-02 00:00:00+05:30,-0.6616891597373432,-0.6930443027137703,-0.12086707344039901
2022-06-03 00:00:00+05:30,-0.7085173746340512,-0.6627187085097237,-0.05014291590601904
2022-06-06 00:00:00+05:30,-0.758749701988163,-0.7112850818841979,0.00241813571100154
2022-06-07 00:00:00+05:30,-0.8532533608885597,-1.0035320084489334,-0.015342451999239788
2022-06-08 00:00:00+05:30,-1.0022473089506216,-1.0652481297527145,-0.11232288504393763
2022-06-09 00:00:00+05:30,-1.0788724039077324,-1.0624912575523466,-0.11397190532102194
2022-06-10 00:00:00+05:30,-1.2236092982566955,-1.0531600547204354,-0.08749609112631061
2022-06-13 00:00:00+05:30,-1.2023233926103865,-1.0658838294914672,-0.11000845128160383
2022-06-14 00:00:00+05:30,-1.1050523639476237,-1.1757425243438875,-0.09659105523474823
2022-06-15 00:00:00+05:30,-1.1607793263607427,-1.199062381427015,-0.1260033600833049
2022-06-16 00:00:00+05:30,-1.2196158214044563,-1.198422335023382,-0.1404969549696391
2022-06-17 00:00:00+05:30,-1.1551973000023894,-1.3535385046101032,0.20832227366016232
2022-06-20 00:00:00+05:30,-1.3656300147351579,-0.9878916215431808,-0.017681136059766005
2022-06-21 00:00:00+05:30,-1.0048873660972988,-0.9489509375462621,-0.09407196365282086
2022-06-22 00:00:00+05:30,-1.0297971564859538,-0.9581517404317625,-0.06923543287304082
2022-06-23 00:00:00+05:30,-0.9490590273993789,-0.7452673079188467,-0.09782598329875901
2022-06-24 00:00:00+05:30,-0.7042692188799076,-0.5257509514647226,-0.03457404075210747
2022-06-27 00:00:00+05:30,-0.4858912466500208,-0.4540766209200384,-0.12269392923756105
2022-06-28 00:00:00+05:30,-0.465277817117771,-0.46691340897795947,-0.13119678189846717
2022-06-29 00:00:00+05:30,-0.5702796498134882,-0.8272117209095998,-0.07997611039971833
2022-06-30 00:00:00+05:30,-0.8764798336154409,-0.8394052025652277,0.04941356017848231
2022-07-01 00:00:00+05:30,-0.871755668087028,-0.6179632735691044,-0.1621519201123262
2022-07-04 00:00:00+05:30,-0.657029639680395,-0.2206531101812049,0.05364505349867873
2022-07-05 00:00:00+05:30,-0.19107056731784489,-0.10811252309760291,0.06335141906457363
2022-07-06 00:00:00+05:30,-0.12450567553530693,0.3065288798345091,0.48723836432090123
2022-07-07 00:00:00+05:30,0.3264216250742747,0.19762645125576783,0.2232165496098121
2022-07-08 00:00:00+05:30,0.2038131480886028,0.29989804255952107,-0.14169385415693905
2022-07-11 00:00:00+05:30,0.24912002919705928,0.27315301355067045,-0.09756069973368439
2022-07-12 00:00:00+05:30,0.19758538439698267,0.09749667907181164,-0.18403891651726348
2022-07-13 00:00:00+05:30,0.15034555395775123,0.30374810097729926,0.07542384213365136
2022-07-14 00:00:00+05:30,0.3167591762046068,0.303962174222657,-0.08357819825319339
2022-07-15 00:00:00+05:30,0.43378628861327423,0.6064933098943226,0.16143377096198447
2022-07-18 00:00:00+05:30,0.6528082426567717,0.5423071962722773,-0.10129175508209186
2022-07-19 00:00:00+05:30,0.5194622862282938,0.6041395908616081,-0.11851810137457904
2022-07-20 00:00:00+05:30,0.6270400144180098,0.7605391132542552,0.34807527242801606
2022-07-21 00:00:00+05:30,0.8074117440138415,0.7731629147330386,-0.02343231473335385
2022-07-22 00:00:00+05:30,0.807412076515294,0.9150152364373434,-0.03903242133190717
2022-07-25 00:00:00+05:30,0.9298062741132538,0.8422705396658706,-0.15880666496243448
2022-07-26 00:00:00+05:30,0.8417678280179286,0.5149210341935737,-0.0794870627195046
2022-07-27 00:00:00+05:30,0.4567612131132731,0.6640453262427195,-0.13119218903896102
2022-07-28 00:00:00+05:30,0.8417683822808515,0.8272941058205928,-0.12422555602566844
2022-07-29 00:00:00+05:30,0.9061863832235713,0.9013210687317714,-0.12036663546861005
2022-08-01 00:00:00+05:30,0.895451120374203,0.7113316068099279,-0.10257224431240354
2022-08-02 00:00:00+05:30,0.7344032833430958,0.8921202658462709,-0.13931218093143535
2022-08-03 00:00:00+05:30,0.7998962609988517,0.8540380481632233,-0.06436222522264659
2022-08-04 00:00:00+05:30,0.8804180382706862,0.860882958683569,-0.17064466848231882
2022-08-05 00:00:00+05:30,0.897596840925467,0.9355532279970409,-0.1729811479702821
2022-08-08 00:00:00+05:30,0.9293761974456826,0.9567356126252518,-0.20093420949654814
2022-08-10 00:00:00+05:30,0.9506356936071639,0.9244290259019814,-0.18725887845982775
2022-08-11 00:00:00+05:30,0.9751137500757537,0.7999068570756691,-0.24021914142512196
2022-08-12 00:00:00+05:30,0.8413377178505176,0.7196739433815574,-0.11844351333619933
2022-08-16 00:00:00+05:30,0.7685450901834548,0.9317020829130426,-0.09812654002484078
2022-08-17 00:00:00+05:30,0.9534262822284968,1.1035072723079031,-0.07474631313726744
2022-08-18 00:00:00+05:30,1.0994405786351822,1.0923819835466235,-0.1199202095246133
2022-08-19 00:00:00+05:30,1.1166193903264459,0.8891265004099235,-0.14582044656601523
2022-08-22 00:00:00+05:30,0.9405430746819511,0.855535474214507,-0.12994991239974044
2022-08-23 00:00:00+05:30,0.743207906931379,0.7102601539169194,-0.14939607954873493
2022-08-24 00:00:00+05:30,0.631333767277075,0.6910033418307078,-0.16088851631937737
2022-08-25 00:00:00+05:30,0.7395564655775155,0.6308824465380184,-0.18585456573723053
2022-08-26 00:00:00+05:30,0.7339731108317665,0.6195430845313812,-0.19647362434418547
2022-08-29 00:00:00+05:30,0.51967600780312,0.6377295303908044,-0.12275951527130871
2022-08-30 00:00:00+05:30,0.6858754463703387,0.9973867092525918,0.020153554551149224
2022-09-01 00:00:00+05:30,0.9491313923748174,0.7669580506163257,-0.07642031857006515
2022-09-02 00:00:00+05:30,0.7988226033579363,0.756689054836477,-0.21690100999807163
2022-09-05 00:00:00+05:30,0.7215190091534611,0.7438500934461157,-0.15508589761932076
2022-09-06 00:00:00+05:30,0.6966120973624974,0.6261771818050296,-0.15936607525028226
2022-09-07 00:00:00+05:30,0.6132986350521591,0.5898053767524032,-0.14206238520371167
2022-09-08 00:00:00+05:30,0.6485119265860395,0.6435051613505818,-0.2046044553850943
2022-09-09 00:00:00+05:30,0.7258150945838804,0.692930001038927,-0.06114005870751939
2022-09-12 00:00:00+05:30,0.6957542948057018,0.6574144889677315,-0.09599692292903403
2022-09-13 00:00:00+05:30,0.7258148819410138,0.6839443580650043,-0.14258303175732764
2022-09-14 00:00:00+05:30,0.5196759009625818,0.6189008647953081,-0.0933615401444112
2022-09-15 00:00:00+05:30,0.6485121065308159,0.5718308308058976,-0.16871162577337484
2022-09-16 00:00:00+05:30,0.5411496191306797,0.4338318275180313,0.07322441357335129
2022-09-19 00:00:00+05:30,0.4380804451243105,0.6524929776569447,-0.1748074526243034
2022-09-20 00:00:00+05:30,0.7283925628587417,0.6708934967617255,-0.1588963175799943
2022-09-21 00:00:00+05:30,0.6571025046845308,0.8422705396658706,-0.029062425630359857
2022-09-22 00:00:00+05:30,0.8336082136500167,1.138167578063888,0.09222415477834904
2022-09-23 00:00:00+05:30,1.1548398210863062,1.0923819835466235,-0.06034126858221161
2022-09-26 00:00:00+05:30,1.028580246984093,1.0003815613551592,0.10293672400484899
2022-09-27 00:00:00+05:30,1.0607896906992926,1.0804004018039133,-0.04036967830571474
2022-09-28 00:00:00+05:30,1.0348073147377572,1.178177541621375,-0.1087672769286647
2022-09-29 00:00:00+05:30,1.211528332422283,1.1715445310139467,-0.018109925423259187
2022-09-30 00:00:00+05:30,1.1939217681180614,1.1540013915568166,-0.14296442281071747
2022-10-03 00:00:00+05:30,1.2626336707791859,0.8375631016004416,-0.07992411923010884
2022-10-04 00:00:00+05:30,0.9491318323993659,1.0320470150085765,-0.14519012252739266
2022-10-06 00:00:00+05:30,1.083550477844243,0.8011902098815952,-0.06721953497860608
2022-10-07 00:00:00+05:30,0.7855090888536818,0.7400000350283376,-0.20067480479164138
2022-10-10 00:00:00+05:30,0.6055683904537164,0.7652476379859043,-0.19740377025136885
2022-10-11 00:00:00+05:30,0.7773491412888256,0.5301104546179892,-0.18159422925933558
2022-10-12 00:00:00+05:30,0.5774385387644523,0.7042704497117843,-0.22695514688577142
2022-10-13 00:00:00+05:30,0.6613970590203173,0.5975065802541798,-0.2507538751315442
2022-10-14 00:00:00+05:30,0.6914578945069627,0.6377295303908044,-0.2051550473826903
2022-10-17 00:00:00+05:30,0.6210292954331358,0.7008474511185013,-0.24605317528420056
2022-10-18 00:00:00+05:30,0.820294700334419,0.7509112505442593,-0.18277165472232948
2022-10-19 00:00:00+05:30,0.8001101752558815,0.668538691062791,-0.16098221065330262
2022-10-20 00:00:00+05:30,0.5976224506336599,0.7451345329182619,-0.1267845136281091
2022-10-21 00:00:00+05:30,0.7601709907783196,0.9719250330496672,0.062473815470140505
2022-10-24 00:00:00+05:30,0.7777796748867909,0.6261771818050296,-0.25689416086249217
2022-10-25 00:00:00+05:30,0.6742805692396967,0.33648283419128494,0.14799047118751424
2022-10-27 00:00:00+05:30,0.2791816783609034,0.39467815694197506,-0.04995442495188707
2022-10-28 00:00:00+05:30,0.41703656834853897,0.41714280770989187,-0.17513336193485904
2022-10-31 00:00:00+05:30,0.4982034782496614,0.5303245278633468,-0.1458323880007312
2022-11-01 00:00:00+05:30,0.6752972832096393,0.6082960891534516,-0.15397295590379304
2022-11-02 00:00:00+05:30,0.6536809608334712,0.46398572845930364,-0.14328959726375215
2022-11-03 00:00:00+05:30,0.4448616886823925,0.5848186654684111,-0.25495854615222474
2022-11-04 00:00:00+05:30,0.5713208693362323,0.4728170648299736,-0.22581942458709325
2022-11-07 00:00:00+05:30,0.5114425303433296,0.5264483894562865,-0.1533202187107805
2022-11-09 00:00:00+05:30,0.4202184415725886,0.423060791944501,-0.12525619369884614
2022-11-10 00:00:00+05:30,0.3942788600456001,0.4437389634465902,-0.12108440755222953
2022-11-11 00:00:00+05:30,0.5715364046203528,0.3982913221237737,-0.17551989699089576
2022-11-14 00:00:00+05:30,0.4063853580935783,0.20336513556406216,0.003470084252287724
2022-11-15 00:00:00+05:30,0.19454002056288894,0.20207200276215528,-0.10286343160509279
2022-11-16 00:00:00+05:30,0.21939901752408877,0.28973554006924107,-0.14473892000950953
2022-11-17 00:00:00+05:30,0.2903014555823142,0.21284086500324537,-0.21269835983557378
2022-11-18 00:00:00+05:30,0.24728436201245677,0.31493532971312393,-0.19153464694566336
2022-11-21 00:00:00+05:30,0.3065147100316713,0.3911834383781662,-0.14024048969481628
2022-11-22 00:00:00+05:30,0.40249360141601903,0.4527854597288379,-0.21990198439938316
2022-11-23 00:00:00+05:30,0.46777643731837754,0.4168157211776448,-0.2542773332302741
2022-11-24 00:00:00+05:30,0.4504822191823302,0.596879573845188,-0.20545027639174496
2022-11-25 00:00:00+05:30,0.6147701883514208,0.5464789078912021,-0.24521507028152023
2022-11-28 00:00:00+05:30,0.493714660222754,0.49370713624498025,-0.23650241579837367
2022-11-29 00:00:00+05:30,0.4945789684421886,0.9632556099457906,0.07802156347032384
2022-11-30 00:00:00+05:30,0.9563149193560458,1.179292461163187,0.29027376811449035
2022-12-01 00:00:00+05:30,1.155191488131896,1.086676985891152,-0.08132549252262211
2022-12-02 00:00:00+05:30,1.0687227122669292,0.8809786770916901,-0.003004194221946718
2022-12-05 00:00:00+05:30,0.8093220374406207,0.9014416886822014,-0.08776615126527161
2022-12-06 00:00:00+05:30,0.838719699020103,1.0509202339190966,-0.11641622515018937
2022-12-07 00:00:00+05:30,1.0689385904733562,1.2783714271123163,0.04598710327252202
2022-12-08 00:00:00+05:30,1.2202568954671034,1.2701866571426,-0.14762176606432315
2022-12-09 00:00:00+05:30,1.3484451063151879,1.3425586274005818,-0.04314450030494396
2022-12-12 00:00:00+05:30,1.2511684961749514,1.3210187295859614,-0.17545431095714809
2022-12-13 00:00:00+05:30,1.3151546230121884,1.291079988556267,-0.1565987855406431
2022-12-14 00:00:00+05:30,1.3281256742760055,1.180585593965094,-0.2262230450804928
2022-12-15 00:00:00+05:30,1.1048233179505478,1.0883982651837742,-0.207141734690666
2022-12-16 00:00:00+05:30,1.1033095231613392,1.1230759575992806,-0.059592999911471364
2022-12-19 00:00:00+05:30,1.1175781397491171,1.324681881413884,-0.10495630582485041
2022-12-20 00:00:00+05:30,1.267598675875643,1.1370776518451378,-0.2371156543996334
2022-12-21 00:00:00+05:30,1.189560286727113,1.1011057399615045,-0.24602120898203783
2022-12-22 00:00:00+05:30,1.1400596011440303,1.0112906035386409,-0.23252279489349392
2022-12-23 00:00:00+05:30,0.9476682234116367,0.9068250331365264,-0.17058624730940072
2022-12-26 00:00:00+05:30,0.8998948567769617,0.8911009729318267,-0.27797795799699576
2022-12-27 00:00:00+05:30,0.9174057556134543,0.7868538224399502,-0.229143736297637
2022-12-28 00:00:00+05:30,0.7790574697615837,0.7452834061904142,-0.23801879429292067
2022-12-29 00:00:00+05:30,0.72393443741792,0.6782969537191975,-0.1418972259758709
2022-12-30 00:00:00+05:30,0.722637824992635,0.6481430527779252,-0.26120703965313735
2023-01-02 00:00:00+05:30,0.6964799243315958,0.6367254508034415,-0.2639129687597745
2023-01-03 00:00:00+05:30,0.5933699679620085,0.5662953530807601,-0.2381672355121591
2023-01-04 00:00:00+05:30,0.5953140939279675,0.5406630702812814,-0.0818619385129392
2023-01-05 00:00:00+05:30,0.5393274475620542,0.7457137260135698,-0.02016256619374304
2023-01-06 00:00:00+05:30,0.7228546060882268,0.7144829388481884,-0.2069469974476057
2023-01-09 00:00:00+05:30,0.7632791491539346,0.9195346812466969,-0.15637116342351884
2023-01-10 00:00:00+05:30,0.9132987445850834,1.0048281995277668,-0.12954702676386187
2023-01-11 00:00:00+05:30,0.9995496319861874,0.7868538224399502,-0.1187815477958512
2023-01-12 00:00:00+05:30,0.7492277447606877,0.7730694614381108,-0.07613372413688205
2023-01-13 00:00:00+05:30,0.766951656315545,0.919317348002679,-0.14150187262958241
2023-01-16 00:00:00+05:30,0.9301587533774238,0.803438522290961,-0.21828474671008133
2023-01-17 00:00:00+05:30,0.8328828638964628,1.1069215775714254,-0.04140509255277882
2023-01-18 00:00:00+05:30,1.103310044926339,1.1872620712213258,-0.014727927397318328
2023-01-19 00:00:00+05:30,1.1123902952367442,1.0302442357494475,-0.08605191238320012
2023-01-20 00:00:00+05:30,0.5931523944690119,0.5951561212201255,0.450340249620478
2023-01-23 00:00:00+05:30,0.6363862499299697,0.8004219368639917,-0.13408991595857456
2023-01-24 00:00:00+05:30,0.8266144888881992,0.8180846096053316,-0.12047631295361666
2023-01-25 00:00:00+05:30,0.8114841991067426,0.9122116375895116,-0.09671322529761155
2023-01-27 00:00:00+05:30,0.962800603643895,0.8682701156477396,-0.09862899885481244
2023-01-30 00:00:00+05:30,0.852554620003833,0.6787272735423531,0.11496781133837145
2023-01-31 00:00:00+05:30,0.670973762276974,0.7157749849838753,0.04566247996262808
2023-02-01 00:00:00+05:30,0.8101864115914382,0.7050061227427851,-0.019037866757879607
2023-02-02 00:00:00+05:30,0.6774580769778419,0.9660570354611822,-0.025274602538456516
2023-02-03 00:00:00+05:30,0.9822558284600043,1.0259356041867915,-0.0881837340515698
2023-02-06 00:00:00+05:30,0.9433452331104816,0.9779038705926014,-0.07730637302598958
2023-02-07 00:00:00+05:30,1.0038736900501368,0.821101195032301,-0.11436174723590306
2023-02-08 00:00:00+05:30,0.7777608753477923,0.7418375876065094,-0.19405502452825243
2023-02-09 00:00:00+05:30,0.7531178375358124,0.758637447369098,-0.18660944812565963
2023-02-10 00:00:00+05:30,0.7444707303096681,0.7190056436562022,-0.10935259094412711
2023-02-13 00:00:00+05:30,0.6363880110045221,0.7340842241261686,-0.17851848310526408
2023-02-14 00:00:00+05:30,0.7444704536322168,0.72805213993845,-0.03194398568451176
2023-02-15 00:00:00+05:30,0.5931539877815535,0.5938651617506588,-0.020044805276005623
2023-02-16 00:00:00+05:30,0.6363871270903381,0.5018940795471369,-0.024872268045718696
2023-02-17 00:00:00+05:30,0.48506985914818723,0.4519237334163067,-0.13280740587008016
2023-02-20 00:00:00+05:30,0.4548066459261593,0.4344773072527647,-0.2730274065925182
2023-02-21 00:00:00+05:30,0.4980395537221764,0.45472298559925806,-0.23064339678358167
2023-02-22 00:00:00+05:30,0.4468069932178001,0.3595212447234092,-0.2264697734931626
2023-02-23 00:00:00+05:30,0.34239815849511396,0.3448740707428185,-0.25004032847867036
2023-02-24 00:00:00+05:30,0.34326375539997417,0.31709018882756207,-0.25452883821683037
2023-02-27 00:00:00+05:30,0.3207813429949682,0.24794887724190723,-0.23226118561602424
2023-02-28 00:00:00+05:30,0.2462029860480075,0.21564011718619674,-0.062056609750564574
2023-03-01 00:00:00+05:30,0.19540345572650059,0.23976410727219072,-0.21143752804394836
2023-03-02 00:00:00+05:30,0.23107187922455444,0.19281034656832977,-0.2371878541510699
2023-03-03 00:00:00+05:30,0.22999028998836435,0.260226032196482,-0.1731020320324837
2023-03-06 00:00:00+05:30,0.2989489387264621,0.31989052767673354,-0.16602994696493012
2023-03-08 00:00:00+05:30,0.32078206750112526,0.32096741390084255,-0.12307072743144473
2023-03-09 00:00:00+05:30,0.31148818688616814,0.21887294919096395,-0.19828890613539205
2023-03-10 00:00:00+05:30,0.1608182658007605,0.23631937535450598,-0.2473197022216136
2023-03-13 00:00:00+05:30,0.22999109957417707,0.19173346034422076,-0.14765005807888096
2023-03-14 00:00:00+05:30,0.21269874034962585,0.13724040940537666,-0.15936846353722545
2023-03-15 00:00:00+05:30,0.16903003208441983,-0.019349279575786218,-0.06984867147430056
2023-03-16 00:00:00+05:30,0.05251694416738252,0.21004161282029402,-0.09005817187321545
2023-03-17 00:00:00+05:30,0.2544179849811048,0.15856297397597904,0.0016415750257034783
2023-03-20 00:00:00+05:30,0.14957585151475616,0.43339933436243555,-0.10234994991230639
2023-03-21 00:00:00+05:30,0.4418350898663195,0.22404113373371112,-0.09609759840940861
2023-03-22 00:00:00+05:30,0.25852601603713754,0.283274222724587,-0.19381840040649614
2023-03-23 00:00:00+05:30,0.2689017232933181,0.32096741390084255,-0.099135131972389
2023-03-24 00:00:00+05:30,0.2567964779136754,0.3024441015131915,-0.12288958505252259
2023-03-27 00:00:00+05:30,0.3121350164060493,0.3808448959602317,-0.13420455373184778
2023-03-28 00:00:00+05:30,0.4193537250203642,0.31105810463984346,-0.12967581054441402
2023-03-29 00:00:00+05:30,0.31213516561604354,0.5180484595749922,0.09094072611795342
2023-03-31 00:00:00+05:30,0.631198885312979,0.6451275540171759,0.0051301273921867735
2023-04-03 00:00:00+05:30,0.6796196420903441,0.5406630702812814,-0.22049299356063318
2023-04-05 00:00:00+05:30,0.43102789269914416,0.7416224276949316,-0.11548846752994921
2023-04-06 00:00:00+05:30,0.7012368051475798,0.6662349586762005,-0.24265519410717834
2023-04-10 00:00:00+05:30,0.6590852771698511,0.5236480506071151,-0.23238409053640852
2023-04-11 00:00:00+05:30,0.5499190211250418,0.5908485763236895,-0.2213865803061477
2023-04-12 00:00:00+05:30,0.6190945281736601,0.5098636896052757,-0.18526374029036075
2023-04-13 00:00:00+05:30,0.48506854922678466,0.541093390104437,-0.15735715850229684
2023-04-17 00:00:00+05:30,0.6925902855611975,0.6085112490650294,-0.10127540450225
2023-04-18 00:00:00+05:30,0.6363874518523597,0.561987808184324,-0.11821221693147015
2023-04-19 00:00:00+05:30,0.5845067853192587,0.5212791182473192,-0.14660398839776265
2023-04-20 00:00:00+05:30,0.45394219604816616,0.35327617395655303,-0.13170089415786104
2023-04-21 00:00:00+05:30,0.34239814352047215,0.37632110448599776,-0.16753916059864757
2023-04-24 00:00:00+05:30,0.38563089506581427,0.38407446796633865,-0.07026074282919138
2023-04-25 00:00:00+05:30,0.3374274246093702,0.3440134310965074,-0.07663544810933273
2023-04-26 00:00:00+05:30,0.33375181046149255,0.4316769684035932,-0.16026131542521896
2023-04-27 00:00:00+05:30,0.4372962066692439,0.2513957824920321,0.11494098903885559
2023-04-28 00:00:00+05:30,0.10050760115447922,0.20121136311584414,0.30196847441778313
2023-05-02 00:00:00+05:30,0.25506673886772896,0.17708628636363008,-0.06574632936341679
2023-05-03 00:00:00+05:30,0.19086438278015133,0.3248435523079029,-0.15801320255415383
2023-05-04 00:00:00+05:30,0.32056458066929,0.41422945557383106,-0.17783837246959494
2023-05-05 00:00:00+05:30,0.376985020952912,0.38838309952899475,-0.14024232683861873
2023-05-08 00:00:00+05:30,0.40184343353348473,0.4553684653339914,-0.2104324266696248
2023-05-09 00:00:00+05:30,0.4850704499690786,0.45321686621821355,-0.08577909652853542
2023-05-10 00:00:00+05:30,0.467776186038752,0.4829393606701103,-0.01700910885682768
2023-05-11 00:00:00+05:30,0.5367335022625817,0.7831917572782475,-0.06776975954744159
2023-05-12 00:00:00+05:30,0.783381633710921,0.9167332557313054,0.009510613074762354
2023-05-15 00:00:00+05:30,0.9733927290761126,1.0840907202873382,-0.10236336106206431
2023-05-16 00:00:00+05:30,1.111956420748026,1.1428913161226184,-0.11763921177948419
2023-05-17 00:00:00+05:30,1.120603530333311,1.08193694783912,-0.2349410272806665
2023-05-18 00:00:00+05:30,1.0925018997428695,0.934611088384223,-0.12569288278068988
2023-05-19 00:00:00+05:30,0.9331852653654403,0.9944885704436122,-0.1733318587221709
2023-05-22 00:00:00+05:30,0.960638558868024,0.9800576430408194,-0.2480163471515048
2023-05-23 00:00:00+05:30,0.9476690938501899,0.9378417470565501,-0.25984167437915223
2023-05-24 00:00:00+05:30,0.8957884801877792,0.8803321106907366,-0.2736187831825287
2023-05-25 00:00:00+05:30,0.8525565450888782,0.8040861753581345,-0.1921673592712291
2023-05-26 00:00:00+05:30,0.825534406862729,1.0414445044799132,-0.21516068367400526
2023-05-29 00:00:00+05:30,1.111956970088492,1.0326131681092434,-0.26086992376538676
2023-05-30 00:00:00+05:30,1.0492677996643702,1.0595364103781886,-0.2149810110101251
2023-05-31 00:00:00+05:30,1.053807061189367,1.1069215775714254,0.2333287402416695
2023-06-01 00:00:00+05:30,1.0989864630910446,1.2376627371753117,-0.10603305580746976
2023-06-02 00:00:00+05:30,1.2848914894558132,1.3186497972261657,-0.11187884738688407
2023-06-05 00:00:00+05:30,1.312776803143001,1.228617327559284,-0.20540232693850086
2023-06-06 00:00:00+05:30,1.2416579452136598,1.2085857224581482,-0.26875035210602083
2023-06-07 00:00:00+05:30,1.1984243713271203,1.3164960247779476,-0.12671745787931946
2023-06-08 00:00:00+05:30,1.2719209267877716,1.1601225823745827,-0.21948476904184544
2023-06-09 00:00:00+05:30,1.1938832637942285,0.9718717864048828,-0.12941475241008504
2023-06-12 00:00:00+05:30,1.0038732594931,1.0031047469027043,-0.2466840504659639
2023-06-13 00:00:00+05:30,0.9372930310079746,1.1428913161226184,-0.060684263330130106
2023-06-14 00:00:00+05:30,1.1162788567653654,1.2413237156707944,-0.10692076369281639
2023-06-15 00:00:00+05:30,1.3019685544008857,1.202339565025072,-0.05291902390590998
2023-06-16 00:00:00+05:30,1.1971266285624127,1.3141260057519317,-0.06799223766191899
2023-06-19 00:00:00+05:30,1.3457132583329614,1.2689598109801186,-0.19289633793204358
2023-06-20 00:00:00+05:30,1.206236065509306,1.237908323741052,-0.18168682130697933
2023-06-21 00:00:00+05:30,1.275756349641222,1.2400794828487913,-0.1683563221619799
2023-06-22 00:00:00+05:30,1.2003503757502034,1.1434476892273044,-0.23665912416472315
2023-06-23 00:00:00+05:30,1.1247287525974334,1.0880755253164076,-0.20705134721558519
2023-06-26 00:00:00+05:30,1.0848459452525832,1.1336763865762567,-0.24976751262400568
2023-06-27 00:00:00+05:30,1.1282160747335852,1.1304196479146476,-0.26280259904557024
2023-06-28 00:00:00+05:30,1.1319203697334959,1.1734146835787214,-0.13239735537337202
2023-06-30 00:00:00+05:30,1.1885829600240476,1.2468102934160277,-0.17600967952863047
2023-07-03 00:00:00+05:30,1.2803324555340736,1.346264159211088,-0.20898935021279577
2023-07-04 00:00:00+05:30,1.34157269121287,1.3417045077515912,-0.25652691581638126
2023-07-05 00:00:00+05:30,1.3367783041858694,1.5842603614040596,-0.0736135302686732
2023-07-06 00:00:00+05:30,1.5980796890392963,1.5896882591734083,-0.15674924761806422
2023-07-07 00:00:00+05:30,1.568440848149152,1.333452364476229,-0.1725652186134061
2023-07-10 00:00:00+05:30,1.380145237339212,1.1530016586343341,-0.11023956397195277
2023-07-11 00:00:00+05:30,1.1500095690048087,1.2743887954156872,0.06579261574927689
2023-07-12 00:00:00+05:30,1.3585697421850447,1.2272655147814924,0.05099607584991773
2023-07-13 00:00:00+05:30,1.2713977981143065,1.14496793526921,-0.11448630558570957
2023-07-14 00:00:00+05:30,1.1408554396879707,1.241381308980459,-0.1284579679177661
2023-07-17 00:00:00+05:30,1.206234576710152,1.262226827080442,-0.2214753143518063
2023-07-18 00:00:00+05:30,1.2740136116905358,1.267005985116397,-0.16577256311820607
2023-07-19 00:00:00+05:30,1.2618077120085838,1.2183635451065165,-0.17484107235588833
2023-07-20 00:00:00+05:30,1.2020952348501912,1.3558192152843378,-0.12629969137864103
2023-07-21 00:00:00+05:30,1.119062845749578,0.9247800190910704,0.565970631690186
2023-07-24 00:00:00+05:30,0.9185641720223021,0.8216347481463651,-0.06260499717559763
2023-07-25 00:00:00+05:30,0.8148256283121011,0.7690824830766013,-0.08532936372569425
2023-07-26 00:00:00+05:30,0.8117747073174539,0.8348790360368197,-0.15031685602252579
2023-07-27 00:00:00+05:30,0.7311404298821035,0.7764674667083318,0.029007301678324403
2023-07-28 00:00:00+05:30,0.7703686548613703,0.8405264403826265,-0.21160085012798668
2023-07-31 00:00:00+05:30,0.7923793504288591,0.737162749527683,-0.021125413260610116
2023-08-01 00:00:00+05:30,0.7703687398040817,0.6950370468396811,-0.06601694064551852
2023-08-02 00:00:00+05:30,0.6308904554932648,0.7725576416484485,-0.006491460587768294
2023-08-03 00:00:00+05:30,0.7178452950171593,0.6959042064833127,-0.11811595059622147
2023-08-04 00:00:00+05:30,0.6888607376687389,0.6728864426093702,-0.13942534898966663
2023-08-07 00:00:00+05:30,0.6396076381613974,0.7736432212023183,-0.24147776864418444
2023-08-08 00:00:00+05:30,0.7668817632991117,0.7590960205139758,-0.2050585973330614
2023-08-09 00:00:00+05:30,0.7522799362632473,0.6998129448769759,-0.16638892486393
2023-08-10 00:00:00+05:30,0.6790543456362998,0.6324972325410719,-0.14787327105087933
2023-08-11 00:00:00+05:30,0.6178147018677753,0.480927941496724,-0.11868748603316547
2023-08-14 00:00:00+05:30,0.4731072685397432,0.6168633656326397,-0.19432637066787517
2023-08-16 00:00:00+05:30,0.6134555608923137,0.7015505241628995,-0.1767994676493062
2023-08-17 00:00:00+05:30,0.6945279324732683,0.6609439808505831,-0.10754079972614522
2023-08-18 00:00:00+05:30,0.6051741881176111,0.7108871603259113,-0.027083821755114975
2023-08-21 00:00:00+05:30,0.7038979073730198,0.7456311393808429,-0.20966192855887486
2023-08-22 00:00:00+05:30,0.7860594940998197,0.7588776006037379,-0.21278121502106453
2023-08-23 00:00:00+05:30,0.7921623635214986,0.7947082458787594,-0.1804315009467613
2023-08-24 00:00:00+05:30,0.8357487378655615,0.8259770663618439,-0.17899448706448037
2023-08-25 00:00:00+05:30,0.7572922128978437,0.7491062979526902,-0.24163723272623758
2023-08-28 00:00:00+05:30,0.7485745333691464,0.7150132319635922,-0.2752779077505265
2023-08-29 00:00:00+05:30,0.7219869783457297,0.5866790380372048,-0.21304962173060332
2023-08-30 00:00:00+05:30,0.5792399461605842,0.6118679610188869,-0.16366480803364855
2023-08-31 00:00:00+05:30,0.6049568898573846,0.49504264902947065,0.20524046493154272
2023-09-01 00:00:00+05:30,0.48727181311083545,0.49395598280938086,-0.23971594773762933
2023-09-04 00:00:00+05:30,0.5262828328659515,0.4791903622108004,-0.17911077826717584
2023-09-05 00:00:00+05:30,0.5088466465102105,0.5037272854604284,-0.2340805091235962
2023-09-06 00:00:00+05:30,0.52388400990702,0.5751690694340135,-0.18814125862814726
2023-09-07 00:00:00+05:30,0.5088485578743688,0.5054659514125722,-0.04104997265576412
2023-09-08 00:00:00+05:30,0.4826967442351057,0.5330444534122317,-0.20208738466134962
2023-09-11 00:00:00+05:30,0.5254114468704614,0.6305434066773504,-0.1831925443674721
2023-09-12 00:00:00+05:30,0.678836971649891,0.46811723342808514,0.3359168710289834
2023-09-13 00:00:00+05:30,0.43910822447727416,0.501556126352689,-0.16294317794804392
2023-09-14 00:00:00+05:30,0.5132072257116177,0.4765856232812451,-0.00680616332112897
2023-09-15 00:00:00+05:30,0.35542309400720545,0.3415184454551812,0.2999053619276253
2023-09-18 00:00:00+05:30,0.3403865796847039,0.42381819829990364,-0.1136459960104663
2023-09-20 00:00:00+05:30,0.24580154718807098,0.32914131720835815,-0.05935508978905334
2023-09-21 00:00:00+05:30,0.31706528995862826,0.35736964560763135,0.019377728723372144
2023-09-22 00:00:00+05:30,0.32578429939993514,0.396891696032298,-0.1729673693917637
2023-09-25 00:00:00+05:30,0.38876687115050695,0.3682287011449889,-0.18288114849295584
2023-09-26 00:00:00+05:30,0.3519353521693712,0.3816903222794616,-0.15701967518578572
2023-09-27 00:00:00+05:30,0.36065307045856365,0.48071060825270606,-0.1894924778948535
2023-09-28 00:00:00+05:30,0.4652609988510986,0.30091190214286484,-0.09294046678488833
2023-09-29 00:00:00+05:30,0.31510479911244077,0.32371233277278944,-0.15958818593599916
2023-10-03 00:00:00+05:30,0.42167412184458597,0.33804328688333396,-0.0978493150250502
2023-10-04 00:00:00+05:30,0.3216435477393679,0.5072035306984958,-0.0975353471492105
2023-10-05 00:00:00+05:30,0.5437165824364754,0.5580149564836756,-0.03827037408264851
2023-10-06 00:00:00+05:30,0.5522169383699472,0.4705046391136225,-0.1901261087923205
2023-10-09 00:00:00+05:30,0.39988142521964637,0.5221864845410942,-0.11931725892864731
2023-10-10 00:00:00+05:30,0.5184360689462735,0.543465582462893,-0.18846698422432268
2023-10-11 00:00:00+05:30,0.5452435266142939,0.7180537240474035,-0.07731519131624137
2023-10-12 00:00:00+05:30,0.7049869695241763,0.7206584629769589,-0.09061390787345833
2023-10-13 00:00:00+05:30,0.6964883584507164,0.774728800756188,-0.10770540781084526
2023-10-16 00:00:00+05:30,0.726780575276066,0.7263047806565456,-0.21372293493420336
2023-10-17 00:00:00+05:30,0.7193713439337063,0.7169670578273137,-0.15885865613204397
2023-10-18 00:00:00+05:30,0.7705865545654698,0.682658831926638,-0.18987864552212969
2023-10-19 00:00:00+05:30,0.5742271838833181,0.6820068321945841,-0.15540390721152586
2023-10-20 00:00:00+05:30,0.5524345860685012,0.45204652669917683,0.27371926531056123
2023-10-23 00:00:00+05:30,0.439109098722404,0.4014513474917949,-0.21963706826306903
2023-10-25 00:00:00+05:30,0.3565121685934671,0.37452484522418933,-0.12536789204203544
2023-10-26 00:00:00+05:30,0.2952731821898076,0.3706161068305262,0.09779437478739499
2023-10-27 00:00:00+05:30,0.3227326278605552,0.3951541167463744,-0.06125598248145434
2023-10-30 00:00:00+05:30,0.33886045046052354,0.3814740757016637,-0.22837672876011172
2023-10-31 00:00:00+05:30,0.3353721635743068,0.40362250659953436,-0.22005832533697214
2023-11-01 00:00:00+05:30,0.3998818610146032,0.3525937475703366,-0.1563614265613658
2023-11-02 00:00:00+05:30,0.4354139012091022,0.4949937490495666,-0.09610457955585794
2023-11-03 00:00:00+05:30,0.5320085074236757,0.5932088153537245,-0.182365829656367
2023-11-06 00:00:00+05:30,0.6110394128304015,0.5413661433256796,-0.14321739751231563
2023-11-07 00:00:00+05:30,0.5276166262102759,0.537209645033836,-0.11846482420430782
2023-11-08 00:00:00+05:30,0.5363979604426233,0.6373937505287967,-0.2522803579170047
2023-11-09 00:00:00+05:30,0.6332125385770335,0.45080772720827444,-0.0542230285768931
2023-11-10 00:00:00+05:30,0.4441956996056896,0.4939005628321563,-0.24749643545540984
2023-11-13 00:00:00+05:30,0.4450738801315885,0.4571516846011588,-0.24938005899606774
2023-11-15 00:00:00+05:30,0.5535216291470448,0.4932431297690019,-0.1214744331814909
2023-11-16 00:00:00+05:30,0.45824543020845765,0.5142429544722377,-0.1281710060558225
2023-11-17 00:00:00+05:30,0.3915072201322157,0.6787359668721138,-0.0665412614867394
2023-11-20 00:00:00+05:30,0.696436376140533,0.580957740388432,-0.2156827999426632
2023-11-21 00:00:00+05:30,0.5671332396708002,0.5757091425453981,-0.18912229341865866
2023-11-22 00:00:00+05:30,0.5792074684387254,0.6485494659442387,-0.2391286128639842
2023-11-23 00:00:00+05:30,0.5724015698081477,0.6397996295400755,-0.20108871329033468
2023-11-24 00:00:00+05:30,0.6114784538134346,0.619237731323536,-0.25409637456573225
2023-11-28 00:00:00+05:30,0.6845822739443225,0.5988953396834545,-0.04365081713690078
2023-11-29 00:00:00+05:30,0.5978674594437717,0.6623305669474178,-0.1567136070282966
2023-11-30 00:00:00+05:30,0.6160879938723148,0.7520142167576506,0.179570054579828
2023-12-01 00:00:00+05:30,0.7537356228736367,0.8311984975493755,-0.14194572657225574
2023-12-04 00:00:00+05:30,0.883258352416709,1.0002848480615714,0.012822615921829648
2023-12-05 00:00:00+05:30,1.1466967309202385,0.8294478782688108,0.18196440409756862
2023-12-06 00:00:00+05:30,0.8525254058773454,0.8486981703577019,-0.10003037214732571
2023-12-07 00:00:00+05:30,0.7695423305102544,0.6325819925062389,0.3321049813532679
2023-12-08 00:00:00+05:30,0.6286022150801889,0.6503000852248034,-0.09414214254607467
2023-12-11 00:00:00+05:30,0.6430913576369061,0.5687088387555795,-0.019473637267822117
2023-12-12 00:00:00+05:30,0.5451797991667013,0.5647718470401941,-0.08089192658524254
2023-12-13 00:00:00+05:30,0.5796470828648611,0.6048013705896427,-0.11115409415681526
2023-12-14 00:00:00+05:30,0.6389206199304686,0.6242700825887719,0.008878268177957073
2023-12-15 00:00:00+05:30,0.6329929016722653,0.6529243841463204,0.0780959677943233
2023-12-18 00:00:00+05:30,0.6336501210088393,0.7080466148265965,-0.027411384495092842
2023-12-19 00:00:00+05:30,0.6990715529501544,0.8182921628533687,-0.0848801820659938
2023-12-20 00:00:00+05:30,0.8654771487063672,0.8042937286061717,-0.11934095808369899
2023-12-21 00:00:00+05:30,0.7306843035495544,0.7854813630039768,-0.0316994618444049
2023-12-22 00:00:00+05:30,0.8051054327069767,0.8834780093978967,-0.17329015555785515
2023-12-26 00:00:00+05:30,0.8771128989110214,0.9235075329473452,-0.22495210899795387
2023-12-27 00:00:00+05:30,0.9227746850019144,1.0265343572740608,-0.191975010315112
2023-12-28 00:00:00+05:30,1.045054716271012,1.1380925980947016,-0.08873891890867194
2023-12-29 00:00:00+05:30,1.132647948962056,1.269993230555424,-0.14927923720289876
2024-01-01 00:00:00+05:30,1.2645859981127408,1.2297442004295172,-0.29245299773092515
2024-01-02 00:00:00+05:30,1.1949948794787542,1.0505964073855099,-0.14837021844944362
2024-01-03 00:00:00+05:30,0.9798533739990144,1.0188787937535282,-0.2039179147461166
2024-01-04 00:00:00+05:30,1.013002651433694,0.9576310255906058,-0.13620557076148262
2024-01-05 00:00:00+05:30,0.9622910300345414,1.0779391028154097,-0.17774449442128945
2024-01-08 00:00:00+05:30,1.0937907969335372,0.895071651300035,-0.17056309929748978
2024-01-09 00:00:00+05:30,0.9076271460903598,0.9016329419369372,-0.20227642675862234
2024-01-10 00:00:00+05:30,0.896431110964731,0.8913519928286675,-0.22724817132226313
2024-01-11 00:00:00+05:30,0.8964303817639316,0.7111088402348096,0.05168941392096454
2024-01-12 00:00:00+05:30,0.6922664083000942,0.7452334195442901,0.15828802962903943
2024-01-15 00:00:00+05:30,0.7471489627727971,0.8729775537131688,-0.1335674322611561
2024-01-16 00:00:00+05:30,0.8665737561256108,0.8550410410843662,-0.09531773086526613
2024-01-17 00:00:00+05:30,0.7603209680409491,0.8279167655647043,0.17074588546787237
2024-01-18 00:00:00+05:30,0.8525240481930313,0.7627320056863964,-0.1552657539975812
2024-01-19 00:00:00+05:30,0.8305703530930127,0.8388529744036882,-0.14608573013108986
2024-01-23 00:00:00+05:30,0.3300381142924486,0.008294422397078664,0.4135575075508489
2024-01-24 00:00:00+05:30,0.05342769288191743,0.29746934355762034,-0.10412444711109843
2024-01-25 00:00:00+05:30,0.34672297522093987,0.23906646755889305,0.045289723485109804
2024-01-29 00:00:00+05:30,0.15002148616046992,0.3094998252802347,-0.09758017345799043
2024-01-30 00:00:00+05:30,0.3432104552946762,0.37184186632678756,-0.05962110821164894
2024-01-31 00:00:00+05:30,0.3256479455949996,0.4720259718217482,-0.12368359860394398
2024-02-01 00:00:00+05:30,0.43585320883548323,0.4372461327815535,-0.0717787747531606
2024-02-02 00:00:00+05:30,0.4441951410430981,0.34537502387027996,-0.029785158002245963
2024-02-05 00:00:00+05:30,0.387116882410843,0.20056805671355096,-0.14748544999418092
2024-02-06 00:00:00+05:30,0.21566231476970257,0.23053613773118797,-0.10301444482565465
2024-02-07 00:00:00+05:30,0.2813009682072644,0.22659697268336237,-0.1780498277212576
2024-02-08 00:00:00+05:30,0.2896441091017781,0.189849181118585,-0.06606029723925648
2024-02-09 00:00:00+05:30,0.1809764623703139,0.22091044835363235,-0.2262935914025071
2024-02-12 00:00:00+05:30,0.2119302177804991,0.052479357572150755,-0.15170812502412556
2024-02-13 00:00:00+05:30,0.062209257103260876,0.08900981589291017,-0.21317803808239497
2024-02-14 00:00:00+05:30,0.04025601392106492,0.06254188677018246,-0.1323235021925133
2024-02-15 00:00:00+05:30,-0.032846926806637436,-0.09976257986243275,0.079998881344907
2024-02-16 00:00:00+05:30,-0.02582346334394972,0.006981729603210164,0.04502094934681052
2024-02-19 00:00:00+05:30,0.060013810360401,0.059041734875273165,-0.28320665297316516
2024-02-20 00:00:00+05:30,-0.025164142826487268,0.13319583773420235,-0.19937557669454464
2024-02-21 00:00:00+05:30,0.12411789131075292,0.14632059234044717,-0.18196257659172796
2024-02-22 00:00:00+05:30,0.19524527723442606,0.06319823316711672,0.025770254298397303
2024-02-23 00:00:00+05:30,0.05584306126934998,0.08944774237960636,-0.16671483417448565
2024-02-26 00:00:00+05:30,0.06703983621500989,0.1338521841311366,-0.23637546916162397
2024-02-27 00:00:00+05:30,0.12389796678422207,0.13844552224345624,-0.18331361214405395
2024-02-28 00:00:00+05:30,0.15485321700426927,0.20953739969417232,-0.2735673431560599
2024-02-29 00:00:00+05:30,0.21588123751404686,0.16906886299180743,0.1340823740310227
2024-03-01 00:00:00+05:30,0.1805372089936234,0.1576947276661273,0.038212861843669864
2024-03-04 00:00:00+05:30,0.1772443333984319,0.211505352218755,-0.11334837871446846
2024-03-05 00:00:00+05:30,0.12806888024047142,0.11460297870846556,-0.0975603323049239
2024-03-06 00:00:00+05:30,0.12367887525657249,0.11875947700030912,-0.14038194976760537
2024-03-07 00:00:00+05:30,0.12784994592184665,0.2007875632900091,-0.05466210594568003
2024-03-11 00:00:00+05:30,0.14563155984883844,0.07085488335386958,-0.014234470571978703
2024-03-12 00:00:00+05:30,0.01830295212107466,0.01966855772275879,-0.203203816950102
2024-03-13 00:00:00+05:30,-0.0036505999382343566,-0.267100484426504,0.03755608293429192
2024-03-14 00:00:00+05:30,-0.31165249463421446,-0.17085337064692874,0.032016359512366734
2024-03-15 00:00:00+05:30,-0.20100817122586606,-0.2010398715748038,0.1163206840344999
2024-03-18 00:00:00+05:30,-0.24162264377823203,-0.3224422216832383,0.06781990393528685
2024-03-19 00:00:00+05:30,-0.40649130336390366,-0.46681126235327103,0.3862402814946128
2024-03-20 00:00:00+05:30,-0.5524803146984779,-0.576182044072871,0.16107534420612535
2024-03-21 00:00:00+05:30,-0.6227304974362772,-0.5744314247923064,0.2546728606529811
2024-03-22 00:00:00+05:30,-0.6005583541764842,-0.5123099769884317,0.25528334353853716
2024-03-26 00:00:00+05:30,-0.6310719750935906,-0.5847123739005761,0.1669567763753073
2024-03-27 00:00:00+05:30,-0.552479986256027,-0.5860250666944445,0.009299341537479938
2024-03-28 00:00:00+05:30,-0.5744335085202148,-0.47818539767895113,0.1962285397229761
2024-04-01 00:00:00+05:30,-0.46466708262201534,-0.3839084097563987,-0.126830809651931
2024-04-02 00:00:00+05:30,-0.34172908856712936,-0.3804082578614894,-0.16474541601825304
2024-04-03 00:00:00+05:30,-0.4126373916780988,-0.4744668258738038,-0.17323044838427534
2024-04-04 00:00:00+05:30,-0.46466747295410227,-0.47556109875743424,-0.041884587085219784
2024-04-05 00:00:00+05:30,-0.4868402232281112,-0.46681126235327103,-0.1772464447364437
2024-04-08 00:00:00+05:30,-0.4339337010325413,-0.4580625126153279,-0.18205149435176682
2024-04-09 00:00:00+05:30,-0.4602769149952846,-0.47906125065234356,-0.1706522007719089
2024-04-10 00:00:00+05:30,-0.43437233911512696,-0.49327919147599875,0.035043605070053385
2024-04-12 00:00:00+05:30,-0.5046220566377152,-0.6183979400571403,0.2333739339792099
2024-04-15 00:00:00+05:30,-0.6503920737711029,-0.7857358446212116,0.5128058946196784
2024-04-16 00:00:00+05:30,-0.8466535658259993,-0.6687094993810788,0.12913035291150313
2024-04-18 00:00:00+05:30,-0.7059328529753075,-0.6949579219273484,0.23403898003569892
2024-04-19 00:00:00+05:30,-0.6841999463903052,-0.6214612521315735,0.04031639149748174
2024-04-22 00:00:00+05:30,-0.5524809021547848,-0.5781510832636738,-0.05771102980023566
2024-04-23 00:00:00+05:30,-0.5393085542605581,-0.48518570146876977,-0.02323335205954789
2024-04-24 00:00:00+05:30,-0.4820107382711455,-0.4961229969739738,-0.13114350472819594
2024-04-25 00:00:00+05:30,-0.6049482181257626,-0.6247418974500247,0.5205773803328269
2024-04-26 00:00:00+05:30,-0.5744332048892365,-0.6606160093738499,0.03477152407290968
2024-04-29 00:00:00+05:30,-0.6227304380060068,-0.6455222155768023,-0.1328164078747122
2024-04-30 00:00:00+05:30,-0.6312921054526711,-0.6264925167305894,0.00015789769084018418
2024-05-02 00:00:00+05:30,-0.7498392240698554,-0.64464744926963,0.0040675234168463465
2024-05-03 00:00:00+05:30,-0.6315109577724899,-0.6851138126395547,0.08764360413568603
2024-05-06 00:00:00+05:30,-0.6622465525422143,-0.5138410896925383,-0.09167100041739139
2024-05-07 00:00:00+05:30,-0.48223036486263393,0.025136662142250753,1.1316011210243282
2024-05-08 00:00:00+05:30,-0.04141049400564348,-0.1426369955760765,-0.05599679091816416
2024-05-09 00:00:00+05:30,-0.1546874558455632,-0.21000921455542515,-0.10274328240041217
2024-05-10 00:00:00+05:30,-0.2407451877203752,-0.04857842756376214,0.09039178754977964
2024-05-13 00:00:00+05:30,-0.008041495659350683,-0.05689142414744925,-0.1740924362563876
2024-05-14 00:00:00+05:30,-0.06687505504724257,-0.1052317709481448,-0.2624934077436169
2024-05-15 00:00:00+05:30,-0.11539221480279523,-0.22029016366369492,-0.23992372870168707
2024-05-16 00:00:00+05:30,-0.17049467291546355,-0.1334503193514372,-0.043764720052653035
2024-05-17 00:00:00+05:30,-0.10507458938151566,-0.2331954116934816,-0.1568297145166118
2024-05-21 00:00:00+05:30,-0.302214277304781,-0.2754134810101911,-0.08345841647727328
2024-05-22 00:00:00+05:30,-0.28465171251823046,-0.02954872871754925,-0.037365948188699524
2024-05-23 00:00:00+05:30,-0.03921497041378392,0.03869934323519177,-0.09250469627494583
2024-05-24 00:00:00+05:30,0.011717212750758349,-0.020141459250231693,-0.21019543511910802
2024-05-27 00:00:00+05:30,-0.029774259412559952,0.04744917963935499,-0.18395477533111101
2024-05-28 00:00:00+05:30,0.06220889818098775,0.09754014572061524,-0.08937622409374386
2024-05-29 00:00:00+05:30,0.02357159009102802,-0.0011117604040188007,-0.09658738094714332
2024-05-30 00:00:00+05:30,-0.034384590140018476,-0.09735778751737398,-0.05159848494070476
2024-05-31 00:00:00+05:30,-0.10024470964949589,-0.19513492733483573,0.6266393663362044
2024-06-03 00:00:00+05:30,0.022693063902881033,-0.07767174227422684,-0.16732660306070343
2024-06-04 00:00:00+05:30,-0.00804086649578294,0.5365543853031218,1.0486059451758252
2024-06-05 00:00:00+05:30,0.6924858565142344,1.002253887252374,1.6429271092729194
2024-06-06 00:00:00+05:30,0.984243397032855,0.7697323094762151,0.3645452666170322
2024-06-07 00:00:00+05:30,0.7879814936421641,0.893101525443012,0.3409758139178059
2024-06-10 00:00:00+05:30,0.892039860614908,0.8386356411596703,-0.12292706278609268
2024-06-11 00:00:00+05:30,0.8349617649901258,0.7992624640071558,-0.13150634062918096
2024-06-12 00:00:00+05:30,0.8437430763033417,0.6782980403854175,-0.06679221533015486
2024-06-13 00:00:00+05:30,0.49227251744827377,0.49761804797108355,0.1846064005998803
2024-06-14 00:00:00+05:30,0.5324183088160236,0.5698433182893533,-0.07140803913382503
2024-06-18 00:00:00+05:30,0.5630080422628311,0.5985562998227866,-0.0546200353526038
2024-06-19 00:00:00+05:30,0.6299532356046448,0.46934625292300675,-0.20782992875906595
2024-06-20 00:00:00+05:30,0.46148324407112007,0.5806654271752277,0.00827954301273673
2024-06-21 00:00:00+05:30,0.5412853653762711,0.39999304142443437,0.2807105160508067
2024-06-24 00:00:00+05:30,0.36394848159078985,0.4039680664575229,-0.03173179557532812
2024-06-25 00:00:00+05:30,0.3832346454087644,0.3597939979446517,-0.2359725835257454
2024-06-26 00:00:00+05:30,0.37281525799425025,0.4189879669516044,-0.06973550341606928
2024-06-27 00:00:00+05:30,0.43022758957358126,0.49209561024058707,0.235978085319191
2024-06-28 00:00:00+05:30,0.488084365955742,0.540246877118987,0.0021216207012851756
2024-07-01 00:00:00+05:30,0.4794396940965233,0.6818264456020492,0.21946932739594305
2024-07-02 00:00:00+05:30,0.7186214172009308,0.5936967284865449,-0.1493657666759944
2024-07-03 00:00:00+05:30,0.592934546678882,0.7050180760712061,-0.1307747899670431
2024-07-04 00:00:00+05:30,0.7188436955621047,0.6414057222133682,-0.025946446027014597
2024-07-05 00:00:00+05:30,0.6341647093643258,0.8669161295375077,-0.06686404765283088
2024-07-08 00:00:00+05:30,0.9181255016632986,1.0442763566494673,0.12870413554933338
2024-07-09 00:00:00+05:30,1.0384929625704356,1.0575293378696828,-0.11734085962596537
2024-07-10 00:00:00+05:30,1.0112274297623325,1.1472032076839347,-0.06507283244543649
2024-07-11 00:00:00+05:30,1.1708299890072749,1.1401355305884706,-0.1259493480555127
2024-07-12 00:00:00+05:30,1.0998959873823502,1.1993294995954231,-0.03777177325466201
2024-07-15 00:00:00+05:30,1.2195980174317047,1.1907154964687712,-0.220115827937989
2024-07-16 00:00:00+05:30,1.2105087763388618,1.4917633327500142,0.21673896427673325
2024-07-18 00:00:00+05:30,1.5388042521292051,1.712415255404132,0.634093761029049
2024-07-19 00:00:00+05:30,1.7117076259084156,1.6620569694327298,-0.0825576648709292
2024-07-22 00:00:00+05:30,1.5640737744198643,1.6987210876985603,-0.03795787592185078
2024-07-23 00:00:00+05:30,1.7427410754649755,1.8358833579969573,0.328484338347388
2024-07-24 00:00:00+05:30,1.7516082467400764,1.6181034941625367,0.2744113173809463
2024-07-25 00:00:00+05:30,1.6143941996992728,1.5745912053777003,0.008896823330361875
2024-07-26 00:00:00+05:30,1.6452060460499611,1.5915986183883262,0.0031353566514802796
2024-07-29 00:00:00+05:30,1.5884580798963237,1.594028404056447,-0.21333493016312471
2024-07-30 00:00:00+05:30,1.607965212581905,1.5047946340613314,-0.10248387769550542
2024-07-31 00:00:00+05:30,1.5609703992888075,1.5677430348586943,-0.06745211738399698
2024-08-01 00:00:00+05:30,1.6008717728096442,1.611477003552429,-0.04259427573610845
2024-08-02 00:00:00+05:30,1.592005032432155,1.5098758853064713,-0.06969582110993623
2024-08-05 00:00:00+05:30,1.4321798608154306,1.6130222429173968,0.18380411990134785
2024-08-06 00:00:00+05:30,1.6279159084196777,1.7638786809213658,0.03266229927331019
2024-08-07 00:00:00+05:30,1.9010134653723172,1.737373805147155,-0.07428812947293496
2024-08-08 00:00:00+05:30,1.778208172197309,1.6894442181776534,-0.12016418222157943
2024-08-09 00:00:00+05:30,1.7870751399848528,1.7512885660954052,-0.15325665353521553
2024-08-12 00:00:00+05:30,1.707273977324367,1.7579150567055128,-0.15084136057812692
2024-08-13 00:00:00+05:30,1.7250072900786702,1.7256671499581275,-0.1960242589701048
2024-08-14 00:00:00+05:30,1.7205735971237508,1.6401899850858623,-0.21517501339566442
2024-08-16 00:00:00+05:30,1.7068303243082423,1.7559275441889686,-0.07170675871610434
2024-08-19 00:00:00+05:30,1.76069705225122,1.7307484012032675,-0.18149428863648198
2024-08-20 00:00:00+05:30,1.727445734476294,1.7682959791060309,-0.18745361570288804
2024-08-21 00:00:00+05:30,1.7582580466481637,1.9456562062179905,-0.12869440832514215
2024-08-22 00:00:00+05:30,1.995224341093184,1.952724969979675,-0.10385291725709547
2024-08-23 00:00:00+05:30,1.978598750413816,2.0534426285886997,-0.001256886751431018
2024-08-26 00:00:00+05:30,2.0513066609415516,2.077957818513926,-0.1774678205646396
2024-08-27 00:00:00+05:30,2.0220462507214214,1.838312056998858,-0.13981225147446383
2024-08-28 00:00:00+05:30,1.8048091914582356,1.8270487616276272,-0.07251087655843924
2024-08-29 00:00:00+05:30,1.8489215662814469,1.9193730103526783,0.0021478918576602933
2024-08-30 00:00:00+05:30,1.963081179095142,1.887345696847971,0.3511644297318455
2024-09-02 00:00:00+05:30,1.9555446670958663,1.9361587434544056,-0.2131624223600741
2024-09-03 00:00:00+05:30,1.8934768957597152,1.9593503739235625,-0.01765982519165752
2024-09-04 00:00:00+05:30,1.8934770659127882,2.166749315357465,-0.08767888693465496
2024-09-05 00:00:00+05:30,2.159703444899997,2.1543797937741824,-0.031795360750893085
2024-09-06 00:00:00+05:30,2.1067248132541567,2.1565889861996252,-0.08184705764813931
2024-09-09 00:00:00+05:30,2.2175604785363734,2.5225749091272154,0.22496036650710316
2024-09-10 00:00:00+05:30,2.576223306989395,2.420090331244325,-0.10685903566105387
2024-09-11 00:00:00+05:30,2.4769155492073267,2.4446066078357713,-0.037583833443670785
2024-09-12 00:00:00+05:30,2.474254787025668,2.675417772981509,0.06178709111678253
2024-09-13 00:00:00+05:30,2.675531656874254,2.5718291422190065,-0.03972667797485521
2024-09-16 00:00:00+05:30,2.469821016187106,2.2809405484293834,-0.1155904290109855
2024-09-17 00:00:00+05:30,2.2796284939369564,2.3092123434774603,-0.18731178820133848
2024-09-18 00:00:00+05:30,2.310218128340588,2.319593265877978,-0.3037619038357023
2024-09-19 00:00:00+05:30,2.3201934074045503,2.478179160705446,-0.0744470424118474
2024-09-20 00:00:00+05:30,2.5354354628411713,2.7690677544950693,0.2798685530461412
2024-09-23 00:00:00+05:30,2.780160472095317,2.9941369753338525,-0.15023657283835845
2024-09-24 00:00:00+05:30,2.9574965077012068,2.6495757636015527,-0.034709989393489196
2024-09-25 00:00:00+05:30,2.6495966624031615,2.642508086506089,-0.19526790686663376
2024-09-26 00:00:00+05:30,2.652034905020316,2.806616419064053,-0.03956353960519714
2024-09-27 00:00:00+05:30,2.8072047991359037,2.718930061766345,0.1577809779395616
2024-09-30 00:00:00+05:30,2.7101119204994992,2.6838111828654827,-0.09011934876183723
2024-10-01 00:00:00+05:30,2.703462434197829,2.5311889122538678,-0.17151584207344336
2024-10-03 00:00:00+05:30,2.464279502105139,2.396898700775168,-0.16254966174555788
2024-10-04 00:00:00+05:30,2.385586783927773,2.1998806817417833,0.06214019015561453
2024-10-07 00:00:00+05:30,2.1816487728635394,2.1320716229419587,-0.15381808468124603
2024-10-08 00:00:00+05:30,2.177215752589807,2.067577982779628,-0.06554093668630223
2024-10-09 00:00:00+05:30,2.0858873157609557,1.8473683332770867,-0.11793738021862277
2024-10-10 00:00:00+05:30,1.8491435061681283,1.7844199324797236,-0.009767087987546963
2024-10-11 00:00:00+05:30,1.8260896066138075,1.9103167340744496,-0.2643531484148429
2024-10-14 00:00:00+05:30,1.9449054966623804,1.936380423363304,-0.228583407437888
2024-10-15 00:00:00+05:30,1.9515554801394281,1.9025861905847306,-0.1902502997133665
2024-10-16 00:00:00+05:30,1.934042433153725,1.9017027309477976,-0.1740593676679434
2024-10-17 00:00:00+05:30,1.891038632484462,1.7135193082837434,-0.1377858818603551
2024-10-18 00:00:00+05:30,1.7101548726262472,1.6183240874052152,-0.1802174736937752
2024-10-21 00:00:00+05:30,1.605305133148301,1.5142931834911364,-0.2435864423006432
2024-10-22 00:00:00+05:30,1.4727466851561182,1.4619462983369698,-0.15542044150574796
2024-10-23 00:00:00+05:30,1.1885638595024697,1.362995559001811,-0.1260796015511068
2024-10-24 00:00:00+05:30,1.3038332055175998,0.6818264456020492,1.3040091671664533
2024-10-25 00:00:00+05:30,0.6623174283515869,0.7832058839391087,0.11811428752883747
2024-10-28 00:00:00+05:30,0.8471904970823595,0.9941386639207432,-0.23247466172586959
2024-10-29 00:00:00+05:30,1.0320638448420965,0.869787101690985,-0.07763558919538965
2024-10-30 00:00:00+05:30,0.9048253804076223,0.9020350084383705,-0.16857733056141533
2024-10-31 00:00:00+05:30,0.8957365291460185,0.7840893435760418,-0.03984535746449386
2024-11-01 00:00:00+05:30,0.8469695122873819,0.8249512534500791,-0.36737557999705733
2024-11-04 00:00:00+05:30,0.8604916542544965,0.7688499365055022,-0.18756917204806253
2024-11-05 00:00:00+05:30,0.7407888890696003,0.7536094427687424,-0.26017566712243867
2024-11-06 00:00:00+05:30,0.8041757347302217,0.7462646657871553,-0.165173286809845
2024-11-07 00:00:00+05:30,0.7394031000590089,0.6341000652157044,-0.14619926561808164
2024-11-08 00:00:00+05:30,0.6645795393181251,0.7774215596495706,-0.076676048987367
2024-11-11 00:00:00+05:30,0.776480067679517,0.7033130967718851,-0.17318121293036953
2024-11-12 00:00:00+05:30,0.7139409721348978,0.5717862774908739,-0.09075867480509184
2024-11-13 00:00:00+05:30,0.5669745338431531,0.5871419578469631,-0.15730094190194172
2024-11-14 00:00:00+05:30,0.5593796283365138,0.2499798564072551,0.05973481777505917
2024-11-18 00:00:00+05:30,0.29470524183517854,0.3999778280973531,-0.13668855586714826
2024-11-19 00:00:00+05:30,0.43206789812068164,0.34411883771985613,-0.18093524577739467
2024-11-21 00:00:00+05:30,0.4001287248485046,0.2214939881138206,-0.1518240487980605
2024-11-22 00:00:00+05:30,0.24914126177172552,0.4994577738816956,-0.07748549454672903
2024-11-25 00:00:00+05:30,0.6022640158052205,0.6160733592906344,0.41332106714347283
2024-11-26 00:00:00+05:30,0.6748540374195108,0.6505684917811656,-0.20866288975909938
2024-11-27 00:00:00+05:30,0.6252690325710234,0.6848408576965783,-0.21494775870730065
2024-11-28 00:00:00+05:30,0.673737267856214,0.5749017495438714,0.07758028152897396
2024-11-29 00:00:00+05:30,0.5357049860708435,0.7260124674433414,-0.05935417121715211
2024-12-02 00:00:00+05:30,0.6692701896030269,0.6503457252060472,-0.2041525180096902
2024-12-03 00:00:00+05:30,0.6469347983370914,0.6668152384377285,-0.08756829087774712
2024-12-04 00:00:00+05:30,0.6518490206537079,0.5851392320033375,-0.14637397799369517
2024-12-05 00:00:00+05:30,0.582609307729308,0.7191143102782113,-0.008533078495437411
2024-12-06 00:00:00+05:30,0.7139409721348978,0.6710434567000979,-0.14883740411840812
2024-12-09 00:00:00+05:30,0.5799286245392851,0.3013889486134843,0.23272542221694303
2024-12-10 00:00:00+05:30,0.3284319007657964,0.2862560348325135,-0.00999489381905148
2024-12-11 00:00:00+05:30,0.3119039293480595,0.30405997418246505,-0.0734889719188667
2024-12-12 00:00:00+05:30,0.22278593631603233,0.053023777348415756,0.20443983766243248
2024-12-13 00:00:00+05:30,0.04365566212511928,0.25398639476072626,0.026208596809663254
2024-12-16 00:00:00+05:30,0.24623809714526457,0.1473844385699151,-0.159958370412194
2024-12-17 00:00:00+05:30,0.08117977380905685,0.13447701720768823,0.0024482648693618147
2024-12-18 00:00:00+05:30,0.06643819745448412,0.11645031128261825,-0.2075677683384555
2024-12-19 00:00:00+05:30,0.05281339066320816,0.11934410342671743,-0.08493621495196871
2024-12-20 00:00:00+05:30,0.07559592599257299,0.0038401775609304997,-0.00891961355147411
2024-12-23 00:00:00+05:30,0.008142608131337232,0.026095101748369973,-0.19327552441287044
2024-12-24 00:00:00+05:30,-0.018212717324355948,0.01118495454251758,-0.2635560117189574
2024-12-26 00:00:00+05:30,-0.013076013571301457,-0.001278020335692543,-0.19923338176423458
2024-12-27 00:00:00+05:30,0.03494507765045979,0.03655535078295456,-0.2868565065655041
2024-12-30 00:00:00+05:30,0.028244460270679148,0.046570066667302325,-0.2193664569809673
2024-12-31 00:00:00+05:30,0.02154384289089851,-0.027538396210383086,-0.04399601645738222
2025-01-01 00:00:00+05:30,-0.04546233090690788,-0.048680574188450586,-0.2862912174174885
2025-01-02 00:00:00+05:30,-0.023126939640972413,0.16452116486073154,-0.0858862020122186
2025-01-03 00:00:00+05:30,0.20849150402488897,0.3258693652196677,-0.15505558474658024
2025-01-06 00:00:00+05:30,0.3699759466394917,0.19211705351991246,-0.2237316943699825
2025-01-07 00:00:00+05:30,0.18749536375868833,0.25710186681372377,-0.21962586168587406
2025-01-08 00:00:00+05:30,0.2493648338034402,0.30250169482285627,-0.2140073247948235
2025-01-09 00:00:00+05:30,0.3121275013797742,0.4556151385659518,0.05640481091872781
2025-01-10 00:00:00+05:30,0.44770267200683644,0.48521483973497836,-0.08567180733047201
2025-01-13 00:00:00+05:30,0.3657324404180193,0.525050936697251,0.08758959210789383
2025-01-14 00:00:00+05:30,0.5799286245392851,0.15539642861063732,-0.01203357229663667
2025-01-15 00:00:00+05:30,0.17297735943583026,0.17787411937319522,-0.16591108376091124
2025-01-16 00:00:00+05:30,0.18660216622710624,0.053246543923534166,0.11837699909258866
2025-01-17 00:00:00+05:30,0.06621462542276943,0.09330540746092522,-0.14425942547706855
2025-01-20 00:00:00+05:30,0.09502706203677085,0.054136523557787725,-0.1352081853911294
2025-01-21 00:00:00+05:30,0.08184939930892425,0.03321711215483864,-0.05058713727745285
2025-01-22 00:00:00+05:30,0.032935110555580925,0.04412180767343996,0.09916984435229365
2025-01-23 00:00:00+05:30,-0.09013311343877879,-0.05046162012317779,0.23711693076233334
2025-01-24 00:00:00+05:30,-0.010395330381278538,0.15606472833599255,-0.07891975271330626
2025-01-27 00:00:00+05:30,0.1332207992205758,0.26622660306381796,0.06597467670010025
2025-01-28 00:00:00+05:30,0.2940356163353111,0.24842266371386637,-0.04153534604837294
2025-01-29 00:00:00+05:30,0.22323198978418507,0.22661218601044364,-0.26062944164164525
2025-01-30 00:00:00+05:30,0.21809528603113057,0.3369968273133874,-0.12828454154281427
2025-01-31 00:00:00+05:30,0.2962691554619047,0.6042786841377795,-0.00038479458840525555
2025-02-01 00:00:00+05:30,0.6245994070711559,0.7700778693342036,0.15666362707890802
2025-02-03 00:00:00+05:30,0.7586117546667687,0.48476930658474154,0.07536652324701473
2025-02-04 00:00:00+05:30,0.5129224507414787,0.46741090038502675,-0.023105486850896965
2025-02-05 00:00:00+05:30,0.5263236855010399,0.25821461302309573,-0.13977477374089373
2025-02-06 00:00:00+05:30,0.289568538082124,0.17653860658870482,-0.18116617475336336
2025-02-07 00:00:00+05:30,0.2002269730183822,0.137148042776669,-0.2319652217494486
2025-02-10 00:00:00+05:30,0.159576124676269,0.126465027166966,-0.1454813098200819
2025-02-11 00:00:00+05:30,0.16002326873969835,-0.07917025499173069,-0.13392457301635352
2025-02-12 00:00:00+05:30,-0.04233559424873224,-0.0023907665450645164,-0.14262363263536193
2025-02-13 00:00:00+05:30,-0.02267979557754304,-0.05135159975743136,-0.14389897786302674
2025-02-14 00:00:00+05:30,-0.05886356566646915,-0.06537176732903019,-0.18056597987310105
2025-02-17 00:00:00+05:30,-0.07516796505249138,-0.016189254207765024,-0.13026718713442453
2025-02-18 00:00:00+05:30,-0.02580762283099533,-0.16485171311337266,-0.19887771072407912
2025-02-19 00:00:00+05:30,-0.16272313505306904,-0.36781705636930867,-0.10965902653037674
2025-02-20 00:00:00+05:30,-0.37870680483277563,-0.3782762187376732,0.01615831792394862
2025-02-21 00:00:00+05:30,-0.38920378437059927,-0.4067631736973278,-0.06186279107940549
2025-02-24 00:00:00+05:30,-0.46983476495968163,-0.4076531533315813,-0.09007397130991657
2025-02-25 00:00:00+05:30,-0.41176274766824944,-0.32820263931593435,-0.02392007641290586
2025-02-27 00:00:00+05:30,-0.2927155484589241,-0.3920747064003737,-0.07689999681688636
2025-02-28 00:00:00+05:30,-0.40260501913016056,-0.6355433596777175,0.2875141944088215
2025-03-03 00:00:00+05:30,-0.6083141908084815,-0.6951861218335673,-0.149134286556885
2025-03-04 00:00:00+05:30,-0.6934122496507509,-0.7819803261645812,-0.058405102728803455
2025-03-05 00:00:00+05:30,-0.8182668687082748,-0.7236730767932218,-0.17867500775723333
2025-03-06 00:00:00+05:30,-0.7155240688849717,-0.5078003121750589,-0.04801825909847892
2025-03-07 00:00:00+05:30,-0.48457634131425437,-0.5718940591683966,-0.06979061773014296
2025-03-10 00:00:00+05:30,-0.5681104865297977,-0.3796117315221636,-0.16090725518616242
2025-03-11 00:00:00+05:30,-0.4251639824278107,-0.5167022818500348,-0.1455663695781356
2025-03-12 00:00:00+05:30,-0.5263428686243877,-0.6237486845248627,-0.10876452121296101
2025-03-13 00:00:00+05:30,-0.6708532863531008,-0.7043108580836615,-0.05008302501805898
2025-03-17 00:00:00+05:30,-0.778063164429591,-0.7201120715899875,-0.18488216552259068
2025-03-18 00:00:00+05:30,-0.7322756123344233,-0.7201120715899875,-0.3891516129163263
2025-03-19 00:00:00+05:30,-0.5725775647829847,-0.5919234909370922,-0.14271622468300568
2025-03-20 00:00:00+05:30,-0.5864259436059754,-0.40342493506921184,-0.12704832747814176
2025-03-21 00:00:00+05:30,-0.40282859116187525,-0.3865109753535138,0.00627797483996115
2025-03-24 00:00:00+05:30,-0.379376430332643,-0.3420011269786349,-0.12195668342963553
2025-03-25 00:00:00+05:30,-0.3771428912060495,-0.2747908212660796,0.020410203540352296
2025-03-26 00:00:00+05:30,-0.2822174783258238,-0.3876237215628858,-0.128845421545704
2025-03-27 00:00:00+05:30,-0.4064024718834803,-0.3934102191848641,0.30025993068149925
2025-03-28 00:00:00+05:30,-0.39389443465550106,-0.3302053651595599,0.029745098629390645
