Datetime,Open,Close,Volume
2025-03-03 09:15:00+05:30,-1.1622819740879156,-1.2183342435519406,-0.3142818335657473
2025-03-03 09:20:00+05:30,-1.2151902068492306,-1.2461240951256425,0.18659536128913695
2025-03-03 09:25:00+05:30,-1.24747460643122,-1.2264017707552695,-0.1653396661659551
2025-03-03 09:30:00+05:30,-1.2259509435877007,-1.184267216715312,-0.1470887583567417
2025-03-03 09:35:00+05:30,-1.1882872703197662,-1.2264017707552695,-0.1000716192861844
2025-03-03 09:40:00+05:30,-1.227744034816349,-1.2012996357864745,-0.17855714579761456
2025-03-03 09:45:00+05:30,-1.206222561339409,-1.2846735678961878,-0.0754664814693672
2025-03-03 09:50:00+05:30,-1.286931370927803,-1.2891560138301046,-0.12287721191621444
2025-03-03 09:55:00+05:30,-1.2896221024540653,-1.3061906215955708,-0.09934120452056942
2025-03-03 10:00:00+05:30,-1.303969021649832,-1.3052932569310658,-0.10931533983030128
2025-03-03 10:05:00+05:30,-1.304866661947446,-1.301708175661654,-0.13463007748417966
2025-03-03 10:10:00+05:30,-1.3111435759310053,-1.2873634731953987,-0.09725214260026133
2025-03-03 10:15:00+05:30,-1.287829011225417,-1.262261338226604,-0.07855276769402526
2025-03-03 10:20:00+05:30,-1.2627191659246007,-1.2613661622564027,-0.15915006332054948
2025-03-03 10:25:00+05:30,-1.2609260746959523,-1.2452289191554413,-0.18842720646457745
2025-03-03 10:30:00+05:30,-1.2501631485909028,-1.2407464732215245,-0.2149075801174683
2025-03-03 10:35:00+05:30,-1.2447838749049578,-1.2389539325868186,-0.2147637678838239
2025-03-03 10:40:00+05:30,-1.2358162293951362,-1.252401270388569,-0.21619999795403572
2025-03-03 10:45:00+05:30,-1.2510607888885168,-1.2237118654560586,-0.1859918598237835
2025-03-03 10:50:00+05:30,-1.2169832980778792,-1.2066794463848962,-0.23769803461764105
2025-03-03 10:55:00+05:30,-1.211604024391934,-1.233574121988397,-0.22800963150896583
2025-03-03 11:00:00+05:30,-1.2331254978688737,-1.2506065410595595,-0.07093261157710434
2025-03-03 11:05:00+05:30,-1.2501631485909028,-1.2703310541242363,-0.06574212530228088
2025-03-03 11:10:00+05:30,-1.2734799026630708,-1.254193811023275,0.023763959745267377
2025-03-03 11:15:00+05:30,-1.253751520414779,-1.2783985813275651,-0.14491454445598626
2025-03-03 11:20:00+05:30,-1.2743775429606847,-1.2568837163224857,-0.1415557718938967
2025-03-03 11:25:00+05:30,-1.25823534316969,-1.2739161353936483,-0.0023720214533697864
2025-03-03 11:30:00+05:30,-1.2698937202057738,-1.2398491085570198,0.8886223488891941
2025-03-03 11:35:00+05:30,-1.2456793258359922,-1.2568837163224857,-0.261094014312106
2025-03-03 11:40:00+05:30,-1.25823534316969,-1.274813500058153,0.14761846143904078
2025-03-03 11:45:00+05:30,-1.275272993891719,-1.2694336894597313,-0.24151284334168194
2025-03-03 11:50:00+05:30,-1.268098439610546,-1.2712262300944375,-0.2661444728857494
2025-03-03 11:55:00+05:30,-1.2725822623654568,-1.2703310541242363,-0.2298129612282173
2025-03-03 12:00:00+05:30,-1.2689960799081599,-1.2694336894597313,-0.23372049099763414
2025-03-03 12:05:00+05:30,-1.268098439610546,-1.1986119191815674,-0.14957519618580406
2025-03-03 12:10:00+05:30,-1.1882872703197662,-1.1502001898786838,-0.10669833563121968
2025-03-03 12:15:00+05:30,-1.1551074198067424,-1.166337432979645,-0.16725653185913636
2025-03-03 12:20:00+05:30,-1.1658681565452123,-1.1717172435780665,-0.23363723128341898
2025-03-03 12:25:00+05:30,-1.1694543390025092,-1.1753023248474785,-0.18691717801131127
2025-03-03 12:30:00+05:30,-1.1873896300221523,-1.1439252033100609,-0.16814400472202085
2025-03-03 12:35:00+05:30,-1.1434490427706585,-1.1717172435780665,-0.14788351017425022
2025-03-03 12:40:00+05:30,-1.1793196248099447,-1.192334743918641,-0.2036788722958123
2025-03-03 12:45:00+05:30,-1.1855965387935037,-1.1519927305133897,-0.2154676909221886
2025-03-03 12:50:00+05:30,-1.151519047982866,-1.1573725411118114,-0.19069035687824457
2025-03-03 12:55:00+05:30,-1.15241668828048,-1.1788874061168906,-0.1917405646370951
2025-03-03 13:00:00+05:30,-1.1730427108263854,-1.1788874061168906,-0.2081389438050208
2025-03-03 13:05:00+05:30,-1.1784219845123307,-1.1708198789135618,-0.20231833287488699
2025-03-03 13:10:00+05:30,-1.1703519793001231,-1.1573725411118114,-0.210345326231723
2025-03-03 13:15:00+05:30,-1.1551074198067424,-1.1484076492439776,-0.16275104596035594
2025-03-03 13:20:00+05:30,-1.1497259567542175,-1.1591650817465173,-0.1389652594220654
2025-03-03 13:25:00+05:30,-1.1551074198067424,-1.1735097842127726,-0.18715371129033168
2025-03-03 13:30:00+05:30,-1.1730427108263854,-1.1824746760806062,-0.1844118175199273
2025-03-03 13:35:00+05:30,-1.1855965387935037,-1.1726124195482677,-0.17094077421315795
2025-03-03 13:40:00+05:30,-1.1739381617574198,-1.1824746760806062,-0.16426485894608645
2025-03-03 13:45:00+05:30,-1.1882872703197662,-1.1815773114161012,-0.1786479745767584
2025-03-03 13:50:00+05:30,-1.1685588880714746,-1.2004044598162733,-0.17886369292722498
2025-03-03 13:55:00+05:30,-1.1981525561272017,-1.233574121988397,-0.19057303637185044
2025-03-03 14:00:00+05:30,-1.239402411852433,-1.2228166894858574,-0.20644536552723478
2025-03-03 14:05:00+05:30,-1.2313324066402254,-1.2362640272876078,-0.20297305699121543
2025-03-03 14:10:00+05:30,-1.2376093206237846,-1.2210241488511515,-0.154156372733871
2025-03-03 14:15:00+05:30,-1.2304347663426114,-1.2281943113899754,-0.1628248443434103
2025-03-03 14:20:00+05:30,-1.229539315411577,-1.2255065947850683,-0.20926673447939
2025-03-03 14:25:00+05:30,-1.2259509435877007,-1.2156443382527298,-0.12305508494203778
2025-03-03 14:30:00+05:30,-1.209808743796706,-1.2362640272876078,-0.1883420544841301
2025-03-03 14:35:00+05:30,-1.228641675113963,-1.2362640272876078,-0.1305371056240108
2025-03-03 14:40:00+05:30,-1.2331254978688737,-1.233574121988397,-0.22186922758559646
2025-03-03 14:45:00+05:30,-1.2313324066402254,-1.2380565679223139,-0.1900715858203272
2025-03-03 14:50:00+05:30,-1.2420931433786953,-1.2389539325868186,-0.18763623917953326
2025-03-03 14:55:00+05:30,-1.2331254978688737,-1.2515039057240642,-0.17771130279183764
2025-03-03 15:00:00+05:30,-1.257337702872076,-1.3079831622302767,0.3169800737501053
2025-03-03 15:05:00+05:30,-1.3012804794901491,-1.2783985813275651,0.13179343893946052
2025-03-03 15:10:00+05:30,-1.2824475481728923,-1.3124656081641934,0.07168938660726298
2025-03-03 15:15:00+05:30,-1.3102481249999707,-1.281983662596977,0.08587570654978997
2025-03-03 15:20:00+05:30,-1.2797568166466298,-1.2954310003987275,0.13601508490341646
2025-03-03 15:25:00+05:30,-1.2887244621564513,-1.301708175661654,-0.012559982847336082
2025-03-04 09:15:00+05:30,-1.2035318298131468,-1.1564751764473065,-0.3142818335657473
2025-03-04 09:20:00+05:30,-1.1542097795091284,-1.1815773114161012,0.05478955688781407
2025-03-04 09:25:00+05:30,-1.1802172651075586,-1.2613661622564027,-0.019881160899575236
2025-03-04 09:30:00+05:30,-1.2600284343983383,-1.2443315544909366,-0.10902393083054816
2025-03-04 09:35:00+05:30,-1.2510607888885168,-1.190542203283935,-0.1520464958850091
2025-03-04 09:40:00+05:30,-1.1909780018460285,-1.1528900951778944,-0.09114390720283874
2025-03-04 09:45:00+05:30,-1.1658681565452123,-1.1582699057763162,-0.10315979777707462
2025-03-04 09:50:00+05:30,-1.159591242561653,-1.1636475276804341,-0.11291632247010772
2025-03-04 09:55:00+05:30,-1.16317742501895,-1.2084719870196021,-0.131328072909055
2025-03-04 10:00:00+05:30,-1.206222561339409,-1.1815773114161012,-0.18316102954046745
2025-03-04 10:05:00+05:30,-1.1793196248099447,-1.1977145545170627,-0.20627695383257227
2025-03-04 10:10:00+05:30,-1.199048007058236,-1.2246092301205633,-0.1901340306059886
2025-03-04 10:15:00+05:30,-1.2241578523590522,-1.2308842166891862,-0.10136782165521614
2025-03-04 10:20:00+05:30,-1.2322278575712597,-1.2192294195221418,-0.18523116879845392
2025-03-04 10:25:00+05:30,-1.2196740296041415,-1.2066794463848962,-0.17559764141051143
2025-03-04 10:30:00+05:30,-1.2035318298131468,-1.2120592569833177,-0.22210765313084901
2025-03-04 10:35:00+05:30,-1.2124994753229683,-1.229989040718985,-0.23052066879904629
2025-03-04 10:40:00+05:30,-1.2313324066402254,-1.2488140004248534,-0.11244704044453127
2025-03-04 10:45:00+05:30,-1.2528538801171651,-1.2604687975918978,-0.16461492819903661
2025-03-04 10:50:00+05:30,-1.2564422519410416,-1.2685363247952266,-0.18055916347124315
2025-03-04 10:55:00+05:30,-1.2654098974508632,-1.2837783919259866,-0.056116166979267024
2025-03-04 11:00:00+05:30,-1.286033730630189,-1.2757086760283542,-0.09117986026124984
2025-03-04 11:05:00+05:30,-1.2743775429606847,-1.2873634731953987,-0.08641324162243091
2025-03-04 11:10:00+05:30,-1.286931370927803,-1.282881027261482,-0.03199734158411576
2025-03-04 11:15:00+05:30,-1.2824475481728923,-1.2676411488250254,-0.05690524199807905
2025-03-04 11:20:00+05:30,-1.2636146168556353,-1.2488140004248534,-0.018338963920362283
2025-03-04 11:25:00+05:30,-1.24747460643122,-1.2443315544909366,-0.12432101105135492
2025-03-04 11:30:00+05:30,-1.2376093206237846,-1.2434363785207354,-0.1100590004595414
2025-03-04 11:35:00+05:30,-1.2429907836763092,-1.2515039057240642,-0.23418977302321062
2025-03-04 11:40:00+05:30,-1.2501631485909028,-1.252401270388569,-0.19161567506577232
2025-03-04 11:45:00+05:30,-1.257337702872076,-1.274813500058153,-0.22834267036582653
2025-03-04 11:50:00+05:30,-1.2716868114344222,-1.2685363247952266,-0.18573640388244148
2025-03-04 11:55:00+05:30,-1.2689960799081599,-1.237159203257809,-0.1991525714684781
2025-03-04 12:00:00+05:30,-1.2331254978688737,-1.231781581353691,-0.2101201465500956
2025-03-04 12:05:00+05:30,-1.2313324066402254,-1.22909167605448,-0.21586695909717502
2025-03-04 12:10:00+05:30,-1.2304347663426114,-1.231781581353691,-0.2279036645999647
2025-03-04 12:15:00+05:30,-1.2313324066402254,-1.2264017707552695,-0.18251008995660334
2025-03-04 12:20:00+05:30,-1.2169832980778792,-1.2120592569833177,-0.15705532460154492
2025-03-04 12:25:00+05:30,-1.211604024391934,-1.2120592569833177,-0.22902577847563743
2025-03-04 12:30:00+05:30,-1.2124994753229683,-1.2138517976180239,-0.19524125716659688
2025-03-04 12:35:00+05:30,-1.2133971156205823,-1.2255065947850683,-0.19915635600094242
2025-03-04 12:40:00+05:30,-1.2241578523590522,-1.214746973588225,-0.2130493746774841
2025-03-04 12:45:00+05:30,-1.2169832980778792,-1.211161892318813,-0.1800085139976837
2025-03-04 12:50:00+05:30,-1.21070638409432,-1.2066794463848962,-0.18108710575001666
2025-03-04 12:55:00+05:30,-1.206222561339409,-1.1977145545170627,-0.14969440895843034
2025-03-04 13:00:00+05:30,-1.1909780018460285,-1.2021970004509794,-0.09969505830598392
2025-03-04 13:05:00+05:30,-1.2089132928656716,-1.1744049601829738,-0.11762806538819391
2025-03-04 13:10:00+05:30,-1.1766288932836821,-1.166337432979645,-0.15267472827408726
2025-03-04 13:15:00+05:30,-1.1703519793001231,-1.1528900951778944,-0.053141524462306584
2025-03-04 13:20:00+05:30,-1.1542097795091284,-1.1564751764473065,-0.15648764473189597
2025-03-04 13:25:00+05:30,-1.1577981513330047,-1.1690273382788559,-0.12638547351064489
2025-03-04 13:30:00+05:30,-1.1757334423526478,-1.1331677708075214,-0.08493727396134367
2025-03-04 13:35:00+05:30,-1.133583756963223,-1.1376502167414382,-0.13692918095625786
2025-03-04 13:40:00+05:30,-1.1398628603133616,-1.1528900951778944,-0.15307399644907368
2025-03-04 13:45:00+05:30,-1.15241668828048,-1.1493050139084826,-0.18741295176413802
2025-03-04 13:50:00+05:30,-1.1479328655255692,-1.1510975545431885,-0.208014054233698
2025-03-04 13:55:00+05:30,-1.151519047982866,-1.1448225679745658,-0.15846884747697076
2025-03-04 14:00:00+05:30,-1.1416559515420102,-1.1573725411118114,-0.16093825490994365
2025-03-04 14:05:00+05:30,-1.1560028707377767,-1.1672347976441497,0.027050826190534734
2025-03-04 14:10:00+05:30,-1.1676612477738606,-1.2012996357864745,-0.11097107278344402
2025-03-04 14:15:00+05:30,-1.19994564735585,-1.190542203283935,-0.0745430555480716
2025-03-04 14:20:00+05:30,-1.1900803615484146,-1.2039895410856853,-0.1666074845415044
2025-03-04 14:25:00+05:30,-1.206222561339409,-1.2021970004509794,-0.15450454972058902
2025-03-04 14:30:00+05:30,-1.2026363788821124,-1.2156443382527298,-0.15974801944991304
2025-03-04 14:35:00+05:30,-1.21070638409432,-1.237159203257809,-0.06608651775653457
2025-03-04 14:40:00+05:30,-1.2376093206237846,-1.237159203257809,-0.12195946279361533
2025-03-04 14:45:00+05:30,-1.2367116803261706,-1.2434363785207354,-0.06391608838824345
2025-03-04 14:50:00+05:30,-1.2429907836763092,-1.2470214597901474,-0.049061798465762876
2025-03-04 14:55:00+05:30,-1.2510607888885168,-1.257778892292687,-0.021640968495486947
2025-03-04 15:00:00+05:30,-1.2564422519410416,-1.2488140004248534,0.3360200565781307
2025-03-04 15:05:00+05:30,-1.2501631485909028,-1.2550889869934763,0.5371452498622855
2025-03-04 15:10:00+05:30,-1.2546469713458137,-1.2407464732215245,0.39591406735855816
2025-03-04 15:15:00+05:30,-1.240300052150047,-1.1833698520508074,0.42412586461387825
2025-03-04 15:20:00+05:30,-1.1864941790911177,-1.190542203283935,0.3353009954099087
2025-03-04 15:25:00+05:30,-1.1909780018460285,-1.2264017707552695,0.2782397071790295
2025-03-05 09:15:00+05:30,-1.11564846594358,-1.0336565955968469,-0.3142818335657473
2025-03-05 09:20:00+05:30,-1.039423479110097,-0.9816597850245511,0.0202367754885153
2025-03-05 09:25:00+05:30,-0.9811337832962569,-0.9744896224857271,-0.09002557785963033
2025-03-05 09:30:00+05:30,-0.9730637780840493,-0.9709023525220115,-0.08007793427714875
2025-03-05 09:35:00+05:30,-0.978445241136574,-1.0471039333985972,-0.11682763677198892
2025-03-05 09:40:00+05:30,-1.047495673688884,-1.0542762846317248,-0.16958212705846484
2025-03-05 09:45:00+05:30,-1.0510818561461808,-1.023796527758812,-0.1492080965367644
2025-03-05 09:50:00+05:30,-1.0232834686856818,-1.0139342712264736,-0.22710323598375967
2025-03-05 09:55:00+05:30,-1.0080367198257214,-1.072206068367392,-0.11270438865210546
2025-03-05 10:00:00+05:30,-1.0717078786920862,-1.0820683248997305,-0.17380566528865293
2025-03-05 10:05:00+05:30,-1.0896431697117293,-1.073103433031897,-0.19174813370202376
2025-03-05 10:10:00+05:30,-1.0726055189897001,-1.115237987071854,-0.1807162215685127
2025-03-05 10:15:00+05:30,-1.112062283486283,-1.1609576223812232,-0.013470162905006548
2025-03-05 10:20:00+05:30,-1.1667657968428262,-1.160062446411022,-0.18414690024742444
2025-03-05 10:25:00+05:30,-1.1551074198067424,-1.145717743944767,-0.22507094205041647
2025-03-05 10:30:00+05:30,-1.1425514024730445,-1.135857676106732,-0.1427989908084279
2025-03-05 10:35:00+05:30,-1.1407583112443962,-1.1295805008438056,-0.13966539792796573
2025-03-05 10:40:00+05:30,-1.1317906657345747,-1.1717172435780665,-0.155038168798059
2025-03-05 10:45:00+05:30,-1.171249619597737,-1.184267216715312,-0.20261163414087227
2025-03-05 10:50:00+05:30,-1.1793196248099447,-1.1546826358126006,-0.16898795546156561
2025-03-05 10:55:00+05:30,-1.159591242561653,-1.1636475276804341,-0.23629208080714384
2025-03-05 11:00:00+05:30,-1.171249619597737,-1.1815773114161012,-0.12724077784758261
2025-03-05 11:05:00+05:30,-1.181112716038593,-1.20488690575019,-0.2118440010875962
2025-03-05 11:10:00+05:30,-1.2008410982868845,-1.1770948654821844,-0.24390088332667179
2025-03-05 11:15:00+05:30,-1.1766288932836821,-1.1645448923449389,-0.2540661375258521
2025-03-05 11:20:00+05:30,-1.1613843337903016,-1.1726124195482677,-0.23324363990712904
2025-03-05 11:25:00+05:30,-1.1748358020550338,-1.168129973614351,-0.22955750528687527
2025-03-05 11:30:00+05:30,-1.1694543390025092,-1.1573725411118114,-0.23386808776374288
2025-03-05 11:35:00+05:30,-1.1577981513330047,-1.1089630005032314,-0.1449486052481652
2025-03-05 11:40:00+05:30,-1.1084761010289863,-1.1340629467777226,-0.19549860537417107
2025-03-05 11:45:00+05:30,-1.133583756963223,-1.1259954195743938,-0.23553138978181426
2025-03-05 11:50:00+05:30,-1.1264113920486294,-1.1268927842388985,-0.204197353243425
2025-03-05 11:55:00+05:30,-1.1264113920486294,-1.1170305277065602,-0.13302922025176964
2025-03-05 12:00:00+05:30,-1.1138553747149316,-1.1044805545693146,-0.1874507970887813
2025-03-05 12:05:00+05:30,-1.105785369502724,-1.121512973640477,-0.2285148665929534
2025-03-05 12:10:00+05:30,-1.1183391974698422,-1.0928257574022702,-0.1795354474396429
2025-03-05 12:15:00+05:30,-1.0941269924666401,-1.1259954195743938,-0.20503184265180893
2025-03-05 12:20:00+05:30,-1.1264113920486294,-1.1098581764734325,-0.19164216679302262
2025-03-05 12:25:00+05:30,-1.1093715519600207,-1.1080656358387264,-0.251825694306971
2025-03-05 12:30:00+05:30,-1.1075784607313723,-1.102685825240305,-0.21383844969629615
2025-03-05 12:35:00+05:30,-1.1021969976788475,-1.1035831899048096,-0.24265009534721196
2025-03-05 12:40:00+05:30,-1.1030946379764615,-1.1313752301728153,-0.16962943371426892
2025-03-05 12:45:00+05:30,-1.13089521480354,-1.135857676106732,-0.2520508739885984
2025-03-05 12:50:00+05:30,-1.135379037558451,-1.1403401220406488,-0.19620820521123225
2025-03-05 12:55:00+05:30,-1.1452421339993069,-1.1493050139084826,-0.155490420427546
2025-03-05 13:00:00+05:30,-1.1488305058231831,-1.1645448923449389,-0.2556688870244943
2025-03-05 13:05:00+05:30,-1.164075065316564,-1.1708198789135618,-0.21343918152130972
2025-03-05 13:10:00+05:30,-1.171249619597737,-1.1636475276804341,-0.2504954311457603
2025-03-05 13:15:00+05:30,-1.164075065316564,-1.162752351710233,-0.2576973964253732
2025-03-05 13:20:00+05:30,-1.164075065316564,-1.1806821354459003,-0.2230026950586622
2025-03-05 13:25:00+05:30,-1.1802172651075586,-1.16544006831514,-0.24794087173234008
2025-03-05 13:30:00+05:30,-1.1649705162475983,-1.1797847707813953,-0.20246592964099572
2025-03-05 13:35:00+05:30,-1.1802172651075586,-1.1914395679484397,-0.1830664162288593
2025-03-05 13:40:00+05:30,-1.1909780018460285,-1.1537874598423994,0.1321643231209645
2025-03-05 13:45:00+05:30,-1.1560028707377767,-1.1268927842388985,-0.08990636508700406
2025-03-05 13:50:00+05:30,-1.1264113920486294,-1.1116507171081385,-0.08812574256253855
2025-03-05 13:55:00+05:30,-1.112062283486283,-1.1134454464371482,-0.15453482598030363
2025-03-05 14:00:00+05:30,-1.112959923783897,-1.1044805545693146,-0.07154381357009303
2025-03-05 14:05:00+05:30,-1.1021969976788475,-1.1277879602090997,-0.09927308293621155
2025-03-05 14:10:00+05:30,-1.1282044832772777,-1.1161331630420552,-0.14606504232514145
2025-03-05 14:15:00+05:30,-1.11564846594358,-1.1349603114422273,-0.13456952496475041
2025-03-05 14:20:00+05:30,-1.1389652200157476,-1.1304778655083105,-0.11954114654891085
2025-03-05 14:25:00+05:30,-1.129997574505926,-1.1349603114422273,-0.1764661916110743
2025-03-05 14:30:00+05:30,-1.1317906657345747,-1.1340629467777226,-0.15839694136014856
2025-03-05 14:35:00+05:30,-1.133583756963223,-1.1098581764734325,-0.15849533920422104
2025-03-05 14:40:00+05:30,-1.1138553747149316,-1.097308203336187,2.3740816173969663
2025-03-05 14:45:00+05:30,-1.0968177239929024,-1.1080656358387264,-0.1586069829119187
2025-03-05 14:50:00+05:30,-1.1093715519600207,-1.072206068367392,-0.09481679595946738
2025-03-05 14:55:00+05:30,-1.077089341744611,-1.0955156627014808,-0.13181060079825657
2025-03-05 15:00:00+05:30,-1.095024632764254,-1.1116507171081385,0.3188950471770544
2025-03-05 15:05:00+05:30,-1.111164643188669,-1.1233055142751829,0.22294011881029419
2025-03-05 15:10:00+05:30,-1.1210299289961045,-1.1430278386455561,0.12462553445202657
2025-03-05 15:15:00+05:30,-1.1425514024730445,-1.1286853248736044,0.2856157609520014
2025-03-05 15:20:00+05:30,-1.1273068429796638,-1.16544006831514,0.15028655682639078
2025-03-05 15:25:00+05:30,-1.1649705162475983,-1.1313752301728153,0.151855245532854
2025-03-06 09:15:00+05:30,-0.9560261273620202,-1.073103433031897,-0.3142818335657473
2025-03-06 09:20:00+05:30,-1.0726055189897001,-1.1403401220406488,0.3415511507747436
2025-03-06 09:25:00+05:30,-1.1389652200157476,-1.1564751764473065,0.049850742021868295
2025-03-06 09:30:00+05:30,-1.159591242561653,-1.1466151086092717,0.15881689300098217
2025-03-06 09:35:00+05:30,-1.1461397742969208,-1.2156443382527298,0.06950192684288241
2025-03-06 09:40:00+05:30,-1.207120201637023,-1.1887496626492289,0.00485454328726121
2025-03-06 09:45:00+05:30,-1.1882872703197662,-1.2461240951256425,0.10223624039307241
2025-03-06 09:50:00+05:30,-1.2420931433786953,-1.1797847707813953,-0.018166767693235438
2025-03-06 09:55:00+05:30,-1.1838034475648553,-1.1788874061168906,0.018234757814886707
2025-03-06 10:00:00+05:30,-1.1793196248099447,-1.1439252033100609,-0.07046522181776005
2025-03-06 10:05:00+05:30,-1.1425514024730445,-1.120615608975972,-0.05994422156693304
2025-03-06 10:10:00+05:30,-1.1201322886984906,-1.1385453927116393,-0.1906108816964937
2025-03-06 10:15:00+05:30,-1.133583756963223,-1.102685825240305,-0.20301847138078735
2025-03-06 10:20:00+05:30,-1.1021969976788475,-1.1116507171081385,-0.1078412644354462
2025-03-06 10:25:00+05:30,-1.112062283486283,-1.0982033793063881,-0.05064940983454774
2025-03-06 10:30:00+05:30,-1.095024632764254,-1.1134454464371482,0.07070540816653816
2025-03-06 10:35:00+05:30,-1.112959923783897,-1.1277879602090997,-0.17585688188431778
2025-03-06 10:40:00+05:30,-1.129997574505926,-1.1313752301728153,-0.2307307103508164
2025-03-06 10:45:00+05:30,-1.1273068429796638,-1.1259954195743938,-0.20666676067639786
2025-03-06 10:50:00+05:30,-1.1255137517510154,-1.1385453927116393,-0.22356659039584678
2025-03-06 10:55:00+05:30,-1.1371721287870993,-1.16544006831514,-0.2077339988313379
2025-03-06 11:00:00+05:30,-1.1622819740879156,-1.1259954195743938,-0.17727418929220795
2025-03-06 11:05:00+05:30,-1.1326883060321886,-1.1367528520769332,-0.05848528430193527
2025-03-06 11:10:00+05:30,-1.1425514024730445,-1.1349603114422273,-0.15050997570449265
2025-03-06 11:15:00+05:30,-1.134481397260837,-1.1448225679745658,-0.2395335328628393
2025-03-06 11:20:00+05:30,-1.1443466830682725,-1.1797847707813953,-0.02450775183721409
2025-03-06 11:25:00+05:30,-1.1829058072672414,-1.1833698520508074,-0.02766215964623003
2025-03-06 11:30:00+05:30,-1.1855965387935037,-1.1779922301466894,-0.22729624713944033
2025-03-06 11:35:00+05:30,-1.177526533581296,-1.1591650817465173,-0.24029422388816887
2025-03-06 11:40:00+05:30,-1.159591242561653,-1.1484076492439776,-0.24314208456757438
2025-03-06 11:45:00+05:30,-1.1479328655255692,-1.1439252033100609,-0.16861328674759732
2025-03-06 11:50:00+05:30,-1.1443466830682725,-1.1286853248736044,-0.131398086759645
2025-03-06 11:55:00+05:30,-1.1255137517510154,-1.1304778655083105,-0.16240286897363793
2025-03-06 12:00:00+05:30,-1.129997574505926,-1.1125480817726432,-0.18223381908670752
2025-03-06 12:05:00+05:30,-1.112959923783897,-1.1277879602090997,-0.14542356407243814
2025-03-06 12:10:00+05:30,-1.129997574505926,-1.1439252033100609,-0.22543614943322396
2025-03-06 12:15:00+05:30,-1.1434490427706585,-1.1439252033100609,-0.1748028895930029
2025-03-06 12:20:00+05:30,-1.1434490427706585,-1.1277879602090997,-0.15425098604547915
2025-03-06 12:25:00+05:30,-1.1255137517510154,-1.1286853248736044,-0.09717834421720696
2025-03-06 12:30:00+05:30,-1.1371721287870993,-1.1286853248736044,-0.16188438802602523
2025-03-06 12:35:00+05:30,-1.1282044832772777,-1.1295805008438056,-0.16315409866780667
2025-03-06 12:40:00+05:30,-1.1290999342083121,-1.1259954195743938,-0.20571305849538765
2025-03-06 12:45:00+05:30,-1.1255137517510154,-1.117927892371065,-0.19741736333358448
2025-03-06 12:50:00+05:30,-1.1255137517510154,-1.1116507171081385,-0.16205090745445558
2025-03-06 12:55:00+05:30,-1.111164643188669,-1.0999981086353976,-0.17840576449904152
2025-03-06 13:00:00+05:30,-1.10488772920511,-1.1044805545693146,-0.20041282077909872
2025-03-06 13:05:00+05:30,-1.1066808204337584,-1.094618298036976,-0.2375731450463183
2025-03-06 13:10:00+05:30,-1.0968177239929024,-1.0982033793063881,-0.20366751869841931
2025-03-06 13:15:00+05:30,-1.0977131749239368,-1.0991007439708929,-0.17132111972582276
2025-03-06 13:20:00+05:30,-1.0896431697117293,-1.097308203336187,-0.1980418111901983
2025-03-06 13:25:00+05:30,-1.0941269924666401,-1.0748959736666028,2.9689060461462855
2025-03-06 13:30:00+05:30,-1.0797778839042937,-1.070413527732686,-0.1937369055120272
2025-03-06 13:35:00+05:30,-1.0708102383944722,-1.0999981086353976,-0.08841715156229167
2025-03-06 13:40:00+05:30,-1.095024632764254,-1.120615608975972,-0.13408132027685235
2025-03-06 13:45:00+05:30,-1.1183391974698422,-1.0999981086353976,-0.10963134829107253
2025-03-06 13:50:00+05:30,-1.105785369502724,-1.0982033793063881,-0.01231020370469055
2025-03-06 13:55:00+05:30,-1.101301546747813,-1.1062730952040205,-0.08256058757374678
2025-03-06 14:00:00+05:30,-1.0995084555191648,-1.1143406224073493,0.0013954806148670069
2025-03-06 14:05:00+05:30,-1.11564846594358,-1.1017906492701037,0.004689916125063018
2025-03-06 14:10:00+05:30,-1.101301546747813,-1.102685825240305,-0.08992718001555784
2025-03-06 14:15:00+05:30,-1.1039922782740754,-1.0793784196005196,-0.05651732742048561
2025-03-06 14:20:00+05:30,-1.08336625572817,-1.0659310817987693,-0.02520410581065012
2025-03-06 14:25:00+05:30,-1.0663264156395615,-1.0811709602352257,-0.10885741140211781
2025-03-06 14:30:00+05:30,-1.0806755242019077,-1.0686209870979801,0.010345899892998615
2025-03-06 14:35:00+05:30,-1.0708102383944722,-1.072206068367392,-0.14413871530079939
2025-03-06 14:40:00+05:30,-1.0717078786920862,-1.0632411764995584,-0.023936287435100824
2025-03-06 14:45:00+05:30,-1.0681216962347895,-1.0533789199672199,-0.018662541446062178
2025-03-06 14:50:00+05:30,-1.0501864052151464,-1.0937209333724713,-0.009278793200765214
2025-03-06 14:55:00+05:30,-1.093229352169026,-1.0937209333724713,-0.05493160831793291
2025-03-06 15:00:00+05:30,-1.0923339012379916,-1.0901358521030593,0.4407929455867711
2025-03-06 15:05:00+05:30,-1.0797778839042937,-1.097308203336187,0.43470930965036664
2025-03-06 15:10:00+05:30,-1.0995084555191648,-1.102685825240305,0.18989925813049377
2025-03-06 15:15:00+05:30,-1.1004039064501991,-1.1053757305395158,0.17430887664370173
2025-03-06 15:20:00+05:30,-1.10488772920511,-1.0686209870979801,0.17647930601199285
2025-03-06 15:25:00+05:30,-1.0618425928846507,-1.072206068367392,0.15540135245192774
2025-03-07 09:15:00+05:30,-1.182010356336207,-1.1555800004771053,-0.3142818335657473
2025-03-07 09:20:00+05:30,-1.1551074198067424,-1.2308842166891862,-0.03975374086975243
2025-03-07 09:25:00+05:30,-1.2241578523590522,-1.2425390138562307,-0.16480983162094942
2025-03-07 09:30:00+05:30,-1.2429907836763092,-1.2443315544909366,-0.0632254112135039
2025-03-07 09:35:00+05:30,-1.2501631485909028,-1.280191121962271,-0.12664660625068339
2025-03-07 09:40:00+05:30,-1.2797568166466298,-1.2658486081903195,-0.15602971630371248
2025-03-07 09:45:00+05:30,-1.2591307941007244,-1.2550889869934763,-0.20257378881622903
2025-03-07 09:50:00+05:30,-1.2438862346073436,-1.2425390138562307,-0.21374194411845582
2025-03-07 09:55:00+05:30,-1.2438862346073436,-1.2237118654560586,-0.202492421368246
2025-03-07 10:00:00+05:30,-1.2241578523590522,-1.2210241488511515,-0.21963635343164398
2025-03-07 10:05:00+05:30,-1.2178809383754932,-1.192334743918641,-0.20624856983908982
2025-03-07 10:10:00+05:30,-1.1873896300221523,-1.1833698520508074,-0.22790555686619685
2025-03-07 10:15:00+05:30,-1.1748358020550338,-1.1277879602090997,-0.12198216998840128
2025-03-07 10:20:00+05:30,-1.1273068429796638,-1.1564751764473065,-0.19597734873090836
2025-03-07 10:25:00+05:30,-1.1613843337903016,-1.1466151086092717,-0.19242178048067382
2025-03-07 10:30:00+05:30,-1.1461397742969208,-1.1510975545431885,-0.2386611981298121
2025-03-07 10:35:00+05:30,-1.1452421339993069,-1.1161331630420552,-0.13168571122693382
2025-03-07 10:40:00+05:30,-1.11564846594358,-1.1340629467777226,-0.2236744495710801
2025-03-07 10:45:00+05:30,-1.1326883060321886,-1.120615608975972,-0.09101144856658733
2025-03-07 10:50:00+05:30,-1.1255137517510154,-1.1806821354459003,-0.04740417324638797
2025-03-07 10:55:00+05:30,-1.1793196248099447,-1.2066794463848962,-0.12254417305935374
2025-03-07 11:00:00+05:30,-1.2053249210417951,-1.1986119191815674,-0.1568509598484713
2025-03-07 11:05:00+05:30,-1.1972549158295875,-1.166337432979645,-0.17172038790080918
2025-03-07 11:10:00+05:30,-1.1551074198067424,-1.1349603114422273,-0.10609848723562396
2025-03-07 11:15:00+05:30,-1.135379037558451,-1.1233055142751829,-0.20785510387019632
2025-03-07 11:20:00+05:30,-1.1219275692937185,-1.1250980549098888,-0.23112430172710635
2025-03-07 11:25:00+05:30,-1.1246161114534015,-1.1286853248736044,-0.25484196668103903
2025-03-07 11:30:00+05:30,-1.1282044832772777,-1.1403401220406488,-0.2550728231613629
2025-03-07 11:35:00+05:30,-1.1398628603133616,-1.1430278386455561,-0.24641759741544875
2025-03-07 11:40:00+05:30,-1.1461397742969208,-1.1430278386455561,-0.26044875152693836
2025-03-07 11:45:00+05:30,-1.1434490427706585,-1.1690273382788559,-0.2129888221580549
2025-03-07 11:50:00+05:30,-1.1676612477738606,-1.1690273382788559,-0.20846441359695284
2025-03-07 11:55:00+05:30,-1.1694543390025092,-1.185164581379817,-0.2708732461999251
2025-03-07 12:00:00+05:30,-1.1838034475648553,-1.1887496626492289,-0.24216756745801038
2025-03-07 12:05:00+05:30,-1.1855965387935037,-1.1977145545170627,-0.22299323372750138
2025-03-07 12:10:00+05:30,-1.1972549158295875,-1.1833698520508074,-0.23292952371258996
2025-03-07 12:15:00+05:30,-1.1829058072672414,-1.1941294732476506,-0.20858930316827562
2025-03-07 12:20:00+05:30,-1.1936687333722908,-1.1699225142490568,-0.25891601587888624
2025-03-07 12:25:00+05:30,-1.1658681565452123,-1.1546826358126006,-0.2630449407974662
2025-03-07 12:30:00+05:30,-1.1542097795091284,-1.1403401220406488,-0.19984324864321762
2025-03-07 12:35:00+05:30,-1.1425514024730445,-1.1466151086092717,-0.25221171661833225
2025-03-07 12:40:00+05:30,-1.1470352252279552,-1.1448225679745658,-0.25153050077475353
2025-03-07 12:45:00+05:30,-1.1443466830682725,-1.1645448923449389,-0.2325378246025322
2025-03-07 12:50:00+05:30,-1.164075065316564,-1.1770948654821844,-0.2650923728606667
2025-03-07 12:55:00+05:30,-1.177526533581296,-1.1636475276804341,-0.22353631413613217
2025-03-07 13:00:00+05:30,-1.1622819740879156,-1.1645448923449389,-0.2448508009752177
2025-03-07 13:05:00+05:30,-1.1622819740879156,-1.160062446411022,-0.22880438332647435
2025-03-07 13:10:00+05:30,-1.1604866934926876,-1.1519927305133897,-0.22147185167684222
2025-03-07 13:15:00+05:30,-1.1479328655255692,-1.1197204330057708,-0.24114195916017794
2025-03-07 13:20:00+05:30,-1.1165461062411939,-1.1143406224073493,-0.2275176422886034
2025-03-07 13:25:00+05:30,-1.1147530150125455,-1.1089630005032314,-0.19861516785854375
2025-03-07 13:30:00+05:30,-1.1084761010289863,-1.1116507171081385,-0.2427674158536061
2025-03-07 13:35:00+05:30,-1.112959923783897,-1.1044805545693146,-0.22306892437678788
2025-03-07 13:40:00+05:30,-1.1030946379764615,-1.1008932846055988,-0.22232715601377995
2025-03-07 13:45:00+05:30,-1.1021969976788475,-1.1448225679745658,0.09013330557215703
2025-03-07 13:50:00+05:30,-1.151519047982866,-1.1797847707813953,0.08167676778062
2025-03-07 13:55:00+05:30,-1.1802172651075586,-1.1797847707813953,-0.2198085496587708
2025-03-07 14:00:00+05:30,-1.1793196248099447,-1.1797847707813953,-0.21537875440927692
2025-03-07 14:05:00+05:30,-1.1793196248099447,-1.1797847707813953,-0.2345284886787678
2025-03-07 14:10:00+05:30,-1.181112716038593,-1.1797847707813953,-0.22034595326870515
2025-03-07 14:15:00+05:30,-1.1793196248099447,-1.1797847707813953,-0.1972224599116717
2025-03-07 14:20:00+05:30,-1.1793196248099447,-1.1833698520508074,-0.22049922683351036
2025-03-07 14:25:00+05:30,-1.182010356336207,-1.1618549870457282,-0.22530936759566902
2025-03-07 14:30:00+05:30,-1.158693602264039,-1.14123529801085,-0.22949127596874955
2025-03-07 14:35:00+05:30,-1.1407583112443962,-1.1519927305133897,-0.20283492155626753
2025-03-07 14:40:00+05:30,-1.1569005110353907,-1.1403401220406488,-0.1647076492444126
2025-03-07 14:45:00+05:30,-1.1425514024730445,-1.1349603114422273,-0.1737356514380629
2025-03-07 14:50:00+05:30,-1.1317906657345747,-1.139442757376144,-0.18179292105461353
2025-03-07 14:55:00+05:30,-1.1398628603133616,-1.1134454464371482,-0.17097861953780122
2025-03-07 15:00:00+05:30,-1.112062283486283,-1.1268927842388985,0.17694669577133715
2025-03-07 15:05:00+05:30,-1.1273068429796638,-1.145717743944767,0.09487532474995783
2025-03-07 15:10:00+05:30,-1.1461397742969208,-1.1546826358126006,0.3153792165176953
2025-03-07 15:15:00+05:30,-1.153314328578094,-1.162752351710233,0.2682031270836363
2025-03-07 15:20:00+05:30,-1.1622819740879156,-1.1591650817465173,0.15310414124608168
2025-03-07 15:25:00+05:30,-1.1577981513330047,-1.1618549870457282,0.18527455945908708
2025-03-10 09:15:00+05:30,-1.1748358020550338,-1.0775858789658137,-0.3142818335657473
2025-03-10 09:20:00+05:30,-1.0806755242019077,-1.0569661899309357,-0.004313486607569158
2025-03-10 09:25:00+05:30,-1.0519794964437947,-1.046208757428396,-0.10156272507712893
2025-03-10 09:30:00+05:30,-1.0483911246199185,-1.0408289468299745,-0.10838812937654135
2025-03-10 09:35:00+05:30,-1.0403211194077109,-1.0632411764995584,-0.1260827109134988
2025-03-10 09:40:00+05:30,-1.0681216962347895,-0.9977970281255123,-0.15910843346344192
2025-03-10 09:45:00+05:30,-0.9954828918586032,-1.02917414966293,-0.1024577670049421
2025-03-10 09:50:00+05:30,-1.028662742371627,-1.0220017984298024,-0.1981667007615211
2025-03-10 09:55:00+05:30,-1.0241789196167161,-0.9700071765518103,-0.14244513702301337
2025-03-10 10:00:00+05:30,-0.9757545096103117,-1.0022794740594292,-0.1672849158526188
2025-03-10 10:05:00+05:30,-1.0017598058421624,-0.984349690323762,-0.22307649344171654
2025-03-10 10:10:00+05:30,-0.9838245148225193,-1.0022794740594292,-0.17532515507307994
2025-03-10 10:15:00+05:30,-1.0026574461397764,-1.028278973692729,-0.1746401546970369
2025-03-10 10:20:00+05:30,-1.0268696511429785,-1.025589068393518,-0.21610538464242757
2025-03-10 10:25:00+05:30,-1.0259720108453645,-1.025589068393518,-0.051353332872912424
2025-03-10 10:30:00+05:30,-1.02507655991433,-1.027381609028224,-0.20626560023517929
2025-03-10 10:35:00+05:30,-1.029560382669241,-1.023796527758812,-0.18725778593310063
2025-03-10 10:40:00+05:30,-1.0196950968618055,-1.0175193524958857,-0.13051061389676052
2025-03-10 10:45:00+05:30,-1.017902005633157,-1.006761919993346,-0.19992461609120063
2025-03-10 10:50:00+05:30,-1.006243628597073,-1.0211066224596013,0.01459214531797268
2025-03-10 10:55:00+05:30,-1.0205927371594194,-1.0363465008960575,-0.1631276069405564
2025-03-10 11:00:00+05:30,-1.0322511141955033,-1.0560688252664308,-0.2258202794783531
2025-03-10 11:05:00+05:30,-1.05735877012974,-1.051586379332514,-0.12080518039199581
2025-03-10 11:10:00+05:30,-1.0492887649175324,-1.0435188521291852,-0.25283805674117826
2025-03-10 11:15:00+05:30,-1.0412187597053248,-1.0632411764995584,-0.22363849651266898
2025-03-10 11:20:00+05:30,-1.0636378734798786,-1.0766885143013087,-0.16823861803362902
2025-03-10 11:25:00+05:30,-1.076191701446997,-1.0650337171342643,-0.20211964492050988
2025-03-10 11:30:00+05:30,-1.059154050724968,-1.0327614196266457,-0.1165721808306469
2025-03-10 11:35:00+05:30,-1.028662742371627,-1.0139342712264736,-0.031102299656302602
2025-03-10 11:40:00+05:30,-1.0134181828782463,-1.0202092577950963,-0.24780462856362434
2025-03-10 11:45:00+05:30,-1.0187996459307709,-1.0363465008960575,-0.22700862267215152
2025-03-10 11:50:00+05:30,-1.036734936950414,-1.023796527758812,-0.21629082673317956
2025-03-10 11:55:00+05:30,-1.0241789196167161,-1.0202092577950963,-0.2827018024171768
2025-03-10 12:00:00+05:30,-1.0223858283880678,-1.0300715143274348,-0.18659549275184353
2025-03-10 12:05:00+05:30,-1.029560382669241,-1.0327614196266457,-0.1579125212047148
2025-03-10 12:10:00+05:30,-1.0322511141955033,-1.0363465008960575,-0.2370641254298664
2025-03-10 12:15:00+05:30,-1.036734936950414,-1.0363465008960575,-0.19223255385745752
2025-03-10 12:20:00+05:30,-1.0358372966528,-1.0166241765256845,-0.23202123592115168
2025-03-10 12:25:00+05:30,-1.0143158231758602,-1.0004869334247233,-0.22892738063156495
2025-03-10 12:30:00+05:30,-0.9981736233848655,-0.9726948931567175,-0.1697164779609484
2025-03-10 12:35:00+05:30,-0.971270686855401,-0.9807646090543499,-0.17213100967318856
2025-03-10 12:40:00+05:30,-0.9811337832962569,-0.9780747037551392,-0.2092572731482292
2025-03-10 12:45:00+05:30,-0.9766499605413461,-0.9780747037551392,-0.19816859302775325
2025-03-10 12:50:00+05:30,-0.9766499605413461,-0.986142230958468,-0.24432285869644418
2025-03-10 12:55:00+05:30,-0.9856176060511677,-0.9924194062213944,-0.2562517050240006
2025-03-10 13:00:00+05:30,-0.9909990691036924,-0.9834545143535608,-0.2563349647382157
2025-03-10 13:05:00+05:30,-0.9820314235938709,-0.9709023525220115,-0.23723064485829676
2025-03-10 13:10:00+05:30,-0.9676823150315246,-0.9753847984559283,-0.09588781864687171
2025-03-10 13:15:00+05:30,-0.978445241136574,-0.9709023525220115,-0.2440598336901735
2025-03-10 13:20:00+05:30,-0.970373046557787,-0.9601449200194719,-0.22719595702913567
2025-03-10 13:25:00+05:30,-0.958714669521703,-0.9691098118873055,-0.225958414913301
2025-03-10 13:30:00+05:30,-0.9685799553291385,-0.9762821631204331,-0.16809291353375244
2025-03-10 13:35:00+05:30,-0.9748568693126978,-0.9906246768923848,-0.1621209213050456
2025-03-10 13:40:00+05:30,-0.9901014288060784,-1.0363465008960575,-0.19874762649479516
2025-03-10 13:45:00+05:30,-1.0358372966528,-1.072206068367392,-0.17613882955291008
2025-03-10 13:50:00+05:30,-1.0717078786920862,-1.0775858789658137,-0.21643463896682397
2025-03-10 13:55:00+05:30,-1.0779847926756454,-1.0802735955707208,-0.2171650537324389
2025-03-10 14:00:00+05:30,-1.0815731644995217,-1.0838608655344364,-0.20759207886392564
2025-03-10 14:05:00+05:30,-1.08336625572817,-1.073998609002098,-0.168424060124381
2025-03-10 14:10:00+05:30,-1.0735009699207345,-1.0632411764995584,-0.2130096370866087
2025-03-10 14:15:00+05:30,-1.0618425928846507,-1.1268927842388985,-0.16401318753720875
2025-03-10 14:20:00+05:30,-1.1264113920486294,-1.1466151086092717,-0.0749480005217545
2025-03-10 14:25:00+05:30,-1.1470352252279552,-1.1744049601829738,0.000918629524361898
2025-03-10 14:30:00+05:30,-1.1739381617574198,-1.1860597573500182,-0.12325944969511139
2025-03-10 14:35:00+05:30,-1.1864941790911177,-1.16544006831514,-0.17393244712620787
2025-03-10 14:40:00+05:30,-1.1649705162475983,-1.1672347976441497,-0.19441244455690943
2025-03-10 14:45:00+05:30,-1.1667657968428262,-1.166337432979645,-0.13161758964257594
2025-03-10 14:50:00+05:30,-1.1667657968428262,-1.1313752301728153,-0.10460738144467942
2025-03-10 14:55:00+05:30,-1.1255137517510154,-1.1250980549098888,-0.18707802064104515
2025-03-10 15:00:00+05:30,-1.1246161114534015,-1.1385453927116393,0.19455612532784722
2025-03-10 15:05:00+05:30,-1.1389652200157476,-1.1304778655083105,0.16236110765382372
2025-03-10 15:10:00+05:30,-1.129997574505926,-1.142132662675355,0.11700916286756997
2025-03-10 15:15:00+05:30,-1.1398628603133616,-1.1340629467777226,0.1282832850787979
2025-03-10 15:20:00+05:30,-1.1326883060321886,-1.1537874598423994,0.27158839137297613
2025-03-10 15:25:00+05:30,-1.1506235970518315,-1.1815773114161012,0.33153917014036843
2025-03-11 09:15:00+05:30,-1.0214881880904538,-0.9099406500818823,-0.3142818335657473
2025-03-11 09:20:00+05:30,-0.9049087964627739,-0.9547651094210503,0.5223704351215558
2025-03-11 09:25:00+05:30,-0.9542308467667923,-0.9242853525481375,0.15092425054662975
2025-03-11 09:30:00+05:30,-0.9273279102373277,-0.8337390692052966,0.21259131478659404
2025-03-11 09:35:00+05:30,-0.8313745411555532,-0.8032593123323838,-0.07170654846605906
2025-03-11 09:40:00+05:30,-0.8026785133974402,-0.774572096094177,0.13025313422647972
2025-03-11 09:45:00+05:30,-0.7659102910605401,-0.752159866424593,0.16814387325931426
2025-03-11 09:50:00+05:30,-0.7497702806361249,-0.821189096068051,-0.08303933093048405
2025-03-11 09:55:00+05:30,-0.8125437992048757,-0.7512625017600881,-0.06896465469565469
2025-03-11 10:00:00+05:30,-0.7506657315671594,-0.7548497717238037,-0.0004438021627955562
2025-03-11 10:05:00+05:30,-0.7542541033910357,-0.7826396232975057,-0.1931673333761461
2025-03-11 10:10:00+05:30,-0.7964015994138811,-0.7960869610992561,-0.21566637887656573
2025-03-11 10:15:00+05:30,-0.7901246854303219,-0.7996742310629718,-0.23068151142878016
2025-03-11 10:20:00+05:30,-0.7990923309401434,-0.7799497179982949,-0.023410237422559474
2025-03-11 10:25:00+05:30,-0.7703941138154509,-0.7629172989271326,-0.11708120044709877
2025-03-11 10:30:00+05:30,-0.759633377076981,-0.7682971095255542,-0.24446288639762426
2025-03-11 10:35:00+05:30,-0.767705571655768,-0.795191785129055,-0.18483000835723534
2025-03-11 10:40:00+05:30,-0.7937108678876187,-0.8086391229308054,-0.18930332573006897
2025-03-11 10:45:00+05:30,-0.807162336152351,-0.7853295285967166,-0.1371316534430993
2025-03-11 10:50:00+05:30,-0.7838455820801832,-0.750367325789887,-0.2424684377889243
2025-03-11 10:55:00+05:30,-0.748872640338511,-0.7512625017600881,-0.12700235230233006
2025-03-11 11:00:00+05:30,-0.7506657315671594,-0.7691922854957554,0.14601381967416643
2025-03-11 11:05:00+05:30,-0.7668079313581541,-0.7584348529932158,-0.1658070559252994
2025-03-11 11:10:00+05:30,-0.759633377076981,-0.7656072042263433,-0.23849467870138175
2025-03-11 11:15:00+05:30,-0.7650148401295057,-0.7673997448610493,-0.22742302897699526
2025-03-11 11:20:00+05:30,-0.7659102910605401,-0.7557449476940049,-0.236038517132034
2025-03-11 11:25:00+05:30,-0.7506657315671594,-0.7530550423947941,-0.08754103229680014
2025-03-11 11:30:00+05:30,-0.7515633718647734,-0.7333327180244209,-0.12653307027675362
2025-03-11 11:35:00+05:30,-0.7327304405475163,-0.7414024339220533,-0.14971711615321628
2025-03-11 11:40:00+05:30,-0.7443888175836002,-0.7458848798559702,-0.20680678837757793
2025-03-11 11:45:00+05:30,-0.7408026351263035,-0.7431949745567593,-0.22143400635219895
2025-03-11 11:50:00+05:30,-0.7425957263549519,-0.7261603667912933,-0.17049987618106396
2025-03-11 11:55:00+05:30,-0.7327304405475163,-0.7315401773897149,-0.2085325351813107
2025-03-11 12:00:00+05:30,-0.7255558862663433,-0.7333327180244209,-0.1709748350053369
2025-03-11 12:05:00+05:30,-0.7327304405475163,-0.7324375420542197,-0.2300078646501301
2025-03-11 12:10:00+05:30,-0.731834989616482,-0.7234726501863862,-0.1996180689615902
2025-03-11 12:15:00+05:30,-0.7255558862663433,-0.6965779745828853,-0.10053711677929653
2025-03-11 12:20:00+05:30,-0.6950667672795818,-0.6849231774158409,-0.13221176123947517
2025-03-11 12:25:00+05:30,-0.6789245674885872,-0.6687859343148796,-0.13317681701787837
2025-03-11 12:30:00+05:30,-0.6690614710477312,-0.6445811640105896,-0.13238584973283418
2025-03-11 12:35:00+05:30,-0.6394678029920042,-0.6454763399807908,-0.01771451606374845
2025-03-11 12:40:00+05:30,-0.6448470766779494,-0.6320290021790403,-0.16085688746196064
2025-03-11 12:45:00+05:30,-0.6313956084132172,-0.6714758396140904,-0.1073644133449411
2025-03-11 12:50:00+05:30,-0.6708545622763796,-0.661613583081752,-0.18271634697590913
2025-03-11 12:55:00+05:30,-0.6591961852402957,-0.6732683802487964,-0.16594897589271163
2025-03-11 13:00:00+05:30,-0.672647653505028,-0.6822332721166301,-0.15233790488476223
2025-03-11 13:05:00+05:30,-0.6816152990148495,-0.6383061774419668,-0.10449763000321395
2025-03-11 13:10:00+05:30,-0.6376747117633559,-0.6383061774419668,-0.21431340852056907
2025-03-11 13:15:00+05:30,-0.6376747117633559,-0.6087215965392552,-0.11387570144981443
2025-03-11 13:20:00+05:30,-0.6080810437076288,-0.5979641640367156,-0.06413748353740653
2025-03-11 13:25:00+05:30,-0.595525026373931,-0.6078242318747503,0.13693283402601558
2025-03-11 13:30:00+05:30,-0.6062879524789805,-0.5854120022051663,-0.14247162875026367
2025-03-11 13:35:00+05:30,-0.5874550211617234,-0.6024466099706324,-0.04329227872389749
2025-03-11 13:40:00+05:30,-0.6000088491288418,-0.5755519343671316,-0.1264460260300741
2025-03-11 13:45:00+05:30,-0.5749011931946051,-0.57017212376871,-0.09076356169017395
2025-03-11 13:50:00+05:30,-0.5695197301420803,-0.5952742587375048,0.03194422666690859
2025-03-11 13:55:00+05:30,-0.5946295754428966,-0.590791812803588,-0.19018322952802483
2025-03-11 14:00:00+05:30,-0.5865573808641095,-0.5728620290679207,-0.178422794895131
2025-03-11 14:05:00+05:30,-0.5722104616683428,-0.5629997725355823,-0.0892781326979259
2025-03-11 14:10:00+05:30,-0.5641382670895556,-0.5674822184694991,-0.10977326825848477
2025-03-11 14:15:00+05:30,-0.5686220898444664,-0.5782396509720388,-0.15927684515810442
2025-03-11 14:20:00+05:30,-0.5820735581091987,-0.5881019075043772,-0.15535039272636594
2025-03-11 14:25:00+05:30,-0.5874550211617234,-0.6060316912400444,-0.06887950271520735
2025-03-11 14:30:00+05:30,-0.6009064894264557,-0.6194790290417947,-0.040056503466898534
2025-03-11 14:35:00+05:30,-0.6143579576911881,-0.6284439209096284,-0.0669929132817407
2025-03-11 14:40:00+05:30,-0.6278094259559204,-0.6087215965392552,-0.16835404627379097
2025-03-11 14:45:00+05:30,-0.6080810437076288,-0.6096167725094563,-0.1439684113399047
2025-03-11 14:50:00+05:30,-0.6098741349362773,-0.639201353412168,-0.08634890457053737
2025-03-11 14:55:00+05:30,-0.635879431168128,-0.6239614749757116,-0.14102404508265887
2025-03-11 15:00:00+05:30,-0.6233256032010096,-0.6105141371739612,0.469837339984243
2025-03-11 15:05:00+05:30,-0.6098741349362773,-0.614996583107878,0.4038142788778392
2025-03-11 15:10:00+05:30,-0.6143579576911881,-0.5755519343671316,0.2640533872365025
2025-03-11 15:15:00+05:30,-0.5740035528969911,-0.588999272168882,0.45010478771524587
2025-03-11 15:20:00+05:30,-0.5892481123903719,-0.6078242318747503,0.37371589218905243
2025-03-11 15:25:00+05:30,-0.6062879524789805,-0.6212715696765008,0.35145716450011755
2025-03-12 09:15:00+05:30,-0.5910412036190202,-0.547759894099126,-0.3142818335657473
2025-03-12 09:20:00+05:30,-0.556965902174962,-0.6849231774158409,0.10987153463985064
2025-03-12 09:25:00+05:30,-0.6789245674885872,-0.6867157180505469,0.0074734397525749825
2025-03-12 09:30:00+05:30,-0.6869967620673743,-0.6911981639844637,-0.1058960147487825
2025-03-12 09:35:00+05:30,-0.6860991217697603,-0.6284439209096284,-0.1132455767945041
2025-03-12 09:40:00+05:30,-0.6287070662535343,-0.6526486912139184,-0.11145549293887778
2025-03-12 09:45:00+05:30,-0.6502285397304741,-0.6078242318747503,-0.03214304608399232
2025-03-12 09:50:00+05:30,-0.6062879524789805,-0.6087215965392552,-0.1599202156770399
2025-03-12 09:55:00+05:30,-0.6107717752338913,-0.5934817181027988,-0.16782231946255313
2025-03-12 10:00:00+05:30,-0.5928364842142482,-0.5979641640367156,-0.15868078129497304
2025-03-12 10:05:00+05:30,-0.5973203069691589,-0.5934817181027988,-0.08415009120876381
2025-03-12 10:10:00+05:30,-0.596422666671545,-0.571964664403416,-0.12314591372118161
2025-03-12 10:15:00+05:30,-0.5650359073871696,-0.5755519343671316,-0.1710013267325872
2025-03-12 10:20:00+05:30,-0.5749011931946051,-0.5827220969059556,-0.19883467074147468
2025-03-12 10:25:00+05:30,-0.5775897353542879,-0.547759894099126,-0.20690329395541826
2025-03-12 10:30:00+05:30,-0.5471006163675265,-0.547759894099126,-0.1606184619167081
2025-03-12 10:35:00+05:30,-0.548893707596175,-0.5603098672363716,-0.19799828906685857
2025-03-12 10:40:00+05:30,-0.5578613531059965,-0.5468625294346211,-0.22432917368740854
2025-03-12 10:45:00+05:30,-0.5479982566651406,-0.5836194615704604,-0.10476633180818112
2025-03-12 10:50:00+05:30,-0.5820735581091987,-0.5881019075043772,-0.17616532128016038
2025-03-12 10:55:00+05:30,-0.5883526614593374,-0.5665870424992979,-0.09244010957187049
2025-03-12 11:00:00+05:30,-0.5659335476847835,-0.5746545697026267,-0.15176076368395247
2025-03-12 11:05:00+05:30,-0.5740035528969911,-0.5898944481390832,-0.19045382359922416
2025-03-12 11:10:00+05:30,-0.5874550211617234,-0.6015492453061275,-0.21401253818965515
2025-03-12 11:15:00+05:30,-0.6000088491288418,-0.6203763937062996,-0.17048852258367098
2025-03-12 11:20:00+05:30,-0.6197394207437128,-0.613204042473172,-0.21653303681089645
2025-03-12 11:25:00+05:30,-0.6125648664625396,-0.6275465562451236,-0.1897290856323057
2025-03-12 11:30:00+05:30,-0.6260163347272719,-0.611411501838466,-0.18940361584037363
2025-03-12 11:35:00+05:30,-0.6089764946386633,-0.611411501838466,-0.22301972545475165
2025-03-12 11:40:00+05:30,-0.6188417804460988,-0.6356162721427561,-0.23557869643761833
2025-03-12 11:45:00+05:30,-0.6296025171845687,-0.6266513802749224,-0.23676325509895246
2025-03-12 11:50:00+05:30,-0.6260163347272719,-0.639201353412168,-0.22999461878650496
2025-03-12 11:55:00+05:30,-0.6376747117633559,-0.6768534615182085,-0.12633438232237648
2025-03-12 12:00:00+05:30,-0.6735452938026419,-0.6885082586852529,-0.10428380391897953
2025-03-12 12:05:00+05:30,-0.6887898532960227,-0.6983705152175913,-0.12679231075055997
2025-03-12 12:10:00+05:30,-0.6995505900344926,-0.6911981639844637,-0.18698151506320482
2025-03-12 12:15:00+05:30,-0.6905829445246711,-0.6956806099183804,-0.1667456199764523
2025-03-12 12:20:00+05:30,-0.6950667672795818,-0.6885082586852529,-0.21134444280230513
2025-03-12 12:25:00+05:30,-0.6950667672795818,-0.6947832452538757,-0.17688438244838237
2025-03-12 12:30:00+05:30,-0.6950667672795818,-0.6938880692836745,-0.1970578327494735
2025-03-12 12:35:00+05:30,-0.6968598585082302,-0.7243678261565872,-0.1629686565770547
2025-03-12 12:40:00+05:30,-0.7237627950376948,-0.750367325789887,-0.16497256651691544
2025-03-12 12:45:00+05:30,-0.7497702806361249,-0.7566423123585098,-0.16534155843218726
2025-03-12 12:50:00+05:30,-0.7659102910605401,-0.7315401773897149,-0.18504951124016628
2025-03-12 12:55:00+05:30,-0.730039709021254,-0.7136103936540477,-0.08861962404913312
2025-03-12 13:00:00+05:30,-0.7138996985968389,-0.6911981639844637,-0.1390352732726554
2025-03-12 13:05:00+05:30,-0.6887898532960227,-0.6992656911877925,-0.07387887010058233
2025-03-12 13:10:00+05:30,-0.7004482303321066,-0.705542866450719,-0.09222060668893955
2025-03-12 13:15:00+05:30,-0.7040344127894034,-0.7019555964870032,-0.1133534359697374
2025-03-12 13:20:00+05:30,-0.701343681263141,-0.7046455017862141,-0.10170464504454117
2025-03-12 13:25:00+05:30,-0.701343681263141,-0.6947832452538757,-0.07385805517202854
2025-03-12 13:30:00+05:30,-0.6950667672795818,-0.6965779745828853,-0.0815482251395395
2025-03-12 13:35:00+05:30,-0.6941691269819679,-0.6956806099183804,-0.05400439786417297
2025-03-12 13:40:00+05:30,-0.6950667672795818,-0.6804407314819241,-0.058975381256065516
2025-03-12 13:45:00+05:30,-0.6798222077862012,-0.6920955286489685,-0.14661947633116523
2025-03-12 13:50:00+05:30,-0.6878922129984087,-0.684025812751336,-0.18516683174656037
2025-03-12 13:55:00+05:30,-0.683408390243498,-0.6607184071115508,-0.1524930707157996
2025-03-12 14:00:00+05:30,-0.6600938255379096,-0.6105141371739612,-0.12146747357325291
2025-03-12 14:05:00+05:30,-0.6125648664625396,-0.6158939477723828,-0.19575216904928094
2025-03-12 14:10:00+05:30,-0.6170486892174504,-0.6087215965392552,-0.19878547181943843
2025-03-12 14:15:00+05:30,-0.6080810437076288,-0.6203763937062996,-0.18262930272922961
2025-03-12 14:20:00+05:30,-0.6188417804460988,-0.6347189074782512,-0.14590987649410406
2025-03-12 14:25:00+05:30,-0.6340863399394795,-0.61858166437729,-0.15369844430568752
2025-03-12 14:30:00+05:30,-0.6179441401484849,-0.6176864884070888,-0.14121516397210734
2025-03-12 14:35:00+05:30,-0.615255597988802,-0.6383061774419668,-0.07350798591907837
2025-03-12 14:40:00+05:30,-0.6376747117633559,-0.6517535152437173,0.033119323997081895
2025-03-12 14:45:00+05:30,-0.6511261800280881,-0.6517535152437173,-0.10374261577658087
2025-03-12 14:50:00+05:30,-0.6502285397304741,-0.640993894046874,0.10325427962597618
2025-03-12 14:55:00+05:30,-0.6331908890084451,-0.6257540156104175,-0.032453377746067075
2025-03-12 15:00:00+05:30,-0.6296025171845687,-0.6813359074521252,0.48121742910447207
2025-03-12 15:05:00+05:30,-0.6807176587172356,-0.5647923131702883,4.6747708085777235
2025-03-12 15:10:00+05:30,-0.5641382670895556,-0.6275465562451236,0.506445122511671
2025-03-12 15:15:00+05:30,-0.6269117856583064,-0.613204042473172,0.6359518234409156
2025-03-12 15:20:00+05:30,-0.6143579576911881,-0.656235961177634,0.5274833384808606
2025-03-12 15:25:00+05:30,-0.6556100027829989,-0.6248588396402164,0.3293706330383095
2025-03-13 09:15:00+05:30,-0.4959854748348597,-0.5495524347338319,-0.3142818335657473
2025-03-13 09:20:00+05:30,-0.548893707596175,-0.5737572050381219,-0.0595563069893396
2025-03-13 09:25:00+05:30,-0.5731059125993772,-0.5540348806677488,-0.14384919856727843
2025-03-13 09:30:00+05:30,-0.5417191533150018,-0.5710694884332148,-0.11911160211420982
2025-03-13 09:35:00+05:30,-0.5704173704396943,-0.5047279753946639,-0.17786836088910718
2025-03-13 09:40:00+05:30,-0.5004692975897704,-0.5181753131964143,-0.17799514272666211
2025-03-13 09:45:00+05:30,-0.5121276746258544,-0.5074178806938747,-0.1762977799164118
2025-03-13 09:50:00+05:30,-0.5067462115733297,-0.5002455294607471,-0.23414057410117436
2025-03-13 09:55:00+05:30,-0.4995716572921565,-0.477833299791163,-0.02007606432148804
2025-03-13 10:00:00+05:30,-0.48163636627251344,-0.4706609485580354,-0.12409961590219183
2025-03-13 10:05:00+05:30,-0.4699779892364295,-0.46259342135470666,-0.20808217581805588
2025-03-13 10:10:00+05:30,-0.45742416126931124,-0.45093862418766223,-0.19651286007461052
2025-03-13 10:15:00+05:30,-0.4502496069881381,-0.43480138108670097,-0.22178407560514912
2025-03-13 10:20:00+05:30,-0.433211956266109,-0.431216299817289,-0.12528985136222243
2025-03-13 10:25:00+05:30,-0.4305212247398466,-0.4303189351527842,-0.2126501065024977
2025-03-13 10:30:00+05:30,-0.4305212247398466,-0.429423759182583,-0.22551373234874267
2025-03-13 10:35:00+05:30,-0.433211956266109,-0.44735354291825025,-0.2318301170317032
2025-03-13 10:40:00+05:30,-0.4439726930045789,-0.4177689620155386,-0.19194682165640087
2025-03-13 10:45:00+05:30,-0.41617211617750033,-0.42763121854787706,-0.22117665814462475
2025-03-13 10:50:00+05:30,-0.4269350422825498,-0.4419737323198286,-0.06810367356002046
2025-03-13 10:55:00+05:30,-0.4403865105472821,-0.45362852948687304,-0.21772327227092705
2025-03-13 11:00:00+05:30,-0.44935415605710366,-0.46886840792332946,-0.14251325860737124
2025-03-13 11:05:00+05:30,-0.4681848980077811,-0.4876955563235015,-0.20783239667541037
2025-03-13 11:10:00+05:30,-0.4852247380963898,-0.4679732319531283,-0.22248989090974597
2025-03-13 11:15:00+05:30,-0.46728944707674674,-0.4939705428921243,-0.22532829025799067
2025-03-13 11:20:00+05:30,-0.4923971030109834,-0.5029354347599578,0.01289289024149019
2025-03-13 11:25:00+05:30,-0.5013647485208049,-0.5092104213285806,-0.20866499381756215
2025-03-13 11:30:00+05:30,-0.508539302801978,-0.5056253400591687,-0.14436957178112328
2025-03-13 11:35:00+05:30,-0.5067462115733297,-0.5298301103634587,-0.18239844624890572
2025-03-13 11:40:00+05:30,-0.5309584165765319,-0.5029354347599578,-0.052100778034616865
2025-03-13 11:45:00+05:30,-0.5022623888184189,-0.5244502997650371,-0.07446358036632074
2025-03-13 11:50:00+05:30,-0.5228884113643243,-0.5504497993983367,0.0019953290104627193
2025-03-13 11:55:00+05:30,-0.5471006163675265,-0.5101077859930855,-0.06773846617721298
2025-03-13 12:00:00+05:30,-0.509436943099592,-0.5002455294607471,-0.21262739930771174
2025-03-13 12:05:00+05:30,-0.5004692975897704,-0.49486790755662907,-0.22556482353701107
2025-03-13 12:10:00+05:30,-0.49688092576589415,-0.5083152453583795,-0.23186607009011428
2025-03-13 12:15:00+05:30,-0.5076438518709436,-0.4966604481913351,-0.178237352804379
2025-03-13 12:20:00+05:30,-0.4941923836062113,-0.49128063759291346,-0.056810628686470896
2025-03-13 12:25:00+05:30,-0.49329474330859735,-0.4814205697548787,-0.1924331340780668
2025-03-13 12:30:00+05:30,-0.4744618119913403,-0.4616960566902018,-0.15788035267876804
2025-03-13 12:35:00+05:30,-0.45652652097169727,-0.4455610022835442,-0.22793204859344712
2025-03-13 12:40:00+05:30,-0.4457657842332273,-0.4374912863859118,-0.22886115131343923
2025-03-13 12:45:00+05:30,-0.4367981387234058,-0.4339062051164998,-0.21565880981163707
2025-03-13 12:50:00+05:30,-0.433211956266109,-0.42494131324866624,-0.2262460393805898
2025-03-13 12:55:00+05:30,-0.42513976168732187,-0.4204588673147494,-0.21297557629442976
2025-03-13 13:00:00+05:30,-0.4206559389324111,-0.45004344821746106,-0.20017250296761402
2025-03-13 13:05:00+05:30,-0.4520426982167865,-0.46886840792332946,-0.2102317902577932
2025-03-13 13:10:00+05:30,-0.4663918067791328,-0.4805232050903739,-0.20814272833748512
2025-03-13 13:15:00+05:30,-0.47805018381521663,-0.4832131103895847,-0.18401254934494088
2025-03-13 13:20:00+05:30,-0.48342945750116184,-0.48231574572507985,-0.1785344386028286
2025-03-13 13:25:00+05:30,-0.4852247380963898,-0.5020380700954531,-0.11004197006345193
2025-03-13 13:30:00+05:30,-0.5022623888184189,-0.4643859619894126,-0.20109971342137395
2025-03-13 13:35:00+05:30,-0.4637010752528704,-0.46976577258783425,-0.20984576794643192
2025-03-13 13:40:00+05:30,-0.46908253830539515,-0.4751433944919522,-0.2222628189618864
2025-03-13 13:45:00+05:30,-0.47625709258656823,-0.4679732319531283,-0.23789861483825034
2025-03-13 13:50:00+05:30,-0.46728944707674674,-0.46080088072000064,-0.24110032930307038
2025-03-13 13:55:00+05:30,-0.4601148927955736,-0.4930731782276194,-0.20765641591581918
2025-03-13 14:00:00+05:30,-0.4923971030109834,-0.47962584042586903,-0.21074648667294157
2025-03-13 14:05:00+05:30,-0.47894563474625107,-0.477833299791163,-0.22522232334898953
2025-03-13 14:10:00+05:30,-0.47805018381521663,-0.457213610756285,-0.20951083682333907
2025-03-13 14:15:00+05:30,-0.45383797881201443,-0.4652833266539175,0.05888820554667941
2025-03-13 14:20:00+05:30,-0.4645987155504844,-0.5119003266277915,-0.02744454902953127
2025-03-13 14:25:00+05:30,-0.5103323940306265,-0.5208652184956251,-0.1765589126564503
2025-03-13 14:30:00+05:30,-0.5219907710667103,-0.5056253400591687,0.005955842234380152
2025-03-13 14:35:00+05:30,-0.5049531203446812,-0.49845298882604105,-0.03098687141614065
2025-03-13 14:40:00+05:30,-0.4888109205536866,-0.4876955563235015,-0.06734298253469088
2025-03-13 14:45:00+05:30,-0.4870178293250382,-0.5136928672624975,0.011604256937387097
2025-03-13 14:50:00+05:30,-0.5121276746258544,-0.5396923668957971,-0.08232594656095855
2025-03-13 14:55:00+05:30,-0.5318560568741458,-0.5163827725617083,-0.1812347025161254
2025-03-13 15:00:00+05:30,-0.5166114973807652,-0.49845298882604105,0.10639922610383129
2025-03-13 15:05:00+05:30,-0.5013647485208049,-0.5127976912922964,0.24625473105677612
2025-03-13 15:10:00+05:30,-0.5121276746258544,-0.49576308352683024,0.25084726120223605
2025-03-13 15:15:00+05:30,-0.49329474330859735,-0.5145902319270023,0.5187088999623202
2025-03-13 15:20:00+05:30,-0.5166114973807652,-0.5172801372262131,0.1775995276214334
2025-03-13 15:25:00+05:30,-0.5166114973807652,-0.5154854078972034,0.2489190419116618
2025-03-17 09:15:00+05:30,-0.32201183832437424,-0.3505322730067865,-0.3142818335657473
2025-03-17 09:20:00+05:30,-0.34981241515145284,-0.3227402327387809,0.15683379798967523
2025-03-17 09:25:00+05:30,-0.3211163873933398,-0.29853546243449086,0.10739077360948478
2025-03-17 09:30:00+05:30,-0.29779963332117204,-0.31825778680486405,0.09730499459205529
2025-03-17 09:35:00+05:30,-0.3175280155694635,-0.39266682704674377,0.2537291826738205
2025-03-17 09:40:00+05:30,-0.38747608841938735,-0.3012253677337017,0.015263899830390592
2025-03-17 09:45:00+05:30,-0.3013880051450484,-0.2976402864642897,-0.12025831545090067
2025-03-17 09:50:00+05:30,-0.29779963332117204,-0.27074561086078885,-0.09296994411687616
2025-03-17 09:55:00+05:30,-0.26731051433441066,-0.24743601652670003,-0.0019197698238827981
2025-03-17 10:00:00+05:30,-0.2466844917885052,-0.23309131406044478,-0.08579636283074574
2025-03-17 10:05:00+05:30,-0.23233538322615893,-0.21874880028849322,-0.11100891810808729
2025-03-17 10:10:00+05:30,-0.21888391496142665,-0.21785143562398837,-0.14778511233017774
2025-03-17 10:15:00+05:30,-0.2197815552590406,-0.18737167875107558,-0.08533843440256225
2025-03-17 10:20:00+05:30,-0.18660170474601684,-0.19364666531969837,-0.15124985180126843
2025-03-17 10:25:00+05:30,-0.19377625902718998,-0.2115764490553656,-0.13622525791789317
2025-03-17 10:30:00+05:30,-0.2099162694516051,-0.2277136921563268,-0.17301659026984093
2025-03-17 10:35:00+05:30,-0.22785156047124816,-0.21247381371987042,-0.18828717876339737
2025-03-17 10:40:00+05:30,-0.21171155004683304,-0.2277136921563268,-0.14375080072320595
2025-03-17 10:45:00+05:30,-0.22695610954021375,-0.20171419252302716,-0.20396271223063675
2025-03-17 10:50:00+05:30,-0.19915553271313519,-0.19095676002048756,-0.1615305342406107
2025-03-17 10:55:00+05:30,-0.19018788720331364,-0.19095676002048756,-0.1945486877256252
2025-03-17 11:00:00+05:30,-0.19018788720331364,-0.18019932751794795,-0.12192918653390071
2025-03-17 11:05:00+05:30,-0.1803247907624577,-0.1434423953821087,-0.03571186019785199
2025-03-17 11:10:00+05:30,-0.14265892812794362,-0.15330465191444714,-0.1631011152133061
2025-03-17 11:15:00+05:30,-0.15252421393537913,-0.16854453035090353,0.22985445962261827
2025-03-17 11:20:00+05:30,-0.16776877342875982,-0.14523712471111835,-0.1687116845916698
2025-03-17 11:25:00+05:30,-0.14445420872317155,-0.1479248413160255,-0.20112809741485638
2025-03-17 11:30:00+05:30,-0.14624729995181995,-0.15778709784836395,-0.15459159396726851
2025-03-17 11:35:00+05:30,-0.15700803669028987,-0.14702966534582435,-0.04474743145643094
2025-03-17 11:40:00+05:30,-0.14893803147808232,-0.14164985474740271,-0.21347891911218514
2025-03-17 11:45:00+05:30,-0.14086583689929522,-0.14613230068131952,-0.19340197438893433
2025-03-17 11:50:00+05:30,-0.14355656842555758,-0.14254721941190754,-0.20537055830736614
2025-03-17 11:55:00+05:30,-0.14176347719690918,-0.1389599494481919,0.008459310459531974
2025-03-17 12:00:00+05:30,-0.13638201414438444,-0.13178978690936793,-0.16140942920175227
2025-03-17 12:05:00+05:30,-0.13100274045843927,-0.10937755723978392,-0.13070362505244115
2025-03-17 12:10:00+05:30,-0.10589289515762305,-0.09682539540823466,-0.19663774964593328
2025-03-17 12:15:00+05:30,-0.09602760935018755,-0.10489511130586711,-0.1642667512123186
2025-03-17 12:20:00+05:30,-0.10320216363136069,-0.09772276007273949,-0.19116342343628534
2025-03-17 12:25:00+05:30,-0.09602760935018755,-0.10489511130586711,-0.10209066735590246
2025-03-17 12:30:00+05:30,-0.10678834608865748,-0.12013498974232352,-0.15714993791315307
2025-03-17 12:35:00+05:30,-0.12023981435338978,-0.11654771977860787,-0.1179932727710014
2025-03-17 12:40:00+05:30,-0.12382818617726613,-0.11654771977860787,-0.15046645358115288
2025-03-17 12:45:00+05:30,-0.11575599159847902,-0.12103016571252467,-0.16142645959784174
2025-03-17 12:50:00+05:30,-0.12023981435338978,-0.12282489504153433,-0.14566766641638718
2025-03-17 12:55:00+05:30,-0.12203509494861772,-0.1219275303770295,-0.15854075359379297
2025-03-17 13:00:00+05:30,-0.12113745465100376,-0.1389599494481919,-0.1076160847538188
2025-03-17 13:05:00+05:30,-0.13817510537303285,-0.14702966534582435,-0.09963072125409038
2025-03-17 13:10:00+05:30,-0.1471427508828544,-0.12461743567624033,-0.14105242907614132
2025-03-17 13:15:00+05:30,-0.12382818617726613,-0.11565254380840671,-0.13719977502745717
2025-03-17 13:20:00+05:30,-0.11486054066744458,-0.10758282791077427,-0.022823634890588904
2025-03-17 13:25:00+05:30,-0.10678834608865748,-0.09951530070744548,0.1410068832238628
2025-03-17 13:30:00+05:30,-0.09602760935018755,-0.11923762507781868,-0.13292703787523283
2025-03-17 13:35:00+05:30,-0.11844672312474139,-0.12282489504153433,-0.14578309465654915
2025-03-17 13:40:00+05:30,-0.12113745465100376,-0.11027273320998508,-0.0770938304290275
2025-03-17 13:45:00+05:30,-0.11037671791253383,-0.14164985474740271,-0.1271196728087242
2025-03-17 13:50:00+05:30,-0.14445420872317155,-0.1524072872499423,-0.11862150516007956
2025-03-17 13:55:00+05:30,-0.15162657363776513,-0.14075467877720155,-0.09465216879726919
2025-03-17 14:00:00+05:30,-0.1390727456706468,-0.14433976004661353,-0.1493613701015696
2025-03-17 14:05:00+05:30,-0.14355656842555758,-0.09772276007273949,-0.10205660656372352
2025-03-17 14:10:00+05:30,-0.09871834087644991,-0.12282489504153433,-0.08817872601703912
2025-03-17 14:15:00+05:30,-0.12293054587965214,-0.1219275303770295,-0.12736945195136973
2025-03-17 14:20:00+05:30,-0.12113745465100376,-0.14164985474740271,-0.13993599199916507
2025-03-17 14:25:00+05:30,-0.14086583689929522,-0.1389599494481919,-0.1618692498961679
2025-03-17 14:30:00+05:30,-0.1390727456706468,-0.13806477347799073,0.003128796483528435
2025-03-17 14:35:00+05:30,-0.13817510537303285,-0.15420201657895197,-0.11865935048472283
2025-03-17 14:40:00+05:30,-0.15880112791893827,-0.15778709784836395,-0.08475940093552034
2025-03-17 14:45:00+05:30,-0.15700803669028987,-0.1613721791177759,-0.07002053925320172
2025-03-17 14:50:00+05:30,-0.16059421914758668,-0.1308924222448631,0.22543601797051735
2025-03-17 14:55:00+05:30,-0.13010510016082527,-0.1282025169456523,-0.1303100336761512
2025-03-17 15:00:00+05:30,-0.1274143686345629,-0.16226954378228076,0.29446778238606053
2025-03-17 15:05:00+05:30,-0.1623894997428146,-0.16944189501540835,0.3257545122686457
2025-03-17 15:10:00+05:30,-0.16956186465740822,-0.18647431408657075,0.31823843079449377
2025-03-17 15:15:00+05:30,-0.18660170474601684,-0.17302697628482033,0.33010104780392446
2025-03-17 15:20:00+05:30,-0.1722525961836706,-0.17571688158403115,0.46505369094933463
2025-03-17 15:25:00+05:30,-0.17494332770993296,-0.18199186815265395,0.2132233317081365
2025-03-18 09:15:00+05:30,0.07884147809133234,0.23577077967181,-0.3142818335657473
2025-03-18 09:20:00+05:30,0.22949836052964998,0.32631706301465097,0.44235028069584137
2025-03-18 09:25:00+05:30,0.3245540893138105,0.37920904955714774,0.5320020702432662
2025-03-18 09:30:00+05:30,0.3792576026703537,0.42493087356082065,0.3230410024917238
2025-03-18 09:35:00+05:30,0.42409583021946134,0.4087936304598594,0.005876367052629301
2025-03-18 09:40:00+05:30,0.41602363564067424,0.40341600855574145,0.17619546607716838
2025-03-18 09:45:00+05:30,0.4070559901308527,0.395346292658109,-0.049075044329388015
2025-03-18 09:50:00+05:30,0.39450216216373435,0.395346292658109,-0.06266530040878363
2025-03-18 09:55:00+05:30,0.39629525339238275,0.3756239682877358,-0.04386941992470724
2025-03-18 10:00:00+05:30,0.3783599623727397,0.40072610325653063,0.11701294740003429
2025-03-18 10:05:00+05:30,0.3989859849186451,0.40072610325653063,0.018321802061566212
2025-03-18 10:10:00+05:30,0.40616053919981826,0.4267234141955266,-0.07447682622994588
2025-03-18 10:15:00+05:30,0.4285796529743721,0.4563079950982383,0.001526046984886263
2025-03-18 10:20:00+05:30,0.46355259471604426,0.44465319793119384,-0.06346572902498862
2025-03-18 10:25:00+05:30,0.44830803522266355,0.43210322479394825,-0.0856752577918873
2025-03-18 10:30:00+05:30,0.43216583543166887,0.3980361979573198,-0.0634259914341132
2025-03-18 10:35:00+05:30,0.3989859849186451,0.38817394142498135,-0.0446414645474298
2025-03-18 10:40:00+05:30,0.38463687635629884,0.39086384672419217,-0.05533276875915149
2025-03-18 10:45:00+05:30,0.39450216216373435,0.33707449551719054,0.013810639364089309
2025-03-18 10:50:00+05:30,0.3397986488071912,0.34872929268423497,-0.05861774293818669
2025-03-18 10:55:00+05:30,0.35056157491224066,0.3388670361518965,-0.1291046600862633
2025-03-18 11:00:00+05:30,0.34248938033345355,0.34872929268423497,-0.09912737843633498
2025-03-18 11:05:00+05:30,0.3487662943170127,0.35948672518677455,-0.1448918372612003
2025-03-18 11:10:00+05:30,0.3595292204220622,0.367556441084407,-0.13639745414502003
2025-03-18 11:15:00+05:30,0.363115402879359,0.3603840898512794,-0.1587602564767239
2025-03-18 11:20:00+05:30,0.36221776258174504,0.35590164391736256,-0.16870979232543765
2025-03-18 11:25:00+05:30,0.35683848889579983,0.33797186018169534,-0.06558317493877917
2025-03-18 11:30:00+05:30,0.3397986488071912,0.34872929268423497,-0.06798067625492986
2025-03-18 11:35:00+05:30,0.35056157491224066,0.35500427925285777,-0.14913997495240652
2025-03-18 11:40:00+05:30,0.35504539766715143,0.32721442767915576,0.01867187131451639
2025-03-18 11:45:00+05:30,0.3272448208400729,0.322731981745239,-0.021351451761965987
2025-03-18 11:50:00+05:30,0.3236586383827761,0.32004207644602817,0.028303506436226727
2025-03-18 11:55:00+05:30,0.32186335778754815,0.34066176548090615,-0.11494861640345093
2025-03-18 12:00:00+05:30,0.3415939294024191,0.35948672518677455,-0.1160480230843377
2025-03-18 12:05:00+05:30,0.3595292204220622,0.36217663048598536,-0.14641889611055595
2025-03-18 12:10:00+05:30,0.35863158012444823,0.36127926582148057,-0.09241929464331669
2025-03-18 12:15:00+05:30,0.36221776258174504,0.35679681988756373,-0.1309723268574083
2025-03-18 12:20:00+05:30,0.35863158012444823,0.35948672518677455,-0.057005532108383695
2025-03-18 12:25:00+05:30,0.3658061344056214,0.3254196983501461,-0.0995323234100179
2025-03-18 12:30:00+05:30,0.31469099287295454,0.3074899146144789,-0.03754546617681806
2025-03-18 12:35:00+05:30,0.30841188952281584,0.3065947386442777,0.05582841104927162
2025-03-18 12:40:00+05:30,0.3075164385917814,0.2877675902441057,0.4183090382162088
2025-03-18 12:45:00+05:30,0.2940649703270491,0.20977346873281402,1.3008771470269502
2025-03-18 12:50:00+05:30,0.21156306951000692,0.23756550900081969,0.7758678809132896
2025-03-18 12:55:00+05:30,0.24922674277794143,0.25459792807198206,0.4467516919518528
2025-03-18 13:00:00+05:30,0.25460601646388664,0.27163034714314443,-0.11090673573155048
2025-03-18 13:05:00+05:30,0.2734389477811437,0.2967324821119393,-0.164770094030074
2025-03-18 13:10:00+05:30,0.29854879308195986,0.3236271577154401,-0.1701081770710062
2025-03-18 13:15:00+05:30,0.3272448208400729,0.35590164391736256,-0.08151984114605705
2025-03-18 13:20:00+05:30,0.35235466614088906,0.345144211414823,-0.1627529382265881
2025-03-18 13:25:00+05:30,0.3487662943170127,0.35231437395364695,-0.07967677383593016
2025-03-18 13:30:00+05:30,0.3532501170719235,0.36127926582148057,-0.11655325816832526
2025-03-18 13:35:00+05:30,0.363115402879359,0.3630739951504902,-0.12964206369619763
2025-03-18 13:40:00+05:30,0.3667015853366558,0.3639691711206914,-0.10958404163526846
2025-03-18 13:45:00+05:30,0.37387613961782895,0.35679681988756373,-0.14362212661941884
2025-03-18 13:50:00+05:30,0.3613223116507106,0.38996867075399105,-0.126247338075697
2025-03-18 13:55:00+05:30,0.39091597970643754,0.38996867075399105,-0.09015614422964958
2025-03-18 14:00:00+05:30,0.39270907093508595,0.391761211388697,-0.031034178071944727
2025-03-18 14:05:00+05:30,0.3936045218661204,0.393553752023403,-0.07081339880447807
2025-03-18 14:10:00+05:30,0.391811430637472,0.38817394142498135,-0.13473225986071646
2025-03-18 14:15:00+05:30,0.3891206991112096,0.4043111845259426,-0.0754097134824023
2025-03-18 14:20:00+05:30,0.4052628989022043,0.44106811666178186,0.18247400543548564
2025-03-18 14:25:00+05:30,0.4429265721701388,0.43479313009315906,0.06742800305243161
2025-03-18 14:30:00+05:30,0.43575420725554526,0.4392755760270759,0.055584308705322584
2025-03-18 14:35:00+05:30,0.4411334809414904,0.4554106304337334,-0.02080269455463868
2025-03-18 14:40:00+05:30,0.4527918579775743,0.4778228601033175,0.10906732149118131
2025-03-18 14:45:00+05:30,0.4787971542094249,0.47334041416940065,-0.048936908894440106
2025-03-18 14:50:00+05:30,0.47790170327839054,0.49844254913819547,0.19319180137445763
2025-03-18 14:55:00+05:30,0.5003208170529444,0.5065122650358279,0.20180350499703203
2025-03-18 15:00:00+05:30,0.5074953713341175,0.5351994812740347,0.7365711880699579
2025-03-18 15:05:00+05:30,0.5361913990922305,0.5504393597104912,0.7627469068594706
2025-03-18 15:10:00+05:30,0.5523335988832252,0.5594042515783247,0.43251617308728957
2025-03-18 15:15:00+05:30,0.5586105128667843,0.580919116583404,0.40184632199638953
2025-03-18 15:20:00+05:30,0.5810296266413382,0.6158835080845373,0.3532283256934222
2025-03-18 15:25:00+05:30,0.6160025683830103,0.5862989271818256,0.1988591387397862
2025-03-19 09:15:00+05:30,0.5254306623537606,0.5172696975383675,-0.3142818335657473
2025-03-19 09:20:00+05:30,0.5191515590036219,0.5253372247416963,0.1521031324092674
2025-03-19 09:25:00+05:30,0.526326113284795,0.5414744678426575,0.09701926239099866
2025-03-19 09:30:00+05:30,0.5397775815495273,0.5118898869399459,0.03670327624079887
2025-03-19 09:35:00+05:30,0.5128746450200626,0.4966500085034895,-0.007303267254386905
2025-03-19 09:40:00+05:30,0.4949393540004196,0.4939601032042787,0.21959648437806195
2025-03-19 09:45:00+05:30,0.4958369942980336,0.5235446841069903,-0.06940176819528436
2025-03-19 09:50:00+05:30,0.526326113284795,0.575541494679286,-0.057915712166054165
2025-03-19 09:55:00+05:30,0.573855072360165,0.5594042515783247,-0.07469822137910898
2025-03-19 10:00:00+05:30,0.5604036040954327,0.5450595491120696,-0.16049357234538533
2025-03-19 10:05:00+05:30,0.545159044602052,0.5011324544374063,-0.11786649093344648
2025-03-19 10:10:00+05:30,0.5021139082815927,0.5047175357068183,-0.16778068960544554
2025-03-19 10:15:00+05:30,0.5083908222651519,0.5603016162428296,-0.15707424726386654
2025-03-19 10:20:00+05:30,0.5684736093076402,0.5764366706494871,-0.15178725541120275
2025-03-19 10:25:00+05:30,0.5774412548174618,0.5764366706494871,-0.1804967186855818
2025-03-19 10:30:00+05:30,0.5774412548174618,0.5432670084773635,-0.151210114210393
2025-03-19 10:35:00+05:30,0.5433659533734037,0.5459569137765744,-0.18232654013208352
2025-03-19 10:40:00+05:30,0.5469521358307005,0.5585068869138199,-0.11158038251020055
2025-03-19 10:45:00+05:30,0.5577128725691703,0.53430211660953,-0.12259526424762214
2025-03-19 10:50:00+05:30,0.5352937587946165,0.5405771031781528,-0.15868078129497304
2025-03-19 10:55:00+05:30,0.5415706727781757,0.5450595491120696,-0.1241317844281386
2025-03-19 11:00:00+05:30,0.5460544955330865,0.5450595491120696,-0.15389145546136815
2025-03-19 11:05:00+05:30,0.5460544955330865,0.5298196706756131,-0.1567733769329526
2025-03-19 11:10:00+05:30,0.5299144851086713,0.5531292650097019,-0.1240750164411737
2025-03-19 11:15:00+05:30,0.5541266901118735,0.6122962381208216,-0.012128546146402889
2025-03-19 11:20:00+05:30,0.6142094771543619,0.599746264983576,-0.041301614647661876
2025-03-19 11:25:00+05:30,0.6106232946970651,0.5925739137504484,-0.10073958926613798
2025-03-19 11:30:00+05:30,0.5962741861347188,0.5782313999784968,-0.16792450183908994
2025-03-19 11:35:00+05:30,0.5792365354126897,0.5746441300147812,-0.19048409985893877
2025-03-19 11:40:00+05:30,0.5774412548174618,0.5674717787816536,-0.15333891372157651
2025-03-19 11:45:00+05:30,0.5684736093076402,0.5952638190496592,-0.1399189616030756
2025-03-19 11:50:00+05:30,0.5953765458371049,0.6078137921869048,-0.18126119424337567
2025-03-19 11:55:00+05:30,0.6088280141018372,0.6051260755819976,-0.1718679846669179
2025-03-19 12:00:00+05:30,0.6061394719421543,0.6087111568514096,-0.17285574764010705
2025-03-19 12:05:00+05:30,0.6097256543994511,0.5925739137504484,-0.09833451888505863
2025-03-19 12:10:00+05:30,0.5980672773633673,0.6051260755819976,0.02612929253547129
2025-03-19 12:15:00+05:30,0.6061394719421543,0.6382957377541213,-0.1761123378256598
2025-03-19 12:20:00+05:30,0.6384216821575641,0.6320207511854985,-0.04921696429680025
2025-03-19 12:25:00+05:30,0.6339378594026533,0.62215849465316,-0.11192099043198991
2025-03-19 12:30:00+05:30,0.6222794823665695,0.6329159271556997,-0.1767632774095239
2025-03-19 12:35:00+05:30,0.6366285909289158,0.618573413383748,-0.11934624312699804
2025-03-19 12:40:00+05:30,0.6186932999092727,0.6194685893539492,-0.17859499112225782
2025-03-19 12:45:00+05:30,0.6195909402068867,0.6436733596582392,-0.1612391252408576
2025-03-19 12:50:00+05:30,0.6455962364387373,0.6311233865209936,-0.08680683299872084
2025-03-19 12:55:00+05:30,0.631247127876391,0.6248483999523708,-0.1111111004846241
2025-03-19 13:00:00+05:30,0.6249702138928318,0.6167786840547383,-0.12762301562647957
2025-03-19 13:05:00+05:30,0.6186932999092727,0.6131936027853264,-0.11720419775218938
2025-03-19 13:10:00+05:30,0.6124163859257135,0.640985643053332,0.10469240196242015
2025-03-19 13:15:00+05:30,0.6420100539814405,0.640985643053332,-0.0008809156624252394
2025-03-19 13:20:00+05:30,0.6438031452100889,0.6589154267889993,-0.03015427427398887
2025-03-19 13:25:00+05:30,0.660840795932118,0.6517430755558716,-0.05573960599906656
2025-03-19 13:30:00+05:30,0.6527707907199104,0.6400882783888272,-0.13761796586476524
2025-03-19 13:35:00+05:30,0.6420100539814405,0.6526382515260728,0.009473565159971413
2025-03-19 13:40:00+05:30,0.6554615222461728,0.6669829539923281,-0.16912041409781703
2025-03-19 13:45:00+05:30,0.6662222589846427,0.6625005080584113,-0.13036869392934827
2025-03-19 13:50:00+05:30,0.6626338871607663,0.64636326495745,-0.11435255254031954
2025-03-19 13:55:00+05:30,0.6500800591936481,0.6499505349211657,-0.14045068841431343
2025-03-19 14:00:00+05:30,0.6527707907199104,0.6427781836880381,-0.11817114579682474
2025-03-19 14:05:00+05:30,0.6473893276673857,0.623951035287866,-0.12449320727848176
2025-03-19 14:10:00+05:30,0.6249702138928318,0.6096085215159145,-0.12356599682472182
2025-03-19 14:15:00+05:30,0.6124163859257135,0.6391909137243225,-0.036171680892267626
2025-03-19 14:20:00+05:30,0.6402147733862126,0.6436733596582392,-0.07286083086767857
2025-03-19 14:25:00+05:30,0.6446985961411233,0.625743575922572,-0.031157175377035332
2025-03-19 14:30:00+05:30,0.6258678541904458,0.6418808190235332,-0.01156654307545044
2025-03-19 14:35:00+05:30,0.6429055049124749,0.6535356161905777,0.04024370636117608
2025-03-19 14:40:00+05:30,0.650977699491262,0.6607079674237053,-0.06961748654575096
2025-03-19 14:45:00+05:30,0.6653246186870287,0.6633978727229161,-0.051773415976452644
2025-03-19 14:50:00+05:30,0.6590477047034696,0.6472606296219549,-0.06995620220130816
2025-03-19 14:55:00+05:30,0.6482869679649996,0.6633978727229161,0.011337447398652096
2025-03-19 15:00:00+05:30,0.6653246186870287,0.6275383052515817,0.28654864820445786
2025-03-19 15:05:00+05:30,0.6285585857167082,0.6069186162167036,0.28082075831970005
2025-03-19 15:10:00+05:30,0.6097256543994511,0.6087111568514096,0.31237429774102027
2025-03-19 15:15:00+05:30,0.603448740415892,0.623951035287866,0.3828441844930074
2025-03-19 15:20:00+05:30,0.6222794823665695,0.6365031971194153,0.592469437692039
2025-03-19 15:25:00+05:30,0.6375262312265297,0.6669829539923281,0.4278744440197934
2025-03-20 09:15:00+05:30,0.7209235829746063,0.7449770755036197,-0.3142818335657473
2025-03-20 09:20:00+05:30,0.7442403370467742,0.7270472917679526,0.3246153679968835
2025-03-20 09:25:00+05:30,0.7361703318345666,0.7037398861281673,0.0626557076149162
2025-03-20 09:30:00+05:30,0.709267395305102,0.6813276564585833,-0.09570237655611973
2025-03-20 09:35:00+05:30,0.6931251955141073,0.6589154267889993,-0.06687559277534659
2025-03-20 09:40:00+05:30,0.6599453450010836,0.6490531702566609,-0.1256304592840118
2025-03-20 09:45:00+05:30,0.6500800591936481,0.580919116583404,-0.05210267030084902
2025-03-20 09:50:00+05:30,0.5899972721511597,0.5880914678165315,-0.05145551524944923
2025-03-20 09:55:00+05:30,0.5890996318535457,0.5854015625173208,-0.06341842236918455
2025-03-20 10:00:00+05:30,0.5837203581676005,0.6311233865209936,-0.11592313351301493
2025-03-20 10:05:00+05:30,0.631247127876391,0.667880318656833,-0.17244891040019197
2025-03-20 10:10:00+05:30,0.6617384362297319,0.6732579405609509,-0.17505077646941627
2025-03-20 10:15:00+05:30,0.6742922641968503,0.7055324267628733,-0.09053459747608221
2025-03-20 10:20:00+05:30,0.708369755007488,0.6759478458601617,-0.1464983712923068
2025-03-20 10:25:00+05:30,0.6769829957231126,0.6553281568252837,-0.11743694649874545
2025-03-20 10:30:00+05:30,0.6563569731772072,0.6580180621244944,-0.10183142688209611
2025-03-20 10:35:00+05:30,0.6563569731772072,0.6840153730634905,-0.05836796379554115
2025-03-20 10:40:00+05:30,0.6850530009353202,0.7001526161644517,-0.12771195213939124
2025-03-20 10:45:00+05:30,0.6994021094976665,0.7100148726967901,-0.17586445094924644
2025-03-20 10:50:00+05:30,0.707472114709874,0.6983600755297457,-0.1871272195630814
2025-03-20 10:55:00+05:30,0.6994021094976665,0.6723627645907497,-0.13007160813089866
2025-03-20 11:00:00+05:30,0.6742922641968503,0.6867052783627012,-0.13399427603017283
2025-03-20 11:05:00+05:30,0.689536823690231,0.6920850889611229,-0.21879807949079572
2025-03-20 11:10:00+05:30,0.6940206464451417,0.7046350620983685,-0.20900938627181584
2025-03-20 11:15:00+05:30,0.7065766637788397,0.6786377511593725,-0.19088715256638952
2025-03-20 11:20:00+05:30,0.6787760869517611,0.6660855893278232,-0.10816862649361043
2025-03-20 11:25:00+05:30,0.668912990510905,0.667880318656833,-0.2231256923637528
2025-03-20 11:30:00+05:30,0.6707060817395535,0.6669829539923281,-0.2177251645371592
2025-03-20 11:35:00+05:30,0.6653246186870287,0.6499505349211657,-0.18675444311534525
2025-03-20 11:40:00+05:30,0.6500800591936481,0.6472606296219549,-0.20270057065378394
2025-03-20 11:45:00+05:30,0.6500800591936481,0.6284334812217828,-0.19372744418086638
2025-03-20 11:50:00+05:30,0.631247127876391,0.6499505349211657,-0.2395638091225539
2025-03-20 11:55:00+05:30,0.650977699491262,0.6436733596582392,-0.16638230485987698
2025-03-20 12:00:00+05:30,0.6429055049124749,0.6454680889872488,-0.21181940162657809
2025-03-20 12:05:00+05:30,0.6464938767363513,0.6472606296219549,-0.22478710211559202
2025-03-20 12:10:00+05:30,0.6500800591936481,0.6418808190235332,-0.1851081714933633
2025-03-20 12:15:00+05:30,0.6438031452100889,0.6517430755558716,-0.22034216873624082
2025-03-20 12:20:00+05:30,0.6572546134748212,0.6382957377541213,-0.17234672802365517
2025-03-20 12:25:00+05:30,0.6429055049124749,0.64636326495745,-0.18969502484012676
2025-03-20 12:30:00+05:30,0.6491824188960341,0.6391909137243225,-0.18298315651464414
2025-03-20 12:35:00+05:30,0.6455962364387373,0.6445707243227441,-0.18350163746225684
2025-03-20 12:40:00+05:30,0.6464938767363513,0.6454680889872488,-0.18561151431111872
2025-03-20 12:45:00+05:30,0.6455962364387373,0.6553281568252837,-0.136942426819883
2025-03-20 12:50:00+05:30,0.6536662416509449,0.6499505349211657,-0.04329227872389749
2025-03-20 12:55:00+05:30,0.6545638819485589,0.6544329808550825,-0.09654632729566448
2025-03-20 13:00:00+05:30,0.6545638819485589,0.6445707243227441,-0.16792450183908994
2025-03-20 13:05:00+05:30,0.6500800591936481,0.6750504811956568,-0.12134636853439447
2025-03-20 13:10:00+05:30,0.6742922641968503,0.7028425214636626,-0.15522739542127534
2025-03-20 13:15:00+05:30,0.7029882919549633,0.7387020889349969,-0.08461369643564377
2025-03-20 13:20:00+05:30,0.7388588739942494,0.7395994535995017,-0.028873210034814432
2025-03-20 13:25:00+05:30,0.7406541545894774,0.7333222783365753,-0.1148010196373422
2025-03-20 13:30:00+05:30,0.7343750512393387,0.7288398324026585,-0.1483925297907021
2025-03-20 13:35:00+05:30,0.7280981372557794,0.7395994535995017,-0.09805257121646634
2025-03-20 13:40:00+05:30,0.7406541545894774,0.7458744401681245,-0.026600598289986514
2025-03-20 13:45:00+05:30,0.7424472458181257,0.7539419673714534,-0.021353344028198152
2025-03-20 13:50:00+05:30,0.7532079825565957,0.7942839807767046,0.01682312720569301
2025-03-20 13:55:00+05:30,0.7944600276484065,0.7960765214114106,-0.0504053074905987
2025-03-20 14:00:00+05:30,0.8016323925630001,0.7772515617055422,0.025805715009771395
2025-03-20 14:05:00+05:30,0.7783178278574119,0.7655967645384978,-0.0007617028897989621
2025-03-20 14:10:00+05:30,0.7648663595926796,0.7440818995334186,-0.08418036746847841
2025-03-20 14:15:00+05:30,0.7487241598016849,0.7422871702044089,-0.12481489253794949
2025-03-20 14:20:00+05:30,0.7433426967491602,0.7378047242704922,-0.12080518039199581
2025-03-20 14:25:00+05:30,0.737065782765601,0.761114318604581,-0.05412171837056708
2025-03-20 14:30:00+05:30,0.7693501823475903,0.7736642917418266,0.017186442322268333
2025-03-20 14:35:00+05:30,0.7801109190860602,0.7736642917418266,-0.0015432088436823353
2025-03-20 14:40:00+05:30,0.7783178278574119,0.7691818458079097,0.15016355952130017
2025-03-20 14:45:00+05:30,0.7684525420499764,0.7745616564063313,0.23774520981073852
2025-03-20 14:50:00+05:30,0.7765247366287634,0.7673893051732038,0.28169120078649507
2025-03-20 14:55:00+05:30,0.7684525420499764,0.7664941292030026,0.16198454667362328
2025-03-20 15:00:00+05:30,0.7675570911189419,0.7736642917418266,0.33648555407124286
2025-03-20 15:05:00+05:30,0.7738340051025011,0.7844239129386699,0.5262022742416862
2025-03-20 15:10:00+05:30,0.783697101543357,0.7673893051732038,0.3704460561398746
2025-03-20 15:15:00+05:30,0.7675570911189419,0.7602169539400762,0.18394051176541207
2025-03-20 15:20:00+05:30,0.7612779877688032,0.7664941292030026,0.26494464463185136
2025-03-20 15:25:00+05:30,0.7684525420499764,0.712704777996001,0.06651971526099332
2025-03-21 09:15:00+05:30,0.6590477047034696,0.7682866698377085,-0.3142818335657473
2025-03-21 09:20:00+05:30,0.7451379773443881,0.7378047242704922,0.11127370391788352
2025-03-21 09:25:00+05:30,0.737065782765601,0.7521494267367473,-0.04737011245420904
2025-03-21 09:30:00+05:30,0.7585894456091204,0.7584244133053701,0.3483292484183519
2025-03-21 09:35:00+05:30,0.7648663595926796,0.7781467376757434,-0.06594838232158666
2025-03-21 09:40:00+05:30,0.7756270963311495,0.8193861157454995,-0.10919045025897851
2025-03-21 09:45:00+05:30,0.8123953186680496,0.804146237309043,-0.09782171473614243
2025-03-21 09:50:00+05:30,0.8123953186680496,0.8409009807505786,-0.03487358625700372
2025-03-21 09:55:00+05:30,0.8312260606187271,0.8669004803838782,0.029813534889492906
2025-03-21 10:00:00+05:30,0.872478105710538,0.8435908860497894,-0.06079006457270996
2025-03-21 10:05:00+05:30,0.8500589919359841,0.8776579128864179,-0.1207389510738701
2025-03-21 10:10:00+05:30,0.8778573793964831,0.8848302641195455,-0.1333792895047198
2025-03-21 10:15:00+05:30,0.8913088476612154,0.9027600478552127,-0.11461179301412588
2025-03-21 10:20:00+05:30,0.9038648649949134,0.9287573587942087,0.027688519910773708
2025-03-21 10:25:00+05:30,0.9235932472432048,0.9968914124674656,-0.11485400309184277
2025-03-21 10:30:00+05:30,1.0069927883578609,0.9870291559351272,-0.02102030517133744
2025-03-21 10:35:00+05:30,0.9800898518283964,0.9628243856308372,-0.13038761659166992
2025-03-21 10:40:00+05:30,0.9585661889848769,0.9610318449961311,-0.09134827195591236
2025-03-21 10:45:00+05:30,0.9621545608087533,1.0596456555423008,0.005666325500859193
2025-03-21 10:50:00+05:30,1.0599010211191762,1.087435507116003,0.6586703718242661
2025-03-21 10:55:00+05:30,1.08232013489373,1.0847477905110958,0.017712492334809683
2025-03-21 11:00:00+05:30,1.0832177751913439,1.1071600201806797,0.04559881979819774
2025-03-21 11:05:00+05:30,1.1101207117208085,1.103572750216964,0.16031556785685538
2025-03-21 11:10:00+05:30,1.1047392486682839,1.106262655516175,-0.013763464170991833
2025-03-21 11:15:00+05:30,1.1038437977372495,1.1412248583230045,0.19472642928874193
2025-03-21 11:20:00+05:30,1.1433005622338324,1.1152275473840085,-0.00786148579287503
2025-03-21 11:25:00+05:30,1.1154999854067538,1.12060735798243,0.009394089978220561
2025-03-21 11:30:00+05:30,1.122674539687927,1.1215025339526312,-0.07990573805002191
2025-03-21 11:35:00+05:30,1.122674539687927,1.1080551961508809,-0.03368335079697311
2025-03-21 11:40:00+05:30,1.1101207117208085,1.0686105474101344,0.04131472904858041
2025-03-21 11:45:00+05:30,1.0590055701881418,1.058748290877796,-0.0243582628048732
2025-03-21 11:50:00+05:30,1.0599010211191762,1.079367979912674,-0.04593577465022938
2025-03-21 11:55:00+05:30,1.0805270436650816,1.061438196177007,-0.03584621110033557
2025-03-21 12:00:00+05:30,1.0607986614167901,1.0856429664812968,-0.07767475616230157
2025-03-21 12:05:00+05:30,1.089494689174903,1.0990903042830473,-0.12895895558638676
2025-03-21 12:10:00+05:30,1.1020485171420216,1.1188126286534206,-0.10094773855167592
2025-03-21 12:15:00+05:30,1.11908835723063,1.130467425820465,-0.09342219574636315
2025-03-21 12:20:00+05:30,1.1316421851977485,1.1761892498241378,-0.005123376554934979
2025-03-21 12:25:00+05:30,1.1809642355017669,1.1582594660884706,0.163106660549296
2025-03-21 12:30:00+05:30,1.1603382129558615,1.171706803890221,-0.04103669737515904
2025-03-21 12:35:00+05:30,1.1728942302895593,1.1842567770274666,-0.0352955616267761
2025-03-21 12:40:00+05:30,1.1854480582566775,1.171706803890221,-0.0057894542686564
2025-03-21 12:45:00+05:30,1.1737896812205937,1.1564669254537645,-0.024774561375949092
2025-03-21 12:50:00+05:30,1.159442762024827,1.1806716957580545,0.008574738699693924
2025-03-21 12:55:00+05:30,1.1818618757993808,1.1761892498241378,0.07359868323551559
2025-03-21 13:00:00+05:30,1.1782735039755046,1.1591546420586718,0.06147682575227857
2025-03-21 13:05:00+05:30,1.166617316306,1.1403296823528033,0.14995919476822656
2025-03-21 13:10:00+05:30,1.141507471005184,1.1313647904849697,0.10534901834498075
2025-03-21 13:15:00+05:30,1.1343329167240108,1.1259849798865482,0.0811791017615611
2025-03-21 13:20:00+05:30,1.118190716933016,1.1170200880187144,0.015180640116175415
2025-03-21 13:25:00+05:30,1.118190716933016,1.132259966455171,0.007424240830538741
2025-03-21 13:30:00+05:30,1.1334352764263969,1.0946078583491305,-0.046287736169411724
2025-03-21 13:35:00+05:30,1.0930808716322,1.0910227770797185,0.0037229680804276577
2025-03-21 13:40:00+05:30,1.0921854207011654,1.0937126823789294,0.015515571239268288
2025-03-21 13:45:00+05:30,1.094876152227428,1.0533706689736781,0.03551304078076825
2025-03-21 13:50:00+05:30,1.0554171983642655,1.0318536152742952,0.15172467916283477
2025-03-21 13:55:00+05:30,1.0365864564135878,1.036336061208212,0.11340818022776353
2025-03-21 14:00:00+05:30,1.0312049933610632,1.033646155909001,0.08854190967090783
2025-03-21 14:05:00+05:30,1.0338957248873255,1.060540831512502,0.04571235577212753
2025-03-21 14:10:00+05:30,1.0599010211191762,1.0479908583752564,0.06061773688287651
2025-03-21 14:15:00+05:30,1.0455541019234094,1.0730929933440514,0.09614692765797145
2025-03-21 14:20:00+05:30,1.072457038452874,1.0739881693142523,0.08960914782584783
2025-03-21 14:25:00+05:30,1.0733524893839084,1.0730929933440514,0.12770235934552382
2025-03-21 14:30:00+05:30,1.0742501296815223,1.0300610746395893,0.15033954028089136
2025-03-21 14:35:00+05:30,1.0312049933610632,1.079367979912674,0.2980214583700629
2025-03-21 14:40:00+05:30,1.0814246839626955,1.0533706689736781,0.23646793010402842
2025-03-21 14:45:00+05:30,1.054521747433231,1.030958439304094,0.25429497027723724
2025-03-21 14:50:00+05:30,1.0338957248873255,1.05695575024309,0.23809717132992086
2025-03-21 14:55:00+05:30,1.0572102895929139,1.0739881693142523,0.2064641567268498
2025-03-21 15:00:00+05:30,1.070661757857646,1.1457073042569212,18.38349978450283
2025-03-21 15:05:00+05:30,1.1433005622338324,1.2245987904327178,15.017284939322176
2025-03-21 15:10:00+05:30,1.2258024630508746,1.1421222229875094,14.586194523109468
2025-03-21 15:15:00+05:30,1.1433005622338324,1.1143301827195038,14.345167111787688
2025-03-21 15:20:00+05:30,1.1154999854067538,1.1295722498502638,13.382631832005734
2025-03-21 15:25:00+05:30,1.1352305570216248,1.152879655490049,11.665426718044943
2025-03-24 09:15:00+05:30,1.3092020041655308,1.2945253847406808,-0.3142818335657473
2025-03-24 09:20:00+05:30,1.2867828903909768,1.2990078306745976,0.046864745907514875
2025-03-24 09:25:00+05:30,1.3011319989533232,1.2398386688691743,-0.09420370170024653
2025-03-24 09:30:00+05:30,1.227595554279523,1.2245987904327178,-0.12782359584708886
2025-03-24 09:35:00+05:30,1.22490701211984,1.2703206144363908,-0.1647436023028237
2025-03-24 09:40:00+05:30,1.2742290624238586,1.3025929119440094,-0.04953675729003582
2025-03-24 09:45:00+05:30,1.3100996444631448,1.357279627815516,0.02363528564148028
2025-03-24 09:50:00+05:30,1.3639055175220738,1.377899316850394,-0.024685624863037426
2025-03-24 09:55:00+05:30,1.3836338997703652,1.4110689790225177,-0.19690645145090044
2025-03-24 10:00:00+05:30,1.4141230187571268,1.4110689790225177,-0.18811876706873487
2025-03-24 10:05:00+05:30,1.4096391960022159,1.4137588843217284,-0.21779896292021358
2025-03-24 10:10:00+05:30,1.4150206590547407,1.423618952159763,-0.18745836615370992
2025-03-24 10:15:00+05:30,1.4239883045645623,1.4433434652244401,-0.10115588783721387
2025-03-24 10:20:00+05:30,1.449993600796413,1.4532035330624749,-0.19490632604350402
2025-03-24 10:25:00+05:30,1.4517866920250613,1.5025104383355596,-0.0014769795255566256
2025-03-24 10:30:00+05:30,1.503799473855342,1.515062600167109,-0.1840920245266917
2025-03-24 10:35:00+05:30,1.522632405172599,1.5634721407756889,-0.0671367255153851
2025-03-24 10:40:00+05:30,1.5647799011954444,1.565264681410395,-0.09525958625779354
2025-03-24 10:45:00+05:30,1.5665729924240928,1.5796093838766503,-0.19199412831220497
2025-03-24 10:50:00+05:30,1.5782313694601766,1.5948492623131065,-0.1785703916612397
2025-03-24 10:55:00+05:30,1.5871990149699982,1.661188586657354,-0.0077744415461955246
2025-03-24 11:00:00+05:30,1.6643216421010951,1.6585008700524466,-0.02118871686599996
2025-03-24 11:05:00+05:30,1.6562494475223082,1.608296600114857,-0.10728493816319025
2025-03-24 11:10:00+05:30,1.6132043112018488,1.6253290191860195,-0.07573139874187004
2025-03-24 11:15:00+05:30,1.627553419764195,1.5437498164053158,-0.07136026374557321
2025-03-24 11:20:00+05:30,1.545051518947153,1.5634721407756889,-0.10222312599215387
2025-03-24 11:25:00+05:30,1.5647799011954444,1.5464397217045265,-0.1221865347414749
2025-03-24 11:30:00+05:30,1.5468446101758013,1.5240274920349426,-0.13849408513025677
2025-03-24 11:35:00+05:30,1.526218587629896,1.493545546467726,-0.16697836872300836
2025-03-24 11:40:00+05:30,1.4876572740643474,1.5016152623653585,-0.16866248566963354
2025-03-24 11:45:00+05:30,1.5020063826266936,1.5087854249041825,-0.20567142863828006
2025-03-24 11:50:00+05:30,1.5100763878389012,1.4917530058330202,-0.19712595433383137
2025-03-24 11:55:00+05:30,1.492141096819258,1.4666508708642252,-0.1898464061386998
2025-03-24 12:00:00+05:30,1.4697219830447044,1.4137588843217284,-0.17752018390238916
2025-03-24 12:05:00+05:30,1.4150206590547407,1.4101716143580127,-0.19933422902676573
2025-03-24 12:10:00+05:30,1.4114322872308642,1.4307913033928907,-0.19624037373717904
2025-03-24 12:15:00+05:30,1.4311628588457352,1.423618952159763,-0.1388819997078502
2025-03-24 12:20:00+05:30,1.4257813957932106,1.4406535599252293,-0.08030500622500833
2025-03-24 12:25:00+05:30,1.4410259552865914,1.489960465198314,-0.19433107710892641
2025-03-24 12:30:00+05:30,1.4912456458882237,1.5025104383355596,-0.13074336264331657
2025-03-24 12:35:00+05:30,1.5002132913980453,1.4702381408279408,-0.1512366059376433
2025-03-24 12:40:00+05:30,1.4733103548685806,1.4989253570661476,-0.1761331527542136
2025-03-24 12:45:00+05:30,1.497522559871783,1.475615762732059,-0.055270323973490104
2025-03-24 12:50:00+05:30,1.4768965373258773,1.4765131273965637,-0.11111299275085626
2025-03-24 12:55:00+05:30,1.4768965373258773,1.445136005859146,-0.12023939278857904
2025-03-24 13:00:00+05:30,1.456270514779972,1.4845806545998925,-0.11919296956219283
2025-03-24 13:05:00+05:30,1.4885549143619614,1.493545546467726,-0.18088841779563955
2025-03-24 13:10:00+05:30,1.498420200169397,1.4890631005338093,-0.1780216344539124
2025-03-24 13:15:00+05:30,1.4903480055906098,1.4702381408279408,-0.20155574958332526
2025-03-24 13:20:00+05:30,1.4733103548685806,1.447825911158357,-0.1977295872618914
2025-03-24 13:25:00+05:30,1.4490981498653783,1.471133316798142,-0.16426107441362212
2025-03-24 13:30:00+05:30,1.4715172636399323,1.4523083570922737,-0.17885044706359984
2025-03-24 13:35:00+05:30,1.4544774235513236,1.4666508708642252,-0.22900496354708363
2025-03-24 13:40:00+05:30,1.4652381602897935,1.4541008977269796,-0.20832438589577276
2025-03-24 13:45:00+05:30,1.4553750638489376,1.4612732489601072,-0.2153238786885442
2025-03-24 13:50:00+05:30,1.4598588866038484,1.4594785196310975,-0.2134051207291308
2025-03-24 13:55:00+05:30,1.4634450690611451,1.4792030326957746,-0.21015420734227452
2025-03-24 14:00:00+05:30,1.4804849091497538,1.4765131273965637,-0.2093802704533198
2025-03-24 14:05:00+05:30,1.4768965373258773,1.471133316798142,-0.2286927396187767
2025-03-24 14:10:00+05:30,1.474205805799615,1.4800982086659757,-0.13426676236760432
2025-03-24 14:15:00+05:30,1.475103446097229,1.471133316798142,-0.09848211565116737
2025-03-24 14:20:00+05:30,1.4724127145709667,1.4648583302295193,-0.11710390764188473
2025-03-24 14:25:00+05:30,1.4688265321136698,1.4684434114989313,-0.14597799807846196
2025-03-24 14:30:00+05:30,1.4697219830447044,1.4549960736971808,0.03872989337544558
2025-03-24 14:35:00+05:30,1.4526843323226752,1.4845806545998925,0.005550897260697242
2025-03-24 14:40:00+05:30,1.4876572740643474,1.4379636546260184,-0.15587833500513945
2025-03-24 14:45:00+05:30,1.4347490413030322,1.420931235554856,-0.17722688263640388
2025-03-24 14:50:00+05:30,1.4221952133359137,1.4397561952607245,-0.1989614525790296
2025-03-24 14:55:00+05:30,1.4419235955842054,1.450513627763264,-0.1677106757548555
2025-03-24 15:00:00+05:30,1.449993600796413,1.4012067224901792,0.20528338259798
2025-03-24 15:05:00+05:30,1.4015691907900083,1.3931391952868504,0.07422502335836158
2025-03-24 15:10:00+05:30,1.3952922768064493,1.3841743034190168,0.20147992747133212
2025-03-24 15:15:00+05:30,1.3872200822276621,1.42810139809368,0.3182232926646365
2025-03-24 15:20:00+05:30,1.427574487021859,1.4541008977269796,0.2661538027542036
2025-03-24 15:25:00+05:30,1.457168155077586,1.5078902489339814,0.010533234249982766
2025-03-25 09:15:00+05:30,1.3316211179400845,1.4074838977531057,-0.3142818335657473
2025-03-25 09:20:00+05:30,1.4096391960022159,1.3734168709164771,-0.06784632535244628
2025-03-25 09:25:00+05:30,1.380045527946489,1.4532035330624749,0.12696816004744452
2025-03-25 09:30:00+05:30,1.4535819726202892,1.4155514249564345,0.14048083321132143
2025-03-25 09:35:00+05:30,1.4123299275284782,1.446928546493852,0.09049662068873235
2025-03-25 09:40:00+05:30,1.4482005095677644,1.424516316824268,0.005384377832266887
2025-03-25 09:45:00+05:30,1.4302652185481213,1.4316886680573957,0.18296599465584806
2025-03-25 09:50:00+05:30,1.4392328640579428,1.4648583302295193,0.15143516242931382
2025-03-25 09:55:00+05:30,1.4607543375348828,1.4433434652244401,0.05324735990860112
2025-03-25 10:00:00+05:30,1.4473028692701504,1.423618952159763,-0.04952351142641068
2025-03-25 10:05:00+05:30,1.4257813957932106,1.3922418306223456,-0.08423335092297898
2025-03-25 10:10:00+05:30,1.3934969962112214,1.4155514249564345,-0.013835370287814033
2025-03-25 10:15:00+05:30,1.417711390581003,1.4558934383616857,0.0047958830340641525
2025-03-25 10:20:00+05:30,1.457168155077586,1.475615762732059,-0.10600008939155148
2025-03-25 10:25:00+05:30,1.475103446097229,1.451410992427769,-0.14618425509776772
2025-03-25 10:30:00+05:30,1.4473028692701504,1.4370662899615136,-0.1999265083574328
2025-03-25 10:35:00+05:30,1.445509778041502,1.4128615196572236,-0.0457295176309236
2025-03-25 10:40:00+05:30,1.4195044818096514,1.5078902489339814,-0.05977959440473485
2025-03-25 10:45:00+05:30,1.5109740281365152,1.4917530058330202,-0.12556612223211824
2025-03-25 10:50:00+05:30,1.4849687319046645,1.4648583302295193,-0.020505608756189068
2025-03-25 10:55:00+05:30,1.4661358005874074,1.427206222123479,-0.008226693175682514
2025-03-25 11:00:00+05:30,1.427574487021859,1.4558934383616857,-0.08699795188816932
2025-03-25 11:05:00+05:30,1.457168155077586,1.4173439655911404,-0.032691803291319634
2025-03-25 11:10:00+05:30,1.416813750283389,1.3483147359476824,-0.056604371667165115
2025-03-25 11:15:00+05:30,1.3486587686621136,1.2748030603703076,0.23243172623082445
2025-03-25 11:20:00+05:30,1.2778152448811553,1.2084615473317566,-0.11148009239989591
2025-03-25 11:25:00+05:30,1.2096602632598799,1.2505982900660175,-0.10937210781726618
2025-03-25 11:30:00+05:30,1.2518099486493046,1.2568732766346402,-0.16009241190416673
2025-03-25 11:35:00+05:30,1.2589823135638982,1.2272886957319287,-0.13469252226984102
2025-03-25 11:40:00+05:30,1.2123509947861422,1.2084615473317566,-0.08756563175781826
2025-03-25 11:45:00+05:30,1.2096602632598799,1.1851541416919713,0.06211262720628538
2025-03-25 11:50:00+05:30,1.1845526073256432,1.2111514526309675,-0.15514413570706015
2025-03-25 11:55:00+05:30,1.2123509947861422,1.2129439932656734,-0.18311183061843123
2025-03-25 12:00:00+05:30,1.2141440860147905,1.2030839254276386,-0.14469125704059102
2025-03-25 12:05:00+05:30,1.199797166819024,1.216531263229389,-0.16962375691557244
2025-03-25 12:10:00+05:30,1.224009371822226,1.106262655516175,0.8244726313526318
2025-03-25 12:15:00+05:30,1.1083276204921602,1.0175111015023437,1.301408873838188
2025-03-25 12:20:00+05:30,1.0177535250963308,0.9942015071682548,1.28127326886174
2025-03-25 12:25:00+05:30,1.006095148060247,0.9673068315647539,0.8936576693329802
2025-03-25 12:30:00+05:30,0.9684314747923124,0.9870291559351272,-0.038733809370616504
2025-03-25 12:35:00+05:30,0.9809853027594307,0.9825467100012104,-0.18685662549188206
2025-03-25 12:40:00+05:30,0.9773991203021339,0.9753743587680828,-0.14281034440582085
2025-03-25 12:45:00+05:30,0.97650148000452,0.946687142529876,-0.21660872746018295
2025-03-25 12:50:00+05:30,0.9469100013153726,0.9359297100273364,-0.12195757052738317
2025-03-25 12:55:00+05:30,0.9361470752103231,0.9619270209663323,-0.1730128057373766
2025-03-25 13:00:00+05:30,0.9639476520374016,0.9780642640672935,-0.13631987122950132
2025-03-25 13:05:00+05:30,0.9747083887758716,0.9870291559351272,-0.10831054646102266
2025-03-25 13:10:00+05:30,0.9890574973382179,0.9950988718327596,-0.14746153480447785
2025-03-25 13:15:00+05:30,0.995334411321777,1.010338750269216,-0.0867727722065419
2025-03-25 13:20:00+05:30,1.0195466163249793,1.0524733043091732,-0.016142042824820887
2025-03-25 13:25:00+05:30,1.053624107135617,1.0659206421109237,-0.10737387467610192
2025-03-25 13:30:00+05:30,1.0679732156979633,1.0865403311458017,-0.02777758788639198
2025-03-25 13:35:00+05:30,1.0957716031584623,1.0964003989838365,-0.033872577420189426
2025-03-25 13:40:00+05:30,1.0966692434560763,1.1143301827195038,-0.124983304232612
2025-03-25 13:45:00+05:30,1.1154999854067538,1.1358472364188865,-0.11572255329240565
2025-03-25 13:50:00+05:30,1.141507471005184,1.1152275473840085,-0.07906367957670932
2025-03-25 13:55:00+05:30,1.1163976257043677,1.1170200880187144,0.02881441831891077
2025-03-25 14:00:00+05:30,1.118190716933016,1.130467425820465,-0.07272458769896283
2025-03-25 14:05:00+05:30,1.128951453671486,1.14481212828672,-0.16762741604064033
2025-03-25 14:10:00+05:30,1.1450936534624807,1.2012913847929327,0.036655969584994785
2025-03-25 14:15:00+05:30,1.2060740808025832,1.154672196124755,-0.03036431582575898
2025-03-25 14:20:00+05:30,1.1450936534624807,1.1134350067493026,0.020325712001426965
2025-03-25 14:25:00+05:30,1.1154999854067538,1.1089525608153856,-0.024530459032000046
2025-03-25 14:30:00+05:30,1.1137068941781054,1.1734993445249269,0.05710001395728525
2025-03-25 14:35:00+05:30,1.1728942302895593,1.2048764660623446,0.1770110328232307
2025-03-25 14:40:00+05:30,1.205176440504969,1.1932216688953001,0.14837536793190603
2025-03-25 14:45:00+05:30,1.1926226125378507,1.1878440469911822,0.04200162169085563
2025-03-25 14:50:00+05:30,1.189036430080554,1.1860493176621725,0.14004939651038825
2025-03-25 14:55:00+05:30,1.18813878978294,1.199496655463923,0.27552808966833975
2025-03-25 15:00:00+05:30,1.199797166819024,1.1600520067231765,1.0155139378855893
2025-03-25 15:05:00+05:30,1.1603382129558615,1.1663269932917995,0.9029070666757936
2025-03-25 15:10:00+05:30,1.166617316306,1.1663269932917995,0.7410407209103272
2025-03-25 15:15:00+05:30,1.169305858465683,1.1430195876520142,0.7366563400504053
2025-03-25 15:20:00+05:30,1.1441982025314463,1.1726019798604221,0.9011983502681503
2025-03-25 15:25:00+05:30,1.1737896812205937,1.1636370879925886,0.6204030718112311
2025-03-26 09:15:00+05:30,1.242842303139483,1.1618445473578825,-0.3142818335657473
2025-03-26 09:20:00+05:30,1.166617316306,1.216531263229389,-0.059469262742660095
2025-03-26 09:25:00+05:30,1.2114555438551078,1.222806249798012,-0.03824560468271842
2025-03-26 09:30:00+05:30,1.228493194577137,1.2174264391995901,-0.139610522207233
2025-03-26 09:35:00+05:30,1.2213186402959637,1.2084615473317566,-0.16090040958530039
2025-03-26 09:40:00+05:30,1.2105579035574938,1.2792855063042243,-0.05385490883183208
2025-03-26 09:45:00+05:30,1.2867828903909768,1.3671418843478544,-0.011865521140132214
2025-03-26 09:50:00+05:30,1.3683893402769847,1.3285924115773091,-0.0935224858566678
2025-03-26 09:55:00+05:30,1.3334142091687329,1.33128231687652,-0.19429323178428315
2025-03-26 10:00:00+05:30,1.3325187582376985,1.3501072765823883,-0.17247540212744225
2025-03-26 10:05:00+05:30,1.351349500188376,1.359072168450222,-0.21377222037817042
2025-03-26 10:10:00+05:30,1.3674916999793707,1.3689344249825603,-0.0744560113013921
2025-03-26 10:15:00+05:30,1.369284791208019,1.3465221953129765,-0.2155812268961184
2025-03-26 10:20:00+05:30,1.3468656774334653,1.3223174250086864,-0.20615395652748167
2025-03-26 10:25:00+05:30,1.3271372951851736,1.3321774928467212,-0.2513526277489302
2025-03-26 10:30:00+05:30,1.3334142091687329,1.3832769387545119,-0.18866752427606218
2025-03-26 10:35:00+05:30,1.3854269909990138,1.3832769387545119,-0.13130347344803686
2025-03-26 10:40:00+05:30,1.380943168244103,1.2658381685024738,0.5154560943092318
2025-03-26 10:45:00+05:30,1.276022153652507,1.16901689859101,0.9518902703615684
2025-03-26 10:50:00+05:30,1.170203498763297,1.1215025339526312,0.9663623225051521
2025-03-26 10:55:00+05:30,1.1172952660019817,1.0972977636483412,1.2523348413732693
2025-03-26 11:00:00+05:30,1.0975646943871107,1.1179174526832194,0.04265066900848758
2025-03-26 11:05:00+05:30,1.11908835723063,1.1761892498241378,-0.214347469312748
2025-03-26 11:10:00+05:30,1.1791711442731185,1.14481212828672,-0.20902452440167313
2025-03-26 11:15:00+05:30,1.1441982025314463,1.1277775205212541,-0.23320579458248578
2025-03-26 11:20:00+05:30,1.1253652712141893,1.1358472364188865,-0.2178897916993574
2025-03-26 11:25:00+05:30,1.1361260079526592,1.1331573311196756,-0.23105807240898063
2025-03-26 11:30:00+05:30,1.1343329167240108,1.1125376420847977,-0.20094454759033656
2025-03-26 11:35:00+05:30,1.1137068941781054,1.1008828449177532,-0.19987920170162873
2025-03-26 11:40:00+05:30,1.1020485171420216,1.1143301827195038,-0.20748421968869235
2025-03-26 11:45:00+05:30,1.1154999854067538,1.1125376420847977,-0.21699285750531208
2025-03-26 11:50:00+05:30,1.112811443247071,1.1385371417180974,-0.22958399701412555
2025-03-26 11:55:00+05:30,1.1397143797765354,1.1044701148814688,-0.20930647207026545
2025-03-26 12:00:00+05:30,1.1083276204921602,1.082057885211885,-0.2054443566904205
2025-03-26 12:05:00+05:30,1.08232013489373,1.1089525608153856,-0.10082474124658532
2025-03-26 12:10:00+05:30,1.1154999854067538,1.1223998986171362,-0.20447173184708864
2025-03-26 12:15:00+05:30,1.123572179985541,1.1259849798865482,-0.26137406971446614
2025-03-26 12:20:00+05:30,1.123572179985541,1.1313647904849697,-0.20299954871846573
2025-03-26 12:25:00+05:30,1.130746734266714,1.124192439251842,-0.22202439341663385
2025-03-26 12:30:00+05:30,1.123572179985541,1.1232950745873373,-0.2434694466257386
2025-03-26 12:35:00+05:30,1.1244676309165753,1.1071600201806797,-0.21881510988688518
2025-03-26 12:40:00+05:30,1.112811443247071,1.1331573311196756,-0.2075636948704432
2025-03-26 12:45:00+05:30,1.1370236482502731,1.150189750190838,-0.22504634258939837
2025-03-26 12:50:00+05:30,1.146886744691129,1.1466046689214262,-0.20350667606868544
2025-03-26 12:55:00+05:30,1.1433005622338324,1.1564669254537645,-0.16624416942492906
2025-03-26 13:00:00+05:30,1.159442762024827,1.106262655516175,-0.23256999312847898
2025-03-26 13:05:00+05:30,1.1029461574396355,1.0632307368117129,-0.11138169455582342
2025-03-26 13:10:00+05:30,1.0661779351027354,1.0847477905110958,-0.1695177900065713
2025-03-26 13:15:00+05:30,1.0859085067176064,1.0184062774725449,-0.13443328179603467
2025-03-26 13:20:00+05:30,1.0186511653939447,1.0453009530760455,-0.1627415846291951
2025-03-26 13:25:00+05:30,1.046449552854444,1.0408185071421288,-0.17933297495280145
2025-03-26 13:30:00+05:30,1.041965730099533,1.030958439304094,-0.16797937755982267
2025-03-26 13:35:00+05:30,1.0312049933610632,1.015716372173334,-0.1449637433780225
2025-03-26 13:40:00+05:30,1.0186511653939447,1.0076488449700052,-0.1339242621795828
2025-03-26 13:45:00+05:30,1.0150627935700685,1.013923831538628,-0.16569919675006609
2025-03-26 13:50:00+05:30,1.0150627935700685,1.0470934937107517,-0.1363615010866089
2025-03-26 13:55:00+05:30,1.0482426440830923,1.0435084124413396,-0.17421061026233586
2025-03-26 14:00:00+05:30,1.0446564616257954,1.0542658449438793,-0.16730762304740476
2025-03-26 14:05:00+05:30,1.0599010211191762,1.033646155909001,-0.16424215175130047
2025-03-26 14:10:00+05:30,1.0329980845897115,1.0291637099750843,-0.15158289065812913
2025-03-26 14:15:00+05:30,1.0312049933610632,1.0085462096345101,-0.1297669532675204
2025-03-26 14:20:00+05:30,1.0105789708151578,1.0184062774725449,-0.14750694919404975
2025-03-26 14:25:00+05:30,1.0195466163249793,1.0273711693403784,-0.15080706150294226
2025-03-26 14:30:00+05:30,1.0285142618348009,1.0076488449700052,-0.15134068058041225
2025-03-26 14:35:00+05:30,1.0087858795865094,1.0067514803055004,-0.11030310280349044
2025-03-26 14:40:00+05:30,1.0069927883578609,0.99330414250375,-0.08707175027122369
2025-03-26 14:45:00+05:30,0.9935413200931287,1.0201988181072508,-0.08383786728045689
2025-03-26 14:50:00+05:30,1.0222373478512417,0.9771690880970924,-0.05922137586624673
2025-03-26 14:55:00+05:30,0.9782967605997479,0.9942015071682548,0.1105508582171972
2025-03-26 15:00:00+05:30,0.9908505885668663,1.036336061208212,0.6572814484098584
2025-03-26 15:05:00+05:30,1.0374819073446224,1.036336061208212,0.3121245185983747
2025-03-26 15:10:00+05:30,1.0231349881488556,1.030958439304094,0.4347168787152953
2025-03-26 15:15:00+05:30,1.0329980845897115,1.0175111015023437,0.4321415043733213
2025-03-26 15:20:00+05:30,1.0186511653939447,1.0219935474362605,0.32888242835041137
2025-03-26 15:25:00+05:30,1.0231349881488556,1.015716372173334,0.21813943937929633
2025-03-27 09:15:00+05:30,1.1244676309165753,1.194119033559805,-0.3142818335657473
2025-03-27 09:20:00+05:30,1.228493194577137,1.2344610469650563,0.3538906188746793
2025-03-27 09:25:00+05:30,1.2392539313156068,1.2290812363666346,0.06079750217493201
2025-03-27 09:30:00+05:30,1.2302862858057853,1.2245987904327178,-0.1375990432024436
2025-03-27 09:35:00+05:30,1.217732457838667,1.195911574194511,-0.2133937671317378
2025-03-27 09:40:00+05:30,1.1971064352927616,1.2586658172693463,-0.1947984668682707
2025-03-27 09:45:00+05:30,1.2598799538615122,1.1896365876258883,-0.09899491980008357
2025-03-27 09:50:00+05:30,1.1917249722402368,1.2541833713354293,-0.20062853912956533
2025-03-27 09:55:00+05:30,1.2553961311066015,1.283767952238141,-0.14160875534839729
2025-03-27 10:00:00+05:30,1.2912667131458877,1.2981104660100926,-0.1963122798540012
2025-03-27 10:05:00+05:30,1.3011319989533232,1.2434259388328899,-0.16514665501027445
2025-03-27 10:10:00+05:30,1.2446353943681316,1.199496655463923,-0.2157288236622271
2025-03-27 10:15:00+05:30,1.2033833492763206,1.1636370879925886,-0.15656522764741465
2025-03-27 10:20:00+05:30,1.1603382129558615,1.192326492925099,-0.24177776061418477
2025-03-27 10:25:00+05:30,1.1899318810115884,1.194119033559805,-0.23610096191769536
2025-03-27 10:30:00+05:30,1.1917249722402368,1.1914291282605942,-0.25169323567071955
2025-03-27 10:35:00+05:30,1.18813878978294,1.1914291282605942,-0.27576853894253106
2025-03-27 10:40:00+05:30,1.1917249722402368,1.1833616010572654,-0.24842529188777385
2025-03-27 10:45:00+05:30,1.1836549670280292,1.1734993445249269,-0.1747934282618421
2025-03-27 10:50:00+05:30,1.1755849618158216,1.222806249798012,-0.0945178178947856
2025-03-27 10:55:00+05:30,1.22490701211984,1.2111514526309675,-0.23288221705678588
2025-03-27 11:00:00+05:30,1.2141440860147905,1.240736033533679,-0.13474739799057375
2025-03-27 11:05:00+05:30,1.241944662841869,1.199496655463923,-0.04467363307337657
2025-03-27 11:10:00+05:30,1.205176440504969,1.1815668717282557,0.04143961861990318
2025-03-27 11:15:00+05:30,1.1863456985542915,1.1842567770274666,-0.23974168214837724
2025-03-27 11:20:00+05:30,1.1836549670280292,1.192326492925099,-0.24574962743549517
2025-03-27 11:25:00+05:30,1.1962087949951477,1.2030839254276386,-0.2646041681727686
2025-03-27 11:30:00+05:30,1.2114555438551078,1.2398386688691743,-0.2388598860841892
2025-03-27 11:35:00+05:30,1.2392539313156068,1.2398386688691743,-0.25735678850358384
2025-03-27 11:40:00+05:30,1.2410470225442551,1.238943492898973,-0.2623769708175126
2025-03-27 11:45:00+05:30,1.2401515716132208,1.2380461282344681,-0.249320333815587
2025-03-27 11:50:00+05:30,1.2383584803845724,1.221908885133507,-0.20275166184205234
2025-03-27 11:55:00+05:30,1.2213186402959637,1.2093589119962613,-0.24358109033343622
2025-03-27 12:00:00+05:30,1.2105579035574938,1.194119033559805,-0.2553926161545985
2025-03-27 12:05:00+05:30,1.195313344064113,1.2174264391995901,-0.24776867550521323
2025-03-27 12:10:00+05:30,1.2105579035574938,1.2272886957319287,-0.23532702502874064
2025-03-27 12:15:00+05:30,1.2329770173320476,1.2344610469650563,-0.2191878863346213
2025-03-27 12:20:00+05:30,1.2347701085606961,1.2308737770013407,-0.18668632153098738
2025-03-27 12:25:00+05:30,1.2347701085606961,1.220116344498801,-0.1892200660158538
2025-03-27 12:30:00+05:30,1.2213186402959637,1.2111514526309675,-0.19122776048817888
2025-03-27 12:35:00+05:30,1.2123509947861422,1.2272886957319287,-0.1974741313205494
2025-03-27 12:40:00+05:30,1.2311839261033992,1.220116344498801,-0.20751071141594263
2025-03-27 12:45:00+05:30,1.2159393666100187,1.1824642363927607,-0.15352057127986418
2025-03-27 12:50:00+05:30,1.18813878978294,1.1932216688953001,-0.13965025979810844
2025-03-27 12:55:00+05:30,1.1917249722402368,1.2030839254276386,-0.12282233619548172
2025-03-27 13:00:00+05:30,1.205176440504969,1.195911574194511,-0.13108018603264163
2025-03-27 13:05:00+05:30,1.18813878978294,1.1761892498241378,-0.1005068405195819
2025-03-27 13:10:00+05:30,1.1809642355017669,1.192326492925099,-0.13295731413494744
2025-03-27 13:15:00+05:30,1.1935202528354647,1.1932216688953001,-0.17842090262889881
2025-03-27 13:20:00+05:30,1.194415703766499,1.1986014794937219,-0.09587457278324657
2025-03-27 13:25:00+05:30,1.1917249722402368,1.1806716957580545,-0.15152612267116425
2025-03-27 13:30:00+05:30,1.1791711442731185,1.199496655463923,-0.11998582911346918
2025-03-27 13:35:00+05:30,1.199797166819024,1.1932216688953001,7.467878481714163e-05
2025-03-27 13:40:00+05:30,1.19889952652141,1.1860493176621725,-0.12474487868735945
2025-03-27 13:45:00+05:30,1.1863456985542915,1.1887392229613833,-0.09870918759902694
2025-03-27 13:50:00+05:30,1.189036430080554,1.1663269932917995,-0.03465976017276929
2025-03-27 13:55:00+05:30,1.1675127672370345,1.1555695607892598,-0.0835445660144716
2025-03-27 14:00:00+05:30,1.165719676008386,1.1833616010572654,-0.038219112955468135
2025-03-27 14:05:00+05:30,1.1845526073256432,1.1851541416919713,-0.11178096273080984
2025-03-27 14:10:00+05:30,1.195313344064113,1.1708094392257162,0.02367123869989138
2025-03-27 14:15:00+05:30,1.1719965899919453,1.1887392229613833,0.03868826351833799
2025-03-27 14:20:00+05:30,1.18813878978294,1.1726019798604221,-0.05461749212339383
2025-03-27 14:25:00+05:30,1.176480412746856,1.1627419120223874,-0.07156273623241466
2025-03-27 14:30:00+05:30,1.1630289444821238,1.154672196124755,-0.06835534496889815
2025-03-27 14:35:00+05:30,1.1549589392699162,1.1761892498241378,0.052954058642615834
2025-03-27 14:40:00+05:30,1.176480412746856,1.1492945742206369,0.11644148299792104
2025-03-27 14:45:00+05:30,1.147784384988743,1.1107451014500918,0.5985644272258365
2025-03-27 14:50:00+05:30,1.1119138029494569,1.106262655516175,0.3938004059772319
2025-03-27 14:55:00+05:30,1.1038437977372495,1.0829530611820861,0.19259384524509407
2025-03-27 15:00:00+05:30,1.0841132261223785,1.0264759933701773,2.0810868985412916
2025-03-27 15:05:00+05:30,1.0267211706061523,1.0291637099750843,2.3473344342053406
2025-03-27 15:10:00+05:30,1.0303073530634492,1.0273711693403784,2.1732308027164753
2025-03-27 15:15:00+05:30,1.0294119021324148,1.0166137368378387,2.43530210680614
2025-03-27 15:20:00+05:30,1.0177535250963308,1.0730929933440514,1.918185483146832
2025-03-27 15:25:00+05:30,1.0769408612077849,1.079367979912674,1.1522547726203936
2025-03-28 09:15:00+05:30,1.0455541019234094,0.9977865884376668,-0.3142818335657473
2025-03-28 09:20:00+05:30,0.9980251428480394,0.9673068315647539,-0.03289049124569676
2025-03-28 09:25:00+05:30,0.9720176572496092,0.9744791827978816,-0.20954111308305368
2025-03-28 09:30:00+05:30,0.9747083887758716,0.9511695884637927,-0.1750602378005771
2025-03-28 09:35:00+05:30,0.9549800065275802,0.9323446287579243,-0.18282231388491027
2025-03-28 09:40:00+05:30,0.9325608927530263,0.8821403588203347,-0.1853352434412229
2025-03-28 09:45:00+05:30,0.8859295739752703,0.9260674534949979,-0.21814335537446727
2025-03-28 09:50:00+05:30,0.9253863384718531,0.96909937219946,-0.22687994856836444
2025-03-28 09:55:00+05:30,0.966638383563664,1.0193036421370496,-0.24309856244423464
2025-03-28 10:00:00+05:30,1.0213397075536277,1.0730929933440514,-0.2142452869362112
2025-03-28 10:05:00+05:30,1.070661757857646,1.0444057771058444,-0.2513999344047343
2025-03-28 10:10:00+05:30,1.046449552854444,1.10536529085167,-0.14137789886807337
2025-03-28 10:15:00+05:30,1.1119138029494569,1.1492945742206369,-0.21996560775604035
2025-03-28 10:20:00+05:30,1.1504751165150056,1.1143301827195038,-0.20351235286738192
2025-03-28 10:25:00+05:30,1.1092230714231945,1.1492945742206369,-0.231839578362864
2025-03-28 10:30:00+05:30,1.1504751165150056,1.213841357930178,-0.1697372928895022
2025-03-28 10:35:00+05:30,1.224009371822226,1.2550807359999343,-0.19233852076645866
2025-03-28 10:40:00+05:30,1.2553961311066015,1.2030839254276386,-0.25344358193547045
2025-03-28 10:45:00+05:30,1.2042809895739346,1.192326492925099,-0.18614702565482089
2025-03-28 10:50:00+05:30,1.1962087949951477,1.1896365876258883,-0.24532197526702632
2025-03-28 10:55:00+05:30,1.1935202528354647,1.1797743310935498,-0.18570423535649472
2025-03-28 11:00:00+05:30,1.1809642355017669,1.1609493713876813,-0.24383654627477824
2025-03-28 11:05:00+05:30,1.1603382129558615,1.1636370879925886,-0.25600003361512286
2025-03-28 11:10:00+05:30,1.1630289444821238,1.1421222229875094,-0.2680348468516804
2025-03-28 11:15:00+05:30,1.1433005622338324,1.147502033585931,-0.2631773994337176
2025-03-28 11:20:00+05:30,1.1495774762173916,1.151087114855343,-0.23762234396835452
2025-03-28 11:25:00+05:30,1.15137056744604,1.1223998986171362,-0.23533648635990145
2025-03-28 11:30:00+05:30,1.1244676309165753,1.1143301827195038,-0.2814642603013421
2025-03-28 11:35:00+05:30,1.1154999854067538,1.1232950745873373,-0.2595669554627504
2025-03-28 11:40:00+05:30,1.1244676309165753,1.1430195876520142,-0.17130598159596544
2025-03-28 11:45:00+05:30,1.1379190991813075,1.1681195339265054,-0.23582090651533522
2025-03-28 11:50:00+05:30,1.171101139060911,1.16901689859101,-0.2588365406971354
2025-03-28 11:55:00+05:30,1.169305858465683,1.1618445473578825,-0.25669260305609454
2025-03-28 12:00:00+05:30,1.1684104075346484,1.1555695607892598,-0.16225905673999352
2025-03-28 12:05:00+05:30,1.1549589392699162,1.1582594660884706,-0.22805883043100206
2025-03-28 12:10:00+05:30,1.1675127672370345,1.1797743310935498,-0.25654500628998583
2025-03-28 12:15:00+05:30,1.1818618757993808,1.132259966455171,-0.19037813294993763
2025-03-28 12:20:00+05:30,1.141507471005184,1.130467425820465,-0.18548094794109946
2025-03-28 12:25:00+05:30,1.1334352764263969,1.1170200880187144,-0.25395827835061885
2025-03-28 12:30:00+05:30,1.1172952660019817,1.0972977636483412,-0.14443390883301682
2025-03-28 12:35:00+05:30,1.0984623346847247,1.1286748851857589,-0.1882095958478787
2025-03-28 12:40:00+05:30,1.1343329167240108,1.1403296823528033,-0.25134695095023374
2025-03-28 12:45:00+05:30,1.1352305570216248,1.1340546957841806,-0.2384133112533987
2025-03-28 12:50:00+05:30,1.1352305570216248,1.195911574194511,-0.1963539097111088
2025-03-28 12:55:00+05:30,1.2042809895739346,1.2156338985648842,-0.168505427572364
2025-03-28 13:00:00+05:30,1.216834817541053,1.177084425794339,-0.21581208337644228
2025-03-28 13:05:00+05:30,1.1818618757993808,1.1914291282605942,-0.19415509634933525
2025-03-28 13:10:00+05:30,1.194415703766499,1.1734993445249269,-0.2548173672200209
2025-03-28 13:15:00+05:30,1.1719965899919453,1.1797743310935498,-0.26718332704720693
2025-03-28 13:20:00+05:30,1.1791711442731185,1.1896365876258883,-0.25377283625986685
2025-03-28 13:25:00+05:30,1.195313344064113,1.1681195339265054,-0.23594201155419367
2025-03-28 13:30:00+05:30,1.169305858465683,1.213841357930178,-0.24076729044620965
2025-03-28 13:35:00+05:30,1.2222162805935777,1.1950142095300063,-0.17017062185666756
2025-03-28 13:40:00+05:30,1.2042809895739346,1.2030839254276386,-0.2536782229482587
2025-03-28 13:45:00+05:30,1.2069717211001971,1.1878440469911822,-0.2381370403835029
2025-03-28 13:50:00+05:30,1.2006926177500583,1.1896365876258883,-0.23827706808468296
2025-03-28 13:55:00+05:30,1.1971064352927616,1.1806716957580545,-0.1712208296155181
2025-03-28 14:00:00+05:30,1.1818618757993808,1.195911574194511,-0.11606694574665934
2025-03-28 14:05:00+05:30,1.2033833492763206,1.2362535875997622,-0.06844617374804199
2025-03-28 14:10:00+05:30,1.245530845299166,1.2550807359999343,-0.08397978724786913
2025-03-28 14:15:00+05:30,1.2562937714042155,1.2398386688691743,0.04366492370892702
2025-03-28 14:20:00+05:30,1.23566774885831,1.244321114803091,0.019530960183918453
2025-03-28 14:25:00+05:30,1.24642848559678,1.2523908307007234,-0.013521254093274954
2025-03-28 14:30:00+05:30,1.2598799538615122,1.2658381685024738,0.06297171607568744
2025-03-28 14:35:00+05:30,1.2724337818286307,1.3518998172170944,0.11517934142106823
2025-03-28 14:40:00+05:30,1.3567309632409008,1.3877593846884289,0.05262858885068377
2025-03-28 14:45:00+05:30,1.3908084540515384,1.402104087154684,0.01767464701016642
2025-03-28 14:50:00+05:30,1.397980818966132,1.3931391952868504,0.1661191483908997
2025-03-28 14:55:00+05:30,1.3943946365088353,1.3770019521858892,-0.010266556173954368
2025-03-28 15:00:00+05:30,1.3764593454891922,1.259563181933851,0.48710616161896375
2025-03-28 15:05:00+05:30,1.2616730450901605,1.2299786010311395,0.5675747831417008
2025-03-28 15:10:00+05:30,1.2311839261033992,1.259563181933851,0.5271540841564643
2025-03-28 15:15:00+05:30,1.2616730450901605,1.2344610469650563,0.5364905257459571
2025-03-28 15:20:00+05:30,1.2329770173320476,1.2604583579040523,0.8187655563964278
2025-03-28 15:25:00+05:30,1.2616730450901605,1.2237036144625166,0.4452965392193194
