Date,Open,Close,Volume
2020-03-30 00:00:00+05:30,-1.791235516116953,-1.8472490698171975,1.3372253497501192
2020-03-31 00:00:00+05:30,-1.8100281192579235,-1.8112787107116777,2.0716626657361994
2020-04-01 00:00:00+05:30,-1.8298647736357405,-1.8550687369529444,1.0789079241236392
2020-04-03 00:00:00+05:30,-1.8629256948038089,-1.94021588219445,2.906342612167349
2020-04-07 00:00:00+05:30,-1.8671020535314922,-1.8031115637692954,2.931637317700389
2020-04-08 00:00:00+05:30,-1.8164663579374585,-1.8279605941219939,4.1610213464295205
2020-04-09 00:00:00+05:30,-1.7832311834564045,-1.745419712008628,2.536464535076738
2020-04-13 00:00:00+05:30,-1.7531283649403788,-1.7872984347350258,0.9166803367612282
2020-04-15 00:00:00+05:30,-1.747386137924618,-1.7987672432944828,2.2872029316864415
2020-04-16 00:00:00+05:30,-1.807940170428972,-1.747852728968572,2.843454785639913
2020-04-17 00:00:00+05:30,-1.6802200731047745,-1.6312531204213028,3.7889258777933565
2020-04-20 00:00:00+05:30,-1.6314986070842414,-1.680777605801756,2.7918251364014193
2020-04-21 00:00:00+05:30,-1.7533023223773563,-1.7831279090229888,2.361693716993393
2020-04-22 00:00:00+05:30,-1.8055040308412038,-1.768878823134785,2.2858999704715735
2020-04-23 00:00:00+05:30,-1.7559123638035796,-1.7097969424286596,2.047002061949574
2020-04-24 00:00:00+05:30,-1.7640906176840094,-1.7727016496023544,1.4848191805314848
2020-04-27 00:00:00+05:30,-1.759218648597521,-1.72734790937177,1.5200916946579244
2020-04-28 00:00:00+05:30,-1.7089310525765578,-1.6858168858898397,1.063191993422938
2020-04-29 00:00:00+05:30,-1.7115410447749544,-1.6489775529704414,1.5474238071845687
2020-04-30 00:00:00+05:30,-1.6106179249665986,-1.6152663063431736,2.0304775608498753
2020-05-04 00:00:00+05:30,-1.690660390882037,-1.7615805402873648,1.5093077335940177
2020-05-05 00:00:00+05:30,-1.728941501666338,-1.786603255683923,1.9802498567737956
2020-05-06 00:00:00+05:30,-1.786363506929532,-1.7499380466840482,2.3491988448422525
2020-05-07 00:00:00+05:30,-1.767222827474941,-1.7660985458060372,0.6644719585844177
2020-05-08 00:00:00+05:30,-1.7428620716465442,-1.762796884188963,1.8214314730215473
2020-05-11 00:00:00+05:30,-1.7533022768862705,-1.8237900684099568,4.896546125753828
2020-05-12 00:00:00+05:30,-1.8323008974397976,-1.820140926986247,3.7938730350434766
2020-05-13 00:00:00+05:30,-1.7446020861449072,-1.7615805402873648,4.076782229054892
2020-05-14 00:00:00+05:30,-1.7915836120108908,-1.798593558250623,1.143731755768644
2020-05-15 00:00:00+05:30,-1.7940198297015877,-1.8149279618543035,0.9797488278830013
2020-05-18 00:00:00+05:30,-1.8263846065657148,-1.899032448238071,4.168789848425754
2020-05-19 00:00:00+05:30,-1.8714521191677658,-1.8927768242483893,3.246452740458773
2020-05-20 00:00:00+05:30,-1.899466952006541,-1.8741834178853725,1.7662972631180798
2020-05-21 00:00:00+05:30,-1.87510625964199,-1.878527738360185,1.8295365204394356
2020-05-22 00:00:00+05:30,-1.8925067281195733,-1.9249242471674235,4.6466414289455455
2020-05-26 00:00:00+05:30,-1.9097333452041847,-1.9191897880282371,2.102033132090904
2020-05-27 00:00:00+05:30,-1.909559205256434,-1.8283080739286293,4.660525249893468
2020-05-28 00:00:00+05:30,-1.8185543370891066,-1.8005048617654917,3.572035652143228
2020-05-29 00:00:00+05:30,-1.8162924043459596,-1.7827804292163534,3.1452009271103303
2020-06-01 00:00:00+05:30,-1.760262572805305,-1.757410014575328,1.9012744186006378
2020-06-02 00:00:00+05:30,-1.767222616427213,-1.7256099617440133,2.1682623091102613
2020-06-03 00:00:00+05:30,-1.6944884665672573,-1.6962429258726424,3.8404930386924456
2020-06-04 00:00:00+05:30,-1.6976205170334921,-1.727521484696714,2.886338863091553
2020-06-05 00:00:00+05:30,-1.7219814839410237,-1.6950266916899601,1.3894538896513968
2020-06-08 00:00:00+05:30,-1.6643855467867341,-1.6859905709336993,2.1130374268884315
2020-06-09 00:00:00+05:30,-1.6870063670226034,-1.725088906612434,2.173079729384858
2020-06-10 00:00:00+05:30,-1.7270275385740022,-1.7096232573847998,1.3170147166679265
2020-06-11 00:00:00+05:30,-1.7134550521135627,-1.7504592115345434,1.3704423979795475
2020-06-12 00:00:00+05:30,-1.81176814515659,-1.7402067468766846,2.1645488243117272
2020-06-15 00:00:00+05:30,-1.7526063029816612,-1.7857345013078765,1.8616725279531876
2020-06-16 00:00:00+05:30,-1.7489521760144071,-1.7445509576325815,2.920315443107797
2020-06-17 00:00:00+05:30,-1.7616546120834524,-1.7480264140124315,1.3785660332226999
2020-06-18 00:00:00+05:30,-1.7567824883641647,-1.71309871376465,1.5432055798138173
2020-06-19 00:00:00+05:30,-1.7185010892249828,-1.6720888551332147,2.45607309753182
2020-06-22 00:00:00+05:30,-1.6628195535863035,-1.6590563325844405,1.6072567321858433
2020-06-23 00:00:00+05:30,-1.6558592510897168,-1.6291678027058265,1.02995499728347
2020-06-24 00:00:00+05:30,-1.6175780996101465,-1.7266527303206674,2.9539052301259603
2020-06-25 00:00:00+05:30,-1.7362498138962537,-1.7165740604255841,3.856631880198042
2020-06-26 00:00:00+05:30,-1.702492687275047,-1.7231772739408173,1.1888419141963473
2020-06-29 00:00:00+05:30,-1.7385119721122937,-1.7440297927820863,0.643911859275203
2020-06-30 00:00:00+05:30,-1.73242160154301,-1.7150100172795189,2.1658354645092905
2020-07-01 00:00:00+05:30,-1.7071909318886493,-1.6712202104760843,1.364633853704984
2020-07-02 00:00:00+05:30,-1.6662995386045354,-1.6753905167502892,2.425627977634997
2020-07-03 00:00:00+05:30,-1.6709977282960942,-1.6818200452216625,0.7493033173184834
2020-07-06 00:00:00+05:30,-1.6598614853133102,-1.6788660828490551,1.0934825925772182
2020-07-07 00:00:00+05:30,-1.6767399356044739,-1.6295153922313779,2.0528524666111143
2020-07-08 00:00:00+05:30,-1.6248863195370253,-1.6541906278213006,2.074369914481706
2020-07-09 00:00:00+05:30,-1.6403727942798099,-1.6493251424959927,1.2302760657171068
2020-07-10 00:00:00+05:30,-1.6701276049214282,-1.6840789382620827,0.680227180623076
2020-07-13 00:00:00+05:30,-1.672911713098308,-1.7075379396693233,1.0213875966021986
2020-07-14 00:00:00+05:30,-1.716761213352477,-1.7355150563141524,1.1461618494610226
2020-07-15 00:00:00+05:30,-1.7237214173485929,-1.73464619221919,0.8749984986908087
2020-07-16 00:00:00+05:30,-1.7291154782625155,-1.7386428134495353,1.2598181648833051
2020-07-17 00:00:00+05:30,-1.7359017741424554,-1.7068429800560525,0.6535485888310288
2020-07-20 00:00:00+05:30,-1.6941403209215289,-1.6748691324619622,1.3185354425673952
2020-07-21 00:00:00+05:30,-1.648899010924506,-1.6199579969057059,2.0172701553969365
2020-07-22 00:00:00+05:30,-1.5935653084559829,-1.6119645350071834,2.0127576207928337
2020-07-23 00:00:00+05:30,-1.6087038384874273,-1.573213898572916,1.4338024761651211
2020-07-24 00:00:00+05:30,-1.588693204249758,-1.6095318472039872,2.5780080223013897
2020-07-27 00:00:00+05:30,-1.6001773977505556,-1.690508466733456,4.111433940041611
2020-07-28 00:00:00+05:30,-1.683352018634952,-1.7127510145201827,8.090762117746586
2020-07-29 00:00:00+05:30,-1.7108449938668364,-1.7164003753817245,2.367470072594938
2020-07-30 00:00:00+05:30,-1.7101489695961507,-1.7376001545917972,1.659140263915752
2020-07-31 00:00:00+05:30,-1.7343356503451122,-1.7311707358393398,1.3965636572547266
2020-08-03 00:00:00+05:30,-1.7331177484812803,-1.743508408493759,1.0017379984898733
2020-08-04 00:00:00+05:30,-1.7324216722477985,-1.7165740604255841,0.9028775919779746
2020-08-05 00:00:00+05:30,-1.7101489875080167,-1.7124035347135473,1.3748544374307987
2020-08-06 00:00:00+05:30,-1.709974912175305,-1.6896397123574094,2.2032928792672037
2020-08-07 00:00:00+05:30,-1.689094256353171,-1.6924199896861567,0.7290471213963134
2020-08-10 00:00:00+05:30,-1.6889202782217314,-1.6729578289470932,0.3017572968855014
2020-08-11 00:00:00+05:30,-1.6523792795960783,-1.6597514019166273,2.0086710194042383
2020-08-12 00:00:00+05:30,-1.6671695534866007,-1.6614889106687205,0.5171036751949787
2020-08-13 00:00:00+05:30,-1.6560332687519017,-1.6573186043945154,0.5587623918242157
2020-08-14 00:00:00+05:30,-1.6461149656756382,-1.6804299065572887,0.7579334330199554
2020-08-17 00:00:00+05:30,-1.6662996719049255,-1.6846004322693258,0.4057650197903056
2020-08-18 00:00:00+05:30,-1.6805681252859703,-1.652105529543656,0.5784101009299083
2020-08-19 00:00:00+05:30,-1.6384587343657948,-1.6350759468888727,1.2790706182412028
2020-08-20 00:00:00+05:30,-1.6628194966078784,-1.6583611535333378,3.746456475077694
2020-08-21 00:00:00+05:30,-1.6523792125632475,-1.6465448651672456,1.1521063266528644
2020-08-24 00:00:00+05:30,-1.6355006285303753,-1.6145711272920709,1.0612305244959623
2020-08-25 00:00:00+05:30,-1.6088779017596675,-1.5937188278886336,2.5849084124095674
2020-08-26 00:00:00+05:30,-1.5890410620195181,-1.5832924587490833,1.3828639011130799
2020-08-27 00:00:00+05:30,-1.5829509015461753,-1.5733875836167759,1.3637111117451155
2020-08-28 00:00:00+05:30,-1.569204716153713,-1.5125683038774735,4.881940024229883
2020-08-31 00:00:00+05:30,-1.4962961881345505,-1.5650466419116178,4.071320279717269
2020-09-01 00:00:00+05:30,-1.5664204546641263,-1.5777319040915885,1.2097486084425024
2020-09-02 00:00:00+05:30,-1.592347187080787,-1.5726925142845891,0.93946999281871
2020-09-03 00:00:00+05:30,-1.5744248563139454,-1.6062302953058287,0.5495605871554684
2020-09-04 00:00:00+05:30,-1.634978606629176,-1.6416792701230216,1.0772303351134034
2020-09-07 00:00:00+05:30,-1.6381108317251534,-1.6387253077504143,0.26155122635669603
2020-09-08 00:00:00+05:30,-1.644026858475191,-1.6307316264140599,0.9966782564444532
2020-09-09 00:00:00+05:30,-1.6495951091878933,-1.6588824281027488,0.48531040904463674
2020-09-10 00:00:00+05:30,-1.6464628321374664,-1.6481085791565628,0.4525955343384058
2020-09-11 00:00:00+05:30,-1.641938899990434,-1.6488038679265815,0.2883334868327375
2020-09-14 00:00:00+05:30,-1.6401988681857174,-1.672436554377682,0.6255019028754231
2020-09-15 00:00:00+05:30,-1.6730859047772657,-1.6451547265028716,0.46131095757940394
2020-09-16 00:00:00+05:30,-1.6476808797510885,-1.6342069730749942,0.24226205070986156
2020-09-17 00:00:00+05:30,-1.652379095315509,-1.654016833058525,0.3946152714820718
2020-09-18 00:00:00+05:30,-1.6523792188125983,-1.652105529543656,4.481033199753257
2020-09-21 00:00:00+05:30,-1.6640373984903118,-1.7176164998454906,0.7608971333058973
2020-09-22 00:00:00+05:30,-1.7080609504595827,-1.704757772059492,0.7352678469180995
2020-09-23 00:00:00+05:30,-1.6990126383600481,-1.7136199883340613,0.29300235562575033
2020-09-24 00:00:00+05:30,-1.7395558196561858,-1.7697475775108313,0.5272640373893476
2020-09-25 00:00:00+05:30,-1.7600885263946713,-1.7247412073679667,0.33013697693029326
2020-09-28 00:00:00+05:30,-1.7167610350942497,-1.6748691324619622,-0.02771704402227362
2020-09-29 00:00:00+05:30,-1.6741298619781073,-1.6955479662593715,-0.13461547599673782
2020-09-30 00:00:00+05:30,-1.6977945420422456,-1.703541318438978,0.05309209066923406
2020-10-01 00:00:00+05:30,-1.6932704346469405,-1.6533217637263382,0.3305542207152911
2020-10-05 00:00:00+05:30,-1.6497690815157664,-1.6397677471703205,0.5793728898303869
2020-10-06 00:00:00+05:30,-1.6276705856745541,-1.6137024826349402,-0.058089474943876084
2020-10-07 00:00:00+05:30,-1.6200142264862456,-1.606577775112464,0.225421254339609
2020-10-08 00:00:00+05:30,-1.6001775845537354,-1.5897220969393724,0.1679770915655929
2020-10-09 00:00:00+05:30,-1.580340871888168,-1.5410664756538819,1.7211740327644791
2020-10-12 00:00:00+05:30,-1.5359693740265419,-1.5322041496603966,0.5198660829341558
2020-10-13 00:00:00+05:30,-1.5444956525226492,-1.5593121827724314,0.08012150877307853
2020-10-14 00:00:00+05:30,-1.5676385579107106,-1.5226469737725565,0.3404567712844495
2020-10-15 00:00:00+05:30,-1.5239631142739674,-1.577558109328813,1.1615255182048858
2020-10-16 00:00:00+05:30,-1.5688565159976102,-1.5598335670607586,0.4893799338132738
2020-10-19 00:00:00+05:30,-1.5408417699988917,-1.4868502997108966,1.6782281470158218
2020-10-20 00:00:00+05:30,-1.5009942934337566,-1.4955386115037743,0.5513070871276597
2020-10-21 00:00:00+05:30,-1.4922940857281233,-1.4757289709580752,1.8332849896408043
2020-10-22 00:00:00+05:30,-1.4909020309368146,-1.501446865405736,1.0748947673129174
2020-10-23 00:00:00+05:30,-1.4888139702600716,-1.4873714645613918,0.24852153864774756
2020-10-26 00:00:00+05:30,-1.4851598537706452,-1.5308139012771071,0.21531990471244095
2020-10-27 00:00:00+05:30,-1.5258771923923078,-1.511699330063595,1.1113971003174128
2020-10-28 00:00:00+05:30,-1.5135228698473113,-1.5600074715424501,0.7014025671726452
2020-10-29 00:00:00+05:30,-1.5749468585516113,-1.5466272497492084,1.039181283478175
2020-10-30 00:00:00+05:30,-1.5500640414143265,-1.571997554671318,0.6318918078312203
2020-11-02 00:00:00+05:30,-1.4888140509779701,-1.4856338460903826,4.067889994793087
2020-11-03 00:00:00+05:30,-1.4609730912057912,-1.393883267895812,3.2453631614331178
2020-11-04 00:00:00+05:30,-1.4181677000076112,-1.4175159543469127,1.8560812194413674
2020-11-05 00:00:00+05:30,-1.3913710155484769,-1.412476783977745,0.8513772263534126
2020-11-06 00:00:00+05:30,-1.4092933529704708,-1.3975324093195223,0.6777008987129677
2020-11-09 00:00:00+05:30,-1.3739704399514725,-1.3283720781561459,1.6723760800284444
2020-11-10 00:00:00+05:30,-1.2493824546581471,-1.254867316799041,2.9221214090087813
2020-11-11 00:00:00+05:30,-1.2530366578004521,-1.2454839356739764,2.0210003390141025
2020-11-12 00:00:00+05:30,-1.2639989148821773,-1.2797164568706554,0.9225273412108304
2020-11-13 00:00:00+05:30,-1.2949717756290366,-1.2489591726159948,1.2053886300140444
2020-11-14 00:00:00+05:30,-1.2352881461208085,-1.2442675917723784,-1.1505062419229246
2020-11-17 00:00:00+05:30,-1.2330259042901546,-1.2460051005244717,1.3045453838864578
2020-11-18 00:00:00+05:30,-1.2417262914866478,-1.206906984283569,0.7778272419097368
2020-11-19 00:00:00+05:30,-1.234766053385232,-1.2725919687860112,0.9848899483341519
2020-11-20 00:00:00+05:30,-1.2713070722553808,-1.2675524692600957,0.8482982966628851
2020-11-23 00:00:00+05:30,-1.2633029443550445,-1.309083602460942,0.8048023321828291
2020-11-24 00:00:00+05:30,-1.2904477904182294,-1.2745033820197957,0.32291296220582677
2020-11-25 00:00:00+05:30,-1.2521666901285997,-1.29361817267114,1.1565173082604014
2020-11-26 00:00:00+05:30,-1.2866196888484336,-1.284582161633795,0.7439284889667537
2020-11-27 00:00:00+05:30,-1.2820956351454216,-1.2913591699118037,2.2311706124695942
2020-12-01 00:00:00+05:30,-1.2706111837421152,-1.2505232157620598,0.09502735786947655
2020-12-02 00:00:00+05:30,-1.247468396361143,-1.266683714884049,0.18000681472353422
2020-12-03 00:00:00+05:30,-1.2622588027530603,-1.261818119839825,0.2901004636368256
2020-12-04 00:00:00+05:30,-1.256690705529488,-1.1916152395376265,1.5629339872828525
2020-12-07 00:00:00+05:30,-1.1825643873220586,-1.1624217789911995,1.4292919061279161
2020-12-08 00:00:00+05:30,-1.15994364353044,-1.1695463767947596,0.03608234154576613
2020-12-09 00:00:00+05:30,-1.1651638244200275,-1.1587726375674896,0.1821281691718889
2020-12-10 00:00:00+05:30,-1.171776010881445,-1.1745856568828432,0.11761768594709168
2020-12-11 00:00:00+05:30,-1.1677739601349613,-1.1450448262486965,0.48912824256955273
2020-12-14 00:00:00+05:30,-1.1369748967512905,-1.109074357424261,0.5672444094056959
2020-12-15 00:00:00+05:30,-1.1164423966070947,-1.1360089249302676,0.612546868708593
2020-12-16 00:00:00+05:30,-1.1301887759960998,-1.1554709759504151,0.40811411287828064
2020-12-17 00:00:00+05:30,-1.151243363236072,-1.1625955737539753,0.3793786951044468
2020-12-18 00:00:00+05:30,-1.151243296974096,-1.1391364626278186,0.21711642558026217
2020-12-21 00:00:00+05:30,-1.1491554065928162,-1.2178544085546987,0.7779191231923441
2020-12-22 00:00:00+05:30,-1.209361185916277,-1.1976970687645323,1.0174664721946147
2020-12-23 00:00:00+05:30,-1.2034449174517274,-1.1862281504861598,0.025957870477415667
2020-12-24 00:00:00+05:30,-1.1764742156799812,-1.1516481494828454,-0.09714068237780515
2020-12-28 00:00:00+05:30,-1.1446311230232826,-1.1288843271267075,-0.33185617909480647
2020-12-29 00:00:00+05:30,-1.121488628468223,-1.098648427160374,0.017396741298164337
2020-12-30 00:00:00+05:30,-1.0898192435200615,-1.098821892766402,0.18910683971491968
2020-12-31 00:00:00+05:30,-1.0952137020442945,-1.0769270442241425,0.6766691988505337
2021-01-01 00:00:00+05:30,-1.0762472397601435,-1.1031664326790465,-0.3981865313094032
2021-01-04 00:00:00+05:30,-1.0875576329366092,-1.088569757265291,-0.17474538177811877
2021-01-05 00:00:00+05:30,-1.1072199552198254,-1.0692811718511714,0.3361754510921708
2021-01-06 00:00:00+05:30,-1.0651104537485796,-1.0364383504432026,0.7039515927226093
2021-01-07 00:00:00+05:30,-1.0184773655794142,-1.0559011694957614,0.1719465745429701
2021-01-08 00:00:00+05:30,-1.0363997991645602,-1.0525992884408553,0.23238957312629338
2021-01-11 00:00:00+05:30,-1.0428380011104357,-1.0433894826407346,0.04019659799146202
2021-01-12 00:00:00+05:30,-1.0572803940899338,-1.031920564362362,-0.18694383100847953
2021-01-13 00:00:00+05:30,-1.0207394074369227,-1.0023798434471312,0.231054574358937
2021-01-14 00:00:00+05:30,-1.0118651840434467,-1.0135011721999525,-0.4179626928661093
2021-01-15 00:00:00+05:30,-1.0259594801156446,-1.0492976268237808,-0.23827599948247918
2021-01-18 00:00:00+05:30,-1.0451002386920372,-1.0835303674582915,0.20536529312048946
2021-01-19 00:00:00+05:30,-1.0642409823774346,-1.0373077631327445,0.12943062670388145
2021-01-20 00:00:00+05:30,-1.0383137995500642,-1.0214944146606433,-0.20894486457700406
2021-01-21 00:00:00+05:30,-1.0085589818218732,-1.015586270477597,-0.0508622866882669
2021-01-22 00:00:00+05:30,-1.0151711454128203,-1.0812712549800394,0.42718635500343294
2021-01-25 00:00:00+05:30,-1.0727669984012407,-1.066500894522424,0.344013544092747
2021-01-27 00:00:00+05:30,-1.0684169455301227,-1.1210647697098766,0.6941626092321999
2021-01-28 00:00:00+05:30,-1.149155526283108,-1.1005598403941588,0.8292118492078561
2021-01-29 00:00:00+05:30,-1.083903734005523,-1.0701503651028816,1.08129729083302
2021-02-01 00:00:00+05:30,-1.018999277952169,-0.8379934777093343,3.8151823899434265
2021-02-02 00:00:00+05:30,-0.8067126301255665,-0.7909018995699091,1.7756640914062467
2021-02-03 00:00:00+05:30,-0.7705193359320989,-0.7735248371084902,0.6266587305371972
2021-02-04 00:00:00+05:30,-0.7865281219690805,-0.7528463324678287,0.8402157662040569
2021-02-05 00:00:00+05:30,-0.7534670048720328,-0.8020230088848986,0.9938560805354221
2021-02-08 00:00:00+05:30,-0.7741737465186392,-0.7483283269491562,-0.04774361229819065
2021-02-09 00:00:00+05:30,-0.7428526543442937,-0.7352954752436341,0.6266365913794637
2021-02-10 00:00:00+05:30,-0.7358925436910259,-0.7394658912367552,0.38573323785608277
2021-02-11 00:00:00+05:30,-0.7588610485321327,-0.7446788563686986,-0.21079125521992464
2021-02-12 00:00:00+05:30,-0.7478985836782049,-0.6857709898631811,0.014152183506094894
2021-02-15 00:00:00+05:30,-0.6605478994867612,-0.5941940967124705,0.6266047805077716
2021-02-16 00:00:00+05:30,-0.5965137419176612,-0.6484103823743717,0.4612445401062034
2021-02-17 00:00:00+05:30,-0.6612444041685785,-0.6518862776298854,0.21325680722863413
2021-02-18 00:00:00+05:30,-0.6779485679114708,-0.696023344802124,0.6787529242867679
2021-02-19 00:00:00+05:30,-0.7284099494392305,-0.7676164734876123,0.39241457875515
2021-02-22 00:00:00+05:30,-0.7753916441261557,-0.8169673835431214,0.6218540799474366
2021-02-23 00:00:00+05:30,-0.800622564179557,-0.7945511507125349,0.35303060391283075
2021-02-24 00:00:00+05:30,-0.7994045263986507,-0.7083612368943751,-0.08314389883325593
2021-02-25 00:00:00+05:30,-0.7033533984915548,-0.753888881606651,1.4892472387589801
2021-02-26 00:00:00+05:30,-0.7997523641245027,-0.8590195718755472,2.9080774002984184
2021-03-01 00:00:00+05:30,-0.8256791345588159,-0.8221803486750648,0.20136097686080803
2021-03-02 00:00:00+05:30,-0.8171529373780333,-0.8147082710648693,0.3920837759136577
2021-03-03 00:00:00+05:30,-0.7893119939939246,-0.7396396859995309,0.16425000591930466
2021-03-04 00:00:00+05:30,-0.7867019321933483,-0.779085391765985,0.46807964614516034
2021-03-05 00:00:00+05:30,-0.8060162291777623,-0.8183570833318315,0.5881275288490767
2021-03-08 00:00:00+05:30,-0.8115847051828052,-0.8232228978138871,0.058182963543958764
2021-03-09 00:00:00+05:30,-0.8002746084034779,-0.76396766122065,0.3168874088493159
2021-03-10 00:00:00+05:30,-0.7519007555414025,-0.7622297135928932,-0.22845029370313297
2021-03-12 00:00:00+05:30,-0.7425043880257814,-0.8065410144035711,0.2187809426646007
2021-03-15 00:00:00+05:30,-0.8105408356486078,-0.8390362462859884,0.4144883768591604
2021-03-16 00:00:00+05:30,-0.828115460918864,-0.8687507619639948,-0.0707835995146182
2021-03-17 00:00:00+05:30,-0.8604802463391508,-0.8876915384147313,0.10213251629662294
2021-03-18 00:00:00+05:30,-0.8702245778170459,-0.9255735301918677,0.29575229592115265
2021-03-19 00:00:00+05:30,-0.9382607906010219,-0.8975965232659546,0.7782862705214467
2021-03-22 00:00:00+05:30,-0.8977173575333077,-0.9434715380659501,0.2185949888516924
2021-03-23 00:00:00+05:30,-0.9354764363077077,-0.8984650582041694,0.8027526088659808
2021-03-24 00:00:00+05:30,-0.9215560861624543,-0.9641502621444433,0.421007187627563
2021-03-25 00:00:00+05:30,-0.9629696143387823,-0.9500750807379308,0.6277375800051797
2021-03-26 00:00:00+05:30,-0.9058955454381025,-0.9257471055168116,0.14069303536768057
2021-03-30 00:00:00+05:30,-0.9145960751684652,-0.8809146398556384,0.691340962245026
2021-03-31 00:00:00+05:30,-0.9006755511666733,-0.9134096523002241,0.0950215397290483
2021-04-01 00:00:00+05:30,-0.8952811874497305,-0.870661846041032,-0.2440953488749808
2021-04-05 00:00:00+05:30,-0.8797948868025108,-0.9511176298767531,0.3322924846185645
2021-04-06 00:00:00+05:30,-0.9400006267073494,-0.9697108168019382,0.3341490003370355
2021-04-07 00:00:00+05:30,-0.9683639053384839,-0.9288751918089422,0.38701866908940097
2021-04-08 00:00:00+05:30,-0.9145961689025799,-0.9321768534260166,0.03023563933722516
2021-04-09 00:00:00+05:30,-0.942610737276444,-0.9686682676631159,0.3307387388831587
2021-04-12 00:00:00+05:30,-1.0210872165063762,-1.0647631663324988,0.5847827781452168
2021-04-13 00:00:00+05:30,-1.0572801988730471,-0.9881304284021794,0.4974498457077966
2021-04-15 00:00:00+05:30,-0.9704517474897915,-0.93738981855796,1.4169417318848287
2021-04-16 00:00:00+05:30,-0.9403488606771625,-0.9660617850971441,0.3915983012090921
2021-04-19 00:00:00+05:30,-1.0259594926406852,-0.9910847199315341,0.730196544152088
2021-04-20 00:00:00+05:30,-0.9730615844019054,-0.9933436129719545,0.42037421928512786
2021-04-22 00:00:00+05:30,-1.018999301783385,-0.9234882124763913,1.2150257373711968
2021-04-23 00:00:00+05:30,-0.9567052500622968,-0.9556356353954255,1.1248418405636653
2021-04-26 00:00:00+05:30,-0.8449937141808389,-0.8821309837572365,3.3036542036606393
2021-04-27 00:00:00+05:30,-0.8754446862063798,-0.8555441154956971,0.40630814697729667
2021-04-28 00:00:00+05:30,-0.8589140456220998,-0.7770000740505085,1.0903687540441214
2021-04-29 00:00:00+05:30,-0.7734776925573378,-0.776652703962789,1.1844409821040955
2021-04-30 00:00:00+05:30,-0.816804934062778,-0.8494621765498752,0.3619975672770193
2021-05-03 00:00:00+05:30,-0.8778807026762409,-0.8624948088175656,-0.06436641730304685
2021-05-04 00:00:00+05:30,-0.8636122538594989,-0.8805670503300871,-0.28314587626652216
2021-05-05 00:00:00+05:30,-0.8683104248835442,-0.8414687146513526,-0.12153637187428183
2021-05-06 00:00:00+05:30,-0.8422096374753003,-0.8227015135255601,-0.14452029337385527
2021-05-07 00:00:00+05:30,-0.810192567018368,-0.8265245594309616,-0.5985377482888955
2021-05-10 00:00:00+05:30,-0.8136729966388706,-0.8051510951770291,-0.5139310302235727
2021-05-11 00:00:00+05:30,-0.8296812649104742,-0.8169673835431214,-0.3811208675896118
2021-05-12 00:00:00+05:30,-0.8408177900381888,-0.8694459410150975,-0.3080473661789307
2021-05-14 00:00:00+05:30,-0.8797948428105012,-0.8605835053026966,-0.4674655473171466
2021-05-17 00:00:00+05:30,-0.8406438748598738,-0.7691808457904252,0.12019285534885038
2021-05-18 00:00:00+05:30,-0.7545109184710094,-0.7358166400941294,0.028729118767633156
2021-05-19 00:00:00+05:30,-0.7576430036147519,-0.7627508784433884,-0.3740865091310534
2021-05-20 00:00:00+05:30,-0.754337064549219,-0.7865576888140122,-0.3749036178400296
2021-05-21 00:00:00+05:30,-0.7743478080726466,-0.703669436612927,0.3863763312740684
2021-05-24 00:00:00+05:30,-0.7014391118249254,-0.6866397442392277,0.11036261595358605
2021-05-25 00:00:00+05:30,-0.6776007782478672,-0.6763876087381165,-0.30055110781858096
2021-05-26 00:00:00+05:30,-0.68021068678535,-0.6687415169273135,-0.33060497666167005
2021-05-27 00:00:00+05:30,-0.6741204001610946,-0.6696102713033603,0.33904900798160725
2021-05-28 00:00:00+05:30,-0.6499337400395517,-0.7015841188974505,-0.35293945768097246
2021-05-31 00:00:00+05:30,-0.6996989547033412,-0.6331184181905974,0.22091748472628112
2021-06-01 00:00:00+05:30,-0.627312992234956,-0.6770825683513876,-0.35809644578783645
2021-06-02 00:00:00+05:30,-0.6831686978294692,-0.6831645072972093,-0.21438747048670975
2021-06-03 00:00:00+05:30,-0.6659421320276926,-0.6765611840630604,-0.533206907263714
2021-06-04 00:00:00+05:30,-0.667508066610225,-0.7028002433612167,-0.2834144930096709
2021-06-07 00:00:00+05:30,-0.6946529988787247,-0.6836856721477046,-0.8542897517878408
2021-06-08 00:00:00+05:30,-0.6849088081727823,-0.7038430119378709,-0.5251043533345807
2021-06-09 00:00:00+05:30,-0.6974367828145703,-0.7257378604801304,-0.22965170192143533
2021-06-10 00:00:00+05:30,-0.7285840355692442,-0.7107937052597394,-0.6158157363541856
2021-06-11 00:00:00+05:30,-0.6988292423457951,-0.7271282185823359,-0.7440686327069849
2021-06-14 00:00:00+05:30,-0.7277142039895111,-0.7290397415350366,-0.6567634308869305
2021-06-15 00:00:00+05:30,-0.7254521343349769,-0.6937644517617036,-0.5910645358094628
2021-06-16 00:00:00+05:30,-0.6956969375948252,-0.7118364738363935,-0.7753294256677433
2021-06-17 00:00:00+05:30,-0.7369364652743949,-0.7365118191452321,-0.6907985701087839
2021-06-18 00:00:00+05:30,-0.7385026179851019,-0.7455478301825771,-0.3809538794032943
2021-06-21 00:00:00+05:30,-0.7724333987460679,-0.7425935386532222,-0.412178705677769
2021-06-22 00:00:00+05:30,-0.7301503165748114,-0.7439841161932594,-0.2714366041937268
2021-06-23 00:00:00+05:30,-0.7345001224669574,-0.7653573610093601,-0.597816147755261
2021-06-24 00:00:00+05:30,-0.7579909601496928,-0.7328625680026063,-0.4568893769828206
2021-06-25 00:00:00+05:30,-0.7263221211211245,-0.6809053948189573,-0.30802069340527904
2021-06-28 00:00:00+05:30,-0.6744685950442002,-0.6763876087381165,-0.5114614940727062
2021-06-29 00:00:00+05:30,-0.6908249117049673,-0.7118364738363935,-0.5014891258184088
2021-06-30 00:00:00+05:30,-0.7186659231311201,-0.743810101992652,-0.3465132082375649
2021-07-01 00:00:00+05:30,-0.7338043887476902,-0.7439841161932594,-0.6305754518974895
2021-07-02 00:00:00+05:30,-0.7397204182427461,-0.7113150895480664,-0.5941316025383379
2021-07-05 00:00:00+05:30,-0.703179355885212,-0.6849022354871345,-0.8692335321374205
2021-07-06 00:00:00+05:30,-0.694653185665037,-0.6763876087381165,-0.7293470750976585
2021-07-07 00:00:00+05:30,-0.6748164789721665,-0.6635285517953702,-0.8402946305691282
2021-07-08 00:00:00+05:30,-0.6762083417291257,-0.7055805206899641,-0.6104869997642901
2021-07-09 00:00:00+05:30,-0.714489768822691,-0.7172234531689443,-0.8910606259752197
2021-07-12 00:00:00+05:30,-0.691869222542048,-0.690463009582461,-0.8968723437809258
2021-07-13 00:00:00+05:30,-0.6600258805645777,-0.625472765255458,0.07276443242141514
2021-07-14 00:00:00+05:30,-0.63618716759396,-0.6275580829709345,-0.5450820341188474
2021-07-15 00:00:00+05:30,-0.625399035544819,-0.6167843437436645,-0.8022976399566931
2021-07-16 00:00:00+05:30,-0.617220387467056,-0.641633264377447,-0.7291216032659972
2021-07-19 00:00:00+05:30,-0.6930868536315239,-0.6569250091233895,-0.7360080147250943
2021-07-20 00:00:00+05:30,-0.6826464595790587,-0.7055805206899641,-0.43018615254428505
2021-07-22 00:00:00+05:30,-0.6692481213195095,-0.6567512143606138,-0.4336285271109152
2021-07-23 00:00:00+05:30,-0.6572419827828496,-0.5848107155874059,0.032919388840222885
2021-07-26 00:00:00+05:30,-0.5735452635857546,-0.5844631260618546,0.9212569464703072
2021-07-27 00:00:00+05:30,-0.5730232962698054,-0.5820304382586586,-0.4732749983148937
2021-07-28 00:00:00+05:30,-0.580853409490101,-0.5556173647598949,-0.03739593620613797
2021-07-29 00:00:00+05:30,-0.5229874890065674,-0.5401066210578285,-0.5908264454134962
2021-07-30 00:00:00+05:30,-0.5421840153338245,-0.5575343736583903,-0.3268859759637691
2021-08-02 00:00:00+05:30,-0.5524804119635236,-0.5613683914553811,-0.7188959570024073
2021-08-03 00:00:00+05:30,-0.5561451788209624,-0.5299982173365382,-0.6573594502596329
2021-08-04 00:00:00+05:30,-0.5177518077062863,-0.4454729589103183,0.7456433291877833
2021-08-05 00:00:00+05:30,-0.4427105195495021,-0.4879971580189189,-0.08219886659512335
2021-08-06 00:00:00+05:30,-0.479184072956994,-0.5047277566278918,-0.31436571556348697
2021-08-09 00:00:00+05:30,-0.5058850827890004,-0.4866032889114048,-0.7752054312723827
2021-08-10 00:00:00+05:30,-0.4824999782017745,-0.4933997174375267,-0.6059070654035378
2021-08-11 00:00:00+05:30,-0.47499557515454216,-0.5190186454230515,-0.6886810692339596
2021-08-12 00:00:00+05:30,-0.5194970818563273,-0.49183139525374153,-0.7572705222605567
2021-08-13 00:00:00+05:30,-0.47220364982463076,-0.4798062020717876,-0.45901518948682807
2021-08-16 00:00:00+05:30,-0.48843335833589374,-0.4873000040273301,-0.826747657283922
2021-08-17 00:00:00+05:30,-0.4975082312126797,-0.49235409616905934,-0.7701676017039001
2021-08-18 00:00:00+05:30,-0.49384359688797086,-0.537318224529305,-0.5888441218532972
2021-08-20 00:00:00+05:30,-0.5531784990070236,-0.5638083207070261,-0.4337615887381121
2021-08-23 00:00:00+05:30,-0.531887593163236,-0.5568372196668014,-0.6003294332997373
2021-08-24 00:00:00+05:30,-0.5552724842353384,-0.5158815621798177,-0.6831421995462591
2021-08-25 00:00:00+05:30,-0.4969843589511582,-0.5277325217233324,-0.7047546266703353
2021-08-26 00:00:00+05:30,-0.524558214629076,-0.5007197246302935,-0.6124674343178564
2021-08-27 00:00:00+05:30,-0.510422348294532,-0.4974081883107886,-0.7349433705869886
2021-08-30 00:00:00+05:30,-0.48110363935813766,-0.44895850943043064,-0.6093590361238613
2021-08-31 00:00:00+05:30,-0.44794592665465277,-0.430136668284523,0.06784054773300795
2021-09-01 00:00:00+05:30,-0.4004777351687376,-0.42717359924189663,-0.387855478475717
2021-09-02 00:00:00+05:30,-0.41897640667850367,-0.40887445901130676,-0.773318238086199
2021-09-03 00:00:00+05:30,-0.4104251140862099,-0.41183730861610135,-0.7456739861035919
2021-09-06 00:00:00+05:30,-0.4081564752677559,-0.422816880529588,-1.0225130462019685
2021-09-07 00:00:00+05:30,-0.4238627204222329,-0.43763047024006546,-0.9535479830965549
2021-09-08 00:00:00+05:30,-0.4392202206452148,-0.4235140345211768,-0.8874100828776824
2021-09-09 00:00:00+05:30,-0.4242117411273392,-0.42595374433499,-0.9534942597479251
2021-09-13 00:00:00+05:30,-0.43433361114072333,-0.4707434196189646,-0.8987520565008446
2021-09-14 00:00:00+05:30,-0.4505635912487569,-0.47056918598052533,-1.029172172383037
2021-09-15 00:00:00+05:30,-0.4720291852609,-0.4465190190544492,-0.976667157471019
2021-09-16 00:00:00+05:30,-0.42700410272607126,-0.4017291243326428,-0.40086559607595224
2021-09-17 00:00:00+05:30,-0.38197943013143587,-0.42630265048753213,-0.13505712574742823
2021-09-20 00:00:00+05:30,-0.46190690697356546,-0.4616808566039734,-0.8250390130046471
2021-09-21 00:00:00+05:30,-0.45789346350124965,-0.45523311479256184,-0.6689197174892527
2021-09-22 00:00:00+05:30,-0.44445547165703636,-0.48486007477568505,-0.6892563850939692
2021-09-23 00:00:00+05:30,-0.45841655699692935,-0.4372817835253552,-0.6384783000454295
2021-09-24 00:00:00+05:30,-0.4179295277718338,-0.4165429334809521,-0.5350833708922248
2021-09-27 00:00:00+05:30,-0.41129782319360514,-0.3919696267638946,-0.8425099819875186
2021-09-28 00:00:00+05:30,-0.3777911695903671,-0.43675930204786917,-0.40580489505848105
2021-09-29 00:00:00+05:30,-0.4711564932828658,-0.46342385130186137,-0.5598266376090909
2021-09-30 00:00:00+05:30,-0.4633033360786751,-0.49357417051379776,-0.028327193164587563
2021-10-01 00:00:00+05:30,-0.521242236988143,-0.5232015693725846,-0.5989361775678331
2021-10-04 00:00:00+05:30,-0.5071065306420474,-0.4958396466891717,-0.7469796674880111
2021-10-05 00:00:00+05:30,-0.5212423493700759,-0.5066452044020509,-0.8587578569559461
2021-10-06 00:00:00+05:30,-0.5086771734666221,-0.533135300579772,-0.4277921766587206
2021-10-07 00:00:00+05:30,-0.5053614283514224,-0.488868545648947,-0.6665067759770975
2021-10-08 00:00:00+05:30,-0.47586816349940425,-0.48468562169941404,-0.7161970954463491
2021-10-11 00:00:00+05:30,-0.48982960011215815,-0.4501788032130008,-0.7196945534463846
2021-10-12 00:00:00+05:30,-0.47412336287943607,-0.466561153982927,-0.8679094896085329
2021-10-13 00:00:00+05:30,-0.4484693359885001,-0.46185509024241267,-0.9448543967722292
2021-10-14 00:00:00+05:30,-0.46103452661815425,-0.4013806570557643,-0.7489580619144143
2021-10-18 00:00:00+05:30,-0.3606884107756596,-0.33811738846492884,-0.2657311996813006
2021-10-19 00:00:00+05:30,-0.30484344691952264,-0.3311460679868723,-0.5676550588957083
2021-10-20 00:00:00+05:30,-0.33363838414144154,-0.33672308048175115,-0.46087351865166637
2021-10-21 00:00:00+05:30,-0.3261341652401118,-0.30308721074970246,-0.50590743677168
2021-10-22 00:00:00+05:30,-0.2926276863306038,-0.28984238209867363,-0.4241563678129172
2021-10-25 00:00:00+05:30,-0.14778003542960036,-0.0026307370879652425,5.8379124064947385
2021-10-26 00:00:00+05:30,-0.04760831948138226,-0.045503184035612605,-0.14638270279301988
2021-10-27 00:00:00+05:30,-0.04743398378553838,-0.02598418889811615,0.30496029653165474
2021-10-28 00:00:00+05:30,-0.042722173380476576,-0.15251050664195534,-0.008461946055090378
2021-10-29 00:00:00+05:30,-0.15476078272269875,-0.14083400017471168,-0.23886204490016177
2021-11-01 00:00:00+05:30,-0.12090487678554777,-0.13438560004980474,-0.5633766855537764
2021-11-02 00:00:00+05:30,-0.11636768274691273,-0.14466823740953433,-0.7110187237844047
2021-11-03 00:00:00+05:30,-0.12683821709263937,-0.1969514952112196,-0.5306796430701568
2021-11-04 00:00:00+05:30,-0.18791859149471396,-0.21037121581418303,-1.1872861833421398
2021-11-08 00:00:00+05:30,-0.17221219148869601,-0.21716786377813668,-0.3698234745229778
2021-11-09 00:00:00+05:30,-0.20362504329547035,-0.1948604721121167,-0.663272192140048
2021-11-10 00:00:00+05:30,-0.20868610154342168,-0.21455392032588422,-0.706871220821976
2021-11-11 00:00:00+05:30,-0.22910426399575437,-0.24749263606634408,-0.7285032180547654
2021-11-12 00:00:00+05:30,-0.2430655857425969,-0.22954218255046455,-0.26312399272705383
2021-11-15 00:00:00+05:30,-0.22805704271403068,-0.24104423594143715,-0.5990288900133587
2021-11-16 00:00:00+05:30,-0.24097119195161895,-0.2732857976903082,-0.45914764663190255
2021-11-17 00:00:00+05:30,-0.2842507107684559,-0.28287106162061715,-0.5444266999378828
2021-11-18 00:00:00+05:30,-0.2702895473218811,-0.27729404912573835,0.13464632513688513
2021-11-22 00:00:00+05:30,-0.25842284259965437,-0.31528707644575926,0.11646660086548045
2021-11-23 00:00:00+05:30,-0.35388222238985867,-0.31580977736107707,0.45718718054028
2021-11-24 00:00:00+05:30,-0.3214224565816447,-0.28670507941760803,0.326723088583682
2021-11-25 00:00:00+05:30,-0.3051924815982203,-0.31859817388960054,-0.08407487686204232
2021-11-26 00:00:00+05:30,-0.36068851723688006,-0.4191570963710364,0.009455584095716216
2021-11-29 00:00:00+05:30,-0.40344481261827936,-0.43240236389772874,-0.22549739853512937
2021-11-30 00:00:00+05:30,-0.43834771289149305,-0.4465190190544492,0.38562193758529284
2021-12-01 00:00:00+05:30,-0.43956910702797664,-0.3999863490725866,-0.27560601963309317
2021-12-02 00:00:00+05:30,-0.4109489149169045,-0.41845994237944756,0.23138273259114375
2021-12-03 00:00:00+05:30,-0.425259136040401,-0.43972215165266376,0.09579882817821034
2021-12-06 00:00:00+05:30,-0.43049420051413856,-0.46324939822559036,0.09570974262541924
2021-12-07 00:00:00+05:30,-0.4374749586779789,-0.3757615096324077,0.8803443874609278
2021-12-08 00:00:00+05:30,-0.32962463003052445,-0.3104069985046375,1.1009129623862246
2021-12-09 00:00:00+05:30,-0.2907079604306801,-0.30483020544759043,-0.2157210336090254
2021-12-10 00:00:00+05:30,-0.2996082526746463,-0.29437355388725334,-0.8488922553565205
2021-12-13 00:00:00+05:30,-0.2769212111590089,-0.3083157559677028,-0.15163935488981725
2021-12-14 00:00:00+05:30,-0.318630656513255,-0.2921080777118794,-0.10384423799487122
2021-12-15 00:00:00+05:30,-0.2957690923265217,-0.3144156888157312,-0.8692205357717885
2021-12-16 00:00:00+05:30,-0.29472156084333573,-0.3531052118138456,-0.3580950101427957
2021-12-17 00:00:00+05:30,-0.35021776975082963,-0.39789532597348376,-0.4257537873816676
2021-12-20 00:00:00+05:30,-0.43363556247939977,-0.46185509024241267,-0.14827918989183567
2021-12-21 00:00:00+05:30,-0.4270041629248105,-0.4256054964959433,-0.32483942617806344
2021-12-22 00:00:00+05:30,-0.4051898667609684,-0.38221012919514635,-0.6814820649573081
2021-12-23 00:00:00+05:30,-0.3605138217315747,-0.3874382355374831,-0.6700958885789442
2021-12-24 00:00:00+05:30,-0.37848885780097746,-0.40207781104735313,-0.7602664112195171
2021-12-27 00:00:00+05:30,-0.4130431131874094,-0.3710563236432205,-0.824154655659552
2021-12-28 00:00:00+05:30,-0.35580189836973614,-0.3717532581969775,-0.0777331793555077
2021-12-29 00:00:00+05:30,-0.36417891746497844,-0.3721019449116878,-0.8855163915086828
2021-12-30 00:00:00+05:30,-0.3805833658544955,-0.3721019449116878,-0.3427587697752373
2021-12-31 00:00:00+05:30,-0.3692397782660166,-0.3565909817717897,-0.8983629966948045
2022-01-03 00:00:00+05:30,-0.3465527604883908,-0.2710201020771025,-0.6958584632747348
2022-01-04 00:00:00+05:30,-0.25964420009168665,-0.24261277756305408,-0.5098788087556898
2022-01-05 00:00:00+05:30,-0.24201815444389888,-0.18963192689411637,0.06641351656251368
2022-01-06 00:00:00+05:30,-0.2348632290269536,-0.20008879789228523,-0.44160028622081066
2022-01-07 00:00:00+05:30,-0.175004484932008,-0.1715070203019658,-0.49961976485483645
2022-01-10 00:00:00+05:30,-0.14690781255187169,-0.11050966676216784,-0.6012581445205647
2022-01-11 00:00:00+05:30,-0.11374974671854295,-0.11085791460121458,-0.671001705039385
2022-01-12 00:00:00+05:30,-0.08286055908446502,-0.0651968516872119,-0.44033230940877716
2022-01-13 00:00:00+05:30,-0.07448377641040405,-0.06188553480553881,-0.717079639345077
2022-01-14 00:00:00+05:30,-0.07448388490581319,-0.078267885575465,-0.8545539860356021
2022-01-17 00:00:00+05:30,-0.07797416889403384,-0.08070781482711001,-0.9172798869144957
2022-01-18 00:00:00+05:30,-0.07448396132496873,-0.06746276673824943,-0.6065423761141973
2022-01-19 00:00:00+05:30,-0.0919353317628999,-0.11800346871771032,-0.18484068658406264
2022-01-20 00:00:00+05:30,-0.13730926061467258,-0.11225222258439223,-0.40007334669426037
2022-01-21 00:00:00+05:30,-0.1373093429717402,-0.13229435751287005,-0.5126110679490115
2022-01-24 00:00:00+05:30,-0.10240620254097839,-0.15338189427198343,0.8122655707072419
2022-01-25 00:00:00+05:30,-0.1861732471650173,-0.14222786928222575,0.04917247746695622
2022-01-27 00:00:00+05:30,-0.19350305913612267,-0.1666271617986758,0.3870398259636856
2022-01-28 00:00:00+05:30,-0.13469149703803715,-0.21368231325802434,-0.3619411032069347
2022-01-31 00:00:00+05:30,-0.18634763328226836,-0.18701754456620034,-0.3051050494480694
2022-02-01 00:00:00+05:30,-0.1406250901314362,-0.11207798894595297,0.0883428434392666
2022-02-02 00:00:00+05:30,-0.09542597189424663,-0.10005301520183078,-0.5778877322639713
2022-02-03 00:00:00+05:30,-0.09874146260409973,-0.11678339437297193,-0.6881331817502545
2022-02-04 00:00:00+05:30,-0.11357514401749297,-0.13037712917654282,-0.6459152435975172
2022-02-07 00:00:00+05:30,-0.15458615075090598,-0.1953829535896027,-0.317583147220313
2022-02-08 00:00:00+05:30,-0.18268294920761782,-0.17412096375421826,-0.31886109798736634
2022-02-09 00:00:00+05:30,-0.15737852497857707,-0.1382198372846274,-0.7561406696134952
2022-02-10 00:00:00+05:30,-0.1270127214420445,-0.1288085875549259,-0.4308930943864509
2022-02-11 00:00:00+05:30,-0.15877466341370633,-0.18004666296380742,-0.4325072883340983
2022-02-14 00:00:00+05:30,-0.24550850781886271,-0.30936137723617013,-0.20338982499252897
2022-02-15 00:00:00+05:30,-0.3119985505091822,-0.2314587525732964,0.0013787206567856375
2022-02-16 00:00:00+05:30,-0.2325943882413279,-0.2732857976903082,-0.628104404541317
2022-02-17 00:00:00+05:30,-0.2647050768881067,-0.3210381031412456,-0.16461592373225836
2022-02-18 00:00:00+05:30,-0.3332897266423154,-0.32609219528297484,-0.7493194666633539
2022-02-21 00:00:00+05:30,-0.33538373546333466,-0.3067472143460859,-0.596567061009553
2022-02-22 00:00:00+05:30,-0.3627824291550058,-0.31772678625957246,-0.4311499992884778
2022-02-23 00:00:00+05:30,-0.30623980910943527,-0.3410802380697234,-0.5469150505948095
2022-02-24 00:00:00+05:30,-0.45178510827823887,-0.4707434196189646,0.692184290366062
2022-02-25 00:00:00+05:30,-0.40972693022094797,-0.39179517368762357,-0.1455791193715327
2022-02-28 00:00:00+05:30,-0.41670782325201255,-0.3477028718330696,0.12732053073505678
2022-03-02 00:00:00+05:30,-0.4374751499710818,-0.444776243794393,0.4828361125970563
2022-03-03 00:00:00+05:30,-0.4353808776307764,-0.5024622804525178,0.32703862825158325
2022-03-04 00:00:00+05:30,-0.528222952153067,-0.538189612159333,-0.012481752169158715
2022-03-07 00:00:00+05:30,-0.6242058004464829,-0.657744389987284,0.6753168967824231
2022-03-08 00:00:00+05:30,-0.6947101604825106,-0.61853194663602,0.5934928366073784
2022-03-09 00:00:00+05:30,-0.6200177270357845,-0.6099923039741784,1.1232960286561162
2022-03-10 00:00:00+05:30,-0.517926701700657,-0.5780996483778494,1.2918709049846944
2022-03-11 00:00:00+05:30,-0.5852887964332903,-0.5735675988379426,0.12726703406722295
2022-03-14 00:00:00+05:30,-0.5732478647132744,-0.5099563018458921,0.43723466132435895
2022-03-15 00:00:00+05:30,-0.4915745915574271,-0.5057735973341909,0.6688721350740164
2022-03-16 00:00:00+05:30,-0.4727271412455292,-0.4686523965198617,-0.32043025801689373
2022-03-17 00:00:00+05:30,-0.434682858051757,-0.4264768841259714,-0.040241006875555554
2022-03-21 00:00:00+05:30,-0.4235136292378907,-0.45906669371388914,-0.453027114021907
2022-03-22 00:00:00+05:30,-0.4666189202750452,-0.43309929845148576,-0.5365273275621467
2022-03-23 00:00:00+05:30,-0.40955239408821076,-0.4327506117367755,-0.8857181374170392
2022-03-24 00:00:00+05:30,-0.4882587048797626,-0.4818972251708905,-0.08571884155421872
2022-03-25 00:00:00+05:30,-0.47935858664780745,-0.49915096357084476,-0.271972024233657
2022-03-28 00:00:00+05:30,-0.4898295322906904,-0.4604612211348986,-0.382051316696541
2022-03-29 00:00:00+05:30,-0.4468987902054103,-0.4432074827349443,-0.5571087348661766
2022-03-30 00:00:00+05:30,-0.4233392000274943,-0.388832324082829,0.09763199577470305
2022-03-31 00:00:00+05:30,-0.3575469149507129,-0.3909237860575955,-0.21277992584240893
2022-04-01 00:00:00+05:30,-0.40955238714691594,-0.3701844971375288,-0.46874296916234287
2022-04-04 00:00:00+05:30,-0.35021754391284604,-0.3341091370294987,-0.12620191601562136
2022-04-05 00:00:00+05:30,-0.33346425436252997,-0.3508399550763034,-0.4965836778347353
2022-04-06 00:00:00+05:30,-0.3840733724473636,-0.35153688963006047,-0.40381448654989477
2022-04-07 00:00:00+05:30,-0.3673201403475883,-0.32731226962771326,-0.2852579368022447
2022-04-08 00:00:00+05:30,-0.322818741975585,-0.3072701346992354,-0.2555227055979343
2022-04-11 00:00:00+05:30,-0.3142673749424119,-0.28879654139237454,-0.42661487216504956
2022-04-12 00:00:00+05:30,-0.2978630257416505,-0.273982951681897,-0.3658939629259454
2022-04-13 00:00:00+05:30,-0.25388529751080424,-0.27955974473894407,-0.20722073044334222
2022-04-18 00:00:00+05:30,-0.3188051130763456,-0.295070927316674,-0.09149459267364109
2022-04-19 00:00:00+05:30,-0.281109688142717,-0.2654433090200554,0.9237957713844556
2022-04-20 00:00:00+05:30,-0.26365815498786416,-0.302913196549095,-0.21747833869915487
2022-04-21 00:00:00+05:30,-0.2907079189672642,-0.27921127746206553,-0.7487504223053644
2022-04-22 00:00:00+05:30,-0.2978630736994378,-0.33044913343311527,-0.3363040341118108
2022-04-25 00:00:00+05:30,-0.3304971776897665,-0.31458970301633865,1.2509037914637668
2022-04-26 00:00:00+05:30,-0.2594697080587313,-0.30918714359773086,-0.01019295617289473
2022-04-27 00:00:00+05:30,-0.3257854279209128,-0.36861617495374366,0.19487503480781185
2022-04-28 00:00:00+05:30,-0.3603392875107998,-0.33219168925533965,-0.016083256654514978
2022-04-29 00:00:00+05:30,-0.3219459019818199,-0.3456111904204713,0.052733859451437104
2022-05-02 00:00:00+05:30,-0.38512061988605806,-0.3536283516048269,-0.6013816099940682
2022-05-04 00:00:00+05:30,-0.33555837161581414,-0.4120117616923724,-0.5024944551482524
2022-05-05 00:00:00+05:30,-0.3893087326951649,-0.396152111837764,-0.7360223711755016
2022-05-06 00:00:00+05:30,-0.4400927565515246,-0.42943951429293414,-0.48414388911699985
2022-05-09 00:00:00+05:30,-0.4783115871388763,-0.4604612211348986,-0.43874244586655703
2022-05-10 00:00:00+05:30,-0.4793586554236771,-0.4571499042532255,-0.4582725076391744
2022-05-11 00:00:00+05:30,-0.4339848312922764,-0.447041719969767,-0.4039119592921344
2022-05-12 00:00:00+05:30,-0.4704585068372248,-0.5111763761906305,-0.1645133128919782
2022-05-13 00:00:00+05:30,-0.48843342383969074,-0.5754852660499333,-0.2376649436169816
2022-05-16 00:00:00+05:30,-0.5781342853423083,-0.5557918178361658,-0.7432704140643341
2022-05-17 00:00:00+05:30,-0.5453251537160678,-0.4616808566039734,-0.4607181667462054
2022-05-18 00:00:00+05:30,-0.45370516887350065,-0.47091809213306746,-0.530992160327446
2022-05-19 00:00:00+05:30,-0.5208930213106121,-0.5303466846134167,-0.16633756437716526
2022-05-20 00:00:00+05:30,-0.5149594948688897,-0.46324939822559036,-0.5415316839331006
2022-05-23 00:00:00+05:30,-0.46347783032353845,-0.4580212918832536,-0.1075948984439337
2022-05-24 00:00:00+05:30,-0.45824252868768717,-0.46812947616671213,-0.38402986224347485
2022-05-25 00:00:00+05:30,-0.45475213803936687,-0.45000456957456153,-0.6350706832008383
2022-05-26 00:00:00+05:30,-0.41653323672141573,-0.3971979525440631,-0.3652340951290627
2022-05-27 00:00:00+05:30,-0.3797106717899421,-0.3578110561165281,-0.8124082834964934
2022-05-30 00:00:00+05:30,-0.32665784616925214,-0.32748628382832073,-0.8488362651999316
2022-05-31 00:00:00+05:30,-0.35370798988386654,-0.31232444627879646,0.10652483451863032
2022-06-01 00:00:00+05:30,-0.3292756674715769,-0.31302116139472175,-0.6619321308349163
2022-06-02 00:00:00+05:30,-0.3186302298884004,-0.32312934567818025,-0.597882187427135
2022-06-03 00:00:00+05:30,-0.3008298891933645,-0.3421260787760225,-0.7781665625093042
2022-06-06 00:00:00+05:30,-0.35650004100729005,-0.33358621667634913,-0.7370587557743843
2022-06-07 00:00:00+05:30,-0.353708010806063,-0.37367048653330476,-0.6742620549269026
2022-06-08 00:00:00+05:30,-0.3690652750489542,-0.39371240202395075,-0.7173078313462891
2022-06-09 00:00:00+05:30,-0.40955273825316346,-0.3823843628335856,-0.8627504613745057
2022-06-10 00:00:00+05:30,-0.4104252301927082,-0.4268253514028499,-0.8214605544002079
2022-06-13 00:00:00+05:30,-0.48895686000819705,-0.5383636263599405,-0.16924678571182428
2022-06-14 00:00:00+05:30,-0.5582393781926566,-0.5470777220980532,-0.41662527617026324
2022-06-15 00:00:00+05:30,-0.5404389788774674,-0.5409780086878566,-0.7301253458302694
2022-06-16 00:00:00+05:30,-0.49681025241714616,-0.5714767951766715,-0.4250395917540327
2022-06-17 00:00:00+05:30,-0.5971565484378722,-0.542372536108866,-0.19092563030910095
2022-06-20 00:00:00+05:30,-0.5456743955247968,-0.5455091804764363,-0.5955184356476914
2022-06-21 00:00:00+05:30,-0.5297933834441628,-0.5101305354843314,-0.41881274585075723
2022-06-22 00:00:00+05:30,-0.5168792244860153,-0.5432434848632306,-0.9085489738191107
2022-06-23 00:00:00+05:30,-0.5310151869048985,-0.4994996502855551,-0.2948361827127267
2022-06-24 00:00:00+05:30,-0.4587658526790879,-0.44965588285985125,-0.6049110299863263
2022-06-27 00:00:00+05:30,-0.3961150268638194,-0.43606214805628035,-0.7992150833734313
2022-06-28 00:00:00+05:30,-0.45824236351109315,-0.46063545477333784,-0.7950814834998181
2022-06-29 00:00:00+05:30,-0.4795329224384831,-0.48695131731261976,-0.7020950564522342
2022-06-30 00:00:00+05:30,-0.4872117292579514,-0.4714405736105534,-0.520761980447938
2022-07-01 00:00:00+05:30,-0.48476861639629254,-0.48294306587718966,-0.6783432915366615
2022-07-04 00:00:00+05:30,-0.4798822766357429,-0.4264768841259714,-0.7978166895434865
2022-07-05 00:00:00+05:30,-0.41635876712081915,-0.4287423603013453,-0.5593005114817928
2022-07-06 00:00:00+05:30,-0.4165333937125201,-0.406086281920615,-0.5061691019704211
2022-07-07 00:00:00+05:30,-0.371333482968518,-0.350142362209051,-0.6413853301323947
2022-07-08 00:00:00+05:30,-0.31775779583105623,-0.30239027619594544,-0.6849320711107337
2022-07-11 00:00:00+05:30,-0.30484375420818643,-0.2542895034681295,-0.4852358860711449
2022-07-12 00:00:00+05:30,-0.26871923207742093,-0.2877509201239072,-0.6530358918790504
2022-07-13 00:00:00+05:30,-0.2708133895371277,-0.3111043719340581,-0.7698299984385305
2022-07-14 00:00:00+05:30,-0.3222952816411204,-0.31389276846258163,-0.8929614200091578
2022-07-15 00:00:00+05:30,-0.3109515618959854,-0.318075253536451,-0.944835355585373
2022-07-18 00:00:00+05:30,-0.2900098247472133,-0.24557540773001685,-0.8173391197293084
2022-07-19 00:00:00+05:30,-0.26016779201059287,-0.2154250885180805,-0.4561438238450854
2022-07-20 00:00:00+05:30,-0.18442831618418234,-0.20688566529407068,-0.8092680744308061
2022-07-21 00:00:00+05:30,-0.20048367437787865,-0.19677748101061213,-0.7971664179002972
2022-07-22 00:00:00+05:30,-0.18582448503891522,-0.14780510121493637,-0.498283254882174
2022-07-25 00:00:00+05:30,-0.13730925451349354,-0.1448422516101418,0.16409692082180274
2022-07-26 00:00:00+05:30,-0.1421958735574392,-0.1608761351031895,-0.8680565298848106
2022-07-27 00:00:00+05:30,-0.16523164272041524,-0.14623655959331947,-0.7046635765506464
2022-07-28 00:00:00+05:30,-0.12352242331698025,-0.09708994615920442,-0.5846773510232164
2022-07-29 00:00:00+05:30,-0.07570559396905092,-0.0831479635165868,-0.586832707590957
2022-08-01 00:00:00+05:30,-0.07553122926973482,-0.06641714546978209,-0.8226630960224899
2022-08-02 00:00:00+05:30,-0.0779743507920866,-0.08611059368354959,-0.5860182434912663
2022-08-03 00:00:00+05:30,-0.08582747263719652,-0.06153728696649207,-0.5884963935123773
2022-08-04 00:00:00+05:30,-0.06401299283041306,-0.07739649794543692,-0.5854915884421111
2022-08-05 00:00:00+05:30,-0.06715433484051936,-0.014830383346190263,-0.2120138203125116
2022-08-08 00:00:00+05:30,-0.002512552433458991,-0.0016810101519890237,-0.5077242833508675
2022-08-10 00:00:00+05:30,0.016975230554409793,0.039695748534194865,0.36239765888179365
2022-08-11 00:00:00+05:30,0.07982617470220121,0.07809166371337761,0.296572427040741
2022-08-12 00:00:00+05:30,0.09352015842408526,0.1296371715245934,-0.6097380464146163
2022-08-16 00:00:00+05:30,0.15496697415985905,0.1466436034881232,-0.38215181184939273
2022-08-17 00:00:00+05:30,0.15619588631033765,0.1606696308203154,-0.740820976944038
2022-08-18 00:00:00+05:30,0.15180649066023394,0.16715621312795337,-0.432548997600545
2022-08-19 00:00:00+05:30,0.1674317508000568,0.11561114419240116,-0.610165264154634
2022-08-22 00:00:00+05:30,0.09913778281370692,0.05196802871474154,-0.3788885906717937
2022-08-23 00:00:00+05:30,0.028210880994823242,0.09281901435596263,-0.42370852212047205
2022-08-24 00:00:00+05:30,0.06929247568644943,0.12577989331743303,-0.6323112223120079
2022-08-25 00:00:00+05:30,0.1263501237841905,0.12244860759306729,-0.6826555158774487
2022-08-26 00:00:00+05:30,0.12933484165757458,0.11718890220295315,-0.9736459558231824
2022-08-29 00:00:00+05:30,0.04471381335465986,0.06459162886397998,-0.8392688999676531
2022-08-30 00:00:00+05:30,0.08140631161198049,0.17487076954227404,-0.47736794676577443
2022-09-01 00:00:00+05:30,0.09018437933926086,0.1294616212591634,-0.22553449862539268
2022-09-02 00:00:00+05:30,0.12915891103284527,0.12262393842066549,-0.7904456345427422
2022-09-05 00:00:00+05:30,0.12020548663983638,0.15786433757874424,-0.7644744379544528
2022-09-06 00:00:00+05:30,0.15865354549596725,0.1620720580032692,-0.6787643888951898
2022-09-07 00:00:00+05:30,0.14478429298992312,0.1359488618802967,-0.759188166233657
2022-09-08 00:00:00+05:30,0.16918754936034489,0.21519554326286874,-0.506201366203705
2022-09-09 00:00:00+05:30,0.2557396406664751,0.22378631493951687,-0.6744647075584427
2022-09-12 00:00:00+05:30,0.23783199068144603,0.2446498056723752,-0.9706044284639795
2022-09-13 00:00:00+05:30,0.2690823270241176,0.2544681125800425,-0.6393862321932987
2022-09-14 00:00:00+05:30,0.2139557490374245,0.28287060946179154,-0.31353470376569514
2022-09-15 00:00:00+05:30,0.2903252547503226,0.2811173011858096,-0.19716041004023316
2022-09-16 00:00:00+05:30,0.27241802473382065,0.2513121576832749,-0.5210297660281684
2022-09-19 00:00:00+05:30,0.23748104519531732,0.21659797044582255,-0.5762797342580787
2022-09-20 00:00:00+05:30,0.25240388436748973,0.278136896554472,-0.5116751785029804
2022-09-21 00:00:00+05:30,0.2622353573259163,0.2728771911643579,-0.7514296381924439
2022-09-22 00:00:00+05:30,0.2411680749042091,0.23132554052623935,-0.5845903811578538
2022-09-23 00:00:00+05:30,0.2260696135966365,0.15716301426835147,-0.2217614723378008
2022-09-26 00:00:00+05:30,0.11476313665576658,0.08282537662069715,-0.35164027447936924
2022-09-27 00:00:00+05:30,0.0970312037538128,0.05302001368033073,-0.48121335978752566
2022-09-28 00:00:00+05:30,0.023470822749799638,0.042325491510336044,-0.5629960884974501
2022-09-29 00:00:00+05:30,0.0726281165359078,0.02268909713283328,-0.38224301308961234
2022-09-30 00:00:00+05:30,0.023119598262960513,0.08615644290723112,-0.4297400447379418
2022-10-03 00:00:00+05:30,0.07859734716635737,0.0382928824755775,-0.8032348139272343
2022-10-04 00:00:00+05:30,0.09720673507295562,0.10596816811233208,-0.7470883231495155
2022-10-06 00:00:00+05:30,0.12547229151216568,0.16838374835897252,-0.5097079669958419
2022-10-07 00:00:00+05:30,0.1400439833330869,0.15821477979610885,-0.6918798375052561
2022-10-10 00:00:00+05:30,0.12178554502421733,0.15540970599236947,-0.8693075811974165
2022-10-11 00:00:00+05:30,0.16128704936728497,0.11631224806496217,-0.5842592760753003
2022-10-12 00:00:00+05:30,0.10756498855435176,0.10842258026087506,-0.3252779023976112
2022-10-13 00:00:00+05:30,0.08790201647803941,0.05670196105989288,-0.5515361653001514
2022-10-14 00:00:00+05:30,0.16321828243615832,0.11508515170960656,-0.8056894647058362
2022-10-17 00:00:00+05:30,0.12178571319658583,0.16750731365881333,-0.7499707961502575
2022-10-18 00:00:00+05:30,0.2062309914445236,0.20853319125196904,-0.8133957050434604
2022-10-19 00:00:00+05:30,0.22027575643459593,0.19170165124037386,-1.007441266762967
2022-10-20 00:00:00+05:30,0.1839347373073398,0.1796047018874254,-0.8126697975747037
2022-10-21 00:00:00+05:30,0.1779654845500288,0.2444746942826088,-0.13900106935513332
2022-10-24 00:00:00+05:30,0.30788142857232753,0.311623767998737,-1.093535539771291
2022-10-25 00:00:00+05:30,0.3677483905477897,0.30724093618444565,-0.22851633337500693
2022-10-27 00:00:00+05:30,0.31156848469654586,0.30496185486350086,-0.21017619466036605
2022-10-28 00:00:00+05:30,0.28330286041003944,0.2469291064311518,-0.6806709255092908
2022-10-31 00:00:00+05:30,0.2643420320210814,0.24990973050032114,-0.7451430241193145
2022-11-01 00:00:00+05:30,0.29383668954944925,0.24955906884512474,-0.6829628950366974
2022-11-02 00:00:00+05:30,0.29243192456900174,0.2358837031681289,-0.8441168465894318
2022-11-03 00:00:00+05:30,0.22378715164303548,0.24973439967272293,-0.7435165138484229
2022-11-04 00:00:00+05:30,0.24222133267993964,0.23798767309930727,-0.8888211708321979
2022-11-07 00:00:00+05:30,0.25609074168129725,0.28076685896844494,-0.5865133899097906
2022-11-09 00:00:00+05:30,0.2903253770140917,0.25622142085602445,-0.5494745034613854
2022-11-10 00:00:00+05:30,0.24661032117557333,0.25692274416641725,-0.6689101968958246
2022-11-11 00:00:00+05:30,0.311041792225733,0.24237072435143042,-0.0710988369414583
2022-11-14 00:00:00+05:30,0.23765669114370344,0.20169550841347111,-0.4700682962157406
2022-11-15 00:00:00+05:30,0.22203151603988439,0.2604291412805494,-0.27847746083510116
2022-11-16 00:00:00+05:30,0.26416659712343765,0.26709149329144916,-0.4423374521690973
2022-11-17 00:00:00+05:30,0.265746557158038,0.28883163816229845,-0.4743838452082011
2022-11-18 00:00:00+05:30,0.28962286905469187,0.29076005782804687,-0.6036019483899685
2022-11-21 00:00:00+05:30,0.26943339281886497,0.2944422246454408,-0.7266410353163967
2022-11-22 00:00:00+05:30,0.3034924000353297,0.30250700383929474,-0.5747040760457354
2022-11-23 00:00:00+05:30,0.31490397618150434,0.3156563770334955,-0.5971307405887062
2022-11-24 00:00:00+05:30,0.31683513997350565,0.3556302696610625,-0.6058435192204188
2022-11-25 00:00:00+05:30,0.36160326709051926,0.32564957589309745,-0.6836207227064169
2022-11-28 00:00:00+05:30,0.3043703495383355,0.3505461145363779,-0.7163822180963392
2022-11-29 00:00:00+05:30,0.33790241744516497,0.38333144323241836,-0.4356477996408468
2022-11-30 00:00:00+05:30,0.3888154883500786,0.40489647671350126,0.1508304272413977
2022-12-01 00:00:00+05:30,0.41673013058050373,0.3603642020062134,-0.22228011799883396
2022-12-02 00:00:00+05:30,0.3192928971904694,0.3267015608586866,-0.35011138807124786
2022-12-05 00:00:00+05:30,0.35001644322985276,0.3372211910767463,-0.5952489877416243
2022-12-06 00:00:00+05:30,0.30788172094079863,0.2988254953353957,-0.048471937695436985
2022-12-07 00:00:00+05:30,0.29734792407592203,0.29707218705941374,-0.24079162739517987
2022-12-08 00:00:00+05:30,0.30788134520742977,0.3312601623762398,-0.659304295928242
2022-12-09 00:00:00+05:30,0.33246024383788786,0.32424736814797545,-0.7017343317456823
2022-12-12 00:00:00+05:30,0.30805679232610794,0.32564957589309745,-0.783450340741345
2022-12-13 00:00:00+05:30,0.32368211894268195,0.3349421097558019,-0.6382781409026443
2022-12-14 00:00:00+05:30,0.3465053854609919,0.2956695404386282,-0.49435948586530454
2022-12-15 00:00:00+05:30,0.27628022678379865,0.25026017271768575,-0.7505147545001669
2022-12-16 00:00:00+05:30,0.2394121418212374,0.22641605791565803,-0.7333238874207699
2022-12-19 00:00:00+05:30,0.2481903299760614,0.24202006269623402,-0.8951873498646904
2022-12-20 00:00:00+05:30,0.24116780993397138,0.2534161276144533,-0.9428471383244805
2022-12-21 00:00:00+05:30,0.2560906473718513,0.19222786316100024,-0.5683088063111016
2022-12-22 00:00:00+05:30,0.22185616801269314,0.1866177155535215,-0.6856372750667976
2022-12-23 00:00:00+05:30,0.16058474961238542,0.1454162876949358,-0.5896116630282353
2022-12-26 00:00:00+05:30,0.15373786000253556,0.195559148885366,-0.9006219463862741
2022-12-27 00:00:00+05:30,0.2120244428540211,0.2216823450083385,-1.047872129081046
2022-12-28 00:00:00+05:30,0.2060555522826568,0.21572153574566336,-0.7466950319686183
2022-12-29 00:00:00+05:30,0.21272691270706748,0.24763042974154456,-0.5189624371695047
2022-12-30 00:00:00+05:30,0.24994587760424355,0.1873185999882507,-0.693181211954553
2023-01-02 00:00:00+05:30,0.19903306256405295,0.2279942548018736,-1.099175886895292
2023-01-03 00:00:00+05:30,0.21483365412062055,0.22413697659471324,-0.9834589674779578
2023-01-04 00:00:00+05:30,0.21658921391163613,0.21624730879062615,-0.4841773623145286
2023-01-05 00:00:00+05:30,0.22326062454115178,0.1462929418329268,-0.17493836269570018
2023-01-06 00:00:00+05:30,0.14618889941304952,0.11455915922681198,-0.3066083964865187
2023-01-09 00:00:00+05:30,0.12968597464496273,0.12595522414503124,-0.15494080956165912
2023-01-10 00:00:00+05:30,0.1337238016649493,0.08387714214845456,-0.40744137928439256
2023-01-11 00:00:00+05:30,0.0898333855025712,0.10123445520501254,-0.24964751716937444
2023-01-12 00:00:00+05:30,0.09896257718546954,0.08142294943774336,-0.16649034723360598
2023-01-13 00:00:00+05:30,0.09615351627868934,0.12630588580022764,-0.5772282422684152
2023-01-16 00:00:00+05:30,0.14021970533631847,0.09755272726328218,-0.7966016804774297
2023-01-17 00:00:00+05:30,0.10405382992959188,0.09720206560808578,-0.47131118701969377
2023-01-18 00:00:00+05:30,0.09527569150884314,0.1124551892956336,-0.5703677479803168
2023-01-19 00:00:00+05:30,0.1077404994521064,0.10070846272221794,-0.9193971611085241
2023-01-20 00:00:00+05:30,0.12705238397895183,0.11543559392697117,-0.811158365587867
2023-01-23 00:00:00+05:30,0.1568982257550778,0.1201697457099543,-0.1496118462909677
2023-01-24 00:00:00+05:30,0.1463641927235128,0.11683824054775675,-0.5559967900019919
2023-01-25 00:00:00+05:30,0.12635013716830476,0.0626629897603998,-0.2980041979560452
2023-01-27 00:00:00+05:30,0.00644145411091273,-0.0709340537992956,1.5759053424669878
2023-01-30 00:00:00+05:30,-0.13102412168151686,-0.04884346671108165,1.3176976303457262
2023-01-31 00:00:00+05:30,-0.03973167645752549,-0.01938876542591161,0.6368833945173381
2023-02-01 00:00:00+05:30,0.021539663574245485,0.036890455292623706,1.5395629705441367
2023-02-02 00:00:00+05:30,-0.03130463405752668,0.07177997335767429,-0.15597318946648084
2023-02-03 00:00:00+05:30,0.09597774945735013,0.09246791382510267,-0.29831543068882427
2023-02-06 00:00:00+05:30,0.08491742722106814,0.05705262271508927,-0.7857194155083652
2023-02-07 00:00:00+05:30,0.062094481980364956,0.053721556428555306,-0.719737698357872
2023-02-08 00:00:00+05:30,0.05331637407998879,0.07598769378219924,-0.8144965425486458
2023-02-09 00:00:00+05:30,0.07438379259512067,0.08194872248270617,-0.9492747478526635
2023-02-10 00:00:00+05:30,0.06402540751329977,0.057578395760052074,-0.7711686240986214
2023-02-13 00:00:00+05:30,0.056476225955426125,0.04635766166943101,-0.7154081707163307
2023-02-14 00:00:00+05:30,0.05823206035618262,0.09772783865304858,-0.4125196335948118
2023-02-15 00:00:00+05:30,0.10212264761077654,0.11701357137535495,-0.5132147189085094
2023-02-16 00:00:00+05:30,0.13565495369614608,0.1122798584680354,-0.6155688809674439
2023-02-17 00:00:00+05:30,0.10616061718617584,0.08843596310383949,-0.6703551358491955
2023-02-20 00:00:00+05:30,0.08895537068411168,0.05144203623194695,-0.7441917203791618
2023-02-21 00:00:00+05:30,0.05998774028465057,0.058805930991071245,-0.5408579130474024
2023-02-22 00:00:00+05:30,0.048927156521466036,0.006383769041864488,-0.3763980487671733
2023-02-23 00:00:00+05:30,-0.0026881167050831576,0.008137077317846462,-0.537901315426399
2023-02-24 00:00:00+05:30,0.023295349731615993,0.007961965928080053,-0.8021684319030267
2023-02-27 00:00:00+05:30,-0.013222036898905316,0.06652004852972837,-0.33547536468224337
2023-02-28 00:00:00+05:30,0.06174357276738355,0.06108523174984781,0.055743349258151914
2023-03-01 00:00:00+05:30,0.09369573274421746,0.06616960631236375,-0.5928888628549153
2023-03-02 00:00:00+05:30,0.05507192997029748,0.05810460768067846,-0.49380683808488546
2023-03-03 00:00:00+05:30,0.06823899061421834,0.10912390357126785,-0.45633219558648336
2023-03-06 00:00:00+05:30,0.12090773339955031,0.10631882976752847,-0.37464149927969687
2023-03-08 00:00:00+05:30,0.10300044524127559,0.12157195345507629,-0.2053610411937285
2023-03-09 00:00:00+05:30,0.10493140457288098,0.06494207108134459,-0.6224633773749282
2023-03-10 00:00:00+05:30,0.025928670570480296,0.018306045880710133,-0.12008213900827884
2023-03-13 00:00:00+05:30,0.014517094321422733,-0.03166148448212186,-0.18506623397598923
2023-03-14 00:00:00+05:30,-0.03622045502034434,-0.024824021081455736,-0.25732882261944884
2023-03-15 00:00:00+05:30,-0.003039223698816266,-0.04042780642419995,-0.44942674294053025
2023-03-16 00:00:00+05:30,-0.02673993405212174,-0.047440600652464276,-0.29276160006859403
2023-03-17 00:00:00+05:30,-0.019366528182053477,-0.004135641738363789,-0.5861906720166856
2023-03-20 00:00:00+05:30,-0.0011078118254736176,-0.0034340989901392115,-0.30403647617616797
2023-03-21 00:00:00+05:30,0.019959418504132874,0.05249424063536792,-0.008051578254235017
2023-03-22 00:00:00+05:30,0.07139937896174493,0.0798449719893596,-0.10811860664274212
2023-03-23 00:00:00+05:30,0.06911682741940861,0.0631889822431944,-0.0711620053232508
2023-03-24 00:00:00+05:30,0.053316240807437604,0.05249424063536792,-0.1183815041171259
2023-03-27 00:00:00+05:30,0.06191885016659879,0.039520198268764885,-0.13712203667760228
2023-03-28 00:00:00+05:30,0.06402543498307935,0.06073435065681963,0.42363660929980856
2023-03-29 00:00:00+05:30,0.06929249068864804,0.04758519690045018,1.210407645076467
2023-03-31 00:00:00+05:30,0.0864974571722796,0.1396303703841953,0.5195983729141908
2023-04-03 00:00:00+05:30,0.15057765418724875,0.162597831048232,0.5708215834856248
2023-04-05 00:00:00+05:30,0.17304963315864658,0.16540312428980317,0.1667253602105994
2023-04-06 00:00:00+05:30,0.15689802138238146,0.13174092201793997,0.5425478389327865
2023-04-10 00:00:00+05:30,0.15005106550788172,0.10877346135390324,0.9100321668186284
2023-04-11 00:00:00+05:30,0.12775485495915645,0.15593591791299585,1.5596855003569874
2023-04-12 00:00:00+05:30,0.161989427046969,0.18486440727753953,0.2889137141099919
2023-04-13 00:00:00+05:30,0.1888501986650261,0.21589664713542975,1.177019075044803
2023-04-17 00:00:00+05:30,0.28084496049309926,0.22396164576711505,0.8383488231689742
2023-04-18 00:00:00+05:30,0.24801483221475581,0.20835764098653906,0.5921632781791238
2023-04-19 00:00:00+05:30,0.20570446503017603,0.19100076680564465,0.41675594042087455
2023-04-20 00:00:00+05:30,0.19288821110125995,0.19976686930989093,-0.14073049270736634
2023-04-21 00:00:00+05:30,0.20096425177219368,0.1690852911071971,0.8096780094219737
2023-04-24 00:00:00+05:30,0.23765664560575814,0.2360590339957271,0.9081779179081165
2023-04-25 00:00:00+05:30,0.2422211718793933,0.26656550080865454,1.7017249715962655
2023-04-26 00:00:00+05:30,0.2603043543675045,0.27182542563660045,0.8696338709748948
2023-04-27 00:00:00+05:30,0.2534572811537275,0.28374726359978253,0.5268587321262675
2023-04-28 00:00:00+05:30,0.2731201255533118,0.28129285145123956,0.11474503578083886
2023-05-02 00:00:00+05:30,0.3043701385423741,0.29689641735615196,-0.10180955117081798
2023-05-03 00:00:00+05:30,0.28874515221257113,0.299526379770125,-0.011127787775211524
2023-05-04 00:00:00+05:30,0.2903252018624198,0.2954939901731982,0.12260330337225064
2023-05-05 00:00:00+05:30,0.30788142454869233,0.31390306875751356,0.01054992341808561
2023-05-08 00:00:00+05:30,0.3149041453414169,0.3522994228123599,-0.018021075218451005
2023-05-09 00:00:00+05:30,0.3640613497637693,0.34002648431831745,0.1998718351522355
2023-05-10 00:00:00+05:30,0.34158919633982676,0.3458119627533948,0.5325873336401414
2023-05-11 00:00:00+05:30,0.3607256115484237,0.35685758545424945,0.08802465916207973
2023-05-12 00:00:00+05:30,0.3596723889839719,0.37333824437281643,-0.37696505299799976
2023-05-15 00:00:00+05:30,0.37371746517261417,0.37982526555611795,-0.6353598523361491
2023-05-16 00:00:00+05:30,0.39566290573931684,0.38192923548729635,0.05666117980077575
2023-05-17 00:00:00+05:30,0.3861820606282495,0.35738335849921227,0.031050103436915808
2023-05-18 00:00:00+05:30,0.3884646096546113,0.38245500853225917,0.2030854887957964
2023-05-19 00:00:00+05:30,0.4007538894617555,0.409805520448419,-0.2595495388166757
2023-05-22 00:00:00+05:30,0.39934929187249746,0.395954823943825,-0.2533450587519296
2023-05-23 00:00:00+05:30,0.4026852285162044,0.406650004427315,-0.1724645951699768
2023-05-24 00:00:00+05:30,0.3840756128876024,0.3619421794545968,-0.06141480665955341
2023-05-25 00:00:00+05:30,0.3500165685942206,0.3591368862130256,0.0352239013716697
2023-05-26 00:00:00+05:30,0.35984792592347553,0.3971823591748442,-0.597321303577798
2023-05-29 00:00:00+05:30,0.4091809458493376,0.3882409258429997,-0.5103592209224802
2023-05-30 00:00:00+05:30,0.3793351965852515,0.3945523967608708,-0.028621349277408392
2023-05-31 00:00:00+05:30,0.39390702314604586,0.3917473229571318,0.634102701193958
2023-06-01 00:00:00+05:30,0.4105857309616759,0.3459877324566566,0.2106837535143039
2023-06-02 00:00:00+05:30,0.3710838705658147,0.3531758575125191,-0.4811705171170994
2023-06-05 00:00:00+05:30,0.3710837189359565,0.38333144323241836,-0.6128487869768359
2023-06-06 00:00:00+05:30,0.38337323471321005,0.36702633457928135,-0.5265101520705251
2023-06-07 00:00:00+05:30,0.37582404589632246,0.3603642020062134,-0.17952691092669693
2023-06-08 00:00:00+05:30,0.3486120083627725,0.3522994228123599,-0.09477315258509644
2023-06-09 00:00:00+05:30,0.36546608158983984,0.3528251958573227,-0.49939928000068506
2023-06-12 00:00:00+05:30,0.3535278546530621,0.345461739973862,-0.6303454464499101
2023-06-13 00:00:00+05:30,0.34615426722920906,0.37211092857962946,-0.4030109786886729
2023-06-14 00:00:00+05:30,0.38179346142339554,0.35896177482325964,-0.4059966670118176
2023-06-15 00:00:00+05:30,0.3630078674632872,0.3126755335264944,0.03811309923602366
2023-06-16 00:00:00+05:30,0.32297998333252026,0.33932538044575683,-0.5752422162552164
2023-06-19 00:00:00+05:30,0.3377271423409844,0.30057858417354594,0.03694614649869901
2023-06-20 00:00:00+05:30,0.2936610564053284,0.3089940250225958,-0.2758045164500416
2023-06-21 00:00:00+05:30,0.31841531502209053,0.30601362039125785,-0.7292970542020285
2023-06-22 00:00:00+05:30,0.30577487523965446,0.3096953483329886,0.6369093116883368
2023-06-23 00:00:00+05:30,0.3115682371760662,0.3018056805289015,-0.7627566508830763
2023-06-26 00:00:00+05:30,0.31525501490560937,0.3156563770334955,-0.537488303016258
2023-06-27 00:00:00+05:30,0.3254380436488742,0.3459877324566566,-0.4110241448239539
2023-06-28 00:00:00+05:30,0.3745952908994138,0.3507214453639761,0.5172544934845216
2023-06-30 00:00:00+05:30,0.36230570425028774,0.34072758819087884,-0.37925165774657
2023-07-03 00:00:00+05:30,0.3500164258451099,0.3686043120276647,-0.49205247984510275
2023-07-04 00:00:00+05:30,0.3860066463114164,0.3761433181765562,-0.3642543807291565
2023-07-05 00:00:00+05:30,0.36774808916165863,0.42277956281502205,-0.3811747420587721
2023-07-06 00:00:00+05:30,0.4121655063561247,0.4276888259877716,-0.19101524478374915
2023-07-07 00:00:00+05:30,0.4061964738079999,0.38210456631489453,-0.7758985455859982
2023-07-10 00:00:00+05:30,0.3816177925431549,0.38911757998099067,-0.5132981374414028
2023-07-11 00:00:00+05:30,0.39004469467504915,0.3770199723145468,-0.142417300069969
2023-07-12 00:00:00+05:30,0.3900448029167344,0.3750915526487984,0.20014014965432303
2023-07-13 00:00:00+05:30,0.3875868123599047,0.41471478362116854,0.3294332086192701
2023-07-14 00:00:00+05:30,0.4298972386845334,0.429967907308716,-0.4526697139670284
2023-07-17 00:00:00+05:30,0.4409578656659554,0.4602992627318774,-0.19431450820789728
2023-07-18 00:00:00+05:30,0.4939773212419387,0.48396782726847515,0.8196094240124774
2023-07-19 00:00:00+05:30,0.5010002204116938,0.4769552524780426,-0.21671827799048168
2023-07-20 00:00:00+05:30,0.48713059227931726,0.554623736974399,0.5761791840968657
2023-07-21 00:00:00+05:30,0.5547221406200865,0.5595330001471486,-0.14805349137937848
2023-07-24 00:00:00+05:30,0.5886055475856283,0.5420003562629924,0.21348091897552
2023-07-25 00:00:00+05:30,0.5677134561038922,0.5514677820776315,0.7905806057284758
2023-07-26 00:00:00+05:30,0.5469972479837143,0.5576043610435688,-0.4595481160380034
2023-07-27 00:00:00+05:30,0.5801782525416306,0.5358637772970555,0.5342097636567067
2023-07-28 00:00:00+05:30,0.5290899552454092,0.5567277069055774,-0.47438868106518045
2023-07-31 00:00:00+05:30,0.5571800409499312,0.5640913822268699,-0.34450164285469403
2023-08-01 00:00:00+05:30,0.5770184067108176,0.5509417895948369,-0.2534172943655583
2023-08-02 00:00:00+05:30,0.5194339701993343,0.5242926009890698,-0.2323037161130062
2023-08-03 00:00:00+05:30,0.488886244268627,0.44732522036527433,0.9167194014183893
2023-08-04 00:00:00+05:30,0.4611473517636092,0.4666107336497489,0.12999914214001398
2023-08-07 00:00:00+05:30,0.46922329246838645,0.4846693700166993,-0.16444561089426757
2023-08-08 00:00:00+05:30,0.5144024592127769,0.5279791565630995,0.3719352533695432
2023-08-09 00:00:00+05:30,0.5399813251930036,0.5308307511871778,0.03437377282675649
2023-08-10 00:00:00+05:30,0.5278453047821877,0.5001752860864667,0.4530615144945235
2023-08-11 00:00:00+05:30,0.4987546541275109,0.46007368064079984,-0.1284702351799885
2023-08-14 00:00:00+05:30,0.4473549822856775,0.4839564165012222,0.01241293731937262
2023-08-16 00:00:00+05:30,0.46680822282210965,0.47308436912531143,-0.07039249958141486
2023-08-17 00:00:00+05:30,0.47573192831715055,0.45579639842359826,0.6207425884448436
2023-08-18 00:00:00+05:30,0.44342858293815707,0.45223163084621065,-0.4235080607366257
2023-08-21 00:00:00+05:30,0.45342296275785665,0.4684505004314552,-0.41591357403138335
2023-08-22 00:00:00+05:30,0.4737687807897703,0.45704390249731053,-0.15034175845378536
2023-08-23 00:00:00+05:30,0.4652020236235192,0.5099777934702453,-0.3139590502156314
2023-08-24 00:00:00+05:30,0.5312361249645214,0.5174634762260116,0.7198874037953394
2023-08-25 00:00:00+05:30,0.49714842712511614,0.5226323343537658,-0.6488098818009729
2023-08-28 00:00:00+05:30,0.5221343248230296,0.523166884912,-0.6332583702375689
2023-08-29 00:00:00+05:30,0.5340916543643796,0.5131859745709783,-0.42710435156367615
2023-08-30 00:00:00+05:30,0.523918997032343,0.4816395918732099,-0.3722285577675416
2023-08-31 00:00:00+05:30,0.4866185730724227,0.48110482187714426,1.3459540715978104
2023-09-01 00:00:00+05:30,0.4755533515485548,0.5165723391911227,-0.19602337916796814
2023-09-04 00:00:00+05:30,0.5176724468395691,0.5117600675400232,-0.7064474032938968
2023-09-05 00:00:00+05:30,0.5012529737218678,0.5155030186368219,-0.1691738700558078
2023-09-06 00:00:00+05:30,0.49572058078238074,0.47664913670269904,0.90216596539936
2023-09-07 00:00:00+05:30,0.477338163530521,0.5057005112530437,-0.4080303715524219
2023-09-08 00:00:00+05:30,0.5133892148613688,0.523166884912,-0.436398113075296
2023-09-11 00:00:00+05:30,0.5399813526331281,0.5506141689119782,-0.8287678365370372
2023-09-12 00:00:00+05:30,0.5940578719345222,0.5942803224972013,0.15846337412167882
2023-09-13 00:00:00+05:30,0.592987114910264,0.5917850949119454,0.23689205821511114
2023-09-14 00:00:00+05:30,0.6019105050834606,0.5842994121561786,-0.5590117957080737
2023-09-15 00:00:00+05:30,0.5949501586723381,0.6012312352569007,-0.41969438302630135
2023-09-18 00:00:00+05:30,0.5940578826907807,0.5932110019429004,-0.16239339408866427
2023-09-20 00:00:00+05:30,0.563539316320066,0.5823389545669897,0.519812586266322
2023-09-21 00:00:00+05:30,0.5578284225018566,0.4830652794663332,0.06652330562799755
2023-09-22 00:00:00+05:30,0.47412547282464973,0.4509839073346674,-0.46549085534374324
2023-09-25 00:00:00+05:30,0.45199506917614024,0.4725495991292453,-0.7454257706320747
2023-09-26 00:00:00+05:30,0.48287063880654046,0.4452807180865104,-0.6302484270692623
2023-09-27 00:00:00+05:30,0.43771742770008565,0.42531889740446677,-0.2802862224659013
2023-09-28 00:00:00+05:30,0.4348619568095049,0.4235366233346893,0.5386592809995477
2023-09-29 00:00:00+05:30,0.4391454174995104,0.45668753545848767,-0.6358455537215106
2023-10-03 00:00:00+05:30,0.45663538010562477,0.4153382065012768,-0.5841395130547965
2023-10-04 00:00:00+05:30,0.39738309616355216,0.3788011491951662,-0.1154314046789385
2023-10-05 00:00:00+05:30,0.3980970888395184,0.4172986640904661,-0.6334637430386598
2023-10-06 00:00:00+05:30,0.43664679543713353,0.4328047995980645,-0.9450063484657515
2023-10-09 00:00:00+05:30,0.4161226678047497,0.4092784307764659,-0.9170829768631187
2023-10-10 00:00:00+05:30,0.416658171170317,0.4541923078732318,-0.559878698631884
2023-10-11 00:00:00+05:30,0.46841461962807907,0.4609648176756884,-0.5009113164696442
2023-10-12 00:00:00+05:30,0.4610971060491154,0.4650641358113108,-0.8330968352567215
2023-10-13 00:00:00+05:30,0.45074603535315305,0.45454867491205464,-0.9227397205646903
2023-10-16 00:00:00+05:30,0.44557033790055867,0.4549052613887093,-0.9897932600784929
2023-10-17 00:00:00+05:30,0.47019930081976363,0.46381663173759935,-0.8398436869058057
2023-10-18 00:00:00+05:30,0.448068795673537,0.4276359414703108,-0.5185141381154678
2023-10-19 00:00:00+05:30,0.40095253437295914,0.3991193369160327,-0.7744727989400142
2023-10-20 00:00:00+05:30,0.3866749789160108,0.3884256924973643,-0.9275654524684701
2023-10-23 00:00:00+05:30,0.42236900337012157,0.3784447821563433,-0.5293391284034333
2023-10-25 00:00:00+05:30,0.36543683275153377,0.32907521988513183,-0.47368566835681025
2023-10-26 00:00:00+05:30,0.3234962487313245,0.30251929235787484,0.21390602102810924
2023-10-27 00:00:00+05:30,0.32956437492982393,0.31713407139275246,-0.7719922309904136
2023-10-30 00:00:00+05:30,0.3049351278281757,0.3604436385013205,-0.8443573549138881
2023-10-31 00:00:00+05:30,0.3770374569966052,0.32640180878046493,-0.12477307139875987
2023-11-01 00:00:00+05:30,0.32171157319219373,0.3217679400866087,-0.4484659941672149
2023-11-02 00:00:00+05:30,0.3440204321308991,0.34279908132295267,-0.6887394773190381
2023-11-03 00:00:00+05:30,0.3743604176034774,0.3921684241563316,-0.8852226131971884
2023-11-06 00:00:00+05:30,0.41879971255386017,0.4336959366329539,-0.6440791291506777
2023-11-07 00:00:00+05:30,0.42808001154963654,0.4431418575400778,-0.23857929838740155
2023-11-08 00:00:00+05:30,0.4453917913660109,0.3991193369160327,-0.09492926009321045
2023-11-09 00:00:00+05:30,0.39381364912729655,0.4048225261641889,-0.7145201864785011
2023-11-10 00:00:00+05:30,0.3970263854417085,0.4092784307764659,-0.7028583662523153
2023-11-13 00:00:00+05:30,0.4184427992687491,0.394485468222176,-0.5585653856606693
2023-11-15 00:00:00+05:30,0.4309357396999889,0.4181898011253551,0.04758223612340957
2023-11-16 00:00:00+05:30,0.4116607699134212,0.4000104739509212,0.06376988956039134
2023-11-17 00:00:00+05:30,0.3672215613719478,0.3495715911254097,-0.5973612749581427
2023-11-20 00:00:00+05:30,0.3509807826740577,0.34814590353228647,-0.6271586167005314
2023-11-21 00:00:00+05:30,0.35954752303394677,0.36472114015635343,-0.7459944371887378
2023-11-22 00:00:00+05:30,0.355442505812599,0.3527797722261427,-0.5035663530718271
2023-11-23 00:00:00+05:30,0.35455014349468655,0.3536709092610317,-1.007051980276131
2023-11-24 00:00:00+05:30,0.34919602095832464,0.3764843245671536,-0.86217363430919
2023-11-28 00:00:00+05:30,0.37560991149160694,0.362582499047753,-0.3498761689653626
2023-11-29 00:00:00+05:30,0.3827486916706347,0.41284297891602095,-0.5426990900320171
2023-11-30 00:00:00+05:30,0.41148237951613775,0.39626774229195394,0.3844415351207444
2023-12-01 00:00:00+05:30,0.40077416836922686,0.4381516218073987,-0.1417787402679015
2023-12-04 00:00:00+05:30,0.4998254281831966,0.5967755500824563,1.0781576862494553
2023-12-05 00:00:00+05:30,0.6383185696552426,0.6760874045010693,0.945715955469107
2023-12-06 00:00:00+05:30,0.6793669715105357,0.6397287501522015,-0.005729157939911626
2023-12-07 00:00:00+05:30,0.6163666403359799,0.6245792011212573,-0.5304683765683723
2023-12-08 00:00:00+05:30,0.6097633392259861,0.6668194476755254,-0.20749221847657243
2023-12-11 00:00:00+05:30,0.6547378819429782,0.6890980929855808,-0.5400901451916683
2023-12-12 00:00:00+05:30,0.6904320793237864,0.6841078572529017,-0.4897481184341866
2023-12-13 00:00:00+05:30,0.682222311597373,0.6776914950514358,-0.22481992519643132
2023-12-14 00:00:00+05:30,0.7088146906607969,0.7480921985589909,-0.19228125702888477
2023-12-15 00:00:00+05:30,0.7852003462542583,0.7614594735201571,-0.34427866451178774
2023-12-18 00:00:00+05:30,0.7362989935968008,0.7046042284931796,-0.7759813596367693
2023-12-19 00:00:00+05:30,0.7204152597643935,0.6832167202180124,-0.662524221073823
2023-12-20 00:00:00+05:30,0.7079221713738032,0.651848301601824,-0.17923887519536558
2023-12-21 00:00:00+05:30,0.617080600598919,0.6438280682878235,-0.06025903684149345
2023-12-22 00:00:00+05:30,0.6399248500715214,0.6078255615399467,0.15259876413026124
2023-12-26 00:00:00+05:30,0.6111910774514872,0.6106771561640251,-0.34173742166914967
2023-12-27 00:00:00+05:30,0.6220779416884189,0.6361642020126457,-0.4432323123910693
2023-12-28 00:00:00+05:30,0.6579503914493494,0.6491748904971576,0.4574099322023904
2023-12-29 00:00:00+05:30,0.6438512602001242,0.6160241978111907,-0.4973582461143465
2024-01-01 00:00:00+05:30,0.5992334801635778,0.6260051081522124,-0.8446595204148309
2024-01-02 00:00:00+05:30,0.6186867650736426,0.5648723614702016,-0.19634995063460353
2024-01-03 00:00:00+05:30,0.5747831657259866,0.5712887236716675,-0.15381503716892408
2024-01-04 00:00:00+05:30,0.5808511084122908,0.5823389545669897,0.29670458194475424
2024-01-05 00:00:00+05:30,0.5865620782182559,0.605686920431346,-0.30125223152031855
2024-01-08 00:00:00+05:30,0.6079785297983006,0.5639812244353122,-0.7910591838969948
2024-01-09 00:00:00+05:30,0.5803156441293166,0.5559609911213119,-0.317504111182807
2024-01-10 00:00:00+05:30,0.5376610743812285,0.603369876365502,-0.7142886698256157
2024-01-11 00:00:00+05:30,0.6126188507408398,0.5965973665630449,-0.9377835427055299
2024-01-12 00:00:00+05:30,0.6108341548297417,0.6406198871870905,-0.49920168990692027
2024-01-15 00:00:00+05:30,0.6418881065534773,0.6632548995359687,-0.4892049912471955
2024-01-16 00:00:00+05:30,0.6511685258859581,0.6604033049118908,-0.555918509567139
2024-01-17 00:00:00+05:30,0.5862051961045674,0.5630900874004237,1.7418423343736062
2024-01-18 00:00:00+05:30,0.5364118773904102,0.5794871405050797,-0.07253244185503384
2024-01-19 00:00:00+05:30,0.5983411329574375,0.6252921546367345,0.3331252343024582
2024-01-23 00:00:00+05:30,0.8403474799740398,0.7316951454543349,2.4130197650859033
2024-01-24 00:00:00+05:30,0.7345141745773746,0.6252921546367345,1.1875452244834992
2024-01-25 00:00:00+05:30,0.6236841758583699,0.6636114860126238,0.7142426741759508
2024-01-29 00:00:00+05:30,0.7007834455300711,0.6866030848381568,-0.3614418009738188
2024-01-30 00:00:00+05:30,0.682757927075444,0.6883853589079351,-0.20980594936038607
2024-01-31 00:00:00+05:30,0.6893613072433321,0.7284869643536019,0.5111678118733813
2024-02-01 00:00:00+05:30,0.7505765241202886,0.7177931004971022,-0.4385164451130386
2024-02-02 00:00:00+05:30,0.7618203070790955,0.7136937823614806,-0.3088724087157636
2024-02-05 00:00:00+05:30,0.7097069559563081,0.7119115082917027,-0.44686207641564857
2024-02-06 00:00:00+05:30,0.7134546986897387,0.7222487856715474,-0.4515092594125197
2024-02-07 00:00:00+05:30,0.729338784924108,0.7070994560784355,-0.18523730241663303
2024-02-08 00:00:00+05:30,0.7154180184556669,0.5900028208421675,0.12868590472906458
2024-02-09 00:00:00+05:30,0.58959606477174,0.6662848971172903,-0.45808980291767404
2024-02-12 00:00:00+05:30,0.6665171926367678,0.6142419237414127,-0.8169837598015929
2024-02-13 00:00:00+05:30,0.6508115211346548,0.698722416849948,-0.011796496123134546
2024-02-14 00:00:00+05:30,0.6634830186658135,0.7090599136676244,-0.07432805599967143
2024-02-15 00:00:00+05:30,0.7109561818792972,0.6874942218730461,-0.6643662292213561
2024-02-16 00:00:00+05:30,0.7122055985142735,0.7110203712568134,-0.884283096858423
2024-02-19 00:00:00+05:30,0.712741046873721,0.7840944858690357,-0.7158698439373261
2024-02-20 00:00:00+05:30,0.7759197805177358,0.801917226566815,-0.5719069105845193
2024-02-21 00:00:00+05:30,0.8321379507318445,0.8133236050631283,-0.2203403348680001
2024-02-22 00:00:00+05:30,0.8292825315949263,0.8516431558768489,-0.4102801028915247
2024-02-23 00:00:00+05:30,0.8792539498730628,0.846652700706338,-0.4321785256197691
2024-02-26 00:00:00+05:30,0.8189309970332243,0.8213440578149607,-0.8301406909973099
2024-02-27 00:00:00+05:30,0.810542753621376,0.8427313466522958,-0.6257477554268118
2024-02-28 00:00:00+05:30,0.8542681255368507,0.7928272338228504,-0.8411429456676742
2024-02-29 00:00:00+05:30,0.7830587081914726,0.814214961535849,0.15734908688926968
2024-03-01 00:00:00+05:30,0.8257127294605722,0.9379059230551622,-0.2986784222033353
2024-03-04 00:00:00+05:30,0.918517539214586,0.9573327543033079,-0.5620045111358914
2024-03-05 00:00:00+05:30,0.9370784708084168,0.9420054606286159,-0.7283910110607918
2024-03-06 00:00:00+05:30,0.9160191787595108,0.9742645774040299,0.22169923123109597
2024-03-07 00:00:00+05:30,0.9683108503185227,0.9416486547141294,-0.6723719904506374
2024-03-11 00:00:00+05:30,0.9433250476481055,0.908676364985406,-0.4195143984743519
2024-03-12 00:00:00+05:30,0.9044186194949745,0.9020818192645287,0.2208643658597738
2024-03-13 00:00:00+05:30,0.9047756664858191,0.927390462155906,0.452867249052432
2024-03-14 00:00:00+05:30,0.9149482055754455,0.9261427386443624,-0.34991893607552355
2024-03-15 00:00:00+05:30,0.8863927812193372,0.9145577377529741,3.5762916596466305
2024-03-18 00:00:00+05:30,0.8972798586844646,0.9175877353342957,-0.7626276695102058
2024-03-19 00:00:00+05:30,0.9094156443940927,0.927390462155906,-0.16273394420438056
2024-03-20 00:00:00+05:30,0.9149481754261495,0.9293509197450954,-0.010363949053273237
2024-03-21 00:00:00+05:30,0.9577812467151778,0.91972681531856,0.08539780653885443
2024-03-22 00:00:00+05:30,0.9190533285960036,0.9500259133804483,-0.12452311804114073
2024-03-26 00:00:00+05:30,0.9185176160745089,0.9264991056831853,-0.41518683539970835
2024-03-27 00:00:00+05:30,0.9281550809307105,0.9266777280782603,0.6078696882863969
2024-03-28 00:00:00+05:30,0.9327953855301138,0.9607195577991159,0.2424089398656087
2024-04-01 00:00:00+05:30,0.9722375926475898,0.9833545701479945,-0.6055566924533322
2024-04-02 00:00:00+05:30,0.9665261564891883,0.9175877353342957,-0.3386623455521527
2024-04-03 00:00:00+05:30,0.8971013515690632,0.9033295427760722,-0.25578875329206274
2024-04-04 00:00:00+05:30,0.9319028690363882,0.9092109155436404,0.19322850106661515
2024-04-05 00:00:00+05:30,0.8792540670060089,0.9254300045667166,-0.26610628083825993
2024-04-08 00:00:00+05:30,0.9090586822581588,0.9387972795278828,-0.8189940406599535
2024-04-09 00:00:00+05:30,0.9576028253457836,1.0097327530315041,-0.49597375537321725
2024-04-10 00:00:00+05:30,1.0254214068630312,1.0181091339464958,-0.624461190789514
2024-04-12 00:00:00+05:30,0.9988296139809204,1.0002863932487165,-0.5021550384365157
2024-04-15 00:00:00+05:30,0.9870501684051297,0.9074286414738625,-0.6298564204128754
2024-04-16 00:00:00+05:30,0.8812173243588882,0.867149071946616,-0.5730732588397215
2024-04-18 00:00:00+05:30,0.8935315861616566,0.8257995235515737,-0.1736523269802595
2024-04-19 00:00:00+05:30,0.8183952704680658,0.8678618060242617,-0.5725941311974413
2024-04-22 00:00:00+05:30,0.9106651974963529,0.937015005458105,-0.6434484276162016
2024-04-23 00:00:00+05:30,0.9863364904624292,0.9498472909853732,-0.6811151443090014
2024-04-24 00:00:00+05:30,0.9586737412762316,0.9730172927681499,-1.0125909255240968
2024-04-25 00:00:00+05:30,0.9506424112396731,1.0336150500162629,0.07880373774621101
2024-04-26 00:00:00+05:30,1.0297050178031115,1.012762311737162,-0.3530442597689464
2024-04-29 00:00:00+05:30,1.0148920261315848,1.199011926969441,0.7341171396378148
2024-04-30 00:00:00+05:30,1.2003226306743973,1.1642569242952763,0.8089541420803801
2024-05-02 00:00:00+05:30,1.1398213825433674,1.1252246394039098,0.47269909852466563
2024-05-03 00:00:00+05:30,1.1337534650998895,1.1344928156672858,0.08093952420523837
2024-05-06 00:00:00+05:30,1.1346458918179183,1.14964236469823,-0.29407211730999255
2024-05-07 00:00:00+05:30,1.1574898549105126,1.0983123448378296,-0.2844605493225123
2024-05-08 00:00:00+05:30,1.081104594326383,1.066587339744986,0.07938948092283239
2024-05-09 00:00:00+05:30,1.05968835739903,1.0405659627759631,-0.50115794517559
2024-05-10 00:00:00+05:30,1.0505859114275737,1.0453782344270626,-0.7774211604920996
2024-05-13 00:00:00+05:30,1.030597553453098,1.084410519318429,-0.6917111114328366
2024-05-14 00:00:00+05:30,1.078784694726048,1.0578545917911715,-0.7494180728095731
2024-05-15 00:00:00+05:30,1.065220609845621,1.0713996113960855,-0.613472990328496
2024-05-16 00:00:00+05:30,1.1041270884558922,1.0952823472565079,-0.34733900637705084
2024-05-17 00:00:00+05:30,1.097167141533967,1.0933218896673187,-0.7722733907376025
2024-05-21 00:00:00+05:30,1.065577581171704,1.0592800599464631,-0.6354249852848395
2024-05-22 00:00:00+05:30,1.0755717965351053,1.0241686902334752,-0.10087305724266454
2024-05-23 00:00:00+05:30,1.041841075875093,1.107580082225542,-0.3834475948390574
2024-05-24 00:00:00+05:30,1.0934188107589293,1.0984900894815774,-0.9482618624962897
2024-05-27 00:00:00+05:30,1.100201082746583,1.090826881519895,-0.5487606100748117
2024-05-28 00:00:00+05:30,1.1023425198249155,1.080667348783798,-0.721652999962748
2024-05-29 00:00:00+05:30,1.0400566129153126,0.9917313899386498,0.03068764084426194
2024-05-30 00:00:00+05:30,0.975628531082538,1.0334368664968514,-0.27254779345525854
2024-05-31 00:00:00+05:30,1.0505862123745313,1.0596368658609494,0.5542576399274389
2024-06-03 00:00:00+05:30,1.2361955312387538,1.198476937535543,0.516648197915738
2024-06-04 00:00:00+05:30,1.1930059111204567,0.8828331715357944,1.8598724557528972
2024-06-05 00:00:00+05:30,0.9327955106017927,1.0154359422796606,1.7612864841245752
2024-06-06 00:00:00+05:30,1.0505859199304728,1.0216736820860517,-0.021780273977492617
2024-06-07 00:00:00+05:30,1.0234585033969135,1.0619532516132981,-0.1257910192929089
2024-06-10 00:00:00+05:30,1.043447069598734,1.0694391538068964,-0.6053100637473864
2024-06-11 00:00:00+05:30,1.0568325644369467,1.0494773331248526,-0.49963548139001923
2024-06-12 00:00:00+05:30,1.0612945092097674,1.0542900436516158,-0.20899201418255253
2024-06-13 00:00:00+05:30,1.065577614751147,1.0108018541479726,-0.48117973546946624
2024-06-14 00:00:00+05:30,1.0363082047411099,1.0047418589853296,-0.5655257706194969
2024-06-18 00:00:00+05:30,1.0361298435186908,1.066052789186752,-0.04202936723472415
2024-06-19 00:00:00+05:30,1.0861013464492473,1.143047380101689,1.1671870977634367
2024-06-20 00:00:00+05:30,1.1792636527875318,1.1870705590392299,-0.2558832791839556
2024-06-21 00:00:00+05:30,1.2131732489369578,1.1936651047601072,3.808011645205998
2024-06-24 00:00:00+05:30,1.1814051922209472,1.234479224845588,-0.5026357528443672
2024-06-25 00:00:00+05:30,1.2370881079257805,1.3337528999462447,0.6382902510969968
2024-06-26 00:00:00+05:30,1.3504169964634214,1.4052229240081,0.4942433702894394
2024-06-27 00:00:00+05:30,1.4444709251506873,1.4119956532483888,0.12499327456375406
2024-06-28 00:00:00+05:30,1.4396521198712193,1.3396342727138126,-0.4802096927835187
2024-07-01 00:00:00+05:30,1.3418503062893623,1.383300645736867,-0.7726428804349295
2024-07-02 00:00:00+05:30,1.4039582901704686,1.30755333945781,-0.20465402379129732
2024-07-03 00:00:00+05:30,1.332034112437855,1.3467633689929244,0.26207961929195317
2024-07-04 00:00:00+05:30,1.4467911176203672,1.4586915849771014,-0.2710060618020358
2024-07-05 00:00:00+05:30,1.4325134454831983,1.4601174920080564,-0.7047383056530301
2024-07-08 00:00:00+05:30,1.4464344128976971,1.4659993036512882,-0.9252522505065136
2024-07-09 00:00:00+05:30,1.4680290918738361,1.5130516024188234,-0.4152443367616032
2024-07-10 00:00:00+05:30,1.5315648047867685,1.495050239325969,-0.0480494802521333
2024-07-11 00:00:00+05:30,1.5087204070290334,1.478118416225247,-0.5708801976995952
2024-07-12 00:00:00+05:30,1.471420171010961,1.4583352179382785,-0.5027872511762977
2024-07-15 00:00:00+05:30,1.4614255150180755,1.4478193181633587,-0.24555131962708576
2024-07-16 00:00:00+05:30,1.4503602965016495,1.4832870549151693,-0.4943006999788996
2024-07-18 00:00:00+05:30,1.4678505967981128,1.5203588822173464,-0.5941137703157265
2024-07-19 00:00:00+05:30,1.5003324578665238,1.5144775094497784,-0.8238785584501384
2024-07-22 00:00:00+05:30,1.4860546190465933,1.487742959527446,-0.6727468449268008
2024-07-23 00:00:00+05:30,1.4901595907276814,1.4364129396670455,0.038340762315378696
2024-07-24 00:00:00+05:30,1.4325133645804007,1.4230456647058793,0.09521414284530319
2024-07-25 00:00:00+05:30,1.362909765324479,1.3335747164268332,-0.3557340540931683
2024-07-26 00:00:00+05:30,1.3075839523153616,1.366725189674968,0.03376430372683026
2024-07-29 00:00:00+05:30,1.3973546309988292,1.3863302044425252,0.7250648687341003
2024-07-30 00:00:00+05:30,1.3896806349725923,1.3747456424268003,0.3861027275534097
2024-07-31 00:00:00+05:30,1.4110971574365647,1.3941729125506097,0.259565880385885
2024-08-01 00:00:00+05:30,1.3878956854965714,1.3770624670548126,-0.7659820919280244
2024-08-02 00:00:00+05:30,1.3325700075179217,1.3287628836513974,-0.6140795881383407
2024-08-05 00:00:00+05:30,1.2790285118726545,1.2433905951944777,-0.3442254700850151
2024-08-06 00:00:00+05:30,1.2540425873922691,1.2228942239541998,-0.3994715091811296
2024-08-07 00:00:00+05:30,1.268141848170628,1.2428560446362433,-0.23489936234666178
2024-08-08 00:00:00+05:30,1.2253089228456469,1.214874210078031,-0.6087115602104881
2024-08-09 00:00:00+05:30,1.259575410708229,1.2398260470549218,-0.7688336607802578
2024-08-12 00:00:00+05:30,1.2757479799576492,1.2800933280635882,-0.604630021359668
2024-08-13 00:00:00+05:30,1.3196695506688503,1.264094115747963,-0.4340548381277493
2024-08-14 00:00:00+05:30,1.2613474073348816,1.2400059860769876,-0.4103384354163379
2024-08-16 00:00:00+05:30,1.2721478368019572,1.3320447958636108,-0.597004857186713
2024-08-19 00:00:00+05:30,1.3477508430714868,1.2912385755400744,-0.9200231779065515
2024-08-20 00:00:00+05:30,1.2872682622676233,1.3040015187124978,-0.6373773869799788
2024-08-21 00:00:00+05:30,1.2973488388918004,1.2874633670820026,-0.12303254068752746
2024-08-22 00:00:00+05:30,1.3153495546702598,1.3458864954171017,-0.7781400408561832
2024-08-23 00:00:00+05:30,1.3549511293828707,1.39046792419871,-0.8571634597978078
2024-08-26 00:00:00+05:30,1.4001331017750438,1.425701740221835,-0.6001137087423001
2024-08-27 00:00:00+05:30,1.428034211231656,1.4726197430363164,-0.1939698022775894
2024-08-28 00:00:00+05:30,1.4616954618432552,1.4636315694463011,-0.49651461575224926
2024-08-29 00:00:00+05:30,1.448374668484835,1.4566209695963548,-0.6086881365282445
2024-08-30 00:00:00+05:30,1.4881564261434703,1.482866173153801,0.1774710877802632
2024-09-02 00:00:00+05:30,1.5205577145446973,1.4855626252308056,-0.4794792516988439
2024-09-03 00:00:00+05:30,1.4780758495192932,1.5493786577199138,0.019078561683257063
2024-09-04 00:00:00+05:30,1.5236177483329154,1.5085724373963774,-0.4047438022528445
2024-09-05 00:00:00+05:30,1.5169575713890056,1.507134241846842,-0.7344156576941191
2024-09-06 00:00:00+05:30,1.4735756705746783,1.407186014851271,-0.6567647909717059
2024-09-09 00:00:00+05:30,1.3905926345183404,1.5037189114329017,-0.3777380345120396
2024-09-10 00:00:00+05:30,1.513177245287289,1.5119882066859813,-0.2506547355058506
2024-09-11 00:00:00+05:30,1.4935566408770082,1.5085724373963774,-0.5190363351089701
2024-09-12 00:00:00+05:30,1.5169575713890056,1.565377870035539,-0.2634008455391205
2024-09-13 00:00:00+05:30,1.567359575568692,1.5589062095004627,-0.6789183807158753
2024-09-16 00:00:00+05:30,1.563759432413,1.6038470774505387,-0.747221309216447
2024-09-17 00:00:00+05:30,1.5959805378682024,1.6227222419895708,-0.5553144052460491
2024-09-18 00:00:00+05:30,1.6033610071256108,1.6955264480686942,-0.4832695057269247
2024-09-19 00:00:00+05:30,1.6982246913839718,1.708649269285249,-0.4299488177509713
2024-09-20 00:00:00+05:30,1.7221657312634429,1.8756493590374668,4.110127427494273
2024-09-23 00:00:00+05:30,1.8517708848683507,1.816147913196964,-0.565342159174813
2024-09-24 00:00:00+05:30,1.815769453311432,1.8042833485078784,-0.3760162427466021
2024-09-25 00:00:00+05:30,1.7788679859655903,1.8231585130469103,-0.7657574512592814
2024-09-26 00:00:00+05:30,1.8121693101557401,1.8418541774395403,-0.5864642757373443
2024-09-27 00:00:00+05:30,1.8589711711797345,1.7611401152758053,-0.13185518394498913
2024-09-30 00:00:00+05:30,1.7117252282178166,1.6403391500011333,-0.4715111950419483
2024-10-01 00:00:00+05:30,1.6314422995282474,1.6453726149866745,-0.5961704451769827
2024-10-03 00:00:00+05:30,1.573119716723679,1.5804778261164991,-0.09171968670397584
2024-10-04 00:00:00+05:30,1.5497187862116817,1.5207964412539308,-0.4060250021113059
2024-10-07 00:00:00+05:30,1.5297382553799517,1.4997642028284277,0.13637378392222027
2024-10-08 00:00:00+05:30,1.5277580008560812,1.5094712547553788,-0.5019584306261997
2024-10-09 00:00:00+05:30,1.5351384701134896,1.5366157145474904,-0.3095262316914221
2024-10-10 00:00:00+05:30,1.5484588240013095,1.5342787016389536,-0.736275649184794
2024-10-11 00:00:00+05:30,1.5133574282333135,1.4605756782008286,-0.7850636279658088
2024-10-14 00:00:00+05:30,1.4557551377422435,1.492034285765882,-0.5310740676550334
2024-10-15 00:00:00+05:30,1.5203775315986727,1.5774219348710268,-0.5444173304649853
2024-10-16 00:00:00+05:30,1.5547590745237703,1.5330204451114842,-0.8306102224858968
2024-10-17 00:00:00+05:30,1.5581790347334377,1.4902366510478788,-0.7860470448187148
2024-10-18 00:00:00+05:30,1.4807759568860621,1.6097793597950816,-0.5927163587692307
2024-10-21 00:00:00+05:30,1.6123613650148405,1.5901853169191138,-0.840202749286521
2024-10-22 00:00:00+05:30,1.6199215777476734,1.6205651681030997,0.09281737122992259
2024-10-23 00:00:00+05:30,1.5997608639699188,1.5634002962954703,-0.36321557820178413
2024-10-24 00:00:00+05:30,1.561059325046231,1.5675349439220099,-0.5016734173054804
2024-10-25 00:00:00+05:30,1.5502588955791554,1.577241995848961,-0.401705372864519
2024-10-28 00:00:00+05:30,1.6879643712843702,1.7117051605307216,0.395482401086678
2024-10-29 00:00:00+05:30,1.7450265524079664,1.8519206685349592,0.1355327981694086
2024-10-30 00:00:00+05:30,1.8265698827785077,1.7810940361959047,-0.28768674597011334
2024-10-31 00:00:00+05:30,1.7662674849206685,1.7095480866442505,0.35021439726475856
2024-11-01 00:00:00+05:30,1.7039848325389588,1.7079303909483132,-1.3491580329755086
2024-11-04 00:00:00+05:30,1.7045249419064328,1.6554391060820934,-0.34404790346155534
2024-11-05 00:00:00+05:30,1.6429625818382214,1.7255468600842123,-0.18364864783865772
2024-11-06 00:00:00+05:30,1.7410664828308253,1.7458602201727795,-0.5156993671124362
2024-11-07 00:00:00+05:30,1.7299061269423006,1.6608320102361027,-0.6765195689733315
2024-11-08 00:00:00+05:30,1.6321621523711458,1.5894659997065144,-0.5792906597098342
2024-11-11 00:00:00+05:30,1.6033610071256108,1.6270368286381762,-0.791466000365381
2024-11-12 00:00:00+05:30,1.654303120672771,1.631710415579586,-0.4062304504726621
2024-11-13 00:00:00+05:30,1.634322150370441,1.5709502743359502,-0.49884950351034746
2024-11-14 00:00:00+05:30,1.5736598260911527,1.58263490000297,-0.7069056007426884
2024-11-18 00:00:00+05:30,1.596160720814227,1.5700514569769488,-0.957111178527403
2024-11-19 00:00:00+05:30,1.585540474293176,1.554412122705455,-0.553486149066801
2024-11-21 00:00:00+05:30,1.5549392574697949,1.5596255267130619,-0.7003335199872478
2024-11-22 00:00:00+05:30,1.5889604345028432,1.6584954362032296,-0.5484220245259933
2024-11-25 00:00:00+05:30,1.7257658744191349,1.7408267551872383,0.2912975649200058
2024-11-26 00:00:00+05:30,1.7783278765981163,1.7552078329312626,-0.847442933907762
2024-11-27 00:00:00+05:30,1.7347662323083646,1.7399279378282366,0.23239841367733372
2024-11-28 00:00:00+05:30,1.743946773143619,1.6883359091966819,0.2978081396194905
2024-11-29 00:00:00+05:30,1.6793239398165896,1.7377708639417657,-0.564071311072698
2024-12-02 00:00:00+05:30,1.7398065206204532,1.754129515425859,-0.6978755445569726
2024-12-03 00:00:00+05:30,1.7543868367186453,1.7676117758108818,-0.5556049344661355
2024-12-04 00:00:00+05:30,1.7495267313525813,1.795115674771461,-0.5509953804813847
2024-12-05 00:00:00+05:30,1.7986687733218956,1.8686387591875202,0.026316479496539133
2024-12-06 00:00:00+05:30,1.8931725311588075,1.840775421058473,-0.7495382136314034
2024-12-09 00:00:00+05:30,1.819729522888573,1.817586108746499,-0.8207090320015139
2024-12-10 00:00:00+05:30,1.808569167000048,1.846887203549418,-0.804278452311586
2024-12-11 00:00:00+05:30,1.8290898071992518,1.8362813342634654,-0.8103344564550137
2024-12-12 00:00:00+05:30,1.8177497078353024,1.8425730557764761,-0.7393962125815028
2024-12-13 00:00:00+05:30,1.8314299881445717,1.898839110225104,-0.40241344811066443
2024-12-16 00:00:00+05:30,1.901812962626588,1.903153257998046,-0.7398412625441319
2024-12-17 00:00:00+05:30,1.8913724595809616,1.8587517682385035,-0.6787696025534956
2024-12-18 00:00:00+05:30,1.8310700617231226,1.7882845750679168,-0.7821860663823114
2024-12-19 00:00:00+05:30,1.689764442862216,1.6903134829367508,-0.5549983366562907
2024-12-20 00:00:00+05:30,1.6823839736048076,1.6957063870907598,2.994360271728936
2024-12-23 00:00:00+05:30,1.720905769053071,1.7259067381283437,-0.9093602643876587
2024-12-24 00:00:00+05:30,1.7286461647319284,1.727524433824281,-0.8858607196376642
2024-12-26 00:00:00+05:30,1.7653674491317455,1.727883872992749,-0.8707541069163587
2024-12-27 00:00:00+05:30,1.7349464152543892,1.7645558845654092,-1.0658792737065008
2024-12-30 00:00:00+05:30,1.7579869798743373,1.718176821065798,-0.3517320802017112
2024-12-31 00:00:00+05:30,1.6930046595964587,1.6714383183977188,-0.786794335842552
2025-01-01 00:00:00+05:30,1.6741039080290763,1.678628857269731,-1.069707685668559
2025-01-02 00:00:00+05:30,1.6865242261279734,1.7036158042997078,-0.8635926560915622
2025-01-03 00:00:00+05:30,1.6904842957051143,1.6117569335351503,-0.5793519390849942
2025-01-06 00:00:00+05:30,1.6251420490057866,1.6083411642455463,-0.8582411003015455
2025-01-07 00:00:00+05:30,1.6195616513262243,1.6628095839761714,-0.8555427676673445
2025-01-08 00:00:00+05:30,1.6701438384519351,1.607082907718077,-0.85353656706331
2025-01-09 00:00:00+05:30,1.5889604345028432,1.6022293817546014,-0.7690140231335338
2025-01-10 00:00:00+05:30,1.592560577658535,1.5571085747824596,-0.8317589651992837
2025-01-13 00:00:00+05:30,1.5057972155004806,1.4848437468938698,-0.6946312890059644
2025-01-14 00:00:00+05:30,1.5002168178209183,1.5227740149939994,-0.6437518776416545
2025-01-15 00:00:00+05:30,1.502556998766238,1.5154035370999215,-1.0205947977467456
2025-01-16 00:00:00+05:30,1.5425184999002979,1.554412122705455,-0.5263897090076337
2025-01-17 00:00:00+05:30,1.5362182493778371,1.4693839127687782,-0.6854736115321535
2025-01-20 00:00:00+05:30,1.46619564078787,1.496348433538824,-0.8452167018111681
2025-01-21 00:00:00+05:30,1.513177245287289,1.3640427816191978,0.12531561465553254
2025-01-22 00:00:00+05:30,1.3837522746284057,1.3795021768686258,-0.6411507155086319
2025-01-23 00:00:00+05:30,1.370251737794561,1.3841762026856992,-0.7625362415891903
2025-01-24 00:00:00+05:30,1.3913124873612388,1.4109607844336791,-0.7288256337068091
2025-01-27 00:00:00+05:30,1.3621514156942545,1.4783720863587935,-0.2038408442161168
2025-01-28 00:00:00+05:30,1.5506188220006045,1.546502705496507,-0.06013942494152033
2025-01-29 00:00:00+05:30,1.567359575568692,1.5635802353175359,-0.8459451783289451
2025-01-30 00:00:00+05:30,1.5601592892573082,1.5777813740394946,-0.5244918618240425
2025-01-31 00:00:00+05:30,1.5763599334579217,1.5677148829440757,-0.6548804690756037
2025-02-01 00:00:00+05:30,1.5642995417804737,1.5776018738930924,-1.1976678615535783
2025-02-03 00:00:00+05:30,1.5488187504227586,1.5684337612810115,-0.9585258933746531
2025-02-04 00:00:00+05:30,1.6062412974384044,1.6230816811580386,-0.3040042875031493
2025-02-05 00:00:00+05:30,1.6328820052140443,1.6212840464400355,-0.9083630955664678
2025-02-06 00:00:00+05:30,1.6501628681496052,1.6381820761146624,-0.7908030345976209
2025-02-07 00:00:00+05:30,1.6393624386825296,1.582455399856568,-0.8674600571505163
2025-02-10 00:00:00+05:30,1.5860801441900496,1.6029482600915372,-0.9915056823710329
2025-02-11 00:00:00+05:30,1.5812200388239857,1.5675349439220099,-0.9275615988949397
2025-02-12 00:00:00+05:30,1.5860801441900496,1.5641196135080695,-0.7596119082014708
2025-02-13 00:00:00+05:30,1.5693398300925625,1.5536932443685192,-0.8763953607635434
2025-02-14 00:00:00+05:30,1.567719501990141,1.593960086501522,-0.6418069564127801
2025-02-17 00:00:00+05:30,1.5642995417804737,1.561782600599533,-0.791589088037558
2025-02-18 00:00:00+05:30,1.5705997923029347,1.5326610059430164,-0.810562950697287
2025-02-19 00:00:00+05:30,1.505617032554456,1.5995329296775969,-0.6180074374095365
2025-02-20 00:00:00+05:30,1.5794199672461398,1.5574680139509274,-0.7906296237887527
2025-02-21 00:00:00+05:30,1.5281179272775303,1.496348433538824,-0.8369043170252911
2025-02-24 00:00:00+05:30,1.4762757779414473,1.4438575875482675,-0.5546072367230874
2025-02-25 00:00:00+05:30,1.475915851519998,1.4647103258273684,-0.5895963998546443
2025-02-27 00:00:00+05:30,1.4706958197324849,1.4585981044607599,-0.5179089759506638
2025-02-28 00:00:00+05:30,1.4377544219637841,1.3926249980851808,0.10220754764006787
2025-03-03 00:00:00+05:30,1.4179536346074786,1.4001749761256608,-0.8087616695327517
2025-03-04 00:00:00+05:30,1.4058932429300308,1.4152753710822845,-0.7017978779288013
2025-03-05 00:00:00+05:30,1.441354565119476,1.4343300357677187,-0.7412134369620168
2025-03-06 00:00:00+05:30,1.4807759568860621,1.4427792700428639,-0.5223433812404443
2025-03-07 00:00:00+05:30,1.4201136326067738,1.4301958270168427,-0.9250184670456691
2025-03-10 00:00:00+05:30,1.4089532767182489,1.4312741445222463,-0.8688656292056648
2025-03-11 00:00:00+05:30,1.4420744179623743,1.541109801342498,-0.5995300812531071
2025-03-12 00:00:00+05:30,1.549178676844208,1.535896397334891,-0.5526508303338871
2025-03-13 00:00:00+05:30,1.5639396153590246,1.557827891995059,-0.8107217783749519
2025-03-17 00:00:00+05:30,1.585540474293176,1.625958072257109,-0.5816327256931362
2025-03-18 00:00:00+05:30,1.628562009215454,1.625958072257109,-1.4252488824604959
2025-03-19 00:00:00+05:30,1.760327160819657,1.7845093666098448,-0.573079152540415
2025-03-20 00:00:00+05:30,1.8121693101557401,1.8154285959843646,-0.6026442975875306
2025-03-21 00:00:00+05:30,1.7977687375329725,1.8923674496900278,3.1457178348852612
2025-03-24 00:00:00+05:30,1.9415942808146234,1.9464764302521849,-0.7185881244815668
2025-03-25 00:00:00+05:30,1.9525748932277236,1.8945245235764987,-0.1846092454914425
2025-03-26 00:00:00+05:30,1.89875292883837,1.8664816853010493,-0.6046916785361545
2025-03-27 00:00:00+05:30,1.8595112805472085,1.8691781373780538,-0.2835624400091323
2025-03-28 00:00:00+05:30,1.8697716006468104,1.9112426142290597,-0.8006700718420873
