Date,Open,Close,Volume
2020-03-30 00:00:00+05:30,-1.5111913113398414,-1.4887909216373212,0.5586213301699371
2020-03-31 00:00:00+05:30,-1.4571984560722404,-1.4038390873640283,1.509599116616384
2020-04-01 00:00:00+05:30,-1.4049036215661062,-1.43985865376276,-0.09534111112487834
2020-04-03 00:00:00+05:30,-1.4307115238677848,-1.3617031001684925,2.835876606138388
2020-04-07 00:00:00+05:30,-1.309822217624002,-1.3368972938615666,1.082810726839804
2020-04-08 00:00:00+05:30,-1.3427608649939,-1.3566058896592237,1.1773487060794792
2020-04-09 00:00:00+05:30,-1.3213676997838089,-1.3117514932206638,1.5093562327778975
2020-04-13 00:00:00+05:30,-1.3179720075055033,-1.3365574283133224,-0.12141219418849683
2020-04-15 00:00:00+05:30,-1.3210282196558911,-1.2838874121224693,1.9331078536553654
2020-04-16 00:00:00+05:30,-1.2829957003946943,-1.3042758678023476,0.4904416215222795
2020-04-17 00:00:00+05:30,-1.2775623209964562,-1.292382505399786,0.4633999206367546
2020-04-20 00:00:00+05:30,-1.280958226841496,-1.3426741066815915,1.0595903502852646
2020-04-21 00:00:00+05:30,-1.3621170561036164,-1.3501497320999076,0.24491194832354074
2020-04-22 00:00:00+05:30,-1.3553254524370562,-1.3321399489005419,0.3648295191589795
2020-04-23 00:00:00+05:30,-1.3284988408951806,-1.3436933169691267,0.8763291855689674
2020-04-24 00:00:00+05:30,-1.3417423986105692,-1.3470914573086394,-0.1013884992599742
2020-04-27 00:00:00+05:30,-1.3468360526096756,-1.3484506619301515,-0.4267187520781014
2020-04-28 00:00:00+05:30,-1.3485338301328182,-1.3511690711731754,-0.11758044931506133
2020-04-29 00:00:00+05:30,-1.3451379605300762,-1.3328194224255654,0.12218587745284507
2020-04-30 00:00:00+05:30,-1.3152553977906654,-1.333499153522054,0.692605453628699
2020-05-04 00:00:00+05:30,-1.3366487055380027,-1.3878682398826632,0.7010994409474267
2020-05-05 00:00:00+05:30,-1.3824915952059442,-1.3888877077416635,-0.12381036078803763
2020-05-06 00:00:00+05:30,-1.4069412107570427,-1.4568490978888582,3.0140939661569193
2020-05-07 00:00:00+05:30,-1.4571984139472518,-1.4765576936865152,0.3049397780272411
2020-05-08 00:00:00+05:30,-1.457538152785536,-1.4952472079823695,0.3742416283593471
2020-05-11 00:00:00+05:30,-1.484364852876962,-1.4938881321465902,-0.09838843164244634
2020-05-12 00:00:00+05:30,-1.4948917737154641,-1.4490336069222978,0.11736621272475614
2020-05-13 00:00:00+05:30,-1.3933581713170593,-1.4466549344417854,0.02742166102740191
2020-05-14 00:00:00+05:30,-1.4538027265265374,-1.4575285714138817,-0.30453690878290274
2020-05-15 00:00:00+05:30,-1.4694233909115724,-1.4517520161653217,-0.30452052428219534
2020-05-18 00:00:00+05:30,-1.4436155666537778,-1.4510724138545656,0.07894600040196424
2020-05-19 00:00:00+05:30,-1.4402199546351668,-1.4102957600662744,0.03574806767289435
2020-05-20 00:00:00+05:30,-1.4032058745912481,-1.3763148718140783,0.3751407442201664
2020-05-21 00:00:00+05:30,-1.3784166204947375,-1.2866058213654934,2.5419229998649473
2020-05-22 00:00:00+05:30,-1.294201701152138,-1.3042758678023476,1.272554976334008
2020-05-26 00:00:00+05:30,-1.2806184540667527,-1.2679164358553716,2.2044813896619124
2020-05-27 00:00:00+05:30,-1.2636398238886295,-1.2648584186355682,0.3243740241583143
2020-05-28 00:00:00+05:30,-1.2649980709977964,-1.275052582082641,0.32646815996272854
2020-05-29 00:00:00+05:30,-1.2775625255982956,-1.2295184545475928,1.0641999001762819
2020-06-01 00:00:00+05:30,-1.2059117068638432,-1.2077707942462024,0.5840543352380065
2020-06-02 00:00:00+05:30,-1.1997992239950839,-1.230197928072616,0.19888539539234523
2020-06-03 00:00:00+05:30,-1.2127032228065018,-1.233935933960373,-0.040471515471884635
2020-06-04 00:00:00+05:30,-1.2279841077756313,-1.2104892034892265,0.15724746374462836
2020-06-05 00:00:00+05:30,-1.2004781755503755,-1.2115084137767618,-0.3255309593813205
2020-06-08 00:00:00+05:30,-1.193007686685118,-1.2274795188295922,-0.002975585602998609
2020-06-09 00:00:00+05:30,-1.2245883851271717,-1.2217028347952996,1.3315715546540476
2020-06-10 00:00:00+05:30,-1.2164384463354299,-1.2179648289075427,0.4982821294147933
2020-06-11 00:00:00+05:30,-1.212702893747301,-1.2505861261810292,0.016411866394054245
2020-06-12 00:00:00+05:30,-1.2877496913369881,-1.2529650562330066,0.19438916070822038
2020-06-15 00:00:00+05:30,-1.2541316204419717,-1.298499183768055,0.3188961612678077
2020-06-16 00:00:00+05:30,-1.2751851003460415,-1.3134504346046876,0.5268855353697448
2020-06-17 00:00:00+05:30,-1.3213680610641159,-1.339276223913544,0.2903713353782489
2020-06-18 00:00:00+05:30,-1.340384038760923,-1.3025766688468587,0.6088987435026634
2020-06-19 00:00:00+05:30,-1.3003140234582584,-1.319906978521201,0.7166405986344159
2020-06-22 00:00:00+05:30,-1.3043887522201538,-1.3134504346046876,0.7733009546767255
2020-06-23 00:00:00+05:30,-1.3118598206864303,-1.30767400814186,0.45549420243142535
2020-06-24 00:00:00+05:30,-1.298276643924447,-1.2668970967821038,2.2975174344907416
2020-06-25 00:00:00+05:30,-1.265337566301302,-1.1972366364651528,3.6686561457156284
2020-06-26 00:00:00+05:30,-1.1719539362272897,-1.2441300974074458,3.4315230703634128
2020-06-29 00:00:00+05:30,-1.1957242577985443,-1.230197928072616,4.712616301366587
2020-06-30 00:00:00+05:30,-1.2167781286409218,-1.2478679745094703,1.4165238800618627
2020-07-01 00:00:00+05:30,-1.2490377927486127,-1.1917996891933722,1.6188697767401428
2020-07-02 00:00:00+05:30,-1.1824807586106552,-1.1717510990617381,1.2926817625409817
2020-07-03 00:00:00+05:30,-1.158370680485308,-1.1601976022074207,1.199120102929459
2020-07-06 00:00:00+05:30,-1.1403619059056118,-1.1430484940588002,0.99050602058455
2020-07-07 00:00:00+05:30,-1.142860965904538,-1.1827062574025493,0.7645962626789007
2020-07-08 00:00:00+05:30,-1.183920154608978,-1.1680576530374496,0.1099490803305216
2020-07-09 00:00:00+05:30,-1.164997335947988,-1.1741315745425065,-0.05421391713321255
2020-07-10 00:00:00+05:30,-1.1774936263389704,-1.181991625372535,-0.22316813583180758
2020-07-13 00:00:00+05:30,-1.1721381291360198,-1.1591258473409982,0.04592900318445604
2020-07-14 00:00:00+05:30,-1.1614269282916923,-1.1709160523717739,-0.07355588575630166
2020-07-15 00:00:00+05:30,-1.1689243958212445,-1.1509081585316312,0.27395157522532604
2020-07-16 00:00:00+05:30,-1.1521440480240435,-1.1855645279511413,0.1669649145001791
2020-07-17 00:00:00+05:30,-1.1907040225010246,-1.1841353926768452,-0.308973766036464
2020-07-20 00:00:00+05:30,-1.1785647517508566,-1.1937819591890433,-0.04468069370361582
2020-07-21 00:00:00+05:30,-1.1992729199472019,-1.196997481359776,0.551436726609742
2020-07-22 00:00:00+05:30,-1.1928462307627332,-1.1662713949267454,0.8503829524007394
2020-07-23 00:00:00+05:30,-1.159641830311135,-1.1366173209316024,0.77933811888338
2020-07-24 00:00:00+05:30,-1.1357201136157404,-1.1444772429758985,2.6599507168507914
2020-07-27 00:00:00+05:30,-1.13929070278634,-1.167343407364633,0.19982416174487644
2020-07-28 00:00:00+05:30,-1.1642834269448974,-1.1744890837361124,-0.020289480728525686
2020-07-29 00:00:00+05:30,-1.1896330791017542,-1.1651997688460554,-0.3122938557218088
2020-07-30 00:00:00+05:30,-1.154286013018318,-1.1891370441725495,-0.21506193687582262
2020-07-31 00:00:00+05:30,-1.1892758836368589,-1.1834208894325637,-0.19293499636049238
2020-08-03 00:00:00+05:30,-1.1857053843554741,-1.1944963336475924,-0.4149410486655993
2020-08-04 00:00:00+05:30,-1.1957026269689095,-1.1869937920111697,-0.1578873696633118
2020-08-05 00:00:00+05:30,-1.1821352271640184,-1.1930674559447616,1.9118494882915358
2020-08-06 00:00:00+05:30,-1.1842774827225693,-1.1748462065725207,-0.11211104082691972
2020-08-07 00:00:00+05:30,-1.1749944613654706,-1.1698442975053513,0.08618919493668901
2020-08-10 00:00:00+05:30,-1.1685678458901798,-1.1498366612366737,-0.2046234370131406
2020-08-11 00:00:00+05:30,-1.1428609425361616,-1.1198250780479249,2.3296306626492296
2020-08-12 00:00:00+05:30,-1.1250092642477663,-1.111607904381488,0.11077852929433304
2020-08-13 00:00:00+05:30,-1.1178685462277613,-1.1312582890280247,0.20331019365338582
2020-08-14 00:00:00+05:30,-1.1314358326599065,-1.167343407364633,0.5999730573592971
2020-08-17 00:00:00+05:30,-1.1567854426303779,-1.1505511644809554,-0.5148632369897378
2020-08-18 00:00:00+05:30,-1.143575028280217,-1.1519801709695188,-0.46588059244091307
2020-08-19 00:00:00+05:30,-1.1528578202909996,-1.1526946742138005,-0.27017140161917264
2020-08-20 00:00:00+05:30,-1.16428319593082,-1.1716305556160556,-0.1760525379075926
2020-08-21 00:00:00+05:30,-1.1571424799615952,-1.1644850080303086,-0.15485990716060116
2020-08-24 00:00:00+05:30,-1.1624982031027666,-1.1651997688460554,-0.3184752690726912
2020-08-25 00:00:00+05:30,-1.1624982392138798,-1.1744890837361124,-0.28820018527956504
2020-08-26 00:00:00+05:30,-1.1678535751171701,-1.17770434833538,0.19887241886778498
2020-08-27 00:00:00+05:30,-1.1535720938526546,-1.1827062574025493,1.809864753480347
2020-08-28 00:00:00+05:30,-1.1814209484457554,-1.1734169425124923,0.9862664327195059
2020-08-31 00:00:00+05:30,-1.1500016995057918,-1.2052147838119454,5.072523159255558
2020-09-01 00:00:00+05:30,-1.206413550780726,-1.2116458281534106,1.3227165184777316
2020-09-02 00:00:00+05:30,-1.2049854775232203,-1.2034283969155086,0.06479470714098243
2020-09-03 00:00:00+05:30,-1.204271605208295,-1.2016421388048044,-0.2559425113628406
2020-09-04 00:00:00+05:30,-1.2142685552147525,-1.2366555022749903,1.4282240520170173
2020-09-07 00:00:00+05:30,-1.2339055925860671,-1.219506007769172,0.856178477990961
2020-09-08 00:00:00+05:30,-1.217124816113801,-1.2262944325185106,0.392724459303343
2020-09-09 00:00:00+05:30,-1.246401929711153,-1.2573776417879494,0.5395644518591567
2020-09-10 00:00:00+05:30,-1.2563990915583703,-1.2495177197436533,-0.11878189198293358
2020-09-11 00:00:00+05:30,-1.2506865927968267,-1.2563060157072596,-0.022333217808763996
2020-09-14 00:00:00+05:30,-1.2442597144272995,-1.260593163958682,0.7468262885916824
2020-09-15 00:00:00+05:30,-1.2571131156653976,-1.271668865745176,0.7323920677724852
2020-09-16 00:00:00+05:30,-1.2724655032101742,-1.2798861681973455,2.034606493099567
2020-09-17 00:00:00+05:30,-1.2799634324078877,-1.294534643776713,0.9395886286541926
2020-09-18 00:00:00+05:30,-1.2888892607864721,-1.2909617411981067,0.667574917436006
2020-09-21 00:00:00+05:30,-1.28567598638264,-1.3148995316675314,0.2814601331335079
2020-09-22 00:00:00+05:30,-1.3160243383015942,-1.3259753622397576,-0.0699688597854319
2020-09-23 00:00:00+05:30,-1.3217368183823726,-1.3381226901069414,2.7649359125075255
2020-09-24 00:00:00+05:30,-1.3449443570710908,-1.3806389815707476,0.7792232307644197
2020-09-25 00:00:00+05:30,-1.364938455086708,-1.3506275271677313,0.46064057410361986
2020-09-28 00:00:00+05:30,-1.3499428421603996,-1.3324062777954904,0.23580065855616097
2020-09-29 00:00:00+05:30,-1.3231649999288169,-1.3602740936799291,0.39447786303104615
2020-09-30 00:00:00+05:30,-1.3570834435636705,-1.3438391024183927,-0.07308309460388891
2020-10-01 00:00:00+05:30,-1.3249500402845944,-1.3499127663519845,0.010466520929364074
2020-10-05 00:00:00+05:30,-1.3492286606516184,-1.3613458485463517,0.3081745372329018
2020-10-06 00:00:00+05:30,-1.3606538356552544,-1.3567011911013231,0.14998205182694435
2020-10-07 00:00:00+05:30,-1.3570836693946977,-1.3595595904356477,-0.21694228771500673
2020-10-08 00:00:00+05:30,-1.3563695014014157,-1.3763517045335925,0.3870288136294336
2020-10-09 00:00:00+05:30,-1.3749353276776664,-1.371349537894958,0.18197029901403627
2020-10-12 00:00:00+05:30,-1.3535130852906196,-1.340266328625519,3.0575907521788923
2020-10-13 00:00:00+05:30,-1.336732411623755,-1.354914932990619,1.054354388163202
2020-10-14 00:00:00+05:30,-1.3531560916430718,-1.3717069183028314,1.2202857320192844
2020-10-15 00:00:00+05:30,-1.3735073091254164,-1.3913573029493682,0.4928512572723155
2020-10-16 00:00:00+05:30,-1.3892169979197588,-1.3867127742900722,0.041311261043085114
2020-10-19 00:00:00+05:30,-1.3799338802995516,-1.3684913961320988,-0.03802478521224711
2020-10-20 00:00:00+05:30,-1.3713651812232055,-1.3742080660150149,-0.22597335896692303
2020-10-21 00:00:00+05:30,-1.370293813304655,-1.372778673169254,-0.20433978853689408
2020-10-22 00:00:00+05:30,-1.3745783741658355,-1.3663477576135212,0.1603971546226162
2020-10-23 00:00:00+05:30,-1.3645813957141992,-1.3506275271677313,0.03597174887655178
2020-10-26 00:00:00+05:30,-1.3463724263726913,-1.3663477576135212,-0.2304408224678057
2020-10-27 00:00:00+05:30,-1.367794667209578,-1.375994324125719,1.7228876970131144
2020-10-28 00:00:00+05:30,-1.367794653826818,-1.3881417807786354,-0.18192965831133714
2020-10-29 00:00:00+05:30,-1.3927871923763853,-1.3999318570236785,0.09243634290440951
2020-10-30 00:00:00+05:30,-1.3999280287689855,-1.389928167675072,-0.21295856021300935
2020-11-02 00:00:00+05:30,-1.3799339550934058,-1.3792098462964517,-0.34250595749421564
2020-11-03 00:00:00+05:30,-1.3770776553416435,-1.3552720558270273,0.19701952845178647
2020-11-04 00:00:00+05:30,-1.356726410365914,-1.3574156943456048,-0.05163715947596109
2020-11-05 00:00:00+05:30,-1.3481576579531604,-1.3220452080390108,0.4850418799311458
2020-11-06 00:00:00+05:30,-1.3106686354505288,-1.3277616203504619,0.9604784082901084
2020-11-09 00:00:00+05:30,-1.32887749949014,-1.3359789228026313,1.0282760959192723
2020-11-10 00:00:00+05:30,-1.3213798052694863,-1.2963210306731496,2.481447086835901
2020-11-11 00:00:00+05:30,-1.2885322476078382,-1.2466591916235965,2.865447877319127
2020-11-12 00:00:00+05:30,-1.2485440232889633,-1.2273660585992006,1.7545228909789632
2020-11-13 00:00:00+05:30,-1.2342628383259886,-1.233797360512131,0.5637585265217354
2020-11-14 00:00:00+05:30,-1.221052199805977,-1.2230787815620454,-0.7752864868695064
2020-11-17 00:00:00+05:30,-1.221409344051621,-1.2320108448299616,0.08873016884439551
2020-11-18 00:00:00+05:30,-1.2371189397823767,-1.2555912548915127,0.45871860663263897
2020-11-19 00:00:00+05:30,-1.2656819400322035,-1.2280808194149473,1.9260239164675166
2020-11-20 00:00:00+05:30,-1.222837356212693,-1.2009275067747902,1.6850211497382268
2020-11-23 00:00:00+05:30,-1.19998708436238,-1.2070012994941146,0.23487119860003158
2020-11-24 00:00:00+05:30,-1.209983957016307,-1.1734169425124923,1.6918700676479288
2020-11-25 00:00:00+05:30,-1.171424055414068,-1.1855645279511413,1.4459297988614626
2020-11-26 00:00:00+05:30,-1.177850674263922,-1.178776231987535,0.30319456654989163
2020-11-27 00:00:00+05:30,-1.1824923025541838,-1.1869937920111697,0.7726065795367459
2020-12-01 00:00:00+05:30,-1.1785647648540587,-1.1816345025361268,-0.24271143719958924
2020-12-02 00:00:00+05:30,-1.1785647389568816,-1.170558800749633,0.578650268138686
2020-12-03 00:00:00+05:30,-1.1628551155468847,-1.1687724138531963,0.5513270815310081
2020-12-04 00:00:00+05:30,-1.1653543841615657,-1.1544813186817022,0.1674900049788499
2020-12-07 00:00:00+05:30,-1.1557144335832852,-1.1191107035893757,1.054947834778824
2020-12-08 00:00:00+05:30,-1.1150120651847797,-1.1241124838708125,0.737777522079002
2020-12-09 00:00:00+05:30,-1.1071572524426916,-1.1030330927357124,1.31650639948161
2020-12-10 00:00:00+05:30,-1.095375103901208,-1.0508703635454408,2.990550159558416
2020-12-11 00:00:00+05:30,-1.0396771854744733,-1.0251461861795799,2.669082978779077
2020-12-14 00:00:00+05:30,-1.0146845262799244,-1.0280044567281712,0.48454523294570306
2020-12-15 00:00:00+05:30,-1.033964334277132,-1.0447963132546514,0.23979657612668465
2020-12-16 00:00:00+05:30,-1.044675560865167,-1.0415809198696513,-0.0029548100561016255
2020-12-17 00:00:00+05:30,-1.0414625162448932,-1.0483694734047226,0.1828162635545608
2020-12-18 00:00:00+05:30,-1.0493171520409978,-1.0380082748625106,0.27383989846850443
2020-12-21 00:00:00+05:30,-1.0393202051224968,-1.1205398388636716,1.4574394518423917
2020-12-22 00:00:00+05:30,-1.1207246946751435,-1.117324316692939,1.4018341265696328
2020-12-23 00:00:00+05:30,-1.121438678933441,-1.086240849852035,0.26863709857587365
2020-12-24 00:00:00+05:30,-1.0714534109885085,-1.0801670571327104,0.20785826889774886
2020-12-28 00:00:00+05:30,-1.0785943573419798,-1.0737362703627102,-0.2526958897786678
2020-12-29 00:00:00+05:30,-1.0678832211979348,-1.059087794783343,0.45547296811850857
2020-12-30 00:00:00+05:30,-1.0521734324747758,-1.0619459365462023,-0.044005717812473755
2020-12-31 00:00:00+05:30,-1.067526153546096,-1.0773090441555837,-0.08857103543258045
2021-01-01 00:00:00+05:30,-1.0721675886903923,-1.0426528035218066,-0.004547186910852465
2021-01-04 00:00:00+05:30,-1.0428905138766562,-1.0458684544782715,0.47810520663565503
2021-01-05 00:00:00+05:30,-1.0539586790200624,-1.0598022980276247,-0.10306718966445162
2021-01-06 00:00:00+05:30,-1.0610994255164417,-1.1030330927357124,1.931478447829016
2021-01-07 00:00:00+05:30,-1.0993024329240542,-1.1216115937300941,1.0063809633199503
2021-01-08 00:00:00+05:30,-1.1117987838060075,-1.1309009086201514,2.4138068870275364
2021-01-11 00:00:00+05:30,-1.1142981257394677,-1.1237553610344042,1.5319028131253458
2021-01-12 00:00:00+05:30,-1.1214387128152914,-1.095530164742092,1.0499639318156442
2021-01-13 00:00:00+05:30,-1.0896626036755737,-1.0612315620876531,2.9052525144136916
2021-01-14 00:00:00+05:30,-1.0571720434036114,-1.0405092937889613,1.8814353328564053
2021-01-15 00:00:00+05:30,-1.0364639701531833,-1.0140706131788182,2.537922625710231
2021-01-18 00:00:00+05:30,-1.0114713125913006,-1.000494021251606,3.1465520372197937
2021-01-19 00:00:00+05:30,-0.9929052496532378,-1.006924936807339,0.7988016605017181
2021-01-20 00:00:00+05:30,-1.0107570243591562,-1.0154996196673818,1.6434133655718117
2021-01-21 00:00:00+05:30,-1.0071868154146641,-1.043724815959694,0.6162176999686592
2021-01-22 00:00:00+05:30,-1.0428907264372385,-1.0651617162884,0.3352574615222065
2021-01-25 00:00:00+05:30,-1.0571718288922582,-1.0858834694441615,0.3520166429917838
2021-01-27 00:00:00+05:30,-1.0857350544404405,-1.0655188391248083,1.8923863399012149
2021-01-28 00:00:00+05:30,-1.0768090326255284,-1.094458281089937,0.16615637215927032
2021-01-29 00:00:00+05:30,-1.0818075810906767,-1.1183960715593615,0.2731583687770794
2021-02-01 00:00:00+05:30,-1.1142979170845988,-1.0276470763202978,2.500123975806275
2021-02-02 00:00:00+05:30,-1.00004596404391,-1.0115695942523675,1.8914965959748002
2021-02-03 00:00:00+05:30,-0.9893348321627015,-1.0219306640088468,2.23134272996365
2021-02-04 00:00:00+05:30,-1.0278948828033236,-0.9276090237626425,5.650829578691927
2021-02-05 00:00:00+05:30,-0.9132858192841306,-0.8961683052995979,6.94005410970617
2021-02-08 00:00:00+05:30,-0.8750828378335882,-0.905100368567514,1.4352244937892613
2021-02-09 00:00:00+05:30,-0.8957909913664394,-0.934397319726249,3.346320979626814
2021-02-10 00:00:00+05:30,-0.9357793695656427,-0.9447585182684609,1.814512118798997
2021-02-11 00:00:00+05:30,-0.9357792346571759,-0.9526185690984897,1.5751835203519895
2021-02-12 00:00:00+05:30,-0.9589867471079911,-1.0169288837274104,5.962083382648304
2021-02-15 00:00:00+05:30,-1.0111143078482165,-1.0087114524895082,0.7982423591855702
2021-02-16 00:00:00+05:30,-1.0068297059501816,-1.0112123426302266,0.626030508518327
2021-02-17 00:00:00+05:30,-1.0171836276453998,-1.0147849876373674,0.01663358145762679
2021-02-18 00:00:00+05:30,-1.0128993759977247,-1.006924936807339,0.2932070336846801
2021-02-19 00:00:00+05:30,-1.008257703833027,-1.0276470763202978,0.5589400414776974
2021-02-22 00:00:00+05:30,-1.0212905219701398,-1.056175434227073,2.0939111764800455
2021-02-23 00:00:00+05:30,-1.0505305286531599,-1.0455687700785878,0.46395909087689674
2021-02-24 00:00:00+05:30,-1.042489754118165,-1.0430087672866215,-0.42180903813412457
2021-02-25 00:00:00+05:30,-1.0395656839580019,-1.04081425840368,0.41665303951645893
2021-02-26 00:00:00+05:30,-1.0560130609112477,-1.0795832714069844,1.5619395352021805
2021-03-01 00:00:00+05:30,-1.0691711433465994,-1.0572728174542763,-0.22094036803962375
2021-03-02 00:00:00+05:30,-1.05784063254901,-1.035327986196326,0.3937165080521747
2021-03-03 00:00:00+05:30,-1.0212906334838219,-1.0349622347158358,0.08188328261278134
2021-03-04 00:00:00+05:30,-1.0446826420894806,-1.0367909921182872,0.34751503419142693
2021-03-05 00:00:00+05:30,-1.0505305469318627,-1.0452030185980978,-0.148976101880568
2021-03-08 00:00:00+05:30,-1.0381034545632726,-1.049226156097758,0.2223065148495516
2021-03-09 00:00:00+05:30,-1.0454134972960145,-1.0506891620197192,0.19637614187800825
2021-03-10 00:00:00+05:30,-1.0424895105843097,-1.0601987005124658,0.00042590228186056264
2021-03-12 00:00:00+05:30,-1.050530511483832,-1.0697081102194799,0.7334518172782398
2021-03-15 00:00:00+05:30,-1.0662468267534158,-1.0678792240312962,1.4103181521119303
2021-03-16 00:00:00+05:30,-1.0622265475578672,-1.050323410539229,1.9115122952669776
2021-03-17 00:00:00+05:30,-1.0198285403412266,-1.0302073366837299,3.865561339551006
2021-03-18 00:00:00+05:30,-1.0139805077074144,-0.9786370218632663,4.744714717936436
2021-03-19 00:00:00+05:30,-0.9701205967953964,-0.9398678800742296,7.509886924142691
2021-03-22 00:00:00+05:30,-0.9386874672232469,-0.9175571685500565,1.7337114947944317
2021-03-23 00:00:00+05:30,-0.9262606367744496,-0.9453541522815835,1.4397367197460764
2021-03-24 00:00:00+05:30,-0.9555003736704916,-0.9910723146284701,0.525125053537736
2021-03-25 00:00:00+05:30,-0.9982639699668246,-1.0228923070739249,1.3818403825084034
2021-03-26 00:00:00+05:30,-1.0048431564674751,-1.0280130853722536,0.42486449250498826
2021-03-30 00:00:00+05:30,-1.0121530627223865,-1.0013133560821974,0.537104745074959
2021-03-31 00:00:00+05:30,-1.0063050846879764,-0.9724193754806647,1.1068455441555065
2021-04-01 00:00:00+05:30,-0.9628106129307114,-0.9610812083711991,0.6203857858726162
2021-04-05 00:00:00+05:30,-0.9803545336716358,-1.0159432865160751,0.7721248096779455
2021-04-06 00:00:00+05:30,-1.0081324942801517,-1.0152117835550944,0.3983079694544109
2021-04-07 00:00:00+05:30,-1.0161735186530758,-1.0067994995038188,-0.2878319272416655
2021-04-08 00:00:00+05:30,-1.0004569646204247,-1.0108227657892115,-0.3591378641622979
2021-04-09 00:00:00+05:30,-1.0084979412353023,-1.0119198914449496,-0.21184952612912683
2021-04-12 00:00:00+05:30,-1.0359105408364147,-1.0689766072584994,0.977496333794857
2021-04-13 00:00:00+05:30,-1.057840494722923,-1.044105764156627,0.04266022975532681
2021-04-15 00:00:00+05:30,-1.0432206470271328,-1.0587358233762374,-0.1353997735184103
2021-04-16 00:00:00+05:30,-1.0505305501445426,-1.049592036363981,-0.4118925484639803
2021-04-19 00:00:00+05:30,-1.0724605587124785,-1.0667820983755578,-0.24933385577151201
2021-04-20 00:00:00+05:30,-1.0636885889060022,-1.0817777802899258,0.1158821046506798
2021-04-22 00:00:00+05:30,-1.0943905856800529,-1.064587718278349,0.23220242558680734
2021-04-23 00:00:00+05:30,-1.0779432094714885,-1.0686109845637417,0.0018786831905843494
2021-04-26 00:00:00+05:30,-1.0666125348910607,-1.0689766072584994,0.018973157082637918
2021-04-27 00:00:00+05:30,-1.0702675906141632,-1.0682452330832515,-0.5342593400031641
2021-04-28 00:00:00+05:30,-1.0651507760978705,-1.0675138589080035,-0.45147127606279114
2021-04-29 00:00:00+05:30,-1.0571095883331245,-1.0762916368683046,-0.42599442607082866
2021-04-30 00:00:00+05:30,-1.0805015892530767,-1.0887269296335083,-0.20323717717728884
2021-05-03 00:00:00+05:30,-1.1002387711226678,-1.1007968572754192,0.06651521079126514
2021-05-04 00:00:00+05:30,-1.1002384293259415,-1.110671632105726,-0.08765271693693207
2021-05-05 00:00:00+05:30,-1.0984112117779776,-1.097505093951007,-0.37579886970363646
2021-05-06 00:00:00+05:30,-1.0921976006963159,-1.0876298039777699,-0.3457671285150167
2021-05-07 00:00:00+05:30,-1.0874462359138495,-1.0686109845637417,-0.008731001935488595
2021-05-10 00:00:00+05:30,-1.056744206171272,-1.0671479786417808,-0.21636371822602699
2021-05-11 00:00:00+05:30,-1.0805015618739648,-1.0784860169655135,-0.3833432113613633
2021-05-12 00:00:00+05:30,-1.080501621682382,-1.0839722891728674,-0.20048753026857288
2021-05-14 00:00:00+05:30,-1.0724606251369997,-1.0181377953990165,2.75589953267738
2021-05-17 00:00:00+05:30,-0.9862024462775464,-1.0155774062498522,1.206234318674615
2021-05-18 00:00:00+05:30,-1.005939618983238,-1.0342307317548554,0.7132393073635651
2021-05-19 00:00:00+05:30,-1.0355449284187805,-1.0510549135002094,0.3151462733599063
2021-05-20 00:00:00+05:30,-1.0472410398413734,-1.0565411857075633,0.08439011122101361
2021-05-21 00:00:00+05:30,-1.053454592102031,-1.041545632578928,0.1993210264971536
2021-05-24 00:00:00+05:30,-1.0395655410078595,-1.0236239388206378,0.6074771586832864
2021-05-25 00:00:00+05:30,-1.0139806605661876,-1.0280130853722536,0.3760677137321883
2021-05-26 00:00:00+05:30,-1.022752497309713,-1.0302073366837299,-0.1324246758799605
2021-05-27 00:00:00+05:30,-1.0286005184462814,-1.0261841991840697,1.8322789470620793
2021-05-28 00:00:00+05:30,-1.0176356302853626,-1.0133831549383758,0.3932827120114455
2021-05-31 00:00:00+05:30,-0.9993604157779334,-0.9863175453820968,3.502535397031368
2021-06-01 00:00:00+05:30,-0.9774304657591675,-0.9961928353553338,1.255602982060106
2021-06-02 00:00:00+05:30,-1.0322556081965235,-1.041911384059418,5.050245481333721
2021-06-03 00:00:00+05:30,-1.030428125759482,-1.041545632578928,1.773511085462778
2021-06-04 00:00:00+05:30,-1.039565502687029,-1.043740012676137,0.690069657223216
2021-06-07 00:00:00+05:30,-1.0329865638789186,-1.023989690301128,0.7757448012642386
2021-06-08 00:00:00+05:30,-1.0198287217138697,-1.0078970115167545,0.10909754505975658
2021-06-09 00:00:00+05:30,-1.0066707023753911,-1.0163091667822979,0.34677524121548636
2021-06-10 00:00:00+05:30,-1.002984624436293,-0.9971370923465147,0.7289707874107715
2021-06-11 00:00:00+05:30,-0.990963394411796,-1.0076630078406803,0.11977565186078362
2021-06-14 00:00:00+05:30,-1.0086195907137139,-1.0121738569095717,-0.12575605301604284
2021-06-15 00:00:00+05:30,-1.011624768555913,-1.0140533558906544,-0.3108088301156928
2021-06-16 00:00:00+05:30,-1.0153816034022456,-1.0080388046083109,0.033262407839576034
2021-06-17 00:00:00+05:30,-1.016133029832695,-1.0245794001705524,0.12322308188562635
2021-06-18 00:00:00+05:30,-1.023270592494,-1.0328495047730746,0.2602405007293507
2021-06-21 00:00:00+05:30,-1.045059224735596,-1.033601484665533,-0.03421283281566614
2021-06-22 00:00:00+05:30,-1.0225193006635278,-1.028714452471813,-0.10184870711584366
2021-06-23 00:00:00+05:30,-1.0259001932778664,-1.0373604826276983,-0.4601754437565934
2021-06-24 00:00:00+05:30,-1.034915986840537,-1.042623182803316,0.18603332749945745
2021-06-25 00:00:00+05:30,-1.0382971407907997,-1.0290902492394438,-0.37484509514845726
2021-06-28 00:00:00+05:30,-1.0240218496833877,-1.039991832715507,-0.3256951976164114
2021-06-29 00:00:00+05:30,-1.0413023738485199,-1.0422473860356853,-0.4109657100279641
2021-06-30 00:00:00+05:30,-1.036042981155102,-1.0467583638903097,-0.2394960117047633
2021-07-01 00:00:00+05:30,-1.0465616643220932,-1.044502810570131,-0.6164124062341212
2021-07-02 00:00:00+05:30,-1.0435564297972493,-1.04901404599622,-0.4520769782849423
2021-07-05 00:00:00+05:30,-1.0458102915956775,-1.039615907162144,-0.6126798203589668
2021-07-06 00:00:00+05:30,-1.043932151708529,-1.0482621948894941,-0.5576010274009411
2021-07-07 00:00:00+05:30,-1.049566977947648,-1.0388640560554179,-0.11254660639372525
2021-07-08 00:00:00+05:30,-1.0420538872862093,-1.0520214504231247,0.08705364119401147
2021-07-09 00:00:00+05:30,-1.0533237120424246,-1.0569082250453792,-0.5087499176237953
2021-07-12 00:00:00+05:30,-1.0533236134823696,-1.0587877240264618,-0.4267436565191767
2021-07-13 00:00:00+05:30,-1.0533237796358181,-1.0531490982974814,-0.5745260855556801
2021-07-14 00:00:00+05:30,-1.0544505838750347,-1.0362325771818766,0.05791531405996477
2021-07-15 00:00:00+05:30,-1.0352916962441983,-1.0200680359587306,0.6065897085869708
2021-07-16 00:00:00+05:30,-1.0104980320348462,-1.0076630078406803,0.6175717151071187
2021-07-19 00:00:00+05:30,-1.0172597680384736,-1.0087905269293043,-0.20524814525611235
2021-07-20 00:00:00+05:30,-1.006741326065638,-1.0159331124432023,0.2660906850139323
2021-07-22 00:00:00+05:30,-1.015757350104358,-1.0144295390154827,-0.08422802859907122
2021-07-23 00:00:00+05:30,-1.0157572846899905,-0.9738302231809361,1.6338667068516348
2021-07-26 00:00:00+05:30,-0.9631641768624526,-0.9832282332292795,1.813243565216227
2021-07-27 00:00:00+05:30,-0.9781907059405551,-1.0020241245402346,0.31721924038940663
2021-07-28 00:00:00+05:30,-1.005989691416113,-0.998640536988502,-0.31850653070004087
2021-07-29 00:00:00+05:30,-0.9999792457660547,-1.0215718669579155,-0.26169209481307876
2021-07-30 00:00:00+05:30,-1.0225191206559099,-1.02984210034617,-0.3051698092762282
2021-08-02 00:00:00+05:30,-1.0198895483323855,-1.0121738569095717,-0.6503065640815008
2021-08-03 00:00:00+05:30,-1.012000299658796,-0.9926258569204257,-0.07393921753485201
2021-08-04 00:00:00+05:30,-0.9864552259469809,-1.0023997925221322,-0.5635255973187342
2021-08-05 00:00:00+05:30,-1.0037357813332077,-0.9524025954249749,1.807652845884848
2021-08-06 00:00:00+05:30,-0.9526455181287362,-0.9599211064922362,0.2611638001132141
2021-08-09 00:00:00+05:30,-0.95565074334174,-0.963304307686771,0.04990263783401764
2021-08-10 00:00:00+05:30,-0.9631641708392426,-0.9930020400452539,-0.09442646275738842
2021-08-11 00:00:00+05:30,-0.9943442657624589,-1.0020241245402346,-0.27382311359883527
2021-08-12 00:00:00+05:30,-0.9913389588035484,-1.0001444967734192,0.5305624139424939
2021-08-13 00:00:00+05:30,-0.9943443312137057,-0.9809726799091015,-0.04887669879677826
2021-08-16 00:00:00+05:30,-0.9826988454513292,-0.985107860996095,-0.5509544253059742
2021-08-17 00:00:00+05:30,-0.9872066041715191,-0.9978889434532413,-0.7693001146150449
2021-08-18 00:00:00+05:30,-0.9962225781320461,-0.9997685712200562,-0.5807360079377933
2021-08-20 00:00:00+05:30,-1.0157572004235036,-1.0001444967734192,-0.011515777213721212
2021-08-23 00:00:00+05:30,-0.996973938530854,-1.0196922391911,-0.6331200748334744
2021-08-24 00:00:00+05:30,-1.0157572459569648,-1.023827420278094,-0.4657537764054378
2021-08-25 00:00:00+05:30,-1.0202651492033263,-1.0189403880843744,-0.5904857033907362
2021-08-26 00:00:00+05:30,-1.0202653334112695,-1.0324735792197115,-0.31199644426496803
2021-08-27 00:00:00+05:30,-1.0307840480501769,-1.0226999011894697,-0.5977283080834356
2021-08-30 00:00:00+05:30,-1.023270405114548,-1.006910899162489,-0.492313052052134
2021-08-31 00:00:00+05:30,-1.0078682390975005,-0.9821003277834581,0.40710336604815195
2021-09-01 00:00:00+05:30,-0.9857039522003685,-0.9956333901330627,-0.21986397188115037
2021-09-02 00:00:00+05:30,-1.000730403999955,-0.9937536335805147,-0.34574910556423855
2021-09-03 00:00:00+05:30,-0.9950956236784104,-0.9873631567448082,-0.6139509954618498
2021-09-06 00:00:00+05:30,-0.9857039999636514,-0.9971370923465147,-0.5875193223066628
2021-09-07 00:00:00+05:30,-0.9864555673559419,-0.9787172553746563,1.172660248433055
2021-09-08 00:00:00+05:30,-0.9763123643119898,-0.9824762533368211,-0.1548925450860103
2021-09-09 00:00:00+05:30,-0.9853283472330776,-0.9719505954141209,-0.0357485848359722
2021-09-13 00:00:00+05:30,-0.96804766808782,-0.9606729575989618,-0.23284469087359266
2021-09-14 00:00:00+05:30,-0.9564021187488044,-0.9460119898035358,0.0016472029645901954
2021-09-15 00:00:00+05:30,-0.9398728511630908,-0.9467639696959943,0.042733566780493136
2021-09-16 00:00:00+05:30,-0.9409997865378217,-0.8358676056684184,8.496489923705255
2021-09-17 00:00:00+05:30,-0.8204113767477519,-0.8328604588129789,3.9260599287290314
2021-09-20 00:00:00+05:30,-0.8354378428903292,-0.813312458823833,3.3289539331809923
2021-09-21 00:00:00+05:30,-0.8057603901039931,-0.7550450283384208,2.429829093655295
2021-09-22 00:00:00+05:30,-0.741521622335014,-0.7400082637753644,2.164402541563509
2021-09-23 00:00:00+05:30,-0.7302513988333204,-0.7475263884854273,0.1438149257606788
2021-09-24 00:00:00+05:30,-0.7377647899172513,-0.7779759719506366,0.3425393234786007
2021-09-27 00:00:00+05:30,-0.7693208785267597,-0.7760966017552862,0.21587068297168469
2021-09-28 00:00:00+05:30,-0.768945071547992,-0.7832389296977192,-0.254468889369217
2021-09-29 00:00:00+05:30,-0.7978713452672128,-0.7806074508241779,-0.27176443385395177
2021-09-30 00:00:00+05:30,-0.7685695195265856,-0.7952684186196043,-0.21226536475708066
2021-10-01 00:00:00+05:30,-0.8038820913276221,-0.8012830986876804,-0.23859584723589872
2021-10-04 00:00:00+05:30,-0.7978713999558948,-0.7918850886393368,-0.5839543171047438
2021-10-05 00:00:00+05:30,-0.7948661595275995,-0.8061701308814003,-0.6798334660343242
2021-10-06 00:00:00+05:30,-0.8068871781976698,-0.8321083501347879,-0.13707636670679715
2021-10-07 00:00:00+05:30,-0.8204113072320842,-0.8193272676776417,-0.6045999021421166
2021-10-08 00:00:00+05:30,-0.8072629180007966,-0.8287251489402531,-0.6460392536412597
2021-10-11 00:00:00+05:30,-0.8279245494547445,-0.780983376377541,0.1040555098880668
2021-10-12 00:00:00+05:30,-0.7783366779996734,-0.7565486017661402,0.6308237614312756
2021-10-13 00:00:00+05:30,-0.7486591627549937,-0.6971533946206392,2.0030320528623413
2021-10-14 00:00:00+05:30,-0.668266881232464,-0.6418933685621315,4.3130681926241055
2021-10-18 00:00:00+05:30,-0.6100388045869676,-0.5967830748729612,2.667146724023479
2021-10-19 00:00:00+05:30,-0.6070334408656892,-0.7215881692320397,2.586460594909857
2021-10-20 00:00:00+05:30,-0.7231138432987607,-0.7167010082525875,1.8498395927682598
2021-10-21 00:00:00+05:30,-0.7077115780381407,-0.7309860504946506,0.1915028015256019
2021-10-22 00:00:00+05:30,-0.7325056701576956,-0.7918850886393368,1.0447043104745601
2021-10-25 00:00:00+05:30,-0.8121468057955923,-0.8159441952688394,0.1793908542986688
2021-10-26 00:00:00+05:30,-0.8121466805600838,-0.7911333663183433,-0.043421905283267656
2021-10-27 00:00:00+05:30,-0.7659396859582789,-0.7779759719506366,0.4138583024617962
2021-10-28 00:00:00+05:30,-0.8046333222677516,-0.8783465492697798,1.7489307298115218
2021-10-29 00:00:00+05:30,-0.8805177836532057,-0.8926315915118432,0.4617409571711289
2021-11-01 00:00:00+05:30,-0.886903891130686,-0.8651891549020732,0.23599078430236967
2021-11-02 00:00:00+05:30,-0.8579777712533196,-0.8745872937361492,-0.3442617205900207
2021-11-03 00:00:00+05:30,-0.873004310873592,-0.8982702172408238,-0.11491357690391915
2021-11-04 00:00:00+05:30,-0.8816446264829102,-0.867444837007984,-0.8239384921940558
2021-11-08 00:00:00+05:30,-0.8452050249641914,-0.843009933610851,0.04416229524217846
2021-11-09 00:00:00+05:30,-0.8440781949021815,-0.8509044990172078,-0.5292782551741059
2021-11-10 00:00:00+05:30,-0.8621102403282784,-0.8351158833474246,-0.40408159821074274
2021-11-11 00:00:00+05:30,-0.8399459442962226,-0.8415064889688639,-0.7511804297447279
2021-11-12 00:00:00+05:30,-0.833935262379929,-0.8197031932310047,-0.5073417680949985
2021-11-15 00:00:00+05:30,-0.8132736437389035,-0.7806074508241779,1.2556132059885474
2021-11-16 00:00:00+05:30,-0.7749557396690302,-0.8005312475809544,-0.3224958944702816
2021-11-17 00:00:00+05:30,-0.7978713849274803,-0.7700817929014779,1.7761523980528167
2021-11-18 00:00:00+05:30,-0.7678181525387017,-0.7851185574645345,0.04124670611029796
2021-11-22 00:00:00+05:30,-0.7835959962885104,-0.834739829008329,0.1951401606826448
2021-11-23 00:00:00+05:30,-0.8493376815354994,-0.8294771288327115,-0.40393236817829975
2021-11-24 00:00:00+05:30,-0.8245437791584872,-0.8587989356378316,-0.35763180085727364
2021-11-25 00:00:00+05:30,-0.8654910014272309,-0.8317324245814246,0.28234627246976696
2021-11-26 00:00:00+05:30,-0.851215863982885,-0.8866167826580345,0.4869674519922823
2021-11-29 00:00:00+05:30,-0.9030576720788159,-0.9054128027547215,0.16621987848401218
2021-11-30 00:00:00+05:30,-0.9030574107325099,-0.908044024056798,0.25603977689998453
2021-12-01 00:00:00+05:30,-0.9030577058960046,-0.9024055271135497,-0.4326108151464911
2021-12-02 00:00:00+05:30,-0.9038089292385787,-0.8757150703962385,-0.24195775016704882
2021-12-03 00:00:00+05:30,-0.8805175615287949,-0.9042848973089,-0.38025597820007206
2021-12-06 00:00:00+05:30,-0.9056872532968044,-0.932478927453931,-0.42326804515311717
2021-12-07 00:00:00+05:30,-0.9263490210017185,-0.9118035371618936,-0.7007895701291035
2021-12-08 00:00:00+05:30,-0.9105710446682616,-0.8794744547156016,-0.6380038357283306
2021-12-09 00:00:00+05:30,-0.8955444162674243,-0.80090730192005,1.2219657987218213
2021-12-10 00:00:00+05:30,-0.7963686944665742,-0.7956442153872347,1.0201759264595476
2021-12-13 00:00:00+05:30,-0.7828446471604641,-0.8069217244166611,0.16106793608157718
2021-12-14 00:00:00+05:30,-0.8053847868709517,-0.8520322756772964,1.1738989822245374
2021-12-15 00:00:00+05:30,-0.842951199754895,-0.8862408571046714,0.9867615723308835
2021-12-16 00:00:00+05:30,-0.8730043624640891,-0.894887016046289,0.30163797344468574
2021-12-17 00:00:00+05:30,-0.897047163576272,-0.9321032594720331,0.6610993039904215
2021-12-20 00:00:00+05:30,-0.9462592161525738,-0.9738302231809361,1.1629112083601405
2021-12-21 00:00:00+05:30,-0.9631640559515352,-0.9730782432884775,-0.013180442485593103
2021-12-22 00:00:00+05:30,-0.9631641176983219,-0.9768374988221077,-0.1544882411465545
2021-12-23 00:00:00+05:30,-0.9639156369632175,-0.9369901628800199,0.17125109988523507
2021-12-24 00:00:00+05:30,-0.9331109346591336,-0.9317272051329375,-0.1976056276701468
2021-12-27 00:00:00+05:30,-0.9301056079277518,-0.9351104063274721,-0.7499913082213876
2021-12-28 00:00:00+05:30,-0.9331107079896015,-0.9163142574450525,-0.5261333485703247
2021-12-29 00:00:00+05:30,-0.9180843504285705,-0.9411252151812813,-0.5318907965809023
2021-12-30 00:00:00+05:30,-0.9436295035397976,-0.9467639696959943,-0.6459109302317193
2021-12-31 00:00:00+05:30,-0.9413755043659289,-0.9313511507938419,-0.7873015033902545
2022-01-03 00:00:00+05:30,-0.9327352857878758,-0.9234569717446832,-0.7753945590361724
2022-01-04 00:00:00+05:30,-0.9218408305233844,-0.9148106840173333,-0.6911940855968186
2022-01-05 00:00:00+05:30,-0.9207139950963481,-0.9125552594828871,-0.5482992841973384
2022-01-06 00:00:00+05:30,-0.9255975209256996,-0.9264642473858545,-0.6977258651108281
2022-01-07 00:00:00+05:30,-0.9195868676881823,-0.9287198007060331,-0.7039878902051909
2022-01-10 00:00:00+05:30,-0.9188357169597371,-0.8918797404051169,-0.24612249363286154
2022-01-11 00:00:00+05:30,-0.8929145860212395,-0.9020294727744543,-0.758669260714058
2022-01-12 00:00:00+05:30,-0.8993009951097621,-0.8960147927063781,-0.421921960113
2022-01-13 00:00:00+05:30,-0.8887823727526113,-0.8869927082113974,-0.5305712544319311
2022-01-14 00:00:00+05:30,-0.8884067903998278,-0.8971425693664672,-0.5916109253613177
2022-01-17 00:00:00+05:30,-0.8985496947218051,-0.8821058048034104,-0.47701196006950963
2022-01-18 00:00:00+05:30,-0.88352299610045,-0.9110515572694349,-0.3409692224038672
2022-01-19 00:00:00+05:30,-0.9124491035861964,-0.9140587041248739,-0.5323599176051567
2022-01-20 00:00:00+05:30,-0.9139518918944256,-0.9260883218324915,-0.14856281923472453
2022-01-21 00:00:00+05:30,-0.9293541637094807,-0.9388695330753702,-0.1972989753549071
2022-01-24 00:00:00+05:30,-0.9402485635593981,-0.9783412010355599,-0.14692135441585433
2022-01-25 00:00:00+05:30,-0.9781905984128307,-0.9595450521531402,-0.08348102644281942
2022-01-27 00:00:00+05:30,-0.9838256907447196,-0.9572896276186945,0.23285446317695907
2022-01-28 00:00:00+05:30,-0.9548994390923174,-0.934734480774109,-0.2831061129336286
2022-01-31 00:00:00+05:30,-0.929354374609712,-0.915186867142161,-0.2987031745370314
2022-02-01 00:00:00+05:30,-0.9105708578695535,-0.8584227525130034,1.5473757457513893
2022-02-02 00:00:00+05:30,-0.8429511689708977,-0.8253419477457179,1.411290277307902
2022-02-03 00:00:00+05:30,-0.8267976077048369,-0.8080496298624827,0.5406392095675594
2022-02-04 00:00:00+05:30,-0.78847964013222,-0.8091772777368393,2.432065184773838
2022-02-07 00:00:00+05:30,-0.8128979523970268,-0.8400027867554115,0.29979491372911166
2022-02-08 00:00:00+05:30,-0.8406970534547885,-0.8321083501347879,-0.2225300578362586
2022-02-09 00:00:00+05:30,-0.8256706611660218,-0.8403788410945076,-0.5048332354986926
2022-02-10 00:00:00+05:30,-0.8527186484689423,-0.8245902254247244,-0.002171630922287882
2022-02-11 00:00:00+05:30,-0.8279246733319373,-0.8230865232112724,-0.09831712629536773
2022-02-14 00:00:00+05:30,-0.8337679525077191,-0.8827004085306722,0.20634722470450956
2022-02-15 00:00:00+05:30,-0.8722025035124263,-0.85539332572583,-0.440507423569427
2022-02-16 00:00:00+05:30,-0.8506791087795185,-0.8573163542845204,-0.5482332218904862
2022-02-17 00:00:00+05:30,-0.856444275528373,-0.8580855914651427,-0.36521487547467274
2022-02-18 00:00:00+05:30,-0.8595191095529007,-0.863854677141214,-0.7160530432981037
2022-02-21 00:00:00+05:30,-0.8775832992539487,-0.8938538968996365,-0.2272660305347341
2022-02-22 00:00:00+05:30,-0.9183239944383924,-0.9180840309819881,0.4032307254609508
2022-02-23 00:00:00+05:30,-0.9044874273147719,-0.9096226795666041,-0.5624754818993956
2022-02-24 00:00:00+05:30,-0.9567585329632259,-0.9669289821298688,1.4251112590346224
2022-02-25 00:00:00+05:30,-0.9452279809339956,-0.9250067792503943,0.2645730214824072
2022-02-28 00:00:00+05:30,-0.9321604748873014,-0.9103919167472265,0.028700241924604613
2022-03-02 00:00:00+05:30,-0.9229359914582006,-0.9146223992763198,-0.019708682947449756
2022-03-03 00:00:00+05:30,-0.9102526864277601,-0.8830849627281172,0.5856444838006611
2022-03-04 00:00:00+05:30,-0.8975693671779107,-0.8361630401389268,3.0959510627670976
2022-03-07 00:00:00+05:30,-0.8645155205440843,-0.8403936514537526,1.6818331846665866
2022-03-08 00:00:00+05:30,-0.8499103583988991,-0.825393977181675,1.0774198984170549
2022-03-09 00:00:00+05:30,-0.8207003335435399,-0.8073177405443046,1.487594076786317
2022-03-10 00:00:00+05:30,-0.795333237761588,-0.7861641688272457,1.0837055827304392
2022-03-11 00:00:00+05:30,-0.788415100320238,-0.7527034461488877,1.4485516466646609
2022-03-14 00:00:00+05:30,-0.7549769513708684,-0.7323193691839169,1.0169481142821868
2022-03-15 00:00:00+05:30,-0.7338379421999006,-0.7411652747967457,0.8783134141426364
2022-03-16 00:00:00+05:30,-0.7261510466033976,-0.7046277321816294,0.13322601618150284
2022-03-17 00:00:00+05:30,-0.6857945667678302,-0.6869357921702393,0.9586259766401297
2022-03-21 00:00:00+05:30,-0.6807981357301716,-0.6900126121069973,0.5491048189310619
2022-03-22 00:00:00+05:30,-0.6911754324491562,-0.6496290123745007,1.1369998414094178
2022-03-23 00:00:00+05:30,-0.6381360105752285,-0.6323220129177527,1.369411165809772
2022-03-24 00:00:00+05:30,-0.6342923298717033,-0.6103992040200714,1.221805558304903
2022-03-25 00:00:00+05:30,-0.6085412290053764,-0.6219375041579464,0.6349274234784511
2022-03-28 00:00:00+05:30,-0.6185340720236011,-0.5934766299750361,0.3486416324600678
2022-03-29 00:00:00+05:30,-0.5950892458663785,-0.612322361364494,-0.09660311090736515
2022-03-30 00:00:00+05:30,-0.6100784716420291,-0.6538597524750587,-0.13060992858160883
2022-03-31 00:00:00+05:30,-0.6523567107465651,-0.6427063928918267,0.3971655765270881
2022-04-01 00:00:00+05:30,-0.6492817154364715,-0.6223219295696584,-0.34676199539797004
2022-04-04 00:00:00+05:30,-0.6254524662614648,-0.6057841672935335,-0.24179049718382767
2022-04-05 00:00:00+05:30,-0.602776078879102,-0.5750154527830229,0.4971992449940398
2022-04-06 00:00:00+05:30,-0.591630061196294,-0.5738617901906881,8.032039294007146e-05
2022-04-07 00:00:00+05:30,-0.5877864174225564,-0.5965534499117938,-0.2317178959909433
2022-04-08 00:00:00+05:30,-0.587786327783665,-0.5107862731656199,1.1947633331153553
2022-04-11 00:00:00+05:30,-0.5051521216955156,-0.5130939847074881,1.7400954205740575
2022-04-12 00:00:00+05:30,-0.5193730410186529,-0.5338628734413684,0.25933692828433896
2022-04-13 00:00:00+05:30,-0.5316721776378804,-0.4973253308262526,0.11912630132874794
2022-04-18 00:00:00+05:30,-0.5109174713873457,-0.4930945907256943,0.3147612375932824
2022-04-19 00:00:00+05:30,-0.48016956407829386,-0.5588621159186103,0.24795795808105214
2022-04-20 00:00:00+05:30,-0.5501205578082855,-0.5742463443881328,0.3220469662918436
2022-04-21 00:00:00+05:30,-0.5747187097605859,-0.567708150317172,0.2500644150299984
2022-04-22 00:00:00+05:30,-0.5724125172727643,-0.5623233612670807,-0.25726565810196744
2022-04-25 00:00:00+05:30,-0.5816369907913652,-0.6073223840833134,0.3022566521913972
2022-04-26 00:00:00+05:30,-0.5985480032768511,-0.5788613811146708,0.061605627923294
2022-04-27 00:00:00+05:30,-0.6016228020500052,-0.590015127055101,-0.19765550209030014
2022-04-28 00:00:00+05:30,-0.5762559765837527,-0.5623233612670807,0.5457787652874596
2022-04-29 00:00:00+05:30,-0.5493518190507791,-0.5742463443881328,0.0539501338127682
2022-05-02 00:00:00+05:30,-0.5877865760850955,-0.5465548361715783,-0.04134762749371076
2022-05-04 00:00:00+05:30,-0.5416650755414905,-0.5727079988126201,0.4165125915763951
2022-05-05 00:00:00+05:30,-0.5570387502554265,-0.5550160588012296,-0.10904346906647737
2022-05-06 00:00:00+05:30,-0.5800995485528275,-0.519632307564181,0.9760841864478876
2022-05-09 00:00:00+05:30,-0.5251379158360907,-0.5480927953898933,0.1184268142245476
2022-05-10 00:00:00+05:30,-0.5570389110221368,-0.5727079988126201,-0.10246574741248436
2022-05-11 00:00:00+05:30,-0.5800994938805349,-0.6042455641465556,-0.1476319829805357
2022-05-12 00:00:00+05:30,-0.6108471532842794,-0.6253988782921489,0.029361716987163788
2022-05-13 00:00:00+05:30,-0.6112317203728613,-0.5815539044254489,-0.5030099682599731
2022-05-16 00:00:00+05:30,-0.5727968627840325,-0.6161682896961426,-0.74777920401188
2022-05-17 00:00:00+05:30,-0.6108472732891792,-0.5346318530505264,-0.1178859219462501
2022-05-18 00:00:00+05:30,-0.5262914858017633,-0.5184789025433112,0.03955982345546683
2022-05-19 00:00:00+05:30,-0.5524268834368057,-0.450403537022795,3.8464907637976347
2022-05-20 00:00:00+05:30,-0.4417349796099465,-0.4169424279872389,0.837186089074965
2022-05-23 00:00:00+05:30,-0.4186743275106844,-0.45924918506415857,0.13785588285339725
2022-05-24 00:00:00+05:30,-0.4571087908147162,-0.4873252474781584,-0.2653468215408715
2022-05-25 00:00:00+05:30,-0.4728670393084389,-0.4730949391724361,-0.2823421364346439
2022-05-26 00:00:00+05:30,-0.4606277616694735,-0.4711267068216143,-0.0771091596557142
2022-05-27 00:00:00+05:30,-0.4547276798754225,-0.45144567117072687,-0.40165937916416344
2022-05-30 00:00:00+05:30,-0.44292647290463494,-0.45262637876690104,-0.5097292520000781
2022-05-31 00:00:00+05:30,-0.45433428572052226,-0.4400304901931864,0.23669898796094635
2022-06-01 00:00:00+05:30,-0.441746496858256,-0.4305831552092696,-0.320934582628872
2022-06-02 00:00:00+05:30,-0.4413529356421489,-0.41759343986536507,-0.3510032872510877
2022-06-03 00:00:00+05:30,-0.4075238915205652,-0.42389131975935584,-0.46590005722775346
2022-06-06 00:00:00+05:30,-0.4279789244037494,-0.4073593528411965,-0.5683149834895159
2022-06-07 00:00:00+05:30,-0.4216850285604058,-0.41444462870410215,-0.5746487726969771
2022-06-08 00:00:00+05:30,-0.4157847021499111,-0.46168001576636053,-0.3430748273587766
2022-06-09 00:00:00+05:30,-0.4641682617179099,-0.43845582704108976,-0.638112170047008
2022-06-10 00:00:00+05:30,-0.45433396231863366,-0.4439664397518988,-0.7357069728146617
2022-06-13 00:00:00+05:30,-0.475182221225074,-0.4872656196839797,-0.5573368437115349
2022-06-14 00:00:00+05:30,-0.5003571208811607,-0.48096735343279096,-0.7978938864835804
2022-06-15 00:00:00+05:30,-0.4783288931139242,-0.4971061375094233,-0.9527417709911348
2022-06-16 00:00:00+05:30,-0.4704618856389538,-0.518362093883873,-0.3475715208089213
2022-06-17 00:00:00+05:30,-0.5333998288277765,-0.49789379104980325,-0.19281643811337365
2022-06-20 00:00:00+05:30,-0.4995706421754171,-0.49159539601288194,-0.1648660528186163
2022-06-21 00:00:00+05:30,-0.48619622967692516,-0.44593467210272014,-0.374463270743972
2022-06-22 00:00:00+05:30,-0.4704617737513456,-0.4821484473861631,-0.5423792364017405
2022-06-23 00:00:00+05:30,-0.4822628144750262,-0.4805740418055318,-0.6900800050867183
2022-06-24 00:00:00+05:30,-0.47754224263269407,-0.47781841348579546,-0.8247029274590603
2022-06-27 00:00:00+05:30,-0.47046197596791334,-0.4455411029039954,-0.7486898545611973
2022-06-28 00:00:00+05:30,-0.4555141436077698,-0.4305831552092696,-0.5476723476622705
2022-06-29 00:00:00+05:30,-0.4527605401678339,-0.4132636635364628,-0.23451243643159755
2022-06-30 00:00:00+05:30,-0.4157844481513665,-0.41759343986536507,-0.021933042763486444
2022-07-01 00:00:00+05:30,-0.419324870367038,-0.33217630274030774,1.0203578599554026
2022-07-04 00:00:00+05:30,-0.32373806272872485,-0.2727385963030594,1.3294397344980065
2022-07-05 00:00:00+05:30,-0.2659139945527209,-0.3121014403192302,-0.06737702838752962
2022-07-06 00:00:00+05:30,-0.32019747163303147,-0.2932070279228622,-0.08544782190773577
2022-07-07 00:00:00+05:30,-0.2816485528111331,-0.27234502710433467,-0.3802334331270987
2022-07-08 00:00:00+05:30,-0.26670067297229816,-0.263685216875065,-0.5561749859973717
2022-07-11 00:00:00+05:30,-0.26591395314629024,-0.24833369998161445,-0.4747604675203015
2022-07-12 00:00:00+05:30,-0.2659144593544159,-0.2664409739805335,-0.36190658262983727
2022-07-13 00:00:00+05:30,-0.2659137807276242,-0.2558125450432448,-0.676296183407602
2022-07-14 00:00:00+05:30,-0.2556867603023379,-0.2810048373336043,-0.40517942529614137
2022-07-15 00:00:00+05:30,-0.27378119643843923,-0.25974900974488746,-0.5617455851618822
2022-07-18 00:00:00+05:30,-0.250179238749099,-0.24597176964633582,-0.5427096790120074
2022-07-19 00:00:00+05:30,-0.2501795968752442,-0.25148276871434255,-0.6821389618978638
2022-07-20 00:00:00+05:30,-0.25096597894958517,-0.22314115011978977,-0.24953164946405176
2022-07-21 00:00:00+05:30,-0.21871064920034086,-0.2125137514683616,-0.23291389900458073
2022-07-22 00:00:00+05:30,-0.2108433006284685,-0.20464107963654138,-0.6310765999052474
2022-07-25 00:00:00+05:30,-0.21871054004139964,-0.200311045736174,-0.5869575960844103
2022-07-26 00:00:00+05:30,-0.20297616243410652,-0.18968313194181555,-0.6460433825354379
2022-07-27 00:00:00+05:30,-0.18842177937493973,-0.1762999761849189,-0.6718018493255592
2022-07-28 00:00:00+05:30,-0.17229390402884853,-0.18181046010999535,-0.5739585919891785
2022-07-29 00:00:00+05:30,-0.17150724810494916,-0.18495978641418856,-0.17459143367250943
2022-08-01 00:00:00+05:30,-0.1793746045800902,-0.14992697629838517,-0.24295982623031342
2022-08-02 00:00:00+05:30,-0.13217085006526508,-0.1306387371318268,1.2705093386516877
2022-08-03 00:00:00+05:30,-0.12509072811026042,-0.14480980400056834,-0.12461968958498038
2022-08-04 00:00:00+05:30,-0.14790545584562642,-0.13418163263474475,-0.2421496454393339
2022-08-05 00:00:00+05:30,-0.13610469166074718,-0.12355371884038632,-0.6231348357983619
2022-08-08 00:00:00+05:30,-0.12469687050650236,-0.1054467024129324,-0.7398962274935327
2022-08-10 00:00:00+05:30,-0.10738956175928209,-0.1207984768778481,-0.6994967674852868
2022-08-11 00:00:00+05:30,-0.108569396915593,-0.159767494123829,-0.5708835488964137
2022-08-12 00:00:00+05:30,-0.1616731864554371,-0.14166073526784023,-0.8634115069943024
2022-08-16 00:00:00+05:30,-0.14357867420612003,-0.12591564917566495,-0.7200563011249442
2022-08-17 00:00:00+05:30,-0.11879698796279323,-0.1101708206549548,-0.7616080502989402
2022-08-18 00:00:00+05:30,-0.10856923232979616,-0.08576540919057958,-0.6365617375140681
2022-08-19 00:00:00+05:30,-0.08378768673992806,-0.11450033941239193,-0.601265459634152
2022-08-22 00:00:00+05:30,-0.12273023203108151,-0.09560618458748855,-0.5400907148809336
2022-08-23 00:00:00+05:30,-0.10896304128736851,-0.08379782076842107,-0.6722775896880994
2022-08-24 00:00:00+05:30,-0.08693444929144924,-0.09796785735130253,-0.5406769523162445
2022-08-25 00:00:00+05:30,-0.08929454172226395,-0.11174483987838905,-0.7758134124122564
2022-08-26 00:00:00+05:30,-0.0948017267173942,-0.10741506354948631,-0.8284087082910573
2022-08-29 00:00:00+05:30,-0.13217099171271143,-0.10229789125166945,-0.5397261269711926
2022-08-30 00:00:00+05:30,-0.09873523516856972,-0.047583530342048104,-0.1158244896052478
2022-09-01 00:00:00+05:30,-0.057432048685998556,-0.07041363472566388,-0.4156243478831007
2022-09-02 00:00:00+05:30,-0.06372618425288161,-0.026721529523521578,0.4038546472478886
2022-09-05 00:00:00+05:30,-0.014162795298777479,0.018152055989191267,-0.13925576745289275
2022-09-06 00:00:00+05:30,0.025173612810365585,0.00476890023229461,-0.4997905449469746
2022-09-07 00:00:00+05:30,-0.0062954552648846005,-0.0034973407982503276,-0.7544008361277689
2022-09-08 00:00:00+05:30,0.017306269917661085,0.026418297019736206,-0.5692359235052774
2022-09-09 00:00:00+05:30,0.029893648563102934,0.031141642547363197,-0.6677416389742598
2022-09-12 00:00:00+05:30,0.040908072789992866,0.034290968851556414,-0.7133173559839904
2022-09-13 00:00:00+05:30,0.03854752918204524,0.06184441876279918,-0.5948562361854339
2022-09-14 00:00:00+05:30,0.03304045917001241,0.06932352139589466,-0.48037327315863426
2022-09-15 00:00:00+05:30,0.07552360120704833,0.059483003570450825,-0.7325866429619415
2022-09-16 00:00:00+05:30,0.04366148907680608,0.03743978001281937,-0.46557308813163656
2022-09-19 00:00:00+05:30,0.018092997122286673,0.07129188253244857,-0.3428459686528956
2022-09-20 00:00:00+05:30,0.09401152493582826,0.07444069369371152,-0.6600101207804516
2022-09-21 00:00:00+05:30,0.07237645852194156,0.11340971093969197,0.09144940611979853
2022-09-22 00:00:00+05:30,0.11171314836927594,0.14568753666442275,0.3003784641063065
2022-09-23 00:00:00+05:30,0.16285004849881216,0.15631545045878117,0.2124802054713009
2022-09-26 00:00:00+05:30,0.14200197168860054,0.04767438217991821,-0.22223454698149991
2022-09-27 00:00:00+05:30,0.06450943066622139,0.06538731426571713,-0.629535998072732
2022-09-28 00:00:00+05:30,0.040514644344803875,-0.012550720226244719,-0.26502286719288476
2022-09-29 00:00:00+05:30,0.01730625188661913,0.05121676253990588,-0.0862072762845252
2022-09-30 00:00:00+05:30,0.04916870839851799,0.04452557101865526,-0.4698286017313683
2022-10-03 00:00:00+05:30,0.0479881144142956,-0.016881011698077254,-0.687193908056111
2022-10-04 00:00:00+05:30,0.014946013531972729,0.049642228173541844,-0.7073818412197247
2022-10-06 00:00:00+05:30,0.06450974575414141,0.07955812356299351,0.17291393009302775
2022-10-07 00:00:00+05:30,0.07867044380549286,0.059483003570450825,-0.5957822226274134
2022-10-10 00:00:00+05:30,0.025173472286631308,0.010279641728836192,-0.6689935459043108
2022-10-11 00:00:00+05:30,0.017306135170252663,-0.0019230640033514193,-0.58897426596948
2022-10-12 00:00:00+05:30,0.009045706598966068,0.027992831386100248,-0.6068276043962975
2022-10-13 00:00:00+05:30,0.024779884582077923,0.016577264051362093,-0.8080830142454958
2022-10-14 00:00:00+05:30,0.043267679715599555,0.043737659906809924,-0.8632534948694802
2022-10-17 00:00:00+05:30,0.03382753967316868,0.04491888264591485,-0.830212641818942
2022-10-18 00:00:00+05:30,0.05624916765732328,0.10829279621334073,0.0845900021296439
2022-10-19 00:00:00+05:30,0.12823425998227905,0.15592188126005646,-0.2163170551680123
2022-10-20 00:00:00+05:30,0.15891630749420216,0.18229488114659018,-0.0735342582153679
2022-10-21 00:00:00+05:30,0.20769314117623597,0.15001731299332502,0.5095871072128855
2022-10-24 00:00:00+05:30,0.1742572505433331,0.16654953748294976,-1.0765371599159983
2022-10-25 00:00:00+05:30,0.17819114362659397,0.1555280544898666,-0.15430951901283818
2022-10-27 00:00:00+05:30,0.15616257436187983,0.15159158978822393,-0.06803620961998975
2022-10-28 00:00:00+05:30,0.16324302997382492,0.15159158978822393,-0.4278024884928917
2022-10-31 00:00:00+05:30,0.166783412352662,0.17442220931476995,-0.37820313133744043
2022-11-01 00:00:00+05:30,0.17661738193227616,0.180720089208761,0.00448834092525627
2022-11-02 00:00:00+05:30,0.1707169344758991,0.22126364082110597,-0.18450313906844712
2022-11-03 00:00:00+05:30,0.21398686797383185,0.21378505333094075,-0.5807034355503871
2022-11-04 00:00:00+05:30,0.21398703265971897,0.2129979149334913,-0.734672258825988
2022-11-07 00:00:00+05:30,0.22185390802027105,0.21221026139311158,-0.6256528058670752
2022-11-09 00:00:00+05:30,0.21005333597223377,0.2688929834392868,0.06647909935170604
2022-11-10 00:00:00+05:30,0.25332273240122255,0.2318915546154644,-0.017635650379946615
2022-11-11 00:00:00+05:30,0.2611902782758557,0.2346473117209329,-0.5666293460567385
2022-11-14 00:00:00+05:30,0.23247500819869327,0.16261358792423736,-0.12824649712356773
2022-11-15 00:00:00+05:30,0.1742576288904659,0.14726207103078678,-0.27167497448008937
2022-11-16 00:00:00+05:30,0.1486888873532831,0.13820843403132727,-0.7859180616885244
2022-11-17 00:00:00+05:30,0.1361014377596387,0.13505962287006432,-0.6293250967796263
2022-11-18 00:00:00+05:30,0.13295452771455038,0.11419710690860704,-0.7706232613541717
2022-11-21 00:00:00+05:30,0.09676515346886791,0.08388789989189578,-0.6814575632824446
2022-11-22 00:00:00+05:30,0.0802443312537243,0.10789948458608113,-0.8586048843287766
2022-11-23 00:00:00+05:30,0.11958005748079756,0.10435633151169806,-0.7752113147802608
2022-11-24 00:00:00+05:30,0.10227214783278721,0.11183543414479306,-0.7507940832180474
2022-11-25 00:00:00+05:30,0.11171302142208014,0.10829279621334073,-0.8299379720490832
2022-11-28 00:00:00+05:30,0.10384531365702934,0.1063241775053217,-0.6353238557166226
2022-11-29 00:00:00+05:30,0.10384552527412282,0.12403762473405089,-0.6165068464961986
2022-11-30 00:00:00+05:30,0.11367956589567815,0.1059308658780621,0.1939784995824901
2022-12-01 00:00:00+05:30,0.11722001956211853,0.10238822794660929,-0.19440527591597168
2022-12-02 00:00:00+05:30,0.09873190458776478,0.08349407312170591,-0.7345421003523683
2022-12-05 00:00:00+05:30,0.08535768476453037,0.08034526196044296,-0.647536797005916
2022-12-06 00:00:00+05:30,0.057429096480730815,0.08467503828934524,-0.869642467075324
2022-12-07 00:00:00+05:30,0.09204478648142905,0.10671826184697669,-0.6411915386479597
2022-12-08 00:00:00+05:30,0.10541944300467761,0.09333510609008003,-0.8779646792886353
2022-12-09 00:00:00+05:30,0.10187843301380702,0.11695209129968012,-0.751359610644464
2022-12-12 00:00:00+05:30,0.11171305387688402,0.13112341573988678,-0.5493430424304027
2022-12-13 00:00:00+05:30,0.1392481744841608,0.15001731299332502,-0.5835038088732931
2022-12-14 00:00:00+05:30,0.15104882811121703,0.14844252105549582,-0.800667127073315
2022-12-15 00:00:00+05:30,0.14121486149409623,0.0968774864500677,-0.7498717013662236
2022-12-16 00:00:00+05:30,0.08417772155017926,0.06735567540227104,-0.46973940450951723
2022-12-19 00:00:00+05:30,0.07867024683174045,0.10986707300823964,-0.7722942182743153
2022-12-20 00:00:00+05:30,0.104239186522592,0.10711208861716655,-0.9250359735229375
2022-12-21 00:00:00+05:30,0.11171305415884787,0.06774924460099577,-0.8226011892463178
2022-12-22 00:00:00+05:30,0.06962299412760574,0.04649315944081376,-0.8527982172780738
2022-12-23 00:00:00+05:30,0.032253672398911845,0.0012260047293766651,-0.6241073542223504
2022-12-26 00:00:00+05:30,-0.0023617082948111604,0.0634194682720935,-0.6573792942708657
2022-12-27 00:00:00+05:30,0.0692300902229204,0.052004158508820474,-0.8434329677497294
2022-12-28 00:00:00+05:30,0.04759479081445509,0.06184441876279918,-0.7772252320692117
2022-12-29 00:00:00+05:30,0.059395714410786164,0.06932352139589466,-0.7531205512424926
2022-12-30 00:00:00+05:30,0.06765640031117671,0.039407883577908136,-0.8281677905926557
2023-01-02 00:00:00+05:30,0.03225376728302626,0.049642228173541844,-0.8942544120439442
2023-01-03 00:00:00+05:30,0.036974387384111435,0.03586550321792046,-0.8912948469121651
2023-01-04 00:00:00+05:30,0.039727637364061964,0.0035876774931901615,-0.8458954926680489
2023-01-05 00:00:00+05:30,0.0145525332929349,0.05436583127263397,-0.7487899310915181
2023-01-06 00:00:00+05:30,0.06214927009065675,0.06696159106061604,-0.7414039292486276
2023-01-09 00:00:00+05:30,0.07985063923970147,0.09057934898461154,-0.5883955654044946
2023-01-10 00:00:00+05:30,0.0873245820513988,0.05397226207390924,-0.8288663601648164
2023-01-11 00:00:00+05:30,0.06529629422074619,0.04137598714299691,-0.9838841847137079
2023-01-12 00:00:00+05:30,0.051921981785638296,0.02602472782101148,-0.8492606724993405
2023-01-13 00:00:00+05:30,0.023993207279095433,0.01736466002027668,-0.3397519195393101
2023-01-16 00:00:00+05:30,0.027927095406557228,0.028780227355014835,-0.7433827181680618
2023-01-17 00:00:00+05:30,0.026747083415532683,0.04491888264591485,-0.38563730361241066
2023-01-18 00:00:00+05:30,0.056642275813410595,0.06381277989935309,-0.46146542826628845
2023-01-19 00:00:00+05:30,0.0566423564956397,0.044131486677000266,-0.7373409007632065
2023-01-20 00:00:00+05:30,0.040908040798009054,0.0634194682720935,-0.4255416240092789
2023-01-23 00:00:00+05:30,0.07237667415406045,0.08821767622079804,-0.8173839709930645
2023-01-24 00:00:00+05:30,0.08653789276251352,0.09766513999044743,-0.4780238012951959
2023-01-25 00:00:00+05:30,0.09519189451098989,0.10002681275426092,-0.4652656493603629
2023-01-27 00:00:00+05:30,0.11800691689293925,0.15316663929751823,0.09459909699778637
2023-01-30 00:00:00+05:30,0.15812951660379082,0.14371917552786884,-0.36079958022404246
2023-01-31 00:00:00+05:30,0.15104887694616304,0.2031568819651172,-0.1613823802782088
2023-02-01 00:00:00+05:30,0.2061195694965714,0.2744034673643633,2.944114649489564
2023-02-02 00:00:00+05:30,0.2737777165868167,0.40981136229994986,2.3690975824152134
2023-02-03 00:00:00+05:30,0.43348233980254564,0.4259500175908498,0.17686121846545183
2023-02-06 00:00:00+05:30,0.43820261015674455,0.4475994143782914,0.40590552797043533
2023-02-07 00:00:00+05:30,0.44921660548149284,0.36769301874977567,0.0686177354600416
2023-02-08 00:00:00+05:30,0.37723178629248094,0.3858000351772296,-0.6013933242776726
2023-02-09 00:00:00+05:30,0.3713312402016714,0.3755656905815959,-0.5069704953089688
2023-02-10 00:00:00+05:30,0.3571705695753928,0.3527355861979801,-0.6106908730490941
2023-02-13 00:00:00+05:30,0.3634639763060196,0.37517212138287115,-0.6354281266791245
2023-02-14 00:00:00+05:30,0.3791985756989731,0.4716109990724768,0.6244681480688721
2023-02-15 00:00:00+05:30,0.47966688642510047,0.48560511434467124,-0.48415317747183156
2023-02-16 00:00:00+05:30,0.48166483066771704,0.4884038858848176,-0.6436772640192808
2023-02-17 00:00:00+05:30,0.47407306091957996,0.495201196849703,-0.7815131869803441
2023-02-20 00:00:00+05:30,0.5032414797542619,0.5003989890161068,-0.7728070531464569
2023-02-21 00:00:00+05:30,0.5056388795061785,0.48600512283002434,-0.7430136081361255
2023-02-22 00:00:00+05:30,0.4816648086950485,0.4987997277890899,-0.6970385025371513
2023-02-23 00:00:00+05:30,0.50124369868943,0.5287874856173139,-0.05021020054035217
2023-02-24 00:00:00+05:30,0.5376038515201347,0.5087955612080095,-0.43821955742864843
2023-02-27 00:00:00+05:30,0.5064377855527815,0.48560511434467124,-0.7506982666579105
2023-02-28 00:00:00+05:30,0.48566062907271557,0.4416234988157179,-0.21163783837998723
2023-03-01 00:00:00+05:30,0.4197321282431698,0.4576166262288172,-0.7753177484968561
2023-03-02 00:00:00+05:30,0.4616865475572443,0.432426909653109,-0.9553548367019539
2023-03-03 00:00:00+05:30,0.4417084665623802,0.5075963084663456,-0.7481822627292821
2023-03-06 00:00:00+05:30,0.5128311344717702,0.5331857759559419,-0.5821332126201176
2023-03-08 00:00:00+05:30,0.5296126943628429,0.5671715580659755,-0.6998814100238937
2023-03-09 00:00:00+05:30,0.5623770480169233,0.5279877262180729,-0.6529179258042462
2023-03-10 00:00:00+05:30,0.5212215790916519,0.5319857504998826,-0.7362834450875508
2023-03-13 00:00:00+05:30,0.5392024380860708,0.49720046656207295,-0.708127860305934
2023-03-14 00:00:00+05:30,0.5112327119055862,0.465613447506832,-0.6138911592652664
2023-03-15 00:00:00+05:30,0.47367338920861196,0.4632141693091089,-0.7322576421877369
2023-03-16 00:00:00+05:30,0.47047691942973835,0.47960756277902644,-0.25472140729411946
2023-03-17 00:00:00+05:30,0.5056386911303465,0.432426909653109,1.920757544712141
2023-03-20 00:00:00+05:30,0.4121408304891377,0.45841664319952335,-0.6209429828317287
2023-03-21 00:00:00+05:30,0.4560925589482001,0.44362251095662275,-0.5233788518493993
2023-03-22 00:00:00+05:30,0.4413088864941934,0.4500198134361555,-0.9713943453624593
2023-03-23 00:00:00+05:30,0.4417084020314216,0.4732102602994937,-0.6451816233362315
2023-03-24 00:00:00+05:30,0.4776690428254472,0.4576166262288172,-0.6332422376707488
2023-03-27 00:00:00+05:30,0.4493003309907288,0.46961198693157197,-0.5754474843374614
2023-03-28 00:00:00+05:30,0.4672805813804654,0.4660131984207199,-0.6833110435404685
2023-03-29 00:00:00+05:30,0.467280413899198,0.490003147111834,-0.6184423803337652
2023-03-31 00:00:00+05:30,0.4816646760216159,0.49600069867747887,-0.6609852607245532
2023-04-03 00:00:00+05:30,0.49764761750367914,0.45921614502729924,-0.8216837227447061
2023-04-05 00:00:00+05:30,0.45689190318000933,0.5191914031122822,-0.523536667360213
2023-04-06 00:00:00+05:30,0.5188243175381672,0.5267882159049444,-0.4390422559781684
2023-04-10 00:00:00+05:30,0.5244185055948197,0.5363842984099756,-0.83978387729018
2023-04-11 00:00:00+05:30,0.5340078672907188,0.5959598055810706,-0.08908347707670511
2023-04-12 00:00:00+05:30,0.6075277706814899,0.5763676320856541,-0.6454962057498136
2023-04-13 00:00:00+05:30,0.5895470910632872,0.5927607679841066,-0.8872319495027495
2023-04-17 00:00:00+05:30,0.5687698136612725,0.6291458282918634,-0.5607085773431094
2023-04-18 00:00:00+05:30,0.6255082424156938,0.6159514724189099,-0.6620697835953775
2023-04-19 00:00:00+05:30,0.5939426063442181,0.6179507421312799,-0.6457140540712192
2023-04-20 00:00:00+05:30,0.6255081357426717,0.6303453386049923,-0.8473365422742661
2023-04-21 00:00:00+05:30,0.6279053117903156,0.6939191276293621,-0.3502686062393679
2023-04-24 00:00:00+05:30,0.7054211781988132,0.6975179161402146,-0.8922969885134325
2023-04-25 00:00:00+05:30,0.6950328648235621,0.7203086120896645,-0.704961326161219
2023-04-26 00:00:00+05:30,0.7214038070575319,0.7259061551699562,-0.7848826267818195
2023-04-27 00:00:00+05:30,0.7230020191644774,0.7558936554267152,-0.4576159881320889
2023-04-28 00:00:00+05:30,0.7693516612620231,0.8322623069816156,-0.4507700194325144
2023-05-02 00:00:00+05:30,0.8332819118261238,0.8234659838758249,-0.6123339107800322
2023-05-03 00:00:00+05:30,0.8172992837700483,0.8450569119406811,-0.8042320667372312
2023-05-04 00:00:00+05:30,0.8276882162914546,0.824665751760419,-0.7610130307712503
2023-05-05 00:00:00+05:30,0.8328827536477157,0.8578520320426773,-0.4708446373892356
2023-05-08 00:00:00+05:30,0.8732386993052135,0.8794432176789982,-0.8095961556548257
2023-05-09 00:00:00+05:30,0.8876229129502348,0.8182681917094211,-0.6294108204873274
2023-05-10 00:00:00+05:30,0.8168999222173705,0.8306630457545987,-0.6450401267881224
2023-05-11 00:00:00+05:30,0.8432710615626168,0.7910792054213429,-0.23687350852153677
2023-05-12 00:00:00+05:30,0.7885303852626719,0.7914789563352314,-0.5545053398372848
2023-05-15 00:00:00+05:30,0.785334324408389,0.8502549616785501,-0.6845846435494561
2023-05-16 00:00:00+05:30,0.8652471787972441,0.8194677020225506,-0.7604058867130368
2023-05-17 00:00:00+05:30,0.8184978463432311,0.848655442880068,-0.6630495767376801
2023-05-18 00:00:00+05:30,0.8652471379225156,0.7854816623410512,0.2882656648853366
2023-05-19 00:00:00+05:30,0.7929260344258664,0.7866811726541801,0.4044222718903958
2023-05-22 00:00:00+05:30,0.8009170994775522,0.8258647469306177,-0.27362348484221627
2023-05-23 00:00:00+05:30,0.8332821106716535,0.8610505544967106,-0.7120119045056276
2023-05-24 00:00:00+05:30,0.851661824660367,0.8958360960059855,-0.5319725880084337
2023-05-25 00:00:00+05:30,0.92078702774826,0.9570111219755625,-0.0912453791760452
2023-05-26 00:00:00+05:30,0.9723303934188461,0.9766027803280491,-0.43261697571875707
2023-05-29 00:00:00+05:30,0.9851167679031974,1.0205849109999323,0.015043498432974986
2023-05-30 00:00:00+05:30,0.9748640023478965,1.0491477834830352,-0.045661207763949496
2023-05-31 00:00:00+05:30,1.041600662537182,1.0137458734576947,-0.3489520788385268
2023-06-01 00:00:00+05:30,1.0231072842888753,0.9670790754047197,-0.7073895747040586
2023-06-02 00:00:00+05:30,0.9668234435771847,0.9968489277734408,-0.6811281692802229
2023-06-05 00:00:00+05:30,1.0070261208304718,0.9747225086325711,-0.8155900647796126
2023-06-06 00:00:00+05:30,0.9732562564081375,0.9920217809453644,-0.8613154705878061
2023-06-07 00:00:00+05:30,0.9989857380233641,1.0012745206873725,-0.7899481245585224
2023-06-08 00:00:00+05:30,1.0126548206038897,0.9928261766309778,-0.8239628723311084
2023-06-09 00:00:00+05:30,0.9278272382263558,0.9570219399770982,-0.8217726578145459
2023-06-12 00:00:00+05:30,0.9668235568141206,0.9449526562638499,-0.7128922109596348
2023-06-13 00:00:00+05:30,0.9748643183006771,1.0129412202006163,-0.2283904660492816
2023-06-14 00:00:00+05:30,1.0170770877514268,1.0056998560298394,-0.7138751499260731
2023-06-15 00:00:00+05:30,1.0070263198015352,1.0346653127129468,-0.7928780009750197
2023-06-16 00:00:00+05:30,1.039188414603405,1.0748951422807589,-0.515589725751104
2023-06-19 00:00:00+05:30,1.0854215068397377,1.0789181509946861,-1.0097791016257205
2023-06-20 00:00:00+05:30,1.0858232736588913,1.0728835091380622,-0.9912358446431156
2023-06-21 00:00:00+05:30,1.06331013567031,1.026216968656552,-0.8872018020214479
2023-06-22 00:00:00+05:30,1.0311477691201358,1.0310443730560932,-0.8493473792770839
2023-06-23 00:00:00+05:30,1.0271276369540936,1.0077112316010708,-0.8851441053466069
2023-06-26 00:00:00+05:30,1.022303184283778,1.0153549224003868,-0.9253557334387431
2023-06-27 00:00:00+05:30,1.0158710848546675,1.0105275180008457,-0.9654481479037323
2023-06-28 00:00:00+05:30,1.0070262456726193,1.0447227057120334,-0.49245009201605067
2023-06-30 00:00:00+05:30,1.0472291405818601,1.0628263737104406,-0.6875356887408675
2023-07-03 00:00:00+05:30,1.0600939005375274,1.156561781302,-0.5831291281111163
2023-07-04 00:00:00+05:30,1.1678371442266353,1.1815044868426445,-0.778043211882528
2023-07-05 00:00:00+05:30,1.178691903124846,1.2519067529791814,-0.2191409566339342
2023-07-06 00:00:00+05:30,1.2671374655788636,1.2422511714657039,-0.6636156284681193
2023-07-07 00:00:00+05:30,1.2321611133479595,1.1979983331839643,-0.804365239958981
2023-07-10 00:00:00+05:30,1.208039794728586,1.1774814781287168,-0.8569366144667491
2023-07-11 00:00:00+05:30,1.175877453334066,1.236216787180545,-0.7300381977219125
2023-07-12 00:00:00+05:30,1.2703538175974614,1.2293777496383074,-0.4755294249075012
2023-07-13 00:00:00+05:30,1.239397445576395,1.2269637898670716,-0.7659399156719684
2023-07-14 00:00:00+05:30,1.232161308768358,1.2342054116093135,-0.9513053745831184
2023-07-17 00:00:00+05:30,1.244221961825521,1.2297800762668472,-0.8851547880410682
2023-07-18 00:00:00+05:30,1.2285429554363219,1.2309870561524645,-0.9335516539206019
2023-07-19 00:00:00+05:30,1.2301510514088574,1.2820789319764414,-0.3754929383064279
2023-07-20 00:00:00+05:30,1.2876408743067624,1.3890903455954018,0.0428284658085904
2023-07-21 00:00:00+05:30,1.383323371997931,1.375412528082392,-0.3686337964682846
2023-07-24 00:00:00+05:30,1.3965901314452331,1.2217340588389913,1.27013301943944
2023-07-25 00:00:00+05:30,1.1911548531121963,1.148918348074149,1.5688488791504913
2023-07-26 00:00:00+05:30,1.1670330343686122,1.2289756805812333,-0.09524594994476976
2023-07-27 00:00:00+05:30,1.2434180545809688,1.171044509643554,-0.3674885198688373
2023-07-28 00:00:00+05:30,1.1895465203880915,1.1984009173839687,-0.6303762608070103
2023-07-31 00:00:00+05:30,1.1999991267013972,1.176274498243099,-0.7472589633454186
2023-08-01 00:00:00+05:30,1.1758774759158157,1.169032876500857,-0.8623814462038295
2023-08-02 00:00:00+05:30,1.1646208395650746,1.131217006704281,-0.6080940607629768
2023-08-03 00:00:00+05:30,1.12843838262808,1.0986306103643202,-0.5884538286890101
2023-08-04 00:00:00+05:30,1.0978841682055758,1.0897801972508514,-0.8364166002427978
2023-08-07 00:00:00+05:30,1.0801952599329476,1.0893778706223125,-0.6839273629190781
2023-08-08 00:00:00+05:30,1.1035125240075776,1.0688605004241343,-0.8653786956872357
2023-08-09 00:00:00+05:30,1.06612435725886,1.1195503071910373,-0.6447872811732058
2023-08-10 00:00:00+05:30,1.1187897213885731,1.0640330960245932,-0.41961004152518294
2023-08-11 00:00:00+05:30,1.0785869200153966,1.039895043741027,-0.5252470781580599
2023-08-14 00:00:00+05:30,1.0371783724504264,1.0435159833978807,-0.788678260215696
2023-08-16 00:00:00+05:30,1.0552694859062366,1.05196406988281,-0.30648476376500133
2023-08-17 00:00:00+05:30,1.047228938465188,0.9775387950323456,-0.21805453316102788
2023-08-18 00:00:00+05:30,0.9748642866580755,0.9827687836318911,-0.017856054683462567
2023-08-21 00:00:00+05:30,0.982904697598777,1.032251352941711,-0.6569971421763663
2023-08-22 00:00:00+05:30,1.0391883340864105,1.0841478820227666,-0.6384561790238606
2023-08-23 00:00:00+05:30,1.0922560050867147,1.053573376396968,-0.7308592578213616
2023-08-24 00:00:00+05:30,1.0520532183930869,1.057193800910891,-0.8853162736800403
2023-08-25 00:00:00+05:30,1.0544656065479947,0.9964471162878313,-0.6767275545422264
2023-08-28 00:00:00+05:30,1.0070262834874155,0.9807571504891948,-0.8314128392647606
2023-08-29 00:00:00+05:30,0.9905432352516846,0.9702974308615693,-0.6630291288807972
2023-08-30 00:00:00+05:30,0.9748644615072661,0.9920217809453644,-0.8016471823676289
2023-08-31 00:00:00+05:30,0.9909451487785785,0.9670790754047197,0.019897111846529647
2023-09-01 00:00:00+05:30,0.9668237242720781,0.9779411216608853,-0.5346650202406794
2023-09-04 00:00:00+05:30,0.9937592832871586,0.9493777340348518,-0.39271075471980676
2023-09-05 00:00:00+05:30,0.9579787993183205,0.9944352255736698,-0.735192237340438
2023-09-06 00:00:00+05:30,0.9985837040501974,1.029435324113401,-0.4413117059401519
2023-09-07 00:00:00+05:30,1.0375801510442333,1.016963971343079,-0.7541029659049083
2023-09-08 00:00:00+05:30,1.0303439679052013,0.9908148010597465,-0.6329134990485555
2023-09-11 00:00:00+05:30,1.0150668176442106,1.02742394854217,-0.6734775905199093
2023-09-12 00:00:00+05:30,1.038384351639723,1.059205434053587,-0.34016022129693857
2023-09-13 00:00:00+05:30,1.0649179797700683,1.0781132401661424,-0.5101180234328633
2023-09-14 00:00:00+05:30,1.0946680453008153,1.0495503676830396,-0.33855526114564444
2023-09-15 00:00:00+05:30,1.031549990059226,1.036676945855643,-0.29620421048913864
2023-09-18 00:00:00+05:30,1.033962447394709,1.066447055795829,-0.7470867294739825
2023-09-20 00:00:00+05:30,1.0608978221964602,1.0736881623951406,-0.6315940879755899
2023-09-21 00:00:00+05:30,1.0697423591214863,1.029837650741941,-0.581796937127599
2023-09-22 00:00:00+05:30,1.0271274375564612,0.9944352255736698,-0.7923810918375657
2023-09-25 00:00:00+05:30,0.9917491168826315,0.9904122168597421,-0.9053262711659715
2023-09-26 00:00:00+05:30,0.9957697666207717,0.9892057521170545,-0.9351540580897856
2023-09-27 00:00:00+05:30,0.9865229690131999,1.0431133991978763,-0.5967844297666837
2023-09-28 00:00:00+05:30,1.046826867508233,0.9755271618896497,-0.6147451194421361
2023-09-29 00:00:00+05:30,0.9829045541699406,1.0048949452012959,-0.7495356880257162
2023-10-03 00:00:00+05:30,0.9748644655669034,0.9674816596047245,-0.7939819230946815
2023-10-04 00:00:00+05:30,0.9648135135897948,0.9381136187216124,-0.4063360399700782
2023-10-05 00:00:00+05:30,0.9668237675297794,0.9377112920930731,-0.6269665806717974
2023-10-06 00:00:00+05:30,0.9495366737630312,0.9867917923458188,-0.7325926724582018
2023-10-09 00:00:00+05:30,0.9744623138433384,0.9731137172613438,-0.9165857655901
2023-10-10 00:00:00+05:30,0.9704418250237188,1.0048949452012959,-0.9556723683256633
2023-10-11 00:00:00+05:30,1.024715725438949,1.0358722925985646,-0.7828647116746961
2023-10-12 00:00:00+05:30,1.0444148684710535,1.0555850095396637,-0.5126532299963208
2023-10-13 00:00:00+05:30,1.0460230992430781,1.036676945855643,-0.7841118998685435
2023-10-16 00:00:00+05:30,1.0311478326401695,1.0415043502551842,-1.008089662988779
2023-10-17 00:00:00+05:30,1.0456208887006333,1.0777114286805334,-0.8297437174086962
2023-10-18 00:00:00+05:30,1.0814010209619447,1.0632281851960501,-0.8324485363234768
2023-10-19 00:00:00+05:30,1.0452189509533933,1.0531710497684281,-0.6639820514419397
2023-10-20 00:00:00+05:30,1.007026406544722,0.9558147025200157,-0.431000480878965
2023-10-23 00:00:00+05:30,0.9507425654176984,0.9365043122074552,-0.8075097533347453
2023-10-25 00:00:00+05:30,0.9418977968459552,0.9107572109811971,-0.5706717956092712
2023-10-26 00:00:00+05:30,0.8827997657351002,0.9240329594371329,-0.05213557598748022
2023-10-27 00:00:00+05:30,0.9213947035886721,0.9192055550375918,-0.4236526221537213
2023-10-30 00:00:00+05:30,0.923002524719464,0.892653800554255,-0.7850589240094312
2023-10-31 00:00:00+05:30,0.886418226638815,0.876159439070005,-0.7193819150758276
2023-11-01 00:00:00+05:30,0.8864182184307227,0.8737457368702345,-0.7606648929002194
2023-11-02 00:00:00+05:30,0.8868201454904829,0.8982858582108748,-0.7500617615744294
2023-11-03 00:00:00+05:30,0.9089317069209076,0.9151825463236641,-0.37973475446356825
2023-11-06 00:00:00+05:30,0.9145600151097669,0.9320789768649883,-0.8053628594380532
2023-11-07 00:00:00+05:30,0.925816729302315,0.9107572109811971,-0.948512079364518
2023-11-08 00:00:00+05:30,0.9117458505266954,0.9449526562638499,-0.8268842288072379
2023-11-09 00:00:00+05:30,0.9491345546900215,0.9244355436371373,-0.7740659726428107
2023-11-10 00:00:00+05:30,0.9217967472331767,0.9417343008070008,-1.016986643486906
2023-11-13 00:00:00+05:30,0.9539587367238398,0.9373089654645338,-1.038905894071269
2023-11-15 00:00:00+05:30,0.951546550870947,0.9851824858316617,-0.796960953013301
2023-11-16 00:00:00+05:30,0.9825027629433164,0.958630731348325,-0.5727269363020019
2023-11-17 00:00:00+05:30,0.9607932511397878,0.9634583933193313,-0.8481559639236447
2023-11-20 00:00:00+05:30,0.9656176391808654,0.943745676378232,-1.00019692130801
2023-11-21 00:00:00+05:30,0.9439082088725851,0.9393205986072303,-0.8912451035680173
2023-11-22 00:00:00+05:30,0.9427019455131337,0.9670790754047197,-0.9640658858860532
2023-11-23 00:00:00+05:30,0.9744623071360554,0.9723090640042652,-0.8670749502764715
2023-11-24 00:00:00+05:30,0.9748642477291666,0.9517916938060874,-0.837237332652233
2023-11-28 00:00:00+05:30,0.9507426691489395,0.9312745811793749,-0.7111544708146079
2023-11-29 00:00:00+05:30,0.9346613036623637,0.9469640318350813,-0.380874067104758
2023-11-30 00:00:00+05:30,0.9402899625435919,0.9356996589503767,-0.29290312682461445
2023-12-01 00:00:00+05:30,0.9499382922309961,1.0483431302259567,-0.01703066907582656
2023-12-04 00:00:00+05:30,1.0874317815420487,1.0825388330800751,-0.44542873773990466
2023-12-05 00:00:00+05:30,1.0874316872109757,1.0640330960245932,-0.48894125288255663
2023-12-06 00:00:00+05:30,1.0785870308719325,1.156561781302,0.05379644719613278
2023-12-07 00:00:00+05:30,1.16582704434704,1.1151252294200353,-0.5430346164300365
2023-12-08 00:00:00+05:30,1.1272323124923636,1.0431133991978763,-0.06087303698671992
2023-12-11 00:00:00+05:30,1.0592898524721674,1.0696654112526787,-0.8517805431701357
2023-12-12 00:00:00+05:30,1.0809992896423593,1.0748951422807589,-0.6185879402380497
2023-12-13 00:00:00+05:30,1.0978844490807926,1.0954125124789362,-0.5448074194065773
2023-12-14 00:00:00+05:30,1.127634333564041,1.131217006704281,-0.3424958646417799
2023-12-15 00:00:00+05:30,1.142911219232278,1.1159296251056487,-0.24949468603045588
2023-12-18 00:00:00+05:30,1.0874314211489817,1.0632281851960501,-0.49606339872605515
2023-12-19 00:00:00+05:30,1.0741646595327135,1.0990329369928595,-0.611335898072943
2023-12-20 00:00:00+05:30,1.1195936600632914,1.0579984541679697,-0.6048535342130671
2023-12-21 00:00:00+05:30,1.0391884741525117,1.0616193938248226,-0.5532777475062836
2023-12-22 00:00:00+05:30,1.071350643279722,1.0917918303935483,-0.561686797573344
2023-12-26 00:00:00+05:30,1.0958740995763006,1.1018492233926345,-0.8995362507679875
2023-12-27 00:00:00+05:30,1.103512859376137,1.10707921199218,-0.789951335920661
2023-12-28 00:00:00+05:30,1.105120852349227,1.163400818844238,0.07205153358029577
2023-12-29 00:00:00+05:30,1.160600400512408,1.1473087839885272,-0.43965837874276953
2024-01-01 00:00:00+05:30,1.1557764074642087,1.1951825619271197,-0.6717932638471885
2024-01-02 00:00:00+05:30,1.2080397300519619,1.213688298982601,-0.5948848107546676
2024-01-03 00:00:00+05:30,1.2100496460309282,1.2692052525775799,0.2909426301489145
2024-01-04 00:00:00+05:30,1.2884449403479576,1.2623662150353423,-0.51183584002503
2024-01-05 00:00:00+05:30,1.2836208616003413,1.2426540132371733,-0.6807635813704819
2024-01-08 00:00:00+05:30,1.2482423175069983,1.174665191728942,-0.759817355447627
2024-01-09 00:00:00+05:30,1.1879383955325544,1.1670215009296259,-0.9109740085598125
2024-01-10 00:00:00+05:30,1.1642185385103514,1.156963850359074,-0.8979094664617511
2024-01-11 00:00:00+05:30,1.1606005487595075,1.1517341193309936,-0.8560534898786202
2024-01-12 00:00:00+05:30,1.1537660984972957,1.1843205156709544,-0.6712657484624132
2024-01-15 00:00:00+05:30,1.208039740682153,1.1915618798417313,-0.8319760728610781
2024-01-16 00:00:00+05:30,1.1903504049367015,1.2293777496383074,-0.49352530849047316
2024-01-17 00:00:00+05:30,1.2192963961903394,1.183515862413876,-0.5562877113622386
2024-01-18 00:00:00+05:30,1.169847110463179,1.174665191728942,-0.6850642506541632
2024-01-19 00:00:00+05:30,1.1963807760699117,1.2229410387246091,-0.4845482405528884
2024-01-23 00:00:00+05:30,1.2381916346549122,1.1247800382191175,-0.7335145955440059
2024-01-24 00:00:00+05:30,1.128438585663073,1.1593780677017749,0.13300725032805763
2024-01-25 00:00:00+05:30,1.1561783244261463,1.0954125124789362,0.005307565960626295
2024-01-29 00:00:00+05:30,1.0946678985458602,1.0483431302259567,-0.11322105798084468
2024-01-30 00:00:00+05:30,1.0231070702300513,0.9538028118058536,1.5675204238331353
2024-01-31 00:00:00+05:30,0.966823489155806,0.9819638728033474,0.018758847813385122
2024-02-01 00:00:00+05:30,0.9829047460083088,0.9928261766309778,-0.028266963046953326
2024-02-02 00:00:00+05:30,1.0070262316191576,0.9702974308615693,-0.15995823947672158
2024-02-05 00:00:00+05:30,0.9829044032365742,0.9538028118058536,-0.4951277126596569
2024-02-06 00:00:00+05:30,0.9668234356953638,0.900297233782106,-0.05455019262573124
2024-02-07 00:00:00+05:30,0.9266210420107786,0.9035158468104203,-0.44014611255982744
2024-02-08 00:00:00+05:30,0.9290382725941515,0.813709949490945,1.873545802537775
2024-02-09 00:00:00+05:30,0.7748402877701526,0.8214659414490595,0.8314969972013385
2024-02-12 00:00:00+05:30,0.8356220268649734,0.7508462849959495,-0.569512231725207
2024-02-13 00:00:00+05:30,0.7487329503964877,0.75003004102294,-0.2614973158686692
2024-02-14 00:00:00+05:30,0.7413901397890847,0.7892177364428197,-0.4880378115135506
2024-02-15 00:00:00+05:30,0.7985004943679219,0.7267620651485964,0.051595943213126064
2024-02-16 00:00:00+05:30,0.7332314945182048,0.7324770608169893,1.1745807085299709
2024-02-19 00:00:00+05:30,0.7332314735999871,0.7704402614916219,-0.17347401072426472
2024-02-20 00:00:00+05:30,0.7776961155406873,0.7447232961267846,-0.3612780731827014
2024-02-21 00:00:00+05:30,0.749548684221086,0.7222718217969157,-0.011932009069692015
2024-02-22 00:00:00+05:30,0.7487328600736145,0.8128939630894005,-0.06501739813365263
2024-02-23 00:00:00+05:30,0.8221602890435784,0.7879929841261075,-0.5537357926080596
2024-02-26 00:00:00+05:30,0.7829989877116748,0.7700320107193847,-0.7611957507231392
2024-02-27 00:00:00+05:30,0.7740244971633097,0.7859519878363859,-0.7741986215605379
2024-02-28 00:00:00+05:30,0.7834070082689416,0.7626842695335074,-0.7195382887505791
2024-02-29 00:00:00+05:30,0.7658660771077113,0.7463560416442688,-0.3081316027001036
2024-03-01 00:00:00+05:30,0.7650502757853063,0.7724815153528093,-0.47194462722872765
2024-03-04 00:00:00+05:30,0.7923813178605754,0.7692155091749099,-0.8360265835879589
2024-03-05 00:00:00+05:30,0.7711689513801835,0.7451312893275568,-0.6464149830114818
2024-03-06 00:00:00+05:30,0.7454694284946103,0.759010527726302,-0.5564084979014536
2024-03-07 00:00:00+05:30,0.7564835844749328,0.8055459643320583,0.2243909510295471
2024-03-11 00:00:00+05:30,0.8295030620641134,0.7716647562368689,-0.12954467388361648
2024-03-12 00:00:00+05:30,0.7454695084421352,0.7312525660717428,1.0018089011665516
2024-03-13 00:00:00+05:30,0.9779902689389341,0.8782071322178202,5.375146001467294
2024-03-14 00:00:00+05:30,0.8715200901385527,0.8553471495442488,0.7319292383965026
2024-03-15 00:00:00+05:30,0.832766563191431,0.8508569061925682,3.5165751446115343
2024-03-18 00:00:00+05:30,0.8474520439619981,0.837386176137526,-0.24006645448139216
2024-03-19 00:00:00+05:30,0.8392934319727161,0.7728892509821159,0.09161213698082443
2024-03-20 00:00:00+05:30,0.7740247030519719,0.8230992021094742,0.0008261428651409418
2024-03-21 00:00:00+05:30,0.8474523623821679,0.868410143969984,-0.024166053595896644
2024-03-22 00:00:00+05:30,0.8658091799189311,0.9284165682022482,1.2625963457280445
2024-03-26 00:00:00+05:30,0.9008912101136409,0.9206605762441337,-0.6109826482376914
2024-03-27 00:00:00+05:30,0.9127213126617291,0.9235180740783301,-0.482960713510347
2024-03-28 00:00:00+05:30,0.9208796773838356,0.9263753143410614,0.5463572692384365
2024-04-01 00:00:00+05:30,0.9298545303822514,0.9129048418574843,-0.6694318640672352
2024-04-02 00:00:00+05:30,0.9265909541615422,0.9059650938723793,-0.7040772185030477
2024-04-03 00:00:00+05:30,0.9045624680935955,0.9006583489762243,-0.45432224472388166
2024-04-04 00:00:00+05:30,0.9008910133344352,0.8806561217083141,-0.08115606579243928
2024-04-05 00:00:00+05:30,0.8760074681047177,0.9198440746996589,-0.22608536341375882
2024-04-08 00:00:00+05:30,0.9233273030335873,0.9324985607816916,-0.7261665402047537
2024-04-09 00:00:00+05:30,0.940868726151587,0.9100473440232879,-0.8446420783639327
2024-04-10 00:00:00+05:30,0.9233271402543347,0.9965869775933991,-0.3662651219700171
2024-04-12 00:00:00+05:30,0.9779900241306536,0.9406625459405783,-0.09885381700053934
2024-04-15 00:00:00+05:30,0.9208799614211112,0.9063733446446172,-0.711118293837046
2024-04-16 00:00:00+05:30,0.8821264946642473,0.9063733446446172,-0.6306772768540067
2024-04-18 00:00:00+05:30,0.9045626545875657,0.8488161674743115,0.11244175273014267
2024-04-19 00:00:00+05:30,0.8392934417481485,0.8969843495975528,-0.19753687830517855
2024-04-22 00:00:00+05:30,0.9127211210776334,0.9014745929492335,-0.8182142064129099
2024-04-23 00:00:00+05:30,0.8988514672318398,0.9333150623261662,-0.49647078295164393
2024-04-24 00:00:00+05:30,0.9310780210842929,0.9308655576927422,-0.9012488243199278
2024-04-25 00:00:00+05:30,0.9453557280898246,1.0014854717173172,0.6301663497248918
2024-04-26 00:00:00+05:30,1.012664352609707,1.021487698985227,-0.3160727769649636
2024-04-29 00:00:00+05:30,1.0351007058730763,1.006792474184938,-0.5222614289011546
2024-04-30 00:00:00+05:30,1.018375354688453,0.9859734878010882,-0.49367630804899254
2024-05-02 00:00:00+05:30,0.9861489817557839,1.0133237138263402,0.23804671145113426
2024-05-03 00:00:00+05:30,1.019191050605327,0.9925049850139557,0.2167709129785521
2024-05-06 00:00:00+05:30,1.002466135921005,0.9786260041866761,-0.6056799028907455
2024-05-07 00:00:00+05:30,0.9934915332645994,1.024345196819424,0.4176216256602776
2024-05-08 00:00:00+05:30,1.0289814419457146,1.0296516841441137,-0.5954173070276582
2024-05-09 00:00:00+05:30,1.0191909972143331,0.8998418474317492,0.25008604257093214
2024-05-10 00:00:00+05:30,0.9086417202283357,0.9671960128498905,-0.3677175096507239
2024-05-13 00:00:00+05:30,0.963712411939043,0.9549497775400952,-0.8057082447129652
2024-05-14 00:00:00+05:30,0.9412763335850182,0.9373970549056097,-0.5634048107795193
2024-05-15 00:00:00+05:30,0.9433158204888938,0.9218848134179155,-0.7885293578732671
2024-05-16 00:00:00+05:30,0.9371970007551453,0.951684286505127,0.22469511290067928
2024-05-17 00:00:00+05:30,0.9567776944557539,0.9912802326972441,-0.5336760517779807
2024-05-21 00:00:00+05:30,0.9861487724819344,0.9790339973874483,-0.5790931012828608
2024-05-22 00:00:00+05:30,0.99716297925381,1.0206711974407523,-0.5878182411375686
2024-05-23 00:00:00+05:30,1.030205440759839,1.0325094395497754,0.4350185574353898
2024-05-24 00:00:00+05:30,1.0269418831955666,0.990463988724234,-0.44796918734358854
2024-05-27 00:00:00+05:30,1.0089926769704725,0.9520922797058988,-0.5092083559535884
2024-05-28 00:00:00+05:30,0.9543301870077774,0.9316820592372168,-0.6741578094512778
2024-05-29 00:00:00+05:30,0.900483016661342,0.9476020363542181,-0.6007444325116567
2024-05-30 00:00:00+05:30,0.9249591911704657,0.8896368659831407,0.06080042802052951
2024-05-31 00:00:00+05:30,0.9106814949710974,0.9108635879962974,0.5647663043912462
2024-06-03 00:00:00+05:30,0.9698316198264734,0.9427037998017651,-0.26723562678242063
2024-06-04 00:00:00+05:30,0.9662080664400553,0.8791403136360006,1.731705179913809
2024-06-05 00:00:00+05:30,0.9329946614981359,1.00460517730302,0.49511572634608386
2024-06-06 00:00:00+05:30,1.0492415270830062,1.046981092318328,0.7552129901997781
2024-06-07 00:00:00+05:30,1.0110460068207678,1.0781395124555866,0.5800981992352005
2024-06-10 00:00:00+05:30,1.0824547985054493,1.0594444603732314,-0.5350733875363106
2024-06-11 00:00:00+05:30,1.0575448489766406,1.02703965191619,-0.4539244945847088
2024-06-12 00:00:00+05:30,1.0039881427334247,1.0212231730905343,-0.6058188434567443
2024-06-13 00:00:00+05:30,1.0567142546698647,1.00460517730302,-0.675887750573968
2024-06-14 00:00:00+05:30,1.0077248565845278,1.011668044448459,-0.680213127684716
2024-06-18 00:00:00+05:30,1.0243315106867241,0.9917266040463208,-0.3603631626632001
2024-06-19 00:00:00+05:30,0.9994215541873327,0.9493509466024779,-0.5693228924350323
2024-06-20 00:00:00+05:30,0.9500165691807438,0.9464427071896501,-0.328404997419407
2024-06-21 00:00:00+05:30,0.9579048426339271,0.9156997498256532,0.3675968613284594
2024-06-24 00:00:00+05:30,0.9163881750331593,0.9464427071896501,-0.6707344318734735
2024-06-25 00:00:00+05:30,0.9412981717047301,0.9464427071896501,-0.6118802567244457
2024-06-26 00:00:00+05:30,0.9412981672552362,0.9518437232420446,-0.5578536108638463
2024-06-27 00:00:00+05:30,0.9491864732391168,0.9655534796167311,1.1414015702934623
2024-06-28 00:00:00+05:30,0.9620564247019934,0.9597370007910759,-0.11340626837684115
2024-07-01 00:00:00+05:30,0.9686990190365624,0.9942191231144224,-0.43923362694643087
2024-07-02 00:00:00+05:30,0.99942155272748,0.9647225540702088,-0.5789221126334785
2024-07-03 00:00:00+05:30,0.9670385330596072,0.9879874390869708,-0.8150934833321727
2024-07-04 00:00:00+05:30,0.9994214492103162,0.9942191231144224,-0.6861419575726931
2024-07-05 00:00:00+05:30,0.9911181823003263,1.0324404103971194,-0.43695034846585035
2024-07-08 00:00:00+05:30,1.0421834723642114,1.1151144114185003,0.0605827763131324
2024-07-09 00:00:00+05:30,1.145560228062691,1.1898951348908493,0.45047838246086747
2024-07-10 00:00:00+05:30,1.1962104610768958,1.1803397486773093,-0.5228953124645225
2024-07-11 00:00:00+05:30,1.1654880640919412,1.240164069883723,-0.05016085042422148
2024-07-12 00:00:00+05:30,1.237311751086321,1.243487514498347,-0.041545552262256154
2024-07-15 00:00:00+05:30,1.2406330239350782,1.2796314879147384,-0.21926941111948023
2024-07-16 00:00:00+05:30,1.2771680783848598,1.297495872022036,-0.43255111002591334
2024-07-18 00:00:00+05:30,1.2734312684307432,1.3365478272797902,0.09817734087627698
2024-07-19 00:00:00+05:30,1.3398580496593053,1.3722763379229204,0.35263755003059144
2024-07-22 00:00:00+05:30,1.3697499689690475,1.305804612344328,-0.10028162793018505
2024-07-23 00:00:00+05:30,1.3029081541060723,1.5189295454547915,2.257633955178773
2024-07-24 00:00:00+05:30,1.5474413821921076,1.5343008953510575,1.4730719695053252
2024-07-25 00:00:00+05:30,1.4976214801301961,1.5002344933724368,-0.11257603295699574
2024-07-26 00:00:00+05:30,1.531249750944067,1.602019009249433,0.07467259492746005
2024-07-29 00:00:00+05:30,1.626323134735099,1.5509188911385718,-0.4653080524481937
2024-07-30 00:00:00+05:30,1.5499322502370159,1.4998187730277106,-0.40769942704294243
2024-07-31 00:00:00+05:30,1.517964641722007,1.5451026698843813,-0.5281380250008765
2024-08-01 00:00:00+05:30,1.547026264601789,1.5313929135096949,-0.5197941197086285
2024-08-02 00:00:00+05:30,1.4544438440196374,1.4931716262269983,0.1129448224398627
2024-08-05 00:00:00+05:30,1.415003149583963,1.4674139645706692,0.2947521576393908
2024-08-06 00:00:00+05:30,1.4664838459066303,1.4699064836387707,-0.38496108249921485
2024-08-07 00:00:00+05:30,1.4976214261348328,1.5226684528426764,-0.5699270217451156
2024-08-08 00:00:00+05:30,1.5308345729452224,1.5401171166052479,0.06300945194390407
2024-08-09 00:00:00+05:30,1.564048045423041,1.549672502818789,-0.6812624566480208
2024-08-12 00:00:00+05:30,1.5142280693164625,1.5388709858569303,-0.6895003214516904
2024-08-13 00:00:00+05:30,1.547026266319083,1.5006496985742328,-0.7759050345402122
2024-08-14 00:00:00+05:30,1.5138129934270315,1.5189295454547915,-0.6778672604114333
2024-08-16 00:00:00+05:30,1.5349863831827468,1.605757916637318,-0.4233311582498421
2024-08-19 00:00:00+05:30,1.6200955342106518,1.5957873252219814,-0.6159255244111
2024-08-20 00:00:00+05:30,1.5889579472994118,1.5737683133820726,-0.8496048125521987
2024-08-21 00:00:00+05:30,1.580654776057785,1.628607596452284,-0.7289061597990367
2024-08-22 00:00:00+05:30,1.6458357751511161,1.621544729306845,-0.7361507306318209
2024-08-23 00:00:00+05:30,1.6225864180573357,1.6319310410669077,-0.7671399820417812
2024-08-26 00:00:00+05:30,1.6304747090939395,1.6311003730918507,-0.7714922952716923
2024-08-27 00:00:00+05:30,1.643344812232261,1.5887247156480075,-0.7630328464804558
2024-08-28 00:00:00+05:30,1.5839759546671859,1.5613049453271695,-0.7742986980908586
2024-08-29 00:00:00+05:30,1.5640479213792868,1.6261148198127173,-0.0606936594729753
2024-08-30 00:00:00+05:30,1.5968463375445556,1.5995262326098665,-0.3046891535634759
2024-09-02 00:00:00+05:30,1.6138680304270607,1.667244088936777,-0.243227680047878
2024-09-03 00:00:00+05:30,1.6641030968088513,1.6618433304558475,-0.49664950508536027
2024-09-04 00:00:00+05:30,1.5806547078858488,1.63650113157278,-0.7328294612624252
2024-09-05 00:00:00+05:30,1.6499874672127395,1.676799475150318,-0.5700382397359174
2024-09-06 00:00:00+05:30,1.6802947700039295,1.5978646390882871,-0.3853610609304839
2024-09-09 00:00:00+05:30,1.5972612705823517,1.6813693080847245,-0.38409670177989524
2024-09-10 00:00:00+05:30,1.679464201380829,1.6967406579809905,-0.5691792331328298
2024-09-11 00:00:00+05:30,1.688597888838222,1.702972342008442,-0.30631698647775757
2024-09-12 00:00:00+05:30,1.7060347652891859,1.7457637197970117,-0.07990166841828071
2024-09-13 00:00:00+05:30,1.7425696518380989,1.698817971847296,-0.7059440685136489
2024-09-16 00:00:00+05:30,1.7126777954938324,1.6759685496037953,-0.7907233080559909
2024-09-17 00:00:00+05:30,1.6724063893939627,1.648133574081161,-0.5970971115781837
2024-09-18 00:00:00+05:30,1.6458359635682906,1.6448101294665372,-0.9284832069337717
2024-09-19 00:00:00+05:30,1.6636878869188954,1.6522879442423075,-0.37169252059834496
2024-09-20 00:00:00+05:30,1.680294681016641,1.7033883199246334,0.27601189342028026
2024-09-23 00:00:00+05:30,1.7089413850845572,1.724576148646555,-0.772810854350621
2024-09-24 00:00:00+05:30,1.7218112886664754,1.7104506719271426,-0.8415994110445656
2024-09-25 00:00:00+05:30,1.7093563217284082,1.729561186782758,-0.7288148653610951
2024-09-26 00:00:00+05:30,1.7272088849912945,1.7727680273445885,-0.26914651833092335
2024-09-27 00:00:00+05:30,1.7487969743929273,1.7723523069998621,-0.15367045794724674
2024-09-30 00:00:00+05:30,1.7517029910065163,1.7345467400618915,-0.5941261428339122
2024-10-01 00:00:00+05:30,1.7313602541449677,1.7183442070476382,-0.9507860514486967
2024-10-03 00:00:00+05:30,1.6516480408899892,1.6896783059784817,-0.24423185332723318
2024-10-04 00:00:00+05:30,1.6636881000603732,1.6132359889845533,-0.08964310608286709
2024-10-07 00:00:00+05:30,1.638778126609134,1.6684907348280253,-0.20427824835223707
2024-10-08 00:00:00+05:30,1.6636879516024707,1.6497954251742055,-0.661563436985516
2024-10-09 00:00:00+05:30,1.6620271114225038,1.5147749177221803,0.28546673339849277
2024-10-10 00:00:00+05:30,1.5420441709405859,1.5176828995635432,-0.4454868699484145
2024-10-11 00:00:00+05:30,1.5225314581175535,1.4856938114512284,-0.34091095911935165
2024-10-14 00:00:00+05:30,1.5059246324468492,1.5583969634858073,-0.8444317669128525
2024-10-15 00:00:00+05:30,1.5640481323288418,1.5716912570872321,-0.7575572774200482
2024-10-16 00:00:00+05:30,1.5474414352351415,1.5272385433485487,-0.8463992177577971
2024-10-17 00:00:00+05:30,1.5391379715368156,1.4915097751339539,-0.8003118455599758
2024-10-18 00:00:00+05:30,1.4872420950296485,1.4732301858248595,0.14296352156591943
2024-10-21 00:00:00+05:30,1.470220358876417,1.447887729370327,-0.7996581039817505
2024-10-22 00:00:00+05:30,1.4448950451928653,1.432516121902596,-0.47825882057334285
2024-10-23 00:00:00+05:30,1.4228914440381066,1.420468474192419,-0.6182950509034043
2024-10-24 00:00:00+05:30,1.4311946587471518,1.3485959901328974,-0.42627990961115436
2024-10-25 00:00:00+05:30,1.379713990029799,1.4366707496352076,0.7448334745396427
2024-10-28 00:00:00+05:30,1.43077968453352,1.4520423571029382,-0.719756005995979
2024-10-29 00:00:00+05:30,1.4561047240510279,1.4836164975849224,-0.8342995261373932
2024-10-30 00:00:00+05:30,1.4805996692071406,1.513528529402397,-0.8652904159974243
2024-10-31 00:00:00+05:30,1.514227995880085,1.490678849587431,-0.772420510005768
2024-11-01 00:00:00+05:30,1.5059246068045027,1.5031422176423344,-1.1885391163076804
2024-11-04 00:00:00+05:30,1.5262680411305052,1.4557815220622883,-0.7318618581886489
2024-11-05 00:00:00+05:30,1.439082946264553,1.4192220858726357,-0.8040782490445901
2024-11-06 00:00:00+05:30,1.4162488510234401,1.4267001582198706,-0.5428336113753581
2024-11-07 00:00:00+05:30,1.4291188110433353,1.4001113134455547,-0.6994501044272721
2024-11-08 00:00:00+05:30,1.39715102877274,1.401357701765338,-0.8851728765298491
2024-11-11 00:00:00+05:30,1.3983964543526235,1.3922180358965242,-0.9245949027638943
2024-11-12 00:00:00+05:30,1.3946601944534096,1.358151376346438,-0.9538924872448169
2024-11-13 00:00:00+05:30,1.3319698920735694,1.3527506178655084,-0.5555220308751804
2024-11-14 00:00:00+05:30,1.3415188217648673,1.300819574208125,-0.5214959450281048
2024-11-18 00:00:00+05:30,1.2983412647189965,1.305804612344328,-0.7511608994198846
2024-11-19 00:00:00+05:30,1.3149480207711095,1.312452016716506,-0.8349109957037933
2024-11-21 00:00:00+05:30,1.2568247741522152,1.22770070182882,-0.002416284286850786
2024-11-22 00:00:00+05:30,1.2169688168870096,1.3731072634694426,-0.008660679658452432
2024-11-25 00:00:00+05:30,1.4062846203032544,1.3909713900052756,-0.37387624685262727
2024-11-26 00:00:00+05:30,1.4145879116568785,1.3926332410983198,-0.8557211466662713
2024-11-27 00:00:00+05:30,1.393829723051718,1.3922180358965242,-0.8211716743285985
2024-11-28 00:00:00+05:30,1.3896780985005492,1.3751845773357483,-0.33976057055568365
2024-11-29 00:00:00+05:30,1.3581255363752196,1.3905561848034793,-0.7373043960956304
2024-12-02 00:00:00+05:30,1.3813748009784412,1.3942953497628292,-0.9252732210931807
2024-12-03 00:00:00+05:30,1.2983412950704336,1.355658342135406,0.17181020458737442
2024-12-04 00:00:00+05:30,1.36808921744317,1.3103747028502004,-0.40353265189904197
2024-12-05 00:00:00+05:30,1.3112115164826494,1.3136984050362892,0.4468602259386536
2024-12-06 00:00:00+05:30,1.331554659092852,1.3440258996270251,-0.7894254589859563
2024-12-09 00:00:00+05:30,1.3440096716064565,1.2925105763143678,-0.5173131786115139
2024-12-10 00:00:00+05:30,1.2929443831761769,1.2966652040469795,-0.7060350352615764
2024-12-11 00:00:00+05:30,1.30830538070041,1.2950030953824694,-0.8422222842234581
2024-12-12 00:00:00+05:30,1.2941896896216447,1.256366602897977,-0.43991168312370593
2024-12-13 00:00:00+05:30,1.2485214501930062,1.3344707709849497,0.7967548431353467
2024-12-16 00:00:00+05:30,1.3336305849985288,1.335301696531472,-0.6940114988004604
2024-12-17 00:00:00+05:30,1.331554736186879,1.3307316060256,0.0162164976076192
2024-12-18 00:00:00+05:30,1.353973765048078,1.3386251411460957,-0.47394124248493147
2024-12-19 00:00:00+05:30,1.3232512601505786,1.305804612344328,-0.32752259374930925
2024-12-20 00:00:00+05:30,1.3024930723884511,1.290017799674801,-0.007564884251141487
2024-12-23 00:00:00+05:30,1.3415188815096493,1.3697838188548188,-0.049759495694893
2024-12-24 00:00:00+05:30,1.3722409522100445,1.4046814039514273,-0.5264155552105089
2024-12-26 00:00:00+05:30,1.4191547846250763,1.3922180358965242,-0.7044450833129302
2024-12-27 00:00:00+05:30,1.412512259737702,1.4059277922712103,-0.21740695215506858
2024-12-30 00:00:00+05:30,1.4208154105172592,1.3926332410983198,-0.42743265754292425
2024-12-31 00:00:00+05:30,1.4017178710273117,1.447887729370327,-0.41423428684308483
2025-01-01 00:00:00+05:30,1.4644081230211332,1.4503807635813593,-0.08962894987425589
2025-01-02 00:00:00+05:30,1.459010964339179,1.4927561634537367,0.42784942084386246
2025-01-03 00:00:00+05:30,1.4996971312379366,1.4308545283810166,1.1453602622783787
2025-01-06 00:00:00+05:30,1.2119867820567543,1.1072208762980038,0.15815909736398812
2025-01-07 00:00:00+05:30,1.1281230173162635,1.0943420454698394,-0.34747826023089473
2025-01-08 00:00:00+05:30,1.1073648430644745,1.1645526784363165,-0.4006855499801184
2025-01-09 00:00:00+05:30,1.1605061346669514,1.1691227689421888,0.008908813678110094
2025-01-10 00:00:00+05:30,1.165072920016147,1.125915928380359,-0.6849367792386596
2025-01-13 00:00:00+05:30,1.040938072598888,1.077308586909064,-0.11777889838762935
2025-01-14 00:00:00+05:30,1.090758195851783,1.0569519413051298,-0.10146963530747724
2025-01-15 00:00:00+05:30,1.0542235556429582,1.0631836253325815,-0.6429219385366697
2025-01-16 00:00:00+05:30,1.0662631489345704,1.0257932635964067,-0.25052854802509283
2025-01-17 00:00:00+05:30,1.0243315543943472,1.0868642306940697,-0.5457123026116456
2025-01-20 00:00:00+05:30,1.0741513004510173,1.0660916071739441,-0.7113458417828703
2025-01-21 00:00:00+05:30,1.0658481257163661,1.0648452188541606,-0.2562677109328811
2025-01-22 00:00:00+05:30,1.0816243943010233,1.0602753859197536,-0.6538770744756575
2025-01-23 00:00:00+05:30,1.040938219121281,1.0868642306940697,-0.7018115697452283
2025-01-24 00:00:00+05:30,1.0774727937347368,1.0984966732024506,-0.6508796283782428
2025-01-27 00:00:00+05:30,1.089097207887923,1.0860330475760822,-0.5974780184506293
2025-01-28 00:00:00+05:30,1.0824547180915953,1.0473965550915894,0.07971757930927714
2025-01-29 00:00:00+05:30,1.0488262488866686,1.0299476337575526,-0.2908711210468826
2025-01-30 00:00:00+05:30,1.0243313658823625,1.0536282391190408,0.1900588682472601
2025-01-31 00:00:00+05:30,1.0533929767020915,1.147519219875541,-0.39653994361113193
2025-02-01 00:00:00+05:30,1.1488813553564436,1.2725688783407645,0.70756738644668
2025-02-03 00:00:00+05:30,1.265128181634418,1.2044358168120581,-0.1707255434995997
2025-02-04 00:00:00+05:30,1.2319146816997897,1.2110827060413056,-0.04410933339494735
2025-02-05 00:00:00+05:30,1.2082503174044539,1.1529202359279356,-0.4430652407438607
2025-02-06 00:00:00+05:30,1.1654880110162944,1.0943420454698394,-0.13943776648675055
2025-02-07 00:00:00+05:30,1.0824546502253136,1.0091752678088928,-0.04723543059191654
2025-02-10 00:00:00+05:30,0.9745114578643728,0.978847773218157,-0.4829872564014929
2025-02-11 00:00:00+05:30,0.9894574170467975,0.9048979752923297,-0.3478733888499544
2025-02-12 00:00:00+05:30,0.9136589130364381,0.8888618334445526,-0.37436234221961445
2025-02-13 00:00:00+05:30,0.886669003248252,0.8871739676335301,-0.43305457296365035
2025-02-14 00:00:00+05:30,0.9018508114167746,0.8918159205781743,-0.3586553733854664
2025-02-17 00:00:00+05:30,0.885403638069783,0.8778898041727752,-0.4994946408641989
2025-02-18 00:00:00+05:30,0.8702218299012595,0.8496154117306224,-0.43244021972512564
2025-02-19 00:00:00+05:30,0.8432316627157629,0.8593214772512663,-0.8203839730725895
2025-02-20 00:00:00+05:30,0.8023250525402118,0.8226069830396036,-0.2779552191392388
2025-02-21 00:00:00+05:30,0.8200370762710518,0.8129009175189592,-0.7442318285327222
2025-02-24 00:00:00+05:30,0.8027466693348273,0.8213410192884696,-0.8230977051557549
2025-02-25 00:00:00+05:30,0.8196154594764353,0.8462394225371113,-0.2513922733643842
2025-02-27 00:00:00+05:30,0.843653536907689,0.8188090917862025,-0.03576490379867677
2025-02-28 00:00:00+05:30,0.7943122742640233,0.763104368593141,0.8099226075878647
2025-03-03 00:00:00+05:30,0.7685874722569958,0.783782720957028,-0.5828877516466948
2025-03-04 00:00:00+05:30,0.7639484005296667,0.7618384048420075,-0.40580747597725747
2025-03-05 00:00:00+05:30,0.7563574964454052,0.8479272883481347,-0.2576755983096666
2025-03-06 00:00:00+05:30,0.879921332753222,0.8534135605554886,-0.1131657439064565
2025-03-07 00:00:00+05:30,0.8326886688772579,0.8382212228274903,-0.551564846264329
2025-03-10 00:00:00+05:30,0.8116026812002478,0.8475053862882448,-0.6430390549477262
2025-03-11 00:00:00+05:30,0.8153982619410334,0.8576336114402437,-0.556892168362336
2025-03-12 00:00:00+05:30,0.856726746308511,0.9099620878683286,-0.37700142651755686
2025-03-13 00:00:00+05:30,0.9123938052552796,0.9070080007347073,-0.7471428300044046
2025-03-17 00:00:00+05:30,0.9123938052552796,0.8724037895368869,-0.939743553351937
2025-03-18 00:00:00+05:30,0.869800213106644,0.8724037895368869,-1.2843295923194324
2025-03-19 00:00:00+05:30,0.8870906200428675,0.8310470848091139,-0.44345165280854404
2025-03-20 00:00:00+05:30,0.8449186446888475,0.8386433824588454,-0.1705743473270718
2025-03-21 00:00:00+05:30,0.8529314229650359,0.8521473392328899,0.3739152491052557
2025-03-24 00:00:00+05:30,0.8617874348304555,0.897301935214063,-0.34303530794307036
2025-03-25 00:00:00+05:30,0.9039594101844756,0.888017771753309,0.04858951840932373
2025-03-26 00:00:00+05:30,0.889620835605185,0.8673396769608872,-0.3739126204441977
2025-03-27 00:00:00+05:30,0.8702218299012595,0.8850639421911525,-0.06254864710506436
2025-03-28 00:00:00+05:30,0.8946815241271291,0.8875958696934191,-0.433523562911899
