Datetime,Open,Close,Volume
2025-03-03 09:15:00+05:30,-1.9492957304635885,-1.8171171057317668,-0.889047084510879
2025-03-03 09:20:00+05:30,-1.8024261340561378,-1.5816311933359009,1.112176221304593
2025-03-03 09:25:00+05:30,-1.59680511340219,-1.5227552236310813,0.3896588066867201
2025-03-03 09:30:00+05:30,-1.4988920491305562,-1.3951996058156821,-0.1268901380144801
2025-03-03 09:35:00+05:30,-1.3520224527231055,-1.5325708796524533,-0.32782956462951535
2025-03-03 09:40:00+05:30,-1.4988920491305562,-1.5325708796524533,-0.29894961655351054
2025-03-03 09:45:00+05:30,-1.59680511340219,-1.7680567920483192,-0.20317548837193244
2025-03-03 09:50:00+05:30,-1.7338857938381589,-1.856367752201654,-0.407894107644878
2025-03-03 09:55:00+05:30,-1.841587774081274,-1.915237733098662,-0.5268472841283061
2025-03-03 10:00:00+05:30,-1.9101281142992643,-1.9054280658851015,0.40789279374599713
2025-03-03 10:05:00+05:30,-1.9101281142992643,-1.9054280658851015,-0.015465706120144005
2025-03-03 10:10:00+05:30,-1.9297119223814263,-1.7680567920483192,-0.29319437544701965
2025-03-03 10:15:00+05:30,-1.753469601920321,-1.709186811151311,-0.15980122492558924
2025-03-03 10:20:00+05:30,-1.7436747098096403,-1.7386218015998152,-0.3561068179287031
2025-03-03 10:25:00+05:30,-1.714301985755997,-1.6012505277630218,-0.5169472814009174
2025-03-03 10:30:00+05:30,-1.59680511340219,-1.856367752201654,-0.6114764990598898
2025-03-03 10:35:00+05:30,-1.841587774081274,-1.8956124098637073,-0.6970640974890351
2025-03-03 10:40:00+05:30,-1.9003391983277715,-1.915237733098662,-0.48446598502737453
2025-03-03 10:45:00+05:30,-1.9003391983277715,-1.7484314688133644,-0.5762188546160912
2025-03-03 10:50:00+05:30,-1.7436747098096403,-1.8367424289667105,-0.6436564480450241
2025-03-03 10:55:00+05:30,-1.8122150500276306,-1.7680567920483192,-0.5815937063962303
2025-03-03 11:00:00+05:30,-1.724096877866655,-1.7189964783648717,-0.5888606245658853
2025-03-03 11:05:00+05:30,-1.753469601920321,-1.7778724480696912,-0.6163178177589121
2025-03-03 11:10:00+05:30,-1.773053410002472,-1.5718155373145288,-0.3573961895414019
2025-03-03 11:15:00+05:30,-1.5772272814592045,-1.7288121343862437,-0.6624634891543896
2025-03-03 11:20:00+05:30,-1.6947181776738236,-1.709186811151311,-0.5259877030531734
2025-03-03 11:25:00+05:30,-1.684929261702342,-1.6503108414464693,-0.5328594115331123
2025-03-03 11:30:00+05:30,-1.6555565376486872,-1.709186811151311,-0.7082781724347297
2025-03-03 11:35:00+05:30,-1.7045130697845041,-1.7778724480696912,-0.5653901091178698
2025-03-03 11:40:00+05:30,-1.773053410002472,-1.8073074385182064,-0.409218060105427
2025-03-03 11:45:00+05:30,-1.7926312419454573,-1.8269327617531388,-0.32558180951925497
2025-03-03 11:50:00+05:30,-1.8317988581097926,-1.885802742650158,0.42012947376383225
2025-03-03 11:55:00+05:30,-1.8611715821634474,-1.9054280658851015,-0.2781023054209857
2025-03-03 12:00:00+05:30,-1.9003391983277715,-1.8661774194152145,-0.2856804512212921
2025-03-03 12:05:00+05:30,-1.8317988581097926,-1.915237733098662,-0.46517481204810684
2025-03-03 12:10:00+05:30,-1.9003391983277715,-1.7974917824968122,-0.22265438595381526
2025-03-03 12:15:00+05:30,-1.773053410002472,-1.709186811151311,-0.4035665615424866
2025-03-03 12:20:00+05:30,-1.6947181776738236,-1.7288121343862437,-0.41680114602685486
2025-03-03 12:25:00+05:30,-1.7045130697845041,-1.7876821152832627,-0.4863481711746475
2025-03-03 12:30:00+05:30,-1.773053410002472,-1.7680567920483192,-0.41449904958425854
2025-03-03 12:35:00+05:30,-1.724096877866655,-1.9348630563336056,0.32252256064619567
2025-03-03 12:40:00+05:30,-1.9101281142992643,-1.8269327617531388,1.2453421262544366
2025-03-03 12:45:00+05:30,-1.8122150500276306,-1.709186811151311,1.2920065103676666
2025-03-03 12:50:00+05:30,-1.714301985755997,-1.7680567920483192,-0.20032009836373355
2025-03-03 12:55:00+05:30,-1.753469601920321,-1.7484314688133644,-0.3568675965814066
2025-03-03 13:00:00+05:30,-1.714301985755997,-1.6601264974678636,-0.18386455490817896
2025-03-03 13:05:00+05:30,-1.6359727295665252,-1.611066183784416,-0.4439125307413801
2025-03-03 13:10:00+05:30,-1.5772272814592045,-1.4933202331825772,-0.1529245763245289
2025-03-03 13:15:00+05:30,-1.5380596652948915,-1.5816311933359009,-0.14975795868567857
2025-03-03 13:20:00+05:30,-1.5674323893485462,-1.6208758509979764,0.31294366579170146
2025-03-03 13:25:00+05:30,-1.6066000055128704,-1.709186811151311,-0.4061156640411555
2025-03-03 13:30:00+05:30,-1.724096877866655,-1.8073074385182064,0.20872193049244148
2025-03-03 13:35:00+05:30,-1.8024261340561378,-1.7386218015998152,-0.3770430512414141
2025-03-03 13:40:00+05:30,-1.714301985755997,-1.7778724480696912,-0.37703317099917116
2025-03-03 13:45:00+05:30,-1.7436747098096403,-1.7386218015998152,-0.44070145201243666
2025-03-03 13:50:00+05:30,-1.724096877866655,-1.7288121343862437,-0.45395579698129074
2025-03-03 13:55:00+05:30,-1.724096877866655,-1.7386218015998152,-0.4396096852445959
2025-03-03 14:00:00+05:30,-1.714301985755997,-1.6601264974678636,-0.5226975823862868
2025-03-03 14:05:00+05:30,-1.66534545362018,-1.7189964783648717,-0.35907089060157393
2025-03-03 14:10:00+05:30,-1.6947181776738236,-1.6208758509979764,-0.3478913965037294
2025-03-03 14:15:00+05:30,-1.6555565376486872,-1.6895614879163676,0.0802145597601265
2025-03-03 14:20:00+05:30,-1.6751403457308383,-1.6699361646814241,-0.5130495258360923
2025-03-03 14:25:00+05:30,-1.6555565376486872,-1.6503108414464693,0.11716172562746144
2025-03-03 14:30:00+05:30,-1.66534545362018,-1.7386218015998152,-0.3495463370794156
2025-03-03 14:35:00+05:30,-1.714301985755997,-1.6503108414464693,-0.094023512193464
2025-03-03 14:40:00+05:30,-1.6555565376486872,-1.6699361646814241,-0.5202571625522898
2025-03-03 14:45:00+05:30,-1.6555565376486872,-1.7386218015998152,-0.2897115900563964
2025-03-03 14:50:00+05:30,-1.7338857938381589,-1.6699361646814241,-0.33261160187508026
2025-03-03 14:55:00+05:30,-1.66534545362018,-1.6306915070193484,-0.4077261435267487
2025-03-03 15:00:00+05:30,-1.6261838135950213,-1.6993711551299169,0.34190759592677095
2025-03-03 15:05:00+05:30,-1.6751403457308383,-1.64050117423292,-0.04774939764882883
2025-03-03 15:10:00+05:30,-1.6261838135950213,-1.64050117423292,-0.05630074731006119
2025-03-03 15:15:00+05:30,-1.6261838135950213,-1.6895614879163676,0.1239741526539429
2025-03-03 15:20:00+05:30,-1.6947181776738236,-1.6699361646814241,0.4158859097205055
2025-03-03 15:25:00+05:30,-1.6751403457308383,-1.6503108414464693,0.5011178194289063
2025-03-04 09:15:00+05:30,-1.8220099421382887,-2.0624186741490047,-0.889047084510879
2025-03-04 09:20:00+05:30,-2.0374139026245417,-1.915237733098662,0.6548889695763237
2025-03-04 09:25:00+05:30,-1.890544306217091,-1.9446727235471548,-0.40681222111928017
2025-03-04 09:30:00+05:30,-1.9395008383529078,-1.9446727235471548,0.04781230532452684
2025-03-04 09:35:00+05:30,-1.9395008383529078,-2.04279335091405,0.7561120513548627
2025-03-04 09:40:00+05:30,-2.0374139026245417,-2.0624186741490047,2.0046733234693654
2025-03-04 09:45:00+05:30,-2.125538050924694,-2.189974291964393,2.5141282542401613
2025-03-04 09:50:00+05:30,-2.2038673071141655,-2.1605393015159,0.36368858995125014
2025-03-04 09:55:00+05:30,-2.1549107749783487,-2.170354957537272,-0.4294626764611348
2025-03-04 10:00:00+05:30,-2.1549107749783487,-2.1409139782809454,-0.44450534527595426
2025-03-04 10:05:00+05:30,-2.125538050924694,-2.1212946438538243,0.6774603829802351
2025-03-04 10:10:00+05:30,-2.11574913495319,-2.1212946438538243,-0.6546086965712818
2025-03-04 10:15:00+05:30,-2.11574913495319,-2.2194152712207194,-0.23335468830287898
2025-03-04 10:20:00+05:30,-2.2136621992248235,-2.2194152712207194,0.5488393894621267
2025-03-04 10:25:00+05:30,-2.2136621992248235,-2.3665962122710624,0.6454533382343516
2025-03-04 10:30:00+05:30,-2.360531795632274,-2.3273455658011866,0.7091265593687385
2025-03-04 10:35:00+05:30,-2.3213641794679614,-2.34697088903613,-0.6048419163937805
2025-03-04 10:40:00+05:30,-2.3409479875501233,-2.4647168396379575,0.4131095616502498
2025-03-04 10:45:00+05:30,-2.458444859903908,-2.4254661931680817,-0.293668627074679
2025-03-04 10:50:00+05:30,-2.38990451968594,-2.4549011836165855,-0.20471680616182528
2025-03-04 10:55:00+05:30,-2.4290661597110765,-2.2782852521177386,1.3280199933430472
2025-03-04 11:00:00+05:30,-2.272407647332144,-2.3371552330147356,0.953692195607311
2025-03-04 11:05:00+05:30,-2.3311530954394426,-2.2979105753526823,-0.5147094065329
2025-03-04 11:10:00+05:30,-2.282196563303626,-2.34697088903613,0.7705717858773509
2025-03-04 11:15:00+05:30,-2.3311530954394426,-2.405840869933138,-0.5419887553655545
2025-03-04 11:20:00+05:30,-2.409488327768091,-2.41565652595451,-0.6984176906763128
2025-03-04 11:25:00+05:30,-2.409488327768091,-2.4647168396379575,-0.3806345192967092
2025-03-04 11:30:00+05:30,-2.458444859903908,-2.445091516403025,-0.546207618803274
2025-03-04 11:35:00+05:30,-2.4290661597110765,-2.41565652595451,-0.6855931362450249
2025-03-04 11:40:00+05:30,-2.409488327768091,-2.386215546698183,-0.6125781460699734
2025-03-04 11:45:00+05:30,-2.399693435657433,-2.41565652595451,-0.3677704438964498
2025-03-04 11:50:00+05:30,-2.419277243739595,-2.386215546698183,-0.080507340805173
2025-03-04 11:55:00+05:30,-2.399693435657433,-2.307720242566243,-0.5716739431843559
2025-03-04 12:00:00+05:30,-2.3213641794679614,-2.34697088903613,-0.6283964139008608
2025-03-04 12:05:00+05:30,-2.370320711603778,-2.474526506851529,1.7248302823025086
2025-03-04 12:10:00+05:30,-2.458444859903908,-2.4647168396379575,-0.5229149477156307
2025-03-04 12:15:00+05:30,-2.4682337758754116,-2.4647168396379575,-0.452053850349532
2025-03-04 12:20:00+05:30,-2.458444859903908,-2.4549011836165855,-0.04270059386270551
2025-03-04 12:25:00+05:30,-2.458444859903908,-2.4647168396379575,-0.5690606191111082
2025-03-04 12:30:00+05:30,-2.458444859903908,-2.4549011836165855,-0.5564484898880427
2025-03-04 12:35:00+05:30,-2.458444859903908,-2.4254661931680817,-0.43615160045957996
2025-03-04 12:40:00+05:30,-2.4290661597110765,-2.445091516403025,-0.3548866080117046
2025-03-04 12:45:00+05:30,-2.458444859903908,-2.445091516403025,-0.03640193943285499
2025-03-04 12:50:00+05:30,-2.409488327768091,-2.4254661931680817,-0.6207540465259754
2025-03-04 12:55:00+05:30,-2.419277243739595,-2.405840869933138,-0.5054219788245713
2025-03-04 13:00:00+05:30,-2.399693435657433,-2.386215546698183,-0.4757861922169844
2025-03-04 13:05:00+05:30,-2.419277243739595,-2.2782852521177386,-0.31465920171972594
2025-03-04 13:10:00+05:30,-2.3115752634964575,-2.3567805562496904,-0.4622947214343007
2025-03-04 13:15:00+05:30,-2.38010962757526,-2.3567805562496904,-0.4934817060740233
2025-03-04 13:20:00+05:30,-2.350736903521616,-2.405840869933138,-0.5156529696670972
2025-03-04 13:25:00+05:30,-2.399693435657433,-2.3567805562496904,-0.5038164394600997
2025-03-04 13:30:00+05:30,-2.38010962757526,-2.3371552330147356,-0.4115250966691448
2025-03-04 13:35:00+05:30,-2.3213641794679614,-2.3273455658011866,-0.5603610658162322
2025-03-04 13:40:00+05:30,-2.350736903521616,-2.2488502616692347,-0.5068249732230635
2025-03-04 13:45:00+05:30,-2.282196563303626,-2.34697088903613,-0.47660131220202395
2025-03-04 13:50:00+05:30,-2.370320711603778,-2.3273455658011866,-0.3226226769675056
2025-03-04 13:55:00+05:30,-2.3115752634964575,-2.2979105753526823,-0.613986080589587
2025-03-04 14:00:00+05:30,-2.3213641794679614,-2.3567805562496904,-0.6073761985290851
2025-03-04 14:05:00+05:30,-2.3409479875501233,-2.307720242566243,-0.5590519337190476
2025-03-04 14:10:00+05:30,-2.3213641794679614,-2.34697088903613,-0.3016963238970375
2025-03-04 14:15:00+05:30,-2.3409479875501233,-2.3665962122710624,-0.2585641263856454
2025-03-04 14:20:00+05:30,-2.350736903521616,-2.3567805562496904,-0.522885306988902
2025-03-04 14:25:00+05:30,-2.360531795632274,-2.3665962122710624,0.042091645065886134
2025-03-04 14:30:00+05:30,-2.360531795632274,-2.3371552330147356,-0.2805773061028328
2025-03-04 14:35:00+05:30,-2.350736903521616,-2.2782852521177386,-0.5373302211480259
2025-03-04 14:40:00+05:30,-2.301780371385799,-2.2684755849041673,-0.5146945861695356
2025-03-04 14:45:00+05:30,-2.2626187313606407,-2.2782852521177386,-0.5346131545312276
2025-03-04 14:50:00+05:30,-2.252823839249982,-2.2488502616692347,-0.07037515238507619
2025-03-04 14:55:00+05:30,-2.272407647332144,-2.189974291964393,-0.32187177855704496
2025-03-04 15:00:00+05:30,-2.2136621992248235,-2.023174016486929,0.9577776757747513
2025-03-04 15:05:00+05:30,-1.9982522625994052,-2.170354957537272,1.3297391554933122
2025-03-04 15:10:00+05:30,-2.164705667089007,-2.189974291964393,0.4513757398570123
2025-03-04 15:15:00+05:30,-2.2038673071141655,-2.1801646247508435,2.334001557909801
2025-03-04 15:20:00+05:30,-2.164705667089007,-2.199789947985787,1.250435391130653
2025-03-04 15:25:00+05:30,-2.1940783911426727,-2.2390346056478405,-0.10523758713915865
2025-03-05 09:15:00+05:30,-1.9395008383529078,-2.04279335091405,-0.889047084510879
2025-03-05 09:20:00+05:30,-2.0374139026245417,-1.6208758509979764,1.1717936029982683
2025-03-05 09:25:00+05:30,-1.6066000055128704,-1.611066183784416,0.14671353017598365
2025-03-05 09:30:00+05:30,-1.616388921484363,-1.512945556417521,0.2151342077080854
2025-03-05 09:35:00+05:30,-1.5184758572127293,-1.6306915070193484,-0.00876196175833447
2025-03-05 09:40:00+05:30,-1.6261838135950213,-1.7386218015998152,0.477672004586498
2025-03-05 09:45:00+05:30,-1.7338857938381589,-1.7386218015998152,0.16289242684873695
2025-03-05 09:50:00+05:30,-1.7338857938381589,-1.8073074385182064,-0.4575176243098572
2025-03-05 09:55:00+05:30,-1.8024261340561378,-1.7876821152832627,-0.264250205796436
2025-03-05 10:00:00+05:30,-1.773053410002472,-1.8073074385182064,-0.3508752296610861
2025-03-05 10:05:00+05:30,-1.8024261340561378,-1.8171171057317668,0.08336141691449103
2025-03-05 10:10:00+05:30,-1.8122150500276306,-1.709186811151311,-0.3814941003718418
2025-03-05 10:15:00+05:30,-1.7632585178918136,-1.7876821152832627,-0.2531151727886845
2025-03-05 10:20:00+05:30,-1.7828423259739758,-1.7189964783648717,0.08563881275148012
2025-03-05 10:25:00+05:30,-1.7338857938381589,-1.7974917824968122,-0.5452838161535626
2025-03-05 10:30:00+05:30,-1.7926312419454573,-1.7189964783648717,0.889011189764148
2025-03-05 10:35:00+05:30,-1.7338857938381589,-1.7778724480696912,-0.5216749773141464
2025-03-05 10:40:00+05:30,-1.7828423259739758,-1.8073074385182064,-0.5005361990354559
2025-03-05 10:45:00+05:30,-1.8024261340561378,-1.8073074385182064,0.6664241523949127
2025-03-05 10:50:00+05:30,-1.7926312419454573,-1.8073074385182064,-0.3370330102787793
2025-03-05 10:55:00+05:30,-1.7926312419454573,-1.7680567920483192,0.277117907418936
2025-03-05 11:00:00+05:30,-1.7828423259739758,-1.7974917824968122,-0.3261647438115862
2025-03-05 11:05:00+05:30,-1.7926312419454573,-1.7680567920483192,-0.42573288501443896
2025-03-05 11:10:00+05:30,-1.7338857938381589,-1.8073074385182064,-0.3280074089898876
2025-03-05 11:15:00+05:30,-1.8024261340561378,-1.8171171057317668,-0.491431555808621
2025-03-05 11:20:00+05:30,-1.8122150500276306,-1.8073074385182064,-0.3956969485960145
2025-03-05 11:25:00+05:30,-1.8024261340561378,-1.9054280658851015,0.002797921665861781
2025-03-05 11:30:00+05:30,-1.9101281142992643,-1.915237733098662,-0.08435569515878363
2025-03-05 11:35:00+05:30,-1.9101281142992643,-1.9446727235471548,1.012682181918562
2025-03-05 11:40:00+05:30,-1.9395008383529078,-1.9348630563336056,2.9341472322282014
2025-03-05 11:45:00+05:30,-1.9297119223814263,-1.8367424289667105,-0.0838913237733672
2025-03-05 11:50:00+05:30,-1.7632585178918136,-1.6895614879163676,0.2154898964288299
2025-03-05 11:55:00+05:30,-1.616388921484363,-1.6993711551299169,-0.3072984212487634
2025-03-05 12:00:00+05:30,-1.6751403457308383,-1.6895614879163676,-0.04134206055430638
2025-03-05 12:05:00+05:30,-1.714301985755997,-1.7189964783648717,-0.386705928154973
2025-03-05 12:10:00+05:30,-1.724096877866655,-1.6895614879163676,-0.5121899447609597
2025-03-05 12:15:00+05:30,-1.6947181776738236,-1.6208758509979764,-0.09351961983907596
2025-03-05 12:20:00+05:30,-1.6261838135950213,-1.5914408605494725,-0.3685361626702748
2025-03-05 12:25:00+05:30,-1.5772272814592045,-1.2774536552138434,1.2513344931747572
2025-03-05 12:30:00+05:30,-1.273693196533645,-1.2382089975517676,0.11626262358335729
2025-03-05 12:35:00+05:30,-1.2345315565084864,-1.0714027332664924,0.9863266357356189
2025-03-05 12:40:00+05:30,-1.068078152018885,-1.0125267635616506,-0.09288728433553017
2025-03-05 12:45:00+05:30,-0.999537811800906,-1.0223424195830448,-0.429694862153843
2025-03-05 12:50:00+05:30,-1.0093267277723876,-0.9929074291345297,-0.3330413924126466
2025-03-05 12:55:00+05:30,-0.9799540037187439,-0.9929074291345297,-0.21737833659610517
2025-03-05 13:00:00+05:30,-0.999537811800906,-0.9340314594297101,-0.3646235867420853
2025-03-05 13:05:00+05:30,-0.930997471582927,-0.8555361552977585,-0.1224884900952669
2025-03-05 13:10:00+05:30,-0.8526682153934554,-0.8653458225113079,-0.35756415365953126
2025-03-05 13:15:00+05:30,-0.862457131364937,-0.9536567826646537,-0.42222045889708704
2025-03-05 13:20:00+05:30,-0.9603701956365707,-0.9045964689812062,-0.289094074916215
2025-03-05 13:25:00+05:30,-0.9114136635007538,-0.8751614785327021,-0.5239869539989856
2025-03-05 13:30:00+05:30,-0.9016247475292722,-0.9536567826646537,-0.4420896260475645
2025-03-05 13:35:00+05:30,-0.9505812796650891,-1.0321520867966054,0.31737495443764335
2025-03-05 13:40:00+05:30,-1.0582832599082044,-1.0714027332664924,-0.15737068533383516
2025-03-05 13:45:00+05:30,-1.038705427965219,-1.149898037398444,-0.4859875423327816
2025-03-05 13:50:00+05:30,-1.1366184922368527,-1.081212400480053,-0.32571519278953415
2025-03-05 13:55:00+05:30,-1.0778670679903777,-1.179333027846948,-0.45724097752705595
2025-03-05 14:00:00+05:30,-1.156196324179838,-1.1989583510818917,-0.394531080011352
2025-03-05 14:05:00+05:30,-1.1953639403441734,-1.1695233606333877,-0.4645918777557756
2025-03-05 14:10:00+05:30,-1.156196324179838,-1.18914868386832,-0.39376536123752703
2025-03-05 14:15:00+05:30,-1.1659912162905186,-1.179333027846948,-0.406066262829941
2025-03-05 14:20:00+05:30,-1.1757801322620114,-1.1204630469499401,-0.4981451804126734
2025-03-05 14:25:00+05:30,-1.1170346841547019,-1.0615870772450982,0.756181213050563
2025-03-05 14:30:00+05:30,-1.0582832599082044,-1.1204630469499401,-0.5692088227447517
2025-03-05 14:35:00+05:30,-1.1170346841547019,-1.0419677428179772,-0.20610992031807457
2025-03-05 14:40:00+05:30,-1.048494343936723,-1.1204630469499401,-0.541894893064247
2025-03-05 14:45:00+05:30,-1.1170346841547019,-1.1302727141635005,-0.5567004360652368
2025-03-05 14:50:00+05:30,-1.1268236001261944,-1.091028056501425,-0.2812886835443218
2025-03-05 14:55:00+05:30,-1.1170346841547019,-1.1400883701848725,-0.20906411274870249
2025-03-05 15:00:00+05:30,-1.1268236001261944,-0.8849711457462626,0.7926393069268742
2025-03-05 15:05:00+05:30,-0.8820409394471102,-0.600424919666949,1.2583642855305825
2025-03-05 15:10:00+05:30,-0.6078855547143711,-0.590609263645577,1.116301222441005
2025-03-05 15:15:00+05:30,-0.5785128306607163,-0.3060630375662634,2.6874622840285265
2025-03-05 15:20:00+05:30,-0.30435744592796615,-0.1588820965159206,1.407397859522528
2025-03-05 15:25:00+05:30,-0.08894750930254777,0.6555239016755676,6.99083143365156
2025-03-06 09:15:00+05:30,0.5866550246273956,-0.001885499444205859,-0.889047084510879
2025-03-06 09:20:00+05:30,-0.010618253113065015,-0.3943680089117866,2.2785536384426304
2025-03-06 09:25:00+05:30,-0.4120594261711037,-0.4139933321467302,0.9043848466941047
2025-03-06 09:30:00+05:30,-0.42184834214258526,-0.6494852333503965,2.2740680084643525
2025-03-06 09:35:00+05:30,-0.6470531708786842,-0.8653458225113079,0.8670424711370536
2025-03-06 09:40:00+05:30,-0.8526682153934554,-0.8457264880841869,0.34877930440670984
2025-03-06 09:45:00+05:30,-0.8428792994219516,-0.9830917731131578,0.9124866453332849
2025-03-06 09:50:00+05:30,-0.999537811800906,-0.7279805374823594,0.80811176627926
2025-03-06 09:55:00+05:30,-0.6764258949323501,-0.7279805374823594,0.06085422508515851
2025-03-06 10:00:00+05:30,-0.7057986189860048,-0.8947868017676345,-0.10638863536045683
2025-03-06 10:05:00+05:30,-0.8918358315577685,-0.8947868017676345,0.2194024723570194
2025-03-06 10:10:00+05:30,-0.8918358315577685,-0.963466449878203,0.09682324697044607
2025-03-06 10:15:00+05:30,-0.9407923636935853,-0.9242217922161498,0.025038346954635936
2025-03-06 10:20:00+05:30,-0.930997471582927,-0.9732821058995973,0.01541993113117008
2025-03-06 10:25:00+05:30,-0.9701650877472512,-0.806475841614311,1.0505778510412156
2025-03-06 10:30:00+05:30,-0.8037116832576385,-0.8457264880841869,-0.14676424528607904
2025-03-06 10:35:00+05:30,-0.8428792994219516,-0.8947868017676345,-0.17880093075869127
2025-03-06 10:40:00+05:30,-0.8918358315577685,-0.8162855088278602,-0.18579614226666646
2025-03-06 10:45:00+05:30,-0.8135005992291201,-0.8849711457462626,-0.2827015581850569
2025-03-06 10:50:00+05:30,-0.8820409394471102,-0.8849711457462626,-0.3042059054267348
2025-03-06 10:55:00+05:30,-0.862457131364937,-0.8359108320628149,-0.22557399753659305
2025-03-06 11:00:00+05:30,-0.8330844073112933,-0.8261011648492546,-0.21148971221933513
2025-03-06 11:05:00+05:30,-0.8232954913398006,-0.6102345868805206,1.3087288203637795
2025-03-06 11:10:00+05:30,-0.6274693627965332,-0.5415489499621294,0.3981409946522521
2025-03-06 11:15:00+05:30,-0.5491401066070505,-0.38455834169822617,0.6286717467847812
2025-03-06 11:20:00+05:30,-0.4120594261711037,-0.5513646059835013,0.8096382637057885
2025-03-06 11:25:00+05:30,-0.5393452144963922,-0.7672251951444127,0.22380906039735404
2025-03-06 11:30:00+05:30,-0.7743389592039838,-0.8261011648492546,-0.005205074550889469
2025-03-06 11:35:00+05:30,-0.8232954913398006,-0.7377902046959197,-0.26900754243639363
2025-03-06 11:40:00+05:30,-0.7351713430396596,-0.6985455470338442,-0.10103354406480351
2025-03-06 11:45:00+05:30,-0.7057986189860048,-0.7377902046959197,0.14227236128779885
2025-03-06 11:50:00+05:30,-0.7351713430396596,-0.7476058607172917,-0.43900699046777886
2025-03-06 11:55:00+05:30,-0.7351713430396596,-0.7574155279308633,-0.39529185866405553
2025-03-06 12:00:00+05:30,-0.7743389592039838,-0.531739282748569,0.07727024757174147
2025-03-06 12:05:00+05:30,-0.5295562985248995,-0.600424919666949,-0.15441649290320722
2025-03-06 12:10:00+05:30,-0.5687179385500358,-0.4434283225952342,-0.18963955649915562
2025-03-06 12:15:00+05:30,-0.44143215022475846,-0.531739282748569,-0.20123402077120203
2025-03-06 12:20:00+05:30,-0.5295562985248995,-0.48267896906512137,-0.42516477108547207
2025-03-06 12:25:00+05:30,-0.48059976638908264,-0.531739282748569,-0.4942671853323341
2025-03-06 12:30:00+05:30,-0.5099724904427374,-0.4728633130437271,-0.1986058763345899
2025-03-06 12:35:00+05:30,-0.48059976638908264,-0.4728633130437271,-0.4391354336169366
2025-03-06 12:40:00+05:30,-0.4708048742784021,-0.5023042923000538,-0.328778067884834
2025-03-06 12:45:00+05:30,-0.5001835744712336,-0.5415489499621294,-0.39740623050403673
2025-03-06 12:50:00+05:30,-0.5393452144963922,-0.4434283225952342,-0.195345396394432
2025-03-06 12:55:00+05:30,-0.44143215022475846,-0.5219236267271746,-0.11832396798988339
2025-03-06 13:00:00+05:30,-0.5491401066070505,-0.6200442540940698,-0.19336934794585142
2025-03-06 13:05:00+05:30,-0.6176744706858527,-0.5219236267271746,0.05386889381942624
2025-03-06 13:10:00+05:30,-0.519761406414219,-0.6298599101154642,-0.317144082643816
2025-03-06 13:15:00+05:30,-0.6274693627965332,-0.600424919666949,-0.3047246181444872
2025-03-06 13:20:00+05:30,-0.5980966387428673,-0.6102345868805206,-0.2697535007257328
2025-03-06 13:25:00+05:30,-0.5980966387428673,-0.5807995964320165,-0.1276410364249407
2025-03-06 13:30:00+05:30,-0.5785128306607163,-0.5513646059835013,-0.21191456263577996
2025-03-06 13:35:00+05:30,-0.5491401066070505,-0.5513646059835013,0.04032308170440653
2025-03-06 13:40:00+05:30,-0.5589290225785543,-0.5121139595136254,0.02160002265410577
2025-03-06 13:45:00+05:30,-0.519761406414219,-0.3747426856768319,-0.0018655526727883304
2025-03-06 13:50:00+05:30,-0.38268670211744893,-0.2766220583099367,0.3773974260632777
2025-03-06 13:55:00+05:30,-0.2945625538173079,-0.14906644049454865,0.4679053851293886
2025-03-06 14:00:00+05:30,-0.1476929574098573,-0.12944111725959392,0.43311211207100647
2025-03-06 14:05:00+05:30,-0.12810914932768408,-0.10982178283247303,0.7062415286338108
2025-03-06 14:10:00+05:30,-0.12810914932768408,-0.1785014309430415,-0.13496229592693165
2025-03-06 14:15:00+05:30,-0.23581710570999836,-0.1686917637294922,0.10130393682760248
2025-03-06 14:20:00+05:30,-0.1574878495205156,-0.10982178283247303,-0.015673191207244964
2025-03-06 14:25:00+05:30,-0.11832023335620254,-0.1686917637294922,0.346012836578697
2025-03-06 14:30:00+05:30,-0.1672767654920194,-0.23737740064788337,0.21106354790400944
2025-03-06 14:35:00+05:30,-0.22602221359931782,-0.23737740064788337,-0.09345045814337563
2025-03-06 14:40:00+05:30,-0.22602221359931782,-0.1785014309430415,0.1268196624198989
2025-03-06 14:45:00+05:30,-0.1672767654920194,-0.2079424101993682,-0.0074725901456356575
2025-03-06 14:50:00+05:30,-0.20644438165633244,-0.10982178283247303,0.5757581094529154
2025-03-06 14:55:00+05:30,-0.11832023335620254,-0.11963145004604463,0.3729562571750929
2025-03-06 15:00:00+05:30,-0.11832023335620254,-0.05094581312765345,1.8398610026155042
2025-03-06 15:05:00+05:30,-0.03999097716673092,-0.07057113636259703,1.2009748984626818
2025-03-06 15:10:00+05:30,-0.05957478524888187,-0.10000612681110105,1.6219176791004333
2025-03-06 15:15:00+05:30,-0.11832023335620254,-0.06076146914902543,1.139865600190328
2025-03-06 15:20:00+05:30,-0.05957478524888187,0.07660980468774575,2.121304643025711
2025-03-06 15:25:00+05:30,0.06771697921558335,0.06680013747419647,1.9635863361022543
2025-03-07 09:15:00+05:30,-0.42184834214258526,-0.34530769522833904,-0.889047084510879
2025-03-07 09:20:00+05:30,-0.3337301699816321,-0.4139933321467302,0.20997178113616868
2025-03-07 09:25:00+05:30,-0.3728918100067684,-0.5807995964320165,0.07959704461994507
2025-03-07 09:30:00+05:30,-0.519761406414219,-0.4630536458301778,0.25328676312905446
2025-03-07 09:35:00+05:30,-0.44143215022475846,-0.7083552142474158,0.38970326777681313
2025-03-07 09:40:00+05:30,-0.7155875349574864,-0.6691045677775175,-0.010836812629344054
2025-03-07 09:45:00+05:30,-0.6372582787680259,-0.7377902046959197,0.09538073160298227
2025-03-07 09:50:00+05:30,-0.7253824270681669,-0.6298599101154642,-0.32565591133607674
2025-03-07 09:55:00+05:30,-0.6274693627965332,-0.6200442540940698,-0.4891838006983606
2025-03-07 10:00:00+05:30,-0.6078855547143711,-0.6200442540940698,-0.43587989379790015
2025-03-07 10:05:00+05:30,-0.5980966387428673,-0.5023042923000538,-0.2441834338011004
2025-03-07 10:10:00+05:30,-0.5001835744712336,-0.4434283225952342,-0.33983899907576365
2025-03-07 10:15:00+05:30,-0.40227051019959986,-0.4238029993602795,-0.3586905012752222
2025-03-07 10:20:00+05:30,-0.4120594261711037,-0.5611742731970729,-0.36336879597723665
2025-03-07 10:25:00+05:30,-0.6078855547143711,-0.4532439786166062,-0.30187416825740976
2025-03-07 10:30:00+05:30,-0.4512270423354168,-0.4238029993602795,0.17661114320300747
2025-03-07 10:35:00+05:30,-0.42184834214258526,-0.29624738154489144,-0.20551216566237895
2025-03-07 10:40:00+05:30,-0.30435744592796615,-0.3060630375662634,-0.44180309902252035
2025-03-07 10:45:00+05:30,-0.3239352778709515,-0.24718706786144382,-0.42229950083503026
2025-03-07 10:50:00+05:30,-0.26518982976365313,-0.34530769522833904,-0.49651988056371593
2025-03-07 10:55:00+05:30,-0.34351908595312475,-0.3256823719933843,-0.31026743404275564
2025-03-07 11:00:00+05:30,-0.3337301699816321,-0.2766220583099367,-0.1634124534653702
2025-03-07 11:05:00+05:30,-0.27497874573513464,-0.2275617446264891,-0.2826126360048708
2025-03-07 11:10:00+05:30,-0.20644438165633244,-0.1588820965159206,-0.3023138390372189
2025-03-07 11:15:00+05:30,-0.1574878495205156,-0.1686917637294922,-0.07077530219591376
2025-03-07 11:20:00+05:30,-0.1672767654920194,-0.14906644049454865,-0.4565345402066884
2025-03-07 11:25:00+05:30,-0.1476929574098573,-0.2668123910963874,-0.41480533709378853
2025-03-07 11:30:00+05:30,-0.26518982976365313,-0.2668123910963874,-0.4881019141727628
2025-03-07 11:35:00+05:30,-0.26518982976365313,-0.33549802801477857,-0.41447434897865126
2025-03-07 11:40:00+05:30,-0.353313978063783,-0.355123351249711,-0.5226679416595581
2025-03-07 11:45:00+05:30,-0.36310289403528684,-0.600424919666949,0.19439557924023246
2025-03-07 11:50:00+05:30,-0.5785128306607163,-0.4238029993602795,0.3182641762395046
2025-03-07 11:55:00+05:30,-0.4512270423354168,-0.4139933321467302,-0.5107276689090101
2025-03-07 12:00:00+05:30,-0.4120594261711037,-0.4238029993602795,-0.4738694252218613
2025-03-07 12:05:00+05:30,-0.4316432342532658,-0.4238029993602795,-0.40466820855257024
2025-03-07 12:10:00+05:30,-0.42184834214258526,-0.531739282748569,-0.42347524966193567
2025-03-07 12:15:00+05:30,-0.519761406414219,-0.5709839404106223,-0.451441275330472
2025-03-07 12:20:00+05:30,-0.588301746632209,-0.5611742731970729,-0.3031091985377726
2025-03-07 12:25:00+05:30,-0.5687179385500358,-0.5415489499621294,-0.4455180701058518
2025-03-07 12:30:00+05:30,-0.5295562985248995,-0.4924886362786818,-0.5152577599773811
2025-03-07 12:35:00+05:30,-0.4903886823605753,-0.4238029993602795,-0.15794867950504496
2025-03-07 12:40:00+05:30,-0.44143215022475846,-0.4139933321467302,-0.45270594633756356
2025-03-07 12:45:00+05:30,-0.40227051019959986,-0.5611742731970729,-0.5128124000222626
2025-03-07 12:50:00+05:30,-0.5393452144963922,-0.5513646059835013,-0.384112364566211
2025-03-07 12:55:00+05:30,-0.5491401066070505,-0.4728633130437271,-0.347580168873078
2025-03-07 13:00:00+05:30,-0.46101595830692055,-0.5513646059835013,-0.3965762901556329
2025-03-07 13:05:00+05:30,-0.519761406414219,-0.5513646059835013,-0.5174610539975484
2025-03-07 13:10:00+05:30,-0.5491401066070505,-0.6200442540940698,-0.3123867460038583
2025-03-07 13:15:00+05:30,-0.6176744706858527,-0.5709839404106223,-0.33216699097414965
2025-03-07 13:20:00+05:30,-0.5589290225785543,-0.5807995964320165,-0.39386910378107753
2025-03-07 13:25:00+05:30,-0.5785128306607163,-0.5219236267271746,-0.4061403646467628
2025-03-07 13:30:00+05:30,-0.519761406414219,-0.5415489499621294,-0.44274666215671754
2025-03-07 13:35:00+05:30,-0.48059976638908264,-0.5023042923000538,-0.40420877728827526
2025-03-07 13:40:00+05:30,-0.5001835744712336,-0.48267896906512137,-0.3760402066537594
2025-03-07 13:45:00+05:30,-0.4708048742784021,-0.4630536458301778,-0.4278027957643271
2025-03-07 13:50:00+05:30,-0.46101595830692055,-0.5415489499621294,-0.3857722452630187
2025-03-07 13:55:00+05:30,-0.5393452144963922,-0.5611742731970729,-0.3093288110296799
2025-03-07 14:00:00+05:30,-0.5393452144963922,-0.4728633130437271,-0.4279954604880637
2025-03-07 14:05:00+05:30,-0.46101595830692055,-0.4139933321467302,-0.3277307622070863
2025-03-07 14:10:00+05:30,-0.4120594261711037,-0.4532439786166062,-0.3624351130852823
2025-03-07 14:15:00+05:30,-0.4512270423354168,-0.4532439786166062,-0.4467580405073361
2025-03-07 14:20:00+05:30,-0.44143215022475846,-0.4434283225952342,-0.37136685207286646
2025-03-07 14:25:00+05:30,-0.4316432342532658,-0.34530769522833904,-0.17054598836474602
2025-03-07 14:30:00+05:30,-0.353313978063783,-0.3649330184632826,-0.28778988294015184
2025-03-07 14:35:00+05:30,-0.34351908595312475,-0.4041836649331586,-0.2850826965655965
2025-03-07 14:40:00+05:30,-0.3924756180889416,-0.34530769522833904,-0.052062123387855895
2025-03-07 14:45:00+05:30,-0.34351908595312475,-0.315872704779835,-0.06051961074778067
2025-03-07 14:50:00+05:30,-0.30435744592796615,-0.355123351249711,-0.2839662291921485
2025-03-07 14:55:00+05:30,-0.353313978063783,-0.33549802801477857,-0.16008775195063343
2025-03-07 15:00:00+05:30,-0.30435744592796615,-0.34530769522833904,0.755776123118604
2025-03-07 15:05:00+05:30,-0.353313978063783,-0.38455834169822617,0.7752105596103938
2025-03-07 15:10:00+05:30,-0.3728918100067684,-0.33549802801477857,1.3575915583760552
2025-03-07 15:15:00+05:30,-0.34351908595312475,-0.4532439786166062,1.426624810927217
2025-03-07 15:20:00+05:30,-0.4512270423354168,-0.43361865538167377,1.0259760478563877
2025-03-07 15:25:00+05:30,-0.4316432342532658,-0.4139933321467302,1.2955880981807189
2025-03-10 09:15:00+05:30,-0.7253824270681669,-0.7672251951444127,-0.889047084510879
2025-03-10 09:20:00+05:30,-0.7645440670933032,-0.7083552142474158,0.10722220193110124
2025-03-10 09:25:00+05:30,-0.7057986189860048,-0.7672251951444127,-0.2734931724146715
2025-03-10 09:30:00+05:30,-0.7645440670933032,-0.355123351249711,-0.24666831472519046
2025-03-10 09:35:00+05:30,-0.31414636189947,-0.12944111725959392,-0.10166093944722784
2025-03-10 09:40:00+05:30,-0.12810914932768408,-0.08038080357614631,-0.17848970312803986
2025-03-10 09:45:00+05:30,-0.06936370122038568,0.06680013747419647,-0.3124657879418015
2025-03-10 09:50:00+05:30,0.0775058951870649,-0.021510822679149433,-0.5155344067601824
2025-03-10 09:55:00+05:30,-0.020407169084568823,0.07660980468774575,-0.33358974585712764
2025-03-10 10:00:00+05:30,0.0872948111585687,0.09623512792268933,-0.35490142837506894
2025-03-10 10:05:00+05:30,0.0872948111585687,0.08641947190131735,-0.5202423421889255
2025-03-10 10:10:00+05:30,0.0872948111585687,0.14529544160613692,-0.552358069599481
2025-03-10 10:15:00+05:30,0.15583515137653653,0.08641947190131735,-0.39445697819453024
2025-03-10 10:20:00+05:30,0.09708970326922699,0.03735915821786976,-0.5749443033667567
2025-03-10 10:25:00+05:30,0.09708970326922699,0.007924167769354585,-0.4907893400628323
2025-03-10 10:30:00+05:30,0.008965554969085944,0.01773982379074887,-0.46645430341856275
2025-03-10 10:35:00+05:30,0.018760447079766488,0.03735915821786976,-0.5500905540047348
2025-03-10 10:40:00+05:30,0.038338279022751845,0.16492076484109167,-0.4183968051490837
2025-03-10 10:45:00+05:30,0.16563004348721708,0.07660980468774575,-0.26972880012012557
2025-03-10 10:50:00+05:30,0.06771697921558335,0.04717481423924173,-0.590115415330734
2025-03-10 10:55:00+05:30,0.048133171133410126,0.03735915821786976,-0.12021603437939926
2025-03-10 11:00:00+05:30,0.0775058951870649,0.03735915821786976,0.34782092090914823
2025-03-10 11:05:00+05:30,0.028549363051248035,-0.021510822679149433,0.8277981489482438
2025-03-10 11:10:00+05:30,-0.03019608505605037,-0.11963145004604463,-0.3479605581994298
2025-03-10 11:15:00+05:30,-0.13790404143836463,-0.2079424101993682,-0.5164582094098937
2025-03-10 11:20:00+05:30,-0.20644438165633244,-0.3060630375662634,-0.39064320468876973
2025-03-10 11:25:00+05:30,-0.30435744592796615,-0.3649330184632826,0.006838940743209018
2025-03-10 11:30:00+05:30,-0.36310289403528684,-0.286437714331331,-0.18890841857318083
2025-03-10 11:35:00+05:30,-0.23581710570999836,-0.2079424101993682,-0.6686682812829325
2025-03-10 11:40:00+05:30,-0.21623329762783627,-0.10982178283247303,-0.6316025525086827
2025-03-10 11:45:00+05:30,-0.1476929574098573,-0.021510822679149433,-0.5988149686256099
2025-03-10 11:50:00+05:30,-0.03019608505605037,-0.1392567732809882,-0.608043114880481
2025-03-10 11:55:00+05:30,-0.17706568146350093,-0.19812675417799624,-0.4528442697289642
2025-03-10 12:00:00+05:30,-0.17706568146350093,-0.2079424101993682,-0.6697304073240445
2025-03-10 12:05:00+05:30,-0.21623329762783627,-0.2275617446264891,-0.6318149777169051
2025-03-10 12:10:00+05:30,-0.23581710570999836,-0.19812675417799624,-0.6512592944509378
2025-03-10 12:15:00+05:30,-0.17706568146350093,-0.2275617446264891,-0.4746450242379292
2025-03-10 12:20:00+05:30,-0.17706568146350093,-0.1686917637294922,-0.46861313634863705
2025-03-10 12:25:00+05:30,-0.1672767654920194,-0.1785014309430415,-0.5070225780679216
2025-03-10 12:30:00+05:30,-0.17706568146350093,-0.1785014309430415,-0.4674670282484603
2025-03-10 12:35:00+05:30,-0.17706568146350093,-0.2275617446264891,-0.6031425147280013
2025-03-10 12:40:00+05:30,-0.22602221359931782,-0.19812675417799624,-0.5177327606592282
2025-03-10 12:45:00+05:30,-0.19664948954567418,-0.19812675417799624,-0.5118144955557294
2025-03-10 12:50:00+05:30,-0.20644438165633244,-0.2177520774129398,-0.5895769421284958
2025-03-10 12:55:00+05:30,-0.18686057357418148,-0.23737740064788337,-0.6435477653803522
2025-03-10 13:00:00+05:30,-0.22602221359931782,-0.2275617446264891,-0.5244908463533737
2025-03-10 13:05:00+05:30,-0.19664948954567418,-0.2079424101993682,-0.520489348244998
2025-03-10 13:10:00+05:30,-0.20644438165633244,-0.2570027238828158,-0.45360010826054625
2025-03-10 13:15:00+05:30,-0.2554009137921493,-0.33549802801477857,-0.5367028257656016
2025-03-10 13:20:00+05:30,-0.3337301699816321,-0.286437714331331,-0.4900384416523717
2025-03-10 13:25:00+05:30,-0.27497874573513464,-0.24718706786144382,-0.49414368230429784
2025-03-10 13:30:00+05:30,-0.24560602168149104,-0.2177520774129398,-0.3895613181631719
2025-03-10 13:35:00+05:30,-0.24560602168149104,-0.2275617446264891,-0.43844381665993337
2025-03-10 13:40:00+05:30,-0.22602221359931782,-0.24718706786144382,-0.6027522451594066
2025-03-10 13:45:00+05:30,-0.2554009137921493,-0.286437714331331,-0.4552649290784754
2025-03-10 13:50:00+05:30,-0.2847736378458152,-0.286437714331331,-0.5043153916933663
2025-03-10 13:55:00+05:30,-0.2945625538173079,-0.2570027238828158,-0.48508350016755597
2025-03-10 14:00:00+05:30,-0.24560602168149104,-0.2766220583099367,-0.5697077749780183
2025-03-10 14:05:00+05:30,-0.27497874573513464,-0.23737740064788337,-0.40233153126212373
2025-03-10 14:10:00+05:30,-0.24560602168149104,-0.2570027238828158,-0.6228338375181065
2025-03-10 14:15:00+05:30,-0.2554009137921493,-0.29624738154489144,-0.5889396665038286
2025-03-10 14:20:00+05:30,-0.2847736378458152,-0.2275617446264891,-0.21806007331086547
2025-03-10 14:25:00+05:30,-0.23581710570999836,-0.2079424101993682,-0.02742573935517782
2025-03-10 14:30:00+05:30,-0.21623329762783627,-0.286437714331331,-0.22067833750523472
2025-03-10 14:35:00+05:30,-0.2945625538173079,-0.29624738154489144,3.9249428644676136
2025-03-10 14:40:00+05:30,-0.2847736378458152,-0.33549802801477857,-0.012200286058864637
2025-03-10 14:45:00+05:30,-0.3337301699816321,-0.33549802801477857,-0.2163112704338717
2025-03-10 14:50:00+05:30,-0.3337301699816321,-0.34530769522833904,-0.04352559408998789
2025-03-10 14:55:00+05:30,-0.34351908595312475,-0.286437714331331,-0.07577964489194401
2025-03-10 15:00:00+05:30,-0.2945625538173079,-0.19812675417799624,0.2618479930325297
2025-03-10 15:05:00+05:30,-0.20644438165633244,-0.0901964595975406,0.4119140523388586
2025-03-10 15:10:00+05:30,-0.08894750930254777,-0.10000612681110105,0.48299745515542264
2025-03-10 15:15:00+05:30,-0.09873642527404045,-0.1785014309430415,0.29306461839898107
2025-03-10 15:20:00+05:30,-0.21623329762783627,-0.1883170869644358,0.3157002533774713
2025-03-10 15:25:00+05:30,-0.18686057357418148,-0.1686917637294922,0.32671672347830794
2025-03-11 09:15:00+05:30,-0.8820409394471102,0.12567011837119335,-0.889047084510879
2025-03-11 09:20:00+05:30,0.10687861924071966,0.07660980468774575,1.1049685845883954
2025-03-11 09:25:00+05:30,0.048133171133410126,-0.1588820965159206,0.43002453637009935
2025-03-11 09:30:00+05:30,-0.1476929574098573,-0.05094581312765345,0.33249666519040605
2025-03-11 09:35:00+05:30,-0.04977989313822359,-0.03132048989269872,-0.4271704602607813
2025-03-11 09:40:00+05:30,-0.03019608505605037,0.07660980468774575,0.29702659553838506
2025-03-11 09:45:00+05:30,0.0775058951870649,0.22379074573808855,0.17110290815258916
2025-03-11 09:50:00+05:30,0.21458657562303393,0.26304139220798683,-0.13065451030902606
2025-03-11 09:55:00+05:30,0.26354310775885076,0.36116201957488203,0.04913625778507581
2025-03-11 10:00:00+05:30,0.39082889608412813,0.27285105942153615,-0.10822636041763674
2025-03-11 10:05:00+05:30,0.23416440756601928,0.36116201957488203,-0.041564366004771695
2025-03-11 10:10:00+05:30,0.3614561720304845,0.30228604987004015,-0.1062799526957849
2025-03-11 10:15:00+05:30,0.2929158318124944,0.21398107852453924,-0.454286785096428
2025-03-11 10:20:00+05:30,0.20479168351235338,0.16492076484109167,-0.5241400977537507
2025-03-11 10:25:00+05:30,0.15583515137653653,0.19435575528958451,-0.6570589966475218
2025-03-11 10:30:00+05:30,0.1950027675408607,0.17473043205464095,-0.37742344056776583
2025-03-11 10:35:00+05:30,0.16563004348721708,0.16492076484109167,-0.6713952281419736
2025-03-11 10:40:00+05:30,0.16563004348721708,0.20416542250314496,-0.641477854630464
2025-03-11 10:45:00+05:30,0.20479168351235338,0.15510510881969736,-0.5171695868513827
2025-03-11 10:50:00+05:30,0.12646242732288177,0.27285105942153615,0.0800218950363899
2025-03-11 10:55:00+05:30,0.28312093970183616,0.31210170589143443,-0.30495186371607397
2025-03-11 11:00:00+05:30,0.3027047477839871,0.3807813540020029,0.432143848331202
2025-03-11 11:05:00+05:30,0.38103400397346987,0.36116201957488203,0.8457851299514483
2025-03-11 11:10:00+05:30,0.3614561720304845,0.30228604987004015,-0.5063112006264325
2025-03-11 11:15:00+05:30,0.3027047477839871,0.3415366963399273,-0.2637611338054123
2025-03-11 11:20:00+05:30,0.31249963989466767,0.2826607266351077,-0.4328367791870861
2025-03-11 11:25:00+05:30,0.27333202373033233,0.3415366963399273,-0.2747529033006416
2025-03-11 11:30:00+05:30,0.332077471837653,0.3317210403185553,-0.19545901918022537
2025-03-11 11:35:00+05:30,0.332077471837653,0.3807813540020029,-0.41784845170460255
2025-03-11 11:40:00+05:30,0.39082889608412813,0.35134636355348775,-0.44979127487590725
2025-03-11 11:45:00+05:30,0.3614561720304845,0.3415366963399273,-0.5861682585546943
2025-03-11 11:50:00+05:30,0.3418723639483113,0.26304139220798683,-0.5227371033552585
2025-03-11 11:55:00+05:30,0.23416440756601928,0.27285105942153615,-0.5053182362810209
2025-03-11 12:00:00+05:30,0.27333202373033233,0.21398107852453924,-0.3238922880957186
2025-03-11 12:05:00+05:30,0.22437549159451547,0.16492076484109167,-0.5345094119876771
2025-03-11 12:10:00+05:30,0.20479168351235338,0.18454009926821255,-0.5050662901038269
2025-03-11 12:15:00+05:30,0.18520787543020242,0.20416542250314496,-0.5534893573362933
2025-03-11 12:20:00+05:30,0.1950027675408607,0.26304139220798683,-0.46838095065592883
2025-03-11 12:25:00+05:30,0.26354310775885076,0.20416542250314496,-0.5166162932857802
2025-03-11 12:30:00+05:30,0.20479168351235338,0.22379074573808855,-0.5559742382603834
2025-03-11 12:35:00+05:30,0.22437549159451547,0.30228604987004015,-0.4917279630759081
2025-03-11 12:40:00+05:30,0.3027047477839871,0.2924763826564797,-0.5878133188881376
2025-03-11 12:45:00+05:30,0.2929158318124944,0.2924763826564797,-0.5522987881460235
2025-03-11 12:50:00+05:30,0.2929158318124944,0.31210170589143443,-0.46051133770945674
2025-03-11 12:55:00+05:30,0.3027047477839871,0.2826607266351077,-0.3873777846274904
2025-03-11 13:00:00+05:30,0.28312093970183616,0.31210170589143443,-0.528423182766049
2025-03-11 13:05:00+05:30,0.31249963989466767,0.2924763826564797,-0.353118044650225
2025-03-11 13:10:00+05:30,0.2929158318124944,0.32191137310498374,-0.5673167563552358
2025-03-11 13:15:00+05:30,0.31249963989466767,0.25322573618659255,-0.47717930637323375
2025-03-11 13:20:00+05:30,0.25374821564817024,0.23360041295166015,-0.1312275643591144
2025-03-11 13:25:00+05:30,0.22437549159451547,0.25322573618659255,-0.4967273656508169
2025-03-11 13:30:00+05:30,0.24395929967667757,0.12567011837119335,-0.1646919448358261
2025-03-11 13:35:00+05:30,0.0872948111585687,0.08641947190131735,0.18145246190202982
2025-03-11 13:40:00+05:30,0.0775058951870649,0.06680013747419647,-0.38160278303651374
2025-03-11 13:45:00+05:30,0.0775058951870649,-0.001885499444205859,-0.18520826785321373
2025-03-11 13:50:00+05:30,-0.000823361002406734,0.05698448145280218,-0.4280745024260069
2025-03-11 13:55:00+05:30,0.06771697921558335,0.10604479513624977,-0.42580204671013927
2025-03-11 14:00:00+05:30,0.06771697921558335,0.01773982379074887,-0.23132429852196246
2025-03-11 14:05:00+05:30,0.057922087104902806,0.06680013747419647,-0.43671971438854684
2025-03-11 14:10:00+05:30,0.06771697921558335,0.06680013747419647,-0.4525725630672844
2025-03-11 14:15:00+05:30,0.06771697921558335,0.08641947190131735,-0.3857722452630187
2025-03-11 14:20:00+05:30,0.10687861924071966,0.14529544160613692,-0.4867977221966996
2025-03-11 14:25:00+05:30,0.13625134329438557,0.10604479513624977,-0.3333081589532049
2025-03-11 14:30:00+05:30,0.10687861924071966,0.12567011837119335,-0.4652587941071715
2025-03-11 14:35:00+05:30,0.13625134329438557,0.19435575528958451,-0.024664211648286492
2025-03-11 14:40:00+05:30,0.1950027675408607,0.15510510881969736,-0.4076915626788985
2025-03-11 14:45:00+05:30,0.14604623540504386,0.17473043205464095,-0.07372455450542023
2025-03-11 14:50:00+05:30,0.17541895945869862,0.10604479513624977,-0.23363133508568026
2025-03-11 14:55:00+05:30,0.12646242732288177,0.10604479513624977,-0.330714595364443
2025-03-11 15:00:00+05:30,0.10687861924071966,0.13547978558476495,0.9308490755417198
2025-03-11 15:05:00+05:30,0.13625134329438557,0.09623512792268933,0.6970627835901542
2025-03-11 15:10:00+05:30,0.0872948111585687,0.06680013747419647,0.20409303700164153
2025-03-11 15:15:00+05:30,0.06771697921558335,0.10604479513624977,0.747950971262225
2025-03-11 15:20:00+05:30,0.09708970326922699,0.007924167769354585,0.6716112795724366
2025-03-11 15:25:00+05:30,0.008965554969085944,0.06680013747419647,0.9269908409458663
2025-03-12 09:15:00+05:30,0.22437549159451547,-0.021510822679149433,-0.889047084510879
2025-03-12 09:20:00+05:30,-0.020407169084568823,-0.07057113636259703,-0.5274549190262445
2025-03-12 09:25:00+05:30,-0.07915261719186722,-0.2766220583099367,-0.4654267582253009
2025-03-12 09:30:00+05:30,-0.2945625538173079,-0.2275617446264891,-0.31657596871484905
2025-03-12 09:35:00+05:30,-0.22602221359931782,-0.1686917637294922,-0.2736858371384081
2025-03-12 09:40:00+05:30,-0.20644438165633244,-0.23737740064788337,0.17959003623924263
2025-03-12 09:45:00+05:30,-0.23581710570999836,-0.001885499444205859,-0.1966545284916166
2025-03-12 09:50:00+05:30,0.008965554969085944,0.09623512792268933,-0.42965534118487136
2025-03-12 09:55:00+05:30,0.06771697921558335,0.19435575528958451,-0.39923901544009516
2025-03-12 10:00:00+05:30,0.20479168351235338,0.22379074573808855,-0.23464900003669925
2025-03-12 10:05:00+05:30,0.22437549159451547,0.2826607266351077,-0.2966079991419426
2025-03-12 10:10:00+05:30,0.27333202373033233,0.30228604987004015,-0.6716471743191677
2025-03-12 10:15:00+05:30,0.28312093970183616,0.23360041295166015,-0.334775374926276
2025-03-12 10:20:00+05:30,0.25374821564817024,0.19435575528958451,-0.19997428988523194
2025-03-12 10:25:00+05:30,0.18520787543020242,0.15510510881969736,-0.767544805528782
2025-03-12 10:30:00+05:30,0.15583515137653653,0.16492076484109167,-0.7275347645661473
2025-03-12 10:35:00+05:30,0.13625134329438557,0.15510510881969736,-0.6844025670547552
2025-03-12 10:40:00+05:30,0.17541895945869862,0.17473043205464095,-0.7596949530667958
2025-03-12 10:45:00+05:30,0.17541895945869862,0.21398107852453924,-0.755001838001417
2025-03-12 10:50:00+05:30,0.1950027675408607,0.18454009926821255,-0.6190694652235605
2025-03-12 10:55:00+05:30,0.18520787543020242,0.12567011837119335,-0.7825133725267798
2025-03-12 11:00:00+05:30,0.13625134329438557,0.12567011837119335,-0.7264084169504563
2025-03-12 11:05:00+05:30,0.11667351135140021,0.11586045115764405,-0.7121314669094618
2025-03-12 11:10:00+05:30,0.13625134329438557,0.18454009926821255,-0.6840913394241037
2025-03-12 11:15:00+05:30,0.1950027675408607,0.27285105942153615,-0.5209438393881716
2025-03-12 11:20:00+05:30,0.24395929967667757,0.3415366963399273,6.163005457087708
2025-03-12 11:25:00+05:30,0.332077471837653,0.37097168678843134,-0.5172585090315689
2025-03-12 11:30:00+05:30,0.3614561720304845,0.44946699092038295,-0.33498286001337696
2025-03-12 11:35:00+05:30,0.44957434419143766,0.3807813540020029,-0.4818724214386126
2025-03-12 11:40:00+05:30,0.38103400397346987,0.36116201957488203,-0.6407170759777605
2025-03-12 11:45:00+05:30,0.3418723639483113,0.36116201957488203,-0.7647239963684332
2025-03-12 11:50:00+05:30,0.3614561720304845,0.26304139220798683,-0.4922861967626321
2025-03-12 11:55:00+05:30,0.2929158318124944,0.3807813540020029,-0.551088458471268
2025-03-12 12:00:00+05:30,0.38103400397346987,0.2826607266351077,-0.5344550706553411
2025-03-12 12:05:00+05:30,0.332077471837653,0.35134636355348775,-0.4034430585144503
2025-03-12 12:10:00+05:30,0.38103400397346987,0.6653335688891169,4.068720149586334
2025-03-12 12:15:00+05:30,0.674773196788371,0.7143938825725644,1.162288809960596
2025-03-12 12:20:00+05:30,0.7531084291170194,0.6260829224192409,-0.35401714669432915
2025-03-12 12:25:00+05:30,0.6454004727347051,0.6555239016755676,-0.4875832014550104
2025-03-12 12:30:00+05:30,0.6551953648453857,0.7045842153590152,-0.6323435706769004
2025-03-12 12:35:00+05:30,0.694357004870522,0.6555239016755676,-0.6588077995245155
2025-03-12 12:40:00+05:30,0.6551953648453857,0.6358985784406128,-0.5625297789885494
2025-03-12 12:45:00+05:30,0.6356115567632125,0.6358985784406128,-0.3570306205784145
2025-03-12 12:50:00+05:30,0.6356115567632125,0.6947685593376209,-0.48763754278734633
2025-03-12 12:55:00+05:30,0.674773196788371,0.6260829224192409,-0.6967825105851123
2025-03-12 13:00:00+05:30,0.6454004727347051,0.6555239016755676,-0.6787115475228431
2025-03-12 13:05:00+05:30,0.6551953648453857,0.6653335688891169,-0.6772492716708935
2025-03-12 13:10:00+05:30,0.6649842808168672,0.7242035497861361,-0.5340845615712323
2025-03-12 13:15:00+05:30,0.7433135370063388,0.8027048427259104,1.5574984996767072
2025-03-12 13:20:00+05:30,0.8118538772243178,0.8713844908364788,-0.43652704966481026
2025-03-12 13:25:00+05:30,0.8412266012779726,0.8419495003879637,-0.6023273947429618
2025-03-12 13:30:00+05:30,0.8412266012779726,0.8713844908364788,-0.39678377524273384
2025-03-12 13:35:00+05:30,0.8608104093601346,0.9008254700928056,-0.030651638447485575
2025-03-12 13:40:00+05:30,0.8901831334137894,0.9106351373063548,-0.12910331227689031
2025-03-12 13:45:00+05:30,0.9097669414959515,1.0185654318868216,1.6066971659252416
2025-03-12 13:50:00+05:30,1.017468921739089,0.9204448045199265,0.3944013229633134
2025-03-12 13:55:00+05:30,0.9097669414959515,0.9106351373063548,-0.6353718649243502
2025-03-12 14:00:00+05:30,0.8901831334137894,0.8713844908364788,-0.6951374502516691
2025-03-12 14:05:00+05:30,0.8510214933886531,0.9106351373063548,-0.5421517793625624
2025-03-12 14:10:00+05:30,0.8803942174422967,0.9596954509898025,-0.6814928357142203
2025-03-12 14:15:00+05:30,0.9587234736317684,0.9891304414383064,0.8268496456929251
2025-03-12 14:20:00+05:30,1.017468921739089,1.0087557646732501,-0.5229692890479667
2025-03-12 14:25:00+05:30,1.0076800057675852,1.0578160783566977,-0.4443719620056751
2025-03-12 14:30:00+05:30,1.0566365379034022,1.0676257455702691,-0.4636730152271856
2025-03-12 14:35:00+05:30,1.0762203459855642,1.2834923235389921,2.2299181460019417
2025-03-12 14:40:00+05:30,1.2818353905003244,1.2736826563254315,1.0474655747347013
2025-03-12 14:45:00+05:30,1.3014191985824863,1.2344320098555444,0.5071200665914698
2025-03-12 14:50:00+05:30,1.2524626664466696,1.214806686620612,-0.4412448653357963
2025-03-12 14:55:00+05:30,1.1839223262286906,1.3718032836923268,0.08374180624084279
2025-03-12 15:00:00+05:30,1.3699595388004653,1.214806686620612,0.27893093187050866
2025-03-12 15:05:00+05:30,1.2132950502823565,1.1853716961720968,-0.2297236992786122
2025-03-12 15:10:00+05:30,1.1839223262286906,1.254057333090488,1.7918924265262113
2025-03-12 15:15:00+05:30,1.2720464745288316,1.2736826563254315,4.51871084241822
2025-03-12 15:20:00+05:30,1.2622515824181733,1.2834923235389921,2.1868304095806423
2025-03-12 15:25:00+05:30,1.2622515824181733,1.3129273139875073,1.792544522514243
2025-03-13 09:15:00+05:30,1.39933226285412,0.9400701277548589,-0.889047084510879
2025-03-13 09:20:00+05:30,0.9195558574674553,1.0578160783566977,-0.5500510330357632
2025-03-13 09:25:00+05:30,1.086009261957057,1.0578160783566977,-0.3921252410252052
2025-03-13 09:30:00+05:30,0.9978910897961036,0.7143938825725644,-0.12273055603021801
2025-03-13 09:35:00+05:30,0.694357004870522,0.5083429606252248,-0.32007357446883666
2025-03-13 09:40:00+05:30,0.4985308763272545,0.6555239016755676,-0.5906341280484864
2025-03-13 09:45:00+05:30,0.6551953648453857,0.6947685593376209,-0.6449013585676299
2025-03-13 09:50:00+05:30,0.694357004870522,0.9302604605412984,-0.3927526364076295
2025-03-13 09:55:00+05:30,0.9293507495781136,1.0872510688052017,-0.3745828709229313
2025-03-13 10:00:00+05:30,1.086009261957057,1.2736826563254315,-0.26949661442741735
2025-03-13 10:05:00+05:30,1.2720464745288316,1.3031176467739356,-0.47686313862146085
2025-03-13 10:10:00+05:30,1.3210030066646485,1.3423682932438339,-0.5984444595415009
2025-03-13 10:15:00+05:30,1.3405868147468216,1.3914286069272814,-0.2899931769603192
2025-03-13 10:20:00+05:30,1.39933226285412,1.3031176467739356,-0.6554781578886573
2025-03-13 10:25:00+05:30,1.2818353905003244,1.2049970194070405,-0.7731518430016294
2025-03-13 10:30:00+05:30,1.2230899423930148,1.2442476658769388,-0.800979545278765
2025-03-13 10:35:00+05:30,1.2524626664466696,1.3423682932438339,-0.7343916526827218
2025-03-13 10:40:00+05:30,1.3503757307183033,1.3521779604573831,-0.7020239790949723
2025-03-13 10:45:00+05:30,1.360164646689807,1.3521779604573831,-0.737622491896151
2025-03-13 10:50:00+05:30,1.3503757307183033,1.2442476658769388,-0.6066697612087175
2025-03-13 10:55:00+05:30,1.2622515824181733,1.2638670003040595,-0.009562261380009594
2025-03-13 11:00:00+05:30,1.3210030066646485,1.214806686620612,-0.07831886714837002
2025-03-13 11:05:00+05:30,1.2132950502823565,1.2834923235389921,-0.5945318836133114
2025-03-13 11:10:00+05:30,1.2818353905003244,1.597479528874621,-0.16237996815098688
2025-03-13 11:15:00+05:30,1.6147421994795497,1.5778542056396776,-0.4253969567781803
2025-03-13 11:20:00+05:30,1.585369475425906,1.6367301753445194,-0.5017514688313329
2025-03-13 11:25:00+05:30,1.6343260075617227,1.6367301753445194,-0.36855098303363915
2025-03-13 11:30:00+05:30,1.6245311154510422,1.4895492342941767,-0.5960188600708684
2025-03-13 11:35:00+05:30,1.4776615190435918,1.322742970008879,0.43387783084483145
2025-03-13 11:40:00+05:30,1.242673750475188,1.3031176467739356,0.03495317004538887
2025-03-13 11:45:00+05:30,1.2818353905003244,1.0774414015916411,0.26113661559104073
2025-03-13 11:50:00+05:30,1.0566365379034022,1.038190755121754,-0.4986243721614542
2025-03-13 11:55:00+05:30,1.0272638138497474,1.1755620289585365,-0.6834639440416794
2025-03-13 12:00:00+05:30,1.1741334102571979,1.2049970194070405,-0.6702342996784326
2025-03-13 12:05:00+05:30,1.1839223262286906,1.2344320098555444,-0.6604182790101086
2025-03-13 12:10:00+05:30,1.2328788583645074,1.1755620289585365,-0.5444933967741303
2025-03-13 12:15:00+05:30,1.1839223262286906,1.3423682932438339,-0.27575574788829627
2025-03-13 12:20:00+05:30,1.3503757307183033,1.3423682932438339,-0.6505380367672059
2025-03-13 12:25:00+05:30,1.3210030066646485,1.2933079795603863,-0.5382886046455875
2025-03-13 12:30:00+05:30,1.3014191985824863,1.2933079795603863,-0.6343245592466025
2025-03-13 12:35:00+05:30,1.2916302826110049,1.3031176467739356,-0.622774556064649
2025-03-13 12:40:00+05:30,1.3014191985824863,1.322742970008879,-0.5643181028345148
2025-03-13 12:45:00+05:30,1.330791922636141,1.2638670003040595,-0.5877886182825304
2025-03-13 12:50:00+05:30,1.3014191985824863,1.3423682932438339,-0.6278480604563796
2025-03-13 12:55:00+05:30,1.3405868147468216,1.3521779604573831,-0.612573205948852
2025-03-13 13:00:00+05:30,1.360164646689807,1.3619876276709548,-0.589601642734103
2025-03-13 13:05:00+05:30,1.360164646689807,1.2736826563254315,-0.6327684210933452
2025-03-13 13:10:00+05:30,1.2622515824181733,1.322742970008879,-0.5682504392471901
2025-03-13 13:15:00+05:30,1.3210030066646485,1.3914286069272814,-0.34011564585856496
2025-03-13 13:20:00+05:30,1.3895433468826386,1.3423682932438339,-0.5195704857164081
2025-03-13 13:25:00+05:30,1.379748454771958,1.3325526372224397,-0.38441371195461954
2025-03-13 13:30:00+05:30,1.3014191985824863,1.4012382741408307,-0.513276771407679
2025-03-13 13:35:00+05:30,1.39933226285412,1.5091685687212977,-0.5173177904850262
2025-03-13 13:40:00+05:30,1.5070342430972576,1.5189842247426695,-0.4867483209854851
2025-03-13 13:45:00+05:30,1.516829135207916,1.52879389195623,-0.4284153707833871
2025-03-13 13:50:00+05:30,1.536412943290089,1.4404889206107292,-0.5602968442416534
2025-03-13 13:55:00+05:30,1.448288794989937,1.4208635973757744,-0.47303454475233603
2025-03-13 14:00:00+05:30,1.4189160709362822,1.5189842247426695,1.3750944075093576
2025-03-13 14:05:00+05:30,1.5266180511794085,1.5386095479776243,-0.5303844108512652
2025-03-13 14:10:00+05:30,1.5266180511794085,1.46010825503785,-0.5866672107879609
2025-03-13 14:15:00+05:30,1.4776615190435918,1.4110479413544024,-0.3913002407979228
2025-03-13 14:20:00+05:30,1.39933226285412,1.3619876276709548,-0.42868213732394544
2025-03-13 14:25:00+05:30,1.360164646689807,1.3031176467739356,-0.4276545921306836
2025-03-13 14:30:00+05:30,1.3014191985824863,1.2442476658769388,-0.05994655669769231
2025-03-13 14:35:00+05:30,1.2524626664466696,1.3423682932438339,0.18876878128289934
2025-03-13 14:40:00+05:30,1.3405868147468216,1.3423682932438339,0.04930916202432661
2025-03-13 14:45:00+05:30,1.3405868147468216,1.3325526372224397,0.030917091089163087
2025-03-13 14:50:00+05:30,1.330791922636141,1.3031176467739356,0.11615394091868536
2025-03-13 14:55:00+05:30,1.3503757307183033,1.4502985878242785,0.6829043964560745
2025-03-13 15:00:00+05:30,1.4287049869077748,1.3423682932438339,-0.12064088479584407
2025-03-13 15:05:00+05:30,1.3210030066646485,1.2344320098555444,-0.016078281139203978
2025-03-13 15:10:00+05:30,1.242673750475188,1.1461270385100435,-0.020089659489822505
2025-03-13 15:15:00+05:30,1.1741334102571979,1.1559367057235928,0.35358604225788204
2025-03-13 15:20:00+05:30,1.1839223262286906,1.1657463729371644,-0.008099985528059983
2025-03-13 15:25:00+05:30,1.1741334102571979,1.1068763920401452,-0.13368280455647574
2025-03-17 09:15:00+05:30,1.409121178825624,1.6857904890279671,-0.889047084510879
2025-03-17 09:20:00+05:30,1.6734876475868592,1.5386095479776243,-0.6118618285073629
2025-03-17 09:25:00+05:30,1.5462018592615707,1.3718032836923268,-0.4531011560272797
2025-03-17 09:30:00+05:30,1.360164646689807,1.499358901507726,-0.26706607483566325
2025-03-17 09:35:00+05:30,1.467872603072099,1.6367301753445194,-0.268770416622564
2025-03-17 09:40:00+05:30,1.6147421994795497,1.3031176467739356,-0.557994747799057
2025-03-17 09:45:00+05:30,1.3210030066646485,1.1363113824886493,-0.47463020387456484
2025-03-17 09:50:00+05:30,1.1251768781213811,1.1363113824886493,-0.4883143393809852
2025-03-17 09:55:00+05:30,1.1349657940928737,1.0872510688052017,-0.5233842592221686
2025-03-17 10:00:00+05:30,1.0664254538749058,1.0872510688052017,-0.6810581050555325
2025-03-17 10:05:00+05:30,1.0664254538749058,1.1461270385100435,-0.23836891124115214
2025-03-17 10:10:00+05:30,1.1447606862035542,1.2049970194070405,-0.5855062823244198
2025-03-17 10:15:00+05:30,1.2035061343108526,1.097066724826596,-0.6368934222297572
2025-03-17 10:20:00+05:30,1.086009261957057,1.097066724826596,-0.6299031508429035
2025-03-17 10:25:00+05:30,1.086009261957057,0.9204448045199265,-0.6150333862673347
2025-03-17 10:30:00+05:30,0.9097669414959515,0.851765156409358,-0.674102414516529
2025-03-17 10:35:00+05:30,0.8314376853064799,0.7634541962560121,-0.6556164812800579
2025-03-17 10:40:00+05:30,0.7628973450885009,0.7536445290424628,-0.6445209692412781
2025-03-17 10:45:00+05:30,0.7531084291170194,0.6947685593376209,-0.6166092849050777
2025-03-17 10:50:00+05:30,0.694357004870522,0.7242035497861361,-0.6290830907367425
2025-03-17 10:55:00+05:30,0.7237297289241879,0.8223241771530313,-0.6928007729612226
2025-03-17 11:00:00+05:30,0.8216427931958216,0.8615748236229073,-0.636147463940418
2025-03-17 11:05:00+05:30,0.8705993253316384,0.8321398331744032,-0.7339519819029126
2025-03-17 11:10:00+05:30,0.8118538772243178,0.6751432361026884,-0.5727212488621036
2025-03-17 11:15:00+05:30,0.6551953648453857,0.60646358799212,-0.6100191633290616
2025-03-17 11:20:00+05:30,0.5964439405988883,0.5279622950523457,-0.723908715663002
2025-03-17 11:25:00+05:30,0.5279036003809204,0.5672129415222217,-0.6232389274500655
2025-03-17 11:30:00+05:30,0.5768601325167373,0.5279622950523457,-0.7753995981118897
2025-03-17 11:35:00+05:30,0.5181146844094167,0.6162732552056693,-0.662018878253459
2025-03-17 11:40:00+05:30,0.6551953648453857,0.6162732552056693,-0.7620118698727565
2025-03-17 11:45:00+05:30,0.6160277486810504,0.5770226087357933,-0.757748545344944
2025-03-17 11:50:00+05:30,0.5964439405988883,0.5574032743086724,-0.7635087265725563
2025-03-17 11:55:00+05:30,0.5964439405988883,0.60646358799212,-0.7443558769846892
2025-03-17 12:00:00+05:30,0.6062388327095688,0.5574032743086724,-0.6613371415386986
2025-03-17 12:05:00+05:30,0.5670712165452335,0.60646358799212,-0.7703310338412807
2025-03-17 12:10:00+05:30,0.5964439405988883,0.5377779510737176,-0.7771681614733693
2025-03-17 12:15:00+05:30,0.5474874084630714,0.5574032743086724,-0.6013541908820359
2025-03-17 12:20:00+05:30,0.5376984924915788,0.49852730460383055,-0.7405964448112647
2025-03-17 12:25:00+05:30,0.48874196035576184,0.5377779510737176,-0.5911676611296031
2025-03-17 12:30:00+05:30,0.5670712165452335,0.5181526278387741,-0.7054326626687737
2025-03-17 12:35:00+05:30,0.4985308763272545,0.44946699092038295,-0.6835232254951368
2025-03-17 12:40:00+05:30,0.439785428219945,0.35134636355348775,-0.5348156994972071
2025-03-17 12:45:00+05:30,0.35166127991980395,0.2826607266351077,-0.6928946352625301
2025-03-17 12:50:00+05:30,0.24395929967667757,0.26304139220798683,-0.7386006358781984
2025-03-17 12:55:00+05:30,0.27333202373033233,0.26304139220798683,-0.7007148469977876
2025-03-17 13:00:00+05:30,0.4202016201377829,0.4200320004718789,0.06746904726678192
2025-03-17 13:05:00+05:30,0.4299905361092867,0.44946699092038295,-0.5225197380259146
2025-03-17 13:10:00+05:30,0.4299905361092867,0.6457082456541733,-0.41807075715506786
2025-03-17 13:15:00+05:30,0.6258166646525541,0.5770226087357933,-0.462615829307195
2025-03-17 13:20:00+05:30,0.5768601325167373,0.6260829224192409,-0.5907082298653081
2025-03-17 13:25:00+05:30,0.6258166646525541,0.7143938825725644,0.012268133855684094
2025-03-17 13:30:00+05:30,0.694357004870522,0.734019205807508,-0.6423720165534468
2025-03-17 13:35:00+05:30,0.7335246210348462,0.6849588921240605,-0.653067378781389
2025-03-17 13:40:00+05:30,0.6845680888990293,0.6555239016755676,-0.608349402390011
2025-03-17 13:45:00+05:30,0.6258166646525541,0.5475876182872781,-0.6478061497870433
2025-03-17 13:50:00+05:30,0.5474874084630714,0.5672129415222217,-0.6096486542449527
2025-03-17 13:55:00+05:30,0.5670712165452335,0.734019205807508,-0.4486056458067589
2025-03-17 14:00:00+05:30,0.7726862610600047,0.6947685593376209,-0.6917485271623534
2025-03-17 14:05:00+05:30,0.694357004870522,0.6751432361026884,-0.5505154044211796
2025-03-17 14:10:00+05:30,0.6551953648453857,0.6162732552056693,-0.7114645505580659
2025-03-17 14:15:00+05:30,0.6160277486810504,0.5868382647571653,-0.6494709706049724
2025-03-17 14:20:00+05:30,0.5376984924915788,0.45928264694177723,-0.547729176108681
2025-03-17 14:25:00+05:30,0.48874196035576184,0.4396573237068225,-0.6908296646337634
2025-03-17 14:30:00+05:30,0.46915815227359975,0.5475876182872781,-0.5996745497007424
2025-03-17 14:35:00+05:30,0.5670712165452335,0.5181526278387741,-0.5900660141195194
2025-03-17 14:40:00+05:30,0.5279036003809204,0.4887176373902701,-0.5909651161636236
2025-03-17 14:45:00+05:30,0.4789470682451036,0.45928264694177723,-0.5996300886106494
2025-03-17 14:50:00+05:30,0.439785428219945,0.5083429606252248,-0.5868401150272117
2025-03-17 14:55:00+05:30,0.5083257684379351,0.5574032743086724,-0.602307634258476
2025-03-17 15:00:00+05:30,0.5572823005737519,0.5181526278387741,-0.41220683338390507
2025-03-17 15:05:00+05:30,0.5083257684379351,0.4789019813688981,-0.3996194047664469
2025-03-17 15:10:00+05:30,0.46915815227359975,0.4200320004718789,-0.21031890351355115
2025-03-17 15:15:00+05:30,0.4202016201377829,0.35134636355348775,4.627420121335725e-05
2025-03-17 15:20:00+05:30,0.332077471837653,0.40040667723693535,-0.03187184836448407
2025-03-17 15:25:00+05:30,0.4006178120556208,0.3807813540020029,-0.160334758006706
2025-03-18 09:15:00+05:30,0.6160277486810504,0.5672129415222217,-0.889047084510879
2025-03-18 09:20:00+05:30,0.6062388327095688,0.8615748236229073,0.7085535053186501
2025-03-18 09:25:00+05:30,0.8314376853064799,0.851765156409358,-0.19375467739332464
2025-03-18 09:30:00+05:30,0.8510214933886531,0.7830795194909557,0.38674413522506373
2025-03-18 09:35:00+05:30,0.782481153170663,0.9106351373063548,-0.005037110432760122
2025-03-18 09:40:00+05:30,0.9195558574674553,0.734019205807508,-0.5967499979968431
2025-03-18 09:45:00+05:30,0.6649842808168672,0.734019205807508,-0.3291732775745501
2025-03-18 09:50:00+05:30,0.7237297289241879,0.6849588921240605,0.03598565535977221
2025-03-18 09:55:00+05:30,0.6649842808168672,0.60646358799212,-0.5259234814785946
2025-03-18 10:00:00+05:30,0.6258166646525541,0.7536445290424628,0.6859376308246456
2025-03-18 10:05:00+05:30,0.7433135370063388,0.7830795194909557,-0.14731753885168158
2025-03-18 10:10:00+05:30,0.7628973450885009,0.7438288730210685,-0.1555873016089912
2025-03-18 10:15:00+05:30,0.7628973450885009,0.8615748236229073,0.0023187299170809965
2025-03-18 10:20:00+05:30,0.8608104093601346,0.8419495003879637,-0.11182276859405335
2025-03-18 10:25:00+05:30,0.8803942174422967,0.9400701277548589,-0.3429759759878853
2025-03-18 10:30:00+05:30,0.9880961976854231,1.038190755121754,0.14421382888852924
2025-03-18 10:35:00+05:30,1.03705272982124,1.0283810879081936,-0.2032199494620255
2025-03-18 10:40:00+05:30,1.0566365379034022,1.0185654318868216,-0.22959031600833302
2025-03-18 10:45:00+05:30,1.017468921739089,0.8419495003879637,-0.5146698855639283
2025-03-18 10:50:00+05:30,0.8412266012779726,0.6457082456541733,-0.4021092258116584
2025-03-18 10:55:00+05:30,0.7335246210348462,0.7634541962560121,-0.3299982778018325
2025-03-18 11:00:00+05:30,0.7628973450885009,0.7536445290424628,-0.2451121765719333
2025-03-18 11:05:00+05:30,0.7335246210348462,0.7732638634695836,-0.26719451798482097
2025-03-18 11:10:00+05:30,0.7726862610600047,0.7830795194909557,0.06815572410266366
2025-03-18 11:15:00+05:30,0.7726862610600047,0.7536445290424628,-0.47804876769060917
2025-03-18 11:20:00+05:30,0.7531084291170194,0.7830795194909557,-0.5961769439467548
2025-03-18 11:25:00+05:30,0.7628973450885009,0.8223241771530313,-0.3477382527489644
2025-03-18 11:30:00+05:30,0.8216427931958216,0.851765156409358,-0.11051857661799018
2025-03-18 11:35:00+05:30,0.8314376853064799,0.9008254700928056,-0.4780290072061234
2025-03-18 11:40:00+05:30,0.8999780255244699,1.0872510688052017,-0.319278214968283
2025-03-18 11:45:00+05:30,1.0664254538749058,1.1068763920401452,-0.5080501232611835
2025-03-18 11:50:00+05:30,1.0958041540677375,1.1657463729371644,-0.503470630981598
2025-03-18 11:55:00+05:30,1.1447606862035542,1.116686059253717,0.36032930758866316
2025-03-18 12:00:00+05:30,1.017468921739089,0.9891304414383064,0.28473063406709254
2025-03-18 12:05:00+05:30,0.9978910897961036,0.9989460974597008,0.3133783964503892
2025-03-18 12:10:00+05:30,1.0076800057675852,0.9400701277548589,-0.42153872218232674
2025-03-18 12:15:00+05:30,0.9293507495781136,0.8321398331744032,-0.5403535752743541
2025-03-18 12:20:00+05:30,0.8216427931958216,0.851765156409358,-0.6791314578181665
2025-03-18 12:25:00+05:30,0.8510214933886531,0.7634541962560121,-0.246816518358834
2025-03-18 12:30:00+05:30,0.7433135370063388,0.7143938825725644,0.07886590669397027
2025-03-18 12:35:00+05:30,0.7041518969812025,0.6653335688891169,0.17473883729797737
2025-03-18 12:40:00+05:30,0.6258166646525541,0.5966479319707257,-0.03942529355918324
2025-03-18 12:45:00+05:30,0.5768601325167373,0.5672129415222217,-0.4638903805565295
2025-03-18 12:50:00+05:30,0.5474874084630714,0.6751432361026884,-0.4904879926744238
2025-03-18 12:55:00+05:30,0.674773196788371,0.5475876182872781,0.0636997348511145
2025-03-18 13:00:00+05:30,0.5572823005737519,0.6653335688891169,-0.5673365168397216
2025-03-18 13:05:00+05:30,0.6356115567632125,0.6555239016755676,-0.13421139751647104
2025-03-18 13:10:00+05:30,0.6258166646525541,0.6947685593376209,-0.548593697304935
2025-03-18 13:15:00+05:30,0.6551953648453857,0.7143938825725644,-0.41533887017490523
2025-03-18 13:20:00+05:30,0.7335246210348462,0.7928891867045161,-0.5512514824682758
2025-03-18 13:25:00+05:30,0.7433135370063388,0.734019205807508,-0.5356505799667324
2025-03-18 13:30:00+05:30,0.7237297289241879,0.7928891867045161,-0.4947513172022363
2025-03-18 13:35:00+05:30,0.7628973450885009,0.7928891867045161,-0.5481589666462473
2025-03-18 13:40:00+05:30,0.8020649612528362,0.8321398331744032,-0.5809514906504416
2025-03-18 13:45:00+05:30,0.8314376853064799,0.8027048427259104,-0.48438200296830985
2025-03-18 13:50:00+05:30,0.8020649612528362,0.851765156409358,-0.6345863856660393
2025-03-18 13:55:00+05:30,0.8216427931958216,0.7634541962560121,-0.5043153916933663
2025-03-18 14:00:00+05:30,0.7726862610600047,0.7928891867045161,-0.6396994110267415
2025-03-18 14:05:00+05:30,0.7922700691421557,0.7634541962560121,-0.6059781442517144
2025-03-18 14:10:00+05:30,0.7726862610600047,0.7143938825725644,-0.5763719983708562
2025-03-18 14:15:00+05:30,0.694357004870522,0.6849588921240605,-0.3809556271696036
2025-03-18 14:20:00+05:30,0.7041518969812025,0.7045842153590152,-0.5256073137268217
2025-03-18 14:25:00+05:30,0.7041518969812025,0.6849588921240605,-0.06846332551107451
2025-03-18 14:30:00+05:30,0.694357004870522,0.7242035497861361,-0.14992592280380793
2025-03-18 14:35:00+05:30,0.7139408129526841,0.6947685593376209,-0.24500349390726134
2025-03-18 14:40:00+05:30,0.7237297289241879,0.6457082456541733,-0.16426215429825985
2025-03-18 14:45:00+05:30,0.6454004727347051,0.7045842153590152,0.3790770672445712
2025-03-18 14:50:00+05:30,0.6845680888990293,0.6162732552056693,0.3964860540765659
2025-03-18 14:55:00+05:30,0.6160277486810504,0.5966479319707257,0.8416206078460647
2025-03-18 15:00:00+05:30,0.6160277486810504,0.6849588921240605,0.8434237520553945
2025-03-18 15:05:00+05:30,0.674773196788371,0.7732638634695836,1.107656010478465
2025-03-18 15:10:00+05:30,0.7531084291170194,0.6162732552056693,5.750781990229318
2025-03-18 15:15:00+05:30,0.5866550246273956,0.6849588921240605,0.34619562106019075
2025-03-18 15:20:00+05:30,0.6845680888990293,0.6751432361026884,0.8320071321437204
2025-03-18 15:25:00+05:30,0.674773196788371,0.7045842153590152,0.13769780912933485
2025-03-19 09:15:00+05:30,0.9195558574674553,0.5475876182872781,-0.889047084510879
2025-03-19 09:20:00+05:30,0.5474874084630714,0.35134636355348775,0.4419993899684975
2025-03-19 09:25:00+05:30,0.35166127991980395,0.2924763826564797,0.17021862647184935
2025-03-19 09:30:00+05:30,0.31249963989466767,0.27285105942153615,-0.12790780296549908
2025-03-19 09:35:00+05:30,0.27333202373033233,0.21398107852453924,0.2769548834219281
2025-03-19 09:40:00+05:30,0.21458657562303393,0.26304139220798683,-0.21088701744251806
2025-03-19 09:45:00+05:30,0.27333202373033233,0.25322573618659255,-0.44604172294472566
2025-03-19 09:50:00+05:30,0.24395929967667757,0.18454009926821255,-0.5274302184206373
2025-03-19 09:55:00+05:30,0.18520787543020242,0.09623512792268933,-0.14378535224984385
2025-03-19 10:00:00+05:30,0.10687861924071966,0.17473043205464095,-0.36025651967072225
2025-03-19 10:05:00+05:30,0.17541895945869862,0.05698448145280218,-0.3674048749334624
2025-03-19 10:10:00+05:30,0.028549363051248035,0.02754949100429816,-0.07303293754841704
2025-03-19 10:15:00+05:30,0.008965554969085944,0.08641947190131735,-0.4758010125803488
2025-03-19 10:20:00+05:30,0.10687861924071966,0.05698448145280218,-0.5784419091207443
2025-03-19 10:25:00+05:30,0.0775058951870649,0.02754949100429816,-0.4722885864629969
2025-03-19 10:30:00+05:30,0.028549363051248035,0.007924167769354585,-0.47956538487489475
2025-03-19 10:35:00+05:30,0.028549363051248035,-0.03132048989269872,-0.519175276026692
2025-03-19 10:40:00+05:30,-0.03019608505605037,0.06680013747419647,0.5055886290438198
2025-03-19 10:45:00+05:30,0.057922087104902806,-0.04113614591409301,-0.4592318463390008
2025-03-19 10:50:00+05:30,-0.04977989313822359,-0.08038080357614631,0.016116488209294726
2025-03-19 10:55:00+05:30,-0.07915261719186722,-0.10982178283247303,-0.5038016190967353
2025-03-19 11:00:00+05:30,-0.07915261719186722,-0.05094581312765345,0.5708179883314639
2025-03-19 11:05:00+05:30,-0.03019608505605037,-0.05094581312765345,-0.4917872445293655
2025-03-19 11:10:00+05:30,-0.04977989313822359,-0.06076146914902543,0.5615453809864998
2025-03-19 11:15:00+05:30,-0.06936370122038568,-0.1785014309430415,0.6380184559465673
2025-03-19 11:20:00+05:30,-0.17706568146350093,-0.1785014309430415,-0.5862374202503946
2025-03-19 11:25:00+05:30,-0.18686057357418148,-0.1686917637294922,-0.6134476073873488
2025-03-19 11:30:00+05:30,-0.1672767654920194,-0.1686917637294922,-0.4696653821475062
2025-03-19 11:35:00+05:30,-0.1574878495205156,-0.1785014309430415,-0.4440854349806309
2025-03-19 11:40:00+05:30,-0.17706568146350093,-0.2275617446264891,-0.6286829409259049
2025-03-19 11:45:00+05:30,-0.22602221359931782,-0.2177520774129398,-0.43774725958180877
2025-03-19 11:50:00+05:30,-0.22602221359931782,-0.1686917637294922,-0.6170094347159153
2025-03-19 11:55:00+05:30,-0.17706568146350093,-0.1686917637294922,-0.648853455464791
2025-03-19 12:00:00+05:30,-0.1672767654920194,-0.2079424101993682,-0.6632539085338217
2025-03-19 12:05:00+05:30,-0.18686057357418148,-0.19812675417799624,-0.6734404382862546
2025-03-19 12:10:00+05:30,-0.17706568146350093,-0.2079424101993682,-0.7037085603973872
2025-03-19 12:15:00+05:30,-0.21623329762783627,-0.2177520774129398,-0.6701453774982464
2025-03-19 12:20:00+05:30,-0.22602221359931782,-0.2177520774129398,-0.6284952163232898
2025-03-19 12:25:00+05:30,-0.23581710570999836,-0.2668123910963874,-0.4489168734374103
2025-03-19 12:30:00+05:30,-0.26518982976365313,-0.24718706786144382,-0.5540574712652603
2025-03-19 12:35:00+05:30,-0.22602221359931782,-0.2275617446264891,-0.704034608391403
2025-03-19 12:40:00+05:30,-0.22602221359931782,-0.23737740064788337,-0.6516396837772895
2025-03-19 12:45:00+05:30,-0.23581710570999836,-0.2668123910963874,-0.4316462099968163
2025-03-19 12:50:00+05:30,-0.26518982976365313,-0.3060630375662634,-0.14676424528607904
2025-03-19 12:55:00+05:30,-0.2945625538173079,-0.355123351249711,0.9738231891772254
2025-03-19 13:00:00+05:30,-0.31414636189947,-0.355123351249711,-0.25444406537035497
2025-03-19 13:05:00+05:30,-0.353313978063783,-0.4532439786166062,0.015410050888927178
2025-03-19 13:10:00+05:30,-0.4316432342532658,-0.4532439786166062,-0.14073235739678688
2025-03-19 13:15:00+05:30,-0.46101595830692055,-0.4041836649331586,0.28563467623231814
2025-03-19 13:20:00+05:30,-0.42184834214258526,-0.4041836649331586,-0.1541645467260132
2025-03-19 13:25:00+05:30,-0.42184834214258526,-0.4238029993602795,1.510908217380299
2025-03-19 13:30:00+05:30,-0.38268670211744893,-0.3943680089117866,-0.268310985358269
2025-03-19 13:35:00+05:30,-0.40227051019959986,-0.3943680089117866,-0.33841624419278565
2025-03-19 13:40:00+05:30,-0.3924756180889416,-0.43361865538167377,-0.44150669175523327
2025-03-19 13:45:00+05:30,-0.44143215022475846,-0.4728633130437271,-0.2047563271307969
2025-03-19 13:50:00+05:30,-0.48059976638908264,-0.48267896906512137,-0.4223884230152164
2025-03-19 13:55:00+05:30,-0.48059976638908264,-0.48267896906512137,-0.320241538586966
2025-03-19 14:00:00+05:30,-0.48059976638908264,-0.5513646059835013,-0.3579000818957899
2025-03-19 14:05:00+05:30,-0.5099724904427374,-0.48267896906512137,-0.4240730043176313
2025-03-19 14:10:00+05:30,-0.48059976638908264,-0.5121139595136254,-0.4084671616949664
2025-03-19 14:15:00+05:30,-0.519761406414219,-0.5219236267271746,-0.40741491589609724
2025-03-19 14:20:00+05:30,-0.519761406414219,-0.531739282748569,0.06361575279204984
2025-03-19 14:25:00+05:30,-0.519761406414219,-0.4532439786166062,-0.24010289375478158
2025-03-19 14:30:00+05:30,-0.44143215022475846,-0.4434283225952342,-0.28123434221198584
2025-03-19 14:35:00+05:30,-0.4512270423354168,-0.4532439786166062,0.10140767937115296
2025-03-19 14:40:00+05:30,-0.46101595830692055,-0.43361865538167377,-0.18641365740684787
2025-03-19 14:45:00+05:30,-0.42184834214258526,-0.3943680089117866,0.045490448397444684
2025-03-19 14:50:00+05:30,-0.3924756180889416,-0.4041836649331586,-0.3988092249025289
2025-03-19 14:55:00+05:30,-0.3924756180889416,-0.355123351249711,0.09343926400225187
2025-03-19 15:00:00+05:30,-0.353313978063783,-0.3649330184632826,0.05976245831731775
2025-03-19 15:05:00+05:30,-0.36310289403528684,-0.5611742731970729,8.874934347919663
2025-03-19 15:10:00+05:30,-0.5589290225785543,-0.5611742731970729,0.841897254628866
2025-03-19 15:15:00+05:30,-0.5589290225785543,-0.5611742731970729,0.900185743740871
2025-03-19 15:20:00+05:30,-0.5687179385500358,-0.5807995964320165,0.7838360110884479
2025-03-19 15:25:00+05:30,-0.5687179385500358,-0.48267896906512137,0.539571722238284
2025-03-20 09:15:00+05:30,-0.34351908595312475,-0.6592949005639681,-0.889047084510879
2025-03-20 09:20:00+05:30,-0.6078855547143711,-0.48267896906512137,4.520523866869793
2025-03-20 09:25:00+05:30,-0.48059976638908264,-0.3747426856768319,1.4058664219748782
2025-03-20 09:30:00+05:30,-0.3728918100067684,-0.4630536458301778,-0.09337635632655386
2025-03-20 09:35:00+05:30,-0.4316432342532658,-0.5219236267271746,-0.32066144888228937
2025-03-20 09:40:00+05:30,-0.519761406414219,-0.6789202237989117,1.5259854670429687
2025-03-20 09:45:00+05:30,-0.7057986189860048,-0.6592949005639681,0.5605425363988451
2025-03-20 09:50:00+05:30,-0.656842086850188,-0.6592949005639681,1.178344203605313
2025-03-20 09:55:00+05:30,-0.6470531708786842,-0.6102345868805206,1.1142263715699954
2025-03-20 10:00:00+05:30,-0.6078855547143711,-0.5219236267271746,0.6580457069729312
2025-03-20 10:05:00+05:30,-0.5099724904427374,-0.6985455470338442,-0.01384534639230795
2025-03-20 10:10:00+05:30,-0.6372582787680259,-0.6200442540940698,-0.5360803705042987
2025-03-20 10:15:00+05:30,-0.6176744706858527,-0.4434283225952342,-0.43199695859643933
2025-03-20 10:20:00+05:30,-0.44143215022475846,-0.33549802801477857,0.001044178667746538
2025-03-20 10:25:00+05:30,-0.30435744592796615,-0.286437714331331,-0.47162167011160094
2025-03-20 10:30:00+05:30,-0.2847736378458152,-0.2766220583099367,-0.5519183988196719
2025-03-20 10:35:00+05:30,-0.2945625538173079,-0.3943680089117866,-0.614149104586595
2025-03-20 10:40:00+05:30,-0.36310289403528684,-0.3943680089117866,-0.7126353592638498
2025-03-20 10:45:00+05:30,-0.38268670211744893,-0.3943680089117866,-0.7478436024964339
2025-03-20 10:50:00+05:30,-0.3924756180889416,-0.4630536458301778,-0.6170044945947939
2025-03-20 10:55:00+05:30,-0.4512270423354168,-0.38455834169822617,-0.7344706946206649
2025-03-20 11:00:00+05:30,-0.3728918100067684,-0.4238029993602795,-0.7532332746399374
2025-03-20 11:05:00+05:30,-0.38268670211744893,-0.4139933321467302,0.1254907698382285
2025-03-20 11:10:00+05:30,-0.42184834214258526,-0.4532439786166062,-0.5766634655170219
2025-03-20 11:15:00+05:30,-0.42184834214258526,-0.5415489499621294,0.16704706871187758
2025-03-20 11:20:00+05:30,-0.5099724904427374,-0.43361865538167377,-0.6452372868038886
2025-03-20 11:25:00+05:30,-0.4316432342532658,-0.4532439786166062,-0.7398801272486543
2025-03-20 11:30:00+05:30,-0.4512270423354168,-0.48267896906512137,-0.7859516968273099
2025-03-20 11:35:00+05:30,-0.48059976638908264,-0.48267896906512137,-0.7163157494993312
2025-03-20 11:40:00+05:30,-0.48059976638908264,-0.4630536458301778,-0.7741991486793771
2025-03-20 11:45:00+05:30,-0.46101595830692055,-0.48267896906512137,-0.7750735501178739
2025-03-20 11:50:00+05:30,-0.48059976638908264,-0.48267896906512137,-0.6229128794560497
2025-03-20 11:55:00+05:30,-0.48059976638908264,-0.5023042923000538,-0.6062992521246087
2025-03-20 12:00:00+05:30,-0.519761406414219,-0.5219236267271746,-0.38960577925326495
2025-03-20 12:05:00+05:30,-0.5491401066070505,-0.4630536458301778,-0.6153594342613505
2025-03-20 12:10:00+05:30,-0.46101595830692055,-0.5023042923000538,-0.7319314723642389
2025-03-20 12:15:00+05:30,-0.5001835744712336,-0.5121139595136254,-0.7103579634268608
2025-03-20 12:20:00+05:30,-0.5099724904427374,-0.5121139595136254,-0.6678482211767716
2025-03-20 12:25:00+05:30,-0.5001835744712336,-0.6396695773290246,1.7446500482417715
2025-03-20 12:30:00+05:30,-0.5687179385500358,-0.7083552142474158,0.45158322494411324
2025-03-20 12:35:00+05:30,-0.7057986189860048,-0.6592949005639681,-0.5357987836003759
2025-03-20 12:40:00+05:30,-0.6764258949323501,-0.6494852333503965,-0.5187652459736115
2025-03-20 12:45:00+05:30,-0.6372582787680259,-0.5807995964320165,-0.6224880290396049
2025-03-20 12:50:00+05:30,-0.5980966387428673,-0.6691045677775175,-0.16452892083881823
2025-03-20 12:55:00+05:30,-0.656842086850188,-0.6592949005639681,-0.36327493367592906
2025-03-20 13:00:00+05:30,-0.656842086850188,-0.6592949005639681,-0.40731117335254674
2025-03-20 13:05:00+05:30,-0.656842086850188,-0.6592949005639681,-0.6792500207250813
2025-03-20 13:10:00+05:30,-0.6666310028216695,-0.6592949005639681,0.13749526416335536
2025-03-20 13:15:00+05:30,-0.656842086850188,-0.5709839404106223,0.3557646356724421
2025-03-20 13:20:00+05:30,-0.5589290225785543,-0.5023042923000538,0.027409605092932603
2025-03-20 13:25:00+05:30,-0.5001835744712336,-0.5611742731970729,1.3206789733565705
2025-03-20 13:30:00+05:30,-0.5393452144963922,-0.5121139595136254,-0.6201958128392514
2025-03-20 13:35:00+05:30,-0.5099724904427374,-0.4630536458301778,-0.5669017861810338
2025-03-20 13:40:00+05:30,-0.4708048742784021,-0.4630536458301778,-0.5096260218989265
2025-03-20 13:45:00+05:30,-0.48059976638908264,-0.4630536458301778,3.835161103206356
2025-03-20 13:50:00+05:30,-0.46101595830692055,-0.4630536458301778,-0.11205989440788301
2025-03-20 13:55:00+05:30,-0.46101595830692055,-0.355123351249711,0.349164633854183
2025-03-20 14:00:00+05:30,-0.353313978063783,-0.1883170869644358,7.644453919109672
2025-03-20 14:05:00+05:30,-0.18686057357418148,-0.11963145004604463,1.5765080857520521
2025-03-20 14:10:00+05:30,-0.11832023335620254,-0.05094581312765345,1.266031353511075
2025-03-20 14:15:00+05:30,-0.05957478524888187,-0.2275617446264891,0.16171173790071006
2025-03-20 14:20:00+05:30,-0.19664948954567418,-0.19812675417799624,0.5658037653931908
2025-03-20 14:25:00+05:30,-0.20644438165633244,-0.1392567732809882,-0.3815929027942708
2025-03-20 14:30:00+05:30,-0.09873642527404045,-0.11963145004604463,-0.34336130543535853
2025-03-20 14:35:00+05:30,-0.12810914932768408,-0.2275617446264891,1.0945696296277403
2025-03-20 14:40:00+05:30,-0.18686057357418148,-0.315872704779835,-0.14622083196271937
2025-03-20 14:45:00+05:30,-0.31414636189947,-0.2668123910963874,-0.15047427624828902
2025-03-20 14:50:00+05:30,-0.26518982976365313,-0.23737740064788337,0.02338340637894972
2025-03-20 14:55:00+05:30,-0.22602221359931782,-0.2079424101993682,0.28612374822334186
2025-03-20 15:00:00+05:30,-0.20644438165633244,-0.286437714331331,1.2858511194503381
2025-03-20 15:05:00+05:30,-0.2847736378458152,-0.43361865538167377,0.41108411199045475
2025-03-20 15:10:00+05:30,-0.4512270423354168,-0.4041836649331586,1.0572223139495678
2025-03-20 15:15:00+05:30,-0.38268670211744893,-0.4532439786166062,0.37907212712344973
2025-03-20 15:20:00+05:30,-0.4512270423354168,-0.4139933321467302,1.7395469031233124
2025-03-20 15:25:00+05:30,-0.4120594261711037,-0.4434283225952342,0.6674862784360247
2025-03-21 09:15:00+05:30,-0.05957478524888187,-0.1785014309430415,-0.889047084510879
2025-03-21 09:20:00+05:30,-0.18686057357418148,-0.38455834169822617,-0.15818086519775318
2025-03-21 09:25:00+05:30,-0.3728918100067684,-0.4139933321467302,-0.10567231779784637
2025-03-21 09:30:00+05:30,-0.4120594261711037,-0.4924886362786818,-0.02383921142100411
2025-03-21 09:35:00+05:30,-0.4708048742784021,-0.48267896906512137,0.1377966115517639
2025-03-21 09:40:00+05:30,-0.4708048742784021,-0.4434283225952342,0.041049279509259885
2025-03-21 09:45:00+05:30,-0.4512270423354168,-0.38455834169822617,-0.018464359640865
2025-03-21 09:50:00+05:30,-0.38268670211744893,-0.355123351249711,0.03937951857020932
2025-03-21 09:55:00+05:30,-0.353313978063783,-0.33549802801477857,0.25542583557464293
2025-03-21 10:00:00+05:30,-0.31414636189947,-0.3747426856768319,-0.2782307485701434
2025-03-21 10:05:00+05:30,-0.38268670211744893,-0.4630536458301778,0.1670026076217845
2025-03-21 10:10:00+05:30,-0.46101595830692055,-0.4924886362786818,-0.042858677738591956
2025-03-21 10:15:00+05:30,-0.4903886823605753,-0.4728633130437271,-0.225168907604634
2025-03-21 10:20:00+05:30,-0.4708048742784021,-0.531739282748569,-0.2856014092833489
2025-03-21 10:25:00+05:30,-0.5295562985248995,-0.4630536458301778,0.14505364947917598
2025-03-21 10:30:00+05:30,-0.46101595830692055,-0.5023042923000538,-0.3578309202000896
2025-03-21 10:35:00+05:30,-0.5001835744712336,-0.4434283225952342,-0.0016778280701731775
2025-03-21 10:40:00+05:30,-0.44143215022475846,-0.5023042923000538,1.0443829391549155
2025-03-21 10:45:00+05:30,-0.4903886823605753,-0.4434283225952342,0.05937218874872309
2025-03-21 10:50:00+05:30,-0.44143215022475846,-0.3649330184632826,0.28805533558182933
2025-03-21 10:55:00+05:30,-0.353313978063783,-0.3649330184632826,-0.4007012912920448
2025-03-21 11:00:00+05:30,-0.36310289403528684,-0.3747426856768319,1.0754711213722092
2025-03-21 11:05:00+05:30,-0.3728918100067684,-0.4434283225952342,0.03579299063603561
2025-03-21 11:10:00+05:30,-0.42184834214258526,-0.43361865538167377,-0.09843010023379864
2025-03-21 11:15:00+05:30,-0.42184834214258526,-0.3649330184632826,0.685853648765581
2025-03-21 11:20:00+05:30,-0.36310289403528684,-0.3943680089117866,0.076301983831937
2025-03-21 11:25:00+05:30,-0.3924756180889416,-0.3747426856768319,0.9874925043202814
2025-03-21 11:30:00+05:30,-0.36310289403528684,-0.3649330184632826,0.48133757445861497
2025-03-21 11:35:00+05:30,-0.36310289403528684,-0.3747426856768319,0.7038060489209353
2025-03-21 11:40:00+05:30,-0.3728918100067684,-0.4041836649331586,0.5282934257180104
2025-03-21 11:45:00+05:30,-0.40227051019959986,-0.4924886362786818,0.20494273783453118
2025-03-21 11:50:00+05:30,-0.46101595830692055,-0.5219236267271746,0.5888840112726117
2025-03-21 11:55:00+05:30,-0.519761406414219,-0.5513646059835013,-0.0871024025023106
2025-03-21 12:00:00+05:30,-0.5491401066070505,-0.5121139595136254,-0.24652505121266838
2025-03-21 12:05:00+05:30,-0.5099724904427374,-0.4630536458301778,-0.599210178315326
2025-03-21 12:10:00+05:30,-0.46101595830692055,-0.38455834169822617,0.01811723726348254
2025-03-21 12:15:00+05:30,-0.3924756180889416,-0.3747426856768319,-0.2915789558403051
2025-03-21 12:20:00+05:30,-0.3728918100067684,-0.33549802801477857,1.3231292734328104
2025-03-21 12:25:00+05:30,-0.36310289403528684,-0.2668123910963874,-0.12675181462307944
2025-03-21 12:30:00+05:30,-0.27497874573513464,-0.1686917637294922,1.3606346729868692
2025-03-21 12:35:00+05:30,-0.19664948954567418,-0.11963145004604463,1.6973829693517246
2025-03-21 12:40:00+05:30,-0.12810914932768408,-0.11963145004604463,0.8235792855105243
2025-03-21 12:45:00+05:30,-0.12810914932768408,-0.19812675417799624,0.6157829707789145
2025-03-21 12:50:00+05:30,-0.19664948954567418,-0.3060630375662634,0.835287372568364
2025-03-21 12:55:00+05:30,-0.31414636189947,-0.2766220583099367,0.7481041150169899
2025-03-21 13:00:00+05:30,-0.21623329762783627,-0.34530769522833904,0.6734490046296165
2025-03-21 13:05:00+05:30,-0.34351908595312475,-0.33549802801477857,0.6799897249944182
2025-03-21 13:10:00+05:30,-0.3337301699816321,-0.4924886362786818,0.9439107557868373
2025-03-21 13:15:00+05:30,-0.4903886823605753,-0.5611742731970729,0.8062987418276873
2025-03-21 13:20:00+05:30,-0.5589290225785543,-0.590609263645577,0.5215007591760148
2025-03-21 13:25:00+05:30,-0.5980966387428673,-0.6102345868805206,0.6893512545195686
2025-03-21 13:30:00+05:30,-0.6078855547143711,-0.6789202237989117,0.9867070250619706
2025-03-21 13:35:00+05:30,-0.6666310028216695,-0.6985455470338442,0.6551606762380036
2025-03-21 13:40:00+05:30,-0.696009703014501,-0.6298599101154642,0.19200950073857143
2025-03-21 13:45:00+05:30,-0.6372582787680259,-0.7279805374823594,0.06272653099018859
2025-03-21 13:50:00+05:30,-0.7351713430396596,-0.7868505183793674,0.5063148268486731
2025-03-21 13:55:00+05:30,-0.7841278751754764,-0.806475841614311,0.698352155202853
2025-03-21 14:00:00+05:30,-0.7939227672861348,-0.6887298910124722,0.5880194900763577
2025-03-21 14:05:00+05:30,-0.7057986189860048,-0.6691045677775175,0.21909124472636796
2025-03-21 14:10:00+05:30,-0.6764258949323501,-0.7377902046959197,0.18027671307512438
2025-03-21 14:15:00+05:30,-0.7449662351503179,-0.6887298910124722,0.3796748219002668
2025-03-21 14:20:00+05:30,-0.6862148109038427,-0.6789202237989117,0.4786205078418167
2025-03-21 14:25:00+05:30,-0.6764258949323501,-0.6691045677775175,0.4479719964043323
2025-03-21 14:30:00+05:30,-0.6666310028216695,-0.7083552142474158,0.1132540898203934
2025-03-21 14:35:00+05:30,-0.7155875349574864,-0.7083552142474158,0.8632780988425076
2025-03-21 14:40:00+05:30,-0.7253824270681669,-0.7279805374823594,0.6336118679062326
2025-03-21 14:45:00+05:30,-0.7449662351503179,-0.7574155279308633,0.523506448351324
2025-03-21 14:50:00+05:30,-0.7449662351503179,-0.7574155279308633,0.41617243674554966
2025-03-21 14:55:00+05:30,-0.7547551511218217,-0.7476058607172917,0.3105575872900404
2025-03-21 15:00:00+05:30,-0.7547551511218217,-0.33549802801477857,7.073395677954378
2025-03-21 15:05:00+05:30,-0.3337301699816321,-0.11963145004604463,3.62482556621832
2025-03-21 15:10:00+05:30,-0.11832023335620254,0.02754949100429816,5.3897233578258
2025-03-21 15:15:00+05:30,0.018760447079766488,0.08641947190131735,6.056180277957443
2025-03-21 15:20:00+05:30,0.048133171133410126,0.2434160689730321,6.065289861305399
2025-03-21 15:25:00+05:30,0.24395929967667757,0.12567011837119335,5.695487214516913
2025-03-24 09:15:00+05:30,0.2929158318124944,0.26304139220798683,-0.889047084510879
2025-03-24 09:20:00+05:30,0.22437549159451547,0.40040667723693535,0.2604351183917946
2025-03-24 09:25:00+05:30,0.39082889608412813,0.4200320004718789,0.36620311160206886
2025-03-24 09:30:00+05:30,0.4006178120556208,0.14529544160613692,0.05837428428218991
2025-03-24 09:35:00+05:30,0.18520787543020242,0.19435575528958451,-0.2126506406828762
2025-03-24 09:40:00+05:30,0.21458657562303393,0.3905970100233749,-0.04241406683766133
2025-03-24 09:45:00+05:30,0.39082889608412813,0.40040667723693535,-0.265771763101843
2025-03-24 09:50:00+05:30,0.4104127041663014,0.35134636355348775,-0.12478070629562034
2025-03-24 09:55:00+05:30,0.38103400397346987,0.4887176373902701,-0.24597669776818729
2025-03-24 10:00:00+05:30,0.44957434419143766,0.4200320004718789,5.641047079758518
2025-03-24 10:05:00+05:30,0.4202016201377829,0.36116201957488203,-0.46334696723316987
2025-03-24 10:10:00+05:30,0.3418723639483113,0.26304139220798683,-0.3737973916646205
2025-03-24 10:15:00+05:30,0.27333202373033233,0.25322573618659255,-0.17643461274151606
2025-03-24 10:20:00+05:30,0.24395929967667757,0.25322573618659255,-0.4894703277234048
2025-03-24 10:25:00+05:30,0.22437549159451547,0.19435575528958451,0.354198617276942
2025-03-24 10:30:00+05:30,0.1950027675408607,0.22379074573808855,-0.504750122352054
2025-03-24 10:35:00+05:30,0.20479168351235338,0.21398107852453924,-0.48709412946398667
2025-03-24 10:40:00+05:30,0.20479168351235338,0.27285105942153615,-0.37356026585079083
2025-03-24 10:45:00+05:30,0.27333202373033233,0.22379074573808855,-0.5300484826150065
2025-03-24 10:50:00+05:30,0.21458657562303393,0.19435575528958451,-0.3024274618230123
2025-03-24 10:55:00+05:30,0.1950027675408607,0.22379074573808855,-0.20588761486760926
2025-03-24 11:00:00+05:30,0.25374821564817024,0.40040667723693535,0.5414094472954638
2025-03-24 11:05:00+05:30,0.39082889608412813,0.5377779510737176,0.5995546728949467
2025-03-24 11:10:00+05:30,0.5376984924915788,0.5083429606252248,0.7020572460439416
2025-03-24 11:15:00+05:30,0.5181146844094167,0.45928264694177723,-0.22643357861172558
2025-03-24 11:20:00+05:30,0.48874196035576184,0.5966479319707257,0.9138698792472914
2025-03-24 11:25:00+05:30,0.5964439405988883,0.6751432361026884,-0.31603255539148944
2025-03-24 11:30:00+05:30,0.7041518969812025,0.6947685593376209,-0.3722313732691204
2025-03-24 11:35:00+05:30,0.694357004870522,0.6555239016755676,-0.3334119014967554
2025-03-24 11:40:00+05:30,0.6258166646525541,0.6751432361026884,-0.421815368965128
2025-03-24 11:45:00+05:30,0.6649842808168672,0.6947685593376209,-0.39714934420572123
2025-03-24 11:50:00+05:30,0.7041518969812025,0.7830795194909557,-0.3322163921853642
2025-03-24 11:55:00+05:30,0.7628973450885009,1.0087557646732501,0.6667502003889285
2025-03-24 12:00:00+05:30,0.9978910897961036,1.1461270385100435,0.2620455978773878
2025-03-24 12:05:00+05:30,1.1349657940928737,1.0480064111431484,-0.15389778018545483
2025-03-24 12:10:00+05:30,1.0468476219319205,1.0872510688052017,-0.10573653937242523
2025-03-24 12:15:00+05:30,1.0566365379034022,1.1068763920401452,-0.4816846968359974
2025-03-24 12:20:00+05:30,1.0958041540677375,1.1461270385100435,-0.3077232716652082
2025-03-24 12:25:00+05:30,1.1545496021750359,1.0578160783566977,-0.39623048167713126
2025-03-24 12:30:00+05:30,1.086009261957057,1.097066724826596,-0.49977048026163096
2025-03-24 12:35:00+05:30,1.0958041540677375,1.0578160783566977,-0.39911057229093744
2025-03-24 12:40:00+05:30,1.0566365379034022,1.0283810879081936,-0.41897479932029347
2025-03-24 12:45:00+05:30,1.0468476219319205,1.0087557646732501,-0.34423076675273395
2025-03-24 12:50:00+05:30,1.0076800057675852,0.9989460974597008,-0.5030309602017888
2025-03-24 12:55:00+05:30,1.0076800057675852,0.9400701277548589,-0.44962825087889935
2025-03-24 13:00:00+05:30,0.9293507495781136,0.9400701277548589,-0.5145809633837423
2025-03-24 13:05:00+05:30,0.9391396655496063,0.8812001468578509,-0.17728431357440572
2025-03-24 13:10:00+05:30,0.8999780255244699,1.0087557646732501,-0.3125744706064735
2025-03-24 13:15:00+05:30,0.9978910897961036,1.0578160783566977,-0.49690521001118915
2025-03-24 13:20:00+05:30,1.0566365379034022,1.097066724826596,-0.4689589448271386
2025-03-24 13:25:00+05:30,1.105593070039219,1.1068763920401452,-0.43449665988389374
2025-03-24 13:30:00+05:30,1.0958041540677375,1.097066724826596,-0.43099905412990613
2025-03-24 13:35:00+05:30,1.0958041540677375,1.1068763920401452,-0.5212303664132157
2025-03-24 13:40:00+05:30,1.1153819860107228,1.0578160783566977,-0.38620203580058493
2025-03-24 13:45:00+05:30,1.0272638138497474,0.8910098140714112,0.4221697437869917
2025-03-24 13:50:00+05:30,0.9097669414959515,0.9106351373063548,-0.24664361411958322
2025-03-24 13:55:00+05:30,0.9097669414959515,0.9302604605412984,-0.1651513761001211
2025-03-24 14:00:00+05:30,0.9293507495781136,1.0480064111431484,0.07422219283980597
2025-03-24 14:05:00+05:30,1.0566365379034022,1.0087557646732501,-0.26907670413209395
2025-03-24 14:10:00+05:30,1.017468921739089,1.1068763920401452,-0.35331564949508304
2025-03-24 14:15:00+05:30,1.105593070039219,1.1068763920401452,0.01122576829905785
2025-03-24 14:20:00+05:30,1.105593070039219,1.0872510688052017,-0.2553925686256736
2025-03-24 14:25:00+05:30,1.0958041540677375,1.1068763920401452,-0.15665930789234617
2025-03-24 14:30:00+05:30,1.0958041540677375,1.0578160783566977,-0.23633852146023562
2025-03-24 14:35:00+05:30,1.03705272982124,0.9302604605412984,-0.1741868576312557
2025-03-24 14:40:00+05:30,0.9195558574674553,0.9989460974597008,-0.17541694779049707
2025-03-24 14:45:00+05:30,0.9978910897961036,1.0087557646732501,-0.3078714752988517
2025-03-24 14:50:00+05:30,0.9978910897961036,1.3521779604573831,3.4586201312082094
2025-03-24 14:55:00+05:30,1.3503757307183033,1.1657463729371644,0.25553451823931483
2025-03-24 15:00:00+05:30,1.1643385181465395,1.097066724826596,0.16673584108122613
2025-03-24 15:05:00+05:30,1.0762203459855642,1.0676257455702691,-0.11229702022171269
2025-03-24 15:10:00+05:30,1.0664254538749058,0.9793207742247461,0.2446860122566076
2025-03-24 15:15:00+05:30,0.9783072817139304,0.9793207742247461,-0.041939815210002
2025-03-24 15:20:00+05:30,0.9783072817139304,0.9989460974597008,0.8221466503853034
2025-03-24 15:25:00+05:30,0.9978910897961036,0.9596954509898025,4.584933166051276
2025-03-25 09:15:00+05:30,1.2916302826110049,1.1755620289585365,-0.889047084510879
2025-03-25 09:20:00+05:30,1.1349657940928737,0.8910098140714112,0.46573173183595
2025-03-25 09:25:00+05:30,0.8020649612528362,1.0087557646732501,1.0462305444543385
2025-03-25 09:30:00+05:30,0.9587234736317684,1.0578160783566977,1.1884418111775596
2025-03-25 09:35:00+05:30,1.0272638138497474,1.097066724826596,0.129502148188847
2025-03-25 09:40:00+05:30,1.105593070039219,1.0480064111431484,0.09535109087625356
2025-03-25 09:45:00+05:30,1.0272638138497474,1.126501715275089,0.3631698772334977
2025-03-25 09:50:00+05:30,1.1643385181465395,1.5091685687212977,1.518832171659107
2025-03-25 09:55:00+05:30,1.5266180511794085,1.6661651657930123,1.036508386087322
2025-03-25 10:00:00+05:30,1.6734876475868592,1.6661651657930123,1.634075317180325
2025-03-25 10:05:00+05:30,1.6636987316153664,1.597479528874621,1.880700983926543
2025-03-25 10:10:00+05:30,1.5951583913973875,1.6661651657930123,1.2013552877890334
2025-03-25 10:15:00+05:30,1.6343260075617227,1.6465398425580688,1.6630392473153945
2025-03-25 10:20:00+05:30,1.6441149235332044,1.6759748330065727,-0.23298911933989158
2025-03-25 10:25:00+05:30,1.6734876475868592,1.6956001562415164,0.7854613109374053
2025-03-25 10:30:00+05:30,1.6930714556690212,1.6661651657930123,-0.1911265329567125
2025-03-25 10:35:00+05:30,1.6441149235332044,1.3325526372224397,2.1048985007813714
2025-03-25 10:40:00+05:30,1.379748454771958,1.597479528874621,0.1396540970934296
2025-03-25 10:45:00+05:30,1.5951583913973875,1.4306732645893347,-0.3234526173159094
2025-03-25 10:50:00+05:30,1.39933226285412,1.1068763920401452,-0.24106127725234314
2025-03-25 10:55:00+05:30,1.105593070039219,1.0774414015916411,0.06408506429858772
2025-03-25 11:00:00+05:30,1.0664254538749058,1.0283810879081936,-0.3062412353287728
2025-03-25 11:05:00+05:30,1.0566365379034022,0.8910098140714112,1.097138492610895
2025-03-25 11:10:00+05:30,0.8705993253316384,1.038190755121754,-0.29077371609750846
2025-03-25 11:15:00+05:30,1.0468476219319205,1.1068763920401452,-0.4608176252189867
2025-03-25 11:20:00+05:30,1.105593070039219,0.9106351373063548,0.18589857091133608
2025-03-25 11:25:00+05:30,0.9097669414959515,0.8027048427259104,-0.19368057557650287
2025-03-25 11:30:00+05:30,0.8118538772243178,0.851765156409358,-0.43770279849171567
2025-03-25 11:35:00+05:30,0.8510214933886531,0.7536445290424628,-0.5184540183429601
2025-03-25 11:40:00+05:30,0.7922700691421557,0.9008254700928056,-0.4674769084907032
2025-03-25 11:45:00+05:30,0.8999780255244699,0.851765156409358,-0.485893680031474
2025-03-25 11:50:00+05:30,0.8510214933886531,0.8615748236229073,-0.04073442565636786
2025-03-25 11:55:00+05:30,0.8999780255244699,0.9008254700928056,2.6007977391949044
2025-03-25 12:00:00+05:30,0.9097669414959515,0.9498857837762531,-0.18198236876090598
2025-03-25 12:05:00+05:30,0.9685123896032721,0.9204448045199265,-0.20065602659999224
2025-03-25 12:10:00+05:30,0.9489345576602868,0.8125145099394596,-0.43193273702186047
2025-03-25 12:15:00+05:30,0.782481153170663,0.7242035497861361,-0.4228478542795114
2025-03-25 12:20:00+05:30,0.7237297289241879,0.7634541962560121,-0.5610625630154783
2025-03-25 12:25:00+05:30,0.7628973450885009,0.8223241771530313,-0.42660234633181443
2025-03-25 12:30:00+05:30,0.8314376853064799,0.8713844908364788,-0.47561328797773367
2025-03-25 12:35:00+05:30,0.8705993253316384,0.8812001468578509,-0.5278896496849322
2025-03-25 12:40:00+05:30,0.8608104093601346,0.8615748236229073,-0.4255748011385525
2025-03-25 12:45:00+05:30,0.8705993253316384,0.9106351373063548,-0.4818279603485195
2025-03-25 12:50:00+05:30,0.9195558574674553,0.8223241771530313,0.31196058168853263
2025-03-25 12:55:00+05:30,0.8510214933886531,0.8419495003879637,-0.3962700026461029
2025-03-25 13:00:00+05:30,0.8608104093601346,0.8321398331744032,-0.22088582259233566
2025-03-25 13:05:00+05:30,0.8608104093601346,0.851765156409358,-0.16251335142126605
2025-03-25 13:10:00+05:30,0.8510214933886531,0.851765156409358,-0.3358622015729953
2025-03-25 13:15:00+05:30,0.8216427931958216,0.9302604605412984,0.3828266191757528
2025-03-25 13:20:00+05:30,0.8999780255244699,1.0087557646732501,0.16181548044426056
2025-03-25 13:25:00+05:30,1.03705272982124,0.9989460974597008,0.22177373049531607
2025-03-25 13:30:00+05:30,1.017468921739089,1.0480064111431484,0.3884040159218714
2025-03-25 13:35:00+05:30,1.0468476219319205,1.1363113824886493,0.22985082852888908
2025-03-25 13:40:00+05:30,1.1447606862035542,1.1853716961720968,0.3165054931202679
2025-03-25 13:45:00+05:30,1.1937172183393712,1.2442476658769388,-0.09852890265622766
2025-03-25 13:50:00+05:30,1.2328788583645074,1.2834923235389921,0.8880676266299508
2025-03-25 13:55:00+05:30,1.2916302826110049,1.126501715275089,0.04515946028230745
2025-03-25 14:00:00+05:30,1.1545496021750359,1.038190755121754,-0.03588816683622405
2025-03-25 14:05:00+05:30,1.03705272982124,1.0480064111431484,-0.3686497854560682
2025-03-25 14:10:00+05:30,1.0566365379034022,1.0676257455702691,-0.3061720736330725
2025-03-25 14:15:00+05:30,1.0958041540677375,0.9106351373063548,0.24045232845552375
2025-03-25 14:20:00+05:30,0.8901831334137894,0.8419495003879637,0.3745272156917145
2025-03-25 14:25:00+05:30,0.8608104093601346,0.8223241771530313,0.3430290034213404
2025-03-25 14:30:00+05:30,0.8216427931958216,0.8027048427259104,0.33765415164120127
2025-03-25 14:35:00+05:30,0.8314376853064799,0.7928891867045161,1.0835828002536323
2025-03-25 14:40:00+05:30,0.7922700691421557,0.7143938825725644,0.3234661237803929
2025-03-25 14:45:00+05:30,0.7139408129526841,0.60646358799212,1.2081430142099077
2025-03-25 14:50:00+05:30,0.5964439405988883,0.5868382647571653,0.7276124926052095
2025-03-25 14:55:00+05:30,0.6062388327095688,0.6947685593376209,3.652203717473404
2025-03-25 15:00:00+05:30,0.6845680888990293,0.7732638634695836,2.31551562467333
2025-03-25 15:05:00+05:30,0.7628973450885009,0.8713844908364788,2.3161380799346327
2025-03-25 15:10:00+05:30,0.8901831334137894,0.7634541962560121,1.7667768507447523
2025-03-25 15:15:00+05:30,0.782481153170663,0.8125145099394596,2.1320889274338395
2025-03-25 15:20:00+05:30,0.8020649612528362,0.8125145099394596,2.3223725127899044
2025-03-25 15:25:00+05:30,0.8216427931958216,0.6555239016755676,1.0426983578525006
2025-03-26 09:15:00+05:30,0.8901831334137894,0.7536445290424628,-0.889047084510879
2025-03-26 09:20:00+05:30,0.7433135370063388,0.6947685593376209,-0.39160158818633134
2025-03-26 09:25:00+05:30,0.694357004870522,0.5868382647571653,-0.10404701794888886
2025-03-26 09:30:00+05:30,0.6062388327095688,0.6653335688891169,-0.2198582773990738
2025-03-26 09:35:00+05:30,0.6649842808168672,0.6751432361026884,-0.5567004360652368
2025-03-26 09:40:00+05:30,0.6649842808168672,0.6751432361026884,-0.5743613690744255
2025-03-26 09:45:00+05:30,0.674773196788371,0.6457082456541733,-0.3715298760698743
2025-03-26 09:50:00+05:30,0.6454004727347051,0.5083429606252248,-0.3912211988599796
2025-03-26 09:55:00+05:30,0.5181146844094167,0.5868382647571653,-0.5484751343980202
2025-03-26 10:00:00+05:30,0.6454004727347051,0.60646358799212,-0.39879440453916454
2025-03-26 10:05:00+05:30,0.6062388327095688,0.6653335688891169,-0.639452404970669
2025-03-26 10:10:00+05:30,0.6649842808168672,0.7045842153590152,-0.4879981716292123
2025-03-26 10:15:00+05:30,0.6845680888990293,0.6162732552056693,-0.4826628408180448
2025-03-26 10:20:00+05:30,0.6258166646525541,0.49852730460383055,-0.5848838270631169
2025-03-26 10:25:00+05:30,0.5083257684379351,0.3807813540020029,-0.1860036273537674
2025-03-26 10:30:00+05:30,0.39082889608412813,0.49852730460383055,-0.5334670464310509
2025-03-26 10:35:00+05:30,0.5376984924915788,0.5475876182872781,-0.3463500787138366
2025-03-26 10:40:00+05:30,0.5474874084630714,0.4298416676854505,-0.5578613645287779
2025-03-26 10:45:00+05:30,0.439785428219945,0.5083429606252248,-0.6421546512241029
2025-03-26 10:50:00+05:30,0.4985308763272545,0.4789019813688981,-0.6453311491051962
2025-03-26 10:55:00+05:30,0.4789470682451036,0.5377779510737176,0.1257328357731796
2025-03-26 11:00:00+05:30,0.5083257684379351,0.45928264694177723,0.3812704810224956
2025-03-26 11:05:00+05:30,0.44957434419143766,0.49852730460383055,-0.5932523922428555
2025-03-26 11:10:00+05:30,0.4985308763272545,0.5377779510737176,-0.6472479161003193
2025-03-26 11:15:00+05:30,0.5279036003809204,0.5279622950523457,-0.7181485344353896
2025-03-26 11:20:00+05:30,0.5181146844094167,0.5770226087357933,-0.541381120467616
2025-03-26 11:25:00+05:30,0.5768601325167373,0.6555239016755676,-0.552753279289197
2025-03-26 11:30:00+05:30,0.6551953648453857,0.6751432361026884,-0.44332959644904885
2025-03-26 11:35:00+05:30,0.6845680888990293,0.6751432361026884,-0.5838414615064906
2025-03-26 11:40:00+05:30,0.6454004727347051,0.7536445290424628,-0.635129798989399
2025-03-26 11:45:00+05:30,0.7531084291170194,0.8713844908364788,0.7853229875460047
2025-03-26 11:50:00+05:30,0.8705993253316384,0.8419495003879637,3.7955808527812875
2025-03-26 11:55:00+05:30,0.8510214933886531,0.7045842153590152,1.2958993258113702
2025-03-26 12:00:00+05:30,0.7041518969812025,0.6947685593376209,-0.5580540292525145
2025-03-26 12:05:00+05:30,0.7041518969812025,0.7928891867045161,-0.5563398072233708
2025-03-26 12:10:00+05:30,0.7922700691421557,0.7143938825725644,-0.6817151411646856
2025-03-26 12:15:00+05:30,0.7139408129526841,0.7536445290424628,-0.5466621099464475
2025-03-26 12:20:00+05:30,0.7531084291170194,0.7242035497861361,-0.7029922428347768
2025-03-26 12:25:00+05:30,0.7237297289241879,0.7438288730210685,-0.6173107821043239
2025-03-26 12:30:00+05:30,0.7433135370063388,0.8125145099394596,-0.4838089489182215
2025-03-26 12:35:00+05:30,0.8118538772243178,0.8419495003879637,0.43649609503920067
2025-03-26 12:40:00+05:30,0.8412266012779726,0.7928891867045161,0.08037264363601294
2025-03-26 12:45:00+05:30,0.8118538772243178,0.7928891867045161,-0.4753070004682037
2025-03-26 12:50:00+05:30,0.8020649612528362,0.7242035497861361,-0.044948348972965894
2025-03-26 12:55:00+05:30,0.7335246210348462,0.6947685593376209,-0.6660006158773487
2025-03-26 13:00:00+05:30,0.694357004870522,0.49852730460383055,-0.4901125434691935
2025-03-26 13:05:00+05:30,0.4985308763272545,0.45928264694177723,-0.2953532083770939
2025-03-26 13:10:00+05:30,0.45936923630211823,0.45928264694177723,-0.015174238973978373
2025-03-26 13:15:00+05:30,0.45936923630211823,0.4298416676854505,-0.3434255270099374
2025-03-26 13:20:00+05:30,0.439785428219945,0.4396573237068225,-0.34111849044621956
2025-03-26 13:25:00+05:30,0.45936923630211823,0.49852730460383055,-0.30806414002258836
2025-03-26 13:30:00+05:30,0.5181146844094167,0.41022233325832963,-0.39277733701323675
2025-03-26 13:35:00+05:30,0.4202016201377829,0.4396573237068225,-0.2665868830868825
2025-03-26 13:40:00+05:30,0.439785428219945,0.4690923141553265,0.39137796883698517
2025-03-26 13:45:00+05:30,0.5083257684379351,0.5475876182872781,-0.1872337175130088
2025-03-26 13:50:00+05:30,0.6062388327095688,0.7438288730210685,0.6831761031177543
2025-03-26 13:55:00+05:30,0.7628973450885009,0.7732638634695836,-0.10041108880350064
2025-03-26 14:00:00+05:30,0.7726862610600047,0.8713844908364788,0.13687280890205247
2025-03-26 14:05:00+05:30,0.8510214933886531,0.8027048427259104,0.4473001399318149
2025-03-26 14:10:00+05:30,0.8020649612528362,0.8713844908364788,0.11967130715715875
2025-03-26 14:15:00+05:30,0.8705993253316384,0.9106351373063548,0.2885295872094887
2025-03-26 14:20:00+05:30,0.9097669414959515,0.9302604605412984,0.12219076892909896
2025-03-26 14:25:00+05:30,0.9293507495781136,0.9302604605412984,0.04738745490808202
2025-03-26 14:30:00+05:30,0.9293507495781136,0.8615748236229073,1.6022757575215425
2025-03-26 14:35:00+05:30,0.8608104093601346,0.7732638634695836,1.3409384100756425
2025-03-26 14:40:00+05:30,0.7922700691421557,0.8615748236229073,0.003800766253516413
2025-03-26 14:45:00+05:30,0.8608104093601346,0.7928891867045161,0.4093649498401897
2025-03-26 14:50:00+05:30,0.7922700691421557,0.7143938825725644,0.15884152752914682
2025-03-26 14:55:00+05:30,0.7139408129526841,0.6457082456541733,0.4292785780807602
2025-03-26 15:00:00+05:30,0.6258166646525541,0.4789019813688981,0.5806883503321238
2025-03-26 15:05:00+05:30,0.4789470682451036,0.3415366963399273,1.4818998261551366
2025-03-26 15:10:00+05:30,0.4202016201377829,0.32191137310498374,1.5725312882492837
2025-03-26 15:15:00+05:30,0.31249963989466767,0.21398107852453924,2.1094335319708635
2025-03-26 15:20:00+05:30,0.21458657562303393,0.18454009926821255,2.851973257493979
2025-03-26 15:25:00+05:30,0.1950027675408607,0.25322573618659255,0.8316366230596115
2025-03-27 09:15:00+05:30,0.4202016201377829,0.21398107852453924,-0.889047084510879
2025-03-27 09:20:00+05:30,0.11667351135140021,0.11586045115764405,0.17967401829830731
2025-03-27 09:25:00+05:30,0.0872948111585687,0.36116201957488203,-0.021374090981399866
2025-03-27 09:30:00+05:30,0.37124508800196604,0.3905970100233749,-0.1697259282585851
2025-03-27 09:35:00+05:30,0.35166127991980395,0.13547978558476495,-0.45190564671588845
2025-03-27 09:40:00+05:30,0.16563004348721708,0.3317210403185553,-0.6072329350165631
2025-03-27 09:45:00+05:30,0.3614561720304845,0.21398107852453924,-0.6424016572801754
2025-03-27 09:50:00+05:30,0.20479168351235338,0.40040667723693535,-0.6997811641058334
2025-03-27 09:55:00+05:30,0.38103400397346987,0.49852730460383055,-0.5983160163923432
2025-03-27 10:00:00+05:30,0.5083257684379351,0.5181526278387741,-0.3711643071068869
2025-03-27 10:05:00+05:30,0.5279036003809204,0.6162732552056693,-0.6212678191226064
2025-03-27 10:10:00+05:30,0.6062388327095688,0.5770226087357933,-0.5806106222930615
2025-03-27 10:15:00+05:30,0.5670712165452335,0.7143938825725644,0.09243147929347578
2025-03-27 10:20:00+05:30,0.674773196788371,0.6947685593376209,0.16240829497883472
2025-03-27 10:25:00+05:30,0.694357004870522,0.6751432361026884,-0.703980267059067
2025-03-27 10:30:00+05:30,0.6551953648453857,0.5966479319707257,-0.7099528734949018
2025-03-27 10:35:00+05:30,0.5768601325167373,0.4887176373902701,-0.775424298717497
2025-03-27 10:40:00+05:30,0.4789470682451036,0.49852730460383055,-0.7470433028747587
2025-03-27 10:45:00+05:30,0.4789470682451036,0.4200320004718789,-0.6843383454801762
2025-03-27 10:50:00+05:30,0.439785428219945,0.37097168678843134,-0.6817349016491714
2025-03-27 10:55:00+05:30,0.37124508800196604,0.3807813540020029,-0.7462973445854196
2025-03-27 11:00:00+05:30,0.4202016201377829,0.5083429606252248,-0.6522967198864426
2025-03-27 11:05:00+05:30,0.5083257684379351,0.5868382647571653,-0.42454725594529064
2025-03-27 11:10:00+05:30,0.5964439405988883,0.5868382647571653,-0.20698926187769293
2025-03-27 11:15:00+05:30,0.5866550246273956,0.5475876182872781,-0.6494067490303935
2025-03-27 11:20:00+05:30,0.5474874084630714,0.4887176373902701,-0.7382696477630611
2025-03-27 11:25:00+05:30,0.48874196035576184,0.6457082456541733,-0.5625149586251851
2025-03-27 11:30:00+05:30,0.6160277486810504,0.7928891867045161,0.7299541100167776
2025-03-27 11:35:00+05:30,0.8118538772243178,0.734019205807508,0.01869523143469235
2025-03-27 11:40:00+05:30,0.7237297289241879,0.8125145099394596,2.1378540487825735
2025-03-27 11:45:00+05:30,0.8118538772243178,0.7242035497861361,-0.019798192343656873
2025-03-27 11:50:00+05:30,0.7237297289241879,0.7536445290424628,-0.18892817905766662
2025-03-27 11:55:00+05:30,0.7531084291170194,0.7634541962560121,-0.42456701642977646
2025-03-27 12:00:00+05:30,0.7531084291170194,0.7830795194909557,-0.663846723068396
2025-03-27 12:05:00+05:30,0.782481153170663,0.8125145099394596,-0.2922606925550653
2025-03-27 12:10:00+05:30,0.8118538772243178,0.8027048427259104,-0.6403465668936517
2025-03-27 12:15:00+05:30,0.8020649612528362,0.8027048427259104,-0.6583137874123703
2025-03-27 12:20:00+05:30,0.8020649612528362,0.8027048427259104,0.2610822742587048
2025-03-27 12:25:00+05:30,0.8314376853064799,0.7732638634695836,-0.5941910152559313
2025-03-27 12:30:00+05:30,0.7726862610600047,0.6947685593376209,-0.5535338184263864
2025-03-27 12:35:00+05:30,0.694357004870522,0.6751432361026884,-0.6736281628888697
2025-03-27 12:40:00+05:30,0.6845680888990293,0.7143938825725644,-0.6040564371354697
2025-03-27 12:45:00+05:30,0.6845680888990293,0.8027048427259104,-0.42038767396102855
2025-03-27 12:50:00+05:30,0.782481153170663,0.8027048427259104,-0.30768869081735806
2025-03-27 12:55:00+05:30,0.8020649612528362,0.8027048427259104,0.06548311857595845
2025-03-27 13:00:00+05:30,0.8020649612528362,0.8125145099394596,0.31393169001599175
2025-03-27 13:05:00+05:30,0.8118538772243178,0.8125145099394596,0.243935113846147
2025-03-27 13:10:00+05:30,0.8020649612528362,0.8125145099394596,-0.19049913757428819
2025-03-27 13:15:00+05:30,0.8118538772243178,0.7536445290424628,1.0764591455964994
2025-03-27 13:20:00+05:30,0.7531084291170194,0.8027048427259104,0.013804511524455476
2025-03-27 13:25:00+05:30,0.7628973450885009,0.8125145099394596,-0.21948776831496492
2025-03-27 13:30:00+05:30,0.8118538772243178,0.8125145099394596,0.058394044766675715
2025-03-27 13:35:00+05:30,0.8216427931958216,0.7438288730210685,0.25159230158439666
2025-03-27 13:40:00+05:30,0.7628973450885009,0.7928891867045161,-0.00035881573074565665
2025-03-27 13:45:00+05:30,0.7922700691421557,0.7928891867045161,-0.21998178042711006
2025-03-27 13:50:00+05:30,0.7922700691421557,0.7830795194909557,-0.022396696053540305
2025-03-27 13:55:00+05:30,0.782481153170663,0.7242035497861361,-0.2730139806658907
2025-03-27 14:00:00+05:30,0.7531084291170194,0.7242035497861361,-0.13959612953885306
2025-03-27 14:05:00+05:30,0.7041518969812025,0.7438288730210685,-0.037152837843315606
2025-03-27 14:10:00+05:30,0.7335246210348462,0.7242035497861361,0.08045662569507762
2025-03-27 14:15:00+05:30,0.694357004870522,0.6849588921240605,-0.03270672883400935
2025-03-27 14:20:00+05:30,0.6845680888990293,0.6947685593376209,0.8518466585674691
2025-03-27 14:25:00+05:30,0.694357004870522,0.7045842153590152,-0.30678958877325385
2025-03-27 14:30:00+05:30,0.7139408129526841,0.6457082456541733,-0.16333341152742697
2025-03-27 14:35:00+05:30,0.6454004727347051,0.6457082456541733,-0.044992810063058955
2025-03-27 14:40:00+05:30,0.6551953648453857,0.6457082456541733,0.5738561628211566
2025-03-27 14:45:00+05:30,0.6454004727347051,0.6751432361026884,0.6980557479355659
2025-03-27 14:50:00+05:30,0.6551953648453857,0.6162732552056693,0.021950771253728817
2025-03-27 14:55:00+05:30,0.6160277486810504,0.5868382647571653,0.4931790447867339
2025-03-27 15:00:00+05:30,0.5768601325167373,0.6162732552056693,6.664319068250352
2025-03-27 15:05:00+05:30,0.6258166646525541,0.7928891867045161,7.632380263088844
2025-03-27 15:10:00+05:30,0.782481153170663,0.7536445290424628,8.272787924547075
2025-03-27 15:15:00+05:30,0.7628973450885009,0.7242035497861361,6.613915012448183
2025-03-27 15:20:00+05:30,0.7237297289241879,0.5574032743086724,5.309891000503146
2025-03-27 15:25:00+05:30,0.5474874084630714,0.7536445290424628,2.3442177283889625
2025-03-28 09:15:00+05:30,0.9880961976854231,0.851765156409358,-0.889047084510879
2025-03-28 09:20:00+05:30,0.8118538772243178,0.9106351373063548,2.1972935861158764
2025-03-28 09:25:00+05:30,0.9097669414959515,1.4797335782727825,1.4963694409198676
2025-03-28 09:30:00+05:30,1.4776615190435918,1.3816129509058872,0.13171532245125722
2025-03-28 09:35:00+05:30,1.3699595388004653,1.1853716961720968,-0.18424494423453072
2025-03-28 09:40:00+05:30,1.1741334102571979,1.7642857931599074,1.0047730480031183
2025-03-28 09:45:00+05:30,1.8791086682408071,1.5386095479776243,0.42968366801271923
2025-03-28 09:50:00+05:30,1.536412943290089,1.469923911059222,-0.27551368195334514
2025-03-28 09:55:00+05:30,1.4580777109614407,1.4110479413544024,-0.16349149540331342
2025-03-28 10:00:00+05:30,1.4189160709362822,1.46010825503785,-0.3350520217090773
2025-03-28 10:05:00+05:30,1.448288794989937,1.2834923235389921,-0.4910659868456336
2025-03-28 10:10:00+05:30,1.2622515824181733,1.2736826563254315,-0.49949383347882964
2025-03-28 10:15:00+05:30,1.2230899423930148,1.224622342641984,0.1381621805147513
2025-03-28 10:20:00+05:30,1.2230899423930148,1.2049970194070405,-0.6069414678703974
2025-03-28 10:25:00+05:30,1.2035061343108526,1.3718032836923268,-0.40815593406431494
2025-03-28 10:30:00+05:30,1.3405868147468216,1.5091685687212977,-0.17065467102941795
2025-03-28 10:35:00+05:30,1.4874564111542723,1.597479528874621,-0.09339117668991821
2025-03-28 10:40:00+05:30,1.5559907752330744,1.4895492342941767,-0.4630406797236399
2025-03-28 10:45:00+05:30,1.4874564111542723,1.6563495097716403,-0.2769611374419304
2025-03-28 10:50:00+05:30,1.653903839504708,1.5484192151911735,-0.514808208955329
2025-03-28 10:55:00+05:30,1.5266180511794085,1.52879389195623,-0.5031841039565539
2025-03-28 11:00:00+05:30,1.516829135207916,1.5189842247426695,0.3898613516526996
2025-03-28 11:05:00+05:30,1.5070342430972576,1.469923911059222,-0.17319389328584395
2025-03-28 11:10:00+05:30,1.4874564111542723,1.499358901507726,-0.2704895787728291
2025-03-28 11:15:00+05:30,1.4972453271257538,1.499358901507726,-0.21146501161372788
2025-03-28 11:20:00+05:30,1.5266180511794085,1.46010825503785,-0.5770981961757096
2025-03-28 11:25:00+05:30,1.4776615190435918,1.3619876276709548,-0.43587989379790015
2025-03-28 11:30:00+05:30,1.3503757307183033,1.3619876276709548,-0.5298953388602415
2025-03-28 11:35:00+05:30,1.360164646689807,1.3619876276709548,-0.6213863820295212
2025-03-28 11:40:00+05:30,1.3699595388004653,1.254057333090488,-0.6569157331349996
2025-03-28 11:45:00+05:30,1.1839223262286906,1.1657463729371644,-0.2556494549239891
2025-03-28 11:50:00+05:30,1.1643385181465395,1.126501715275089,-0.6070056894449762
2025-03-28 11:55:00+05:30,1.1349657940928737,1.0087557646732501,-0.4431270514830693
2025-03-28 12:00:00+05:30,1.0468476219319205,0.9989460974597008,-0.5906440082907293
2025-03-28 12:05:00+05:30,0.9685123896032721,1.0185654318868216,-0.6906962813634843
2025-03-28 12:10:00+05:30,1.0762203459855642,1.0578160783566977,0.33528289350290463
2025-03-28 12:15:00+05:30,1.0272638138497474,1.0774414015916411,-0.4515252573895367
2025-03-28 12:20:00+05:30,1.017468921739089,0.9498857837762531,-0.5047451822309325
2025-03-28 12:25:00+05:30,0.9685123896032721,0.9498857837762531,-0.6955376000625066
2025-03-28 12:30:00+05:30,0.9391396655496063,0.8321398331744032,-0.3987795841758002
2025-03-28 12:35:00+05:30,0.8216427931958216,0.8125145099394596,0.09389869526654684
2025-03-28 12:40:00+05:30,0.8118538772243178,0.7438288730210685,-0.21787728882937177
2025-03-28 12:45:00+05:30,0.7531084291170194,0.8125145099394596,-0.29560515455428793
2025-03-28 12:50:00+05:30,0.8412266012779726,0.8027048427259104,-0.55987693394633
2025-03-28 12:55:00+05:30,0.8020649612528362,0.8125145099394596,-0.20666815400479857
2025-03-28 13:00:00+05:30,0.7726862610600047,0.6457082456541733,-0.48826987829089213
2025-03-28 13:05:00+05:30,0.6356115567632125,0.734019205807508,-0.08422231188850444
2025-03-28 13:10:00+05:30,0.694357004870522,0.6947685593376209,-0.62699835962349
2025-03-28 13:15:00+05:30,0.7139408129526841,0.6849588921240605,-0.4922466757936605
2025-03-28 13:20:00+05:30,0.6845680888990293,0.7045842153590152,-0.6769578045247279
2025-03-28 13:25:00+05:30,0.674773196788371,0.6751432361026884,-0.6490708207941348
2025-03-28 13:30:00+05:30,0.694357004870522,0.734019205807508,-0.5887618221434563
2025-03-28 13:35:00+05:30,0.7335246210348462,0.7242035497861361,-0.67461618711316
2025-03-28 13:40:00+05:30,0.7237297289241879,0.7143938825725644,-0.6908197843915205
2025-03-28 13:45:00+05:30,0.7139408129526841,0.5966479319707257,-0.3728241878036946
2025-03-28 13:50:00+05:30,0.5670712165452335,0.5770226087357933,-0.449000855496475
2025-03-28 13:55:00+05:30,0.5768601325167373,0.5868382647571653,-0.24521591911548377
2025-03-28 14:00:00+05:30,0.5670712165452335,0.5181526278387741,0.03601529608650092
2025-03-28 14:05:00+05:30,0.5279036003809204,0.7536445290424628,0.15544272419758826
2025-03-28 14:10:00+05:30,0.7531084291170194,0.8027048427259104,0.329048460647633
2025-03-28 14:15:00+05:30,0.8020649612528362,0.7732638634695836,0.5526926839368588
2025-03-28 14:20:00+05:30,0.7922700691421557,0.8125145099394596,0.33422570758291403
2025-03-28 14:25:00+05:30,0.782481153170663,0.8223241771530313,1.0504049468019647
2025-03-28 14:30:00+05:30,0.8803942174422967,0.7634541962560121,0.4446868158585671
2025-03-28 14:35:00+05:30,0.7335246210348462,0.7242035497861361,0.32703783135120224
2025-03-28 14:40:00+05:30,0.7237297289241879,0.7732638634695836,0.411207615018491
2025-03-28 14:45:00+05:30,0.782481153170663,0.6947685593376209,0.08503611797466305
2025-03-28 14:50:00+05:30,0.694357004870522,0.7242035497861361,0.44830792464059094
2025-03-28 14:55:00+05:30,0.7335246210348462,0.7732638634695836,0.2800720998495639
2025-03-28 15:00:00+05:30,0.7726862610600047,0.7242035497861361,0.890181998469932
2025-03-28 15:05:00+05:30,0.7335246210348462,0.8615748236229073,0.9607121077208934
2025-03-28 15:10:00+05:30,0.8020649612528362,0.8125145099394596,1.4926100087464431
2025-03-28 15:15:00+05:30,0.8118538772243178,0.6653335688891169,0.7460095036614945
2025-03-28 15:20:00+05:30,0.6649842808168672,0.7830795194909557,1.476312549166775
2025-03-28 15:25:00+05:30,0.7041518969812025,0.7634541962560121,1.3912831844243536
