Datetime,Open,Close,Volume
2025-03-03 09:15:00+05:30,-1.2116148282627992,-1.2745057258383772,-0.40096674268477983
2025-03-03 09:20:00+05:30,-1.2728862856683671,-1.253033062759218,-0.1434980358973997
2025-03-03 09:25:00+05:30,-1.256128465994833,-1.232083374681508,-0.26532567987962874
2025-03-03 09:30:00+05:30,-1.2309910972146885,-1.1990873602256156,-0.25227003235729406
2025-03-03 09:35:00+05:30,-1.1990467831425726,-1.2017060712353294,-0.24167858769030476
2025-03-03 09:40:00+05:30,-1.1927627605824558,-1.2043247822450431,-0.2783755428882185
2025-03-03 09:45:00+05:30,-1.200093907145975,-1.2310361460111174,-0.2171985255217091
2025-03-03 09:50:00+05:30,-1.225231275926122,-1.2561747487703812,-0.3027399147819153
2025-03-03 09:55:00+05:30,-1.2524628927130734,-1.2535560377606674,-0.24805312183723113
2025-03-03 10:00:00+05:30,-1.2514157687096712,-1.2760772081777025,-0.2502570215740541
2025-03-03 10:05:00+05:30,-1.2770760602216724,-1.2970268962554123,-0.2249324203986969
2025-03-03 10:10:00+05:30,-1.2954052051701568,-1.2572232561082548,-0.29103784347589706
2025-03-03 10:15:00+05:30,-1.255605543262974,-1.2090379505955338,-0.23259111659700046
2025-03-03 10:20:00+05:30,-1.2105677042593948,-1.2535560377606674,-0.2714630489630125
2025-03-03 10:25:00+05:30,-1.2550813419914284,-1.235749314361608,-0.2910262744484072
2025-03-03 10:30:00+05:30,-1.2330866237611868,-1.2441297010596861,-0.2566142021797457
2025-03-03 10:35:00+05:30,-1.2419890955996538,-1.2116566616052475,-0.3367065794922163
2025-03-03 10:40:00+05:30,-1.2053308057026848,-1.2341778320222827,-0.3336060801249272
2025-03-03 10:45:00+05:30,-1.2268026012010698,-1.200134588896004,-0.29147168200676776
2025-03-03 10:50:00+05:30,-1.1995697058744292,-1.183375094167333,-0.25882967094405857
2025-03-03 10:55:00+05:30,-1.1843832114758455,-1.1954214205455158,-0.2747660063113745
2025-03-03 11:00:00+05:30,-1.1922385593109102,-1.2079907219251453,-0.26698583532442716
2025-03-03 11:05:00+05:30,-1.2069021309776375,-1.1938499382061882,-0.29119980986075544
2025-03-03 11:10:00+05:30,-1.188572986029153,-1.1613781774192373,-0.23790130021485745
2025-03-03 11:15:00+05:30,-1.159770043967249,-1.1964686492159018,-0.2320184497362512
2025-03-03 11:20:00+05:30,-1.1948570085892651,-1.2116566616052475,-0.22256655427701552
2025-03-03 11:25:00+05:30,-1.2079492549810398,-1.1666155994386647,-0.2676915460013101
2025-03-03 11:30:00+05:30,-1.1650069425239586,-1.1561407553998098,-0.29749914532899757
2025-03-03 11:35:00+05:30,-1.156104470685487,-1.1624254060896233,-0.2623524398147284
2025-03-03 11:40:00+05:30,-1.1608171679706512,-1.144618682690564,-0.2575339398651915
2025-03-03 11:45:00+05:30,-1.1461535963039262,-1.1414757180119133,-0.26075591402112436
2025-03-03 11:50:00+05:30,-1.1398695737438118,-1.1451416576920155,-0.28221067550111517
2025-03-03 11:55:00+05:30,-1.1414408990187643,-1.144094429021627,-0.25841897046816764
2025-03-03 12:00:00+05:30,-1.1403937750153574,-1.1488075973721177,-0.27217454415364034
2025-03-03 12:05:00+05:30,-1.1430122242937124,-1.144618682690564,-0.25936184620859326
2025-03-03 12:10:00+05:30,-1.1409166977472163,-1.121573258604592,-0.05279686037670503
2025-03-03 12:15:00+05:30,-1.1183977782454266,-1.1179073189244897,0.31557254392870815
2025-03-03 12:20:00+05:30,-1.1115908329534532,-1.1194788012638175,0.021748168254365915
2025-03-03 12:25:00+05:30,-1.1147322049636672,-1.0980048595171683,-0.2362932053937635
2025-03-03 12:30:00+05:30,-1.0964030600151826,-1.0676275560709918,-0.1523772644958861
2025-03-03 12:35:00+05:30,-1.0655058699464717,-1.0822925934588858,-0.22296568572541653
2025-03-03 12:40:00+05:30,-1.0723140937781295,-1.0534867723520347,-0.2218666281138775
2025-03-03 12:45:00+05:30,-1.0461296009945802,-1.0189205542243045,-0.22232360469972795
2025-03-03 12:50:00+05:30,-1.017326658932676,-1.0388217349641407,-0.24656650180478096
2025-03-03 12:55:00+05:30,-1.02727625477455,-1.0728649780904194,-0.24266773954068988
2025-03-03 13:00:00+05:30,-1.071265691235038,-1.0524395436816463,-0.2873704617616037
2025-03-03 13:05:00+05:30,-1.05136649955129,-1.0576769657010736,-0.27805739463224666
2025-03-03 13:10:00+05:30,-1.0560791968364542,-1.0707705207496425,-0.28171320731905014
2025-03-03 13:15:00+05:30,-1.0676001179532786,-1.085958533138988,-0.19471990510886347
2025-03-03 13:20:00+05:30,-1.0854063401699041,-1.079673882449172,-0.2599692201518122
2025-03-03 13:25:00+05:30,-1.0796452403416485,-1.0953861485074545,-0.23963665433834014
2025-03-03 13:30:00+05:30,-1.0948317347402323,-1.0885772441487018,-0.15520010720341793
2025-03-03 13:35:00+05:30,-1.0848821388983583,-1.0770551714394583,-0.2699937824717971
2025-03-03 13:40:00+05:30,-1.0754554657883433,-1.0592484480404014,-0.2720183622825269
2025-03-03 13:45:00+05:30,-1.0592218473863548,-1.0524395436816463,-0.26278049383185415
2025-03-03 13:50:00+05:30,-1.0508422982797443,-1.0472021216622187,-0.25550936005446173
2025-03-03 13:55:00+05:30,-1.0456053997230346,-1.0849113044685996,-0.23669812135590945
2025-03-03 14:00:00+05:30,-1.0827878908915491,-1.0754836891001331,-0.2519171770188526
2025-03-03 14:05:00+05:30,-1.073884140513393,-1.1027193065351442,-0.24095552347218696
2025-03-03 14:10:00+05:30,-1.1000686332969423,-1.0781024001098467,-0.24353541660243122
2025-03-03 14:15:00+05:30,-1.0723140937781295,-1.0744364604297445,-0.25593741407158743
2025-03-03 14:20:00+05:30,-1.0723140937781295,-1.07234200308897,-0.2060459830214604
2025-03-03 14:25:00+05:30,-1.071265691235038,-1.0665803274006034,-0.22700906083313116
2025-03-03 14:30:00+05:30,-1.0655058699464717,-1.073389231759356,-0.2344710835641067
2025-03-03 14:35:00+05:30,-1.0717898925065839,-1.0896257514865755,-0.2163250639462228
2025-03-03 14:40:00+05:30,-1.0843579376268127,-1.0744364604297445,-0.24379571972095362
2025-03-03 14:45:00+05:30,-1.0775509923348392,-1.0891014978176385,0.17701608619610615
2025-03-03 14:50:00+05:30,-1.0817394883484577,-1.073389231759356,-0.24324040640143915
2025-03-03 14:55:00+05:30,-1.071265691235038,-1.073913485428293,-0.23799385243477653
2025-03-03 15:00:00+05:30,-1.0723140937781295,-1.0817696184574341,-0.0755126458530933
2025-03-03 15:05:00+05:30,-1.0785981163382463,-1.0838640757982112,-0.10083146251470558
2025-03-03 15:10:00+05:30,-1.0822636896200035,-1.090148726488027,-0.03959660001074679
2025-03-03 15:15:00+05:30,-1.088547712180118,-1.094338919837066,0.12984916111984693
2025-03-03 15:20:00+05:30,-1.0990215092935376,-1.1509033333803822,0.1358824089558217
2025-03-03 15:25:00+05:30,-1.1498191695856859,-1.1001005955254304,0.10337922622299113
2025-03-04 09:15:00+05:30,-1.2095205802559925,-1.2561747487703812,-0.40096674268477983
2025-03-04 09:20:00+05:30,-1.2514157687096712,-1.154569273060482,-0.12754434698884895
2025-03-04 09:25:00+05:30,-1.1477249215788765,-1.183375094167333,0.27204407799801766
2025-03-04 09:30:00+05:30,-1.1896201100325552,-1.1723759964595415,0.3096376328263974
2025-03-04 09:35:00+05:30,-1.1655298652558153,-1.1325723563123862,-0.19653624242477533
2025-03-04 09:40:00+05:30,-1.1346326751871019,-1.1587594664095235,-0.2664710136011273
2025-03-04 09:45:00+05:30,-1.1576745174207506,-1.1624254060896233,-0.2903726243952287
2025-03-04 09:50:00+05:30,-1.1602929666991055,-1.156663730401259,-0.3149105317012738
2025-03-04 09:55:00+05:30,-1.1566273934173459,-1.144094429021627,-0.2706300789837408
2025-03-04 10:00:00+05:30,-1.1430122242937124,-1.1556165017308706,-0.2286692162779296
2025-03-04 10:05:00+05:30,-1.154008944138991,-1.206943493254757,-0.26440015768043795
2025-03-04 10:10:00+05:30,-1.2063779297060895,-1.2053720109154316,-0.2460111884852665
2025-03-04 10:15:00+05:30,-1.2037594804277345,-1.2053720109154316,-0.22363090480608488
2025-03-04 10:20:00+05:30,-1.2037594804277345,-1.195944395546965,-0.22503654164610587
2025-03-04 10:25:00+05:30,-1.1943328073177195,-1.1975158778862904,-0.2534037970513027
2025-03-04 10:30:00+05:30,-1.1780991889157333,-1.1770904434775196,-0.21618045110259926
2025-03-04 10:35:00+05:30,-1.1754807396373783,-1.1807563831576195,-0.26620492596886
2025-03-04 10:40:00+05:30,-1.1833360874724432,-1.1922784558668629,-0.16210681661487897
2025-03-04 10:45:00+05:30,-1.190144311304101,-1.184946576506661,-0.20181750347390762
2025-03-04 10:50:00+05:30,-1.1838590102042998,-1.1791849008182942,-0.2638043527647089
2025-03-04 10:55:00+05:30,-1.1775749876441852,-1.1351910673220997,-0.1761805385563235
2025-03-04 11:00:00+05:30,-1.1335855511836996,-1.1268106806240195,-0.1211582438144327
2025-03-04 11:05:00+05:30,-1.1241588780736822,-1.165044117099337,-0.2694616072072624
2025-03-04 11:10:00+05:30,-1.1634356172490061,-1.1687100567794393,0.36684068925013147
2025-03-04 11:15:00+05:30,-1.1665782677989067,-1.1571879840701957,-0.26716515525052037
2025-03-04 11:20:00+05:30,-1.1555802694139412,-1.1723759964595415,-0.29652156250610234
2025-03-04 11:25:00+05:30,-1.1707667638125252,-1.200134588896004,-0.2871101586430813
2025-03-04 11:30:00+05:30,-1.1953812098608108,-1.175518961138192,-0.2438188577759334
2025-03-04 11:35:00+05:30,-1.1801934369225402,-1.1922784558668629,-0.26213841280616557
2025-03-04 11:40:00+05:30,-1.1922385593109102,-1.2184655659640002,-0.1932737766726279
2025-03-04 11:45:00+05:30,-1.2210415013728144,-1.225274470322753,-0.1668732559407114
2025-03-04 11:50:00+05:30,-1.2236599506511694,-1.2100864579334074,-0.23858965735050558
2025-03-04 11:55:00+05:30,-1.2089963789844445,-1.1996116138945525,-0.25806611512972616
2025-03-04 12:00:00+05:30,-1.1979996591391657,-1.2027532999057178,-0.31220337926864083
2025-03-04 12:05:00+05:30,-1.1995697058744292,-1.2043247822450431,-0.22204594803997071
2025-03-04 12:10:00+05:30,-1.1990467831425726,-1.2341778320222827,-0.3019242983438784
2025-03-04 12:15:00+05:30,-1.2304681744828319,-1.231559121012569,-0.23029466464025838
2025-03-04 12:20:00+05:30,-1.2304681744828319,-1.2294646636717945,-0.29719256610051564
2025-03-04 12:25:00+05:30,-1.224184151922715,-1.2132281439445727,-0.31579556230425
2025-03-04 12:30:00+05:30,-1.2126619522662039,-1.2022303249042663,-0.2423148842022484
2025-03-04 12:35:00+05:30,-1.2042836816992826,-1.183375094167333,-0.26641316846367785
2025-03-04 12:40:00+05:30,-1.1822889634690361,-1.174994707469255,-0.29191130505138335
2025-03-04 12:45:00+05:30,-1.1728622903590236,-1.153522044390096,-0.09086474533217007
2025-03-04 12:50:00+05:30,-1.151914696132184,-1.1388570070021997,-0.27153246312795176
2025-03-04 12:55:00+05:30,-1.1304429006337966,-1.1519505620507684,-0.3051231344448315
2025-03-04 13:00:00+05:30,-1.1629114159774603,-1.1660913457697255,-0.2972272731829853
2025-03-04 13:05:00+05:30,-1.1608171679706512,-1.1529977907211568,-0.30893512900274844
2025-03-04 13:10:00+05:30,-1.1503433708572315,-1.1451416576920155,-0.2892330751874751
2025-03-04 13:15:00+05:30,-1.1435351470255712,-1.1388570070021997,-0.278925071693988
2025-03-04 13:20:00+05:30,-1.1372511244654568,-1.1419999716808502,-0.29412677381569624
2025-03-04 13:25:00+05:30,-1.139345372472266,-1.1388570070021997,-0.2903610553677388
2025-03-04 13:30:00+05:30,-1.1382982484688615,-1.1367625496614226,-0.29151217360298237
2025-03-04 13:35:00+05:30,-1.1293957766303921,-1.1378097783318135,-0.24707553901433588
2025-03-04 13:40:00+05:30,-1.1362040004620546,-1.1247162232832448,-0.23367282066730466
2025-03-04 13:45:00+05:30,-1.1273015286235828,-1.1210502836031402,-0.22504811067359576
2025-03-04 13:50:00+05:30,-1.119446180788518,-1.1179073189244897,-0.2565390035010614
2025-03-04 13:55:00+05:30,-1.11787485551357,-1.1310008739730584,-0.2523452310359783
2025-03-04 14:00:00+05:30,-1.1267773273520372,-1.1116226682346761,-0.019391293499663464
2025-03-04 14:05:00+05:30,-1.1100195076785053,-1.1058609925463094,-0.19824845849327824
2025-03-04 14:10:00+05:30,-1.0984985865616785,-1.104813763875921,-0.2167473334496036
2025-03-04 14:15:00+05:30,-1.1089723836750984,-1.1016707991972705,-0.20805899380470033
2025-03-04 14:20:00+05:30,-1.1011170358400335,-1.1001005955254304,-0.1687994990177772
2025-03-04 14:25:00+05:30,-1.0974501840185873,-1.1027193065351442,-0.14435414393165116
2025-03-04 14:30:00+05:30,-1.097974385290133,-1.1027193065351442,-0.1304250348338302
2025-03-04 14:35:00+05:30,-1.1011170358400335,-1.1063852462152486,0.23109550519757135
2025-03-04 14:40:00+05:30,-1.105305531853652,-1.1084797035560232,0.0028328083084047133
2025-03-04 14:45:00+05:30,-1.1074010584001504,-1.1273349342929586,0.03435840821834005
2025-03-04 14:50:00+05:30,-1.1314900246372013,-1.1289064166322815,-0.08864927656785718
2025-03-04 14:55:00+05:30,-1.1341084739155562,-1.1320481026434468,-0.09148368830287888
2025-03-04 15:00:00+05:30,-1.1330613499121516,-1.1729002501284782,0.18319973138944942
2025-03-04 15:05:00+05:30,-1.1718151663556164,-1.1812806368265563,0.19267476490366486
2025-03-04 15:10:00+05:30,-1.1796705141906814,-1.1990873602256156,0.3383808816250155
2025-03-04 15:15:00+05:30,-1.19747545786762,-1.1592824414109728,0.1349626712703759
2025-03-04 15:20:00+05:30,-1.1608171679706512,-1.1639968884289509,0.07939663223646051
2025-03-04 15:25:00+05:30,-1.162388493245604,-1.174994707469255,0.12603716656192998
2025-03-05 09:15:00+05:30,-1.2236599506511694,-1.277124436848091,-0.40096674268477983
2025-03-05 09:20:00+05:30,-1.2718391616649625,-1.1912312271964745,-0.10476493186126633
2025-03-05 09:25:00+05:30,-1.1917143580393645,-1.1461888863624041,-0.1777944178911624
2025-03-05 09:30:00+05:30,-1.1409166977472163,-1.123668994612854,-0.29839574495946364
2025-03-05 09:35:00+05:30,-1.119969103520377,-1.1121456432361254,-0.30241019749845355
2025-03-05 09:40:00+05:30,-1.110542430410362,-1.0629143877205012,-0.3039488781546082
2025-03-05 09:45:00+05:30,-1.0560791968364542,-0.9455966459523197,-0.005751410089089606
2025-03-05 09:50:00+05:30,-0.9424387538637903,-0.9649748516907067,-0.12293408953412997
2025-03-05 09:55:00+05:30,-0.9513412257022573,-0.930407354895489,-0.06683009072193496
2025-03-05 10:00:00+05:30,-0.9282993834686086,-0.9738782133902341,0.09165401686199316
2025-03-05 10:05:00+05:30,-0.9722888199290967,-0.9576416936630148,-0.1380085323534495
2025-03-05 10:10:00+05:30,-0.9518654269738029,-0.9874960221077396,-0.23100615983088627
2025-03-05 10:15:00+05:30,-0.9879995155992262,-0.9916849367892934,-0.2366344917047151
2025-03-05 10:20:00+05:30,-0.9900937636060355,-0.9890662257795797,-0.244160144086885
2025-03-05 10:25:00+05:30,-0.9859052675924169,-0.9796398890785983,-0.2626243119607407
2025-03-05 10:30:00+05:30,-0.9770015172142609,-0.963403369351379,-0.20525928915214828
2025-03-05 10:35:00+05:30,-0.961815022815677,-0.951881296642138,-0.1375689093088339
2025-03-05 10:40:00+05:30,-0.949769900427307,-0.9571187186615655,-0.20112336182451454
2025-03-05 10:45:00+05:30,-0.9560539229874214,-0.9539757539829126,0.25567390409983104
2025-03-05 10:50:00+05:30,-0.9523883497056619,-0.9272656688843236,-0.12462895206139805
2025-03-05 10:55:00+05:30,-0.925156732918708,-0.9319788372348142,-0.1114807523191443
2025-03-05 11:00:00+05:30,-0.9340592047571774,-0.9319788372348142,-0.1225407425994739
2025-03-05 11:05:00+05:30,-0.9335362820253185,-0.9414064526032832,-0.11160222710778808
2025-03-05 11:10:00+05:30,-0.9408674285888375,-0.8670353156609075,-0.029959600111672976
2025-03-05 11:15:00+05:30,-0.8628381515097355,-0.8743671950211119,0.7078724815969475
2025-03-05 11:20:00+05:30,-0.8691221740698524,-0.8256589145069394,0.030002669368398523
2025-03-05 11:25:00+05:30,-0.8219900870594637,-0.8078521911078824,0.02470405477803141
2025-03-05 11:30:00+05:30,-0.8062793913893342,-0.7680472722932371,0.3778659724479914
2025-03-05 11:35:00+05:30,-0.7727624735025769,-0.7413371871946481,0.02864330863833709
2025-03-05 11:40:00+05:30,-0.7397710354270541,-0.7670000436228487,-0.05261175593686688
2025-03-05 11:45:00+05:30,-0.757575979103993,-0.7455261018762019,0.016727210323756028
2025-03-05 11:50:00+05:30,-0.7439595314406727,-0.7596681642626443,-0.10894713529885958
2025-03-05 11:55:00+05:30,-0.757575979103993,-0.7198632454480014,-0.04144185989538337
2025-03-05 12:00:00+05:30,-0.7182992399286692,-0.7298138358179195,-0.1709918297271103
2025-03-05 12:05:00+05:30,-0.7282488357705431,-0.7554779709136076,-0.15322180350264766
2025-03-05 12:10:00+05:30,-0.748673507265526,-0.7643813326131349,-0.13984222321059622
2025-03-05 12:15:00+05:30,-0.7628128776607028,-0.7507635238956294,-0.14537800286450595
2025-03-05 12:20:00+05:30,-0.748673507265526,-0.7334810541655069,-0.14240476279960562
2025-03-05 12:25:00+05:30,-0.7319156875919894,-0.7324325468276333,-0.13144310925294003
2025-03-05 12:30:00+05:30,-0.7256303864921883,-0.7387184761849344,-0.23959616274212553
2025-03-05 12:35:00+05:30,-0.7371525861486993,-0.7340040291669585,-0.32282953101809975
2025-03-05 12:40:00+05:30,-0.7329628115953964,-0.8047092264292295,-0.03182799805128933
2025-03-05 12:45:00+05:30,-0.8036609421109794,-0.845037120245324,-0.22496712748116657
2025-03-05 12:50:00+05:30,-0.8418905572828962,-0.8371809872161827,-0.2338810631621226
2025-03-05 12:55:00+05:30,-0.835605256183095,-0.8267061431773278,-0.1404264590988354
2025-03-05 13:00:00+05:30,-0.8251314590696753,-0.8377052408851197,-0.18795780854102595
2025-03-05 13:05:00+05:30,-0.835605256183095,-0.8445141452438748,-0.2331984905402194
2025-03-05 13:10:00+05:30,-0.8429376812863032,-0.8340393012050198,-0.19559336668434973
2025-03-05 13:15:00+05:30,-0.8308925588979308,-0.8335150475360806,-0.30608914824023686
2025-03-05 13:20:00+05:30,-0.8340352094478314,-0.8471328562535885,-0.3088888528927889
2025-03-05 13:25:00+05:30,-0.8460790532965147,-0.8544647356137905,-0.3106126379887817
2025-03-05 13:30:00+05:30,-0.8528872771281748,-0.8633680973133202,-0.3076856740338409
2025-03-05 13:35:00+05:30,-0.8649323995165448,-0.8843177853910301,-0.27682529320457394
2025-03-05 13:40:00+05:30,-0.8884984430217391,-0.8890322324090083,0.014413404825779123
2025-03-05 13:45:00+05:30,-0.8874513190183368,-0.8790803633716026,-0.28914052296755605
2025-03-05 13:50:00+05:30,-0.8775004446367738,-0.855511964284179,-0.25247827485211194
2025-03-05 13:55:00+05:30,-0.8539344011315795,-0.853417506943402,-0.25609359594270087
2025-03-05 14:00:00+05:30,-0.8528872771281748,-0.8612736399725432,-0.25365831565608016
2025-03-05 14:05:00+05:30,-0.8602197022313807,-0.8628451223118709,-0.26955994394092647
2025-03-05 14:10:00+05:30,-0.8570770516814801,-0.8586549289628296,-0.26560333653938595
2025-03-05 14:15:00+05:30,-0.8576012529530257,-0.8633680973133202,-0.16816898701957847
2025-03-05 14:20:00+05:30,-0.8612668262347877,-0.8607493863036064,-0.22195918033379658
2025-03-05 14:25:00+05:30,-0.8602197022313807,-0.8591791826317664,-0.1842846423129876
2025-03-05 14:30:00+05:30,-0.8570770516814801,-0.8591791826317664,-0.2564406667673974
2025-03-05 14:35:00+05:30,-0.8570770516814801,-0.8198985174860602,-0.17633672042743695
2025-03-05 14:40:00+05:30,-0.8198945605129655,-0.8099466484486569,-0.2387689772765988
2025-03-05 14:45:00+05:30,-0.8083736393961412,-0.814136841797696,-0.2086432296929395
2025-03-05 14:50:00+05:30,-0.814134739224399,-0.7968530934000883,-0.19400262540449062
2025-03-05 14:55:00+05:30,-0.7994711675576718,-0.7963301183986367,-0.208591169069235
2025-03-05 15:00:00+05:30,-0.7958055942759146,-0.9084104381473905,0.24973320848377534
2025-03-05 15:05:00+05:30,-0.9078747119736282,-0.9099819204867182,0.2503463669407392
2025-03-05 15:10:00+05:30,-0.9083989132451763,-0.9235984505367362,0.3924776541677156
2025-03-05 15:15:00+05:30,-0.9214911596369508,-0.9167908248454686,0.2607064310579308
2025-03-05 15:20:00+05:30,-0.915207137076834,-0.9251699328760614,0.19815848393387012
2025-03-05 15:25:00+05:30,-0.9204440356335438,-0.9099819204867182,0.035538449022308266
2025-03-06 09:15:00+05:30,-0.8157060644993469,-0.8822233280502532,-0.40096674268477983
2025-03-06 09:20:00+05:30,-0.8832615444650292,-0.9173137998469203,0.33842715773497506
2025-03-06 09:25:00+05:30,-0.9042091386918687,-0.9492625856324244,0.0817220067619273
2025-03-06 09:30:00+05:30,-0.9487227764239023,-0.9880189971091912,0.12176819541816258
2025-03-06 09:35:00+05:30,-0.9864281903242759,-1.043536181982119,-0.08233258755838023
2025-03-06 09:40:00+05:30,-1.039844299894779,-1.0252052049141227,-0.1306564153836279
2025-03-06 09:45:00+05:30,-1.0236106814927928,-1.0592484480404014,0.005817617400794921
2025-03-06 09:50:00+05:30,-1.0560791968364542,-1.044583410652505,-0.1174503705039247
2025-03-06 09:55:00+05:30,-1.029894704052905,-0.9738782133902341,-0.1784075763481263
2025-03-06 10:00:00+05:30,-0.9712416959256944,-0.9220282468648962,-0.18687610447072175
2025-03-06 10:05:00+05:30,-0.9193956330904526,-0.9424536812736691,0.0487097868195418
2025-03-06 10:10:00+05:30,-0.9387731805820283,-0.9487383319634851,-0.14317410312768294
2025-03-06 10:15:00+05:30,-0.9440100791387381,-0.9440251636129968,-0.1889758829601358
2025-03-06 10:20:00+05:30,-0.9413916298603833,-0.9764969243999478,-0.20962081251583473
2025-03-06 10:25:00+05:30,-0.9759543932108562,-0.963403369351379,-0.20442631917287657
2025-03-06 10:30:00+05:30,-0.9571023255305128,-0.9387877415935694,-0.2117379445464836
2025-03-06 10:35:00+05:30,-0.9372018553070804,-0.9429779349426061,-0.24962650957585542
2025-03-06 10:40:00+05:30,-0.9413916298603833,-0.9440251636129968,-0.2754370099057878
2025-03-06 10:45:00+05:30,-0.9424387538637903,-0.951881296642138,-0.20141258751176166
2025-03-06 10:50:00+05:30,-0.9487227764239023,-0.9235984505367362,-0.2874861520365025
2025-03-06 10:55:00+05:30,-0.9199198343619982,-0.9293601262251004,-0.2920674869224968
2025-03-06 11:00:00+05:30,-0.9361547313036734,-0.9131236064978813,-0.24873569445913432
2025-03-06 11:05:00+05:30,-0.9115402852553878,-0.9078861844784537,-0.1942455749817782
2025-03-06 11:10:00+05:30,-0.9063033866986779,-0.9330260659052027,-0.04266817680931113
2025-03-06 11:15:00+05:30,-0.9314407554788225,-0.9340732945755912,-0.2740834336894713
2025-03-06 11:20:00+05:30,-0.9324878794822271,-0.9911619617878442,-0.21523757536217367
2025-03-06 11:25:00+05:30,-0.993236414155936,-1.0168248182160424,-0.11941132066346014
2025-03-06 11:30:00+05:30,-1.017849581664535,-1.0309656019349995,-0.28299736937042735
2025-03-06 11:35:00+05:30,-1.029894704052905,-1.0079214565165127,-0.27040448294768804
2025-03-06 11:40:00+05:30,-1.0089471098260656,-0.9969223588087209,-0.28437986815546856
2025-03-06 11:45:00+05:30,-0.9948077394308887,-1.0068742278461267,-0.2751246461635609
2025-03-06 11:50:00+05:30,-1.0063286605477106,-1.0016368058266991,-0.2899330013506131
2025-03-06 11:55:00+05:30,-0.9984733127126459,-1.0016368058266991,-0.3193067621474299
2025-03-06 12:00:00+05:30,-0.9989975139841916,-0.9901147331174533,-0.20178279639143795
2025-03-06 12:05:00+05:30,-0.9879995155992262,-1.0592484480404014,-0.12270270898433229
2025-03-06 12:10:00+05:30,-1.057126320839859,-1.0131588785359402,-0.09894571103385441
2025-03-06 12:15:00+05:30,-1.0105184351010184,-1.015253335876717,-0.23234238250596795
2025-03-06 12:20:00+05:30,-1.0136598071112297,-0.9974466124776578,-0.20816889956585422
2025-03-06 12:25:00+05:30,-0.995854863434291,-1.0189205542243045,-0.21221805918731382
2025-03-06 12:30:00+05:30,-1.017326658932676,-1.0393459886330776,-0.21055211922877043
2025-03-06 12:35:00+05:30,-1.037225850616424,-1.012111649865554,-0.13057543219119871
2025-03-06 12:40:00+05:30,-1.0063286605477106,-1.0272996622548973,-0.24277186078809884
2025-03-06 12:45:00+05:30,-1.0241336042246494,-1.026252433584509,0.1265577727989748
2025-03-06 12:50:00+05:30,-1.0246578054961952,-1.0053027455067989,0.037672934594191965
2025-03-06 12:55:00+05:30,-1.0037102112693557,-1.0168248182160424,-0.09815323265079731
2025-03-06 13:00:00+05:30,-1.019945108211031,-0.9796398890785983,-0.20734171410032748
2025-03-06 13:05:00+05:30,-0.9722888199290967,-0.975972670731011,-0.2647356594776446
2025-03-06 13:10:00+05:30,-0.9759543932108562,-0.9738782133902341,-0.2656264745943657
2025-03-06 13:15:00+05:30,-0.9722888199290967,-0.9796398890785983,-0.17405183749818476
2025-03-06 13:20:00+05:30,-0.9832868183140621,-0.9864475147698659,-0.18051313935128527
2025-03-06 13:25:00+05:30,-0.9843339423174691,-1.0147303608752678,-0.18423836620302808
2025-03-06 13:30:00+05:30,-1.0220393562178403,-1.0267766872534456,-0.11380034233086614
2025-03-06 13:35:00+05:30,-1.0194209069394853,-1.0110644211951632,-0.1731957294639333
2025-03-06 13:40:00+05:30,-1.0089471098260656,-1.026252433584509,-0.12372078340344213
2025-03-06 13:45:00+05:30,-1.0246578054961952,-1.026252433584509,-0.20413130897188453
2025-03-06 13:50:00+05:30,-1.0246578054961952,-1.0147303608752678,-0.08189874902750956
2025-03-06 13:55:00+05:30,-1.0136598071112297,-1.0189205542243045,-0.14426159171173208
2025-03-06 14:00:00+05:30,-1.0147082096543212,-1.0068742278461267,-0.08324075621633617
2025-03-06 14:05:00+05:30,-1.0063286605477106,-1.0053027455067989,-0.12814593641832295
2025-03-06 14:10:00+05:30,-1.0037102112693557,-1.0079214565165127,-0.16159199489157913
2025-03-06 14:15:00+05:30,-1.0042344125409015,-0.9979708661465946,-0.04823866354569053
2025-03-06 14:20:00+05:30,-0.9942835381593407,-0.9874960221077396,-0.15888484245894613
2025-03-06 14:25:00+05:30,-0.9848568650493256,-1.00111255215776,-0.0766753331158267
2025-03-06 14:30:00+05:30,-0.9969019874376956,-0.98016286408005,-0.058188027186991224
2025-03-06 14:35:00+05:30,-0.9780499197573522,-1.0053027455067989,0.023946283477443975
2025-03-06 14:40:00+05:30,-1.0089471098260656,-1.0110644211951632,-0.10720021214788701
2025-03-06 14:45:00+05:30,-1.0068528618192563,-1.0178720468864308,-0.1439607969969951
2025-03-06 14:50:00+05:30,-1.0162782563895847,-1.0472021216622187,0.7604247889697481
2025-03-06 14:55:00+05:30,-1.0456053997230346,-1.057152712032137,4.417729880319453
2025-03-06 15:00:00+05:30,-1.057126320839859,-1.040393217303466,0.8023682981343244
2025-03-06 15:05:00+05:30,-1.0393213771629224,-1.0487736040015465,0.5118989404320486
2025-03-06 15:10:00+05:30,-1.0476996477298437,-1.0293953982631594,0.42981669039131787
2025-03-06 15:15:00+05:30,-1.0283233787779547,-1.0110644211951632,0.94157262140636
2025-03-06 15:20:00+05:30,-1.012612683107825,-0.9869717684388027,0.9065358216532446
2025-03-06 15:25:00+05:30,-0.9853810663208713,-1.0293953982631594,0.32526160445148644
2025-03-07 09:15:00+05:30,-1.0314660293278577,-1.0587241943714623,-0.40096674268477983
2025-03-07 09:20:00+05:30,-1.0628874206681167,-1.096433377177843,-0.24875883251411407
2025-03-07 09:25:00+05:30,-1.1142092822318082,-1.1330953313138352,-0.16469249425886817
2025-03-07 09:30:00+05:30,-1.1346326751871019,-1.0838640757982112,-0.20639305384615694
2025-03-07 09:35:00+05:30,-1.0927374867334232,-1.104813763875921,-0.2752634744934395
2025-03-07 09:40:00+05:30,-1.1168277315101631,-1.1074324748856348,-0.22362512029233994
2025-03-07 09:45:00+05:30,-1.1037354851183885,-1.0765321964380068,-0.2651290064123007
2025-03-07 09:50:00+05:30,-1.0759796670598913,-1.0969576308467799,-0.24901913563263647
2025-03-07 09:55:00+05:30,-1.097974385290133,-1.0781024001098467,-0.32789098054492427
2025-03-07 10:00:00+05:30,-1.0702185672316336,-1.0629143877205012,-0.3140602081807673
2025-03-07 10:05:00+05:30,-1.057126320839859,-1.0492965790029956,-0.26063443923248053
2025-03-07 10:10:00+05:30,-1.042462749173134,-1.0367272776233638,-0.27995471514058773
2025-03-07 10:15:00+05:30,-1.0414156251697293,-1.0173490718849816,-0.2384161219381573
2025-03-07 10:20:00+05:30,-1.017326658932676,-1.0241579762437318,-0.27558162274941134
2025-03-07 10:25:00+05:30,-1.0236106814927928,-1.0210150115650813,-0.3078302868774645
2025-03-07 10:30:00+05:30,-1.0188967056679397,-1.03410856661365,-0.3035844537886769
2025-03-07 10:35:00+05:30,-1.0246578054961952,-1.0204907578961446,-0.3208859343997992
2025-03-07 10:40:00+05:30,-1.0188967056679397,-1.046677867993282,-0.32196763847010335
2025-03-07 10:45:00+05:30,-1.045081198451489,-1.0372515312923007,-0.31266035585449126
2025-03-07 10:50:00+05:30,-1.0414156251697293,-1.085958533138988,0.11219482517028315
2025-03-07 10:55:00+05:30,-1.0854063401699041,-1.0864827868079248,-0.2796423513983608
2025-03-07 11:00:00+05:30,-1.0901190374550682,-1.063438641389438,-0.2962496903600901
2025-03-07 11:05:00+05:30,-1.061316095393164,-1.063438641389438,-0.3511389412858472
2025-03-07 11:10:00+05:30,-1.0618402966647098,-1.0503450863408694,0.27054010442433263
2025-03-07 11:15:00+05:30,-1.0534607475580993,-1.0602956767107874,-0.2963364580662642
2025-03-07 11:20:00+05:30,-1.0581734448432634,-1.0754836891001331,-0.3083682466557441
2025-03-07 11:25:00+05:30,-1.073884140513393,-1.0875300154783134,-0.31068783666746597
2025-03-07 11:30:00+05:30,-1.0785981163382463,-1.07234200308897,-0.3330970429153723
2025-03-07 11:35:00+05:30,-1.0707427685031814,-1.0801981361181112,-0.35349902289378365
2025-03-07 11:40:00+05:30,-1.076502589791748,-1.052963797350583,-0.33733709149041496
2025-03-07 11:45:00+05:30,-1.05136649955129,-1.0660573523991517,-0.32215852742368645
2025-03-07 11:50:00+05:30,-1.0602689713897617,-1.042488953311728,-0.32243039956969877
2025-03-07 11:55:00+05:30,-1.045081198451489,-1.057152712032137,-0.3101498768891863
2025-03-07 12:00:00+05:30,-1.0566033981079999,-1.0487736040015465,-0.3259705219816034
2025-03-07 12:05:00+05:30,-1.0476996477298437,-1.03410856661365,-0.31953814269722763
2025-03-07 12:10:00+05:30,-1.0330373546028055,-1.0157775895456538,-0.3211925136282811
2025-03-07 12:15:00+05:30,-1.013136884379373,-0.9995410698184346,-0.20890931732520684
2025-03-07 12:20:00+05:30,-0.9979491114411002,-0.9895904794485165,-0.34110859445211733
2025-03-07 12:25:00+05:30,-0.9879995155992262,-1.0068742278461267,-0.33130384365444016
2025-03-07 12:30:00+05:30,-1.0037102112693557,-0.9675935627004205,-0.00022719946266974402
2025-03-07 12:35:00+05:30,-0.971764618657551,-0.9764969243999478,-0.29387803972466375
2025-03-07 12:40:00+05:30,-0.9759543932108562,-0.9738782133902341,-0.3341498244169518
2025-03-07 12:45:00+05:30,-0.9722888199290967,-0.9702122737101343,-0.2640125952595268
2025-03-07 12:50:00+05:30,-0.9680990453757915,-0.9733539597212972,-0.3087268865079305
2025-03-07 12:55:00+05:30,-0.9722888199290967,-0.9607846583416654,-0.30579992255298977
2025-03-07 13:00:00+05:30,-0.9581494495339198,-0.9712595023805203,-0.306777505375885
2025-03-07 13:05:00+05:30,-0.9691461693791961,-0.975972670731011,-0.2927384905169101
2025-03-07 13:10:00+05:30,-0.9722888199290967,-0.9984938411480462,-0.12823270412449708
2025-03-07 13:15:00+05:30,-0.9942835381593407,-0.990637708118905,-0.30503636673865736
2025-03-07 13:20:00+05:30,-0.9780499197573522,-0.9890662257795797,-0.2824999011883623
2025-03-07 13:25:00+05:30,-0.9848568650493256,-0.9827815750897637,-0.2644348647629076
2025-03-07 13:30:00+05:30,-0.9806683690357071,-0.9859245397684167,-0.29051145272510737
2025-03-07 13:35:00+05:30,-0.9848568650493256,-0.9885432507781304,-0.29219474622488556
2025-03-07 13:40:00+05:30,-0.9879995155992262,-0.9890662257795797,-0.2858664881879187
2025-03-07 13:45:00+05:30,-0.9874753143276805,-1.0115873961966149,0.02629479605789053
2025-03-07 13:50:00+05:30,-1.017849581664535,-1.0189205542243045,0.19553231469366633
2025-03-07 13:55:00+05:30,-1.02046803094289,-1.026252433584509,-0.26784772787242356
2025-03-07 14:00:00+05:30,-1.0246578054961952,-0.9812100927504385,-0.2662454175650745
2025-03-07 14:05:00+05:30,-0.9764785944824043,-0.98016286408005,-0.2764782223798774
2025-03-07 14:10:00+05:30,-0.9806683690357071,-0.9744024670591709,-0.28095543601846273
2025-03-07 14:15:00+05:30,-0.9749072692074516,-0.9738782133902341,-0.2621731198886352
2025-03-07 14:20:00+05:30,-0.9654805960974365,-0.9707352487115835,-0.26729819906665403
2025-03-07 14:25:00+05:30,-0.9691461693791961,-0.9424536812736691,-0.22465476373893967
2025-03-07 14:30:00+05:30,-0.9382489793104827,-0.902125787457577,0.13526925049885782
2025-03-07 14:35:00+05:30,-0.9005435654101115,-0.8974113404395988,-0.07131887338801016
2025-03-07 14:40:00+05:30,-0.8958295895852583,-0.8796046170405395,-0.06723500668408092
2025-03-07 14:45:00+05:30,-0.8769775219049172,-0.8686055193327477,-0.04041800096252859
2025-03-07 14:50:00+05:30,-0.8670266475233541,-0.855511964284179,-0.12689648144941543
2025-03-07 14:55:00+05:30,-0.8534114783997229,-0.859702157633218,-0.04521336285708572
2025-03-07 15:00:00+05:30,-0.8581241756848846,-0.8686055193327477,0.10981739002111188
2025-03-07 15:05:00+05:30,-0.8706934993448003,-0.8612736399725432,0.2758965641521492
2025-03-07 15:10:00+05:30,-0.8602197022313807,-0.8911266897497828,0.32679450059389614
2025-03-07 15:15:00+05:30,-0.8890226442932848,-0.8816990743813163,0.17164227292705478
2025-03-07 15:20:00+05:30,-0.8801188939151287,-0.9084104381473905,0.1925185830325514
2025-03-07 15:25:00+05:30,-0.9115402852553878,-0.8858892677303554,0.36165198042091823
2025-03-10 09:15:00+05:30,-0.9021148906850595,-0.8879850037386174,-0.40096674268477983
2025-03-10 09:20:00+05:30,-0.8947824655818536,-0.9120763778274927,-0.07591756181523926
2025-03-10 09:25:00+05:30,-0.903684937420323,-0.9026487624590263,-0.3041802587044059
2025-03-10 09:30:00+05:30,-0.8979251161317565,-1.0047784918378622,-0.21544003334324666
2025-03-10 09:35:00+05:30,-1.0068528618192563,-0.972830984719848,-0.11761812140252803
2025-03-10 09:40:00+05:30,-0.9712416959256944,-0.9288358725561636,-0.17815305774334883
2025-03-10 09:45:00+05:30,-0.9293465074720156,-0.9408821989343439,-0.17150665145041016
2025-03-10 09:50:00+05:30,-0.9440100791387381,-0.9424536812736691,-0.2958447743979441
2025-03-10 09:55:00+05:30,-0.9408674285888375,-0.934597548244528,-0.20342559829500156
2025-03-10 10:00:00+05:30,-0.9293465074720156,-0.9471668496241599,-0.23096566823467168
2025-03-10 10:05:00+05:30,-0.9303936314754179,-0.9377405129231785,-0.23733441786785311
2025-03-10 10:10:00+05:30,-0.9366776540355324,-0.9707352487115835,-0.28028443242404943
2025-03-10 10:15:00+05:30,-0.9691461693791961,-0.9733539597212972,-0.24808782891970077
2025-03-10 10:20:00+05:30,-0.971764618657551,-0.9366920055853049,-0.30160036557416164
2025-03-10 10:25:00+05:30,-0.9340592047571774,-0.9377405129231785,-0.3198331528982197
2025-03-10 10:30:00+05:30,-0.9361547313036734,-0.9393107165950186,-0.32258079692706726
2025-03-10 10:35:00+05:30,-0.9398203045854353,-0.9424536812736691,-0.32266756463324137
2025-03-10 10:40:00+05:30,-0.9335362820253185,-0.9246469578746098,-0.23872270116663927
2025-03-10 10:45:00+05:30,-0.9246325316471624,-0.9335503195741419,-0.23983332780566818
2025-03-10 10:50:00+05:30,-0.9319649567503706,-0.9215039931959593,-0.28466909384271566
2025-03-10 10:55:00+05:30,-0.9220140823688074,-0.9141721138357549,-0.3500051765918385
2025-03-10 11:00:00+05:30,-0.9115402852553878,-0.9031730161279631,-0.3389104792290393
2025-03-10 11:05:00+05:30,-0.9057804639668213,-0.9194095358551824,-0.35341803970135444
2025-03-10 11:10:00+05:30,-0.9125886877984791,-0.9120763778274927,-0.34879621321914556
2025-03-10 11:15:00+05:30,-0.9099702385201242,-0.9036972697968999,-0.34175645999155085
2025-03-10 11:20:00+05:30,-0.9031620146884665,-0.9010785587871862,-0.3602148433516616
2025-03-10 11:25:00+05:30,-0.9000193641385634,-0.9094576668177791,-0.34858218621058273
2025-03-10 11:30:00+05:30,-0.9083989132451763,-0.9005543051182494,-0.31624675437635547
2025-03-10 11:35:00+05:30,-0.8994964414067045,-0.8879850037386174,-0.3081484351334363
2025-03-10 11:40:00+05:30,-0.8785488471798651,-0.855511964284179,-0.2964290102861833
2025-03-10 11:45:00+05:30,-0.8539344011315795,-0.8670353156609075,-0.3230666960816424
2025-03-10 11:50:00+05:30,-0.8665037247914975,-0.8633680973133202,-0.24930257680613865
2025-03-10 11:55:00+05:30,-0.8623139502381899,-0.8691297730016845,-0.31442463254669867
2025-03-10 12:00:00+05:30,-0.8670266475233541,-0.8843177853910301,-0.14230642606594163
2025-03-10 12:05:00+05:30,-0.8801188939151287,-0.8654638333215847,-0.3464187780699743
2025-03-10 12:10:00+05:30,-0.8701692980732547,-0.8900794610793944,-0.2513329411306134
2025-03-10 12:15:00+05:30,-0.8937353415784489,-0.902125787457577,-0.3246227302790319
2025-03-10 12:20:00+05:30,-0.8932111403069033,-0.8900794610793944,-0.34090613647104434
2025-03-10 12:25:00+05:30,-0.8890226442932848,-0.8822233280502532,2.8004029752885766
2025-03-10 12:30:00+05:30,-0.8785488471798651,-0.8858892677303554,-0.33489024217630436
2025-03-10 12:35:00+05:30,-0.8843086684684339,-0.8926981720891082,-0.34741949894784935
2025-03-10 12:40:00+05:30,-0.891116892300094,-0.884842039059967,-0.31781435760123483
2025-03-10 12:45:00+05:30,-0.8832615444650292,-0.8816990743813163,-0.19713783185424932
2025-03-10 12:50:00+05:30,-0.8785488471798651,-0.8796046170405395,-0.3387658663854157
2025-03-10 12:55:00+05:30,-0.8780246459083194,-0.8801288707094763,-0.2553300401283685
2025-03-10 13:00:00+05:30,-0.8780246459083194,-0.8775101596997625,-0.35438405349675983
2025-03-10 13:05:00+05:30,-0.8764533206333691,-0.8785573883701534,-0.3483450211470401
2025-03-10 13:10:00+05:30,-0.8759303979015102,-0.8796046170405395,-0.3564780474724289
2025-03-10 13:15:00+05:30,-0.8780246459083194,-0.8811760993798671,-0.35585331998797515
2025-03-10 13:20:00+05:30,-0.8780246459083194,-0.8748914486900488,-0.344648716864022
2025-03-10 13:25:00+05:30,-0.8754061966299646,-0.8785573883701534,-0.3438157468847503
2025-03-10 13:30:00+05:30,-0.8769775219049172,-0.8775101596997625,-0.35375932601230603
2025-03-10 13:35:00+05:30,-0.8785488471798651,-0.8801288707094763,-0.3391013681826224
2025-03-10 13:40:00+05:30,-0.8806430951866744,-0.8843177853910301,-0.32652005078737295
2025-03-10 13:45:00+05:30,-0.8832615444650292,-0.8906037147483312,-0.3443363531217951
2025-03-10 13:50:00+05:30,-0.8900697682966918,-0.8900794610793944,-0.36232619086856555
2025-03-10 13:55:00+05:30,-0.8884984430217391,-0.8816990743813163,-0.27735746846910864
2025-03-10 14:00:00+05:30,-0.88116729645822,-0.8864135213992946,-0.2789019336390082
2025-03-10 14:05:00+05:30,-0.8869271177467888,-0.8801288707094763,-0.3431736658590617
2025-03-10 14:10:00+05:30,-0.8795959711832722,-0.8801288707094763,-0.3439372216733941
2025-03-10 14:15:00+05:30,-0.8795959711832722,-0.9084104381473905,-0.3098895737706639
2025-03-10 14:20:00+05:30,-0.9094460372485785,-0.9424536812736691,-0.28963220663587613
2025-03-10 14:25:00+05:30,-0.9382489793104827,-0.9874960221077396,-0.2898173110757143
2025-03-10 14:30:00+05:30,-0.9911421661491268,-0.984353057429089,-0.30239284395721877
2025-03-10 14:35:00+05:30,-0.9832868183140621,-1.0157775895456538,-0.25177256417522903
2025-03-10 14:40:00+05:30,-1.0141840083827753,-1.029918373264611,-0.2698376006006837
2025-03-10 14:45:00+05:30,-1.0393213771629224,-1.0440591569835682,-0.25924615593369443
2025-03-10 14:50:00+05:30,-1.0461296009945802,-1.0000653234873715,0.139960491146006
2025-03-10 14:55:00+05:30,-0.9984733127126459,-1.0000653234873715,-0.3226559956057515
2025-03-10 15:00:00+05:30,-0.9995204367160505,-1.033061337943264,-0.15145174229669534
2025-03-10 15:05:00+05:30,-1.0225635574893859,-1.013683132204877,-0.16243074938459576
2025-03-10 15:10:00+05:30,-1.0052815365443084,-1.0110644211951632,-0.12626018493747176
2025-03-10 15:15:00+05:30,-1.0099942338294703,-1.0388217349641407,-0.07697034331681875
2025-03-10 15:20:00+05:30,-1.0382742531595155,-1.0419646996427914,-0.08309035885896766
2025-03-10 15:25:00+05:30,-1.0361787266130194,-1.0288711445942227,-0.17695566339814578
2025-03-11 09:15:00+05:30,-1.034607401338069,-1.1231447409439173,-0.40096674268477983
2025-03-11 09:20:00+05:30,-1.1252060020770869,-1.1304766203041217,-0.054821440187434824
2025-03-11 09:25:00+05:30,-1.1325384271802927,-1.143047200351241,-0.2067285556433636
2025-03-11 09:30:00+05:30,-1.1409166977472163,-1.1603309487488465,-0.16728395641660232
2025-03-11 09:35:00+05:30,-1.1581987186922962,-1.1414757180119133,-0.20933737134233257
2025-03-11 09:40:00+05:30,-1.1409166977472163,-1.1163358365851643,-0.14906273812003418
2025-03-11 09:45:00+05:30,-1.1142092822318082,-1.0707705207496425,-0.1334098439262204
2025-03-11 09:50:00+05:30,-1.073884140513393,-1.1011478241958212,-0.2530856487953309
2025-03-11 09:55:00+05:30,-1.1042584078502475,-1.0927674374977407,-0.31153237567422754
2025-03-11 10:00:00+05:30,-1.091166161458473,-1.0885772441487018,-0.2504189879589125
2025-03-11 10:05:00+05:30,-1.0869763869051676,-1.0870070404768617,0.7206331189182902
2025-03-11 10:10:00+05:30,-1.083310813623408,-1.0754836891001331,-0.2634572819400124
2025-03-11 10:15:00+05:30,-1.0728370165099883,-1.0807211111195605,0.8699024961065254
2025-03-11 10:20:00+05:30,-1.0801694416131942,-1.0707705207496425,-0.30456782112531705
2025-03-11 10:25:00+05:30,-1.0691714432282289,-1.0681518097399287,-0.2562208552450896
2025-03-11 10:30:00+05:30,-1.0686472419566833,-1.071817749420031,-0.3191390112488266
2025-03-11 10:35:00+05:30,-1.0723140937781295,-1.0613429053811758,-0.31308262535787207
2025-03-11 10:40:00+05:30,-1.0597447701182137,-1.0472021216622187,-0.23565112436807492
2025-03-11 10:45:00+05:30,-1.0456053997230346,-1.0582012193700105,-0.2637869992234741
2025-03-11 10:50:00+05:30,-1.0566033981079999,-1.0760079427690699,-0.2992923445899297
2025-03-11 10:55:00+05:30,-1.0749325430564842,-1.0671045810695425,-0.3267051552272111
2025-03-11 11:00:00+05:30,-1.063934544671519,-1.0105401675262264,0.8306777084020719
2025-03-11 11:05:00+05:30,-1.0037102112693557,-1.0482493503326071,-0.09793342112848952
2025-03-11 11:10:00+05:30,-1.049270973004794,-1.0519152900127093,-0.33587939402668954
2025-03-11 11:15:00+05:30,-1.0476996477298437,-1.0555825083602968,-0.28783322286119906
2025-03-11 11:20:00+05:30,-1.0539849488296449,-1.0545340010224231,-0.31661117874228684
2025-03-11 11:25:00+05:30,-1.0529365462865536,-1.0477263753311556,-0.22333589460509284
2025-03-11 11:30:00+05:30,-1.0461296009945802,-1.0210150115650813,-0.2297219977795091
2025-03-11 11:35:00+05:30,-1.019945108211031,-0.9979708661465946,-0.2898925097543985
2025-03-11 11:40:00+05:30,-0.9963790647058366,-0.9854002860994775,-0.29535887524336896
2025-03-11 11:45:00+05:30,-0.9848568650493256,-0.9702122737101343,-0.30243912006717827
2025-03-11 11:50:00+05:30,-0.9680990453757915,-0.9466438746227106,-0.3341613934444417
2025-03-11 11:55:00+05:30,-0.9466285284170931,-0.951881296642138,-0.25109577606707073
2025-03-11 12:00:00+05:30,-0.9508170244307116,-0.9571187186615655,-0.2532649687214241
2025-03-11 12:05:00+05:30,-0.9565781242589672,-0.9660220803610928,-0.32752077166524796
2025-03-11 12:10:00+05:30,-0.9633863480906296,-0.9895904794485165,-0.31790112530740894
2025-03-11 12:15:00+05:30,-0.9895708408741789,-0.9744024670591709,-0.28116367851328067
2025-03-11 12:20:00+05:30,-0.9728130212006423,-0.9539757539829126,-0.21721009454919898
2025-03-11 12:25:00+05:30,-0.9523883497056619,-0.92621716154645,-0.2346099118939853
2025-03-11 12:30:00+05:30,-0.925156732918708,-0.92621716154645,-0.28517234653852563
2025-03-11 12:35:00+05:30,-0.9241096089153058,-0.9225512218663477,-0.2934731237625178
2025-03-11 12:40:00+05:30,-0.9220140823688074,-0.934597548244528,-0.2683104889720189
2025-03-11 12:45:00+05:30,-0.9335362820253185,-0.9524042716435873,-0.27894242523522284
2025-03-11 12:50:00+05:30,-0.9461043271455475,-0.9450723922833829,-0.28746301398152274
2025-03-11 12:55:00+05:30,-0.9434858778671925,-0.9445481386144461,-0.28750350557773735
2025-03-11 13:00:00+05:30,-0.9429616765956469,-0.9497855606338735,-0.2709482272397126
2025-03-11 13:05:00+05:30,-0.9476756524205001,-0.9691650450397434,-0.24713916866553026
2025-03-11 13:10:00+05:30,-0.9675761226439324,-0.9445481386144461,-0.27791856630236805
2025-03-11 13:15:00+05:30,-0.9434858778671925,-0.9482153569620335,-0.2528426992180433
2025-03-11 13:20:00+05:30,-0.9466285284170931,-0.9492625856324244,-0.2803885536714584
2025-03-11 13:25:00+05:30,-0.9466285284170931,-0.9220282468648962,-0.17037288675640147
2025-03-11 13:30:00+05:30,-0.9199198343619982,-0.9167908248454686,-0.10766875776122733
2025-03-11 13:35:00+05:30,-0.9146829358052884,-0.8900794610793944,-0.1592608358523674
2025-03-11 13:40:00+05:30,-0.8890226442932848,-0.8900794610793944,-0.18216751028233874
2025-03-11 13:45:00+05:30,-0.8864041950149298,-0.8900794610793944,-0.26661562644475084
2025-03-11 13:50:00+05:30,-0.8879742417501935,-0.8727957126817867,-0.27671538744342006
2025-03-11 13:55:00+05:30,-0.8712164220766593,-0.8371809872161827,-0.20653188217603557
2025-03-11 14:00:00+05:30,-0.8261798616127667,-0.8277546505152015,-0.18298891123412056
2025-03-11 14:05:00+05:30,-0.825655660341221,-0.8235644571661649,-0.19592308396781144
2025-03-11 14:10:00+05:30,-0.8219900870594637,-0.8183270351467373,-0.16618489880506326
2025-03-11 14:15:00+05:30,-0.8183245137777019,-0.8324678188656921,-0.2482960714145187
2025-03-11 14:20:00+05:30,-0.8308925588979308,-0.8219929748268372,-0.19098310922963077
2025-03-11 14:25:00+05:30,-0.8204187617845111,-0.8549889892827297,-0.14573664271669237
2025-03-11 14:30:00+05:30,-0.8534114783997229,-0.8513230496026252,-0.19014435473661412
2025-03-11 14:35:00+05:30,-0.8502688278498199,-0.8717484840113983,-0.13978437807314678
2025-03-11 14:40:00+05:30,-0.8706934993448003,-0.8691297730016845,-0.23580730623918836
2025-03-11 14:45:00+05:30,-0.8680750500664454,-0.8743671950211119,-0.17090506202093617
2025-03-11 14:50:00+05:30,-0.8759303979015102,-0.9057917271376769,-0.16867223971538844
2025-03-11 14:55:00+05:30,-0.9042091386918687,-0.8906037147483312,-0.19108144596329477
2025-03-11 15:00:00+05:30,-0.8890226442932848,-0.8748914486900488,0.23882361556081422
2025-03-11 15:05:00+05:30,-0.8733119486231552,-0.9031730161279631,0.2258836583133784
2025-03-11 15:10:00+05:30,-0.9015906894135137,-0.8942696544284358,0.07505246241400887
2025-03-11 15:15:00+05:30,-0.8937353415784489,-0.8748914486900488,0.16301177841960093
2025-03-11 15:20:00+05:30,-0.8733119486231552,-0.8885079787400691,0.12784193485035197
2025-03-11 15:25:00+05:30,-0.8869271177467888,-0.8591791826317664,-0.01235732478581367
2025-03-12 09:15:00+05:30,-0.8193716377811089,-0.7350512578373469,-0.40096674268477983
2025-03-12 09:20:00+05:30,-0.7324386103238484,-0.614590551390515,0.32441128093097993
2025-03-12 09:25:00+05:30,-0.6156555168012815,-0.6156390587283886,0.17526916304513357
2025-03-12 09:30:00+05:30,-0.6172268420762318,-0.5595976201865264,0.5235200285456376
2025-03-12 09:35:00+05:30,-0.5559553846706639,-0.5658835495438276,0.23354813902542687
2025-03-12 09:40:00+05:30,-0.5648578565091333,-0.551218512155936,0.053805943428835934
2025-03-12 09:45:00+05:30,-0.5496713621105518,-0.521365462378694,0.015610799170982173
2025-03-12 09:50:00+05:30,-0.510394622935228,-0.5119378470102298,0.07044798947303482
2025-03-12 09:55:00+05:30,-0.5082990963887296,-0.47318015686597303,0.029597753406252564
2025-03-12 10:00:00+05:30,-0.48839990470498157,-0.5040817139810887,-0.10811994983333284
2025-03-12 10:05:00+05:30,-0.5030621978320198,-0.4768473752135604,-0.16000125361172
2025-03-12 10:10:00+05:30,-0.4758305810450659,-0.4438513607576726,0.03332876477174033
2025-03-12 10:15:00+05:30,-0.44231494169799995,-0.4077123816231295,0.1127906300860122
2025-03-12 10:20:00+05:30,-0.405132450529483,-0.3731461634954017,0.06958031241129349
2025-03-12 10:25:00+05:30,-0.37213973391427363,-0.38728694721435647,0.5715893377661078
2025-03-12 10:30:00+05:30,-0.39046887886275805,-0.3192004609617992,0.7407285196682196
2025-03-12 10:35:00+05:30,-0.31348672578706066,-0.27101643411656584,0.6642514634463379
2025-03-12 10:40:00+05:30,-0.27211573860492994,-0.26106456507916015,0.6662124136058734
2025-03-12 10:45:00+05:30,-0.2642603907698652,-0.34905351073903884,0.6259984740510347
2025-03-12 10:50:00+05:30,-0.3470036436738157,-0.3354369806890185,0.3138950349426749
2025-03-12 10:55:00+05:30,-0.3339113972820411,-0.3165817499520855,0.06629470860416628
2025-03-12 11:00:00+05:30,-0.31505805106201096,-0.3239136293122899,-0.10065792710235731
2025-03-12 11:05:00+05:30,-0.3218662748936735,-0.2888231575156228,0.05117977418863215
2025-03-12 11:10:00+05:30,-0.2862551090001068,-0.25739862539905795,0.2593933464378289
2025-03-12 11:15:00+05:30,-0.25902349221315535,-0.307154134583619,-0.0013204725604638319
2025-03-12 11:20:00+05:30,-0.30615557922354397,-0.3281038226613289,-0.09752272065259861
2025-03-12 11:25:00+05:30,-0.3260560494469763,-0.35743389743711923,1.1947145119125233
2025-03-12 11:30:00+05:30,-0.35538191424073945,-0.367384487807035,0.15403999760119547
2025-03-12 11:35:00+05:30,-0.3689983619040621,-0.4286620697008394,0.10146455217341524
2025-03-12 11:40:00+05:30,-0.4245087194813721,-0.44175562474940816,-0.08321183364761145
2025-03-12 11:45:00+05:30,-0.4433620657014022,-0.4752758928742375,0.09777981691788702
2025-03-12 11:50:00+05:30,-0.48002035559837114,-0.4490887827771001,-0.18916098739997395
2025-03-12 11:55:00+05:30,-0.4475518402547098,-0.47946608622327413,-0.06902242143126808
2025-03-12 12:00:00+05:30,-0.4774019063200162,-0.45170749378681385,0.9930952853325608
2025-03-12 12:05:00+05:30,-0.4501702895330647,-0.4061421779512895,0.24020032983211048
2025-03-12 12:10:00+05:30,-0.4009426759761778,-0.37733635684443834,-0.12350675639487926
2025-03-12 12:15:00+05:30,-0.37580658573571984,-0.3925243692337839,-0.06740854209642919
2025-03-12 12:20:00+05:30,-0.3915172814058494,-0.36476577679732125,0.7565318112194018
2025-03-12 12:25:00+05:30,-0.3632372620758042,-0.3956673339124345,-0.05326540599004535
2025-03-12 12:30:00+05:30,-0.39465865341606327,-0.39828604492214825,0.09649565486650984
2025-03-12 12:35:00+05:30,-0.39675417996255924,-0.4071894066216803,-0.12888635417767555
2025-03-12 12:40:00+05:30,-0.405132450529483,-0.4019519846022528,0.037707641676661616
2025-03-12 12:45:00+05:30,-0.40041975324432116,-0.4035234669415757,-0.09428917746917588
2025-03-12 12:50:00+05:30,-0.4019910785192691,-0.38728694721435647,-0.20256370574700516
2025-03-12 12:55:00+05:30,-0.3857561815775939,-0.3920001155648471,-0.20785653582362734
2025-03-12 13:00:00+05:30,-0.3899459561309015,-0.3909528868944586,-0.20502790860235057
2025-03-12 13:05:00+05:30,-0.39046887886275805,-0.3909528868944586,-0.14637872374238098
2025-03-12 13:10:00+05:30,-0.38942175485935343,-0.3972375375842746,-0.17249001878705034
2025-03-12 13:15:00+05:30,-0.39570577741946794,-0.409808117631394,-0.08733619194775528
2025-03-12 13:20:00+05:30,-0.4077508998078379,-0.39514308024349765,0.12300608135958023
2025-03-12 13:25:00+05:30,-0.3909930801343037,-0.4150455396508215,0.013337485269219863
2025-03-12 13:30:00+05:30,-0.4135119996360958,-0.41766425066053525,0.019243473802805913
2025-03-12 13:35:00+05:30,-0.4161304489144507,-0.39304862290272075,0.12553391386612
2025-03-12 13:40:00+05:30,-0.3899459561309015,-0.3747176458347246,0.2817967681719903
2025-03-12 13:45:00+05:30,-0.3731881364573649,-0.3563866687667284,-0.0709833715908035
2025-03-12 13:50:00+05:30,-0.35433479023733483,-0.3825737788638658,-0.08363988766473718
2025-03-12 13:55:00+05:30,-0.3810434842924297,-0.3757648745051154,-0.14862311507541856
2025-03-12 14:00:00+05:30,-0.37423526046077193,-0.37209893482501083,-0.18558037339185468
2025-03-12 14:05:00+05:30,-0.3648085873507545,-0.37419339216578773,-0.13980751612812656
2025-03-12 14:10:00+05:30,-0.37266393518581925,-0.3762878495065647,-0.12889792320516544
2025-03-12 14:15:00+05:30,-0.37528238446417417,-0.3558624150977916,-0.09424290135921636
2025-03-12 14:20:00+05:30,-0.35328766623393254,-0.38362100753425665,-0.09390161504826476
2025-03-12 14:25:00+05:30,-0.3810434842924297,-0.3862397185439704,-0.14880821951525672
2025-03-12 14:30:00+05:30,-0.3841848563026436,-0.3956673339124345,-0.09959936108703288
2025-03-12 14:35:00+05:30,-0.3925644054092564,-0.3862397185439704,-0.028420919455518334
2025-03-12 14:40:00+05:30,-0.38470905757419166,-0.3946188265745608,-0.0882559296332011
2025-03-12 14:45:00+05:30,-0.3925644054092564,-0.3810022965245429,-0.027269801220274826
2025-03-12 14:50:00+05:30,-0.37894795774593376,-0.38204952519492896,-0.10419804951426198
2025-03-12 14:55:00+05:30,-0.383137732299239,-0.37838358551482915,-0.08357047349979788
2025-03-12 15:00:00+05:30,-0.37685370973912685,-0.3977617912532114,0.31037805058575
2025-03-12 15:05:00+05:30,-0.39622997869101356,-0.38414398253570586,0.2445271461133273
2025-03-12 15:10:00+05:30,-0.38209060829583674,-0.3920001155648471,0.3088451544433403
2025-03-12 15:15:00+05:30,-0.3899459561309015,-0.3925243692337839,0.5283211749539397
2025-03-12 15:20:00+05:30,-0.3909930801343037,-0.3925243692337839,0.38386451320149656
2025-03-12 15:25:00+05:30,-0.3915172814058494,-0.3920001155648471,0.24405281598624204
2025-03-13 09:15:00+05:30,-0.46588098520319426,-0.4401854210775681,-0.40096674268477983
2025-03-13 09:20:00+05:30,-0.43917229114809697,-0.4066651529527411,-0.04557200270927215
2025-03-13 09:25:00+05:30,-0.4025140012511281,-0.43651820272998065,-0.07912796694368221
2025-03-13 09:30:00+05:30,-0.43498251659479176,-0.3961903089138861,0.1656495166872946
2025-03-13 09:35:00+05:30,-0.405132450529483,-0.3700031988167487,-0.1790265193188351
2025-03-13 09:40:00+05:30,-0.371616811182417,-0.34643479972932506,0.5050558606717819
2025-03-13 09:45:00+05:30,-0.3438609931239151,-0.34538757105893664,-0.009256825418524618
2025-03-13 09:50:00+05:30,-0.3438609931239151,-0.3862397185439704,0.06791437245275012
2025-03-13 09:55:00+05:30,-0.3799950817493384,-0.36109983711721905,0.07653908244645903
2025-03-13 10:00:00+05:30,-0.35957168879404466,-0.3789065605162784,0.24933986154911927
2025-03-13 10:05:00+05:30,-0.38051928302088406,-0.38152527152599214,-0.09954151594958346
2025-03-13 10:10:00+05:30,-0.37685370973912685,-0.3888584295536841,-0.21845376500436156
2025-03-13 10:15:00+05:30,-0.383137732299239,-0.3789065605162784,-0.2868556400383038
2025-03-13 10:20:00+05:30,-0.37632950846757884,-0.41556851465227074,0.5358179047673849
2025-03-13 10:25:00+05:30,-0.41770177418939863,-0.4747516392052983,-0.11849158297801432
2025-03-13 10:30:00+05:30,-0.473736333038259,-0.41923573299985817,-0.16639892581362614
2025-03-13 10:35:00+05:30,-0.43498251659479176,-0.40457069561196657,-0.23967714593455472
2025-03-13 10:40:00+05:30,-0.39622997869101356,-0.38728694721435647,-0.1612333550393927
2025-03-13 10:45:00+05:30,-0.38942175485935343,-0.3883341758847449,-0.16155150329536452
2025-03-13 10:50:00+05:30,-0.3852319803060482,-0.3752406208361762,-0.1854762521444457
2025-03-13 10:55:00+05:30,-0.3731881364573649,-0.36581300546770973,-0.10080832445972582
2025-03-13 11:00:00+05:30,-0.37109260991086895,-0.3925243692337839,-0.1779043236523163
2025-03-13 11:05:00+05:30,-0.3909930801343037,-0.37209893482501083,-0.26241028495217783
2025-03-13 11:10:00+05:30,-0.37056968717901,-0.34224460638028603,-0.1820807425761646
2025-03-13 11:15:00+05:30,-0.3407183425740145,-0.36476577679732125,0.03379152587133571
2025-03-13 11:20:00+05:30,-0.36376146334735227,-0.3710504274871372,-0.24394033256457717
2025-03-13 11:25:00+05:30,-0.3695212846359187,-0.37785933184588993,-0.23984489683315804
2025-03-13 11:30:00+05:30,-0.37737663247098346,-0.35743389743711923,-0.288943849500228
2025-03-13 11:35:00+05:30,-0.35485899150888045,-0.3878112008832933,-0.09414456462555233
2025-03-13 11:40:00+05:30,-0.3909930801343037,-0.38571546487503117,0.5837078940617618
2025-03-13 11:45:00+05:30,-0.3841848563026436,-0.4150455396508215,-0.08737089903022494
2025-03-13 11:50:00+05:30,-0.41403492236795236,-0.43599522772853144,-0.17989419638057644
2025-03-13 11:55:00+05:30,-0.43498251659479176,-0.39828604492214825,-0.1705926982787093
2025-03-13 12:00:00+05:30,-0.39570577741946794,-0.3731461634954017,-0.23639732664117247
2025-03-13 12:05:00+05:30,-0.3695212846359187,-0.3768121031755015,-0.05637168987107935
2025-03-13 12:10:00+05:30,-0.37528238446417417,-0.371574681156074,-0.23144578287550188
2025-03-13 12:15:00+05:30,-0.37004548590746433,-0.3768121031755015,-0.21055211922877043
2025-03-13 12:20:00+05:30,-0.37528238446417417,-0.3810022965245429,-0.25959901127213586
2025-03-13 12:25:00+05:30,-0.37528238446417417,-0.3768121031755015,-0.18413424495561911
2025-03-13 12:30:00+05:30,-0.37528238446417417,-0.37995506785415206,-0.19362663201106936
2025-03-13 12:35:00+05:30,-0.37947215901748177,-0.371574681156074,-0.20780447519992287
2025-03-13 12:40:00+05:30,-0.37056968717901,-0.36843171647742345,-0.19438440331165682
2025-03-13 12:45:00+05:30,-0.36690283535756374,-0.37943081418521524,-0.19246972926208092
2025-03-13 12:50:00+05:30,-0.37737663247098346,-0.3768121031755015,-0.24693671068445727
2025-03-13 12:55:00+05:30,-0.37632950846757884,-0.37209893482501083,-0.2208254156397879
2025-03-13 13:00:00+05:30,-0.37056968717901,-0.3700031988167487,-0.218910741590212
2025-03-13 13:05:00+05:30,-0.36847416063251404,-0.37838358551482915,-0.17602435668521008
2025-03-13 13:10:00+05:30,-0.37790083374252914,-0.3810022965245429,-0.19820796689706366
2025-03-13 13:15:00+05:30,-0.37947215901748177,-0.3789065605162784,-0.17450302957029026
2025-03-13 13:20:00+05:30,-0.37737663247098346,-0.3768121031755015,-0.21252463841579575
2025-03-13 13:25:00+05:30,-0.37580658573571984,-0.3731461634954017,-0.09880688270397579
2025-03-13 13:30:00+05:30,-0.371616811182417,-0.360052608446833,-0.18755289257888
2025-03-13 13:35:00+05:30,-0.35852456479064243,-0.36424280179586965,-0.20216457429860415
2025-03-13 13:40:00+05:30,-0.3606188127974493,-0.360052608446833,-0.15446547395781024
2025-03-13 13:45:00+05:30,-0.35852456479064243,-0.34538757105893664,-0.11528117784957136
2025-03-13 13:50:00+05:30,-0.3438609931239151,-0.2935376045335987,0.037314294742005545
2025-03-13 13:55:00+05:30,-0.2920162088283623,-0.3202476896321877,0.19873693530836434
2025-03-13 14:00:00+05:30,-0.31977074834717517,-0.3375314380297954,-0.07633983131862004
2025-03-13 14:05:00+05:30,-0.337052769292255,-0.30663115958216736,-0.17910171799751934
2025-03-13 14:10:00+05:30,-0.30615557922354397,-0.32705659399094045,-0.12823270412449708
2025-03-13 14:15:00+05:30,-0.3255318481754307,-0.3333412446807564,-0.14846114869056018
2025-03-13 14:20:00+05:30,-0.33181587073554514,-0.3244378829812267,-0.15455224166398437
2025-03-13 14:25:00+05:30,-0.3276260961822399,-0.31186858160159486,-0.0050283458709718225
2025-03-13 14:30:00+05:30,-0.31086827650870574,-0.3202476896321877,0.042474081002494044
2025-03-13 14:35:00+05:30,-0.31348672578706066,-0.30872561692294426,0.24345701107051299
2025-03-13 14:40:00+05:30,-0.3077269044984919,-0.3144872926113086,0.2715176872472279
2025-03-13 14:45:00+05:30,-0.31243960178365604,-0.352719450419141,0.2590925517230919
2025-03-13 14:50:00+05:30,-0.35119213968743423,-0.3511492467473009,0.11998656518472037
2025-03-13 14:55:00+05:30,-0.3496220929521706,-0.3532437040880778,0.10254625624371945
2025-03-13 15:00:00+05:30,-0.35224054223052553,-0.35900537977644215,0.5669675112838989
2025-03-13 15:05:00+05:30,-0.3574774407872354,-0.35167222174875257,0.237944369471583
2025-03-13 15:10:00+05:30,-0.3501450156840296,-0.3768121031755015,0.7154559791165668
2025-03-13 15:15:00+05:30,-0.37580658573571984,-0.3579568724385685,0.6155632112551589
2025-03-13 15:20:00+05:30,-0.35642903824414407,-0.37052745248568797,0.6489398555634758
2025-03-13 15:25:00+05:30,-0.3689983619040621,-0.3768121031755015,0.5525698565727376
2025-03-17 09:15:00+05:30,-0.4224144714745628,-0.40457069561196657,-0.40096674268477983
2025-03-17 09:20:00+05:30,-0.40146687724772345,-0.3757648745051154,0.02593037169195917
2025-03-17 09:25:00+05:30,-0.35957168879404466,-0.3736691384968509,-0.1297135396432023
2025-03-17 09:30:00+05:30,-0.37737663247098346,-0.3391029203691231,-0.11441350078783002
2025-03-17 09:35:00+05:30,-0.33757697056380304,-0.30610690591323053,-0.0780173403046533
2025-03-17 09:40:00+05:30,-0.29463465810671724,-0.3055826522442937,-0.18717689918545874
2025-03-17 09:45:00+05:30,-0.303537129945189,-0.2825385068258069,-0.2167357644221137
2025-03-17 09:50:00+05:30,-0.2799710864399947,-0.27206366278695193,-0.1714603753404506
2025-03-17 09:55:00+05:30,-0.27054441332997725,-0.25373268571895574,-0.13461880729891335
2025-03-17 10:00:00+05:30,-0.25116814437809054,-0.24116338433932388,-0.23056075227252573
2025-03-17 10:05:00+05:30,-0.2391230219897182,-0.25268545704856965,-0.1437814770709019
2025-03-17 10:10:00+05:30,-0.25169106710994715,-0.27468237379666566,-0.18698022571813072
2025-03-17 10:15:00+05:30,-0.27263866133678655,-0.2678734694379129,-0.24229174614726864
2025-03-17 10:20:00+05:30,-0.26478331350172174,-0.24325784168010078,-0.23264317722070493
2025-03-17 10:25:00+05:30,-0.2417414712680731,-0.251113974709242,-0.2725736756020414
2025-03-17 10:30:00+05:30,-0.25430951638830207,-0.27415812012772883,-0.30024678935784516
2025-03-17 10:35:00+05:30,-0.27263866133678655,-0.2793955421471563,-0.30053023053134736
2025-03-17 10:40:00+05:30,-0.2820653344468016,-0.29301335086466185,-0.24014569154789506
2025-03-17 10:45:00+05:30,-0.29096780628527097,-0.28568147150445744,-0.19183343275013728
2025-03-17 10:50:00+05:30,-0.28416086099329757,-0.29510780820543875,-0.1503237621164316
2025-03-17 10:55:00+05:30,-0.29411045683517156,-0.29196612219427576,-0.31015566140293127
2025-03-17 11:00:00+05:30,-0.29096780628527097,-0.28777592884523434,-0.31030605876029976
2025-03-17 11:05:00+05:30,-0.2831124584502062,-0.2773010848063794,-0.3189076306990289
2025-03-17 11:10:00+05:30,-0.27682843589009176,-0.3144872926113086,-0.27151510958671693
2025-03-17 11:15:00+05:30,-0.3113924777802538,-0.31029709926227195,-0.2838650464321687
2025-03-17 11:20:00+05:30,-0.3072027032269462,-0.3013937375627399,-0.3037984807972397
2025-03-17 11:25:00+05:30,-0.2988231541203358,-0.29301335086466185,-0.30128800183193477
2025-03-17 11:30:00+05:30,-0.2920162088283623,-0.3003452302248662,-0.2769120609107481
2025-03-17 11:35:00+05:30,-0.29830023138847916,-0.2788725671457071,-0.2911882408332656
2025-03-17 11:40:00+05:30,-0.27682843589009176,-0.28777592884523434,-0.2833213021401441
2025-03-17 11:45:00+05:30,-0.28573090772856113,-0.28830018251417117,-0.3081310815922015
2025-03-17 11:50:00+05:30,-0.2867793102716525,-0.2987750265530261,-0.29228151393105967
2025-03-17 11:55:00+05:30,-0.2967289061135265,-0.2841099891651345,-0.248567943560531
2025-03-17 12:00:00+05:30,-0.28258953571834966,-0.27311089145734035,-0.18543576054823113
2025-03-17 12:05:00+05:30,-0.27054441332997725,-0.27415812012772883,-0.2602006007016099
2025-03-17 12:10:00+05:30,-0.27211573860492994,-0.28201425315687007,-0.29602987883778226
2025-03-17 12:15:00+05:30,-0.2799710864399947,-0.2788725671457071,-0.3046025282077867
2025-03-17 12:20:00+05:30,-0.27682843589009176,-0.2961563155433124,-0.24385356485840304
2025-03-17 12:25:00+05:30,-0.29411045683517156,-0.2835857354961953,-0.23806905111346077
2025-03-17 12:30:00+05:30,-0.2831124584502062,-0.2862044465059091,-0.2592056643374798
2025-03-17 12:35:00+05:30,-0.2836366597217519,-0.2626360474184854,-0.2814181971180581
2025-03-17 12:40:00+05:30,-0.26059481748810326,-0.26106456507916015,-0.16376118754593247
2025-03-17 12:45:00+05:30,-0.26059481748810326,-0.3013937375627399,-0.20247693804083103
2025-03-17 12:50:00+05:30,-0.2998715566634271,-0.2956320618743756,-0.2666619025547104
2025-03-17 12:55:00+05:30,-0.2951575808385762,-0.3003452302248662,-0.26998221344430723
2025-03-17 13:00:00+05:30,-0.29725310738507216,-0.31762897862247397,-0.23287455777050262
2025-03-17 13:05:00+05:30,-0.3229133988970757,-0.3186762072928624,-0.2036511943310543
2025-03-17 13:10:00+05:30,-0.31662937633696364,-0.2935376045335987,-0.22769163345503435
2025-03-17 13:15:00+05:30,-0.29253913156022127,-0.3092498705918811,-0.22798085914228147
2025-03-17 13:20:00+05:30,-0.30929695123375545,-0.30872561692294426,-0.25633654551998847
2025-03-17 13:25:00+05:30,-0.3056313779519959,-0.29406057953505027,-0.1649180902949209
2025-03-17 13:30:00+05:30,-0.3014416033986907,-0.3019167125641915,-0.19695272741441117
2025-03-17 13:35:00+05:30,-0.3014416033986907,-0.31972471463073604,-0.2437667971522289
2025-03-17 13:40:00+05:30,-0.31977074834717517,-0.3144872926113086,-0.2692475801986996
2025-03-17 13:45:00+05:30,-0.31348672578706066,-0.33072253367104265,-0.21630771040498797
2025-03-17 13:50:00+05:30,-0.33129294800368614,-0.330199558669591,-0.00834287224682374
2025-03-17 13:55:00+05:30,-0.3291974214571902,-0.3019167125641915,1.0529418645377333
2025-03-17 14:00:00+05:30,-0.3056313779519959,-0.30663115958216736,-0.17951241847341026
2025-03-17 14:05:00+05:30,-0.302490005941782,-0.26996920544617503,-0.16557752486184435
2025-03-17 14:10:00+05:30,-0.26792596405162233,-0.2668262407675244,-0.14681256227325162
2025-03-17 14:15:00+05:30,-0.2653075147732674,-0.26106456507916015,-0.1905377016712702
2025-03-17 14:20:00+05:30,-0.25902349221315535,-0.261588818748097,-0.16652618511601486
2025-03-17 14:25:00+05:30,-0.2584992909416073,-0.2793955421471563,0.1551101326440098
2025-03-17 14:30:00+05:30,-0.27630551315823276,-0.27258791645588876,0.05576110907462642
2025-03-17 14:35:00+05:30,-0.26897308805502695,-0.27206366278695193,-0.059512680834583
2025-03-17 14:40:00+05:30,-0.27002021205843163,-0.27415812012772883,-0.12765425275000286
2025-03-17 14:45:00+05:30,-0.27263866133678655,-0.29144186852533654,-0.10627468994869625
2025-03-17 14:50:00+05:30,-0.28992068228186635,-0.29091889352388495,-0.11298472589282928
2025-03-17 14:55:00+05:30,-0.28834935700691605,-0.29144186852533654,-0.11644386511230476
2025-03-17 15:00:00+05:30,-0.29096780628527097,-0.299822255223417,0.108602642134674
2025-03-17 15:05:00+05:30,-0.2993473553918814,-0.2935376045335987,-0.0460579018638473
2025-03-17 15:10:00+05:30,-0.29149200755681665,-0.27415812012772883,0.04516966440763714
2025-03-17 15:15:00+05:30,-0.27316286260833217,-0.261588818748097,0.091370575688491
2025-03-17 15:20:00+05:30,-0.26059481748810326,-0.27468237379666566,0.15632488053044766
2025-03-17 15:25:00+05:30,-0.27316286260833217,-0.29301335086466185,0.02679804875370051
2025-03-18 09:15:00+05:30,-0.20874875465286374,-0.176218584097932,-0.40096674268477983
2025-03-18 09:20:00+05:30,-0.1752331153057978,-0.23697319099028724,0.10494104493412554
2025-03-18 09:25:00+05:30,-0.24697836982478297,-0.25844585406944637,-0.07093131096709902
2025-03-18 09:30:00+05:30,-0.268450165323168,-0.2568756503976063,-0.11980466759811621
2025-03-18 09:35:00+05:30,-0.26792596405162233,-0.23173576897085976,-0.04621986824870568
2025-03-18 09:40:00+05:30,-0.23022055015125117,-0.27468237379666566,-0.18888911525396165
2025-03-18 09:45:00+05:30,-0.29253913156022127,-0.2626360474184854,-0.11944602774592979
2025-03-18 09:50:00+05:30,-0.25116814437809054,-0.26996920544617503,-0.1999548900480362
2025-03-18 09:55:00+05:30,-0.26740176278007666,-0.25739862539905795,-0.244860070250023
2025-03-18 10:00:00+05:30,-0.25326239238489745,-0.19245510382515366,0.007662877285431503
2025-03-18 10:05:00+05:30,-0.19565650826108913,-0.1500314740007946,0.17857212039349563
2025-03-18 10:10:00+05:30,-0.1485244212507005,-0.176218584097932,-0.09826313841195122
2025-03-18 10:15:00+05:30,-0.16528224092423469,-0.14427107697991554,-0.1814213080092412
2025-03-18 10:20:00+05:30,-0.1427645999621317,-0.13484346161145142,-0.15347053759368018
2025-03-18 10:25:00+05:30,-0.12914815229881144,-0.12384436390365723,-0.15850306455177995
2025-03-18 10:30:00+05:30,-0.12129280446374666,-0.12017842422355504,-0.14366578679600306
2025-03-18 10:35:00+05:30,-0.11815015391384606,-0.12541584624298252,-0.19742705754149645
2025-03-18 10:40:00+05:30,-0.12391125374210157,-0.08875389210699017,0.22671084377890513
2025-03-18 10:45:00+05:30,-0.09039561439503324,-0.05785361365936213,-0.009141135143625771
2025-03-18 10:50:00+05:30,-0.05635577377641924,-0.040569865261756786,0.31784007331672554
2025-03-18 10:55:00+05:30,-0.04012087683474404,-0.03795115425204305,-0.016134612261260967
2025-03-18 11:00:00+05:30,-0.030694203724728975,-0.017001466174333135,-0.018355865539318797
2025-03-18 11:05:00+05:30,-0.01760195733295436,-0.06623272168995496,-0.1766722222246436
2025-03-18 11:10:00+05:30,-0.06368692033993835,-0.06309103567878961,-0.15720154895916794
2025-03-18 11:15:00+05:30,-0.06159267233312909,-0.041617093932142864,-0.2835931742861564
2025-03-18 11:20:00+05:30,-0.0406450781062897,-0.044760058610793435,-0.28477899960386954
2025-03-18 11:25:00+05:30,-0.04378645011650359,-0.03847412925349229,-0.2607385604798895
2025-03-18 11:30:00+05:30,-0.034359777006488526,-0.027476310213188092,-0.23788394667362261
2025-03-18 11:35:00+05:30,-0.025981506439567172,-0.03585541824377855,-0.260784836589849
2025-03-18 11:40:00+05:30,-0.034359777006488526,-0.047378769620507175,-0.17722175103041313
2025-03-18 11:45:00+05:30,-0.050070472676618065,-0.028523538883574163,-0.10607223196762328
2025-03-18 11:50:00+05:30,-0.0317413277281336,-0.031142249893287902,-0.2123915945996621
2025-03-18 11:55:00+05:30,-0.029647079721324344,-0.021714634524821398,-0.24340237278629756
2025-03-18 12:00:00+05:30,-0.02126753061471391,-0.007049597136927417,-0.20597078434277616
2025-03-18 12:05:00+05:30,-0.0055568349445843735,0.02070771663205005,-0.0668763668318945
2025-03-18 12:10:00+05:30,0.017485007289064273,0.05579946709620233,0.19155256923714606
2025-03-18 12:15:00+05:30,0.055714622460983486,0.04794333406706111,-0.036877878550623924
2025-03-18 12:20:00+05:30,0.049953522632725594,0.0835567808651798,0.0410857977037079
2025-03-18 12:25:00+05:30,0.08556468852629227,0.05422798475687704,0.05831207963614596
2025-03-18 12:30:00+05:30,0.052049049179223934,0.06103688911562981,1.275003562692322
2025-03-18 12:35:00+05:30,0.05833307173933841,0.0385157186985946,0.3858833084984814
2025-03-18 12:40:00+05:30,0.039479725519305904,0.04689482672918744,0.15075439379406827
2025-03-18 12:45:00+05:30,0.048382197357777684,0.0385157186985946,-0.12132599471303603
2025-03-18 12:50:00+05:30,0.04000392679085395,0.06522580379718362,-0.1979823708610109
2025-03-18 12:55:00+05:30,0.07090111685956499,0.06941599714622027,-0.1362847472574567
2025-03-18 13:00:00+05:30,0.07509089141287258,0.05370373108793783,-0.2500082874830216
2025-03-18 13:05:00+05:30,0.05728594773593378,0.05841817810591607,-0.2156656293792994
2025-03-18 13:10:00+05:30,0.06356997029604826,0.06313134645640671,-0.29373921139478515
2025-03-18 13:15:00+05:30,0.06880686885275811,0.07308193682632484,-0.23853181221305617
2025-03-18 13:20:00+05:30,0.07404376740946796,0.06627431113505729,0.05292091282585977
2025-03-18 13:25:00+05:30,0.06775974484935347,0.05841817810591607,-0.2672345694154597
2025-03-18 13:30:00+05:30,0.05990439701428871,0.06784451480689736,-0.25112469863579545
2025-03-18 13:35:00+05:30,0.06828266758121006,0.0872239992127672,-0.2084523407393564
2025-03-18 13:40:00+05:30,0.08870733907619285,0.11393408431135384,0.0708702589764156
2025-03-18 13:45:00+05:30,0.11122498003829584,0.1343607973876145,0.08069236331532757
2025-03-18 13:50:00+05:30,0.1415992473751479,0.14326415908714418,-0.15632808738368165
2025-03-18 13:55:00+05:30,0.14317057265010058,0.14012119440849122,-0.21581024222292294
2025-03-18 14:00:00+05:30,0.14369477392164626,0.1306935790400271,-0.22902785613011603
2025-03-18 14:05:00+05:30,0.13322097680822656,0.124933182019148,-0.20453622493403048
2025-03-18 14:10:00+05:30,0.12588855170501836,0.14797732743763245,-0.19193755399754622
2025-03-18 14:15:00+05:30,0.14945459521021268,0.13488377238906374,-0.1411437388032082
2025-03-18 14:20:00+05:30,0.13426810081163118,0.14483564142646946,-0.19572062598673848
2025-03-18 14:25:00+05:30,0.14840747120681042,0.1720699801939953,0.06132581129726088
2025-03-18 14:30:00+05:30,0.17511616526190532,0.15635771413571287,0.050583969272903095
2025-03-18 14:35:00+05:30,0.15835706704868446,0.19092393226344312,0.24325455308944
2025-03-18 14:40:00+05:30,0.19396823294224635,0.18411630657217556,0.2708177610840899
2025-03-18 14:45:00+05:30,0.1876842103821343,0.18097334189352499,0.16068640389413413
2025-03-18 14:50:00+05:30,0.18820841165367994,0.16473682216630572,0.25545987709126816
2025-03-18 14:55:00+05:30,0.16568949215189027,0.1626423648255288,0.8070364007264929
2025-03-18 15:00:00+05:30,0.16307104287353533,0.10922091596086557,0.4961477095045708
2025-03-18 15:05:00+05:30,0.10965493330303225,0.12702763935992253,0.4189765116332961
2025-03-18 15:10:00+05:30,0.1264127529765664,0.14012119440849122,0.2863607495167497
2025-03-18 15:15:00+05:30,0.1415992473751479,0.15897642514542662,0.9165372459182499
2025-03-18 15:20:00+05:30,0.15992839232363237,0.1626423648255288,0.5064730665392927
2025-03-18 15:25:00+05:30,0.1667366161552949,0.14693009876724636,0.7008038058006281
2025-03-19 09:15:00+05:30,0.1693550654336498,0.23491904442712505,-0.40096674268477983
2025-03-19 09:20:00+05:30,0.23481629739252288,0.17311720886438375,-0.09615757540879223
2025-03-19 09:25:00+05:30,0.17459196399035964,0.22915736873875836,-0.13164556723401302
2025-03-19 09:30:00+05:30,0.22957939883581305,0.25377299649657287,-0.046867733788139215
2025-03-19 09:35:00+05:30,0.25523969034781663,0.1961613542828706,1.2681199913358405
2025-03-19 09:40:00+05:30,0.19972933277050425,0.211873620341153,-0.13515098256344804
2025-03-19 09:45:00+05:30,0.2201527257257956,0.2171110423605805,-0.11523490173961182
2025-03-19 09:50:00+05:30,0.20967892861237591,0.24696537080530528,0.007321590974479909
2025-03-19 09:55:00+05:30,0.24476589323439693,0.2810086139315839,0.733075607983661
2025-03-19 10:00:00+05:30,0.2835197096778618,0.26110615452426245,0.24016562274964084
2025-03-19 10:05:00+05:30,0.26152499144761776,0.2773413955839965,-0.1149861676485793
2025-03-19 10:10:00+05:30,0.27671148584620164,0.25953467218493714,-0.2131609349277394
2025-03-19 10:15:00+05:30,0.25523969034781663,0.27786564925293333,-0.1547315615900776
2025-03-19 10:20:00+05:30,0.27932993512455656,0.28572178228207457,-0.24252891121081127
2025-03-19 10:25:00+05:30,0.28718528295962137,0.30090979467142015,-0.18604891900519502
2025-03-19 10:30:00+05:30,0.30237177735820525,0.2867690109524606,1.4895858845747
2025-03-19 10:35:00+05:30,0.2955648320662318,0.2935779153112158,-0.21541111077452194
2025-03-19 10:40:00+05:30,0.2950406307946861,0.28048436026264706,-0.023793308459564524
2025-03-19 10:45:00+05:30,0.28875660823457167,0.2501070568164683,-0.16336205609753146
2025-03-19 10:50:00+05:30,0.2510511943341981,0.20820768066104844,-0.06407666217934245
2025-03-19 10:55:00+05:30,0.21282157916227887,0.20925490933143928,-0.24842911523065236
2025-03-19 11:00:00+05:30,0.21072605261578292,0.19406689694209367,-0.22816017906837469
2025-03-19 11:05:00+05:30,0.19553955821719904,0.19197243960131677,-0.22770898699626918
2025-03-19 11:10:00+05:30,0.19344531021038977,0.1568806891371645,-0.11367886754222235
2025-03-19 11:15:00+05:30,0.15835706704868446,0.14431138775753263,-0.2262165824500741
2025-03-19 11:20:00+05:30,0.14474189792505088,0.14850158110657166,-0.3049553835462282
2025-03-19 11:25:00+05:30,0.1499787964817607,0.15740494280610132,-0.09764997995498734
2025-03-19 11:30:00+05:30,0.1588812683202301,0.1568806891371645,-0.2021587897848592
2025-03-19 11:35:00+05:30,0.15835706704868446,0.13121783270896392,-0.1843367029366921
2025-03-19 11:40:00+05:30,0.13322097680822656,0.14116842307888205,0.0022022963102060066
2025-03-19 11:45:00+05:30,0.14526482065690985,0.18568651024401564,-0.09319011985763685
2025-03-19 11:50:00+05:30,0.1871600091105886,0.14116842307888205,0.08501917959654438
2025-03-19 11:55:00+05:30,0.1426463713785549,0.13488377238906374,-0.21403439650322567
2025-03-19 12:00:00+05:30,0.13636234881843806,0.10869666229192636,-0.1741964503418083
2025-03-19 12:05:00+05:30,0.1117491813098415,0.124933182019148,-0.21627878783626328
2025-03-19 12:10:00+05:30,0.12484142770161612,0.14273990541820497,-0.2290220716163711
2025-03-19 12:15:00+05:30,0.14474189792505088,0.14273990541820497,-0.2032404938551634
2025-03-19 12:20:00+05:30,0.14212344864669596,0.13331229004974085,-0.18779584215616757
2025-03-19 12:25:00+05:30,0.13322097680822656,0.10503072261182654,-0.027553242393776996
2025-03-19 12:30:00+05:30,0.10651228275313165,0.09979330059239906,-0.22677768028333348
2025-03-19 12:35:00+05:30,0.1012753841964218,0.10503072261182654,-0.23849132061684156
2025-03-19 12:40:00+05:30,0.10651228275313165,0.10503072261182654,-0.13933897051478622
2025-03-19 12:45:00+05:30,0.10651228275313165,0.1155055666506815,-0.16500485800109504
2025-03-19 12:50:00+05:30,0.10651228275313165,0.10345924027249888,-0.2089729469764012
2025-03-19 12:55:00+05:30,0.10494095747817898,0.09193716756325784,-0.09822264681573663
2025-03-19 13:00:00+05:30,0.09342003636135704,0.04951353773890118,-0.2281486100408848
2025-03-19 13:05:00+05:30,0.04890639862932335,0.017041776951945475,-0.16095569837963547
2025-03-19 13:10:00+05:30,0.018009208560609936,-0.020667405854432948,0.40931058916549756
2025-03-19 13:15:00+05:30,-0.019173282607904654,-0.012287019156354896,-0.07822558279947123
2025-03-19 13:20:00+05:30,-0.01079373350129422,0.0002822822232769682,-0.17476333268881264
2025-03-19 13:25:00+05:30,0.0017743116189347329,-0.004430886127213678,0.6168589423340259
2025-03-19 13:30:00+05:30,-0.00293838566622945,0.010757126262131926,-0.16199691085372508
2025-03-19 13:35:00+05:30,0.012248108732354426,0.011804354932517996,-0.1764524107023358
2025-03-19 13:40:00+05:30,0.013295232735756673,0.02070771663205005,-0.20125062112690328
2025-03-19 13:45:00+05:30,0.022197704574228455,0.04794333406706111,0.043764027567616166
2025-03-19 13:50:00+05:30,0.04943059990086901,0.003948221903376779,0.31570558774484186
2025-03-19 13:55:00+05:30,0.004916962168835319,0.006566932913090518,0.1591477232379795
2025-03-19 14:00:00+05:30,0.008058334179046828,0.010232872593195093,-0.08607516795135788
2025-03-19 14:05:00+05:30,0.012248108732354426,0.026993645989351195,-0.13516255159093793
2025-03-19 14:10:00+05:30,0.02429323112072441,0.006566932913090518,-0.16132012274556684
2025-03-19 14:15:00+05:30,0.0002029863439820581,0.0002822822232769682,-0.06760521556375723
2025-03-19 14:20:00+05:30,0.0017743116189347329,0.004995450573767614,-0.1955760131431149
2025-03-19 14:25:00+05:30,0.006487008904098915,0.009709897591743472,-0.08385391467330004
2025-03-19 14:30:00+05:30,0.011200984728949795,-0.0012892001160506995,-0.19160783671408452
2025-03-19 14:35:00+05:30,0.0017743116189347329,0.04375314071802208,-0.1010107824407988
2025-03-19 14:40:00+05:30,0.04733507335437068,0.04846630906851035,-0.06547072999187353
2025-03-19 14:45:00+05:30,0.049953522632725594,0.0573696707680424,-0.10024722662646642
2025-03-19 14:50:00+05:30,0.059380195742743044,0.064702828795732,-0.179940472490536
2025-03-19 14:55:00+05:30,0.06618841957440318,0.08984271022248094,-0.09074905505727122
2025-03-19 15:00:00+05:30,0.08870733907619285,0.0421816583786968,0.14794890462777127
2025-03-19 15:05:00+05:30,0.04471662407601575,0.0442761157194737,0.1339098897687964
2025-03-19 15:10:00+05:30,0.045240825347563796,0.06732153980544574,0.03441046884204453
2025-03-19 15:15:00+05:30,0.06880686885275811,-0.013858501495680181,1.1253466230831757
2025-03-19 15:20:00+05:30,-0.012365058776244513,-0.0007649464471114852,1.1062866502935909
2025-03-19 15:25:00+05:30,-0.0018912616628248202,0.016518801950496237,0.6089920036409044
2025-03-20 09:15:00+05:30,0.13793367409339075,0.08041509485401444,-0.40096674268477983
2025-03-20 09:20:00+05:30,0.09080158708300212,0.09665033591374848,-0.06523934944207584
2025-03-20 09:25:00+05:30,0.10336963220323107,0.12545615702059962,-0.25340958156504767
2025-03-20 09:30:00+05:30,0.12431722643007045,0.04899056273744956,-0.27064164801123064
2025-03-20 09:35:00+05:30,0.04890639862932335,0.005519704242704447,-0.2806662103312156
2025-03-20 09:40:00+05:30,0.007011210175644579,-0.02119165952336978,0.1770103016823612
2025-03-20 09:45:00+05:30,-0.020744607882857327,-0.027476310213188092,-0.13288345317543065
2025-03-20 09:50:00+05:30,-0.022838855889664205,0.05998838177775614,0.0036368557189516877
2025-03-20 09:55:00+05:30,0.06671134230626215,0.09403162490403476,-0.2952894610784296
2025-03-20 10:00:00+05:30,0.09551428436816631,0.124933182019148,-0.26014275556416044
2025-03-20 10:05:00+05:30,0.1264127529765664,0.08827122788315565,-0.27613115155518086
2025-03-20 10:10:00+05:30,0.08975446307959749,0.07255896182487322,-0.3123132850297947
2025-03-20 10:15:00+05:30,0.07404376740946796,0.12283744601088588,-0.29660254569853156
2025-03-20 10:20:00+05:30,0.12588855170501836,0.1155055666506815,-0.3185489908468425
2025-03-20 10:25:00+05:30,0.12588855170501836,0.11812427766039524,-0.27454619478906667
2025-03-20 10:30:00+05:30,0.11698607986655135,0.12336169967982272,-0.30788234750116894
2025-03-20 10:35:00+05:30,0.12431722643007045,0.1134111093099046,-0.30057650664130686
2025-03-20 10:40:00+05:30,0.11960452914490627,0.09979330059239906,-0.2704218364889229
2025-03-20 10:45:00+05:30,0.09865693491806689,0.10345924027249888,-0.2558564308791582
2025-03-20 10:50:00+05:30,0.11017785603488883,0.12021873500117214,-0.2937334268810402
2025-03-20 10:55:00+05:30,0.13007832625832597,0.1364552547283914,-0.2775136503402221
2025-03-20 11:00:00+05:30,0.1457890219284555,0.1605479074847519,-0.14367157130974798
2025-03-20 11:05:00+05:30,0.1620239188701307,0.16840404051389313,-0.3281570681771916
2025-03-20 11:10:00+05:30,0.1698792667051955,0.18568651024401564,-0.2410133686096364
2025-03-20 11:15:00+05:30,0.1903026596604892,0.1526917744556107,-0.040614674429856626
2025-03-20 11:20:00+05:30,0.15573861777032955,0.1495488097769601,-0.3308063754723751
2025-03-20 11:25:00+05:30,0.15102592048516536,0.14221693041675573,-0.32070661447370596
2025-03-20 11:30:00+05:30,0.14631322320000117,0.1380267370677167,-0.3148816091325491
2025-03-20 11:35:00+05:30,0.14631322320000117,0.15740494280610132,-0.31209925802123184
2025-03-20 11:40:00+05:30,0.1594054695917758,0.1526917744556107,-0.3160847879914971
2025-03-20 11:45:00+05:30,0.1499787964817607,0.12545615702059962,-0.29748179178776274
2025-03-20 11:50:00+05:30,0.1295541249867803,0.13697950839732825,-0.23673861295212406
2025-03-20 11:55:00+05:30,0.13374389954008314,0.11655279532106758,-0.3104217490351986
2025-03-20 12:00:00+05:30,0.12117585441985657,0.13017060403857547,-0.1520475472124244
2025-03-20 12:05:00+05:30,0.1279840782515167,0.12807486803031337,-0.2736033190486411
2025-03-20 12:10:00+05:30,0.13060252752987161,0.1511202921162854,-0.29937332778235887
2025-03-20 12:15:00+05:30,0.15259724576011563,0.151643267117737,-0.28468066287020555
2025-03-20 12:20:00+05:30,0.151550121756711,0.15007306344589694,-0.21717538746672932
2025-03-20 12:25:00+05:30,0.151550121756711,0.17259295519544693,-0.22412837298814992
2025-03-20 12:30:00+05:30,0.174067762718814,0.16526107583524255,-0.3140370701257875
2025-03-20 12:35:00+05:30,0.16726081742684054,0.16316661849446565,-0.24940669805354762
2025-03-20 12:40:00+05:30,0.16464236814848562,0.16316661849446565,-0.3033472887251342
2025-03-20 12:45:00+05:30,0.16464236814848562,0.16892701551534237,-0.24037707209769274
2025-03-20 12:50:00+05:30,0.17040218943705207,0.15897642514542662,-0.20448994882407096
2025-03-20 12:55:00+05:30,0.1604525935951804,0.1526917744556107,-0.23065908900618975
2025-03-20 13:00:00+05:30,0.15416857103506593,0.13174208637790077,-0.24353541660243122
2025-03-20 13:05:00+05:30,0.13479102354349015,0.14012119440849122,-0.2549077706249877
2025-03-20 13:10:00+05:30,0.14474189792505088,0.1605479074847519,-0.27020780948036
2025-03-20 13:15:00+05:30,0.1594054695917758,0.16735553317601945,-0.25521434985346964
2025-03-20 13:20:00+05:30,0.173020638715407,0.1778303772148744,-0.2423669448259529
2025-03-20 13:25:00+05:30,0.1787817385436649,0.16787978684495627,-0.2205940350899902
2025-03-20 13:30:00+05:30,0.1693550654336498,0.1757359198740975,-0.20749211145769597
2025-03-20 13:35:00+05:30,0.17511616526190532,0.17259295519544693,-0.01644697600348785
2025-03-20 13:40:00+05:30,0.174067762718814,0.18097334189352499,-0.254578053341526
2025-03-20 13:45:00+05:30,0.18506576110377934,0.17730740221342278,-0.23297867901791158
2025-03-20 13:50:00+05:30,0.1766862119971689,0.17416443753476984,-0.22841469767315215
2025-03-20 13:55:00+05:30,0.1798288625470695,0.1814975955624618,-0.2217567223527236
2025-03-20 14:00:00+05:30,0.1829715130969701,0.1846392815736248,-0.23578995269795353
2025-03-20 14:05:00+05:30,0.1861128851071816,0.151643267117737,-0.2029223455991916
2025-03-20 14:10:00+05:30,0.1531201684919746,0.16683255817456782,-0.264498494414102
2025-03-20 14:15:00+05:30,0.1709263907086001,0.17835463088381123,-0.18811977492588433
2025-03-20 14:20:00+05:30,0.1798288625470695,0.1867350175818893,-0.166913747536926
2025-03-20 14:25:00+05:30,0.18977845838894353,0.17521166620516068,-0.1880850678434147
2025-03-20 14:30:00+05:30,0.18192311055387878,0.16945126918428158,-0.17635407396867178
2025-03-20 14:35:00+05:30,0.1709263907086001,0.16892701551534237,-0.10645400987478947
2025-03-20 14:40:00+05:30,0.1709263907086001,0.1699742441857332,-0.08613301308880729
2025-03-20 14:45:00+05:30,0.1709263907086001,0.17468869120370906,-0.06811425277331215
2025-03-20 14:50:00+05:30,0.17511616526190532,0.19092393226344312,-0.022358749050818843
2025-03-20 14:55:00+05:30,0.19449243421379442,0.1830677992343019,-0.022034816281102078
2025-03-20 15:00:00+05:30,0.1845415598322337,0.16107088248620113,0.0040012800848830505
2025-03-20 15:05:00+05:30,0.1625468416019873,0.16578532950417937,0.002103959576541988
2025-03-20 15:10:00+05:30,0.16726081742684054,0.1663083045056286,0.07906113043925386
2025-03-20 15:15:00+05:30,0.16726081742684054,0.17311720886438375,0.2311707038762556
2025-03-20 15:20:00+05:30,0.1709263907086001,0.15635771413571287,0.1869712343511518
2025-03-20 15:25:00+05:30,0.1578341443168255,0.1364552547283914,-0.006335645977328774
2025-03-21 09:15:00+05:30,0.20025225550236322,0.25167853915579597,-0.40096674268477983
2025-03-21 09:20:00+05:30,0.26361923945442706,0.2930536616422789,0.19921704994919456
2025-03-21 09:25:00+05:30,0.30342017990129655,0.3208135327462268,0.15253023951376554
2025-03-21 09:30:00+05:30,0.32122512357823535,0.38785151166091036,0.2834858461855134
2025-03-21 09:35:00+05:30,0.3830195037156622,0.42294326212506267,0.2668033085450999
2025-03-21 09:40:00+05:30,0.42491469216934097,0.4507005758940401,0.29456319000707787
2025-03-21 09:45:00+05:30,0.45319599003907285,0.4182275364396016,-0.0865842051609128
2025-03-21 09:50:00+05:30,0.4196777936126311,0.4051339813910329,0.23458935149951649
2025-03-21 09:55:00+05:30,0.39925440065733736,0.38942171533275044,-0.23500325882864137
2025-03-21 10:00:00+05:30,0.38668635553710845,0.3820898359725461,-0.09234558085087528
2025-03-21 10:05:00+05:30,0.38930480481546337,0.4260836694687428,-0.022034816281102078
2025-03-21 10:10:00+05:30,0.4311999932691421,0.42870238047845655,-0.04999137121040804
2025-03-21 10:15:00+05:30,0.4285815439907872,0.4234649584590291,-0.08761384860751252
2025-03-21 10:20:00+05:30,0.42491469216934097,0.41718158643669834,-0.03940571105716369
2025-03-21 10:25:00+05:30,0.4181077468773675,0.4915514447115863,0.14966690521001913
2025-03-21 10:30:00+05:30,0.4992796745063701,0.4507005758940401,-0.06308751032895732
2025-03-21 10:35:00+05:30,0.4600029353310463,0.4732204676435901,-0.1666534444184036
2025-03-21 10:40:00+05:30,0.4762378322727215,0.4706017566338764,-0.09131593740427556
2025-03-21 10:45:00+05:30,0.47414358426591224,0.5077879644388056,-0.021415873310393255
2025-03-21 10:50:00+05:30,0.5097534716197898,0.5250729915038985,0.2746644627244765
2025-03-21 10:55:00+05:30,0.5270342140251829,0.5701127750029985,0.23485543913178383
2025-03-21 11:00:00+05:30,0.5725962543003079,0.5853033447273145,0.2435727013454118
2025-03-21 11:05:00+05:30,0.5794031995922814,0.6167278768438794,0.09406037457988915
2025-03-21 11:10:00+05:30,0.6160614894892503,0.6277244172167007,0.3141090619512378
2025-03-21 11:15:00+05:30,0.629153735881025,0.64396093694392,0.003810391131299956
2025-03-21 11:20:00+05:30,0.640675935537536,0.6366290575837156,-0.06468403612256138
2025-03-21 11:25:00+05:30,0.6401517342659903,0.6182980805157194,-0.07089660388462937
2025-03-21 11:30:00+05:30,0.6144914427539867,0.6371533112526525,-0.20816889956585422
2025-03-21 11:35:00+05:30,0.6359632382523718,0.6287729245545745,-0.07156182296529773
2025-03-21 11:40:00+05:30,0.6312505409672076,0.6182980805157194,-0.1576469565175285
2025-03-21 11:45:00+05:30,0.6244410385958608,0.613060658496292,-0.07604482111762799
2025-03-21 11:50:00+05:30,0.6144914427539867,0.6345346002429387,-0.1567156498045928
2025-03-21 11:55:00+05:30,0.6343906344377348,0.6497226126322844,0.46904147809577135
2025-03-21 12:00:00+05:30,0.6511497326509557,0.6481524089604442,-0.23052604519005607
2025-03-21 12:05:00+05:30,0.65062553137941,0.6381992612555557,-0.1481082933521187
2025-03-21 12:10:00+05:30,0.6375332849876354,0.6162036231749426,-0.19160783671408452
2025-03-21 12:15:00+05:30,0.616585690760796,0.6083474901458014,-0.10632675057240074
2025-03-21 12:20:00+05:30,0.6097787454688226,0.6387235149244925,0.20420908531107973
2025-03-21 12:25:00+05:30,0.640675935537536,0.6418664796031431,-0.1539680057757452
2025-03-21 12:30:00+05:30,0.6438185860874366,0.6429149869410168,-0.08740560611269459
2025-03-21 12:35:00+05:30,0.6438185860874366,0.662816167680853,0.008750365869480648
2025-03-21 12:40:00+05:30,0.660575127221284,0.6481524089604442,0.23095667686769275
2025-03-21 12:45:00+05:30,0.65062553137941,0.6434366832749832,-0.21211393793990485
2025-03-21 12:50:00+05:30,0.6427701835443452,0.6486741052944106,-0.12956892679957874
2025-03-21 12:55:00+05:30,0.6501013301078643,0.6376775649215893,-0.07101807867327316
2025-03-21 13:00:00+05:30,0.6432943848158909,0.6392477685934294,-0.11742723244894494
2025-03-21 13:05:00+05:30,0.6422459822727996,0.6141091658341656,-0.17348495515118043
2025-03-21 13:10:00+05:30,0.6150156440255324,0.5926352240875189,-0.13227607923221174
2025-03-21 13:15:00+05:30,0.594068049798693,0.5826846337176007,-0.10238171219835011
2025-03-21 13:20:00+05:30,0.582545850142182,0.5873978020680914,-0.20071266134862364
2025-03-21 13:25:00+05:30,0.5893553525135289,0.5910624630807084,-0.07995515240920896
2025-03-21 13:30:00+05:30,0.5930196472556017,0.569591078669032,-0.05003764732036757
2025-03-21 13:35:00+05:30,0.5736446568433993,0.5774472116981733,-0.11349954761612914
2025-03-21 13:40:00+05:30,0.5778331528570179,0.5648753529835709,0.5017991794333794
2025-03-21 13:45:00+05:30,0.5668351544720525,0.5428797149029578,0.17320987615193414
2025-03-21 13:50:00+05:30,0.5401264604169576,0.5324048708641029,0.12186074763808166
2025-03-21 13:55:00+05:30,0.5343679176680755,0.5512601016010359,0.042763306689741154
2025-03-21 14:00:00+05:30,0.5526970626165599,0.5706370286719353,0.01570913590464619
2025-03-21 14:05:00+05:30,0.5689294024788617,0.5779689080321397,0.0015139391745578772
2025-03-21 14:10:00+05:30,0.5794031995922814,0.5627808956427941,-0.061005085380778104
2025-03-21 14:15:00+05:30,0.562646658458434,0.5826846337176007,-0.08352419738983834
2025-03-21 14:20:00+05:30,0.5815000046784641,0.5790174153700134,-0.17479225525753736
2025-03-21 14:25:00+05:30,0.5815000046784641,0.6020615607885001,0.1544564825908313
2025-03-21 14:30:00+05:30,0.6029692430974757,0.5554490162825897,0.269302218482915
2025-03-21 14:35:00+05:30,0.5568855586301784,0.5559732699515265,0.018636099859586978
2025-03-21 14:40:00+05:30,0.5574097599017241,0.5371180392145936,-0.025962501113917874
2025-03-21 14:45:00+05:30,0.5327953138534385,0.5465443759155748,0.09759471247804886
2025-03-21 14:50:00+05:30,0.5464117615167587,0.554400508944716,0.12145004716219077
2025-03-21 14:55:00+05:30,0.5558371560870871,0.5308321098572923,-0.07380621429833534
2025-03-21 15:00:00+05:30,0.5369863669464304,0.6078232364768645,14.977076280538054
2025-03-21 15:05:00+05:30,0.5998291496269486,0.5680183176622216,12.742443422188172
2025-03-21 15:10:00+05:30,0.5589798066369877,0.6046802717982139,13.192866153965593
2025-03-21 15:15:00+05:30,0.6061118936473763,0.6481524089604442,13.1680390209723
2025-03-21 15:20:00+05:30,0.6469612366373372,0.6502468663012212,12.585041018674548
2025-03-21 15:25:00+05:30,0.6443427873589822,0.5653996066525079,11.369280842331309
2025-03-24 09:15:00+05:30,0.833392779592709,0.9953924659144979,-0.40096674268477983
2025-03-24 09:20:00+05:30,1.0020219359505154,1.1210905943807574,0.3438241090590062
2025-03-24 09:25:00+05:30,1.1256132533047425,1.1357543531011662,0.574175015410097
2025-03-24 09:30:00+05:30,1.13713289588188,1.1106157503419025,0.1351419911964691
2025-03-24 09:35:00+05:30,1.1130452081845135,1.117947629702107,0.07072564613279206
2025-03-24 09:40:00+05:30,1.1193279522049413,1.1970332136624557,0.21216857622412028
2025-03-24 09:45:00+05:30,1.1999756785623983,1.2515018911975075,0.25937020838284913
2025-03-24 09:50:00+05:30,1.2528688654010423,1.24626446917808,-0.11164850321774762
2025-03-24 09:55:00+05:30,1.2476319668443325,1.2839749306519461,0.23629578305427446
2025-03-24 10:00:00+05:30,1.2858628605559383,1.2708813756033774,-0.005462184401842493
2025-03-24 10:05:00+05:30,1.267533715607454,1.294449774690801,0.0786157228808933
2025-03-24 10:10:00+05:30,1.2916214033048206,1.3075433297393697,0.01979878712232037
2025-03-24 10:15:00+05:30,1.308904702789587,1.354680127914217,0.28902741035316815
2025-03-24 10:20:00+05:30,1.3549883872568844,1.3263985604763027,0.16430172498472304
2025-03-24 10:25:00+05:30,1.3272338477380714,1.3714383439754028,0.08494398091786014
2025-03-24 10:30:00+05:30,1.3712232841985594,1.3703923939724996,-0.23060702838248526
2025-03-24 10:35:00+05:30,1.3706990829270138,1.4039113834298413,0.1898229996274083
2025-03-24 10:40:00+05:30,1.4000262262604637,1.3934365393909862,-0.0961922824912619
2025-03-24 10:45:00+05:30,1.3947893277037537,1.4060058407706182,-0.20155141584164027
2025-03-24 10:50:00+05:30,1.4152127206590475,1.4452865059163242,0.6890265358159257
2025-03-24 10:55:00+05:30,1.4413972134425967,1.478805495373666,0.2835379068092179
2025-03-24 11:00:00+05:30,1.4806739526179207,1.4929475577601083,0.05762372250049783
2025-03-24 11:05:00+05:30,1.491671951002886,1.475665088029986,0.2704649057456484
2025-03-24 11:10:00+05:30,1.4738670073259472,1.498184979779536,0.06629470860416628
2025-03-24 11:15:00+05:30,1.4995272988379507,1.489280339412521,1.6155668094257978
2025-03-24 11:20:00+05:30,1.4901019042676225,1.556320875662175,0.14140661958224157
2025-03-24 11:25:00+05:30,1.5576573842333048,1.580935224752502,0.31367522342036713
2025-03-24 11:30:00+05:30,1.5843660782883997,1.5882696614476766,0.14192722581928638
2025-03-24 11:35:00+05:30,1.5932672715871823,1.5615582976816025,0.08695699170110005
2025-03-24 11:40:00+05:30,1.5602758335116595,1.5924585761292305,0.0617943569106012
2025-03-24 11:45:00+05:30,1.5922214261234644,1.6238831082457954,0.11705960122977958
2025-03-24 11:50:00+05:30,1.6252128641989871,1.5997904554894349,-0.031058657723212008
2025-03-24 11:55:00+05:30,1.601122619422247,1.6521646756837096,0.10422954974349764
2025-03-24 12:00:00+05:30,1.6550642088039826,1.6673526880730551,0.24353220974919723
2025-03-24 12:05:00+05:30,1.668156455195757,1.6725901100924827,-0.05598991196391316
2025-03-24 12:10:00+05:30,1.6723449512093758,1.6757330747711332,0.08688757753616073
2025-03-24 12:15:00+05:30,1.6828187483227954,1.664212280729375,0.4459959753359214
2025-03-24 12:20:00+05:30,1.6650138046458565,1.5982202518175948,0.28655742298407777
2025-03-24 12:25:00+05:30,1.5995525726869835,1.597695998148658,0.05594621351446458
2025-03-24 12:30:00+05:30,1.5990283714154379,1.5741275990612342,0.03604170171811825
2025-03-24 12:35:00+05:30,1.5780807771885985,1.5777948174088217,0.09158460269705386
2025-03-24 12:40:00+05:30,1.5806992264669533,1.6123597568690666,0.08157739391830374
2025-03-24 12:45:00+05:30,1.613690664542476,1.6113138068661634,0.07294689941084989
2025-03-24 12:50:00+05:30,1.6131690203503037,1.5715088880515207,-0.01143758710036785
2025-03-24 12:55:00+05:30,1.572319677360343,1.596125794476818,0.07071407710530217
2025-03-24 13:00:00+05:30,1.5969341234086285,1.6175971788884942,-0.008487485090447297
2025-03-24 13:05:00+05:30,1.6147390670855675,1.6296447839341597,0.2278966690966183
2025-03-24 13:10:00+05:30,1.6356866613124068,1.6547833866934234,0.18368563054402456
2025-03-24 13:15:00+05:30,1.64773050516109,1.6364524096254272,0.6806042838032897
2025-03-24 13:20:00+05:30,1.6398751573260253,1.6238831082457954,0.10899598906933007
2025-03-24 13:25:00+05:30,1.6252128641989871,1.6196941935642415,0.30246483578266903
2025-03-24 13:30:00+05:30,1.6210243681853684,1.5725573953893943,0.028116917887547346
2025-03-24 13:35:00+05:30,1.5733680799034342,1.5605097903437288,-0.04921046185484083
2025-03-24 13:40:00+05:30,1.562370081518469,1.5798892747495985,1.8634505769378085
2025-03-24 13:45:00+05:30,1.581223427738499,1.5777948174088217,1.537788237611304
2025-03-24 13:50:00+05:30,1.5791291797316898,1.6066006385156728,0.71513204634685
2025-03-24 13:55:00+05:30,1.6100263698004031,1.6207401435671447,-0.02827630661189478
2025-03-24 14:00:00+05:30,1.6220702136490865,1.6113138068661634,0.9360021346699806
2025-03-24 14:05:00+05:30,1.6126448190787581,1.5861726467719293,-0.06836877137808961
2025-03-24 14:10:00+05:30,1.5854119237521176,1.6186456862263678,-0.10387990125829016
2025-03-24 14:15:00+05:30,1.6210243681853684,1.6223129045739553,-0.10367744327721717
2025-03-24 14:20:00+05:30,1.6210243681853684,1.6359281559564904,-0.07100650964578328
2025-03-24 14:25:00+05:30,1.6372567080476703,1.6406438816419515,0.03483852285917025
2025-03-24 14:30:00+05:30,1.6414477611406622,1.6291205302652227,0.16149045130468112
2025-03-24 14:35:00+05:30,1.6299255614841512,1.664212280729375,0.23198632031429248
2025-03-24 14:40:00+05:30,1.6655380059174023,1.6406438816419515,0.12531988685755713
2025-03-24 14:45:00+05:30,1.6430178078759259,1.6196941935642415,0.1240415093199249
2025-03-24 14:50:00+05:30,1.6215460123775407,1.6448327963235052,0.17563937192480988
2025-03-24 14:55:00+05:30,1.646684659697372,1.6505944720118695,0.2973686791733749
2025-03-24 15:00:00+05:30,1.6513973569825362,1.6181214325574311,0.31694347368625947
2025-03-24 15:05:00+05:30,1.617881717635468,1.6050278775088624,0.3250475774429236
2025-03-24 15:10:00+05:30,1.6068837192505026,1.6175971788884942,0.2903867710832296
2025-03-24 15:15:00+05:30,1.6205001669138228,1.6458813036613789,0.9128987867726812
2025-03-24 15:20:00+05:30,1.64773050516109,1.6547833866934234,0.7517885099485492
2025-03-24 15:25:00+05:30,1.6561100542677005,1.6359281559564904,0.29931227579167546
2025-03-25 09:15:00+05:30,1.6603011073606924,1.7668637064421773,-0.40096674268477983
2025-03-25 09:20:00+05:30,1.7681791719654165,1.7082061142255718,0.42944648151164155
2025-03-25 09:25:00+05:30,1.7095274423778903,1.7710551784587016,0.6958522620349575
2025-03-25 09:30:00+05:30,1.7734160705221262,1.879468279859868,0.47449049004350696
2025-03-25 09:35:00+05:30,1.883390940213033,1.8333799890228946,0.824152776897777
2025-03-25 09:40:00+05:30,1.8451626035808006,1.8014312032373927,1.8675749352379523
2025-03-25 09:45:00+05:30,1.7959362685636027,1.828142567003467,0.22389378558511824
2025-03-25 09:50:00+05:30,1.8252634118970525,1.8731849078375373,0.5649024398769545
2025-03-25 09:55:00+05:30,1.8844393427561243,1.8820869908695819,0.2267513353751197
2025-03-25 10:00:00+05:30,1.8870577920344793,1.8752793651783144,1.2461619771600398
2025-03-25 10:05:00+05:30,1.8765839949210597,1.8433305793928125,5.9626983029148475
2025-03-25 10:10:00+05:30,1.834688806467381,1.8035256605781698,0.0896467905924982
2025-03-25 10:15:00+05:30,1.7969821140273206,1.780481515159683,0.580584256639493
2025-03-25 10:20:00+05:30,1.7823198209002824,1.823953652321913,0.11737774948575141
2025-03-25 10:25:00+05:30,1.824739210625507,1.8155732656238353,-0.20130268175060775
2025-03-25 10:30:00+05:30,1.8200265133403426,1.8019554569063296,-0.126740299578302
2025-03-25 10:35:00+05:30,1.8027432138555761,1.7192052119333636,0.14487732782920693
2025-03-25 10:40:00+05:30,1.717382790212955,1.749581236712055,-0.05028638141140009
2025-03-25 10:45:00+05:30,1.7603238241303518,1.7312502596440587,-0.12051616278874411
2025-03-25 10:50:00+05:30,1.7325692846115388,1.7537701513936086,0.0073389445157147366
2025-03-25 10:55:00+05:30,1.7550869255736419,1.7506297440499285,0.028452419684753996
2025-03-25 11:00:00+05:30,1.7435672829965043,1.7459140183644675,-0.19091369506469144
2025-03-25 11:05:00+05:30,1.7608480254018974,1.7291558023032818,-0.09959357657328795
2025-03-25 11:10:00+05:30,1.7362361364329852,1.769482417451891,-0.17638878105114142
2025-03-25 11:15:00+05:30,1.773940271793672,1.7956695275490284,-0.14837438098438605
2025-03-25 11:20:00+05:30,1.7969821140273206,1.7668637064421773,-0.18835693998942696
2025-03-25 11:25:00+05:30,1.766609125230153,1.7516756940528317,-0.19747911816520092
2025-03-25 11:30:00+05:30,1.7603238241303518,1.778387057818906,-0.16988120308808138
2025-03-25 11:35:00+05:30,1.7723702250584084,1.7548186587314822,-0.15767587908625322
2025-03-25 11:40:00+05:30,1.7561353281167331,1.7317745133129956,-0.19504383787858023
2025-03-25 11:45:00+05:30,1.7325692846115388,1.7359634279945493,-0.22625128953254373
2025-03-25 11:50:00+05:30,1.7404246324466037,1.7757683468091923,-0.2065781582859951
2025-03-25 11:55:00+05:30,1.7770829223435727,1.7820542761664935,-0.20417758508184405
2025-03-25 12:00:00+05:30,1.7943636647489658,1.7747198394713186,-0.13882414879148638
2025-03-25 12:05:00+05:30,1.7760345198004812,1.7605803344198465,-0.19404890151445015
2025-03-25 12:10:00+05:30,1.7598021799381796,1.7637232990984972,-0.169418441988486
2025-03-25 12:15:00+05:30,1.7603238241303518,1.7642449954324635,-0.19414145373436922
2025-03-25 12:20:00+05:30,1.7671333265016986,1.7778628041499691,-0.04184677585752933
2025-03-25 12:25:00+05:30,1.7791771703503818,1.7946235775461252,-0.17187107581634153
2025-03-25 12:30:00+05:30,1.7959362685636027,1.797242288555839,-0.1724032510808762
2025-03-25 12:35:00+05:30,1.7985547178419576,1.8255238559937532,-0.10536652129074033
2025-03-25 12:40:00+05:30,1.8284035053675798,1.796718034886902,-0.05308608606395215
2025-03-25 12:45:00+05:30,1.798030516570412,1.8003852532344895,-0.23305387769659583
2025-03-25 12:50:00+05:30,1.8027432138555761,1.8050984215849801,-0.2154458178569916
2025-03-25 12:55:00+05:30,1.8064100656770223,1.8124303009451845,-0.17488480747745644
2025-03-25 13:00:00+05:30,1.8137412122405416,1.7857189371791105,-0.18479946403628747
2025-03-25 13:05:00+05:30,1.7838898676355461,1.7841487335072703,-0.2500025029692767
2025-03-25 13:10:00+05:30,1.7865083169139009,1.7993367458966159,-0.21048848957757607
2025-03-25 13:15:00+05:30,1.800648965848767,1.7611045880887835,0.02955726181003797
2025-03-25 13:20:00+05:30,1.7629422734087066,1.7684364674489879,-0.1751508951097238
2025-03-25 13:25:00+05:30,1.7697517757800536,1.738582139004263,-0.17925211535488786
2025-03-25 13:30:00+05:30,1.739900431175058,1.7432953073547537,-0.1406347015936533
2025-03-25 13:35:00+05:30,1.7372819818967031,1.7286315486343449,0.16450996747954097
2025-03-25 13:40:00+05:30,1.729950835333184,1.71972690826733,-0.060415064978793995
2025-03-25 13:45:00+05:30,1.7205254407628556,1.7129192825760624,-0.032481648104467804
2025-03-25 13:50:00+05:30,1.729950835333184,1.6982555238556538,-0.029803418240559536
2025-03-25 13:55:00+05:30,1.69591099471457,1.6935397981701927,0.00783641269777977
2025-03-25 14:00:00+05:30,1.6985294439929248,1.7008742348653674,-0.1830641099128048
2025-03-25 14:05:00+05:30,1.6980052427213792,1.7160622472547131,-0.15126085334311223
2025-03-25 14:10:00+05:30,1.717382790212955,1.7024444385372075,-0.14344597527369524
2025-03-25 14:15:00+05:30,1.7042905438211804,1.685161968807085,-0.2525245509620715
2025-03-25 14:20:00+05:30,1.6901498948863145,1.6343579522846503,0.0227315355910061
2025-03-25 14:25:00+05:30,1.6356866613124068,1.5935070834671041,0.1305028111730254
2025-03-25 14:30:00+05:30,1.5948398754018194,1.6228346009079218,-0.05056403807115732
2025-03-25 14:35:00+05:30,1.6252128641989871,1.628596276596286,0.04846683724225423
2025-03-25 14:40:00+05:30,1.6288797160204334,1.5997904554894349,0.1197436156074328
2025-03-25 14:45:00+05:30,1.602695223236884,1.6008389628273085,-0.05100366111577293
2025-03-25 14:50:00+05:30,1.605313672515239,1.6055521311777992,0.0015891378532421267
2025-03-25 14:55:00+05:30,1.6058353167074113,1.595601540807881,0.28333544882814493
2025-03-25 15:00:00+05:30,1.5964099221370829,1.6134082642069403,0.8897260247104425
2025-03-25 15:05:00+05:30,1.615263268357113,1.6013632164962452,0.6551697768667786
2025-03-25 15:10:00+05:30,1.602695223236884,1.5641770086913163,0.6233607357833411
2025-03-25 15:15:00+05:30,1.5644643295252783,1.5704603807136468,0.7086996670624742
2025-03-25 15:20:00+05:30,1.572319677360343,1.5301337655650376,0.34669322787649753
2025-03-25 15:25:00+05:30,1.5361855887349196,1.5385141522631156,0.7796814352266609
2025-03-26 09:15:00+05:30,1.617881717635468,1.5343226802465915,-0.40096674268477983
2025-03-26 09:20:00+05:30,1.5319970927213011,1.554226418321398,0.08087168324142079
2025-03-26 09:25:00+05:30,1.5550389349549498,1.4777595453707628,-0.1338321134296012
2025-03-26 09:30:00+05:30,1.47753130206802,1.533276730243688,-0.051842415608789556
2025-03-26 09:35:00+05:30,1.533042938185019,1.5364171375873683,-0.21873720617786374
2025-03-26 09:40:00+05:30,1.5340913407281105,1.5076113164805172,-0.17918848570369347
2025-03-26 09:45:00+05:30,1.5021457481163056,1.5207048715290858,-0.2362237912288242
2025-03-26 09:50:00+05:30,1.5209990943363358,1.4699034123416215,-0.2473242731053684
2025-03-26 09:55:00+05:30,1.4743912085974928,1.4882343894096177,-0.2937334268810402
2025-03-26 10:00:00+05:30,1.4880050991814397,1.4594285683027666,-0.22477623852758347
2025-03-26 10:05:00+05:30,1.4555378623774626,1.447380963257101,-0.2581123912396857
2025-03-26 10:10:00+05:30,1.4487283600061158,1.4190993958191869,-0.23773354931625412
2025-03-26 10:15:00+05:30,1.4157369219305933,1.406530094439555,-0.21184206579389256
2025-03-26 10:20:00+05:30,1.4073573728239828,1.3489184522258528,-0.16151679621289486
2025-03-26 10:25:00+05:30,1.35027568997172,1.35258567057344,-0.24430475693050854
2025-03-26 10:30:00+05:30,1.3507998912432657,1.4369061192182462,-0.26011961750918067
2025-03-26 10:35:00+05:30,1.4251623165009215,1.3730111049822131,-0.19821953592455352
2025-03-26 10:40:00+05:30,1.3790786320336244,1.3960552504007,-0.28717378829427564
2025-03-26 10:45:00+05:30,1.402120474267273,1.4342874082085324,-0.2924261267746832
2025-03-26 10:50:00+05:30,1.428304967050822,1.447380963257101,-0.2934094941113234
2025-03-26 10:55:00+05:30,1.4393029654357876,1.435860169215343,-0.3053602995083741
2025-03-26 11:00:00+05:30,1.4419214147141424,1.3866289136997187,-0.27710294986433115
2025-03-26 11:05:00+05:30,1.3879823824117803,1.4091488054492687,-0.3229162987242739
2025-03-26 11:10:00+05:30,1.4099758221023377,1.4175291921473467,-0.31017879945791105
2025-03-26 11:15:00+05:30,1.418879572480494,1.404959890767715,-0.27811523976969604
2025-03-26 11:20:00+05:30,1.4057873260887193,1.4028628760919675,-0.3050826428486169
2025-03-26 11:25:00+05:30,1.40369307808191,1.4112432627900455,-0.32528794935970023
2025-03-26 11:30:00+05:30,1.4220222230303945,1.358344788926834,-0.14299478320158973
2025-03-26 11:35:00+05:30,1.3591794403498763,1.3672494292938489,-0.31668637742097105
2025-03-26 11:40:00+05:30,1.3675564323771132,1.35258567057344,-0.29283682725057414
2025-03-26 11:45:00+05:30,1.352894139250075,1.3536316205763435,-0.33240868577972416
2025-03-26 11:50:00+05:30,1.3549883872568844,1.3572988389239307,-0.33031469180405504
2025-03-26 11:55:00+05:30,1.3602252858135941,1.285545134323786,-0.2771376569468008
2025-03-26 12:00:00+05:30,1.2863845047481106,1.2792617623014555,-0.30403564586078236
2025-03-26 12:05:00+05:30,1.2806259619992286,1.2719273256062806,-0.2716886449990652
2025-03-26 12:10:00+05:30,1.2769591101777822,1.2892123526713735,-0.29851143523436247
2025-03-26 12:15:00+05:30,1.2842902567413015,1.2698328682655038,-0.29846515912440297
2025-03-26 12:20:00+05:30,1.2711980103495268,1.2682626645936637,-0.24654914826354613
2025-03-26 12:25:00+05:30,1.2654369105212713,1.2761187976228048,-0.28101906566965706
2025-03-26 12:30:00+05:30,1.2764349089062366,1.2771647476257082,-0.2766922493884403
2025-03-26 12:35:00+05:30,1.2780075127208737,1.2886880990024367,-0.3167673606134003
2025-03-26 12:40:00+05:30,1.284814458012847,1.2787375086325186,-0.28692505420324316
2025-03-26 12:45:00+05:30,1.2801017607276828,1.3044003650607192,-0.28565246117935583
2025-03-26 12:50:00+05:30,1.3104747495248505,1.2839749306519461,-0.2991303782050713
2025-03-26 12:55:00+05:30,1.2764349089062366,1.2698328682655038,-0.3007095504574405
2025-03-26 13:00:00+05:30,1.269627963614263,1.2316007104576714,-0.25137921724057294
2025-03-26 13:05:00+05:30,1.2324454724457485,1.1865583696236008,-0.1882238961732933
2025-03-26 13:10:00+05:30,1.1879318347137149,1.2007004320100432,-0.21310308979028997
2025-03-26 13:15:00+05:30,1.202594127840753,1.1750350182468723,-0.1933026992413526
2025-03-26 13:20:00+05:30,1.176409635057204,1.1823694549420471,-0.19699321901062578
2025-03-26 13:25:00+05:30,1.18531338543536,1.1787022365944597,-0.21996930760553643
2025-03-26 13:30:00+05:30,1.1800764868786502,1.1556580911759728,-0.22651737716481107
2025-03-26 13:35:00+05:30,1.1575588459165471,1.173989068243969,-0.21185363482138245
2025-03-26 13:40:00+05:30,1.1758879908650317,1.1666571888837647,-0.07772233010366124
2025-03-26 13:45:00+05:30,1.1669842404868755,1.156704041178876,-0.23600976422026135
2025-03-26 13:50:00+05:30,1.1575588459165471,1.1787022365944597,-0.20907128371006523
2025-03-26 13:55:00+05:30,1.1779822388718408,1.1802724402662996,-0.24622521549382936
2025-03-26 14:00:00+05:30,1.1821707348854593,1.2164126980683256,-0.17563100975055398
2025-03-26 14:05:00+05:30,1.2177831793187104,1.2185071554091025,-0.1555240399731347
2025-03-26 14:10:00+05:30,1.2261601713459473,1.215888444399389,-0.18551095922691538
2025-03-26 14:15:00+05:30,1.2172589780471648,1.2169343944022921,-0.22299460829414125
2025-03-26 14:20:00+05:30,1.2114978782189092,1.215364190730452,-0.2218781971413674
2025-03-26 14:25:00+05:30,1.2235417220675926,1.2221718164217195,-0.21882397388403788
2025-03-26 14:30:00+05:30,1.2245901246106838,1.1902255879711883,-0.22387385438337246
2025-03-26 14:35:00+05:30,1.1921203307273334,1.1729405609060954,-0.19030632112147253
2025-03-26 14:40:00+05:30,1.1748395883219402,1.1766077792536827,-0.1840359082219551
2025-03-26 14:45:00+05:30,1.1769338363287496,1.1870826232925378,-0.13244383013081507
2025-03-26 14:50:00+05:30,1.1884560359852605,1.1891770806333146,-0.11423996537548176
2025-03-26 14:55:00+05:30,1.192644531998879,1.192844298980902,-0.10203464137365358
2025-03-26 15:00:00+05:30,1.192644531998879,1.2829264233140725,0.45743195900967226
2025-03-26 15:05:00+05:30,1.2842902567413015,1.2839749306519461,0.2966340459277672
2025-03-26 15:10:00+05:30,1.2842902567413015,1.3394921155248714,0.2689667166857084
2025-03-26 15:15:00+05:30,1.3424203421366554,1.325874306807366,0.8163841749383195
2025-03-26 15:20:00+05:30,1.3298522970164264,1.3394921155248714,0.528078225376652
2025-03-26 15:25:00+05:30,1.3398018928583004,1.308589279742273,0.3614842295223149
2025-03-27 09:15:00+05:30,1.308904702789587,1.2027948893508202,-0.40096674268477983
2025-03-27 09:20:00+05:30,1.2560115159509428,1.2934012673529274,0.30090880158527955
2025-03-27 09:25:00+05:30,1.2947640538547212,1.2886880990024367,-0.10228337546468609
2025-03-27 09:30:00+05:30,1.2895271552980112,1.3227313421287152,-0.062433860275778845
2025-03-27 09:35:00+05:30,1.3235669959166252,1.2488831801877938,-0.2516915809827998
2025-03-27 09:40:00+05:30,1.2586299652292978,1.2724515792752173,-0.24753830011393127
2025-03-27 09:45:00+05:30,1.296336657669358,1.3609634999365476,-0.16385373976585155
2025-03-27 09:50:00+05:30,1.3623195338204035,1.3363491508462209,-0.1841573830105989
2025-03-27 09:55:00+05:30,1.3424203421366554,1.3353006435083472,-0.21589700992909708
2025-03-27 10:00:00+05:30,1.337707644851491,1.3044003650607192,-0.10943881896717968
2025-03-27 10:05:00+05:30,1.3052378509681408,1.3091135334112098,-0.14922470450489256
2025-03-27 10:10:00+05:30,1.3104747495248505,1.3117322444209236,-0.21877769777407832
2025-03-27 10:15:00+05:30,1.31256899753166,1.3007331467131318,-0.20128532820937292
2025-03-27 10:20:00+05:30,1.3000009524114309,1.2996871967102286,-0.29446806012664783
2025-03-27 10:25:00+05:30,1.3000009524114309,1.2724515792752173,-0.3244839019491533
2025-03-27 10:30:00+05:30,1.273292258356336,1.2609307852334593,-0.2854557877120278
2025-03-27 10:35:00+05:30,1.2591541665008434,1.1944145026527422,-0.1857596933179479
2025-03-27 10:40:00+05:30,1.197881430555589,1.1865583696236008,-0.23840455291066742
2025-03-27 10:45:00+05:30,1.1879318347137149,1.22374457742853,-0.16943579552972082
2025-03-27 10:50:00+05:30,1.2240659233391382,1.2577878205548088,-0.25980146925320885
2025-03-27 10:55:00+05:30,1.2581057639577522,1.2771647476257082,-0.2684724553568773
2025-03-27 11:00:00+05:30,1.2780075127208737,1.294449774690801,-0.2195933142121152
2025-03-27 11:05:00+05:30,1.2947640538547212,1.285545134323786,-0.1794661423634507
2025-03-27 11:10:00+05:30,1.2884813098342933,1.2724515792752173,-0.18499613750361552
2025-03-27 11:15:00+05:30,1.2738164596278816,1.2698328682655038,-0.30534873048088423
2025-03-27 11:20:00+05:30,1.2706738090779812,1.2792617623014555,-0.32314767927407156
2025-03-27 11:25:00+05:30,1.281147606191401,1.3080675834083066,-0.2458434375866632
2025-03-27 11:30:00+05:30,1.3078563002464958,1.3201126311190017,-0.28217596841864556
2025-03-27 11:35:00+05:30,1.3204243453667246,1.294449774690801,-0.28447820488913256
2025-03-27 11:40:00+05:30,1.2921456045763662,1.2839749306519461,-0.25364674662859027
2025-03-27 11:45:00+05:30,1.284814458012847,1.286069387992723,-0.32356416426370743
2025-03-27 11:50:00+05:30,1.284814458012847,1.2892123526713735,-0.2842236862843551
2025-03-27 11:55:00+05:30,1.2895271552980112,1.281880473311169,-0.32730096014294013
2025-03-27 12:00:00+05:30,1.2827202100060378,1.248358926518857,-0.28558304701441656
2025-03-27 12:05:00+05:30,1.2544414692156793,1.2436457581683664,-0.31536750828712423
2025-03-27 12:10:00+05:30,1.2481561681158782,1.2494074338567307,-0.31286281383556425
2025-03-27 12:15:00+05:30,1.2502504161226875,1.2504559411946043,-0.263393652288818
2025-03-27 12:20:00+05:30,1.2512988186657787,1.2771647476257082,-0.23331996532886318
2025-03-27 12:25:00+05:30,1.277483311449328,1.235789625139225,-0.27738639103783336
2025-03-27 12:30:00+05:30,1.2355881229956491,1.2331709141295113,-0.2846864473839505
2025-03-27 12:35:00+05:30,1.23349387498884,1.2420755544965263,-0.26319697882148996
2025-03-27 12:40:00+05:30,1.2429192695591682,1.2614524815674257,-0.27076312279987447
2025-03-27 12:45:00+05:30,1.2628184612429163,1.2604065315645223,-0.2762005657201202
2025-03-27 12:50:00+05:30,1.2617726157791984,1.2452185191751768,-0.2556597574118302
2025-03-27 12:55:00+05:30,1.2455377188375232,1.2530746522043181,-0.22845518926936673
2025-03-27 13:00:00+05:30,1.2544414692156793,1.2441700118373031,-0.24263303245822024
2025-03-27 13:05:00+05:30,1.2450135175659776,1.2389325898178756,-0.18458543702772462
2025-03-27 13:10:00+05:30,1.240825021552359,1.2284577457790207,-0.23544866638700193
2025-03-27 13:15:00+05:30,1.2298270231673936,1.2289819994479576,-0.28528803681342446
2025-03-27 13:20:00+05:30,1.22825697643213,1.2190314090780394,-0.23587093589038272
2025-03-27 13:25:00+05:30,1.2204016285970654,1.2080323113702476,-0.2713010825781541
2025-03-27 13:30:00+05:30,1.2088794289405542,1.2137939870586119,-0.18453337640402012
2025-03-27 13:35:00+05:30,1.2151647300403554,1.204889346691597,-0.08170207556018153
2025-03-27 13:40:00+05:30,1.2057367783906536,1.2012221283440097,-0.014705837366260228
2025-03-27 13:45:00+05:30,1.2046909329269357,1.1991276710032328,-0.17195784352251564
2025-03-27 13:50:00+05:30,1.1999756785623983,1.2012221283440097,-0.14525074356211723
2025-03-27 13:55:00+05:30,1.1947387800056883,1.2038408393537234,-0.2196742974045444
2025-03-27 14:00:00+05:30,1.205212577119108,1.2012221283440097,-0.1360649357351489
2025-03-27 14:05:00+05:30,1.2057367783906536,1.204889346691597,-0.18291949706918123
2025-03-27 14:10:00+05:30,1.205212577119108,1.2169343944022921,-0.0844092279928145
2025-03-27 14:15:00+05:30,1.2151647300403554,1.2520261448664443,-0.06647145086974854
2025-03-27 14:20:00+05:30,1.2507746173942331,1.224268831097467,-0.14065205513488813
2025-03-27 14:25:00+05:30,1.2235417220675926,1.2232203237595933,-0.14225436544223713
2025-03-27 14:30:00+05:30,1.219353226053974,1.2122212260518015,0.01131290545849007
2025-03-27 14:35:00+05:30,1.2130679249541727,1.2111752760488983,0.13374213887019307
2025-03-27 14:40:00+05:30,1.2125462807620004,1.2263632884382438,0.1134616336804255
2025-03-27 14:45:00+05:30,1.2272085738890388,1.2583120742237455,0.2702855858195552
2025-03-27 14:50:00+05:30,1.2638668637860078,1.266689903586853,0.3693280301604566
2025-03-27 14:55:00+05:30,1.2602000119645613,1.2431215044994295,0.7069585284252466
2025-03-27 15:00:00+05:30,1.238206572274004,1.1294709810788355,6.693901331871765
2025-03-27 15:05:00+05:30,1.129801749318361,1.1697975962274447,6.7383032593779415
2025-03-27 15:10:00+05:30,1.18531338543536,1.1383730641108798,6.42832852132772
2025-03-27 15:15:00+05:30,1.1355628491466165,1.11742337603317,5.756104394514234
2025-03-27 15:20:00+05:30,1.0999529617927388,1.122139101718631,6.226674587665288
2025-03-27 15:25:00+05:30,1.114615254919777,1.1383730641108798,3.577592888517784
2025-03-28 09:15:00+05:30,1.2900513565695568,1.3714383439754028,-0.40096674268477983
2025-03-28 09:20:00+05:30,1.3706990829270138,1.4023411797580012,-0.07382356783957016
2025-03-28 09:25:00+05:30,1.4042147222740822,1.37353535865115,-0.1366780941921128
2025-03-28 09:30:00+05:30,1.3759359814837238,1.3730111049822131,-0.12763111469502308
2025-03-28 09:35:00+05:30,1.3706990829270138,1.3620120072744215,-0.11563981770175778
2025-03-28 09:40:00+05:30,1.3633679363634947,1.345775487547202,-0.22755280512515574
2025-03-28 09:45:00+05:30,1.3445145901434645,1.4452865059163242,-0.23222090771732415
2025-03-28 09:50:00+05:30,1.446109910727761,1.4850914247309672,-0.17781755594614218
2025-03-28 09:55:00+05:30,1.4906235484597947,1.4798540027115397,-0.24866628029419502
2025-03-28 10:00:00+05:30,1.480149751346375,1.4740923270231754,-0.28388239997340353
2025-03-28 10:05:00+05:30,1.4785797046111113,1.4568098572930528,-0.19640319860864167
2025-03-28 10:10:00+05:30,1.4607747609341726,1.4772352917018259,-0.2883191220157742
2025-03-28 10:15:00+05:30,1.4838166031678213,1.4971364724416623,-0.2619706619075622
2025-03-28 10:20:00+05:30,1.4984788962948594,1.5505591999738106,-0.10773817192616665
2025-03-28 10:25:00+05:30,1.5513720831335036,1.5537021646524611,-0.24920424007247463
2025-03-28 10:30:00+05:30,1.559751632240114,1.5777948174088217,-0.16582047443913192
2025-03-28 10:35:00+05:30,1.581223427738499,1.5709846343825837,-0.24673425270338428
2025-03-28 10:40:00+05:30,1.5702254293535336,1.536941391256305,-0.24466339678269497
2025-03-28 10:45:00+05:30,1.5414224872916296,1.5699386843796805,-0.2644175112216728
2025-03-28 10:50:00+05:30,1.571273831896625,1.5311797155679407,-0.20514359887724942
2025-03-28 10:55:00+05:30,1.533042938185019,1.5296095118961008,-0.2683336270269987
2025-03-28 11:00:00+05:30,1.5304244889066643,1.5091840774873277,-0.3011954496120157
2025-03-28 11:05:00+05:30,1.5094768946798247,1.487710135740681,-0.31011516980671666
2025-03-28 11:10:00+05:30,1.4885293004529854,1.447905216926038,-0.2746040399265161
2025-03-28 11:15:00+05:30,1.4429698172572338,1.4316686971988186,-0.23191432848884222
2025-03-28 11:20:00+05:30,1.4324960201438142,1.4384788802250568,-0.288839728252819
2025-03-28 11:25:00+05:30,1.4387787641642418,1.4248610715075511,-0.3161831247251611
2025-03-28 11:30:00+05:30,1.4256865177724671,1.4096730591182056,-0.2901933044691355
2025-03-28 11:35:00+05:30,1.4094516208307921,1.4300984935269787,-0.32704065702441776
2025-03-28 11:40:00+05:30,1.4372087174289783,1.4264312751793913,-0.2689757080526873
2025-03-28 11:45:00+05:30,1.4277807657792765,1.4573341109619897,-0.3131346859815765
2025-03-28 11:50:00+05:30,1.462869008940982,1.466760447662971,-0.2797349036182799
2025-03-28 11:55:00+05:30,1.4681059074976917,1.4719978696823985,-0.31838123994823914
2025-03-28 12:00:00+05:30,1.4738670073259472,1.504470909136837,-0.17658545451846946
2025-03-28 12:05:00+05:30,1.5058125999377519,1.5322282229058144,-0.2766286197372459
2025-03-28 12:10:00+05:30,1.5304244889066643,1.5243720898766733,-0.33134433525065476
2025-03-28 12:15:00+05:30,1.5236175436146908,1.474616580692112,-0.25091067162723263
2025-03-28 12:20:00+05:30,1.4754370540612107,1.4798540027115397,-0.2621152747511858
2025-03-28 12:25:00+05:30,1.4822465564325575,1.475140834361049,-0.3234716120437884
2025-03-28 12:30:00+05:30,1.474912852789665,1.4719978696823985,-0.29168570901533064
2025-03-28 12:35:00+05:30,1.4717727593191379,1.4898045930814579,-0.2444378007466422
2025-03-28 12:40:00+05:30,1.4911477497313403,1.4971364724416623,-0.3284867854606533
2025-03-28 12:45:00+05:30,1.5021457481163056,1.4955662687698221,-0.3199199206043938
2025-03-28 12:50:00+05:30,1.5000515001094965,1.504470909136837,-0.31724747525423047
2025-03-28 12:55:00+05:30,1.5058125999377519,1.5002794371203128,-0.2827370662519049
2025-03-28 13:00:00+05:30,1.5010973455732144,1.4761867843639522,-0.3464824077211687
2025-03-28 13:05:00+05:30,1.4733428060544016,1.529085258227164,-0.3349596563412437
2025-03-28 13:10:00+05:30,1.53094869017821,1.518610414188309,-0.3348497505800898
2025-03-28 13:15:00+05:30,1.5209990943363358,1.5081355701494539,-0.3199719812280983
2025-03-28 13:20:00+05:30,1.5126195452297253,1.5296095118961008,-0.3217825340302652
2025-03-28 13:25:00+05:30,1.5319970927213011,1.5337984265776545,-0.3311592308108166
2025-03-28 13:30:00+05:30,1.5361855887349196,1.566271466032093,-0.1659419492277757
2025-03-28 13:35:00+05:30,1.567082778803633,1.5411328632728294,-0.24221076295483945
2025-03-28 13:40:00+05:30,1.5487536338551486,1.5463702852922567,-0.31709129338311703
2025-03-28 13:45:00+05:30,1.5477077883914307,1.5191346678572457,-0.2669395592144676
2025-03-28 13:50:00+05:30,1.5199506917932444,1.5259422935485134,-0.2742454000743297
2025-03-28 13:55:00+05:30,1.5319970927213011,1.5400843559349557,-0.1693490278235467
2025-03-28 14:00:00+05:30,1.5419466885631752,1.5317039692368777,-0.11840481527184019
2025-03-28 14:05:00+05:30,1.5388040380132746,1.5657472123631562,-0.08971362709692655
2025-03-28 14:10:00+05:30,1.567082778803633,1.5704603807136468,-0.047006562118017826
2025-03-28 14:15:00+05:30,1.572319677360343,1.5652229586942195,0.001357757303444436
2025-03-28 14:20:00+05:30,1.5660369333399151,1.5531779109835244,-0.09552127889684858
2025-03-28 14:25:00+05:30,1.5518962844050492,1.5688901770418069,-0.13760361639130356
2025-03-28 14:30:00+05:30,1.5702254293535336,1.5709846343825837,-0.10680686521323095
2025-03-28 14:35:00+05:30,1.57389228117498,1.6317392412749365,0.21057783494426116
2025-03-28 14:40:00+05:30,1.6356866613124068,1.655831894031297,0.12436544208964166
2025-03-28 14:45:00+05:30,1.6561100542677005,1.6469272536642823,0.002323771098849794
2025-03-28 14:50:00+05:30,1.6487789077041815,1.655831894031297,0.10208927965786901
2025-03-28 14:55:00+05:30,1.6613469528244103,1.6422140853137914,0.04060568306287769
2025-03-28 15:00:00+05:30,1.6435420091474715,1.5641770086913163,0.8784057313115905
2025-03-28 15:05:00+05:30,1.5655127320683695,1.5537021646524611,0.886371006738376
2025-03-28 15:10:00+05:30,1.5545147336834042,1.6134082642069403,0.7502498292923946
2025-03-28 15:15:00+05:30,1.6147390670855675,1.5652229586942195,0.7802309640324304
2025-03-28 15:20:00+05:30,1.5691770268104424,1.5940287798010706,1.3375746478713624
2025-03-28 15:25:00+05:30,1.5932672715871823,1.6134082642069403,0.7755512924127721
