Date,Open,Close,Volume
2020-03-30 00:00:00+05:30,-2.1922692115898252,-2.44779918799418,0.25354997952076946
2020-03-31 00:00:00+05:30,-2.2803363559911163,-2.4355947888200085,0.017665556788696444
2020-04-01 00:00:00+05:30,-2.4543866347649215,-3.029690367062937,1.3900039049526767
2020-04-03 00:00:00+05:30,-3.0445446686357536,-3.241571555351511,1.233175831631184
2020-04-07 00:00:00+05:30,-2.839487553461372,-2.944522812463309,0.8968863310335866
2020-04-08 00:00:00+05:30,-3.028129658250569,-2.9985320794349315,0.6493488126060323
2020-04-09 00:00:00+05:30,-2.870754789741865,-2.5558164502484413,0.7986965040926793
2020-04-13 00:00:00+05:30,-2.688364827280922,-2.670064352677117,-0.03115776247452249
2020-04-15 00:00:00+05:30,-2.605769417510145,-3.070716325358024,1.0032602255154548
2020-04-16 00:00:00+05:30,-3.131570324129677,-3.2935028825241757,1.4367601744194518
2020-04-17 00:00:00+05:30,-3.0148414371743435,-3.0058023253533164,0.9039674111388122
2020-04-20 00:00:00+05:30,-2.844699267049715,-3.0499445575023483,0.46708364433594046
2020-04-21 00:00:00+05:30,-3.209476246454953,-3.297138005483368,0.08732979452764533
2020-04-22 00:00:00+05:30,-3.3290715170550933,-3.1828894672102006,0.5541301270600761
2020-04-23 00:00:00+05:30,-3.0948314743236414,-2.6765563249376303,1.329555318153415
2020-04-24 00:00:00+05:30,-2.8499097290097692,-2.729007137060034,0.5154172742819054
2020-04-27 00:00:00+05:30,-2.678463985873148,-2.3963860740822716,0.7283732351360165
2020-04-28 00:00:00+05:30,-2.3751781266832057,-2.276683897603578,0.4925837301570675
2020-04-29 00:00:00+05:30,-2.2871105912939176,-2.270452621584672,0.4979424844874226
2020-04-30 00:00:00+05:30,-2.2193660913020348,-2.118033702628755,0.40502943745371783
2020-05-04 00:00:00+05:30,-2.453865932371103,-2.530369317845111,0.15132226507309568
2020-05-05 00:00:00+05:30,-2.443443370788044,-2.735239048923432,0.13156254609431595
2020-05-06 00:00:00+05:30,-2.7873765312911543,-2.695771545477563,0.04515136514961333
2020-05-07 00:00:00+05:30,-2.789981947561106,-2.935434687143082,0.5281528638073342
2020-05-08 00:00:00+05:30,-2.834275994530289,-2.843775796127433,-0.19064806304898038
2020-05-11 00:00:00+05:30,-2.7376101470892467,-2.9943774715259996,0.060210282404921066
2020-05-12 00:00:00+05:30,-3.0635656761714336,-3.1566640611489984,1.2670612537743287
2020-05-13 00:00:00+05:30,-2.870493415193506,-3.0034655968462265,1.6222206194151672
2020-05-14 00:00:00+05:30,-3.0588753240099615,-3.0740926596090845,0.5835283124242778
2020-05-15 00:00:00+05:30,-3.0539254648747995,-3.047088344045519,-0.11454646014872047
2020-05-18 00:00:00+05:30,-3.0791980927051132,-3.3828244091882436,0.4319718416779992
2020-05-19 00:00:00+05:30,-3.2094759861076967,-3.2955801864786416,0.428844948879058
2020-05-20 00:00:00+05:30,-3.313698282276627,-3.1416034485179978,0.18539536550082647
2020-05-21 00:00:00+05:30,-3.1313096970507837,-3.1927558661882993,0.34130640389384026
2020-05-22 00:00:00+05:30,-3.2615869538363405,-3.141083963568258,0.17145108467822856
2020-05-26 00:00:00+05:30,-3.1573653468502605,-3.177436464849166,0.23207958376409366
2020-05-27 00:00:00+05:30,-3.13678117029337,-2.843256311177693,1.585643200360123
2020-05-28 00:00:00+05:30,-2.823854355206174,-2.78145858502693,1.3622924512059238
2020-05-29 00:00:00+05:30,-2.8629379396601125,-2.809761295042598,0.23780808588730046
2020-06-01 00:00:00+05:30,-2.6935770089355255,-2.6830482971981438,0.5497906599649743
2020-06-02 00:00:00+05:30,-2.307954770883481,-2.1922952525063133,2.7882217942281144
2020-06-03 00:00:00+05:30,-2.094300704247078,-1.9656154195173292,1.7148713482947835
2020-06-04 00:00:00+05:30,-2.0106621859753537,-2.2364381204998374,0.3471343539356612
2020-06-05 00:00:00+05:30,-2.1985214886724624,-2.2187800831201394,0.278960324920761
2020-06-08 00:00:00+05:30,-2.1411992864624585,-2.2242330854811736,0.19573039876087972
2020-06-09 00:00:00+05:30,-2.2092053822536117,-2.3935304964699338,0.2334895438423192
2020-06-10 00:00:00+05:30,-2.404360691960751,-2.2476029139300384,0.10384634645990687
2020-06-11 00:00:00+05:30,-2.2506324096099632,-2.42183257064111,-0.003917014494398786
2020-06-12 00:00:00+05:30,-2.7404770401165504,-2.519983433917273,0.9917725887214421
2020-06-15 00:00:00+05:30,-2.58414361551172,-2.680451508293938,0.681381828508093
2020-06-16 00:00:00+05:30,-2.552876697341097,-2.53556225980903,0.18796332216716627
2020-06-17 00:00:00+05:30,-2.5870098777381254,-2.7069363389077643,0.22311999503567534
2020-06-18 00:00:00+05:30,-2.7404769611861814,-2.3976851043788656,0.49131830393019005
2020-06-19 00:00:00+05:30,-2.4069656815679727,-2.4020985009959297,0.8839527085595944
2020-06-22 00:00:00+05:30,-2.3767415750335132,-2.127641312898721,0.6987017297872505
2020-06-23 00:00:00+05:30,-2.1411995947138953,-1.948217442534747,0.0592921688656114
2020-06-24 00:00:00+05:30,-1.9483888119648212,-2.1871023105423943,0.20227109483979633
2020-06-25 00:00:00+05:30,-2.234999676372035,-1.9908018556790523,1.2059014309931346
2020-06-26 00:00:00+05:30,-2.0109225634183425,-2.2068370160320665,0.49599386616021773
2020-06-29 00:00:00+05:30,-2.239689678214365,-2.126082858049503,-0.12410273638882358
2020-06-30 00:00:00+05:30,-2.0896093514059717,-2.1011558464404034,0.08255543154550211
2020-07-01 00:00:00+05:30,-2.328799336919465,-2.1203704311358442,0.9803740451820664
2020-07-02 00:00:00+05:30,-2.1247839880471413,-2.1450373823478284,0.12900429692545473
2020-07-03 00:00:00+05:30,-2.1156649294877483,-2.1356898324749776,-0.3509514204678128
2020-07-06 00:00:00+05:30,-2.0630335924580456,-2.0624672524968974,-0.2474112523610319
2020-07-07 00:00:00+05:30,-2.063033186031002,-2.0606493730950555,-0.17703944591697593
2020-07-08 00:00:00+05:30,-2.073455057158602,-2.1411428348360118,-0.2182818568159044
2020-07-09 00:00:00+05:30,-2.1372917095944333,-2.0611688580447947,-0.20473234755743636
2020-07-10 00:00:00+05:30,-2.0974259424143784,-2.1587996005267263,-0.2970519429119492
2020-07-13 00:00:00+05:30,-2.1151435123100546,-2.2304643615000797,-0.2239786477806811
2020-07-14 00:00:00+05:30,-2.277731116314965,-2.423910510440068,-0.31927477758429984
2020-07-15 00:00:00+05:30,-2.394459192451916,-2.4670131368451296,-0.004838148144035126
2020-07-16 00:00:00+05:30,-2.4872179204850067,-2.297457572992729,-0.04118431303692237
2020-07-17 00:00:00+05:30,-2.3392215474507023,-2.272529925539138,-0.042024335152070824
2020-07-20 00:00:00+05:30,-2.2714773744033505,-2.316152036893939,-0.19700366950930492
2020-07-21 00:00:00+05:30,-2.2970120288492666,-2.108686152755904,0.002000675968557679
2020-07-22 00:00:00+05:30,-2.0890887762270443,-2.195152101807634,-0.04797567827295311
2020-07-23 00:00:00+05:30,-2.2193668443845773,-2.030529419522037,-0.018606399679021033
2020-07-24 00:00:00+05:30,-2.115144440585452,-2.1554245379646497,-0.27668367170234415
2020-07-27 00:00:00+05:30,-2.0890883505286584,-2.297716361700861,0.682947971434641
2020-07-28 00:00:00+05:30,-2.270955811218669,-1.978596820660389,0.5084140698786749
2020-07-29 00:00:00+05:30,-1.9848665466316997,-1.9505548068863283,-0.07058012545729596
2020-07-30 00:00:00+05:30,-1.932234401292029,-1.9736639390935855,0.36718767078262715
2020-07-31 00:00:00+05:30,-2.0369781106357934,-2.07363268177159,-0.25280495368231
2020-08-03 00:00:00+05:30,-2.1359887433507634,-2.3706801529708086,0.18256336490306865
2020-08-04 00:00:00+05:30,-2.323587832346389,-2.2907055403350998,0.11899780852451063
2020-08-05 00:00:00+05:30,-2.2610552686579704,-2.2374764545548245,-0.19832820360971878
2020-08-06 00:00:00+05:30,-2.193311183802185,-2.2068370160320665,-0.15470314138520871
2020-08-07 00:00:00+05:30,-2.2115492653023963,-2.1943725564607792,-0.34254559054000727
2020-08-10 00:00:00+05:30,-2.1724661389051607,-2.102454240892506,-0.3095429035009171
2020-08-11 00:00:00+05:30,-2.047399276603566,-2.079603897393381,-0.4081561930540577
2020-08-12 00:00:00+05:30,-2.167254623107474,-2.2328017258516613,-0.11967849048240865
2020-08-13 00:00:00+05:30,-2.2094648390553338,-2.226829874385379,-0.22945130341478515
2020-08-14 00:00:00+05:30,-2.2321334469047045,-2.376393215728959,-0.2294137677578679
2020-08-17 00:00:00+05:30,-2.3230682234871742,-2.27201107643389,-0.33730979784438114
2020-08-18 00:00:00+05:30,-2.3308845720048033,-2.0549375820258886,-0.028695725391782546
2020-08-19 00:00:00+05:30,-2.050787318024624,-2.1263429184466185,-0.21533530774789908
2020-08-20 00:00:00+05:30,-2.2037328681683976,-2.2159245055078016,-0.33514200579632597
2020-08-21 00:00:00+05:30,-2.2089440289521276,-2.2104715031467674,-0.4119872030034469
2020-08-24 00:00:00+05:30,-2.1797615133746673,-1.9619790248691533,0.3525261137574436
2020-08-25 00:00:00+05:30,-1.948388947224477,-1.8952477813070951,0.036083052449434674
2020-08-26 00:00:00+05:30,-1.854589616182392,-1.705179238307151,0.28554653837674393
2020-08-27 00:00:00+05:30,-1.6930448299475507,-1.7919039760670135,-0.02403138071439684
2020-08-28 00:00:00+05:30,-1.8545888975044493,-1.5473066811457075,1.3484213001976646
2020-08-31 00:00:00+05:30,-1.4481224186083457,-1.8887558090465817,0.5563005077741255
2020-09-01 00:00:00+05:30,-1.8032605606263257,-1.7365975863322718,-0.029501447682506603
2020-09-02 00:00:00+05:30,-1.7764228945037843,-1.7737283612710513,-0.23076246274089515
2020-09-03 00:00:00+05:30,-1.7305651467951608,-1.9129051828423014,-0.43140586523747837
2020-09-04 00:00:00+05:30,-2.0109220347126056,-1.9993698602050483,-0.06325290636044632
2020-09-07 00:00:00+05:30,-2.016133035081711,-2.05805258419085,-0.44728344811348164
2020-09-08 00:00:00+05:30,-2.053132004351161,-2.151789415005457,-0.33892145814799546
2020-09-09 00:00:00+05:30,-2.2037328971577845,-2.279280686507783,-0.205274673083241
2020-09-10 00:00:00+05:30,-2.2714773081385604,-2.313815308386849,-0.2383778866517762
2020-09-11 00:00:00+05:30,-2.3392218249531163,-2.2574699487526284,-0.19299727743880232
2020-09-14 00:00:00+05:30,-2.2349997166390687,-2.3906742830131047,-0.10869327061345517
2020-09-15 00:00:00+05:30,-2.3856000989523203,-2.2907055403350998,0.13697113224506122
2020-09-16 00:00:00+05:30,-2.3027435552400606,-2.2831752340195997,-0.2392539343686786
2020-09-17 00:00:00+05:30,-2.3496434371610158,-2.388596343214147,-0.23426988944099755
2020-09-18 00:00:00+05:30,-2.3595452618366175,-2.534005076648795,0.4603869811308676
2020-09-21 00:00:00+05:30,-2.552876276794577,-2.4781779302753306,0.5317163782706462
2020-09-22 00:00:00+05:30,-2.490082785085536,-2.5680195777336294,-0.03379194584588299
2020-09-23 00:00:00+05:30,-2.5317718220428835,-2.5428331415719065,-0.33644496768012067
2020-09-24 00:00:00+05:30,-2.599777636538617,-2.6949932718196914,0.26343005473232556
2020-09-25 00:00:00+05:30,-2.6620497406221935,-2.6589001950914075,-0.16286951970854205
2020-09-28 00:00:00+05:30,-2.6466766424257555,-2.5256958608309312,-0.5399249009399517
2020-09-29 00:00:00+05:30,-2.4965967529031663,-2.605929898019264,-0.44125983806692526
2020-09-30 00:00:00+05:30,-2.6193177727998305,-2.5802233410633097,-0.31157932074976186
2020-10-01 00:00:00+05:30,-2.5320322253284204,-2.388855767766771,-0.2658947590046246
2020-10-05 00:00:00+05:30,-2.37569932808279,-2.339261804945688,-0.11540330859283184
2020-10-06 00:00:00+05:30,-2.297533032091761,-2.2164439904575413,-0.38019730598268353
2020-10-07 00:00:00+05:30,-2.2198870509956277,-2.2868109928232836,-0.3365914430309645
2020-10-08 00:00:00+05:30,-2.2897156551829,-2.310699034532904,0.16746130321452268
2020-10-09 00:00:00+05:30,-2.3079552672644983,-2.3119980648294987,0.197969379123778
2020-10-12 00:00:00+05:30,-2.281899426008663,-2.348089869868799,0.1682995995523416
2020-10-13 00:00:00+05:30,-2.3254121027460513,-2.1816499440258514,0.10293794041807582
2020-10-14 00:00:00+05:30,-2.2441194650932372,-2.1380278326710505,-0.22369303163264398
2020-10-15 00:00:00+05:30,-2.149797849427674,-2.365486575162398,-0.19382565055697645
2020-10-16 00:00:00+05:30,-2.3835155847247584,-2.2252714195361607,-0.43941347204649495
2020-10-19 00:00:00+05:30,-2.1672555665448,-2.0167678371876305,-0.09152113901813862
2020-10-20 00:00:00+05:30,-2.054174197728748,-2.0577925237937347,-0.25171749824254025
2020-10-21 00:00:00+05:30,-2.0369775815966524,-1.9305606768440324,-0.02470551248374428
2020-10-22 00:00:00+05:30,-1.969233339594803,-1.931859071296135,-0.1693157294786669
2020-10-23 00:00:00+05:30,-1.9066992944742431,-1.983789762624308,-0.43341164993872394
2020-10-26 00:00:00+05:30,-1.9119108687236586,-1.8080022869085097,0.7825143215180141
2020-10-27 00:00:00+05:30,-1.6331171711906056,-0.9212726340834269,6.2067386035348235
2020-10-28 00:00:00+05:30,-0.9947568004892299,-1.1097839939231364,0.6148108309101594
2020-10-29 00:00:00+05:30,-1.2188346282008728,-1.0082580680848967,0.6236653629436426
2020-10-30 00:00:00+05:30,-0.9999688575137156,-1.1302976089151717,-0.04163150508743668
2020-11-02 00:00:00+05:30,-1.0989793551603997,-0.9573657108117108,0.2842116496123529
2020-11-03 00:00:00+05:30,-0.9634898244146806,-0.8903731351635535,0.18673931459619753
2020-11-04 00:00:00+05:30,-0.9218007040384903,-0.6977071674149123,0.14951494476474597
2020-11-05 00:00:00+05:30,-0.6404021902499488,-0.4653149075122698,0.3623127812710389
2020-11-06 00:00:00+05:30,-0.5518132973727644,-0.24408616935084493,0.3371065090402642
2020-11-09 00:00:00+05:30,-0.18703653607511458,-0.19163599307293258,0.17586540736499867
2020-11-10 00:00:00+05:30,-0.18182418536834255,-0.06284505542952039,0.7785094395026749
2020-11-11 00:00:00+05:30,0.04225246779709772,0.2222580769926418,1.3243978326041164
2020-11-12 00:00:00+05:30,0.1725298552167271,-0.05349814140116131,0.5134680087882019
2020-11-13 00:00:00+05:30,-0.08333394175960267,-0.009095213010521897,0.40331099467783893
2020-11-14 00:00:00+05:30,0.04199202690838112,0.028554411033505152,-0.8810347133410912
2020-11-17 00:00:00+05:30,0.03078805960292914,0.16409483795657936,0.30886545737551196
2020-11-18 00:00:00+05:30,0.13344702124701163,0.3404024344666088,0.38404527945963696
2020-11-19 00:00:00+05:30,0.27675181886608347,0.31833100046984686,0.9325232014440372
2020-11-20 00:00:00+05:30,0.28196344907802817,0.6457597573281826,1.0184880532268903
2020-11-23 00:00:00+05:30,0.6592471745384129,0.6896412932356062,1.304788687697338
2020-11-24 00:00:00+05:30,0.67800733201586,0.8301165092589602,0.9825961992160017
2020-11-25 00:00:00+05:30,0.9020841118952485,0.5058033904100775,0.5268363114270693
2020-11-26 00:00:00+05:30,0.5685745307509376,0.6442019383234561,0.5327475302250401
2020-11-27 00:00:00+05:30,0.6727967129595827,0.7376787087409475,16.029700077258777
2020-12-01 00:00:00+05:30,0.8551846198300672,0.5753921191179484,0.7681493824713435
2020-12-02 00:00:00+05:30,0.594629907567225,0.25523487986698107,0.6607656925295343
2020-12-03 00:00:00+05:30,0.3653405649265789,0.2905477754039183,0.014573610980678253
2020-12-04 00:00:00+05:30,0.3236517899694101,0.42167480570992855,-0.08748389867787068
2020-12-07 00:00:00+05:30,0.43542958452702135,0.2882110468968285,0.3531808305318338
2020-12-08 00:00:00+05:30,0.34606028567473823,0.3570208661023362,-0.09524881804992222
2020-12-09 00:00:00+05:30,0.36586187115206165,0.6153797433580475,-0.005247804537632178
2020-12-10 00:00:00+05:30,0.6988517450434304,0.7179446390957671,0.06476957038737166
2020-12-11 00:00:00+05:30,0.6649795460624858,0.8067473166545873,0.23117376638825687
2020-12-14 00:00:00+05:30,0.8760296347198634,0.9051576044833738,-0.20234732328802665
2020-12-15 00:00:00+05:30,0.9489845641632205,0.9664364815288893,-0.05459338716519996
2020-12-16 00:00:00+05:30,1.0375736773294484,0.9737073632917659,-0.35168595444369377
2020-12-17 00:00:00+05:30,1.0375738796476204,1.0406986672509386,-0.20161408364514283
2020-12-18 00:00:00+05:30,1.0313199870568501,0.9570882958115468,-0.2207473454533034
2020-12-21 00:00:00+05:30,0.8812397731022684,0.8090834093171841,-0.09782130488175204
2020-12-22 00:00:00+05:30,0.8551857371325404,0.7161273955384168,0.14642645051138686
2020-12-23 00:00:00+05:30,0.7040625939757956,0.8085645602119365,-0.44312605052664517
2020-12-24 00:00:00+05:30,0.7926521973923156,1.0155122310892166,-0.22819234885289344
2020-12-28 00:00:00+05:30,1.027150820874977,1.1624775118396076,-0.3563518091762428
2020-12-29 00:00:00+05:30,1.131373292783494,1.2164867788112286,-0.26794972835976183
2020-12-30 00:00:00+05:30,1.2366368307896352,1.3133379759463064,-0.37482582404452314
2020-12-31 00:00:00+05:30,1.3069870367411494,1.1972715582712972,-0.34518602985418734
2021-01-01 00:00:00+05:30,1.2038074099544274,1.189222402850549,-0.7094825235662197
2021-01-04 00:00:00+05:30,1.2408059369556532,1.0412175163561863,-0.27041672705232417
2021-01-05 00:00:00+05:30,1.0089123929962456,1.011097562783169,-0.24414155148807218
2021-01-06 00:00:00+05:30,1.0839529255898284,1.0664052242068942,-0.20330858126057455
2021-01-07 00:00:00+05:30,1.136584842944695,0.9729284537894026,-0.21047012573378937
2021-01-08 00:00:00+05:30,1.074051318337988,1.067962407367129,-0.24421338696941383
2021-01-11 00:00:00+05:30,1.0115185879530082,0.8989263284644677,-0.3018923168769469
2021-01-12 00:00:00+05:30,0.8541426954370255,0.7187229127536386,0.35391579595204714
2021-01-13 00:00:00+05:30,0.7561737985085567,0.6078494370425482,0.2563123018588475
2021-01-14 00:00:00+05:30,0.6571630423017041,0.6626376135165338,0.08815859909015185
2021-01-15 00:00:00+05:30,0.6686275828396544,0.5133349684145614,-0.3623715362238077
2021-01-18 00:00:00+05:30,0.5451238624262774,0.425309928669121,0.13151659727291723
2021-01-19 00:00:00+05:30,0.4700840258341398,0.633295933601387,0.0885632938739265
2021-01-20 00:00:00+05:30,0.6467406306087183,0.6156391679106713,-0.2919848449502846
2021-01-21 00:00:00+05:30,0.6988519003365501,0.4816565599923248,0.2748065946107498
2021-01-22 00:00:00+05:30,0.4382971336567951,0.32690091252931786,-0.02088097419934084
2021-01-25 00:00:00+05:30,0.4122402361169173,0.15240992373214707,0.47786069231451944
2021-01-27 00:00:00+05:30,0.1673190959328639,-0.001826238781120472,0.7544555550836936
2021-01-28 00:00:00+05:30,-0.1818246555105066,-0.21915915774174557,0.35399000437721695
2021-01-29 00:00:00+05:30,-0.08359566716184255,-0.27057163580916255,0.16086753948272306
2021-02-01 00:00:00+05:30,-0.1870359027330956,0.1892819099627943,0.0936750463239927
2021-02-02 00:00:00+05:30,0.3340748642025429,0.49983281063277873,0.3184849402103091
2021-02-03 00:00:00+05:30,0.542518665521988,0.45257430462980186,-0.022775014818499403
2021-02-04 00:00:00+05:30,0.38097454114852025,0.7548159894819226,1.131830205121066
2021-02-05 00:00:00+05:30,0.7770190889324978,1.130280890156615,2.561348086377847
2021-02-08 00:00:00+05:30,1.2199626423718912,0.9975960408458782,-0.0805712975844405
2021-02-09 00:00:00+05:30,1.0115182232169215,0.9560505976010514,-0.46683305370239114
2021-02-10 00:00:00+05:30,0.9594069047627676,0.9711105743875605,-0.33092420600295597
2021-02-11 00:00:00+05:30,0.9552383064095851,1.0175895350436812,-0.46341299447959616
2021-02-12 00:00:00+05:30,1.0115181493657448,0.9659176324236416,-0.5833596962138812
2021-02-15 00:00:00+05:30,1.0115182677533407,1.1471581105004744,-0.31593280978566607
2021-02-16 00:00:00+05:30,1.219962155703137,1.3221673125584013,0.23410435201596408
2021-02-17 00:00:00+05:30,1.2986489072094163,1.165333089451945,5.4646307347039344e-05
2021-02-18 00:00:00+05:30,1.111310792641344,0.9368353770611186,-0.18482270167315373
2021-02-19 00:00:00+05:30,0.9190207274326446,0.902041330629429,-0.3579451330957309
2021-02-22 00:00:00+05:30,0.9007823318597048,0.9583873261081411,-0.11685555021563086
2021-02-23 00:00:00+05:30,1.0375735388212517,0.5603321423314392,0.25399803445994856
2021-02-24 00:00:00+05:30,0.6420505486780207,0.7589699615463628,-0.12372845843048187
2021-02-25 00:00:00+05:30,0.8395512373910147,0.6774375299059274,0.26480873509645336
2021-02-26 00:00:00+05:30,0.5373075789256028,0.079446768306691,0.8639943094657526
2021-03-01 00:00:00+05:30,0.23506367354237914,0.4172614090928646,-0.24482884230955726
2021-03-02 00:00:00+05:30,0.4122415174132117,0.4133668615810483,-0.12033450158979603
2021-03-03 00:00:00+05:30,0.46435284414606126,0.6982112052950784,-0.327758051769768
2021-03-04 00:00:00+05:30,0.5107309100906786,0.6888623837332442,-0.08034716225376785
2021-03-05 00:00:00+05:30,0.5711795669398706,0.8176526855321646,0.2185298587834594
2021-03-08 00:00:00+05:30,0.8030736166732971,0.7831180636530989,0.06537229811970982
2021-03-09 00:00:00+05:30,0.7916094870888952,1.1108056092195666,0.7600699401809852
2021-03-10 00:00:00+05:30,1.1326765172627409,1.0329089363828154,-0.3523823055961589
2021-03-12 00:00:00+05:30,1.110528894541621,0.8833462308837274,-0.38284335407318454
2021-03-15 00:00:00+05:30,0.9281401644872941,0.7976591913343604,-0.37781961626692434
2021-03-16 00:00:00+05:30,0.8296500176768977,0.717424518301536,-0.3507095959195125
2021-03-17 00:00:00+05:30,0.7155267422912488,0.5364434647773257,-0.3667226523158838
2021-03-18 00:00:00+05:30,0.5998408482986444,0.3393641004116217,-0.47402695650053467
2021-03-19 00:00:00+05:30,0.2738857600502209,0.35883810965968654,0.08802441990278093
2021-03-22 00:00:00+05:30,0.3497070730255931,0.29911641577440584,-0.42300391830866424
2021-03-23 00:00:00+05:30,0.4070300098002104,0.2471857244462329,-0.03108873138134131
2021-03-24 00:00:00+05:30,0.17774130434758656,0.09035213718426832,-0.2909681463810255
2021-03-25 00:00:00+05:30,0.14074232495567593,-0.011173788653971273,-0.06082452193563221
2021-03-26 00:00:00+05:30,0.09957455265167499,0.03115056409321876,-0.23388892409550394
2021-03-30 00:00:00+05:30,0.08446267019228648,0.08412086116536227,0.2546715190627974
2021-03-31 00:00:00+05:30,0.06726570032684401,-0.06258626672138827,-0.12869718708436334
2021-04-01 00:00:00+05:30,0.021408410203998994,0.20512143209615843,-0.1277762691568932
2021-04-05 00:00:00+05:30,0.10530636933469881,-0.030389009193904012,-0.41995274399005617
2021-04-06 00:00:00+05:30,0.0526747103608052,0.016869496809072855,-0.32831310490337795
2021-04-07 00:00:00+05:30,0.0008250030621808341,0.13994737169433497,-0.26681136248877096
2021-04-08 00:00:00+05:30,0.15689672393658546,0.09450674509320017,-0.324592976147411
2021-04-09 00:00:00+05:30,0.02140791824924826,0.177596995738362,-0.2708578788821851
2021-04-12 00:00:00+05:30,-0.04503325608977997,-0.11711374695376656,-0.23009674413602918
2021-04-13 00:00:00+05:30,-0.10470017379549021,0.05607757570231814,-0.27531081583670347
2021-04-15 00:00:00+05:30,0.17774193947489403,0.04257605376502721,-0.18295066471494667
2021-04-16 00:00:00+05:30,0.042252732816619475,-0.004941876790573497,-0.3198494614350332
2021-04-19 00:00:00+05:30,-0.23914637025998645,-0.33392718096465224,-0.11423517306290659
2021-04-20 00:00:00+05:30,-0.21309166807437824,-0.3497673389425081,-0.23254044483464287
2021-04-22 00:00:00+05:30,-0.3967828577011777,-0.15060939893335348,-0.17355423859999122
2021-04-23 00:00:00+05:30,-0.1667122815690974,-0.16021700920331985,-0.5396334602934274
2021-04-26 00:00:00+05:30,-0.13492593467290856,-0.028052280686814243,-0.2463350144739041
2021-04-27 00:00:00+05:30,-0.08281409358280474,-0.07660727360841861,0.029853643456331954
2021-04-28 00:00:00+05:30,-0.017674705810233563,0.24095381258283394,-0.04753905660858217
2021-04-29 00:00:00+05:30,0.30853952346543245,0.20745752475875648,-0.09381232414525516
2021-04-30 00:00:00+05:30,0.07351965298652038,-0.08439636863205117,-0.38251588782490636
2021-05-03 00:00:00+05:30,-0.16098013968333139,-0.20565699995996292,0.2586289422015746
2021-05-04 00:00:00+05:30,-0.07760269214086803,-0.168266164624068,-0.03016220467755019
2021-05-05 00:00:00+05:30,-0.12971363036515143,0.02959274508849225,-0.427847743828321
2021-05-06 00:00:00+05:30,0.08237793076089771,0.12047272660177837,-0.4346188311807298
2021-05-07 00:00:00+05:30,0.15689700595064146,0.079446768306691,-0.6006224311189979
2021-05-10 00:00:00+05:30,0.22464174073891383,0.23004844370525782,-0.660644966640032
2021-05-11 00:00:00+05:30,0.055801185820978275,-0.04986301844196887,-0.3104230499389771
2021-05-12 00:00:00+05:30,-0.06196972671887016,-0.2399321972864048,-0.2617013358160343
2021-05-14 00:00:00+05:30,-0.19276768436494832,-0.3032877424418945,-0.31432416959237847
2021-05-17 00:00:00+05:30,-0.25478036012034766,-0.10854510658327901,-0.03959142056176669
2021-05-18 00:00:00+05:30,0.010986056133631725,-0.05168026199931923,0.05683056322720384
2021-05-19 00:00:00+05:30,-0.09349669639393474,-0.1791715335016453,-0.43639055733165794
2021-05-20 00:00:00+05:30,-0.1766132305938952,-0.29523858702114636,-0.3876382106611159
2021-05-21 00:00:00+05:30,-0.2625969354085106,-0.03843752877016042,-0.021973175526766787
2021-05-24 00:00:00+05:30,-0.01168219134248539,-0.041813227176729015,-0.16849274941464756
2021-05-25 00:00:00+05:30,0.023493148854451675,-0.07556830370893979,-0.47315328172746035
2021-05-26 00:00:00+05:30,-0.030441685400974725,-0.1267207213792412,-0.3343414608375905
2021-05-27 00:00:00+05:30,-0.13492448808629284,0.06334845746519474,0.2038611829267915
2021-05-28 00:00:00+05:30,0.10478621659881555,0.185387362450978,-0.2476407807458593
2021-05-31 00:00:00+05:30,0.17253024686975102,0.22147916749027854,-0.4495998727340425
2021-06-01 00:00:00+05:30,0.25590852914231793,0.16591335320291317,-0.454128528168894
2021-06-02 00:00:00+05:30,0.14126424593767448,0.09372847143532864,-0.2796021768887446
2021-06-03 00:00:00+05:30,0.12563056204628734,0.25523487986698107,-0.20511719590192143
2021-06-04 00:00:00+05:30,0.2819636594778452,0.23965541813073246,-0.622631269402487
2021-06-07 00:00:00+05:30,0.30801873121578005,0.2588700028261735,-0.7116311163414838
2021-06-08 00:00:00+05:30,0.255907799845531,0.1479965271150831,-0.660959705280505
2021-06-09 00:00:00+05:30,0.12510935240370988,0.09268950153584982,-0.5085125177100229
2021-06-10 00:00:00+05:30,0.11364445223291124,0.17915545058758023,-0.548038211610402
2021-06-11 00:00:00+05:30,0.22464165345659795,0.15215113502401495,-0.5982067743019891
2021-06-14 00:00:00+05:30,0.1251090686333861,0.015571102356970186,-0.39951069579961374
2021-06-15 00:00:00+05:30,0.05163348474562789,0.03037229043534723,-0.5736368824614785
2021-06-16 00:00:00+05:30,0.025838035583591067,-0.023117491586535685,-0.3342458959179678
2021-06-17 00:00:00+05:30,-0.09714484779756069,0.00518458258464056,-0.39190864666303654
2021-06-18 00:00:00+05:30,0.047202983087804164,-0.023897036933390667,-0.3702184300190119
2021-06-21 00:00:00+05:30,-0.13492531053654933,0.036343506057137716,-0.672114698494251
2021-06-22 00:00:00+05:30,0.07351952833090887,-0.0412937422269896,-0.6090327912122936
2021-06-23 00:00:00+05:30,-0.009857736965085807,-0.1472337005267849,0.6919025985532369
2021-06-24 00:00:00+05:30,-0.16098000175039678,-0.1410017886633871,-0.17248662959951108
2021-06-25 00:00:00+05:30,-0.1609803592458268,-0.156062401294388,1.118017730542011
2021-06-28 00:00:00+05:30,-0.160979156556475,-0.1661875889806186,-0.19295564306072743
2021-06-29 00:00:00+05:30,-0.14638856482209198,-0.30744235035082634,1.2942664075970307
2021-06-30 00:00:00+05:30,-0.31288371855033875,-0.30744235035082634,0.9550297107649294
2021-07-01 00:00:00+05:30,-0.29177917598776343,-0.2542132645705507,-0.303431494532721
2021-07-02 00:00:00+05:30,-0.20266907309119228,-0.2591461461373541,-0.46432463635392013
2021-07-05 00:00:00+05:30,-0.20266934004976503,-0.17631595588930785,-0.5408801186918463
2021-07-06 00:00:00+05:30,-0.1922468824828277,-0.05038186754721656,-0.15159846796938525
2021-07-07 00:00:00+05:30,-0.05154697755969814,-0.016885579723137912,-0.3599947093967133
2021-07-08 00:00:00+05:30,-0.041124730406344824,-0.17008340818141834,-0.47177481708549873
2021-07-09 00:00:00+05:30,-0.1922469213949361,-0.23369964957851533,-0.5817605477959059
2021-07-12 00:00:00+05:30,-0.17661383837014089,-0.17190192342775215,-0.5733691712532352
2021-07-13 00:00:00+05:30,-0.11929164727029475,-0.09296564484703043,-0.502272754052943
2021-07-14 00:00:00+05:30,-0.1349251638652609,-0.08777270288311148,-0.4823518906160185
2021-07-15 00:00:00+05:30,-0.04633647702922717,-0.07790566806052128,-0.5273144302709138
2021-07-16 00:00:00+05:30,-0.05415285904344741,-0.08076188151735046,-0.5515844683004189
2021-07-19 00:00:00+05:30,-0.16671247627951916,-0.21941858229436942,-0.4850801288518384
2021-07-20 00:00:00+05:30,-0.22455574485987354,-0.32406078198655375,-0.4856146883796601
2021-07-22 00:00:00+05:30,-0.30923536538154806,-0.3004315289850653,-0.5472262333768584
2021-07-23 00:00:00+05:30,-0.29125753930420506,-0.21863967279200616,-0.5175542965837601
2021-07-26 00:00:00+05:30,-0.2829201971180036,-0.12698078177635677,-0.09834248963526994
2021-07-27 00:00:00+05:30,-0.07239176062453763,-0.34846894449040544,-0.02024329947607971
2021-07-28 00:00:00+05:30,-0.3173135633457955,-0.5826797196393818,0.14189865796520015
2021-07-29 00:00:00+05:30,-0.5309684073161611,-0.6408423228309525,-0.30216326391768306
2021-07-30 00:00:00+05:30,-0.6474367770519952,-0.572552624419676,-0.25303556067796834
2021-08-02 00:00:00+05:30,-0.5257575293194845,-0.5190634782422848,-0.389161640598758
2021-08-03 00:00:00+05:30,-0.5257574707597561,-0.41234397459563454,-0.25127979796733835
2021-08-04 00:00:00+05:30,-0.3501437367525418,-0.07842515301026069,0.5628599716815008
2021-08-05 00:00:00+05:30,-0.02184424214676459,0.0347856870524112,0.35747780036019594
2021-08-06 00:00:00+05:30,0.016196741269033896,0.06308776122358745,-0.1627627372362774
2021-08-09 00:00:00+05:30,0.05892772934313689,0.08230298176352019,-0.6036088887877487
2021-08-10 00:00:00+05:30,0.09957476592569328,0.25030136245568596,0.04311796801109526
2021-08-11 00:00:00+05:30,0.2866728619949611,0.08533659583354067,-0.27894336139319675
2021-08-12 00:00:00+05:30,0.052578252154888774,0.12222638570995621,-0.5939436728537191
2021-08-13 00:00:00+05:30,0.09898035244833833,0.12378547640366618,-0.5511817150161399
2021-08-16 00:00:00+05:30,0.0989800300061616,0.0944291720652097,-0.6129334794213624
2021-08-17 00:00:00+05:30,0.07291203234084775,0.12560399165,-0.6419101436728266
2021-08-18 00:00:00+05:30,0.12165994209016906,-0.07521095910459027,-0.35191138410736356
2021-08-20 00:00:00+05:30,-0.17213185203284595,-0.3149936395345537,0.2692797927129318
2021-08-23 00:00:00+05:30,-0.21097343749905492,-0.2458906960183608,-0.2808274787927105
2021-08-24 00:00:00+05:30,-0.20862779678737584,-0.30797963894633407,0.06752110661714017
2021-08-25 00:00:00+05:30,-0.3129014819183765,-0.3479869743656778,-0.3195191907985945
2021-08-26 00:00:00+05:30,-0.3712944518236146,-0.34642788367196786,-0.0026735919284728207
2021-08-27 00:00:00+05:30,-0.3650389347842226,-0.26303687858222,-0.15826579295985607
2021-08-30 00:00:00+05:30,-0.2558118281540085,-0.14717202361108755,-0.3955735505444585
2021-08-31 00:00:00+05:30,-0.10930590924196082,-0.05442774604806341,0.021062749461875155
2021-09-01 00:00:00+05:30,-0.058734230156664895,-0.09105811137185511,0.6194210293238311
2021-09-02 00:00:00+05:30,-0.06785726904780494,0.06351568456651845,0.2952963173999205
2021-09-03 00:00:00+05:30,0.14590318499377336,0.14378850826884632,0.09711020609842107
2021-09-06 00:00:00+05:30,0.2241087269330605,0.05390298754061827,-0.53780392060196
2021-09-07 00:00:00+05:30,0.04971163331306401,0.003504681437502827,-0.3175718668043867
2021-09-08 00:00:00+05:30,-0.02562702479179375,0.2658884543258352,2.341574873627762
2021-09-09 00:00:00+05:30,0.3179550844903095,0.2788774856027957,-0.16223292359611188
2021-09-13 00:00:00+05:30,0.3309898054414831,0.3942234914686805,-0.24233272112455911
2021-09-14 00:00:00+05:30,0.4430830221009251,0.5381437129481998,-0.04894534940998247
2021-09-15 00:00:00+05:30,0.568212533580923,0.5586675014521018,0.09039887378604725
2021-09-16 00:00:00+05:30,0.5838534662635115,0.74103787519073,-0.05742258337479729
2021-09-17 00:00:00+05:30,0.7871872805757597,1.266584966314251,2.20975396097765
2021-09-20 00:00:00+05:30,1.17300041785043,1.2328127219807636,0.3205886627750055
2021-09-21 00:00:00+05:30,1.3137706564185938,1.282172694028892,-0.11391914008943652
2021-09-22 00:00:00+05:30,1.311163325490528,1.1502012622378697,-0.5356730170443236
2021-09-23 00:00:00+05:30,1.2459920928144779,1.3499766072484904,-0.30327595885089714
2021-09-24 00:00:00+05:30,1.3815477757322117,1.371278669410265,-0.49186437525638477
2021-09-27 00:00:00+05:30,1.3878041157010328,1.3985563981052722,-0.5533072255196216
2021-09-28 00:00:00+05:30,1.4336858786469058,1.5796283773917978,-0.10693427207033228
2021-09-29 00:00:00+05:30,1.537436929394915,1.3834887911848623,-0.21025505073409675
2021-09-30 00:00:00+05:30,1.3578258519570903,1.2538559954344062,0.03835050813827017
2021-10-01 00:00:00+05:30,1.20949632079399,1.1917670525064328,-0.2202507530267313
2021-10-04 00:00:00+05:30,1.1990691840338186,1.1782579004352411,-0.5073607770647283
2021-10-05 00:00:00+05:30,1.1985483697104955,1.1335752004682427,-0.3613699382061821
2021-10-06 00:00:00+05:30,1.100270092278915,0.9953686775913652,-0.3053969391888888
2021-10-07 00:00:00+05:30,1.058299590185027,0.9782224950275059,-0.4687298987097102
2021-10-08 00:00:00+05:30,0.9644525097219586,0.8945707936961508,-0.5300588476691981
2021-10-11 00:00:00+05:30,0.9592389705737274,1.0974643200941905,-0.43550070339611935
2021-10-12 00:00:00+05:30,1.120864175856512,1.199820658838623,-0.5401831203728825
2021-10-13 00:00:00+05:30,1.2459920345188915,1.2738590272995862,-0.5722014671676423
2021-10-14 00:00:00+05:30,1.266847590545857,1.3177640894532037,-0.5916427802291239
2021-10-18 00:00:00+05:30,1.3179408425478527,1.2855490282799524,-0.4806703363305582
2021-10-19 00:00:00+05:30,1.2871804084993015,1.4089480046335356,-0.5823997325743304
2021-10-20 00:00:00+05:30,1.444112811085212,1.305553331834116,-0.5608943898267316
2021-10-21 00:00:00+05:30,1.3867613420907368,1.972164430980326,1.100301116199228
2021-10-22 00:00:00+05:30,2.0327372665223353,2.1158258637517133,0.3315337583210474
2021-10-25 00:00:00+05:30,2.01761903395821,2.028019554511426,0.5139130436170544
2021-10-26 00:00:00+05:30,2.0306520216506017,2.32131681489845,1.353447410947753
2021-10-27 00:00:00+05:30,2.267874902282796,2.2033740201283596,0.033565790492149784
2021-10-28 00:00:00+05:30,2.206616202799914,1.737059658475984,-0.278860092637047
2021-10-29 00:00:00+05:30,1.6294596293785628,1.3871264575220217,0.058541455727266094
2021-11-01 00:00:00+05:30,1.511890715705558,1.622752622509578,-0.5238559725025369
2021-11-02 00:00:00+05:30,1.5700222897129135,1.6235308961674495,-0.6166989098322295
2021-11-03 00:00:00+05:30,1.642233551101338,1.4203798527502614,-0.5021321032005864
2021-11-04 00:00:00+05:30,1.4336852829189322,1.521435889509116,-0.9038313689755103
2021-11-08 00:00:00+05:30,1.5118902643651746,1.8427916956269852,-0.4903310220990979
2021-11-09 00:00:00+05:30,1.8507812039184957,1.7303044465958966,-0.5646306977451628
2021-11-10 00:00:00+05:30,1.668300641597087,1.620413986469013,-0.6362040766549036
2021-11-11 00:00:00+05:30,1.6057372321015584,1.5063689184331979,-0.6143373992789347
2021-11-12 00:00:00+05:30,1.5796692664164205,1.6134006217252852,-0.6386546804628355
2021-11-15 00:00:00+05:30,1.6427554526702577,1.7308245673901277,-0.5556232186958501
2021-11-16 00:00:00+05:30,1.7459842733821118,1.6557453214962103,-0.6147787668309618
2021-11-17 00:00:00+05:30,1.5900944719353496,1.5011715255578368,-0.6359937475428673
2021-11-18 00:00:00+05:30,1.4858220732484708,1.3523146074445638,-0.34553765698507893
2021-11-22 00:00:00+05:30,1.454540052395662,0.9938095868976552,-0.3552171105820772
2021-11-23 00:00:00+05:30,0.9018887749301583,1.1364326856140554,-0.25139089488292676
2021-11-24 00:00:00+05:30,1.1185177086361513,1.2845106942249653,-0.5279773444876193
2021-11-25 00:00:00+05:30,1.3294117160641898,1.4076496101814329,-0.26545533295209317
2021-11-26 00:00:00+05:30,1.235565330533671,1.0397925888502315,-0.37695672760215965
2021-11-29 00:00:00+05:30,1.1886422873593847,1.3271160902374977,-0.04812129073513216
2021-11-30 00:00:00+05:30,1.3450518753211411,1.027321770834027,-0.02786152777512125
2021-12-01 00:00:00+05:30,1.1156505580146054,0.9828991312641441,-0.39030130080274605
2021-12-02 00:00:00+05:30,0.9516794230609864,1.039531892608624,-0.5311169648943658
2021-12-03 00:00:00+05:30,1.0515210617386594,0.7794854840718733,-0.19485033084638456
2021-12-06 00:00:00+05:30,0.8080419350839888,0.6288094148677746,-0.28338011918525075
2021-12-07 00:00:00+05:30,0.7663325578929528,0.8987279449830495,0.6362734606688524
2021-12-08 00:00:00+05:30,1.0687264182586498,0.8119586981087663,0.15761186055056575
2021-12-09 00:00:00+05:30,0.8393242962320325,0.7906566359469918,0.05597608772692057
2021-12-10 00:00:00+05:30,0.7819735877238304,0.6888204179967903,-0.2890782044830246
2021-12-13 00:00:00+05:30,0.7559053417667297,0.565941562437437,-0.06684381753886472
2021-12-14 00:00:00+05:30,0.5635198153491435,0.3960413708705226,1.2331285884767882
2021-12-15 00:00:00+05:30,0.4201437788878133,0.5363264693908484,0.1964746402342393
2021-12-16 00:00:00+05:30,0.6302557245724436,0.5017746797105072,-0.28917743667947254
2021-12-17 00:00:00+05:30,0.4691528448538607,0.15392132608897763,-0.31492085710406326
2021-12-20 00:00:00+05:30,0.0781254422186693,-0.11262023393074523,-0.24285822032140084
2021-12-21 00:00:00+05:30,-0.020674202475935797,-0.14353499311841994,-0.45964777979089533
2021-12-22 00:00:00+05:30,-0.08871246475089195,-0.009224925286833819,-0.20302296511253745
2021-12-23 00:00:00+05:30,0.1036729999310913,0.059358533279619694,-0.5339817552613847
2021-12-24 00:00:00+05:30,0.07812522182074272,-0.08196553514018608,-0.45806459481321826
2021-12-27 00:00:00+05:30,-0.11425977384143693,0.04818738140450129,-0.5913241585896595
2021-12-28 00:00:00+05:30,0.10419396393341797,0.05572150278695208,-0.670744862738937
2021-12-29 00:00:00+05:30,0.046843589443842634,0.00012707549745905733,-0.6435127436454608
2021-12-30 00:00:00+05:30,-0.03136213559405749,-0.046374775560364935,-0.4091334144669037
2021-12-31 00:00:00+05:30,-0.01572084617459301,0.16587075162196757,-0.47072274008098436
2022-01-03 00:00:00+05:30,0.16675809513945242,0.31316921488602245,-0.51986058226251
2022-01-04 00:00:00+05:30,0.3388095743458563,0.4594287082505985,-0.3795406477087976
2022-01-05 00:00:00+05:30,0.4795793439126777,0.8207918497878114,-0.04029769493387662
2022-01-06 00:00:00+05:30,0.7407852930786817,0.6636212649452325,-0.46098547294344683
2022-01-07 00:00:00+05:30,0.6615384937664462,0.7277894193611469,-0.45120872864949635
2022-01-10 00:00:00+05:30,0.7259262627086074,0.9548412213777903,-0.3306769884005009
2022-01-11 00:00:00+05:30,0.9540253075736486,0.8969094297367157,-0.3626185381040966
2022-01-12 00:00:00+05:30,0.9894788455511606,0.999784617586396,-0.48442023474545953
2022-01-13 00:00:00+05:30,1.0165905852505697,0.8426146685883088,-0.6272809449725717
2022-01-14 00:00:00+05:30,0.7506918923208705,0.904183490722051,-0.5535880957800026
2022-01-17 00:00:00+05:30,0.8184695882962805,0.9002863998322678,-0.5864402087470912
2022-01-18 00:00:00+05:30,0.8601790672426515,0.9247066433814622,-0.49907639871648835
2022-01-19 00:00:00+05:30,0.9383846683959313,0.7350628445019904,-0.6198277441306664
2022-01-20 00:00:00+05:30,0.8341107763682734,0.6672582954379002,-0.6267051825110075
2022-01-21 00:00:00+05:30,0.5382336051406006,0.673233326126641,-0.5697383514740715
2022-01-24 00:00:00+05:30,0.620870489109886,0.3466820346668848,-0.39855461515905444
2022-01-25 00:00:00+05:30,0.259040639580792,0.47008101102046923,-0.393888328982173
2022-01-27 00:00:00+05:30,0.3909469529438095,0.6498526883214159,-0.14590404994843667
2022-01-28 00:00:00+05:30,0.6777003743789283,0.696874660173471,0.1244702484364485
2022-01-31 00:00:00+05:30,0.808042366829637,0.48358952724716914,0.026243533005122548
2022-02-01 00:00:00+05:30,0.6099217956858042,0.6137424437918565,-0.27998249506773965
2022-02-02 00:00:00+05:30,0.7600759941795852,0.9270440077330437,-0.36337593862959383
2022-02-03 00:00:00+05:30,0.9117950399277275,0.7527285120155891,-0.4649368558615707
2022-02-04 00:00:00+05:30,0.7767600333294664,0.6236139295258888,-0.5659910417251645
2022-02-07 00:00:00+05:30,0.44308340363869064,0.3339517920980576,-0.5050081111202472
2022-02-08 00:00:00+05:30,0.3648789316577738,0.27861869689466356,-0.17810036753030417
2022-02-09 00:00:00+05:30,0.36800680406262937,0.36798473267315224,-0.597747286088002
2022-02-10 00:00:00+05:30,0.3648780694657703,0.5352862278023872,-0.40704392956517593
2022-02-11 00:00:00+05:30,0.4644593305762927,0.33291282219857876,-0.5469022186832393
2022-02-14 00:00:00+05:30,0.130523098327072,-0.09001914147237629,-0.29514021307516297
2022-02-15 00:00:00+05:30,-0.04700265917327301,0.25419845334546914,-0.5047242207495396
2022-02-16 00:00:00+05:30,0.261125450557611,0.34226545882736337,-0.45845591482268905
2022-02-17 00:00:00+05:30,0.36487808768723173,0.27602000045698305,-0.34186390849484316
2022-02-18 00:00:00+05:30,0.2295828916093189,0.3240803063640253,-0.6828259512121416
2022-02-21 00:00:00+05:30,0.22410910735335007,0.32693842735432965,-0.6581812037799626
2022-02-22 00:00:00+05:30,0.13026271127693154,0.403056007303234,-0.2961640304759063
2022-02-23 00:00:00+05:30,0.45820372835023043,0.6334860511044128,0.5438248634589572
2022-02-24 00:00:00+05:30,0.36148910268305806,0.1593756001389956,0.1210357358285187
2022-02-25 00:00:00+05:30,0.29162575523736994,0.4807314062568648,-0.08652285642748897
2022-02-28 00:00:00+05:30,0.3753059763202866,0.40825149264511984,-0.3629328453002372
2022-03-02 00:00:00+05:30,0.24392133638501118,0.2173086634690536,-0.33739285087836474
2022-03-03 00:00:00+05:30,0.2499168777391946,0.14586771975678742,-0.30909269134007616
2022-03-04 00:00:00+05:30,0.02598851956788773,-0.062481352380253624,-0.39817494414655796
2022-03-07 00:00:00+05:30,-0.37285885602058527,-0.2716093340196579,-0.36608821342511555
2022-03-08 00:00:00+05:30,-0.338969894984991,-0.21341748198146784,0.22468009774156997
2022-03-09 00:00:00+05:30,-0.21853379704779133,-0.13028590144434388,0.544588519927274
2022-03-10 00:00:00+05:30,0.1823988459757547,-0.05105141179700309,-0.04454699016351049
2022-03-11 00:00:00+05:30,-0.10435330475035927,-0.006107379743905619,-0.4074195018565148
2022-03-14 00:00:00+05:30,-0.10200742039959462,0.12768256729344937,-0.2326178890923055
2022-03-15 00:00:00+05:30,0.098980583319025,-0.15808247924459867,0.08898201059850358
2022-03-16 00:00:00+05:30,-0.02614828011693165,-0.019097046865357833,-0.3166218263844807
2022-03-17 00:00:00+05:30,0.13026240607468922,0.2900486374779141,-0.22348032957677946
2022-03-21 00:00:00+05:30,0.2639933199749261,0.06715144337020261,-0.4308557737136908
2022-03-22 00:00:00+05:30,0.06300594900413013,0.226920724650462,-0.21518602800889478
2022-03-23 00:00:00+05:30,0.26060458034644046,0.028963259041684394,-0.2520995421988648
2022-03-24 00:00:00+05:30,-0.2607648757424821,-0.2599193330392918,3.3038296983056323
2022-03-25 00:00:00+05:30,-0.1929862322986515,-0.21783342197649871,-0.2924805744881919
2022-03-28 00:00:00+05:30,-0.1929863420001282,-0.202506390503465,-0.285781538339291
2022-03-29 00:00:00+05:30,-0.14085008173573124,-0.17756729784902286,-0.39028037575262553
2022-03-30 00:00:00+05:30,-0.08141352816610922,-0.005588530638657932,-0.22366434058454054
2022-03-31 00:00:00+05:30,-0.051694937266824455,-0.05364820070120843,-0.33362785191183003
2022-04-01 00:00:00+05:30,-0.08193514144439586,0.06481344317412939,-0.436017142261981
2022-04-04 00:00:00+05:30,0.11462130517243177,0.37344027841215366,-0.08572899885590543
2022-04-05 00:00:00+05:30,0.37035312458089475,0.19756442031200555,-0.4879850435417688
2022-04-06 00:00:00+05:30,0.11722869986926825,0.07910277643666772,-0.44136101176286896
2022-04-07 00:00:00+05:30,0.031202767478986673,0.011817712322316879,-0.0013348201650903544
2022-04-08 00:00:00+05:30,0.053360443241948316,0.10560032394032812,-0.4343133685934031
2022-04-11 00:00:00+05:30,0.0520566061132344,0.10014414235683497,-0.534349992999073
2022-04-12 00:00:00+05:30,0.031463044720592706,0.19574590506567174,-0.4277185262507725
2022-04-13 00:00:00+05:30,0.2225444503001715,0.08014111049165482,-0.5331095905434737
2022-04-18 00:00:00+05:30,0.055185008838308285,-0.07157392861192266,-0.5252467333079714
2022-04-19 00:00:00+05:30,-0.010507123122781115,-0.29447048687514243,-0.43260851631399416
2022-04-20 00:00:00+05:30,-0.27119197966454667,-0.22276948276576072,-0.25744837330957515
2022-04-21 00:00:00+05:30,-0.2086279720854628,-0.01727916746351575,-0.35902201814935725
2022-04-22 00:00:00+05:30,-0.1304229544086243,-0.18925793467388066,-0.4614151914984997
2022-04-25 00:00:00+05:30,-0.3259359383293911,-0.18354232853776367,-0.4844206661897919
2022-04-26 00:00:00+05:30,-0.0986187459995085,-0.1115812640312664,-0.6342649501030112
2022-04-27 00:00:00+05:30,-0.21384103829093876,-0.11781571927263108,-0.3391969353542216
2022-04-28 00:00:00+05:30,-0.08349876334839303,0.007661196879909853,-0.4427640687317764
2022-04-29 00:00:00+05:30,0.02051385507080849,0.13807353797722108,-0.15236708604752444
2022-05-02 00:00:00+05:30,0.002788337052383083,0.052864017641139446,-0.5210779024463268
2022-05-04 00:00:00+05:30,0.015561484170192087,0.059358533279619694,0.29154922337317973
2022-05-05 00:00:00+05:30,0.18761307870455948,0.1736642975570422,-0.17838576795617508
2022-05-06 00:00:00+05:30,-0.05143507312311736,0.05779944258590973,-0.3338273949155569
2022-05-09 00:00:00+05:30,-0.10435343713019726,0.017273258061318297,-0.48011312597528644
2022-05-10 00:00:00+05:30,0.025988467484172263,0.171326297360969,-0.5188369805839329
2022-05-11 00:00:00+05:30,0.1719717886135686,0.23783118028397313,-0.38249409988612104
2022-05-12 00:00:00+05:30,0.19699747958773967,-0.017019107066400183,-0.02431246669694395
2022-05-13 00:00:00+05:30,0.1041938903174231,0.07988168593903097,-0.35765628111520087
2022-05-16 00:00:00+05:30,0.08333890970946027,0.252898787204383,-0.29247388710104
2022-05-17 00:00:00+05:30,0.30231396750325906,0.3955218859207832,-0.2964431749589577
2022-05-18 00:00:00+05:30,0.4271822795779314,0.4292947660987622,0.19993417661344726
2022-05-19 00:00:00+05:30,0.24496381040038698,0.09988535364870285,-0.27755885653058177
2022-05-20 00:00:00+05:30,0.23974972241962597,0.3375894584352169,-0.3764996123320005
2022-05-23 00:00:00+05:30,0.45351145404306376,0.4682624957741354,-0.3384449278828791
2022-05-24 00:00:00+05:30,0.48453175091567213,0.615300262796583,-0.20991291537851756
2022-05-25 00:00:00+05:30,0.6925584654493271,0.7449343302360215,0.40073225190318956
2022-05-26 00:00:00+05:30,0.7817128949575926,0.7506499363721397,0.11969523828780672
2022-05-27 00:00:00+05:30,0.8132561667633087,0.9457492809906117,-0.42165134032664553
2022-05-30 00:00:00+05:30,0.9396884035505609,0.7223332377776538,-0.08783574153092849
2022-05-31 00:00:00+05:30,0.6573662603718577,0.42955355480689433,2.251133139729944
2022-06-01 00:00:00+05:30,0.3909463348151079,0.5243751363243844,-0.4341032552035329
2022-06-02 00:00:00+05:30,0.43369858569524616,0.4856674670461256,-0.3733438127627897
2022-06-03 00:00:00+05:30,0.5942809308242054,0.49086358823250437,-0.5564759684188039
2022-06-06 00:00:00+05:30,0.4170158037632807,0.5461985909693735,-0.38978270471522247
2022-06-07 00:00:00+05:30,0.5160753604986413,0.4882655276393156,-0.5788541230508122
2022-06-08 00:00:00+05:30,0.4952206916038147,0.4225395542186747,-0.6319267375436649
2022-06-09 00:00:00+05:30,0.3844298886573189,0.5248952571186155,-0.6717809763031531
2022-06-10 00:00:00+05:30,0.39094731180388403,0.1435297195607142,-0.33113798666965144
2022-06-13 00:00:00+05:30,-0.11478126592741969,-0.1393784776760129,-0.44126523112108007
2022-06-14 00:00:00+05:30,-0.15336241798971267,-0.12716835590141568,-0.6134973771637862
2022-06-15 00:00:00+05:30,-0.14084936089871175,-0.1430148723241888,-0.5662279046636424
2022-06-16 00:00:00+05:30,-0.11999508289067765,-0.45917519310017213,-0.30668760490921065
2022-06-17 00:00:00+05:30,-0.5423043096658406,-0.4706064053724061,-0.265577000253825
2022-06-20 00:00:00+05:30,-0.476611625718218,-0.4415101614310652,-0.5667870565184099
2022-06-21 00:00:00+05:30,-0.3911066859886958,-0.4295594642090918,-0.40800993342538006
2022-06-22 00:00:00+05:30,-0.5214491771190174,-0.49086949763470183,-0.5658490965398106
2022-06-23 00:00:00+05:30,-0.46931230447227956,-0.4160509479823919,-0.41077160859695955
2022-06-24 00:00:00+05:30,-0.3389701010877141,-0.3417518832798214,-0.5991143174551554
2022-06-27 00:00:00+05:30,-0.2492943798461261,-0.37734200701515086,-0.48901166533067264
2022-06-28 00:00:00+05:30,-0.4176969499858251,-0.4955454980268483,-0.3441906877793812
2022-06-29 00:00:00+05:30,-0.5996544886156824,-0.6324529906071314,-0.3154161551976382
2022-06-30 00:00:00+05:30,-0.6935012027097238,-0.535552833446192,-0.0890731238762011
2022-07-01 00:00:00+05:30,-0.6257225066781429,-0.5010004079213579,-0.4518207324349807
2022-07-04 00:00:00+05:30,-0.513367862511761,-0.48463440654884543,-0.5449551104111977
2022-07-05 00:00:00+05:30,-0.4693123431715524,-0.5254206514705524,-0.3781337077408987
2022-07-06 00:00:00+05:30,-0.43281605018754227,-0.3100575787452917,0.25411603448485515
2022-07-07 00:00:00+05:30,-0.2451237302682602,-0.13340344698727208,-0.2642393071012735
2022-07-08 00:00:00+05:30,-0.0522165895805934,-0.1009295971058874,-0.5645064417774367
2022-07-11 00:00:00+05:30,-0.11478163611076571,-0.11911538541371719,-0.6173519008292903
2022-07-12 00:00:00+05:30,-0.2268752579597528,-0.23497960454035796,-0.5535729952283691
2022-07-13 00:00:00+05:30,-0.21384145371501484,-0.11495823412681845,-0.1685874514456055
2022-07-14 00:00:00+05:30,-0.13042278446371325,0.030521713890902632,0.4694138751751376
2022-07-15 00:00:00+05:30,0.03798029796253278,0.12222638570995621,-0.4446548735184421
2022-07-18 00:00:00+05:30,0.18239864364354946,0.42331846372103793,-0.2756784064078932
2022-07-19 00:00:00+05:30,0.36487805792160916,0.36772403643154494,-0.3235391733655671
2022-07-20 00:00:00+05:30,0.42353307125318945,0.3303160332943734,-0.3933697328946494
2022-07-21 00:00:00+05:30,0.3127415655753012,0.18899196487456765,-0.4763785438341847
2022-07-22 00:00:00+05:30,0.18761326613579274,0.32693842735432965,-0.22551394243746373
2022-07-25 00:00:00+05:30,0.26581827691726023,0.16301326647615494,-0.5411294935159633
2022-07-26 00:00:00+05:30,0.13547594979267402,-0.01338207657373257,-0.5592648245833234
2022-07-27 00:00:00+05:30,-0.02015238857534797,-0.05234980624910576,-0.19745603889180782
2022-07-28 00:00:00+05:30,0.05101471938260914,0.3342124883396649,-0.48334054530367265
2022-07-29 00:00:00+05:30,0.37869494012559984,0.2399097559274225,-0.4329484944479115
2022-08-01 00:00:00+05:30,0.26060480293178817,0.4757959813120945,-0.5909565680184697
2022-08-02 00:00:00+05:30,0.451946960307892,0.6256925051693382,-0.2237825563316133
2022-08-03 00:00:00+05:30,0.5734263688528306,0.4516357981600156,-0.4010904292226318
2022-08-04 00:00:00+05:30,0.4774939023960163,0.37084221781896487,-0.4387324371678294
2022-08-05 00:00:00+05:30,0.41571177168068674,0.36226912653703525,-0.5890077339690987
2022-08-08 00:00:00+05:30,0.3388101899221193,0.4173440688767889,-0.6124450844371057
2022-08-10 00:00:00+05:30,0.4326566264386881,0.3334329429928099,-0.5905704253409876
2022-08-11 00:00:00+05:30,0.44367361447681475,0.46990297456278624,-0.34874350409684607
2022-08-12 00:00:00+05:30,0.5010586658265426,0.4059567298744839,-0.6468318448944784
2022-08-16 00:00:00+05:30,0.4512375950840978,0.4327308697320447,-0.6647147810273949
2022-08-17 00:00:00+05:30,0.4697579734786427,0.39815873302796717,-0.21823245643984662
2022-08-18 00:00:00+05:30,0.3915051630230281,0.7350444050117304,-0.1582655772376899
2022-08-19 00:00:00+05:30,0.8088517084488543,0.5920760427363235,0.036443092744807754
2022-08-22 00:00:00+05:30,0.328641753863164,0.35838729591505347,-0.050093638500618126
2022-08-23 00:00:00+05:30,0.3132530664131388,0.481600605677053,-0.4704190032709872
2022-08-24 00:00:00+05:30,0.4541075183489372,0.5432069426358069,-0.6427109043537282
2022-08-25 00:00:00+05:30,0.579832396381581,0.5491851525470064,-0.4725527112167841
2022-08-26 00:00:00+05:30,0.5654866526326022,0.7223078039979848,-0.22691441074037688
2022-08-29 00:00:00+05:30,0.4906244744728227,0.4517063768985971,-0.1629344520805656
2022-08-30 00:00:00+05:30,0.526360047722812,0.7919715623558781,-0.10982861637411935
2022-09-01 00:00:00+05:30,0.57931110324534,0.726466226973867,-0.04036780463788875
2022-09-02 00:00:00+05:30,0.7981563728283008,0.8096474033813454,-0.22944094875080798
2022-09-05 00:00:00+05:30,0.7671171923184059,0.9086865414124482,-0.1268879252765179
2022-09-06 00:00:00+05:30,0.9442286053244465,0.7932718643414571,-0.3510051352871944
2022-09-07 00:00:00+05:30,0.7097317199687252,0.7545400329725139,-0.5217699391554681
2022-09-08 00:00:00+05:30,0.8145900593915463,0.8678754985555639,-0.4277312538585778
2022-09-09 00:00:00+05:30,0.9705733454706654,0.8486392951474042,-0.3401933560398586
2022-09-12 00:00:00+05:30,0.8401526589563766,0.836422179083398,-0.6280297166114213
2022-09-13 00:00:00+05:30,0.8818876715840985,0.8333033618514863,-0.6062633500427311
2022-09-14 00:00:00+05:30,0.667997280233308,0.9960267766402995,-0.14076770517142465
2022-09-15 00:00:00+05:30,1.061867527937945,0.889190277607173,-0.13967420951100157
2022-09-16 00:00:00+05:30,0.8466736443699449,0.86917516469665,0.16693688262851192
2022-09-19 00:00:00+05:30,0.8302407809499183,0.8650161058762761,-0.5865612288823244
2022-09-20 00:00:00+05:30,0.9392726184794946,0.9183043251942822,-0.6001909867866156
2022-09-21 00:00:00+05:30,0.8505867317188339,0.8078288881350116,-0.4652468486143874
2022-09-22 00:00:00+05:30,0.7386851435453485,0.6739575530027159,-0.5474475643193706
2022-09-23 00:00:00+05:30,0.5537488908977739,0.5177324689193322,-0.3842468424864244
2022-09-26 00:00:00+05:30,0.37585502950201843,0.3425312418249033,-0.45512947902002104
2022-09-27 00:00:00+05:30,0.35603061396993035,0.18812530883234632,-0.35698279651235204
2022-09-28 00:00:00+05:30,0.13588051037384943,0.1532924758866615,-0.5660234000500931
2022-09-29 00:00:00+05:30,0.19848205300492108,0.011363719355225151,-0.34415099490080203
2022-09-30 00:00:00+05:30,0.021110033086734408,0.2915816585474633,-0.34306677529352514
2022-10-03 00:00:00+05:30,0.22978371036862624,0.10806294965677946,-0.4217167041430015
2022-10-04 00:00:00+05:30,0.22978316129577214,0.30743834848210405,-0.5880691268240008
2022-10-06 00:00:00+05:30,0.3184695260805375,0.2900225678537534,-0.5709776753188398
2022-10-07 00:00:00+05:30,0.242825527171223,0.3238151592109759,-0.718597863698628
2022-10-10 00:00:00+05:30,0.19378765713887697,0.23465513704780622,-0.724232958123874
2022-10-11 00:00:00+05:30,0.2394345922813711,0.1288582437586491,-0.6252173467307869
2022-10-12 00:00:00+05:30,0.12544706515887424,0.2447924057793796,-0.7247946986446357
2022-10-13 00:00:00+05:30,0.21413279594158768,0.19956224370500583,-0.6950550250913534
2022-10-14 00:00:00+05:30,0.33412007247761877,0.3685252004911186,-0.5877852364532932
2022-10-17 00:00:00+05:30,0.3343812844291606,0.49407778213817477,-0.7098742750200228
2022-10-18 00:00:00+05:30,0.5399240975287947,0.5021358393818071,-0.6008105408479167
2022-10-19 00:00:00+05:30,0.5480101292895408,0.5523046056234098,-0.7510765615960397
2022-10-20 00:00:00+05:30,0.5010586166395649,0.5221515881368217,-0.6048555471861675
2022-10-21 00:00:00+05:30,0.553227492443006,0.7254272570743882,-0.09772207268530411
2022-10-24 00:00:00+05:30,0.722774127719094,0.6898148787818483,-0.8080714365145806
2022-10-25 00:00:00+05:30,0.7671168598198096,0.43403053587313084,-0.1905518509628591
2022-10-27 00:00:00+05:30,0.6246970837226967,0.5296895245862229,0.04282544875374002
2022-10-28 00:00:00+05:30,0.5740948812924881,0.6297682683612961,-0.2904232321892266
2022-10-31 00:00:00+05:30,0.7045149415939334,0.7217870473592619,-0.5437541851120113
2022-11-01 00:00:00+05:30,0.7514663061920761,0.7594786371397428,-0.39898972676826205
2022-11-02 00:00:00+05:30,0.8075470849815164,0.7633776355630012,-0.5459690045922962
2022-11-03 00:00:00+05:30,0.7347726435653604,0.7124293239745435,-0.6046907354511974
2022-11-04 00:00:00+05:30,0.7410331343336661,0.711389718230573,-0.49908567476963456
2022-11-07 00:00:00+05:30,0.751466529096295,0.6211894544789409,-0.3819079827605796
2022-11-09 00:00:00+05:30,0.6992985947156211,0.6773377023207265,-0.44704895811883183
2022-11-10 00:00:00+05:30,0.6836483510848447,0.7748164779691359,-0.4066032091796474
2022-11-11 00:00:00+05:30,0.8818873265869724,0.7069705990130835,-0.20945342716453033
2022-11-14 00:00:00+05:30,0.7245998452185091,0.830183908775083,-0.48595811806823647
2022-11-15 00:00:00+05:30,0.8401525736141718,0.7761155082657303,-0.5187424942751411
2022-11-16 00:00:00+05:30,0.7827674521016669,1.0542542359700273,0.4406514230347013
2022-11-17 00:00:00+05:30,1.0425658360992192,0.9744519371915761,-0.4284888701062412
2022-11-18 00:00:00+05:30,1.0276975594586988,1.0212418258041502,-0.026518873012747343
2022-11-21 00:00:00+05:30,0.9943099822093151,0.9409187703869774,-0.6908201832468543
2022-11-22 00:00:00+05:30,0.9906582686850944,0.9183043251942822,-0.6963976798537274
2022-11-23 00:00:00+05:30,0.9731817173860573,0.9890083251406389,-0.40866572881060126
2022-11-24 00:00:00+05:30,0.9940487423609667,0.9448177688102357,-0.645990744168499
2022-11-25 00:00:00+05:30,0.9653566367662911,0.8592973205177005,-0.4956065076733032
2022-11-28 00:00:00+05:30,0.7932012894579256,0.8579976543766131,-0.6105944039733515
2022-11-29 00:00:00+05:30,0.8745831863363906,0.8444802363270303,-0.6539543436556126
2022-11-30 00:00:00+05:30,0.9131882247112965,0.9562559753718787,-0.3115538655341513
2022-12-01 00:00:00+05:30,0.9966573834451897,0.8899704587985197,-0.41504204459888017
2022-12-02 00:00:00+05:30,0.7989394270616588,0.8717744969788223,-0.6048855325672681
2022-12-05 00:00:00+05:30,0.9288386946678515,0.9115452982472443,-0.6794086963775071
2022-12-06 00:00:00+05:30,0.8169384235714197,0.8949096988102403,-0.6532655427789642
2022-12-07 00:00:00+05:30,0.8792788524804502,0.7711762682540096,-0.4384964371180163
2022-12-08 00:00:00+05:30,0.703993564501996,0.6960531490901634,1.774286194473657
2022-12-09 00:00:00+05:30,0.7827672331854577,0.6495233208747034,-0.37676214620825516
2022-12-12 00:00:00+05:30,0.5271424748140056,0.5335885230094812,-0.24021174078656743
2022-12-13 00:00:00+05:30,0.5206221877755629,0.547886122250412,0.5489253983563814
2022-12-14 00:00:00+05:30,0.5589656313770234,0.5723203543784232,-0.13975122232433182
2022-12-15 00:00:00+05:30,0.5821809020157012,0.5203318012015045,-0.5076312926611319
2022-12-16 00:00:00+05:30,0.4734090802885693,0.40257785224545667,-0.4114129505970459
2022-12-19 00:00:00+05:30,0.39959166119458106,0.49407778213817477,-0.5784209529411003
2022-12-20 00:00:00+05:30,0.42280598325833874,0.4366298681553031,-0.6437979283491656
2022-12-21 00:00:00+05:30,0.503667309292316,0.2676675472136821,-0.43405493343830603
2022-12-22 00:00:00+05:30,0.3236865247610716,0.3271946726844937,-0.578324740854979
2022-12-23 00:00:00+05:30,0.27125752392314856,0.3058792577883941,-0.49461742154131666
2022-12-26 00:00:00+05:30,0.30255793888026306,0.26220882225222203,0.07588400783387367
2022-12-27 00:00:00+05:30,0.3062103598900305,0.30042053282693404,-0.61409298606464
2022-12-28 00:00:00+05:30,0.31533945355551257,0.2962608381620684,-0.5372997778995713
2022-12-29 00:00:00+05:30,0.2631716651349873,0.28924302250689843,-0.48332134603088167
2022-12-30 00:00:00+05:30,0.3189911486597166,0.3334329429928099,-0.3672201076311207
2023-01-02 00:00:00+05:30,0.3330772647366779,0.3219960081201492,-0.7054049431808739
2023-01-03 00:00:00+05:30,0.3041232635218435,0.3625463547354274,-0.5892499899617313
2023-01-04 00:00:00+05:30,0.37011694408587215,0.29964098748007906,-0.5891084762207099
2023-01-05 00:00:00+05:30,0.2923860023827704,0.2973017155950224,-0.5743284877262874
2023-01-06 00:00:00+05:30,0.32368634982185185,0.12313945840007347,-0.12842278848896815
2023-01-09 00:00:00+05:30,0.19326566282972268,0.2536306442143586,-0.20884120765687977
2023-01-10 00:00:00+05:30,0.2326525256703573,0.1686290450270711,-0.6300898632985471
2023-01-11 00:00:00+05:30,0.18804896162975482,0.2013820306403231,-0.6021387422251558
2023-01-12 00:00:00+05:30,0.22456682524969798,0.085187808222477,-0.18667855946889644
2023-01-13 00:00:00+05:30,0.0811037157067434,0.08934686704285093,-0.0888287106619065
2023-01-16 00:00:00+05:30,0.12023035981389443,0.11274212927138452,-0.49115831660644105
2023-01-17 00:00:00+05:30,0.08371239412334729,0.1795471307944829,-0.488087943015042
2023-01-18 00:00:00+05:30,0.20343888145055408,0.18708570308837577,-0.3364702071735651
2023-01-19 00:00:00+05:30,0.2063082113722422,0.021762320172897556,0.006616914602882751
2023-01-20 00:00:00+05:30,0.07797425834875855,-0.0011128212614049018,-0.026895523914917143
2023-01-23 00:00:00+05:30,0.1358805389423487,0.10728276846543275,0.7269095602384092
2023-01-24 00:00:00+05:30,0.14996573973739888,-0.014890299708104524,-0.05086355091175445
2023-01-25 00:00:00+05:30,-0.03627488883384517,-0.06921812477008113,-0.024729889088523884
2023-01-27 00:00:00+05:30,-0.061837637525681874,-0.26001661724652575,0.6734863972254957
2023-01-30 00:00:00+05:30,-0.265293706897143,-0.19165125334073396,0.11747912447452472
2023-01-31 00:00:00+05:30,-0.17452100271724968,-0.166956960815606,-0.002068059807974177
2023-02-01 00:00:00+05:30,-0.09887689922106065,-0.0957328400750181,-0.16025410416564018
2023-02-02 00:00:00+05:30,-0.2292978323766012,-0.00709230286158781,-0.04540966310610902
2023-02-03 00:00:00+05:30,0.03467380113923188,0.08934686704285093,-0.37099006820747776
2023-02-06 00:00:00+05:30,0.05762807551946305,-0.08377514856363574,-0.2922521247141954
2023-02-07 00:00:00+05:30,-0.06131595877512987,0.06387239332637623,-0.16217640438856978
2023-02-08 00:00:00+05:30,0.07745258811564698,0.012403960943687427,-0.6360094952609993
2023-02-09 00:00:00+05:30,0.020849333802801146,0.04047776694233436,-0.481307579609487
2023-02-10 00:00:00+05:30,0.0205889104133953,0.04645661269802554,-0.6361708554413102
2023-02-13 00:00:00+05:30,0.05814949897982709,0.055554275685628374,-0.43270170828978877
2023-02-14 00:00:00+05:30,0.03154368444203869,0.03761773841855483,-0.5997243797411441
2023-02-15 00:00:00+05:30,0.023457265465040893,0.11638043145303559,-0.4283549066410365
2023-02-16 00:00:00+05:30,0.15674846377744336,0.12911830415576467,-0.4537432483800765
2023-02-17 00:00:00+05:30,0.09988449147168135,-0.020088964272449,-0.3898232604824664
2023-02-20 00:00:00+05:30,0.02137116583599378,-0.134203975202354,-0.2524233411703178
2023-02-21 00:00:00+05:30,-0.09887668581910358,-0.17111601963597992,-0.3145308314275896
2023-02-22 00:00:00+05:30,-0.20869091481095883,-0.32526125638693076,-0.18461970711476783
2023-02-23 00:00:00+05:30,-0.2950293140620395,-0.2909491800799688,-0.3505184660802671
2023-02-24 00:00:00+05:30,-0.2658149699898084,-0.34215755206554205,-0.4993121830441353
2023-02-27 00:00:00+05:30,-0.3425022296469375,-0.19321097987893565,-0.4424834141935617
2023-02-28 00:00:00+05:30,-0.1982575010723992,-0.17605462380320883,2.7465314406950594e-05
2023-03-01 00:00:00+05:30,-0.18104188285720488,-0.09469259848655583,0.2628391917191279
2023-03-02 00:00:00+05:30,-0.14791531197708369,-0.21530657596638314,-0.05933129310125686
2023-03-03 00:00:00+05:30,-0.1666951098328213,-0.06297921861727439,-0.1658259919961922
2023-03-06 00:00:00+05:30,-0.039925877123478615,-0.06297921861727439,0.17082505895194175
2023-03-08 00:00:00+05:30,-0.14582878689083809,-0.1191281023035517,0.17422527173544713
2023-03-09 00:00:00+05:30,-0.12861234005002065,-0.24130053463259724,0.546498739708897
2023-03-10 00:00:00+05:30,-0.29711633542748794,-0.3317602229368531,0.10379975047200958
2023-03-13 00:00:00+05:30,-0.33885085322851943,-0.46381113528933987,0.9888633595881879
2023-03-14 00:00:00+05:30,-0.47448891200118254,-0.5971623496274046,2.102000091798657
2023-03-15 00:00:00+05:30,-0.5005724763811462,-0.5051422989404553,0.06415411504722823
2023-03-16 00:00:00+05:30,-0.4901392519417875,-0.517619475401577,-0.16457609776528048
2023-03-17 00:00:00+05:30,-0.44005719500398405,-0.3639930877558739,0.9779398362587651
2023-03-20 00:00:00+05:30,-0.4014526238581337,-0.32994043600153583,0.014877563512841627
2023-03-21 00:00:00+05:30,-0.29424711605070597,-0.2925095424626622,-0.558675255903123
2023-03-22 00:00:00+05:30,-0.2814653003219209,-0.30134650920865774,-0.23057931462179884
2023-03-23 00:00:00+05:30,-0.33806815939798485,-0.4336581178027519,0.2690444398296172
2023-03-24 00:00:00+05:30,-0.4585771388677749,-0.36893232776759455,0.2341962496587615
2023-03-27 00:00:00+05:30,-0.3302433112023265,-0.3010877205005256,-0.33604480306183604
2023-03-28 00:00:00+05:30,-0.2869433099056003,-0.3338394344247942,-0.4364746889764725
2023-03-29 00:00:00+05:30,-0.33311227502802887,-0.21868481775091864,-0.33954036504279794
2023-03-31 00:00:00+05:30,-0.20060512278656328,-0.157339177033772,-0.17888020316108527
2023-04-03 00:00:00+05:30,-0.1562622189310259,-0.09053417551067362,-0.4224065836304809
2023-04-05 00:00:00+05:30,-0.09887623174084792,-0.05830003900266932,-0.40310290131102927
2023-04-06 00:00:00+05:30,-0.07279230670258378,-0.03126647459248466,-0.6121366017394523
2023-04-10 00:00:00+05:30,-0.03549213396948482,-0.019828903875333433,-0.6777558331401503
2023-04-11 00:00:00+05:30,0.43428312438787786,0.43351105092339143,1.0567780905593263
2023-04-12 00:00:00+05:30,0.40715620204765696,0.4207744499096458,-0.21275764358408064
2023-04-13 00:00:00+05:30,0.3862886195221863,0.5530847868147565,-0.31729595815382816
2023-04-17 00:00:00+05:30,0.6520856928703136,0.6864353653083294,1.285559213803056
2023-04-18 00:00:00+05:30,0.71468729952984,0.6508229870157896,-0.3068107822661058
2023-04-19 00:00:00+05:30,0.6486953032729208,0.6331471459903233,-0.5432562983524422
2023-04-20 00:00:00+05:30,0.6278278988679542,0.6284679663757171,-0.4470181098490665
2023-04-21 00:00:00+05:30,0.6158286284144061,0.6786367326173209,-0.5875472949039844
2023-04-24 00:00:00+05:30,0.6586067127187002,0.6973528152312483,-0.5128934034610334
2023-04-25 00:00:00+05:30,0.7201656762363619,0.6560222874246258,0.07408941513332924
2023-04-26 00:00:00+05:30,0.5923533354937198,0.6003941603770702,-0.2665145287880919
2023-04-27 00:00:00+05:30,0.5892233845985507,0.7563598199078312,0.14374049382014045
2023-04-28 00:00:00+05:30,0.7410326369484881,0.9094660867593032,-0.0059018741455238374
2023-05-02 00:00:00+05:30,0.8036350087627335,0.8216057307372195,0.04547430123240152
2023-05-03 00:00:00+05:30,0.8088517557478307,0.8725540423256772,-0.2040653346195732
2023-05-04 00:00:00+05:30,0.8659760588863913,0.9591153680511665,-0.2035104972081295
2023-05-05 00:00:00+05:30,0.9817895912657013,0.8608564112114092,-0.19646954142581557
2023-05-08 00:00:00+05:30,0.8970163508783441,1.017602251933517,-0.11304481814986365
2023-05-09 00:00:00+05:30,1.0480436897978036,0.9939482009968512,-0.1665150085950068
2023-05-10 00:00:00+05:30,1.0227416037025314,1.0168220707421702,-0.10409277969726205
2023-05-11 00:00:00+05:30,1.0749100481331473,1.012923072318912,0.003635634266120636
2023-05-12 00:00:00+05:30,0.9914405169831559,1.0266999149211187,-0.254096913735629
2023-05-15 00:00:00+05:30,1.007351911270077,1.0911656445591615,-0.30703276037511656
2023-05-16 00:00:00+05:30,1.1166445980238322,0.9562559753718787,0.037649195375982644
2023-05-17 00:00:00+05:30,0.969530195203878,0.759219212587119,0.2344999864687587
2023-05-18 00:00:00+05:30,0.834936073591584,0.854098655953356,-0.05387503235178333
2023-05-19 00:00:00+05:30,0.8662368891603645,0.9281821693732317,-0.09665295362966062
2023-05-22 00:00:00+05:30,0.9444894900602819,0.9206435970793388,-0.21444739531185616
2023-05-23 00:00:00+05:30,0.9194487033047105,0.8234255176725368,-0.012823967014266437
2023-05-24 00:00:00+05:30,0.8242415082487919,0.7654581187399258,-0.1806530079228444
2023-05-25 00:00:00+05:30,0.8036351151364878,0.8673553777613328,0.33906914930827153
2023-05-26 00:00:00+05:30,0.9703126416829553,0.9458586462431897,-0.2371991807357076
2023-05-29 00:00:00+05:30,1.0389140620073034,0.9882287797937828,-0.1336316159138204
2023-05-30 00:00:00+05:30,1.0115254306911645,1.1000038829941405,0.6546594608933267
2023-05-31 00:00:00+05:30,1.1529017454819648,1.3061389446109948,18.164487065331034
2023-06-01 00:00:00+05:30,1.0644763490875737,0.8678754985555639,0.33921476177045057
2023-06-02 00:00:00+05:30,0.9442279037574772,0.913105024785446,-0.18053759656393212
2023-06-05 00:00:00+05:30,0.94448934595337,0.8411013586980031,-0.42908469472926125
2023-06-06 00:00:00+05:30,0.891799609786325,1.018642493521978,-0.06086162614821709
2023-06-07 00:00:00+05:30,1.0853435432458394,0.9164845382589649,-0.27926457169865543
2023-06-08 00:00:00+05:30,0.9022325452672095,0.6414646277865783,0.23657027209769546
2023-06-09 00:00:00+05:30,0.5114920702022583,0.5660814482256177,2.1144986026634416
2023-06-12 00:00:00+05:30,0.5785288280897778,0.6048132795945609,-0.34079737810519395
2023-06-13 00:00:00+05:30,0.5811366175706749,0.4826395755765318,1.114605437317199
2023-06-14 00:00:00+05:30,0.4799303722089829,0.5278703734953973,0.2553227842825286
2023-06-15 00:00:00+05:30,0.5425322764777666,0.36592586820894635,0.09561179993205712
2023-06-16 00:00:00+05:30,0.3808107046883862,0.4901787837149164,-0.2582871010917264
2023-06-19 00:00:00+05:30,0.5211437104027671,0.319396675837977,0.6935343210183069
2023-06-20 00:00:00+05:30,0.292385439408285,0.4205137536680385,0.04917048482792121
2023-06-21 00:00:00+05:30,0.4335005248836134,0.4285718109116708,-0.43055182118152746
2023-06-22 00:00:00+05:30,0.42567567720326,0.3794426504140387,-0.2085517085098512
2023-06-23 00:00:00+05:30,0.36020449740033084,0.3401919699398478,-0.39065292793363765
2023-06-26 00:00:00+05:30,0.3547266177811241,0.31107792235273857,-0.4705529667361919
2023-06-27 00:00:00+05:30,0.3325547700339459,0.4241526916941813,-0.4867351493108571
2023-06-28 00:00:00+05:30,0.42802291381021423,0.40257785224545667,0.20385988859379436
2023-06-30 00:00:00+05:30,0.43793515084227885,0.433771111320507,-0.09928627411235635
2023-07-03 00:00:00+05:30,0.48019145990826995,0.42025369327092293,-0.25593939675706784
2023-07-04 00:00:00+05:30,0.44889091906314627,0.5125338043549877,0.470407275750448
2023-07-05 00:00:00+05:30,0.5156656198004044,0.5289093433948762,-0.27521525091708077
2023-07-06 00:00:00+05:30,0.5010585481803383,0.5936357692745252,-0.15979181156349248
2023-07-07 00:00:00+05:30,0.563660707642057,0.46990297456278624,-0.5001360259968194
2023-07-10 00:00:00+05:30,0.4645411853069502,0.5395680046096641,-0.2065385892549551
2023-07-11 00:00:00+05:30,0.5740948061364278,0.5380082780714625,-0.06433130146923603
2023-07-12 00:00:00+05:30,0.5787897996215818,0.5977948280948979,-0.008604657165733139
2023-07-13 00:00:00+05:30,0.6523470502114197,0.554124392558727,0.187764426329938
2023-07-14 00:00:00+05:30,0.5537481989891025,0.5504848186880925,0.5904197727454212
2023-07-17 00:00:00+05:30,0.5594868528228388,0.6963132094872789,-0.22976884644341858
2023-07-18 00:00:00+05:30,0.6854732032316949,0.6640797088237663,0.30215649800696626
2023-07-19 00:00:00+05:30,0.6826045172536659,0.7459618549346493,-0.2194290672957091
2023-07-20 00:00:00+05:30,0.7149484684676423,1.0074643473574518,1.0593283580080384
2023-07-21 00:00:00+05:30,0.9804851320913583,1.076608620765607,-0.11761618657362097
2023-07-24 00:00:00+05:30,0.9705734081356546,0.6973528152312483,0.5691014611159102
2023-07-25 00:00:00+05:30,0.7149490560564036,0.5842780458898068,0.765801893858851
2023-07-26 00:00:00+05:30,0.605395543039749,0.6872155464996761,-0.4169688749872998
2023-07-27 00:00:00+05:30,0.6523467861453313,0.5751797470577122,0.4088000451965735
2023-07-28 00:00:00+05:30,0.5511405822873218,0.5912964973894685,-0.4514930504645363
2023-07-31 00:00:00+05:30,0.5323596557228596,0.4857596644974269,-0.079766222460215
2023-08-01 00:00:00+05:30,0.4488898360036985,0.4517063768985971,0.015741530788437305
2023-08-02 00:00:00+05:30,0.3995917229759023,0.3149769207759969,-0.046276650492031376
2023-08-03 00:00:00+05:30,0.29290712259603946,0.31263764889094026,0.565261390835541
2023-08-04 00:00:00+05:30,0.34719357044990323,0.39979030999373383,0.22619791890289112
2023-08-07 00:00:00+05:30,0.430731367919652,0.3636285620603435,-0.14812792975970154
2023-08-08 00:00:00+05:30,0.36024627496344347,0.34515727957572917,-0.06587026340284392
2023-08-09 00:00:00+05:30,0.37329933875836646,0.3633685016632279,-0.38196773780061455
2023-08-10 00:00:00+05:30,0.3302251236902833,0.2038923446936538,0.15470047419564958
2023-08-11 00:00:00+05:30,0.1853386876668018,0.15498255054566684,-0.027904672208359488
2023-08-14 00:00:00+05:30,0.13834840837598775,0.16877083834872578,-0.23622692093268394
2023-08-16 00:00:00+05:30,0.12790625030229372,0.1276660353366645,-0.5416849780939056
2023-08-17 00:00:00+05:30,0.10180071239716963,0.021001850160794328,0.15893725753964436
2023-08-18 00:00:00+05:30,-0.02820521000981714,-0.05652412533728109,-0.06076433545126487
2023-08-21 00:00:00+05:30,-0.060054173456755774,-0.006834785842439141,-0.09481047060822174
2023-08-22 00:00:00+05:30,0.03392587431282043,0.007473622754850946,-0.22999406038492218
2023-08-23 00:00:00+05:30,0.0381030442339864,0.09566716129059849,-0.22795052430459312
2023-08-24 00:00:00+05:30,0.13834844651304642,0.10034952012766218,-0.058499468428423664
2023-08-25 00:00:00+05:30,0.0454122605990127,0.08942316838185793,-0.5072967075813695
2023-08-28 00:00:00+05:30,0.08535408851066185,0.14925931427564915,-0.5208470797285023
2023-08-29 00:00:00+05:30,0.17985632242395255,0.11153656811507372,-0.36376769008339704
2023-08-30 00:00:00+05:30,0.1487905299714477,0.0688707668758273,-0.38810028754109743
2023-08-31 00:00:00+05:30,0.06473063358768891,-0.01515989777259597,0.8454236510670186
2023-09-01 00:00:00+05:30,0.007298102933770625,0.04909854656114336,-0.36667605632798655
2023-09-04 00:00:00+05:30,0.07778341035114023,0.0027906280732955314,0.06530175697136531
2023-09-05 00:00:00+05:30,0.013041564652932845,0.04883912200851952,-0.029689341689259123
2023-09-06 00:00:00+05:30,0.0443684934632556,0.04493694436280254,0.3937473838840853
2023-09-07 00:00:00+05:30,0.06525281385730591,0.14223514017556188,-0.4717588536452006
2023-09-08 00:00:00+05:30,0.18011736711550883,0.16408784366717039,-0.43334024590171466
2023-09-11 00:00:00+05:30,0.19578064428456401,0.24057421342127525,-0.44828547757543963
2023-09-12 00:00:00+05:30,0.29498241187236124,0.25774455807582003,-0.21270306587603427
2023-09-13 00:00:00+05:30,0.19891368411181107,0.3274668141269532,0.3315432500963598
2023-09-14 00:00:00+05:30,0.34197243231448027,0.311597407302478,-0.39596832210858834
2023-09-15 00:00:00+05:30,0.2803631428434149,0.2717935421204863,-0.05898505902452001
2023-09-18 00:00:00+05:30,0.2532132473704541,0.19088423808194158,-0.0916514352065181
2023-09-20 00:00:00+05:30,0.12764503368078603,0.14457631959409373,0.2099348405159042
2023-09-21 00:00:00+05:30,0.11224316687346153,-0.031029304597071195,0.08408425453729902
2023-09-22 00:00:00+05:30,-0.02350627938742574,-0.027127126951354212,-0.14773682547239694
2023-09-25 00:00:00+05:30,0.007820269778850347,0.1183006818180454,-0.46777273945831993
2023-09-26 00:00:00+05:30,0.07099571859281907,0.012676738230637499,-0.15937633067140827
2023-09-27 00:00:00+05:30,0.007820492828414025,0.018140549948031343,-0.3000187698635765
2023-09-28 00:00:00+05:30,-0.0015781444512739605,-0.14810035656900622,0.8344621606363462
2023-09-29 00:00:00+05:30,-0.0966021034811094,-0.13509224995729396,-0.17759147894025917
2023-10-03 00:00:00+05:30,-0.16969759378329524,-0.18009859477058052,0.24590133439629497
2023-10-04 00:00:00+05:30,-0.2480150167575126,-0.206114807994005,0.39391046984172584
2023-10-05 00:00:00+05:30,-0.16969786583974636,-0.14263654485161237,-0.3080878574899576
2023-10-06 00:00:00+05:30,-0.14202593149324677,-0.09242644871804755,-0.5183043625556069
2023-10-09 00:00:00+05:30,-0.1696979184226954,-0.22042321659129507,-0.5512688667712812
2023-10-10 00:00:00+05:30,-0.18275070123010193,-0.02894818557565492,-0.22132850096902246
2023-10-11 00:00:00+05:30,-0.012802664656568817,0.050660180632820226,-0.19309866685691218
2023-10-12 00:00:00+05:30,0.06525245239176902,0.01137580040056793,-0.4338482716030949
2023-10-13 00:00:00+05:30,-0.03916979861309137,0.001750386484833256,-0.4899144625961827
2023-10-16 00:00:00+05:30,-0.007842959722178557,-0.06198793705467494,-0.6072608493391992
2023-10-17 00:00:00+05:30,-0.03917001836334486,0.05144036182416693,-0.2540373744177602
2023-10-18 00:00:00+05:30,0.05481037830718098,-0.04299653377582944,-0.2897775757458164
2023-10-19 00:00:00+05:30,-0.10704456970468,-0.12078384136000388,-0.5181197043813471
2023-10-20 00:00:00+05:30,-0.15142389843591134,0.041294191269709395,-0.06958931354797987
2023-10-23 00:00:00+05:30,0.0339262284403276,-0.10881597633675391,0.6798422194079865
2023-10-25 00:00:00+05:30,-0.07049622304064304,-0.17489547929479396,-0.1903322457976765
2023-10-26 00:00:00+05:30,-0.18170694903800583,-0.3476404391176876,0.40648728785283783
2023-10-27 00:00:00+05:30,-0.2845626076678426,-0.3067956965027419,-0.30635582421760865
2023-10-30 00:00:00+05:30,-0.31588952808495097,-0.2297892059544059,-0.6220149511736788
2023-10-31 00:00:00+05:30,-0.18170659001068107,-0.11584015043684116,0.0958594489788446
2023-11-01 00:00:00+05:30,-0.1644769589762811,-0.19388751841813118,-0.4027243089093637
2023-11-02 00:00:00+05:30,-0.14359227456630422,-0.12468601900572086,-0.3978806991118732
2023-11-03 00:00:00+05:30,-0.11748658890050352,-0.14783966032739893,-0.6117907991070478
2023-11-06 00:00:00+05:30,-0.09660187378140733,-0.11167791239400862,-0.6920983370815371
2023-11-07 00:00:00+05:30,-0.14280927724906695,-0.05418358176324097,-0.1715784392798462
2023-11-08 00:00:00+05:30,-0.04961221539723306,-0.08019915914217374,-0.1622519071467367
2023-11-09 00:00:00+05:30,-0.08668186233543589,-0.08696327284514542,-0.5287910484984925
2023-11-10 00:00:00+05:30,-0.1456811643773288,-0.08436203302949802,-0.5954302143009425
2023-11-13 00:00:00+05:30,-0.06005415401202868,-0.0700529885877162,-0.33214605635226285
2023-11-15 00:00:00+05:30,-0.007842875893098225,0.04077407047547826,-0.20767566079294883
2023-11-16 00:00:00+05:30,0.044368410037167176,0.05820447552713862,-0.4995811885853757
2023-11-17 00:00:00+05:30,-0.013063967610192816,0.015278613890776636,-0.3632978472054326
2023-11-20 00:00:00+05:30,-0.033948873212697135,0.04623724634838038,-0.5331184351522876
2023-11-21 00:00:00+05:30,0.08587567271561092,0.02880620545222829,-0.36439910886383864
2023-11-22 00:00:00+05:30,-0.023506189979635383,-0.08332051975205229,0.02561944877833146
2023-11-23 00:00:00+05:30,-0.11722511102844334,-0.1163602712310723,-0.33624218884390095
2023-11-24 00:00:00+05:30,-0.12009752497925551,-0.09190632792381641,-0.3954169362518037
2023-11-28 00:00:00+05:30,-0.09138114040965277,-0.10101162104531994,-0.2255760704213268
2023-11-29 00:00:00+05:30,-0.07310691398550256,-0.04273647337871387,-0.19885931158288148
2023-11-30 00:00:00+05:30,-0.031599259195746875,-0.03233024242714076,0.40123812038290785
2023-12-01 00:00:00+05:30,-0.013064260848989668,-0.05808575940895796,-0.5161352761745546
2023-12-04 00:00:00+05:30,0.039147201145311304,0.29598806087511836,0.03973652305604851
2023-12-05 00:00:00+05:30,0.3419723579349791,0.347498458994261,0.25379741284539076
2023-12-06 00:00:00+05:30,0.3631180245030236,0.31081659026663955,0.06491280990572261
2023-12-07 00:00:00+05:30,0.32630875801901255,0.3391733470641042,-0.40864868675947214
2023-12-08 00:00:00+05:30,0.33596773816133585,0.39952961375212653,-0.30406140325799924
2023-12-11 00:00:00+05:30,0.4307314389854117,0.42866782342992127,-0.25652335666094733
2023-12-12 00:00:00+05:30,0.4463950181653148,0.32616587629688365,-0.12512072929107976
2023-12-13 00:00:00+05:30,0.32108774079894237,0.33579129021261717,-0.24670821382141483
2023-12-14 00:00:00+05:30,0.4255102461214721,0.4796581007548328,0.1043862990418834
2023-12-15 00:00:00+05:30,0.5351537873831579,0.4627478164974036,-0.11169526027817163
2023-12-18 00:00:00+05:30,0.4317754147637067,0.4437564132185581,-0.13725121814034222
2023-12-19 00:00:00+05:30,0.4560540405291609,0.4416759300416335,-0.28174343511035826
2023-12-20 00:00:00+05:30,0.46806300038317167,0.337352924284294,-0.09198580456411443
2023-12-21 00:00:00+05:30,0.3054247878706226,0.4736748040876995,-0.4295310238911108
2023-12-22 00:00:00+05:30,0.4813764440627538,0.5142594863055296,-0.23420430990247543
2023-12-26 00:00:00+05:30,0.5455961177457977,0.6513615473002807,-0.009556854807301009
2023-12-27 00:00:00+05:30,0.6865665195357191,0.7320101550972182,-0.21307475516838167
2023-12-28 00:00:00+05:30,0.775325913926772,0.8308699849816532,0.11973514688855208
2023-12-29 00:00:00+05:30,0.7810691301071174,0.7619285459663596,-0.42039950459623815
2024-01-01 00:00:00+05:30,0.7648833960708014,0.7673917218392617,-0.6404939276517815
2024-01-02 00:00:00+05:30,0.759662578052085,0.5379338842659295,0.1565766098750143
2024-01-03 00:00:00+05:30,0.5299328058362662,0.5423561827058787,-0.13233598858367618
2024-01-04 00:00:00+05:30,0.5690914856581375,0.5303889535271205,-0.32988334655108353
2024-01-05 00:00:00+05:30,0.5377644100892872,0.4471384700700439,0.7343981395155699
2024-01-08 00:00:00+05:30,0.44639482134415176,0.3352711694183872,1.6951871320741707
2024-01-09 00:00:00+05:30,0.388962396811716,0.3381331054756419,-0.012026010721525262
2024-01-10 00:00:00+05:30,0.3043807568311606,0.307695229656761,0.5733436375140598
2024-01-11 00:00:00+05:30,0.3628567161749445,0.31836088516095795,-0.048516062299262024
2024-01-12 00:00:00+05:30,0.3263090132042475,0.37247379478473147,-0.4794100874356694
2024-01-15 00:00:00+05:30,0.420289071834051,0.467430811178959,0.38341191917969963
2024-01-16 00:00:00+05:30,0.4597092135562252,0.44922022493595193,0.05520919542611093
2024-01-17 00:00:00+05:30,0.31612825224918595,0.09358604226918221,1.3896632796522608
2024-01-18 00:00:00+05:30,0.039146942476270354,0.08109805645170111,-0.021900261434594167
2024-01-19 00:00:00+05:30,0.12816729333113563,0.013717615663591498,0.0356714545563419
2024-01-23 00:00:00+05:30,0.2010018508851641,0.11882080261227654,0.5146814459730273
2024-01-24 00:00:00+05:30,0.13834819864684977,0.14015338530965388,-0.24303683827500713
2024-01-25 00:00:00+05:30,0.14356985767207328,0.03505083420546057,0.4977140347134262
2024-01-29 00:00:00+05:30,0.11903068795444796,0.31862158140256525,0.18146059318949934
2024-01-30 00:00:00+05:30,0.3263093012706147,0.32226369865116666,-0.12205208147701022
2024-01-31 00:00:00+05:30,0.2793190408895527,0.33084887097843907,0.8030107316943368
2024-02-01 00:00:00+05:30,0.3524145312438045,0.3178407643667268,-0.5010800261960721
2024-02-02 00:00:00+05:30,0.4140239349933735,0.3188810059551891,0.14127759384873576
2024-02-05 00:00:00+05:30,0.3263088054606205,0.2429153928398071,-0.20152002878068348
2024-02-06 00:00:00+05:30,0.26887675684466056,0.1318289092239888,0.06405358851778314
2024-02-07 00:00:00+05:30,0.1487910081282295,0.16096648305729183,0.0425519130470096
2024-02-08 00:00:00+05:30,0.2038740597576856,-0.16631094281201328,0.03188445192885572
2024-02-09 00:00:00+05:30,-0.16969815530809554,-0.09997137945685768,-0.07140288979914913
2024-02-12 00:00:00+05:30,-0.1018235746345718,-0.2711540693635828,0.02405697312860874
2024-02-13 00:00:00+05:30,-0.2584569965953614,-0.12754731921848383,0.02100342586617258
2024-02-14 00:00:00+05:30,-0.20285198728793838,-0.06615081094199922,-0.11749257777239341
2024-02-15 00:00:00+05:30,-0.039169824281886464,-0.1166209674726796,-0.3997980377249804
2024-02-16 00:00:00+05:30,-0.06553668338497483,-0.1374334293758258,-0.5936295813797446
2024-02-19 00:00:00+05:30,-0.0966018237982648,-0.15746507424313358,0.011429676130607988
2024-02-20 00:00:00+05:30,-0.11905297089238527,0.004352262144972394,0.6937955605615644
2024-02-21 00:00:00+05:30,0.03392621649016542,-0.08097934033352044,-0.04532315851746636
2024-02-22 00:00:00+05:30,-0.09399167422426759,-0.19206645979383047,0.38954878336350635
2024-02-23 00:00:00+05:30,-0.19841401205445244,-0.19596863743954746,-0.2030387128306694
2024-02-26 00:00:00+05:30,-0.2109446771341531,-0.28806371777652023,0.33719430796190397
2024-02-27 00:00:00+05:30,-0.2584567718823953,-0.2857225383579884,0.007912973377359363
2024-02-28 00:00:00+05:30,-0.26889942631248537,-0.40617564718140925,-0.28446067151570237
2024-02-29 00:00:00+05:30,-0.39420614247611974,-0.37573713551803667,0.4771783631028568
2024-03-01 00:00:00+05:30,-0.3498265428254751,-0.1767171737635864,-0.20511331290292997
2024-03-04 00:00:00+05:30,-0.18040157519431219,-0.17931904942372554,-0.348989427366304
2024-03-05 00:00:00+05:30,-0.1858834657339218,-0.23915519531751672,-0.2745661429190115
2024-03-06 00:00:00+05:30,-0.20702922794336198,-0.009956782296809418,0.6594068586046961
2024-03-07 00:00:00+05:30,-0.014369525087877307,-0.07083316977906291,-0.2708630562141737
2024-03-11 00:00:00+05:30,0.017740507221316166,-0.16657100320912885,-0.16283306266245573
2024-03-12 00:00:00+05:30,-0.14411400719744633,-0.21496004071839295,1.261613837633669
2024-03-13 00:00:00+05:30,-0.22008195302823846,-0.16709112400336,0.3065654276395816
2024-03-14 00:00:00+05:30,-0.19580343410887646,-0.10023080400948152,0.08945185347646797
2024-03-15 00:00:00+05:30,-0.13941487563060956,-0.12156338670685886,2.3972089731219692
2024-03-18 00:00:00+05:30,-0.13106157663146983,-0.12364514157276686,-0.4488806550319611
2024-03-19 00:00:00+05:30,-0.14437545875290048,-0.06250805784890608,0.01857460999702608
2024-03-20 00:00:00+05:30,-0.05796541072483826,0.019441487778100914,0.005590508536145114
2024-03-21 00:00:00+05:30,0.05011134379493367,0.05456235827853721,-0.13186873437170607
2024-03-22 00:00:00+05:30,0.03862519682375044,0.07667575801175298,0.5751826689808396
2024-03-26 00:00:00+05:30,0.013041816596696997,-0.0414355355486443,0.19601795640841257
2024-03-27 00:00:00+05:30,-0.023506437297125732,0.07251288412442872,0.8275445979330935
2024-03-28 00:00:00+05:30,0.08065463167995268,0.1240239180880631,0.4821608979753745
2024-04-01 00:00:00+05:30,0.16967548548677291,0.15108037289994986,-0.32554431090031416
2024-04-02 00:00:00+05:30,0.16393194968574673,-0.02218407187268323,0.5298609519192359
2024-04-03 00:00:00+05:30,-0.047001284677601625,-0.15876601207320315,1.7880305008481958
2024-04-04 00:00:00+05:30,-0.08093896226300631,-0.06510993350904522,1.8833238262636542
2024-04-05 00:00:00+05:30,-0.07023547407854669,0.12220285946376239,0.4666183316234661
2024-04-08 00:00:00+05:30,0.16340998819408448,0.1391131437211916,-0.37970545944376766
2024-04-09 00:00:00+05:30,0.14539674956151957,0.09852846150336148,-0.43613406367605667
2024-04-10 00:00:00+05:30,0.13782683423020592,0.3344909882270405,0.2439488330700986
2024-04-12 00:00:00+05:30,0.25321314646946563,0.26737060783604644,-0.09248951582217083
2024-04-15 00:00:00+05:30,0.14330842871067076,0.1898439964934793,-0.01620131324815556
2024-04-16 00:00:00+05:30,0.08091637265339792,0.16096648305729183,-0.06432677130374602
2024-04-18 00:00:00+05:30,0.1438308958490978,0.13052797139391922,-0.031113755152619486
2024-04-19 00:00:00+05:30,0.00782026534487213,0.1612265434544074,-0.11316583828509691
2024-04-22 00:00:00+05:30,0.26365552270377407,0.2512405047699639,0.3788444337549338
2024-04-23 00:00:00+05:30,0.2479920208723105,0.26737060783604644,0.33674970457738396
2024-04-24 00:00:00+05:30,0.25843416146930165,0.42216377012406514,-0.23727144766138164
2024-04-25 00:00:00+05:30,-0.5090712483707133,-0.6202848345689881,13.328201682549148
2024-04-26 00:00:00+05:30,-0.6268075553077016,-0.7969307003486152,3.829473644720862
2024-04-29 00:00:00+05:30,-0.7957107844662513,-0.630950490073185,1.4739083943262377
2024-04-30 00:00:00+05:30,-0.6375107613988821,-0.7165427887932851,2.9794418053389684
2024-05-02 00:00:00+05:30,-0.9006557448245633,-0.9678539657027165,4.7988490266603705
2024-05-03 00:00:00+05:30,-0.937203396890548,-1.1184848899479027,2.530122949988172
2024-05-06 00:00:00+05:30,-0.8223386465716908,-0.7147210943244927,3.7132774885679773
2024-05-07 00:00:00+05:30,-0.6985983576952679,-0.612739903830178,1.180391637674529
2024-05-08 00:00:00+05:30,-0.6395994402254388,-0.5895862625084999,1.1775803464047254
2024-05-09 00:00:00+05:30,-0.5978304917141856,-0.6169027777175022,0.05631930169333074
2024-05-10 00:00:00+05:30,-0.6239360425058283,-0.6957303268901389,1.5908282983466944
2024-05-13 00:00:00+05:30,-0.7074741533028761,-0.6267888878748442,0.3115626316194003
2024-05-14 00:00:00+05:30,-0.6291567982576427,-0.6002519180126968,-0.024364671461162214
2024-05-15 00:00:00+05:30,-0.5889547936945161,-0.5768382162939032,0.18680014824706342
2024-05-16 00:00:00+05:30,-0.5612822003102079,-0.4662712176278243,0.5616081359510934
2024-05-17 00:00:00+05:30,-0.46208098019780225,-0.33879457054880796,1.126604767089417
2024-05-21 00:00:00+05:30,-0.36810056188594026,-0.32994933782442,0.30528921530439457
2024-05-22 00:00:00+05:30,-0.3117123665385677,-0.3231852241214483,0.3589026452678887
2024-05-23 00:00:00+05:30,-0.32633164369843326,-0.2737553091792302,0.2774886683030048
2024-05-24 00:00:00+05:30,-0.2688994058196532,-0.3028935188570249,0.11675019927496472
2024-05-27 00:00:00+05:30,-0.30831933988998067,-0.26360977446926437,-0.2029263215820838
2024-05-28 00:00:00+05:30,-0.26211181942940415,-0.3018526414240709,-0.14643860947625842
2024-05-29 00:00:00+05:30,-0.3367739834112683,-0.3840622474481935,0.12026539197305
2024-05-30 00:00:00+05:30,-0.4080423614452878,-0.3723550786665508,0.2557425796179366
2024-05-31 00:00:00+05:30,-0.31066823701966734,-0.4228252351972312,1.8141167037948644
2024-06-03 00:00:00+05:30,-0.2143389326186775,-0.2269272698971512,1.1662156712454417
2024-06-04 00:00:00+05:30,-0.309362771065771,-0.6436985362877817,2.3372412310311477
2024-06-05 00:00:00+05:30,-0.5218624430242663,-0.22666720950003563,2.1639839732547013
2024-06-06 00:00:00+05:30,-0.21668797458965355,-0.14029536543308052,0.42387902461333704
2024-06-07 00:00:00+05:30,-0.16943627694931437,-0.0414355355486443,0.04598664137710558
2024-06-10 00:00:00+05:30,-0.06475321110496352,-0.08332051975205229,0.0977379576020374
2024-06-11 00:00:00+05:30,-0.08302718001425989,-0.21678109934269366,-0.062413531411796445
2024-06-12 00:00:00+05:30,-0.2213870872955133,-0.23889449907590943,0.3206937194699406
2024-06-13 00:00:00+05:30,-0.16238806839850572,-0.18374134786367363,0.34972323565212154
2024-06-14 00:00:00+05:30,-0.2062456925912873,-0.23135020418159105,-0.26777693490464266
2024-06-18 00:00:00+05:30,-0.22921894432017584,-0.21990309579706394,0.28310499489979213
2024-06-19 00:00:00+05:30,-0.17491920619877185,-0.07785797972364189,1.2004566035184692
2024-06-20 00:00:00+05:30,0.013041532675804048,0.023863786218049035,1.0458498213422474
2024-06-21 00:00:00+05:30,0.039147355858321194,0.07277358036603601,3.1574645814887443
2024-06-24 00:00:00+05:30,-0.027944490640590628,0.05664347729995348,-0.03582771592822916
2024-06-25 00:00:00+05:30,0.07334601876507044,0.10529321105082488,0.33197232148491407
2024-06-26 00:00:00+05:30,0.09135848267266095,0.1898439964934793,0.4942111381788138
2024-06-27 00:00:00+05:30,0.14879060651378578,0.35842544658455694,1.9302384358004137
2024-06-28 00:00:00+05:30,0.3116897420636626,0.2124775170209262,0.12383235799102117
2024-07-01 00:00:00+05:30,0.20883396273735663,0.24161509085422805,-0.32217257344274597
2024-07-02 00:00:00+05:30,0.30516328962581457,0.041294191269709395,1.1282369209988197
2024-07-03 00:00:00+05:30,0.017218476064698486,0.2551426824156809,0.9893088258613727
2024-07-04 00:00:00+05:30,0.23024041316469573,0.37559579123910175,0.14537998228319343
2024-07-05 00:00:00+05:30,0.30020366206180854,0.4736748040876995,-0.20047442344115482
2024-07-08 00:00:00+05:30,0.4777216103592044,0.47627604390334694,-0.11514552060423337
2024-07-09 00:00:00+05:30,0.5153134709432186,0.4484394079001135,-0.1024161870216242
2024-07-10 00:00:00+05:30,0.42028960016522987,0.3547833293359556,0.26637768241116183
2024-07-11 00:00:00+05:30,0.3568524066562479,0.4310090028484531,0.04754544975000305
2024-07-12 00:00:00+05:30,0.42812122822635523,0.3703926757633152,-0.033246168765419304
2024-07-15 00:00:00+05:30,0.39940501347877333,0.42606658361427385,0.326824543433094
2024-07-16 00:00:00+05:30,0.41559034493326474,0.2270466218598224,0.463313252315251
2024-07-18 00:00:00+05:30,0.22188631282241889,0.33865322626987304,0.6894194206982102
2024-07-19 00:00:00+05:30,0.3027779928574339,0.32224525916090546,-0.05524767249525781
2024-07-22 00:00:00+05:30,0.3158451131527854,-0.011380438113781933,1.369272789059538
2024-07-23 00:00:00+05:30,0.044049011009473706,0.04773974688232681,0.37971961858317144
2024-07-24 00:00:00+05:30,0.0385605652682328,-0.0705012589543824,0.667063916893652
2024-07-25 00:00:00+05:30,-0.14934436936172885,0.0802949848586523,-0.2801311276402454
2024-07-26 00:00:00+05:30,-0.012923761086855572,0.28187676407026185,0.19725210292119233
2024-07-29 00:00:00+05:30,0.3351841959727124,0.17796069878762877,0.7790582366934653
2024-07-30 00:00:00+05:30,0.17419765675977153,0.13733150745537787,0.2771094287348407
2024-07-31 00:00:00+05:30,0.16949336584484834,0.25088443185459786,0.30444574163458704
2024-08-01 00:00:00+05:30,0.24319179670203311,0.17144965119236366,-0.1248873179072609
2024-08-02 00:00:00+05:30,0.10729374563037845,0.22770472090875907,-0.24859427272042434
2024-08-05 00:00:00+05:30,0.05032097353404917,0.07248172774433419,0.11149542302871375
2024-08-06 00:00:00+05:30,0.12767858089972348,0.05633445687697508,-0.1015940698462696
2024-08-07 00:00:00+05:30,0.12767858089972348,0.08758748533424755,-0.18492258103610024
2024-08-08 00:00:00+05:30,0.03176604554043991,0.06779364630684497,-0.41477972644479166
2024-08-09 00:00:00+05:30,0.12794017852282377,0.051646375439485866,-0.4164576134534267
2024-08-12 00:00:00+05:30,0.002234226064348831,0.06675213302939924,0.03224449222422881
2024-08-13 00:00:00+05:30,0.012687922300630051,-0.040029047532948364,-0.18652453384223594
2024-08-14 00:00:00+05:30,-0.029126862644494825,-0.06164585271812683,-0.39031079257805845
2024-08-16 00:00:00+05:30,0.007461074182489441,0.09149411389140662,-0.30915136776928015
2024-08-19 00:00:00+05:30,0.10441936199119102,0.11258952659337049,-0.47948386441650676
2024-08-20 00:00:00+05:30,0.11722488466344225,0.2391645461831207,-0.2760132072098219
2024-08-21 00:00:00+05:30,0.2060813026718326,0.2771886826327738,0.2852320154584372
2024-08-22 00:00:00+05:30,0.27925717632580116,0.32172450252218376,-0.25390125373089356
2024-08-23 00:00:00+05:30,0.31845853721185574,0.3034935692554415,-0.5565167399082139
2024-08-26 00:00:00+05:30,0.3106182650346448,0.27484495983627505,-0.43979573172498576
2024-08-27 00:00:00+05:30,0.2638382295944796,0.22718396427003504,0.03165190343370163
2024-08-28 00:00:00+05:30,0.18517391019927018,0.16441784695837572,-0.024630009725577367
2024-08-29 00:00:00+05:30,0.1185315966929774,0.09123341764979932,0.2451007894375595
2024-08-30 00:00:00+05:30,0.08743210560723404,0.10972504715814889,0.6608004237982911
2024-09-02 00:00:00+05:30,0.11199803654530163,0.10685993187843555,-0.0747370915998
2024-09-03 00:00:00+05:30,0.10180593793212071,0.12535156138678513,0.172858671812626
2024-09-04 00:00:00+05:30,0.04927585912761432,0.12535156138678513,-0.25941187646624725
2024-09-05 00:00:00+05:30,0.10807790045669617,0.09487934996535108,-0.17731621745619922
2024-09-06 00:00:00+05:30,0.036470336455363093,0.02299776602031944,-0.24594283157576852
2024-09-09 00:00:00+05:30,0.03725385323869765,0.15842755600183347,-0.20677178491660778
2024-09-10 00:00:00+05:30,0.19562760643555138,0.16598011687454428,-0.1935801587318509
2024-09-11 00:00:00+05:30,0.17994706208112957,0.15373947456434425,-0.14261363974752259
2024-09-12 00:00:00+05:30,0.22646613794117762,0.3527168347378489,0.42508857879917095
2024-09-13 00:00:00+05:30,0.3994746830430352,0.31573421156564035,-0.5044125022193934
2024-09-16 00:00:00+05:30,0.3785672905704727,0.37277137000685884,-0.35903431431283017
2024-09-17 00:00:00+05:30,0.41201924613516927,0.4527269073078159,-0.15534340477446415
2024-09-18 00:00:00+05:30,0.4674237085788631,0.4165251011714469,0.5355363863895597
2024-09-19 00:00:00+05:30,0.46690115137564564,0.5845101291292865,-0.3241313307117619
2024-09-20 00:00:00+05:30,0.5928680634142377,0.7540580628477863,3.1181794178036686
2024-09-23 00:00:00+05:30,0.8069072386349024,0.9113647184115944,-0.15288201485822278
2024-09-24 00:00:00+05:30,0.9117057986208149,0.8071879568873528,-0.14789581270887983
2024-09-25 00:00:00+05:30,0.7812961932904,0.7199399191108005,-0.23459865002227293
2024-09-26 00:00:00+05:30,0.7026318738951906,0.7425988734179164,-0.04108594372913919
2024-09-27 00:00:00+05:30,0.7287661144858936,0.5871145481673925,0.4849739150225075
2024-09-30 00:00:00+05:30,0.5024433357532119,0.49075104375746903,-0.24767723779194561
2024-10-01 00:00:00+05:30,0.4517431642244413,0.6233163543037614,0.10280354550853871
2024-10-03 00:00:00+05:30,0.5087159363207705,0.32849624635905617,0.4245975951489198
2024-10-04 00:00:00+05:30,0.28709744850301205,0.2566140265695328,-0.14244969090121729
2024-10-07 00:00:00+05:30,0.2583497838532387,0.15894831264055634,0.658311205722611
2024-10-08 00:00:00+05:30,0.2060813026718326,0.2274446605116435,0.15146550459144664
2024-10-09 00:00:00+05:30,0.21130815078997323,0.21390180868239045,0.5789619056103429
2024-10-10 00:00:00+05:30,0.2578272266500213,0.6061269343144637,0.3259189417794234
2024-10-11 00:00:00+05:30,0.5834594815843913,0.6389428685323977,0.1761607310105144
2024-10-14 00:00:00+05:30,0.6506249903368847,0.786873997065719,-0.0008267944637101243
2024-10-15 00:00:00+05:30,0.7925334063100158,0.7056156144012172,-0.021459541049065587
2024-10-16 00:00:00+05:30,0.6451365445956438,0.6074291438335168,-0.26952644167245315
2024-10-17 00:00:00+05:30,0.6051510288832703,0.5433608170028044,-0.18412721340935337
2024-10-18 00:00:00+05:30,0.561506974705394,0.579822683536289,-0.12084835178966342
2024-10-21 00:00:00+05:30,0.4674237085788631,0.15347877832273696,1.8947236641360272
2024-10-22 00:00:00+05:30,0.16400492010360743,0.01778892794410736,0.23716739105371265
2024-10-23 00:00:00+05:30,0.0030183808906665568,0.042010152167391866,-0.336274978613162
2024-10-24 00:00:00+05:30,0.02836846665505188,0.01284015026501085,-0.4483031667930673
2024-10-25 00:00:00+05:30,0.023141618536911268,0.047479050640719514,-0.3377656187815431
2024-10-28 00:00:00+05:30,0.0388221628913331,-0.05148887280730997,-0.23574607622424382
2024-10-29 00:00:00+05:30,-0.08923561600311183,0.0024224741125866943,-0.05109415790741282
2024-10-30 00:00:00+05:30,-0.1754786099524319,-0.13092365346954415,-0.00194617678407616
2024-10-31 00:00:00+05:30,-0.17364934071967933,-0.14915458673628643,-0.31286200474993464
2024-11-01 00:00:00+05:30,-0.10962045127245686,-0.07987678598486911,-0.9087256734820558
2024-11-04 00:00:00+05:30,-0.08662219194404153,-0.15827005336965758,-0.3257708191748149
2024-11-05 00:00:00+05:30,-0.20422627460220524,-0.013464100513165109,-0.07903104131783546
2024-11-06 00:00:00+05:30,-0.002470064850574352,0.014923812664394027,-0.16022088295204673
2024-11-07 00:00:00+05:30,0.012687922300630051,-0.06685469079433891,-0.2877704967115737
2024-11-08 00:00:00+05:30,-0.08139534382590093,-0.07258428550927386,-0.16139160714796627
2024-11-11 00:00:00+05:30,-0.08139534382590093,-0.08196044838425229,-0.2566965815603989
2024-11-12 00:00:00+05:30,-0.08244045823233578,-0.1996800617377469,-0.2516573117581729
2024-11-13 00:00:00+05:30,-0.24342763548825982,-0.3744368335324588,-0.17289714888177288
2024-11-14 00:00:00+05:30,-0.36887199032363444,-0.26999937576661,-0.23022143154808766
2024-11-18 00:00:00+05:30,-0.24342763548825982,-0.19264825750375894,-0.498869521159111
2024-11-19 00:00:00+05:30,-0.16084318000444492,-0.16660406712269854,-0.3527721155504664
2024-11-21 00:00:00+05:30,-0.2376782301669018,-0.11790155827901397,-0.23749105282656427
2024-11-22 00:00:00+05:30,-0.13889067312544762,0.008933521707851793,-0.181475125098199
2024-11-25 00:00:00+05:30,0.11199803654530163,0.16155273167866238,0.5342276000072778
2024-11-26 00:00:00+05:30,0.17994706208112957,0.12430941226484767,-0.44918352895329355
2024-11-27 00:00:00+05:30,0.10650959080406072,0.12222574986546449,-0.2572544390821693
2024-11-28 00:00:00+05:30,0.1185315966929774,-0.002786363963625384,-0.09137466366729481
2024-11-29 00:00:00+05:30,-0.018673166408213607,0.02872736073525438,-0.30351605762186795
2024-12-02 00:00:00+05:30,0.023141618536911268,-0.030132763863738796,-0.027977154856199723
2024-12-03 00:00:00+05:30,-0.0029926220537917787,-0.05122817656570268,-0.09131965451491605
2024-12-04 00:00:00+05:30,-0.04480740699891666,-0.011641134355389226,-0.2606322167603908
2024-12-05 00:00:00+05:30,0.01791477041877066,0.0802949848586523,0.280925985299095
2024-12-06 00:00:00+05:30,0.06966069439695934,0.089670511889139,-0.3881033076514241
2024-12-09 00:00:00+05:30,0.03934472009455053,0.13811296033570802,-0.39713322180602073
2024-12-10 00:00:00+05:30,0.1185315966929774,0.1821273877419034,-0.5209877305808589
2024-12-11 00:00:00+05:30,0.18517391019927018,0.1821273877419034,-0.4317771230854934
2024-12-12 00:00:00+05:30,0.15381282149042652,0.046697597760389356,-0.195597808152237
2024-12-13 00:00:00+05:30,-0.011617049057320418,0.2391645461831207,-0.10817165441560489
2024-12-16 00:00:00+05:30,0.22176184702625443,0.23291355898497115,-0.30321426231136644
2024-12-17 00:00:00+05:30,0.1856964674024876,0.12665377090583813,-0.17303283812430714
2024-12-18 00:00:00+05:30,0.11199803654530163,0.10555772235938253,-0.1867163108479799
2024-12-19 00:00:00+05:30,0.015039748736600056,0.012319393626287988,-0.06922323303195344
2024-12-20 00:00:00+05:30,-0.029126862644494825,-0.08430417118075102,2.2199358314997077
2024-12-23 00:00:00+05:30,-0.0683282235305494,-0.07492864415026432,-0.3552803171767712
2024-12-24 00:00:00+05:30,-0.09420086649815215,-0.0556555617615846,-0.36291925480376713
2024-12-26 00:00:00+05:30,-0.01971828081464846,-0.03612241897578931,-0.7038938094067047
2024-12-27 00:00:00+05:30,-0.0029926220537917787,0.0008602041964181059,-0.4199462723250705
2024-12-30 00:00:00+05:30,0.023141618536911268,-0.09914986837354883,0.23897730002805664
2024-12-31 00:00:00+05:30,-0.13340222738420673,0.1370714470582623,0.07263954645435831
2025-01-01 00:00:00+05:30,0.09762420422041496,0.14931208936846233,-0.6277822832868
2025-01-02 00:00:00+05:30,0.2060813026718326,0.40324294558380114,0.15144048082016845
2025-01-03 00:00:00+05:30,0.4726505566970037,0.41105620269811927,-0.0254167484656766
2025-01-06 00:00:00+05:30,0.3158451131527854,0.10373475620160665,-0.08684449817728002
2025-01-07 00:00:00+05:30,0.13813227713600468,0.0641477139912932,0.0010715605987722642
2025-01-08 00:00:00+05:30,0.10206689751223784,0.04643753736327379,-0.00653458725896257
2025-01-09 00:00:00+05:30,0.07018325160017676,0.15868761639894904,0.2318703332628882
2025-01-10 00:00:00+05:30,0.1234968471880177,-0.018412878192261617,-0.19250025356789785
2025-01-13 00:00:00+05:30,-0.14464007844680565,-0.11112981444214158,-0.2809959578045058
2025-01-14 00:00:00+05:30,-0.05735197009105075,-0.04758224425015091,0.11950799144755277
2025-01-15 00:00:00+05:30,-0.002470064850574352,0.15556244072212014,-0.19093777791817512
2025-01-16 00:00:00+05:30,0.1841287957928353,0.23864378954439783,0.012201961485572415
2025-01-17 00:00:00+05:30,0.19040075831741077,-0.0059115396404542855,-0.1883778029719844
2025-01-20 00:00:00+05:30,0.6764976333044875,0.8373994720671796,1.9262574989455215
2025-01-21 00:00:00+05:30,0.8382683273437461,0.6957193307320076,0.0044637916621285785
2025-01-22 00:00:00+05:30,0.723539266367753,0.8217729578385433,-0.04709251172456642
2025-01-23 00:00:00+05:30,0.7658766085160941,0.7037926482434402,-0.26616052871337215
2025-01-24 00:00:00+05:30,0.6817244814226281,0.6587360717153086,-0.07973192263579061
2025-01-27 00:00:00+05:30,0.5980949115323784,0.6337340304561856,-0.532071751201928
2025-01-28 00:00:00+05:30,0.7026318738951906,0.666810025071234,0.16446945249161718
2025-01-29 00:00:00+05:30,0.6649988226617715,0.8366180191868482,-0.44079366246578616
2025-01-30 00:00:00+05:30,0.8351323460814571,0.7384315486191501,-0.03360728767162335
2025-01-31 00:00:00+05:30,0.7447082564634157,0.7373900353417043,-0.44476338176803626
2025-02-01 00:00:00+05:30,0.723539266367753,0.7467655623721898,-0.7115840889092541
2025-02-03 00:00:00+05:30,0.6953141589211959,0.6498813013235447,-0.23193642276930757
2025-02-04 00:00:00+05:30,0.6819860790457284,0.8790701766768761,0.20227131056196251
2025-02-05 00:00:00+05:30,0.9263412285688019,0.7918221389003238,-0.20872967929695893
2025-02-06 00:00:00+05:30,0.817622532494284,0.8136990044826179,-0.25908225299630716
2025-02-07 00:00:00+05:30,0.8385299249668464,0.8829768052340352,0.00414258135666991
2025-02-10 00:00:00+05:30,0.9132741082734503,1.0439300289578868,-0.17809972036380559
2025-02-11 00:00:00+05:30,1.0664203753091792,0.827502552553477,-0.19162355868449688
2025-02-12 00:00:00+05:30,0.8513354476390976,0.9595464706165561,-0.25368208001004333
2025-02-13 00:00:00+05:30,1.058057545928752,1.109821957790868,1.7869134914716578
2025-02-14 00:00:00+05:30,1.1155528752282986,1.0035615338672432,-0.38504738744515987
2025-02-17 00:00:00+05:30,1.016242760983627,0.9665789106950358,-0.45190594269062623
2025-02-18 00:00:00+05:30,0.9485553330708995,1.0605980564639674,-0.010968540662856094
2025-02-19 00:00:00+05:30,1.0630227964237924,1.1733695279828587,-0.10372044323841607
2025-02-20 00:00:00+05:30,1.158935969826059,1.0981020721193908,0.07105916586484173
2025-02-21 00:00:00+05:30,1.0975205044379068,1.0069474057856793,-0.08335907513812911
2025-02-24 00:00:00+05:30,0.9289546526278722,1.0749223611735508,-0.4696033577606183
2025-02-25 00:00:00+05:30,1.0894186346375956,1.0809126521300942,-0.08091235432918875
2025-02-27 00:00:00+05:30,1.1050991789920175,0.978298796366513,-0.14818013452391982
2025-02-28 00:00:00+05:30,0.9224210924801964,0.7459841094918609,0.5555588549667603
2025-03-03 00:00:00+05:30,0.7577753767587673,0.8066672002486287,-0.38553448809641955
2025-03-04 00:00:00+05:30,0.7347771174303519,0.7712474828370828,-0.263811098601384
2025-03-05 00:00:00+05:30,0.7449692160435316,0.9030307046585522,-0.1258270036631897
2025-03-06 00:00:00+05:30,0.9587474316840804,0.8436498234208373,0.17217267532413805
2025-03-07 00:00:00+05:30,0.817622532494284,0.9150112865716379,-0.3483120597644637
2025-03-10 00:00:00+05:30,0.8986386783254634,0.8439105196624446,-0.4673484139574219
2025-03-11 00:00:00+05:30,0.8489836212031276,0.9139691374497004,-0.2562603913403603
2025-03-12 00:00:00+05:30,0.9378400392115179,1.1606081290339356,0.4982153730276545
2025-03-13 00:00:00+05:30,1.1244382618119444,1.1738902846215802,0.11451035602340169
2025-03-17 00:00:00+05:30,1.1474365211403585,1.2155609892312769,-0.2640529231496843
2025-03-18 00:00:00+05:30,1.2153855466761865,1.2155609892312769,-0.9480925958681182
2025-03-19 00:00:00+05:30,1.4566047149369734,1.3637528140062067,0.20349445524426651
2025-03-20 00:00:00+05:30,1.4134832179623134,1.4371973037118986,-0.36924401299432635
2025-03-21 00:00:00+05:30,1.4605248510255788,1.6630003071467938,3.1184445403459176
2025-03-24 00:00:00+05:30,1.7741357381140155,2.1690384175752038,0.8873473125667788
2025-03-25 00:00:00+05:30,2.191760392319064,2.137004572082093,0.6358329560054901
2025-03-26 00:00:00+05:30,2.1661493469745614,2.0062622276935764,-0.2972769411312866
2025-03-27 00:00:00+05:30,2.0041170553122023,1.9216186089551301,1.0842742535842202
2025-03-28 00:00:00+05:30,1.9795511243741348,2.1432549234357507,-0.15591291129320886
