Date,Open,Close,Volume
2020-03-30 00:00:00+05:30,-2.192269171810825,-2.447799140803899,0.2535499743368991
2020-03-31 00:00:00+05:30,-2.2803363150590354,-2.435594741811279,0.017665551406167258
2020-04-01 00:00:00+05:30,-2.454387290747338,-3.0296909470609736,1.3900039007259128
2020-04-03 00:00:00+05:30,-3.044543956836531,-3.2415708605086566,1.2331758272723419
2020-04-07 00:00:00+05:30,-2.839487505208214,-2.944522757883809,0.8968863263915257
2020-04-08 00:00:00+05:30,-3.0281296075274824,-2.998532024051994,0.6493488077554984
2020-04-09 00:00:00+05:30,-2.8707541320588144,-2.5558157656068223,0.7986964993679243
2020-04-13 00:00:00+05:30,-2.6883654185903456,-2.6700649380249204,-0.031157767898170038
2020-04-15 00:00:00+05:30,-2.6057700604250353,-3.0707169047457623,1.0032602209629806
2020-04-16 00:00:00+05:30,-3.131570272052221,-3.293502822753277,1.4367601702320656
2020-04-17 00:00:00+05:30,-3.0148413866252426,-3.0058022698622273,0.9039674065027148
2020-04-20 00:00:00+05:30,-2.844699218728319,-3.049944501354603,0.46708363933190533
2020-04-21 00:00:00+05:30,-3.20947619335746,-3.297137945658394,0.08732978920378645
2020-04-22 00:00:00+05:30,-3.3290714623917155,-3.1828894090847784,0.5541301221293504
2020-04-23 00:00:00+05:30,-3.0948314227272147,-2.676556274344377,1.3295553138757423
2020-04-24 00:00:00+05:30,-2.8499096806201516,-2.7290070856865274,0.5154172693185762
2020-04-27 00:00:00+05:30,-2.678464552466897,-2.39638666350129,0.7283732303520359
2020-04-28 00:00:00+05:30,-2.375178714592687,-2.276684488803276,0.4925837251745082
2020-04-29 00:00:00+05:30,-2.2871105502731406,-2.2704525770325836,0.4979424795093764
2020-04-30 00:00:00+05:30,-2.2193660511682496,-2.1180336603440377,0.40502943239742145
2020-05-04 00:00:00+05:30,-2.453865889166965,-2.5303692694265236,0.15132225980313044
2020-05-05 00:00:00+05:30,-2.443443327720371,-2.7352389974572198,0.13156254080770932
2020-05-06 00:00:00+05:30,-2.787376483720296,-2.695771494598466,0.04515135979023233
2020-05-07 00:00:00+05:30,-2.7899812455871986,-2.935433996854294,0.5281528588547307
2020-05-08 00:00:00+05:30,-2.834275946345367,-2.843775743046637,-0.19064806860694858
2020-05-11 00:00:00+05:30,-2.7376101001699893,-2.9943774162048657,0.060210277058222496
2020-05-12 00:00:00+05:30,-3.063565624984376,-3.1566640034137032,1.267061249444024
2020-05-13 00:00:00+05:30,-2.8704933665343817,-3.0034655413898985,1.6222206153839733
2020-05-14 00:00:00+05:30,-3.0588752728843156,-3.0740926031021143,0.5835283075183109
2020-05-15 00:00:00+05:30,-3.0539254138139635,-3.047088287940263,-0.11454646564259689
2020-05-18 00:00:00+05:30,-3.079198714505564,-3.3828249839330877,0.4319718366443933
2020-05-19 00:00:00+05:30,-3.2094759330102067,-3.295580126676841,0.42884494384281874
2020-05-20 00:00:00+05:30,-3.3136982278145335,-3.141603391006743,0.18539536025955713
2020-05-21 00:00:00+05:30,-3.1313096449767404,-3.192755807916105,0.3413063987838772
2020-05-22 00:00:00+05:30,-3.2615875269907195,-3.1410845419092133,0.17145107942521554
2020-05-26 00:00:00+05:30,-3.1573652944350656,-3.1774364068048624,0.23207957856214115
2020-05-27 00:00:00+05:30,-3.1367811181476877,-2.8432562581046255,1.5856431962981241
2020-05-28 00:00:00+05:30,-2.8238543071577045,-2.78145853287316,1.3622924469558217
2020-05-29 00:00:00+05:30,-2.8629378910999135,-2.809761242467799,0.23780808069017242
2020-06-01 00:00:00+05:30,-2.693576962592803,-2.6830482465083167,0.549790655030594
2020-06-02 00:00:00+05:30,-2.307954729589787,-2.1922952091168875,2.7882217911789113
2020-06-03 00:00:00+05:30,-2.0943000380845875,-1.9656147436554914,1.714871344341619
2020-06-04 00:00:00+05:30,-2.010661488703649,-2.2364374406092637,0.34713434883060634
2020-06-05 00:00:00+05:30,-2.1985220898115454,-2.21878067518121,0.2789603197582909
2020-06-08 00:00:00+05:30,-2.141199247352127,-2.2242330416166434,0.19573039352831442
2020-06-09 00:00:00+05:30,-2.209204685716635,-2.3935298142424672,0.23348953864155417
2020-06-10 00:00:00+05:30,-2.404360649404795,-2.2476028697178605,0.10384634114995803
2020-06-11 00:00:00+05:30,-2.250633024452463,-2.4218331596815887,-0.003917019895104532
2020-06-12 00:00:00+05:30,-2.740476374959055,-2.519982749808703,0.9917725841592931
2020-06-15 00:00:00+05:30,-2.5841435706018303,-2.6804514576427407,0.681381823684537
2020-06-16 00:00:00+05:30,-2.5528766528405913,-2.535562211313193,0.18796331692805965
2020-06-17 00:00:00+05:30,-2.5870098327907076,-2.7069362878625807,0.2231199898261772
2020-06-18 00:00:00+05:30,-2.7404769142293883,-2.3976850579340776,0.49131829894656504
2020-06-19 00:00:00+05:30,-2.406965638977909,-2.4020984544854884,0.8839527039066409
2020-06-22 00:00:00+05:30,-2.3767409162392354,-2.1276406346265997,0.6987017249782811
2020-06-23 00:00:00+05:30,-2.1411995556035595,-1.9482174027762023,0.0592921635181396
2020-06-24 00:00:00+05:30,-1.9483887753789952,-2.1871022672302183,0.2022710896127395
2020-06-25 00:00:00+05:30,-2.2349996360335562,-1.9908018152870255,1.2059014266113222
2020-06-26 00:00:00+05:30,-2.0109218689737363,-2.2068363365818366,0.4959938611805304
2020-06-29 00:00:00+05:30,-2.2396896378144793,-2.1260828156450473,-0.12410274189074817
2020-06-30 00:00:00+05:30,-2.0896099531011525,-2.101156440251242,0.08255542621762234
2020-07-01 00:00:00+05:30,-2.3287999156430144,-2.1203710246608485,0.9803740406103177
2020-07-02 00:00:00+05:30,-2.124784590097064,-2.145037975505889,0.12900429163669358
2020-07-03 00:00:00+05:30,-2.115665531629623,-2.1356904257720917,-0.3509514261607864
2020-07-06 00:00:00+05:30,-2.0630335543711533,-2.0624672110387823,-0.2474112579668053
2020-07-07 00:00:00+05:30,-2.063033147944115,-2.0606493316639827,-0.17703945146348313
2020-07-08 00:00:00+05:30,-2.073455018935259,-2.1411427922075252,-0.21828186239714542
2020-07-09 00:00:00+05:30,-2.1372910382750976,-2.0611681807615123,-0.20473235312726615
2020-07-10 00:00:00+05:30,-2.0974271932503203,-2.158800829324544,-0.2970519485595294
2020-07-13 00:00:00+05:30,-2.1151447729881654,-2.230465589231818,-0.22397865336671988
2020-07-14 00:00:00+05:30,-2.277730422384949,-2.4239098277606708,-0.31927478325059583
2020-07-15 00:00:00+05:30,-2.3944591500256025,-2.4670130893690234,-0.004838153545516639
2020-07-16 00:00:00+05:30,-2.487217255226866,-2.297456892194435,-0.041184318469014145
2020-07-17 00:00:00+05:30,-2.339222138767798,-2.27253051680063,-0.04202434058487006
2020-07-20 00:00:00+05:30,-2.271477976926882,-2.3161526275065123,-0.19700367507262573
2020-07-21 00:00:00+05:30,-2.297011987698848,-2.10868611061024,0.0020006705728357337
2020-07-22 00:00:00+05:30,-2.0890887377990057,-2.1951520583757103,-0.047975683710764494
2020-07-23 00:00:00+05:30,-2.21936618201902,-2.030528742694544,-0.01860640509209799
2020-07-24 00:00:00+05:30,-2.1151444018162615,-2.1554244951237096,-0.2766836773327704
2020-07-27 00:00:00+05:30,-2.0890889705980387,-2.297716952587682,0.682947966612404
2020-07-28 00:00:00+05:30,-2.2709563835815607,-1.9785974162944056,0.5084140649094477
2020-07-29 00:00:00+05:30,-1.9848665095682636,-1.9505547670930132,-0.07058013091414451
2020-07-30 00:00:00+05:30,-1.9322343649177158,-1.973663898956501,0.36718766569446093
2020-07-31 00:00:00+05:30,-2.036977430525716,-2.073632004302897,-0.2528049592926259
2020-08-03 00:00:00+05:30,-2.1359887043086547,-2.370680106927744,0.18256335965941425
2020-08-04 00:00:00+05:30,-2.3235877908480083,-2.290705495481731,0.11899780322732215
2020-08-05 00:00:00+05:30,-2.261055227978341,-2.237476410493287,-0.19832820917415508
2020-08-06 00:00:00+05:30,-2.1933105036335876,-2.2068363365818366,-0.15470314691290457
2020-08-07 00:00:00+05:30,-2.2115498628386683,-2.194373148884934,-0.3425455962259016
2020-08-10 00:00:00+05:30,-2.1724667321747444,-2.10245483468403,-0.309542909159017
2020-08-11 00:00:00+05:30,-2.047399880691932,-2.0796044915248246,-0.40815619879520837
2020-08-12 00:00:00+05:30,-2.167255228819676,-2.232802317704147,-0.1196784959806072
2020-08-13 00:00:00+05:30,-2.2094647990511875,-2.2268298304822194,-0.22945130900543295
2020-08-14 00:00:00+05:30,-2.232133406603754,-2.3763931696009073,-0.22941377334848406
2020-08-17 00:00:00+05:30,-2.3230675475332543,-2.272010396014136,-0.3373098035258659
2020-08-18 00:00:00+05:30,-2.3308845304108847,-2.0549375406797843,-0.0286957308133566
2020-08-19 00:00:00+05:30,-2.050787280098074,-2.126342876038294,-0.21533531332665853
2020-08-20 00:00:00+05:30,-2.2037328282393016,-2.2159244617668694,-0.33514201147598505
2020-08-21 00:00:00+05:30,-2.2089446282363125,-2.2104720953314354,-0.41198720874782396
2020-08-24 00:00:00+05:30,-2.1797614737594326,-1.9619789849058924,0.35252610865692957
2020-08-25 00:00:00+05:30,-1.948389544990364,-1.8952483781810048,0.03608304708241646
2020-08-26 00:00:00+05:30,-1.8545889546392549,-1.7051785663195398,0.2855465332198206
2020-08-27 00:00:00+05:30,-1.6930447967049942,-1.7919039386337747,-0.024031386132042643
2020-08-28 00:00:00+05:30,-1.8545894753569125,-1.5473072831955599,1.3484212959358806
2020-08-31 00:00:00+05:30,-1.4481230660678521,-1.8887564060170656,0.5563005028452277
2020-09-01 00:00:00+05:30,-1.803259892714336,-1.736596913877284,-0.029501453104759226
2020-09-02 00:00:00+05:30,-1.7764228601695422,-1.7737283241081914,-0.23076246833264719
2020-09-03 00:00:00+05:30,-1.7305651130613435,-1.9129051436090587,-0.43140587099820965
2020-09-04 00:00:00+05:30,-2.0109226353278555,-1.9993704555300467,-0.06325291181112398
2020-09-07 00:00:00+05:30,-2.016132354787882,-2.0580519069539247,-0.4472834538875848
2020-09-08 00:00:00+05:30,-2.053131966393912,-2.151789372218593,-0.33892146383083754
2020-09-09 00:00:00+05:30,-2.203732857228688,-2.2792806418243696,-0.20527467865352753
2020-09-10 00:00:00+05:30,-2.271477267322473,-2.313815263189701,-0.23837789224994185
2020-09-11 00:00:00+05:30,-2.339221783250036,-2.2574699043936697,-0.192997282998749
2020-09-14 00:00:00+05:30,-2.2349990224617837,-2.390673600828127,-0.1086932761024021
2020-09-15 00:00:00+05:30,-2.385600056642,-2.290705495481731,0.13697112696300962
2020-09-16 00:00:00+05:30,-2.302743514014598,-2.283175189278251,-0.239253939967582
2020-09-17 00:00:00+05:30,-2.349644038204426,-2.388596932749045,-0.2342698950357035
2020-09-18 00:00:00+05:30,-2.3595445638387575,-2.5340043923316404,0.46038697612119267
2020-09-21 00:00:00+05:30,-2.552876864466187,-2.47817851847762,0.5317163733210439
2020-09-22 00:00:00+05:30,-2.4900827414072033,-2.5680195287549603,-0.03379195127174902
2020-09-23 00:00:00+05:30,-2.531771777818708,-2.5428330929679084,-0.33644497336087714
2020-09-24 00:00:00+05:30,-2.5997769426795734,-2.69499258510769,0.263430049556776
2020-09-25 00:00:00+05:30,-2.662049694692264,-2.6589001447608056,-0.16286952524311551
2020-09-28 00:00:00+05:30,-2.646676596697109,-2.525695812481866,-0.5399249067920763
2020-09-29 00:00:00+05:30,-2.496596709139545,-2.6059298484766438,-0.44125984383595546
2020-09-30 00:00:00+05:30,-2.6193183629820087,-2.5802239277475802,-0.3115793264095768
2020-10-01 00:00:00+05:30,-2.5320321811008357,-2.3888557214533273,-0.2658947646259646
2020-10-05 00:00:00+05:30,-2.3756992859021024,-2.33926175937,-0.11540331408742989
2020-10-06 00:00:00+05:30,-2.297532359208802,-2.2164433108643986,-0.38019731170028764
2020-10-07 00:00:00+05:30,-2.2198870108550217,-2.2868109480278496,-0.3365914487118443
2020-10-08 00:00:00+05:30,-2.289716255264309,-2.310699625226596,0.1674612979581495
2020-10-09 00:00:00+05:30,-2.3079552259707974,-2.311998019659384,0.19796937389309832
2020-10-12 00:00:00+05:30,-2.2818993850561164,-2.348089824161786,0.16829959429667443
2020-10-13 00:00:00+05:30,-2.3254120612237847,-2.1816499007947847,0.10293793510736192
2020-10-14 00:00:00+05:30,-2.2441194246353517,-2.1380277900889024,-0.22369303721844222
2020-10-15 00:00:00+05:30,-2.1497978102047597,-2.3654865291965925,-0.1938256561176208
2020-10-16 00:00:00+05:30,-2.383516167094159,-2.2252720115006666,-0.43941347781397017
2020-10-19 00:00:00+05:30,-2.1672555270933085,-2.016767796409336,-0.09152114449262343
2020-10-20 00:00:00+05:30,-2.0541747991525687,-2.0577931182496423,-0.2517175038519403
2020-10-21 00:00:00+05:30,-2.0369775438509166,-1.9305606373481483,-0.024705517901957828
2020-10-22 00:00:00+05:30,-1.9692333027360556,-1.931859031780936,-0.16931573501866928
2020-10-23 00:00:00+05:30,-1.906699904296768,-1.9837903581810747,-0.4334116557011445
2020-10-26 00:00:00+05:30,-1.9119108326154455,-1.808002249235794,0.7825143167796306
2020-10-27 00:00:00+05:30,-1.633117138732694,-0.9212726096016272,6.20673860336465
2020-10-28 00:00:00+05:30,-0.9947567763894968,-1.1097839666370575,0.6148108260305383
2020-10-29 00:00:00+05:30,-1.2188346011672444,-1.008258042309109,0.6236653580714786
2020-10-30 00:00:00+05:30,-0.99996883334574,-1.130297581323934,-0.04163151051990508
2020-11-02 00:00:00+05:30,-1.0989793296960602,-0.9573656857929936,0.28421164445430536
2020-11-03 00:00:00+05:30,-0.9634898007243322,-0.8903731111414123,0.18673930935606003
2020-11-04 00:00:00+05:30,-0.9218013026210469,-0.6977077821033361,0.14951493949325864
2020-11-05 00:00:00+05:30,-0.6404021707898508,-0.465314889813259,0.36231277617876706
2020-11-06 00:00:00+05:30,-0.5518132790725783,-0.24408615494281438,0.337106503926764
2020-11-09 00:00:00+05:30,-0.1870365225510229,-0.19163597944514643,0.17586540211570334
2020-11-10 00:00:00+05:30,-0.18182480196607564,-0.06284567956209973,0.7785094347609185
2020-11-11 00:00:00+05:30,0.04225310441539366,0.22225872030785668,1.3243978283221
2020-11-12 00:00:00+05:30,0.1725298640329448,-0.05349812982830229,0.5134680038232311
2020-11-13 00:00:00+05:30,-0.08333456278753922,-0.009095837942679394,0.40331098962009526
2020-11-14 00:00:00+05:30,0.04199139816557649,0.028553785541275,-0.8810347194804939
2020-11-17 00:00:00+05:30,0.030788070275000242,0.16409484629254342,0.30886545223822753
2020-11-18 00:00:00+05:30,0.13344765498989675,0.3404030760243181,0.384045274385668
2020-11-19 00:00:00+05:30,0.27675182631770234,0.3183310065114067,0.9325231968319893
2020-11-20 00:00:00+05:30,0.2819640710682674,0.6457603943434219,1.0184880486872407
2020-11-23 00:00:00+05:30,0.6592471769819443,0.6896412937535852,1.3047886833988072
2020-11-24 00:00:00+05:30,0.678007334213761,0.8301165076872417,0.9825961946461246
2020-11-25 00:00:00+05:30,0.9020847754269588,0.505804029507296,0.5268363064733571
2020-11-26 00:00:00+05:30,0.5685745343816638,0.6442019395173871,0.5327475252763062
2020-11-27 00:00:00+05:30,0.6727960812309227,0.7376780726998436,16.029700085361377
2020-12-01 00:00:00+05:30,0.8551846197081509,0.5753921213354886,0.768149377720862
2020-12-02 00:00:00+05:30,0.594629249672359,0.2552342510026712,0.6607656876886157
2020-12-03 00:00:00+05:30,0.3653412145169715,0.29054841770326134,0.01457360559554507
2020-12-04 00:00:00+05:30,0.3236517968069584,0.4216748102141546,-0.08748390414895536
2020-12-07 00:00:00+05:30,0.43542958990104086,0.2882110533864503,0.3531808254318712
2020-12-08 00:00:00+05:30,0.3460609297399592,0.3570215074128311,-0.09524882352754642
2020-12-09 00:00:00+05:30,0.3658624994064493,0.6153803808252185,-0.005247809939458698
2020-12-10 00:00:00+05:30,0.6988517469684113,0.7179446391927079,0.06476956504451287
2020-12-11 00:00:00+05:30,0.6649795484309621,0.8067473154305069,0.23117376118554153
2020-12-14 00:00:00+05:30,0.8760296343250191,0.9051576017953502,-0.20234732885584783
2020-12-15 00:00:00+05:30,0.9489845628131629,0.9664364779292863,-0.05459339260858469
2020-12-16 00:00:00+05:30,1.0375730327081787,0.9737067237395196,-0.351685960137286
2020-12-17 00:00:00+05:30,1.037573239240738,1.0406980267021364,-0.20161408921234647
2020-12-18 00:00:00+05:30,1.0313199846287584,0.9570882923510066,-0.22074735103662083
2020-12-21 00:00:00+05:30,0.8812404153823507,0.8090840439028357,-0.09782131036154276
2020-12-22 00:00:00+05:30,0.8551850898979834,0.7161267598179084,0.14642644523729842
2020-12-23 00:00:00+05:30,0.7040625958325499,0.8085645589608229,-0.44312605629724705
2020-12-24 00:00:00+05:30,0.7926521980891488,1.0155122267595669,-0.22819235444248093
2020-12-28 00:00:00+05:30,1.0271508185014733,1.1624775053237144,-0.35635181487376455
2020-12-29 00:00:00+05:30,1.1313732890453847,1.2164867714918983,-0.26794973398283245
2020-12-30 00:00:00+05:30,1.2366374590525544,1.3133386030307068,-0.3748258297576034
2020-12-31 00:00:00+05:30,1.3069870307036944,1.1972715512378107,-0.34518603554230537
2021-01-01 00:00:00+05:30,1.2038080442228136,1.1892230317812835,-0.7094825295611434
2021-01-04 00:00:00+05:30,1.240806582309047,1.0412181474886304,-0.27041673267747246
2021-01-05 00:00:00+05:30,1.0089123908615412,1.0110975585191917,-0.2441415570910919
2021-01-06 00:00:00+05:30,1.0839522832962807,1.066404583275682,-0.20330858682920527
2021-01-07 00:00:00+05:30,1.1365841907685243,0.9729278142487422,-0.21047013130845146
2021-01-08 00:00:00+05:30,1.0740513153504068,1.0679624022572347,-0.24421339257249405
2021-01-11 00:00:00+05:30,1.0115179405481474,0.8989256900246567,-0.3018923225286036
2021-01-12 00:00:00+05:30,0.8541426953287513,0.7187229128390019,0.3539157908527035
2021-01-13 00:00:00+05:30,0.7561737996830087,0.6078494387772561,0.25631229667730354
2021-01-14 00:00:00+05:30,0.6571636825963652,0.6626382502806996,0.08815859376699098
2021-01-15 00:00:00+05:30,0.6686262883301092,0.513333699866294,-0.3623715419263992
2021-01-18 00:00:00+05:30,0.5451245125425673,0.4253105689637535,0.13151659198627189
2021-01-19 00:00:00+05:30,0.4700846583493076,0.6332965708020372,0.08856328855110646
2021-01-20 00:00:00+05:30,0.6467406332160005,0.6156391695294997,-0.2919848505935973
2021-01-21 00:00:00+05:30,0.6988512497253982,0.48165592775978505,0.2748065894447815
2021-01-22 00:00:00+05:30,0.43829649327143816,0.32690028259891013,-0.02088097961433341
2021-01-25 00:00:00+05:30,0.412240897829599,0.1524105680864172,0.4778606873195606
2021-01-27 00:00:00+05:30,0.1673191048173071,-0.0018262279769283537,0.7544555503216792
2021-01-28 00:00:00+05:30,-0.18182464205465512,-0.21915914370452713,0.3539899992779358
2021-01-29 00:00:00+05:30,-0.08359630677969186,-0.2705722568516187,0.1608675342207967
2021-02-01 00:00:00+05:30,-0.18703527648941817,0.18928255376855987,0.09367504100547773
2021-02-02 00:00:00+05:30,0.3340748709036198,0.4998328139743328,0.3184849350811261
2021-02-03 00:00:00+05:30,0.542518669493869,0.45257430867436954,-0.022775020235087113
2021-02-04 00:00:00+05:30,0.3809745472355304,0.7548159890303683,1.131830200676872
2021-02-05 00:00:00+05:30,0.7770184735772343,1.130280248275194,2.561348083137574
2021-02-08 00:00:00+05:30,1.2199626374738641,0.9975960367827482,-0.08057130304970347
2021-02-09 00:00:00+05:30,1.0115175794534454,0.9560499583114644,-0.4668330594929588
2021-02-10 00:00:00+05:30,0.9594069032762482,0.9711105707184261,-0.33092421167906294
2021-02-11 00:00:00+05:30,0.9552376707740096,1.0175888948386487,-0.46341300026728344
2021-02-12 00:00:00+05:30,1.0115175062270854,0.9659169929872747,-0.5833597021025859
2021-02-15 00:00:00+05:30,1.011518265584517,1.1471581042124717,-0.3159328154491475
2021-02-16 00:00:00+05:30,1.2199621508051162,1.322167303666976,0.23410434681571682
2021-02-17 00:00:00+05:30,1.2986501938196893,1.1653343545825359,5.464090998617357e-05
2021-02-18 00:00:00+05:30,1.111310140070437,0.9368347380573769,-0.18482270722621588
2021-02-19 00:00:00+05:30,0.9190200872800841,0.9020406921432806,-0.3579451387945945
2021-02-22 00:00:00+05:30,0.9007816966486507,0.9583866867837945,-0.11685555571145197
2021-02-23 00:00:00+05:30,1.037573536311281,0.5603321447730103,0.2539980292764555
2021-02-24 00:00:00+05:30,0.642050551346711,0.7589699610330143,-0.12372846393209126
2021-02-25 00:00:00+05:30,0.8395512374737892,0.6774375306054485,0.26480872992206494
2021-02-26 00:00:00+05:30,0.5373075829657136,0.07944677790187267,0.8639943047959904
2021-03-01 00:00:00+05:30,0.23506368153982918,0.41726141366274394,-0.24482884791315582
2021-03-02 00:00:00+05:30,0.4122408849268082,0.41336623036438036,-0.12033450708854707
2021-03-03 00:00:00+05:30,0.46435284914138275,0.698211205685572,-0.32775805744320846
2021-03-04 00:00:00+05:30,0.5107315411575553,0.6888630201072912,-0.08034716771884208
2021-03-05 00:00:00+05:30,0.571180192981012,0.8176533199903391,0.21852985357009552
2021-03-08 00:00:00+05:30,0.8030729778086063,0.783117426936043,0.06537229277735863
2021-03-09 00:00:00+05:30,0.7916088694720488,1.1108049676278582,0.7600699354236993
2021-03-10 00:00:00+05:30,1.1326758691944447,1.0329082959498914,-0.3523823112903376
2021-03-12 00:00:00+05:30,1.1105282385755728,0.8833455926756858,-0.38284335979301715
2021-03-15 00:00:00+05:30,0.928140809883211,0.7976598260899564,-0.377819621982526
2021-03-16 00:00:00+05:30,0.8296506632742111,0.7174251542506951,-0.35070960161228243
2021-03-17 00:00:00+05:30,0.7155260940536317,0.5364428317297818,-0.36672265802213977
2021-03-18 00:00:00+05:30,0.5998401958388213,0.33936347029581265,-0.47402696229716085
2021-03-19 00:00:00+05:30,0.2738864001207806,0.3588387509431483,0.08802441457950706
2021-03-22 00:00:00+05:30,0.3497077211881171,0.2991170579462825,-0.4230039240623195
2021-03-23 00:00:00+05:30,0.40703001554607116,0.24718573154614393,-0.03108873680493072
2021-03-24 00:00:00+05:30,0.17774131309556973,0.09035214661722264,-0.290968152023482
2021-03-25 00:00:00+05:30,0.14074233418809406,-0.011173777710725785,-0.060824527384264714
2021-03-26 00:00:00+05:30,0.09957456242311091,0.031150574406850724,-0.23388892968988903
2021-03-30 00:00:00+05:30,0.08446268016158529,0.08412087069101253,0.2546715138798716
2021-03-31 00:00:00+05:30,0.0672663579547763,-0.06258561916885279,-0.12869719259015733
2021-04-01 00:00:00+05:30,0.021408420998879706,0.20512143982181433,-0.12777627466191158
2021-04-05 00:00:00+05:30,0.10530637903108692,-0.030388997964814514,-0.41995274974114183
2021-04-06 00:00:00+05:30,0.05267472074631004,0.016869507335148776,-0.32831311057728585
2021-04-07 00:00:00+05:30,0.0008250141265641707,0.1399473803895147,-0.2668113681108829
2021-04-08 00:00:00+05:30,0.15689737556238734,0.09450739030883315,-0.3245929818181859
2021-04-09 00:00:00+05:30,0.021408556714591073,0.17759763971795137,-0.270857884507705
2021-04-12 00:00:00+05:30,-0.04503324442496536,-0.11711373443456713,-0.23009674972722052
2021-04-13 00:00:00+05:30,-0.1047007885958172,0.056076949800655695,-0.2753108214659735
2021-04-15 00:00:00+05:30,0.17774130055482765,0.04257542806421228,-0.18295067026643222
2021-04-16 00:00:00+05:30,0.04225338496221701,-0.004941230095551142,-0.3198494671018131
2021-04-19 00:00:00+05:30,-0.23914700131829908,-0.3339278010646366,-0.11423517855652085
2021-04-20 00:00:00+05:30,-0.2130910059060486,-0.34976668711789105,-0.2325404504278923
2021-04-22 00:00:00+05:30,-0.39678222040431843,-0.15060875007139327,-0.17355424414356324
2021-04-23 00:00:00+05:30,-0.1667122683111152,-0.1602169960429199,-0.5396334661453066
2021-04-26 00:00:00+05:30,-0.13492465999522424,-0.028050997803521188,-0.24633502007877112
2021-04-27 00:00:00+05:30,-0.08281344348972211,-0.0766066258473078,0.029853638084067415
2021-04-28 00:00:00+05:30,-0.017674694503629875,0.24095381977545036,-0.04753906204602583
2021-04-29 00:00:00+05:30,0.30853953050084865,0.20745753244966086,-0.09381232962166955
2021-04-30 00:00:00+05:30,0.07352031252525526,-0.08439572075507044,-0.38251589354446314
2021-05-03 00:00:00+05:30,-0.16098012650040128,-0.20565698612360145,0.25862893702198164
2021-05-04 00:00:00+05:30,-0.07760332484991098,-0.16826678718841173,-0.030162210100359296
2021-05-05 00:00:00+05:30,-0.1297136175915999,0.029592755425298194,-0.4278477495860557
2021-05-06 00:00:00+05:30,0.0823773050515595,0.12047209974217905,-0.434618836944167
2021-05-07 00:00:00+05:30,0.15689701497154315,0.07944677790187267,-0.6006224370222413
2021-05-10 00:00:00+05:30,0.2246417488728203,0.23004845106010158,-0.6606449725938255
2021-05-11 00:00:00+05:30,0.05580184189579517,-0.04986237107870337,-0.3104230555978183
2021-05-12 00:00:00+05:30,-0.06196971483230299,-0.2399321829401684,-0.2617013414338426
2021-05-14 00:00:00+05:30,-0.19276767076581758,-0.3032877271531863,-0.31432417525450507
2021-05-17 00:00:00+05:30,-0.25477971759828916,-0.1085444583470637,-0.03959142599251696
2021-05-18 00:00:00+05:30,0.010986067064974382,-0.051680250453502836,0.056830557877658915
2021-05-19 00:00:00+05:30,-0.0934960396363694,-0.17917088421479715,-0.4363905630965873
2021-05-20 00:00:00+05:30,-0.1766138641389933,-0.295239207696659,-0.38763821638498663
2021-05-21 00:00:00+05:30,-0.2625969208950916,-0.03843751742134182,-0.021973180942679197
2021-05-24 00:00:00+05:30,-0.011682820572230255,-0.041813851622176074,-0.16849275495395685
2021-05-25 00:00:00+05:30,0.023492514325663787,-0.07556892765224915,-0.4731532875233508
2021-05-26 00:00:00+05:30,-0.030441028773071158,-0.12672007287264694,-0.33434146651657537
2021-05-27 00:00:00+05:30,-0.13492509991452492,0.06334783145537128,0.20386117770107387
2021-05-28 00:00:00+05:30,0.1047868591187595,0.18538800631467856,-0.24764078635182604
2021-05-31 00:00:00+05:30,0.17253025568596358,0.22147917497259814,-0.44959987851009653
2021-06-01 00:00:00+05:30,0.25590789243278567,0.1659127256673429,-0.45412853394876196
2021-06-02 00:00:00+05:30,0.141264255163259,0.09372848081805689,-0.27960218252162883
2021-06-03 00:00:00+05:30,0.1256299419445683,0.2552342510026712,-0.20511720147207532
2021-06-04 00:00:00+05:30,0.28196302571820053,0.23965478949818142,-0.6226312753242658
2021-06-07 00:00:00+05:30,0.30801873825801507,0.25887000975227015,-0.7116311223382171
2021-06-08 00:00:00+05:30,0.2559078075700648,0.1479965356905243,-0.6609597112345635
2021-06-09 00:00:00+05:30,0.12510936184081362,0.09268951093403369,-0.5085125235356924
2021-06-10 00:00:00+05:30,0.11364509566156757,0.17915609454398618,-0.5480382174693595
2021-06-11 00:00:00+05:30,0.22464166159050555,0.15215114353765255,-0.598206780203198
2021-06-14 00:00:00+05:30,0.12510907807049357,0.015571112902360915,-0.39951070153348334
2021-06-15 00:00:00+05:30,0.051633495144765715,0.030372300760556727,-0.5736368883419949
2021-06-16 00:00:00+05:30,0.025838046320473814,-0.023117480465616673,-0.33424590159687223
2021-06-17 00:00:00+05:30,-0.09714420419959315,0.0051852291290225535,-0.39190865239050376
2021-06-18 00:00:00+05:30,0.047202350246715756,-0.02389766164535747,-0.37021843572821195
2021-06-21 00:00:00+05:30,-0.13492529769476025,0.0363435162935199,-0.672114704457704
2021-06-22 00:00:00+05:30,0.0735195384434884,-0.041293730835682205,-0.6090327971226199
2021-06-23 00:00:00+05:30,-0.009858373833519864,-0.1472343234040058,0.6919025937385413
2021-06-24 00:00:00+05:30,-0.16098062554574394,-0.14100241163331342,-0.17248663514218396
2021-06-25 00:00:00+05:30,-0.16097970801991898,-0.15606175235130937,1.118017726086184
2021-06-28 00:00:00+05:30,-0.16097978213442862,-0.16618821157588307,-0.19295564862063905
2021-06-29 00:00:00+05:30,-0.14638920182354637,-0.3074429708447968,1.294266403289638
2021-06-30 00:00:00+05:30,-0.3128843414214798,-0.3074429708447968,0.955029706171836
2021-07-01 00:00:00+05:30,-0.29177916109225566,-0.25421325001187034,-0.30343150018567394
2021-07-02 00:00:00+05:30,-0.2026690593624207,-0.2591461315052926,-0.4643246421423752
2021-07-05 00:00:00+05:30,-0.2026686897891703,-0.17631530664493902,-0.5408801245447753
2021-07-06 00:00:00+05:30,-0.19224686889051595,-0.050381856020714974,-0.1515984734944664
2021-07-07 00:00:00+05:30,-0.05154696580959809,-0.0168855686949243,-0.359994715097303
2021-07-08 00:00:00+05:30,-0.04112471879270532,-0.17008339487424665,-0.4717748228802282
2021-07-09 00:00:00+05:30,-0.19224754916553308,-0.23370027116947603,-0.581760553683264
2021-07-12 00:00:00+05:30,-0.17661382498251565,-0.1719019100935284,-0.5733691771335261
2021-07-13 00:00:00+05:30,-0.1192916346332003,-0.09296563268705614,-0.5022727598733575
2021-07-14 00:00:00+05:30,-0.13492515102347374,-0.08777269080038697,-0.48235189641965587
2021-07-15 00:00:00+05:30,-0.04633582477052202,-0.07790502028009567,-0.5273144361124181
2021-07-16 00:00:00+05:30,-0.05415284725922804,-0.08076186953891833,-0.551584474162363
2021-07-19 00:00:00+05:30,-0.16671246302153442,-0.2194185682532918,-0.4850801346577734
2021-07-20 00:00:00+05:30,-0.22455573084453542,-0.3240607663888275,-0.48561469418604536
2021-07-22 00:00:00+05:30,-0.3092353502574829,-0.3004315137388459,-0.5472262392351321
2021-07-23 00:00:00+05:30,-0.29125752441552716,-0.21863965876251554,-0.5175543024170445
2021-07-26 00:00:00+05:30,-0.28292018233848815,-0.12698076911037615,-0.0983424951154996
2021-07-27 00:00:00+05:30,-0.0723917486015127,-0.34846892852958544,-0.02024330489053524
2021-07-28 00:00:00+05:30,-0.31731354811596096,-0.5826797001944619,0.14189865268729848
2021-07-29 00:00:00+05:30,-0.5309683892889013,-0.6408423025208106,-0.3021632695695679
2021-07-30 00:00:00+05:30,-0.647436757499792,-0.572552605125406,-0.2530355662884785
2021-08-02 00:00:00+05:30,-0.5257581493651182,-0.5190640955881971,-0.38916164632391176
2021-08-03 00:00:00+05:30,-0.5257574528007242,-0.41234395768461496,-0.2512798035763698
2021-08-04 00:00:00+05:30,-0.35014372109285524,-0.07842514106658953,0.5628599667581272
2021-08-05 00:00:00+05:30,-0.021844230785568335,0.03478569731196737,0.3574777952638522
2021-08-06 00:00:00+05:30,0.01619675213215202,0.06308777106212433,-0.16276274277076097
2021-08-09 00:00:00+05:30,0.05892710292942032,0.0823023554717308,-0.6036088946935071
2021-08-10 00:00:00+05:30,0.09957540379954595,0.25030200535373126,0.043117962650001763
2021-08-11 00:00:00+05:30,0.28667286931668184,0.08533660534110576,-0.2789433670255261
2021-08-12 00:00:00+05:30,0.052578262541656574,0.12222639466875189,-0.5939436787513376
2021-08-13 00:00:00+05:30,0.09898036222755424,0.12378548533926895,-0.5511817208777449
2021-08-16 00:00:00+05:30,0.09898003978538172,0.09442918143751439,-0.6129334853349739
2021-08-17 00:00:00+05:30,0.07291204246138135,0.12560400055855067,-0.6419101496108418
2021-08-18 00:00:00+05:30,0.1216599515724366,-0.0752109472087332,-0.3519113898011456
2021-08-20 00:00:00+05:30,-0.17213183870390428,-0.31499362407170955,0.2692797875423088
2021-08-23 00:00:00+05:30,-0.21097342366155264,-0.24589068158348626,-0.28082748442662664
2021-08-24 00:00:00+05:30,-0.20862778298058549,-0.3079796235878296,0.06752110127659869
2021-08-25 00:00:00+05:30,-0.3129014667463102,-0.3479869584120276,-0.31951919646509624
2021-08-26 00:00:00+05:30,-0.37129443588699756,-0.3464278677415105,-0.002673597328131373
2021-08-27 00:00:00+05:30,-0.36503891892951024,-0.2630368638922803,-0.15826579849055233
2021-08-30 00:00:00+05:30,-0.2558118137294283,-0.14717201064474372,-0.3955735562750123
2021-08-31 00:00:00+05:30,-0.10930589673561164,-0.05442773446137568,0.02106274408220704
2021-09-01 00:00:00+05:30,-0.05873421831246072,-0.09105809924025714,0.6194210244480925
2021-09-02 00:00:00+05:30,-0.06785725708415101,0.06351569439868958,0.29529631225120834
2021-09-03 00:00:00+05:30,0.14590319415861935,0.14378851690688566,0.09711020078279912
2021-09-06 00:00:00+05:30,0.22410873507394583,0.05390299751578709,-0.5378039264522984
2021-09-07 00:00:00+05:30,0.04971164373736501,0.0035046921623926226,-0.31757187246924845
2021-09-08 00:00:00+05:30,-0.025627013381068774,0.26588846114752596,2.341574870202399
2021-09-09 00:00:00+05:30,0.3179550914024459,0.27887749223126274,-0.16223292913014922
2021-09-13 00:00:00+05:30,0.33098981218295326,0.39422349638127,-0.24233272672605546
2021-09-14 00:00:00+05:30,0.4430830273747366,0.5381437157198442,-0.04894535484861049
2021-09-15 00:00:00+05:30,0.5682125372163891,0.5586675039184359,0.09039886846477312
2021-09-16 00:00:00+05:30,0.5838534696941877,0.7410378749441379,-0.05742258882056473
2021-09-17 00:00:00+05:30,0.7871872813441461,1.2665849582496642,2.209753957441269
2021-09-20 00:00:00+05:30,1.1730004135672887,1.2328127144185699,0.3205886576475942
2021-09-21 00:00:00+05:30,1.3137706502923197,1.2821726857324236,-0.11391914558278461
2021-09-22 00:00:00+05:30,1.311163319398392,1.150201255904597,-0.5356730228928672
2021-09-23 00:00:00+05:30,1.2459920875756418,1.3499765979433767,-0.3032759645037191
2021-09-24 00:00:00+05:30,1.3815477687185183,1.3712786597882636,-0.49186438106803343
2021-09-27 00:00:00+05:30,1.387804108605424,1.3985563880774894,-0.5533072313830166
2021-09-28 00:00:00+05:30,1.4336858709505578,1.5796283646704035,-0.10693427755779782
2021-09-29 00:00:00+05:30,1.5374369203401341,1.383488781381224,-0.21025505630857771
2021-09-30 00:00:00+05:30,1.3578258452539926,1.2538559875591744,0.03835050277316158
2021-10-01 00:00:00+05:30,1.2094963160330003,1.191767045554831,-0.2202507586096305
2021-10-04 00:00:00+05:30,1.1990691794093535,1.1782578936846004,-0.5073607828894278
2021-10-05 00:00:00+05:30,1.1985483650928495,1.133575194382298,-0.36136994390793
2021-10-06 00:00:00+05:30,1.1002700889480461,0.9953686735613692,-0.30539694484349705
2021-10-07 00:00:00+05:30,1.058299587403686,0.9782224912525751,-0.4687299045018753
2021-10-08 00:00:00+05:30,0.9644525081693762,0.8945707911656158,-0.5300588535130136
2021-10-11 00:00:00+05:30,0.9592389690894069,1.0974643145454284,-0.43550070916029926
2021-10-12 00:00:00+05:30,1.1208641722560007,1.1998206517672165,-0.5401831262252246
2021-10-13 00:00:00+05:30,1.2459920292800561,1.2738590191267911,-0.5722014730469498
2021-10-14 00:00:00+05:30,1.2668475850339558,1.3177640806272806,-0.5916427861248046
2021-10-18 00:00:00+05:30,1.3179408363669776,1.2855490199332578,-0.4806703421327794
2021-10-19 00:00:00+05:30,1.2871804027211788,1.4089479944511683,-0.5823997384622267
2021-10-20 00:00:00+05:30,1.4441128032523423,1.305553323189839,-0.5608943956965164
2021-10-21 00:00:00+05:30,1.386761335008781,1.972164412419598,1.1003011117284802
2021-10-22 00:00:00+05:30,2.0327372509824886,2.11582584305389,0.33153375320285394
2021-10-25 00:00:00+05:30,2.0176190186163097,2.0280195351198023,0.5139130386524583
2021-10-26 00:00:00+05:30,2.030652006138058,2.3213167911437607,1.3534474066902018
2021-10-27 00:00:00+05:30,2.267874883664246,2.2033739981281775,0.03356578512301157
2021-10-28 00:00:00+05:30,2.206616184983436,1.7370596434126553,-0.2788600982693062
2021-10-29 00:00:00+05:30,1.6294596191189104,1.3871264476642697,0.05854145037916206
2021-11-01 00:00:00+05:30,1.5118907069852587,1.622752609146671,-0.5238559783411284
2021-11-02 00:00:00+05:30,1.5700222802314858,1.623530882792965,-0.6166989157490121
2021-11-03 00:00:00+05:30,1.6422335406744342,1.4203798423978347,-0.5021321090208825
2021-11-04 00:00:00+05:30,1.433685275222592,1.5214358776533883,-0.9038313751341123
2021-11-08 00:00:00+05:30,1.5118902556448812,1.8427916789907954,-0.49033102790945515
2021-11-09 00:00:00+05:30,1.850781190761036,1.7303044316330576,-0.5646307036180943
2021-11-10 00:00:00+05:30,1.6683006308288815,1.6204139731408955,-0.6362040825881133
2021-11-11 00:00:00+05:30,1.605737222152508,1.506368906801605,-0.6143374051937285
2021-11-12 00:00:00+05:30,1.5796692568086832,1.6134006085014978,-0.6386546863981091
2021-11-15 00:00:00+05:30,1.6427554422365205,1.7308245524195516,-0.5556232245611956
2021-11-16 00:00:00+05:30,1.745984261596779,1.6557453076425068,-0.6147787727461274
2021-11-17 00:00:00+05:30,1.590094462191113,1.5011715140035602,-0.6359937534758998
2021-11-18 00:00:00+05:30,1.4858220648694935,1.35231459810467,-0.3455376626734931
2021-11-22 00:00:00+05:30,1.4545400444262664,0.9938095828908522,-0.35521711627864333
2021-11-23 00:00:00+05:30,0.9018887741967352,1.136432679485603,-0.2513909004920518
2021-11-24 00:00:00+05:30,1.1185177050663628,1.2845106858937168,-0.5279773503296818
2021-11-25 00:00:00+05:30,1.3294117097331244,1.4076496000183805,-0.2654553385730631
2021-11-26 00:00:00+05:30,1.2355653254313546,1.0397925841593891,-0.37695673331703455
2021-11-29 00:00:00+05:30,1.1886422828714411,1.3271160812724552,-0.04812129617306617
2021-11-30 00:00:00+05:30,1.3450518687852957,1.0273217663286995,-0.027861533195992754
2021-12-01 00:00:00+05:30,1.115650554482357,0.982899127419644,-0.3903013065288596
2021-12-02 00:00:00+05:30,0.9516794216756446,1.03953188792166,-0.5311169707390725
2021-12-03 00:00:00+05:30,1.051521059046071,0.7794854832533377,-0.19485033640789187
2021-12-06 00:00:00+05:30,0.808041935579321,0.6288094162906835,-0.2833801248213167
2021-12-07 00:00:00+05:30,0.7663325589343941,0.8987279423906731,0.6362734558073068
2021-12-08 00:00:00+05:30,1.0687264153407883,0.8119586968071618,0.15761185528589752
2021-12-09 00:00:00+05:30,0.8393242963177786,0.7906566349622749,0.055976082376656015
2021-12-10 00:00:00+05:30,0.7819735885604806,0.6888204185269805,-0.2890782101238894
2021-12-13 00:00:00+05:30,0.7559053429446966,0.5659415647955628,-0.0668438229925666
2021-12-14 00:00:00+05:30,0.5635198190460523,0.39604137575606946,1.2331285841179063
2021-12-15 00:00:00+05:30,0.4201437844619728,0.5363264721895259,0.1964746350023008
2021-12-16 00:00:00+05:30,0.6302557273955659,0.5017746830231742,-0.2891774423204209
2021-12-17 00:00:00+05:30,0.46915284978633487,0.15392133457628202,-0.3149208627666924
2021-12-20 00:00:00+05:30,0.07812545227094267,-0.11262022147839092,-0.24285822592333975
2021-12-21 00:00:00+05:30,-0.020674191130059104,-0.14353498020618025,-0.4596477855754116
2021-12-22 00:00:00+05:30,-0.08871245251417682,-0.00922491437257946,-0.20302297068092762
2021-12-23 00:00:00+05:30,0.10367300964886544,0.05935854317363227,-0.533981761108504
2021-12-24 00:00:00+05:30,0.07812523187301898,-0.0819655231438485,-0.45806460059640114
2021-12-27 00:00:00+05:30,-0.11425976127022582,0.04818739146469498,-0.591324164485072
2021-12-28 00:00:00+05:30,0.10419397364437102,0.05572151273506881,-0.6707448687012364
2021-12-29 00:00:00+05:30,0.046843599905695504,0.00012708627259383612,-0.6435127495848258
2021-12-30 00:00:00+05:30,-0.031362124108241574,-0.04637476409347251,-0.40913342020887744
2021-12-31 00:00:00+05:30,-0.015720834893571595,0.16587075993151332,-0.47072274587482776
2022-01-03 00:00:00+05:30,0.16675810403124092,0.3131692210043686,-0.5198605880977367
2022-01-04 00:00:00+05:30,0.3388095809849407,0.4594287121932007,-0.37954065342584864
2022-01-05 00:00:00+05:30,0.47957934870863567,0.8207918483548058,-0.0402977003652217
2022-01-06 00:00:00+05:30,0.7407852944546184,0.6636212658502834,-0.4609854787290897
2022-01-07 00:00:00+05:30,0.661538496179977,0.7277894193116377,-0.45120873442690534
2022-01-10 00:00:00+05:30,0.7259262642790963,0.9548412179506773,-0.3306769940763996
2022-01-11 00:00:00+05:30,0.9540253061575915,0.8969094271713913,-0.3626185438068961
2022-01-12 00:00:00+05:30,0.9894788436709034,0.9997846134907089,-0.4844202405508388
2022-01-13 00:00:00+05:30,1.016590583015333,0.8426146668306688,-0.6272809508982664
2022-01-14 00:00:00+05:30,0.7506918935670982,0.9041834880485182,-0.553588101643634
2022-01-17 00:00:00+05:30,0.8184695886550813,0.9002863972167079,-0.5864402146383904
2022-01-18 00:00:00+05:30,0.8601790670553419,0.9247066404026288,-0.49907640453421087
2022-01-19 00:00:00+05:30,0.9383846671846602,0.7350628443442823,-0.6198277500500842
2022-01-20 00:00:00+05:30,0.834110776522281,0.6672582962888468,-0.6267051884362173
2022-01-21 00:00:00+05:30,0.5382336091685866,0.6732333268887035,-0.5697383573513045
2022-01-24 00:00:00+05:30,0.620870492055891,0.346682040286697,-0.3985546208921188
2022-01-25 00:00:00+05:30,0.25904064726430687,0.4700810148046086,-0.3938883347113075
2022-01-27 00:00:00+05:30,0.3909469589002489,0.6498526894312868,-0.14590405546872204
2022-01-28 00:00:00+05:30,0.6777003765808484,0.6968746605838471,0.12447024314386883
2022-01-31 00:00:00+05:30,0.8080423673249636,0.483589530830357,0.02624352762981762
2022-02-01 00:00:00+05:30,0.6099217987751626,0.6137424454389004,-0.27998250070094416
2022-02-02 00:00:00+05:30,0.7600759953029449,0.9270440047194398,-0.3633759443330312
2022-02-03 00:00:00+05:30,0.9117950390645997,0.7527285115950879,-0.4649368616505413
2022-02-04 00:00:00+05:30,0.7767600342343787,0.6236139310260853,-0.5659910475992416
2022-02-07 00:00:00+05:30,0.44308340891249715,0.33395179790724383,-0.5050081169429653
2022-02-08 00:00:00+05:30,0.36487893795552695,0.2786187035269803,-0.17810037307770485
2022-02-09 00:00:00+05:30,0.36800681031942867,0.3679847379760673,-0.5977472919888238
2022-02-10 00:00:00+05:30,0.3648780757635347,0.5352862306165393,-0.4070439353053899
2022-02-11 00:00:00+05:30,0.46445933557021996,0.33291282802322064,-0.54690222454124
2022-02-14 00:00:00+05:30,0.1305231076932925,-0.09001912935623393,-0.2951402187211331
2022-02-15 00:00:00+05:30,-0.04700264748267262,0.25419846034105936,-0.5047242265720187
2022-02-16 00:00:00+05:30,0.26112545821382904,0.3422654645128762,-0.45845592060620155
2022-02-17 00:00:00+05:30,0.36487809398499593,0.2760200071279578,-0.3418639141801634
2022-02-18 00:00:00+05:30,0.2295828996785299,0.32408031232005896,-0.6828259571846156
2022-02-21 00:00:00+05:30,0.22410911549423043,0.3269384332678461,-0.6581812097316811
2022-02-22 00:00:00+05:30,0.1302627206465613,0.4030560120844317,-0.29616403612273867
2022-02-23 00:00:00+05:30,0.4582037334260635,0.6334860524577525,0.5438248585195525
2022-02-24 00:00:00+05:30,0.36148910902519493,0.15937560854516267,0.12103573053304655
2022-02-25 00:00:00+05:30,0.29162576249424144,0.4807314098825698,-0.08652286189776429
2022-02-28 00:00:00+05:30,0.37530598248151636,0.40825149734902993,-0.36293285100330136
2022-03-02 00:00:00+05:30,0.2439213442664861,0.21730867101341322,-0.33739285655991946
2022-03-03 00:00:00+05:30,0.2499168855421687,0.14586772836389658,-0.30909269699779685
2022-03-04 00:00:00+05:30,0.025988530302800163,-0.06248134067376111,-0.3981749498793026
2022-03-07 00:00:00+05:30,-0.37285884006348513,-0.27160931920219505,-0.36608821913083717
2022-03-08 00:00:00+05:30,-0.3389698794716058,-0.2134174680296621,0.22468009253338572
2022-03-09 00:00:00+05:30,-0.21853378311129978,-0.13028588872919658,0.5445885149885125
2022-03-10 00:00:00+05:30,0.18239885466275577,-0.051051400260541425,-0.04454699559843427
2022-03-11 00:00:00+05:30,-0.10435329230885552,-0.006107368876027606,-0.4074195075970451
2022-03-14 00:00:00+05:30,-0.102007407988806,0.12768257617107934,-0.23261789468562014
2022-03-15 00:00:00+05:30,0.09898059309823788,-0.1580824661159518,0.08898200527603618
2022-03-16 00:00:00+05:30,-0.026148268699381777,-0.01909703580424662,-0.3166218320485424
2022-03-17 00:00:00+05:30,0.130262415444323,0.2900486439402,-0.22348033516239857
2022-03-21 00:00:00+05:30,0.2639933275935945,0.0671514531482885,-0.43085577947395887
2022-03-22 00:00:00+05:30,0.06300595925436603,0.22692073205183347,-0.21518603358752852
2022-03-23 00:00:00+05:30,0.26060458800947833,0.028963269387854523,-0.2520995478085867
2022-03-24 00:00:00+05:30,-0.26076486125305065,-0.25991931839572846,3.303829695690667
2022-03-25 00:00:00+05:30,-0.19298621869665927,-0.21783340795900183,-0.29248058013192213
2022-03-28 00:00:00+05:30,-0.19298632839813457,-0.20250637671397176,-0.28578154397737937
2022-03-29 00:00:00+05:30,-0.14085006881636797,-0.17756728443052144,-0.3902803814787214
2022-03-30 00:00:00+05:30,-0.08141351602496051,-0.005588519778498275,-0.22366434617031464
2022-03-31 00:00:00+05:30,-0.05169492551478714,-0.05364818912611715,-0.33362785759021396
2022-04-01 00:00:00+05:30,-0.08193512929641757,0.06481345298699517,-0.43601714802659586
2022-04-04 00:00:00+05:30,0.11462131474685758,0.37344028363391246,-0.08572900432551216
2022-04-05 00:00:00+05:30,0.37035313080697324,0.1975644281500789,-0.4879850493501503
2022-04-06 00:00:00+05:30,0.11722870940955492,0.07910278603696659,-0.4413610175319843
2022-04-07 00:00:00+05:30,0.031202778145627923,0.011817722923542722,-0.0013348255636214108
2022-04-08 00:00:00+05:30,0.053360453618474725,0.10560033314645169,-0.434313374356583
2022-04-11 00:00:00+05:30,0.05205661650683221,0.10014415164412424,-0.5343499988465025
2022-04-12 00:00:00+05:30,0.0314630553838261,0.19574591293079718,-0.4277185320083984
2022-04-13 00:00:00+05:30,0.22254445846153822,0.08014112007650752,-0.5331095963898586
2022-04-18 00:00:00+05:30,0.055185019190945296,-0.07157391677016975,-0.5252467391477342
2022-04-19 00:00:00+05:30,-0.010507111910024007,-0.294470471717599,-0.4326085220757383
2022-04-20 00:00:00+05:30,-0.27119196503859105,-0.2227694686748354,-0.2574483789238017
2022-04-21 00:00:00+05:30,-0.2086279582786702,-0.017279156429447162,-0.3590220238491278
2022-04-22 00:00:00+05:30,-0.13042294162578547,-0.18925792108147035,-0.4614151972845044
2022-04-25 00:00:00+05:30,-0.325935922986662,-0.18354231503037824,-0.4844206719951716
2022-04-26 00:00:00+05:30,-0.09861873363308846,-0.11158125159436771,-0.6342649560345878
2022-04-27 00:00:00+05:30,-0.21384102441589042,-0.11781570674298916,-0.3391969410372957
2022-04-28 00:00:00+05:30,-0.08349875117994192,0.007661207542967672,-0.4427640745020734
2022-04-29 00:00:00+05:30,0.020513865877401786,0.13807354670027583,-0.1523670915732529
2022-05-02 00:00:00+05:30,0.0027883480910600987,0.05286402763176389,-0.5210779082825787
2022-05-04 00:00:00+05:30,0.015561495041627758,0.05935854317363227,0.2915492182213118
2022-05-05 00:00:00+05:30,0.18761308732328955,0.1736643057506518,-0.17838577350381615
2022-05-06 00:00:00+05:30,-0.0514350613744825,0.0577994525031152,-0.33382740059410887
2022-05-09 00:00:00+05:30,-0.10435342468869178,0.0172732685813879,-0.48011313177703835
2022-05-10 00:00:00+05:30,0.025988478219085377,0.1713263055893585,-0.5188369864182975
2022-05-11 00:00:00+05:30,0.17197179743709318,0.23783118752304155,-0.38249410560565944
2022-05-12 00:00:00+05:30,0.1969974880835979,-0.017019096036200228,-0.02431247211482648
2022-05-13 00:00:00+05:30,0.10419390002837713,0.07988169552774285,-0.3576562868138212
2022-05-16 00:00:00+05:30,0.08333891969347268,0.25289879421930694,-0.29247389274476454
2022-05-17 00:00:00+05:30,0.30231397462018766,0.39552189081405786,-0.29644318060602515
2022-05-18 00:00:00+05:30,0.4271822850599345,0.4292947704896344,0.19993417138442232
2022-05-19 00:00:00+05:30,0.24496381826821256,0.09988536293984183,-0.2775588621617451
2022-05-20 00:00:00+05:30,0.23974973035572064,0.33758946419028957,-0.37649961804649046
2022-05-23 00:00:00+05:30,0.45351145918033375,0.4682624995853269,-0.3384449335653199
2022-05-24 00:00:00+05:30,0.48453175564678724,0.6153002644204529,-0.20991292095271036
2022-05-25 00:00:00+05:30,0.6925584674567072,0.7449343299314659,0.40073224684327413
2022-05-26 00:00:00+05:30,0.781712895797656,0.7506499359825592,0.11969523299120559
2022-05-27 00:00:00+05:30,0.81325616719037,0.9457492776987498,-0.4216513460791617
2022-05-30 00:00:00+05:30,0.9396884023222198,0.7223332378093101,-0.0878357470023095
2022-05-31 00:00:00+05:30,0.6573662628400164,0.4295535591939168,2.2511331362284115
2022-06-01 00:00:00+05:30,0.3909463407715554,0.5243751393008489,-0.43410326096653584
2022-06-02 00:00:00+05:30,0.43369859109193,0.4856674705984022,-0.3733438184746219
2022-06-03 00:00:00+05:30,0.5942809341183527,0.4908635917074839,-0.5564759742848675
2022-06-06 00:00:00+05:30,0.41701580937839544,0.5461985936211942,-0.38978271044089924
2022-06-07 00:00:00+05:30,0.5160753648167496,0.48826553115294363,-0.5788541289357224
2022-06-08 00:00:00+05:30,0.4952206961949774,0.42253955871003684,-0.6319267434732723
2022-06-09 00:00:00+05:30,0.3844298946990875,0.5248952600873428,-0.6717809822663252
2022-06-10 00:00:00+05:30,0.3909473177603187,0.14352972820260326,-0.33113799234593844
2022-06-13 00:00:00+05:30,-0.11478125334938058,-0.1393784648256052,-0.44126523689011476
2022-06-14 00:00:00+05:30,-0.1533624049065229,-0.12716834323264473,-0.6134973830778726
2022-06-15 00:00:00+05:30,-0.14084934797935791,-0.1430148594196864,-0.566227910537919
2022-06-16 00:00:00+05:30,-0.119995070244373,-0.45917517549249526,-0.30668761056490584
2022-06-17 00:00:00+05:30,-0.5423042914901577,-0.4706063875946795,-0.2655770058748974
2022-06-20 00:00:00+05:30,-0.47661160840266237,-0.4415101440861719,-0.5667870623931575
2022-06-21 00:00:00+05:30,-0.3911066697926732,-0.4295594470419761,-0.4080099391664076
2022-06-22 00:00:00+05:30,-0.5214491592163948,-0.49086947955554316,-0.5658491024137683
2022-06-23 00:00:00+05:30,-0.46931228725229535,-0.4160509310162277,-0.41077161434031295
2022-06-24 00:00:00+05:30,-0.3389700855743261,-0.3417518674189239,-0.5991143233571286
2022-06-27 00:00:00+05:30,-0.24929436550688014,-0.3773419906248176,-0.4890116711399188
2022-06-28 00:00:00+05:30,-0.41769693344165093,-0.4955454798781298,-0.344190693466661
2022-06-29 00:00:00+05:30,-0.5996544696891022,-0.6324529704217886,-0.31541616086068447
2022-06-30 00:00:00+05:30,-0.69350118255439,-0.5355528147023277,-0.08907312934862421
2022-07-01 00:00:00+05:30,-0.6257224874102489,-0.5010003896914927,-0.45182073821290514
2022-07-04 00:00:00+05:30,-0.5133678447149487,-0.48463438856243946,-0.5449551162675587
2022-07-05 00:00:00+05:30,-0.4693123259515677,-0.5254206328774137,-0.3781337134567649
2022-07-06 00:00:00+05:30,-0.43281603344541075,-0.310057563355876,0.25411602930146143
2022-07-07 00:00:00+05:30,-0.2451237159836214,-0.13340343422574844,-0.2642393127212193
2022-07-08 00:00:00+05:30,-0.052216577821725986,-0.10092958482744203,-0.5645064476502636
2022-07-11 00:00:00+05:30,-0.11478162353272175,-0.11911537286474155,-0.6173519067466229
2022-07-12 00:00:00+05:30,-0.22687524391404487,-0.23497959026779588,-0.5535730010919879
2022-07-13 00:00:00+05:30,-0.21384143983996107,-0.11495822163968424,-0.16858745698499453
2022-07-14 00:00:00+05:30,-0.13042277168087665,0.030521724213889316,0.46941387017306496
2022-07-15 00:00:00+05:30,0.03798030854043448,0.12222639466875189,-0.4446548792903315
2022-07-18 00:00:00+05:30,0.18239865233055316,0.4233184682008131,-0.2756784120374729
2022-07-19 00:00:00+05:30,0.36487806421937374,0.3677240417383381,-0.3235391790354545
2022-07-20 00:00:00+05:30,0.4235330767829723,0.3303160391576449,-0.3933697386233471
2022-07-21 00:00:00+05:30,0.31274157255569923,0.18899197284016414,-0.4763785496327914
2022-07-22 00:00:00+05:30,0.18761327475452036,0.3269384332678461,-0.22551394802479552
2022-07-25 00:00:00+05:30,0.26581828451203415,0.16301327482820838,-0.5411294993691024
2022-07-26 00:00:00+05:30,0.13547595909404586,-0.013382065597636777,-0.5592648304517358
2022-07-27 00:00:00+05:30,-0.020152377236303493,-0.05234979469332929,-0.19745604445550963
2022-07-28 00:00:00+05:30,0.05101472978984858,0.33421249414497306,-0.48334055110814267
2022-07-29 00:00:00+05:30,0.37869494624245725,0.23990976313557022,-0.43294850020994197
2022-08-01 00:00:00+05:30,0.26060481059482316,0.47579598501121845,-0.5909565739135726
2022-08-02 00:00:00+05:30,0.4519469654656462,0.625692506638614,-0.22378256191748697
2022-08-03 00:00:00+05:30,0.5734263724200308,0.45163580221854444,-0.40109043495783175
2022-08-04 00:00:00+05:30,0.4774939072192793,0.3708422230793722,-0.438732442934731
2022-08-05 00:00:00+05:30,0.41571177731287545,0.3622691319249752,-0.5890077398625602
2022-08-08 00:00:00+05:30,0.33881019656119565,0.41734407344543856,-0.6124450903503058
2022-08-10 00:00:00+05:30,0.4326566318490145,0.3334329488097145,-0.5905704312357651
2022-08-11 00:00:00+05:30,0.44367361974289354,0.46990297834957406,-0.3487435097879602
2022-08-12 00:00:00+05:30,0.5010586703412675,0.40595673461253073,-0.6468318508366386
2022-08-16 00:00:00+05:30,0.45123760025113985,0.43273087407180166,-0.6647147869846158
2022-08-17 00:00:00+05:30,0.4697579784031938,0.3981587378820164,-0.21823246202104604
2022-08-18 00:00:00+05:30,0.3915051689721587,0.7350444048542966,-0.15826558276838598
2022-08-19 00:00:00+05:30,0.808851708933584,0.592076044705675,0.036443087378092764
2022-08-22 00:00:00+05:30,0.3286417606353777,0.3583873013607392,-0.05009364394021322
2022-08-23 00:00:00+05:30,0.31325307338683966,0.4816006092898279,-0.4704190090645748
2022-08-24 00:00:00+05:30,0.4541075234784028,0.5432069453321311,-0.6427109102924179
2022-08-25 00:00:00+05:30,0.5798323998649059,0.5491851551543991,-0.4725527170121687
2022-08-26 00:00:00+05:30,0.5654866563037587,0.7223078040300195,-0.22691441632888812
2022-08-29 00:00:00+05:30,0.49062447912416457,0.451706380956076,-0.16293445761519376
2022-08-30 00:00:00+05:30,0.5263600519062609,0.7919715613516005,-0.10982862186402247
2022-09-01 00:00:00+05:30,0.5793111067354902,0.7264662269440414,-0.040367810069292874
2022-09-02 00:00:00+05:30,0.7981563734530666,0.8096474021141237,-0.22944095434144704
2022-09-05 00:00:00+05:30,0.7671171933495738,0.9086865386719284,-0.12688793078078814
2022-09-06 00:00:00+05:30,0.9442286040366596,0.7932718633178364,-0.35100514098021324
2022-09-07 00:00:00+05:30,0.7097317217512525,0.7545400325250647,-0.5217699449923029
2022-09-08 00:00:00+05:30,0.8145900598011426,0.8678754964221458,-0.42773125961621433
2022-09-09 00:00:00+05:30,0.9705733438379417,0.8486392933001423,-0.3401933617237719
2022-09-12 00:00:00+05:30,0.8401526590312768,0.8364221774178768,-0.6280297225377466
2022-09-13 00:00:00+05:30,0.8818876711125538,0.8333033602323605,-0.6062633559507251
2022-09-14 00:00:00+05:30,0.6679972825622725,0.9960267726005136,-0.14076771068738425
2022-09-15 00:00:00+05:30,1.0618675251098886,0.889190275156678,-0.13967421502604024
2022-09-16 00:00:00+05:30,0.8466736443594645,0.8691751625438981,0.1669368773716971
2022-09-19 00:00:00+05:30,0.8302407811545965,0.8650161037853941,-0.5865612347737256
2022-09-20 00:00:00+05:30,0.9392726172565975,0.918304322310689,-0.6001909926894955
2022-09-21 00:00:00+05:30,0.8505867316571187,0.8078288868948419,-0.4652468544036191
2022-09-22 00:00:00+05:30,0.7386851449487829,0.6739575537540049,-0.5474475701778306
2022-09-23 00:00:00+05:30,0.5537488947226152,0.5177324719946125,-0.38424684820743893
2022-09-26 00:00:00+05:30,0.3758550356560594,0.34253124750646236,-0.45512948480073206
2022-09-27 00:00:00+05:30,0.3560306203835363,0.18812531681083514,-0.3569828022104052
2022-09-28 00:00:00+05:30,0.1358805196699243,0.1532924843833206,-0.5660234059241975
2022-09-29 00:00:00+05:30,0.1984820614813415,0.011363729963204557,-0.3441510005880484
2022-09-30 00:00:00+05:30,0.021110043885521828,0.29158166498694416,-0.34306678097985843
2022-10-03 00:00:00+05:30,0.2297837184352079,0.1080629588262692,-0.4217167098955727
2022-10-04 00:00:00+05:30,0.22978316936236096,0.3074383546857021,-0.5880691327166718
2022-10-06 00:00:00+05:30,0.31846953298593816,0.2900225743164271,-0.5709776811971166
2022-10-07 00:00:00+05:30,0.24282553506704554,0.3238151651709539,-0.7185978697012285
2022-10-10 00:00:00+05:30,0.19378766567676206,0.23465514433412119,-0.7242329641312204
2022-10-11 00:00:00+05:30,0.23943460022159183,0.12885825261878978,-0.6252173526547437
2022-10-12 00:00:00+05:30,0.12544707459155624,0.24479241291489343,-0.7247947046524553
2022-10-13 00:00:00+05:30,0.21413280421308983,0.19956225151335974,-0.6950550310741266
2022-10-14 00:00:00+05:30,0.33412007917810377,0.3685252057859937,-0.5877852423457252
2022-10-17 00:00:00+05:30,0.33438129112622544,0.4940777855653402,-0.7098742810152765
2022-10-18 00:00:00+05:30,0.5399241015346468,0.5021358426891015,-0.6008105467513184
2022-10-19 00:00:00+05:30,0.548010133189521,0.5523046081843979,-0.7510765676259935
2022-10-20 00:00:00+05:30,0.5010586211542905,0.5221515911463636,-0.6048555530929759
2022-10-21 00:00:00+05:30,0.5532274962746742,0.7254272570600182,-0.09772207816501124
2022-10-24 00:00:00+05:30,0.7227741293308545,0.689814879297245,-0.8080714425925346
2022-10-25 00:00:00+05:30,0.767116860850982,0.4340305401935541,-0.19055185652074627
2022-10-27 00:00:00+05:30,0.6246970866185994,0.529689527483631,0.042825443392400166
2022-10-28 00:00:00+05:30,0.5740948848509353,0.6297682697699413,-0.29042323783122415
2022-10-31 00:00:00+05:30,0.704514943444765,0.7217870473990434,-0.5437541909673609
2022-11-01 00:00:00+05:30,0.7514663074281641,0.7594786366188273,-0.39898973250169284
2022-11-02 00:00:00+05:30,0.8075470854833278,0.7633776349840845,-0.5459690104495111
2022-11-03 00:00:00+05:30,0.7347726450200219,0.7124293241535297,-0.604690741357867
2022-11-04 00:00:00+05:30,0.7410331357063579,0.7113897184250242,-0.4990856805873649
2022-11-07 00:00:00+05:30,0.7514665303323801,0.6211894560152038,-0.3819079884796244
2022-11-09 00:00:00+05:30,0.6992985966347514,0.6773377030217328,-0.4470489638927375
2022-11-10 00:00:00+05:30,0.6836483532088866,0.774816477220056,-0.4066032149194902
2022-11-11 00:00:00+05:30,0.8818873261154323,0.7069705992732732,-0.20945343273833616
2022-11-14 00:00:00+05:30,0.7245998468063651,0.8301839072023618,-0.48595812387491094
2022-11-15 00:00:00+05:30,0.840152573689073,0.776115507497326,-0.5187425001094261
2022-11-16 00:00:00+05:30,0.7827674529279229,1.0542542310640548,0.4406514180084053
2022-11-17 00:00:00+05:30,1.0425658335238834,0.9744519334727357,-0.42848887586451584
2022-11-18 00:00:00+05:30,1.0276975570780364,1.0212418213892676,-0.02651887843248808
2022-11-21 00:00:00+05:30,0.9943099802658028,0.9409187671669736,-0.690820189226061
2022-11-22 00:00:00+05:30,0.9906582667893947,0.918304322310689,-0.6963976858376313
2022-11-23 00:00:00+05:30,0.9731817157191816,0.9890083212052591,-0.4086657345521811
2022-11-24 00:00:00+05:30,0.994048740420875,0.9448177655322308,-0.6459907501099509
2022-11-25 00:00:00+05:30,0.9653566352018708,0.8592973185118906,-0.4956065134881034
2022-11-28 00:00:00+05:30,0.7932012901475692,0.857997652390137,-0.610594409884993
2022-11-29 00:00:00+05:30,0.8745831859604851,0.8444802345416382,-0.6539543496037713
2022-11-30 00:00:00+05:30,0.9131882238299274,0.9562559719237199,-0.3115538711939448
2022-12-01 00:00:00+05:30,0.9966573814709425,0.8899704563364188,-0.41504205034583
2022-12-02 00:00:00+05:30,0.7989394276761719,0.871774494787403,-0.6048855384741016
2022-12-05 00:00:00+05:30,0.9288386935815678,0.9115452954641979,-0.6794087023471032
2022-12-06 00:00:00+05:30,0.8169384239502684,0.8949096962746637,-0.6532655487265427
2022-12-07 00:00:00+05:30,0.8792788520430633,0.7711762675590812,-0.4384964428847191
2022-12-08 00:00:00+05:30,0.703993566359654,0.6960531495127601,1.774286190570531
2022-12-09 00:00:00+05:30,0.7827672340117166,0.649523321989474,-0.37676215192296625
2022-12-12 00:00:00+05:30,0.52714247898721,0.5335885258488882,-0.2402117463862775
2022-12-13 00:00:00+05:30,0.5206221920341387,0.5478861248771291,0.5489253934212724
2022-12-14 00:00:00+05:30,0.5589656351335609,0.5723203566416587,-0.13975122783943536
2022-12-15 00:00:00+05:30,0.5821809054682766,0.5203318042381173,-0.5076312984860594
2022-12-16 00:00:00+05:30,0.47340908516531577,0.4025778570337674,-0.41141295634093944
2022-12-19 00:00:00+05:30,0.39959166703783355,0.4940777855653402,-0.5784209588256457
2022-12-20 00:00:00+05:30,0.42280598879764153,0.43662987243705886,-0.6437979342887707
2022-12-21 00:00:00+05:30,0.5036673137728854,0.2676675540089072,-0.43405493920126836
2022-12-22 00:00:00+05:30,0.32368653159816513,0.32719467859419826,-0.5783247467394435
2022-12-23 00:00:00+05:30,0.27125753144670534,0.305879264015185,-0.49461742735528386
2022-12-26 00:00:00+05:30,0.30255794599399727,0.2622088291286507,0.0758840025003753
2022-12-27 00:00:00+05:30,0.30621036695594284,0.3004205391349285,-0.6140929919792281
2022-12-28 00:00:00+05:30,0.31533946050189593,0.2962608445319421,-0.537299783749485
2022-12-29 00:00:00+05:30,0.26317167276441383,0.28924302898116855,-0.4833213518353355
2022-12-30 00:00:00+05:30,0.3189911555582876,0.3334329488097145,-0.3672201133377956
2023-01-02 00:00:00+05:30,0.33307727145081656,0.3219960141071887,-0.7054049491723636
2023-01-03 00:00:00+05:30,0.3041232706150826,0.3625463601192433,-0.5892499958553968
2023-01-04 00:00:00+05:30,0.37011695031504294,0.29964099379966996,-0.5891084821142563
2023-01-05 00:00:00+05:30,0.2923860096296878,0.2973017219494121,-0.5743284936073862
2023-01-06 00:00:00+05:30,0.3236863566589476,0.12313946734528634,-0.12842279399453105
2023-01-09 00:00:00+05:30,0.19326567137444237,0.2536306512183955,-0.20884121323017
2023-01-10 00:00:00+05:30,0.23265253369937697,0.16862905329558467,-0.6300898692266074
2023-01-11 00:00:00+05:30,0.18804897024277778,0.201382038421606,-0.602138748129676
2023-01-12 00:00:00+05:30,0.22456683338458533,0.08518781773225544,-0.1866785650235216
2023-01-13 00:00:00+05:30,0.08110372572002165,0.08934687649075955,-0.08882871613412377
2023-01-16 00:00:00+05:30,0.12023036931487979,0.11274213837126719,-0.4911583224174951
2023-01-17 00:00:00+05:30,0.0837124041024696,0.17954713890057997,-0.4880879488235102
2023-01-18 00:00:00+05:30,0.20343888986207376,0.18708571108232966,-0.33647021285434275
2023-01-19 00:00:00+05:30,0.20630821974619318,0.021762330626188247,0.006616909211048542
2023-01-20 00:00:00+05:30,0.07797426840301142,-0.0011128104678255226,-0.02689552933497509
2023-01-23 00:00:00+05:30,0.13588054823842316,0.10728277764652841,0.7269095554531961
2023-01-24 00:00:00+05:30,0.14996574884905303,-0.014890288709572529,-0.050863556351997956
2023-01-25 00:00:00+05:30,-0.036274877283705605,-0.06921811296337296,-0.02472989450675796
2023-01-27 00:00:00+05:30,-0.06183762564084417,-0.2600166026015152,0.6734863923952904
2023-01-30 00:00:00+05:30,-0.26529369234841466,-0.19165123971272083,0.11747911917605722
2023-01-31 00:00:00+05:30,-0.17452098935702637,-0.16695694755494309,-0.002068065207122758
2023-02-01 00:00:00+05:30,-0.09887688685126055,-0.09573282787387925,-0.160254109698011
2023-02-02 00:00:00+05:30,-0.229297818299174,-0.007092291979058163,-0.04540966854175933
2023-02-03 00:00:00+05:30,0.0346738117604262,0.08934687649075955,-0.37099007391732763
2023-02-06 00:00:00+05:30,0.05762808584011251,-0.0837751365403785,-0.29225213035773323
2023-02-07 00:00:00+05:30,-0.061315946897122615,0.063872403153241,-0.16217640992255952
2023-02-08 00:00:00+05:30,0.07745259817673017,0.012403971536192286,-0.636009501194045
2023-02-09 00:00:00+05:30,0.020849344605001954,0.04047777711721563,-0.48130758541224483
2023-02-10 00:00:00+05:30,0.020588921219005882,0.046456622783966006,-0.636170861374492
2023-02-13 00:00:00+05:30,0.05814950929364945,0.05555428563623277,-0.4327017140516114
2023-02-14 00:00:00+05:30,0.03154369510421625,0.03761774863598164,-0.5997243856436311
2023-02-15 00:00:00+05:30,0.023457276233095535,0.11638044049879517,-0.42835491239919826
2023-02-16 00:00:00+05:30,0.15674847280028995,0.12911831301203672,-0.4537432541596201
2023-02-17 00:00:00+05:30,0.09988450123905919,-0.020088953196582108,-0.38982326620817737
2023-02-20 00:00:00+05:30,0.021371176631362135,-0.13420396242892174,-0.2524233467803123
2023-02-21 00:00:00+05:30,-0.09887667344930628,-0.1711160063134472,-0.31453083708989027
2023-02-22 00:00:00+05:30,-0.2086909010033421,-0.3252612407713464,-0.18461971266765903
2023-02-23 00:00:00+05:30,-0.295029299123977,-0.290949164974808,-0.3505184717728761
2023-02-24 00:00:00+05:30,-0.26581495543425515,-0.3421575361986098,-0.4993121888620564
2023-02-27 00:00:00+05:30,-0.3425022140873027,-0.19321096622772016,-0.4424834199636223
2023-02-28 00:00:00+05:30,-0.1982574874013892,-0.17605461040720985,2.7459917023193345e-05
2023-03-01 00:00:00+05:30,-0.18104186941160239,-0.09469258630089152,0.26283918654308075
2023-03-02 00:00:00+05:30,-0.14791529896521396,-0.2153065619864754,-0.05933129854863178
2023-03-03 00:00:00+05:30,-0.16669509657506396,-0.06297920690337566,-0.16582599753325555
2023-03-06 00:00:00+05:30,-0.03992586552553593,-0.06297920690337566,0.1708250536984015
2023-03-08 00:00:00+05:30,-0.14582877390628762,-0.11912808975438688,0.1742252664847705
2023-03-09 00:00:00+05:30,-0.12861232729088853,-0.24130052026600557,0.5464987347717442
2023-03-10 00:00:00+05:30,-0.2971163204620996,-0.33176020722459065,0.10379974516202148
2023-03-13 00:00:00+05:30,-0.3388508377166929,-0.4638111176126991,0.9888633550235888
2023-03-14 00:00:00+05:30,-0.47448889471342,-0.5971623299670423,2.102000088171527
2023-03-15 00:00:00+05:30,-0.5005724587518664,-0.5051422806489756,0.0641541097038511
2023-03-16 00:00:00+05:30,-0.49013923444911195,-0.517619456924488,-0.16457610330129122
2023-03-17 00:00:00+05:30,-0.44005717816704276,-0.3639930715641181,0.9779398316849663
2023-03-20 00:00:00+05:30,-0.40145260752664974,-0.32994042031634435,0.014877558127964428
2023-03-21 00:00:00+05:30,-0.29424710112288494,-0.2925095273342896,-0.5586752617710389
2023-03-22 00:00:00+05:30,-0.2814652855614547,-0.3013464939488272,-0.2305793202133966
2023-03-23 00:00:00+05:30,-0.3380681438964062,-0.43365810057466486,0.269044434658796
2023-03-24 00:00:00+05:30,-0.45857712178834836,-0.368932311502363,0.23419624445859166
2023-03-27 00:00:00+05:30,-0.3302432958032001,-0.30108770524454476,-0.3360448087422555
2023-03-28 00:00:00+05:30,-0.2869432950734095,-0.33383941868160155,-0.4364746947414727
2023-03-29 00:00:00+05:30,-0.3331122595913386,-0.21868480372075647,-0.3395403707261613
2023-03-31 00:00:00+05:30,-0.20060510908481544,-0.15733916391618244,-0.17888020870914273
2023-04-03 00:00:00+05:30,-0.15626220580986847,-0.09053416338686968,-0.42240658938363307
2023-04-05 00:00:00+05:30,-0.09887621937105658,-0.05830002735837768,-0.4031029070479242
2023-04-06 00:00:00+05:30,-0.07279229467431443,-0.03126646335034206,-0.6121366076523926
2023-04-10 00:00:00+05:30,-0.035492122429594014,-0.019828892803335177,-0.6777558391083544
2023-04-11 00:00:00+05:30,0.4342831297769082,0.4335110552515425,1.056778086051924
2023-04-12 00:00:00+05:30,0.40715620779186545,0.42077445442726547,-0.21275764916066925
2023-04-13 00:00:00+05:30,0.3862886255396182,0.5530847893641386,-0.31729596381845754
2023-04-17 00:00:00+05:30,0.6520856954076117,0.6864353658739996,1.2855592094883304
2023-04-18 00:00:00+05:30,0.7146873012474829,0.6508229881112265,-0.30681078792190475
2023-04-19 00:00:00+05:30,0.64869530585461,0.6331471473487046,-0.5432563042073724
2023-04-20 00:00:00+05:30,0.6278279017228644,0.6284679678037054,-0.4470181156229462
2023-04-21 00:00:00+05:30,0.6158286314264252,0.6786367332990029,-0.5875473007962159
2023-04-24 00:00:00+05:30,0.6586067151706174,0.6973528156345113,-0.5128934092903925
2023-04-25 00:00:00+05:30,0.7201656778822754,0.6560222884427184,0.07408940979831949
2023-04-26 00:00:00+05:30,0.5923533388131055,0.600394162222682,-0.2665145344099538
2023-04-27 00:00:00+05:30,0.5892233879589175,0.756359819433311,0.14374048854378993
2023-04-28 00:00:00+05:30,0.7410326383211863,0.909466084007187,-0.005901879547901207
2023-05-02 00:00:00+05:30,0.8036350093157665,0.8216057292921066,0.0454742958732925
2023-05-03 00:00:00+05:30,0.8088517562325598,0.8725540401226616,-0.2040653401888413
2023-05-04 00:00:00+05:30,0.8659760586231805,0.9591153645604716,-0.20351050277693028
2023-05-05 00:00:00+05:30,0.981789589486121,0.8608564091824065,-0.19646954698868654
2023-05-08 00:00:00+05:30,0.8970163502087166,1.0176022475727762,-0.11304482364247542
2023-05-09 00:00:00+05:30,1.0480436871507453,0.9939481969879862,-0.16651501413265046
2023-05-10 00:00:00+05:30,1.0227416013867583,1.0168220663930354,-0.10409278518233452
2023-05-11 00:00:00+05:30,1.0749100451343225,1.0129230680277783,0.003635628871775632
2023-05-12 00:00:00+05:30,0.9914405150772141,1.0266999104250418,-0.25409691934703293
2023-05-15 00:00:00+05:30,1.007351909155804,1.091165639104098,-0.3070327660311024
2023-05-16 00:00:00+05:30,1.1166445944785686,0.9562559719237199,0.03764919001028342
2023-05-17 00:00:00+05:30,0.9695301935848124,0.7592192120700627,0.23449998126884464
2023-05-18 00:00:00+05:30,0.8349360737347858,0.854098654024881,-0.05387503779456306
2023-05-19 00:00:00+05:30,0.8662368888937386,0.9281821663426966,-0.09665295910846736
2023-05-22 00:00:00+05:30,0.9444894887690792,0.9206435941609469,-0.21444740088986786
2023-05-23 00:00:00+05:30,0.9194487023413718,0.823425516200353,-0.012823972422473504
2023-05-24 00:00:00+05:30,0.8242415085320198,0.76545811813006,-0.1806530134723949
2023-05-25 00:00:00+05:30,0.8036351156895194,0.8673553756356519,0.33906914419642425
2023-05-26 00:00:00+05:30,0.9703126400536449,0.9458586429497008,-0.23719918633288053
2023-05-29 00:00:00+05:30,1.038914059479781,0.9882287758699994,-0.13363162142377008
2023-05-30 00:00:00+05:30,1.011525428522247,1.1000038774076,0.6546594560472655
2023-05-31 00:00:00+05:30,1.152901741461979,1.3061389359580062,18.164487075231524
2023-06-01 00:00:00+05:30,1.0644763462253595,0.8678754964221458,0.33921475665872597
2023-06-02 00:00:00+05:30,0.9442279024696996,0.9131050219791972,-0.1805376021133854
2023-06-05 00:00:00+05:30,0.9444893446621693,0.8411013569628749,-0.42908470048803765
2023-06-06 00:00:00+05:30,0.8917996091850013,1.0186424891457628,-0.06086163159688085
2023-06-07 00:00:00+05:30,1.0853435401104068,0.9164845354024428,-0.27926457733125526
2023-06-08 00:00:00+05:30,0.9022325445292854,0.6414646290212294,0.23657026689952496
2023-06-09 00:00:00+05:30,0.5114920745803766,0.5660814505816626,2.1144985990468372
2023-06-12 00:00:00+05:30,0.5785288315901705,0.6048132813744342,-0.34079738378961594
2023-06-13 00:00:00+05:30,0.5811366210369233,0.4826395791738511,1.1146054328584982
2023-06-14 00:00:00+05:30,0.47993037700034474,0.527870376419867,0.2553227791001512
2023-06-15 00:00:00+05:30,0.5425322804494693,0.3659258735424889,0.09561179461517325
2023-06-16 00:00:00+05:30,0.3808107107775415,0.490178787200083,-0.2582871067066594
2023-06-19 00:00:00+05:30,0.5211437146545145,0.3193966818636839,0.6935343162049856
2023-06-20 00:00:00+05:30,0.2923854466552098,0.4205137581895363,0.049170479471925065
2023-06-21 00:00:00+05:30,0.43350053028289043,0.4285718153132976,-0.4305518269415395
2023-06-22 00:00:00+05:30,0.42567568270498934,0.3794426555465067,-0.20855171408289763
2023-06-23 00:00:00+05:30,0.3602045037592873,0.3401919756562057,-0.3906529336600474
2023-06-26 00:00:00+05:30,0.35472662421180345,0.3110779285021946,-0.4705529725298923
2023-06-27 00:00:00+05:30,0.3325547767549257,0.4241526961615465,-0.486735155118186
2023-06-28 00:00:00+05:30,0.4280229192812107,0.4025778570337674,0.20385988336807562
2023-06-30 00:00:00+05:30,0.43793515618349244,0.43377111564478943,-0.09928627959338085
2023-07-03 00:00:00+05:30,0.4801914646962133,0.42025369779628935,-0.25593940237002355
2023-07-04 00:00:00+05:30,0.4488909242609138,0.5125338075076029,0.47040727074921196
2023-07-05 00:00:00+05:30,0.5156656241238776,0.5289093463038902,-0.2752152565462703
2023-07-06 00:00:00+05:30,0.5010585526950648,0.5936357712206743,-0.15979181709547394
2023-07-07 00:00:00+05:30,0.5636607113371209,0.46990297834957406,-0.5001360318154343
2023-07-10 00:00:00+05:30,0.46454119029980573,0.5395680073601208,-0.2065385948263061
2023-07-11 00:00:00+05:30,0.5740948096948761,0.5380082808451215,-0.06433130692082191
2023-07-12 00:00:00+05:30,0.5787898031185577,0.5977948299791772,-0.008604662570386756
2023-07-13 00:00:00+05:30,0.6523470527452958,0.5541243950926441,0.18776442109066388
2023-07-14 00:00:00+05:30,0.553748202813953,0.5504848212761516,0.5904197678452582
2023-07-17 00:00:00+05:30,0.5594868565725519,0.6963132099060071,-0.22976885203433378
2023-07-18 00:00:00+05:30,0.6854732053318437,0.6640797097219974,0.3021564928640316
2023-07-19 00:00:00+05:30,0.682604519391375,0.7459618546148084,-0.2194290728779163
2023-07-20 00:00:00+05:30,0.7149484701818656,1.0074643431475216,1.059328353502784
2023-07-21 00:00:00+05:30,0.9804851303288576,1.0766086155270924,-0.11761619207008267
2023-07-24 00:00:00+05:30,0.97057340650293,0.6973528156345113,0.5691014561977932
2023-07-25 00:00:00+05:30,0.7149490577706192,0.5842780479751606,0.7658018891063925
2023-07-26 00:00:00+05:30,0.6053955461883704,0.6872155470537403,-0.4169688807358724
2023-07-27 00:00:00+05:30,0.6523467886792108,0.5751797492784116,0.40880004014345267
2023-07-28 00:00:00+05:30,0.5511405861463142,0.5912964993704165,-0.4514930562421848
2023-07-31 00:00:00+05:30,0.5323596598277545,0.485759668048332,-0.07976622792479997
2023-08-01 00:00:00+05:30,0.44888984120148023,0.451706380956076,0.015741525404287728
2023-08-02 00:00:00+05:30,0.399591728819154,0.31497692686745177,-0.046276655928411854
2023-08-03 00:00:00+05:30,0.29290712983613376,0.3126376550171939,0.56526138591419
2023-08-04 00:00:00+05:30,0.3471935769792143,0.3997903148235118,0.22619791369598516
2023-08-07 00:00:00+05:30,0.4307313733551862,0.3636285674280606,-0.14812793528185983
2023-08-08 00:00:00+05:30,0.3602462813218529,0.34515728521822353,-0.06587026885572589
2023-08-09 00:00:00+05:30,0.3732993449458696,0.3633685070348137,-0.3819677435197097
2023-08-10 00:00:00+05:30,0.3302251304417656,0.20389235243759352,0.1547004689285294
2023-08-11 00:00:00+05:30,0.18533869631531094,0.15498255901718455,-0.027904677629267325
2023-08-14 00:00:00+05:30,0.13834841763974992,0.1687708466151301,-0.23622692652903807
2023-08-16 00:00:00+05:30,0.1279062597027771,0.1276660442145404,-0.5416849839475124
2023-08-17 00:00:00+05:30,0.10180072213945801,0.021001860625397707,0.15893725227609237
2023-08-18 00:00:00+05:30,-0.028205198565335477,-0.0565241137194078,-0.06076434089984669
2023-08-21 00:00:00+05:30,-0.06005416159526932,-0.006834774963740296,-0.09481047608547677
2023-08-22 00:00:00+05:30,0.03392588494380751,0.007473633420699103,-0.22999406597602706
2023-08-23 00:00:00+05:30,0.038103054810280965,0.09566717064448696,-0.22795052989397696
2023-08-24 00:00:00+05:30,0.13834845577680807,0.10034952941189626,-0.05849947387509804
2023-08-25 00:00:00+05:30,0.04541227107960625,0.08942317782863152,-0.507296713406015
2023-08-28 00:00:00+05:30,0.08535409846828913,0.14925932283230522,-0.5208470855645598
2023-08-29 00:00:00+05:30,0.17985633114424338,0.1115365772328902,-0.36376769578716434
2023-08-30 00:00:00+05:30,0.1487905390984891,0.06887077662833668,-0.38810029326535733
2023-08-31 00:00:00+05:30,0.06473064381534317,-0.015159886770053458,0.8454236463816165
2023-09-01 00:00:00+05:30,0.007298113913400383,0.04909855660778264,-0.3666760620342032
2023-09-04 00:00:00+05:30,0.07778342040789189,0.002790638808807525,0.06530175162895471
2023-09-05 00:00:00+05:30,0.013041575557362323,0.04883913205901797,-0.029689347111669987
2023-09-06 00:00:00+05:30,0.04436850395751539,0.04493695447134946,0.3937473788182873
2023-09-07 00:00:00+05:30,0.06525282407812316,0.142235148836709,-0.47175885943991663
2023-09-08 00:00:00+05:30,0.18011737583238174,0.1640878520032385,-0.4333402516640751
2023-09-11 00:00:00+05:30,0.1957806527963545,0.24057422061953854,-0.4482854833503867
2023-09-12 00:00:00+05:30,0.29498241908528333,0.2577445650186587,-0.21270307145257691
2023-09-13 00:00:00+05:30,0.19891369258258007,0.32746682003260946,0.33154324497817433
2023-09-14 00:00:00+05:30,0.34197243891215273,0.3115974134442062,-0.3959683278394746
2023-09-15 00:00:00+05:30,0.28036315024775,0.27179354885433343,-0.05898506447160335
2023-09-18 00:00:00+05:30,0.25321325513026816,0.19088424601938878,-0.09165144068111263
2023-09-20 00:00:00+05:30,0.1276450430846896,0.14457632822041366,0.2099348352953017
2023-09-21 00:00:00+05:30,0.11224317647902478,-0.031029293358456715,0.08408424921070679
2023-09-22 00:00:00+05:30,-0.023506268004468103,-0.0271271157707882,-0.14773683099422585
2023-09-25 00:00:00+05:30,0.007820280751643269,0.11830069083523952,-0.46777274524967893
2023-09-26 00:00:00+05:30,0.07099572873844334,0.012676748819084545,-0.15937633620303981
2023-09-27 00:00:00+05:30,0.007820503801204028,0.018140560455199187,-0.3000187755136553
2023-09-28 00:00:00+05:30,-0.0015781333554257375,-0.14810034358885257,0.8344621559417124
2023-09-29 00:00:00+05:30,-0.09660209114109365,-0.13509223717064783,-0.17759148448723128
2023-10-03 00:00:00+05:30,-0.16969758048622577,-0.18009858131442374,0.24590132920598298
2023-10-04 00:00:00+05:30,-0.24801500243501762,-0.20611479415083322,0.39391046477606523
2023-10-05 00:00:00+05:30,-0.16969785254267333,-0.14263653195273793,-0.30808786314683206
2023-10-06 00:00:00+05:30,-0.14202591855848784,-0.0924264365660943,-0.5183043683895229
2023-10-09 00:00:00+05:30,-0.16969790512562172,-0.22042320253527262,-0.5512688726329594
2023-10-10 00:00:00+05:30,-0.18275068776212555,-0.028948174367998993,-0.22132850655282932
2023-10-11 00:00:00+05:30,-0.012802653413755727,0.05066019065622877,-0.19309867241694426
2023-10-12 00:00:00+05:30,0.06525246261259102,0.011375811008367619,-0.43384827736588316
2023-10-13 00:00:00+05:30,-0.03916978702504817,0.0017503972358197965,-0.4899144684061892
2023-10-16 00:00:00+05:30,-0.007842948544303866,-0.06198792535552244,-0.6072608552480332
2023-10-17 00:00:00+05:30,-0.03917000677529879,0.05144037183596956,-0.254037380029114
2023-10-18 00:00:00+05:30,0.05481038866472311,-0.04299652235919146,-0.28977758138727017
2023-10-19 00:00:00+05:30,-0.10704455722793899,-0.12078382878620843,-0.5181197102151077
2023-10-20 00:00:00+05:30,-0.15142388537810297,0.04129420143244561,-0.06958931900399397
2023-10-23 00:00:00+05:30,0.03392623907131004,-0.10881596394099141,0.6798422145831339
2023-10-25 00:00:00+05:30,-0.07049621104243677,-0.1748954659160383,-0.1903322513553787
2023-10-26 00:00:00+05:30,-0.1817069355836955,-0.3476404231691924,0.40648728279776924
2023-10-27 00:00:00+05:30,-0.28456259286682273,-0.3067956811618497,-0.3063558298730244
2023-10-30 00:00:00+05:30,-0.31588951287376155,-0.22978919175905577,-0.6220149570949386
2023-10-31 00:00:00+05:30,-0.18170657655637543,-0.11584013793658765,0.0958594436621693
2023-11-01 00:00:00+05:30,-0.16447694574756644,-0.19388750475685154,-0.4027243146459398
2023-11-02 00:00:00+05:30,-0.14359226161103686,-0.12468600637387695,-0.39788070484437
2023-11-03 00:00:00+05:30,-0.11748657628704308,-0.14783964735112337,-0.6117908050196968
2023-11-06 00:00:00+05:30,-0.09660186144139461,-0.1116778999556722,-0.6920983430618202
2023-11-07 00:00:00+05:30,-0.14280926430405153,-0.05418357018018541,-0.17157844482175422
2023-11-08 00:00:00+05:30,-0.04961220367246524,-0.08019914717211261,-0.16225191268079003
2023-11-09 00:00:00+05:30,-0.08668185012530784,-0.08696326077446191,-0.5287910543412403
2023-11-10 00:00:00+05:30,-0.1456811513947112,-0.08436202099751033,-0.595430220199813
2023-11-13 00:00:00+05:30,-0.060054142150542486,-0.07005297676858867,-0.3321460620293988
2023-11-15 00:00:00+05:30,-0.007842864715224633,0.04077408064595175,-0.20767566636525744
2023-11-16 00:00:00+05:30,0.04436842053142806,0.05820448543831886,-0.49958119440352333
2023-11-17 00:00:00+05:30,-0.013063956363958434,0.015278624440518399,-0.36329785290880423
2023-11-20 00:00:00+05:30,-0.03394886169301255,0.04623725643758412,-0.5331184409986799
2023-11-21 00:00:00+05:30,0.08587568266640899,0.028806215800734735,-0.36439911456813767
2023-11-22 00:00:00+05:30,-0.023506178596678917,-0.08332050773555807,0.025619443402500938
2023-11-23 00:00:00+05:30,-0.11722509841840648,-0.11636025872308152,-0.33624219452448667
2023-11-24 00:00:00+05:30,-0.12009751233160956,-0.09190631577960043,-0.3954169419822256
2023-11-28 00:00:00+05:30,-0.09138112813799615,-0.10101160876565439,-0.2255760760087109
2023-11-29 00:00:00+05:30,-0.07310690195311399,-0.04273646196594453,-0.19885931714776506
2023-11-30 00:00:00+05:30,-0.031599247706826254,-0.03233023116917364,0.40123811532341846
2023-12-01 00:00:00+05:30,-0.013064249602751448,-0.05808574776785392,-0.5161352820066438
2023-12-04 00:00:00+05:30,0.03914721170793451,0.29598806724904986,0.0397365176921072
2023-12-05 00:00:00+05:30,0.34197236453265256,0.3474984646019282,0.25379740766172876
2023-12-06 00:00:00+05:30,0.36311803082383265,0.31081659641998316,0.06491280456298444
2023-12-07 00:00:00+05:30,0.3263087648217726,0.339173352795615,-0.40864869250103764
2023-12-08 00:00:00+05:30,0.335967744837629,0.39952961858578256,-0.30406140891148264
2023-12-11 00:00:00+05:30,0.4307314444209449,0.4286678278301198,-0.2565233622743949
2023-12-12 00:00:00+05:30,0.4463950233957617,0.3261658822218925,-0.12512073479386168
2023-12-13 00:00:00+05:30,0.3210877476700622,0.3357912959944392,-0.24670821942659615
2023-12-14 00:00:00+05:30,0.42551025162536743,0.4796581043965042,0.1043862937323893
2023-12-15 00:00:00+05:30,0.5351537914514687,0.46274782039063095,-0.11169526576964682
2023-12-18 00:00:00+05:30,0.43177542018557097,0.4437564173943,-0.1372512236533403
2023-12-19 00:00:00+05:30,0.4560540456331402,0.4416759342483245,-0.2817434407450458
2023-12-20 00:00:00+05:30,0.4680630053299154,0.3373529300428853,-0.09198581003899056
2023-12-21 00:00:00+05:30,0.3054247949468206,0.47367480781837795,-0.42953102965026313
2023-12-22 00:00:00+05:30,0.481376448835182,0.5142594894324738,-0.23420431549712614
2023-12-26 00:00:00+05:30,0.545596121677385,0.6513615483877061,-0.009556860212756556
2023-12-27 00:00:00+05:30,0.6865665216215531,0.7320101549849215,-0.21307476074523735
2023-12-28 00:00:00+05:30,0.7753259148504615,0.8308699833987261,0.11973514159198458
2023-12-29 00:00:00+05:30,0.7810691309556099,0.7619285454089996,-0.4203995103477
2024-01-01 00:00:00+05:30,0.7648833971312168,0.7673917212006319,-0.6404939335886041
2024-01-02 00:00:00+05:30,0.7596625791808578,0.5379338870406951,0.15657660460947417
2024-01-03 00:00:00+05:30,0.5299328099729362,0.5423561854148587,-0.13233599409253471
2024-01-04 00:00:00+05:30,0.5690914892820953,0.530388956414124,-0.3298833522263139
2024-01-05 00:00:00+05:30,0.5377644141234165,0.44713847419547464,0.7343981347366636
2024-01-08 00:00:00+05:30,0.4463948265746012,0.33527117520794647,1.6951871281044284
2024-01-09 00:00:00+05:30,0.3889624027941396,0.3381331112226273,-0.0120260161290603
2024-01-10 00:00:00+05:30,0.3043807639210283,0.3076952358565377,0.5733436325995155
2024-01-11 00:00:00+05:30,0.36285672249917494,0.3183608912020732,-0.04851606773752851
2024-01-12 00:00:00+05:30,0.32630902000700424,0.37247380002086766,-0.4794100932368292
2024-01-15 00:00:00+05:30,0.4202890774063082,0.46743081500252254,0.38341191410519726
2024-01-16 00:00:00+05:30,0.4597092186123467,0.44922022903041464,0.055209190075200504
2024-01-17 00:00:00+05:30,0.3161282591852414,0.09358605165402922,1.3896632754252103
2024-01-18 00:00:00+05:30,0.039146953038896946,0.08109806602231835,-0.02190026685044517
2024-01-19 00:00:00+05:30,0.12816730272820115,0.01371762623655454,0.03567144918897704
2024-01-23 00:00:00+05:30,0.2010018593285923,0.11882081162173337,0.5146814410090784
2024-01-24 00:00:00+05:30,0.1383482079106147,0.14015339400176902,-0.24303684387709648
2024-01-25 00:00:00+05:30,0.14356986686746998,0.03505084446107244,0.4977140297351876
2024-01-29 00:00:00+05:30,0.11903069747114087,0.31862158743980246,0.18146058794491618
2024-01-30 00:00:00+05:30,0.3263093080733676,0.322263704634224,-0.12205208697720778
2024-01-31 00:00:00+05:30,0.2793190483075585,0.3308488768337841,0.8030107269732151
2024-02-01 00:00:00+05:30,0.3524145377047565,0.3178407704155794,-0.501080032015482
2024-02-02 00:00:00+05:30,0.41402394064766135,0.3188810119885671,0.141277588570311
2024-02-05 00:00:00+05:30,0.32630881226338,0.2429154000032432,-0.2015200343478079
2024-02-06 00:00:00+05:30,0.26887676439938923,0.13182891803993813,0.06405358317432135
2024-02-07 00:00:00+05:30,0.14879101725526464,0.16096649143979305,0.04255190768543938
2024-02-08 00:00:00+05:30,0.20387406816350742,-0.16631092956096047,0.031884446558301506
2024-02-09 00:00:00+05:30,-0.1696981420110187,-0.09997136719266665,-0.0714028952566906
2024-02-12 00:00:00+05:30,-0.10182356222619031,-0.2711540545528924,0.02405696775146232
2024-02-13 00:00:00+05:30,-0.25845698213614754,-0.12754730654407545,0.021003420486454503
2024-02-14 00:00:00+05:30,-0.20285197355677187,-0.06615079918092015,-0.11749258326875102
2024-02-15 00:00:00+05:30,-0.03916981269384293,-0.11662095496081071,-0.399798043459092
2024-02-16 00:00:00+05:30,-0.06553667145170479,-0.13743341655435248,-0.5936295872770987
2024-02-19 00:00:00+05:30,-0.09660181145825272,-0.15746506112367117,0.011429670742827025
2024-02-20 00:00:00+05:30,-0.11905295825841589,0.004352272857253651,0.6937955557484632
2024-02-21 00:00:00+05:30,0.03392622712114801,-0.08097932835185341,-0.04532316395304382
2024-02-22 00:00:00+05:30,-0.09399166191843072,-0.19206644615964075,0.3895487782941724
2024-02-23 00:00:00+05:30,-0.19841399838139323,-0.19596862374730928,-0.20303871839907284
2024-02-26 00:00:00+05:30,-0.2109446632970274,-0.2880637027142834,0.33719430284847773
2024-02-27 00:00:00+05:30,-0.2584567574231843,-0.28572252333057874,0.007912967986616679
2024-02-28 00:00:00+05:30,-0.2688994117165467,-0.4061756303621492,-0.2844606771526783
2024-02-29 00:00:00+05:30,-0.39420612623951534,-0.37573711915157737,0.4771783581073233
2024-03-01 00:00:00+05:30,-0.3498265271699416,-0.17671716035773136,-0.20511331847308062
2024-03-04 00:00:00+05:30,-0.18040156175709338,-0.1793190359791652,-0.34898943305762525
2024-03-05 00:00:00+05:30,-0.18588345222492753,-0.23915518098283894,-0.27456614854765443
2024-03-06 00:00:00+05:30,-0.20702921415750203,-0.009956771371668015,0.659406853762633
2024-03-07 00:00:00+05:30,-0.014369513824549004,-0.07083315794832946,-0.27086306183969794
2024-03-11 00:00:00+05:30,0.017740518064221455,-0.1665709899542074,-0.16283306819699853
2024-03-12 00:00:00+05:30,-0.14411399423534782,-0.21496002674364026,1.2616138332987767
2024-03-13 00:00:00+05:30,-0.2200819390714766,-0.16709111074070127,0.3065654225003601
2024-03-14 00:00:00+05:30,-0.19580342046999805,-0.10023079174143132,0.08945184815439626
2024-03-15 00:00:00+05:30,-0.1394148627300377,-0.12156337412146695,2.39720896974346
2024-03-18 00:00:00+05:30,-0.1310615638402694,-0.12364512895640695,-0.44888066080740946
2024-03-19 00:00:00+05:30,-0.14437544578737874,-0.0625080461420163,0.018574604615262485
2024-03-20 00:00:00+05:30,-0.0579653988907004,0.019441498265916114,0.005590503143446479
2024-03-21 00:00:00+05:30,0.05011135421400119,0.05456236824389728,-0.1318687398801711
2024-03-22 00:00:00+05:30,0.038625207393208356,0.07667576764815598,0.575182664067844
2024-03-26 00:00:00+05:30,0.013041827501123173,-0.0414355241552276,0.19601795117608944
2024-03-27 00:00:00+05:30,-0.02350642591416603,0.07251289382275826,0.827544593232634
2024-03-28 00:00:00+05:30,0.08065464169911088,0.12402392702011882,0.4821608929840372
2024-04-01 00:00:00+05:30,0.16967549434036344,0.15108038142951602,-0.3255443165718902
2024-04-02 00:00:00+05:30,0.16393195861453852,-0.02218406076564969,0.529860946968071
2024-04-03 00:00:00+05:30,-0.047001272987019234,-0.15876599893438811,1.7880304969566447
2024-04-04 00:00:00+05:30,-0.08093895012807119,-0.06510992176345015,1.8833238224523579
2024-04-05 00:00:00+05:30,-0.07023546208375445,0.12220286842290803,0.46661832661903907
2024-04-08 00:00:00+05:30,0.1634099971297104,0.13911315242878128,-0.3797054651609575
2024-04-09 00:00:00+05:30,0.1453967587329964,0.09852847081468548,-0.43613406944076993
2024-04-10 00:00:00+05:30,0.13782684350079716,0.3344909940282057,0.24394882787814223
2024-04-12 00:00:00+05:30,0.253213154229281,0.2673706146356888,-0.09248952129747118
2024-04-15 00:00:00+05:30,0.14330843790949038,0.18984400444640104,-0.016201318659206983
2024-04-16 00:00:00+05:30,0.0809163826691291,0.16096649143979305,-0.06432677675532808
2024-04-18 00:00:00+05:30,0.14383090504107668,0.13052798022922119,-0.031113760576229974
2024-04-19 00:00:00+05:30,0.007820276317665114,0.16122655183303997,-0.1131658437778106
2024-04-22 00:00:00+05:30,0.26365553032686534,0.25124051180955637,0.37884442867658474
2024-04-23 00:00:00+05:30,0.24799202870048714,0.2673706146356888,0.3367496994635833
2024-04-24 00:00:00+05:30,0.25843416916075723,0.4221637746210174,-0.23727145325861546
2024-04-25 00:00:00+05:30,-0.5090712306301574,-0.6202848145646577,13.328201688376579
2024-04-26 00:00:00+05:30,-0.6268075360256008,-0.7969306777165158,3.829473642548588
2024-04-29 00:00:00+05:30,-0.7957107629726671,-0.6309504699101932,1.4739083901701373
2024-04-30 00:00:00+05:30,-0.6375107419766421,-0.7165427673570295,2.979441802450808
2024-05-02 00:00:00+05:30,-0.900655721956914,-0.9678539405279768,4.7988490253044915
2024-05-03 00:00:00+05:30,-0.937203373544373,-1.11848486253239,2.5301229467216015
2024-05-06 00:00:00+05:30,-0.8223386247294627,-0.7147210729153364,3.713277486297844
2024-05-07 00:00:00+05:30,-0.698598337473196,-0.6127398839380853,1.1803916332712325
2024-05-08 00:00:00+05:30,-0.6395994207758513,-0.5895862429608388,1.1775803419990614
2024-05-09 00:00:00+05:30,-0.5978304728114873,-0.616902757763483,0.05631929634335524
2024-05-10 00:00:00+05:30,-0.6239360232613249,-0.6957303057634877,1.5908282942890621
2024-05-13 00:00:00+05:30,-0.7074741329645916,-0.6267888677737601,0.31156262648438743
2024-05-14 00:00:00+05:30,-0.6291567789447828,-0.6002518983063744,-0.02436467687908871
2024-05-15 00:00:00+05:30,-0.588954774908029,-0.5768381969358811,0.1868001430069772
2024-05-16 00:00:00+05:30,-0.5612821818860437,-0.4662711999145876,0.5616081310266655
2024-05-17 00:00:00+05:30,-0.4620809630724992,-0.3387945547319031,1.126604762640822
2024-05-21 00:00:00+05:30,-0.36810054599114145,-0.3299493221390961,0.30528921016409827
2024-05-22 00:00:00+05:30,-0.3117123513820707,-0.3231852085367468,0.3589026401727449
2024-05-23 00:00:00+05:30,-0.32633162835052315,-0.27375529432984397,0.2774886631392952
2024-05-24 00:00:00+05:30,-0.26889939122371476,-0.30289350357418116,0.11675019397588332
2024-05-27 00:00:00+05:30,-0.3083193247779092,-0.2636097597708023,-0.20292632715039258
2024-05-28 00:00:00+05:30,-0.26211180492233693,-0.30185262615671116,-0.14643861499699398
2024-05-29 00:00:00+05:30,-0.3367739679266346,-0.3840622309578905,0.12026538667692906
2024-05-30 00:00:00+05:30,-0.4080423450275231,-0.3723550623504027,0.2557425744359128
2024-05-31 00:00:00+05:30,-0.31066822187684134,-0.4228252181302933,1.8141166999252827
2024-06-03 00:00:00+05:30,-0.21433891873711014,-0.226927255744375,1.1662156668302064
2024-06-04 00:00:00+05:30,-0.3093627559400377,-0.643698515935151,2.3372412276021346
2024-06-05 00:00:00+05:30,-0.5218624251162327,-0.22666719535112806,2.163983969679773
2024-06-06 00:00:00+05:30,-0.21668796067732973,-0.14029535256903328,0.4238790195729155
2024-06-07 00:00:00+05:30,-0.16943626365566639,-0.0414355241552276,0.04598663601842804
2024-06-10 00:00:00+05:30,-0.06475319918195163,-0.08332050773555807,0.09773795228694415
2024-06-11 00:00:00+05:30,-0.08302716785198332,-0.21678108534085103,-0.06241353686176719
2024-06-12 00:00:00+05:30,-0.22138707332166305,-0.23889448474510974,0.3206937143426178
2024-06-13 00:00:00+05:30,-0.16238805519714133,-0.1837413343533276,0.34972323054924703
2024-06-14 00:00:00+05:30,-0.20624567881568634,-0.23135018996301965,-0.2677769405275678
2024-06-18 00:00:00+05:30,-0.22921893024378154,-0.21990308174877876,0.2831049897408126
2024-06-19 00:00:00+05:30,-0.1749191928333348,-0.07785796778840796,1.2004565991320713
2024-06-20 00:00:00+05:30,0.013041543580233943,0.023863796640078493,1.0458498168256414
2024-06-21 00:00:00+05:30,0.039147366420942374,0.07277359006048746,3.157464578750513
2024-06-24 00:00:00+05:30,-0.02794447919952261,0.05664348723435501,-0.03582772135580969
2024-06-25 00:00:00+05:30,0.07334602887992174,0.10529322026151704,0.33197231636708996
2024-06-26 00:00:00+05:30,0.0913584925516715,0.18984400444640104,0.4942111331976251
2024-06-27 00:00:00+05:30,0.14879061564082616,0.3584254520296752,1.930238432028628
2024-06-28 00:00:00+05:30,0.31168974905783237,0.2124775246371536,0.12383235269790428
2024-07-01 00:00:00+05:30,0.20883397107823748,0.24161509803700734,-0.3221725791114824
2024-07-02 00:00:00+05:30,0.3051632967054364,0.04129420143244561,1.128236916551599
2024-07-03 00:00:00+05:30,0.017218486914438832,0.25514268939722484,0.9893088212971488
2024-07-04 00:00:00+05:30,0.23024042122529767,0.37559579642879537,0.14537997700822367
2024-07-05 00:00:00+05:30,0.30020366920636776,0.47367480781837795,-0.20047442900739867
2024-07-08 00:00:00+05:30,0.477721615179486,0.47627604759532954,-0.11514552609861432
2024-07-09 00:00:00+05:30,0.5153134752713026,0.44843941200619153,-0.10241619250528466
2024-07-10 00:00:00+05:30,0.42028960573748014,0.3547833348352536,0.26637767723809475
2024-07-11 00:00:00+05:30,0.35685241305909393,0.43100900721382446,0.04754544439263832
2024-07-12 00:00:00+05:30,0.4281212336960645,0.3703926810304099,-0.033246174190825685
2024-07-15 00:00:00+05:30,0.39940501932446965,0.4260665880531682,0.32682453831093444
2024-07-16 00:00:00+05:30,0.41559035056704335,0.227046629259321,0.4633132473080405
2024-07-18 00:00:00+05:30,0.2218863209924027,0.3386532320091211,0.6894194158814233
2024-07-19 00:00:00+05:30,0.3027779999682869,0.3222452651442371,-0.055247677939193565
2024-07-22 00:00:00+05:30,0.31584512009254806,-0.011380427167462345,1.3692727848153148
2024-07-23 00:00:00+05:30,0.04404902150791655,0.04773975694917948,0.37971961350555944
2024-07-24 00:00:00+05:30,0.03856057583853695,-0.07050124712858644,0.6670639120580376
2024-07-25 00:00:00+05:30,-0.14934435633114818,0.08029499444121597,-0.2801311332735751
2024-07-26 00:00:00+05:30,-0.012923749842456943,0.2818767706541119,0.1972520976899086
2024-07-29 00:00:00+05:30,0.33518420265926463,0.17796070691732546,0.779058231952171
2024-07-30 00:00:00+05:30,0.17419766555415236,0.137331516189471,0.27710942357081175
2024-07-31 00:00:00+05:30,0.1694933747008234,0.2508844388994872,0.3044457364935804
2024-08-01 00:00:00+05:30,0.24319180459306003,0.17144965941891815,-0.12488732340984625
2024-08-02 00:00:00+05:30,0.10729375530074546,0.22770472829846786,-0.24859427832719408
2024-08-05 00:00:00+05:30,0.05032098395037196,0.0724817374431272,0.11149541772520685
2024-08-06 00:00:00+05:30,0.1276785903031878,0.056334466815973566,-0.1015940753292377
2024-08-07 00:00:00+05:30,0.1276785903031878,0.0875874948083286,-0.1849225865892465
2024-08-08 00:00:00+05:30,0.03176605619970605,0.0677936560753775,-0.41477973219152064
2024-08-09 00:00:00+05:30,0.12794018792286294,0.05164638544822386,-0.41645761920156876
2024-08-12 00:00:00+05:30,0.002234237110280932,0.06675214281342524,0.03224448685397781
2024-08-13 00:00:00+05:30,0.012687933209689837,-0.04002903616045446,-0.18652453939673136
2024-08-14 00:00:00+05:30,-0.02912685118794578,-0.06164584102406315,-0.39031079830418003
2024-08-16 00:00:00+05:30,0.0074610851599853836,0.09149412330737298,-0.3091513734270503
2024-08-19 00:00:00+05:30,0.1044193716991929,0.11258953569552327,-0.4794838702177287
2024-08-20 00:00:00+05:30,0.11722489420377888,0.23916455340235407,-0.27601321283968355
2024-08-21 00:00:00+05:30,0.20608131104875457,0.2771886892863633,0.285232010301249
2024-08-22 00:00:00+05:30,0.2792571837446169,0.3217245085132622,-0.25390125934213276
2024-08-23 00:00:00+05:30,0.31845854411740027,0.3034935755177217,-0.556516745774312
2024-08-26 00:00:00+05:30,0.3106182720428436,0.2748449665247296,-0.43979573749278283
2024-08-27 00:00:00+05:30,0.2638382372151787,0.22718397166749055,0.031651898062951565
2024-08-28 00:00:00+05:30,0.18517391884993675,0.16441785528953473,-0.024630015143727327
2024-08-29 00:00:00+05:30,0.118531606216205,0.09123342706964378,0.2451007842465733
2024-08-30 00:00:00+05:30,0.08743211553765343,0.10972505630291342,0.6608004189574016
2024-09-02 00:00:00+05:30,0.11199804615407442,0.10685994106582129,-0.0747370970601495
2024-09-03 00:00:00+05:30,0.10180594767434067,0.12535157029909094,0.17285866656079843
2024-09-04 00:00:00+05:30,0.049275869557621,0.12535157029909094,-0.25941188208212745
2024-09-05 00:00:00+05:30,0.10807791011679609,0.09487935933095897,-0.1773162230029395
2024-09-06 00:00:00+05:30,0.03647034705303502,0.02299777645523174,-0.24594283718030527
2024-09-09 00:00:00+05:30,0.03725386382611083,0.15842756442210357,-0.20677179048815517
2024-09-10 00:00:00+05:30,0.19562761494934566,0.1659801251824631,-0.19358016429228847
2024-09-11 00:00:00+05:30,0.1799470708002323,0.15373948305435384,-0.1426136452650368
2024-09-12 00:00:00+05:30,0.2264661460511969,0.352716840267888,0.42508857375976816
2024-09-13 00:00:00+05:30,0.3994746888878193,0.3157342176458298,-0.5044125080416099
2024-09-16 00:00:00+05:30,0.37856729668900146,0.3727713752385683,-0.35903432001261104
2024-09-17 00:00:00+05:30,0.4120192518157049,0.45272691135011345,-0.15534341030269921
2024-09-18 00:00:00+05:30,0.46742371353397716,0.4165251057522795,0.5355363814431745
2024-09-19 00:00:00+05:30,0.4669011563376017,0.5845101312111879,-0.32413133638214797
2024-09-20 00:00:00+05:30,0.592868066726884,0.7540580624075068,3.118179415032351
2024-09-23 00:00:00+05:30,0.8069072391450914,0.9113647156312342,-0.1528820203843849
2024-09-24 00:00:00+05:30,0.9117057977588556,0.8071879556567174,-0.14789581823084264
2024-09-25 00:00:00+05:30,0.7812961941359194,0.7199399191780597,-0.23459865561725574
2024-09-26 00:00:00+05:30,0.7026318757706775,0.7425988731481029,-0.041085949161148126
2024-09-27 00:00:00+05:30,0.7287661160191997,0.5871145502105508,0.4849739100335393
2024-09-30 00:00:00+05:30,0.5024433402498071,0.4907510472341227,-0.24767724339794303
2024-10-01 00:00:00+05:30,0.4517431693848638,0.6233163558083847,0.10280354019771162
2024-10-03 00:00:00+05:30,0.5087159407352373,0.32849625224939866,0.42459759010910353
2024-10-04 00:00:00+05:30,0.28709745581917356,0.25661403352918916,-0.14244969641859345
2024-10-07 00:00:00+05:30,0.25834979154579907,0.15894832105307968,0.6583112008796252
2024-10-08 00:00:00+05:30,0.20608131104875457,0.22744466790522092,0.15146549932160203
2024-10-09 00:00:00+05:30,0.21130815909845901,0.2139018162774302,0.5789619007005302
2024-10-10 00:00:00+05:30,0.2578272343494236,0.6061269360747954,0.3259189366565012
2024-10-11 00:00:00+05:30,0.583459485020226,0.6389428698045623,0.1761607257614678
2024-10-14 00:00:00+05:30,0.6506249928933081,0.7868739961372725,-0.000826799861813328
2024-10-15 00:00:00+05:30,0.7925334070084041,0.7056156146815636,-0.02145954646454542
2024-10-16 00:00:00+05:30,0.6451365472239285,0.6074291455744768,-0.2695264472968517
2024-10-17 00:00:00+05:30,0.6051510320350934,0.5433608196968396,-0.1841272189618298
2024-10-18 00:00:00+05:30,0.5615069784286573,0.5798226856879204,-0.12084835728884721
2024-10-21 00:00:00+05:30,0.46742371353397716,0.15347878681662466,1.8947236603343316
2024-10-22 00:00:00+05:30,0.16400492903144379,0.0177889384565059,0.23716738585604505
2024-10-23 00:00:00+05:30,0.003018391926331563,0.042010162319477504,-0.33627498429377534
2024-10-24 00:00:00+05:30,0.02836847735880319,0.012840160851026993,-0.4483031725680293
2024-10-25 00:00:00+05:30,0.02314162930909874,0.04747906071145028,-0.3377656244634118
2024-10-28 00:00:00+05:30,0.038822173458212095,-0.051488861264340664,-0.23574608182019297
2024-10-29 00:00:00+05:30,-0.08923560375954698,0.0024224848535753154,-0.05109416334785054
2024-10-30 00:00:00+05:30,-0.17547859657967044,-0.13092364074490973,-0.0019461821831220929
2024-10-31 00:00:00+05:30,-0.17364932737086886,-0.14915457374045016,-0.31286201041082984
2024-11-01 00:00:00+05:30,-0.1096204387619893,-0.07987677401960358,-0.9087256796447797
2024-11-04 00:00:00+05:30,-0.08662217973469476,-0.15827004023822036,-0.3257708248465817
2024-11-05 00:00:00+05:30,-0.20422626085304493,-0.013464089535849134,-0.07903104678180126
2024-11-06 00:00:00+05:30,-0.0024700537430480383,0.014923823219413783,-0.16022088848438956
2024-11-07 00:00:00+05:30,0.012687933209689837,-0.06685467902278898,-0.2877705023513371
2024-11-08 00:00:00+05:30,-0.0813953316849903,-0.07258427365249095,-0.16139161268129507
2024-11-11 00:00:00+05:30,-0.0813953316849903,-0.08196043638799037,-0.2566965871739923
2024-11-12 00:00:00+05:30,-0.08244044607774126,-0.19968004799029787,-0.2516573173675223
2024-11-13 00:00:00+05:30,-0.2434276212258283,-0.3744368171853427,-0.1728971544247915
2024-11-14 00:00:00+05:30,-0.36887197441873515,-0.26999936097309674,-0.23022143713938403
2024-11-18 00:00:00+05:30,-0.2434276212258283,-0.19264824386091445,-0.4988695269766593
2024-11-19 00:00:00+05:30,-0.16084316682330804,-0.16660405386728525,-0.3527721212449733
2024-11-21 00:00:00+05:30,-0.2376782159797484,-0.11790154574809511,-0.23749105842398302
2024-11-22 00:00:00+05:30,-0.13889066023173927,0.008933532351982614,-0.18147513064844187
2024-11-25 00:00:00+05:30,0.11199804615407442,0.1615527400524426,0.5342275950597904
2024-11-26 00:00:00+05:30,0.1799470708002323,0.12430942119265641,-0.4491835347289969
2024-11-27 00:00:00+05:30,0.10650960048469482,0.12222575882426961,-0.2572544446962325
2024-11-28 00:00:00+05:30,0.118531606216205,-0.0027863531451505236,-0.09137466914165625
2024-11-29 00:00:00+05:30,-0.018673155088536876,0.02872737108493371,-0.30351606327489206
2024-12-02 00:00:00+05:30,0.02314162930909874,-0.03013275263846118,-0.027977160277168605
2024-12-03 00:00:00+05:30,-0.00299261093942352,-0.05122816502661147,-0.09131965998923117
2024-12-04 00:00:00+05:30,-0.04480739533705914,-0.011641123405191543,-0.2606322223772987
2024-12-05 00:00:00+05:30,0.01791478125939429,0.08029499444121597,0.28092598013828035
2024-12-06 00:00:00+05:30,0.06966070456006333,0.08967052133223312,-0.38810331337568654
2024-12-09 00:00:00+05:30,0.03934473065458758,0.13811296905817633,-0.39713322753788804
2024-12-10 00:00:00+05:30,0.118531606216205,0.18212739580961676,-0.5209877364170349
2024-12-11 00:00:00+05:30,0.18517391884993675,0.18212739580961676,-0.4317771288465373
2024-12-12 00:00:00+05:30,0.15381283055171005,0.046697607842744945,-0.19559781371437382
2024-12-13 00:00:00+05:30,-0.011617037830030829,0.23916455340235407,-0.10817165990411254
2024-12-16 00:00:00+05:30,0.22176185519786792,0.2329135662971937,-0.3032142679641365
2024-12-17 00:00:00+05:30,0.18569647604631223,0.1266537797987724,-0.17303284366744004
2024-12-18 00:00:00+05:30,0.11199804615407442,0.10555773156613983,-0.18671631640263683
2024-12-19 00:00:00+05:30,0.015039759614866912,0.012319404220050864,-0.06922323848765922
2024-12-20 00:00:00+05:30,-0.02912685118794578,-0.0843041591496241,2.2199358279719013
2024-12-23 00:00:00+05:30,-0.06832821156072917,-0.07492863225860694,-0.35528032287339056
2024-12-24 00:00:00+05:30,-0.09420085418957629,-0.055655550156631976,-0.3629192605068199
2024-12-26 00:00:00+05:30,-0.01971826948128784,-0.03612240766141008,-0.7038938153969218
2024-12-27 00:00:00+05:30,-0.00299261093942352,0.0008602149606469235,-0.4199462780761506
2024-12-30 00:00:00+05:30,0.02314162930909874,-0.09914985612157855,0.23897729483191332
2024-12-31 00:00:00+05:30,-0.13340221456235968,0.13707145579622407,0.07263954111812751
2025-01-01 00:00:00+05:30,0.09762421401738718,0.14931209792433334,-0.6277822892129169
2025-01-02 00:00:00+05:30,0.20608131104875457,0.403242950362218,0.15144047555030277
2025-01-03 00:00:00+05:30,0.4726505615836816,0.41105620736030674,-0.025416753884489142
2025-01-06 00:00:00+05:30,0.31584512009254806,0.10373476543548225,-0.08684450364782621
2025-01-07 00:00:00+05:30,0.1381322864025967,0.06414772381406232,0.0010715552022678306
2025-01-08 00:00:00+05:30,0.102066907251041,0.04643754744949802,-0.006534592661872802
2025-01-09 00:00:00+05:30,0.07018326175643881,0.15868762481535048,0.2318703280607595
2025-01-10 00:00:00+05:30,0.12349685664623429,-0.018412867141328042,-0.19250025912742594
2025-01-13 00:00:00+05:30,-0.1446400654778192,-0.11112980201195861,-0.28099596343856387
2025-01-14 00:00:00+05:30,-0.05735195826494478,-0.04758223276529629,0.11950798615079396
2025-01-15 00:00:00+05:30,-0.0024700537430480383,0.15556244918501144,-0.19093778347638732
2025-01-16 00:00:00+05:30,0.1841288044571858,0.23864379677137793,0.012201956098441859
2025-01-17 00:00:00+05:30,0.1904007668996412,-0.005911528775489574,-0.1883778085280406
2025-01-20 00:00:00+05:30,0.6764976355221552,0.8373994703871203,1.9262574951703835
2025-01-21 00:00:00+05:30,0.8382683274433181,0.6957193311595703,0.004463786268481037
2025-01-22 00:00:00+05:30,0.7235392679694953,0.8217729563909427,-0.047092517161634005
2025-01-23 00:00:00+05:30,0.7658766095635052,0.7037926485509048,-0.26616053433493597
2025-01-24 00:00:00+05:30,0.6817244835718597,0.658736072693031,-0.07973192810034668
2025-01-27 00:00:00+05:30,0.5980949147765885,0.6337340318058364,-0.5320717570474387
2025-01-28 00:00:00+05:30,0.7026318757706775,0.666810025928849,0.16446944723272433
2025-01-29 00:00:00+05:30,0.6649988250299954,0.8366180175184137,-0.44079366823442373
2025-01-30 00:00:00+05:30,0.8351323462220892,0.7384315484113293,-0.03360729309733385
2025-01-31 00:00:00+05:30,0.7447082577879883,0.7373900351493771,-0.44476338754001704
2025-02-01 00:00:00+05:30,0.7235392679694953,0.746765562040393,-0.7115840949059478
2025-02-03 00:00:00+05:30,0.6953141608924951,0.64988130243299,-0.23193642836204828
2025-02-04 00:00:00+05:30,0.6819860811915348,0.8790701743769269,0.2022713053349059
2025-02-05 00:00:00+05:30,0.926341227515218,0.7918221378982692,-0.20872968487015522
2025-02-06 00:00:00+05:30,0.8176225328641754,0.8136990031551248,-0.2590822586119097
2025-02-07 00:00:00+05:30,0.8385299250629933,0.8829768028759714,0.00414257596275185
2025-02-10 00:00:00+05:30,0.9132741073909568,1.0439300242054963,-0.17809972591120574
2025-02-11 00:00:00+05:30,1.0664203724215113,0.8275025510206435,-0.19162356424328664
2025-02-12 00:00:00+05:30,0.8513354475675793,0.9595464671194482,-0.25368208562109795
2025-02-13 00:00:00+05:30,1.0580575431505803,1.1098219520582746,1.7869134875791661
2025-02-14 00:00:00+05:30,1.1155528716973293,1.003561529715371,-0.3850473931668486
2025-02-17 00:00:00+05:30,1.0162427587529446,0.966578907093314,-0.4519059484686224
2025-02-18 00:00:00+05:30,0.9485553317264619,1.0605980514636248,-0.010968546069500545
2025-02-19 00:00:00+05:30,1.0630227935806096,1.1733695213049369,-0.10372044872317497
2025-02-20 00:00:00+05:30,1.1589359657270661,1.0981020665611414,0.07105916052727994
2025-02-21 00:00:00+05:30,1.097520501143039,1.0069474015834392,-0.08335908060573993
2025-02-24 00:00:00+05:30,0.9289546515400702,1.0749223559601209,-0.469603363553519
2025-02-25 00:00:00+05:30,1.089418631448807,1.0809126468275532,-0.08091235979473896
2025-02-27 00:00:00+05:30,1.1050991755979203,0.978298792590447,-0.14818014004612207
2025-02-28 00:00:00+05:30,0.9224210914779396,0.7459841091716889,0.5555588500372378
2025-03-03 00:00:00+05:30,0.7577753779122494,0.8066671990257401,-0.3855344938185185
2025-03-04 00:00:00+05:30,0.7347771188849549,0.771247482141095,-0.26381110422096915
2025-03-05 00:00:00+05:30,0.7449692173646875,0.9030307020021682,-0.12582700916656642
2025-03-06 00:00:00+05:30,0.9587474302061957,0.8436498216477983,0.17217267007173276
2025-03-07 00:00:00+05:30,0.8176225328641754,0.9150112837370317,-0.3483120654552145
2025-03-10 00:00:00+05:30,0.8986386776345945,0.8439105178855275,-0.4673484197484235
2025-03-11 00:00:00+05:30,0.8489836211624022,0.9139691346305971,-0.2562603969535864
2025-03-12 00:00:00+05:30,0.9378400380073778,1.1606081225458516,0.49821536804983807
2025-03-13 00:00:00+05:30,1.1244382581646368,1.1738902779359117,0.11451035072243393
2025-03-17 00:00:00+05:30,1.1474365171919303,1.2155609819257185,-0.2640529287694731
2025-03-18 00:00:00+05:30,1.2153855418380881,1.2155609819257185,-0.9480926020639963
2025-03-19 00:00:00+05:30,1.4566047069405448,1.363752804496159,0.20349445001824
2025-03-20 00:00:00+05:30,1.413483210530483,1.4371972931092971,-0.36924401870270573
2025-03-21 00:00:00+05:30,1.460524842977823,1.6630002931851657,3.1184445375748235
2025-03-24 00:00:00+05:30,1.7741357259600903,2.1690383960857953,0.8873473079166843
2025-03-25 00:00:00+05:30,2.191760374697096,2.137004551069217,0.6358329511435733
2025-03-26 00:00:00+05:30,2.166149329687924,2.0062622086256128,-0.29727694677905625
2025-03-27 00:00:00+05:30,2.004117040147086,1.921618591146318,1.084274249099975
2025-03-28 00:00:00+05:30,1.979551109530665,2.143254902329895,-0.155906229434766
