Date,Open,Close,Volume
2020-03-30 00:00:00+05:30,-3.2457670322876395,-3.26477378532874,0.7378691039175393
2020-03-31 00:00:00+05:30,-3.1736314152820686,-3.0845464052496534,1.6383419302855116
2020-04-01 00:00:00+05:30,-3.0691588303187256,-3.156593772424498,1.4657542891042807
2020-04-03 00:00:00+05:30,-3.0427704607640367,-3.163084866330602,1.451049303752632
2020-04-07 00:00:00+05:30,-3.112742971002394,-2.8847381137277774,2.2838325953034353
2020-04-08 00:00:00+05:30,-2.9442463340510896,-2.9149206270548436,1.9961197843954028
2020-04-09 00:00:00+05:30,-2.8707049980058477,-2.8547729324991074,0.917349106686091
2020-04-13 00:00:00+05:30,-2.892442677274379,-2.9214112768217815,0.31807267377885795
2020-04-15 00:00:00+05:30,-2.9073676038635097,-3.006440831808834,1.0639164820851463
2020-04-16 00:00:00+05:30,-3.0094607379648264,-2.9670634533815217,1.2005512114252381
2020-04-17 00:00:00+05:30,-2.866378734151209,-2.8460103628534354,0.9324911717496969
2020-04-20 00:00:00+05:30,-2.844748670834638,-2.8031707715834244,1.109320650405042
2020-04-21 00:00:00+05:30,-2.879356896115194,-2.817126216353979,2.7319259988478404
2020-04-22 00:00:00+05:30,-2.6414276266398655,-2.5439723388760376,7.938446805142173
2020-04-23 00:00:00+05:30,-2.539010137235422,-2.528178157959655,2.9939992758763196
2020-04-24 00:00:00+05:30,-2.576213564692082,-2.4284363450637656,7.4455918544307
2020-04-27 00:00:00+05:30,-2.3948472819779125,-2.4008508614846953,2.5469561826916025
2020-04-28 00:00:00+05:30,-2.360239252430047,-2.4043124821418402,3.8256992807926533
2020-04-29 00:00:00+05:30,-2.3712703817474647,-2.406908919704282,1.2030462668099609
2020-04-30 00:00:00+05:30,-2.3516952455943683,-2.322420326221002,3.3705945449453076
2020-05-04 00:00:00+05:30,-2.3818686286462705,-2.3890586705436765,2.22513124042285
2020-05-05 00:00:00+05:30,-2.3522359526325434,-2.3339957772491795,1.6774622293273047
2020-05-06 00:00:00+05:30,-2.329957416826555,-2.3337793334291153,1.3947839030885691
2020-05-07 00:00:00+05:30,-2.3494241704313557,-2.2338213728059384,2.0055091223154924
2020-05-08 00:00:00+05:30,-2.1547551367478155,-2.115147979927452,4.197682481667554
2020-05-11 00:00:00+05:30,-2.0790506487499556,-2.082694138907207,3.0977663920627814
2020-05-12 00:00:00+05:30,-2.111928022711743,-2.293752919634387,5.2491090402333205
2020-05-13 00:00:00+05:30,-2.1623806941263837,-2.225848482596808,3.05582966302825
2020-05-14 00:00:00+05:30,-2.2890235725537793,-2.3579869906069613,1.9568326190000556
2020-05-15 00:00:00+05:30,-2.343610912286798,-2.306769750301516,2.781911116003486
2020-05-18 00:00:00+05:30,-2.286840141045143,-2.3475035297407505,2.823136517976762
2020-05-19 00:00:00+05:30,-2.3152249699895293,-2.4170666785156767,1.5117542714762948
2020-05-20 00:00:00+05:30,-2.4178493990240404,-2.362900946335811,2.344493637348457
2020-05-21 00:00:00+05:30,-2.3632624057780647,-2.3464112434860067,1.3101909219132568
2020-05-22 00:00:00+05:30,-2.326579126730481,-2.367596681687933,1.2244520952287925
2020-05-26 00:00:00+05:30,-2.3345493396987544,-2.383977718488539,0.9291167063497358
2020-05-27 00:00:00+05:30,-2.371996523972216,-2.3370197727817623,1.0860787158127019
2020-05-28 00:00:00+05:30,-2.3195923985824,-2.27870400423798,1.3715522135524718
2020-05-29 00:00:00+05:30,-2.291206831188376,-2.2958489604035197,1.3649088708634514
2020-06-01 00:00:00+05:30,-2.2650054960600583,-2.1736491025497022,1.359861579873851
2020-06-02 00:00:00+05:30,-2.1645643058484674,-2.1401228134907795,0.22075590903444336
2020-06-03 00:00:00+05:30,-2.1230780879792843,-2.1271273015036023,0.4274069535276392
2020-06-04 00:00:00+05:30,-2.1252614779354406,-2.043803537005457,0.9922336164393518
2020-06-05 00:00:00+05:30,-2.013903584200532,-2.039654092827095,0.9201554837173909
2020-06-08 00:00:00+05:30,-1.9628095541820991,-2.066300074024408,0.8137521224648606
2020-06-09 00:00:00+05:30,-2.089670701629221,-2.136955805146855,0.4578777998048753
2020-06-10 00:00:00+05:30,-2.127227092397597,-2.0605123485103194,0.21939120351130537
2020-06-11 00:00:00+05:30,-2.0772248761911105,-2.1357545567501366,0.10753811265363848
2020-06-12 00:00:00+05:30,-2.2213352649840283,-2.0241468258117283,1.2705501099827294
2020-06-15 00:00:00+05:30,-2.0794083283296207,-1.9679063715426814,2.20275443679861
2020-06-16 00:00:00+05:30,-1.9090957785890503,-1.961026359773849,2.0797881492448056
2020-06-17 00:00:00+05:30,-1.984972466165614,-1.9661591280649797,1.4775741385547636
2020-06-18 00:00:00+05:30,-1.9877014904823629,-1.8775936331337288,1.3936609808927605
2020-06-19 00:00:00+05:30,-1.8501419125018648,-1.6515392337100212,5.577013014686922
2020-06-22 00:00:00+05:30,-1.624368835999477,-1.6804787495587965,2.6568218607013754
2020-06-23 00:00:00+05:30,-1.675462200664297,-1.7356269175730996,1.2329750215487516
2020-06-24 00:00:00+05:30,-1.706249011635154,-1.720447129169212,2.105350717139335
2020-06-25 00:00:00+05:30,-1.7256823795910001,-1.742179154637676,1.3429362347079885
2020-06-26 00:00:00+05:30,-1.7217521494096637,-1.6903069571092724,0.7821819816527756
2020-06-29 00:00:00+05:30,-1.7233894386837498,-1.7307123696586961,0.4428166066539858
2020-06-30 00:00:00+05:30,-1.7038472704248735,-1.7723196227903926,0.7408500310945753
2020-07-01 00:00:00+05:30,-1.7409668132829836,-1.6991524327325336,0.6248044711275638
2020-07-02 00:00:00+05:30,-1.6752590887807433,-1.6338180810002336,0.6456422752093356
2020-07-03 00:00:00+05:30,-1.5945799855497877,-1.5734015342028855,0.6869255617503829
2020-07-06 00:00:00+05:30,-1.5393314610967355,-1.43326881730365,1.8127239930676626
2020-07-07 00:00:00+05:30,-1.4187512179550685,-1.495440898176459,1.0554481106896803
2020-07-08 00:00:00+05:30,-1.497567377065468,-1.5512523140114796,0.480092539445675
2020-07-09 00:00:00+05:30,-1.5305622776525063,-1.4936862523793297,1.134165552109766
2020-07-10 00:00:00+05:30,-1.4878107102875415,-1.3757030517642774,1.6042231396382338
2020-07-13 00:00:00+05:30,-1.3237117802486793,-1.250812598844899,3.2593391890878047
2020-07-14 00:00:00+05:30,-1.2565148977949308,-1.2902862074247705,3.113522328090134
2020-07-15 00:00:00+05:30,-1.2478549756547797,-1.4503743931298345,7.745481619030877
2020-07-16 00:00:00+05:30,-1.4472519140621933,-1.451690229431293,2.705679189259497
2020-07-17 00:00:00+05:30,-1.4516366371151779,-1.3019090332972851,1.9862867715084
2020-07-20 00:00:00+05:30,-1.2920315617907876,-1.2839267267580903,1.1453067946473683
2020-07-21 00:00:00+05:30,-1.2455529084308654,-1.1706585075256724,1.5026308567973068
2020-07-22 00:00:00+05:30,-1.1490884715063032,-1.09949586556882,2.629464487016316
2020-07-23 00:00:00+05:30,-1.1031584717248752,-0.981513257139322,2.5374058693252985
2020-07-24 00:00:00+05:30,-0.9846600145218094,-0.7877622836050897,6.524245238220903
2020-07-27 00:00:00+05:30,-0.7198204560312591,-0.7657226177412134,3.9442490526634044
2020-07-28 00:00:00+05:30,-0.7693690073977262,-0.718573988285979,2.331267077644241
2020-07-29 00:00:00+05:30,-0.721793966931147,-0.8963155214548736,3.4549561799443382
2020-07-30 00:00:00+05:30,-0.894772557241509,-0.8695608742083626,3.4673811920607607
2020-07-31 00:00:00+05:30,-0.8607907015386291,-0.9611183866522683,3.601887062745207
2020-08-03 00:00:00+05:30,-0.9993490445627079,-1.0885309578470348,1.7934631592680585
2020-08-04 00:00:00+05:30,-1.066654627391275,-0.7780033617644562,4.695738527275473
2020-08-05 00:00:00+05:30,-0.7413060277849587,-0.8309642924342786,3.5757578151772496
2020-08-06 00:00:00+05:30,-0.7676146664674942,-0.814187971776236,1.9604314511317333
2020-08-07 00:00:00+05:30,-0.8272474743676712,-0.7871046615471375,0.914247351876992
2020-08-10 00:00:00+05:30,-0.7630107373185566,-0.8454381956575457,0.5284301234942806
2020-08-11 00:00:00+05:30,-0.816285603372615,-0.8148458899269653,1.8006937998061956
2020-08-12 00:00:00+05:30,-0.8465406893716948,-0.8284427663444448,0.7400942661018667
2020-08-13 00:00:00+05:30,-0.8311936102619556,-0.8406133638546053,0.39212765413446216
2020-08-14 00:00:00+05:30,-0.8431421702845399,-0.8587055208141064,0.929628959161874
2020-08-17 00:00:00+05:30,-0.8816182801987238,-0.907938051234611,0.7858415797742934
2020-08-18 00:00:00+05:30,-0.9254657364250543,-0.8482886808227436,0.7582187310693433
2020-08-19 00:00:00+05:30,-0.8026925038439096,-0.8197799799646579,0.9848823403639562
2020-08-20 00:00:00+05:30,-0.8487328944433207,-0.8954384946490853,0.24533668038290846
2020-08-21 00:00:00+05:30,-0.8531171335010692,-0.928771435124558,0.4209785649249123
2020-08-24 00:00:00+05:30,-0.9114350556047645,-0.8982895719998385,0.897138236014775
2020-08-25 00:00:00+05:30,-0.8794258911980825,-0.9282233673941355,0.043647572754490514
2020-08-26 00:00:00+05:30,-0.9254656898861422,-0.8071702768660494,2.6358013104288736
2020-08-27 00:00:00+05:30,-0.7873465091749918,-0.8657235118170702,0.6005338688568485
2020-08-28 00:00:00+05:30,-0.8487324866606202,-0.8535517299358013,0.5417424855445299
2020-08-31 00:00:00+05:30,-0.7303442515180588,-0.9312935533999465,2.777036518243178
2020-09-01 00:00:00+05:30,-0.8925803326031365,-0.9169295005969855,1.2748632146293326
2020-09-02 00:00:00+05:30,-0.9101190473347719,-0.8271263378574315,0.5278181094469784
2020-09-03 00:00:00+05:30,-0.8311939347738939,-0.8624339210634238,-0.007678814358137735
2020-09-04 00:00:00+05:30,-0.92864491636428,-0.9388596121333332,0.6255627333527315
2020-09-07 00:00:00+05:30,-0.927658262803652,-0.9270173815129837,0.2061895521000795
2020-09-08 00:00:00+05:30,-0.9101196049385143,-0.873398828785209,0.5564814076449829
2020-09-09 00:00:00+05:30,-0.9254661126287202,-0.7544293431296171,2.34384640592032
2020-09-10 00:00:00+05:30,-0.7103931011142678,-0.41966832979758467,7.786118058333396
2020-09-11 00:00:00+05:30,-0.4277953843390895,-0.4070589227917533,2.610213386020143
2020-09-14 00:00:00+05:30,-0.3992950705055981,-0.4447787738528267,1.6236553220034982
2020-09-15 00:00:00+05:30,-0.42790595416266175,-0.40903326942949536,0.5424784007407681
2020-09-16 00:00:00+05:30,-0.41025716145825913,-0.39653282456563893,0.9762221943219457
2020-09-17 00:00:00+05:30,-0.41025697195712746,-0.45311141678614064,0.45605341141444466
2020-09-18 00:00:00+05:30,-0.42286353790735726,-0.4378709293629463,0.9200421477827053
2020-09-21 00:00:00+05:30,-0.45410541195135656,-0.5471916396909886,0.9554174305465567
2020-09-22 00:00:00+05:30,-0.5045294714168655,-0.6452178910363269,1.0300061143008075
2020-09-23 00:00:00+05:30,-0.541799876389001,-0.6021260287202214,1.5548381906836097
2020-09-24 00:00:00+05:30,-0.6560224695716375,-0.7108977830395093,0.7120292791884397
2020-09-25 00:00:00+05:30,-0.6974590149940724,-0.6659423127842994,0.61909490128347
2020-09-28 00:00:00+05:30,-0.6141483605929344,-0.6340338746594832,0.06150220855317333
2020-09-29 00:00:00+05:30,-0.6185330649524585,-0.5708758048389111,0.45694152972748947
2020-09-30 00:00:00+05:30,-0.5418000217648622,-0.5943405652389985,0.3687456824296038
2020-10-01 00:00:00+05:30,-0.5334693277120854,-0.6142972184159354,0.13298567979184314
2020-10-05 00:00:00+05:30,-0.5768783796905327,-0.6429157696943286,0.01385949544423329
2020-10-06 00:00:00+05:30,-0.6179847528485581,-0.6469722407406793,-0.018836577048931685
2020-10-07 00:00:00+05:30,-0.596609011354735,-0.5435724976764239,2.2068180102941004
2020-10-08 00:00:00+05:30,-0.5439928074580713,-0.5835956544506035,0.1518481729984081
2020-10-09 00:00:00+05:30,-0.5966091716352411,-0.596314319691187,-0.010299627808240437
2020-10-12 00:00:00+05:30,-0.5966091091997805,-0.5884195979752126,-0.2868537795830578
2020-10-13 00:00:00+05:30,-0.6062559687323619,-0.4926954679718727,0.2821015129312866
2020-10-14 00:00:00+05:30,-0.5003635578146729,-0.4777830513457117,0.5145361624074498
2020-10-15 00:00:00+05:30,-0.4760284139337175,-0.6554153262798537,0.08515215251038157
2020-10-16 00:00:00+05:30,-0.6404570268748214,-0.722740605845413,0.18423484479304153
2020-10-19 00:00:00+05:30,-0.6951567946680266,-0.7218632829468489,0.8000129897904986
2020-10-20 00:00:00+05:30,-0.7193827769742168,-0.7663811280774969,-0.014347129371749891
2020-10-21 00:00:00+05:30,-0.7434984476132444,-0.835021355666183,0.9845479673408329
2020-10-22 00:00:00+05:30,-0.8325091862414912,-0.8737277878605743,0.7745172068563515
2020-10-23 00:00:00+05:30,-0.8794257339744802,-0.8603500200981525,0.30195854497261815
2020-10-26 00:00:00+05:30,-0.888305193026969,-1.044451922212058,1.192144502462033
2020-10-27 00:00:00+05:30,-1.0353040822784854,-1.0326096915917082,1.1380045027471335
2020-10-28 00:00:00+05:30,-1.020176706684808,-1.0831580583136713,0.7182851026250775
2020-10-29 00:00:00+05:30,-1.1183950263843327,-1.049276457922221,0.7651105804038524
2020-10-30 00:00:00+05:30,-1.038373307086284,-0.98874976461179,0.9806575352958453
2020-11-02 00:00:00+05:30,-1.052623885299741,-1.377018888065736,5.1648237949349
2020-11-03 00:00:00+05:30,-1.3529795700084122,-1.4363392994022381,4.481269032142211
2020-11-04 00:00:00+05:30,-1.4691757004883084,-1.2986197386364158,3.936263671638183
2020-11-05 00:00:00+05:30,-1.2105847747495566,-1.2069526718649808,1.1845219885226101
2020-11-06 00:00:00+05:30,-1.133741742607702,-1.0443423678845285,3.07145087656601
2020-11-09 00:00:00+05:30,-0.9756715600891213,-0.9970835919162118,1.0969995615778818
2020-11-10 00:00:00+05:30,-0.9430050311311168,-0.9228507639535497,1.1671610363716256
2020-11-11 00:00:00+05:30,-0.9166964610657451,-1.1144085782877586,2.434380879400422
2020-11-12 00:00:00+05:30,-1.1534730469737668,-1.1521278371632773,1.3664456292998663
2020-11-13 00:00:00+05:30,-1.1512808952421965,-1.1161629279921106,1.7085116011242496
2020-11-14 00:00:00+05:30,-1.079151573414133,-1.1032242658181375,-0.8631543932338567
2020-11-17 00:00:00+05:30,-0.9254661383680022,-1.1230710685747685,1.782397153862239
2020-11-18 00:00:00+05:30,-1.1266168324965287,-1.1363383937313287,0.7489096887775566
2020-11-19 00:00:00+05:30,-1.139880829346746,-1.1671501042097445,0.5820467288983778
2020-11-20 00:00:00+05:30,-1.1666275250573648,-1.3286633844510192,2.482178420921831
2020-11-23 00:00:00+05:30,-1.2192443022003592,-1.216382042444695,1.7045990781767384
2020-11-24 00:00:00+05:30,-1.190743515845338,-1.1871058691083503,0.7831011552925564
2020-11-25 00:00:00+05:30,-1.1556656548118853,-1.2227421152969293,0.8920580327819947
2020-11-26 00:00:00+05:30,-1.2147503467615939,-1.2122160170708152,0.456691678418369
2020-11-27 00:00:00+05:30,-1.2422649328855264,-1.2622163160623552,1.8332541893357455
2020-12-01 00:00:00+05:30,-1.2425934210751188,-1.2071717805200393,0.06687048996117993
2020-12-02 00:00:00+05:30,-1.2028017533568145,-1.2000445312823234,0.2229923407806378
2020-12-03 00:00:00+05:30,-1.1732044065019887,-1.1871058691083503,0.5813442381981316
2020-12-04 00:00:00+05:30,-1.179782166310364,-1.2250451249172591,-0.015482793856260555
2020-12-07 00:00:00+05:30,-1.2420451881363592,-1.1999349769547942,-0.029721116896051353
2020-12-08 00:00:00+05:30,-1.1969919382152727,-1.1219743409283685,1.5813698768671036
2020-12-09 00:00:00+05:30,-1.0900037242687508,-1.0491669035946924,0.6703406085781864
2020-12-10 00:00:00+05:30,-1.064463129992325,-1.0929175723398585,-0.1690974873183089
2020-12-11 00:00:00+05:30,-1.0833170683744597,-1.0955483566644444,0.5274827759498323
2020-12-14 00:00:00+05:30,-1.094388945547776,-1.1273472404617313,-0.08923471264188342
2020-12-15 00:00:00+05:30,-1.134399968665526,-1.1645184316068273,-0.00993042159389174
2020-12-16 00:00:00+05:30,-1.1381265430906513,-1.159693599803887,-0.009306369605504227
2020-12-17 00:00:00+05:30,-1.1458001540303855,-1.1398473892328105,0.09899328752596061
2020-12-18 00:00:00+05:30,-1.1554462366010068,-1.126798876638531,-0.015368049226341572
2020-12-21 00:00:00+05:30,-1.08989436913826,-1.2405056092738431,1.6282716803148871
2020-12-22 00:00:00+05:30,-1.2236292188430893,-1.2470841985955816,0.6040517010126069
2020-12-23 00:00:00+05:30,-1.2652841782197246,-1.231404013398385,0.050908884429754296
2020-12-24 00:00:00+05:30,-1.228014348490087,-1.121097018029803,0.13258618662997676
2020-12-28 00:00:00+05:30,-1.0971294433927148,-1.1010314027108912,-0.09507746821713314
2020-12-29 00:00:00+05:30,-1.092086579478596,-1.1300881712994004,-0.006045368203431652
2020-12-30 00:00:00+05:30,-1.1222319996855932,-1.1181366824442984,0.2136913024390407
2020-12-31 00:00:00+05:30,-1.1260682630584529,-1.1405047151979857,0.004791980353369775
2021-01-01 00:00:00+05:30,-1.1381265766624333,-1.1356801794878222,-0.5565099349896205
2021-01-04 00:00:00+05:30,-1.12256072321704,-1.128333821595048,0.37184321115300273
2021-01-05 00:00:00+05:30,-1.1797818480385023,-1.1826102924735515,0.34684252056178727
2021-01-06 00:00:00+05:30,-1.1865784420183239,-1.2963170251088634,1.7733626790777584
2021-01-07 00:00:00+05:30,-1.2861120248387101,-1.3031150191784375,0.8720826703410592
2021-01-08 00:00:00+05:30,-1.2915931531709153,-1.2536633801028745,0.5656446499801148
2021-01-11 00:00:00+05:30,-1.2459917119048292,-1.3335977705814888,0.9349557480920975
2021-01-12 00:00:00+05:30,-1.3244787071769595,-1.2024567991374049,1.4378420815920743
2021-01-13 00:00:00+05:30,-1.191730298876362,-1.2424790676332538,0.5066888975467013
2021-01-14 00:00:00+05:30,-1.2323986820674073,-1.1946716317489599,0.18229097343417963
2021-01-15 00:00:00+05:30,-1.1981976291491678,-1.2454394032187583,0.12082230079922013
2021-01-18 00:00:00+05:30,-1.2234101662346553,-1.1434656429690446,1.0497409100148425
2021-01-19 00:00:00+05:30,-1.1235472173338474,-1.0723027049194152,0.8516371878817838
2021-01-20 00:00:00+05:30,-1.0649011892690814,-0.9883115473016733,0.782350000575157
2021-01-21 00:00:00+05:30,-0.9320430057944392,-0.8902847037707808,1.3050530902391109
2021-01-22 00:00:00+05:30,-0.8684641507775804,-0.9994955636785169,0.7572574886673658
2021-01-25 00:00:00+05:30,-1.035194549481577,-1.2376545319230905,2.273170053018776
2021-01-27 00:00:00+05:30,-1.2762463923929421,-1.3385321567119584,1.5152297147118488
2021-01-28 00:00:00+05:30,-1.374574337301346,-1.3789923464251468,0.9836190608976215
2021-01-29 00:00:00+05:30,-1.3435529886746633,-1.4548705619501874,1.601176259911635
2021-02-01 00:00:00+05:30,-1.4200666617244881,-1.337874238561229,0.9908634682300848
2021-02-02 00:00:00+05:30,-1.2998143445173491,-1.27098776849134,1.4575950622809402
2021-02-03 00:00:00+05:30,-1.2690115365625774,-1.2603518198449195,0.7424684938545263
2021-02-04 00:00:00+05:30,-1.2784389526779645,-1.2742773592449865,0.4431390057676253
2021-02-05 00:00:00+05:30,-1.2651749157785699,-1.2754836412189159,0.09871718326021806
2021-02-08 00:00:00+05:30,-1.2585978209503972,-1.2147375431606489,0.15860939786582184
2021-02-09 00:00:00+05:30,-1.1952379846452106,-1.20443084968237,0.05748691488522707
2021-02-10 00:00:00+05:30,-1.213215699416769,-1.1646282820271336,0.16185938583243345
2021-02-11 00:00:00+05:30,-1.1556656349673062,-0.9861183881016499,1.526060468013694
2021-02-12 00:00:00+05:30,-0.9901414087500505,-1.017039949000372,0.7549759786737033
2021-02-15 00:00:00+05:30,-1.0064743295870493,-1.0367766052439187,-0.18666827102746555
2021-02-16 00:00:00+05:30,-1.0246711424286525,-0.9777851529827818,0.1738655672433315
2021-02-17 00:00:00+05:30,-0.9802753319745744,-0.9257012491187475,0.32250430091986965
2021-02-18 00:00:00+05:30,-0.9254656495347552,-0.9598022542580327,-0.003808232109620555
2021-02-19 00:00:00+05:30,-0.9868524612951339,-0.9321708762985111,0.3007648678571328
2021-02-22 00:00:00+05:30,-0.9364278447605641,-1.0905050083919998,0.3264320633885418
2021-02-23 00:00:00+05:30,-1.0065837100025565,-1.0568422205628307,0.444235675006812
2021-02-24 00:00:00+05:30,-1.0460468241561114,-0.9744955622291354,-0.5057656591663859
2021-02-25 00:00:00+05:30,-0.945197337068148,-0.7917097925094654,1.034068215069463
2021-02-26 00:00:00+05:30,-0.855309631438541,-0.9201092409303256,1.2021845935483426
2021-03-01 00:00:00+05:30,-0.8702183042517051,-0.8852410594055585,-0.06566999474629469
2021-03-02 00:00:00+05:30,-0.844347879304705,-0.8758110966402902,-0.09960699967686476
2021-03-03 00:00:00+05:30,-0.8464306925115282,-0.6650646937929575,0.8463767356907324
2021-03-04 00:00:00+05:30,-0.7171901855678244,-0.7226307554251072,0.1747680286351162
2021-03-05 00:00:00+05:30,-0.7698074772987961,-0.7163811251787333,0.435755201638659
2021-03-08 00:00:00+05:30,-0.7424024119809667,-0.6891873723437737,0.051256640057594706
2021-03-09 00:00:00+05:30,-0.6733424982470446,-0.6892972227640806,-0.2274317490273955
2021-03-10 00:00:00+05:30,-0.6579958620719979,-0.7092535798482403,-0.4601946885245378
2021-03-12 00:00:00+05:30,-0.6843044074795108,-0.8065123587153207,-0.11790774364331853
2021-03-15 00:00:00+05:30,-0.8047751639564383,-0.8694510237880557,-0.128591608451283
2021-03-16 00:00:00+05:30,-0.861886635538422,-0.8876527350750866,-0.3094359325533637
2021-03-17 00:00:00+05:30,-0.8968552384649133,-0.9868858605799083,0.03226454688955874
2021-03-18 00:00:00+05:30,-0.9519935955825884,-1.0883115530991994,0.12429358198067549
2021-03-19 00:00:00+05:30,-1.1315493469825852,-0.9284427721419709,1.4779183724445206
2021-03-22 00:00:00+05:30,-0.9561590532295499,-0.9714253762233238,-0.008572119230905456
2021-03-23 00:00:00+05:30,-0.9760000626588431,-0.9163811367737854,-0.0822925344685818
2021-03-24 00:00:00+05:30,-0.9369762892491965,-1.0045398002292927,-0.12060590726805412
2021-03-25 00:00:00+05:30,-0.9934301485036812,-1.1270185774791437,0.21100312774414182
2021-03-26 00:00:00+05:30,-1.0855096341821668,-1.12000058647618,0.094373023286879
2021-03-30 00:00:00+05:30,-1.0942788276985924,-1.0440131127163867,0.11111722305204895
2021-03-31 00:00:00+05:30,-1.0723551841502157,-1.101469916113785,-0.15723313590477164
2021-04-01 00:00:00+05:30,-1.0723554240331403,-1.0603515121570908,-0.44713518726868035
2021-04-05 00:00:00+05:30,-1.0571180445560309,-1.124495867018201,-0.2453212180173037
2021-04-06 00:00:00+05:30,-1.1030484507412859,-1.142697874398009,-0.3007665019291332
2021-04-07 00:00:00+05:30,-1.1118179414605682,-1.102017983844208,0.35601581585835734
2021-04-08 00:00:00+05:30,-1.0877018971450083,-1.0965355299833153,-0.21368390805522713
2021-04-09 00:00:00+05:30,-1.1152163052395356,-1.1476322605284786,-0.29892937125000063
2021-04-12 00:00:00+05:30,-1.20170538733067,-1.3031150191784375,0.14055773682927034
2021-04-13 00:00:00+05:30,-1.278438695975804,-1.2578297015695314,0.045131889309262825
2021-04-15 00:00:00+05:30,-1.273396230544716,-1.2304174322650683,0.0651434936366571
2021-04-16 00:00:00+05:30,-1.2508146956831097,-1.2571720795115793,-0.1952581744026116
2021-04-19 00:00:00+05:30,-1.3222864663581593,-1.3238391448336329,-0.014569959345030062
2021-04-20 00:00:00+05:30,-1.3080360117941114,-1.325045130714785,-0.09621921570378794
2021-04-22 00:00:00+05:30,-1.3480469834036577,-1.3135321552625767,-0.2699186375821633
2021-04-23 00:00:00+05:30,-1.3179014876042607,-1.3180274358045985,-0.44037697188653796
2021-04-26 00:00:00+05:30,-1.2872081287118997,-1.2445623764129707,0.13705495209986845
2021-04-27 00:00:00+05:30,-1.2433609414462887,-1.1331586533979885,0.08235570037731693
2021-04-28 00:00:00+05:30,-1.1165316825918692,-1.1141891735399228,-0.10142056672663897
2021-04-29 00:00:00+05:30,-1.061612889945023,-1.0555266803541496,-0.08284058094596829
2021-04-30 00:00:00+05:30,-1.0931826510729405,-1.1203292494587669,0.07187020547085302
2021-05-03 00:00:00+05:30,-1.1863591544733887,-1.1980710729229125,0.31592134003108
2021-05-04 00:00:00+05:30,-1.221437248555672,-1.2911638264161125,0.2012819780649898
2021-05-05 00:00:00+05:30,-1.2798634988884297,-1.2834876211696422,-0.4042149968664451
2021-05-06 00:00:00+05:30,-1.2831523758992043,-1.259584347366661,-0.2613568440800833
2021-05-07 00:00:00+05:30,-1.2482936247104768,-1.2579395519898378,-0.4109422209534531
2021-05-10 00:00:00+05:30,-1.2455527293077409,-1.2701104455927754,-0.3051178974734437
2021-05-11 00:00:00+05:30,-1.2981701357237139,-1.2548693659840269,-0.33476280012270826
2021-05-12 00:00:00+05:30,-1.265065226011318,-1.298729292963945,-0.3539916821531552
2021-05-14 00:00:00+05:30,-1.2695600374327567,-1.2457686583869,-0.34671417048270753
2021-05-17 00:00:00+05:30,-1.2492800952856433,-1.1952199955721599,-0.4375454304358418
2021-05-18 00:00:00+05:30,-1.1534734803618634,-1.1346938944472826,-0.4252616080007648
2021-05-19 00:00:00+05:30,-1.1556656373132483,-1.1147372412703456,-0.1529938596947179
2021-05-20 00:00:00+05:30,-1.1164223518295735,-1.1402859026357044,-0.466394612373051
2021-05-21 00:00:00+05:30,-1.1293571761499086,-1.1026759019949373,-0.5071780682326543
2021-05-24 00:00:00+05:30,-1.0942792031515778,-1.1397375388125042,-0.6502147411240463
2021-05-25 00:00:00+05:30,-1.119710649009696,-1.189079623560538,-0.25140402806664175
2021-05-26 00:00:00+05:30,-1.1666278465343374,-1.1739483943720959,-0.7188281879195081
2021-05-27 00:00:00+05:30,-1.176931684950974,-1.160680477029981,0.5194847166675106
2021-05-28 00:00:00+05:30,-1.1337418794195522,-0.9003725846867778,2.418062489785342
2021-05-31 00:00:00+05:30,-0.888195731780507,-0.7567317605643925,2.588015870880151
2021-06-01 00:00:00+05:30,-0.7478834014576112,-0.7378718350338558,0.5959728978807718
2021-06-02 00:00:00+05:30,-0.7676147602043027,-0.666928597824839,0.3793110887747613
2021-06-03 00:00:00+05:30,-0.6273030059823134,-0.6485077778827509,0.33731244118156284
2021-06-04 00:00:00+05:30,-0.6408953265925417,-0.6905032086452334,-0.27134705454881103
2021-06-07 00:00:00+05:30,-0.6689577647099082,-0.6095822370333024,-0.151740697221423
2021-06-08 00:00:00+05:30,-0.6150252877191045,-0.6376524244884942,-0.5783088534101669
2021-06-09 00:00:00+05:30,-0.6316874089936807,-0.7244946594569894,-0.4672507789169387
2021-06-10 00:00:00+05:30,-0.6878121866286573,-0.7069505702279102,-0.29138849760251234
2021-06-11 00:00:00+05:30,-0.6773469573603009,-0.6068735803083366,-0.31654491304861787
2021-06-14 00:00:00+05:30,-0.6064791959680694,-0.5367588106896621,0.10412081011226221
2021-06-15 00:00:00+05:30,-0.504923801055583,-0.5254960336341089,-0.22616834149785783
2021-06-16 00:00:00+05:30,-0.5404687057303658,-0.6102967089044583,-0.5064260811044353
2021-06-17 00:00:00+05:30,-0.6395953790433028,-0.6013529304791978,-0.18955763301433176
2021-06-18 00:00:00+05:30,-0.5832983809658852,-0.5792694428843099,0.6827481400673949
2021-06-21 00:00:00+05:30,-0.6318681565391961,-0.5536529762729934,-0.41747984746836847
2021-06-22 00:00:00+05:30,-0.5203785083461072,-0.5790485576725883,-0.3735884257343189
2021-06-23 00:00:00+05:30,-0.5292089486308069,-0.624098185430918,-0.13141847559506836
2021-06-24 00:00:00+05:30,-0.6244720278289336,-0.738600519358314,4.65865910746884
2021-06-25 00:00:00+05:30,-0.7422539238235978,-0.846919547821406,2.346673080969301
2021-06-28 00:00:00+05:30,-0.8117968557205705,-0.8876630983222858,0.1005738435778134
2021-06-29 00:00:00+05:30,-0.8835480468275552,-0.8836883488824163,0.5402801958606795
2021-06-30 00:00:00+05:30,-0.868645810120307,-0.833227625622476,0.06764981858324688
2021-07-01 00:00:00+05:30,-0.8206279509483163,-0.8612735334699458,-0.3951994754360136
2021-07-02 00:00:00+05:30,-0.8669901468141045,-0.7925945177274578,-0.29580879115005543
2021-07-05 00:00:00+05:30,-0.7798957521489416,-0.7458882508812207,-0.4484814516905814
2021-07-06 00:00:00+05:30,-0.7611294220463687,-0.801979474390606,-0.5529914625178469
2021-07-07 00:00:00+05:30,-0.7991024081398946,-0.8345526408000249,-0.5283541512652421
2021-07-08 00:00:00+05:30,-0.8229456303268018,-0.8730879313692479,-0.4815747122079581
2021-07-09 00:00:00+05:30,-0.8868597232460127,-0.9203467073375646,-0.619100825472772
2021-07-12 00:00:00+05:30,-0.9050733289537991,-0.8918590290666528,-0.6480676334619685
2021-07-13 00:00:00+05:30,-0.8603668618408413,-0.8574089305431597,-0.7676888461209085
2021-07-14 00:00:00+05:30,-0.8595941582610396,-0.8876630983222858,-0.6514451723788025
2021-07-15 00:00:00+05:30,-0.8714055436659521,-0.8957236319934389,-0.5928042633300497
2021-07-16 00:00:00+05:30,-0.8874115591777961,-0.829363318788467,-0.6325148056746293
2021-07-19 00:00:00+05:30,-0.8603666315054262,-0.859064977445513,-0.6628488804510244
2021-07-20 00:00:00+05:30,-0.8614706822361293,-0.8704381971069273,-0.7661308932243913
2021-07-22 00:00:00+05:30,-0.8184201876342815,-0.8110339915145041,-0.6873122818739082
2021-07-23 00:00:00+05:30,-0.7843109999677762,-0.8441590748604483,-0.5615136844901892
2021-07-26 00:00:00+05:30,-0.8427052364179753,-0.907869653803099,-0.4044673454080247
2021-07-27 00:00:00+05:30,-0.9115859831490306,-0.9561218210386065,-0.5046860863648044
2021-07-28 00:00:00+05:30,-0.9530909102048148,-0.9950985859384939,-0.371927766148968
2021-07-29 00:00:00+05:30,-0.9619218005196097,-0.9599861278726155,-0.3163553795081267
2021-07-30 00:00:00+05:30,-0.953090929307754,-0.9996255484076664,-0.4710000212805806
2021-08-02 00:00:00+05:30,-0.9612595896500014,-0.9174757917707459,-0.4982457238525938
2021-08-03 00:00:00+05:30,-0.8824441167955448,-0.8837987914882763,-0.4411170491368748
2021-08-04 00:00:00+05:30,-0.872730142336651,-0.8484651521178999,-0.3545142440531378
2021-08-05 00:00:00+05:30,-0.8287968018752713,-0.7811111515529595,0.16300696019482633
2021-08-06 00:00:00+05:30,-0.7942456775724429,-0.88092757982868,-0.13352921330748432
2021-08-09 00:00:00+05:30,-0.902313419159788,-0.9072069981679366,-0.7179356514259586
2021-08-10 00:00:00+05:30,-0.9001056826384762,-0.8831361358531133,-0.43459229297386437
2021-08-11 00:00:00+05:30,-0.8671004543416715,-0.8185423121563552,-0.6096697389484933
2021-08-12 00:00:00+05:30,-0.8053944610969502,-0.833558657347281,-0.6767333008292291
2021-08-13 00:00:00+05:30,-0.8221730322667073,-0.7559358631795319,-0.3794160698516106
2021-08-16 00:00:00+05:30,-0.7514160929556437,-0.69443413635409,0.20676397959729112
2021-08-17 00:00:00+05:30,-0.7083653197283373,-0.7148609848610722,-0.38727479636903067
2021-08-18 00:00:00+05:30,-0.69699598020047,-0.6963113645609424,-0.5526241772515438
2021-08-20 00:00:00+05:30,-0.7654351185130985,-0.750194328138671,-0.5942176969019423
2021-08-23 00:00:00+05:30,-0.6969955337907233,-0.7190566195126621,-0.5668049358815704
2021-08-24 00:00:00+05:30,-0.7167548772295884,-0.6719088783357601,-0.43809648639849963
2021-08-25 00:00:00+05:30,-0.6718277449871202,-0.630171640474914,-0.34101900774895516
2021-08-26 00:00:00+05:30,-0.6219333085204807,-0.568669321463919,-0.00747474564410213
2021-08-27 00:00:00+05:30,-0.5579098576498798,-0.5754051360503004,-0.5267057217157809
2021-08-30 00:00:00+05:30,-0.5292091958054771,-0.4807777336933607,-0.2996223852732222
2021-08-31 00:00:00+05:30,-0.4698217237954662,-0.5074983302705045,0.49810898310139196
2021-09-01 00:00:00+05:30,-0.47843175997798826,-0.48773413739868643,-0.4841343114470103
2021-09-02 00:00:00+05:30,-0.5181704737865485,-0.4274460948666022,-0.5602497006762379
2021-09-03 00:00:00+05:30,-0.3967460285997502,-0.21964166985259304,0.7656948047360961
2021-09-06 00:00:00+05:30,-0.169351422147967,-0.13771279842739356,0.956334939364698
2021-09-07 00:00:00+05:30,-0.13182002131946827,-0.10392505944628638,-0.08685689911953882
2021-09-08 00:00:00+05:30,-0.08325023341655739,-0.12501515577398464,-0.2820400118441909
2021-09-09 00:00:00+05:30,-0.13645645333352902,-0.13771279842739356,-0.6238664414472979
2021-09-13 00:00:00+05:30,-0.12519687152879405,-0.2570731265487653,-0.1533679323107819
2021-09-14 00:00:00+05:30,-0.25324473943044096,-0.26391938374100765,-0.6273813281493865
2021-09-15 00:00:00+05:30,-0.26759488494356903,-0.24216722396370063,-0.6169621699820945
2021-09-16 00:00:00+05:30,-0.23878418469487286,-0.13197155947931039,-0.3366441766384893
2021-09-17 00:00:00+05:30,-0.09649639934165759,-0.2151150034761982,1.03576121061358
2021-09-20 00:00:00+05:30,-0.2596470497435786,-0.20672314198746308,-0.4435169535617428
2021-09-21 00:00:00+05:30,-0.18701262932139204,-0.18386655615155112,-0.5628771734128983
2021-09-22 00:00:00+05:30,-0.18038984000830804,-0.12689179179528176,-0.4937117742123575
2021-09-23 00:00:00+05:30,-0.0934057336116904,0.0042832303181691385,-0.1894025484754569
2021-09-24 00:00:00+05:30,0.030557770148575174,-0.011616951812417096,-0.2250191023138255
2021-09-27 00:00:00+05:30,-0.005980335188849624,0.08058041712281458,-0.2133864172345778
2021-09-28 00:00:00+05:30,0.09778206523600097,0.13269748337788473,-0.04297117619802429
2021-09-29 00:00:00+05:30,0.17726064493349458,0.08808992213577414,-0.5754184669176764
2021-09-30 00:00:00+05:30,0.07791367231877955,0.06909793922664821,-0.32756628842818
2021-10-01 00:00:00+05:30,0.027025233466758093,0.07892466631323845,-0.6241431219974541
2021-10-04 00:00:00+05:30,0.13972956407105222,0.1505856324139599,-0.4986652589057351
2021-10-05 00:00:00+05:30,0.14436505506121675,0.2677371084181217,-0.3312173703466959
2021-10-06 00:00:00+05:30,0.28753558991526296,0.1587560165054198,-0.5409050495102476
2021-10-07 00:00:00+05:30,0.23245316740165156,0.1864708926280852,-0.792050821486989
2021-10-08 00:00:00+05:30,0.21092779565597986,0.4047647003638476,-0.18785964300529626
2021-10-11 00:00:00+05:30,0.46735417842979016,0.363688933767056,-0.2521362934615935
2021-10-12 00:00:00+05:30,0.3428395854709031,0.39714564102335886,-0.7699377640293987
2021-10-13 00:00:00+05:30,0.4179014488599958,0.4571020596450845,-0.5600581181244981
2021-10-14 00:00:00+05:30,0.4650359914799701,0.46913704666333045,-0.6456230990108429
2021-10-18 00:00:00+05:30,0.3949415034668002,0.4850378209794709,-0.32732136755237634
2021-10-19 00:00:00+05:30,0.5168068790560673,0.5385891606468419,-0.6321803045883029
2021-10-20 00:00:00+05:30,0.5586433777478589,0.46913704666333045,-0.3839194764179231
2021-10-21 00:00:00+05:30,0.524755490936068,0.2971083275359174,0.1360874986325437
2021-10-22 00:00:00+05:30,0.28764567765286453,0.30792874198247505,-0.49169074477366725
2021-10-25 00:00:00+05:30,0.4201097396112175,0.25139574804964765,-0.09655544564335523
2021-10-26 00:00:00+05:30,0.2812439310321446,0.38223914625273997,-0.5734781172968979
2021-10-27 00:00:00+05:30,0.3582929812600589,0.30792874198247505,-0.5641218196831914
2021-10-28 00:00:00+05:30,0.28764647867666593,0.24432919783123852,-0.5647696273957419
2021-10-29 00:00:00+05:30,0.2349922017883083,0.10663954243590387,-0.2864342445299165
2021-11-01 00:00:00+05:30,0.10274999182450492,0.11006237493924795,-0.20651710702380285
2021-11-02 00:00:00+05:30,0.12206746285847087,0.02835379654021527,-0.5210393091711099
2021-11-03 00:00:00+05:30,0.036076965055472934,-0.009628984906928158,-0.430095225536102
2021-11-04 00:00:00+05:30,0.007155875287956834,0.024048015375541434,-1.0885817443979753
2021-11-08 00:00:00+05:30,0.0655497402482358,0.030893680382229585,0.10442476812466478
2021-11-09 00:00:00+05:30,0.03375947207776308,0.07450873863548123,-0.19362223101544634
2021-11-10 00:00:00+05:30,0.05958898033400907,0.13678297151639177,-0.5412515245060577
2021-11-11 00:00:00+05:30,0.11113931780354763,0.14705206121197822,-0.5112201911416363
2021-11-12 00:00:00+05:30,0.16158549857904317,0.23218287992880074,-0.6399324825207983
2021-11-15 00:00:00+05:30,0.24349173152099018,0.19839573313324776,-0.8902366231271963
2021-11-16 00:00:00+05:30,0.1817861846880865,0.06611687714674612,-0.47183416095354636
2021-11-17 00:00:00+05:30,0.020401736156720293,-0.05291301143537542,-0.5445453741197087
2021-11-18 00:00:00+05:30,-0.0655886283457669,-0.032375424229756755,-0.6531688390600465
2021-11-22 00:00:00+05:30,-0.11835321438394719,-0.27429861994967747,0.3469203829892323
2021-11-23 00:00:00+05:30,-0.34585895004166733,-0.22549483187042224,0.4239306778812655
2021-11-24 00:00:00+05:30,-0.24220601847801576,-0.3015711334633467,-0.12076713884067466
2021-11-25 00:00:00+05:30,-0.25765927900084123,0.011018748811773898,1.5172662397981063
2021-11-26 00:00:00+05:30,-0.048368190150113864,-0.16642076972447215,-0.1884586586374905
2021-11-29 00:00:00+05:30,-0.11172957904478932,-0.10260034036151464,0.359793744379479
2021-11-30 00:00:00+05:30,-0.047926516167773166,-0.18232095185505837,0.8622461997475745
2021-12-01 00:00:00+05:30,-0.12519696975093783,-0.04628763945485405,-0.5507832687079216
2021-12-02 00:00:00+05:30,-0.04417332065375787,-0.011285327902058499,-0.38328934142739146
2021-12-03 00:00:00+05:30,0.019188261256944904,-0.1760272037848956,0.03304861385013796
2021-12-06 00:00:00+05:30,-0.1627277437613576,-0.2768379116061376,-0.5362068588121195
2021-12-07 00:00:00+05:30,-0.2507051900479875,-0.2343272794114909,-0.4783947748134064
2021-12-08 00:00:00+05:30,-0.14484507515554795,-0.15427504400758857,-0.6378939084232923
2021-12-09 00:00:00+05:30,-0.12078173534166907,-0.06958599571420802,-0.35171305358156085
2021-12-10 00:00:00+05:30,-0.10919090961372169,-0.0640644576067374,-0.6622108055419046
2021-12-13 00:00:00+05:30,-0.03578380376292565,-0.1729354030063559,-0.3716790033770733
2021-12-14 00:00:00+05:30,-0.24220597853196288,-0.23808173582519357,-0.36592960587683576
2021-12-15 00:00:00+05:30,-0.2333752314618694,-0.25342940883370024,-0.5980156032827374
2021-12-16 00:00:00+05:30,-0.18546758820117287,-0.18563363784531905,-0.5727673024884545
2021-12-17 00:00:00+05:30,-0.20235591025211055,-0.3257518461984762,0.1500561205667437
2021-12-20 00:00:00+05:30,-0.37941533112214,-0.4650978445889412,-0.2804907672454801
2021-12-21 00:00:00+05:30,-0.39376601585582227,-0.3902361155677051,-0.3758520709111582
2021-12-22 00:00:00+05:30,-0.3638517348470156,-0.26910929793811966,-0.0670928409636104
2021-12-23 00:00:00+05:30,-0.25545193780898556,-0.2709853417738626,-0.6168772640784826
2021-12-24 00:00:00+05:30,-0.26428274769477905,-0.25431235749502995,-0.692812788539048
2021-12-27 00:00:00+05:30,-0.28293805513986847,-0.259944042115584,-0.9405684073734565
2021-12-28 00:00:00+05:30,-0.25192040860246373,-0.19777995574775684,-0.7896209502726108
2021-12-29 00:00:00+05:30,-0.2179205395180343,-0.18872484643830453,-0.2100901984516707
2021-12-30 00:00:00+05:30,-0.1980515075605675,-0.2845671174597097,0.6804522869949925
2021-12-31 00:00:00+05:30,-0.25766031201308415,-0.26458203937617064,-0.5909515729717484
2022-01-03 00:00:00+05:30,-0.27532163222387135,-0.18574437654395665,-0.8506431945817918
2022-01-04 00:00:00+05:30,-0.16294883173446054,-0.06594227799914296,-0.5032002330515957
2022-01-05 00:00:00+05:30,-0.06117301383946644,-0.040546400506770865,-0.45222563555770345
2022-01-06 00:00:00+05:30,-0.08501700270395623,-0.15780920739512447,-0.272706061259414
2022-01-07 00:00:00+05:30,-0.12972259291192248,-0.1147460660783982,-0.35820790698666266
2022-01-10 00:00:00+05:30,-0.08325002663775312,-0.11032954621508675,-0.6057146349859733
2022-01-11 00:00:00+05:30,-0.11857397908019346,-0.07157337043414275,-0.16015502594520864
2022-01-12 00:00:00+05:30,-0.0406414651215531,0.07318283517960106,-0.2501016252917801
2022-01-13 00:00:00+05:30,0.06963504644347354,0.10454202120288575,-0.4385933716262738
2022-01-14 00:00:00+05:30,0.09999065709243954,0.11271240529434565,0.0783634580859169
2022-01-17 00:00:00+05:30,0.1066133952390777,0.1419722935279496,-0.6832106736071167
2022-01-18 00:00:00+05:30,0.14359341862632546,0.07472962384720222,-0.7998393693691461
2022-01-19 00:00:00+05:30,0.08895164022517331,0.07428726123820602,-0.5731383015876457
2022-01-20 00:00:00+05:30,0.022830668391378265,-0.02321076059277528,-0.1416292749310231
2022-01-21 00:00:00+05:30,-0.08324973114528933,-0.022327219745891306,-0.34370609390662826
2022-01-24 00:00:00+05:30,-0.03247306810132548,-0.2430501726250304,0.20250542987518066
2022-01-25 00:00:00+05:30,-0.30943082754695767,-0.2533186701350626,0.3716300499515517
2022-01-27 00:00:00+05:30,-0.33934559895669425,-0.33094235258114246,0.08414263028085996
2022-01-28 00:00:00+05:30,-0.2753214450014339,-0.33591078938097924,-0.2585995792871473
2022-01-31 00:00:00+05:30,-0.2859187497233276,-0.2238378966897377,-0.4202181589072554
2022-02-01 00:00:00+05:30,-0.18038906768775267,-0.24128309093126243,-0.3525478976021433
2022-02-02 00:00:00+05:30,-0.18259840241637385,-0.23057400736889666,-0.556348831480203
2022-02-03 00:00:00+05:30,-0.21571387899287087,-0.2985906635689988,-0.5848334174783727
2022-02-04 00:00:00+05:30,-0.3283070698840987,-0.3459589938648447,-0.48952865371683446
2022-02-07 00:00:00+05:30,-0.32609913322745515,-0.37731699551702097,-0.5117331483013914
2022-02-08 00:00:00+05:30,-0.3511572838819102,-0.29130322813886866,-0.42552215258733866
2022-02-09 00:00:00+05:30,-0.2617443768768693,-0.23068356169642584,-0.46231624757761025
2022-02-10 00:00:00+05:30,-0.20754491647424353,-0.23609376891970463,-0.39967630888769645
2022-02-11 00:00:00+05:30,-0.25710745482717784,-0.24636226642973685,-0.1769181150328262
2022-02-14 00:00:00+05:30,-0.32996244821185106,-0.32994807303562085,-0.511402361047953
2022-02-15 00:00:00+05:30,-0.3057885687520975,-0.15460666791794717,-0.4798323482990711
2022-02-16 00:00:00+05:30,-0.13182054799061624,-0.16564855976177997,-0.5323274402025929
2022-02-17 00:00:00+05:30,-0.15367651614107056,-0.09818382049820319,-0.3747833194502331
2022-02-18 00:00:00+05:30,-0.10002898840480413,-0.1403628287824913,-0.7639542029624126
2022-02-21 00:00:00+05:30,-0.17155940741330364,-0.19446726975749615,-0.48658627356391193
2022-02-22 00:00:00+05:30,-0.30203568581659285,-0.21853842816509647,-0.3336966739574454
2022-02-23 00:00:00+05:30,-0.1956230425125813,-0.25155277281240307,-0.7297195791479901
2022-02-24 00:00:00+05:30,-0.40778461827374407,-0.5127983909806999,0.39317316212403647
2022-02-25 00:00:00+05:30,-0.4627574626440948,-0.45052356591423515,-0.2648514967960925
2022-02-28 00:00:00+05:30,-0.5446635134156821,-0.28357402228529655,0.16591194589246278
2022-03-02 00:00:00+05:30,-0.34276758911358535,-0.19744833183739824,0.1770752153009872
2022-03-03 00:00:00+05:30,-0.1980518461300005,-0.24216722396370063,-0.5455238410224944
2022-03-04 00:00:00+05:30,-0.3018152250114277,-0.35865722870380784,-0.5058934662430145
2022-03-07 00:00:00+05:30,-0.46584790731587244,-0.5485732085889647,-0.0462974898336445
2022-03-08 00:00:00+05:30,-0.6142063824154904,-0.5575172831070029,0.1653950828050152
2022-03-09 00:00:00+05:30,-0.5601171484777652,-0.2956090093035425,0.10935808286356444
2022-03-10 00:00:00+05:30,-0.19805175579581943,-0.21136113924804972,-0.046477866855118705
2022-03-11 00:00:00+05:30,-0.25092674069206344,-0.1961236127526265,-0.4129352045506788
2022-03-14 00:00:00+05:30,-0.22697266032574842,-0.15261929319801243,-0.663730659635519
2022-03-15 00:00:00+05:30,-0.13634580539327545,-0.27496068339928625,-0.17804513525113203
2022-03-16 00:00:00+05:30,-0.2377904605844835,-0.18684821041700742,-0.48385628623322224
2022-03-17 00:00:00+05:30,-0.12574894520406488,-0.013825211744072814,0.17389361308479606
2022-03-21 00:00:00+05:30,-0.10091153953056815,-0.045404098607970074,-0.4294526043832745
2022-03-22 00:00:00+05:30,-0.06536837193048255,0.09537676538035006,0.2465673677640708
2022-03-23 00:00:00+05:30,0.0734977921599001,0.11315358353223343,-0.20772903314572064
2022-03-24 00:00:00+05:30,0.04479734957678692,0.20027236915454488,-0.3546124685298653
2022-03-25 00:00:00+05:30,0.2048565777336869,0.23825574278724254,-0.28710894551510424
2022-03-28 00:00:00+05:30,0.2655687964974494,0.2958937549642291,-0.5644339097089868
2022-03-29 00:00:00+05:30,0.3273848285378295,0.2972184740490008,-0.6417430400853011
2022-03-30 00:00:00+05:30,0.33158036020131476,0.40851915677755024,-0.18535876074483545
2022-03-31 00:00:00+05:30,0.3868838327042009,0.32416054802341987,-0.35106178816252853
2022-04-01 00:00:00+05:30,0.3229696990333828,0.3707560761710194,-0.69048293468624
2022-04-04 00:00:00+05:30,0.3659099995109959,0.38809171608501497,-0.6900806881655084
2022-04-05 00:00:00+05:30,0.35630606816865434,0.30494767990257293,-0.3557903938713774
2022-04-06 00:00:00+05:30,0.21501299488070127,0.2894898603809829,-0.4129485231237944
2022-04-07 00:00:00+05:30,0.23267340369870285,0.18746398780249834,-0.20553198083445937
2022-04-08 00:00:00+05:30,0.15518349715904275,0.28198153973913176,-0.22755910788281336
2022-04-11 00:00:00+05:30,0.24349171972038058,0.2699459605353316,-0.605235806669827
2022-04-12 00:00:00+05:30,0.21479115647829322,0.1614060468605175,-0.35144444101319583
2022-04-13 00:00:00+05:30,0.18719507271890676,0.14064757444317785,-0.534799380179168
2022-04-18 00:00:00+05:30,0.09557515819454285,0.12342267322781986,-0.5591320931033551
2022-04-19 00:00:00+05:30,0.15076803210626133,0.3375208463119918,0.4761049714611857
2022-04-20 00:00:00+05:30,0.3695530586291215,0.5089982406884336,0.40761805111032207
2022-04-21 00:00:00+05:30,0.5766368907097924,0.649558811650587,0.1922409080255529
2022-04-22 00:00:00+05:30,0.594298425645909,0.5981044010306799,-0.23385603960762524
2022-04-25 00:00:00+05:30,0.5578708047763264,0.4572122061581679,-0.10521264623169596
2022-04-26 00:00:00+05:30,0.48634109540186304,0.6353149725151311,-0.4148405929170288
2022-04-27 00:00:00+05:30,0.587565063560139,0.6412776888604895,0.04050599028924769
2022-04-28 00:00:00+05:30,0.7070023688328487,0.7329231408591957,0.4423126779500447
2022-04-29 00:00:00+05:30,0.808999009912591,0.6675565150141913,-0.031470844439112834
2022-05-02 00:00:00+05:30,0.6011427468470841,0.6459150939355219,-0.5916100739617521
2022-05-04 00:00:00+05:30,0.6519199687949421,0.4542311440782658,0.03466086554474182
2022-05-05 00:00:00+05:30,0.5161445587145909,0.3377411393381586,-0.0957709304615654
2022-05-06 00:00:00+05:30,0.2704262063720814,0.29302283939741036,0.0604200104559296
2022-05-09 00:00:00+05:30,0.18818845781141524,0.06699982580807588,-0.0398660277140448
2022-05-10 00:00:00+05:30,0.011681641845534803,-0.029394362149854664,0.05156629688253232
2022-05-11 00:00:00+05:30,-0.03766052641896123,-0.08537484696060244,-0.13206212125352015
2022-05-12 00:00:00+05:30,-0.13733868001646846,-0.19557051144499268,0.11423043951781962
2022-05-13 00:00:00+05:30,-0.140650155966815,-0.13550394631018364,0.03857434896627558
2022-05-16 00:00:00+05:30,-0.12199566830057883,-0.1341792272254119,-0.3373466673387355
2022-05-17 00:00:00+05:30,-0.12056062707691878,0.09096024551703863,-0.13795757483681861
2022-05-18 00:00:00+05:30,0.11025578632467815,0.11127635532538209,-0.09153722500084366
2022-05-19 00:00:00+05:30,-0.012603028503366604,-0.01791069988257987,-0.256589563283918
2022-05-20 00:00:00+05:30,0.050316242272751534,0.30141410870059127,0.19764888902650024
2022-05-23 00:00:00+05:30,0.31303542706336696,0.2626591172907557,-0.22113929951468983
2022-05-24 00:00:00+05:30,0.25894610077119246,0.28242271797701957,-0.33158977814112045
2022-05-25 00:00:00+05:30,0.3207620846367989,0.27392070997520107,-0.3836650148334934
2022-05-26 00:00:00+05:30,0.2973600228111002,0.21893332033886645,-0.052783058656526306
2022-05-27 00:00:00+05:30,0.22814821841961608,0.19243301678788938,-0.13986923830011733
2022-05-30 00:00:00+05:30,0.276607917608971,0.3905214534139459,-0.31074236931912097
2022-05-31 00:00:00+05:30,0.33489159872865787,0.3195231429483874,3.324155882071299
2022-06-01 00:00:00+05:30,0.3192168425100662,0.3214003711552388,-0.5717613660286178
2022-06-02 00:00:00+05:30,0.31855430813161356,0.5219167685535636,0.21900201943728326
2022-06-03 00:00:00+05:30,0.5614032469398758,0.6438163883313954,0.3351055280036679
2022-06-06 00:00:00+05:30,0.640881058824463,0.617426823479056,-0.48748534128081616
2022-06-07 00:00:00+05:30,0.6185830152226585,0.6289104857463307,-0.40647877010648736
2022-06-08 00:00:00+05:30,0.6248751081813314,0.5213648516170382,-0.3987312664809028
2022-06-09 00:00:00+05:30,0.486340637146746,0.6863270205260421,-0.09144008906134193
2022-06-10 00:00:00+05:30,0.6229991445848255,0.49972343053836876,-0.039270213661926415
2022-06-13 00:00:00+05:30,0.35387800409307274,0.38632463439124703,-0.06950939360487295
2022-06-14 00:00:00+05:30,0.3539886543300721,0.309474938464522,-0.2556166671304643
2022-06-15 00:00:00+05:30,0.282237615482747,0.2392500223327641,-0.4809295938226714
2022-06-16 00:00:00+05:30,0.2942690467976975,0.15908704823022418,-0.10212248114247151
2022-06-17 00:00:00+05:30,0.15518321565141907,0.2253372149221126,0.36823522250230795
2022-06-20 00:00:00+05:30,0.25453032831023975,0.12165618371960613,-0.42514129262151384
2022-06-21 00:00:00+05:30,0.15518337505014607,0.21230854054389928,-0.4473441223844313
2022-06-22 00:00:00+05:30,0.15098866056005314,0.03895391796060609,-0.5179609258965645
2022-06-23 00:00:00+05:30,0.055946667416418426,-0.05081489801680309,0.047381575596971315
2022-06-24 00:00:00+05:30,-0.0214336991757294,0.02669804573063914,-0.2859726407145784
2022-06-27 00:00:00+05:30,0.1219573553952157,0.010356093176610919,-0.20693875511979423
2022-06-28 00:00:00+05:30,-0.016797984914916256,0.08775770603986133,-0.3287064991563984
2022-06-29 00:00:00+05:30,0.03861569230024076,0.20358505514480557,0.031938626037835725
2022-06-30 00:00:00+05:30,0.19933741690561893,0.23781456454935476,0.2821621508579235
2022-07-01 00:00:00+05:30,0.18807790093059953,-0.17503410861048244,4.0526111406063485
2022-07-04 00:00:00+05:30,-0.2445241915161107,-0.16399221676664963,1.4824197299995845
2022-07-05 00:00:00+05:30,-0.14727380202511514,-0.12081892893683997,-0.06781101940622833
2022-07-06 00:00:00+05:30,-0.15367673018458267,-0.1680777049051567,0.33535749235563844
2022-07-07 00:00:00+05:30,-0.14087148482328954,-0.220525210699477,0.2942048302816864
2022-07-08 00:00:00+05:30,-0.15831204512240302,-0.21323718308379264,0.019450030541106413
2022-07-11 00:00:00+05:30,-0.24993216896039497,-0.14146607046998783,-0.31112214074772004
2022-07-12 00:00:00+05:30,-0.18922127698540228,-0.14908631418158497,-0.5076017013082927
2022-07-13 00:00:00+05:30,-0.13778067021622883,-0.24382356695883098,-0.2870036775622098
2022-07-14 00:00:00+05:30,-0.22454405220064114,-0.20054013261593792,-0.11116118201265225
2022-07-15 00:00:00+05:30,-0.16493566650320712,-0.1902710429203515,-0.5828887137086911
2022-07-18 00:00:00+05:30,-0.15168927669672594,-0.1451103803706071,-0.22702041001924841
2022-07-19 00:00:00+05:30,-0.19738900699292103,-0.11231632874946727,-0.14512527231066413
2022-07-20 00:00:00+05:30,0.11102904607990373,0.0332120868269687,0.3341101567580816
2022-07-21 00:00:00+05:30,0.009474140300488756,-0.0036668607471239782,-0.1397887505770101
2022-07-22 00:00:00+05:30,0.022720588403381783,0.0334335642242439,-0.49537128122888113
2022-07-25 00:00:00+05:30,-0.04914104596580711,-0.14919646069466835,0.28200162363291964
2022-07-26 00:00:00+05:30,-0.15146890610537964,-0.14676731555129166,-0.47402999666437884
2022-07-27 00:00:00+05:30,-0.1540076029233734,-0.15184589886421185,-0.6435986118656707
2022-07-28 00:00:00+05:30,-0.11857409866675585,-0.06815053793079867,-0.3976540628485774
2022-07-29 00:00:00+05:30,-0.033135115286707095,0.04745592596242459,-0.22895576517510852
2022-08-01 00:00:00+05:30,0.0649978622567229,0.191881099851364,-0.19249866850362243
2022-08-02 00:00:00+05:30,0.1827796833298039,0.21352252093003343,-0.306611370547233
2022-08-03 00:00:00+05:30,0.24349159579058094,0.2614433603479589,-0.2852847492194781
2022-08-04 00:00:00+05:30,0.26556902418563566,0.18536646656948025,-0.2714443185515158
2022-08-05 00:00:00+05:30,0.1905069182135062,0.10167051345051284,-0.30504099552002145
2022-08-08 00:00:00+05:30,0.09115955340587248,0.17487708384772702,-0.5469050026672224
2022-08-10 00:00:00+05:30,0.1924928482735128,0.20877437715636338,-0.5110786813022832
2022-08-11 00:00:00+05:30,0.2503355431336855,0.2277663600654893,-0.6728520893348601
2022-08-12 00:00:00+05:30,0.22207664509274921,0.3202953529110796,-0.3877602839717348
2022-08-16 00:00:00+05:30,0.3454887583229064,0.36070846387270816,-0.7747166345454387
2022-08-17 00:00:00+05:30,0.38699361599997933,0.39129366337663807,-0.7754474272135555
2022-08-18 00:00:00+05:30,0.3951157704835185,0.4019672158057511,-0.7233212213663749
2022-08-19 00:00:00+05:30,0.37296694420997917,0.29684006747985947,-0.5920123204824838
2022-08-22 00:00:00+05:30,0.29987454556985244,0.280777034321865,-0.5913107902562603
2022-08-23 00:00:00+05:30,0.24893098673224257,0.3698417416753164,-0.5780687989360785
2022-08-24 00:00:00+05:30,0.3510393516957157,0.35422225549742653,-0.5338141259266215
2022-08-25 00:00:00+05:30,0.3706413630423268,0.33716316623724785,-0.6937443202779217
2022-08-26 00:00:00+05:30,0.3353123751325806,0.30603374820899737,-0.5099677330159581
2022-08-29 00:00:00+05:30,0.2289962286492216,0.26094770103908366,0.07252371199593849
2022-08-30 00:00:00+05:30,0.2932293668367638,0.35023388578981024,0.2838330554995172
2022-09-01 00:00:00+05:30,0.2237917507903139,0.17841894564746766,0.07706765056601149
2022-09-02 00:00:00+05:30,0.17450918460600603,0.11217410862556713,-0.36542875068976755
2022-09-05 00:00:00+05:30,0.10939043014151979,0.19924492721798745,-0.4724594935739642
2022-09-06 00:00:00+05:30,0.20241707509464782,0.25917469748977356,-0.4998776332488635
2022-09-07 00:00:00+05:30,0.20684700620529084,0.22572035897568762,-0.7182969177217191
2022-09-08 00:00:00+05:30,0.23619497642218373,0.23380724490400365,-0.7459216873747146
2022-09-09 00:00:00+05:30,0.2843694291644914,0.19813754023161143,-0.6653844678395076
2022-09-12 00:00:00+05:30,0.19699032344181494,0.26183361062818444,-0.7216958431934599
2022-09-13 00:00:00+05:30,0.30208909336488954,0.30991137921797607,-0.6286426866676756
2022-09-14 00:00:00+05:30,0.20684728302830938,0.24034319686583905,-0.6421173688277713
2022-09-15 00:00:00+05:30,0.2245665068640344,0.18351470234146,-0.5340716610279239
2022-09-16 00:00:00+05:30,0.1376305012590328,0.04282740367070533,0.0967745925333865
2022-09-19 00:00:00+05:30,0.03895625387611352,0.05002838000992055,-0.7124218261877031
2022-09-20 00:00:00+05:30,0.09045293821099952,0.05091428959902137,-0.6591991431961404
2022-09-21 00:00:00+05:30,0.03352997920812324,0.06620215186655262,-0.608238888780988
2022-09-22 00:00:00+05:30,0.009719435052908107,0.0138043896587861,-0.5377489959030619
2022-09-23 00:00:00+05:30,0.007504265936235433,-0.0894402007902663,-0.5877012648471291
2022-09-26 00:00:00+05:30,-0.19394287199944585,-0.22713577804114307,-0.39871378585368855
2022-09-27 00:00:00+05:30,-0.19405358186129254,-0.18526174531727405,-0.16337850482879207
2022-09-28 00:00:00+05:30,-0.26858495078551675,-0.32661288399430016,-0.10944872086167383
2022-09-29 00:00:00+05:30,-0.26936010022935836,-0.3424538475694652,-0.2583370497209264
2022-09-30 00:00:00+05:30,-0.3778914046217281,-0.22624868408093382,-0.005975893915785392
2022-10-03 00:00:00+05:30,-0.19959096022011924,-0.24452767558278876,-0.4388487936847263
2022-10-04 00:00:00+05:30,-0.18563685135798805,-0.14770889058248837,-0.6247884324775453
2022-10-06 00:00:00+05:30,-0.1165313485126193,-0.1279908881838988,-0.34283731313724164
2022-10-07 00:00:00+05:30,-0.1483150601982171,-0.10528057217987714,-0.7038360848666557
2022-10-10 00:00:00+05:30,-0.16968958845639512,-0.16410354765084145,-0.7925078790586194
2022-10-11 00:00:00+05:30,-0.14975504864911346,-0.27022793645002574,-0.6077350881402499
2022-10-12 00:00:00+05:30,-0.28708032181878645,-0.23178857994058502,-0.7228686460068506
2022-10-13 00:00:00+05:30,-0.24411082838997405,-0.21506111459076493,-0.7285425502488992
2022-10-14 00:00:00+05:30,-0.14754037148561824,-0.24186935462993212,-0.6147201674865681
2022-10-17 00:00:00+05:30,-0.2804348709927641,-0.15756759568900605,-0.1265902367142586
2022-10-18 00:00:00+05:30,-0.13203564918415595,-0.06340713164156234,-0.40279279096514453
2022-10-19 00:00:00+05:30,-0.06005071648802203,0.0310855485017942,0.03462769717515586
2022-10-20 00:00:00+05:30,0.007504896676781053,0.045929863789220836,-0.6396307656144488
2022-10-21 00:00:00+05:30,0.05778309579332742,-0.01832108447164863,-0.6699561961246391
2022-10-24 00:00:00+05:30,-0.04786906028830327,-4.3277340902110264e-05,-0.9820090195594318
2022-10-25 00:00:00+05:30,0.0385132249852951,-0.08489813758946196,-0.4144836167385699
2022-10-27 00:00:00+05:30,-0.05229836016671614,-0.06362860903883753,-0.3965664220652047
2022-10-28 00:00:00+05:30,-0.036794341584732396,0.10253688091632467,-0.0702272518894833
2022-10-31 00:00:00+05:30,0.1315401080121183,0.15449109614398657,-0.40252878867208874
2022-11-01 00:00:00+05:30,0.26222031024249254,0.11073450554327831,-0.30371374848377103
2022-11-02 00:00:00+05:30,0.11227028897023912,0.1457397780238449,-0.622672444173805
2022-11-03 00:00:00+05:30,0.10684371219034358,0.16678723699163991,-0.769205370571244
2022-11-04 00:00:00+05:30,0.16011290792352886,0.2500923476448276,-0.39254805488038563
2022-11-07 00:00:00+05:30,0.24228646613062088,0.280777034321865,-0.44288118379027763
2022-11-09 00:00:00+05:30,0.28503448883588806,0.27501684543604704,-0.47717285976165197
2022-11-10 00:00:00+05:30,0.24007097145987835,0.20522718568663484,-0.8157695994158283
2022-11-11 00:00:00+05:30,0.26222031164510384,0.33660888055850563,-0.4095601628663039
2022-11-14 00:00:00+05:30,0.3303297800753843,0.3083610374370496,-0.6187526856553225
2022-11-15 00:00:00+05:30,0.31161321818480137,0.28232796828834567,-0.7440419756805731
2022-11-16 00:00:00+05:30,0.2843695333200614,0.24920584587017253,-0.5756562802857116
2022-11-17 00:00:00+05:30,0.22888611310507673,0.26405016115759916,-0.7712542537565943
2022-11-18 00:00:00+05:30,0.2771706424834931,0.26094770103908366,-0.8582254326438602
2022-11-21 00:00:00+05:30,0.23564115215227946,0.15737148667967266,-0.7886185355508577
2022-11-22 00:00:00+05:30,0.1403997713169829,0.18872119773408996,-0.7744534646632026
2022-11-23 00:00:00+05:30,0.20684757424866268,0.17099708409653144,-0.7871368442917476
2022-11-24 00:00:00+05:30,0.1869134744381767,0.21985002357678626,-0.5965768131966438
2022-11-25 00:00:00+05:30,0.23785642672510057,0.3051478386198965,-0.7271703530283837
2022-11-28 00:00:00+05:30,0.2819334545044335,0.5044360431787861,0.8209576626152029
2022-11-29 00:00:00+05:30,0.4924611837476506,0.5147377030798542,-0.4896777192851667
2022-11-30 00:00:00+05:30,0.5113997377113246,0.5571660214824654,0.47758832754193525
2022-12-01 00:00:00+05:30,0.5762961902054945,0.5393305769607151,-0.5904066000112347
2022-12-02 00:00:00+05:30,0.5501594949491342,0.5367818103353876,-0.4556974930235725
2022-12-05 00:00:00+05:30,0.5102916194137156,0.44882567433942067,-0.24830272147875332
2022-12-06 00:00:00+05:30,0.4064119025442763,0.4659960944837912,-0.6474943585335842
2022-12-07 00:00:00+05:30,0.4504883413133153,0.3780387741167158,-0.6559551101684699
2022-12-08 00:00:00+05:30,0.3951159281572288,0.37526971446522156,-0.701103984493116
2022-12-09 00:00:00+05:30,0.3641064803353695,0.2863157458104078,-0.38742885640228125
2022-12-12 00:00:00+05:30,0.23010432648349588,0.295177802629187,-0.5907881643246762
2022-12-13 00:00:00+05:30,0.2912356126893395,0.3215430878738038,-0.6642000112746408
2022-12-14 00:00:00+05:30,0.34561229258203446,0.3004956289060088,-0.7323553119612464
2022-12-15 00:00:00+05:30,0.26775771375926527,0.21818775872611382,-0.6414557943208946
2022-12-16 00:00:00+05:30,0.19798762189462013,0.18993932341910358,-0.18370680945729087
2022-12-19 00:00:00+05:30,0.22013671737108448,0.26460326246523297,-0.7028376401041966
2022-12-20 00:00:00+05:30,0.2265604560211207,0.3144534424187804,-0.7196360106042502
2022-12-21 00:00:00+05:30,0.30873348779670534,0.2318133561429726,-0.6517649461967798
2022-12-22 00:00:00+05:30,0.2577900422729545,0.21696904085554597,-0.7206903549548339
2022-12-23 00:00:00+05:30,0.18093285539069703,0.049474686516732536,-0.5410181293185272
2022-12-26 00:00:00+05:30,0.07339870609217844,0.09788407901688273,-0.8142328409794134
2022-12-27 00:00:00+05:30,0.10717600118952499,0.14363515056417625,-0.8287661576073944
2022-12-28 00:00:00+05:30,0.12489555669182174,0.14308145707098824,-0.7201607495786844
2022-12-29 00:00:00+05:30,0.10053110921699014,0.14053328263121498,-0.7540171387229442
2022-12-30 00:00:00+05:30,0.1406213774563734,0.14917386205271901,-0.7310408072136979
2023-01-02 00:00:00+05:30,0.15147468189494914,0.21276037812176288,-0.8573944305193688
2023-01-03 00:00:00+05:30,0.18480913127557771,0.17099708409653144,-0.7073839478435258
2023-01-04 00:00:00+05:30,0.1669786138655958,0.08569867686786697,-0.6045518211024193
2023-01-05 00:00:00+05:30,0.09277900452653375,0.07572864087715749,-0.3245923406957094
2023-01-06 00:00:00+05:30,0.09975624269532488,0.12635399172116815,-0.7912227648161674
2023-01-09 00:00:00+05:30,0.14106425688589305,0.2590645509766902,-0.5112025824512191
2023-01-10 00:00:00+05:30,0.2755102845867265,0.17398821333085515,-0.6825262398184984
2023-01-11 00:00:00+05:30,0.15701176984055437,0.10253688091632467,-0.4608225183774149
2023-01-12 00:00:00+05:30,0.09576933913858374,-0.01832108447164863,-0.06515716564974271
2023-01-13 00:00:00+05:30,-0.05141270772543321,-0.027183141290427884,0.12244326079163034
2023-01-16 00:00:00+05:30,-0.019739067657756282,-0.07924809521672739,-0.3254403752262044
2023-01-17 00:00:00+05:30,-0.052298937001781044,-0.0023693821978459733,-0.5093938818031601
2023-01-18 00:00:00+05:30,-0.017966837892326927,-0.011452916413900432,-0.3366823394729936
2023-01-19 00:00:00+05:30,-0.019296266300038226,-0.017323843998355997,-0.43325684989261976
2023-01-20 00:00:00+05:30,-0.014644984586015793,-0.08246070184832628,-0.241787506024369
2023-01-23 00:00:00+05:30,-0.07223278962020575,-0.10982322756623568,-0.4963879109661712
2023-01-24 00:00:00+05:30,-0.0921668812187654,-0.1416153012296492,-0.14199624003931868
2023-01-25 00:00:00+05:30,-0.15318758020010836,-0.21561480808395295,-0.4047650923550801
2023-01-27 00:00:00+05:30,-0.21531607905452652,-0.3157569384144898,0.45620106828754353
2023-01-30 00:00:00+05:30,-0.3320426532331914,-0.2661288280437718,0.19630499377385535
2023-01-31 00:00:00+05:30,-0.22063240601326406,-0.27920073196744255,0.2551814750845904
2023-02-01 00:00:00+05:30,-0.22517310285232667,-0.3101074882273095,0.04107299012068329
2023-02-02 00:00:00+05:30,-0.36238716841233587,-0.33879828614331586,-0.3229554368345214
2023-02-03 00:00:00+05:30,-0.29372474802461324,-0.33425681512806577,0.38375571433088096
2023-02-06 00:00:00+05:30,-0.3690328444155826,-0.3731403108031653,-0.24770447422577727
2023-02-07 00:00:00+05:30,-0.37567664411561835,-0.38543585946526443,-0.22865148700469834
2023-02-08 00:00:00+05:30,-0.37346185314003827,-0.2834099868867799,0.15713231688202098
2023-02-09 00:00:00+05:30,-0.2838685143968153,-0.2743270448562796,-0.35432451841784207
2023-02-10 00:00:00+05:30,-0.2806566163114097,-0.31730787238097047,-0.5068681552813107
2023-02-13 00:00:00+05:30,-0.31321592327783143,-0.3467744333729943,-0.5349109232290111
2023-02-14 00:00:00+05:30,-0.3359184960557273,-0.2254735131904706,-0.280742155313037
2023-02-15 00:00:00+05:30,-0.23392250237989703,-0.10616766614008638,0.9474909585947313
2023-02-16 00:00:00+05:30,-0.07123613186918223,-0.11037692105942369,-0.09232487773110785
2023-02-17 00:00:00+05:30,-0.13646502338522762,-0.08788867463823144,-0.4416151509650778
2023-02-20 00:00:00+05:30,-0.08109285701660097,-0.1450499774440775,-0.6319544010981499
2023-02-21 00:00:00+05:30,-0.12760547658909857,-0.10140353335645262,-0.34543507521079814
2023-02-22 00:00:00+05:30,-0.12328655487172219,-0.22370169401226897,-0.49189180400243154
2023-02-23 00:00:00+05:30,-0.22949146753669172,-0.2489584078994013,-0.5669640544113409
2023-02-24 00:00:00+05:30,-0.24278186726360004,-0.21306722582973386,-0.5937201073265514
2023-02-27 00:00:00+05:30,-0.22063277324472766,-0.24818382919449228,-0.48066194172832916
2023-02-28 00:00:00+05:30,-0.2779987327666451,-0.3485468447367502,0.21051584725659522
2023-03-01 00:00:00+05:30,-0.3047994694286524,-0.3012454314085302,-0.45815931600710774
2023-03-02 00:00:00+05:30,-0.3203036213916291,-0.34079276708990114,-0.6001564358478665
2023-03-03 00:00:00+05:30,-0.2933929854771092,-0.20930092570494696,-0.26013121519544086
2023-03-06 00:00:00+05:30,-0.18076358166794868,-0.15767833438764367,-0.5464735577361989
2023-03-08 00:00:00+05:30,-0.1614938916758317,-0.1385134332966879,-0.18720882580747453
2023-03-09 00:00:00+05:30,-0.14532470039637885,-0.26723680721570203,-0.15823638303734455
2023-03-10 00:00:00+05:30,-0.31033613973379787,-0.34821462864083735,-0.3439944282082606
2023-03-13 00:00:00+05:30,-0.3380227554377464,-0.432848011492122,-0.380012140030135
2023-03-14 00:00:00+05:30,-0.44655471600959495,-0.45179143518580256,-0.17152972770194316
2023-03-15 00:00:00+05:30,-0.43747282141956084,-0.5379757520035678,0.1935165455909804
2023-03-16 00:00:00+05:30,-0.5285060203150479,-0.5626790684902893,-0.021975150028903198
2023-03-17 00:00:00+05:30,-0.5246299865334167,-0.5688822121706576,0.9801869030246932
2023-03-20 00:00:00+05:30,-0.5905238570935093,-0.617291900763585,0.05239307292132358
2023-03-21 00:00:00+05:30,-0.5817748630682862,-0.46563791781438235,0.1725016941310132
2023-03-22 00:00:00+05:30,-0.43547980493214017,-0.4503512399179595,-0.49856652217619546
2023-03-23 00:00:00+05:30,-0.4731328126442796,-0.5141580490131702,-0.1573244449685353
2023-03-24 00:00:00+05:30,-0.5235229506789564,-0.6127504297483343,-0.4053460510756465
2023-03-27 00:00:00+05:30,-0.584986817277926,-0.5368683650171918,-0.2978768197842594
2023-03-28 00:00:00+05:30,-0.5240766991818139,-0.513715686404174,-0.3925090596350616
2023-03-29 00:00:00+05:30,-0.5373663581512444,-0.5431822473961978,0.0062567672696793135
2023-03-31 00:00:00+05:30,-0.5019269621463966,-0.3297147519272614,0.6060494869799463
2023-04-03 00:00:00+05:30,-0.30258399548508885,-0.3288288423381606,-0.538717601939214
2023-04-05 00:00:00+05:30,-0.2959398027304795,-0.34123572188445156,-0.15645630451516387
2023-04-06 00:00:00+05:30,-0.3620549636272392,-0.30667340419843536,-0.01737211029062973
2023-04-10 00:00:00+05:30,-0.2915096898792291,-0.343451680228312,-0.36785791755652897
2023-04-11 00:00:00+05:30,-0.3269485335858369,-0.3179728967583503,-0.522752986922517
2023-04-12 00:00:00+05:30,-0.3217437562603638,-0.2951524342412452,-0.033761574983393904
2023-04-13 00:00:00+05:30,-0.2848654293872401,-0.2755451705412933,-0.40520114756141284
2023-04-17 00:00:00+05:30,-0.1255017914965106,-0.24906973878359312,-0.04974437497492177
2023-04-18 00:00:00+05:30,-0.23170742989381624,-0.30911083993957106,-0.5315119337256687
2023-04-19 00:00:00+05:30,-0.31576306662346243,-0.2832992481881423,-0.4119073692831232
2023-04-20 00:00:00+05:30,-0.28242853373280163,-0.2964818908104507,-0.7491070674553953
2023-04-21 00:00:00+05:30,-0.29006997065938384,-0.2899459388486153,-0.708127674895149
2023-04-24 00:00:00+05:30,-0.2361366149594072,-0.2700058668671963,-0.3694729226099981
2023-04-25 00:00:00+05:30,-0.2560714575223442,-0.23001616857682916,-0.6063936901200642
2023-04-26 00:00:00+05:30,-0.2272776701119905,-0.26092292483669605,-0.6459839170853928
2023-04-27 00:00:00+05:30,-0.23613725706659666,-0.2278008024185229,-0.6108119346563587
2023-04-28 00:00:00+05:30,-0.22063226738971098,-0.1315351187258563,-0.2011323054626048
2023-05-02 00:00:00+05:30,-0.10058354291859703,-0.08600552457583799,-0.36655186498038084
2023-05-03 00:00:00+05:30,-0.081092209066273,-0.1324210283149571,-0.7456146558454393
2023-05-04 00:00:00+05:30,-0.1339178945548533,-0.07060751579522334,-0.6448698312505935
2023-05-05 00:00:00+05:30,-0.08995215786290327,-0.08445518279491154,-0.6377397843584401
2023-05-08 00:00:00+05:30,-0.07001795640615296,-0.017656060094268806,-0.611666308315404
2023-05-09 00:00:00+05:30,-0.01464518414915587,-0.0007077095327277249,-0.7838511907230908
2023-05-10 00:00:00+05:30,0.01857933499243362,0.037067806970441576,-0.5016297299611812
2023-05-11 00:00:00+05:30,0.03840214195637079,0.0009539631323905235,-0.5217609453202097
2023-05-12 00:00:00+05:30,-0.02616226633660673,0.009927350835361592,-0.7524360063866777
2023-05-15 00:00:00+05:30,0.01835790237231685,0.020783296415171904,-0.7602477337085841
2023-05-16 00:00:00+05:30,0.02743899936277716,-0.057757089268827756,-0.6396194960525817
2023-05-17 00:00:00+05:30,-0.0412236921564301,-0.0898825633992625,-0.6343856810077614
2023-05-18 00:00:00+05:30,-0.07101452021760365,-0.10151427205509023,-0.5238310229656622
2023-05-19 00:00:00+05:30,-0.10534581265718009,-0.08401222800036114,-0.6823146153754838
2023-05-22 00:00:00+05:30,-0.10324136240392082,-0.05509876831597109,-0.7217286914050383
2023-05-23 00:00:00+05:30,-0.0464287886621004,-0.05609600878926372,-0.8077149361977654
2023-05-24 00:00:00+05:30,-0.07909901277055495,-0.08777852812514804,-0.6783570141805045
2023-05-25 00:00:00+05:30,-0.10567777607236702,-0.08844296031697366,-0.4622113638143249
2023-05-26 00:00:00+05:30,-0.05229836007230206,0.05900176771289162,-0.38931798074184587
2023-05-29 00:00:00+05:30,0.08724171714655235,0.09024074006867132,-0.5568218329206113
2023-05-30 00:00:00+05:30,0.08635556549103635,0.08880054480082827,-0.47151893337927675
2023-05-31 00:00:00+05:30,0.04072809891768432,-0.02208797678198975,0.5379663499082508
2023-06-01 00:00:00+05:30,-0.003237717076727627,-0.03682096118522457,-0.2634041905069972
2023-06-02 00:00:00+05:30,-0.02350478927490749,-0.054656405706974893,-0.186057089390983
2023-06-05 00:00:00+05:30,-0.03192079422317399,-0.005802874041165861,-0.49929725081271076
2023-06-06 00:00:00+05:30,0.004071490999649364,-0.0011506643272781347,-0.717989053781624
2023-06-07 00:00:00+05:30,0.011934429354339027,0.04050189099931568,-0.5374688576464238
2023-06-08 00:00:00+05:30,0.05401759465772959,0.04382464414399796,-0.42486518835577125
2023-06-09 00:00:00+05:30,0.056232840845567254,0.004610116744094039,-0.8214827550296071
2023-06-12 00:00:00+05:30,-0.013536817252284745,0.009484396040811182,-0.7885096177966767
2023-06-13 00:00:00+05:30,0.029654121685203205,0.09079443356185933,-0.4775691513434425
2023-06-14 00:00:00+05:30,0.08724144798690814,0.15947611413934132,-0.34762572436190764
2023-06-15 00:00:00+05:30,0.1554609161469079,0.16102704810582197,-0.44136068938064804
2023-06-16 00:00:00+05:30,0.17406616117709922,0.21608313126644516,0.3499472848561576
2023-06-19 00:00:00+05:30,0.22678194444174732,0.1593653754407037,-0.7624753290937691
2023-06-20 00:00:00+05:30,0.14604776426689997,0.17110723060961483,-0.7546287685806373
2023-06-21 00:00:00+05:30,0.16697896504242174,0.18706011725452593,-0.7520350404979764
2023-06-22 00:00:00+05:30,0.16476426370121014,0.12325212378820687,-0.7099302285094623
2023-06-23 00:00:00+05:30,0.10473972859866568,0.07728016702919235,-0.7733596768460843
2023-06-26 00:00:00+05:30,0.05623323349223897,0.03474170211349772,-0.38836397391083977
2023-06-27 00:00:00+05:30,0.0330871439569796,0.036735590874528774,-0.5773656038882157
2023-06-28 00:00:00+05:30,0.06952278657925674,0.10995933465281509,-0.4707824418986249
2023-06-30 00:00:00+05:30,0.14350084375210076,0.15593129141182963,-0.4837457036574019
2023-07-03 00:00:00+05:30,0.16930467096099028,0.3009385837005592,-0.41953276464461436
2023-07-04 00:00:00+05:30,0.31759355937826017,0.2412296986404941,-0.6815977175648962
2023-07-05 00:00:00+05:30,0.2821546017937624,0.2318133561429726,-0.5415978074070633
2023-07-06 00:00:00+05:30,0.20917281759972564,0.3520062971535661,0.026357695681190202
2023-07-07 00:00:00+05:30,0.33974285403773047,0.34059665808056777,-0.34135786298418463
2023-07-10 00:00:00+05:30,0.4591268833238711,0.5653630539238649,0.9306138292248115
2023-07-11 00:00:00+05:30,0.6008817160799425,0.6310536052670231,0.08727486413228126
2023-07-12 00:00:00+05:30,0.6305615257905306,0.6378110346261338,0.0017598278951199975
2023-07-13 00:00:00+05:30,0.6695449175011515,0.5829770210483399,-0.25762585072287386
2023-07-14 00:00:00+05:30,0.5944585908396699,0.5778812643543476,-0.22937446781743007
2023-07-17 00:00:00+05:30,0.5878140441112858,0.7019512441883656,0.22498711726270593
2023-07-18 00:00:00+05:30,0.7428580516371576,0.7545698916078531,0.45852784862347884
2023-07-19 00:00:00+05:30,0.7716528618751781,0.8019832280058191,1.307256673773727
2023-07-20 00:00:00+05:30,0.6946479072226085,0.794357654624234,1.2813538419487345
2023-07-21 00:00:00+05:30,0.764239575414622,0.5996879052026421,0.7391095241021323
2023-07-24 00:00:00+05:30,0.4570774768644704,0.47642803520678584,0.32153563085211606
2023-07-25 00:00:00+05:30,0.4882740634944686,0.4725883040732767,-0.42775230923658436
2023-07-26 00:00:00+05:30,0.46667721859792854,0.569563426059889,-0.37108485414659437
2023-07-27 00:00:00+05:30,0.5843819973198696,0.5131541989078919,-0.09473176160054128
2023-07-28 00:00:00+05:30,0.531588763870256,0.5735239630464574,0.13584309000955222
2023-07-31 00:00:00+05:30,0.5695038170999708,0.6248913223898954,-0.6502522636425354
2023-08-01 00:00:00+05:30,0.6346557003130524,0.5383582082806994,-0.5871518096745093
2023-08-02 00:00:00+05:30,0.524749619339297,0.47390887785916896,-0.38150907081040625
2023-08-03 00:00:00+05:30,0.44340000927085627,0.44882448996831226,-0.5467018944272095
2023-08-04 00:00:00+05:30,0.4997930793488566,0.5295974151916903,0.267604630284569
2023-08-07 00:00:00+05:30,0.5530657280731464,0.5639222664704676,-0.8147048819457988
2023-08-08 00:00:00+05:30,0.56986395952766,0.5274365301043715,-0.5674659341040335
2023-08-09 00:00:00+05:30,0.5143105362106849,0.5671621136375602,-0.4622931321694625
2023-08-10 00:00:00+05:30,0.5625448138102063,0.5941669592807257,-0.2071904633453587
2023-08-11 00:00:00+05:30,0.5805424018236075,0.6198506389524447,0.22238039076493704
2023-08-14 00:00:00+05:30,0.596260577126659,0.6921020140507154,-0.5846430515270619
2023-08-16 00:00:00+05:30,0.6250566957671208,0.6870607384277104,-0.5444760278952655
2023-08-17 00:00:00+05:30,0.6636918741183947,0.5978870689322842,-0.3222459026581083
2023-08-18 00:00:00+05:30,0.5776628981365243,0.6430145690909926,-0.004249986128488342
2023-08-21 00:00:00+05:30,0.6417540171608737,0.5975672887330098,-0.6073144645498828
2023-08-22 00:00:00+05:30,0.586048497422008,0.5961164341251909,-0.7039190698222222
2023-08-23 00:00:00+05:30,0.6036910844981992,0.6028857071953857,-0.5883479199908522
2023-08-24 00:00:00+05:30,0.6416330873467168,0.5003884549157486,-0.29238950362903215
2023-08-25 00:00:00+05:30,0.4388713844309477,0.4727097021118901,0.22513823184228673
2023-08-28 00:00:00+05:30,0.47753828721109626,0.41324124438683496,-0.39222719252518246
2023-08-29 00:00:00+05:30,0.42932547647845304,0.3566750880629717,-0.11715908615837838
2023-08-30 00:00:00+05:30,0.3808703569234499,0.35111505789447733,-0.41860052855812413
2023-08-31 00:00:00+05:30,0.3591198904180992,0.3244027519150925,0.1877565828764925
2023-09-01 00:00:00+05:30,0.31936466438720423,0.3380603273518787,-0.038003348425906816
2023-09-04 00:00:00+05:30,0.33410624455767296,0.33334653034035294,-0.5992541665508863
2023-09-05 00:00:00+05:30,0.3518697462004986,0.3645316138106994,-0.6422673948701262
2023-09-06 00:00:00+05:30,0.3545281629450346,0.37685973267828016,-0.672714805581207
2023-09-07 00:00:00+05:30,0.35597767196372276,0.38483706427906705,-0.3236015797254324
2023-09-08 00:00:00+05:30,0.40020388629897646,0.4239988871646461,0.2819270908487535
2023-09-11 00:00:00+05:30,0.4292042955149619,0.48781813215649517,-0.3480295076410757
2023-09-12 00:00:00+05:30,0.5041221877364068,0.40139634893149095,-0.15692130200538243
2023-09-13 00:00:00+05:30,0.40020358405595075,0.4308883739023459,-0.3779793928083671
2023-09-14 00:00:00+05:30,0.4485379293922783,0.4363275982177811,-0.6080898872442573
2023-09-15 00:00:00+05:30,0.46787165047777984,0.4473268527017107,0.4329971044349032
2023-09-18 00:00:00+05:30,0.400324963022751,0.3955947070568782,-0.7165169032311399
2023-09-20 00:00:00+05:30,0.35924067064667714,0.2643302649247413,2.4572468204286526
2023-09-21 00:00:00+05:30,0.24299635275399697,0.22238872304769217,-0.41493561581368044
2023-09-22 00:00:00+05:30,0.24553433396544572,0.1985775340983908,0.03012268981880537
2023-09-25 00:00:00+05:30,0.18366632822230786,0.16352547895904146,-0.2850345777523501
2023-09-26 00:00:00+05:30,0.1550282886206006,0.16848088767668562,-0.5518607924982546
2023-09-27 00:00:00+05:30,0.16699134478419975,0.2323001326685347,-0.44716938014389057
2023-09-28 00:00:00+05:30,0.2624513999202097,0.14817543720831797,-0.26816468395340165
2023-09-29 00:00:00+05:30,0.1628829797310377,0.174524733442971,-0.4075187073467297
2023-10-03 00:00:00+05:30,0.13424470488740592,0.1096176435880349,-0.6305380861041889
2023-10-04 00:00:00+05:30,0.08361445325187267,0.09994784567331078,-0.5391438603105146
2023-10-05 00:00:00+05:30,0.1083859370694011,0.09982763200580579,-0.4964158287444327
2023-10-06 00:00:00+05:30,0.10306930685133266,0.10925522602885729,-0.8500403370535065
2023-10-09 00:00:00+05:30,0.08143947623329209,0.06151145009164113,-0.7126379968744255
2023-10-10 00:00:00+05:30,0.07769382463300893,0.08604806634485193,-0.5423681075733162
2023-10-11 00:00:00+05:30,0.09678548340188652,0.17464553929603022,-0.5693839366958824
2023-10-12 00:00:00+05:30,0.1678373336095247,0.18516097818216876,-0.3939160900468025
2023-10-13 00:00:00+05:30,0.15853252921892427,0.18491936647605034,-0.5478566403289723
2023-10-16 00:00:00+05:30,0.1706162456016522,0.17222823786373773,-0.8181519591818807
2023-10-17 00:00:00+05:30,0.1972001818900284,0.19930296140230022,-0.6901435671981984
2023-10-18 00:00:00+05:30,0.1953876742899217,0.12375962680816636,-0.6267433172718683
2023-10-19 00:00:00+05:30,0.09086468589417405,0.08060884202941675,-0.42733379868906735
2023-10-20 00:00:00+05:30,0.06186433290444452,0.0635669261503102,-0.6270639875322669
2023-10-23 00:00:00+05:30,0.03769698190934452,-0.023217866819425823,-0.6948958645996086
2023-10-25 00:00:00+05:30,-0.05885039795642832,-0.03590899543173843,-0.45370636634279077
2023-10-26 00:00:00+05:30,-0.05655507417986597,-0.1119361456236633,-0.22307439854414385
2023-10-27 00:00:00+05:30,-0.08313861485638127,-0.01693240934702201,-0.4440762696009964
2023-10-30 00:00:00+05:30,-0.0009703911616037343,0.09595947596569446,-0.12121484779848356
2023-10-31 00:00:00+05:30,0.1295321729983882,0.03649161042619352,-0.3776528316406289
2023-11-01 00:00:00+05:30,0.03564244066665874,0.05945656621852626,-0.5376836836695144
2023-11-02 00:00:00+05:30,0.09557695546919402,0.11457305230567905,-0.5214891952033703
2023-11-03 00:00:00+05:30,0.12759843443363986,0.11336440158953281,-0.6311079673576928
2023-11-06 00:00:00+05:30,0.1399241376894906,0.16002033266366195,-0.5160337027540971
2023-11-07 00:00:00+05:30,0.1441530334108281,0.12327581121037534,-0.7521246207084992
2023-11-08 00:00:00+05:30,0.13919903512642465,0.15252622447511188,-0.6929408517420826
2023-11-09 00:00:00+05:30,0.14850348618228293,0.0912456789541687,-0.26846793761818755
2023-11-10 00:00:00+05:30,0.07527714480305504,0.10176111784030724,-0.7025161374329784
2023-11-13 00:00:00+05:30,0.1172066576437001,0.10103628272195203,-0.9509679718706842
2023-11-15 00:00:00+05:30,0.15853256461942433,0.2022034862468295,-0.41528996669647716
2023-11-16 00:00:00+05:30,0.18535823685012567,0.21247731342684964,-0.35674830663007606
2023-11-17 00:00:00+05:30,0.1897076392894196,0.20002779652065544,-0.7009998691090489
2023-11-20 00:00:00+05:30,0.17919535495959862,0.18504017232910955,-0.9102838290250341
2023-11-21 00:00:00+05:30,0.22136710432358023,0.25647373917701366,-0.6718132406318436
2023-11-22 00:00:00+05:30,0.24311742566289096,0.2789554715571096,-0.6512998206433582
2023-11-23 00:00:00+05:30,0.2750179913259374,0.2966026010726206,-0.6515093320435229
2023-11-24 00:00:00+05:30,0.2832350669336831,0.2927344450325092,-0.7656172317170196
2023-11-28 00:00:00+05:30,0.2887929899271595,0.29394309574865546,-0.31466264009041556
2023-11-29 00:00:00+05:30,0.3228690370990771,0.309172923831874,-0.3953980374323187
2023-11-30 00:00:00+05:30,0.2907265738541055,0.25296859288163415,0.6232600929305683
2023-12-01 00:00:00+05:30,0.25036786531718075,0.2937020762280913,-0.2794024861460922
2023-12-04 00:00:00+05:30,0.4243710502277196,0.3563120783182399,-0.19948157077548906
2023-12-05 00:00:00+05:30,0.39778730400450374,0.3987374357930801,-0.38500455593723515
2023-12-06 00:00:00+05:30,0.4173626186721626,0.45518337844943835,-0.14624236763073478
2023-12-07 00:00:00+05:30,0.4485379030324994,0.445392774681655,-0.6764461831280256
2023-12-08 00:00:00+05:30,0.4578424737148342,0.4422500459454531,-0.5443619235813617
2023-12-11 00:00:00+05:30,0.4388709756728326,0.4509528048501494,-0.7453414970333665
2023-12-12 00:00:00+05:30,0.44853777731753053,0.3656188664882322,-0.6088910506424415
2023-12-13 00:00:00+05:30,0.3567028132008501,0.3895508612905928,-0.5554849811441332
2023-12-14 00:00:00+05:30,0.43403784665276873,0.46255608859937497,-0.1110306215771585
2023-12-15 00:00:00+05:30,0.49203878296842796,0.5385832387912999,-0.17763642153864717
2023-12-18 00:00:00+05:30,0.5345731005780552,0.5999845901653023,-0.29077795628204495
2023-12-19 00:00:00+05:30,0.6781255753916612,0.6896699079795675,-0.12074741710740734
2023-12-20 00:00:00+05:30,0.716914038426748,0.6148514085037889,-0.062086914388590146
2023-12-21 00:00:00+05:30,0.6104580163920283,0.7004275507573787,-0.3163735644829576
2023-12-22 00:00:00+05:30,0.6892428588015863,0.7064708043381099,-0.1386007082424583
2023-12-26 00:00:00+05:30,0.7095430709880225,0.7378969073290205,-0.7197592074055695
2023-12-27 00:00:00+05:30,0.7433769961759026,0.7591699889929702,-0.608440780420572
2023-12-28 00:00:00+05:30,0.7622275178195121,0.8043750654592805,-0.4100401437512775
2023-12-29 00:00:00+05:30,0.813703363180311,0.7545764056489495,-0.5021209163764202
2024-01-01 00:00:00+05:30,0.7398729431295719,0.7673889322998755,-0.9397156985360507
2024-01-02 00:00:00+05:30,0.7506273010155982,0.8192418837977672,-0.7208390363335571
2024-01-03 00:00:00+05:30,0.8110448280857416,0.7505880359413332,-0.6191097258653829
2024-01-04 00:00:00+05:30,0.7578771357557638,0.7828597799036582,-0.5822760593453736
2024-01-05 00:00:00+05:30,0.793885967907725,0.8095720858830431,-0.6800121030165235
2024-01-08 00:00:00+05:30,0.8110448952418328,0.7603786397091165,-0.7025354749766365
2024-01-09 00:00:00+05:30,0.7868778290798913,0.7438193550566925,-0.8518301483791179
2024-01-10 00:00:00+05:30,0.7312936129062096,0.9120699303482344,-0.4868714062854684
2024-01-11 00:00:00+05:30,0.9294638263792788,1.0805615251603404,0.3214066712066603
2024-01-12 00:00:00+05:30,1.0764000200113102,1.132897700070469,-0.2365447265553363
2024-01-15 00:00:00+05:30,1.1493848451960582,1.246031789274858,-0.646447505880378
2024-01-16 00:00:00+05:30,1.221765064166034,1.151753480302126,-0.6170934987968065
2024-01-17 00:00:00+05:30,1.0744662119026984,1.0886590704286323,-0.41677972593737844
2024-01-18 00:00:00+05:30,1.0353159741409823,1.119481144154247,-0.5395887518778567
2024-01-19 00:00:00+05:30,1.1542181848661186,1.1170638427219544,-0.5304152004548806
2024-01-23 00:00:00+05:30,1.1336760103108465,0.9291118462273409,0.08638303198634845
2024-01-24 00:00:00+05:30,0.9571350376910914,1.003084112546151,0.205719239986935
2024-01-25 00:00:00+05:30,0.9944730795608021,1.0475637617085518,-0.441656643442861
2024-01-29 00:00:00+05:30,1.0986334498088786,1.506746809186581,0.3321374711785369
2024-01-30 00:00:00+05:30,1.5599834601765175,1.3113007045034175,-0.29533764662609124
2024-01-31 00:00:00+05:30,1.2895538946995833,1.4031617120438569,-0.22898502761700193
2024-02-01 00:00:00+05:30,1.439389868979641,1.4032825178969162,-0.34301660162149006
2024-02-02 00:00:00+05:30,1.430569328704241,1.553402148075156,0.06058905388393525
2024-02-05 00:00:00+05:30,1.5638504885794686,1.4631128009955947,-0.6333954322902965
2024-02-06 00:00:00+05:30,1.4724986277081389,1.4088425480654105,-0.6184407236927303
2024-02-07 00:00:00+05:30,1.4438613171080903,1.478221823225754,-0.6025234920611561
2024-02-08 00:00:00+05:30,1.511891519685133,1.5167790246604829,-0.25687668098512156
2024-02-09 00:00:00+05:30,1.5312248709413783,1.5681481605605836,-0.3937657438464399
2024-02-12 00:00:00+05:30,1.5638506260357183,1.5275360752527398,-0.7704231876005013
2024-02-13 00:00:00+05:30,1.5384753229569497,1.5891796305184147,-0.703755789238353
2024-02-14 00:00:00+05:30,1.5481421548184986,1.6678656938487506,-0.7420278616548467
2024-02-15 00:00:00+05:30,1.673085718883816,1.6157705384591863,-0.5570473522211551
2024-02-16 00:00:00+05:30,1.6398560523100187,1.5673019274036148,-0.5723690899586185
2024-02-19 00:00:00+05:30,1.570134262581091,1.632209017258551,-0.7668759649396465
2024-02-20 00:00:00+05:30,1.6328481600900169,1.6178260145178553,-0.7420529620426415
2024-02-21 00:00:00+05:30,1.6278937015022736,1.6017499532776682,-0.383296961187972
2024-02-22 00:00:00+05:30,1.5996178860118775,1.6696783738301928,-0.013614607850392087
2024-02-23 00:00:00+05:30,1.7028114066777222,1.7270913554965788,-0.2732719725536238
2024-02-26 00:00:00+05:30,1.722387264735121,1.6966322915156962,-0.7167214201663862
2024-02-27 00:00:00+05:30,1.6715151118302525,1.68853415406185,-0.5045886942988966
2024-02-28 00:00:00+05:30,1.671394166600507,1.5433699326012542,-0.644055541374098
2024-02-29 00:00:00+05:30,1.5843927673262903,1.568390364452256,0.31520354577807125
2024-03-01 00:00:00+05:30,1.5771426295018016,1.7198394511997015,-0.4209069468447769
2024-03-04 00:00:00+05:30,1.7075242886455004,1.7936909116654522,-0.5559179628335932
2024-03-05 00:00:00+05:30,1.781475617133548,1.758879876046667,-0.7426822646223534
2024-03-06 00:00:00+05:30,1.7219036546665172,1.7724178300015025,-0.6979876945104725
2024-03-07 00:00:00+05:30,1.7679420819383673,1.6560207983934065,-0.6653283761565785
2024-03-11 00:00:00+05:30,1.7003947804449222,1.5964315348152922,-0.4757049352968681
2024-03-12 00:00:00+05:30,1.5921262761039074,1.639099096181805,-0.5938081507786377
2024-03-13 00:00:00+05:30,1.6558066185325528,1.429994823876301,-0.3319537337641447
2024-03-14 00:00:00+05:30,1.4621071426079333,1.4266104834339808,-0.008660226714593247
2024-03-15 00:00:00+05:30,1.3956474673943209,1.3625496267360133,0.03313422410136658
2024-03-18 00:00:00+05:30,1.3668887237640868,1.4652884907217687,-0.6106667750157191
2024-03-19 00:00:00+05:30,1.4091810893135823,1.3965138370122756,-0.6678872070164124
2024-03-20 00:00:00+05:30,1.4053138949365296,1.4859569509348682,-0.6542457865659658
2024-03-21 00:00:00+05:30,1.5240957691575454,1.5208882002211583,-0.3649426868026498
2024-03-22 00:00:00+05:30,1.5117704341650087,1.540469407756725,0.052586384326304275
2024-03-26 00:00:00+05:30,1.4877244470079576,1.4754415120487296,-0.4668188857647046
2024-03-27 00:00:00+05:30,1.5022246021972163,1.723344597495081,-0.15237646699288818
2024-03-28 00:00:00+05:30,1.7191245441057397,1.6895011930718777,0.2015722973462692
2024-04-01 00:00:00+05:30,1.717191183526044,1.6843041726481152,-0.8767508635000382
2024-04-02 00:00:00+05:30,1.6762275946595202,1.6948190193486996,-0.6272654309506402
2024-04-03 00:00:00+05:30,1.6669234081912934,1.6206057335093254,-0.7490454690547357
2024-04-04 00:00:00+05:30,1.6556857069877875,1.5786641916322763,-0.26996230713439806
2024-04-05 00:00:00+05:30,1.5644546555230316,1.5650054318243816,-0.7212553698066225
2024-04-08 00:00:00+05:30,1.5746047224157476,1.6901052223371738,-0.6626779801065747
2024-04-09 00:00:00+05:30,1.70039493572869,1.5821693379276558,-0.7450036663037612
2024-04-10 00:00:00+05:30,1.5909179146400234,1.6591629349440542,-0.6126557246220492
2024-04-12 00:00:00+05:30,1.6369562306003584,1.5990910401392573,-0.2020414261409473
2024-04-15 00:00:00+05:30,1.5650587909653138,1.587849581763655,-0.37165793698017413
2024-04-16 00:00:00+05:30,1.5280833492656591,1.5923223592546167,-0.5980658680899285
2024-04-18 00:00:00+05:30,1.577142437351077,1.5854322803313627,0.019167266988806057
2024-04-19 00:00:00+05:30,1.544638198103989,1.6134746350655071,-0.18982637364589985
2024-04-22 00:00:00+05:30,1.620401462678785,1.6604923915132597,-0.5350473745718445
2024-04-23 00:00:00+05:30,1.6520607844622581,1.5612586738228837,-0.2625806160482818
2024-04-24 00:00:00+05:30,1.577142383878595,1.5170206363666012,-0.5278493261188797
2024-04-25 00:00:00+05:30,1.4756407987759088,1.5644014025590856,-0.1768825134623826
2024-04-26 00:00:00+05:30,1.5793176724800801,1.5285037064483218,-0.5950138658352083
2024-04-29 00:00:00+05:30,1.5118914433793982,1.588817212959237,-0.7336982467398685
2024-04-30 00:00:00+05:30,1.598892920499655,1.5983656128353478,-0.4630822576265616
2024-05-02 00:00:00+05:30,1.6182269339266233,1.596190515294728,-0.2685296640820502
2024-05-03 00:00:00+05:30,1.6133935474087922,1.4388183886340564,-0.09472791970445024
2024-05-06 00:00:00+05:30,1.441806921539052,1.368835084208417,-0.724334649523589
2024-05-07 00:00:00+05:30,1.3474340977928128,1.2815670678264441,-0.2682206475731278
2024-05-08 00:00:00+05:30,1.2581367803626478,1.3641212871968913,-0.5934032149306424
2024-05-09 00:00:00+05:30,1.3330549800898361,1.246031789274858,-0.4928345412715706
2024-05-10 00:00:00+05:30,1.2545115558464597,1.3103342576789438,-0.525139508742668
2024-05-13 00:00:00+05:30,1.2697370021202974,1.2874895155541162,-0.6563067076924013
2024-05-14 00:00:00+05:30,1.2749323768195897,1.3714934051612737,-0.7375192685288112
2024-05-15 00:00:00+05:30,1.3693055209424736,1.3531220327129616,-0.8746599755840926
2024-05-16 00:00:00+05:30,1.3598802613665462,1.3969970604245123,-0.2557791793351152
2024-05-17 00:00:00+05:30,1.3816311368721093,1.4470373319409617,-0.498798188510485
2024-05-21 00:00:00+05:30,1.393955884982679,1.4490922158140767,-0.48217225511331746
2024-05-22 00:00:00+05:30,1.4455526778982803,1.5676649371483466,-0.5394500594289703
2024-05-23 00:00:00+05:30,1.5532172208129358,1.6904682320819058,-0.262407346534576
2024-05-24 00:00:00+05:30,1.6744152659212146,1.6624264695333153,-0.7435077600291143
2024-05-27 00:00:00+05:30,1.6579815449900728,1.594739660686909,-0.7733315029414167
2024-05-28 00:00:00+05:30,1.5988927622495115,1.5461496515927244,-0.697060132730893
2024-05-29 00:00:00+05:30,1.4949744854820664,1.4715739481941725,-0.7250167141429512
2024-05-30 00:00:00+05:30,1.4418066534379002,1.3945797589922198,-0.35214136096411003
2024-05-31 00:00:00+05:30,1.4215063825543357,1.4214128708246638,0.7916534721176118
2024-06-03 00:00:00+05:30,1.6713945861836899,1.8078323027000294,0.18067097391579218
2024-06-04 00:00:00+05:30,1.7441375243684432,1.2612610251725223,1.152744705479617
2024-06-05 00:00:00+05:30,1.3765556567902952,1.374757531936089,-0.07949275269223827
2024-06-06 00:00:00+05:30,1.4393899648231263,1.4272145126992768,-0.05446715380803257
2024-06-07 00:00:00+05:30,1.4079725113738153,1.6126278097229843,-0.009454602763016753
2024-06-10 00:00:00+05:30,1.6083178163589735,1.6196386944992975,-0.6053926200619428
2024-06-11 00:00:00+05:30,1.6037262848880562,1.5484467393575119,-0.44383179694640335
2024-06-12 00:00:00+05:30,1.5481420629066995,1.5805976774667776,-0.552247543371419
2024-06-13 00:00:00+05:30,1.6182269200236472,1.5899050578223242,-0.6099132511290636
2024-06-14 00:00:00+05:30,1.608559968077611,1.649372923361825,-0.6754279526006977
2024-06-18 00:00:00+05:30,1.6924199364764858,1.6661738197203675,-0.7369771769903659
2024-06-19 00:00:00+05:30,1.693145072350379,1.5579957314191768,-0.6390659428574648
2024-06-20 00:00:00+05:30,1.5553924843663822,1.6307587548362863,-0.1660067459446708
2024-06-21 00:00:00+05:30,1.626081121656684,1.5364804458635544,0.798090440954942
2024-06-24 00:00:00+05:30,1.4902616555985981,1.4749576964509385,-0.6293003552468597
2024-06-25 00:00:00+05:30,1.4780572726174708,1.536238834157436,-0.7466702808280533
2024-06-26 00:00:00+05:30,1.492799518186215,1.825721043921659,0.21185052195862164
2024-06-27 00:00:00+05:30,1.8200220522614998,1.9056157579681408,0.6196132370977525
2024-06-28 00:00:00+05:30,1.9035199690774665,2.0741079449658013,0.6563869700387416
2024-07-01 00:00:00+05:30,2.055772561997091,2.0487250955556218,-0.7031979459259344
2024-07-02 00:00:00+05:30,2.0894857220982193,2.073020100102714,-0.7016009977840932
2024-07-03 00:00:00+05:30,2.0741391875788353,2.0113765448370393,-0.618335967992648
2024-07-04 00:00:00+05:30,2.0290679399235936,2.0191122647317075,-0.7600023005799684
2024-07-05 00:00:00+05:30,2.0137214319635452,2.1863952088276672,-0.41214844826283586
2024-07-08 00:00:00+05:30,2.1837374500365754,2.245742268514109,-0.5894458058304677
2024-07-09 00:00:00+05:30,2.225304536865462,2.1943725404284544,-0.7521375550920056
2024-07-10 00:00:00+05:30,2.212737963400768,2.1651221271637175,-0.7409591742255232
2024-07-11 00:00:00+05:30,2.1764872446360144,2.1478380073929384,-0.43319973370406634
2024-07-12 00:00:00+05:30,2.161987223268582,2.2255570317132465,-0.37020301093049823
2024-07-15 00:00:00+05:30,2.258413720658208,2.227974333145539,-0.8565291714880657
2024-07-16 00:00:00+05:30,2.205487837443071,2.1265649257289887,-0.5967433593921903
2024-07-18 00:00:00+05:30,2.1209028348805474,2.176967614804616,-0.4103130464369442
2024-07-19 00:00:00+05:30,2.1692373544404857,2.0245514890471425,-0.3563974134537613
2024-07-22 00:00:00+05:30,1.9336076290523456,1.7611769638114545,0.061984174417793976
2024-07-23 00:00:00+05:30,1.758396001672621,1.6994126026927203,-0.04189634173495505
2024-07-24 00:00:00+05:30,1.6810612894286514,1.7371235709704806,-0.4349659814003193
2024-07-25 00:00:00+05:30,1.661727333751519,1.721168907768907,-0.39612991863766134
2024-07-26 00:00:00+05:30,1.7168288829930356,1.80154743741318,-0.5664498806511571
2024-07-29 00:00:00+05:30,1.811321906994479,1.8550922630394546,-0.7150922000973803
2024-07-30 00:00:00+05:30,1.8358515467005023,1.82149047032237,-0.6709322938581687
2024-07-31 00:00:00+05:30,1.772896044164355,1.7841419196037873,-0.5538096583220349
2024-08-01 00:00:00+05:30,1.8115638125080171,1.8318856955410034,-0.5085472559678985
2024-08-02 00:00:00+05:30,1.7777294491445519,1.7546493024473782,-0.5403052654988353
2024-08-05 00:00:00+05:30,1.656893898568208,1.5032410707056474,-0.10626987200434794
2024-08-06 00:00:00+05:30,1.5367838797889786,1.5454254086599233,-0.5423582467066826
2024-08-07 00:00:00+05:30,1.603726184663671,1.587849581763655,-0.6743669489635561
2024-08-08 00:00:00+05:30,1.5482633300131527,1.511944421795898,-0.40462588765338153
2024-08-09 00:00:00+05:30,1.560225690976039,1.6336598718663697,-0.7976144633112249
2024-08-12 00:00:00+05:30,1.6085599784103646,1.5675441312952876,-0.673725608442759
2024-08-13 00:00:00+05:30,1.5638508778178097,1.5820485320745965,-0.7966355481872285
2024-08-14 00:00:00+05:30,1.5773845930218675,1.5734665790229594,-0.796481744280384
2024-08-16 00:00:00+05:30,1.6020349680013055,1.652515059912473,-0.5948183133241745
2024-08-19 00:00:00+05:30,1.6932974638064777,1.7262534129373692,-0.31430611213316734
2024-08-20 00:00:00+05:30,1.764711076975556,1.7628794972798134,-0.6591760918195941
2024-08-21 00:00:00+05:30,1.745433125226572,1.776099447592037,-0.7002723420526095
2024-08-22 00:00:00+05:30,1.7927189576773555,1.7734310594847589,-0.5289374791550646
2024-08-23 00:00:00+05:30,1.7963563294043388,1.7824056315588384,-0.6055274706147383
2024-08-26 00:00:00+05:30,1.8119969094263395,1.8436518303176372,-0.6332877311365445
2024-08-27 00:00:00+05:30,1.8290926749471887,1.7847098255502765,-0.797526099701131
2024-08-28 00:00:00+05:30,1.8024186156159776,1.7742802535694986,-0.5824356260963548
2024-08-29 00:00:00+05:30,1.7932038221702589,1.8840382929293262,1.2568767377631258
2024-08-30 00:00:00+05:30,1.9430636557259997,1.829219676175942,1.4672443685031897
2024-09-02 00:00:00+05:30,1.8309113608106804,1.8613587705741237,-0.47802787373671235
2024-09-03 00:00:00+05:30,1.881228336367283,1.8267940841458905,-0.4983292210609724
2024-09-04 00:00:00+05:30,1.7815641142398846,1.8531119945461705,-0.430487483126997
2024-09-05 00:00:00+05:30,1.8705589494428538,1.7484473431381182,-0.15637690532928242
2024-09-06 00:00:00+05:30,1.7417957534995887,1.6118863934091112,0.04404584931592806
2024-09-09 00:00:00+05:30,1.6157002002974998,1.6003648312663667,-0.6208538186275109
2024-09-10 00:00:00+05:30,1.5866012264816332,1.5958778413221042,-0.5082886963609717
2024-09-11 00:00:00+05:30,1.5989685271614318,1.547244602682462,-0.5728362645232886
2024-09-12 00:00:00+05:30,1.5696268250890444,1.6845333484575953,0.2332687084765462
2024-09-13 00:00:00+05:30,1.6637136254977074,1.6497258659521354,-0.6399973465331352
2024-09-16 00:00:00+05:30,1.6692910472164428,1.6435404878383932,-0.846790861339707
2024-09-17 00:00:00+05:30,1.6520739175673331,1.6481494680068236,-0.8177490723451338
2024-09-18 00:00:00+05:30,1.6326746016900888,1.6052160153264696,-0.6487449597428184
2024-09-19 00:00:00+05:30,1.614487743055172,1.6354151098490535,-0.11208406948532096
2024-09-20 00:00:00+05:30,1.6520739175673331,1.7142468508257254,0.780607252476661
2024-09-23 00:00:00+05:30,1.734521010045622,1.7503879351992702,-0.6322504191919643
2024-09-24 00:00:00+05:30,1.7223964376223444,1.7309831989588587,-0.10045964448266899
2024-09-25 00:00:00+05:30,1.7000873427675407,1.7531771291596077,-0.745158110526621
2024-09-26 00:00:00+05:30,1.7328236883103907,1.7725818654000192,0.007212951175137013
2024-09-27 00:00:00+05:30,1.773319641800111,1.9095070092448665,0.12109187384160792
2024-09-30 00:00:00+05:30,1.8722562711780852,1.66888780611532,0.5316199857870675
2024-10-01 00:00:00+05:30,1.6843253986172797,1.6118863934091112,-0.1456532768967757
2024-10-03 00:00:00+05:30,1.4705688315828098,1.3312455139692703,1.2198623740636347
2024-10-04 00:00:00+05:30,1.3122223893509124,1.2320390368143879,1.1760379934163738
2024-10-07 00:00:00+05:30,1.2616626855377888,1.1553900917905406,0.2225090942839868
2024-10-08 00:00:00+05:30,1.1621198275386508,1.28455286739078,-0.1079280343572397
2024-10-09 00:00:00+05:30,1.2811833655432938,1.1741884300234393,-0.2814663527261975
2024-10-10 00:00:00+05:30,1.1963113585803493,1.1569670819214066,0.2338622814226115
2024-10-11 00:00:00+05:30,1.1476917047589779,1.1620604698731822,-0.6868176377521872
2024-10-14 00:00:00+05:30,1.1935223517109128,1.1641224599729476,-0.41523976592088757
2024-10-15 00:00:00+05:30,1.0920400357401605,1.0258637142600153,0.9640881418028177
2024-10-16 00:00:00+05:30,1.0021968356796447,1.0746177587527168,0.08503952092331266
2024-10-17 00:00:00+05:30,1.1268372033828848,1.086018515042402,-0.20251218647530242
2024-10-18 00:00:00+05:30,1.0612437401890624,1.0999656692151978,-0.4241388778997606
2024-10-21 00:00:00+05:30,1.1337484464722085,1.147991917661773,-0.29703896627840565
2024-10-22 00:00:00+05:30,1.1438116047754738,1.0225889281452243,-0.18405187575786755
2024-10-23 00:00:00+05:30,0.9900722632563668,0.9991822019294495,-0.09551012974858547
2024-10-24 00:00:00+05:30,0.9792815122036772,1.0053675800431916,0.2208823074158385
2024-10-25 00:00:00+05:30,1.0191712370722334,0.9473955752136296,-0.00697017662414588
2024-10-28 00:00:00+05:30,0.9876473487717112,0.9789282716042983,-0.5046971638318669
2024-10-29 00:00:00+05:30,0.9444837525408148,1.0063375799809904,-0.4288830432877782
2024-10-30 00:00:00+05:30,0.9779476908330891,1.0252573162525025,-0.4304158317648991
2024-10-31 00:00:00+05:30,1.0021968356796447,0.9677709035773941,-0.6002771354167266
2024-11-01 00:00:00+05:30,0.9684907611509875,0.9997885999369623,-1.0615809627017656
2024-11-04 00:00:00+05:30,0.9917695849915982,0.8227203817432072,0.06982894204608331
2024-11-05 00:00:00+05:30,0.7742548741220224,0.8380017299696421,-0.15616489669665867
2024-11-06 00:00:00+05:30,0.8567019666003113,0.9352676150633723,0.18689913570057448
2024-11-07 00:00:00+05:30,0.9245995721706668,0.8396995259535672,-0.5823275407529935
2024-11-08 00:00:00+05:30,0.7968066972333467,0.7334584766002032,0.07095051957826018
2024-11-11 00:00:00+05:30,0.7061145402951462,0.6798526558618447,-0.6178921009309302
2024-11-12 00:00:00+05:30,0.6896255954155988,0.6873722280292258,-0.5145105830488054
2024-11-13 00:00:00+05:30,0.6639212650701948,0.5796761787691636,-0.2607826727092778
2024-11-14 00:00:00+05:30,0.5831714943271372,0.6551117355924309,-0.390190539375722
2024-11-18 00:00:00+05:30,0.6510690998974927,0.6218812432178369,-0.3256480937415265
2024-11-19 00:00:00+05:30,0.6178478898617392,0.5292237461069826,-0.2895896578210871
2024-11-21 00:00:00+05:30,0.5252162749519246,0.43874904494895306,0.04658246121003553
2024-11-22 00:00:00+05:30,0.4658058700778635,0.6444393675344262,0.11305456318755609
2024-11-25 00:00:00+05:30,0.7597053872140891,0.7492248247955376,0.6542102157451612
2024-11-26 00:00:00+05:30,0.783711803804124,0.791429889244211,-0.6056617448831201
2024-11-27 00:00:00+05:30,0.776679788606678,0.7793019290939538,-0.5848393724173139
2024-11-28 00:00:00+05:30,0.7594626589575685,0.6706358798960926,-0.23556837269540062
2024-11-29 00:00:00+05:30,0.711207097520978,0.7744507450338509,-0.3524327687826152
2024-12-02 00:00:00+05:30,0.7500057292754669,0.8566786701639273,-0.4919035217855092
2024-12-03 00:00:00+05:30,0.890650769385489,0.9253230430514939,-0.1176176804884452
2024-12-04 00:00:00+05:30,0.9342992301092891,0.8557080780405742,0.057768589900301634
2024-12-05 00:00:00+05:30,0.8777986042127871,0.9192590629763654,-0.11830659648916973
2024-12-06 00:00:00+05:30,0.9241147076777633,0.8683216303452851,-0.6191111345606163
2024-12-09 00:00:00+05:30,0.8227531638151335,0.7887620933224869,-0.25973453942404123
2024-12-10 00:00:00+05:30,0.7560680154871058,0.7387946606292056,-0.17049196753615245
2024-12-11 00:00:00+05:30,0.7354562423675336,0.7065341681924105,-0.44706724973947054
2024-12-12 00:00:00+05:30,0.6627088078278669,0.6323114073841689,0.140899089296959
2024-12-13 00:00:00+05:30,0.6142105181347559,0.680580451907971,0.6354413367400146
2024-12-16 00:00:00+05:30,0.6869579526744225,0.6585079197458353,-0.5903438490417477
2024-12-17 00:00:00+05:30,0.6193030753605877,0.5469306863634691,-0.07962715502382306
2024-12-18 00:00:00+05:30,0.5203664459826135,0.5854973627670653,-0.386505776834808
2024-12-19 00:00:00+05:30,0.5123641097792225,0.47489012932249786,-0.28568968506747344
2024-12-20 00:00:00+05:30,0.43961667523955594,0.35288332395935373,0.10286963261861434
2024-12-23 00:00:00+05:30,0.3959682145157559,0.43535345298110273,-0.5540992092240961
2024-12-24 00:00:00+05:30,0.43137220279978217,0.43753624893392734,-0.766550108119525
2024-12-26 00:00:00+05:30,0.4408291324818837,0.40745914463551114,-0.5564457112932987
2024-12-27 00:00:00+05:30,0.41197288692253775,0.42928947290597413,-0.7495509985487147
2024-12-30 00:00:00+05:30,0.40275809347681907,0.3790792441354659,-0.6331179193293206
2024-12-31 00:00:00+05:30,0.36201941173057817,0.4021223684209546,-0.7876448069865842
2025-01-01 00:00:00+05:30,0.39524062176633173,0.430259472843773,-0.8204856549307799
2025-01-02 00:00:00+05:30,0.42627964557395037,0.5299515421531089,-0.2061865758967706
2025-01-03 00:00:00+05:30,0.5361283901328746,0.5753099946779601,-0.20395661134232945
2025-01-06 00:00:00+05:30,0.5848688160623685,0.4144931246484387,-0.2490563734286118
2025-01-07 00:00:00+05:30,0.42991701730093373,0.5253425619846787,-0.5529670664776688
2025-01-08 00:00:00+05:30,0.5608623994723336,0.6449243675033256,0.04099480753523069
2025-01-09 00:00:00+05:30,0.6481593209199337,0.5927741388572196,-0.3785322416558674
2025-01-10 00:00:00+05:30,0.584383951569465,0.5304365421220084,-0.6778397669034479
2025-01-13 00:00:00+05:30,0.46871564905542257,0.5204913779245758,-0.31641153522265736
2025-01-14 00:00:00+05:30,0.5370981191186817,0.5151551938955735,-0.35928677544062754
2025-01-15 00:00:00+05:30,0.5412203553385685,0.5804033826297356,-0.5844481393320432
2025-01-16 00:00:00+05:30,0.6088758246725412,0.6495327554862017,-0.29382490004024525
2025-01-17 00:00:00+05:30,0.9161123714743724,0.8236903816810061,0.6825721171948239
2025-01-20 00:00:00+05:30,0.885800940416178,0.8387289338302141,-0.2987783207020213
2025-01-21 00:00:00+05:30,0.8591268810849668,0.6847038399219476,-0.26530695357768497
2025-01-22 00:00:00+05:30,0.7029626250812043,0.7011979841634082,-0.5399632086835299
2025-01-23 00:00:00+05:30,0.6627088078278669,0.6359497954292461,-0.6393983949325425
2025-01-24 00:00:00+05:30,0.6433094919506225,0.551781870423572,-0.2862456714634481
2025-01-27 00:00:00+05:30,0.5128489742721261,0.46955394529349553,-0.5871910610462394
2025-01-28 00:00:00+05:30,0.5075142808099115,0.4940526616712368,-0.5211100640907864
2025-01-29 00:00:00+05:30,0.49781462287128925,0.4993888457002391,-0.8182083069912158
2025-01-30 00:00:00+05:30,0.4956324366431544,0.5845273628292664,-0.6042721310669918
2025-01-31 00:00:00+05:30,0.5940836095080871,0.6429837754421737,-0.7761743779855813
2025-02-01 00:00:00+05:30,0.6389445274742149,0.6405581834121222,-0.7419916837999895
2025-02-03 00:00:00+05:30,0.5705620574109559,0.5498412783624199,-0.6053551615750553
2025-02-04 00:00:00+05:30,0.5562552987595433,0.7404924566131308,-0.12904175060994957
2025-02-05 00:00:00+05:30,0.72405926269368,0.7065341681924105,-0.5503082822878663
2025-02-06 00:00:00+05:30,0.6806529382062629,0.7227861085421986,-0.5602989409778046
2025-02-07 00:00:00+05:30,0.6925353743931578,0.6507455515012274,-0.6366065530747871
2025-02-10 00:00:00+05:30,0.6360347484966559,0.5874379548282173,-0.751435128423361
2025-02-11 00:00:00+05:30,0.6362774767531766,0.4962354576240614,-0.6304959533103905
2025-02-12 00:00:00+05:30,0.4175497166211352,0.40745914463551114,0.15529601861370812
2025-02-13 00:00:00+05:30,0.40591060071089885,0.4052757564971323,-0.6528108383759633
2025-02-14 00:00:00+05:30,0.4153675303930004,0.41085473660336147,-0.5383909127082728
2025-02-17 00:00:00+05:30,0.37705376313141503,0.4479664131002594,-0.67487183814152
2025-02-18 00:00:00+05:30,0.4437389114594428,0.45039200513031086,-0.7704987448902918
2025-02-19 00:00:00+05:30,0.41779244487765593,0.46033657714218923,-0.7996915204012427
2025-02-20 00:00:00+05:30,0.4393739469830352,0.4872608855499819,-0.698634029496188
2025-02-21 00:00:00+05:30,0.462410634587263,0.46373276129559377,-0.7557218520501391
2025-02-24 00:00:00+05:30,0.4034856862262433,0.3977567765153054,-0.7385310958959875
2025-02-25 00:00:00+05:30,0.3765688986385115,0.3465765478069983,-0.4580929152363343
2025-02-27 00:00:00+05:30,0.38529882759132666,0.3616150999562064,-0.4608441610587277
2025-02-28 00:00:00+05:30,0.33292043791471154,0.3276568115354862,0.2753965078100051
2025-03-03 00:00:00+05:30,0.34262009585333375,0.18770026983862886,-0.048754510447065975
2025-03-04 00:00:00+05:30,0.13989700812807424,0.14234181731377774,-0.4692862154659703
2025-03-05 00:00:00+05:30,0.13407745017295605,0.20880280206296556,-0.6430217511676014
2025-03-06 00:00:00+05:30,0.308671293068156,0.3737430601064636,-0.2713875225209699
2025-03-07 00:00:00+05:30,0.40081804348506705,0.568761014633932,-0.14287923582424214
2025-03-10 00:00:00+05:30,0.5414630835950892,0.5134573979116483,-0.43383332640107997
2025-03-11 00:00:00+05:30,0.5172139387485337,0.5566330544836748,-0.551729143525535
2025-03-12 00:00:00+05:30,0.6045108601961336,0.6039320990696779,-0.4308556008041199
2025-03-13 00:00:00+05:30,0.6144532463912765,0.5595436464826257,-0.5891599687612945
2025-03-17 00:00:00+05:30,0.5276411894365801,0.5156401938644729,-0.13225306348924473
2025-03-18 00:00:00+05:30,0.5116365170297983,0.5156401938644729,-1.197797629715551
2025-03-19 00:00:00+05:30,0.5223064959743655,0.5559052584375486,-0.16289333738409556
2025-03-20 00:00:00+05:30,0.5746842936308427,0.6626313077598119,-0.1751183788089797
2025-03-21 00:00:00+05:30,0.6869579526744225,0.6975595961183311,0.1968598916326042
2025-03-24 00:00:00+05:30,0.7645552161834003,0.8224775856659803,0.10200027556481409
2025-03-25 00:00:00+05:30,0.8455471231628406,0.7417052526281565,-0.3196747136991815
2025-03-26 00:00:00+05:30,0.7645552161834003,0.681551044031324,-0.4246322413894514
2025-03-27 00:00:00+05:30,0.7022350323317801,0.7065341681924105,-0.2355271363440235
2025-03-28 00:00:00+05:30,0.711207097520978,0.6914956160432024,-0.03580789690468348
