Datetime,Open,Close,Volume
2025-03-03 09:15:00+05:30,-1.020154710189512,-1.1176871017423962,-0.6389685806148915
2025-03-03 09:20:00+05:30,-1.126714691822203,-1.3284703091140826,0.8531178253838428
2025-03-03 09:25:00+05:30,-1.3348212919811302,-1.509142942488651,0.6881472821398021
2025-03-03 09:30:00+05:30,-1.5090769788571536,-1.697341687797189,1.4918748300486566
2025-03-03 09:35:00+05:30,-1.6958721948217899,-1.7036149793074735,0.4162525470704155
2025-03-03 09:40:00+05:30,-1.7021404290354776,-1.924433002591119,0.9030190303453689
2025-03-03 09:45:00+05:30,-1.9177670738540875,-2.007241675779124,0.6415876757248068
2025-03-03 09:50:00+05:30,-2.0055223528457153,-2.0398609537542316,0.4487078229535955
2025-03-03 09:55:00+05:30,-2.0381153343601492,-1.9470174646542675,0.48063401240024156
2025-03-03 10:00:00+05:30,-1.949108244922526,-2.0260615503099775,0.398583844755634
2025-03-03 10:05:00+05:30,-2.0268337370400062,-2.05993671183939,0.10578671461133361
2025-03-03 10:10:00+05:30,-2.058174908108445,-2.0988323444554027,0.35206252749065103
2025-03-03 10:15:00+05:30,-2.0970391844978034,-2.097576460901098,0.3927604131219403
2025-03-03 10:20:00+05:30,-2.1007976764970264,-2.095067756923108,0.34819880417122484
2025-03-03 10:25:00+05:30,-2.094529442283339,-1.9959479131822393,0.3491247054351594
2025-03-03 10:30:00+05:30,-1.9954925659715677,-2.018532375245388,-0.09635911246286188
2025-03-03 10:35:00+05:30,-2.0205655028263187,-1.9808926261836803,-0.08093902750335012
2025-03-03 10:40:00+05:30,-1.9791945448837323,-2.093811873368803,0.027850890177142113
2025-03-03 10:45:00+05:30,-2.092022760730111,-2.06746588690398,0.0919921781114363
2025-03-03 10:50:00+05:30,-2.065698013429365,-2.0386081333305466,1.040480559721459
2025-03-03 10:55:00+05:30,-2.0356086528069217,-2.0436255412865263,0.9203118028236656
2025-03-03 11:00:00+05:30,-2.044383568573837,-2.0762478823922543,0.4974812384056675
2025-03-03 11:05:00+05:30,-2.0794862923027355,-2.0097503797571137,0.8324382035453645
2025-03-03 11:10:00+05:30,-2.0080290343989433,-2.033587662243947,-0.0848967332818975
2025-03-03 11:15:00+05:30,-2.040625076574614,-2.0875385818585186,-0.12624553446339642
2025-03-03 11:20:00+05:30,-2.0857545265164235,-2.0423727208628417,-0.06968201739972461
2025-03-03 11:25:00+05:30,-2.041876887020609,-1.9997125007145342,-0.011562568512824407
2025-03-03 11:30:00+05:30,-2.004267481738483,-2.002221204692524,-0.11871301440642498
2025-03-03 11:35:00+05:30,-2.000505929078023,-2.0097503797571137,-0.07913247578913193
2025-03-03 11:40:00+05:30,-2.0080290343989433,-2.0373522497762417,-0.25437843456375475
2025-03-03 11:45:00+05:30,-2.033101971253694,-2.012259083735103,-0.3179349427524061
2025-03-03 11:50:00+05:30,-2.003015671292488,-2.0561721243070954,-0.2987625210916858
2025-03-03 11:55:00+05:30,-2.0569200370012126,-2.107614339943677,0.018188101046757315
2025-03-03 12:00:00+05:30,-2.1033074187114913,-2.108867160367362,0.01350638224979494
2025-03-03 12:05:00+05:30,-2.1120823344784068,-2.1051056359656872,-0.24042726063198883
2025-03-03 12:10:00+05:30,-2.098290994943799,-2.097576460901098,-0.22985945522858528
2025-03-03 12:15:00+05:30,-2.0957843133905714,-2.0611925953936954,-0.24082059462757005
2025-03-03 12:20:00+05:30,-2.0606815896616726,-2.034843545798252,-0.15647655881404193
2025-03-03 12:25:00+05:30,-2.0343568423609266,-2.0561721243070954,-0.31511894981059
2025-03-03 12:30:00+05:30,-2.048145121234297,-2.003477088246829,-0.14973070674823297
2025-03-03 12:35:00+05:30,-2.000505929078023,-2.0235528463319876,0.010439769416989103
2025-03-03 12:40:00+05:30,-2.030595289700466,-1.9946950927585545,-0.04189801781804901
2025-03-03 12:45:00+05:30,-1.9917310133111077,-1.9470174646542675,0.21627875905146496
2025-03-03 12:50:00+05:30,-1.9478533738152937,-1.9896746216719547,0.230219490487773
2025-03-03 12:55:00+05:30,-1.9879694606506475,-2.014767787713093,-0.027845899763523283
2025-03-03 13:00:00+05:30,-2.0205655028263187,-2.004732971801134,-0.283272819495788
2025-03-03 13:05:00+05:30,-2.003015671292488,-1.972110630695406,-0.14220862918671942
2025-03-03 13:10:00+05:30,-1.9704196291168168,-1.9545466397188571,-0.10585134083410085
2025-03-03 13:15:00+05:30,-1.9466015633692983,-1.973366514249711,-0.16301008013887344
2025-03-03 13:20:00+05:30,-1.9679129475635893,-2.003477088246829,0.1087837108077534
2025-03-03 13:25:00+05:30,-1.9992541186320278,-1.98842180124827,-0.1233251165670013
2025-03-03 13:30:00+05:30,-1.9829560975441922,-2.0084944962028084,-0.11332120591832483
2025-03-03 13:35:00+05:30,-2.006774163291711,-1.9821485097379854,-0.16494542263040585
2025-03-03 13:40:00+05:30,-1.9804494159909647,-1.98591309727028,-0.1806022041536302
2025-03-03 13:45:00+05:30,-1.9817012264369598,-1.984657213715975,-0.1755306321929059
2025-03-03 13:50:00+05:30,-1.9829560975441922,-1.984657213715975,-0.13520519556628205
2025-03-03 13:55:00+05:30,-1.9804494159909647,-1.9821485097379854,-0.34776567144383175
2025-03-03 14:00:00+05:30,-1.9804494159909647,-1.9645814556308163,-0.32803631669202304
2025-03-03 14:05:00+05:30,-1.9628965237958969,-1.9670932227394264,-0.03554898057964056
2025-03-03 14:10:00+05:30,-1.9654062660103615,-1.8717379665308524,0.7060039493728258
2025-03-03 14:15:00+05:30,-1.8701278816978135,-1.8579354999559783,2.8492321596494534
2025-03-03 14:20:00+05:30,-1.850068307949518,-1.7613274233237195,1.4399547426319348
2025-03-03 14:25:00+05:30,-1.76983613427881,-1.7977143519617425,-0.20805900554429133
2025-03-03 14:30:00+05:30,-1.7986706237940209,-1.8140224593839862,-0.22091023662115758
2025-03-03 14:35:00+05:30,-1.8149686448818565,-1.8403715089794295,-0.20018536396902822
2025-03-03 14:40:00+05:30,-1.8350251579689147,-1.8102609349823116,-0.32953655520614256
2025-03-03 14:45:00+05:30,-1.817475326435084,-1.8529180919999986,-0.17742768553442598
2025-03-03 14:50:00+05:30,-1.8438000737358302,-1.8253162219808705,-0.26656134593131486
2025-03-03 14:55:00+05:30,-1.8237435606487717,-1.8265690424045553,-0.1994161001369623
2025-03-03 15:00:00+05:30,-1.8262502422019995,-1.8391156254251244,0.0689212248130968
2025-03-03 15:05:00+05:30,-1.8262502422019995,-1.8228075180028807,0.42721020563758094
2025-03-03 15:10:00+05:30,-1.8199820079883118,-1.8328423339148399,0.24740087634785202
2025-03-03 15:15:00+05:30,-1.8237435606487717,-1.8441360965117244,0.4056951841624698
2025-03-03 15:20:00+05:30,-1.8450549448430626,-1.8102609349823116,0.9639579530059045
2025-03-03 15:25:00+05:30,-1.8087004106681688,-1.7588187193457299,1.0475327249873667
2025-03-04 09:15:00+05:30,-2.0456384396810696,-1.973366514249711,-0.6389685806148915
2025-03-04 09:20:00+05:30,-1.974181181777277,-1.8742466705088423,0.32960420059250883
2025-03-04 09:25:00+05:30,-1.872634563251041,-1.9583081641205318,-0.18413176761840333
2025-03-04 09:30:00+05:30,-1.9566282895822091,-2.0097503797571137,0.12212922000296064
2025-03-04 09:35:00+05:30,-2.0055223528457153,-1.9670932227394264,-0.18839578659704936
2025-03-04 09:40:00+05:30,-1.9691647580095846,-1.9583081641205318,-0.14244532575043203
2025-03-04 09:45:00+05:30,-1.9654062660103615,-1.9457615810999627,-0.21736674982910723
2025-03-04 09:50:00+05:30,-1.9440918211548337,-1.9445087606762779,-0.2182926510930418
2025-03-04 09:55:00+05:30,-1.9403333291556106,-1.9658373391851214,-0.25326804921339713
2025-03-04 10:00:00+05:30,-1.9628965237958969,-1.9269417065691088,-0.2611416907886603
2025-03-04 10:05:00+05:30,-1.9265419896210028,-1.9608199312291419,-0.28906144281128865
2025-03-04 10:10:00+05:30,-1.9628965237958969,-1.9771280386513854,-0.27763735278033663
2025-03-04 10:15:00+05:30,-1.9754329922232723,-1.9307062941014035,-0.1838393777455819
2025-03-04 10:20:00+05:30,-1.930303542281463,-1.9169068906571496,-0.04397955524599213
2025-03-04 10:25:00+05:30,-1.912750650086395,-1.9482733482085726,-0.22417525686766368
2025-03-04 10:30:00+05:30,-1.949108244922526,-1.9269417065691088,-0.4123037742055265
2025-03-04 10:35:00+05:30,-1.9252871185137705,-1.9307062941014035,-0.4385596886185281
2025-03-04 10:40:00+05:30,-1.9290486711742305,-1.9206684150588242,-0.2105303961359964
2025-03-04 10:45:00+05:30,-1.9152603923008598,-1.8842845495514216,-0.18970457936110724
2025-03-04 10:50:00+05:30,-1.8839192212324212,-1.8090050514280065,-0.09324724881640511
2025-03-04 10:55:00+05:30,-1.8049388580077086,-1.8090050514280065,-0.365260332167648
2025-03-04 11:00:00+05:30,-1.802432176454481,-1.815278342938291,-0.2771256705028991
2025-03-04 11:05:00+05:30,-1.8149686448818565,-1.7952025848531323,-0.18879956308808848
2025-03-04 11:10:00+05:30,-1.7924023895803332,-1.845388916935409,-0.3841159981328117
2025-03-04 11:15:00+05:30,-1.8412933921826025,-1.866720558574873,-0.15510163024541732
2025-03-04 11:20:00+05:30,-1.868873010590581,-1.865464675020568,-0.38632632633806907
2025-03-04 11:25:00+05:30,-1.8600980948236656,-1.8642087914662628,-0.3961666378912383
2025-03-04 11:30:00+05:30,-1.8626047763768934,-1.8805199620191269,-0.23251881073853267
2025-03-04 11:35:00+05:30,-1.8801576685719612,-1.8717379665308524,-0.29026232978894817
2025-03-04 11:40:00+05:30,-1.868873010590581,-1.865464675020568,-0.48067427280027364
2025-03-04 11:45:00+05:30,-1.8626047763768934,-1.8604472670645882,-0.3757132701210146
2025-03-04 11:50:00+05:30,-1.8588462843776705,-1.861700087488273,-0.264183937798731
2025-03-04 11:55:00+05:30,-1.8626047763768934,-1.8855404331057266,-0.14838014400234345
2025-03-04 12:00:00+05:30,-1.8738894343582735,-1.9231801821674341,-0.3452838383566688
2025-03-04 12:05:00+05:30,-1.9190188843000828,-1.9595640476748368,-0.38548396503779775
2025-03-04 12:10:00+05:30,-1.9566282895822091,-1.9608199312291419,-0.48028441963651175
2025-03-04 12:15:00+05:30,-1.960389842242669,-1.957055343696847,-0.3410755126871316
2025-03-04 12:20:00+05:30,-1.9541216080289814,-1.9595640476748368,-0.4053073022487277
2025-03-04 12:25:00+05:30,-1.9628965237958969,-1.9783839222056905,-0.44413250036123203
2025-03-04 12:30:00+05:30,-1.9729263106700445,-2.0248056667556726,-0.11043907717194204
2025-03-04 12:35:00+05:30,-2.0193106317190863,-2.033587662243947,-0.30812595868561055
2025-03-04 12:40:00+05:30,-2.036863523914154,-2.029826137842272,-0.3725109048472559
2025-03-04 12:45:00+05:30,-2.0268337370400062,-2.05993671183939,-0.11820133212898747
2025-03-04 12:50:00+05:30,-2.058174908108445,-2.047390128818821,-0.2516773090719757
2025-03-04 12:55:00+05:30,-2.051906673894757,-2.029826137842272,-0.3187424957344843
2025-03-04 13:00:00+05:30,-2.0280886081472387,-2.049898832796811,-0.3077917988309575
2025-03-04 13:05:00+05:30,-2.0456384396810696,-2.0411168373085364,-0.3105590601273033
2025-03-04 13:10:00+05:30,-2.0393702054673817,-2.027314370733662,-0.33195573332055806
2025-03-04 13:15:00+05:30,-2.0318471001464617,-2.0260615503099775,-0.15034681398024957
2025-03-04 13:20:00+05:30,-2.0280886081472387,-2.018532375245388,0.4913654168991523
2025-03-04 13:25:00+05:30,-2.0180588212730908,-2.0637012993716852,-0.1599399864742483
2025-03-04 13:30:00+05:30,-2.0644431423221326,-2.033587662243947,0.09276144194350223
2025-03-04 13:35:00+05:30,-2.0381153343601492,-2.05993671183939,-0.3334350868437618
2025-03-04 13:40:00+05:30,-2.059429779215677,-2.032334841820262,-0.4109149223096246
2025-03-04 13:45:00+05:30,-2.0343568423609266,-2.0423727208628417,-0.3798345749950692
2025-03-04 13:50:00+05:30,-2.040625076574614,-2.046134245264516,-0.35983023452953555
2025-03-04 13:55:00+05:30,-2.040625076574614,-2.0486460123731263,-0.23906625539064139
2025-03-04 14:00:00+05:30,-2.0493999923415296,-2.0586808282850853,-0.2904294097162747
2025-03-04 14:05:00+05:30,-2.0606815896616726,-2.033587662243947,-0.3704398099147707
2025-03-04 14:10:00+05:30,-2.0293404185932338,-2.0135149672894084,-0.300454205355867
2025-03-04 14:15:00+05:30,-2.0080290343989433,-2.0097503797571137,-0.35836132350178973
2025-03-04 14:20:00+05:30,-2.0092839055061757,-1.9369795856116883,0.8160782939946408
2025-03-04 14:25:00+05:30,-1.937823586941146,-1.9432528771219728,-0.3604915925752031
2025-03-04 14:30:00+05:30,-1.9440918211548337,-1.9219242986131293,-0.2791828421081071
2025-03-04 14:35:00+05:30,-1.9202737554073153,-1.940744173143983,-0.028998055095712537
2025-03-04 14:40:00+05:30,-1.9390784580483782,-1.9821485097379854,-0.009244334521168688
2025-03-04 14:45:00+05:30,-1.9804494159909647,-1.9670932227394264,-0.2951389751677915
2025-03-04 14:50:00+05:30,-1.9654062660103615,-1.9482733482085726,0.09364209239378586
2025-03-04 14:55:00+05:30,-1.9478533738152937,-1.9545466397188571,-0.344274397129071
2025-03-04 15:00:00+05:30,-1.960389842242669,-2.0285702542879673,0.5619497245309761
2025-03-04 15:05:00+05:30,-2.033101971253694,-2.0373522497762417,0.983283531266674
2025-03-04 15:10:00+05:30,-2.0343568423609266,-2.0862857614348336,0.7691357960795222
2025-03-04 15:15:00+05:30,-2.084502716070428,-2.0850298778805287,1.1170031664370135
2025-03-04 15:20:00+05:30,-2.0857545265164235,-2.1000851648790877,0.7157711634577898
2025-03-04 15:25:00+05:30,-2.0957843133905714,-2.0988323444554027,0.4582348596430275
2025-03-05 09:15:00+05:30,-2.1810329108289714,-1.8905578410617063,-0.6389685806148915
2025-03-05 09:20:00+05:30,-1.886425902785649,-1.9005957201042856,0.33797908194975157
2025-03-05 09:25:00+05:30,-1.8801576685719612,-1.8102609349823116,0.45094947864522655
2025-03-05 09:30:00+05:30,-1.8187271368810793,-1.8215516344485758,-0.11019541894459084
2025-03-05 09:35:00+05:30,-1.8124589026673916,-1.83033362993685,-0.09917162457285861
2025-03-05 09:40:00+05:30,-1.828756923755227,-1.7600746029000347,0.0014035300140788247
2025-03-05 09:45:00+05:30,-1.7648227711723548,-1.8290808095131654,0.06785957110820942
2025-03-05 09:50:00+05:30,-1.827505113309232,-1.834098217469145,-0.2971822234457223
2025-03-05 09:55:00+05:30,-1.8350251579689147,-1.815278342938291,-0.16785887886316236
2025-03-05 10:00:00+05:30,-1.8199820079883118,-1.893066545039696,-0.2771082663438026
2025-03-05 10:05:00+05:30,-1.8876777132316442,-1.8755025540631474,-0.3963894111276737
2025-03-05 10:10:00+05:30,-1.872634563251041,-1.866720558574873,-0.4473453081304486
2025-03-05 10:15:00+05:30,-1.8663663290373533,-1.910633599146865,-0.30919457405413653
2025-03-05 10:20:00+05:30,-1.9102439685331674,-1.8968311325719909,-0.4771238243445847
2025-03-05 10:25:00+05:30,-1.8952008185525644,-1.8742466705088423,-0.41436094581073446
2025-03-05 10:30:00+05:30,-1.872634563251041,-1.861700087488273,-0.4512090314498748
2025-03-05 10:35:00+05:30,-1.8588462843776705,-1.8064963474500166,-0.2539468114181612
2025-03-05 10:40:00+05:30,-1.7761043684924978,-1.7199230867297173,0.03696370788007706
2025-03-05 10:45:00+05:30,-1.7196902605693083,-1.7462721363251605,-0.20157421586493007
2025-03-05 10:50:00+05:30,-1.7497765605305144,-1.7337255533045914,-0.3773457802442676
2025-03-05 10:55:00+05:30,-1.725958494782996,-1.7261963782400018,-0.2822285699499971
2025-03-05 11:00:00+05:30,-1.7247036236757636,-1.7274522617943069,-0.45326272222326347
2025-03-05 11:05:00+05:30,-1.7309718578894513,-1.7939497644294475,-0.24983594903956452
2025-03-05 11:10:00+05:30,-1.7936542000263285,-1.8090050514280065,-0.37598129417110093
2025-03-05 11:15:00+05:30,-1.8087004106681688,-1.8328423339148399,-0.0856207463003125
2025-03-05 11:20:00+05:30,-1.827505113309232,-1.8140224593839862,-0.5164119730890563
2025-03-05 11:25:00+05:30,-1.8124589026673916,-1.8077491678737014,-0.4687593854827999
2025-03-05 11:30:00+05:30,-1.806190668453704,-1.7650920108560144,-0.42555182010979326
2025-03-05 11:35:00+05:30,-1.7635679000651223,-1.7638361273017094,-0.3196892819893347
2025-03-05 11:40:00+05:30,-1.76983613427881,-1.7588187193457299,-0.45191215947737395
2025-03-05 11:45:00+05:30,-1.7623130289578899,-1.723687674262012,-0.4124638924692144
2025-03-05 11:50:00+05:30,-1.722196942122536,-1.7111410912414429,-0.40056640931083715
2025-03-05 11:55:00+05:30,-1.7096604736951606,-1.7261963782400018,-0.44610613200277677
2025-03-05 12:00:00+05:30,-1.7159287079088483,-1.7337255533045914,-0.4708722503971167
2025-03-05 12:05:00+05:30,-1.7334816001039162,-1.7374901408368861,-0.4445606426750063
2025-03-05 12:10:00+05:30,-1.7410016447635992,-1.7588187193457299,-0.4736012225434502
2025-03-05 12:15:00+05:30,-1.7572996658514346,-1.7538013113897502,-0.48347634241481247
2025-03-05 12:20:00+05:30,-1.7510314316377469,-1.7788944774308886,-0.4749483044575204
2025-03-05 12:25:00+05:30,-1.76983613427881,-1.696085804242884,-0.3591479914929522
2025-03-05 12:30:00+05:30,-1.6908557710540975,-1.6534286472251967,-0.09306972639362067
2025-03-05 12:35:00+05:30,-1.6519945553259758,-1.601986431588615,-0.04370805036408651
2025-03-05 12:40:00+05:30,-1.5980871289560141,-1.5643466825269075,-0.23293999138866833
2025-03-05 12:45:00+05:30,-1.5629844052271156,-1.5957131400783304,-0.3280049892056493
2025-03-05 12:50:00+05:30,-1.5955804474027864,-1.648408176138597,-0.3641290618263746
2025-03-05 12:55:00+05:30,-1.6507396842187434,-1.6948299206885789,-0.37118818875592086
2025-03-05 13:00:00+05:30,-1.693362452607325,-1.696085804242884,-0.3144784767558383
2025-03-05 13:05:00+05:30,-1.6946173237145574,-1.7324696697502864,-0.34809635046666554
2025-03-05 13:10:00+05:30,-1.7309718578894513,-1.6948299206885789,-0.4622815574670772
2025-03-05 13:15:00+05:30,-1.7008855579282451,-1.6835392212223146,-0.2914353701120532
2025-03-05 13:20:00+05:30,-1.6896039606081021,-1.6835392212223146,-0.4486958708763381
2025-03-05 13:25:00+05:30,-1.6870942183936373,-1.6584460551811764,-0.39104633428504376
2025-03-05 13:30:00+05:30,-1.6570079184324311,-1.67726592971203,-0.2606857018203316
2025-03-05 13:35:00+05:30,-1.6758126210734943,-1.7186702663060325,-0.46614179995468413
2025-03-05 13:40:00+05:30,-1.7247036236757636,-1.7650920108560144,-0.31515027729696377
2025-03-05 13:45:00+05:30,-1.76607458161835,-1.743763432347171,-0.45419558515083663
2025-03-05 13:50:00+05:30,-1.7435083263168267,-1.7036149793074735,-0.28383323341869576
2025-03-05 13:55:00+05:30,-1.7096604736951606,-1.692321216710589,-0.42662043547831924
2025-03-05 14:00:00+05:30,-1.6908557710540975,-1.7274522617943069,-0.4510141048679938
2025-03-05 14:05:00+05:30,-1.7322267289966837,-1.7362342572825813,-0.43006993981124836
2025-03-05 14:10:00+05:30,-1.722196942122536,-1.6885566291782943,-0.4089134440135255
2025-03-05 14:15:00+05:30,-1.6870942183936373,-1.723687674262012,-0.40168723715665267
2025-03-05 14:20:00+05:30,-1.7272133658902284,-1.7061236832854632,-0.393921501367788
2025-03-05 14:25:00+05:30,-1.7046471105887053,-1.662210642713471,-0.4082520859678579
2025-03-05 14:30:00+05:30,-1.6620212815388864,-1.6735013421797353,-0.3976738380689965
2025-03-05 14:35:00+05:30,-1.670799257967039,-1.665975230245766,-0.4199929316943665
2025-03-05 14:40:00+05:30,-1.6770674921807267,-1.7111410912414429,-0.45341239799149347
2025-03-05 14:45:00+05:30,-1.714676897462853,-1.7224348538383272,-0.40924412303635926
2025-03-05 14:50:00+05:30,-1.7196902605693083,-1.6735013421797353,-0.30075703772414636
2025-03-05 14:55:00+05:30,-1.682080855287182,-1.707376503709148,-0.3956479939501622
2025-03-05 15:00:00+05:30,-1.7058989210347004,-1.741254728369181,0.3390685823091934
2025-03-05 15:05:00+05:30,-1.7397498343176039,-1.7600746029000347,0.23041093623783465
2025-03-05 15:10:00+05:30,-1.758554536958667,-1.697341687797189,0.5240956784960573
2025-03-05 15:15:00+05:30,-1.6971240052677852,-1.7261963782400018,0.44303058625631253
2025-03-05 15:20:00+05:30,-1.722196942122536,-1.6910683962869042,0.42157473892212954
2025-03-05 15:25:00+05:30,-1.6858424079476422,-1.67977463369002,0.09944463903656377
2025-03-06 09:15:00+05:30,-1.275900502504713,-1.167873433824673,-0.6389685806148915
2025-03-06 09:20:00+05:30,-1.1668307786575571,-1.2807926810097956,1.5703780300693944
2025-03-06 09:25:00+05:30,-1.2921954629313113,-1.169129317378978,0.4560419355968667
2025-03-06 09:30:00+05:30,-1.1655789682115618,-1.2607199860552571,0.6303724356030129
2025-03-06 09:35:00+05:30,-1.2583476103096451,-1.3259616051360927,0.3179399331660249
2025-03-06 09:40:00+05:30,-1.316016589340067,-1.3008684390949545,0.31293797784168664
2025-03-06 09:45:00+05:30,-1.2997185682522314,-1.428842973278636,0.47048390681515434
2025-03-06 09:50:00+05:30,-1.4275899340792133,-1.3987323992815182,0.2285278062235918
2025-03-06 09:55:00+05:30,-1.3975036341180072,-1.3949678117492235,-0.24081015213211213
2025-03-06 10:00:00+05:30,-1.3937420814575472,-1.3886945202389387,-0.1499047483391981
2025-03-06 10:05:00+05:30,-1.3912353999043194,-1.3824212287286541,-0.08125230236708739
2025-03-06 10:10:00+05:30,-1.3837122945833995,-1.3723833496860747,-0.26633509186306015
2025-03-06 10:15:00+05:30,-1.371175826156024,-1.2958510311389748,-0.13375716952945205
2025-03-06 10:20:00+05:30,-1.2934503340385437,-1.3636013541978005,-0.30131048998341553
2025-03-06 10:25:00+05:30,-1.3611460392818762,-1.3146709056698287,-0.28768651424266406
2025-03-06 10:30:00+05:30,-1.3135099077868393,-1.3209441971801132,-0.3177330545068865
2025-03-06 10:35:00+05:30,-1.319778142000527,-1.3259616051360927,-0.23107078470170267
2025-03-06 10:40:00+05:30,-1.3172683997860621,-1.2845572685420905,-0.2762902708662664
2025-03-06 10:45:00+05:30,-1.2846754182716285,-1.259464102500952,-0.13509032811624505
2025-03-06 10:50:00+05:30,-1.2583476103096451,-1.2607199860552571,-0.35321665407286007
2025-03-06 10:55:00+05:30,-1.2596024814168776,-1.2820485645641007,-0.4171804195843698
2025-03-06 11:00:00+05:30,-1.2784071840579407,-1.231862232481824,-0.019961815692802257
2025-03-06 11:05:00+05:30,-1.2307679919016665,-1.1866933083555267,0.013471573931601913
2025-03-06 11:10:00+05:30,-1.1856354812986203,-1.1565827343584087,-0.25416610382277727
2025-03-06 11:15:00+05:30,-1.1555491813374141,-1.2218243534392446,-0.16143326332472924
2025-03-06 11:20:00+05:30,-1.2207382050275188,-1.2983597351169647,-0.2078988872806034
2025-03-06 11:25:00+05:30,-1.3009734393594639,-1.3297261926683877,-0.05606500332261174
2025-03-06 11:30:00+05:30,-1.3323146104279024,-1.293339264030365,-0.09840236074079267
2025-03-06 11:35:00+05:30,-1.2921954629313113,-1.3008684390949545,-0.21572379721039628
2025-03-06 11:40:00+05:30,-1.2884369709320884,-1.2820485645641007,-0.309556580563344
2025-03-06 11:45:00+05:30,-1.2796589945039358,-1.259464102500952,-0.22477395994058377
2025-03-06 11:50:00+05:30,-1.2570957998636498,-1.2419001115244033,-0.4091779872317925
2025-03-06 11:55:00+05:30,-1.2345295445621267,-1.2406442279700984,-0.19117349038885306
2025-03-06 12:00:00+05:30,-1.239542907668582,-1.1954783669744213,-0.2719496735875957
2025-03-06 12:05:00+05:30,-1.1931585866195404,-1.231862232481824,-0.2830570079229912
2025-03-06 12:10:00+05:30,-1.2307679919016665,-1.2080249499949907,-0.11781147896522554
2025-03-06 12:15:00+05:30,-1.2056950550469159,-1.1829317839538522,-0.11537837752353283
2025-03-06 12:20:00+05:30,-1.1831287997453925,-1.1741467253349576,-0.3667988598317799
2025-03-06 12:25:00+05:30,-1.1743538839784773,-1.1829317839538522,-0.37461332726611485
2025-03-06 12:30:00+05:30,-1.1856354812986203,-1.1929665998658114,-0.30775002884912583
2025-03-06 12:35:00+05:30,-1.1868903524058527,-1.1879491919098317,-0.47460370210740943
2025-03-06 12:40:00+05:30,-1.1856354812986203,-1.1628560258686935,-0.22811555848711454
2025-03-06 12:45:00+05:30,-1.1568040524446466,-1.1616001423143885,-0.36624888840433006
2025-03-06 12:50:00+05:30,-1.1605625444438694,-1.1427802677835346,0.6982521369112383
2025-03-06 12:55:00+05:30,-1.1417578418028063,-1.1616001423143885,-0.39161719070340945
2025-03-06 13:00:00+05:30,-1.1730990128712449,-1.1641119094229984,-0.3458964647568661
2025-03-06 13:05:00+05:30,-1.163072286658334,-1.1114138102321116,-0.4185135781711628
2025-03-06 13:10:00+05:30,-1.1141782233948276,-1.1063964022761321,-0.2777313352394578
2025-03-06 13:15:00+05:30,-1.1054033076279124,-1.123960393252681,-0.37008824590102113
2025-03-06 13:20:00+05:30,-1.1191946471625203,-1.108905106254122,-0.298397033750659
2025-03-06 13:25:00+05:30,-1.1054033076279124,-1.1139255773407217,-0.4271216752602988
2025-03-06 13:30:00+05:30,-1.1217013287157478,-1.1063964022761321,-0.39134916665332314
2025-03-06 13:35:00+05:30,-1.0978802023069922,-1.0938498192555628,-0.20143846342397725
2025-03-06 13:40:00+05:30,-1.092866839200537,-1.061227478149835,-0.10029941408231274
2025-03-06 13:45:00+05:30,-1.0552574339184106,-1.0072796216658837,-0.051348476207456334
2025-03-06 13:50:00+05:30,-1.0063664313161413,-1.0097883256438733,0.0320592158466793
2025-03-06 13:55:00+05:30,-1.008873112869369,-1.0060237381115786,-0.14717229536104534
2025-03-06 14:00:00+05:30,-1.0063664313161413,-1.0223349086644427,-0.007176720420502777
2025-03-06 14:05:00+05:30,-1.0301844970636598,-1.046172191151276,-0.02010801062921298
2025-03-06 14:10:00+05:30,-1.0464825181514952,-1.031116904152717,-0.2440438448922445
2025-03-06 14:15:00+05:30,-1.0301844970636598,-1.0436634871732862,-0.17715618065252037
2025-03-06 14:20:00+05:30,-1.0339460497241197,-1.0838119402129835,-0.05732506444119938
2025-03-06 14:25:00+05:30,-1.0916119680933045,-1.0675007696601195,-0.24447546803783807
2025-03-06 14:30:00+05:30,-1.0615256681320984,-1.0085324420895683,0.05162149067116149
2025-03-06 14:35:00+05:30,-1.005111560208909,-0.9545815224749968,0.15381523205407477
2025-03-06 14:40:00+05:30,-0.9424292180720318,-0.9558374060293019,0.04852703118380122
2025-03-06 14:45:00+05:30,-0.9549656864994072,-0.9244709484778789,0.3013537695470467
2025-03-06 14:50:00+05:30,-0.9186111523245133,-0.9508199980733223,-0.024608726171571605
2025-03-06 14:55:00+05:30,-0.9424292180720318,-0.9734013970058506,-0.011204042835436209
2025-03-06 15:00:00+05:30,-0.9675021549267826,-0.9320001235424685,1.094496107893401
2025-03-06 15:05:00+05:30,-0.9298927496446564,-0.9282355360101737,0.6682438857970282
2025-03-06 15:10:00+05:30,-0.928637878537424,-0.8767933203735919,0.7764002920864074
2025-03-06 15:15:00+05:30,-0.877240194381927,-0.7638740731884692,1.3057338676796157
2025-03-06 15:20:00+05:30,-0.7593955547678557,-0.799005118272187,0.5426380695974837
2025-03-06 15:25:00+05:30,-0.797004960049982,-0.8429181588441792,0.26512179113992296
2025-03-07 09:15:00+05:30,-0.709249681058354,-0.5794399154122263,-0.6389685806148915
2025-03-07 09:20:00+05:30,-0.5813783152313721,-0.6522107095576516,0.10459975096095134
2025-03-07 09:25:00+05:30,-0.6478222100287092,-0.7149436246604975,-0.1504999705802989
2025-03-07 09:30:00+05:30,-0.709249681058354,-0.534270991285929,-0.04834799917921725
2025-03-07 09:35:00+05:30,-0.5425170995032504,-0.6120622565179542,0.06375218956143203
2025-03-07 09:40:00+05:30,-0.6077061231933553,-0.6020243774753749,-0.23687333134448058
2025-03-07 09:45:00+05:30,-0.6001830178724352,-0.5719107403476367,-0.288031116592775
2025-03-07 09:50:00+05:30,-0.5324873126291028,-0.46902937220509333,0.5533068191236471
2025-03-07 09:55:00+05:30,-0.4660434178317655,-0.4088051610802372,0.10634364770242208
2025-03-07 10:00:00+05:30,-0.41464267301503144,-0.3247436674685477,0.7325313686677332
2025-03-07 10:05:00+05:30,-0.3281422651306358,-0.24193805741116323,0.3706188419193547
2025-03-07 10:10:00+05:30,-0.24038698613900783,-0.18798713779659168,0.19839772599570607
2025-03-07 10:15:00+05:30,-0.19149598353673852,-0.1453269176482843,0.5363377640045456
2025-03-07 10:20:00+05:30,-0.1451086018264597,-0.06126542403659479,0.3469491855480951
2025-03-07 10:25:00+05:30,-0.06111487549529178,-0.09012317761002797,0.48109696303220884
2025-03-07 10:30:00+05:30,-0.09245604656373034,-0.11647222720547136,-0.04789897187452718
2025-03-07 10:35:00+05:30,-0.11627717297248595,-0.09137906116433299,-0.10307711787411644
2025-03-07 10:40:00+05:30,-0.08994936501050269,-0.08008529856744857,-0.14819914074773968
2025-03-07 10:45:00+05:30,-0.07991957813635492,0.01777866161911514,0.3276549347736992
2025-03-07 10:50:00+05:30,0.020372169282648504,-0.01107909195431804,0.1099950402808708
2025-03-07 10:55:00+05:30,-0.002194086018874697,0.02154018602078969,0.1899949979839089
2025-03-07 11:00:00+05:30,0.02287885083587616,0.07298240165737145,0.028178088368156586
2025-03-07 11:05:00+05:30,0.07929295875906558,0.10811344674108923,0.19860309507304494
2025-03-07 11:10:00+05:30,0.11439568248796421,0.1231687337396482,0.7750079593586862
2025-03-07 11:15:00+05:30,0.11063412982750416,0.11689544222936361,0.07242642245513481
2025-03-07 11:20:00+05:30,0.11940904559441952,0.16582589075733534,0.2857979321465821
2025-03-07 11:25:00+05:30,0.16704823775069358,0.1231687337396482,-0.026951325985962442
2025-03-07 11:30:00+05:30,0.12442546936211199,0.17084636184393517,0.18326306924537714
2025-03-07 11:35:00+05:30,0.17080979041115363,0.15327930773676615,0.09024131970632696
2025-03-07 11:40:00+05:30,0.15325689821608574,0.2260501018821915,0.28790035456544105
2025-03-07 11:45:00+05:30,0.22973057988757073,0.14198860827050197,0.8773861848280226
2025-03-07 11:50:00+05:30,0.14197530089594274,0.18339294486450436,0.07438961160122164
2025-03-07 11:55:00+05:30,0.18459806928452432,0.20472152337334792,-0.1796275712442254
2025-03-07 12:00:00+05:30,0.20465764303281986,0.15077060375877635,0.042063126495355777
2025-03-07 12:05:00+05:30,0.15576664043055055,0.13445943320591236,-0.07591966801991537
2025-03-07 12:10:00+05:30,0.1306937035757997,0.06043581863680227,0.4530762668868206
2025-03-07 12:15:00+05:30,0.05923338501077004,0.0014674910662511452,0.19270308513932655
2025-03-07 12:20:00+05:30,0.006580829748040672,0.07298240165737145,-0.11128840013585194
2025-03-07 12:25:00+05:30,0.07302472454537787,0.1357153167602174,0.0018699614778654107
2025-03-07 12:30:00+05:30,0.13320038512902735,0.15955259924705073,-0.21089588347702318
2025-03-07 12:35:00+05:30,0.16078000353700586,0.2034656398190429,-0.1262211686406613
2025-03-07 12:40:00+05:30,0.20215096147959222,0.2135035188616223,-0.19621721569502293
2025-03-07 12:45:00+05:30,0.21343255879973524,0.16080848280135576,-0.16217119967042146
2025-03-07 12:50:00+05:30,0.15576664043055055,0.11689544222936361,-0.24170124507785368
2025-03-07 12:55:00+05:30,0.11690236404119186,0.13697120031452242,0.05096013262549394
2025-03-07 13:00:00+05:30,0.13570706668225502,0.10685756318678422,-0.190724463084163
2025-03-07 13:05:00+05:30,0.1081274482742765,0.11062215071907902,-0.1534343118039712
2025-03-07 13:10:00+05:30,0.1081274482742765,0.0968196841442048,-0.07760787145227727
2025-03-07 13:15:00+05:30,0.1081274482742765,0.12066002976165842,-0.25542616494136494
2025-03-07 13:20:00+05:30,0.12317059825487958,0.1394799042925122,-0.27871292981250123
2025-03-07 13:25:00+05:30,0.14072042978871033,0.14700601622648155,-0.2805090390312615
2025-03-07 13:30:00+05:30,0.14698866400239805,0.15955259924705073,-0.21207588546376685
2025-03-07 13:35:00+05:30,0.15952513242977345,0.18088424088651456,-0.20347823087008873
2025-03-07 13:40:00+05:30,0.17958470617806901,0.17084636184393517,-0.2797467368628342
2025-03-07 13:45:00+05:30,0.16955491930392125,0.17837247377790452,-0.3344514897349982
2025-03-07 13:50:00+05:30,0.1733164719643813,0.143244491824807,-0.13373628453853623
2025-03-07 13:55:00+05:30,0.14824353510963043,0.11689544222936361,-0.27041810758710244
2025-03-07 14:00:00+05:30,0.11940904559441952,0.12818614169562778,-0.27772089274399986
2025-03-07 14:05:00+05:30,0.12317059825487958,0.14826189978078658,-0.2667145025313642
2025-03-07 14:10:00+05:30,0.14949840621686283,0.16331718677934554,-0.2630839949438313
2025-03-07 14:15:00+05:30,0.16078000353700586,0.17209918226761992,-0.2650785115762918
2025-03-07 14:20:00+05:30,0.1733164719643813,0.1620643663556608,-0.26909191066394805
2025-03-07 14:25:00+05:30,0.16078000353700586,0.1946836443307685,-0.3041195212615929
2025-03-07 14:30:00+05:30,0.1946278561586721,0.25490785545562467,0.2930102156761777
2025-03-07 14:35:00+05:30,0.2585650694027816,0.21225069843793753,0.08178289838542095
2025-03-07 14:40:00+05:30,0.2222074745666506,0.2235413979042017,-0.15942482336499147
2025-03-07 14:45:00+05:30,0.223462345673883,0.2260501018821915,0.03748931348479179
2025-03-07 14:50:00+05:30,0.22471721678111542,0.1946836443307685,-0.0922656542433617
2025-03-07 14:55:00+05:30,0.19212117460544442,0.2135035188616223,0.22776202322334516
2025-03-07 15:00:00+05:30,0.21343255879973524,0.17711965335421975,1.0189794615736252
2025-03-07 15:05:00+05:30,0.1720616008571489,0.16959047828963014,0.8080132066693161
2025-03-07 15:10:00+05:30,0.17080979041115363,0.15453519129107118,1.0056269907147792
2025-03-07 15:15:00+05:30,0.15451176932331814,0.13069790880423782,1.6337604966670807
2025-03-07 15:20:00+05:30,0.12442546936211199,0.0968196841442048,1.1996207096681675
2025-03-07 15:25:00+05:30,0.09559097984690107,0.052906643572212655,0.4814137187277654
2025-03-10 09:15:00+05:30,0.07553140609860552,0.16080848280135576,-0.6389685806148915
2025-03-10 09:20:00+05:30,0.1645415561974659,0.1620643663556608,0.9262640252346735
2025-03-10 09:25:00+05:30,0.1570184508765458,0.08302028069995086,0.26048880398843083
2025-03-10 09:30:00+05:30,0.07553140609860552,0.0968196841442048,-0.25122480093546634
2025-03-10 09:35:00+05:30,0.09809766140012872,0.18841035282048393,0.18530631752330792
2025-03-10 09:40:00+05:30,0.18835962194498437,0.29631219204962705,1.1390786018350323
2025-03-10 09:45:00+05:30,0.2936677931316803,0.28250972547475284,0.41790246135276504
2025-03-10 09:50:00+05:30,0.2836380062575325,0.32014947453646037,0.04307256772295361
2025-03-10 09:55:00+05:30,0.31999254043242636,0.27372772998647843,0.32078725359421467
2025-03-10 10:00:00+05:30,0.27486309049061713,0.2498904474996451,0.07384312100559108
2025-03-10 10:05:00+05:30,0.24226704831494614,0.2699631424541836,-0.2092146417082999
2025-03-10 10:10:00+05:30,0.2685948562769294,0.27372772998647843,-0.260104402906508
2025-03-10 10:15:00+05:30,0.2736082193833847,0.3151320665804808,-0.12847326682775026
2025-03-10 10:20:00+05:30,0.31372430621873865,0.2749836135407835,-0.1429082763823993
2025-03-10 10:25:00+05:30,0.27486309049061713,0.18841035282048393,0.04980101562966608
2025-03-10 10:30:00+05:30,0.1958827272659045,0.14826189978078658,-0.15530699932275618
2025-03-10 10:35:00+05:30,0.1507502166628581,0.143244491824807,-0.2832623770003301
2025-03-10 10:40:00+05:30,0.14072042978871033,0.13822402073820717,0.05569754473156516
2025-03-10 10:45:00+05:30,0.13696193778948743,0.12567743771763798,-0.03591794875248666
2025-03-10 10:50:00+05:30,0.12567727980810722,0.126933321271943,-0.03053658275984441
2025-03-10 10:55:00+05:30,0.13194551402179494,0.15327930773676615,-0.10842367554856568
2025-03-10 11:00:00+05:30,0.15325689821608574,0.14449731224849177,0.05491087674040271
2025-03-10 11:05:00+05:30,0.14323017200317512,0.12442461729395322,0.7468236641177908
2025-03-10 11:10:00+05:30,0.12317059825487958,0.12066002976165842,-0.17620591356585066
2025-03-10 11:15:00+05:30,0.12066391670165193,0.11689544222936361,-0.5327266318261289
2025-03-10 11:20:00+05:30,0.11690236404119186,0.08051157672196108,-0.1886777339744129
2025-03-10 11:25:00+05:30,0.08054782986629799,0.08302028069995086,-0.339815451568544
2025-03-10 11:30:00+05:30,0.0843063218655209,0.08929357221023546,-0.48481994349706337
2025-03-10 11:35:00+05:30,0.08932274563321335,0.06043581863680227,-0.18835053578339842
2025-03-10 11:40:00+05:30,0.0629949376712301,0.05165382314852789,-0.4013043456565294
2025-03-10 11:45:00+05:30,0.04795178769062702,0.032833948617674115,-0.23670277058533473
2025-03-10 11:50:00+05:30,0.01786548772942085,-0.017352383464602633,0.13207047567888966
2025-03-10 11:55:00+05:30,-0.01723723599947778,-0.03491943757177165,-0.27279899655150563
2025-03-10 12:00:00+05:30,-0.03980349130100098,-0.026134378952877013,-0.2743514475429147
2025-03-10 12:05:00+05:30,-0.027267022873625552,-0.05248342854832041,-0.39463507189074504
2025-03-10 12:10:00+05:30,-0.053594830835608814,-0.04495425348373079,-0.2969176802274553
2025-03-10 12:15:00+05:30,-0.046071725514688695,-0.04997472457033062,-0.2287038190645767
2025-03-10 12:20:00+05:30,-0.04983327817514875,-0.0386809619734462,-0.4228437329543756
2025-03-10 12:25:00+05:30,-0.031028575534085612,-0.037428141549761436,-0.44444229439315
2025-03-10 12:30:00+05:30,-0.03353525708731327,-0.051227544994015384,-0.3477169397983615
2025-03-10 12:35:00+05:30,-0.051085088621144005,-0.06628589512319462,-0.4486784667172416
2025-03-10 12:40:00+05:30,-0.05610151238883647,-0.04495425348373079,-0.42336585772727103
2025-03-10 12:45:00+05:30,-0.052339959728376406,-0.05248342854832041,-0.4565799549470591
2025-03-10 12:50:00+05:30,-0.059863065049296525,-0.0687945991011844,-0.22205543028970823
2025-03-10 12:55:00+05:30,-0.07741289658312726,-0.04495425348373079,-0.48459020859698937
2025-03-10 13:00:00+05:30,-0.04356504396146104,-0.007314504422023234,-0.4032779772980741
2025-03-10 13:05:00+05:30,-0.007207449125330007,-0.003552980020348683,-0.2802444958129945
2025-03-10 13:10:00+05:30,-0.0034489571261071008,-0.028646146061487056,-0.47701243772636703
2025-03-10 13:15:00+05:30,-0.027267022873625552,-0.051227544994015384,-0.43957261067794523
2025-03-10 13:20:00+05:30,-0.052339959728376406,-0.0650300115688896,-0.38832432380234894
2025-03-10 13:25:00+05:30,-0.07741289658312726,-0.058756720058605,-0.33437491143497355
2025-03-10 13:30:00+05:30,-0.059863065049296525,-0.0851057696540484,-0.4119870185099699
2025-03-10 13:35:00+05:30,-0.08117444924358733,-0.08008529856744857,-0.22629160261379982
2025-03-10 13:40:00+05:30,-0.07991957813635492,-0.10016105665260737,-0.3358542649581773
2025-03-10 13:45:00+05:30,-0.09997915188465047,-0.12148963516145093,-0.22755514456420678
2025-03-10 13:50:00+05:30,-0.1175289834184812,-0.07632071103515375,-0.3374763325859724
2025-03-10 13:55:00+05:30,-0.07741289658312726,-0.0687945991011844,-0.32866982808313616
2025-03-10 14:00:00+05:30,-0.07490621502989961,-0.0788324781437638,-0.2388400013223867
2025-03-10 14:05:00+05:30,-0.07741289658312726,-0.054992132526310196,-0.3499899229763663
2025-03-10 14:10:00+05:30,-0.06988979126220715,-0.05248342854832041,-0.3305634005928369
2025-03-10 14:15:00+05:30,-0.04983327817514875,-0.0788324781437638,-0.2217734829123447
2025-03-10 14:20:00+05:30,-0.07866776769035967,-0.12776292667173553,-0.13470395578430241
2025-03-10 14:25:00+05:30,-0.12755877029262896,-0.10266976063059716,-0.19017449165671313
2025-03-10 14:30:00+05:30,-0.10248583343787812,-0.10517846460858694,-0.08165607885812652
2025-03-10 14:35:00+05:30,-0.10624738609833818,-0.11396046009686132,-0.17739983887987157
2025-03-10 14:40:00+05:30,-0.11502230186525354,-0.1716759672437277,-0.1856842186098124
2025-03-10 14:45:00+05:30,-0.17770464400213068,-0.1553647966908637,-0.11211683810884603
2025-03-10 14:50:00+05:30,-0.15639325980783989,-0.12776292667173553,-0.09481362313509141
2025-03-10 14:55:00+05:30,-0.12630389918539658,-0.12776292667173553,-0.2789565880398524
2025-03-10 15:00:00+05:30,-0.12881364139986137,-0.14783868475689432,0.5095492823231906
2025-03-10 15:05:00+05:30,-0.1400952387200044,-0.12776292667173553,0.3659231997951151
2025-03-10 15:10:00+05:30,-0.13006545184585663,-0.14156539324660974,0.48594924258831707
2025-03-10 15:15:00+05:30,-0.1413501098272368,-0.1528560927128739,0.8354386805736035
2025-03-10 15:20:00+05:30,-0.15263170714737984,-0.1528560927128739,0.43858904485488204
2025-03-10 15:25:00+05:30,-0.15263170714737984,-0.18171384628630707,0.2402651711182811
2025-03-11 09:15:00+05:30,-0.11000893875879823,-0.2783219229185658,-0.6389685806148915
2025-03-11 09:20:00+05:30,-0.27799639142113414,-0.31721755553457837,0.5368111571319707
2025-03-11 09:25:00+05:30,-0.31686066781049277,-0.1490915051805791,0.3634135200533977
2025-03-11 09:30:00+05:30,-0.1413501098272368,-0.21558900781571982,0.046264490501254356
2025-03-11 09:35:00+05:30,-0.2065391335173416,-0.15787350066885347,-0.11801336721074511
2025-03-11 09:40:00+05:30,-0.15263170714737984,-0.21308030383773005,-0.1192142541884046
2025-03-11 09:45:00+05:30,-0.20152270974964914,-0.20555112877314044,-0.24409953820135336
2025-03-11 09:50:00+05:30,-0.20277758085688155,-0.1792051423083173,-0.19607798242225083
2025-03-11 09:55:00+05:30,-0.19024111242950612,-0.11898093118346115,-0.25080710111715
2025-03-11 10:00:00+05:30,-0.10749919654433343,-0.13152751420403033,-0.12168912561192895
2025-03-11 10:05:00+05:30,-0.13633368605954435,-0.15411197626717893,-0.43117336349796737
2025-03-11 10:10:00+05:30,-0.15513838870060748,-0.1403095096923047,-0.45491959816925165
2025-03-11 10:15:00+05:30,-0.13758855716677676,-0.11270763967317655,-0.12974028960997652
2025-03-11 10:20:00+05:30,-0.11251562031202589,-0.053739312102625426,-0.3428576985786147
2025-03-11 10:25:00+05:30,-0.05610151238883647,-0.04370143306004603,-0.2726667249423721
2025-03-11 10:30:00+05:30,-0.046071725514688695,-0.08384988609974338,-0.17336207396948022
2025-03-11 10:35:00+05:30,-0.08368113079681498,-0.029898966485171822,-0.38499664858309535
2025-03-11 10:40:00+05:30,-0.031028575534085612,-0.021116970996897442,-0.4106225324368032
2025-03-11 10:45:00+05:30,-0.020998788659937838,-0.029898966485171822,-0.2950310693813931
2025-03-11 10:50:00+05:30,-0.029773704426853207,-0.0386809619734462,-0.47004381242412263
2025-03-11 10:55:00+05:30,-0.044816854407456294,-0.006061683998338469,-0.25693336511912307
2025-03-11 11:00:00+05:30,0.007835700855273076,0.05416252712651768,-0.3100995903271553
2025-03-11 11:05:00+05:30,0.05422002190431473,0.007740782576535738,-0.3430143360104833
2025-03-11 11:10:00+05:30,-0.002194086018874697,-0.07004741952486916,-0.301213026692475
2025-03-11 11:15:00+05:30,-0.0673831097089795,-0.08259400254543835,-0.13135539557413306
2025-03-11 11:20:00+05:30,-0.08242625968958257,-0.08134118212175359,-0.3135386521646265
2025-03-11 11:25:00+05:30,-0.08994936501050269,-0.10016105665260737,-0.29580033321345905
2025-03-11 11:30:00+05:30,-0.09997915188465047,-0.08635859007773317,-0.26910235315940595
2025-03-11 11:35:00+05:30,-0.07991957813635492,-0.07255918663347921,-0.25605967633247806
2025-03-11 11:40:00+05:30,-0.06863798081621189,-0.058756720058605,-0.45541735711941195
2025-03-11 11:45:00+05:30,-0.05484664128160406,-0.056248016080615214,-0.3363624664037955
2025-03-11 11:50:00+05:30,-0.05484664128160406,-0.028646146061487056,-0.3732175137065744
2025-03-11 11:55:00+05:30,-0.028521893980857957,-0.017352383464602633,-0.35414951700043323
2025-03-11 12:00:00+05:30,-0.015985425553482528,-0.0386809619734462,-0.4362658204496075
2025-03-11 12:05:00+05:30,-0.046071725514688695,-0.06753871554687937,-0.3414235958690619
2025-03-11 12:10:00+05:30,-0.07741289658312726,0.0027203114899359104,-0.1901675299930745
2025-03-11 12:15:00+05:30,0.002819277087580613,-0.012334975508623062,-0.29330109596719955
2025-03-11 12:20:00+05:30,-0.01222387289302247,0.007740782576535738,-0.3725840023154613
2025-03-11 12:25:00+05:30,0.007835700855273076,0.006484899022230717,-0.35442450271415815
2025-03-11 12:30:00+05:30,0.006580829748040672,-0.029898966485171822,-0.2842544140688314
2025-03-11 12:35:00+05:30,-0.031028575534085612,-0.004805800444033448,-0.38292555365061015
2025-03-11 12:40:00+05:30,-0.008462320232562411,-0.05750083650429998,-0.3400730331231724
2025-03-11 12:45:00+05:30,-0.05610151238883647,-0.05750083650429998,-0.3129155832689713
2025-03-11 12:50:00+05:30,-0.057353322834831716,-0.05248342854832041,-0.4101178118230043
2025-03-11 12:55:00+05:30,-0.05610151238883647,-0.051227544994015384,-0.3518103980178617
2025-03-11 13:00:00+05:30,-0.051085088621144005,-0.06753871554687937,-0.2798685659765098
2025-03-11 13:05:00+05:30,-0.0673831097089795,-0.047466020592340834,-0.22344428218561008
2025-03-11 13:10:00+05:30,-0.04857840706791635,-0.06753871554687937,-0.456854940660784
2025-03-11 13:15:00+05:30,-0.06362155704851943,-0.05248342854832041,-0.4088542698725973
2025-03-11 13:20:00+05:30,-0.052339959728376406,-0.04495425348373079,-0.41916101288955315
2025-03-11 13:25:00+05:30,-0.044816854407456294,-0.029898966485171822,-0.4139049568424058
2025-03-11 13:30:00+05:30,-0.027267022873625552,-0.04244554950574101,-0.43846570615940694
2025-03-11 13:35:00+05:30,-0.04231017285422863,-0.012334975508623062,-0.38919105092535533
2025-03-11 13:40:00+05:30,-0.01347568333901772,-0.018608267018907654,-0.4211067978765435
2025-03-11 13:45:00+05:30,-0.024760341320397897,-0.032407670463161606,-0.29141448512113743
2025-03-11 13:50:00+05:30,-0.032280385980080865,0.03408676904135888,-0.2810346446359762
2025-03-11 13:55:00+05:30,0.03541531926325159,0.02656065710738952,-0.4039915478210312
2025-03-11 14:00:00+05:30,0.02664040349633622,0.0027203114899359104,-0.34174035156461846
2025-03-11 14:05:00+05:30,0.002819277087580613,0.005232078598545953,-0.3566731200694278
2025-03-11 14:10:00+05:30,0.01034238240850073,0.02656065710738952,-0.3317225175886648
2025-03-11 14:15:00+05:30,0.02789221394233147,0.016522778064810117,-0.33747981341779176
2025-03-11 14:20:00+05:30,0.015355745514956042,0.01275819053251531,-0.22646912503658426
2025-03-11 14:25:00+05:30,0.01034238240850073,0.02154018602078969,-0.3222128850583293
2025-03-11 14:30:00+05:30,0.01786548772942085,0.020287365597104926,-0.34150017416908657
2025-03-11 14:35:00+05:30,0.02287885083587616,0.03659853614996892,-0.1370813639168863
2025-03-11 14:40:00+05:30,0.03792200081647924,-0.003552980020348683,-0.2999738505648032
2025-03-11 14:45:00+05:30,-0.004700767572102352,0.015266894510505096,-0.38010259904515553
2025-03-11 14:50:00+05:30,0.01786548772942085,0.02279606957509471,-0.28537176108282764
2025-03-11 14:55:00+05:30,0.021623979728643754,0.1319507292279226,-0.020055798151923435
2025-03-11 15:00:00+05:30,0.13194551402179494,0.10184015523080464,0.9846236515171056
2025-03-11 15:05:00+05:30,0.10185921406058879,0.08803768865593042,0.8389543207110994
2025-03-11 15:10:00+05:30,0.08179964031229324,0.07549110563536124,0.2186283205294944
2025-03-11 15:15:00+05:30,0.06801136143892256,0.06294452261479205,0.3572002352559421
2025-03-11 15:20:00+05:30,0.06550161922445775,0.05165382314852789,0.37514392328444846
2025-03-11 15:25:00+05:30,0.052965150797082326,0.07298240165737145,0.13068510461480712
2025-03-12 09:15:00+05:30,0.2886513693639878,0.35904510715247295,-0.6389685806148915
2025-03-12 09:20:00+05:30,0.355095264161325,0.25114326792332986,0.2743216296383405
2025-03-12 09:25:00+05:30,0.24979015363586626,0.17335506582192495,0.3720529446289075
2025-03-12 09:30:00+05:30,0.1733164719643813,0.17209918226761992,-0.13210377441528318
2025-03-12 09:35:00+05:30,0.1720616008571489,0.18213706131019933,-0.2586250493833043
2025-03-12 09:40:00+05:30,0.18835962194498437,0.16080848280135576,-0.3490744642078896
2025-03-12 09:45:00+05:30,0.16078000353700586,0.2172681063939171,-0.28875512961119004
2025-03-12 09:50:00+05:30,0.22596902722711065,0.2172681063939171,-0.2711769289237105
2025-03-12 09:55:00+05:30,0.20465764303281986,0.19343082390708374,-0.441236448287572
2025-03-12 10:00:00+05:30,0.18835962194498437,0.12818614169562778,0.2042594467794121
2025-03-12 10:05:00+05:30,0.1344521955750226,0.08552898467794065,-0.20035244389635476
2025-03-12 10:10:00+05:30,0.08179964031229324,0.11062215071907902,-0.26321626655296476
2025-03-12 10:15:00+05:30,0.11439568248796421,0.12818614169562778,-0.20373929325653645
2025-03-12 10:20:00+05:30,0.1344521955750226,0.09556686372052005,-0.45008124194042065
2025-03-12 10:25:00+05:30,0.09308429829367341,0.08929357221023546,-0.49791831363310013
2025-03-12 10:30:00+05:30,0.08932274563321335,0.16959047828963014,-0.2838227909232378
2025-03-12 10:35:00+05:30,0.16955491930392125,0.2335792769467811,0.261536534366041
2025-03-12 10:40:00+05:30,0.22847570878033832,0.23985256845706568,0.018275121842239887
2025-03-12 10:45:00+05:30,0.2385054956544861,0.2235413979042017,0.97146958807196
2025-03-12 10:50:00+05:30,0.22471721678111542,0.18339294486450436,0.36193764736201334
2025-03-12 10:55:00+05:30,0.18835962194498437,0.1457531958027968,-0.07352137489641568
2025-03-12 11:00:00+05:30,0.14573685355640278,0.1557910748453762,-0.3103502102181451
2025-03-12 11:05:00+05:30,0.15576664043055055,0.20472152337334792,-0.43186952986182797
2025-03-12 11:10:00+05:30,0.20591251414005227,0.2147594024159273,-0.48729133408876846
2025-03-12 11:15:00+05:30,0.2184489825674277,0.21601222283961208,-0.38163764587746807
2025-03-12 11:20:00+05:30,0.21468742990696763,0.15955259924705073,-0.14479140639664217
2025-03-12 11:25:00+05:30,0.15827332198377822,0.08552898467794065,0.025240266312664954
2025-03-12 11:30:00+05:30,0.0855611929727533,0.09054639263392021,-0.3524404285771555
2025-03-12 11:35:00+05:30,0.08305451141952565,0.08176439714564583,-0.0382640293986968
2025-03-12 11:40:00+05:30,0.0868160640799857,0.04161594410594849,-0.30038110788766165
2025-03-12 11:45:00+05:30,0.04293842458417171,0.0554184106808227,-0.3370655944312947
2025-03-12 11:50:00+05:30,0.05422002190431473,0.011505370108830546,-0.2675881913180092
2025-03-12 11:55:00+05:30,0.015355745514956042,0.006484899022230717,-0.07295051847805001
2025-03-12 12:00:00+05:30,0.009087511301268327,0.02405195312939973,-0.3608953690662422
2025-03-12 12:05:00+05:30,0.024133721943108564,0.08552898467794065,-0.44842784682625175
2025-03-12 12:10:00+05:30,0.0855611929727533,0.05917993508249725,-0.43112811268431644
2025-03-12 12:15:00+05:30,0.060488256118002445,0.03408676904135888,-0.4785440037268603
2025-03-12 12:20:00+05:30,0.03541531926325159,0.06545322659278184,-0.3786058413628553
2025-03-12 12:25:00+05:30,0.06550161922445775,0.09556686372052005,-0.45550089708307523
2025-03-12 12:30:00+05:30,0.09809766140012872,0.14826189978078658,-0.2272453505322888
2025-03-12 12:35:00+05:30,0.14824353510963043,0.10936626716477399,-0.3428681410740726
2025-03-12 12:40:00+05:30,0.11188900093473655,0.09054639263392021,-0.44563273887535154
2025-03-12 12:45:00+05:30,0.08054782986629799,0.08302028069995086,-0.4359977963995212
2025-03-12 12:50:00+05:30,0.0855611929727533,0.14449731224849177,-0.41559316027476767
2025-03-12 12:55:00+05:30,0.14448198244917038,0.0968196841442048,-0.4291510002109524
2025-03-12 13:00:00+05:30,0.10436589561381644,0.1332066127822276,-0.44817026527162335
2025-03-12 13:05:00+05:30,0.13194551402179494,0.15077060375877635,-0.09054264249280677
2025-03-12 13:10:00+05:30,0.15325689821608574,0.17711965335421975,-0.3022781612291817
2025-03-12 13:15:00+05:30,0.17707802462484135,0.1909190567984737,-0.2103215462268382
2025-03-12 13:20:00+05:30,0.19086630349821204,0.2034656398190429,-0.27862938984883795
2025-03-12 13:25:00+05:30,0.19964427992636455,0.2109948148836325,-0.3155888621061959
2025-03-12 13:30:00+05:30,0.20716432458604753,0.18966623637478894,-0.1589757960603014
2025-03-12 13:35:00+05:30,0.18961449305221678,0.17711965335421975,-0.2085115136808007
2025-03-12 13:40:00+05:30,0.1783298350708366,0.17586376979991475,-0.2947874111540419
2025-03-12 13:45:00+05:30,0.17582315351760894,0.18088424088651456,-0.2812260903860379
2025-03-12 13:50:00+05:30,0.17958470617806901,0.15453519129107118,-0.14841843315235578
2025-03-12 13:55:00+05:30,0.15576664043055055,0.17586376979991475,-0.3336056476029076
2025-03-12 14:00:00+05:30,0.17958470617806901,0.20848611090564273,-0.2680789886045309
2025-03-12 14:05:00+05:30,0.20841919569327993,0.20848611090564273,-0.2694156280231432
2025-03-12 14:10:00+05:30,0.20841919569327993,0.20472152337334792,-0.21059305110874382
2025-03-12 14:15:00+05:30,0.2008960903723598,0.24486997641304525,-0.13158513047420703
2025-03-12 14:20:00+05:30,0.25354864563508916,0.25741655943361447,0.03606217243887761
2025-03-12 14:25:00+05:30,0.25354864563508916,0.2649457344982041,-0.13330814222476198
2025-03-12 14:30:00+05:30,0.26483330361646934,0.24361715598936048,-0.040620552540364854
2025-03-12 14:35:00+05:30,0.24352191942217855,0.22855880586018126,-0.3497288605899186
2025-03-12 14:40:00+05:30,0.2222074745666506,0.20095693584105312,-0.2607031059794281
2025-03-12 14:45:00+05:30,0.2008960903723598,0.2661985549218888,-0.32064302990782373
2025-03-12 14:50:00+05:30,0.2660851140624646,0.27874513794245803,0.1955504055675163
2025-03-12 14:55:00+05:30,0.27862158248984004,0.29254760451733225,-0.11249276794533074
2025-03-12 15:00:00+05:30,0.2936677931316803,0.31638488700416556,0.9054730167779774
2025-03-12 15:05:00+05:30,0.3124724957727434,0.34775134455558854,0.6962158502969462
2025-03-12 15:10:00+05:30,0.34506547728717724,0.35778922359816795,0.8357798020918952
2025-03-12 15:15:00+05:30,0.35885681682178505,0.3138761830261758,0.9116132041072277
2025-03-12 15:20:00+05:30,0.311217624665511,0.32265817851445017,0.9632548249784053
2025-03-12 15:25:00+05:30,0.322499221985654,0.2988208960276168,0.9755317188050865
2025-03-13 09:15:00+05:30,0.3851815641225312,0.27372772998647843,-0.6389685806148915
2025-03-13 09:20:00+05:30,0.28113132470430485,0.27874513794245803,0.01095493252624593
2025-03-13 09:25:00+05:30,0.28113132470430485,0.3352047615350194,-0.02619946631299302
2025-03-13 09:30:00+05:30,0.3425587957339496,0.312623362602491,-0.22267501835354414
2025-03-13 09:35:00+05:30,0.30620426155905567,0.34900722810989354,-0.32020792593041086
2025-03-13 09:40:00+05:30,0.3400521141807219,0.34900722810989354,-0.30825126863110547
2025-03-13 09:45:00+05:30,0.3475721588404049,0.4142488471907293,-0.05815350241419347
2025-03-13 09:50:00+05:30,0.4064960089780591,0.46945565035960585,0.12211181584386413
2025-03-13 09:55:00+05:30,0.4691783511149363,0.46192647529501624,-0.18421530758206658
2025-03-13 10:00:00+05:30,0.4654167984544762,0.47447305831558545,0.35676165044670993
2025-03-13 10:05:00+05:30,0.47419171422139156,0.4493798922744471,-0.11827442959719282
2025-03-13 10:10:00+05:30,0.4441054142601854,0.4418507172098574,-0.20588348565722703
2025-03-13 10:15:00+05:30,0.4415956720457206,0.448124008720142,-0.3796988225541164
2025-03-13 10:20:00+05:30,0.4503736484738731,0.4029581477244651,-0.1106270420901844
2025-03-13 10:25:00+05:30,0.4039862667635943,0.4192693182773291,-0.27903316633987707
2025-03-13 10:30:00+05:30,0.4215391589586622,0.3791178021070115,-0.3876664465885007
2025-03-13 10:35:00+05:30,0.38643643522976356,0.34900722810989354,-0.3962641011821788
2025-03-13 10:40:00+05:30,0.35133371150086495,0.35653640317448315,-0.5050331338717552
2025-03-13 10:45:00+05:30,0.35258858260809733,0.36155381113046275,-0.029941360518743618
2025-03-13 10:50:00+05:30,0.3676317325887004,0.36280969468476776,-0.03703529576648289
2025-03-13 10:55:00+05:30,0.36888660369593285,0.34900722810989354,-0.47305821277963894
2025-03-13 11:00:00+05:30,0.3500819010548697,0.34900722810989354,-0.39799755542819165
2025-03-13 11:05:00+05:30,0.3563501352685574,0.4017022641701601,-0.3740111433613755
2025-03-13 11:10:00+05:30,0.4039862667635943,0.42930413418928826,-0.4092789313545523
2025-03-13 11:15:00+05:30,0.4265525220651175,0.39417615223619074,-0.24097723205943866
2025-03-13 11:20:00+05:30,0.39019798789022364,0.3816295692156215,-0.21904102993419192
2025-03-13 11:25:00+05:30,0.37389996680238813,0.34900722810989354,-0.1869860497102317
2025-03-13 11:30:00+05:30,0.3500819010548697,0.3703358066187371,-0.35282332007727885
2025-03-13 11:35:00+05:30,0.3701384141419281,0.27372772998647843,-0.20284820031079492
2025-03-13 11:40:00+05:30,0.27486309049061713,0.27372772998647843,-0.03138590572375431
2025-03-13 11:45:00+05:30,0.27486309049061713,0.2298146894144863,0.02658734822673517
2025-03-13 11:50:00+05:30,0.23599881410125842,0.2260501018821915,-0.39669572432777234
2025-03-13 11:55:00+05:30,0.21092587724650758,0.263689850943899,-0.3179732319024184
2025-03-13 12:00:00+05:30,0.26357843250923696,0.2687103220304989,-0.3604915925752031
2025-03-13 12:05:00+05:30,0.26107175095600926,0.2749836135407835,-0.4606664515029207
2025-03-13 12:10:00+05:30,0.27486309049061713,0.30007677958192186,-0.3728763921882827
2025-03-13 12:15:00+05:30,0.29993602734536795,0.312623362602491,-0.27694466724829536
2025-03-13 12:20:00+05:30,0.3124724957727434,0.28627431300704764,-0.42920669352006124
2025-03-13 12:25:00+05:30,0.28238313515030006,0.27749231751877323,-0.4080014660768681
2025-03-13 12:30:00+05:30,0.28614468781076013,0.27121902600848863,-0.4555148204103524
2025-03-13 12:35:00+05:30,0.27110153783015706,0.2850184294527426,-0.48915357911209545
2025-03-13 12:40:00+05:30,0.2773697720438448,0.28753019656135265,-0.44519067323430006
2025-03-13 12:45:00+05:30,0.28739955891799257,0.263689850943899,-0.4214270344039193
2025-03-13 12:50:00+05:30,0.2598168798487769,0.27749231751877323,-0.47086528873347816
2025-03-13 12:55:00+05:30,0.28113132470430485,0.2887830169850374,-0.39523377496366513
2025-03-13 13:00:00+05:30,0.2886513693639878,0.2912917209630272,-0.4595769511434789
2025-03-13 13:05:00+05:30,0.29115805091721547,0.24110538888075045,-0.4177791226572899
2025-03-13 13:10:00+05:30,0.24602860097540621,0.22103269392621192,-0.4497853712357799
2025-03-13 13:15:00+05:30,0.2222074745666506,0.2185239899482221,-0.3340477132439591
2025-03-13 13:20:00+05:30,0.2184489825674277,0.2172681063939171,-0.4651358395589056
2025-03-13 13:25:00+05:30,0.22095566412065534,0.19343082390708374,-0.4303031555431417
2025-03-13 13:30:00+05:30,0.1946278561586721,0.25616373900992967,-0.387290516752016
2025-03-13 13:35:00+05:30,0.25731019829554924,0.2599252634116042,-0.41808891668920783
2025-03-13 13:40:00+05:30,0.267339985169697,0.2674544384761938,-0.41238383333737044
2025-03-13 13:45:00+05:30,0.26483330361646934,0.25365197190131966,-0.44728613398952044
2025-03-13 13:50:00+05:30,0.25354864563508916,0.2661985549218888,-0.4409858283965822
2025-03-13 13:55:00+05:30,0.267339985169697,0.2599252634116042,-0.3820031332184949
2025-03-13 14:00:00+05:30,0.256058387849554,0.2335792769467811,-0.3855118116923522
2025-03-13 14:05:00+05:30,0.23223726144079837,0.23483209737046587,-0.40370960044366766
2025-03-13 14:10:00+05:30,0.23223726144079837,0.22103269392621192,-0.40975232448197746
2025-03-13 14:15:00+05:30,0.22596902722711065,0.17837247377790452,-0.15670977454593524
2025-03-13 14:20:00+05:30,0.1783298350708366,0.15327930773676615,-0.2063220704664592
2025-03-13 14:25:00+05:30,0.14824353510963043,0.16457307033365057,-0.3734368061111905
2025-03-13 14:30:00+05:30,0.1733164719643813,0.12442461729395322,-0.28352343938677776
2025-03-13 14:35:00+05:30,0.12693215091533963,0.09807556769850984,0.008563601066384851
2025-03-13 14:40:00+05:30,0.09433610873966866,0.09431098016621502,0.059752713801053015
2025-03-13 14:45:00+05:30,0.09433610873966866,0.0453805316382433,0.2164353964833336
2025-03-13 14:50:00+05:30,0.03541531926325159,0.025304773553084497,0.3762786744575412
2025-03-13 14:55:00+05:30,0.025385532389103814,0.011505370108830546,-0.07697087922934484
2025-03-13 15:00:00+05:30,0.011597253515733135,0.0554184106808227,0.20369903285650434
2025-03-13 15:05:00+05:30,0.05547489301154713,0.13445943320591236,0.5508319477001228
2025-03-13 15:10:00+05:30,0.13821374823548266,0.09054639263392021,0.27502475766583967
2025-03-13 15:15:00+05:30,0.09057455607920861,0.1030929756544894,0.44982516996759175
2025-03-13 15:20:00+05:30,0.10311102450658403,0.158299778823366,0.8120440099160688
2025-03-13 15:25:00+05:30,0.14824353510963043,0.09556686372052005,0.07502312299233475
2025-03-17 09:15:00+05:30,0.05045846924385467,0.18339294486450436,-0.6389685806148915
2025-03-17 09:20:00+05:30,0.1958827272659045,0.1030929756544894,0.11231327427252652
2025-03-17 09:25:00+05:30,0.11439568248796421,0.12442461729395322,-0.06649705628506247
2025-03-17 09:30:00+05:30,0.12567727980810722,0.18841035282048393,0.12319087370784802
2025-03-17 09:35:00+05:30,0.18585294039175673,0.11815132578366863,0.11214967517701928
2025-03-17 09:40:00+05:30,0.11690236404119186,0.10434885920879443,-0.21828568942940318
2025-03-17 09:45:00+05:30,0.1068725771670441,0.08552898467794065,-0.38036714226342255
2025-03-17 09:50:00+05:30,0.08806787452598096,0.07172651810306643,-0.1875917144467904
2025-03-17 09:55:00+05:30,0.07176985343814547,0.0968196841442048,-0.34680844269352346
2025-03-17 10:00:00+05:30,0.09559097984690107,0.06921781412507665,-0.16782058971315003
2025-03-17 10:05:00+05:30,0.07302472454537787,0.08427310112363562,-0.31755553208410203
2025-03-17 10:10:00+05:30,0.08179964031229324,-0.0022970964660436618,-0.2766035457300037
2025-03-17 10:15:00+05:30,-0.009717191339794814,-0.03993684552775122,-0.2520149497584481
2025-03-17 10:20:00+05:30,-0.03353525708731327,-0.031154850039476843,-0.38034973810432604
2025-03-17 10:25:00+05:30,-0.032280385980080865,-0.0687945991011844,-0.30744371564902717
2025-03-17 10:30:00+05:30,-0.06863798081621189,-0.09514058556600755,-0.2544062812183092
2025-03-17 10:35:00+05:30,-0.094962728116958,-0.10016105665260737,-0.26767521211349177
2025-03-17 10:40:00+05:30,-0.09997915188465047,-0.08134118212175359,-0.42304562119989514
2025-03-17 10:45:00+05:30,-0.08117444924358733,-0.07004741952486916,-0.35829518769722296
2025-03-17 10:50:00+05:30,-0.0673831097089795,-0.10266976063059716,-0.3928250393447075
2025-03-17 10:55:00+05:30,-0.11376743075802115,-0.0650300115688896,-0.4526083258412345
2025-03-17 11:00:00+05:30,-0.06487642815575184,-0.07632071103515375,-0.42194567834499547
2025-03-17 11:05:00+05:30,-0.07114466236943955,-0.10266976063059716,-0.42977754993842693
2025-03-17 11:10:00+05:30,-0.08744268345727503,-0.10768716858657673,-0.45650337664703444
2025-03-17 11:15:00+05:30,-0.10749919654433343,-0.10016105665260737,-0.4462871352573805
2025-03-17 11:20:00+05:30,-0.09997915188465047,-0.10266976063059716,-0.46657342310027766
2025-03-17 11:25:00+05:30,-0.10123096233064571,-0.09639646912031256,-0.4924742926677104
2025-03-17 11:30:00+05:30,-0.09245604656373034,-0.10643434816289196,-0.4846110935879052
2025-03-17 11:35:00+05:30,-0.10374070454511053,-0.051227544994015384,-0.3380297848452416
2025-03-17 11:40:00+05:30,-0.051085088621144005,-0.04370143306004603,-0.38307174858702087
2025-03-17 11:45:00+05:30,-0.04356504396146104,-0.07004741952486916,-0.48297858346465217
2025-03-17 11:50:00+05:30,-0.07114466236943955,-0.08008529856744857,-0.4880257896026413
2025-03-17 11:55:00+05:30,-0.08869449390327029,-0.08384988609974338,-0.44921799564923354
2025-03-17 12:00:00+05:30,-0.08744268345727503,-0.09765235267461758,-0.4168044897478851
2025-03-17 12:05:00+05:30,-0.09747247033142281,-0.10643434816289196,-0.5071077096360598
2025-03-17 12:10:00+05:30,-0.10624738609833818,-0.13403621818202013,-0.40671703913554536
2025-03-17 12:15:00+05:30,-0.13382700450631668,-0.18171384628630707,-0.3964033344549509
2025-03-17 12:20:00+05:30,-0.18146619666259076,-0.21558900781571982,-0.39272061439012845
2025-03-17 12:25:00+05:30,-0.21531404928425696,-0.20680701232744544,-0.3885610203660615
2025-03-17 12:30:00+05:30,-0.21405917817702458,-0.23817346987886842,-0.5049252280853568
2025-03-17 12:35:00+05:30,-0.24414853879946788,-0.19551324973056103,-0.23938997274983656
2025-03-17 12:40:00+05:30,-0.19901602819642147,-0.16540267573344308,-0.3917216156579885
2025-03-17 12:45:00+05:30,-0.16391330446752286,-0.21558900781571982,-0.40611833606262526
2025-03-17 12:50:00+05:30,-0.22408896505117235,-0.2080598327511302,-0.37115338043772783
2025-03-17 12:55:00+05:30,-0.21280736773102932,-0.23817346987886842,3.1605856042224576
2025-03-17 13:00:00+05:30,-0.24038698613900783,-0.23440888234657362,-0.5104144998643975
2025-03-17 13:05:00+05:30,-0.2341187519253201,-0.228135590836289,-0.4186980622575859
2025-03-17 13:10:00+05:30,-0.2265956466044,-0.21558900781571982,-0.33459768467140893
2025-03-17 13:15:00+05:30,-0.21405917817702458,-0.1792051423083173,-0.3118017170867944
2025-03-17 13:20:00+05:30,-0.1789595151093631,-0.16540267573344308,-0.4011407465610221
2025-03-17 13:25:00+05:30,-0.16516817557475527,-0.13780080571431494,0.06536033386194996
2025-03-17 13:30:00+05:30,-0.14260192027323207,-0.11019893569518677,-0.20918331422192615
2025-03-17 13:35:00+05:30,-0.10875406765156584,-0.12023375160714592,-0.3525413726999153
2025-03-17 13:40:00+05:30,-0.12129053607894126,-0.09137906116433299,-0.29724835925028903
2025-03-17 13:45:00+05:30,-0.0912042361177351,-0.10894305214088175,-0.17532526311556704
2025-03-17 13:50:00+05:30,-0.1187838545257136,-0.11521634365116634,-0.15593702988205
2025-03-17 13:55:00+05:30,-0.11376743075802115,-0.08886729405572295,-0.2864717039377273
2025-03-17 14:00:00+05:30,-0.09371091767096275,-0.03491943757177165,-0.3548178367097394
2025-03-17 14:05:00+05:30,-0.047326596621921097,-0.10266976063059716,11.967459075231591
2025-03-17 14:10:00+05:30,-0.10248583343787812,-0.08259400254543835,-0.3376817016633113
2025-03-17 14:15:00+05:30,-0.08994936501050269,-0.031154850039476843,0.1735515484695221
2025-03-17 14:20:00+05:30,-0.031028575534085612,-0.0687945991011844,-0.0602489631694138
2025-03-17 14:25:00+05:30,-0.06863798081621189,-0.09514058556600755,-0.3961422720685032
2025-03-17 14:30:00+05:30,-0.0962175992241904,-0.10016105665260737,-0.2919435715576715
2025-03-17 14:35:00+05:30,-0.094962728116958,-0.10016105665260737,-0.1729965866284534
2025-03-17 14:40:00+05:30,-0.10248583343787812,-0.1403095096923047,-0.3301561432699785
2025-03-17 14:45:00+05:30,-0.13633368605954435,-0.10643434816289196,-0.20137232761941048
2025-03-17 14:50:00+05:30,-0.10499251499110578,-0.07632071103515375,-0.2050167585342206
2025-03-17 14:55:00+05:30,-0.07741289658312726,-0.11270763967317655,-0.2896531842205702
2025-03-17 15:00:00+05:30,-0.11251562031202589,-0.10392564418490217,0.09527112168521962
2025-03-17 15:05:00+05:30,-0.10374070454511053,-0.07004741952486916,0.4099069906638263
2025-03-17 15:10:00+05:30,-0.06863798081621189,-0.14783868475689432,7.726716418961241
2025-03-17 15:15:00+05:30,-0.14887015448691976,-0.1754405547760225,2.491294742838719
2025-03-17 15:20:00+05:30,-0.17269128089567537,-0.09514058556600755,0.7138915142753662
2025-03-17 15:25:00+05:30,-0.094962728116958,-0.058756720058605,0.6472301041038967
2025-03-18 09:15:00+05:30,0.09308429829367341,-0.04119272908205624,-0.6389685806148915
2025-03-18 09:20:00+05:30,-0.04231017285422863,-0.03491943757177165,0.17503090199272583
2025-03-18 09:25:00+05:30,-0.03479012819454567,-0.058756720058605,-0.06934437671325223
2025-03-18 09:30:00+05:30,-0.057353322834831716,-0.026134378952877013,-0.09726064790406133
2025-03-18 09:35:00+05:30,-0.026012151766393148,-0.026134378952877013,-0.3379914956952293
2025-03-18 09:40:00+05:30,-0.026012151766393148,-0.07381200705716398,-0.21173128311365588
2025-03-18 09:45:00+05:30,-0.07615802547589486,-0.11019893569518677,-0.028792686018373665
2025-03-18 09:50:00+05:30,-0.10875406765156584,-0.12776292667173553,-0.08620900687777469
2025-03-18 09:55:00+05:30,-0.12755877029262896,-0.1453269176482843,-0.24732975012966643
2025-03-18 10:00:00+05:30,-0.14385679138046445,-0.09388776514232278,-0.0009147039775768939
2025-03-18 10:05:00+05:30,-0.094962728116958,-0.09765235267461758,-0.1784232034347466
2025-03-18 10:10:00+05:30,-0.09747247033142281,-0.09514058556600755,-0.1754993047065322
2025-03-18 10:15:00+05:30,-0.0962175992241904,-0.08134118212175359,-0.2406465530366049
2025-03-18 10:20:00+05:30,-0.08117444924358733,-0.08008529856744857,-0.2587608018242571
2025-03-18 10:25:00+05:30,-0.08368113079681498,-0.03366355401746663,-0.024521705376089033
2025-03-18 10:30:00+05:30,-0.026012151766393148,-0.053739312102625426,-0.0026829665417827573
2025-03-18 10:35:00+05:30,-0.052339959728376406,-0.08384988609974338,-0.3005864769650005
2025-03-18 10:40:00+05:30,-0.07991957813635492,-0.0713033030791742,-0.1939059433670058
2025-03-18 10:45:00+05:30,-0.06988979126220715,-0.10517846460858694,0.03756937261663575
2025-03-18 10:50:00+05:30,-0.09747247033142281,-0.0851057696540484,0.2791495433717136
2025-03-18 10:55:00+05:30,-0.08869449390327029,-0.10768716858657673,-0.29602310644989444
2025-03-18 11:00:00+05:30,-0.10875406765156584,-0.11396046009686132,-0.1798677486397573
2025-03-18 11:05:00+05:30,-0.11502230186525354,-0.13152751420403033,-0.1109960102630305
2025-03-18 11:10:00+05:30,-0.13132032295308904,-0.13403621818202013,-0.19831615728206256
2025-03-18 11:15:00+05:30,-0.13382700450631668,-0.19802501683917106,11.914122289264414
2025-03-18 11:20:00+05:30,-0.19274779398273376,-0.1603852677774635,-0.15046864309392516
2025-03-18 11:25:00+05:30,-0.16015481246829996,-0.1453269176482843,-0.22630552594107703
2025-03-18 11:30:00+05:30,-0.14636347293369212,-0.10768716858657673,-0.1349336906843764
2025-03-18 11:35:00+05:30,-0.10749919654433343,-0.10266976063059716,-0.37021703667833533
2025-03-18 11:40:00+05:30,-0.10499251499110578,-0.12399833913944072,-0.3706312556648324
2025-03-18 11:45:00+05:30,-0.12379721763216892,-0.11019893569518677,-0.30536913988472264
2025-03-18 11:50:00+05:30,-0.10749919654433343,-0.11521634365116634,-0.23041638831967373
2025-03-18 11:55:00+05:30,-0.11251562031202589,-0.11019893569518677,-0.4131879054876294
2025-03-18 12:00:00+05:30,-0.10875406765156584,-0.10016105665260737,-0.2668467741404977
2025-03-18 12:05:00+05:30,-0.10123096233064571,-0.1365449221600099,-0.22968889446943944
2025-03-18 12:10:00+05:30,-0.13633368605954435,-0.11521634365116634,-0.38835217045690335
2025-03-18 12:15:00+05:30,-0.11000893875879823,-0.1327803346277151,-0.4563188925606114
2025-03-18 12:20:00+05:30,-0.13006545184585663,-0.15034738873488412,-0.01574652835962647
2025-03-18 12:25:00+05:30,-0.15012502559415217,-0.18798713779659168,-0.2190375491023726
2025-03-18 12:30:00+05:30,-0.1852277493230508,-0.19927783726285583,-0.19487013378095272
2025-03-18 12:35:00+05:30,-0.19274779398273376,-0.21433312426141482,0.23912345828154977
2025-03-18 12:40:00+05:30,-0.21531404928425696,-0.2243710033039942,-0.011259736144545056
2025-03-18 12:45:00+05:30,-0.21782073083748463,-0.20304242479515064,-0.3066117968442138
2025-03-18 12:50:00+05:30,-0.20277758085688155,-0.17042008368942266,-0.3045789910617409
2025-03-18 12:55:00+05:30,-0.16516817557475527,-0.1490915051805791,-0.29546269252698665
2025-03-18 13:00:00+05:30,-0.14887015448691976,-0.13152751420403033,-0.3999015704333503
2025-03-18 13:05:00+05:30,-0.13132032295308904,-0.13152751420403033,-0.39363955399042444
2025-03-18 13:10:00+05:30,-0.13132032295308904,-0.1365449221600099,-0.24503588196074583
2025-03-18 13:15:00+05:30,-0.13382700450631668,-0.12399833913944072,-0.391554535730662
2025-03-18 13:20:00+05:30,-0.12379721763216892,-0.1327803346277151,-0.3970472883415219
2025-03-18 13:25:00+05:30,-0.13132032295308904,-0.1265070431174305,-0.37072871895577286
2025-03-18 13:30:00+05:30,-0.12379721763216892,-0.13152751420403033,-0.4466943925802389
2025-03-18 13:35:00+05:30,-0.13132032295308904,-0.13403621818202013,-0.34147232751453216
2025-03-18 13:40:00+05:30,-0.13257213339908427,-0.13780080571431494,-0.38654909957450445
2025-03-18 13:45:00+05:30,-0.1400952387200044,-0.16540267573344308,-0.39042326538938854
2025-03-18 13:50:00+05:30,-0.1614066229142952,-0.1453269176482843,-0.47220888981572906
2025-03-18 13:55:00+05:30,-0.14385679138046445,-0.1528560927128739,-0.41291640060572377
2025-03-18 14:00:00+05:30,-0.15137683604014743,-0.16665855928774811,0.04081002704040674
2025-03-18 14:05:00+05:30,-0.16642304668198765,-0.1792051423083173,-0.25324716422248134
2025-03-18 14:10:00+05:30,-0.1789595151093631,-0.19676913328486606,-0.27280943904696353
2025-03-18 14:15:00+05:30,-0.20027089930365388,-0.20053372081716087,-0.21009181132676422
2025-03-18 14:20:00+05:30,-0.19901602819642147,-0.19551324973056103,-0.242348679796244
2025-03-18 14:25:00+05:30,-0.19901602819642147,-0.16540267573344308,0.13115849774223232
2025-03-18 14:30:00+05:30,-0.16642304668198765,-0.16540267573344308,-0.03524962904318051
2025-03-18 14:35:00+05:30,-0.1614066229142952,-0.17669337519970726,-0.1155837466008717
2025-03-18 14:40:00+05:30,-0.17770464400213068,-0.19300454575257125,-0.10375936091069982
2025-03-18 14:45:00+05:30,-0.19149598353673852,-0.1603852677774635,0.7444497368170262
2025-03-18 14:50:00+05:30,-0.15889994136106755,-0.16414679217913808,0.19475329508089595
2025-03-18 14:55:00+05:30,-0.15639325980783989,-0.1691672632657379,0.03336104694709857
2025-03-18 15:00:00+05:30,-0.1676748571279829,-0.1603852677774635,0.5405043196922511
2025-03-18 15:05:00+05:30,-0.15639325980783989,-0.11396046009686132,1.2334752799427071
2025-03-18 15:10:00+05:30,-0.12505208873940132,-0.11019893569518677,0.875381225700104
2025-03-18 15:15:00+05:30,-0.10875406765156584,-0.12274551871575595,0.7134459678024955
2025-03-18 15:20:00+05:30,-0.12379721763216892,-0.11647222720547136,0.7712730268165742
2025-03-18 15:25:00+05:30,-0.11502230186525354,-0.10266976063059716,0.6389909751876068
2025-03-19 09:15:00+05:30,-0.029773704426853207,0.05165382314852789,-0.6389685806148915
2025-03-19 09:20:00+05:30,0.05171334035108707,-0.02362567497488723,0.1940780137079512
2025-03-19 09:25:00+05:30,-0.027267022873625552,0.03785135657365368,0.12827636899584952
2025-03-19 09:30:00+05:30,0.03792200081647924,0.016522778064810117,0.3457100094204233
2025-03-19 09:35:00+05:30,0.016610616622188445,0.010249486554525525,0.2036363778837569
2025-03-19 09:40:00+05:30,0.01034238240850073,0.10811344674108923,1.2140069875773463
2025-03-19 09:45:00+05:30,0.1081274482742765,0.18464576528818913,0.696201926969669
2025-03-19 09:50:00+05:30,0.18585294039175673,0.15327930773676615,-0.0015516962005093211
2025-03-19 09:55:00+05:30,0.14698866400239805,0.10058427167649962,0.02318309470745695
2025-03-19 10:00:00+05:30,0.10311102450658403,0.09933145125281485,-0.3071165174580127
2025-03-19 10:05:00+05:30,0.10060434295335638,0.08552898467794065,-0.27733103958023797
2025-03-19 10:10:00+05:30,0.0855611929727533,0.10811344674108923,-0.2741043084837442
2025-03-19 10:15:00+05:30,0.11439568248796421,0.15704389526906096,0.0018490764869495936
2025-03-19 10:20:00+05:30,0.15451176932331814,0.17209918226761992,0.0850966502773973
2025-03-19 10:25:00+05:30,0.1745713430716137,0.11689544222936361,-0.25089064108081327
2025-03-19 10:30:00+05:30,0.11439568248796421,0.126933321271943,-0.08306233491312488
2025-03-19 10:35:00+05:30,0.1294388324685673,0.1156395586750586,-0.18557631282341402
2025-03-19 10:40:00+05:30,0.11439568248796421,0.08803768865593042,-0.21338467822782473
2025-03-19 10:45:00+05:30,0.0855611929727533,0.04788923561623309,-0.2925666404533267
2025-03-19 10:50:00+05:30,0.04544510613739936,0.04788923561623309,-0.26333461483482107
2025-03-19 10:55:00+05:30,0.04795178769062702,0.07172651810306643,-0.21250054694572182
2025-03-19 11:00:00+05:30,0.07051804299215021,0.07799980961335103,-0.29284858783069023
2025-03-19 11:05:00+05:30,0.07803808765183318,0.06169170219110729,-0.4492145148174142
2025-03-19 11:10:00+05:30,0.060488256118002445,0.044124648083938275,-0.2258843452909414
2025-03-19 11:15:00+05:30,0.04544510613739936,0.02405195312939973,-0.16183703981576839
2025-03-19 11:20:00+05:30,0.025385532389103814,0.003976195044240931,-0.396737494309604
2025-03-19 11:25:00+05:30,0.002819277087580613,0.0027203114899359104,-0.4036469454709202
2025-03-19 11:30:00+05:30,0.0015674666415853619,0.0014674910662511452,-0.4159830134385296
2025-03-19 11:35:00+05:30,0.0015674666415853619,0.003976195044240931,-0.24924420763028302
2025-03-19 11:40:00+05:30,0.002819277087580613,0.003976195044240931,0.020913592361271473
2025-03-19 11:45:00+05:30,-0.002194086018874697,-0.01609956304091787,-0.35197747794518824
2025-03-19 11:50:00+05:30,-0.01723723599947778,-0.0010412129117386409,-0.3145794208785981
2025-03-19 11:55:00+05:30,0.002819277087580613,0.019031482042799905,-0.2313283662563311
2025-03-19 12:00:00+05:30,0.0191172981754161,0.032833948617674115,-0.398944341683042
2025-03-19 12:05:00+05:30,0.031653766602791525,0.006484899022230717,-0.35406597703676995
2025-03-19 12:10:00+05:30,0.006580829748040672,-0.0022970964660436618,-0.4120949242963683
2025-03-19 12:15:00+05:30,-0.004700767572102352,0.0027203114899359104,-0.3280954908329512
2025-03-19 12:20:00+05:30,0.007835700855273076,-0.004805800444033448,-0.3828106862005732
2025-03-19 12:25:00+05:30,-0.005955638679334756,0.01275819053251531,-0.40935899048639623
2025-03-19 12:30:00+05:30,0.002819277087580613,0.06043581863680227,-0.04579654945566824
2025-03-19 12:35:00+05:30,0.05923338501077004,0.04788923561623309,-0.21466214350550888
2025-03-19 12:40:00+05:30,0.04920665879785942,0.06169170219110729,0.05307647837163009
2025-03-19 12:45:00+05:30,0.06675649033169015,0.1156395586750586,0.20323260139271776
2025-03-19 12:50:00+05:30,0.11815723514842427,0.14073272471619697,0.29263776667151226
2025-03-19 12:55:00+05:30,0.1281839613613349,0.19719234830875831,0.3856142653969115
2025-03-19 13:00:00+05:30,0.19713453771189973,0.18841035282048393,0.06546127798470974
2025-03-19 13:05:00+05:30,0.18585294039175673,0.14449731224849177,0.629523112639103
2025-03-19 13:10:00+05:30,0.14072042978871033,0.17335506582192495,-0.23844666732680547
2025-03-19 13:15:00+05:30,0.168303108857926,0.20472152337334792,0.28126240828603044
2025-03-19 13:20:00+05:30,0.20465764303281986,0.18966623637478894,0.033193967019772036
2025-03-19 13:25:00+05:30,0.19086630349821204,0.13822402073820717,-0.35528078734170665
2025-03-19 13:30:00+05:30,0.14573685355640278,0.15077060375877635,-0.39076090607586095
2025-03-19 13:35:00+05:30,0.1520050877700905,0.15704389526906096,-0.26511680072630417
2025-03-19 13:40:00+05:30,0.1570184508765458,0.1357153167602174,-0.3802905639633979
2025-03-19 13:45:00+05:30,0.13570706668225502,0.11062215071907902,-0.20943741494473528
2025-03-19 13:50:00+05:30,0.11063412982750416,0.1030929756544894,-0.37048854156024097
2025-03-19 13:55:00+05:30,0.1081274482742765,0.10434885920879443,-0.41388407185148995
2025-03-19 14:00:00+05:30,0.10436589561381644,0.1030929756544894,-0.2761788842480487
2025-03-19 14:05:00+05:30,0.10436589561381644,0.11062215071907902,-0.3530147658273405
2025-03-19 14:10:00+05:30,0.10562076672104884,0.10936626716477399,-0.16407173384376084
2025-03-19 14:15:00+05:30,0.10937925872027175,0.10434885920879443,-0.2333855378615391
2025-03-19 14:20:00+05:30,0.10436589561381644,0.09807556769850984,0.046344549633098316
2025-03-19 14:25:00+05:30,0.09809766140012872,0.08552898467794065,-0.29811856720511476
2025-03-19 14:30:00+05:30,0.0855611929727533,0.07423828521167648,-0.14745424273840887
2025-03-19 14:35:00+05:30,0.07929295875906558,0.052906643572212655,-0.1538937816041192
2025-03-19 14:40:00+05:30,0.05923338501077004,0.04161594410594849,-0.09332730794824907
2025-03-19 14:45:00+05:30,0.039176871923711644,0.044124648083938275,-0.1270530874454747
2025-03-19 14:50:00+05:30,0.04669691658339461,0.020287365597104926,0.3572698518923281
2025-03-19 14:55:00+05:30,0.020372169282648504,0.07549110563536124,0.5090410808775724
2025-03-19 15:00:00+05:30,0.0629949376712301,0.09431098016621502,1.940004080129348
2025-03-19 15:05:00+05:30,0.09057455607920861,0.1231687337396482,1.4833676770822803
2025-03-19 15:10:00+05:30,0.12317059825487958,0.0968196841442048,1.2916747879614514
2025-03-19 15:15:00+05:30,0.09684279029289632,0.057927114658812486,0.9374862270201061
2025-03-19 15:20:00+05:30,0.05798157456477479,0.06169170219110729,0.7373418782420097
2025-03-19 15:25:00+05:30,0.061743127225234846,0.07674698918966627,7.480113407890909
2025-03-20 09:15:00+05:30,0.223462345673883,0.2109948148836325,-0.6389685806148915
2025-03-20 09:20:00+05:30,0.223462345673883,0.26118114696590927,0.07486648556046613
2025-03-20 09:25:00+05:30,0.24728041142140145,0.2975650124733118,0.26874533706381726
2025-03-20 09:30:00+05:30,0.2974262851309032,0.35528051962017815,0.5653087272366034
2025-03-20 09:35:00+05:30,0.355095264161325,0.3301873535790398,0.40328644854351225
2025-03-20 09:40:00+05:30,0.32375409309288644,0.311367479048186,-0.08293354413581068
2025-03-20 09:45:00+05:30,0.311217624665511,0.2661985549218888,-0.2498220257122873
2025-03-20 09:50:00+05:30,0.2723533482761523,0.3050941875379014,-0.10307711787411644
2025-03-20 09:55:00+05:30,0.29993602734536795,0.311367479048186,-0.13671239574404018
2025-03-20 10:00:00+05:30,0.311217624665511,0.39668485621418054,0.4594601124434221
2025-03-20 10:05:00+05:30,0.398972903657139,0.3050941875379014,0.0319478292284616
2025-03-20 10:10:00+05:30,0.3049493904518233,0.3076028915158912,-0.23578383098503877
2025-03-20 10:15:00+05:30,0.30745607200505093,0.34524264057759874,2.0830801912299735
2025-03-20 10:20:00+05:30,0.343813666841182,0.35151593208788334,-0.19683680375885884
2025-03-20 10:25:00+05:30,0.3475721588404049,0.3214053580907654,1.3921072284437974
2025-03-20 10:30:00+05:30,0.3162309877719663,0.311367479048186,-0.4227358271679772
2025-03-20 10:35:00+05:30,0.32124741153965874,0.32391406206875517,0.0004637054228670469
2025-03-20 10:40:00+05:30,0.3250089642001188,0.29254760451733225,1.678642342145172
2025-03-20 10:45:00+05:30,0.29617447468490793,0.311367479048186,-0.32869767473769057
2025-03-20 10:50:00+05:30,0.29868115623813557,0.27874513794245803,-0.3207474548624028
2025-03-20 10:55:00+05:30,0.27862158248984004,0.2850184294527426,-0.4757802232623338
2025-03-20 11:00:00+05:30,0.2949196035776755,0.28125690505106804,-0.3832701560007211
2025-03-20 11:05:00+05:30,0.2798764535970724,0.28125690505106804,-0.5487976323358503
2025-03-20 11:10:00+05:30,0.28113132470430485,0.3377165286436294,-0.24836007634818008
2025-03-20 11:15:00+05:30,0.3362905615202619,0.32014947453646037,-0.179749400357901
2025-03-20 11:20:00+05:30,0.32124741153965874,0.295056308495322,-0.5514082562003275
2025-03-20 11:25:00+05:30,0.2949196035776755,0.29631219204962705,0.018055829437623808
2025-03-20 11:30:00+05:30,0.30620426155905567,0.263689850943899,-0.18356787286367626
2025-03-20 11:35:00+05:30,0.24979015363586626,0.2850184294527426,-0.5096347935368736
2025-03-20 11:40:00+05:30,0.2836380062575325,0.29003890053934245,-0.5015836295388261
2025-03-20 11:45:00+05:30,0.2773697720438448,0.2699631424541836,-0.5404575592968006
2025-03-20 11:50:00+05:30,0.2723533482761523,0.27121902600848863,-0.4115519145325571
2025-03-20 11:55:00+05:30,0.2685948562769294,0.311367479048186,-0.11343259253654252
2025-03-20 12:00:00+05:30,0.30745607200505093,0.311367479048186,-0.40283591165702265
2025-03-20 12:05:00+05:30,0.30996275355827857,0.28627431300704764,-0.47279018872955264
2025-03-20 12:10:00+05:30,0.28614468781076013,0.32265817851445017,-0.3508044376220832
2025-03-20 12:15:00+05:30,0.32375409309288644,0.35277181564218835,0.1938552404715158
2025-03-20 12:20:00+05:30,0.35258858260809733,0.31638488700416556,-0.27321321553800265
2025-03-20 12:25:00+05:30,0.3149791773259711,0.3013296000056066,-0.3705964473466393
2025-03-20 12:30:00+05:30,0.3011878377913632,0.2887830169850374,-0.3988120700739085
2025-03-20 12:35:00+05:30,0.2899062404712202,0.29254760451733225,-0.31499363986509515
2025-03-20 12:40:00+05:30,0.2974262851309032,0.2912917209630272,-0.42352945682277826
2025-03-20 12:45:00+05:30,0.29115805091721547,0.32391406206875517,-0.3966992051595917
2025-03-20 12:50:00+05:30,0.33002232730657416,0.35528051962017815,-0.19104469961153886
2025-03-20 12:55:00+05:30,0.3613634983750127,0.39668485621418054,-0.10404826995170195
2025-03-20 13:00:00+05:30,0.39646622210391136,0.3816295692156215,-0.13037728183290895
2025-03-20 13:05:00+05:30,0.3814230721233083,0.4092314392347497,-0.11709442761044915
2025-03-20 13:10:00+05:30,0.40900269053128674,0.4506357758287521,-0.016348712264365867
2025-03-20 13:15:00+05:30,0.4516254589198684,0.4543973002304266,-0.19831615728206256
2025-03-20 13:20:00+05:30,0.454132140473096,0.4845109373581648,-0.002745621514530209
2025-03-20 13:25:00+05:30,0.48547331154153456,0.5372059734184313,0.1847807119185932
2025-03-20 13:30:00+05:30,0.5368740563582687,0.5798631304361185,-0.09016323182450275
2025-03-20 13:35:00+05:30,0.5794968247468503,0.6074680635858669,-0.05762789680947873
2025-03-20 13:40:00+05:30,0.6070795038160659,0.5786103100124337,-0.22391419448121597
2025-03-20 13:45:00+05:30,0.5782450143008551,0.5999388885212773,-0.11779407480612902
2025-03-20 13:50:00+05:30,0.5932881642814581,0.6237761710081107,1.1682897424626222
2025-03-20 13:55:00+05:30,0.6208677826894367,0.6476165166255643,1.22257679551647
2025-03-20 14:00:00+05:30,0.6384206748845045,0.7040761402181256,0.43711317216349765
2025-03-20 14:05:00+05:30,0.709877932788297,0.6526339245815438,0.13312168688831913
2025-03-20 14:10:00+05:30,0.6597320590787953,0.6589072160918285,0.20078557662374782
2025-03-20 14:15:00+05:30,0.6509571433118799,0.6250320545624156,-0.11174786993599992
2025-03-20 14:20:00+05:30,0.6283908880103568,0.6425960455389644,-0.05328033786716943
2025-03-20 14:25:00+05:30,0.6421791668837274,0.6325612296270052,-0.08958193291067917
2025-03-20 14:30:00+05:30,0.6371658037772722,0.6563985121138386,0.005145424219829422
2025-03-20 14:35:00+05:30,0.6559705064183353,0.6300494625183952,0.02944163031856353
2025-03-20 14:40:00+05:30,0.6196159722434413,0.5986830049669722,-0.14493063966941427
2025-03-20 14:45:00+05:30,0.5983015273879134,0.63381405005069,1.1434122374500644
2025-03-20 14:50:00+05:30,0.6308975695635844,0.6890208532195666,0.5023857304390652
2025-03-20 14:55:00+05:30,0.6848049959335462,0.6852562656872718,0.45800164391113424
2025-03-20 15:00:00+05:30,0.6873116774867738,0.6375786375829848,0.6303689547711936
2025-03-20 15:05:00+05:30,0.6384206748845045,0.6250320545624156,1.1573773347091076
2025-03-20 15:10:00+05:30,0.6221226537966691,0.6162500590741413,1.2149433313367386
2025-03-20 15:15:00+05:30,0.6158544195829814,0.6212674670301208,0.8783991068874396
2025-03-20 15:20:00+05:30,0.618361101136209,0.6187587630521311,1.0933265484021153
2025-03-20 15:25:00+05:30,0.6145995484757489,0.6287966420947104,0.6178101135671488
2025-03-21 09:15:00+05:30,0.7625304880510264,0.7668090553209715,-0.6389685806148915
2025-03-21 09:20:00+05:30,0.7637853591582588,0.7015674362401358,0.18594330974624035
2025-03-21 09:25:00+05:30,0.7073712512350694,0.7504978847681075,-0.1380699201535683
2025-03-21 09:30:00+05:30,0.7525007011768786,0.7969196293180895,0.045425610032802356
2025-03-21 09:35:00+05:30,0.8039014459936128,0.8257773828915227,-0.2652142640172446
2025-03-21 09:40:00+05:30,0.8252128301879036,0.8721991274415046,-0.10938786596251257
2025-03-21 09:45:00+05:30,0.8791202565578653,0.850870548932661,-0.16242878122504986
2025-03-21 09:50:00+05:30,0.8502857670426544,0.834559378379797,-0.343585192428849
2025-03-21 09:55:00+05:30,0.8327359355088236,0.8119749163166484,-0.23029107837417884
2025-03-21 10:00:00+05:30,0.8126763617605282,0.8057016248063639,-0.34328932172420823
2025-03-21 10:05:00+05:30,0.805153256439608,0.8245214993372176,-0.37859539886739735
2025-03-21 10:10:00+05:30,0.8227061486346758,0.788137633829815,-0.273021769787941
2025-03-21 10:15:00+05:30,0.7863485537985448,0.8119749163166484,-0.2179376062474729
2025-03-21 10:20:00+05:30,0.8114214906532957,0.7994283332960792,-0.21477353012372657
2025-03-21 10:25:00+05:30,0.7988850222259203,0.8558879568886406,-0.35871984917917793
2025-03-21 10:30:00+05:30,0.8552991301491097,0.850870548932661,-0.36939556036897986
2025-03-21 10:35:00+05:30,0.849030895935422,0.8646730155075353,-0.26163248807518197
2025-03-21 10:40:00+05:30,0.8628222354700298,0.8684345399092098,-0.20045686885093383
2025-03-21 10:45:00+05:30,0.8678355985764852,0.8872544144400636,-0.07640002281097917
2025-03-21 10:50:00+05:30,0.8841336196643206,0.8747078314194944,0.24877928574829597
2025-03-21 10:55:00+05:30,0.8741038327901729,0.8596525444209354,-0.34582336728866075
2025-03-21 11:00:00+05:30,0.8590606828095698,0.8809811229297789,-0.23245963659760452
2025-03-21 11:05:00+05:30,0.8916567249852407,0.8784724189517892,-0.30422742704799133
2025-03-21 11:10:00+05:30,0.8665837881304899,0.8245214993372176,-0.2934612142308875
2025-03-21 11:15:00+05:30,0.8239579590806712,0.8333065579561123,-0.26531172730818514
2025-03-21 11:20:00+05:30,0.8352426170620513,0.849614665378356,-0.3888916993888953
2025-03-21 11:25:00+05:30,0.8477790854894267,0.8483618449546713,-0.41517197962463204
2025-03-21 11:30:00+05:30,0.8477790854894267,0.8634171319532302,-0.2624957343663691
2025-03-21 11:35:00+05:30,0.8615673643627975,0.8232686789135328,-0.353147037436474
2025-03-21 11:40:00+05:30,0.8264677012951359,0.7818643423195305,0.01892951822426883
2025-03-21 11:45:00+05:30,0.7863485537985448,0.7956668088944047,-0.3309184454384058
2025-03-21 11:50:00+05:30,0.7963783406726926,0.8307947908475022,-0.33118298865667284
2025-03-21 11:55:00+05:30,0.8277195117411312,0.8307947908475022,-0.43387796982156573
2025-03-21 12:00:00+05:30,0.833987745954819,0.834559378379797,-0.4082381626405807
2025-03-21 12:05:00+05:30,0.8352426170620513,0.8257773828915227,-0.38378183827815865
2025-03-21 12:10:00+05:30,0.8252128301879036,0.7931550417857947,-0.12328682741698897
2025-03-21 12:15:00+05:30,0.7976332117799251,0.7919022213621099,-0.3062706753259221
2025-03-21 12:20:00+05:30,0.7913649775662374,0.834559378379797,-0.4008553183518393
2025-03-21 12:25:00+05:30,0.8327359355088236,0.8458531409766814,-0.46194043594878553
2025-03-21 12:30:00+05:30,0.8452724039361991,0.8546351364649558,-0.20711221928944096
2025-03-21 12:35:00+05:30,0.8527924485958821,0.86592583593122,-0.32346250368145907
2025-03-21 12:40:00+05:30,0.8653289170232574,0.8935277059503481,-0.24917459099389697
2025-03-21 12:45:00+05:30,0.8929085354312359,0.883492890038389,-0.3562519394192922
2025-03-21 12:50:00+05:30,0.8828818092183254,0.8998009974606328,-0.286583090555945
2025-03-21 12:55:00+05:30,0.8991767696449237,0.8885102979943685,-0.08793898029196821
2025-03-21 13:00:00+05:30,0.8878951723247807,0.8433413738680714,-0.22535525885440735
2025-03-21 13:05:00+05:30,0.8427626617217343,0.8784724189517892,-0.2720749835330906
2025-03-21 13:10:00+05:30,0.8816269381110929,0.8646730155075353,-0.29817426051422363
2025-03-21 13:15:00+05:30,0.8690904696837175,0.8320506744018072,-0.3862288630471286
2025-03-21 13:20:00+05:30,0.833987745954819,0.8709463070178198,21.509828828827608
2025-03-21 13:25:00+05:30,0.8703453407909499,0.8860015940163788,-0.34945735570801295
2025-03-21 13:30:00+05:30,0.8866403012175482,0.819504091381238,-0.40091797332458673
2025-03-21 13:35:00+05:30,0.8252128301879036,0.7931550417857947,-0.3691240554870742
2025-03-21 13:40:00+05:30,0.7850967433525496,0.8144866834252585,1.7845257652565463
2025-03-21 13:45:00+05:30,0.8164379144209881,0.7969196293180895,-0.27830915332146205
2025-03-21 13:50:00+05:30,0.805153256439608,0.7868817502755101,-0.2521472213675816
2025-03-21 13:55:00+05:30,0.7863485537985448,0.8533792529106509,-0.3092989990087156
2025-03-21 14:00:00+05:30,0.8565540012563421,0.8759637149737994,-0.12663538762715834
2025-03-21 14:05:00+05:30,0.8741038327901729,0.8747078314194944,-0.33836742553171395
2025-03-21 14:10:00+05:30,0.8665837881304899,0.8458531409766814,-0.32711737709172706
2025-03-21 14:15:00+05:30,0.8465242143821944,0.8947835895046532,-0.17179918048261322
2025-03-21 14:20:00+05:30,0.8929085354312359,0.9023127645692428,0.27572788569333884
2025-03-21 14:25:00+05:30,0.9004316407521561,0.9010568810149377,-0.04253849087280074
2025-03-21 14:30:00+05:30,0.9004316407521561,0.8759637149737994,-0.22465909249054677
2025-03-21 14:35:00+05:30,0.8728520223441776,0.8797283025060942,-0.2396754009590194
2025-03-21 14:40:00+05:30,0.8816269381110929,0.8885102979943685,-0.2014837142376282
2025-03-21 14:45:00+05:30,0.885388490771553,0.8408326698900817,-0.1231963257896871
2025-03-21 14:50:00+05:30,0.8440175328289666,0.835815261934102,-0.07501117091507732
2025-03-21 14:55:00+05:30,0.8264677012951359,0.8320506744018072,-0.25650870363716816
2025-03-21 15:00:00+05:30,0.8352426170620513,0.7919022213621099,3.5239600803349433
2025-03-21 15:05:00+05:30,0.7888582960130096,0.7919022213621099,3.485813644427203
2025-03-21 15:10:00+05:30,0.7901101064590049,0.8094662123386587,3.194506310301564
2025-03-21 15:15:00+05:30,0.8114214906532957,0.8144866834252585,2.9840865459928856
2025-03-21 15:20:00+05:30,0.8151830433137558,0.8307947908475022,3.7763725997116913
2025-03-21 15:25:00+05:30,0.8302261932943589,0.8383239659120918,2.0817087434931683
2025-03-24 09:15:00+05:30,1.042094346113746,1.1482239538940266,-0.6389685806148915
2025-03-24 09:20:00+05:30,1.1461476461932094,1.173317119935165,0.6396210057469006
2025-03-24 09:25:00+05:30,1.1825021803681033,1.1657910080011957,0.9527113853977368
2025-03-24 09:30:00+05:30,1.1536676908528922,1.082982334813191,0.8034916061360416
2025-03-24 09:35:00+05:30,1.0784488802886398,1.0302872987529244,0.19151264065712498
2025-03-24 09:40:00+05:30,1.0345712407928258,1.0967848013880652,0.3168225861520287
2025-03-24 09:45:00+05:30,1.0784488802886398,1.0654183438366422,-0.10284042131040386
2025-03-24 09:50:00+05:30,1.068419093414492,1.0139761282000606,-0.1311500264967942
2025-03-24 09:55:00+05:30,1.0157665381517627,1.0892556263234756,0.1708817504641168
2025-03-24 10:00:00+05:30,1.0884786671627875,1.1369332544277626,0.5664156317551418
2025-03-24 10:05:00+05:30,1.1373696697650568,1.125639491830878,-0.1508793812486029
2025-03-24 10:10:00+05:30,1.1248332013376814,1.1193662003205935,-0.29843880373249065
2025-03-24 10:15:00+05:30,1.119819838231226,1.1344245504497728,0.15836467924190362
2025-03-24 10:20:00+05:30,1.1386245408722893,1.157005949382301,0.3880612901658814
2025-03-24 10:25:00+05:30,1.1549225619601247,1.144459366361732,0.16023388592886928
2025-03-24 10:30:00+05:30,1.1473994566392045,1.1770817074674598,0.3921408250581044
2025-03-24 10:35:00+05:30,1.1662041592802677,1.1770817074674598,-0.030115402109708762
2025-03-24 10:40:00+05:30,1.1762339461544156,1.2109568689968726,0.09896080341368066
2025-03-24 10:45:00+05:30,1.2050684356696264,1.237305918592316,0.04804667639273743
2025-03-24 10:50:00+05:30,1.243929651397748,1.3088208291834362,0.713532988597978
2025-03-24 10:55:00+05:30,1.3015986304281697,1.3477164617994488,0.15073469589399172
2025-03-24 11:00:00+05:30,1.3529993752449039,1.3602630448200181,0.730254904657909
2025-03-24 11:05:00+05:30,1.3567578672441267,1.313838237139416,0.4448162529796149
2025-03-24 11:10:00+05:30,1.324164885729693,1.3790829193508718,-0.03428891946105291
2025-03-24 11:15:00+05:30,1.3730558883319623,1.4016643182834,0.4047170704212457
2025-03-24 11:20:00+05:30,1.411920164721321,1.40668478937,0.902479501413377
2025-03-24 11:25:00+05:30,1.4056519305076334,1.453106533919982,0.2535166978543672
2025-03-24 11:30:00+05:30,1.4432613357897595,1.5032928660022586,0.2753345516977576
2025-03-24 11:35:00+05:30,1.4921523383920288,1.515839449022828,0.3181000514297128
2025-03-24 11:40:00+05:30,1.514718593693552,1.4129580808802846,0.7018582786760361
2025-03-24 11:45:00+05:30,1.4018903778471732,1.453106533919982,0.5104786644189444
2025-03-24 11:50:00+05:30,1.452036251556675,1.449341946387687,0.44016934250084555
2025-03-24 11:55:00+05:30,1.448274698896215,1.4781996999611204,0.17724819186162175
2025-03-24 12:00:00+05:30,1.4758543173041934,1.4480891259640023,0.006046959661028868
2025-03-24 12:05:00+05:30,1.4457680173429872,1.453106533919982,0.12346237858975365
2025-03-24 12:10:00+05:30,1.448274698896215,1.4656531169405511,-0.12107998004355094
2025-03-24 12:15:00+05:30,1.474602506858198,1.48070840393911,-0.009620264357653398
2025-03-24 12:20:00+05:30,1.4783640595186582,1.4117021973259796,-0.2354392286349278
2025-03-24 12:25:00+05:30,1.4131719751673162,1.4154667848582745,-0.231338808751789
2025-03-24 12:30:00+05:30,1.4169335278277764,1.3477164617994488,-0.006330878288412177
2025-03-24 12:35:00+05:30,1.3467311410312162,1.3539897533097336,-0.15453773549069025
2025-03-24 12:40:00+05:30,1.3542511856908992,1.342695990712849,-0.3048261301209114
2025-03-24 12:45:00+05:30,1.3417147172635238,1.346460578245144,-0.15231000312633639
2025-03-24 12:50:00+05:30,1.3442213988167513,1.3251319997363002,-0.32893089046958385
2025-03-24 12:55:00+05:30,1.324164885729693,1.3025475376731517,-0.31246655596428125
2025-03-24 13:00:00+05:30,1.3028535015354021,1.3351698787788797,-0.23950832103169287
2025-03-24 13:05:00+05:30,1.3341946726038407,1.3941382063494308,-0.08601756112771303
2025-03-24 13:10:00+05:30,1.37932412254565,1.4016643182834,-0.0862264110368712
2025-03-24 13:15:00+05:30,1.3993836962939457,1.3853562108611566,-0.018910604483372787
2025-03-24 13:20:00+05:30,1.3843405463133425,1.4167226684125795,-0.11955885653851558
2025-03-24 13:25:00+05:30,1.415681717381781,1.4041760853920102,-0.36963573776451175
2025-03-24 13:30:00+05:30,1.4069037409536285,1.40919349334799,0.03207313917395651
2025-03-24 13:35:00+05:30,1.408158612060861,1.4016643182834,-0.06927476007686617
2025-03-24 13:40:00+05:30,1.4018903778471732,1.3966469103274206,-0.2375242468946902
2025-03-24 13:45:00+05:30,1.3956221436334855,1.4480891259640023,2.7124354691508503
2025-03-24 13:50:00+05:30,1.4457680173429872,1.4618885294082564,-0.0026655623826862427
2025-03-24 13:55:00+05:30,1.4583044857703626,1.5058015699802485,0.06956517869966784
2025-03-24 14:00:00+05:30,1.485884104178341,1.4669090004948562,0.44800469492609635
2025-03-24 14:05:00+05:30,1.4658275910912828,1.4568711214522767,-0.23117869048810108
2025-03-24 14:10:00+05:30,1.455797804217135,1.4719264084508357,-0.13958756282678436
2025-03-24 14:15:00+05:30,1.4695860830905056,1.4405599508994127,-0.20578602236628654
2025-03-24 14:20:00+05:30,1.4394997831292995,1.4656531169405511,0.06251649426557951
2025-03-24 14:25:00+05:30,1.4645727199840504,1.4418158344537177,-0.17675240416148122
2025-03-24 14:30:00+05:30,1.440754654236532,1.421740076368559,-0.07056614868182753
2025-03-24 14:35:00+05:30,1.419440209381004,1.3790829193508718,-0.19481444047184387
2025-03-24 14:40:00+05:30,1.37932412254565,1.4154667848582745,0.09050586292459396
2025-03-24 14:45:00+05:30,1.404397059400401,1.3941382063494308,0.0983934278271343
2025-03-24 14:50:00+05:30,1.394367272526253,1.4029202018377052,0.5832941852469414
2025-03-24 14:55:00+05:30,1.4018903778471732,1.405428905815695,-0.05607544581806965
2025-03-24 15:00:00+05:30,1.404397059400401,1.4004114978597155,0.9480087816098587
2025-03-24 15:05:00+05:30,1.3981288251867132,1.4154667848582745,0.5052713400172674
2025-03-24 15:10:00+05:30,1.4144268462745486,1.453106533919982,1.7451123065665797
2025-03-24 15:15:00+05:30,1.452036251556675,1.4945108705139842,1.682276330564524
2025-03-24 15:20:00+05:30,1.4934072094992612,1.5045487495565637,2.032026830936258
2025-03-24 15:25:00+05:30,1.5046888068194042,1.469417704472846,0.2578886226194116
2025-03-25 09:15:00+05:30,1.5209868279072398,1.2711810801217287,-0.6389685806148915
2025-03-25 09:20:00+05:30,1.2527076278259004,1.219738864485147,0.28244937193641273
2025-03-25 09:25:00+05:30,1.2088299883300866,1.2347972146143262,0.3501341466627572
2025-03-25 09:30:00+05:30,1.2263798198639173,1.2573786135468545,0.01029009364875908
2025-03-25 09:35:00+05:30,1.2564661198251235,1.300038833695162,0.043319706782124115
2025-03-25 09:40:00+05:30,1.2978370777677097,1.3665363363303027,-0.07106390763198785
2025-03-25 09:45:00+05:30,1.3642809725650469,1.3640245692216926,-0.047651832815356676
2025-03-25 09:50:00+05:30,1.3642809725650469,1.4192313723905692,0.4047379554121615
2025-03-25 09:55:00+05:30,1.419440209381004,1.4593798254302666,0.10316564825139854
2025-03-25 10:00:00+05:30,1.4545429331099027,1.361515865243703,0.10265744680578033
2025-03-25 10:05:00+05:30,1.3755625698851899,1.2774543716320135,-0.12552500227680072
2025-03-25 10:10:00+05:30,1.276525693573419,1.2473437976348953,0.1174823095241913
2025-03-25 10:15:00+05:30,1.2414229698445203,1.252361205590875,-0.03824314440778099
2025-03-25 10:20:00+05:30,1.243929651397748,1.2962742461628671,-0.22246616844438596
2025-03-25 10:25:00+05:30,1.295330396214482,1.2774543716320135,-0.4054883055033314
2025-03-25 10:30:00+05:30,1.2715123304669635,1.2347972146143262,-0.36858800738690156
2025-03-25 10:35:00+05:30,1.2339029251848372,1.1959015819983136,0.0829350537176102
2025-03-25 10:40:00+05:30,1.1950386487954787,1.3012916541188466,-0.06922950926321524
2025-03-25 10:45:00+05:30,1.3015986304281697,1.2134655729748625,-0.08406481447708411
2025-03-25 10:50:00+05:30,1.2113366698833141,1.175825823913155,-0.21739111565184235
2025-03-25 10:55:00+05:30,1.1749790750471831,1.1469711334703419,-0.12786760209119155
2025-03-25 11:00:00+05:30,1.1373696697650568,1.0704357517926217,-0.17590656202939062
2025-03-25 11:05:00+05:30,1.075942198735412,1.0967848013880652,-0.07805689875696734
2025-03-25 11:10:00+05:30,1.0985084540369352,1.1231307878528882,-0.35451848517327933
2025-03-25 11:15:00+05:30,1.1223265197844539,1.1344245504497728,-0.14470438560115959
2025-03-25 11:20:00+05:30,1.133611177765834,1.0779649268572113,-0.20208589814236758
2025-03-25 11:25:00+05:30,1.0583923672015814,1.0465984693057884,0.04336495759577505
2025-03-25 11:30:00+05:30,1.0471077092202012,1.129404079363173,-0.3794551643267652
2025-03-25 11:35:00+05:30,1.1298496251053738,1.0654183438366422,-0.38425175057376454
2025-03-25 11:40:00+05:30,1.0634057303080366,1.0892556263234756,-0.2886889938066233
2025-03-25 11:45:00+05:30,1.0909853487160153,1.0491071732837782,-0.44988283452672034
2025-03-25 11:50:00+05:30,1.043346156559741,1.141950662383742,-0.17317758988305718
2025-03-25 11:55:00+05:30,1.1423860935327492,1.1820991154234395,-0.24453812301058553
2025-03-25 12:00:00+05:30,1.1825021803681033,1.1820991154234395,-0.04325902305939644
2025-03-25 12:05:00+05:30,1.178740627707643,1.2260121559954316,-0.25592044305970596
2025-03-25 12:10:00+05:30,1.2188567145429972,1.1369332544277626,-0.35680539167856135
2025-03-25 12:15:00+05:30,1.1373696697650568,1.0967848013880652,-0.2876830334108447
2025-03-25 12:20:00+05:30,1.0960017724837077,1.141950662383742,-0.25050426874887066
2025-03-25 12:25:00+05:30,1.1411312224255168,1.129404079363173,-0.3494991256898446
2025-03-25 12:30:00+05:30,1.1223265197844539,1.113092908810309,-0.27420525260650397
2025-03-25 12:35:00+05:30,1.1135516040175384,1.1745730034894701,-0.39943513896956373
2025-03-25 12:40:00+05:30,1.1737272646011878,1.1494798374483317,-0.3494817215307481
2025-03-25 12:45:00+05:30,1.1524158804068971,1.1494798374483317,-0.5320269846304491
2025-03-25 12:50:00+05:30,1.148654327746437,1.1482239538940266,-0.3246668714909378
2025-03-25 12:55:00+05:30,1.148654327746437,1.1306599629174778,-0.387589868288476
2025-03-25 13:00:00+05:30,1.1298496251053738,1.1306599629174778,-0.2964512487636687
2025-03-25 13:05:00+05:30,1.1248332013376814,1.1319127833411626,-0.3644144900355574
2025-03-25 13:10:00+05:30,1.133611177765834,1.094273034279455,-0.41482041561088245
2025-03-25 13:15:00+05:30,1.0934920302692428,1.1243866714071933,-0.25447937868651455
2025-03-25 13:20:00+05:30,1.1223265197844539,1.1544972454043112,-0.28141753613609954
2025-03-25 13:25:00+05:30,1.15993592506658,1.1193662003205935,-0.3254465778184617
2025-03-25 13:30:00+05:30,1.1260880724449138,1.1544972454043112,-0.34701729260268166
2025-03-25 13:35:00+05:30,1.1549225619601247,1.1645351244468907,-0.2827820222092663
2025-03-25 13:40:00+05:30,1.1749790750471831,1.1519885414263216,-0.37039803993293907
2025-03-25 13:45:00+05:30,1.1524158804068971,1.1858637029557342,-0.32637944074603487
2025-03-25 13:50:00+05:30,1.1912770961350185,1.2347972146143262,-0.21051647280871916
2025-03-25 13:55:00+05:30,1.2414229698445203,1.2322854475057161,-0.3925604961264405
2025-03-25 14:00:00+05:30,1.2389162882912927,1.25110532203657,-0.3538849737821662
2025-03-25 14:05:00+05:30,1.2514527567186682,1.2661636721657492,-0.4173997119889859
2025-03-25 14:10:00+05:30,1.2702574593597313,1.2598903806554647,-0.387509809156632
2025-03-25 14:15:00+05:30,1.257720990932356,1.2611432010791495,-0.28506892871454825
2025-03-25 14:20:00+05:30,1.2564661198251235,1.2147214565291675,-0.158718214505673
2025-03-25 14:25:00+05:30,1.2138433514365419,1.157005949382301,-0.12675373590901465
2025-03-25 14:30:00+05:30,1.1624426066198077,1.1908841740423342,-0.301178218374282
2025-03-25 14:35:00+05:30,1.2013068830091664,1.1532444249806266,-0.22849496915541853
2025-03-25 14:40:00+05:30,1.1524158804068971,1.1018022093440447,-0.2560910038188518
2025-03-25 14:45:00+05:30,1.1022700066973954,1.0716916353469268,0.0593767839645683
2025-03-25 14:50:00+05:30,1.0709288356289568,0.9913916661369119,0.5039590664213901
2025-03-25 14:55:00+05:30,0.9906936012970118,1.0227581236883347,0.9637769497513007
2025-03-25 15:00:00+05:30,1.024541453918678,1.0265227112206297,1.781901218064792
2025-03-25 15:05:00+05:30,1.0257963250259103,1.0879997427691706,2.055066456748224
2025-03-25 15:10:00+05:30,1.0884786671627875,1.0152320117543654,1.3297202797464318
2025-03-25 15:15:00+05:30,1.0157665381517627,1.0440867021971785,1.7109409805964835
2025-03-25 15:20:00+05:30,1.043346156559741,1.0491071732837782,1.2409555875223892
2025-03-25 15:25:00+05:30,1.0496143907734288,1.0378134106868937,0.8547155271889029
2025-03-26 09:15:00+05:30,1.1799954988148755,1.0742003393249167,-0.6389685806148915
2025-03-26 09:20:00+05:30,1.0634057303080366,1.0879997427691706,-0.14317630043248564
2025-03-26 09:25:00+05:30,1.1060284986966182,1.1206220838748986,-0.15839797797829713
2025-03-26 09:30:00+05:30,1.1185649671239937,1.0164848321780502,-0.1450977195967408
2025-03-26 09:35:00+05:30,1.013259856598535,0.9863742581809323,-0.0997494426548629
2025-03-26 09:40:00+05:30,0.9969618355106995,0.9813537870943324,-0.2277048203324368
2025-03-26 09:45:00+05:30,0.9819186855300964,0.9913916661369119,-0.12631515109978247
2025-03-26 09:50:00+05:30,0.9881869197437841,0.9750804955840479,-0.28845229724291066
2025-03-26 09:55:00+05:30,0.9731437697631811,0.9487345091192247,-0.2758099160752026
2025-03-26 10:00:00+05:30,0.9455641513552026,0.9550078006295093,-0.34920673581702316
2025-03-26 10:05:00+05:30,0.9505775144616578,1.0014295451794912,-0.3529103408727614
2025-03-26 10:10:00+05:30,1.0007233881711595,0.9813537870943324,-0.06870042282668119
2025-03-26 10:15:00+05:30,0.9856802381905565,0.9587723881618041,-0.2945541954221486
2025-03-26 10:20:00+05:30,0.9681273459954886,0.8947835895046532,-0.2063499171210136
2025-03-26 10:25:00+05:30,0.8954182776457008,0.913603464035507,-0.29422699723113416
2025-03-26 10:30:00+05:30,0.9092065565190715,0.9738276751603631,-0.24526561686081982
2025-03-26 10:35:00+05:30,0.9718888986559486,0.9449699215869299,-0.2477683349388986
2025-03-26 10:40:00+05:30,0.9443092802479701,0.9236413430780863,-0.35286857089092977
2025-03-26 10:45:00+05:30,0.9154747907327592,0.9964121372235117,-0.011802745908356305
2025-03-26 10:50:00+05:30,1.0057367512776147,0.9537519170752043,-0.3548039133824622
2025-03-26 10:55:00+05:30,0.9518323855688903,0.9763363791383529,-0.16004093059700808
2025-03-26 11:00:00+05:30,0.9756504513164087,0.9386966300766453,-0.2990235834781335
2025-03-26 11:05:00+05:30,0.94054772758751,0.9662985000957734,-0.3604045717797205
2025-03-26 11:10:00+05:30,0.9568457486753456,0.9537519170752043,-0.4104032400321871
2025-03-26 11:15:00+05:30,0.9555908775681131,0.9788450831163427,-0.3693642328826061
2025-03-26 11:20:00+05:30,0.9794120039768688,0.9788450831163427,-0.3718739126243235
2025-03-26 11:25:00+05:30,0.980663814422864,0.9964121372235117,-0.24847494379821708
2025-03-26 11:30:00+05:30,0.9881869197437841,0.9976649576471964,-0.28922504190679593
2025-03-26 11:35:00+05:30,1.0007233881711595,0.961281092139794,-0.4179009517709655
2025-03-26 11:40:00+05:30,0.9606073013358056,0.9110947600575172,-0.2560840421552132
2025-03-26 11:45:00+05:30,0.9117132380722991,0.8646730155075353,-0.18685377810109818
2025-03-26 11:50:00+05:30,0.8715971512369451,0.8922748855266633,-0.3524891602226258
2025-03-26 11:55:00+05:30,0.8929085354312359,0.8207599749355431,-0.35488397251430615
2025-03-26 12:00:00+05:30,0.8214512775274435,0.8220127953592279,-0.33987462570947213
2025-03-26 12:05:00+05:30,0.8227061486346758,0.8395798494663969,-0.44634630939830866
2025-03-26 12:10:00+05:30,0.841510851275739,0.8433413738680714,-0.4376129023636777
2025-03-26 12:15:00+05:30,0.8427626617217343,0.7956668088944047,1.1148589740363228
2025-03-26 12:20:00+05:30,0.7888582960130096,0.8232686789135328,-0.4436138564201559
2025-03-26 12:25:00+05:30,0.8126763617605282,0.7856289298518253,0.10394187374710309
2025-03-26 12:30:00+05:30,0.7775736380316295,0.8571438404429457,0.3395593795957151
2025-03-26 12:35:00+05:30,0.8590606828095698,0.8558879568886406,-0.08031247777587561
2025-03-26 12:40:00+05:30,0.8578088723635745,0.8420885534443866,-0.2650854732399304
2025-03-26 12:45:00+05:30,0.8364944275080466,0.898548177036948,-0.22254274674441063
2025-03-26 12:50:00+05:30,0.8991767696449237,0.9374407465223403,-0.24292997871006758
2025-03-26 12:55:00+05:30,0.9317728118205947,0.9951562536692067,0.35207296998610893
2025-03-26 13:00:00+05:30,0.9957100250647042,0.9637897961177837,0.1461260745652347
2025-03-26 13:05:00+05:30,0.9656206644422609,0.913603464035507,-0.07719365246578022
2025-03-26 13:10:00+05:30,0.9129681091795315,0.9010568810149377,-0.041824920349843656
2025-03-26 13:15:00+05:30,0.8991767696449237,0.882237006484084,-0.0043990166286990776
2025-03-26 13:20:00+05:30,0.8816269381110929,0.9223854595237814,0.12719383030004633
2025-03-26 13:25:00+05:30,0.9217430249464469,0.9261500470560762,-0.2673375714270194
2025-03-26 13:30:00+05:30,0.9242497064996745,0.8910190019723584,-0.21220467624108105
2025-03-26 13:35:00+05:30,0.8954182776457008,0.86592583593122,-0.30099721511967825
2025-03-26 13:40:00+05:30,0.8653289170232574,0.8533792529106509,-0.166946900926505
2025-03-26 13:45:00+05:30,0.8590606828095698,0.8546351364649558,-0.3161736418518388
2025-03-26 13:50:00+05:30,0.8552991301491097,0.8759637149737994,-0.22924682882838796
2025-03-26 13:55:00+05:30,0.8778653854506329,0.8433413738680714,-0.31372661708286886
2025-03-26 14:00:00+05:30,0.8440175328289666,0.8847457104620737,-0.09152771789766949
2025-03-26 14:05:00+05:30,0.8841336196643206,0.8709463070178198,-0.3326136105344063
2025-03-26 14:10:00+05:30,0.8703453407909499,0.8960394730589581,-0.20740112833044308
2025-03-26 14:15:00+05:30,0.8954182776457008,0.867181719485525,0.07477598393316424
2025-03-26 14:20:00+05:30,0.8690904696837175,0.8571438404429457,-0.2869590203924297
2025-03-26 14:25:00+05:30,0.8578088723635745,0.8420885534443866,-0.2646190417761438
2025-03-26 14:30:00+05:30,0.8390041697225114,0.834559378379797,-0.2741843676155882
2025-03-26 14:35:00+05:30,0.8327359355088236,0.8257773828915227,-0.2727676690651319
2025-03-26 14:40:00+05:30,0.8264677012951359,0.7856289298518253,-0.2412487369413443
2025-03-26 14:45:00+05:30,0.7800803195848571,0.8094662123386587,-0.17426012857886036
2025-03-26 14:50:00+05:30,0.8089148091000681,0.7203873107709896,0.45333732927326836
2025-03-26 14:55:00+05:30,0.72115953010844,0.6852562656872718,1.1208216389427887
2025-03-26 15:00:00+05:30,0.6960865932536892,0.7404600057255282,0.6362863688640085
2025-03-26 15:05:00+05:30,0.7424709143027308,0.7668090553209715,0.4398595484689276
2025-03-26 15:10:00+05:30,0.7637853591582588,0.7504978847681075,0.48342563951932244
2025-03-26 15:15:00+05:30,0.7512488907308834,0.6877649696652616,0.9844670140852371
2025-03-26 15:20:00+05:30,0.7111297432342922,0.7166227232386948,0.6127315799427858
2025-03-26 15:25:00+05:30,0.7186528485552124,0.6727096826667026,0.40197417494763504
2025-03-27 09:15:00+05:30,0.8427626617217343,0.9110947600575172,-0.6389685806148915
2025-03-27 09:20:00+05:30,0.9041931934126162,0.913603464035507,0.7613213286451872
2025-03-27 09:25:00+05:30,0.9004316407521561,0.9311674550120557,0.2986665673825448
2025-03-27 09:30:00+05:30,0.9280112591601346,0.9035655849929276,0.23000715974679553
2025-03-27 09:35:00+05:30,0.8991767696449237,0.8471059614003662,-0.21495105254651103
2025-03-27 09:40:00+05:30,0.8302261932943589,0.913603464035507,-0.21087151765428805
2025-03-27 09:45:00+05:30,0.9129681091795315,0.8596525444209354,-0.3894590749754417
2025-03-27 09:50:00+05:30,0.8615673643627975,0.9236413430780863,-0.3530147658273405
2025-03-27 09:55:00+05:30,0.9229978960536793,0.9449699215869299,-0.2740346918473581
2025-03-27 10:00:00+05:30,0.9443092802479701,1.0001736616251862,-0.1166697661284942
2025-03-27 10:05:00+05:30,0.9994685170639271,1.01899353615604,-0.2512700517491173
2025-03-27 10:10:00+05:30,1.0182732197049902,0.9713189711823733,-0.2379976400221154
2025-03-27 10:15:00+05:30,0.9881869197437841,0.9801009666706477,0.43300230978490095
2025-03-27 10:20:00+05:30,0.980663814422864,0.9738276751603631,-0.16870820182707227
2025-03-27 10:25:00+05:30,0.9743955802091763,0.9637897961177837,-0.30305090589306694
2025-03-27 10:30:00+05:30,0.9706370882099533,0.9512432130972145,-0.19043207321134153
2025-03-27 10:35:00+05:30,0.9505775144616578,0.9386966300766453,-0.32107465305341726
2025-03-27 10:40:00+05:30,0.93678617492705,0.8998009974606328,-0.19366924680329323
2025-03-27 10:45:00+05:30,0.8803720670038606,0.8872544144400636,-0.020069721479200647
2025-03-27 10:50:00+05:30,0.8866403012175482,0.8759637149737994,-0.0630266669612175
2025-03-27 10:55:00+05:30,0.8653289170232574,0.9211326391000966,0.4821551359052769
2025-03-27 11:00:00+05:30,0.9204912145004517,0.9198767555457915,-0.07862427434351371
2025-03-27 11:05:00+05:30,0.925504577606907,0.913603464035507,-0.27139970216014586
2025-03-27 11:10:00+05:30,0.9129681091795315,0.9248941635017711,-0.1399008376905216
2025-03-27 11:15:00+05:30,0.925504577606907,0.913603464035507,-0.3369611694767156
2025-03-27 11:20:00+05:30,0.9104614276263039,0.9374407465223403,-0.18184834194494065
2025-03-27 11:25:00+05:30,0.9380410460342824,0.9236413430780863,0.15683311324141036
2025-03-27 11:30:00+05:30,0.9242497064996745,0.9211326391000966,-0.40286375831157706
2025-03-27 11:35:00+05:30,0.9242497064996745,0.9073301725252224,-0.4408814034420031
2025-03-27 11:40:00+05:30,0.9092065565190715,0.9085860560795274,-0.4129686130830133
2025-03-27 11:45:00+05:30,0.9066998749658438,0.8972922934826429,-0.46820941405535005
2025-03-27 11:50:00+05:30,0.896670088091696,0.8521264324869661,-0.16099119768367778
2025-03-27 11:55:00+05:30,0.8527924485958821,0.8006842168503843,-0.2524883428858733
2025-03-27 12:00:00+05:30,0.8001398933331527,0.7818643423195305,-0.20413262725211767
2025-03-27 12:05:00+05:30,0.782590061799322,0.8006842168503843,-0.42090142879920456
2025-03-27 12:10:00+05:30,0.805153256439608,0.7969196293180895,-0.3893685733481398
2025-03-27 12:15:00+05:30,0.7888582960130096,0.7542624723004023,-0.4467605283848057
2025-03-27 12:20:00+05:30,0.753755572284111,0.7530065887460973,-0.48066034947299646
2025-03-27 12:25:00+05:30,0.753755572284111,0.7567711762783921,-0.48318395254199104
2025-03-27 12:30:00+05:30,0.753755572284111,0.7417158892798331,-0.49795312195129315
2025-03-27 12:35:00+05:30,0.7412191038567356,0.7693177592989613,-0.4914474472810161
2025-03-27 12:40:00+05:30,0.7687987222647141,0.775591050809246,-0.4754216975849456
2025-03-27 12:45:00+05:30,0.7788285091388619,0.7630444677886767,-0.3296966734698305
2025-03-27 12:50:00+05:30,0.7625304880510264,0.7856289298518253,-0.23417220585270154
2025-03-27 12:55:00+05:30,0.7863485537985448,0.8132307998709535,-0.326818025555267
2025-03-27 13:00:00+05:30,0.8101696802073004,0.8069575083606688,-0.2492233226393672
2025-03-27 13:05:00+05:30,0.8064081275468404,0.788137633829815,-0.27356826038357157
2025-03-27 13:10:00+05:30,0.7951265302266973,0.7831202258738356,-0.29762428908677374
2025-03-27 13:15:00+05:30,0.7738120853711694,0.7630444677886767,-0.37334282365206933
2025-03-27 13:20:00+05:30,0.7625304880510264,0.7693177592989613,-0.3430421826650377
2025-03-27 13:25:00+05:30,0.7687987222647141,0.7831202258738356,-0.3754243610800124
2025-03-27 13:30:00+05:30,0.782590061799322,0.7806084587652254,-0.37013001588285277
2025-03-27 13:35:00+05:30,0.7775736380316295,0.7868817502755101,-0.19017449165671313
2025-03-27 13:40:00+05:30,0.7863485537985448,0.8182482078269331,-0.39606917460029784
2025-03-27 13:45:00+05:30,0.8164379144209881,0.850870548932661,-0.25468822859567275
2025-03-27 13:50:00+05:30,0.849030895935422,0.850870548932661,-0.23134577041542762
2025-03-27 13:55:00+05:30,0.8502857670426544,0.8546351364649558,-0.3721140900198554
2025-03-27 14:00:00+05:30,0.8540473197031144,0.8621612483989252,-0.29908623845088095
2025-03-27 14:05:00+05:30,0.8552991301491097,0.8772195985281044,-0.34410383636992514
2025-03-27 14:10:00+05:30,0.8828818092183254,0.8772195985281044,-0.14306143298244864
2025-03-27 14:15:00+05:30,0.8828818092183254,0.8747078314194944,-0.26380452713042696
2025-03-27 14:20:00+05:30,0.8753587038974052,0.8759637149737994,-0.2256650528863253
2025-03-27 14:25:00+05:30,0.8791202565578653,0.8596525444209354,-0.3011816992061013
2025-03-27 14:30:00+05:30,0.8615673643627975,0.7994283332960792,0.25394484016814145
2025-03-27 14:35:00+05:30,0.7901101064590049,0.8621612483989252,-0.1396362944722546
2025-03-27 14:40:00+05:30,0.8615673643627975,0.8721991274415046,0.05584025883615658
2025-03-27 14:45:00+05:30,0.8741038327901729,0.9412053340546351,0.1594089287876945
2025-03-27 14:50:00+05:30,0.94054772758751,0.9324233385663607,-0.05899238288264546
2025-03-27 14:55:00+05:30,0.9317728118205947,0.9524990966515196,0.1190521646746969
2025-03-27 15:00:00+05:30,0.9505775144616578,0.834559378379797,2.973295967353047
2025-03-27 15:05:00+05:30,0.8289743828483636,0.8307947908475022,2.5805815598356574
2025-03-27 15:10:00+05:30,0.8277195117411312,0.8684345399092098,2.3493359787520895
2025-03-27 15:15:00+05:30,0.8665837881304899,0.834559378379797,2.6109344132999786
2025-03-27 15:20:00+05:30,0.8377492986152789,0.8634171319532302,2.826937431846819
2025-03-27 15:25:00+05:30,0.8590606828095698,0.8558879568886406,1.7071747205679977
2025-03-28 09:15:00+05:30,0.9518323855688903,1.066671164260327,-0.6389685806148915
2025-03-28 09:20:00+05:30,1.08973353827002,0.9562606210531941,0.0867918153733978
2025-03-28 09:25:00+05:30,0.9568457486753456,0.9650456796720888,-0.3376538550087569
2025-03-28 09:30:00+05:30,0.9618591117818008,0.9524990966515196,-0.2419831924552172
2025-03-28 09:35:00+05:30,0.9518323855688903,0.8772195985281044,-0.13954927367677203
2025-03-28 09:40:00+05:30,0.8728520223441776,0.9361879260986555,-0.4263663347555101
2025-03-28 09:45:00+05:30,0.9317728118205947,0.9499873295429095,-0.4542617209554034
2025-03-28 09:50:00+05:30,0.9505775144616578,0.9349320425443505,-0.34596260056143285
2025-03-28 09:55:00+05:30,0.94054772758751,0.9851183746266272,-0.4323742504756269
2025-03-28 10:00:00+05:30,0.9844253670833241,0.9901388457132271,-0.39527554494549677
2025-03-28 10:05:00+05:30,0.9944551539574719,0.9662985000957734,-0.42886557200176956
2025-03-28 10:10:00+05:30,0.9656206644422609,0.9801009666706477,-0.38084749705448634
2025-03-28 10:15:00+05:30,0.9756504513164087,0.9838655542029425,-0.5157262492206537
2025-03-28 10:20:00+05:30,0.980663814422864,1.0152320117543654,-0.43053289044321563
2025-03-28 10:25:00+05:30,1.020782961919455,1.0716916353469268,-0.34541959079762163
2025-03-28 10:30:00+05:30,1.068419093414492,1.1319127833411626,-0.20580342652538305
2025-03-28 10:35:00+05:30,1.1273429435521463,1.1218779674292036,-0.38184649578662627
2025-03-28 10:40:00+05:30,1.1097900513570784,1.2122127525511777,0.09703938424942547
2025-03-28 10:45:00+05:30,1.2113366698833141,1.2623990846334543,-0.16660577940821333
2025-03-28 10:50:00+05:30,1.2664959066992711,1.2711810801217287,-0.038890579126171325
2025-03-28 10:55:00+05:30,1.2639892251460436,1.2122127525511777,-0.3444519195518554
2025-03-28 11:00:00+05:30,1.2113366698833141,1.204683577486588,-0.4662253399183474
2025-03-28 11:05:00+05:30,1.2075751172228542,1.2222506315937571,-0.1166732469603135
2025-03-28 11:10:00+05:30,1.2263798198639173,1.1933928780203238,0.1433448899416117
2025-03-28 11:15:00+05:30,1.1912770961350185,1.1557531289586163,-0.4279605557287508
2025-03-28 11:20:00+05:30,1.1636974777270401,1.1795904114454496,-0.46459282979509436
2025-03-28 11:25:00+05:30,1.1762339461544156,1.1745730034894701,-0.3282904174148321
2025-03-28 11:30:00+05:30,1.1737272646011878,1.1996661695306086,-0.3559456262191935
2025-03-28 11:35:00+05:30,1.188770414581791,1.1984102859763035,-0.3950458100454228
2025-03-28 11:40:00+05:30,1.1975453303487062,1.1406978419600573,-0.24843317381638544
2025-03-28 11:45:00+05:30,1.1373696697650568,1.1858637029557342,-0.44252087522889477
2025-03-28 11:50:00+05:30,1.1837570514753357,1.1946456984440086,-0.4566460907516259
2025-03-28 11:55:00+05:30,1.188770414581791,1.1770817074674598,-0.38774302488852536
2025-03-28 12:00:00+05:30,1.1837570514753357,1.1369332544277626,-0.33270063132988886
2025-03-28 12:05:00+05:30,1.1373696697650568,1.1645351244468907,-0.29180781911671866
2025-03-28 12:10:00+05:30,1.1649523488342726,1.1519885414263216,-0.27977110268556926
2025-03-28 12:15:00+05:30,1.1511610092996647,1.0867469223454858,-0.17607364195671715
2025-03-28 12:20:00+05:30,1.0809555618418674,1.0478512897294732,-0.3200965393121932
2025-03-28 12:25:00+05:30,1.045855898774206,1.0089587202440808,0.16346409785718236
2025-03-28 12:30:00+05:30,1.0069916223848472,0.9675543836500785,-0.2895731250887262
2025-03-28 12:35:00+05:30,0.9706370882099533,1.0290314151986195,-0.0565035881318439
2025-03-28 12:40:00+05:30,1.028303006579138,1.0102115406677656,-0.14468001977842448
2025-03-28 12:45:00+05:30,1.009498303938075,0.8809811229297789,5.879285815857153
2025-03-28 12:50:00+05:30,0.8866403012175482,0.650125220603554,11.782156993331004
2025-03-28 12:55:00+05:30,0.6484474010974152,0.744224593257823,3.304841717309827
2025-03-28 13:00:00+05:30,0.738712422303508,0.6877649696652616,0.3251452550319819
2025-03-28 13:05:00+05:30,0.694834782807694,0.7806084587652254,0.15891116983753417
2025-03-28 13:10:00+05:30,0.7800803195848571,0.8057016248063639,0.6465408994036748
2025-03-28 13:15:00+05:30,0.801394764440385,0.7831202258738356,0.07859097560712021
2025-03-28 13:20:00+05:30,0.782590061799322,0.8094662123386587,-0.39236208871274025
2025-03-28 13:25:00+05:30,0.8114214906532957,0.7743351672549409,-0.40404724113014
2025-03-28 13:30:00+05:30,0.7738120853711694,0.7668090553209715,-0.3213670429262387
2025-03-28 13:35:00+05:30,0.7587689353905663,0.7655531717666665,-0.35330019403652335
2025-03-28 13:40:00+05:30,0.7637853591582588,0.7316780102372538,-0.3448069643974243
2025-03-28 13:45:00+05:30,0.7286826354293602,0.6739625030903874,-0.32675885141433886
2025-03-28 13:50:00+05:30,0.673520337952166,0.6576543956681437,-0.24055605140930303
2025-03-28 13:55:00+05:30,0.6572253775255676,0.727913422704959,-0.24338596767839626
2025-03-28 14:00:00+05:30,0.7249210827689001,0.7028202566638205,-0.08113047325341179
2025-03-28 14:05:00+05:30,0.7111297432342922,0.7228960147489794,-0.11508946848253068
2025-03-28 14:10:00+05:30,0.7324441880898203,0.7843730462975202,0.10944506885342094
2025-03-28 14:15:00+05:30,0.7800803195848571,0.8433413738680714,0.40849029211337
2025-03-28 14:20:00+05:30,0.8427626617217343,0.8759637149737994,0.25880060055606896
2025-03-28 14:25:00+05:30,0.8715971512369451,0.9474786255649197,0.23744569734464577
2025-03-28 14:30:00+05:30,0.9480708329084302,0.882237006484084,0.1214748236209317
2025-03-28 14:35:00+05:30,0.8803720670038606,0.8709463070178198,0.0633658172294894
2025-03-28 14:40:00+05:30,0.8653289170232574,0.9261500470560762,0.1172560554559366
2025-03-28 14:45:00+05:30,0.925504577606907,0.9073301725252224,-0.009261738680265202
2025-03-28 14:50:00+05:30,0.9104614276263039,0.8910190019723584,0.18011291644890803
2025-03-28 14:55:00+05:30,0.8954182776457008,0.8960394730589581,0.26753052675888056
2025-03-28 15:00:00+05:30,0.8954182776457008,0.7944109253400997,0.6010533891890247
2025-03-28 15:05:00+05:30,0.793871659119465,0.7956668088944047,0.7273901800706227
2025-03-28 15:10:00+05:30,0.7988850222259203,0.8307947908475022,0.7221341240234754
2025-03-28 15:15:00+05:30,0.8327359355088236,0.7417158892798331,0.7452364048081886
2025-03-28 15:20:00+05:30,0.7424709143027308,0.7668090553209715,1.25822747500977
2025-03-28 15:25:00+05:30,0.7675438511574817,0.7630444677886767,0.6257220442924242
