Date,Open,Close,Volume
2020-03-30 00:00:00+05:30,-3.2532434472771725,-3.272345357203296,0.7378693826671332
2020-03-31 00:00:00+05:30,-3.181138045429391,-3.092187385740222,1.6383421997485248
2020-04-01 00:00:00+05:30,-3.0767097552669105,-3.164207337482078,1.4657545603471913
2020-04-03 00:00:00+05:30,-3.0503322281868317,-3.170695687012251,1.451049575147195
2020-04-07 00:00:00+05:30,-3.1202756381571346,-2.8924566450287386,2.2838328581095
2020-04-08 00:00:00+05:30,-2.9518493899020215,-2.922627046890424,1.9961200501686513
2020-04-09 00:00:00+05:30,-2.878338988225848,-2.862502575964139,0.9173493835847069
2020-04-13 00:00:00+05:30,-2.9000675611950073,-2.9291152478403792,0.31807295685781456
2020-04-15 00:00:00+05:30,-2.9149856388099398,-3.014111452901928,1.0639167574722121
2020-04-16 00:00:00+05:30,-3.017036206600574,-2.974749581608024,1.2005514854031891
2020-04-17 00:00:00+05:30,-2.8740143359337633,-2.8537431778052205,0.9324914484921525
2020-04-20 00:00:00+05:30,-2.852393532249122,-2.8109202789183816,1.1093209253238543
2020-04-21 00:00:00+05:30,-2.886987343253586,-2.8248704755656138,2.731926257032716
2020-04-22 00:00:00+05:30,-2.649158058402636,-2.5518219349099787,7.938447009632174
2020-04-23 00:00:00+05:30,-2.5467832769308743,-2.53603350380839,2.9939995313584324
2020-04-24 00:00:00+05:30,-2.5839714323200993,-2.4363305316306803,7.445592064003517
2020-04-27 00:00:00+05:30,-2.402681225041364,-2.4087555290131517,2.5469564427840727
2020-04-28 00:00:00+05:30,-2.368087890754932,-2.4122159622852153,3.82569952769744
2020-04-29 00:00:00+05:30,-2.3791140452353843,-2.414811064368936,1.2030465407621804
2020-04-30 00:00:00+05:30,-2.359547474922405,-2.3303553941396653,3.3705947965435916
2020-05-04 00:00:00+05:30,-2.3897085050175773,-2.3969683631763408,2.2251315038343025
2020-05-05 00:00:00+05:30,-2.360088098101917,-2.3419265243398266,1.6774624983868702
2020-05-06 00:00:00+05:30,-2.337818657634117,-2.3417098943823054,1.3947841750633976
2020-05-07 00:00:00+05:30,-2.3572773288536517,-2.24179058940751,2.0055093879919084
2020-05-08 00:00:00+05:30,-2.162690397706643,-2.123163252051777,4.197682724736076
2020-05-11 00:00:00+05:30,-2.0870177550581297,-2.090721950141564,3.0977666464747435
2020-05-12 00:00:00+05:30,-2.1198810129846652,-2.301699024697144,5.249109272458476
2020-05-13 00:00:00+05:30,-2.1703130498819525,-2.233821340846738,3.055829917872706
2020-05-14 00:00:00+05:30,-2.2969020668264672,-2.3659082629705974,1.9568328851784729
2020-05-15 00:00:00+05:30,-2.3514661801396826,-2.314710491528451,2.781911373672865
2020-05-18 00:00:00+05:30,-2.2947193056268635,-2.355428603050238,2.823136775220983
2020-05-19 00:00:00+05:30,-2.323093241674028,-2.4249659279332314,1.5117545422448073
2020-05-20 00:00:00+05:30,-2.4256737478683847,-2.370820324970358,2.3444938995289246
2020-05-21 00:00:00+05:30,-2.3711092564443264,-2.3543365384495654,1.310191194760493
2020-05-22 00:00:00+05:30,-2.334442462483689,-2.37551486553129,1.2244523689602538
2020-05-26 00:00:00+05:30,-2.3424087332425283,-2.391888999851362,0.9291169831269922
2020-05-27 00:00:00+05:30,-2.379839956550699,-2.3449489431298787,1.0860789909712085
2020-05-28 00:00:00+05:30,-2.3274580598405175,-2.286655871967933,1.3715524857668888
2020-05-29 00:00:00+05:30,-2.29908451131348,-2.303794302928258,1.3649091431463811
2020-06-01 00:00:00+05:30,-2.27289319782397,-2.181640562683768,1.3598618522088335
2020-06-02 00:00:00+05:30,-2.1724949930863744,-2.148127997403371,0.2207561931170282
2020-06-03 00:00:00+05:30,-2.1310263427170923,-2.135137628962989,0.4274072354790308
2020-06-04 00:00:00+05:30,-2.1332090399392696,-2.0518462333202314,0.9922338925656833
2020-06-05 00:00:00+05:30,-2.021897738184515,-2.0476981708002886,0.9201557605870645
2020-06-08 00:00:00+05:30,-1.9708254644032785,-2.0743341464414566,0.8137524004318726
2020-06-09 00:00:00+05:30,-2.097633003683989,-2.1449623472833808,0.4578780814420209
2020-06-10 00:00:00+05:30,-2.1351730818223307,-2.068547838440287,0.21939148760796442
2020-06-11 00:00:00+05:30,-2.0851923684521037,-2.143761521963294,0.10753839790383901
2020-06-12 00:00:00+05:30,-2.2292421481437663,-2.0321967966794485,1.2705503832387817
2020-06-15 00:00:00+05:30,-2.0873747381966448,-1.9759779053576922,2.2027547004408348
2020-06-16 00:00:00+05:30,-1.917133638939807,-1.9691004242371568,2.079788414155182
2020-06-17 00:00:00+05:30,-1.9929787203649938,-1.9742314934779226,1.477574409675776
2020-06-18 00:00:00+05:30,-1.9957067045686128,-1.8857002678749852,1.3936612528791694
2020-06-19 00:00:00+05:30,-1.8582045439068522,-1.6597326379872877,5.577013243530401
2020-06-22 00:00:00+05:30,-1.6325259538961114,-1.688660612067908,2.6568221196608004
2020-06-23 00:00:00+05:30,-1.6835986771463902,-1.7437883302702983,1.2329752951923159
2020-06-24 00:00:00+05:30,-1.7143728756749383,-1.7286147241098775,2.1053509817860845
2020-06-25 00:00:00+05:30,-1.7337974515513896,-1.7503377462699785,1.3429365072175223
2020-06-26 00:00:00+05:30,-1.729868651901695,-1.6984853303882994,0.7821822599453707
2020-06-29 00:00:00+05:30,-1.7315060634050081,-1.7388759711101025,0.44281688844645756
2020-06-30 00:00:00+05:30,-1.7119717756550639,-1.780466842831121,0.7408503098134269
2020-07-01 00:00:00+05:30,-1.7490754803027881,-1.7073276363087388,0.6248047510431938
2020-07-02 00:00:00+05:30,-1.6677884664346745,-1.6262512745526245,0.6456425549100653
2020-07-03 00:00:00+05:30,-1.5868131337458975,-1.5656106359497775,0.6869258410253579
2020-07-06 00:00:00+05:30,-1.5313632907038575,-1.4249607387149017,1.8127242607322729
2020-07-07 00:00:00+05:30,-1.4103402377830299,-1.4873617557379897,1.0554483861640802
2020-07-08 00:00:00+05:30,-1.4894450437108104,-1.5433794694448737,0.4800928208537199
2020-07-09 00:00:00+05:30,-1.5225611393182554,-1.4856007829968778,1.1341658267723527
2020-07-10 00:00:00+05:30,-1.4796528996251563,-1.3671811607855993,1.6042234094531143
2020-07-13 00:00:00+05:30,-1.3149521423715924,-1.2418281912919005,3.2593394418334656
2020-07-14 00:00:00+05:30,-1.247509831371096,-1.2814485921647394,3.1135225823396047
2020-07-15 00:00:00+05:30,-1.2388184801463047,-1.4421291828792178,7.74548182551093
2020-07-16 00:00:00+05:30,-1.4389455660780681,-1.4434494666943984,2.705679447715056
2020-07-17 00:00:00+05:30,-1.443346593408443,-1.2931145165438431,1.9862870373830566
2020-07-20 00:00:00+05:30,-1.2831563264768104,-1.2750652888485354,1.1453070691950553
2020-07-21 00:00:00+05:30,-1.2365077920259224,-1.1613785408943762,1.502631127659909
2020-07-22 00:00:00+05:30,-1.1396899857137326,-1.0899527614434168,2.6294647462578777
2020-07-23 00:00:00+05:30,-1.0935913725791526,-0.9715334363925737,2.537406129516261
2020-07-24 00:00:00+05:30,-0.9746589037230459,-0.7770660013156788,6.524245457295572
2020-07-27 00:00:00+05:30,-0.7088489524405881,-0.7549447841719317,3.9442492983455866
2020-07-28 00:00:00+05:30,-0.7585786762389188,-0.7076213904885796,2.331267339961114
2020-07-29 00:00:00+05:30,-0.71082944130715,-0.8860204693335911,3.4549564306726
2020-07-30 00:00:00+05:30,-0.8844419358218809,-0.8591669722535948,3.4673814426608836
2020-07-31 00:00:00+05:30,-0.8503359881576047,-0.9510635397892173,3.60188731195817
2020-08-03 00:00:00+05:30,-0.9894017523069246,-1.078947127552121,1.793463427131306
2020-08-04 00:00:00+05:30,-1.0569542339795819,-0.7672712961992791,4.69573876520754
2020-08-05 00:00:00+05:30,-0.7304131274601483,-0.8204276520721825,3.5757580646596834
2020-08-06 00:00:00+05:30,-0.7568182341855312,-0.8035893531517705,1.960431717273036
2020-08-07 00:00:00+05:30,-0.8166693774749321,-0.7764057108278712,0.9142476288075962
2020-08-10 00:00:00+05:30,-0.7521975063090744,-0.8349552314457019,0.5284304044038198
2020-08-11 00:00:00+05:30,-0.8056674387197119,-0.8042496436395791,1.8006940675948733
2020-08-12 00:00:00+05:30,-0.8360330082967146,-0.817896439482107,0.7400945448285124
2020-08-13 00:00:00+05:30,-0.8206300515467767,-0.8301124078274271,0.39212793644968935
2020-08-14 00:00:00+05:30,-0.8326227916202494,-0.8482718820443265,0.9296292359338476
2020-08-17 00:00:00+05:30,-0.8712397608583534,-0.8976863937126944,0.785841858029147
2020-08-18 00:00:00+05:30,-0.9152477648202033,-0.8378162921192476,0.7582190096090715
2020-08-19 00:00:00+05:30,-0.7920246708048498,-0.8092021194585745,0.9848826165661014
2020-08-20 00:00:00+05:30,-0.838233857201614,-0.8851405772839058,0.2453369642119917
2020-08-21 00:00:00+05:30,-0.8426343364170762,-0.918596979241982,0.42097884694259996
2020-08-24 00:00:00+05:30,-0.9011648976361587,-0.8880013407970148,0.8971385131218256
2020-08-25 00:00:00+05:30,-0.8690392374981933,-0.9180466381153302,0.043647858663594497
2020-08-26 00:00:00+05:30,-0.9152473850510283,-0.796545462187323,2.6358015696050834
2020-08-27 00:00:00+05:30,-0.776622340430633,-0.8553154758483388,0.6005341490227813
2020-08-28 00:00:00+05:30,-0.8382334742468429,-0.843098913182147,0.5417427663167786
2020-08-31 00:00:00+05:30,-0.7194113834475709,-0.9211281918320586,2.7770367759628285
2020-09-01 00:00:00+05:30,-0.8822417354666844,-0.9067108589801304,1.2748634878409038
2020-09-02 00:00:00+05:30,-0.899845317555494,-0.8165761556669264,0.5278183903628293
2020-09-03 00:00:00+05:30,-0.8206298318005053,-0.8520131319279913,-0.007678527919704475
2020-09-04 00:00:00+05:30,-0.9184385018974873,-0.9287221267627218,0.6255630132605416
2020-09-07 00:00:00+05:30,-0.9174484419011981,-0.9168363036613058,0.20618983633288723
2020-09-08 00:00:00+05:30,-0.8998454508627399,-0.8630193601401581,0.556481688265229
2020-09-09 00:00:00+05:30,-0.9152479514924717,-0.7436095993576031,2.343846668107463
2020-09-10 00:00:00+05:30,-0.6993876632795376,-0.40761118635440596,7.786118264394365
2020-09-11 00:00:00+05:30,-0.4157545370766739,-0.39495512340402567,2.610213645460241
2020-09-14 00:00:00+05:30,-0.3871492704985926,-0.43281395721488153,1.6236555916179745
2020-09-15 00:00:00+05:30,-0.41586473710421296,-0.39693599486744985,0.5424786815054273
2020-09-16 00:00:00+05:30,-0.39815125230977727,-0.3843892869573546,0.9762224706134031
2020-09-17 00:00:00+05:30,-0.39815175423147947,-0.44117783483407397,0.4560536930704052
2020-09-18 00:00:00+05:30,-0.41080354234581734,-0.42588001561159033,0.9200424246535477
2020-09-21 00:00:00+05:30,-0.4421601293899061,-0.5356053177993364,0.9554177070525737
2020-09-22 00:00:00+05:30,-0.49276935440946523,-0.6339945436914481,1.030006390037591
2020-09-23 00:00:00+05:30,-0.5301761535683569,-0.5907431394565361,1.5548384610077977
2020-09-24 00:00:00+05:30,-0.6448172538954121,-0.6999172090363247,0.71202955820452
2020-09-25 00:00:00+05:30,-0.6864053403090123,-0.6547951798595791,0.6190951812579829
2020-09-28 00:00:00+05:30,-0.6027897272073075,-0.6227690110778401,0.06150249427814236
2020-09-29 00:00:00+05:30,-0.607190420136244,-0.5593772611626047,0.45694181137429085
2020-09-30 00:00:00+05:30,-0.5301758287171086,-0.5829284143222534,0.3687459649859694
2020-10-01 00:00:00+05:30,-0.5218145369749957,-0.6029588106414208,0.13298596477960278
2020-10-05 00:00:00+05:30,-0.5653829571940706,-0.63168352698412,0.013859781660541857
2020-10-06 00:00:00+05:30,-0.6066401627299639,-0.6357552192721245,-0.018836290495428364
2020-10-07 00:00:00+05:30,-0.5851856066499891,-0.5319725314746504,2.206818273894417
2020-10-08 00:00:00+05:30,-0.5323767572687994,-0.5721438677950123,0.15184845779163877
2020-10-09 00:00:00+05:30,-0.5851862127720809,-0.5849098801065487,-0.010299341342778715
2020-10-12 00:00:00+05:30,-0.5851859921351547,-0.576985799931981,-0.2868534902654918
2020-10-13 00:00:00+05:30,-0.5948681779152976,-0.48090759074719786,0.28210179638121397
2020-10-14 00:00:00+05:30,-0.48858797370598317,-0.46594021392905377,0.5145364434602775
2020-10-15 00:00:00+05:30,-0.4641638140453436,-0.6442296405733442,0.08515243799144862
2020-10-16 00:00:00+05:30,-0.629194568082124,-0.711803626458612,0.1842351292522683
2020-10-19 00:00:00+05:30,-0.6840948374941511,-0.7109231400880555,0.8000132678992024
2020-10-20 00:00:00+05:30,-0.7084093076946267,-0.7556053718201753,-0.014346842864546266
2020-10-21 00:00:00+05:30,-0.7326138020338159,-0.8244999386810581,0.9845482435464266
2020-10-22 00:00:00+05:30,-0.821950641689964,-0.8633495053840616,0.7745174852279934
2020-10-23 00:00:00+05:30,-0.8690391425139526,-0.849922311103411,0.3019588282177598
2020-10-26 00:00:00+05:30,-0.8779512805050642,-1.0347052875854974,1.1921447765266826
2020-10-27 00:00:00+05:30,-1.0254883724789996,-1.0228188701632102,1.1380047773701292
2020-10-28 00:00:00+05:30,-1.0103056292699908,-1.0735542599676293,0.7182853815766413
2020-10-29 00:00:00+05:30,-1.1088836988974278,-1.0395472197224656,0.7651108588725049
2020-10-30 00:00:00+05:30,-1.0285687586393706,-0.9787966317584623,0.9806578115415611
2020-11-02 00:00:00+05:30,-1.0428720568444234,-1.3685023360820865,5.164824028029289
2020-11-03 00:00:00+05:30,-1.3443283553104108,-1.4280422924316296,4.481269272286104
2020-11-04 00:00:00+05:30,-1.4609499266162111,-1.289813064104803,3.9362639174027185
2020-11-05 00:00:00+05:30,-1.2014114363152166,-1.1978068443684597,1.1845222626658707
2020-11-06 00:00:00+05:30,-1.1242865123457366,-1.034594743903469,3.071451131249364
2020-11-09 00:00:00+05:30,-0.9656376884429756,-0.9871616980193969,1.0969998366237617
2020-11-10 00:00:00+05:30,-0.9328512329164577,-0.912654067691274,1.1671613106939298
2020-11-11 00:00:00+05:30,-0.9064463063800003,-1.1049204354219964,2.434381140653882
2020-11-12 00:00:00+05:30,-1.1440904941653118,-1.1427792692328522,1.3664459015669475
2020-11-13 00:00:00+05:30,-1.1418900862992407,-1.106681111002672,1.7085118698636026
2020-11-14 00:00:00+05:30,-1.0694967956350714,-1.0936949028083882,-0.8631540979728997
2020-11-17 00:00:00+05:30,-0.9152475847813694,-1.1136144582850933,1.78239742183961
2020-11-18 00:00:00+05:30,-1.1171358605261459,-1.1269314060441522,0.748909967413289
2020-11-19 00:00:00+05:30,-1.1304479683796753,-1.1578565954121525,0.5820470092549687
2020-11-20 00:00:00+05:30,-1.157293116725399,-1.3199677164634032,2.4821786816823543
2020-11-23 00:00:00+05:30,-1.2101030046766168,-1.207271404240956,1.7045993469564416
2020-11-24 00:00:00+05:30,-1.1814972432632684,-1.1778863974104485,0.783101433575672
2020-11-25 00:00:00+05:30,-1.1462911149456114,-1.2136547075571598,0.8920583099414374
2020-11-26 00:00:00+05:30,-1.2055920791141548,-1.2030894654313598,0.4566919600677471
2020-11-27 00:00:00+05:30,-1.233207288871273,-1.2532745141091275,1.8332544567886278
2020-12-01 00:00:00+05:30,-1.2335373406140495,-1.198026743090772,0.06687077563078586
2020-12-02 00:00:00+05:30,-1.1935999455864632,-1.1908731999256041,0.22299262484015828
2020-12-03 00:00:00+05:30,-1.1638938704888429,-1.1778863974104485,0.5813445185619672
2020-12-04 00:00:00+05:30,-1.1704957718273314,-1.2159660214249235,-0.015482507337344818
2020-12-07 00:00:00+05:30,-1.2329868817044618,-1.1907629534040123,-0.02972083023029572
2020-12-08 00:00:00+05:30,-1.1877686677239547,-1.1125140731922245,1.58137014691767
2020-12-09 00:00:00+05:30,-1.0803886756986871,-1.0394375675217449,0.6703408880242021
2020-12-10 00:00:00+05:30,-1.0547537031298,-1.0833492622444656,-0.16909719921516406
2020-12-11 00:00:00+05:30,-1.0736776714238492,-1.0859907213561328,0.5274830568691415
2020-12-14 00:00:00+05:30,-1.084789535828939,-1.1179066436162808,-0.08923442536236377
2020-12-15 00:00:00+05:30,-1.1249469726515742,-1.1552151363004846,-0.009930135132237644
2020-12-16 00:00:00+05:30,-1.1286879514543435,-1.150373204163516,-0.009306083150285981
2020-12-17 00:00:00+05:30,-1.1363891431418427,-1.1304530543659403,0.09899357286428397
2020-12-18 00:00:00+05:30,-1.1460705932216704,-1.1173563024896287,-0.015367762708609196
2020-12-21 00:00:00+05:30,-1.0802786768483803,-1.2314837393697196,1.628271949881755
2020-12-22 00:00:00+05:30,-1.2145032133011102,-1.2380863470873644,0.6040519811422603
2020-12-23 00:00:00+05:30,-1.2563113613161976,-1.2223487304202563,0.050909170263972334
2020-12-24 00:00:00+05:30,-1.2189048231277346,-1.1116335868216687,0.13258647162185638
2020-12-28 00:00:00+05:30,-1.0875401439121626,-1.0914935383017808,-0.09507718087735713
2020-12-29 00:00:00+05:30,-1.0824790764899634,-1.1206580520891045,-0.006045081781844131
2020-12-30 00:00:00+05:30,-1.1127348694430423,-1.1086622796265324,0.21369158659448287
2020-12-31 00:00:00+05:30,-1.116585191037125,-1.131113047693313,0.004792266663191668
2021-01-01 00:00:00+05:30,-1.1286875397794427,-1.126270521235473,-0.5565096428910892
2021-01-04 00:00:00+05:30,-1.1130644438306798,-1.1188967821875573,0.3718434936774235
2021-01-05 00:00:00+05:30,-1.170495532587887,-1.1733743133569483,0.3468428033440403
2021-01-06 00:00:00+05:30,-1.1773168615019665,-1.2875014530766036,1.773362947148302
2021-01-07 00:00:00+05:30,-1.2772153980582712,-1.2943248509978675,0.872082947706508
2021-01-08 00:00:00+05:30,-1.2827167436144027,-1.2446904406071873,0.5656449305058603
2021-01-11 00:00:00+05:30,-1.2369482293761849,-1.3249204894428348,0.9349560248091359
2021-01-12 00:00:00+05:30,-1.3157224989045289,-1.1932941659940883,1.4378423531228435
2021-01-13 00:00:00+05:30,-1.1824878472989981,-1.2334646108331435,0.5066891786804578
2021-01-14 00:00:00+05:30,-1.223305515853016,-1.1854806295015479,0.18229125791345352
2021-01-15 00:00:00+05:30,-1.1889791966749428,-1.2364362151887154,0.12082258591242076
2021-01-18 00:00:00+05:30,-1.214283189896065,-1.1340843548884492,1.0497411855481011
2021-01-19 00:00:00+05:30,-1.1140550023911886,-1.0626588725979254,0.8516374654580869
2021-01-20 00:00:00+05:30,-1.0551935869264149,-0.9783565371534027,0.7823502788660193
2021-01-21 00:00:00+05:30,-0.9218490961256122,-0.8799676084217264,1.3050533631393337
2021-01-22 00:00:00+05:30,-0.8580369439433528,-0.9895820697670107,0.7572577672170072
2021-01-25 00:00:00+05:30,-1.0253784039670268,-1.2286220843753037,2.273170315934804
2021-01-27 00:00:00+05:30,-1.2673135971961855,-1.3298729652618306,1.515229985444519
2021-01-28 00:00:00+05:30,-1.366002214595844,-1.3704832075455105,0.983619337112795
2021-01-29 00:00:00+05:30,-1.33486669068511,-1.4466415640931536,1.6011765297579381
2021-02-01 00:00:00+05:30,-1.4116605869747183,-1.3292123776135871,0.9908637443705466
2021-02-02 00:00:00+05:30,-1.2909679347968468,-1.2620787834938156,1.4575953336079968
2021-02-03 00:00:00+05:30,-1.2600520663007237,-1.251403294846424,0.7424687725566866
2021-02-04 00:00:00+05:30,-1.2695142161424633,-1.2653805330932915,0.44313928755677223
2021-02-05 00:00:00+05:30,-1.256201468027631,-1.2665911647077515,0.09871746860138887
2021-02-08 00:00:00+05:30,-1.2496005668442567,-1.2056206780214358,0.15860968258932395
2021-02-09 00:00:00+05:30,-1.1860083531922356,-1.1952756317783837,0.05748720065160585
2021-02-10 00:00:00+05:30,-1.2040514798016013,-1.1553253828220764,0.16185967052241843
2021-02-11 00:00:00+05:30,-1.1462907955812969,-0.9761554698072301,1.5260607386346665
2021-02-12 00:00:00+05:30,-0.9801598849867793,-1.0071912028572576,0.7549762572468739
2021-02-15 00:00:00+05:30,-0.9965531966352508,-1.027001403293677,-0.18666798274311316
2021-02-16 00:00:00+05:30,-1.0148165153807183,-0.9677915921880377,0.17386585180949665
2021-02-17 00:00:00+05:30,-0.9702584166282145,-0.9155154255252547,0.3225045839531228
2021-02-18 00:00:00+05:30,-0.9152474226056266,-0.9497420673322946,-0.003807945711104629
2021-02-19 00:00:00+05:30,-0.9768596377399361,-0.922008975363049,0.3007651511145849
2021-02-22 00:00:00+05:30,-0.9262498224111461,-1.0809282961759807,0.32643234638128793
2021-02-23 00:00:00+05:30,-0.9966631970984406,-1.0471414518135649,0.4442359567846489
2021-02-24 00:00:00+05:30,-1.0362708180396187,-0.9644901397489974,-0.5057653675911806
2021-02-25 00:00:00+05:30,-0.9350515696965244,-0.7810280414029632,1.034068490764354
2021-02-26 00:00:00+05:30,-0.844834477148303,-0.9099023620580146,1.2021848675094486
2021-03-01 00:00:00+05:30,-0.8597974470937982,-0.8749048860811387,-0.0656697077097981
2021-03-02 00:00:00+05:30,-0.8338322168443925,-0.8654400290482069,-0.09960671229037567
2021-03-03 00:00:00+05:30,-0.8359229298499965,-0.6539143963285887,0.8463770133212865
2021-03-04 00:00:00+05:30,-0.7062085891766599,-0.7116930827765836,0.17476831319197428
2021-03-05 00:00:00+05:30,-0.7590186604042672,-0.7054203231424077,0.4357554835039551
2021-03-08 00:00:00+05:30,-0.7315136250123893,-0.6781264342969161,0.051256925888226335
2021-03-09 00:00:00+05:30,-0.6622009663263939,-0.6782369779789434,-0.22743146032264913
2021-03-10 00:00:00+05:30,-0.6467977307400716,-0.6982667799772396,-0.4601943974193062
2021-03-12 00:00:00+05:30,-0.6732028509158767,-0.7958854688599512,-0.11790745606809379
2021-03-15 00:00:00+05:30,-0.794115406442244,-0.8590573200528748,-0.1285913207658755
2021-03-16 00:00:00+05:30,-0.8514362210350372,-0.8773264464704942,-0.3094356430029078
2021-03-17 00:00:00+05:30,-0.8865323437960942,-0.9769260068166299,0.03226483291605592
2021-03-18 00:00:00+05:30,-0.9418728162613532,-1.078726931669373,0.12429386705807678
2021-03-19 00:00:00+05:30,-1.1220864402942623,-0.9182668339980781,1.4779186435619827
2021-03-22 00:00:00+05:30,-0.9460533959494764,-0.9614082888718339,-0.008571832783259539
2021-03-23 00:00:00+05:30,-0.9659671636818707,-0.9061605178534785,-0.08229224726065688
2021-03-24 00:00:00+05:30,-0.9268002402831791,-0.9946450892680334,-0.1206056196650032
2021-03-25 00:00:00+05:30,-0.9834608543401905,-1.1175767955328122,0.21100341192730712
2021-03-26 00:00:00+05:30,-1.0758780793841665,-1.1105332017288003,0.09437330867285115
2021-03-30 00:00:00+05:30,-1.0846793283092158,-1.0342645986595655,0.1111175082653381
2021-03-31 00:00:00+05:30,-1.0626753696894207,-1.0919339300672763,-0.15723284792398393
2021-04-01 00:00:00+05:30,-1.0626749735371281,-1.050662802974917,-0.4471348962981314
2021-04-05 00:00:00+05:30,-1.0473826443359537,-1.1150452857823006,-0.24532092912806316
2021-04-06 00:00:00+05:30,-1.0934811291805477,-1.1333144121999206,-0.30076621246808516
2021-04-07 00:00:00+05:30,-1.1022826659428109,-1.0924839740334922,0.3560160985460061
2021-04-08 00:00:00+05:30,-1.078078473895575,-1.0869814542482805,-0.21368361949226233
2021-04-09 00:00:00+05:30,-1.105693104138991,-1.1382665908584808,-0.29892908180789896
2021-04-12 00:00:00+05:30,-1.1924994982905472,-1.2943248509978675,0.1405580217389393
2021-04-13 00:00:00+05:30,-1.2695140001880691,-1.248872082256348,0.045132175203059045
2021-04-15 00:00:00+05:30,-1.2644529320283,-1.2213582946885442,0.06514377932407353
2021-04-16 00:00:00+05:30,-1.2417885504936825,-1.2482117917685398,-0.19525788602967148
2021-04-19 00:00:00+05:30,-1.3135225365302328,-1.3151257843264346,-0.01456967283552839
2021-04-20 00:00:00+05:30,-1.2992194584362515,-1.3163358216200234,-0.0962189283522371
2021-04-22 00:00:00+05:30,-1.3393769132706201,-1.3047801437625113,-0.26991834843924944
2021-04-23 00:00:00+05:30,-1.3091214368022488,-1.309292524976447,-0.44037668098568644
2021-04-26 00:00:00+05:30,-1.2783153124130051,-1.235555431657724,0.1370552370456617
2021-04-27 00:00:00+05:30,-1.2343074222039043,-1.1237396058058327,0.0823559858872238
2021-04-28 00:00:00+05:30,-1.1070134389527173,-1.1046999423788129,-0.10142027932144657
2021-04-29 00:00:00+05:30,-1.0518938230705743,-1.0458208708379488,-0.08284029373239137
2021-04-30 00:00:00+05:30,-1.0835791790274063,-1.110863049812269,0.07187049108889684
2021-05-03 00:00:00+05:30,-1.1770969877199953,-1.18889232846218,0.31592162313222333
2021-05-04 00:00:00+05:30,-1.212303576261751,-1.2823293756957308,0.20128226234840937
2021-05-05 00:00:00+05:30,-1.2709440179009774,-1.2746248970830398,-0.40421470633853224
2021-05-06 00:00:00+05:30,-1.2742450843061017,-1.2506333521578952,-0.26135655502546734
2021-05-07 00:00:00+05:30,-1.2392584687852841,-1.2489823287779396,-0.4109419303561624
2021-05-10 00:00:00+05:30,-1.2365075895423114,-1.2611982971232596,-0.30511760796751974
2021-05-11 00:00:00+05:30,-1.2893177128461188,-1.2459007750612117,-0.33476251031105625
2021-05-12 00:00:00+05:30,-1.2560912961087451,-1.2899227163055234,-0.35399139214319564
2021-05-14 00:00:00+05:30,-1.2606024469004065,-1.236766063272184,-0.34671388054780095
2021-05-17 00:00:00+05:30,-1.2402484369333824,-1.1860306734677644,-0.43754513956419205
2021-05-18 00:00:00+05:30,-1.144090469840201,-1.1252803826641966,-0.42526131725579813
2021-05-19 00:00:00+05:30,-1.1462910253462073,-1.1052502835054647,-0.15299357175764985
2021-05-20 00:00:00+05:30,-1.106903659003766,-1.1308931489710006,-0.46639432120387947
2021-05-21 00:00:00+05:30,-1.1198861030245943,-1.0931442645213008,-0.5071777766428829
2021-05-24 00:00:00+05:30,-1.0846794286506913,-1.1303428078443487,-0.6502144480591369
2021-05-25 00:00:00+05:30,-1.1102045291814433,-1.179867863194744,-0.2514037391146692
2021-05-26 00:00:00+05:30,-1.1572929503364167,-1.1646799933334164,-0.7188278941469879
2021-05-27 00:00:00+05:30,-1.167634883963252,-1.1513633427347925,0.5194849976693038
2021-05-28 00:00:00+05:30,-1.1242866598144796,-0.8900924587820307,2.4180627512070934
2021-05-31 00:00:00+05:30,-0.8778408043296096,-0.7459203189044957,2.588016130549173
2021-06-01 00:00:00+05:30,-0.7370146319201979,-0.7269909019990672,0.5959731780937421
2021-06-02 00:00:00+05:30,-0.7568183380717219,-0.6557853184308567,0.3793113712221658
2021-06-03 00:00:00+05:30,-0.615992115593566,-0.6372959961304879,0.33731272406209956
2021-06-04 00:00:00+05:30,-0.6296347982064616,-0.6794473124329679,-0.2713467653911659
2021-06-07 00:00:00+05:30,-0.6577998450442883,-0.5982268278656082,-0.15174040929727883
2021-06-08 00:00:00+05:30,-0.6036695295659593,-0.6264006087607844,-0.5783085610868233
2021-06-09 00:00:00+05:30,-0.6203929552231744,-0.7135643020392877,-0.4672504877389375
2021-06-10 00:00:00+05:30,-0.6767232181520245,-0.6959551689490403,-0.29138820823817974
2021-06-11 00:00:00+05:30,-0.6830819761924524,-0.6126093929465757,-0.316544623424847
2021-06-14 00:00:00+05:30,-0.6122026126597813,-0.5424807187968234,0.1041210953977054
2021-06-15 00:00:00+05:30,-0.5106313262458593,-0.531216555326593,-0.226168052806141
2021-06-16 00:00:00+05:30,-0.5461812074379291,-0.6160332754850656,-0.506425789522419
2021-06-17 00:00:00+05:30,-0.6453243802569129,-0.6070878548934872,-0.18955734470018137
2021-06-18 00:00:00+05:30,-0.5890180546534085,-0.5849999197185225,0.6827484193854516
2021-06-21 00:00:00+05:30,-0.6375962449736177,-0.5593787469647824,-0.41747955680365517
2021-06-22 00:00:00+05:30,-0.5260882424385634,-0.5847794266753386,-0.37358813552225806
2021-06-23 00:00:00+05:30,-0.5349199555960069,-0.6298378635188744,-0.13141818788050738
2021-06-24 00:00:00+05:30,-0.6301985964915635,-0.7443629010617411,4.658659345783308
2021-06-25 00:00:00+05:30,-0.7479998061721703,-0.8527034356197907,2.346673343127292
2021-06-28 00:00:00+05:30,-0.8175542192286388,-0.8934551262707957,0.10057412889983648
2021-06-29 00:00:00+05:30,-0.8893170821826589,-0.8894794168034768,0.5402804766480088
2021-06-30 00:00:00+05:30,-0.8744125631835884,-0.839008796947138,0.06765010424481559
2021-07-01 00:00:00+05:30,-0.8263869243550283,-0.8670604449032997,-0.39519918500107787
2021-07-02 00:00:00+05:30,-0.8727564051055517,-0.7983673528177246,-0.29580850174013634
2021-07-05 00:00:00+05:30,-0.7856475291235315,-0.7516516522250876,-0.4484811607061484
2021-07-06 00:00:00+05:30,-0.7668786810286882,-0.807754650976976,-0.5529911704556016
2021-07-07 00:00:00+05:30,-0.8048580429879063,-0.8403344296501586,-0.5283538594570815
2021-07-08 00:00:00+05:30,-0.8287054139638013,-0.8788776239441026,-0.4815744208822342
2021-07-09 00:00:00+05:30,-0.8926293626398312,-0.92614515146557,-0.6191005327287405
2021-07-12 00:00:00+05:30,-0.9108458144843962,-0.8976516259417342,-0.6480673404192022
2021-07-13 00:00:00+05:30,-0.8661323019571909,-0.8631949819575719,-0.767688551844488
2021-07-14 00:00:00+05:30,-0.8653594080334703,-0.8934551262707957,-0.6514448793012036
2021-07-15 00:00:00+05:30,-0.8771728599653652,-0.9015173860478976,-0.5928039708572147
2021-07-16 00:00:00+05:30,-0.8931816155264422,-0.8351439283222813,-0.6325145127922593
2021-07-19 00:00:00+05:30,-0.8661326608188074,-0.8648519485462387,-0.6628485872558191
2021-07-20 00:00:00+05:30,-0.8672364082965847,-0.8762269528589326,-0.766130598964038
2021-07-22 00:00:00+05:30,-0.8241788335434735,-0.8168109124110167,-0.6873119884264117
2021-07-23 00:00:00+05:30,-0.7900636282454074,-0.8499422208525933,-0.5615133923400542
2021-07-26 00:00:00+05:30,-0.8484675843425095,-0.9136656018139107,-0.4044670548775094
2021-07-27 00:00:00+05:30,-0.9173600238815057,-0.9619277253131878,-0.5046857948007327
2021-07-28 00:00:00+05:30,-0.9588720303304185,-1.00091250001437,-0.3719274759540335
2021-07-29 00:00:00+05:30,-0.967703934580366,-0.9657925939380451,-0.3163550898863105
2021-07-30 00:00:00+05:30,-0.9588717165562416,-1.0054400364105192,-0.4709997300639135
2021-08-02 00:00:00+05:30,-0.9670415335235362,-0.9232736901767804,-0.4982454323549416
2021-08-03 00:00:00+05:30,-0.8882130490547534,-0.8895899604855029,-0.44111675822839086
2021-08-04 00:00:00+05:30,-0.8784974688113514,-0.8542492642055586,-0.354513954037789
2021-08-05 00:00:00+05:30,-0.8345568667149785,-0.7868818048230035,0.16300724487297635
2021-08-06 00:00:00+05:30,-0.8000000828812716,-0.8867182020362783,-0.13352892557115528
2021-08-09 00:00:00+05:30,-0.9080860215122615,-0.9130032312030537,-0.717935357662643
2021-08-10 00:00:00+05:30,-0.9058776490553967,-0.8889272927142109,-0.43459200213267035
2021-08-11 00:00:00+05:30,-0.872867149397838,-0.8243207509384177,-0.6096694463017247
2021-08-12 00:00:00+05:30,-0.8111513149169174,-0.8393404279932198,-0.6767330074908336
2021-08-13 00:00:00+05:30,-0.8279327164395487,-0.761702212476502,-0.37941577957944916
2021-08-16 00:00:00+05:30,-0.7571632333373867,-0.7001873278722457,0.2067642638241748
2021-08-17 00:00:00+05:30,-0.714105693711509,-0.7206185936189802,-0.3872745060158222
2021-08-18 00:00:00+05:30,-0.7027342923984458,-0.7020650846645309,-0.5526238851930863
2021-08-20 00:00:00+05:30,-0.7711849108417846,-0.7559589927384883,-0.5942174044145306
2021-08-23 00:00:00+05:30,-0.7027343583612821,-0.7248153904503536,-0.5668046436768668
2021-08-24 00:00:00+05:30,-0.7224965349016179,-0.6776578122900425,-0.4380961955211668
2021-08-25 00:00:00+05:30,-0.677562162905398,-0.6359124171425337,-0.3410187178727828
2021-08-26 00:00:00+05:30,-0.6276595025141971,-0.5743978296987129,-0.007474459207773431
2021-08-27 00:00:00+05:30,-0.5636252545333394,-0.5811347539332303,-0.5267054299246207
2021-08-30 00:00:00+05:30,-0.5349202507915077,-0.4864888580478328,-0.29962209582397353
2021-08-31 00:00:00+05:30,-0.47552247197939856,-0.5132142789801034,0.4981092643236332
2021-09-01 00:00:00+05:30,-0.48413436258133,-0.4934465724859686,-0.48413402009488915
2021-09-02 00:00:00+05:30,-0.5238799050996406,-0.4331467769027056,-0.5602494085391384
2021-09-03 00:00:00+05:30,-0.4024354292981935,-0.22530088185659142,0.7656950831987235
2021-09-06 00:00:00+05:30,-0.17500299095716457,-0.14335532582647226,0.9563352158612527
2021-09-07 00:00:00+05:30,-0.13746501572319145,-0.10956045813229637,-0.08685661186454159
2021-09-08 00:00:00+05:30,-0.0888871354804133,-0.13065468881075837,-0.2820397225762693
2021-09-09 00:00:00+05:30,-0.1421025959380245,-0.14335532582647226,-0.6238661486541186
2021-09-13 00:00:00+05:30,-0.13084060317714913,-0.26273893649069835,-0.15336764436985606
2021-09-14 00:00:00+05:30,-0.25890974759544866,-0.269586701567678,-0.6273810353199583
2021-09-15 00:00:00+05:30,-0.2732624591334048,-0.2478303974387946,-0.6169618772601191
2021-09-16 00:00:00+05:30,-0.2444466795417318,-0.13761240324889418,-0.3366438868074346
2021-09-17 00:00:00+05:30,-0.1021357171617454,-0.2207727511395711,1.0357614862910114
2021-09-20 00:00:00+05:30,-0.2653138194240706,-0.21237975179769408,-0.4435166626285087
2021-09-21 00:00:00+05:30,-0.19266682726476336,-0.18951801084853798,-0.5628768812487017
2021-09-22 00:00:00+05:30,-0.18604321871359084,-0.13253214844260863,-0.493711482761464
2021-09-23 00:00:00+05:30,-0.09904429352027665,-0.0013304672562735025,-0.18940226016290587
2021-09-24 00:00:00+05:30,0.02493959390105399,-0.017233899446422677,-0.22501881363396078
2021-09-27 00:00:00+05:30,-0.011604306909403202,0.07498211555742375,-0.213386128674681
2021-09-28 00:00:00+05:30,0.09217444732608056,0.12710881052112208,-0.04297088939562073
2021-09-29 00:00:00+05:30,0.17166573622577655,0.0824919540848248,-0.5754181746241414
2021-09-30 00:00:00+05:30,0.07230247297225853,0.0634962704022676,-0.32756599869074565
2021-10-01 00:00:00+05:30,0.021406421885651925,0.07332574328962801,-0.6241428292014214
2021-10-04 00:00:00+05:30,0.134128581864817,0.1450002460251488,-0.49866496740375627
2021-10-05 00:00:00+05:30,0.13876567848501004,0.262175954653185,-0.3312170805716079
2021-10-06 00:00:00+05:30,0.28195948218865946,0.15317275232384236,-0.5409047575726497
2021-10-07 00:00:00+05:30,0.22686787788710158,0.18089306639435837,-0.7920505269593234
2021-10-08 00:00:00+05:30,0.20533959410329614,0.3992311020991255,-0.18785935470865725
2021-10-11 00:00:00+05:30,0.46180805613104287,0.358146888920732,-0.2521360045020691
2021-10-12 00:00:00+05:30,0.33727217698558326,0.39160953124795495,-0.7699374697297853
2021-10-13 00:00:00+05:30,0.41234679296116417,0.45157829010600725,-0.5600578259893744
2021-10-14 00:00:00+05:30,0.4594896909806295,0.4636162593504286,-0.6456228059932871
2021-10-18 00:00:00+05:30,0.389383123470175,0.4795196915405778,-0.3273210778174679
2021-10-19 00:00:00+05:30,0.5112691474198982,0.5330822657288884,-0.6321800117093828
2021-10-20 00:00:00+05:30,0.5531125280744934,0.4636162593504286,-0.3839191860993181
2021-10-21 00:00:00+05:30,0.5192184788593407,0.29155264099149675,0.1360877835883143
2021-10-22 00:00:00+05:30,0.28206955955897944,0.30237522405448924,-0.4916904533436166
2021-10-25 00:00:00+05:30,0.41455546922123737,0.24583094205579786,-0.09655515828833684
2021-10-26 00:00:00+05:30,0.2756666954743859,0.37670039787518006,-0.5734778250233737
2021-10-27 00:00:00+05:30,0.35272851763742963,0.30237522405448924,-0.5641215275061587
2021-10-28 00:00:00+05:30,0.282070655537977,0.2387632782565059,-0.5647693352120283
2021-10-29 00:00:00+05:30,0.22940761166134288,0.10104605736014402,-0.28643395521667714
2021-11-01 00:00:00+05:30,0.09714394755068764,0.10446993989863386,-0.20651681853474932
2021-11-02 00:00:00+05:30,0.11646383220877578,0.022744282590827017,-0.5210390174383873
2021-11-03 00:00:00+05:30,0.030459335993768964,-0.015245896132545142,-0.43009493474128624
2021-11-04 00:00:00+05:30,0.0015334829459707619,0.01843783355873236,-1.0885814468121848
2021-11-08 00:00:00+05:30,0.059937121256426286,0.025285004314840907,0.10442505340697325
2021-11-09 00:00:00+05:30,0.028140999462738032,0.06890815625463498,-0.1936219426593777
2021-11-10 00:00:00+05:30,0.053975306613978216,0.1311953608309044,-0.5412512325648865
2021-11-11 00:00:00+05:30,0.1055340631337779,0.14146641412550282,-0.5112198995101784
2021-11-12 00:00:00+05:30,0.15598851309349837,0.22661417100918613,-0.6399321895619298
2021-11-15 00:00:00+05:30,0.23790906888531357,0.1928210862776236,-0.89023632758694
2021-11-16 00:00:00+05:30,0.1761926667341869,0.060515156912757974,-0.47183386972827673
2021-11-17 00:00:00+05:30,0.014782079372099008,-0.05853801134712851,-0.544545082144568
2021-11-18 00:00:00+05:30,-0.07122324535092076,-0.03799709339967398,-0.6531685459646714
2021-11-22 00:00:00+05:30,-0.12399625837132396,-0.27996829854430366,0.34692066577068226
2021-11-23 00:00:00+05:30,-0.35153911564384577,-0.23115434811619676,0.42393095986850793
2021-11-24 00:00:00+05:30,-0.24786907816043485,-0.30724584356583945,-0.12076685123596095
2021-11-25 00:00:00+05:30,-0.2633251729349421,0.005406159817807775,1.5172665105097736
2021-11-26 00:00:00+05:30,-0.05399951918361527,-0.17206875007262035,-0.18845837033467383
2021-11-29 00:00:00+05:30,-0.11737090646993453,-0.10823512258971134,0.35979402702816593
2021-11-30 00:00:00+05:30,-0.05355845968634253,-0.18797277658364064,0.8622464772144669
2021-12-01 00:00:00+05:30,-0.13084126298606674,-0.0519119279550745,-0.5507829766684494
2021-12-02 00:00:00+05:30,-0.0498044795655837,-0.01690286272121198,-0.383289051115285
2021-12-03 00:00:00+05:30,0.013568044609558188,-0.18167713559592621,0.03304889986854905
2021-12-06 00:00:00+05:30,-0.16837844471788005,-0.2825084259474464,-0.536206566922974
2021-12-07 00:00:00+05:30,-0.25637001743790055,-0.23998892786531173,-0.4783944835204772
2021-12-08 00:00:00+05:30,-0.15049315152785236,-0.15992142578791393,-0.6378936154854477
2021-12-09 00:00:00+05:30,-0.12642502363316582,-0.07521465499059747,-0.35171276359510084
2021-12-10 00:00:00+05:30,-0.11483308415974315,-0.06969281977707395,-0.6622105123532797
2021-12-13 00:00:00+05:30,-0.04141326171705959,-0.17858488410351822,-0.3716787131847043
2021-12-14 00:00:00+05:30,-0.24786911718440938,-0.24374384712901226,-0.36592931574376036
2021-12-15 00:00:00+05:30,-0.2390374857396577,-0.2590951552298962,-0.5980153107561579
2021-12-16 00:00:00+05:30,-0.19112220161292134,-0.1912861154401032,-0.572767010222261
2021-12-17 00:00:00+05:30,-0.2080133562388176,-0.33143232573670944,0.1500564053784558
2021-12-20 00:00:00+05:30,-0.38510176097033355,-0.47080591890086704,-0.2804904779935358
2021-12-21 00:00:00+05:30,-0.3994541817196539,-0.395928620990911,-0.3758517806757523
2021-12-22 00:00:00+05:30,-0.3695348474298764,-0.27477750005599083,-0.06709255391244
2021-12-23 00:00:00+05:30,-0.2611182025414333,-0.2766549596878411,-0.6168769713573827
2021-12-24 00:00:00+05:30,-0.2699495420707776,-0.25997772172350103,-0.6928124950348248
2021-12-27 00:00:00+05:30,-0.28860868379469884,-0.265611289260794,-0.9405681113141283
2021-12-28 00:00:00+05:30,-0.2575851643953289,-0.20343403404568075,-0.7896206557700045
2021-12-29 00:00:00+05:30,-0.22358033656813636,-0.1943777726116401,-0.21008990992576787
2021-12-30 00:00:00+05:30,-0.20370761020755507,-0.2902387575180309,0.6804525663367263
2021-12-31 00:00:00+05:30,-0.26332533315828194,-0.2702487750180994,-0.5909512805180203
2022-01-03 00:00:00+05:30,-0.28099026295129476,-0.19139606480125937,-0.8506428994498628
2022-01-04 00:00:00+05:30,-0.16859914615248797,-0.07157027940892421,-0.5031999415028476
2022-01-05 00:00:00+05:30,-0.06680621011023569,-0.046169005377496436,-0.4522253445346566
2022-01-06 00:00:00+05:30,-0.0906535625530893,-0.16345466336668882,-0.27270577208775343
2022-01-07 00:00:00+05:30,-0.13536784434520288,-0.1203842298370311,-0.3582076169332212
2022-01-10 00:00:00+05:30,-0.08888742717266025,-0.11596664280203806,-0.6057143423799938
2022-01-11 00:00:00+05:30,-0.12421713300916105,-0.07720265830447501,-0.16015473793428747
2022-01-12 00:00:00+05:30,-0.04627197174158996,0.06758222639117883,-0.25010133635323917
2022-01-13 00:00:00+05:30,0.06402256819681279,0.09894751036423922,-0.4385930807438166
2022-01-14 00:00:00+05:30,0.0943830822534668,0.10711942234206168,0.07836374363699579
2022-01-17 00:00:00+05:30,0.10100791760844939,0.13638615931921724,-0.68321038020192
2022-01-18 00:00:00+05:30,0.1379932157151585,0.06912924361868952,-0.7998390747611572
2022-01-19 00:00:00+05:30,0.08334270331707605,0.06868706889058043,-0.5731380093176259
2022-01-20 00:00:00+05:30,0.017210949348451073,-0.028830288283606082,-0.1416289871111581
2022-01-21 00:00:00+05:30,-0.0888869140620861,-0.02794653314825903,-0.343705804002744
2022-01-24 00:00:00+05:30,-0.03810188600349,-0.24871355825327052,0.20250571414598278
2022-01-25 00:00:00+05:30,-0.31510584069298114,-0.2589846115478689,0.37163033247817073
2022-01-27 00:00:00+05:30,-0.34502548203087796,-0.3366237185458934,0.08414291577233822
2022-01-28 00:00:00+05:30,-0.2809898536414218,-0.34159224102840946,-0.25859929026096695
2022-01-31 00:00:00+05:30,-0.2915893178719597,-0.2294973815275299,-0.4202178682143019
2022-02-01 00:00:00+05:30,-0.18604281450148588,-0.24694664230344754,-0.3525476076070735
2022-02-02 00:00:00+05:30,-0.18825108656271972,-0.23623400860161117,-0.5563485393833332
2022-02-03 00:00:00+05:30,-0.2213725167594301,-0.3042647300763298,-0.5848331250877412
2022-02-04 00:00:00+05:30,-0.3339845757131675,-0.3516428012798244,-0.4895283623090814
2022-02-07 00:00:00+05:30,-0.3317767069235502,-0.3830074909320137,-0.5117328566646433
2022-02-08 00:00:00+05:30,-0.35683782886331145,-0.2969753845921122,-0.425521861839685
2022-02-09 00:00:00+05:30,-0.2674110946698097,-0.23634455228363846,-0.4623159564504989
2022-02-10 00:00:00+05:30,-0.2132020994816165,-0.2417552494942636,-0.3996760184065911
2022-02-11 00:00:00+05:30,-0.2627733240763014,-0.25202630278886196,-0.1769178268490272
2022-02-14 00:00:00+05:30,-0.33564036860554536,-0.335628825407648,-0.5114020694146164
2022-02-15 00:00:00+05:30,-0.31146254198937084,-0.16025246251312464,-0.47983205699131615
2022-02-16 00:00:00+05:30,-0.13746539256290552,-0.17129613294017168,-0.5323271483534558
2022-02-17 00:00:00+05:30,-0.15932576229483655,-0.10381872419646053,-0.3747830292258493
2022-02-18 00:00:00+05:30,-0.10566863577927643,-0.1460054025907712,-0.7639539087245075
2022-02-21 00:00:00+05:30,-0.17721090918775742,-0.20012069518921818,-0.4865859821865037
2022-02-22 00:00:00+05:30,-0.3077086952592996,-0.22419663367806092,-0.3336963841567883
2022-02-23 00:00:00+05:30,-0.2012786161690796,-0.2572176955980459,-0.7297192852631469
2022-02-24 00:00:00+05:30,-0.4134759635071495,-0.5185162154713151,0.39317344442848134
2022-02-25 00:00:00+05:30,-0.46845672884841116,-0.4562278222533029,-0.26485120770543613
2022-02-28 00:00:00+05:30,-0.5503764140636387,-0.2892450530215277,0.16591223054065365
2022-03-02 00:00:00+05:30,-0.3484479738868809,-0.20310299732047005,0.17707549983405124
2022-03-03 00:00:00+05:30,-0.2037079461504728,-0.2478303974387946,-0.5455235490372627
2022-03-04 00:00:00+05:30,-0.3074876238603968,-0.3643428439746672,-0.5058931746664911
2022-03-07 00:00:00+05:30,-0.471547943956527,-0.5542973035167547,-0.046297202996936654
2022-03-08 00:00:00+05:30,-0.6199313512899605,-0.5632436155896385,0.1653953674585365
2022-03-09 00:00:00+05:30,-0.5658331497155733,-0.30128302226594905,0.1093583680949956
2022-03-10 00:00:00+05:30,-0.2037075235532457,-0.21701783187587056,-0.046477580016550626
2022-03-11 00:00:00+05:30,-0.2565916309387066,-0.201777661777885,-0.4129349139328344
2022-03-14 00:00:00+05:30,-0.232633988419394,-0.15826505352011822,-0.6637303664312199
2022-03-15 00:00:00+05:30,-0.14199169228862815,-0.280630371994725,-0.17804484705571008
2022-03-16 00:00:00+05:30,-0.24345367831573414,-0.19250090730066097,-0.48385599488396835
2022-03-17 00:00:00+05:30,-0.13139329891288057,-0.019442990124354756,0.173893897650672
2022-03-21 00:00:00+05:30,-0.10655237770917353,-0.05102876714059856,-0.42945231359508607
2022-03-22 00:00:00+05:30,-0.07100226276294909,0.08978129956904243,0.24656765158046193
2022-03-23 00:00:00+05:30,0.06788675163296608,0.10756159707017077,-0.2077287446441685
2022-03-24 00:00:00+05:30,0.0391811634195886,0.19469735726773163,-0.3546121785135036
2022-03-25 00:00:00+05:30,0.1992672061162309,0.232688724632846,-0.28710865619490666
2022-03-28 00:00:00+05:30,0.2599884591702729,0.2903372548100679,-0.5644336175287354
2022-03-29 00:00:00+05:30,0.321815634402004,0.29166318467352403,-0.6417427471077605
2022-03-30 00:00:00+05:30,0.3260112043881779,0.4029854270419549,-0.18535847247398804
2022-03-31 00:00:00+05:30,0.38132350228446477,0.31860969296984915,-0.351061498182785
2022-04-01 00:00:00+05:30,0.31739886693627023,0.36521455272002395,-0.6904826412060445
2022-04-04 00:00:00+05:30,0.3603470517241727,0.3825544584556565,-0.6900803946894613
2022-04-05 00:00:00+05:30,0.3507418253796828,0.2993941105649796,-0.3557901038428677
2022-04-06 00:00:00+05:30,0.20942508336409366,0.28393285310293953,-0.41294823250581264
2022-04-07 00:00:00+05:30,0.22708856505518582,0.18188677089086158,-0.20553169235556543
2022-04-08 00:00:00+05:30,0.14958569517277281,0.2764230145755385,-0.22755881917675358
2022-04-11 00:00:00+05:30,0.23790850080445325,0.2643850453311171,-0.6052355140687856
2022-04-12 00:00:00+05:30,0.2092031608457935,0.15582342340901242,-0.351444151029506
2022-04-13 00:00:00+05:30,0.18160254069173515,0.13506082377663223,-0.5347990883045377
2022-04-18 00:00:00+05:30,0.08996708329880142,0.11783205604389803,-0.5591318009777815
2022-04-19 00:00:00+05:30,0.14516910416327378,0.3319729977568555,0.47610525291035444
2022-04-20 00:00:00+05:30,0.3639895169212585,0.503483897705651,0.4076183332657967
2022-04-21 00:00:00+05:30,0.5711078492455487,0.6440728770512375,0.1922411924022131
2022-04-22 00:00:00+05:30,0.5887729442454708,0.5926088498588317,-0.23385575083662516
2022-04-25 00:00:00+05:30,0.5523396202526893,0.45168883378803454,-0.10521235878739581
2022-04-26 00:00:00+05:30,0.4807973769742267,0.6298264114497552,-0.4148403022795341
2022-04-27 00:00:00+05:30,0.5820381403109006,0.6357904213913878,0.04050627623075082
2022-04-28 00:00:00+05:30,0.7014958859141551,0.7274549066268401,0.4423129597477135
2022-04-29 00:00:00+05:30,0.8035089789728799,0.6620748562372915,-0.03147055775531225
2022-05-02 00:00:00+05:30,0.5956178141923868,0.6404285014695642,-0.591609781501233
2022-05-04 00:00:00+05:30,0.646404252548223,0.4487071259776538,0.034661151546525756
2022-05-05 00:00:00+05:30,0.5106066645802358,0.3321940851209101,-0.0957706431146377
2022-05-06 00:00:00+05:30,0.26484758511365225,0.2874666850025855,0.06042029619205935
2022-05-09 00:00:00+05:30,0.18259542530052647,0.0613977234063628,-0.03986574094366465
2022-05-10 00:00:00+05:30,0.006060418925815536,-0.03501479126842212,0.05156658270997046
2022-05-11 00:00:00+05:30,-0.043290392897362674,-0.09100694917784825,-0.13206183353232126
2022-05-12 00:00:00+05:30,-0.14298532929432003,-0.20122494336774865,0.11423072469900215
2022-05-13 00:00:00+05:30,-0.1462971925217442,-0.1411462351485402,0.03857463492769975
2022-05-16 00:00:00+05:30,-0.12763927534351485,-0.13982089960595515,-0.33734637750043606
2022-05-17 00:00:00+05:30,-0.12620380584628713,0.0853637125340494,-0.13795728705481988
2022-05-18 00:00:00+05:30,0.10465095574975275,0.1056841374383205,-0.0915369376975782
2022-05-19 00:00:00+05:30,-0.018228964791914992,-0.0235295404341371,-0.256589274278467
2022-05-20 00:00:00+05:30,0.04470134960346817,0.2958596843444625,0.1976491733473879
2022-05-23 00:00:00+05:30,0.3074626256375004,0.25709569984689945,-0.22113901087483753
2022-05-24 00:00:00+05:30,0.25336514008502353,0.2768640006619053,-0.3315894883621918
2022-05-25 00:00:00+05:30,0.3151914835348612,0.26836045763800104,-0.38366472451751266
2022-05-26 00:00:00+05:30,0.29178607432699083,0.21336259854594924,-0.05278277175293276
2022-05-27 00:00:00+05:30,0.22256232097595044,0.18685648201511987,-0.1398689504984036
2022-05-30 00:00:00+05:30,0.27103019046388965,0.38498463649764314,-0.3107420797551918
2022-05-31 00:00:00+05:30,0.32932354346453224,0.31397220721254376,3.324156134148505
2022-06-01 00:00:00+05:30,0.3136454630461778,0.3158490725235229,-0.5717610737727985
2022-06-02 00:00:00+05:30,0.31298353524870615,0.5164062164062906,0.21900230353795597
2022-06-03 00:00:00+05:30,0.5558729183526783,0.6383305487945306,0.33510581090696456
2022-06-06 00:00:00+05:30,0.6353637053846062,0.6119355702665996,-0.4874850498941359
2022-06-07 00:00:00+05:30,0.6130618715850402,0.6234214154217557,-0.4064784795552282
2022-06-08 00:00:00+05:30,0.6193541776575983,0.5158534979961542,-0.39873097600954366
2022-06-09 00:00:00+05:30,0.4807982824301407,0.6808500468766653,-0.09143980175907823
2022-06-10 00:00:00+05:30,0.6174778828589834,0.4942077375492981,-0.0392699268976909
2022-06-13 00:00:00+05:30,0.34831299548518163,0.3807869481849624,-0.06950910652878062
2022-06-14 00:00:00+05:30,0.3484233977867062,0.30392164696112883,-0.2556163781350468
2022-06-15 00:00:00+05:30,0.2766596360061372,0.23368183480847812,-0.48092930250360055
2022-06-16 00:00:00+05:30,0.28869459610094833,0.15350438336992417,-0.10212219373004026
2022-06-17 00:00:00+05:30,0.149585623517691,0.2197675945739487,0.36823550506393793
2022-06-20 00:00:00+05:30,0.24894839232645832,0.11606514009407504,-0.42514100187778797
2022-06-21 00:00:00+05:30,0.14958480015270628,0.206735326512153,-0.44734383141172757
2022-06-22 00:00:00+05:30,0.14538965014792526,0.033346372610636096,-0.5179606341955894
2022-06-23 00:00:00+05:30,0.050332286578063996,-0.05644005867209482,0.047381861467566504
2022-06-24 00:00:00+05:30,-0.027060696972000035,0.021088504643902408,-0.2859723514060995
2022-06-27 00:00:00+05:30,0.11635361484592124,0.004742897725644148,-0.20693846662639223
2022-06-28 00:00:00+05:30,-0.02242424764967347,0.08216032303874299,-0.328706209407205
2022-06-29 00:00:00+05:30,0.03299847829272411,0.1980106961241942,0.031938912067694135
2022-06-30 00:00:00+05:30,0.1937468223285386,0.23224714422560805,0.2821624343072255
2022-07-01 00:00:00+05:30,0.18248535542030853,-0.18068402542029413,4.052611385170993
2022-07-04 00:00:00+05:30,-0.25018734983037055,-0.16963916635150486,1.4824200010706243
2022-07-05 00:00:00+05:30,-0.15292124144782732,-0.12645759481894875,-0.06781073234765135
2022-07-06 00:00:00+05:30,-0.15932513560071693,-0.1737257166612872,0.3353577752563366
2022-07-07 00:00:00+05:30,-0.1465187323633092,-0.22618463699193847,0.2942051136067922
2022-07-08 00:00:00+05:30,-0.1639623060123506,-0.21889529150772083,0.019450316699759763
2022-07-11 00:00:00+05:30,-0.25559732777807936,-0.14710965076930166,-0.3111218511798743
2022-07-12 00:00:00+05:30,-0.19487564263017512,-0.1547306272996011,-0.5076014097141524
2022-07-13 00:00:00+05:30,-0.14342712485448278,-0.24948736402746144,-0.28700338824309785
2022-07-14 00:00:00+05:30,-0.23020477462756556,-0.20619524881287807,-0.11116089450700482
2022-07-15 00:00:00+05:30,-0.17058664304967616,-0.19592419551827966,-0.5828884213381154
2022-07-18 00:00:00+05:30,-0.15733757448131352,-0.15075402635097493,-0.2270201213187442
2022-07-19 00:00:00+05:30,-0.2030454610448549,-0.11795405179504448,-0.14512498445474487
2022-07-20 00:00:00+05:30,0.10542410406109855,0.027604044353929144,0.33411043967164356
2022-07-21 00:00:00+05:30,0.003851628471482436,-0.009283074832654762,-0.13978846277612642
2022-07-22 00:00:00+05:30,0.017100639915845393,0.027825131717983686,-0.49537098976087307
2022-07-25 00:00:00+05:30,-0.05477267426997394,-0.1548411709816284,0.2820019070838771
2022-07-26 00:00:00+05:30,-0.15711746230363488,-0.15241158726051288,-0.47402970541646355
2022-07-27 00:00:00+05:30,-0.1596566414343204,-0.15749124774592732,-0.6435983188689934
2022-07-28 00:00:00+05:30,-0.12421688901068278,-0.07377877576598517,-0.3976537723883275
2022-07-29 00:00:00+05:30,-0.03876406189975082,0.04185050995541148,-0.22895547645464498
2022-08-01 00:00:00+05:30,0.05938553579494502,0.18630495224672575,-0.1924983801591411
2022-08-02 00:00:00+05:30,0.17718622440383902,0.20795011837271074,-0.30661108102590684
2022-08-03 00:00:00+05:30,0.2379085366044355,0.2558809079863417,-0.2852844599180935
2022-08-04 00:00:00+05:30,0.2599896013879853,0.1797888182158279,-0.2714440293928676
2022-08-05 00:00:00+05:30,0.1849146987179862,0.09607575191501463,-0.30504070601489053
2022-08-08 00:00:00+05:30,0.08555069445747009,0.16929667755717498,-0.5469047106677468
2022-08-10 00:00:00+05:30,0.18690145815217735,0.203201494612507,-0.5110783896722846
2022-08-11 00:00:00+05:30,0.24475301083650666,0.2221965839741931,-0.6728517960364916
2022-08-12 00:00:00+05:30,0.21648963821231884,0.31474423002412133,-0.3877599936135194
2022-08-16 00:00:00+05:30,0.3399218836911709,0.3551651811103512,-0.7747163401965407
2022-08-17 00:00:00+05:30,0.38143435581699653,0.38575725363009183,-0.7754471328571209
2022-08-18 00:00:00+05:30,0.3895573590489911,0.39643244511704795,-0.723320927547518
2022-08-19 00:00:00+05:30,0.3674051708714313,0.2912846022786242,-0.5920120280178162
2022-08-22 00:00:00+05:30,0.29430007829438526,0.27521773184891857,-0.5913104977988277
2022-08-23 00:00:00+05:30,0.24334838984378993,0.36430048722025005,-0.5780685066152106
2022-08-24 00:00:00+05:30,0.345473288493073,0.34867757448126685,-0.5338138340621521
2022-08-25 00:00:00+05:30,0.3650780701542061,0.33161462227157357,-0.6937440267640914
2022-08-26 00:00:00+05:30,0.32974420366393264,0.30047993479650553,-0.5099674413974168
2022-08-29 00:00:00+05:30,0.22341087151304517,0.25538524437983234,0.0725239976072427
2022-08-30 00:00:00+05:30,0.2876538538979,0.34468849279434727,0.28383333893158713
2022-09-01 00:00:00+05:30,0.21820554297964787,0.1728400185907588,0.07706793613045404
2022-09-02 00:00:00+05:30,0.16891444613155088,0.10658156195370318,-0.36542846056185746
2022-09-05 00:00:00+05:30,0.10378496483879394,0.1936697764815749,-0.47245920234224553
2022-09-06 00:00:00+05:30,0.19682723624975465,0.25361179090042707,-0.4998773417343814
2022-09-07 00:00:00+05:30,0.2012580564128745,0.22015093153581747,-0.7182966239546779
2022-09-08 00:00:00+05:30,0.2306104823281465,0.2282390442708128,-0.7459213933227791
2022-09-09 00:00:00+05:30,0.27879262218281936,0.19256196237781772,-0.6653841746181527
2022-09-12 00:00:00+05:30,0.19139972938890723,0.25627137679866385,-0.7216955493913656
2022-09-13 00:00:00+05:30,0.2965155735324631,0.3043584728013979,-0.6286423938252389
2022-09-14 00:00:00+05:30,0.20125821841918745,0.23477657385307077,-0.64211707584637
2022-09-15 00:00:00+05:30,0.2189805494608536,0.17793691438143555,-0.5340713691607987
2022-09-16 00:00:00+05:30,0.1320300139863486,0.03722134469030173,0.09677487789459126
2022-09-19 00:00:00+05:30,0.0333390488993414,0.04442332500646555,-0.7124215324812517
2022-09-20 00:00:00+05:30,0.0848448730644599,0.04531005174616817,-0.6591988500385747
2022-09-21 00:00:00+05:30,0.02791170003333878,0.06060014479732733,-0.6082385961489757
2022-09-22 00:00:00+05:30,0.004097638342619081,0.008192336061591898,-0.5377487039980123
2022-09-23 00:00:00+05:30,0.0018828784211187524,-0.09507210393627048,-0.5877009724269215
2022-09-26 00:00:00+05:30,-0.19959820492190372,-0.2327958623622146,-0.3987134953825097
2022-09-27 00:00:00+05:30,-0.19970893933613687,-0.1909134762539145,-0.16337821678462716
2022-09-28 00:00:00+05:30,-0.27425267587541813,-0.33229290235808306,-0.10944843337368702
2022-09-29 00:00:00+05:30,-0.27502782566749134,-0.3481369024611208,-0.25833676069745354
2022-09-30 00:00:00+05:30,-0.3835776198737689,-0.23190913562251197,-0.0059756074949143595
2022-10-03 00:00:00+05:30,-0.20524703135426853,-0.2501910399388608,-0.43884850279963494
2022-10-04 00:00:00+05:30,-0.19129068784244965,-0.15335299152035803,-0.6247881396748576
2022-10-06 00:00:00+05:30,-0.1221731799355895,-0.13363045341242796,-0.34283702324231713
2022-10-07 00:00:00+05:30,-0.15396264030915494,-0.11091610403930822,-0.7038357912487492
2022-10-10 00:00:00+05:30,-0.17534076980104238,-0.16975089867527435,-0.7925075845262401
2022-10-11 00:00:00+05:30,-0.15540307232836398,-0.27589660625629914,-0.6077347955134333
2022-10-12 00:00:00+05:30,-0.2927508270530363,-0.23744939478304006,-0.7228683521926611
2022-10-13 00:00:00+05:30,-0.24977431976886924,-0.22071866794029968,-0.7285422563761947
2022-10-14 00:00:00+05:30,-0.15318831466165958,-0.2475326426823663,-0.6147198747877144
2022-10-17 00:00:00+05:30,-0.286105224903116,-0.16321455773475863,-0.12658994904949125
2022-10-18 00:00:00+05:30,-0.13768113932103954,-0.06903490657275035,-0.4027925004518989
2022-10-19 00:00:00+05:30,-0.0656845849936473,0.02547637563533973,0.034627983177281864
2022-10-20 00:00:00+05:30,0.001882214370606118,0.04032369963751869,-0.639630472658692
2022-10-21 00:00:00+05:30,0.05216915778447521,-0.02393962183520601,-0.6699559028561359
2022-10-24 00:00:00+05:30,-0.05349998434521832,-0.005657717518857162,-0.9820087230727264
2022-10-25 00:00:00+05:30,0.03289576062453743,-0.09053030383921454,-0.41448332610475674
2022-10-27 00:00:00+05:30,-0.05793026303340726,-0.06925599393680489,-0.39656613161617166
2022-10-28 00:00:00+05:30,-0.04242349550392419,0.09694286606597048,-0.0702269648059877
2022-10-31 00:00:00+05:30,0.12593859494324677,0.1489073114318546,-0.4025284981615658
2022-11-01 00:00:00+05:30,0.2566398887531297,0.10514152248299309,-0.30371345899232804
2022-11-02 00:00:00+05:30,0.10666491289502075,0.14015355932121118,-0.6226721513929394
2022-11-03 00:00:00+05:30,0.10123781258081137,0.16120559321782407,-0.7692050762791837
2022-11-04 00:00:00+05:30,0.15451488644932435,0.24452640774370185,-0.392547764472794
2022-11-07 00:00:00+05:30,0.23670250236607748,0.27521773184891857,-0.4428808928636002
2022-11-09 00:00:00+05:30,0.27945816163607773,0.26945697964520704,-0.47717256848132433
2022-11-10 00:00:00+05:30,0.23448723657735496,0.19965339901195428,-0.8157693046435509
2022-11-11 00:00:00+05:30,0.2566402189449597,0.3310613095405661,-0.40955987228326635
2022-11-14 00:00:00+05:30,0.3247603916939979,0.3028072953277894,-0.6187523929148815
2022-11-15 00:00:00+05:30,0.306041217900477,0.27676950364339814,-0.744041681648023
2022-11-16 00:00:00+05:30,0.2787925407977685,0.24364027532487034,-0.575655987989724
2022-11-17 00:00:00+05:30,0.2233000173093078,0.2584875993270493,-0.7712539594434038
2022-11-18 00:00:00+05:30,0.2715932362041249,0.25538524437983234,-0.8582251374337355
2022-11-21 00:00:00+05:30,0.23005712517363497,0.15178857901501702,-0.7886182410585892
2022-11-22 00:00:00+05:30,0.1347998259972743,0.18314435385413957,-0.7744531703170187
2022-11-23 00:00:00+05:30,0.20125765094584988,0.1654157622687982,-0.7871365498147599
2022-11-24 00:00:00+05:30,0.1813202628735372,0.21427844700833645,-0.5965765206849026
2022-11-25 00:00:00+05:30,0.2322721313770521,0.299593802377674,-0.7271700591698307
2022-11-28 00:00:00+05:30,0.2763565323737757,0.4989218906989772,0.820957940507904
2022-11-29 00:00:00+05:30,0.48691902132790155,0.5092256316414869,-0.48967742787587637
2022-11-30 00:00:00+05:30,0.5058596186803923,0.5516613304807945,0.47758860897580613
2022-12-01 00:00:00+05:30,0.5707672307991455,0.533822789534297,-0.590406307563127
2022-12-02 00:00:00+05:30,0.5446276510587112,0.5312749359598297,-0.45569720196472036
2022-12-05 00:00:00+05:30,0.5047519434581861,0.44329999469225534,-0.24830243255876452
2022-12-06 00:00:00+05:30,0.4008553362399534,0.460474084904847,-0.64749406549673
2022-12-07 00:00:00+05:30,0.44493958123296273,0.3724997379581438,-0.65595481704436
2022-12-08 00:00:00+05:30,0.3895575099121151,0.3697296083778797,-0.7011036909033855
2022-12-09 00:00:00+05:30,0.3585430537860059,0.2807579910094466,-0.387428566047484
2022-12-12 00:00:00+05:30,0.2245186692849871,0.2896216924812462,-0.5907878718726334
2022-12-13 00:00:00+05:30,0.2856601032876677,0.3159923038534615,-0.6641997180655012
2022-12-14 00:00:00+05:30,0.34004537674237467,0.2949402699568486,-0.7323550180492208
2022-12-15 00:00:00+05:30,0.26217871530989584,0.21261672585270072,-0.6414555013463162
2022-12-16 00:00:00+05:30,0.192397170251677,0.18436271163992402,-0.18370652120348002
2022-12-19 00:00:00+05:30,0.21454986891151123,0.25904150637892787,-0.702837346496587
2022-12-20 00:00:00+05:30,0.2209739066233962,0.3089008672193249,-0.7196357168233989
2022-12-21 00:00:00+05:30,0.3031607039930956,0.226244503427353,-0.6517646531158832
2022-12-22 00:00:00+05:30,0.2522100067515704,0.21139836806691628,-0.7206900611631092
2022-12-23 00:00:00+05:30,0.17533896475606656,0.043869417954586966,-0.5410178373797631
2022-12-26 00:00:00+05:30,0.06778675408049468,0.09228814500340281,-0.8142325462229845
2022-12-27 00:00:00+05:30,0.10157033883483281,0.13804906911659523,-0.8287658627010833
2022-12-28 00:00:00+05:30,0.11929271546873656,0.13749516206471665,-0.7201604557924215
2022-12-29 00:00:00+05:30,0.0949244817454401,0.13494671416937826,-0.7540168445875202
2022-12-30 00:00:00+05:30,0.13502048799642116,0.14358813963538108,-0.7310405133152288
2023-01-02 00:00:00+05:30,0.14587584241866497,0.20718760469507103,-0.8573941353178143
2023-01-03 00:00:00+05:30,0.17921557419775322,0.1654157622687982,-0.70738365418903
2023-01-04 00:00:00+05:30,0.16138279095569913,0.08010100122033173,-0.6045515285084319
2023-01-05 00:00:00+05:30,0.08717085462597185,0.07012889132390387,-0.3245920509889454
2023-01-06 00:00:00+05:30,0.0941493310168791,0.12076443522197629,-0.7912224702970415
2023-01-09 00:00:00+05:30,0.13546392557993148,0.2535012472183998,-0.5112022908199427
2023-01-10 00:00:00+05:30,0.2699317694552357,0.1684075735339879,-0.6825259464203604
2023-01-11 00:00:00+05:30,0.15141460478104507,0.09694286606597048,-0.4608222272657084
2023-01-12 00:00:00+05:30,0.09016166828765433,-0.02393962183520601,-0.06515687861853493
2023-01-13 00:00:00+05:30,-0.05704453757053687,-0.03280332330700558,0.12244354588811401
2023-01-16 00:00:00+05:30,-0.025365909205297407,-0.08487890667578808,-0.32544008551069464
2023-01-17 00:00:00+05:30,-0.05793019826428002,-0.007983889408398769,-0.509393590190537
2023-01-18 00:00:00+05:30,-0.023593651602048973,-0.017070461206866228,-0.33668204964154536
2023-01-19 00:00:00+05:30,-0.02492309036127361,-0.02294235141347611,-0.43325655906519817
2023-01-20 00:00:00+05:30,-0.020271234067409383,-0.08809239962590343,-0.24178721717157164
2023-01-23 00:00:00+05:30,-0.0778678329128261,-0.11545968709897751,-0.4963876194876786
2023-01-24 00:00:00+05:30,-0.09780593791955007,-0.14725882530795137,-0.14199595221566916
2023-01-25 00:00:00+05:30,-0.15883677206367422,-0.22127316931304938,-0.4047648018214941
2023-01-27 00:00:00+05:30,-0.2209754888853388,-0.3214352543636948,0.4562013499419813
2023-01-30 00:00:00+05:30,-0.3377210546209008,-0.27179698088735227,0.1963052781086026
2023-01-31 00:00:00+05:30,-0.22629238099459412,-0.2848714457309971,0.25518175881214417
2023-02-01 00:00:00+05:30,-0.2308333046852675,-0.31578385720026836,0.04107327605633896
2023-02-02 00:00:00+05:30,-0.3680708662126859,-0.3444812347828964,-0.3229551471446388
2023-02-03 00:00:00+05:30,-0.2993965067854472,-0.33993824604409817,0.38375599673244803
2023-02-06 00:00:00+05:30,-0.3747163457684126,-0.3788288208872086,-0.2477041853119582
2023-02-07 00:00:00+05:30,-0.3813621157763358,-0.3911276969940492,-0.22865119828737285
2023-02-08 00:00:00+05:30,-0.3791471124488747,-0.28908161478197125,0.15713260162075623
2023-02-09 00:00:00+05:30,-0.28953836770097396,-0.279996231625246,-0.35432422840444994
2023-02-10 00:00:00+05:30,-0.28632673476542314,-0.3229864318373033,-0.5068678636947352
2023-02-13 00:00:00+05:30,-0.3188913419429234,-0.3524588038358644,-0.5349106313532305
2023-02-14 00:00:00+05:30,-0.3415975319068388,-0.23113354688570775,-0.28074186605850016
2023-02-15 00:00:00+05:30,-0.23958426100756436,-0.11180342509988196,0.9474912351824941
2023-02-16 00:00:00+05:30,-0.0768717133310254,-0.1160141884717272,-0.09232459041971933
2023-02-17 00:00:00+05:30,-0.14211142796687323,-0.09352152078353312,-0.44161486005145695
2023-02-20 00:00:00+05:30,-0.08672929652862209,-0.15069340562212127,-0.6319541082215595
2023-02-21 00:00:00+05:30,-0.13325010009353422,-0.10703875467615813,-0.3454347852890829
2023-02-22 00:00:00+05:30,-0.12892981584176544,-0.2293606877271736,-0.4918915125703074
2023-02-23 00:00:00+05:30,-0.23515330510916976,-0.25462348499563175,-0.5669637622049963
2023-02-24 00:00:00+05:30,-0.24844488666583062,-0.2187241270968399,-0.5937198148442715
2023-02-27 00:00:00+05:30,-0.2262922897809429,-0.2538478962588275,-0.4806616504120186
2023-02-28 00:00:00+05:30,-0.28366843839025835,-0.35423166299439857,0.21051613144478587
2023-03-01 00:00:00+05:30,-0.3104729397525784,-0.30692015572846876,-0.45815902492286686
2023-03-02 00:00:00+05:30,-0.32598004008894993,-0.3464757756263562,-0.6001561432992086
2023-03-03 00:00:00+05:30,-0.29906460262433854,-0.21495732141571708,-0.2601309261534648
2023-03-06 00:00:00+05:30,-0.18641728681284825,-0.16332510141678588,-0.5464732657411728
2023-03-08 00:00:00+05:30,-0.16714451285249013,-0.14415647036073442,-0.18720853751754737
2023-03-09 00:00:00+05:30,-0.1509725145420784,-0.27290538931198055,-0.15823609504621033
2023-03-10 00:00:00+05:30,-0.31601123572154655,-0.35389943762744563,-0.34399413830140274
2023-03-13 00:00:00+05:30,-0.34370245826824986,-0.43854974794200624,-0.38001184975182634
2023-03-14 00:00:00+05:30,-0.45225146570098707,-0.45749610299226096,-0.17152943957371464
2023-03-15 00:00:00+05:30,-0.4431683352163242,-0.5436978879408656,0.1935168299544849
2023-03-16 00:00:00+05:30,-0.5342169029807767,-0.5684064809970096,-0.021974863443031758
2023-03-17 00:00:00+05:30,-0.5303402612681579,-0.5746108937310079,0.9801871792752626
2023-03-20 00:00:00+05:30,-0.5962449718614351,-0.6230302151006949,0.05239335874023517
2023-03-21 00:00:00+05:30,-0.5874947203216068,-0.47134615657271,0.172501978711244
2023-03-22 00:00:00+05:30,-0.4411751714487709,-0.45605606352155087,-0.49856623067523487
2023-03-23 00:00:00+05:30,-0.47883450776745573,-0.5198757244639887,-0.1573241569868059
2023-03-24 00:00:00+05:30,-0.5292326941463559,-0.6184875235223323,-0.4053457605360691
2023-03-27 00:00:00+05:30,-0.5907067628447732,-0.542590370997544,-0.2978765303530127
2023-03-28 00:00:00+05:30,-0.5297861833163645,-0.5194326582545724,-0.39250876922787215
2023-03-29 00:00:00+05:30,-0.5430782600267061,-0.5489053274135697,0.006257053564394852
2023-03-31 00:00:00+05:30,-0.5076336346843568,-0.33539585162617114,0.6060497670889966
2023-04-03 00:00:00+05:30,-0.3082577487207302,-0.33450971920733963,-0.5387173100241751
2023-04-05 00:00:00+05:30,-0.30161252535725525,-0.34691913899620747,-0.1564560165423876
2023-04-06 00:00:00+05:30,-0.3677385355567542,-0.31234987120696955,-0.017371823752229464
2023-04-10 00:00:00+05:30,-0.29718150212972916,-0.3491353615245929,-0.36785762740356687
2023-04-11 00:00:00+05:30,-0.33262617458619004,-0.32365147689208024,-0.5227526951721213
2023-04-12 00:00:00+05:30,-0.3274206619151784,-0.3008265838369332,-0.033761288275969005
2023-04-13 00:00:00+05:30,-0.2905360296142178,-0.2812151837319016,-0.4052008570233298
2023-04-17 00:00:00+05:30,-0.13114626203273463,-0.2547346229985301,-0.04974408810266617
2023-04-18 00:00:00+05:30,-0.23736828071083535,-0.31478658677853844,-0.5315116418849419
2023-04-19 00:00:00+05:30,-0.3214384334346547,-0.28897047677907284,-0.41190707867587895
2023-04-20 00:00:00+05:30,-0.288098728866563,-0.3021560796256161,-0.7491067733706088
2023-04-21 00:00:00+05:30,-0.29574174765511674,-0.2956191443642292,-0.7081273812329834
2023-04-24 00:00:00+05:30,-0.24179932801173512,-0.2756749245713735,-0.3694726324403804
2023-04-25 00:00:00+05:30,-0.26173675133690666,-0.2356765356245059,-0.6063933975070815
2023-04-26 00:00:00+05:30,-0.23293828920876644,-0.26658954141464825,-0.6459836240641159
2023-04-27 00:00:00+05:30,-0.24179944055441913,-0.23346090741699158,-0.6108116419978107
2023-04-28 00:00:00+05:30,-0.22629205773677435,-0.13717617172949625,-0.20113201702908473
2023-05-02 00:00:00+05:30,-0.10622356013772823,-0.09163752362210059,-0.366551574840888
2023-05-03 00:00:00+05:30,-0.08672962191949064,-0.13806289846919886,-0.7456143617966701
2023-05-04 00:00:00+05:30,-0.1395638525434693,-0.07623688688891417,-0.6448695382408062
2023-05-05 00:00:00+05:30,-0.09559048903564614,-0.09008694046936323,-0.637739491422185
2023-05-08 00:00:00+05:30,-0.07565309070576134,-0.02327457678042904,-0.6116660156480448
2023-05-09 00:00:00+05:30,-0.020271103201540866,-0.0063227625736341315,-0.783850896279988
2023-05-10 00:00:00+05:30,0.012958602138202957,0.031459998165719115,-0.5016294384286296
2023-05-11 00:00:00+05:30,0.032785287979654534,-0.004660447097127265,-0.5217606535800449
2023-05-12 00:00:00+05:30,-0.031790113545922365,0.0043143923775706946,-0.7524357122675599
2023-05-15 00:00:00+05:30,0.012736935405283914,0.015172040371958948,-0.7602474395089039
2023-05-16 00:00:00+05:30,0.021820044023763783,-0.0633835094093239,-0.6396192030969411
2023-05-17 00:00:00+05:30,-0.04685404750500475,-0.0955154673061218,-0.6343853881060972
2023-05-18 00:00:00+05:30,-0.07664958967860086,-0.1071492983581854,-0.5238307312041487
2023-05-19 00:00:00+05:30,-0.11098636447535291,-0.08964357709951191,-0.6823143219795282
2023-05-22 00:00:00+05:30,-0.10888232825736789,-0.06072511215282936,-0.7217283976026052
2023-05-23 00:00:00+05:30,-0.05205962114912588,-0.06172178825368814,-0.8077146415085557
2023-05-24 00:00:00+05:30,-0.08473498585273236,-0.09341038278063474,-0.6783567208253638
2023-05-25 00:00:00+05:30,-0.111318615766122,-0.0940754278354117,-0.46221107268829525
2023-05-26 00:00:00+05:30,-0.0579309505396902,0.05339816448116351,-0.389317690367566
2023-05-29 00:00:00+05:30,0.08163275624960925,0.0846439899591299,-0.5568215408188634
2023-05-30 00:00:00+05:30,0.08074630737047041,0.08320335616754869,-0.4715186421572581
2023-05-31 00:00:00+05:30,0.03511159421909281,-0.02770702183719994,0.5379666307194427
2023-06-01 00:00:00+05:30,-0.008861739179885782,-0.042443207836480513,-0.26340390143126685
2023-06-02 00:00:00+05:30,-0.029131688532678,-0.06028174878297805,-0.18605680111293374
2023-06-05 00:00:00+05:30,-0.03754968279725693,-0.011419064043439774,-0.4992969593042142
2023-06-06 00:00:00+05:30,-0.001551065660986978,-0.00676553162261433,-0.7179887600177578
2023-06-07 00:00:00+05:30,0.0063130039705902525,0.03489517280076012,-0.5374685657442633
2023-06-08 00:00:00+05:30,0.04840254321963335,0.03821802079116051,-0.4248648976148929
2023-06-09 00:00:00+05:30,0.05061830188152239,-0.0010041850980317185,-0.8214824601984098
2023-06-12 00:00:00+05:30,-0.019162900535568152,0.0038710290077193813,-0.7885093233055316
2023-06-13 00:00:00+05:30,0.024035172389492147,0.08519730269013737,-0.4775688600590279
2023-06-14 00:00:00+05:30,0.08163237194960662,0.15389306921963297,-0.34762543441760024
2023-06-15 00:00:00+05:30,0.14986302927621434,0.15544424669324144,-0.4413603984696515
2023-06-16 00:00:00+05:30,0.1684716636180406,0.21051164132721364,0.3499475676063912
2023-06-19 00:00:00+05:30,0.22119611032125144,0.15378252553760569,-0.7624750348711158
2023-06-20 00:00:00+05:30,0.14044878167058902,0.1655269002716966,-0.7546284744389056
2023-06-21 00:00:00+05:30,0.16138250613447788,0.18148203837763272,-0.7520347463829938
2023-06-22 00:00:00+05:30,0.1591676128490324,0.1176614859538882,-0.7099299348287068
2023-06-23 00:00:00+05:30,0.0991328901841031,0.07168006879751235,-0.7733593825111805
2023-06-26 00:00:00+05:30,0.0506185127197698,0.029133231955306392,-0.3883636835463986
2023-06-27 00:00:00+05:30,0.02746886082129142,0.031127772798766187,-0.5773653115745998
2023-06-28 00:00:00+05:30,0.06391031867102392,0.10436593374618884,-0.47078215068420165
2023-06-30 00:00:00+05:30,0.13790086203266103,0.1503473509025647,-0.48374541230928847
2023-07-03 00:00:00+05:30,0.16370899409776377,0.2953836333266999,-0.4195324739587293
2023-07-04 00:00:00+05:30,0.3120228202950047,0.23566330059277338,-0.681597424176334
2023-07-05 00:00:00+05:30,0.27657743401358204,0.226244503427353,-0.5415975154623208
2023-07-06 00:00:00+05:30,0.20358411457278838,0.34646194627375254,0.026357981768604766
2023-07-07 00:00:00+05:30,0.33417487223647124,0.33504920258574344,-0.3413575731045177
2023-07-10 00:00:00+05:30,0.45357930648135836,0.5598611755395593,0.9306141059866281
2023-07-11 00:00:00+05:30,0.5953572268147053,0.625564536482994,0.08727514959145677
2023-07-12 00:00:00+05:30,0.6250417715178999,0.6323231534293066,0.0017601142362124937
2023-07-13 00:00:00+05:30,0.6640308252318107,0.5774774404802601,-0.25762556170673556
2023-07-14 00:00:00+05:30,0.5889325966365433,0.5723811390104544,-0.22937417909264846
2023-07-17 00:00:00+05:30,0.5822875954349115,0.6964765255408751,0.22498740130165432
2023-07-18 00:00:00+05:30,0.7373575227101328,0.7491060159615363,0.4585281302539205
2023-07-19 00:00:00+05:30,0.7661557444660595,0.7965274725886222,1.307256946651224
2023-07-20 00:00:00+05:30,0.689138853942978,0.7889011471704827,1.2813541150933676
2023-07-21 00:00:00+05:30,0.758742176164911,0.5941927149803514,0.7391098028389337
2023-07-24 00:00:00+05:30,0.4515297357234556,0.4709085764390018,0.3215359138953592
2023-07-25 00:00:00+05:30,0.4827314673131101,0.4670680749698608,-0.42775201846593114
2023-07-26 00:00:00+05:30,0.4611297615690362,0.5640612411357245,-0.37108456396035283
2023-07-27 00:00:00+05:30,0.5788555575580518,0.5076423608408382,-0.09473147426433055
2023-07-28 00:00:00+05:30,0.5260530093040742,0.568023578383444,0.13584337496784338
2023-07-31 00:00:00+05:30,0.5639745535788657,0.6194014290495382,-0.650251970577239
2023-08-01 00:00:00+05:30,0.6291372257826211,0.5328510749100249,-0.5871515172599682
2023-08-02 00:00:00+05:30,0.519212784249173,0.46838865594547696,-0.3815087805166597
2023-08-03 00:00:00+05:30,0.43784929757432967,0.4432988060505131,-0.5467016024298286
2023-08-04 00:00:00+05:30,0.49425163250764154,0.5240878136654437,0.26760491388400276
2023-08-07 00:00:00+05:30,0.5475334992165333,0.558419947427107,-0.8147045871845018
2023-08-08 00:00:00+05:30,0.5643344365452897,0.5219268629780719,-0.5674656418925129
2023-08-09 00:00:00+05:30,0.5087722483658449,0.5616607791372936,-0.46229284104258955
2023-08-10 00:00:00+05:30,0.5570137587513642,0.5886702854459568,-0.20719017484936084
2023-08-11 00:00:00+05:30,0.5750144347283708,0.6143592107790039,0.2223806748307686
2023-08-14 00:00:00+05:30,0.5907352595784154,0.6866250627812835,-0.5846427591383936
2023-08-16 00:00:00+05:30,0.6195361909633532,0.6815828445107492,-0.54447573592084
2023-08-17 00:00:00+05:30,0.6581776933166974,0.5923913284200039,-0.3222456129755431
2023-08-18 00:00:00+05:30,0.5721343151769072,0.6375276212976551,-0.004249699725416605
2023-08-21 00:00:00+05:30,0.6362363178336402,0.5920715837913443,-0.6073141719274042
2023-08-22 00:00:00+05:30,0.5805220149147413,0.5906208465449542,-0.7039187762034598
2023-08-23 00:00:00+05:30,0.5981667976827928,0.5973907555878178,-0.5883476275639757
2023-08-24 00:00:00+05:30,0.6361153920347518,0.4948733769249462,-0.29238921425437614
2023-08-25 00:00:00+05:30,0.433319863912151,0.46718872210669704,0.22513851587967668
2023-08-28 00:00:00+05:30,0.47199384199464317,0.4077090893255718,-0.3922269021208999
2023-08-29 00:00:00+05:30,0.42377235753357795,0.3511309310372269,-0.11715879859087454
2023-08-30 00:00:00+05:30,0.3753093271507101,0.34556987064620986,-0.4186002378818532
2023-08-31 00:00:00+05:30,0.35355521478357227,0.31885217588526377,0.18775686729939955
2023-09-01 00:00:00+05:30,0.3137941895977646,0.3325132354286985,-0.038003061674736494
2023-09-04 00:00:00+05:30,0.3285381934028037,0.32779848795814825,-0.5992538740115335
2023-09-05 00:00:00+05:30,0.3463038716493276,0.35898904159510103,-0.6422671018871778
2023-09-06 00:00:00+05:30,0.3489631161158375,0.37132001102898177,-0.6727145122842543
2023-09-07 00:00:00+05:30,0.3504132904453121,0.3792993630445632,-0.3236012900288861
2023-09-08 00:00:00+05:30,0.39464647419967536,0.4184686743762262,0.28192737430047965
2023-09-11 00:00:00+05:30,0.42365152955809465,0.48230051889652187,-0.3480292176926041
2023-09-12 00:00:00+05:30,0.49858219882024024,0.3958618970807782,-0.15692101402781067
2023-09-13 00:00:00+05:30,0.39464645901071405,0.42535982487679724,-0.3779791025510222
2023-09-14 00:00:00+05:30,0.44298828879510405,0.430799643810107,-0.6080895946137816
2023-09-15 00:00:00+05:30,0.4623252230713358,0.4418011174553049,0.4329973863286436
2023-09-18 00:00:00+05:30,0.3947670998548659,0.39005835377434644,-0.716516609482456
2023-09-20 00:00:00+05:30,0.35367643842659724,0.25876811877821526,2.4572470814462957
2023-09-21 00:00:00+05:30,0.23741331341208374,0.21681857441147925,-0.4149353251752058
2023-09-22 00:00:00+05:30,0.23995143423598153,0.19300235414331346,0.03012297586739153
2023-09-25 00:00:00+05:30,0.17807268830470052,0.1579427716354062,-0.28503428845354545
2023-09-26 00:00:00+05:30,0.14943075748065704,0.16290000202137112,-0.55186050044767
2023-09-27 00:00:00+05:30,0.16139505823718084,0.22673125222079565,-0.447169089172989
2023-09-28 00:00:00+05:30,0.2568707655846214,0.14258968057190893,-0.26816439482857635
2023-09-29 00:00:00+05:30,0.15728593703388385,0.16894424528060414,-0.40751841678474565
2023-10-03 00:00:00+05:30,0.12864293455250367,0.10402419924529809,-0.6305377932422049
2023-10-04 00:00:00+05:30,0.07800467666592138,0.09435281570965409,-0.5391435683910798
2023-10-05 00:00:00+05:30,0.10278043215839054,0.094232762893689,-0.49641553726565224
2023-10-06 00:00:00+05:30,0.09746234969755706,0.10366166351391833,-0.8500400419277947
2023-10-09 00:00:00+05:30,0.07582976426959757,0.05590917016162168,-0.7126377031657448
2023-10-10 00:00:00+05:30,0.07208267729616237,0.08044986757167585,-0.5423678156206297
2023-10-11 00:00:00+05:30,0.09117794680854542,0.16906548673831148,-0.5693836444645815
2023-10-12 00:00:00+05:30,0.1622410845361329,0.17958258887355122,-0.39391579962510237
2023-10-13 00:00:00+05:30,0.1529351098418632,0.17934129459987877,-0.5478563483196826
2023-10-16 00:00:00+05:30,0.16502097617802086,0.16664778943461828,-0.8181516643850338
2023-10-17 00:00:00+05:30,0.19160880657447626,0.19372742560607298,-0.6901432737215027
2023-10-18 00:00:00+05:30,0.18979601889482578,0.11816903597781987,-0.6267430244490197
2023-10-19 00:00:00+05:30,0.08525620211303415,0.07501004863836612,-0.4273335079227302
2023-10-20 00:00:00+05:30,0.056250665241861605,0.05796433173393514,-0.6270636947061112
2023-10-23 00:00:00+05:30,0.03207969106111978,-0.028837420134059454,-0.6948955710739025
2023-10-25 00:00:00+05:30,-0.06448405296932025,-0.04153151962019108,-0.4537060753044732
2023-10-26 00:00:00+05:30,-0.06218759564241174,-0.11757309211666017,-0.22307410988433488
2023-10-27 00:00:00+05:30,-0.08877582698514032,-0.022550693959411748,-0.444075978661994
2023-10-30 00:00:00+05:30,-0.006594038797715322,0.09036373402273451,-0.12121456018915264
2023-10-31 00:00:00+05:30,0.12393016085284221,0.0308841012416093,-0.37765254138665183
2023-11-01 00:00:00+05:30,0.030024710312248556,0.05385341426843711,-0.5376833917651382
2023-11-02 00:00:00+05:30,0.08996904646981344,0.10898083531039185,-0.5214889034660081
2023-11-03 00:00:00+05:30,0.12199585072239276,0.10777198665854525,-0.6311076744898316
2023-11-06 00:00:00+05:30,0.13432382405474227,0.15443746713757373,-0.5160334110729975
2023-11-07 00:00:00+05:30,0.1385536611094398,0.11768585310960389,-0.7521243265925927
2023-11-08 00:00:00+05:30,0.13359803803050374,0.1469412979902083,-0.6929405582365387
2023-11-09 00:00:00+05:30,0.14290448940488149,0.08564898655218428,-0.2684676484902348
2023-11-10 00:00:00+05:30,0.06966563329884982,0.09616608868742402,-0.7025158438286844
2023-11-13 00:00:00+05:30,0.11160256466483744,0.0954416115455356,-0.9509676757041052
2023-11-15 00:00:00+05:30,0.15293518089570035,0.1966289000988533,-0.4152896760543481
2023-11-16 00:00:00+05:30,0.179765208958046,0.2069047079604206,-0.3567480165916874
2023-11-17 00:00:00+05:30,0.18411571344260508,0.19445309138970363,-0.7009995755203922
2023-11-20 00:00:00+05:30,0.17360175548249024,0.1794625360575861,-0.910283533278031
2023-11-21 00:00:00+05:30,0.21578010926159066,0.2509100082203412,-0.6718129473441887
2023-11-22 00:00:00+05:30,0.23753392973809037,0.27339613837895305,-0.6512995275672584
2023-11-23 00:00:00+05:30,0.2694398413352373,0.2910468739301784,-0.6515090389652624
2023-11-24 00:00:00+05:30,0.2776581719586103,0.28717784505922395,-0.7656169374619637
2023-11-28 00:00:00+05:30,0.2832169685063383,0.28838669371107056,-0.3146623504860566
2023-11-29 00:00:00+05:30,0.31729880762994417,0.3036197319586027,-0.3953977469953352
2023-11-30 00:00:00+05:30,0.28515096825673353,0.24740410940163757,0.6232603728621254
2023-12-01 00:00:00+05:30,0.2447852805981858,0.2881453994373981,-0.27940219690537144
2023-12-04 00:00:00+05:30,0.4188176672784892,0.3507683953058472,-0.19948128235899304
2023-12-05 00:00:00+05:30,0.392229029607407,0.39320171686167027,-0.38500426560743967
2023-12-06 00:00:00+05:30,0.4118078759278973,0.449659228013179,-0.14624207976329492
2023-12-07 00:00:00+05:30,0.4429882358872805,0.43986660301982766,-0.6764458897925912
2023-12-08 00:00:00+05:30,0.45229433422665255,0.4367232399325038,-0.5443616316081129
2023-12-11 00:00:00+05:30,0.4333202279630795,0.44542825773171585,-0.7453412029874144
2023-12-12 00:00:00+05:30,0.44298858650507994,0.3600772431101114,-0.6088907580037036
2023-12-13 00:00:00+05:30,0.3511385605508078,0.3840141105151134,-0.5554846890561723
2023-12-14 00:00:00+05:30,0.4284860057232616,0.457033561381966,-0.11103033407285755
2023-12-15 00:00:00+05:30,0.4864963530494228,0.5330757281993062,-0.17763613334744027
2023-12-18 00:00:00+05:30,0.5290376341836724,0.5944892810950375,-0.29077766692400886
2023-12-19 00:00:00+05:30,0.6726137974587427,0.6841925074558124,-0.12074712950289702
2023-12-20 00:00:00+05:30,0.7114087745602424,0.6093591892903188,-0.062086627389045884
2023-12-21 00:00:00+05:30,0.6049348745189309,0.6949520925064668,-0.31637327486095385
2023-12-22 00:00:00+05:30,0.6837330873978655,0.7009969300865709,-0.1386004204538269
2023-12-26 00:00:00+05:30,0.7040367147425549,0.7324293723180673,-0.7197589136234477
2023-12-27 00:00:00+05:30,0.7378761756831597,0.7537066538248325,-0.6084404877864776
2023-12-28 00:00:00+05:30,0.7567298559716286,0.7989208027365997,-0.4100398531632899
2023-12-29 00:00:00+05:30,0.8082139492607505,0.7491119591702474,-0.5021206248388032
2024-01-01 00:00:00+05:30,0.7343716066330122,0.7619273001140863,-0.9397154024855165
2024-01-02 00:00:00+05:30,0.7451272579803743,0.8137901166110099,-0.720838742540299
2024-01-03 00:00:00+05:30,0.8055550605006405,0.7451228774833277,-0.6191094331212597
2024-01-04 00:00:00+05:30,0.7523785728416624,0.7774010383144199,-0.5822757669811163
2024-01-05 00:00:00+05:30,0.7883934022499512,0.8041187330753659,-0.6800118096443137
2024-01-08 00:00:00+05:30,0.8055551952924621,0.754915502476679,-0.7025351813721431
2024-01-09 00:00:00+05:30,0.781384198445513,0.738352968440464,-0.8518298532349478
2024-01-10 00:00:00+05:30,0.7257904002064707,0.9066367060591086,-0.4868711149051196
2024-01-11 00:00:00+05:30,0.9239936959225974,1.0751623322722967,0.3214069542512333
2024-01-12 00:00:00+05:30,1.0709541037409112,1.1275089259583073,-0.23654443775660774
2024-01-15 00:00:00+05:30,1.1439506198513223,1.240665242534997,-0.64644721285432
2024-01-16 00:00:00+05:30,1.2163431708186963,1.1463685101613794,-0.6170932060734766
2024-01-17 00:00:00+05:30,1.069020247254909,1.0832617371038433,-0.4167794352798855
2024-01-18 00:00:00+05:30,1.0298633420725356,1.1140897550094162,-0.5395884599538338
2024-01-19 00:00:00+05:30,1.1487846597053055,1.111671463384852,-0.5304149086254645
2024-01-23 00:00:00+05:30,1.1282395723971512,0.9236824229635396,0.08638331745472141
2024-01-24 00:00:00+05:30,0.9516694466845874,0.9976694282085664,0.20571952422459308
2024-01-25 00:00:00+05:30,0.989013604400832,1.042157911336703,-0.44165635252881225
2024-01-29 00:00:00+05:30,1.0931915554418294,1.5014330338703608,0.3321377541124432
2024-01-30 00:00:00+05:30,1.5546176190654082,1.305947824301683,-0.29533735722103105
2024-01-31 00:00:00+05:30,1.284143119545614,1.3978268593716077,-0.2289847388962366
2024-02-01 00:00:00+05:30,1.4340042269322406,1.3979481008293149,-0.3430163117247165
2024-02-02 00:00:00+05:30,1.4251818586996465,1.548097325707647,0.06058933961832165
2024-02-05 00:00:00+05:30,1.5584853255525306,1.4577902693418199,-0.6333951393988447
2024-02-06 00:00:00+05:30,1.4671183691110201,1.403509161220332,-0.6184404309555065
2024-02-07 00:00:00+05:30,1.4384761117236302,1.4729020661316448,-0.6025231994880867
2024-02-08 00:00:00+05:30,1.5065175275305647,1.5114669531373846,-0.2568763919767095
2024-02-09 00:00:00+05:30,1.525854310895753,1.5628465867660921,-0.39376545342629027
2024-02-12 00:00:00+05:30,1.558484998342823,1.5222259438671677,-0.7704228932958817
2024-02-13 00:00:00+05:30,1.533105685267358,1.5838819796783137,-0.7037554956212746
2024-02-14 00:00:00+05:30,1.5427740948382236,1.6625837323938908,-0.7420275676430681
2024-02-15 00:00:00+05:30,1.6677385294655116,1.6104784329815525,-0.5570470601170815
2024-02-16 00:00:00+05:30,1.6345029086661302,1.5619996795247542,-0.5723687976965317
2024-02-19 00:00:00+05:30,1.564769619979591,1.6269197255600603,-0.7668756706716093
2024-02-20 00:00:00+05:30,1.6274936040888162,1.612533594553866,-0.7420526680306041
2024-02-21 00:00:00+05:30,1.622538842762787,1.596454837706738,-0.383296670875787
2024-02-22 00:00:00+05:30,1.5942585476582374,1.6643970053716606,-0.01361432135074296
2024-02-23 00:00:00+05:30,1.6974691242007125,1.7218214765804725,-0.273271683376127
2024-02-26 00:00:00+05:30,1.7170478742492714,1.691355994406279,-0.716721126415593
2024-02-27 00:00:00+05:30,1.6661676771113771,1.6832565895747327,-0.5045884027358294
2024-02-28 00:00:00+05:30,1.6660467325944917,1.5380634064406233,-0.6440552483727086
2024-02-29 00:00:00+05:30,1.5790306167331398,1.5630884753606356,0.31520382888661713
2024-03-01 00:00:00+05:30,1.5717792815988592,1.7145677903485217,-0.4209066561447199
2024-03-04 00:00:00+05:30,1.702182017760004,1.788433554135841,-0.5559176707411669
2024-03-05 00:00:00+05:30,1.7761464270858394,1.7536164545433484,-0.742681970603826
2024-03-06 00:00:00+05:30,1.7165637998504455,1.7671562726290757,-0.6979874009528804
2024-03-07 00:00:00+05:30,1.7626103540301528,1.650736540149097,-0.665328082935802
2024-03-11 00:00:00+05:30,1.6950521965722327,1.5911356659102645,-0.47570464403167917
2024-03-12 00:00:00+05:30,1.586764959522072,1.6338108760606311,-0.5938078582954497
2024-03-13 00:00:00+05:30,1.6504561362036045,1.42466520126939,-0.33195344398146265
2024-03-14 00:00:00+05:30,1.4567244709874305,1.4212799495875226,-0.008659940266038677
2024-03-15 00:00:00+05:30,1.3902537415619007,1.3572062164726832,0.033134510118894775
2024-03-18 00:00:00+05:30,1.3614907457007424,1.4599660780509696,-0.610666482358668
2024-03-19 00:00:00+05:30,1.4037899897134243,1.3911775974655802,-0.6678869137692468
2024-03-20 00:00:00+05:30,1.399922524609102,1.4806389352318114,-0.6542454934594841
2024-03-21 00:00:00+05:30,1.5187235233831946,1.5155766819611403,-0.3649423966797525
2024-03-22 00:00:00+05:30,1.506396289207668,1.535161931947843,0.05258667014322225
2024-03-26 00:00:00+05:30,1.4823459220607225,1.4701206444548296,-0.46681859459115754
2024-03-27 00:00:00+05:30,1.4968489460954018,1.7180736891672252,-0.1523761790621873
2024-03-28 00:00:00+05:30,1.713784692743031,1.6842235496320357,0.20157258162669472
2024-04-01 00:00:00+05:30,1.7118505440668816,1.6790250249723984,-0.8767505680988606
2024-04-02 00:00:00+05:30,1.6708809493708265,1.6895427214285093,-0.6272651381224071
2024-04-03 00:00:00+05:30,1.6615744308848095,1.615313827588939,-0.7490451749705845
2024-04-04 00:00:00+05:30,1.6503352470739832,1.573364283222203,-0.26996201799103386
2024-04-05 00:00:00+05:30,1.5590895723290963,1.5597032236787682,-0.7212550760090707
2024-04-08 00:00:00+05:30,1.5692412978090515,1.684827973957959,-0.6626776869131319
2024-04-09 00:00:00+05:30,1.695051905040071,1.5768701820409066,-0.7450033722612932
2024-04-10 00:00:00+05:30,1.5855569838904495,1.65387930891555,-0.612655431944486
2024-04-12 00:00:00+05:30,1.6316027242929552,1.5937952518085012,-0.20204113769805146
2024-04-15 00:00:00+05:30,1.5596937626656244,1.5825518895687598,-0.3716576467880224
2024-04-16 00:00:00+05:30,1.5227120040007993,1.5870253427656376,-0.5980655755628306
2024-04-18 00:00:00+05:30,1.5717794897246111,1.5801341922650667,0.01916755315037555
2024-04-19 00:00:00+05:30,1.5392691304006878,1.6081813828146956,-0.1898260853289779
2024-04-22 00:00:00+05:30,1.6150451715654512,1.6552088047042326,-0.5350470826946566
2024-04-23 00:00:00+05:30,1.6467098733257886,1.555955436265521,-0.262580326981045
2024-04-24 00:00:00+05:30,1.5717793881916626,1.511708841731928,-0.5278490343159254
2024-04-25 00:00:00+05:30,1.4702607880585628,1.559098799352845,-0.17688222527895076
2024-04-26 00:00:00+05:30,1.573954324269198,1.523193498245342,-0.5950135733395858
2024-04-29 00:00:00+05:30,1.5065173743741085,1.583519443946934,-0.7336979528139933
2024-04-30 00:00:00+05:30,1.5935330411757385,1.5930695860248707,-0.46308196649155037
2024-05-02 00:00:00+05:30,1.612869965880662,1.590893777315721,-0.26852937495346085
2024-05-03 00:00:00+05:30,1.6080358070092666,1.433490271884567,-0.09472763236827914
2024-05-06 00:00:00+05:30,1.4364208225419572,1.363492942647331,-0.7243343556942806
2024-05-07 00:00:00+05:30,1.3420329356604332,1.2762080079111204,-0.2682203584477253
2024-05-08 00:00:00+05:30,1.2527203821858186,1.3587781951767808,-0.5934029224516305
2024-05-09 00:00:00+05:30,1.3276510469055498,1.240665242534997,-0.492834249829724
2024-05-10 00:00:00+05:30,1.2490949876172937,1.3049808642443799,-0.5251392169676601
2024-05-13 00:00:00+05:30,1.2643229873774444,1.2821316040335173,-0.6563064145646654
2024-05-14 00:00:00+05:30,1.2695194825563112,1.3661525285455678,-0.7375189745635299
2024-05-15 00:00:00+05:30,1.3639080271566326,1.347777315852454,-0.8746596802044784
2024-05-16 00:00:00+05:30,1.3544814837457542,1.391661374654667,-0.25577889033802165
2024-05-17 00:00:00+05:30,1.3762352363134631,1.4417109181738208,-0.4987978970071352
2024-05-21 00:00:00+05:30,1.388561885787115,1.4437660797461342,-0.48217196378143107
2024-05-22 00:00:00+05:30,1.440167530263139,1.562362809577005,-0.5394497675063776
2024-05-23 00:00:00+05:30,1.5478503137349575,1.6851911040102099,-0.2624070574691261
2024-05-24 00:00:00+05:30,1.6690679355365674,1.6571433191397098,-0.7435074660020736
2024-05-27 00:00:00+05:30,1.6526315437973904,1.589443040069331,-0.7733312086068035
2024-05-28 00:00:00+05:30,1.5935333224939514,1.5408436394756961,-0.6970598391828668
2024-05-29 00:00:00+05:30,1.489597653330565,1.4662528042256173,-0.7250164203066086
2024-05-30 00:00:00+05:30,1.4364208852453562,1.3892430830301028,-0.35214107097323283
2024-05-31 00:00:00+05:30,1.4161177345953087,1.4160820192487562,0.7916537503125273
2024-06-03 00:00:00+05:30,1.6660463860646484,1.8025777965474916,0.18067125841177314
2024-06-04 00:00:00+05:30,1.738801570873079,1.2558976864616582,1.1527449799505967
2024-06-05 00:00:00+05:30,1.3711593583234614,1.3694171330905989,-0.07949246551318752
2024-06-06 00:00:00+05:30,1.4340038216920716,1.4218843739134457,-0.05446686688707093
2024-06-07 00:00:00+05:30,1.4025815663841472,1.6073350698942286,-0.00945431630626978
2024-06-10 00:00:00+05:30,1.6029600394042924,1.6143474618525069,-0.6053923274592842
2024-06-11 00:00:00+05:30,1.5983677416695703,1.5431412839634244,-0.44383150600992227
2024-06-12 00:00:00+05:30,1.5427739103581772,1.575298203336809,-0.5522472513168458
2024-06-13 00:00:00+05:30,1.6128699374463056,1.5846070511410733,-0.6099129584797837
2024-06-14 00:00:00+05:30,1.6032018837201005,1.6440872782430695,-0.6754276592757642
2024-06-18 00:00:00+05:30,1.6870752643451903,1.660891106552957,-0.736976883030675
2024-06-19 00:00:00+05:30,1.687800514872875,1.552691426041361,-0.6390656499075329
2024-06-20 00:00:00+05:30,1.550025226580733,1.62546898831367,-0.1660064578734008
2024-06-21 00:00:00+05:30,1.6207259178761004,1.5311722559400522,0.798090719083473
2024-06-24 00:00:00+05:30,1.484884280158681,1.4696374615866135,-0.6293000623976405
2024-06-25 00:00:00+05:30,1.4726780101101091,1.5309309616663798,-0.7466699867683975
2024-06-26 00:00:00+05:30,1.4874221637684426,1.8204704206932607,0.21185080613304777
2024-06-27 00:00:00+05:30,1.814699206100612,1.9003816163815554,0.6196135170669197
2024-06-28 00:00:00+05:30,1.8982101241550848,2.0689066482738725,0.6563872496286611
2024-07-01 00:00:00+05:30,2.0504881381206865,2.04351904362248,-0.703197652314609
2024-07-02 00:00:00+05:30,2.0842070038937233,2.067819041079733,-0.701600704189237
2024-07-03 00:00:00+05:30,2.0688577603403635,2.006163005268587,-0.6183356752565046
2024-07-04 00:00:00+05:30,2.0237792774028294,2.013900468689625,-0.7600020063828193
2024-07-05 00:00:00+05:30,2.0084300871578327,2.1812166519300953,-0.41214815765310525
2024-07-08 00:00:00+05:30,2.178474232623877,2.240575637574384,-0.5894455133922687
2024-07-09 00:00:00+05:30,2.2200485270523576,2.1891960039456766,-0.7521372609759658
2024-07-10 00:00:00+05:30,2.207479497022552,2.15993937042333,-0.740958880224766
2024-07-11 00:00:00+05:30,2.17122276185481,2.1426517649243557,-0.4331994428772338
2024-07-12 00:00:00+05:30,2.156720012380024,2.220385963261758,-0.3702027207533512
2024-07-15 00:00:00+05:30,2.2531623263337015,2.2228036605654515,-0.8565288762954346
2024-07-16 00:00:00+05:30,2.200228185706609,2.1213744834175903,-0.5967430668787315
2024-07-18 00:00:00+05:30,2.115629152815351,2.171787156988995,-0.4103127558461422
2024-07-19 00:00:00+05:30,2.163971317826745,2.0193402876229345,-0.35639712341899143
2024-07-22 00:00:00+05:30,1.9283030379407178,1.7559135047102055,0.06198446013779249
2024-07-23 00:00:00+05:30,1.7530625125486001,1.6941368217622232,-0.04189605494363626
2024-07-24 00:00:00+05:30,1.6757151208688903,1.731855395847496,-0.4349656905552714
2024-07-25 00:00:00+05:30,1.6563783053297687,1.7158978804580756,-0.3961296281931299
2024-07-26 00:00:00+05:30,1.7114881634734769,1.796291664693715,-0.5664495884501151
2024-07-29 00:00:00+05:30,1.8059972943688505,1.8498477013524435,-0.7150919063633893
2024-07-30 00:00:00+05:30,1.830531230929493,1.8162394504117976,-0.670932000579599
2024-07-31 00:00:00+05:30,1.767565308409307,1.7788834120579045,-0.5538093662513516
2024-08-01 00:00:00+05:30,1.8062392380647911,1.8266364997310722,-0.5085469643640066
2024-08-02 00:00:00+05:30,1.7723994940266266,1.7493848899410143,-0.5403049735674228
2024-08-05 00:00:00+05:30,1.6515440798534577,1.497926540730786,-0.10626958454914462
2024-08-06 00:00:00+05:30,1.531413507616895,1.5401185680129368,-0.5423579547540978
2024-08-07 00:00:00+05:30,1.5983675371714068,1.5825518895687598,-0.6743666556495649
2024-08-08 00:00:00+05:30,1.542894915572389,1.506630964209127,-0.40462559712123114
2024-08-09 00:00:00+05:30,1.5548595994368086,1.6283710571273213,-0.7976141687261814
2024-08-12 00:00:00+05:30,1.6032019044594068,1.5622421624401688,-0.6737253151353818
2024-08-13 00:00:00+05:30,1.5584849107380432,1.5767489405831991,-0.7966352536122806
2024-08-14 00:00:00+05:30,1.5720213417221451,1.5681657585625657,-0.7964814497070223
2024-08-16 00:00:00+05:30,1.5966758120892408,1.6472300470095222,-0.5948180208305687
2024-08-19 00:00:00+05:30,1.7124427325089842,1.7455776704406556,-0.31430582253248524
2024-08-20 00:00:00+05:30,1.784111369263047,1.7823358219982077,-0.6591757986622663
2024-08-21 00:00:00+05:30,1.7647645744441214,1.7956034411249646,-0.7002720484714557
2024-08-22 00:00:00+05:30,1.812219268292269,1.7929254312797234,-0.5289371873408881
2024-08-23 00:00:00+05:30,1.8158696293575112,1.8019323640814615,-0.6055271780106889
2024-08-26 00:00:00+05:30,1.8315660631111947,1.8633994058555932,-0.6332874382462034
2024-08-27 00:00:00+05:30,1.8487228789446903,1.8042448665909674,-0.7975258051169989
2024-08-28 00:00:00+05:30,1.8219535644662481,1.7937776874089013,-0.5824353337304518
2024-08-29 00:00:00+05:30,1.8127058642741103,1.9039314949447215,1.2568770111601915
2024-08-30 00:00:00+05:30,1.9631008589889436,1.848915211905665,1.467244639730733
2024-09-02 00:00:00+05:30,1.8505480594773114,1.8811701942227836,-0.478027582447567
2024-09-03 00:00:00+05:30,1.9010447208798276,1.8464808736175806,-0.49832892956245906
2024-09-04 00:00:00+05:30,1.801024590038478,1.872893681771645,-0.4304871923281358
2024-09-05 00:00:00+05:30,1.8903372327421657,1.7678516280482797,-0.15637661735732503
2024-09-06 00:00:00+05:30,1.7611142133788793,1.6307982635649525,0.04404613522092461
2024-09-09 00:00:00+05:30,1.6345683631171521,1.6192351566965515,-0.6208535258654008
2024-09-10 00:00:00+05:30,1.605365474595215,1.614731987456118,-0.5082884047597463
2024-09-11 00:00:00+05:30,1.6177769398707535,1.565923385915851,-0.5728359722563838
2024-09-12 00:00:00+05:30,1.5883304562907519,1.7037071707497777,0.2332689924300865
2024-09-13 00:00:00+05:30,1.6827532480052059,1.668774178587418,-0.6399970535735979
2024-09-16 00:00:00+05:30,1.6883505871321014,1.6625664970886285,-0.8467905662475071
2024-09-17 00:00:00+05:30,1.6710719737695734,1.6671920964285114,-0.817748777552442
2024-09-18 00:00:00+05:30,1.6516033814216153,1.6241038332727202,-0.6487446666930669
2024-09-19 00:00:00+05:30,1.6333515760954047,1.6544118204160683,-0.1120837819701558
2024-09-20 00:00:00+05:30,1.6710719737695734,1.733527814778812,0.7806075307854962
2024-09-23 00:00:00+05:30,1.753813491248395,1.7697992175429214,-0.632250126312321
2024-09-24 00:00:00+05:30,1.7416456210309212,1.750324511238246,-0.10045935708738658
2024-09-25 00:00:00+05:30,1.7192568586576271,1.77259846884587,-0.7451578164825602
2024-09-26 00:00:00+05:30,1.7521101082448063,1.7920731751505454,0.0072132374599914225
2024-09-27 00:00:00+05:30,1.792750675944311,1.9294920469696077,0.12109215895202845
2024-09-30 00:00:00+05:30,1.8920406157457546,1.6880052133349364,0.5316202666637097
2024-10-01 00:00:00+05:30,1.7034386273749111,1.6307982635649525,-0.14565298903541113
2024-10-03 00:00:00+05:30,1.488918718960276,1.3491454424977591,1.2198626478424297
2024-10-04 00:00:00+05:30,1.330006809227499,1.2495812442434548,1.1760382676471297
2024-10-07 00:00:00+05:30,1.2792665527669183,1.1726559166116386,0.22250937834849102
2024-10-08 00:00:00+05:30,1.1793682194546011,1.3022844304521342,-0.10792774688493574
2024-10-09 00:00:00+05:30,1.2988569426439085,1.191522038344293,-0.28146606346419206
2024-10-10 00:00:00+05:30,1.2136818511215923,1.1742385930914163,0.23386256537003028
2024-10-11 00:00:00+05:30,1.1648885727226648,1.1793503469038709,-0.6868173443097919
2024-10-14 00:00:00+05:30,1.2108828844910005,1.181419772177091,-0.41523947527927624
2024-10-15 00:00:00+05:30,1.1090381672513179,1.042662489756279,0.9640884182194135
2024-10-16 00:00:00+05:30,1.0188741301129798,1.0915923327542532,0.08503980640554126
2024-10-17 00:00:00+05:30,1.143959598294895,1.103034198164947,-0.20251189802755162
2024-10-18 00:00:00+05:30,1.0781318957257922,1.1170316433214322,-0.4241385871663727
2024-10-21 00:00:00+05:30,1.15089552197257,1.165231065968807,-0.2970386768557997
2024-10-22 00:00:00+05:30,1.160994616599358,1.0393758953390166,-0.18405158750049805
2024-10-23 00:00:00+05:30,1.0067062598955059,1.0158847685873504,-0.09550984240434743
2024-10-24 00:00:00+05:30,0.9958769742288119,1.02209245008614,0.2208825914971198
2024-10-25 00:00:00+05:30,1.035909148417443,0.9639114084083996,-0.0069698901930208045
2024-10-28 00:00:00+05:30,1.0042726858520112,0.9955578061534971,-0.504696872267681
2024-10-29 00:00:00+05:30,0.960954949050947,1.0230659476730253,-0.4288827525054637
2024-10-30 00:00:00+05:30,0.9945383896780322,1.042053905184258,-0.4304155409667769
2024-10-31 00:00:00+05:30,1.0188741301129798,0.9843602066208313,-0.6002768428668239
2024-11-01 00:00:00+05:30,0.9850476885621179,1.0164933531593716,-1.0615806653944344
2024-11-04 00:00:00+05:30,1.0084096428990947,0.8387866581292088,0.0698292276851787
2024-11-05 00:00:00+05:30,0.7901181700244729,0.8541231082083148,-0.15616460872688773
2024-11-06 00:00:00+05:30,0.8728596875032946,0.9517397169679774,0.18689942013232438
2024-11-07 00:00:00+05:30,0.9409997607211477,0.8558270261457998,-0.5823272483882052
2024-11-08 00:00:00+05:30,0.8127505274558318,0.7492028902635278,0.07095080520578873
2024-11-11 00:00:00+05:30,0.7217345017485552,0.6954037763685137,-0.6178918081993643
2024-11-12 00:00:00+05:30,0.7051866735602214,0.7029504627899239,-0.5145102913834136
2024-11-13 00:00:00+05:30,0.6793905510454618,0.594866080527324,-0.2607823836605832
2024-11-14 00:00:00+05:30,0.5983524165702289,0.6705736446942269,-0.3901902489924435
2024-11-18 00:00:00+05:30,0.666492489788082,0.6372233290116445,-0.3256478040238745
2024-11-19 00:00:00+05:30,0.6331526442190615,0.5442317252709938,-0.2895893684753059
2024-11-21 00:00:00+05:30,0.5401902345844195,0.4534307882612707,0.04658274708887199
2024-11-22 00:00:00+05:30,0.48056767051879806,0.6598627939550038,0.11305484838086545
2024-11-25 00:00:00+05:30,0.7755167257635045,0.7650260891360766,0.6542104953575297
2024-11-26 00:00:00+05:30,0.7996088711403874,0.807383337620397,-0.6056614522776859
2024-11-27 00:00:00+05:30,0.7925517440679677,0.795211646179975,-0.584839080026621
2024-11-28 00:00:00+05:30,0.7752731307054398,0.6861537663304899,-0.23556808390674125
2024-11-29 00:00:00+05:30,0.7268452448936095,0.7903429696038061,-0.35243247878873274
2024-12-02 00:00:00+05:30,0.7657824295895255,0.8728673941623907,-0.4919032303532642
2024-12-03 00:00:00+05:30,0.9069297241122211,0.941759286579354,-0.11761739291621189
2024-12-04 00:00:00+05:30,0.9507340568951267,0.8718933022546342,0.0577688756637755
2024-12-05 00:00:00+05:30,0.8940316628548414,0.935673440859143,-0.11830630890983163
2024-12-06 00:00:00+05:30,0.9405131647393062,0.8845523368093701,-0.6191108418164786
2024-12-09 00:00:00+05:30,0.8387896508943681,0.8047059220960269,-0.25973425038615605
2024-12-10 00:00:00+05:30,0.7718663646982623,0.7545583156331394,-0.17049167941862634
2024-12-11 00:00:00+05:30,0.7511809853285569,0.7221814975374423,-0.44706695876962216
2024-12-12 00:00:00+05:30,0.6781737640237143,0.6476911025145817,0.1408993742031076
2024-12-13 00:00:00+05:30,0.6295022831538193,0.6961341967191133,0.6354416165459466
2024-12-16 00:00:00+05:30,0.7025095044586619,0.6739820748900677,-0.5903435565942872
2024-12-17 00:00:00+05:30,0.6346130262988735,0.5620025136381843,-0.07962686784338621
2024-12-18 00:00:00+05:30,0.53532308649743,0.6007082546903781,-0.3865054864895304
2024-12-19 00:00:00+05:30,0.5272921733270397,0.48970219102538015,-0.28568939576191277
2024-12-20 00:00:00+05:30,0.45428495202219715,0.36725545059143067,0.10286991791696093
2024-12-23 00:00:00+05:30,0.4104806192392916,0.45002295238630097,-0.5540989171504266
2024-12-24 00:00:00+05:30,0.44601103792803015,0.4522136191172285,-0.7665498138548484
2024-12-26 00:00:00+05:30,0.45550173904394453,0.4220280620733301,-0.5564454191954297
2024-12-27 00:00:00+05:30,0.42654244558007215,0.44393710666608993,-0.74955070445935
2024-12-30 00:00:00+05:30,0.4172947453879345,0.3935458286460455,-0.6331176264407308
2024-12-31 00:00:00+05:30,0.37641058263036503,0.4166720423828475,-0.7876445125043579
2025-01-01 00:00:00+05:30,0.40975042819938556,0.44491060425297524,-0.8204853601098656
2025-01-02 00:00:00+05:30,0.440900294782976,0.5449621456215934,-0.20618628741112585
2025-01-03 00:00:00+05:30,0.5511413177801459,0.5904841527445979,-0.20395632287968232
2025-01-06 00:00:00+05:30,0.6000557995738176,0.4290874053804265,-0.24905608450085062
2025-01-07 00:00:00+05:30,0.4445506558482181,0.5403365462817104,-0.5529667744156752
2025-01-08 00:00:00+05:30,0.5759636541969347,0.6603495427484465,0.04099509347169265
2025-01-09 00:00:00+05:30,0.6635723197627459,0.6080112695546315,-0.3785319513928209
2025-01-10 00:00:00+05:30,0.5995692035919763,0.5454488944150361,-0.6778394735536415
2025-01-13 00:00:00+05:30,0.4834878405441342,0.5354678697055415,-0.316411245600262
2025-01-14 00:00:00+05:30,0.5521145097438286,0.53011244433593,-0.3592864853760596
2025-01-15 00:00:00+05:30,0.5562514667909121,0.5955959065570524,-0.5844478469453851
2025-01-16 00:00:00+05:30,0.6241485390849885,0.6649745477674585,-0.293824610650786
2025-01-17 00:00:00+05:30,0.932482251568916,0.8397601557160941,0.6825723965146959
2025-01-20 00:00:00+05:30,0.9020625760252315,0.8548529342380433,-0.29877803126147745
2025-01-21 00:00:00+05:30,0.8752932615467893,0.7002724529446825,-0.2653066644823315
2025-01-22 00:00:00+05:30,0.7185713307994425,0.7168260721678309,-0.539962916755645
2025-01-23 00:00:00+05:30,0.6781737640237143,0.6513426099467083,-0.6393981019791821
2025-01-24 00:00:00+05:30,0.6587051716757564,0.5668711902143532,-0.2862453821521535
2025-01-27 00:00:00+05:30,0.527778769308881,0.4843467656557686,-0.5871907686312935
2025-01-28 00:00:00+05:30,0.5224250252400502,0.5089338200937698,-0.5211097723573341
2025-01-29 00:00:00+05:30,0.5126907290660712,0.5142892454633813,-0.818208012193788
2025-01-30 00:00:00+05:30,0.5105007500806411,0.5997347571034929,-0.6042718384758887
2025-01-31 00:00:00+05:30,0.6093034997659553,0.6584019532538047,-0.7761740836216496
2025-02-01 00:00:00+05:30,0.6543246195706082,0.6559676149657203,-0.741991389788584
2025-02-03 00:00:00+05:30,0.5856979503709138,0.5649236007197114,-0.6053548689727829
2025-02-04 00:00:00+05:30,0.5713401011680099,0.7562622335706243,-0.12904146291989976
2025-02-05 00:00:00+05:30,0.7397433061509892,0.7221814975374423,-0.5503079902532928
2025-02-06 00:00:00+05:30,0.6961819742918604,0.7384920395243049,-0.5602986488401973
2025-02-07 00:00:00+05:30,0.7081068435855574,0.6661917169115007,-0.636606260150219
2025-02-10 00:00:00+05:30,0.6514044495452721,0.6026558441850199,-0.7514348343145653
2025-02-11 00:00:00+05:30,0.6516480446033367,0.5111244868246972,-0.6304956604488411
2025-02-12 00:00:00+05:30,0.4321391905726797,0.4220280620733301,0.15529630337138114
2025-02-13 00:00:00+05:30,0.42045851047133526,0.4198368010215315,-0.6528105452842803
2025-02-14 00:00:00+05:30,0.42994921158724964,0.4254358979482999,-0.538390620796603
2025-02-17 00:00:00+05:30,0.39149862287317494,0.4626813926201657,-0.6748715448223218
2025-02-18 00:00:00+05:30,0.4584219090692806,0.46511573090825015,-0.7704984505848929
2025-02-19 00:00:00+05:30,0.43238278563074434,0.4750961612968736,-0.7996912257947786
2025-02-20 00:00:00+05:30,0.45404135696413245,0.5021175540229591,-0.6986337359319302
2025-02-21 00:00:00+05:30,0.47716031037733264,0.47850459149271446,-0.7557215578971342
2025-02-24 00:00:00+05:30,0.4180249364278405,0.41229070892099245,-0.7385308019202711
2025-02-25 00:00:00+05:30,0.3910120268913336,0.3609259333140627,-0.45809262415277824
2025-02-27 00:00:00+05:30,0.3997731311016299,0.3760187118360119,-0.46084386994679805
2025-02-28 00:00:00+05:30,0.347207694108428,0.34193797580283003,0.2753967913290811
2025-03-03 00:00:00+05:30,0.35694199028240703,0.20147677544453313,-0.04875422358501886
2025-03-04 00:00:00+05:30,0.15349496259253054,0.1559547683215287,-0.4692859242669777
2025-03-05 00:00:00+05:30,0.14765462254185832,0.22265539968669337,-0.6430214581768734
2025-03-06 00:00:00+05:30,0.3228719536734805,0.388190403276434,-0.2713872333629075
2025-03-07 00:00:00+05:30,0.4153477673262811,0.5839115582309441,-0.14287894799148626
2025-03-10 00:00:00+05:30,0.5564950618489768,0.5284085263984452,-0.43383303556771313
2025-03-11 00:00:00+05:30,0.5321593214140292,0.571739866790522,-0.5517288514763081
2025-03-12 00:00:00+05:30,0.6197679869798403,0.6192094634081682,-0.4308553100014623
2025-03-13 00:00:00+05:30,0.629745878211884,0.5746609538720491,-0.5891596763260433
2025-03-17 00:00:00+05:30,0.5426238086279143,0.5305991931293726,-0.13225277576607664
2025-03-18 00:00:00+05:30,0.5265619822871337,0.5305991931293726,-1.1977973310034167
2025-03-19 00:00:00+05:30,0.5372700645590833,0.5710094464399225,-0.16289304934493418
2025-03-20 00:00:00+05:30,0.5898349074179973,0.678120331115637,-0.17511809064374143
2025-03-21 00:00:00+05:30,0.7025095044586619,0.7131745647357042,0.19686017596162877
2025-03-24 00:00:00+05:30,0.780383873850494,0.8385429865720518,0.10200056087212636
2025-03-25 00:00:00+05:30,0.8616650092495035,0.7574794027146664,-0.319674424043133
2025-03-26 00:00:00+05:30,0.780383873850494,0.6971082886268697,-0.42463195065097536
2025-03-27 00:00:00+05:30,0.7178411397595365,0.7221814975374423,-0.23552684755578937
2025-03-28 00:00:00+05:30,0.7268452448936095,0.7070887190154932,-0.03616240927650311
