Datetime,Open,Close,Volume
2025-03-03 09:15:00+05:30,-2.128671945844789,-2.1799802527937056,-0.9165026799507765
2025-03-03 09:20:00+05:30,-2.163648115401638,-2.2631316022242935,1.0628342899671126
2025-03-03 09:25:00+05:30,-2.253275383800653,-2.3156481033857066,1.0618607287750468
2025-03-03 09:30:00+05:30,-2.299181773125935,-2.370352235616302,0.3346817544866623
2025-03-03 09:35:00+05:30,-2.3647630917365348,-2.3769151288238497,0.2233475127988748
2025-03-03 09:40:00+05:30,-2.36695127049877,-2.4578788471852553,0.2592505499306681
2025-03-03 09:45:00+05:30,-2.4434628088778023,-2.495076588661978,0.3325288386798176
2025-03-03 09:50:00+05:30,-2.478438978434651,-2.495076588661978,0.06337478716601018
2025-03-03 09:55:00+05:30,-2.4828099989377503,-2.4731949357697394,-0.20253406037424448
2025-03-03 10:00:00+05:30,-2.454393028646235,-2.5760376359231767,0.5504482430697057
2025-03-03 10:05:00+05:30,-2.589926686370533,-2.608860115261534,0.22626819637507228
2025-03-03 10:10:00+05:30,-2.5964858856358672,-2.6307417681537726,0.10413771512648977
2025-03-03 10:15:00+05:30,-2.6358330756958153,-2.541027525515637,0.10809528094789556
2025-03-03 10:20:00+05:30,-2.5374610977799166,-2.5650968094770574,-0.11062355173791653
2025-03-03 10:25:00+05:30,-2.5724372673367655,-2.4206784346083263,0.24484501034075104
2025-03-03 10:30:00+05:30,-2.4259733898440348,-2.5082050461772796,-0.3460749727166323
2025-03-03 10:35:00+05:30,-2.5046704384746166,-2.4797605000774934,-0.472986193477473
2025-03-03 10:40:00+05:30,-2.487183687951535,-2.538839894446454,-0.3195434514499279
2025-03-03 10:45:00+05:30,-2.5374610977799166,-2.495076588661978,-0.5328325038287712
2025-03-03 10:50:00+05:30,-2.491554708454634,-2.3966091506469054,0.85934417056207
2025-03-03 10:55:00+05:30,-2.3975537510418343,-2.3812930620624213,1.1402047017755956
2025-03-03 11:00:00+05:30,-2.3735078012534183,-2.416303172469961,0.778609827805392
2025-03-03 11:05:00+05:30,-2.408483970810267,-2.3659743023777304,0.17119471040438938
2025-03-03 11:10:00+05:30,-2.362577581484985,-2.363786671308548,-0.4197569331795652
2025-03-03 11:15:00+05:30,-2.3603920712334356,-2.3506582137932464,0.4900637037666963
2025-03-03 11:20:00+05:30,-2.3297869221796854,-2.311270170147135,-0.1731372614528423
2025-03-03 11:25:00+05:30,-2.30355546213972,-2.3156481033857066,-0.3923943230903656
2025-03-03 11:30:00+05:30,-2.30355546213972,-2.3134578012163174,-0.5636461113142367
2025-03-03 11:35:00+05:30,-2.321042212662802,-2.326588929831826,-0.5204848984659852
2025-03-03 11:40:00+05:30,-2.318856702411252,-2.311270170147135,-0.3293107238971574
2025-03-03 11:45:00+05:30,-2.307926482642819,-2.258753668985722,0.4044298945231179
2025-03-03 11:50:00+05:30,-2.2510898735491036,-2.3047072769395873,-0.3189893922349311
2025-03-03 11:55:00+05:30,-2.307926482642819,-2.3506582137932464,-0.2701688602620693
2025-03-03 12:00:00+05:30,-2.3341606111934703,-2.2937664504934685,1.822243680305026
2025-03-03 12:05:00+05:30,-2.2904397321197374,-2.2631316022242935,0.09911952166494724
2025-03-03 12:10:00+05:30,-2.253275383800653,-2.204049536755126,0.25411362949448335
2025-03-03 12:15:00+05:30,-2.21174001497847,-2.21061510106288,-0.2079480104179276
2025-03-03 12:20:00+05:30,-2.1964387747069374,-2.1624765331400386,-0.05195659600139719
2025-03-03 12:25:00+05:30,-2.1461586963678703,-2.2018619056859436,-0.19025769119624372
2025-03-03 12:30:00+05:30,-2.1920677542038383,-2.1996742746167612,1.6728297402836718
2025-03-03 12:35:00+05:30,-2.1920677542038383,-2.2456252114704203,1.296496891194553
2025-03-03 12:40:00+05:30,-2.237974143529121,-2.219368296439817,-0.3780995953434479
2025-03-03 12:45:00+05:30,-2.213928193740705,-2.1318416848708637,0.44250959285668434
2025-03-03 12:50:00+05:30,-2.128671945844789,-2.1974866435475784,-0.27327950699769427
2025-03-03 12:55:00+05:30,-2.1833230446869547,-2.2324967539551186,-0.47469586191232027
2025-03-03 13:00:00+05:30,-2.218299214243804,-2.212802732132063,-0.6287876447345759
2025-03-03 13:05:00+05:30,-2.2051834842238214,-2.1471577734553478,-0.5312811380267802
2025-03-03 13:10:00+05:30,-2.1330429663478876,-2.105582098740054,-0.11944100838800863
2025-03-03 13:15:00+05:30,-2.102437817294138,-2.088078379086387,0.39230391284633054
2025-03-03 13:20:00+05:30,-2.076206357254172,-2.1252761205631097,-0.22946133822308942
2025-03-03 13:25:00+05:30,-2.119927236327905,-2.182167883862888,-0.5435258466782097
2025-03-03 13:30:00+05:30,-2.1723928249185214,-2.2368720160934834,0.6695155683725201
2025-03-03 13:35:00+05:30,-2.237974143529121,-2.2237435585781817,-0.5129655234053142
2025-03-03 13:40:00+05:30,-2.20955450472692,-2.2237435585781817,-0.3344872199915562
2025-03-03 13:45:00+05:30,-2.2029979739722716,-2.1865458171014596,-0.3097840941343412
2025-03-03 13:50:00+05:30,-2.187694065190054,-2.182167883862888,-0.286774806448688
2025-03-03 13:55:00+05:30,-2.174578335170071,-2.2149903632012453,-0.53229427487706
2025-03-03 14:00:00+05:30,-2.2073689944753707,-2.1559109688322846,-0.4979742640738291
2025-03-03 14:05:00+05:30,-2.1461586963678703,-2.195299012478396,-0.3247595232025407
2025-03-03 14:10:00+05:30,-2.1920677542038383,-2.1384045780784113,-0.21883923155843632
2025-03-03 14:15:00+05:30,-2.1221127465794547,-2.153723337763102,-0.358058482023849
2025-03-03 14:20:00+05:30,-2.150532385381655,-2.09026601015557,-0.3080665105678511
2025-03-03 14:25:00+05:30,-2.084951066771056,-1.9983641364482516,1.2164669951540852
2025-03-03 14:30:00+05:30,-1.9887645991067067,-2.0246210514788547,0.1365185186772319
2025-03-03 14:35:00+05:30,-2.019369748160457,-2.0333742468557916,-0.22054889999328361
2025-03-03 14:40:00+05:30,-2.0237407686635556,-1.989610941071315,0.019588278917976584
2025-03-03 14:45:00+05:30,-1.9734633588351744,-2.0224334204096723,-0.06012501185677873
2025-03-03 14:50:00+05:30,-2.0040658393782387,-1.9983641364482516,-0.4516707439633814
2025-03-03 14:55:00+05:30,-1.9887645991067067,-1.9961738342788626,-0.3029295901316664
2025-03-03 15:00:00+05:30,-1.9931356196098056,-2.0027393985866166,0.9837146340655682
2025-03-03 15:05:00+05:30,-2.0040658393782387,-2.013680225032736,-0.04697797819806871
2025-03-03 15:10:00+05:30,-2.0018803291266893,-2.0071146607249815,-0.003777189691603167
2025-03-03 15:15:00+05:30,-2.0128105488951227,-1.9655416571098943,3.434033597257317
2025-03-03 15:20:00+05:30,-1.9494147405360727,-1.9305288756021477,2.9373511715392477
2025-03-03 15:25:00+05:30,-1.9253687907476569,-1.978670114625196,2.06692414477926
2025-03-04 09:15:00+05:30,-2.1155562158248062,-1.6942086270260983,-0.9165026799507765
2025-03-04 09:20:00+05:30,-1.6783474250874777,-1.4119347704961833,5.790463268902035
2025-03-04 09:25:00+05:30,-1.4072774411281972,-1.471014164865144,3.0569171501355594
2025-03-04 09:30:00+05:30,-1.4772297802418954,-1.309092070342746,3.5517316047859246
2025-03-04 09:35:00+05:30,-1.2979752434438652,-1.2084343301582847,3.9355046776192864
2025-03-04 09:40:00+05:30,-1.217090016051048,-1.1821774151276814,2.966953763883363
2025-03-04 09:45:00+05:30,-1.1799283362426494,-1.1668613265431973,1.3623270410678168
2025-03-04 09:50:00+05:30,-1.1624389172088818,-1.0946508035587283,2.4522802439411837
2025-03-04 09:55:00+05:30,-1.0924865780951836,-1.1143448253817843,0.7000284008555587
2025-03-04 10:00:00+05:30,-1.11434701763205,-1.0815223460434267,3.7359642089040066
2025-03-04 10:05:00+05:30,-1.0837418685783,-1.179989784058499,0.585805136118145
2025-03-04 10:10:00+05:30,-1.1842993567457483,-1.1602957622354433,0.731435643214235
2025-03-04 10:15:00+05:30,-1.158067896705783,-1.0858976081817917,0.3155667115692724
2025-03-04 10:20:00+05:30,-1.0924865780951836,-1.0815223460434267,0.1491035779893023
2025-03-04 10:25:00+05:30,-1.079370848075201,-1.1252856518279033,-0.25320673315152414
2025-03-04 10:30:00+05:30,-1.1165325278835996,-1.0640159552895534,-0.1502704461367597
2025-03-04 10:35:00+05:30,-1.0749971590614162,-1.1055916300048476,-0.2988216368090472
2025-03-04 10:40:00+05:30,-1.1077878183667158,-1.1012163678664826,-0.018095662833449294
2025-03-04 10:45:00+05:30,-1.1121615073805005,-1.10777926107403,0.2601449598063058
2025-03-04 10:50:00+05:30,-1.1012312876120673,-1.1012163678664826,-0.4668836269808653
2025-03-04 10:55:00+05:30,-1.1012312876120673,-1.1099668921432126,-0.1908513260694546
2025-03-04 11:00:00+05:30,-1.1099759971289511,-1.046512235635887,-0.2570376568666449
2025-03-04 11:05:00+05:30,-1.0422064997561167,-1.0749567817356727,0.01759366574398807
2025-03-04 11:10:00+05:30,-1.079370848075201,-1.103403998935665,-0.4105991258688322
2025-03-04 11:15:00+05:30,-1.1056023081151665,-1.1362264782740223,0.38252081013581546
2025-03-04 11:20:00+05:30,-1.1318364366658173,-1.103403998935665,-0.4943412186497786
2025-03-04 11:25:00+05:30,-1.0924865780951836,-1.1143448253817843,-0.26156511216633316
2025-03-04 11:30:00+05:30,-1.1121615073805005,-1.092463172489546,-0.4663928888190109
2025-03-04 11:35:00+05:30,-1.0924865780951836,-1.103403998935665,-0.5979344615908964
2025-03-04 11:40:00+05:30,-1.1121615073805005,-1.1559205000970783,0.2094564567657405
2025-03-04 11:45:00+05:30,-1.1536968762026838,-1.2040590680199197,0.6993160390077057
2025-03-04 11:50:00+05:30,-1.1996032655279663,-1.1887429794354356,-0.06114606383870142
2025-03-04 11:55:00+05:30,-1.1842993567457483,-1.1712365886815623,-0.5560080092789236
2025-03-04 12:00:00+05:30,-1.1711836267257656,-1.1515425668585066,-0.2670028076049447
2025-03-04 12:05:00+05:30,-1.1493231871888991,-1.173424219750745,-0.4078684054520622
2025-03-04 12:10:00+05:30,-1.1711836267257656,-1.1756118508199274,-0.35779728267963623
2025-03-04 12:15:00+05:30,-1.1733691369773152,-1.144979673650959,-0.3241421429344014
2025-03-04 12:20:00+05:30,-1.1471376769373496,-1.118720087520149,-0.14032112566174554
2025-03-04 12:25:00+05:30,-1.1165325278835996,-1.068393888528125,0.3180916385633293
2025-03-04 12:30:00+05:30,-1.055324898286785,-1.0486998667050693,-0.08745596141940708
2025-03-04 12:35:00+05:30,-1.048765699021451,-1.07276915066649,-0.03599177547784625
2025-03-04 12:40:00+05:30,-1.0618814290414336,-1.07276915066649,-0.2837749715560624
2025-03-04 12:45:00+05:30,-1.0706261385583173,-1.077144412804855,-0.2904632577942382
2025-03-04 12:50:00+05:30,-1.0749971590614162,-1.0749567817356727,-0.21006135056655828
2025-03-04 12:55:00+05:30,-1.079370848075201,-1.1099668921432126,0.16215563006829856
2025-03-04 13:00:00+05:30,-1.0990457773605178,-1.1602957622354433,0.1225641415909551
2025-03-04 13:05:00+05:30,-1.168998116474216,-1.14278937148157,0.002198734698719568
2025-03-04 13:10:00+05:30,-1.1449521666858002,-1.1406017404123874,-0.08793878444961858
2025-03-04 13:15:00+05:30,-1.138392967420466,-1.118720087520149,0.41656379133154803
2025-03-04 13:20:00+05:30,-1.11434701763205,-1.138414109343205,-0.13990953881631935
2025-03-04 13:25:00+05:30,-1.1405784776720156,-1.1209077185893317,0.21589937392298914
2025-03-04 13:30:00+05:30,-1.11434701763205,-1.144979673650959,-0.24609894493627935
2025-03-04 13:35:00+05:30,-1.1449521666858002,-1.173424219750745,0.024994313830016886
2025-03-04 13:40:00+05:30,-1.168998116474216,-1.138414109343205,-0.012784609501122732
2025-03-04 13:45:00+05:30,-1.1318364366658173,-1.138414109343205,-0.06785809547180563
2025-03-04 13:50:00+05:30,-1.1362074571689165,-1.118720087520149,-0.3392600443721715
2025-03-04 13:55:00+05:30,-1.1252772374004834,-1.10777926107403,-0.012982487792193022
2025-03-04 14:00:00+05:30,-1.1056023081151665,-1.0837099771126093,0.12494659621544138
2025-03-04 14:05:00+05:30,-1.0924865780951836,-1.0596406931511884,-0.15441797511759295
2025-03-04 14:10:00+05:30,-1.0509512092730002,-1.0180650184358944,1.8339343297414585
2025-03-04 14:15:00+05:30,-1.0094158404508171,-1.0071241919897753,1.672900976468457
2025-03-04 14:20:00+05:30,-1.015975039716151,-1.020252649505077,-0.23755060276204287
2025-03-04 14:25:00+05:30,-1.0181605499677007,-1.0071241919897753,-0.22241687106098715
2025-03-04 14:30:00+05:30,-1.0028593096961684,-1.0333811070203787,-0.21316408217054042
2025-03-04 14:35:00+05:30,-1.0312762799876833,-1.031193475951196,0.26175964666143936
2025-03-04 14:40:00+05:30,-1.0269052594845844,-1.0333811070203787,0.38250497987252985
2025-03-04 14:45:00+05:30,-1.0334644587499187,-1.068393888528125,0.6080862316926595
2025-03-04 14:50:00+05:30,-1.0640669392929831,-1.031193475951196,-0.022923893135564352
2025-03-04 14:55:00+05:30,-1.0356499690014682,-1.057453062082006,0.04254216068213013
2025-03-04 15:00:00+05:30,-1.0531367195245498,-1.0705815195973076,1.146030238664705
2025-03-04 15:05:00+05:30,-1.0706261385583173,-1.068393888528125,1.446702344380188
2025-03-04 15:10:00+05:30,-1.0684406283067678,-1.0880852392509743,2.438373357644764
2025-03-04 15:15:00+05:30,-1.0924865780951836,-1.07276915066649,2.9026274890222337
2025-03-04 15:20:00+05:30,-1.0684406283067678,-1.0640159552895534,1.7028360043415705
2025-03-04 15:25:00+05:30,-1.059695918789884,-1.055262759912617,0.5844833091337954
2025-03-05 09:15:00+05:30,-0.9831843804108515,-0.779554467690456,-0.9165026799507765
2025-03-05 09:20:00+05:30,-0.7776957150621702,-0.8189425113365675,0.7267815458082618
2025-03-05 09:25:00+05:30,-0.8192310838843535,-0.7708012723135194,0.43729352110407155
2025-03-05 09:30:00+05:30,-0.7667654952937369,-0.733603530836797,1.540504569479148
2025-03-05 09:35:00+05:30,-0.7274183052337888,-0.7708012723135194,0.09433086702104623
2025-03-05 09:40:00+05:30,-0.7798812253137197,-0.775179205552091,-0.2953468940178529
2025-03-05 09:45:00+05:30,-0.7733246945590712,-0.7226627043906778,-0.20031782351425723
2025-03-05 09:50:00+05:30,-0.7186735957169051,-0.6592053767831455,0.47546028588570893
2025-03-05 09:55:00+05:30,-0.6530922771063059,-0.6657709410908996,1.5417789056736406
2025-03-05 10:00:00+05:30,-0.6574632976094049,-0.7314158997676145,0.0690657668171917
2025-03-05 10:05:00+05:30,-0.7317893257368878,-0.7226627043906778,-0.36061506954447714
2025-03-05 10:10:00+05:30,-0.7208591059684546,-0.7423567262137335,0.9102463821569912
2025-03-05 10:15:00+05:30,-0.7536497652737543,-0.7904952941365752,0.4728245470486527
2025-03-05 10:20:00+05:30,-0.7951851340959376,-0.8080016848904483,0.13006768638834046
2025-03-05 10:25:00+05:30,-0.7908114450821528,-0.8036237516518767,-0.41056746534226096
2025-03-05 10:30:00+05:30,-0.792999623844388,-0.7686136412443368,0.3607225375915124
2025-03-05 10:35:00+05:30,-0.7645799850421875,-0.7511099215906701,-0.17684945819332093
2025-03-05 10:40:00+05:30,-0.7492787447706553,-0.7073466158061936,0.2858137317239437
2025-03-05 10:45:00+05:30,-0.7055578656969224,-0.7554851837290352,0.3432300966608988
2025-03-05 10:50:00+05:30,-0.74709056600842,-0.7007810514984395,-0.3722186525328389
2025-03-05 10:55:00+05:30,-0.7077433759484719,-0.7139095090137412,-0.3905580125492333
2025-03-05 11:00:00+05:30,-0.7186735957169051,-0.7357911619059794,0.1333128903618932
2025-03-05 11:05:00+05:30,-0.7339748359884374,-0.7664260101751543,0.2656222309031314
2025-03-05 11:10:00+05:30,-0.7645799850421875,-0.7773668366212735,0.29721943642123516
2025-03-05 11:15:00+05:30,-0.7776957150621702,-0.7467319883520985,-0.3149526750970972
2025-03-05 11:20:00+05:30,-0.742719545505321,-0.7664260101751543,-0.4719730566271931
2025-03-05 11:25:00+05:30,-0.7645799850421875,-0.744544357282916,-0.5285425024783674
2025-03-05 11:30:00+05:30,-0.7361603462399868,-0.7226627043906778,-0.5309961932876389
2025-03-05 11:35:00+05:30,-0.7252301264715536,-0.7007810514984395,-0.23816798303018216
2025-03-05 11:40:00+05:30,-0.7077433759484719,-0.7270379665290428,-0.3006816927451079
2025-03-05 11:45:00+05:30,-0.7252301264715536,-0.7357911619059794,-0.4821202553932775
2025-03-05 11:50:00+05:30,-0.7339748359884374,-0.733603530836797,-0.4587072959938409
2025-03-05 11:55:00+05:30,-0.7296038154853384,-0.7554851837290352,-0.03598386034620344
2025-03-05 12:00:00+05:30,-0.738348525002222,-0.7292282686984319,-0.45991039600354827
2025-03-05 12:05:00+05:30,-0.7274183052337888,-0.7204750733214953,-0.6691706463762005
2025-03-05 12:10:00+05:30,-0.7208591059684546,-0.7139095090137412,-0.5553431382209274
2025-03-05 12:15:00+05:30,-0.7121143964515709,-0.6942154871906854,-0.0383504847074041
2025-03-05 12:20:00+05:30,-0.6902539569147045,-0.7073466158061936,-0.5930508253672817
2025-03-05 12:25:00+05:30,-0.6989986664315883,-0.7007810514984395,-0.7207218987658323
2025-03-05 12:30:00+05:30,-0.6946276459284892,-0.6679585721600821,-0.43327597802548734
2025-03-05 12:35:00+05:30,-0.6662080071262886,-0.6679585721600821,-0.45852524796605626
2025-03-05 12:40:00+05:30,-0.6640224968747391,-0.6854649629139553,-0.5638123290787357
2025-03-05 12:45:00+05:30,-0.6858829364116055,-0.7226627043906778,-0.4435023281079999
2025-03-05 12:50:00+05:30,-0.7142999067031205,-0.7139095090137412,-0.5347479656863316
2025-03-05 12:55:00+05:30,-0.7186735957169051,-0.7642383791059718,0.2392252668743548
2025-03-05 13:00:00+05:30,-0.7645799850421875,-0.7554851837290352,-0.0979435108461324
2025-03-05 13:05:00+05:30,-0.742719545505321,-0.7686136412443368,-0.15499577972751818
2025-03-05 13:10:00+05:30,-0.7667654952937369,-0.733603530836797,-0.022488560895209717
2025-03-05 13:15:00+05:30,-0.7317893257368878,-0.6810870296753837,0.48521172806965274
2025-03-05 13:20:00+05:30,-0.6968131561800387,-0.6876525939831378,-0.4936763475917824
2025-03-05 13:25:00+05:30,-0.6858829364116055,-0.6745241364678363,0.8796069075676676
2025-03-05 13:30:00+05:30,-0.6618369866231896,-0.652642483575598,1.8297313948391256
2025-03-05 13:35:00+05:30,-0.6465330778409717,-0.661393007852328,-0.45185279199116607
2025-03-05 13:40:00+05:30,-0.6662080071262886,-0.6788993986062012,0.5401110811441938
2025-03-05 13:45:00+05:30,-0.6771382268947218,-0.6504521814062089,-0.5953778740702683
2025-03-05 13:50:00+05:30,-0.6399765470863231,-0.6460769192678438,-0.2234141776479814
2025-03-05 13:55:00+05:30,-0.633417347820989,-0.6023136134833673,-0.17609752068725384
2025-03-05 14:00:00+05:30,-0.5962556680125903,-0.6307608306833596,-0.46377298024524033
2025-03-05 14:05:00+05:30,-0.6268581485556548,-0.6176297020678514,-0.563883565263521
2025-03-05 14:10:00+05:30,-0.6137424185356721,-0.6241952663756055,-0.54867859737768
2025-03-05 14:15:00+05:30,-0.6203016178010062,-0.6373237238909072,-0.06826968231723184
2025-03-05 14:20:00+05:30,-0.637788368324088,-0.611066808860304,-0.09720740360335092
2025-03-05 14:25:00+05:30,-0.6049977090187884,-0.5651158720066448,0.26065944336308855
2025-03-05 14:30:00+05:30,-0.5525347889388575,-0.5629255698372557,0.15373393000034705
2025-03-05 14:35:00+05:30,-0.554720299190407,-0.5169746329835967,-0.03326105506107626
2025-03-05 14:40:00+05:30,-0.5175559508713228,-0.4753989582683027,0.4749695477238546
2025-03-05 14:45:00+05:30,-0.47383507179758994,-0.49947091332993004,-0.226833514517676
2025-03-05 14:50:00+05:30,-0.4978836900966915,-0.46664843399157263,0.37667944298342054
2025-03-05 14:55:00+05:30,-0.4716495615460404,-0.4513296743068819,-0.008502523282361674
2025-03-05 15:00:00+05:30,-0.449789122009174,-0.45351730537606444,0.503432361111405
2025-03-05 15:05:00+05:30,-0.45416281102295863,-0.44038884786076277,0.7165631108573921
2025-03-05 15:10:00+05:30,-0.44323259125452547,-0.4141319328301595,1.5375838859029505
2025-03-05 15:15:00+05:30,-0.41262744220077535,-0.41194430176097696,3.0573287369809856
2025-03-05 15:20:00+05:30,-0.41262744220077535,-0.4600828696838185,2.3151268428345446
2025-03-05 15:25:00+05:30,-0.45416281102295863,-0.4600828696838185,2.4293026167821017
2025-03-06 09:15:00+05:30,-0.23555841565429453,-0.3594278005995638,-0.9165026799507765
2025-03-06 09:20:00+05:30,-0.3492316338417256,-0.5257278283605333,3.0024927049595873
2025-03-06 09:25:00+05:30,-0.5241151501366569,-0.4557076075454535,2.5725823297802766
2025-03-06 09:30:00+05:30,-0.4519746322607235,-0.5738663962833749,1.3568497699709912
2025-03-06 09:35:00+05:30,-0.5656505189588402,-0.4797768915068743,0.5171334539851118
2025-03-06 09:40:00+05:30,-0.4782087608113746,-0.4753989582683027,0.13412023378946
2025-03-06 09:45:00+05:30,-0.46727854104294136,-0.5454218501835891,0.5931345480193885
2025-03-06 09:50:00+05:30,-0.5394163904081891,-0.48415215364523934,0.4989603117332165
2025-03-06 09:55:00+05:30,-0.4782087608113746,-0.4863397847144218,0.2274475509898512
2025-03-06 10:00:00+05:30,-0.4847652915660231,-0.4819645225760568,0.39525625694909927
2025-03-06 10:05:00+05:30,-0.4782087608113746,-0.4294480214146436,0.6228875278647172
2025-03-06 10:10:00+05:30,-0.4257431722207581,-0.45351730537606444,-0.061573480947413245
2025-03-06 10:15:00+05:30,-0.4410444124922903,-0.40756636852240535,0.020403537477186175
2025-03-06 10:20:00+05:30,-0.40606824293544114,-0.4732113271991202,0.06218751741958845
2025-03-06 10:25:00+05:30,-0.4607193417776072,-0.43820121679158025,-0.0772771021267514
2025-03-06 10:30:00+05:30,-0.43448788173764175,-0.4425764789299453,-0.39620941654220077
2025-03-06 10:35:00+05:30,-0.4410444124922903,-0.3988131731454687,0.14415662071254506
2025-03-06 10:40:00+05:30,-0.38420780339857474,-0.4031911063840403,0.17994884600133898
2025-03-06 10:45:00+05:30,-0.41044193194922585,-0.4338259546532152,-0.149922180344476
2025-03-06 10:50:00+05:30,-0.4279286824723076,-0.44038884786076277,-0.16421690809139367
2025-03-06 10:55:00+05:30,-0.4410444124922903,-0.4819645225760568,-0.2207467782843539
2025-03-06 11:00:00+05:30,-0.48695347032825825,-0.43601358572239773,-0.02461773130712603
2025-03-06 11:05:00+05:30,-0.43448788173764175,-0.416319563899342,0.5522370628209812
2025-03-06 11:10:00+05:30,-0.41262744220077535,-0.36380306273792884,0.30651180096989594
2025-03-06 11:15:00+05:30,-0.366721052875493,-0.3834970845609846,0.4081895820534534
2025-03-06 11:20:00+05:30,-0.38420780339857474,-0.4272603903454611,0.19434647045961323
2025-03-06 11:25:00+05:30,-0.4235576619692086,-0.4491420432376994,0.29231996993433484
2025-03-06 11:30:00+05:30,-0.449789122009174,-0.416319563899342,-0.13141660256358254
2025-03-06 11:35:00+05:30,-0.4082537531869907,-0.4031911063840403,-0.5519871224043753
2025-03-06 11:40:00+05:30,-0.3995117121807926,-0.3878723466993496,-0.5155537714525136
2025-03-06 11:45:00+05:30,-0.38420780339857474,-0.3681809959765004,-0.07491839289719356
2025-03-06 11:50:00+05:30,-0.371092073378592,-0.3725562581148654,-0.652430142951654
2025-03-06 11:55:00+05:30,-0.3732775836301415,-0.37474388918404794,-0.5952433168323404
2025-03-06 12:00:00+05:30,-0.37765127264392623,-0.34848697415344465,-0.09414424765758285
2025-03-06 12:05:00+05:30,-0.3448606133386266,-0.3856847156301671,-0.14780884019584528
2025-03-06 12:10:00+05:30,-0.3885814924123594,-0.37693152025323046,-0.49135721402043864
2025-03-06 12:15:00+05:30,-0.38202229314702524,-0.3856847156301671,-0.3834502243339885
2025-03-06 12:20:00+05:30,-0.38202229314702524,-0.37474388918404794,-0.49640706800855244
2025-03-06 12:25:00+05:30,-0.366721052875493,-0.37912182242261955,-0.23328434680656743
2025-03-06 12:30:00+05:30,-0.38202229314702524,-0.4031911063840403,-0.31496850536038284
2025-03-06 12:35:00+05:30,-0.4016972224323421,-0.3900626488687387,-0.16222229491740517
2025-03-06 12:40:00+05:30,-0.38202229314702524,-0.3988131731454687,-0.5227090504576153
2025-03-06 12:45:00+05:30,-0.3995117121807926,-0.3725562581148654,-0.20019118140797226
2025-03-06 12:50:00+05:30,-0.371092073378592,-0.36599069380711136,-0.23070401389101086
2025-03-06 12:55:00+05:30,-0.366721052875493,-0.40537873745322284,-0.5192659681929922
2025-03-06 13:00:00+05:30,-0.40606824293544114,-0.4010034753148578,-0.36869641895178773
2025-03-06 13:05:00+05:30,-0.3973235334185575,-0.3856847156301671,-0.5989317681778906
2025-03-06 13:10:00+05:30,-0.37983678289547573,-0.3878723466993496,-0.5079235845488432
2025-03-06 13:15:00+05:30,-0.39295251291545846,-0.40537873745322284,-0.5221075004527616
2025-03-06 13:20:00+05:30,-0.39076700266390896,-0.3572401695303813,1.0597157280998448
2025-03-06 13:25:00+05:30,-0.36453287411325785,-0.3725562581148654,0.8121541557076274
2025-03-06 13:30:00+05:30,-0.371092073378592,-0.3594278005995638,1.749733159325229
2025-03-06 13:35:00+05:30,-0.35797634335860934,-0.36380306273792884,-0.43698025963432313
2025-03-06 13:40:00+05:30,-0.35360265434482463,-0.3616154316687463,-0.32448249359504233
2025-03-06 13:45:00+05:30,-0.35797634335860934,-0.3375461477073255,-0.3086838908359904
2025-03-06 13:50:00+05:30,-0.3361159038217429,-0.339733778776508,-0.03946651826904053
2025-03-06 13:55:00+05:30,-0.3383014140732924,-0.3681809959765004,0.019786157209046876
2025-03-06 14:00:00+05:30,-0.366721052875493,-0.3528622362918097,0.031263098091123646
2025-03-06 14:05:00+05:30,-0.3492316338417256,-0.33535851663814303,-0.08190745413779617
2025-03-06 14:10:00+05:30,-0.3339303935701934,-0.3134768637459047,0.09313568214298168
2025-03-06 14:15:00+05:30,-0.3142554642848765,-0.31566449481508724,-0.2528663824908832
2025-03-06 14:20:00+05:30,-0.32300017380176016,-0.293782841922849,0.02933972110192044
2025-03-06 14:25:00+05:30,-0.2967660452511091,-0.34629934308426213,-0.1935741313545818
2025-03-06 14:30:00+05:30,-0.3404869243248419,-0.3309805833995714,0.15754902345218225
2025-03-06 14:35:00+05:30,-0.32955670455640873,-0.3266053212612064,-0.2386112304021796
2025-03-06 14:40:00+05:30,-0.3251856840533097,-0.3375461477073255,-0.0905507778917464
2025-03-06 14:45:00+05:30,-0.34267243457639146,-0.3703686270456829,0.9095577657040667
2025-03-06 14:50:00+05:30,-0.366721052875493,-0.3681809959765004,0.010778737399527309
2025-03-06 14:55:00+05:30,-0.36234736386170835,-0.34848697415344465,0.39372863654203666
2025-03-06 15:00:00+05:30,-0.3448606133386266,-0.36380306273792884,1.4281571909410806
2025-03-06 15:05:00+05:30,-0.36234736386170835,-0.3594278005995638,1.8418494613842702
2025-03-06 15:10:00+05:30,-0.3557908331070598,-0.3703686270456829,1.0335641331519954
2025-03-06 15:15:00+05:30,-0.366721052875493,-0.37474388918404794,1.6157774714022861
2025-03-06 15:20:00+05:30,-0.371092073378592,-0.3725562581148654,1.0360732298827666
2025-03-06 15:25:00+05:30,-0.36016185361015884,-0.420694826037707,0.7854089258865672
2025-03-07 09:15:00+05:30,-0.3383014140732924,-0.3090989305073331,-0.9165026799507765
2025-03-07 09:20:00+05:30,-0.3361159038217429,-0.4141319328301595,1.029416604171162
2025-03-07 09:25:00+05:30,-0.421372151717659,-0.4907177179529934,0.2926286600684045
2025-03-07 09:30:00+05:30,-0.49569551133445633,-0.4447667810993344,0.35704991650924783
2025-03-07 09:35:00+05:30,-0.44541810150607497,-0.5257278283605333,-0.14930480007633667
2025-03-07 09:40:00+05:30,-0.5328598596535407,-0.49728061116054095,-0.21471544797253148
2025-03-07 09:45:00+05:30,-0.49569551133445633,-0.53448102373747,-0.22802869939574055
2025-03-07 09:50:00+05:30,-0.5263006603882064,-0.5169746329835967,-0.5265637195676645
2025-03-07 09:55:00+05:30,-0.5241151501366569,-0.5125993708452317,-0.5902330385024408
2025-03-07 10:00:00+05:30,-0.5153704406197732,-0.45351730537606444,0.05013277192758643
2025-03-07 10:05:00+05:30,-0.45416281102295863,-0.43601358572239773,-0.29740482824498393
2025-03-07 10:10:00+05:30,-0.43448788173764175,-0.43601358572239773,-0.5002300765920304
2025-03-07 10:15:00+05:30,-0.43448788173764175,-0.416319563899342,-0.1011570542931139
2025-03-07 10:20:00+05:30,-0.41699846270387436,-0.457895238614636,-0.09714408255020844
2025-03-07 10:25:00+05:30,-0.4607193417776072,-0.48415215364523934,-0.47455338954274967
2025-03-07 10:30:00+05:30,-0.4803942710629241,-0.4557076075454535,-0.2786301359882349
2025-03-07 10:35:00+05:30,-0.45416281102295863,-0.4469544121685169,-0.5178649898922146
2025-03-07 10:40:00+05:30,-0.44541810150607497,-0.4491420432376994,-0.5494305348837472
2025-03-07 10:45:00+05:30,-0.4585338315260577,-0.40975399959158787,-0.3402652660908086
2025-03-07 10:50:00+05:30,-0.421372151717659,-0.4600828696838185,0.5187798013668167
2025-03-07 10:55:00+05:30,-0.449789122009174,-0.4491420432376994,-0.5294923182755048
2025-03-07 11:00:00+05:30,-0.4563483212745082,-0.4141319328301595,-0.3475392720705524
2025-03-07 11:05:00+05:30,-0.4082537531869907,-0.40537873745322284,-0.19702512875084763
2025-03-07 11:10:00+05:30,-0.4016972224323421,-0.3834970845609846,-0.38162974405614186
2025-03-07 11:15:00+05:30,-0.3885814924123594,-0.3375461477073255,0.1950904928340375
2025-03-07 11:20:00+05:30,-0.3448606133386266,-0.33535851663814303,0.06953275958411759
2025-03-07 11:25:00+05:30,-0.33174221480795824,-0.31785212588426975,0.10316415393442395
2025-03-07 11:30:00+05:30,-0.3055107547679928,-0.293782841922849,-0.43631538857632696
2025-03-07 11:35:00+05:30,-0.2945805349995596,-0.2959704729920315,-0.4633693085314569
2025-03-07 11:40:00+05:30,-0.2967660452511091,-0.3134768637459047,-0.4011801192138864
2025-03-07 11:45:00+05:30,-0.3055107547679928,-0.3856847156301671,0.14546261743360897
2025-03-07 11:50:00+05:30,-0.38202229314702524,-0.37912182242261955,-0.46942438423820776
2025-03-07 11:55:00+05:30,-0.39076700266390896,-0.37912182242261955,-0.5931458069469954
2025-03-07 12:00:00+05:30,-0.37765127264392623,-0.416319563899342,-0.27797318006188154
2025-03-07 12:05:00+05:30,-0.41481295245232486,-0.4294480214146436,-0.009333612104856889
2025-03-07 12:10:00+05:30,-0.4235576619692086,-0.41194430176097696,-0.43191457538292377
2025-03-07 12:15:00+05:30,-0.40388273268389163,-0.4185071949685245,-0.5326662860642722
2025-03-07 12:20:00+05:30,-0.43448788173764175,-0.40975399959158787,-0.45276303213008945
2025-03-07 12:25:00+05:30,-0.41044193194922585,-0.3725562581148654,-0.43171669709185345
2025-03-07 12:30:00+05:30,-0.371092073378592,-0.3222273880226348,-0.1690847140517228
2025-03-07 12:35:00+05:30,-0.316440974536426,-0.30472366836896814,-0.4558261880758575
2025-03-07 12:40:00+05:30,-0.30332524451644327,-0.3025360372997856,-0.44826723735697244
2025-03-07 12:45:00+05:30,-0.30113973426489377,-0.3375461477073255,-0.5387767676925227
2025-03-07 12:50:00+05:30,-0.3448606133386266,-0.3703686270456829,-0.4455760925984165
2025-03-07 12:55:00+05:30,-0.3689065631270425,-0.34848697415344465,-0.355201119500794
2025-03-07 13:00:00+05:30,-0.3470461235901761,-0.39443791100710374,-0.3868616460720403
2025-03-07 13:05:00+05:30,-0.39295251291545846,-0.4031911063840403,-0.47814685930858614
2025-03-07 13:10:00+05:30,-0.39076700266390896,-0.4338259546532152,-0.29029704002973916
2025-03-07 13:15:00+05:30,-0.4235576619692086,-0.4141319328301595,-0.11714562021159328
2025-03-07 13:20:00+05:30,-0.40606824293544114,-0.3834970845609846,-0.36445390839124076
2025-03-07 13:25:00+05:30,-0.3732775836301415,-0.36380306273792884,-0.37122926107748744
2025-03-07 13:30:00+05:30,-0.36234736386170835,-0.3550498673609922,-0.44130192151129827
2025-03-07 13:35:00+05:30,-0.35360265434482463,-0.339733778776508,-0.40835122848227373
2025-03-07 13:40:00+05:30,-0.3383014140732924,-0.3419214098456905,-0.21861760787243759
2025-03-07 13:45:00+05:30,-0.35360265434482463,-0.35067460522262717,-0.48480348502019066
2025-03-07 13:50:00+05:30,-0.36016185361015884,-0.4031911063840403,-0.28221569062242857
2025-03-07 13:55:00+05:30,-0.40388273268389163,-0.45351730537606444,-0.20153675378725022
2025-03-07 14:00:00+05:30,-0.449789122009174,-0.4185071949685245,-0.3836718480199872
2025-03-07 14:05:00+05:30,-0.41262744220077535,-0.4031911063840403,-0.42936590299393845
2025-03-07 14:10:00+05:30,-0.3995117121807926,-0.40975399959158787,-0.4481801709089015
2025-03-07 14:15:00+05:30,-0.39513802316700797,-0.3834970845609846,-0.40235155869702255
2025-03-07 14:20:00+05:30,-0.38639331365012425,-0.3856847156301671,-0.40446489884565323
2025-03-07 14:25:00+05:30,-0.39076700266390896,-0.35067460522262717,-0.2909223354295213
2025-03-07 14:30:00+05:30,-0.3492316338417256,-0.31128656157651563,-0.1629979778184007
2025-03-07 14:35:00+05:30,-0.30988177527109184,-0.3309805833995714,-0.33660056014018686
2025-03-07 14:40:00+05:30,-0.32955670455640873,-0.3090989305073331,-0.2708179010567799
2025-03-07 14:45:00+05:30,-0.3076962650195423,-0.32003975695345227,-0.3528107497446649
2025-03-07 14:50:00+05:30,-0.316440974536426,-0.31128656157651563,-0.2563807009402916
2025-03-07 14:55:00+05:30,-0.3055107547679928,-0.29159521085366646,-0.08239027716800768
2025-03-07 15:00:00+05:30,-0.2880213357342254,-0.3309805833995714,0.5171809447749687
2025-03-07 15:05:00+05:30,-0.3383014140732924,-0.3222273880226348,1.2013649239796007
2025-03-07 15:10:00+05:30,-0.316440974536426,-0.3244176901920239,0.4835178898980911
2025-03-07 15:15:00+05:30,-0.3251856840533097,-0.34848697415344465,0.9290448198086687
2025-03-07 15:20:00+05:30,-0.3470461235901761,-0.3222273880226348,1.2254744149636048
2025-03-07 15:25:00+05:30,-0.32300017380176016,-0.3725562581148654,0.4176402492349704
2025-03-10 09:15:00+05:30,-0.3383014140732924,-0.2390787096922533,-0.9165026799507765
2025-03-10 09:20:00+05:30,-0.23774392590584403,-0.2522071672075549,0.19480554809489628
2025-03-10 09:25:00+05:30,-0.23992943615739357,-0.21938468786919754,0.08533927747481229
2025-03-10 09:30:00+05:30,-0.21806899662052714,-0.293782841922849,0.1692238426253293
2025-03-10 09:35:00+05:30,-0.2923950247480101,-0.2631479936536741,-0.46111349601325563
2025-03-10 09:40:00+05:30,-0.27272009546269316,-0.12310488092330783,0.9199424184194354
2025-03-10 09:45:00+05:30,-0.11969701870462829,-0.13842364060799855,0.8630721975658343
2025-03-10 09:50:00+05:30,-0.13499825897616052,-0.175621382084721,-0.03598386034620344
2025-03-10 09:55:00+05:30,-0.18090731681212852,-0.17780901315390352,-0.2802606531066541
2025-03-10 10:00:00+05:30,-0.17434811754679433,-0.24345397183061832,0.3492772572360069
2025-03-10 10:05:00+05:30,-0.23992943615739357,-0.2325131453844992,-0.18159062204736506
2025-03-10 10:10:00+05:30,-0.23774392590584403,-0.2697135579614282,-0.20304062879938442
2025-03-10 10:15:00+05:30,-0.27053458521114365,-0.3134768637459047,-0.035049874812351674
2025-03-10 10:20:00+05:30,-0.312069954033327,-0.3287929523303889,-0.36124828007590204
2025-03-10 10:25:00+05:30,-0.33174221480795824,-0.3616154316687463,0.3598281277158747
2025-03-10 10:30:00+05:30,-0.36016185361015884,-0.33316821446875394,-0.0008723363786913208
2025-03-10 10:35:00+05:30,-0.3361159038217429,-0.2828420154767298,-0.16439895611917835
2025-03-10 10:40:00+05:30,-0.2770911159657922,-0.2719011890306107,-0.5958686122321226
2025-03-10 10:45:00+05:30,-0.2770911159657922,-0.2062562303538959,1.073021064391411
2025-03-10 10:50:00+05:30,-0.19620855708366072,-0.21719705680001503,0.6364857240270675
2025-03-10 10:55:00+05:30,-0.21588348636897764,-0.2084438614230784,-0.31234068165496937
2025-03-10 11:00:00+05:30,-0.2027677563489949,-0.25439479827673744,-0.47099949543512726
2025-03-10 11:05:00+05:30,-0.2574188551911609,-0.26096036258449157,-0.5986072477805354
2025-03-10 11:10:00+05:30,-0.2574188551911609,-0.2806543844075473,-0.5698119988639869
2025-03-10 11:15:00+05:30,-0.27272009546269316,-0.2522071672075549,-0.6491295330566016
2025-03-10 11:20:00+05:30,-0.24648863542272775,-0.2522071672075549,-0.6243868315411727
2025-03-10 11:25:00+05:30,-0.25085965592582676,-0.2631479936536741,-0.595939848416908
2025-03-10 11:30:00+05:30,-0.266160896197359,-0.24564160289980083,-0.7664951050562115
2025-03-10 11:35:00+05:30,-0.22462819588586133,-0.2347007764536817,-0.6899241215436525
2025-03-10 11:40:00+05:30,-0.23118472664050987,-0.22813788324613415,-0.7591815234182537
2025-03-10 11:45:00+05:30,-0.22681370613741084,-0.25877273151530905,-0.6423383501070693
2025-03-10 11:50:00+05:30,-0.2574188551911609,-0.2784640822381582,-0.6109469380116787
2025-03-10 11:55:00+05:30,-0.2770911159657922,-0.298158104061214,-0.6384836809970201
2025-03-10 12:00:00+05:30,-0.2967660452511091,-0.339733778776508,-0.11992383141822013
2025-03-10 12:05:00+05:30,-0.34267243457639146,-0.3244176901920239,-0.470002188848133
2025-03-10 12:10:00+05:30,-0.3273711943048592,-0.3616154316687463,-0.5780595660357966
2025-03-10 12:15:00+05:30,-0.35797634335860934,-0.3616154316687463,-0.2419593310870889
2025-03-10 12:20:00+05:30,-0.36453287411325785,-0.33316821446875394,-0.4173982239500073
2025-03-10 12:25:00+05:30,-0.3361159038217429,-0.31785212588426975,-0.42513130756503426
2025-03-10 12:30:00+05:30,-0.30332524451644327,-0.293782841922849,-0.6624665298747391
2025-03-10 12:35:00+05:30,-0.30332524451644327,-0.3244176901920239,-0.6487654370010323
2025-03-10 12:40:00+05:30,-0.320811995039525,-0.3375461477073255,0.035719317206026564
2025-03-10 12:45:00+05:30,-0.3273711943048592,-0.3309805833995714,-0.6477997909406092
2025-03-10 12:50:00+05:30,-0.3251856840533097,-0.34410904091487304,-0.5778537726130835
2025-03-10 12:55:00+05:30,-0.3404869243248419,-0.339733778776508,-0.7264207935486566
2025-03-10 13:00:00+05:30,-0.34267243457639146,-0.3266053212612064,-0.6193132321581305
2025-03-10 13:05:00+05:30,-0.3273711943048592,-0.32003975695345227,-0.5184427945021398
2025-03-10 13:10:00+05:30,-0.316440974536426,-0.33316821446875394,-0.7007124459728047
2025-03-10 13:15:00+05:30,-0.33174221480795824,-0.34848697415344465,-0.7032848637567184
2025-03-10 13:20:00+05:30,-0.3470461235901761,-0.3528622362918097,-0.5864891812353908
2025-03-10 13:25:00+05:30,-0.3448606133386266,-0.34848697415344465,-0.6986703420089593
2025-03-10 13:30:00+05:30,-0.34267243457639146,-0.3550498673609922,-0.7514326095399412
2025-03-10 13:35:00+05:30,-0.3514171440932751,-0.3594278005995638,-0.5214426293947654
2025-03-10 13:40:00+05:30,-0.35797634335860934,-0.3572401695303813,-0.2775695083480981
2025-03-10 13:45:00+05:30,-0.3514171440932751,-0.38130945349180206,-0.4737935369050398
2025-03-10 13:50:00+05:30,-0.38420780339857474,-0.36599069380711136,-0.6436839224863473
2025-03-10 13:55:00+05:30,-0.36234736386170835,-0.3594278005995638,-0.29692992034641524
2025-03-10 14:00:00+05:30,-0.35797634335860934,-0.36599069380711136,-0.5044488417576489
2025-03-10 14:05:00+05:30,-0.36453287411325785,-0.3572401695303813,-0.6019236879388734
2025-03-10 14:10:00+05:30,-0.3557908331070598,-0.36599069380711136,-0.5250677596871731
2025-03-10 14:15:00+05:30,-0.36453287411325785,-0.4141319328301595,0.8885272609291163
2025-03-10 14:20:00+05:30,-0.41262744220077535,-0.5169746329835967,1.1424446840305114
2025-03-10 14:25:00+05:30,-0.5153704406197732,-0.5366686548066525,0.18487997301481057
2025-03-10 14:30:00+05:30,-0.5416045691704243,-0.5497971123219542,0.5264179034021298
2025-03-10 14:35:00+05:30,-0.5481610999250729,-0.5213525662221683,-0.22908141190423448
2025-03-10 14:40:00+05:30,-0.5219296398851074,-0.53448102373747,0.3057756937271145
2025-03-10 14:45:00+05:30,-0.5372308801566397,-0.5629255698372557,0.9063996281785848
2025-03-10 14:50:00+05:30,-0.5634650087072908,-0.5301030904988984,0.5909816322125437
2025-03-10 14:55:00+05:30,-0.5131849303682238,-0.5191622640527792,-0.2844398426140586
2025-03-10 15:00:00+05:30,-0.5175559508713228,-0.49728061116054095,0.32251619715166097
2025-03-10 15:05:00+05:30,-0.49569551133445633,-0.47102369612993766,0.6992764633494917
2025-03-10 15:10:00+05:30,-0.449789122009174,-0.49509298009135844,0.8948197905851515
2025-03-10 15:15:00+05:30,-0.48695347032825825,-0.5257278283605333,0.8890892352757559
2025-03-10 15:20:00+05:30,-0.5241151501366569,-0.5519847433911367,0.7740586271107753
2025-03-10 15:25:00+05:30,-0.5503466101766223,-0.5651158720066448,-0.07291586459156223
2025-03-11 09:15:00+05:30,-0.7230446162200042,-0.6460769192678438,-0.9165026799507765
2025-03-11 09:20:00+05:30,-0.6399765470863231,-0.615442070998669,1.1732345461210485
2025-03-11 09:25:00+05:30,-0.6181161075494568,-0.580431960591129,0.33763409858943105
2025-03-11 09:30:00+05:30,-0.5896964687472561,-0.5257278283605333,0.24963366498465203
2025-03-11 09:35:00+05:30,-0.5153704406197732,-0.5235401972913508,-0.21182642492290527
2025-03-11 09:40:00+05:30,-0.5066257311028896,-0.5476094812527716,-0.34510932665620925
2025-03-11 09:45:00+05:30,-0.5437900794219738,-0.5366686548066525,-0.4445867011430651
2025-03-11 09:50:00+05:30,-0.5437900794219738,-0.5497971123219542,-0.25446523908273116
2025-03-11 09:55:00+05:30,-0.5569058094419566,-0.5060338065374775,-0.2988216368090472
2025-03-11 10:00:00+05:30,-0.5066257311028896,-0.5585503076988907,-0.17094476998778352
2025-03-11 10:05:00+05:30,-0.5634650087072908,-0.5497971123219542,-0.4732632230849714
2025-03-11 10:10:00+05:30,-0.5481610999250729,-0.5235401972913508,-0.631724158574059
2025-03-11 10:15:00+05:30,-0.5241151501366569,-0.5497971123219542,-0.6777823096035795
2025-03-11 10:20:00+05:30,-0.5503466101766223,-0.5541750455605258,-0.6538390363840745
2025-03-11 10:25:00+05:30,-0.5394163904081891,-0.4447667810993344,0.5289428303961867
2025-03-11 10:30:00+05:30,-0.43885890224074076,-0.4753989582683027,0.15279994446649528
2025-03-11 10:35:00+05:30,-0.47383507179758994,-0.37693152025323046,-0.18493872273227435
2025-03-11 10:40:00+05:30,-0.37765127264392623,-0.3878723466993496,-0.4559686604454281
2025-03-11 10:45:00+05:30,-0.38202229314702524,-0.39443791100710374,-0.5696932718893447
2025-03-11 10:50:00+05:30,-0.39076700266390896,-0.35067460522262717,-0.49396920746256645
2025-03-11 10:55:00+05:30,-0.3470461235901761,-0.36599069380711136,-0.4557470367594294
2025-03-11 11:00:00+05:30,-0.35360265434482463,-0.30691129943815065,0.3222787432023766
2025-03-11 11:05:00+05:30,-0.3055107547679928,-0.3244176901920239,-0.3649683919480235
2025-03-11 11:10:00+05:30,-0.32300017380176016,-0.3725562581148654,-0.5270782031244472
2025-03-11 11:15:00+05:30,-0.3732775836301415,-0.416319563899342,-0.5350249952938301
2025-03-11 11:20:00+05:30,-0.41699846270387436,-0.40756636852240535,-0.619542770975772
2025-03-11 11:25:00+05:30,-0.4082537531869907,-0.416319563899342,-0.5673503929230725
2025-03-11 11:30:00+05:30,-0.41481295245232486,-0.4250727592762786,-0.6036333563737207
2025-03-11 11:35:00+05:30,-0.4257431722207581,-0.39443791100710374,-0.7059760085152743
2025-03-11 11:40:00+05:30,-0.3973235334185575,-0.41194430176097696,-0.7408896541917162
2025-03-11 11:45:00+05:30,-0.41044193194922585,-0.40975399959158787,-0.731905979777125
2025-03-11 11:50:00+05:30,-0.4082537531869907,-0.3834970845609846,-0.644744550126484
2025-03-11 11:55:00+05:30,-0.3973235334185575,-0.3966255420762862,-0.7246715494555953
2025-03-11 12:00:00+05:30,-0.40388273268389163,-0.4250727592762786,-0.69506895711148
2025-03-11 12:05:00+05:30,-0.421372151717659,-0.43820121679158025,-0.5158070556650836
2025-03-11 12:10:00+05:30,-0.43448788173764175,-0.4469544121685169,-0.5958052911789801
2025-03-11 12:15:00+05:30,-0.43885890224074076,-0.43601358572239773,-0.6526121909794387
2025-03-11 12:20:00+05:30,-0.4301141927238571,-0.4272603903454611,-0.7250673060377358
2025-03-11 12:25:00+05:30,-0.44541810150607497,-0.4316356524838261,-0.5944597187997022
2025-03-11 12:30:00+05:30,-0.43230237148609224,-0.43820121679158025,-0.67150561021083
2025-03-11 12:35:00+05:30,-0.4257431722207581,-0.4228851282070961,-0.6851908728212511
2025-03-11 12:40:00+05:30,-0.40606824293544114,-0.4010034753148578,-0.614793691990085
2025-03-11 12:45:00+05:30,-0.40606824293544114,-0.43601358572239773,-0.6763655010395162
2025-03-11 12:50:00+05:30,-0.43230237148609224,-0.43820121679158025,-0.7066329644416277
2025-03-11 12:55:00+05:30,-0.4235576619692086,-0.45351730537606444,-0.5915548654867903
2025-03-11 13:00:00+05:30,-0.4519746322607235,-0.44038884786076277,0.10815068686939523
2025-03-11 13:05:00+05:30,-0.43885890224074076,-0.4447667810993344,-0.056396984853014476
2025-03-11 13:10:00+05:30,-0.44541810150607497,-0.4600828696838185,-0.5774263555043716
2025-03-11 13:15:00+05:30,-0.4585338315260577,-0.45351730537606444,-0.24481669361014388
2025-03-11 13:20:00+05:30,-0.4563483212745082,-0.44038884786076277,-0.5771572410285161
2025-03-11 13:25:00+05:30,-0.44323259125452547,-0.43601358572239773,-0.5624509264361721
2025-03-11 13:30:00+05:30,-0.43230237148609224,-0.46445813182218354,-0.5946892576173437
2025-03-11 13:35:00+05:30,-0.46727854104294136,-0.4425764789299453,-0.6001190379243124
2025-03-11 13:40:00+05:30,-0.44323259125452547,-0.4513296743068819,-0.6068548149523451
2025-03-11 13:45:00+05:30,-0.4519746322607235,-0.4491420432376994,-0.4343207754023385
2025-03-11 13:50:00+05:30,-0.44541810150607497,-0.420694826037707,-0.3460908029799179
2025-03-11 13:55:00+05:30,-0.41481295245232486,-0.4010034753148578,-0.5662264442297933
2025-03-11 14:00:00+05:30,-0.39513802316700797,-0.40756636852240535,-0.6503642935928803
2025-03-11 14:05:00+05:30,-0.40388273268389163,-0.4272603903454611,-0.520706522151984
2025-03-11 14:10:00+05:30,-0.4235576619692086,-0.4141319328301595,-0.6098863103715418
2025-03-11 14:15:00+05:30,-0.3995117121807926,-0.3988131731454687,-0.60526387349214
2025-03-11 14:20:00+05:30,-0.3995117121807926,-0.37912182242261955,-0.662601087112667
2025-03-11 14:25:00+05:30,-0.37983678289547573,-0.416319563899342,-0.18832639907539772
2025-03-11 14:30:00+05:30,-0.40606824293544114,-0.4185071949685245,-0.5596410547029741
2025-03-11 14:35:00+05:30,-0.41262744220077535,-0.43820121679158025,-0.6027310313664402
2025-03-11 14:40:00+05:30,-0.43448788173764175,-0.4425764789299453,-0.5923068029928574
2025-03-11 14:45:00+05:30,-0.43448788173764175,-0.4316356524838261,-0.4643903605133796
2025-03-11 14:50:00+05:30,-0.43667339198919125,-0.4732113271991202,0.14135466411098976
2025-03-11 14:55:00+05:30,-0.46509303079139186,-0.43820121679158025,-0.44798229261783123
2025-03-11 15:00:00+05:30,-0.4301141927238571,-0.4557076075454535,0.05011694166430081
2025-03-11 15:05:00+05:30,-0.45416281102295863,-0.4753989582683027,0.15503201158976815
2025-03-11 15:10:00+05:30,-0.47383507179758994,-0.46664843399157263,0.08917020118993309
2025-03-11 15:15:00+05:30,-0.46509303079139186,-0.46883606506075515,0.43567091911729516
2025-03-11 15:20:00+05:30,-0.46509303079139186,-0.4819645225760568,0.14306433254583706
2025-03-11 15:25:00+05:30,-0.47383507179758994,-0.4819645225760568,-0.25874732530149225
2025-03-12 09:15:00+05:30,-0.3995117121807926,-0.2390787096922533,-0.9165026799507765
2025-03-12 09:20:00+05:30,-0.23118472664050987,-0.2653356247228566,0.49849331896629057
2025-03-12 09:25:00+05:30,-0.27272009546269316,-0.34410904091487304,-0.16626692718688188
2025-03-12 09:30:00+05:30,-0.3470461235901761,-0.36599069380711136,0.21356441008835972
2025-03-12 09:35:00+05:30,-0.366721052875493,-0.36599069380711136,-0.3385793430508897
2025-03-12 09:40:00+05:30,-0.366721052875493,-0.3834970845609846,-0.3935736777051445
2025-03-12 09:45:00+05:30,-0.38202229314702524,-0.3550498673609922,0.25970171243430834
2025-03-12 09:50:00+05:30,-0.3689065631270425,-0.3419214098456905,-0.3997158198599663
2025-03-12 09:55:00+05:30,-0.3492316338417256,-0.38130945349180206,-0.623531997323749
2025-03-12 10:00:00+05:30,-0.37983678289547573,-0.46664843399157263,-0.13594405786327074
2025-03-12 10:05:00+05:30,-0.46509303079139186,-0.46664843399157263,-0.5154746201360855
2025-03-12 10:10:00+05:30,-0.4760232505598251,-0.5322933926682875,-0.34619369969127445
2025-03-12 10:15:00+05:30,-0.5306743494019911,-0.5213525662221683,-0.25430693644987495
2025-03-12 10:20:00+05:30,-0.5131849303682238,-0.5279154594297158,-0.6335050631936916
2025-03-12 10:25:00+05:30,-0.5328598596535407,-0.538856285875835,-0.6498339797728119
2025-03-12 10:30:00+05:30,-0.5394163904081891,-0.4929053490221759,-0.5700731982081997
2025-03-12 10:35:00+05:30,-0.4891389805798078,-0.462270500753001,-0.4029293633069478
2025-03-12 10:40:00+05:30,-0.449789122009174,-0.4425764789299453,-0.6959633669871177
2025-03-12 10:45:00+05:30,-0.44541810150607497,-0.5147870019144142,-0.25075304234225254
2025-03-12 10:50:00+05:30,-0.5022547105997905,-0.5651158720066448,-0.32889122192008835
2025-03-12 10:55:00+05:30,-0.5612768299450556,-0.5869975248988831,-0.44415928403435323
2025-03-12 11:00:00+05:30,-0.5875109584957067,-0.584807222729494,-0.3664326913019436
2025-03-12 11:05:00+05:30,-0.5809517592303725,-0.5607379387680732,-0.617484836748641
2025-03-12 11:10:00+05:30,-0.5634650087072908,-0.576056698452764,-0.7386575870684433
2025-03-12 11:15:00+05:30,-0.578766248978823,-0.5432342191144066,0.23410417670145572
2025-03-12 11:20:00+05:30,-0.5459755896735233,-0.6066888756217323,0.608529479064657
2025-03-12 11:25:00+05:30,-0.6049977090187884,-0.6788993986062012,0.1184641033999787
2025-03-12 11:30:00+05:30,-0.6749527166431722,-0.7204750733214953,0.3867474904330768
2025-03-12 11:35:00+05:30,-0.7208591059684546,-0.7598604458674002,-0.1905742964619562
2025-03-12 11:40:00+05:30,-0.7580207857768533,-0.7948732273751467,0.18856842436036078
2025-03-12 11:45:00+05:30,-0.7776957150621702,-0.8101893159596308,-0.5097519799583328
2025-03-12 11:50:00+05:30,-0.8061153538643707,-0.8080016848904483,-0.6446416534151275
2025-03-12 11:55:00+05:30,-0.8126718846190193,-0.8189425113365675,-0.2645807773222444
2025-03-12 12:00:00+05:30,-0.8192310838843535,-0.8233177734749325,-0.5525728421459433
2025-03-12 12:05:00+05:30,-0.8301613036527867,-0.7817420987596385,-0.6847476254492537
2025-03-12 12:10:00+05:30,-0.7755102048106207,-0.7598604458674002,-0.6698434325658396
2025-03-12 12:15:00+05:30,-0.742719545505321,-0.816754880267385,-0.5351753827950435
2025-03-12 12:20:00+05:30,-0.817045573632804,-0.8320709688518692,-0.5944597187997022
2025-03-12 12:25:00+05:30,-0.8148600633812545,-0.7992484895135117,-0.5623876053830297
2025-03-12 12:30:00+05:30,-0.792999623844388,-0.7839324009290276,-0.671671827975329
2025-03-12 12:35:00+05:30,-0.7864404245790538,-0.825505404544115,-0.6795869596181405
2025-03-12 12:40:00+05:30,-0.821416594135903,-0.8911503632208299,-0.20917485582256337
2025-03-12 12:45:00+05:30,-0.8891834229980518,-0.9283507757977588,-0.2414606777935918
2025-03-12 12:50:00+05:30,-0.9263477713171361,-0.8473870574363533,-0.5844866529297595
2025-03-12 12:55:00+05:30,-0.845462543924319,-0.8430117952979883,-0.4393152234689526
2025-03-12 13:00:00+05:30,-0.8498362329381036,-0.8080016848904483,-0.388721702008101
2025-03-12 13:05:00+05:30,-0.7951851340959376,-0.779554467690456,-0.6416655639174303
2025-03-12 13:10:00+05:30,-0.7755102048106207,-0.740169095144551,-0.5352466189798288
2025-03-12 13:15:00+05:30,-0.738348525002222,-0.6635833100217171,0.03647125471209366
2025-03-12 13:20:00+05:30,-0.6683935173778381,-0.661393007852328,-0.4586439749406984
2025-03-12 13:25:00+05:30,-0.6596488078609544,-0.702968682567622,-0.49786345223082973
2025-03-12 13:30:00+05:30,-0.7011841766831377,-0.7423567262137335,-0.5753367607506694
2025-03-12 13:35:00+05:30,-0.7405340352537715,-0.8145645780979959,-0.37866948482173035
2025-03-12 13:40:00+05:30,-0.8192310838843535,-0.7992484895135117,-0.5421486137723605
2025-03-12 13:45:00+05:30,-0.7973706443474871,-0.7904952941365752,-0.6059920656032786
2025-03-12 13:50:00+05:30,-0.7864404245790538,-0.8364462309902342,-0.6679833766297788
2025-03-12 13:55:00+05:30,-0.8345323241558857,-0.8189425113365675,-0.6975068176574659
2025-03-12 14:00:00+05:30,-0.8148600633812545,-0.7861200319982101,-0.6479422633101799
2025-03-12 14:05:00+05:30,-0.7864404245790538,-0.7576728147982177,-0.7154741664866482
2025-03-12 14:10:00+05:30,-0.7602089645390885,-0.7182874422523128,-0.6824601524044812
2025-03-12 14:15:00+05:30,-0.7164880854653556,-0.6876525939831378,-0.44510118469984783
2025-03-12 14:20:00+05:30,-0.6858829364116055,-0.7117218779445587,-0.5215771866326933
2025-03-12 14:25:00+05:30,-0.7208591059684546,-0.6832746607445662,-0.3685935222404312
2025-03-12 14:30:00+05:30,-0.6727672063916228,-0.6810870296753837,-0.37380959399304403
2025-03-12 14:35:00+05:30,-0.6793237371462714,-0.6832746607445662,-0.5685614080644227
2025-03-12 14:40:00+05:30,-0.6793237371462714,-0.7139095090137412,-0.5119048957651775
2025-03-12 14:45:00+05:30,-0.7121143964515709,-0.6788993986062012,-0.4828484475044162
2025-03-12 14:50:00+05:30,-0.6793237371462714,-0.6898402250523203,-0.7185373224324163
2025-03-12 14:55:00+05:30,-0.7099288862000215,-0.6876525939831378,-0.6868530504662416
2025-03-12 15:00:00+05:30,-0.6815092473978208,-0.7226627043906778,-0.27427681358468853
2025-03-12 15:05:00+05:30,-0.7164880854653556,-0.740169095144551,-0.047294583463781174
2025-03-12 15:10:00+05:30,-0.7361603462399868,-0.7554851837290352,-0.20141802681260804
2025-03-12 15:15:00+05:30,-0.7602089645390885,-0.7708012723135194,0.26968269343589374
2025-03-12 15:20:00+05:30,-0.7667654952937369,-0.779554467690456,0.2241706864897272
2025-03-12 15:25:00+05:30,-0.7798812253137197,-0.7642383791059718,0.0934206268821229
2025-03-13 09:15:00+05:30,-0.6443475675894222,-0.5957480491756132,-0.9165026799507765
2025-03-13 09:20:00+05:30,-0.6028121987672389,-0.652642483575598,0.008887020936895343
2025-03-13 09:25:00+05:30,-0.6443475675894222,-0.6810870296753837,-0.02724555501253947
2025-03-13 09:30:00+05:30,-0.6793237371462714,-0.6132544399294865,-0.2236991223871226
2025-03-13 09:35:00+05:30,-0.6115569082841226,-0.5979383513450023,-0.3082248132007074
2025-03-13 09:40:00+05:30,-0.5962556680125903,-0.6001259824141848,-0.5052957608434298
2025-03-13 09:45:00+05:30,-0.6028121987672389,-0.5607379387680732,-0.4492487136806811
2025-03-13 09:50:00+05:30,-0.5634650087072908,-0.5104117397760491,0.21696000156312586
2025-03-13 09:55:00+05:30,-0.5175559508713228,-0.47102369612993766,-0.04685133609178373
2025-03-13 10:00:00+05:30,-0.4607193417776072,-0.4010034753148578,-0.075361640269191
2025-03-13 10:05:00+05:30,-0.3995117121807926,-0.4513296743068819,-0.218221851290297
2025-03-13 10:10:00+05:30,-0.449789122009174,-0.43820121679158025,-0.2300470579646575
2025-03-13 10:15:00+05:30,-0.43667339198919125,-0.4316356524838261,-0.46178628220289464
2025-03-13 10:20:00+05:30,-0.41918397295542387,-0.4863397847144218,0.18997731779278124
2025-03-13 10:25:00+05:30,-0.4803942710629241,-0.4185071949685245,-0.3535547721190892
2025-03-13 10:30:00+05:30,-0.40606824293544114,-0.4425764789299453,-0.3637098860168165
2025-03-13 10:35:00+05:30,-0.4410444124922903,-0.46883606506075515,-0.6191707597885598
2025-03-13 10:40:00+05:30,-0.46727854104294136,-0.46883606506075515,-0.529231118931292
2025-03-13 10:45:00+05:30,-0.46509303079139186,-0.4797768915068743,-0.7308611824002739
2025-03-13 10:50:00+05:30,-0.4803942710629241,-0.4929053490221759,-0.41689957065651023
2025-03-13 10:55:00+05:30,-0.4913244908313573,-0.5191622640527792,-0.5609707968189663
2025-03-13 11:00:00+05:30,-0.5109994201166742,-0.5235401972913508,-0.5458133197229822
2025-03-13 11:05:00+05:30,-0.5197441296335579,-0.50822143760666,-0.7230252020738904
2025-03-13 11:10:00+05:30,-0.5022547105997905,-0.4929053490221759,-0.518854381347566
2025-03-13 11:15:00+05:30,-0.4913244908313573,-0.5060338065374775,-0.6635271575148759
2025-03-13 11:20:00+05:30,-0.5066257311028896,-0.5125993708452317,-0.7130204756773766
2025-03-13 11:25:00+05:30,-0.5088139098651246,-0.5607379387680732,-0.2973573374551271
2025-03-13 11:30:00+05:30,-0.5569058094419566,-0.5366686548066525,-0.686164434013317
2025-03-13 11:35:00+05:30,-0.5350453699050901,-0.6088791777911214,-0.2676043576097984
2025-03-13 11:40:00+05:30,-0.6246726383041052,-0.6329484617525422,-0.14228407830916281
2025-03-13 11:45:00+05:30,-0.6312318375694395,-0.661393007852328,-0.2568635239705031
2025-03-13 11:50:00+05:30,-0.6596488078609544,-0.657017745713963,-0.3653720636618069
2025-03-13 11:55:00+05:30,-0.6574632976094049,-0.6066888756217323,-0.4245772483500374
2025-03-13 12:00:00+05:30,-0.6028121987672389,-0.5913727870372482,-0.621181203225834
2025-03-13 12:05:00+05:30,-0.5875109584957067,-0.6132544399294865,-0.7226373606233927
2025-03-13 12:10:00+05:30,-0.6159279287872216,-0.576056698452764,-0.41424008642452553
2025-03-13 12:15:00+05:30,-0.5743952284757239,-0.5651158720066448,-0.4162742752567281
2025-03-13 12:20:00+05:30,-0.5656505189588402,-0.5104117397760491,0.2727933401715187
2025-03-13 12:25:00+05:30,-0.4978836900966915,-0.5104117397760491,-0.38824679410953233
2025-03-13 12:30:00+05:30,-0.5241151501366569,-0.50822143760666,-0.6301015565872826
2025-03-13 12:35:00+05:30,-0.5109994201166742,-0.4819645225760568,-0.012752948974551486
2025-03-13 12:40:00+05:30,-0.4803942710629241,-0.4469544121685169,-0.502889560824015
2025-03-13 12:45:00+05:30,-0.44541810150607497,-0.45351730537606444,-0.45643565321235396
2025-03-13 12:50:00+05:30,-0.44541810150607497,-0.4338259546532152,-0.5165589931711507
2025-03-13 12:55:00+05:30,-0.421372151717659,-0.416319563899342,-0.5297139419615035
2025-03-13 13:00:00+05:30,-0.40606824293544114,-0.43601358572239773,-0.29642335192127534
2025-03-13 13:05:00+05:30,-0.43448788173764175,-0.47102369612993766,-0.30420392632615906
2025-03-13 13:10:00+05:30,-0.4716495615460404,-0.46445813182218354,-0.4970323634083345
2025-03-13 13:15:00+05:30,-0.4629048520291567,-0.4732113271991202,-0.4680788118589298
2025-03-13 13:20:00+05:30,-0.46727854104294136,-0.4600828696838185,-0.6553666567911371
2025-03-13 13:25:00+05:30,-0.4585338315260577,-0.4929053490221759,-0.3975312435265503
2025-03-13 13:30:00+05:30,-0.4935100010829068,-0.4447667810993344,-0.586987834528888
2025-03-13 13:35:00+05:30,-0.44323259125452547,-0.44038884786076277,-0.6213315907270474
2025-03-13 13:40:00+05:30,-0.4410444124922903,-0.4469544121685169,-0.64172096983893
2025-03-13 13:45:00+05:30,-0.4476036117576245,-0.46445813182218354,-0.6475781672546106
2025-03-13 13:50:00+05:30,-0.46509303079139186,-0.4513296743068819,-0.6696851299329832
2025-03-13 13:55:00+05:30,-0.45416281102295863,-0.47102369612993766,-0.6049076925682134
2025-03-13 14:00:00+05:30,-0.4803942710629241,-0.4819645225760568,-0.6367265217723159
2025-03-13 14:05:00+05:30,-0.4847652915660231,-0.4907177179529934,-0.37847160653066003
2025-03-13 14:10:00+05:30,-0.4913244908313573,-0.4907177179529934,-0.47859010668058355
2025-03-13 14:15:00+05:30,-0.4803942710629241,-0.5169746329835967,-0.5771730712918016
2025-03-13 14:20:00+05:30,-0.5131849303682238,-0.5147870019144142,-0.4053672238529337
2025-03-13 14:25:00+05:30,-0.5131849303682238,-0.5279154594297158,-0.4724875401839759
2025-03-13 14:30:00+05:30,-0.5153704406197732,-0.5125993708452317,-0.5203820017546287
2025-03-13 14:35:00+05:30,-0.4978836900966915,-0.5147870019144142,-0.3621506050831826
2025-03-13 14:40:00+05:30,-0.5153704406197732,-0.5279154594297158,-0.23076733494415336
2025-03-13 14:45:00+05:30,-0.5263006603882064,-0.5454218501835891,-0.1703748805095011
2025-03-13 14:50:00+05:30,-0.5437900794219738,-0.5716787652141924,0.06425336677836227
2025-03-13 14:55:00+05:30,-0.5700215394619392,-0.5716787652141924,-0.4991931943468221
2025-03-13 15:00:00+05:30,-0.5700215394619392,-0.5738663962833749,-0.10676888262786731
2025-03-13 15:05:00+05:30,-0.5722070497134888,-0.5629255698372557,-0.2575125647652136
2025-03-13 15:10:00+05:30,-0.554720299190407,-0.5563626766297083,0.2543194229171965
2025-03-13 15:15:00+05:30,-0.554720299190407,-0.538856285875835,0.7563208170992346
2025-03-13 15:20:00+05:30,-0.5394163904081891,-0.5476094812527716,0.9244065526659812
2025-03-13 15:25:00+05:30,-0.5503466101766223,-0.5673035030758273,2.1265330011812735
2025-03-17 09:15:00+05:30,-0.45416281102295863,-0.5060338065374775,-0.9165026799507765
2025-03-17 09:20:00+05:30,-0.5153704406197732,-0.5147870019144142,-0.0644150132071826
2025-03-17 09:25:00+05:30,-0.5131849303682238,-0.50822143760666,0.010335490027529861
2025-03-17 09:30:00+05:30,-0.5066257311028896,-0.5476094812527716,0.11779923234198253
2025-03-17 09:35:00+05:30,-0.5481610999250729,-0.661393007852328,0.8400787401434666
2025-03-17 09:40:00+05:30,-0.6552777873578554,-0.6788993986062012,0.580889839367959
2025-03-17 09:45:00+05:30,-0.6683935173778381,-0.6898402250523203,-0.15133898890853925
2025-03-17 09:50:00+05:30,-0.688068446663155,-0.7773668366212735,0.2231971252976614
2025-03-17 09:55:00+05:30,-0.7755102048106207,-0.7357911619059794,0.06846421681233802
2025-03-17 10:00:00+05:30,-0.7296038154853384,-0.733603530836797,-0.3014098848562466
2025-03-17 10:05:00+05:30,-0.7230446162200042,-0.6788993986062012,-0.3293819600819427
2025-03-17 10:10:00+05:30,-0.6771382268947218,-0.7007810514984395,-0.5066255029594221
2025-03-17 10:15:00+05:30,-0.7099288862000215,-0.7292282686984319,-0.5141844536783072
2025-03-17 10:20:00+05:30,-0.7296038154853384,-0.740169095144551,-0.649786488982955
2025-03-17 10:25:00+05:30,-0.742719545505321,-0.740169095144551,-0.48823865215317086
2025-03-17 10:30:00+05:30,-0.7405340352537715,-0.7511099215906701,-0.6667011253036433
2025-03-17 10:35:00+05:30,-0.74709056600842,-0.740169095144551,-0.6453381849996949
2025-03-17 10:40:00+05:30,-0.7317893257368878,-0.740169095144551,-0.510203142461973
2025-03-17 10:45:00+05:30,-0.74709056600842,-0.733603530836797,-0.5495017710685324
2025-03-17 10:50:00+05:30,-0.7339748359884374,-0.7182874422523128,-0.5802520575008554
2025-03-17 10:55:00+05:30,-0.7142999067031205,-0.6854649629139553,-0.5978553102744683
2025-03-17 11:00:00+05:30,-0.6815092473978208,-0.6854649629139553,-0.5478316782918992
2025-03-17 11:05:00+05:30,-0.692439467166254,-0.702968682567622,-0.5303392373612856
2025-03-17 11:10:00+05:30,-0.7011841766831377,-0.7160971400829237,-0.6156722716024371
2025-03-17 11:15:00+05:30,-0.7186735957169051,-0.7095342468753761,-0.6174373459587841
2025-03-17 11:20:00+05:30,-0.7011841766831377,-0.6898402250523203,-0.7001979624160218
2025-03-17 11:25:00+05:30,-0.688068446663155,-0.6876525939831378,-0.6959950275136889
2025-03-17 11:30:00+05:30,-0.6815092473978208,-0.6920278561215029,-0.5990504951525328
2025-03-17 11:35:00+05:30,-0.6902539569147045,-0.6460769192678438,-0.25643610686179125
2025-03-17 11:40:00+05:30,-0.6487185880925213,-0.6482645503370263,-0.5259067636413112
2025-03-17 11:45:00+05:30,-0.6465330778409717,-0.6438892881986613,-0.6850246550567521
2025-03-17 11:50:00+05:30,-0.6465330778409717,-0.6876525939831378,-0.427703725348948
2025-03-17 11:55:00+05:30,-0.688068446663155,-0.6854649629139553,-0.6139309426410186
2025-03-17 12:00:00+05:30,-0.6858829364116055,-0.6745241364678363,-0.6556199410037071
2025-03-17 12:05:00+05:30,-0.6727672063916228,-0.6373237238909072,-0.4714269125438391
2025-03-17 12:10:00+05:30,-0.6399765470863231,-0.6417016571294788,-0.5092533266648356
2025-03-17 12:15:00+05:30,-0.6421620573378727,-0.6745241364678363,-0.44021754847623307
2025-03-17 12:20:00+05:30,-0.6727672063916228,-0.7051563136368045,-0.5941510286656325
2025-03-17 12:25:00+05:30,-0.7164880854653556,-0.7007810514984395,-0.46325058155681476
2025-03-17 12:30:00+05:30,-0.6968131561800387,-0.7226627043906778,-0.4976339134131882
2025-03-17 12:35:00+05:30,-0.7186735957169051,-0.7314158997676145,-0.6277111868311536
2025-03-17 12:40:00+05:30,-0.7296038154853384,-0.7073466158061936,-0.7041555282374277
2025-03-17 12:45:00+05:30,-0.7077433759484719,-0.7379787929751619,-0.652683427164224
2025-03-17 12:50:00+05:30,-0.7339748359884374,-0.7511099215906701,-0.6442063211747728
2025-03-17 12:55:00+05:30,-0.7492787447706553,-0.7314158997676145,-0.6208645979601215
2025-03-17 13:00:00+05:30,-0.7296038154853384,-0.7226627043906778,-0.6578045173371231
2025-03-17 13:05:00+05:30,-0.7186735957169051,-0.744544357282916,-0.6290567592104315
2025-03-17 13:10:00+05:30,-0.738348525002222,-0.7051563136368045,-0.5368058999134626
2025-03-17 13:15:00+05:30,-0.7033696869346873,-0.6898402250523203,-0.6048918623049278
2025-03-17 13:20:00+05:30,-0.6858829364116055,-0.6832746607445662,-0.6090868820756179
2025-03-17 13:25:00+05:30,-0.6793237371462714,-0.6504521814062089,-0.37916022298358465
2025-03-17 13:30:00+05:30,-0.6465330778409717,-0.6788993986062012,-0.45361786634751305
2025-03-17 13:35:00+05:30,-0.6771382268947218,-0.6767117675370187,-0.6499289613525256
2025-03-17 13:40:00+05:30,-0.6727672063916228,-0.6745241364678363,-0.6681179338677066
2025-03-17 13:45:00+05:30,-0.6793237371462714,-0.7117218779445587,-0.4766271540331663
2025-03-17 13:50:00+05:30,-0.7121143964515709,-0.7095342468753761,-0.553934244788507
2025-03-17 13:55:00+05:30,-0.7055578656969224,-0.6898402250523203,-0.5335211202816958
2025-03-17 14:00:00+05:30,-0.688068446663155,-0.7248503354598603,-0.6428053428739952
2025-03-17 14:05:00+05:30,-0.7252301264715536,-0.6745241364678363,-0.5522562368802308
2025-03-17 14:10:00+05:30,-0.6662080071262886,-0.6745241364678363,-0.5697486778108444
2025-03-17 14:15:00+05:30,-0.6662080071262886,-0.6788993986062012,-0.5509264947642385
2025-03-17 14:20:00+05:30,-0.6771382268947218,-0.6942154871906854,-0.624117717065317
2025-03-17 14:25:00+05:30,-0.688068446663155,-0.6745241364678363,-0.6151498729140116
2025-03-17 14:30:00+05:30,-0.6749527166431722,-0.6788993986062012,-0.5687830317504214
2025-03-17 14:35:00+05:30,-0.6771382268947218,-0.6876525939831378,-0.4026444185678066
2025-03-17 14:40:00+05:30,-0.6858829364116055,-0.7007810514984395,-0.3675645551268657
2025-03-17 14:45:00+05:30,-0.6989986664315883,-0.7182874422523128,-0.4941433403587083
2025-03-17 14:50:00+05:30,-0.7208591059684546,-0.7117218779445587,-0.590011414816442
2025-03-17 14:55:00+05:30,-0.7099288862000215,-0.7073466158061936,-0.5613823836643926
2025-03-17 15:00:00+05:30,-0.7099288862000215,-0.7314158997676145,-0.012262210812697169
2025-03-17 15:05:00+05:30,-0.7296038154853384,-0.7423567262137335,0.18172183548932877
2025-03-17 15:10:00+05:30,-0.7339748359884374,-0.7642383791059718,0.30917128520188064
2025-03-17 15:15:00+05:30,-0.7602089645390885,-0.7773668366212735,1.0094150665097774
2025-03-17 15:20:00+05:30,-0.7755102048106207,-0.775179205552091,0.6563289590555961
2025-03-17 15:25:00+05:30,-0.7711391843075216,-0.7532975526598527,0.46003369431386915
2025-03-18 09:15:00+05:30,-0.6071858877810236,-0.7204750733214953,-0.9165026799507765
2025-03-18 09:20:00+05:30,-0.7186735957169051,-0.6942154871906854,0.37968719300768894
2025-03-18 09:25:00+05:30,-0.6902539569147045,-0.6788993986062012,0.6074688514245202
2025-03-18 09:30:00+05:30,-0.6793237371462714,-0.6504521814062089,0.838970621713473
2025-03-18 09:35:00+05:30,-0.6530922771063059,-0.615442070998669,0.040476311323356315
2025-03-18 09:40:00+05:30,-0.6115569082841226,-0.6548301146447805,-0.2442705495267899
2025-03-18 09:45:00+05:30,-0.6509067668547563,-0.6548301146447805,-0.40469443766329477
2025-03-18 09:50:00+05:30,-0.6530922771063059,-0.6241952663756055,-0.0011968567760465953
2025-03-18 09:55:00+05:30,-0.6224871280525558,-0.5979383513450023,-0.4397980464991641
2025-03-18 10:00:00+05:30,-0.5918819789988057,-0.5147870019144142,0.9412420376702413
2025-03-18 10:05:00+05:30,-0.5131849303682238,-0.4557076075454535,0.6075559178725912
2025-03-18 10:10:00+05:30,-0.46509303079139186,-0.46445813182218354,0.003188126154071014
2025-03-18 10:15:00+05:30,-0.4585338315260577,-0.46445813182218354,0.00473157682441927
2025-03-18 10:20:00+05:30,-0.4629048520291567,-0.4863397847144218,-0.5101793970670445
2025-03-18 10:25:00+05:30,-0.4825797813144736,-0.416319563899342,1.155480905846222
2025-03-18 10:30:00+05:30,-0.40388273268389163,-0.4338259546532152,0.30855390493374135
2025-03-18 10:35:00+05:30,-0.4257431722207581,-0.4250727592762786,-0.0498432558527665
2025-03-18 10:40:00+05:30,-0.4235576619692086,-0.39443791100710374,0.09012001698707048
2025-03-18 10:45:00+05:30,-0.39295251291545846,-0.4447667810993344,-0.4020745290895241
2025-03-18 10:50:00+05:30,-0.4476036117576245,-0.4513296743068819,-0.28105216627093527
2025-03-18 10:55:00+05:30,-0.4607193417776072,-0.49947091332993004,-0.13323708284142918
2025-03-18 11:00:00+05:30,-0.4978836900966915,-0.5125993708452317,-0.44984234855389194
2025-03-18 11:05:00+05:30,-0.50444022085134,-0.50822143760666,-0.618070556490209
2025-03-18 11:10:00+05:30,-0.5088139098651246,-0.4863397847144218,-0.544895164452416
2025-03-18 11:15:00+05:30,-0.4913244908313573,-0.4797768915068743,-0.48808034952031465
2025-03-18 11:20:00+05:30,-0.4782087608113746,-0.5016585443991125,-0.6740780279947437
2025-03-18 11:25:00+05:30,-0.500069200348241,-0.4885300868838109,-0.6249250604928839
2025-03-18 11:30:00+05:30,-0.4847652915660231,-0.4775892604376918,-0.45901598612791056
2025-03-18 11:35:00+05:30,-0.46509303079139186,-0.420694826037707,-0.23937899817153233
2025-03-18 11:40:00+05:30,-0.41918397295542387,-0.43820121679158025,-0.3372891765931114
2025-03-18 11:45:00+05:30,-0.43667339198919125,-0.39443791100710374,0.5734100399655021
2025-03-18 11:50:00+05:30,-0.38202229314702524,-0.3834970845609846,-0.4130053258882469
2025-03-18 11:55:00+05:30,-0.38420780339857474,-0.40756636852240535,-0.2181426999738689
2025-03-18 12:00:00+05:30,-0.41044193194922585,-0.41194430176097696,-0.5504120112074558
2025-03-18 12:05:00+05:30,-0.40606824293544114,-0.4010034753148578,-0.5810910614549933
2025-03-18 12:10:00+05:30,-0.3995117121807926,-0.40975399959158787,-0.33880888186853125
2025-03-18 12:15:00+05:30,-0.39295251291545846,-0.416319563899342,-0.5727960034933268
2025-03-18 12:20:00+05:30,-0.40606824293544114,-0.3725562581148654,-0.4151740719583773
2025-03-18 12:25:00+05:30,-0.38420780339857474,-0.45351730537606444,-0.4448874761454919
2025-03-18 12:30:00+05:30,-0.4410444124922903,-0.4797768915068743,-0.08061728768001789
2025-03-18 12:35:00+05:30,-0.4782087608113746,-0.4732113271991202,-0.2010460156253959
2025-03-18 12:40:00+05:30,-0.4716495615460404,-0.4885300868838109,-0.29603551047077753
2025-03-18 12:45:00+05:30,-0.4891389805798078,-0.48415215364523934,-0.5220758399261903
2025-03-18 12:50:00+05:30,-0.4825797813144736,-0.43820121679158025,-0.4969373818286208
2025-03-18 12:55:00+05:30,-0.4235576619692086,-0.416319563899342,-0.4784792948375842
2025-03-18 13:00:00+05:30,-0.4082537531869907,-0.4185071949685245,-0.5237775932293948
2025-03-18 13:05:00+05:30,-0.41699846270387436,-0.4272603903454611,-0.626769286165659
2025-03-18 13:10:00+05:30,-0.4257431722207581,-0.4228851282070961,-0.6522322646605838
2025-03-18 13:15:00+05:30,-0.421372151717659,-0.32003975695345227,0.7399998156517572
2025-03-18 13:20:00+05:30,-0.3142554642848765,-0.3550498673609922,-0.4401463122914478
2025-03-18 13:25:00+05:30,-0.35360265434482463,-0.3550498673609922,-0.6034354780826504
2025-03-18 13:30:00+05:30,-0.35360265434482463,-0.3725562581148654,-0.6022007175463718
2025-03-18 13:35:00+05:30,-0.3732775836301415,-0.3528622362918097,-0.5358798295112537
2025-03-18 13:40:00+05:30,-0.3557908331070598,-0.3572401695303813,-0.5207619280734836
2025-03-18 13:45:00+05:30,-0.35360265434482463,-0.3594278005995638,-0.5627754468335274
2025-03-18 13:50:00+05:30,-0.35797634335860934,-0.3550498673609922,-0.3799517361478658
2025-03-18 13:55:00+05:30,-0.3514171440932751,-0.3528622362918097,-0.5592611283841191
2025-03-18 14:00:00+05:30,-0.35360265434482463,-0.3550498673609922,-0.4352943365944043
2025-03-18 14:05:00+05:30,-0.35797634335860934,-0.36380306273792884,-0.5867424654479608
2025-03-18 14:10:00+05:30,-0.36234736386170835,-0.3550498673609922,-0.5351437222684723
2025-03-18 14:15:00+05:30,-0.3492316338417256,-0.339733778776508,-0.4844710494911926
2025-03-18 14:20:00+05:30,-0.3404869243248419,-0.34410904091487304,-0.46829252041328573
2025-03-18 14:25:00+05:30,-0.3448606133386266,-0.35067460522262717,-0.16824571009758477
2025-03-18 14:30:00+05:30,-0.3470461235901761,-0.298158104061214,0.5945276111885234
2025-03-18 14:35:00+05:30,-0.2967660452511091,-0.31566449481508724,0.07088624709503837
2025-03-18 14:40:00+05:30,-0.30988177527109184,-0.26096036258449157,0.021036748008611102
2025-03-18 14:45:00+05:30,-0.25304516617737627,-0.21938468786919754,0.7292748122757475
2025-03-18 14:50:00+05:30,-0.22025450687207665,-0.17780901315390352,0.5522528930842667
2025-03-18 14:55:00+05:30,-0.17653362779834383,-0.12529251199249034,1.703231760923711
2025-03-18 15:00:00+05:30,-0.12406803920772731,-0.19312777283859425,0.7881079857767659
2025-03-18 15:05:00+05:30,-0.19402304683211122,-0.21281912356144342,0.6382982891732714
2025-03-18 15:10:00+05:30,-0.21588348636897764,-0.1821869463924751,0.9328599132605039
2025-03-18 15:15:00+05:30,-0.18090731681212852,-0.17780901315390352,0.841994202001027
2025-03-18 15:20:00+05:30,-0.17871913804989334,-0.13185807630024446,1.290861317464871
2025-03-18 15:25:00+05:30,-0.12406803920772731,-0.13185807630024446,0.14908774772601666
2025-03-19 09:15:00+05:30,0.0333260580534366,0.1613566066757897,-0.9165026799507765
2025-03-19 09:20:00+05:30,0.16230318502308558,0.09133371476050328,1.4148439395178716
2025-03-19 09:25:00+05:30,0.09672186641248633,0.17667269526027385,0.9578638141201457
2025-03-19 09:30:00+05:30,0.17104789453996927,0.11102773658355904,1.4747139952640982
2025-03-19 09:35:00+05:30,0.11858230594935275,0.03444195146072509,0.07123451288732208
2025-03-19 09:40:00+05:30,0.0333260580534366,0.08695845262213826,0.027709203983501254
2025-03-19 09:45:00+05:30,0.08360613639250361,0.09133371476050328,-0.2063174932995084
2025-03-19 09:50:00+05:30,0.09234817739870166,0.09789927906825739,-0.41625844499344244
2025-03-19 09:55:00+05:30,0.10327839716713486,0.12853412733743227,-0.4874392238572469
2025-03-19 10:00:00+05:30,0.13606905647243447,0.11540566982213064,-0.4571796755867783
2025-03-19 10:05:00+05:30,0.10983759643246904,0.06288916866071748,-0.2589214581976341
2025-03-19 10:10:00+05:30,0.05955751809340203,0.10008691013743991,0.02127420195789545
2025-03-19 10:15:00+05:30,0.10327839716713486,0.14603784699109895,-0.046993808461354335
2025-03-19 10:20:00+05:30,0.14481376598931817,0.1613566066757897,-0.39375572573292916
2025-03-19 10:25:00+05:30,0.1666742055261846,0.1635442377449722,-0.21875216511036538
2025-03-19 10:30:00+05:30,0.1688597157777341,0.16573186881415472,-0.32292321266140844
2025-03-19 10:35:00+05:30,0.1666742055261846,0.21168280566781378,0.23876618923907175
2025-03-19 10:40:00+05:30,0.2103950845999174,0.23575476072944113,0.20422455474984205
2025-03-19 10:45:00+05:30,0.23444103438833333,0.21387310783720287,0.7086400640829378
2025-03-19 10:50:00+05:30,0.22788450363368482,0.22918919642168703,-0.3960273685144161
2025-03-19 10:55:00+05:30,0.22788450363368482,0.25325848038310783,-0.3517105464463141
2025-03-19 11:00:00+05:30,0.2584896526874349,0.2620116757600444,-0.37638992690860057
2025-03-19 11:05:00+05:30,0.2628606731905339,0.24888321824474277,-0.5957815457840516
2025-03-19 11:10:00+05:30,0.2497449431705512,0.22918919642168703,-0.44328861955364396
2025-03-19 11:15:00+05:30,0.22788450363368482,0.22918919642168703,-0.4962645956389818
2025-03-19 11:20:00+05:30,0.24100023365366752,0.20511991246026623,-0.5913094964058632
2025-03-19 11:25:00+05:30,0.2060240640968184,0.2204360010447504,-0.45892100454819684
2025-03-19 11:30:00+05:30,0.22132530436835063,0.21606073890638539,-0.6158226591036505
2025-03-19 11:35:00+05:30,0.22132530436835063,0.22700156535250451,-0.602952655052439
2025-03-19 11:40:00+05:30,0.22788450363368482,0.24231765393698868,-0.4713715066223394
2025-03-19 11:45:00+05:30,0.24100023365366752,0.2598240446908619,-0.4032063929144462
2025-03-19 11:50:00+05:30,0.2628606731905339,0.2795180665139177,-0.6013854589871622
2025-03-19 11:55:00+05:30,0.28035009222430135,0.2838933286522827,-0.40754388505470696
2025-03-19 12:00:00+05:30,0.28253560247585086,0.26857724006779854,-0.4756694231043861
2025-03-19 12:05:00+05:30,0.27816191346206615,0.23575476072944113,-0.5615881770871057
2025-03-19 12:10:00+05:30,0.2475594329190017,0.26857724006779854,-0.5829906930492682
2025-03-19 12:15:00+05:30,0.2694198724558681,0.2838933286522827,-0.2868302123701877
2025-03-19 12:20:00+05:30,0.28690662297894987,0.2926465240292193,-0.28413906761163177
2025-03-19 12:25:00+05:30,0.30876706251581626,0.2620116757600444,-0.3916503007159413
2025-03-19 12:30:00+05:30,0.2628606731905339,0.2620116757600444,-0.18249294705464558
2025-03-19 12:35:00+05:30,0.2628606731905339,0.27076487113698106,0.8482709013937766
2025-03-19 12:40:00+05:30,0.27379089295896714,0.2445052850061712,-0.5409850894208672
2025-03-19 12:45:00+05:30,0.2497449431705512,0.27295250220616357,-0.2040458505180215
2025-03-19 12:50:00+05:30,0.27379089295896714,0.2620116757600444,-0.5809960798752797
2025-03-19 12:55:00+05:30,0.2628606731905339,0.2598240446908619,-0.18793064249325714
2025-03-19 13:00:00+05:30,0.2606751629389844,0.2576364136216794,-0.06781060468194876
2025-03-19 13:05:00+05:30,0.25193045342210074,0.24231765393698868,0.19374492045475955
2025-03-19 13:10:00+05:30,0.238814723402118,0.2620116757600444,0.09475828412975806
2025-03-19 13:15:00+05:30,0.2628606731905339,0.29920941723676686,0.6251908311727754
2025-03-19 13:20:00+05:30,0.30439604201271725,0.35829148270593414,0.5553477095566061
2025-03-19 13:25:00+05:30,0.36123265110643277,0.35391354946736253,0.1481537621921649
2025-03-19 13:30:00+05:30,0.3503024313379996,0.32765663443675924,-0.47524992112731707
2025-03-19 13:35:00+05:30,0.32625648154958364,0.347350656259815,-0.32510778899482445
2025-03-19 13:40:00+05:30,0.3459314108349006,0.3189034390598226,-0.33914131739752934
2025-03-19 13:45:00+05:30,0.321882792535799,0.29483415509840183,-0.5695033087299173
2025-03-19 13:50:00+05:30,0.29565133249583353,0.29702178616758435,-0.42527377993460486
2025-03-19 13:55:00+05:30,0.2912803119927345,0.310150243682886,-0.4947686357584904
2025-03-19 14:00:00+05:30,0.3153262617811505,0.29702178616758435,-0.2829913735234241
2025-03-19 14:05:00+05:30,0.3000223529989326,0.30139971940615595,-0.47809936851872925
2025-03-19 14:10:00+05:30,0.30221053176116774,0.2795180665139177,-0.4786771731286545
2025-03-19 14:15:00+05:30,0.28253560247585086,0.2795180665139177,-0.5965413984217616
2025-03-19 14:20:00+05:30,0.28035009222430135,0.2817056975831002,-0.6571633916740554
2025-03-19 14:25:00+05:30,0.28253560247585086,0.2817056975831002,-0.5998103477902428
2025-03-19 14:30:00+05:30,0.28253560247585086,0.2838933286522827,-0.5410800710005809
2025-03-19 14:35:00+05:30,0.293465822244284,0.2838933286522827,-0.5023275864773755
2025-03-19 14:40:00+05:30,0.28472111272740036,0.2773277643445286,-0.498987400924109
2025-03-19 14:45:00+05:30,0.26504618344208347,0.2773277643445286,-0.5114379029982515
2025-03-19 14:50:00+05:30,0.27379089295896714,0.26419930682922693,-0.4807667678823568
2025-03-19 14:55:00+05:30,0.2606751629389844,0.26857724006779854,-0.5377873762371713
2025-03-19 15:00:00+05:30,0.27160538270741763,0.21824836997556787,0.519397181634956
2025-03-19 15:05:00+05:30,0.22132530436835063,0.20511991246026623,0.6629143485824153
2025-03-19 15:10:00+05:30,0.2060240640968184,0.19199145494496458,0.6637850130631245
2025-03-19 15:15:00+05:30,0.17978993554616732,0.18761352170639298,0.8241930709363439
2025-03-19 15:20:00+05:30,0.18416362455995197,0.19636671708332962,0.6780639105467566
2025-03-19 15:25:00+05:30,0.1950938443283852,0.20730754352944875,0.4750724444352111
2025-03-20 09:15:00+05:30,0.32844199180113315,0.5092754218824195,-0.9165026799507765
2025-03-20 09:20:00+05:30,0.5098847073613987,0.46332181392855387,0.3267270471856367
2025-03-20 09:25:00+05:30,0.43774418948546523,0.4064300506287757,0.48867064059756143
2025-03-20 09:30:00+05:30,0.4093245506832646,0.35829148270593414,-0.14293311910387335
2025-03-20 09:35:00+05:30,0.367791850371767,0.26857724006779854,0.5404435166731919
2025-03-20 09:40:00+05:30,0.25630147392519975,0.2838933286522827,0.03294902113104251
2025-03-20 09:45:00+05:30,0.28253560247585086,0.1898011527755755,0.5630570477767045
2025-03-20 09:50:00+05:30,0.19072015531460051,0.2226236321139329,-0.24360567846879372
2025-03-20 09:55:00+05:30,0.22351081461990013,0.21606073890638539,-0.13172529269765218
2025-03-20 10:00:00+05:30,0.2103950845999174,0.26857724006779854,-0.4362441523915417
2025-03-20 10:05:00+05:30,0.27160538270741763,0.18105062849884546,-0.11914814851722459
2025-03-20 10:10:00+05:30,0.17978993554616732,0.2029322813910837,0.016430141392494768
2025-03-20 10:15:00+05:30,0.2016503750830337,0.27076487113698106,0.1965864527145289
2025-03-20 10:20:00+05:30,0.27379089295896714,0.27076487113698106,-0.19381158530386614
2025-03-20 10:25:00+05:30,0.27597640321051664,0.32765663443675924,-0.4481564255139731
2025-03-20 10:30:00+05:30,0.32844199180113315,0.3189034390598226,-0.45133039330274055
2025-03-20 10:35:00+05:30,0.31314075152960097,0.3079626126137035,-0.5355632242455413
2025-03-20 10:40:00+05:30,0.31314075152960097,0.2445052850061712,-0.5648887869821582
2025-03-20 10:45:00+05:30,0.2497449431705512,0.2795180665139177,-0.5359589808276818
2025-03-20 10:50:00+05:30,0.27379089295896714,0.2598240446908619,-0.783575959141399
2025-03-20 10:55:00+05:30,0.2606751629389844,0.29920941723676686,-0.5998974142383137
2025-03-20 11:00:00+05:30,0.30221053176116774,0.2926465240292193,-0.698599105824174
2025-03-20 11:05:00+05:30,0.30439604201271725,0.2795180665139177,-0.6347477388616131
2025-03-20 11:10:00+05:30,0.28690662297894987,0.2882685907906477,-0.6947127761875534
2025-03-20 11:15:00+05:30,0.28690662297894987,0.2860809597214652,-0.7992162592675947
2025-03-20 11:20:00+05:30,0.28472111272740036,0.26419930682922693,-0.5325396439579873
2025-03-20 11:25:00+05:30,0.2584896526874349,0.26857724006779854,-0.6660995752987896
2025-03-20 11:30:00+05:30,0.26504618344208347,0.2510708493139253,-0.7536171858733571
2025-03-20 11:35:00+05:30,0.25193045342210074,0.2751401332753461,-0.6398767441661549
2025-03-20 11:40:00+05:30,0.27597640321051664,0.26857724006779854,-0.7087067289320443
2025-03-20 11:45:00+05:30,0.267231693693633,0.27076487113698106,-0.7665030201878544
2025-03-20 11:50:00+05:30,0.2606751629389844,0.24669558717556025,-0.7303466988434911
2025-03-20 11:55:00+05:30,0.24318574390521702,0.24231765393698868,-0.7363938594185991
2025-03-20 12:00:00+05:30,0.24537125415676656,0.23356445856005204,-0.7274339303989364
2025-03-20 12:05:00+05:30,0.23225552413678383,0.23137682749086955,-0.30097455261589195
2025-03-20 12:10:00+05:30,0.23007001388523432,0.23794239179862364,-0.5681893968772105
2025-03-20 12:15:00+05:30,0.2366292131505685,0.2576364136216794,-0.6587147574760465
2025-03-20 12:20:00+05:30,0.25630147392519975,0.26857724006779854,-0.5013619404169525
2025-03-20 12:25:00+05:30,0.27160538270741763,0.24888321824474277,-0.6321515756827708
2025-03-20 12:30:00+05:30,0.2475594329190017,0.26857724006779854,-0.6958842156706896
2025-03-20 12:35:00+05:30,0.27379089295896714,0.29483415509840183,-0.44374769718892704
2025-03-20 12:40:00+05:30,0.28909213323049937,0.2838933286522827,-0.5463436335430506
2025-03-20 12:45:00+05:30,0.28253560247585086,0.26638693789840945,-0.3845187671057681
2025-03-20 12:50:00+05:30,0.27160538270741763,0.2620116757600444,-0.620722125590551
2025-03-20 12:55:00+05:30,0.2694198724558681,0.26857724006779854,-0.6259065368165925
2025-03-20 13:00:00+05:30,0.27160538270741763,0.2445052850061712,-0.592536341810499
2025-03-20 13:05:00+05:30,0.2497449431705512,0.26638693789840945,-0.5841225568741902
2025-03-20 13:10:00+05:30,0.28035009222430135,0.29483415509840183,-0.30242302170652646
2025-03-20 13:15:00+05:30,0.30439604201271725,0.3167158079906401,-0.36607651037801714
2025-03-20 13:20:00+05:30,0.3175117720327,0.3254690033675767,-0.09270369369859115
2025-03-20 13:25:00+05:30,0.32625648154958364,0.29920941723676686,-0.4910168633597977
2025-03-20 13:30:00+05:30,0.31095257276736576,0.3254690033675767,-0.4573300630879917
2025-03-20 13:35:00+05:30,0.32844199180113315,0.347350656259815,-0.26216666217118684
2025-03-20 13:40:00+05:30,0.3503024313379996,0.3364098298136959,-0.33626812461118877
2025-03-20 13:45:00+05:30,0.3393722115695664,0.34516302519063247,-0.6465492001410451
2025-03-20 13:50:00+05:30,0.3481169210864501,0.3232813722983942,-0.48526256265547374
2025-03-20 13:55:00+05:30,0.321882792535799,0.35829148270593414,-0.33156653641535866
2025-03-20 14:00:00+05:30,0.3546734518410986,0.3692323091520533,0.2570738887288949
2025-03-20 14:05:00+05:30,0.3699773606233165,0.3429727230212434,-0.3085730789929911
2025-03-20 14:10:00+05:30,0.3437432320726654,0.32984426550594176,-0.36329038403974745
2025-03-20 14:15:00+05:30,0.32844199180113315,0.3210910701290051,-0.3673904222307238
2025-03-20 14:20:00+05:30,0.3196972822842495,0.347350656259815,-0.059262262507712264
2025-03-20 14:25:00+05:30,0.3437432320726654,0.3495382873289975,-0.360243058357265
2025-03-20 14:30:00+05:30,0.3481169210864501,0.3561038516367516,-0.09190426540266718
2025-03-20 14:35:00+05:30,0.35686163060333376,0.40424241955959317,1.360340343025471
2025-03-20 14:40:00+05:30,0.4071390404317151,0.3998671574212282,-0.12407927553069621
2025-03-20 14:45:00+05:30,0.4027680199286161,0.4086176816979582,0.24144941886598487
2025-03-20 14:50:00+05:30,0.4115127294454998,0.43487726782876807,0.5815784558208836
2025-03-20 14:55:00+05:30,0.4355586792339157,0.41955850814407736,0.508972953261373
2025-03-20 15:00:00+05:30,0.41806926020014834,0.4064300506287757,0.42326790783300944
2025-03-20 15:05:00+05:30,0.4093245506832646,0.4129956149365298,0.2362808379032289
2025-03-20 15:10:00+05:30,0.4093245506832646,0.39330159311347407,2.7927021407668664
2025-03-20 15:15:00+05:30,0.3874641111463982,0.39330159311347407,0.9858596347407701
2025-03-20 15:20:00+05:30,0.3918378001601829,0.3692323091520533,1.0913604244078055
2025-03-20 15:25:00+05:30,0.3743483811264155,0.35172591839818,0.09048411304263981
2025-03-21 09:15:00+05:30,0.41369823969704933,0.38892633097510904,-0.9165026799507765
2025-03-21 09:20:00+05:30,0.3830930906432992,0.310150243682886,0.08625743274537843
2025-03-21 09:25:00+05:30,0.30658155226426675,0.3429727230212434,-0.21525367692424266
2025-03-21 09:30:00+05:30,0.3503024313379996,0.3364098298136959,0.14103805884527731
2025-03-21 09:35:00+05:30,0.33500119106646736,0.4086176816979582,0.17272233081145202
2025-03-21 09:40:00+05:30,0.41588374994859884,0.4458180942748872,-0.007608113406723966
2025-03-21 09:45:00+05:30,0.4333731689823662,0.4086176816979582,-0.43156630959064
2025-03-21 09:50:00+05:30,0.42025477045169785,0.3823607666673549,-0.3181424731491503
2025-03-21 09:55:00+05:30,0.3940233104117324,0.4129956149365298,-0.45531170451907477
2025-03-21 10:00:00+05:30,0.426813969717032,0.39330159311347407,-0.6264764262948749
2025-03-21 10:05:00+05:30,0.4093245506832646,0.46332181392855387,-0.18651383392919385
2025-03-21 10:10:00+05:30,0.46834933853921534,0.4304993345901965,-0.6093243360249022
2025-03-21 10:15:00+05:30,0.44648889900234895,0.44800572534406974,-0.5155300260575851
2025-03-21 10:20:00+05:30,0.44867440925389845,0.4983345954363004,-0.20901655318970716
2025-03-21 10:25:00+05:30,0.4945807985791808,0.5245915104669037,-0.17680988253510688
2025-03-21 10:30:00+05:30,0.5230004373813814,0.5180259461591495,-0.18580147208134082
2025-03-21 10:35:00+05:30,0.5251859476329309,0.546473163359142,-0.32074655145963527
2025-03-21 10:40:00+05:30,0.5404871879044632,0.5267791415360862,-0.4429007781031462
2025-03-21 10:45:00+05:30,0.5339306571498146,0.5377199679822053,-0.6445070961771997
2025-03-21 10:50:00+05:30,0.5295569681360299,0.5311570747746578,-0.5643030672405901
2025-03-21 10:55:00+05:30,0.5208149271298319,0.5311570747746578,-0.664738172656226
2025-03-21 11:00:00+05:30,0.531745146898265,0.550848425497507,-0.49904280684560864
2025-03-21 11:05:00+05:30,0.5514174076728964,0.5027098575746655,-0.3666068241980855
2025-03-21 11:10:00+05:30,0.5120702176129481,0.4676997471671255,-0.44029669979266123
2025-03-21 11:15:00+05:30,0.47053484879076485,0.4589465517901889,-0.4449507971986344
2025-03-21 11:20:00+05:30,0.4574191187707821,0.4873937689901813,-0.5271969300990894
2025-03-21 11:25:00+05:30,0.4858360890622971,0.48958140005936374,-0.4660762835532985
2025-03-21 11:30:00+05:30,0.49020977807608174,0.46332181392855387,-0.3061352184470051
2025-03-21 11:35:00+05:30,0.4617901392738812,0.47426264037467303,-0.0415640281543856
2025-03-21 11:40:00+05:30,0.46834933853921534,0.40205478849041065,-0.025250941838550953
2025-03-21 11:45:00+05:30,0.3940233104117324,0.4108079838673473,-0.5849219851701142
2025-03-21 11:50:00+05:30,0.41369823969704933,0.4064300506287757,-0.5923859543092855
2025-03-21 11:55:00+05:30,0.4027680199286161,0.4064300506287757,-0.34875820234354543
2025-03-21 12:00:00+05:30,0.4093245506832646,0.43268963675958555,-0.67969777146114
2025-03-21 12:05:00+05:30,0.4333731689823662,0.46332181392855387,-0.6621974153988835
2025-03-21 12:10:00+05:30,0.47272035904231435,0.49176903112854625,-0.549351383567319
2025-03-21 12:15:00+05:30,0.4814650685591981,0.5333447058438403,-0.1628713357121157
2025-03-21 12:20:00+05:30,0.5404871879044632,0.5311570747746578,-0.31547507378552275
2025-03-21 12:25:00+05:30,0.5339306571498146,0.5048974886438479,-0.5674928652926431
2025-03-21 12:30:00+05:30,0.5033255080960645,0.49176903112854625,-0.26819007735136646
2025-03-21 12:35:00+05:30,0.49239528832763124,0.49395666219772877,-0.5762944916794496
2025-03-21 12:40:00+05:30,0.4967663088307303,0.4852034668207922,-0.5487735789573938
2025-03-21 12:45:00+05:30,0.49895448759296546,0.4961442932669113,-0.10248679640910624
2025-03-21 12:50:00+05:30,0.5076965285991635,0.5245915104669037,-0.534945843977402
2025-03-21 12:55:00+05:30,0.5383016776529136,0.5399075990513879,-0.5052957608434298
2025-03-21 13:00:00+05:30,0.5404871879044632,0.5070851197130304,-0.568885928461778
2025-03-21 13:05:00+05:30,0.5186267483675967,0.49176903112854625,-0.2100059446450586
2025-03-21 13:10:00+05:30,0.5033255080960645,0.5092754218824195,-0.3606388149394056
2025-03-21 13:15:00+05:30,0.49895448759296546,0.5027098575746655,-0.06645711717102798
2025-03-21 13:20:00+05:30,0.5033255080960645,0.5027098575746655,-0.48464518238733445
2025-03-21 13:25:00+05:30,0.5033255080960645,0.5092754218824195,-0.46880700397006847
2025-03-21 13:30:00+05:30,0.5098847073613987,0.5048974886438479,-0.394309784947926
2025-03-21 13:35:00+05:30,0.505511018347614,0.4961442932669113,-0.4613746953574684
2025-03-21 13:40:00+05:30,0.501139997844515,0.4764529425440621,-0.46778595198814577
2025-03-21 13:45:00+05:30,0.47709404805609906,0.4261240724518315,-0.40488440082272226
2025-03-21 13:50:00+05:30,0.4246284594654825,0.4129956149365298,-0.25026230418039824
2025-03-21 13:55:00+05:30,0.4093245506832646,0.4414401610363156,-0.36828483210636154
2025-03-21 14:00:00+05:30,0.4574191187707821,0.4983345954363004,0.6110702363219995
2025-03-21 14:05:00+05:30,0.49895448759296546,0.5136506840207845,-0.3372575160665402
2025-03-21 14:10:00+05:30,0.5142557278644977,0.5202162483285386,0.5143394125151993
2025-03-21 14:15:00+05:30,0.5208149271298319,0.5442855322899595,0.4713127569048756
2025-03-21 14:20:00+05:30,0.5426753666666982,0.5749203805591343,-0.12392097289783997
2025-03-21 14:25:00+05:30,0.5885817559919806,0.6515061656819683,0.7675523889003842
2025-03-21 14:30:00+05:30,0.6519775643510304,0.592424100212801,-0.26600550101795045
2025-03-21 14:35:00+05:30,0.5929527764950796,0.5749203805591343,-0.45893683481148245
2025-03-21 14:40:00+05:30,0.5754660259719979,0.5617892519436262,-0.45983915981876294
2025-03-21 14:45:00+05:30,0.5667213164551143,0.5574139898052611,0.0968320486201747
2025-03-21 14:50:00+05:30,0.5470463871697973,0.5596016208744437,-0.21674963680473405
2025-03-21 14:55:00+05:30,0.5536055864351315,0.592424100212801,0.4225555459851564
2025-03-21 15:00:00+05:30,0.5754660259719979,0.550848425497507,3.3767438744266465
2025-03-21 15:05:00+05:30,0.5492318974213468,0.4983345954363004,3.2839943618361804
2025-03-21 15:10:00+05:30,0.4945807985791808,0.5048974886438479,2.9663917895367233
2025-03-21 15:15:00+05:30,0.49895448759296546,0.5224038793977211,3.592803222880474
2025-03-21 15:20:00+05:30,0.5230004373813814,0.6055525577281027,7.06950896672217
2025-03-21 15:25:00+05:30,0.6038829962635128,0.5552263587360786,5.343923202141177
2025-03-24 09:15:00+05:30,0.6497893855887952,0.833122282027422,-0.9165026799507765
2025-03-24 09:20:00+05:30,0.8290465908975112,0.8637571302965968,0.7268211214664759
2025-03-24 09:25:00+05:30,0.8552780509374766,0.787171345173763,0.04515415412425795
2025-03-24 09:30:00+05:30,0.7831402015722289,0.7740428876584613,0.01502124796007431
2025-03-24 09:35:00+05:30,0.7787665125584441,0.752161234766223,-0.30718793095549907
2025-03-24 09:40:00+05:30,0.7525350525184787,0.8550039349196603,0.25154121171056965
2025-03-24 09:45:00+05:30,0.8662082707059098,1.0409979845036856,1.716212576817922
2025-03-24 09:50:00+05:30,1.0389062767492916,1.115396138557337,2.089260646275274
2025-03-24 09:55:00+05:30,1.1132323048767745,1.108830574249583,0.6468308010842222
2025-03-24 10:00:00+05:30,1.1088586158629898,1.1438433557573293,0.2979238831374454
2025-03-24 10:05:00+05:30,1.146022964182074,1.115396138557337,-0.035698915607062225
2025-03-24 10:10:00+05:30,1.1132323048767745,1.126336965003456,-0.16822196470265632
2025-03-24 10:15:00+05:30,1.1263480348967572,1.104455312111218,0.32065614121560027
2025-03-24 10:20:00+05:30,1.0979283960945567,1.080386028149797,0.029133927679207337
2025-03-24 10:25:00+05:30,1.0935573755914576,1.0978897478034637,-0.5303629827562141
2025-03-24 10:30:00+05:30,1.0935573755914576,1.0935144856650987,-0.5711892317698362
2025-03-24 10:35:00+05:30,1.0979283960945567,1.1175837696265196,0.7178611924468132
2025-03-24 10:40:00+05:30,1.135092744413641,1.1438433557573293,-0.07388151065198524
2025-03-24 10:45:00+05:30,1.1503939846851732,1.1679126397187503,-0.34359753651243224
2025-03-24 10:50:00+05:30,1.1766281132358243,1.1722879018571153,-0.45839860585977127
2025-03-24 10:55:00+05:30,1.1722544242220396,1.2620021444952507,0.8723566469828522
2025-03-24 11:00:00+05:30,1.268440891886389,1.2970149260029973,1.1442097583868585
2025-03-24 11:05:00+05:30,1.2903013314232554,1.2357452294646476,0.015757355202855785
2025-03-24 11:10:00+05:30,1.2312792120779903,1.27294297094137,-0.05722015854386688
2025-03-24 11:15:00+05:30,1.2618816926210548,1.2510613180491317,-0.49834627526104125
2025-03-24 11:20:00+05:30,1.248765962601072,1.279508535249124,-0.3346138620978411
2025-03-24 11:25:00+05:30,1.2815566219063717,1.3079557524491163,-0.13897555328246758
2025-03-24 11:30:00+05:30,1.3077907504570228,1.27294297094137,-0.4266985036303109
2025-03-24 11:35:00+05:30,1.279371111654822,1.2401204916030126,-0.3127918441586096
2025-03-24 11:40:00+05:30,1.2509514728526214,1.191981923680171,0.11350923099157867
2025-03-24 11:45:00+05:30,1.1919293535073565,1.2357452294646476,-0.08132173439622811
2025-03-24 11:50:00+05:30,1.2356502325810892,1.2466860559107666,-0.513646224726596
2025-03-24 11:55:00+05:30,1.2509514728526214,1.283883797387489,0.5676399089978924
2025-03-24 12:00:00+05:30,1.2859303109201563,1.3079557524491163,0.034104630350893006
2025-03-24 12:05:00+05:30,1.2924868416748048,1.345153493925839,0.49949854068492766
2025-03-24 12:10:00+05:30,1.3493234507685203,1.345153493925839,-0.18007883190358806
2025-03-24 12:15:00+05:30,1.3602536705369537,1.3429658628566563,-0.266654541812661
2025-03-24 12:20:00+05:30,1.3449524302654214,1.360469582510323,-0.31853031459964803
2025-03-24 12:25:00+05:30,1.3602536705369537,1.4217392790486727,0.7488964236182774
2025-03-24 12:30:00+05:30,1.4149047693791197,1.4064231904641886,1.484386286131614
2025-03-24 12:35:00+05:30,1.4061627283729217,1.4217392790486727,-0.015554905576106781
2025-03-24 12:40:00+05:30,1.421463968644454,1.437055367633157,0.10371029801777794
2025-03-24 12:45:00+05:30,1.4345796986644366,1.4961374331023243,0.5984851770099291
2025-03-24 12:50:00+05:30,1.5001610172750357,1.5311475435098643,0.8822743069312952
2025-03-24 12:55:00+05:30,1.530766166328786,1.52458197920211,0.6737580789330672
2025-03-24 13:00:00+05:30,1.5220214568119022,1.5486539342637373,-0.15221756852089133
2025-03-24 13:05:00+05:30,1.5482555853625533,1.5749108492943407,0.4395335033589872
2025-03-24 13:10:00+05:30,1.5744870454025186,1.5880393068096423,0.31115798324422633
2025-03-24 13:15:00+05:30,1.5876027754225015,1.520206717063745,-0.08922103577575405
2025-03-24 13:20:00+05:30,1.5329516765803355,1.509265890617626,-0.2366878534129764
2025-03-24 13:25:00+05:30,1.5154649260572537,1.5639700228482216,-0.020628504959149
2025-03-24 13:30:00+05:30,1.561371315382536,1.520206717063745,-0.2830705248398522
2025-03-24 13:35:00+05:30,1.5285806560772364,1.5530291964021024,-0.1601327001637029
2025-03-24 13:40:00+05:30,1.541696386097219,1.520206717063745,-0.3847562210550524
2025-03-24 13:45:00+05:30,1.5198359465603526,1.463314953763967,0.24998193077693573
2025-03-24 13:50:00+05:30,1.4651848477181866,1.4873842377253876,-0.1606788442470569
2025-03-24 13:55:00+05:30,1.487045287255053,1.509265890617626,-0.29582971704806443
2025-03-24 14:00:00+05:30,1.5045347062888204,1.4939498020331416,-0.11274480701819004
2025-03-24 14:05:00+05:30,1.4936044865203872,1.4873842377253876,-0.07266258037899226
2025-03-24 14:10:00+05:30,1.487045287255053,1.5399007388868007,-0.1707389765650704
2025-03-24 14:15:00+05:30,1.5482555853625533,1.5355228056482293,-0.3208494481709918
2025-03-24 14:20:00+05:30,1.5438818963487686,1.5705355871559756,0.1099711671472419
2025-03-24 14:25:00+05:30,1.5701160248994197,1.590226937878825,0.683762805329581
2025-03-24 14:30:00+05:30,1.5985329951909346,1.581476413602095,-0.04228430513388145
2025-03-24 14:35:00+05:30,1.5810462446678528,1.627427350455754,0.7311586136067366
2025-03-24 14:40:00+05:30,1.6335091647477837,1.55084156533292,0.4658196555447644
2025-03-24 14:45:00+05:30,1.5504410956141028,1.5727232182251583,0.08305180443003975
2025-03-24 14:50:00+05:30,1.5744870454025186,1.6252397193865713,0.677628578306402
2025-03-24 14:55:00+05:30,1.6378828537615684,1.684319113755532,2.182872908214806
2025-03-24 15:00:00+05:30,1.6859747533384002,1.642743439040238,1.5948023725488354
2025-03-24 15:05:00+05:30,1.640068364013118,1.7062007666477703,0.9921125887385913
2025-03-24 15:10:00+05:30,1.7078351928752666,1.7740333563936677,2.4414523438538174
2025-03-24 15:15:00+05:30,1.7756020217374153,1.8287374886242633,3.480345032499407
2025-03-24 15:20:00+05:30,1.8324412993418167,1.8156090311089617,2.502596735794537
2025-03-24 15:25:00+05:30,1.8149518803080493,1.7718457253244853,1.4729884965659654
2025-03-25 09:15:00+05:30,1.8870923981839827,1.8506191415165016,-0.9165026799507765
2025-03-25 09:20:00+05:30,1.8499280498648984,1.704013135578588,1.7919999622978429
2025-03-25 09:25:00+05:30,1.7078351928752666,1.725894788470826,1.316063096615583
2025-03-25 09:30:00+05:30,1.7362548316774673,1.8287374886242633,0.9890731781877516
2025-03-25 09:35:00+05:30,1.8368123198449156,1.8615599679626207,1.043078121386655
2025-03-25 09:40:00+05:30,1.8499280498648984,1.879066358716494,0.6095505310465797
2025-03-25 09:45:00+05:30,1.8805331989186485,1.9009480116087323,0.4531633600479087
2025-03-25 09:50:00+05:30,1.9002081282039653,1.9315828598779072,1.8853431097615196
2025-03-25 09:55:00+05:30,1.937369808012364,1.9644053392162646,0.9718023609431368
2025-03-25 10:00:00+05:30,1.9636039365630151,1.844056248308954,1.3123034090852477
2025-03-25 10:05:00+05:30,1.8433715191102498,1.7696580942553026,0.538258940339776
2025-03-25 10:10:00+05:30,1.7624862917174327,1.669003025171048,1.235550377544904
2025-03-25 10:15:00+05:30,1.6619288035499844,1.6930723091324686,0.7364063458859207
2025-03-25 10:20:00+05:30,1.7012786621206182,1.7237071574016436,-0.18882505236889485
2025-03-25 10:25:00+05:30,1.7231391016574846,1.6624374608632937,0.06430085756821914
2025-03-25 10:30:00+05:30,1.650998583781551,1.6405558079710556,0.5457941456637325
2025-03-25 10:35:00+05:30,1.6313236544962342,1.596792502186579,1.076005069020751
2025-03-25 10:40:00+05:30,1.596347484939385,1.6339902436633014,1.4235743297198926
2025-03-25 10:45:00+05:30,1.6356973435100188,1.596792502186579,-0.18823933262732678
2025-03-25 10:50:00+05:30,1.6072777047078184,1.6164865240096347,-0.08332426270185944
2025-03-25 10:55:00+05:30,1.6116487252109173,1.612108590771063,1.0828437427601403
2025-03-25 11:00:00+05:30,1.6269526339931353,1.631802612594119,0.03262450073368724
2025-03-25 11:05:00+05:30,1.6269526339931353,1.5880393068096423,0.8043023451179584
2025-03-25 11:10:00+05:30,1.5788580659056177,1.5770984803635233,-0.2253850454270415
2025-03-25 11:15:00+05:30,1.5701160248994197,1.6164865240096347,0.7782378166181798
2025-03-25 11:20:00+05:30,1.6182079244762515,1.590226937878825,-0.3902968132050205
2025-03-25 11:25:00+05:30,1.5810462446678528,1.5442760010251657,0.17749515519206738
2025-03-25 11:30:00+05:30,1.5438818963487686,1.55084156533292,-0.0043470791698856
2025-03-25 11:35:00+05:30,1.5482555853625533,1.4830089755870226,1.169767718461497
2025-03-25 11:40:00+05:30,1.4957899967719368,1.4720681491409036,0.5518096457122693
2025-03-25 11:45:00+05:30,1.4695558682212857,1.5070782595484433,-0.06500864808039347
2025-03-25 11:50:00+05:30,1.50672021654037,1.5311475435098643,-0.427410865478164
2025-03-25 11:55:00+05:30,1.530766166328786,1.5530291964021024,-0.31982048105742633
2025-03-25 12:00:00+05:30,1.5482555853625533,1.5749108492943407,-0.11390833136968334
2025-03-25 12:05:00+05:30,1.5744870454025186,1.592417240048214,-0.308367285570278
2025-03-25 12:10:00+05:30,1.5897882856740508,1.58585167574046,-0.003128148896892618
2025-03-25 12:15:00+05:30,1.585417265170952,1.5399007388868007,-0.01817481414987741
2025-03-25 12:20:00+05:30,1.5395108758456695,1.6339902436633014,1.1082592304652081
2025-03-25 12:25:00+05:30,1.6356973435100188,1.6208617861479997,0.9259025125464725
2025-03-25 12:30:00+05:30,1.6356973435100188,1.6208617861479997,-0.272828344494054
2025-03-25 12:35:00+05:30,1.6072777047078184,1.642743439040238,1.2108709970826175
2025-03-25 12:40:00+05:30,1.6444393845162169,1.6558718965555397,0.00871288804075349
2025-03-25 12:45:00+05:30,1.6466275632784522,1.6536842654863573,-0.5946892576173437
2025-03-25 12:50:00+05:30,1.6531840940331006,1.5792861114327057,-0.14770594348448873
2025-03-25 12:55:00+05:30,1.5788580659056177,1.5639700228482216,-0.1497876231065482
2025-03-25 13:00:00+05:30,1.5788580659056177,1.5595947607098566,-0.42543208256746107
2025-03-25 13:05:00+05:30,1.5548121161172017,1.581476413602095,-0.36371780114845925
2025-03-25 13:10:00+05:30,1.5810462446678528,1.5486539342637373,0.2284765181034167
2025-03-25 13:15:00+05:30,1.5482555853625533,1.555216827471285,0.8882581464532606
2025-03-25 13:20:00+05:30,1.5526266058656524,1.555216827471285,0.3848161983122308
2025-03-25 13:25:00+05:30,1.5635568256340855,1.51583145492538,0.08100178533455155
2025-03-25 13:30:00+05:30,1.5154649260572537,1.5399007388868007,-0.10544705564351778
2025-03-25 13:35:00+05:30,1.5395108758456695,1.5639700228482216,0.11979384551597105
2025-03-25 13:40:00+05:30,1.5635568256340855,1.561782391779039,0.9573493305633629
2025-03-25 13:45:00+05:30,1.5569976263687513,1.5749108492943407,0.6704653841696575
2025-03-25 13:50:00+05:30,1.5744870454025186,1.5595947607098566,0.1868666710571563
2025-03-25 13:55:00+05:30,1.5723015351509693,1.5530291964021024,0.8301689953266665
2025-03-25 14:00:00+05:30,1.5504410956141028,1.5530291964021024,0.0010906162687259482
2025-03-25 14:05:00+05:30,1.5569976263687513,1.5595947607098566,-0.18288078850514336
2025-03-25 14:10:00+05:30,1.561371315382536,1.5705355871559756,-0.24500665676957137
2025-03-25 14:15:00+05:30,1.5569976263687513,1.5114535216868084,-0.14775343427434562
2025-03-25 14:20:00+05:30,1.5242069670634517,1.5180190859945626,0.09185343081684622
2025-03-25 14:25:00+05:30,1.530766166328786,1.520206717063745,0.617394426504606
2025-03-25 14:30:00+05:30,1.5154649260572537,1.5749108492943407,-0.01853891020544674
2025-03-25 14:35:00+05:30,1.5701160248994197,1.55084156533292,0.7651224434860411
2025-03-25 14:40:00+05:30,1.5438818963487686,1.5399007388868007,0.09885040718909163
2025-03-25 14:45:00+05:30,1.5395108758456695,1.5223943481329276,0.5958415230412301
2025-03-25 14:50:00+05:30,1.5220214568119022,1.4720681491409036,0.20636164029340118
2025-03-25 14:55:00+05:30,1.4717440469835208,1.4655025848331493,1.0264088541468939
2025-03-25 15:00:00+05:30,1.4695558682212857,1.4698778469715144,1.838240161355148
2025-03-25 15:05:00+05:30,1.4717440469835208,1.4589370205253953,3.5981459367393716
2025-03-25 15:10:00+05:30,1.4542546279497535,1.447996194079276,3.301613444873079
2025-03-25 15:15:00+05:30,1.4455099184328697,1.3932920618486804,5.000675603319011
2025-03-25 15:20:00+05:30,1.3996035291075875,1.3473411249950213,4.9462669884063235
2025-03-25 15:25:00+05:30,1.3471379405169708,1.3057654502797273,2.4546706136973127
2025-03-26 09:15:00+05:30,1.3930443298422532,1.367035146818077,-0.9165026799507765
2025-03-26 09:20:00+05:30,1.3843022888360552,1.4939498020331416,0.6078804382699464
2025-03-26 09:25:00+05:30,1.4936044865203872,1.4961374331023243,-0.015934831894961737
2025-03-26 09:30:00+05:30,1.511091237043469,1.4151737147409187,-0.1009512608704008
2025-03-26 09:35:00+05:30,1.3908588195907037,1.2466860559107666,0.5364622054568576
2025-03-26 09:40:00+05:30,1.2465804523495225,1.2773209041799416,-0.20547848934537039
2025-03-26 09:45:00+05:30,1.268440891886389,1.345153493925839,-0.1425452776533756
2025-03-26 09:50:00+05:30,1.3449524302654214,1.351719058233593,-0.49217247257964825
2025-03-26 09:55:00+05:30,1.3558826500338546,1.3779759732641963,-0.2880016518533238
2025-03-26 10:00:00+05:30,1.3755575793191714,1.349528756064204,-0.4045915409519382
2025-03-26 10:05:00+05:30,1.3515116295307557,1.3188965788952356,-0.30678425924171565
2025-03-26 10:10:00+05:30,1.3187209702254559,1.3429658628566563,1.0032333486967415
2025-03-26 10:15:00+05:30,1.353697139782305,1.4151737147409187,-0.31436695535552917
2025-03-26 10:20:00+05:30,1.421463968644454,1.3998576261564346,-0.16617986073881094
2025-03-26 10:25:00+05:30,1.4039745496106864,1.4589370205253953,-0.49909821276710836
2025-03-26 10:30:00+05:30,1.4586256484528524,1.4873842377253876,-0.38372725394148693
2025-03-26 10:35:00+05:30,1.4826742667519541,1.447996194079276,-0.1983786162617684
2025-03-26 10:40:00+05:30,1.4455099184328697,1.4304924744256093,-0.6096488564222575
2025-03-26 10:45:00+05:30,1.4433244081813201,1.4655025848331493,-0.4529134196313028
2025-03-26 10:50:00+05:30,1.4586256484528524,1.4589370205253953,-0.5950850141994842
2025-03-26 10:55:00+05:30,1.4455099184328697,1.485196606656205,-0.2452441107188557
2025-03-26 11:00:00+05:30,1.4804860879897188,1.3954823640180696,-0.1878989819666859
2025-03-26 11:05:00+05:30,1.3930443298422532,1.3779759732641963,-0.48781123504445906
2025-03-26 11:10:00+05:30,1.377743089570721,1.3954823640180696,-0.6537836304625748
2025-03-26 11:15:00+05:30,1.397418018856038,1.371410408956442,-0.6703816615175507
2025-03-26 11:20:00+05:30,1.3689983800538372,1.3232718410336006,-0.3582721905782049
2025-03-26 11:25:00+05:30,1.3187209702254559,1.3889167997103153,-0.3308304291725772
2025-03-26 11:30:00+05:30,1.401789039359137,1.3757883421950137,-0.6941982926307707
2025-03-26 11:35:00+05:30,1.3886733093391541,1.3779759732641963,-0.6491374481882445
2025-03-26 11:40:00+05:30,1.3711838903053868,1.3932920618486804,-0.6708644845477623
2025-03-26 11:45:00+05:30,1.3886733093391541,1.345153493925839,-0.3221554448920557
2025-03-26 11:50:00+05:30,1.3405814097623223,1.3057654502797273,-0.36481800444681006
2025-03-26 11:55:00+05:30,1.3056025716947877,1.23793286053383,-0.5599259994421153
2025-03-26 12:00:00+05:30,1.2378357428326388,1.23793286053383,-0.4962091897174821
2025-03-26 12:05:00+05:30,1.2378357428326388,1.2598145134260683,-0.6400192165357256
2025-03-26 12:10:00+05:30,1.2596961823695052,1.2773209041799416,-0.6777269036820799
2025-03-26 12:15:00+05:30,1.2771856014032725,1.2248044030185283,-0.5963672655256197
2025-03-26 12:20:00+05:30,1.224720012812656,1.2423107937724016,-0.68713008007374
2025-03-26 12:25:00+05:30,1.244394942097973,1.2182388387107743,-0.40860451269484366
2025-03-26 12:30:00+05:30,1.2181608135473219,1.2357452294646476,-0.6245451341740289
2025-03-26 12:35:00+05:30,1.244394942097973,1.248873686979949,-0.43451865369340875
2025-03-26 12:40:00+05:30,1.248765962601072,1.3123310145874814,0.9567082049002951
2025-03-26 12:45:00+05:30,1.3121617709601217,1.321084209964418,-0.11014864383934785
2025-03-26 12:50:00+05:30,1.3209064804770054,1.29920255707218,-0.5712842133495498
2025-03-26 12:55:00+05:30,1.299046040940139,1.2816961663183066,-0.3533410635647333
2025-03-26 13:00:00+05:30,1.2815566219063717,1.2094883144340443,-0.5098548766696893
2025-03-26 13:05:00+05:30,1.194114863758906,1.1591594443418136,0.0550401535461296
2025-03-26 13:10:00+05:30,1.159138694202057,1.1635347064801786,-0.2552409219837267
2025-03-26 13:15:00+05:30,1.1635097147051559,1.1394654225187577,-0.22043017301864143
2025-03-26 13:20:00+05:30,1.146022964182074,1.2007351190571076,-0.27756159321645535
2025-03-26 13:25:00+05:30,1.20067406302424,1.1679126397187503,-0.2979272269334095
2025-03-26 13:30:00+05:30,1.1635097147051559,1.1132085074881546,-0.3508003063073908
2025-03-26 13:35:00+05:30,1.111046794625225,1.0935144856650987,-0.0823427863781508
2025-03-26 13:40:00+05:30,1.0935573755914576,1.0366227223653206,0.17154297619667308
2025-03-26 13:45:00+05:30,1.036720766497742,1.0125534384038997,-0.08485188310892207
2025-03-26 13:50:00+05:30,1.0083011276955414,1.027869526988384,-0.22145914013220694
2025-03-26 13:55:00+05:30,1.0323470774839574,1.0213039626806297,0.2276533444125643
2025-03-26 14:00:00+05:30,1.0214168577155243,1.0716328327728604,-0.1358332460202714
2025-03-26 14:05:00+05:30,1.0716969360545912,1.0497511798806223,-0.3986472770881867
2025-03-26 14:10:00+05:30,1.0498364965177247,1.0300571580575664,-0.28399659524206117
2025-03-26 14:15:00+05:30,1.0301615672324078,1.0038002430269632,-0.35760731952020874
2025-03-26 14:20:00+05:30,0.9951853976755588,1.027869526988384,-0.32733194098645446
2025-03-26 14:25:00+05:30,1.0279760569808585,1.038810353434503,-0.33312581734899255
2025-03-26 14:30:00+05:30,1.0323470774839574,1.027869526988384,0.08886942618750625
2025-03-26 14:35:00+05:30,1.0323470774839574,1.0519388109498047,-0.038833307737615605
2025-03-26 14:40:00+05:30,1.0520220067692743,1.073820463842043,0.5822433268788798
2025-03-26 14:45:00+05:30,1.0738824463061407,1.0913268545959163,-0.006808685110799998
2025-03-26 14:50:00+05:30,1.091371865339908,1.043185615572868,0.1176409297091263
2025-03-26 14:55:00+05:30,1.0432772972523907,1.062879637395924,0.16437978205992862
2025-03-26 15:00:00+05:30,1.0629522265377076,1.0366227223653206,1.036191956857409
2025-03-26 15:05:00+05:30,1.0323470774839574,1.062879637395924,1.7877337063423673
2025-03-26 15:10:00+05:30,1.060766716286158,1.0519388109498047,1.4495834522981714
2025-03-26 15:15:00+05:30,1.0498364965177247,0.992859416580844,1.9909784566664828
2025-03-26 15:20:00+05:30,0.9886261984102246,0.9622245683116691,0.6306285266113869
2025-03-26 15:25:00+05:30,0.9602092281187097,0.9797309590655423,0.43093767039489383
2025-03-27 09:15:00+05:30,0.9842551779071256,1.130712227141821,-0.9165026799507765
2025-03-27 09:20:00+05:30,1.13946376491674,1.1788534661648693,1.5839586421981835
2025-03-27 09:25:00+05:30,1.1766281132358243,1.0978897478034637,0.9400705981871053
2025-03-27 09:30:00+05:30,1.1132323048767745,1.0891392235267336,0.024155309875878862
2025-03-27 09:35:00+05:30,1.0826271558230245,1.1175837696265196,-0.20817754923556914
2025-03-27 09:40:00+05:30,1.1241625246452078,1.1394654225187577,-0.33216017128856956
2025-03-27 09:45:00+05:30,1.146022964182074,1.1788534661648693,0.45774622126909664
2025-03-27 09:50:00+05:30,1.1788136234873738,1.268567708803005,0.2899216850465629
2025-03-27 09:55:00+05:30,1.2706264021379385,1.2904493616952433,0.20943271137081207
2025-03-27 10:00:00+05:30,1.3077907504570228,1.2466860559107666,-0.2943654176941443
2025-03-27 10:05:00+05:30,1.2465804523495225,1.2598145134260683,-0.3156412915500218
2025-03-27 10:10:00+05:30,1.2596961823695052,1.2423107937724016,-0.4040770573951555
2025-03-27 10:15:00+05:30,1.248765962601072,1.1941695547493534,-0.3079082079349949
2025-03-27 10:20:00+05:30,1.1875583330042574,1.23793286053383,-0.5009820140980975
2025-03-27 10:25:00+05:30,1.2356502325810892,1.279508535249124,-0.48102796722656954
2025-03-27 10:30:00+05:30,1.2859303109201563,1.2707553398721874,-0.2500485956260423
2025-03-27 10:35:00+05:30,1.2662553816348394,1.2291796651568934,-0.5632820152586674
2025-03-27 10:40:00+05:30,1.2422094318464234,1.2423107937724016,-0.6707378424414773
2025-03-27 10:45:00+05:30,1.2400212530841883,1.222616771949346,-0.4334659411849148
2025-03-27 10:50:00+05:30,1.224720012812656,1.27294297094137,-0.3137654053506755
2025-03-27 10:55:00+05:30,1.268440891886389,1.226992034087711,-0.5841621325324042
2025-03-27 11:00:00+05:30,1.2269055230642056,1.3035778192105447,-0.26591051943823674
2025-03-27 11:05:00+05:30,1.3143472812116712,1.3057654502797273,-0.1365930986579813
2025-03-27 11:10:00+05:30,1.3077907504570228,1.4348677365639744,1.6686347205129817
2025-03-27 11:15:00+05:30,1.4345796986644366,1.3539066893027756,0.01002679989346021
2025-03-27 11:20:00+05:30,1.3427669200138719,1.345153493925839,-0.4866872863511798
2025-03-27 11:25:00+05:30,1.3383932310000872,1.3167062767258464,-0.4039820758154417
2025-03-27 11:30:00+05:30,1.3187209702254559,1.2904493616952433,-0.2546868627687299
2025-03-27 11:35:00+05:30,1.2837421321579212,1.2860740995568782,-0.4827218053981312
2025-03-27 11:40:00+05:30,1.2859303109201563,1.283883797387489,-0.40685526860178234
2025-03-27 11:45:00+05:30,1.279371111654822,1.27294297094137,-0.611311034067248
2025-03-27 11:50:00+05:30,1.2728119123894879,1.2401204916030126,-0.5023196713457326
2025-03-27 11:55:00+05:30,1.2378357428326388,1.2401204916030126,-0.3165277862940167
2025-03-27 12:00:00+05:30,1.2378357428326388,1.207298012264655,-0.3465815411417722
2025-03-27 12:05:00+05:30,1.2072305937788887,1.1941695547493534,-0.5946101063009156
2025-03-27 12:10:00+05:30,1.194114863758906,1.187606661541806,-0.5439216032603502
2025-03-27 12:15:00+05:30,1.1853701542420223,1.1854163593724167,-0.38401219868062814
2025-03-27 12:20:00+05:30,1.1809991337389232,1.1941695547493534,-0.5196617247751328
2025-03-27 12:25:00+05:30,1.194114863758906,1.187606661541806,-0.6039657919027188
2025-03-27 12:30:00+05:30,1.1853701542420223,1.1657250086495676,-0.5809565042170656
2025-03-27 12:35:00+05:30,1.165697893467391,1.1701002707879327,-0.47222634083976306
2025-03-27 12:40:00+05:30,1.1722544242220396,1.1657250086495676,-0.49231494494921885
2025-03-27 12:45:00+05:30,1.1613242044536063,1.1701002707879327,-0.5002933976451729
2025-03-27 12:50:00+05:30,1.1678834037189405,1.1372777914495753,-0.27016094513042654
2025-03-27 12:55:00+05:30,1.1372782546651905,1.1482186178956943,-0.35630132279914484
2025-03-27 13:00:00+05:30,1.1438374539305247,1.1679126397187503,-0.3032620256606645
2025-03-27 13:05:00+05:30,1.165697893467391,1.176665835095687,-0.31450942772509977
2025-03-27 13:10:00+05:30,1.17006891397049,1.176665835095687,-0.2267147875430338
2025-03-27 13:15:00+05:30,1.1766281132358243,1.1744755329262977,-0.417453629871507
2025-03-27 13:20:00+05:30,1.1831846439904727,1.191981923680171,-0.3391017417393153
2025-03-27 13:25:00+05:30,1.1919293535073565,1.176665835095687,-0.3664485215652293
2025-03-27 13:30:00+05:30,1.1809991337389232,1.20292275012629,-0.14939978165605042
2025-03-27 13:35:00+05:30,1.2028595732757896,1.2423107937724016,0.14721977665831315
2025-03-27 13:40:00+05:30,1.2422094318464234,1.27294297094137,-0.07411896460126959
2025-03-27 13:45:00+05:30,1.2815566219063717,1.360469582510323,0.3381169216196426
2025-03-27 13:50:00+05:30,1.3602536705369537,1.3473411249950213,0.4099784018047288
2025-03-27 13:55:00+05:30,1.3493234507685203,1.3276471031719657,-0.2022649458983889
2025-03-27 14:00:00+05:30,1.3274630112316539,1.2773209041799416,0.25859359400431475
2025-03-27 14:05:00+05:30,1.2771856014032725,1.2466860559107666,-0.1340760867955672
2025-03-27 14:10:00+05:30,1.244394942097973,1.2663800777338223,-0.09632090885935603
2025-03-27 14:15:00+05:30,1.2662553816348394,1.2576268823568857,-0.0453949518695064
2025-03-27 14:20:00+05:30,1.2618816926210548,1.2401204916030126,-0.09352686738944355
2025-03-27 14:25:00+05:30,1.2378357428326388,1.2204291408801633,-0.13477261838013463
2025-03-27 14:30:00+05:30,1.2269055230642056,1.3123310145874814,0.4436493718132492
2025-03-27 14:35:00+05:30,1.3143472812116712,1.23793286053383,0.3125114707551471
2025-03-27 14:40:00+05:30,1.2378357428326388,1.2510613180491317,0.5097565512940114
2025-03-27 14:45:00+05:30,1.2509514728526214,1.2904493616952433,0.8654388219270349
2025-03-27 14:50:00+05:30,1.2924868416748048,1.3364002985489023,1.6487677400895246
2025-03-27 14:55:00+05:30,1.3405814097623223,1.397669995087252,2.4986550002364165
2025-03-27 15:00:00+05:30,1.3930443298422532,1.3954823640180696,10.435949011647859
2025-03-27 15:05:00+05:30,1.3864877990876048,1.3429658628566563,9.30851766044578
2025-03-27 15:10:00+05:30,1.3274630112316539,1.4129860836717363,11.028483681560376
2025-03-27 15:15:00+05:30,1.3930443298422532,1.3823512354025613,9.550863161085385
2025-03-27 15:20:00+05:30,1.377743089570721,1.4195516479794903,10.195162791941888
2025-03-27 15:25:00+05:30,1.432394188412887,1.5070782595484433,7.370877604022221
2025-03-28 09:15:00+05:30,1.4608138272150877,1.5946048711173966,-0.9165026799507765
2025-03-28 09:20:00+05:30,1.6094632149593677,1.5595947607098566,0.04687965282239088
2025-03-28 09:25:00+05:30,1.5482555853625533,1.4983250641715067,-0.056278257878372304
2025-03-28 09:30:00+05:30,1.4957899967719368,1.467690215902332,-0.38224712432428115
2025-03-28 09:35:00+05:30,1.4783005777381693,1.432680105494792,-0.21774694339172831
2025-03-28 09:40:00+05:30,1.4061627283729217,1.4173640169103079,-0.010544627246207059
2025-03-28 09:45:00+05:30,1.4192784583929043,1.48957186879457,-0.11090849647705775
2025-03-28 09:50:00+05:30,1.47611506748662,1.6296149815249363,0.6670777078265342
2025-03-28 09:55:00+05:30,1.6029066842047193,1.6361805458326906,0.25839571571324443
2025-03-28 10:00:00+05:30,1.6356973435100188,1.627427350455754,-0.39018600136202114
2025-03-28 10:05:00+05:30,1.6182079244762515,1.5333351745790467,-0.3641452182571711
2025-03-28 10:10:00+05:30,1.5263951458256868,1.4917594998637527,-0.42738712008323554
2025-03-28 10:15:00+05:30,1.5023465275265853,1.5070782595484433,-0.4152057324849485
2025-03-28 10:20:00+05:30,1.50672021654037,1.4808186734176334,-0.5322626143504888
2025-03-28 10:25:00+05:30,1.4804860879897188,1.5420883699559833,-0.4725983520269752
2025-03-28 10:30:00+05:30,1.5438818963487686,1.6230494172171823,-0.188104775389399
2025-03-28 10:35:00+05:30,1.6269526339931353,1.6186741550788173,-0.3652533366871647
2025-03-28 10:40:00+05:30,1.6225789449793506,1.5770984803635233,-0.614421680802873
2025-03-28 10:45:00+05:30,1.5897882856740508,1.642743439040238,-0.04381192554094408
2025-03-28 10:50:00+05:30,1.6488130735300017,1.5989801332557614,-0.4814870448618526
2025-03-28 10:55:00+05:30,1.6072777047078184,1.590226937878825,-0.5022880108191614
2025-03-28 11:00:00+05:30,1.6007185054424842,1.566157653917404,-0.6274737328818691
2025-03-28 11:05:00+05:30,1.5679278461371846,1.5223943481329276,-0.5164323510648657
2025-03-28 11:10:00+05:30,1.530766166328786,1.4830089755870226,-0.483402506719413
2025-03-28 11:15:00+05:30,1.4695558682212857,1.437055367633157,-0.07390525604691367
2025-03-28 11:20:00+05:30,1.4433244081813201,1.4501864962486652,-0.44792688669633157
2025-03-28 11:25:00+05:30,1.452069117698204,1.437055367633157,-0.5058102444002126
2025-03-28 11:30:00+05:30,1.4433244081813201,1.4086108215333712,-0.5764844548388771
2025-03-28 11:35:00+05:30,1.4105337488760206,1.4304924744256093,-0.3112009026984045
2025-03-28 11:40:00+05:30,1.4345796986644366,1.439245669802546,-0.4447450037759213
2025-03-28 11:45:00+05:30,1.4498836074466543,1.447996194079276,0.322555772809875
2025-03-28 11:50:00+05:30,1.4608138272150877,1.48957186879457,-0.4600766137680473
2025-03-28 11:55:00+05:30,1.4979755070234861,1.4698778469715144,-0.5578522349516987
2025-03-28 12:00:00+05:30,1.4848597770035035,1.485196606656205,-0.28050602218758125
2025-03-28 12:05:00+05:30,1.4848597770035035,1.509265890617626,-0.651171637020447
2025-03-28 12:10:00+05:30,1.5001610172750357,1.513641152755991,-0.6722496325852543
2025-03-28 12:15:00+05:30,1.5132767472950184,1.4611273226947843,-0.4863231902956105
2025-03-28 12:20:00+05:30,1.4542546279497535,1.4217392790486727,-0.2925924282061545
2025-03-28 12:25:00+05:30,1.4170929481413548,1.3648475157488946,-0.2722347096208432
2025-03-28 12:30:00+05:30,1.3711838903053868,1.3123310145874814,-0.009856010793282452
2025-03-28 12:35:00+05:30,1.3121617709601217,1.3320250364105373,-0.37280437227440694
2025-03-28 12:40:00+05:30,1.3318367002454385,1.362659884679712,-0.4956947061606994
2025-03-28 12:45:00+05:30,1.3515116295307557,1.3364002985489023,-0.4896475455855913
2025-03-28 12:50:00+05:30,1.3405814097623223,1.362659884679712,-0.6227721446860391
2025-03-28 12:55:00+05:30,1.3493234507685203,1.3648475157488946,-0.45269971107694695
2025-03-28 13:00:00+05:30,1.3646273595507383,1.3035778192105447,-0.5412067131068659
2025-03-28 13:05:00+05:30,1.3012315511916885,1.3035778192105447,-0.4651977039409464
2025-03-28 13:10:00+05:30,1.3187209702254559,1.29920255707218,-0.46004495324147604
2025-03-28 13:15:00+05:30,1.303417061443238,1.2707553398721874,-0.5055094693977857
2025-03-28 13:20:00+05:30,1.2662553816348394,1.2904493616952433,-0.4935101298272834
2025-03-28 13:25:00+05:30,1.2903013314232554,1.27294297094137,-0.5533564401785817
2025-03-28 13:30:00+05:30,1.2706264021379385,1.3167062767258464,-0.5199070938560599
2025-03-28 13:35:00+05:30,1.3274630112316539,1.2882617306260606,-0.4419747077009373
2025-03-28 13:40:00+05:30,1.2815566219063717,1.2620021444952507,-0.45689473084763704
2025-03-28 13:45:00+05:30,1.2662553816348394,1.233557598395465,-0.42834485101201575
2025-03-28 13:50:00+05:30,1.2356502325810892,1.2423107937724016,-0.5623480297248156
2025-03-28 13:55:00+05:30,1.2465804523495225,1.2904493616952433,-0.40646742715128453
2025-03-28 14:00:00+05:30,1.279371111654822,1.268567708803005,-0.3346692680193408
2025-03-28 14:05:00+05:30,1.2815566219063717,1.2773209041799416,-0.13874601446482604
2025-03-28 14:10:00+05:30,1.2771856014032725,1.349528756064204,-0.14336053621258518
2025-03-28 14:15:00+05:30,1.334022210496988,1.4042328882947996,0.4462930257819483
2025-03-28 14:20:00+05:30,1.4192784583929043,1.4348677365639744,0.24968907090615172
2025-03-28 14:25:00+05:30,1.4389533876782212,1.5180190859945626,0.6400791937929039
2025-03-28 14:30:00+05:30,1.5220214568119022,1.443620931940911,0.15763608990025316
2025-03-28 14:35:00+05:30,1.4476954286844192,1.509265890617626,0.17718646505799773
2025-03-28 14:40:00+05:30,1.5089057267919195,1.5639700228482216,0.733454001783152
2025-03-28 14:45:00+05:30,1.5701160248994197,1.5530291964021024,0.10105081378579325
2025-03-28 14:50:00+05:30,1.5504410956141028,1.5420883699559833,0.1939190533509014
2025-03-28 14:55:00+05:30,1.5504410956141028,1.5399007388868007,-0.09699369504899502
2025-03-28 15:00:00+05:30,1.5154649260572537,1.386729168641133,1.2305400992150042
2025-03-28 15:05:00+05:30,1.3930443298422532,1.360469582510323,0.8482471559988481
2025-03-28 15:10:00+05:30,1.3580681602854041,1.3845415375719503,0.9147263466668225
2025-03-28 15:15:00+05:30,1.3930443298422532,1.314518645656664,1.79497605179554
2025-03-28 15:20:00+05:30,1.3077907504570228,1.3342126674797197,1.8899418012459932
2025-03-28 15:25:00+05:30,1.3274630112316539,1.3123310145874814,1.493290809229777
