Date,Open,Close,Volume
2020-03-30 00:00:00+05:30,-2.626759889699254,-2.606688388952151,3.6021300604428115
2020-03-31 00:00:00+05:30,-2.5192312561239887,-2.534994056456053,0.7915132573720463
2020-04-01 00:00:00+05:30,-2.5365500546565745,-2.7117439381431407,1.413143231005151
2020-04-03 00:00:00+05:30,-2.665915480733462,-2.7939061205961857,1.8994540700771139
2020-04-07 00:00:00+05:30,-2.7110955170251407,-2.611658516948554,1.710816031612106
2020-04-08 00:00:00+05:30,-2.635795711574259,-2.7167146565095144,2.2366861167619425
2020-04-09 00:00:00+05:30,-2.6501777691139883,-2.6252891756304844,1.6371607076832038
2020-04-13 00:00:00+05:30,-2.634289799705466,-2.6356822453910964,0.2171543366149293
2020-04-15 00:00:00+05:30,-2.598145642137561,-2.671980946272015,1.3025321542256174
2020-04-16 00:00:00+05:30,-2.7111707249522596,-2.7007486910120426,2.2121208588677983
2020-04-17 00:00:00+05:30,-2.5755557505348143,-2.564967139887004,4.4492925378862065
2020-04-20 00:00:00+05:30,-2.530375495108069,-2.5462148249160976,0.372728991694046
2020-04-21 00:00:00+05:30,-2.6282654963351666,-2.6682153698065743,1.5238670767945273
2020-04-22 00:00:00+05:30,-2.6694544193887575,-2.6202434802777854,0.7316004307676387
2020-04-23 00:00:00+05:30,-2.6056757624800357,-2.4564469061258265,2.021414367097248
2020-04-24 00:00:00+05:30,-2.5142609398926603,-2.5463649756787383,0.21510978543647352
2020-04-27 00:00:00+05:30,-2.5269116672743843,-2.519179028881183,0.4526840582978124
2020-04-28 00:00:00+05:30,-2.47766536074669,-2.4853649984184853,0.02597838255340295
2020-04-29 00:00:00+05:30,-2.464111564817346,-2.415177290088544,0.9839051555397046
2020-04-30 00:00:00+05:30,-2.304476047249182,-2.25130554216027,2.009878832840385
2020-05-04 00:00:00+05:30,-2.32556005459845,-2.377824582019285,0.6700138423921393
2020-05-05 00:00:00+05:30,-2.3419748784230117,-2.374359700659107,0.16511511582275853
2020-05-06 00:00:00+05:30,-2.3650172285531723,-2.418265515407183,0.5401351996808632
2020-05-07 00:00:00+05:30,-2.409895522579032,-2.4362637311350497,0.3252140145467675
2020-05-08 00:00:00+05:30,-2.3660709859328115,-2.4336279260042364,0.03089670485769185
2020-05-11 00:00:00+05:30,-2.411401494407029,-2.3705189504173507,-0.11416407867873621
2020-05-12 00:00:00+05:30,-2.3746554060849236,-2.3491316174755923,0.3802753222277169
2020-05-13 00:00:00+05:30,-2.2833913363293292,-2.3489051121966935,0.012593191385095216
2020-05-14 00:00:00+05:30,-2.4098960411135155,-2.4201482052449084,-0.22858478679078806
2020-05-15 00:00:00+05:30,-2.4008597598909254,-2.434381238087315,0.32946001291737353
2020-05-18 00:00:00+05:30,-2.414413675124832,-2.355005601897695,0.6690001470536603
2020-05-19 00:00:00+05:30,-2.4204379170906574,-2.350411933152841,0.3447886308803106
2020-05-20 00:00:00+05:30,-2.3496556862139384,-2.342956150788266,0.08726588790279732
2020-05-21 00:00:00+05:30,-2.3556795593650386,-2.286323730573949,0.46872115982258844
2020-05-22 00:00:00+05:30,-2.308843526712069,-2.242419096565815,0.6296069901152836
2020-05-26 00:00:00+05:30,-2.2517656428580675,-2.3589215259157665,1.1884871385213573
2020-05-27 00:00:00+05:30,-2.3361018472853736,-2.265086745184822,0.5185184836690784
2020-05-28 00:00:00+05:30,-2.2916749213885907,-2.266592975770998,0.514547666197491
2020-05-29 00:00:00+05:30,-2.301463823926065,-2.3147154096424085,2.820216712694596
2020-06-01 00:00:00+05:30,-2.2894157632661822,-2.2049148602039823,0.6813060652527653
2020-06-02 00:00:00+05:30,-2.1836947444666097,-2.202053140164242,-0.11781374962229264
2020-06-03 00:00:00+05:30,-2.1871862891728164,-2.194500143544431,0.6519039974364468
2020-06-04 00:00:00+05:30,-2.1948890884476557,-2.125918044745795,0.8656711388448134
2020-06-05 00:00:00+05:30,-2.1271468312050192,-2.1913278888999104,0.574369174418928
2020-06-08 00:00:00+05:30,-2.147310682658436,-2.155828155379833,0.19717644849618723
2020-06-09 00:00:00+05:30,-2.1701937390802084,-2.155375144822036,0.16751207015697336
2020-06-10 00:00:00+05:30,-2.149123657216342,-2.0999362558992214,1.5519710752475455
2020-06-11 00:00:00+05:30,-2.11445984365739,-2.1620227106962235,-0.2246826113251921
2020-06-12 00:00:00+05:30,-2.248584915185823,-2.204545288602096,0.1265738552087384
2020-06-15 00:00:00+05:30,-2.20644463797404,-2.2190477269412985,-0.14530977602224493
2020-06-16 00:00:00+05:30,-2.1673242344809083,-2.1950287214585242,-0.30005704977914477
2020-06-17 00:00:00+05:30,-2.1960224250116203,-2.1920076015265963,0.04131374214192841
2020-06-18 00:00:00+05:30,-2.1975328414361206,-2.2066605842084206,-0.4239430002173571
2020-06-19 00:00:00+05:30,-2.2020640280742096,-2.1968415508496735,1.86659722558425
2020-06-22 00:00:00+05:30,-2.1899805155700944,-2.22199308272694,0.34322273511863355
2020-06-23 00:00:00+05:30,-2.2247205322284986,-2.210890191471118,0.9621076413871389
2020-06-24 00:00:00+05:30,-2.214147211548561,-2.200466816051991,-0.046076111735773036
2020-06-25 00:00:00+05:30,-2.2126370657293495,-2.2398938874095813,0.24993886185148084
2020-06-26 00:00:00+05:30,-2.22774136042399,-2.0846789311570175,2.2459448201950756
2020-06-29 00:00:00+05:30,-2.1023758402530444,-2.110661507163553,0.26980214233521954
2020-06-30 00:00:00+05:30,-2.114458931497437,-2.1401180168698226,0.2669731110882915
2020-07-01 00:00:00+05:30,-2.145121026588194,-2.125163158342794,-0.08129865393512348
2020-07-02 00:00:00+05:30,-2.111438609975613,-2.0268230675726646,0.6880023380872401
2020-07-03 00:00:00+05:30,-2.0183204090582616,-1.9626217107493187,0.9493990642778886
2020-07-06 00:00:00+05:30,-1.9558647507092024,-1.866623224074422,1.5654353272977541
2020-07-07 00:00:00+05:30,-1.8501346079567287,-1.85650192129049,1.8349097466934527
2020-07-08 00:00:00+05:30,-1.8576871316097308,-1.9335432346145207,0.09636892107234288
2020-07-09 00:00:00+05:30,-1.9196134615678933,-1.955521134317334,0.4951299458776425
2020-07-10 00:00:00+05:30,-1.955487320068646,-1.928331448509962,4.274314871488525
2020-07-13 00:00:00+05:30,-1.9332081617648198,-1.9318811463559833,0.20064654704906995
2020-07-14 00:00:00+05:30,-1.9483121201924785,-2.0044655599784567,0.2087579483820623
2020-07-15 00:00:00+05:30,-1.9860740279073779,-1.91088483512506,1.7976873931945516
2020-07-16 00:00:00+05:30,-1.8893543222861673,-1.9020265304992257,3.644155515735945
2020-07-17 00:00:00+05:30,-1.8999515201841615,-1.9535028561762544,1.1479258417310212
2020-07-20 00:00:00+05:30,-1.9544495162254392,-1.9426786195467747,0.19399256259328618
2020-07-21 00:00:00+05:30,-1.9105484856620611,-1.9167129674794101,0.017876787221266507
2020-07-22 00:00:00+05:30,-1.9090347594766373,-1.9683404278690313,0.13815229071934598
2020-07-23 00:00:00+05:30,-1.9696621548536322,-1.9982408957935416,-0.2269790541506339
2020-07-24 00:00:00+05:30,-2.024840610044169,-2.019134089069519,0.6306378459552604
2020-07-27 00:00:00+05:30,-2.0089457285300667,-1.9443426757052156,0.9881768946625573
2020-07-28 00:00:00+05:30,-1.9332555577257333,-1.7884775253245198,3.3439699274096646
2020-07-29 00:00:00+05:30,-1.8166912464062135,-1.8394984789638673,2.1170627123207804
2020-07-30 00:00:00+05:30,-1.8259276462535017,-1.8342772469397717,2.734880603121153
2020-07-31 00:00:00+05:30,-1.7998129304992465,-1.8313993901208219,1.2791760988120169
2020-08-03 00:00:00+05:30,-1.8190393676545364,-1.8726568051787025,0.843450740905337
2020-08-04 00:00:00+05:30,-1.8652096063844066,-1.8793929265485498,0.17884351702102289
2020-08-05 00:00:00+05:30,-1.8651338884994575,-1.8645557484357536,0.7137075435808831
2020-08-06 00:00:00+05:30,-1.8424264159108168,-1.790975183882104,1.2943490465113663
2020-08-07 00:00:00+05:30,-1.7924706253275475,-1.8102787076159945,0.32443995335420467
2020-08-10 00:00:00+05:30,-1.7773326322548473,-1.8292795683447192,0.17971686397225176
2020-08-11 00:00:00+05:30,-1.8303161060343693,-1.8336703466095172,0.08476413193443505
2020-08-12 00:00:00+05:30,-1.8222178662064552,-1.8678114420361847,0.477818064241599
2020-08-13 00:00:00+05:30,-1.84545384076649,-1.8722010395610407,0.03650573734726842
2020-08-14 00:00:00+05:30,-1.8393990047325015,-1.8908236699283032,-0.2241359267774755
2020-08-17 00:00:00+05:30,-1.8605914914052701,-1.8737903155231466,-0.006427385900089329
2020-08-18 00:00:00+05:30,-1.8608955101784703,-1.8490376769563295,0.5253912645189595
2020-08-19 00:00:00+05:30,-1.8403828226234418,-1.868946133120571,0.1267963288531567
2020-08-20 00:00:00+05:30,-1.8696747942507141,-1.8746231307623284,0.1587632787683473
2020-08-21 00:00:00+05:30,-1.8651343017772697,-1.8810585570269136,-0.40500209668912673
2020-08-24 00:00:00+05:30,-1.8793634699559199,-1.8818150177498378,-0.2869182343823416
2020-08-25 00:00:00+05:30,-1.8878408140257137,-1.8900664220454177,-0.5961425039975504
2020-08-26 00:00:00+05:30,-1.8923820122332302,-1.8736391808105541,-0.011012304175277522
2020-08-27 00:00:00+05:30,-1.8560505851499458,-1.8813608264520987,0.578110163745455
2020-08-28 00:00:00+05:30,-1.852418492122953,-1.8962743590811526,0.18693837072757089
2020-08-31 00:00:00+05:30,-1.89541051258577,-1.8679625767487773,2.072765942079399
2020-09-01 00:00:00+05:30,-1.851509522651442,-1.884464598179976,0.5974249210563166
2020-09-02 00:00:00+05:30,-1.8848125519629089,-1.8560008939750465,-0.3382949372416854
2020-09-03 00:00:00+05:30,-1.8530241902279396,-1.803996777543886,1.2367994661132315
2020-09-04 00:00:00+05:30,-1.8424271841690347,-1.8201961359699188,1.5905245933626357
2020-09-07 00:00:00+05:30,-1.821232357435063,-1.762284384028305,1.2161179974330785
2020-09-08 00:00:00+05:30,-1.7501591944458523,-1.7302638975377016,2.952758910388357
2020-09-09 00:00:00+05:30,-1.7667359986401565,-1.761377182172769,0.754092332355813
2020-09-10 00:00:00+05:30,-1.7515976764823256,-1.756078021312493,-0.20059662172288012
2020-09-11 00:00:00+05:30,-1.7577285858826428,-1.691051524059589,0.9250164431496855
2020-09-14 00:00:00+05:30,-1.6772689098284088,-1.5134599715837533,2.9883871758731204
2020-09-15 00:00:00+05:30,-1.5148369040938179,-1.5134599715837533,2.869881042654478
2020-09-16 00:00:00+05:30,-1.5185454494705999,-1.495897252104542,0.2683692404601507
2020-09-17 00:00:00+05:30,-1.5320939714207458,-1.559560781884248,1.3434581116727826
2020-09-18 00:00:00+05:30,-1.5245258815374292,-1.576291473284239,0.9482027321734684
2020-09-21 00:00:00+05:30,-1.5548022317391204,-1.5529757952269934,1.2028847992780372
2020-09-22 00:00:00+05:30,-1.524525735006053,-1.4656939243848754,2.980715205953483
2020-09-23 00:00:00+05:30,-1.4866802259154905,-1.5497204952065429,2.9823497437211515
2020-09-24 00:00:00+05:30,-1.5775101666803442,-1.7544135715740714,3.547682853565463
2020-09-25 00:00:00+05:30,-1.7016424922482052,-1.6180778598361936,3.4272890651820593
2020-09-28 00:00:00+05:30,-1.5926470476262058,-1.6120210575130511,1.0486590821916606
2020-09-29 00:00:00+05:30,-1.60044313543052,-1.5180022781411247,2.6719475282531273
2020-09-30 00:00:00+05:30,-1.5184701543689265,-1.512097397690536,0.7851228091892648
2020-10-01 00:00:00+05:30,-1.4866793449842803,-1.4649358893420286,-0.015800084093172212
2020-10-05 00:00:00+05:30,-1.320160230450481,-1.1888592118731722,9.055834270711774
2020-10-06 00:00:00+05:30,-1.1445574217127752,-1.1759899336639246,4.41898218924061
2020-10-07 00:00:00+05:30,-1.1354746495254973,-1.1432121992904356,4.302372904312531
2020-10-08 00:00:00+05:30,-1.0476737376590963,-1.0073314660102584,10.543419309553558
2020-10-09 00:00:00+05:30,-1.032536071721365,-1.0266353833241297,3.127579680772344
2020-10-12 00:00:00+05:30,-1.0242092676481394,-1.0008208659693576,1.2178352733329685
2020-10-13 00:00:00+05:30,-0.9795525187766368,-1.0060448530533181,0.9645186918475841
2020-10-14 00:00:00+05:30,-0.9657505050697409,-1.0135704958644693,1.0785489985505603
2020-10-15 00:00:00+05:30,-1.0128792864385854,-1.118481994782519,2.4473557876499505
2020-10-16 00:00:00+05:30,-1.105463427563133,-1.0839677855341388,1.6165533968845234
2020-10-19 00:00:00+05:30,-1.0691291974246258,-1.1626511145376903,0.4259951883433116
2020-10-20 00:00:00+05:30,-1.1436222365081556,-1.1209147126432861,0.47200923448458343
2020-10-21 00:00:00+05:30,-1.122338736865606,-1.2176157395837495,1.1853161229945797
2020-10-22 00:00:00+05:30,-1.2409195690552062,-1.2240775357070424,1.6095182041454665
2020-10-23 00:00:00+05:30,-1.20017571552217,-1.2002816900733306,0.5288950711997843
2020-10-26 00:00:00+05:30,-1.1969076810847328,-1.198153603117633,0.02245251237065229
2020-10-27 00:00:00+05:30,-1.1820090540570345,-1.2864158816916986,0.5524362148795402
2020-10-28 00:00:00+05:30,-1.2576425453345008,-1.2985035100592566,0.5720132827132972
2020-10-29 00:00:00+05:30,-1.3214940224514653,-1.2826150798179845,0.28795979154508466
2020-10-30 00:00:00+05:30,-1.2787733481088936,-1.2336553045376142,0.4847141343435129
2020-11-02 00:00:00+05:30,-1.242439661106588,-1.3252630129477128,-0.039788626561978666
2020-11-03 00:00:00+05:30,-1.3275757682558027,-1.2811710348687606,0.14902162979306108
2020-11-04 00:00:00+05:30,-1.318453147627852,-1.2514455132456757,1.3837558721901164
2020-11-05 00:00:00+05:30,-1.2044326136350352,-1.201954404991347,0.1105533013104067
2020-11-06 00:00:00+05:30,-1.183148871199359,-1.1688846342721715,0.7650542155626057
2020-11-09 00:00:00+05:30,-1.134347496759213,-1.1397671937192833,0.6192947544651946
2020-11-10 00:00:00+05:30,-1.185886856302869,-1.2568438562610906,1.3016869995268494
2020-11-11 00:00:00+05:30,-1.2303540317267208,-1.1987620777678103,0.3716006887205636
2020-11-12 00:00:00+05:30,-1.2029125583024853,-1.2242290639996156,-0.1217245053386375
2020-11-13 00:00:00+05:30,-1.2489013799473043,-1.2458200745813912,-0.053947878922849246
2020-11-14 00:00:00+05:30,-1.2151507951352702,-1.2252933042674548,-1.4324718019953862
2020-11-17 00:00:00+05:30,-1.1892294861370636,-1.2318306677470436,0.11715457851158997
2020-11-18 00:00:00+05:30,-1.2409194841390083,-1.2917374766108753,0.15790402794334882
2020-11-19 00:00:00+05:30,-1.2774063512719491,-1.2761532836946918,0.9385468857056712
2020-11-20 00:00:00+05:30,-1.2500408970821935,-1.240650007954788,0.0461824215668843
2020-11-23 00:00:00+05:30,-1.1968315829785758,-1.1433412935241085,0.6559606174155231
2020-11-24 00:00:00+05:30,-1.129331132322535,-1.1466855426201992,0.2968758978233145
2020-11-25 00:00:00+05:30,-1.1375416563105767,-1.1782360946138353,0.4082555199199294
2020-11-26 00:00:00+05:30,-1.2029126413729008,-1.148890771252116,-0.18080933774577465
2020-11-27 00:00:00+05:30,-1.174027985253303,-1.2111539434604568,2.114842266001972
2020-12-01 00:00:00+05:30,-1.213553829548081,-1.1394633499741753,0.5938144741161838
2020-12-02 00:00:00+05:30,-1.1527435349709112,-1.1048735733694985,-0.07788739138737619
2020-12-03 00:00:00+05:30,-1.0692809912503816,-1.165843835341208,0.13264499548864941
2020-12-04 00:00:00+05:30,-1.165210120820359,-1.1383239359300206,0.030894866232531366
2020-12-07 00:00:00+05:30,-1.158824823300366,-1.1228912713064105,-0.3920667558100836
2020-12-08 00:00:00+05:30,-1.1208184305918847,-1.0322726293878355,1.0061574229819628
2020-12-09 00:00:00+05:30,-1.0067983788369121,-1.0117466462338605,0.6275097316822273
2020-12-10 00:00:00+05:30,-1.0022376138587674,-1.05203860959906,-0.31153436090592584
2020-12-11 00:00:00+05:30,-1.0407008762757695,-1.0531032434468799,-0.5152497385619383
2020-12-14 00:00:00+05:30,-1.0265617292068494,-1.0316645483176388,-0.09343848299473151
2020-12-15 00:00:00+05:30,-1.0508853467668091,-1.0866279926237559,-0.16584905768998748
2020-12-16 00:00:00+05:30,-1.0615277583480096,-1.0065769731872378,-0.043494682010456545
2020-12-17 00:00:00+05:30,-1.0128788044783146,-0.9700858116957523,0.1393326880723753
2020-12-18 00:00:00+05:30,-0.926223691621131,-0.935419680574818,2.1086424219608273
2020-12-21 00:00:00+05:30,-0.9368655000199603,-0.9975301437506434,0.042336017731156306
2020-12-22 00:00:00+05:30,-0.9779128194323712,-0.9179344963518065,0.15053420542508414
2020-12-23 00:00:00+05:30,-0.9139856068290205,-0.8628183430131741,0.09491640719556223
2020-12-24 00:00:00+05:30,-0.8638925356586321,-0.8619056310379081,-0.5080570369341334
2020-12-28 00:00:00+05:30,-0.8623730397231109,-0.8314216807919956,-0.32306070203698645
2020-12-29 00:00:00+05:30,-0.8471702835633269,-0.8297489658739792,-0.39344511180539143
2020-12-30 00:00:00+05:30,-0.8252781178246876,-0.8619819855541658,0.0011342665099189492
2020-12-31 00:00:00+05:30,-0.877574883885501,-0.9327586863252393,0.8609906120612801
2021-01-01 00:00:00+05:30,-0.9079794609117814,-0.8331683887463854,0.027777170835407674
2021-01-04 00:00:00+05:30,-0.8015613198891536,-0.6640950877930512,1.5181992082998153
2021-01-05 00:00:00+05:30,-0.6653457591730652,-0.5826755907636052,1.9398670511045046
2021-01-06 00:00:00+05:30,-0.5735213539630125,-0.645773939691012,0.6684007552513432
2021-01-07 00:00:00+05:30,-0.611528344172862,-0.6742065510774654,0.6629529089008356
2021-01-08 00:00:00+05:30,-0.588723943315627,-0.5402547532827465,1.9875058290125889
2021-01-11 00:00:00+05:30,-0.3758863158849326,-0.45579367016237565,4.211629398142111
2021-01-12 00:00:00+05:30,-0.4572970013558616,-0.45822638802314264,0.5977620023357383
2021-01-13 00:00:00+05:30,-0.45950119424774544,-0.48240164475825853,0.574070091392823
2021-01-14 00:00:00+05:30,-0.4807799527792164,-0.3334957755964726,2.6325586614401253
2021-01-15 00:00:00+05:30,-0.3589265447045392,-0.35992506488111325,0.9166004429151067
2021-01-18 00:00:00+05:30,-0.336079540351299,-0.3775964124350005,0.9345049747278787
2021-01-19 00:00:00+05:30,-0.36197249861179037,-0.3182614752831402,0.20814323470340787
2021-01-20 00:00:00+05:30,-0.30561608552293507,-0.24498908385438614,0.5009203893830533
2021-01-21 00:00:00+05:30,-0.25230500560931063,-0.29822943500495586,0.08729101577999057
2021-01-22 00:00:00+05:30,-0.34841724952477465,-0.25367224538880473,0.2551654603076772
2021-01-25 00:00:00+05:30,-0.2462888625035799,-0.27164743668779984,-0.22261477089470355
2021-01-27 00:00:00+05:30,-0.25992068186813116,-0.3177281744092785,0.09226510971414742
2021-01-28 00:00:00+05:30,-0.3665420175376566,-0.4159838422735455,0.27445815411661306
2021-01-29 00:00:00+05:30,-0.39692873251322275,-0.5457723510323166,1.7218980383293834
2021-02-01 00:00:00+05:30,-0.5645525472882644,-0.5031185142028778,0.827215067863229
2021-02-02 00:00:00+05:30,-0.45183904736471614,-0.40547289530871083,0.15059549293043353
2021-02-03 00:00:00+05:30,-0.3924360352241595,-0.4106524078548512,-0.07982775380673801
2021-02-04 00:00:00+05:30,-0.38778954649121433,-0.4283225746687963,-0.35476656717938865
2021-02-05 00:00:00+05:30,-0.41383669918936006,-0.47478547855154407,-0.16546539790650028
2021-02-08 00:00:00+05:30,-0.42823011071610956,-0.3892491349238741,-0.06712530544802253
2021-02-09 00:00:00+05:30,-0.4198532714278781,-0.4459183548663872,0.013871648746683583
2021-02-10 00:00:00+05:30,-0.4350845049119019,-0.3904680521241322,-0.31142281764618995
2021-02-11 00:00:00+05:30,-0.3893893827260257,-0.4015882608991056,-0.9010705194877667
2021-02-12 00:00:00+05:30,-0.43630358143603126,-0.4247437519042025,0.0865911124689005
2021-02-15 00:00:00+05:30,-0.39852920715127865,-0.5023581176801465,-0.003226339495690461
2021-02-16 00:00:00+05:30,-0.4883955047145245,-0.5496577726018833,0.4900872099374943
2021-02-17 00:00:00+05:30,-0.5567857339069381,-0.6040414735964148,0.6388050189181207
2021-02-18 00:00:00+05:30,-0.6178638468747792,-0.62803332206052,0.9522801899043636
2021-02-19 00:00:00+05:30,-0.6285255703015825,-0.6059444328031465,0.6673662221610455
2021-02-22 00:00:00+05:30,-0.5706454129900116,-0.7786918028764064,1.6735035854803413
2021-02-23 00:00:00+05:30,-0.762564561832322,-0.7455598465202786,0.7334347658027461
2021-02-24 00:00:00+05:30,-0.7595183074058917,-0.7944590104836198,0.6977164076851191
2021-02-25 00:00:00+05:30,-0.7564717669478154,-0.7225570645476972,0.9732184532319307
2021-02-26 00:00:00+05:30,-0.7777962511275177,-0.8764149570267732,1.7877784293296615
2021-03-01 00:00:00+05:30,-0.8295833326644431,-0.8308667330191949,0.38596035122392675
2021-03-02 00:00:00+05:30,-0.7777956376673886,-0.705723648772741,0.41084185264567386
2021-03-03 00:00:00+05:30,-0.6635588292889452,-0.6253676048511728,0.5354932840257001
2021-03-04 00:00:00+05:30,-0.6818359585831885,-0.6396864381293743,0.7848739819175463
2021-03-05 00:00:00+05:30,-0.692346758411798,-0.7031346796596323,0.34784871602240586
2021-03-08 00:00:00+05:30,-0.6924996553631276,-0.7048109367974751,-0.3879451710753368
2021-03-09 00:00:00+05:30,-0.7062832080314527,-0.6377826917626813,-0.42516384732391704
2021-03-10 00:00:00+05:30,-0.6026314261190094,-0.6073152718759586,0.25597384250323574
2021-03-12 00:00:00+05:30,-0.6026313284088933,-0.6271186421853505,0.18521067595177146
2021-03-15 00:00:00+05:30,-0.6544195186009103,-0.6146279879175458,0.28251439669479095
2021-03-16 00:00:00+05:30,-0.6254804682928894,-0.5477540262351902,1.3842633327344094
2021-03-17 00:00:00+05:30,-0.5569374251427588,-0.5433356973717425,0.736842963975226
2021-03-18 00:00:00+05:30,-0.5250272654721764,-0.6597952265037971,0.6252482227348347
2021-03-19 00:00:00+05:30,-0.6711747011647765,-0.6389256480266624,1.9247394561591136
2021-03-22 00:00:00+05:30,-0.6426910493320375,-0.5178954745786255,0.11370593058557955
2021-03-23 00:00:00+05:30,-0.5036264899688904,-0.4981680652055105,0.4105378666191409
2021-03-24 00:00:00+05:30,-0.5474938885286506,-0.5309202168802534,-0.26293153053869567
2021-03-25 00:00:00+05:30,-0.5459709303320748,-0.6166084823804773,0.3332010022439006
2021-03-26 00:00:00+05:30,-0.5787952344997807,-0.6136381342660607,0.65041532393151
2021-03-30 00:00:00+05:30,-0.5904474646372676,-0.47387158583633604,1.261229891495607
2021-03-31 00:00:00+05:30,-0.4807792288373394,-0.444470374117356,0.5478807146069197
2021-04-01 00:00:00+05:30,-0.4257933223595217,-0.46404586161791705,1.0106056701202217
2021-04-05 00:00:00+05:30,-0.4564086586421405,-0.35147057331548703,1.6435744451180179
2021-04-06 00:00:00+05:30,-0.29799967493124824,-0.3121680700217918,-0.21116932927070414
2021-04-07 00:00:00+05:30,-0.322370665299405,-0.3019621475420072,-0.0887745038376426
2021-04-08 00:00:00+05:30,-0.3056160038034262,-0.23196434155275827,-0.035546305441693585
2021-04-09 00:00:00+05:30,-0.17767002378751867,-0.2244997036386171,0.16854782899737814
2021-04-12 00:00:00+05:30,-0.22602994716967648,-0.33981627650669055,0.7083062757344409
2021-04-13 00:00:00+05:30,-0.3909124422462098,-0.5568929533872706,3.688575473863079
2021-04-15 00:00:00+05:30,-0.4727064585470216,-0.38186124510597136,2.1001038467155495
2021-04-16 00:00:00+05:30,-0.3680650842133464,-0.4181166521890117,0.36070131876922734
2021-04-19 00:00:00+05:30,-0.45945481079588063,-0.4689199560990266,0.026346720460552808
2021-04-20 00:00:00+05:30,-0.37415743883107755,-0.4951973235111133,0.30997732784185456
2021-04-22 00:00:00+05:30,-0.49144134931208305,-0.5344238658685315,-0.39661428870700866
2021-04-23 00:00:00+05:30,-0.5569374383354658,-0.5485911708541599,-0.6256279228211441
2021-04-26 00:00:00+05:30,-0.5614310902221522,-0.5618445831245801,-0.08939228189156449
2021-04-27 00:00:00+05:30,-0.5554138067947133,-0.5143154710740896,-0.7138157400184947
2021-04-28 00:00:00+05:30,-0.4884719458889696,-0.5263507533042131,-0.6110856235518398
2021-04-29 00:00:00+05:30,-0.4950962351761333,-0.5398312612235029,-0.6218979652455799
2021-04-30 00:00:00+05:30,-0.5660754790677578,-0.6610893174803707,0.267328578619318
2021-05-03 00:00:00+05:30,-0.6789429179546046,-0.6590336492411237,-0.6682092557877963
2021-05-04 00:00:00+05:30,-0.6212151135000038,-0.6396112643530588,-0.39551295223588
2021-05-05 00:00:00+05:30,-0.6102481696888615,-0.5696134583638098,-0.4270686629901762
2021-05-06 00:00:00+05:30,-0.5561759543989264,-0.5456208227397433,-0.5175400526368452
2021-05-07 00:00:00+05:30,-0.5142888533092407,-0.5129450255812582,-0.4434624577960857
2021-05-10 00:00:00+05:30,-0.49456375761548876,-0.49375052350202425,-0.3058027534056505
2021-05-11 00:00:00+05:30,-0.5264744668919954,-0.5286354850922332,-0.135134211509085
2021-05-12 00:00:00+05:30,-0.5340899620081118,-0.5819521907590607,-0.4030016725145225
2021-05-14 00:00:00+05:30,-0.566837657510002,-0.6369447599837502,-0.36293374014224894
2021-05-17 00:00:00+05:30,-0.6330952959854826,-0.6091438444663361,0.1558815402668188
2021-05-18 00:00:00+05:30,-0.5645533479279701,-0.5801244053286445,-0.32946892359631913
2021-05-19 00:00:00+05:30,-0.5889237559675417,-0.5904830368409445,-0.39841552848922734
2021-05-20 00:00:00+05:30,-0.6146652139277083,-0.6239967657783607,-0.18820796539155354
2021-05-21 00:00:00+05:30,-0.6239565838200548,-0.5927681622089453,-0.5825691601878201
2021-05-24 00:00:00+05:30,-0.5927315657048017,-0.591244614103618,-0.6029815767194894
2021-05-25 00:00:00+05:30,-0.553700990909586,-0.5185318934074331,-0.48693184671525064
2021-05-26 00:00:00+05:30,-0.5108434035537806,-0.45041107034618905,-0.4365902898212581
2021-05-27 00:00:00+05:30,-0.4466356073996485,-0.4175003059392202,2.0369930380820107
2021-05-28 00:00:00+05:30,-0.4044670845539216,-0.4732209981282228,-0.5346821678830708
2021-05-31 00:00:00+05:30,-0.4649253190910469,-0.44941649373493553,-0.6026512370656562
2021-06-01 00:00:00+05:30,-0.4364563690186967,-0.4588313204534935,-0.7714112860456416
2021-06-02 00:00:00+05:30,-0.46362479508833165,-0.4948816723665841,-0.24272258852478634
2021-06-03 00:00:00+05:30,-0.45796051976268387,-0.4768171384119678,-0.8300848792918842
2021-06-04 00:00:00+05:30,-0.49859856563357,-0.4729903602595269,-0.49033514188730254
2021-06-07 00:00:00+05:30,-0.4725789903732968,-0.4126014159193259,-0.046760080295472274
2021-06-08 00:00:00+05:30,-0.39145589471481484,-0.386653868531074,-0.03803519103393249
2021-06-09 00:00:00+05:30,-0.3853335715739528,-0.3865007659185779,-0.5670272617062672
2021-06-10 00:00:00+05:30,-0.373088661009714,-0.36116602256029107,-0.46688409084041027
2021-06-11 00:00:00+05:30,-0.3707159535705097,-0.27391052157688095,0.5006188548567342
2021-06-14 00:00:00+05:30,-0.2674770844964039,-0.27000778248816304,-0.48340965378282097
2021-06-15 00:00:00+05:30,-0.23839490245088524,-0.2908261955678054,-0.8158177609215987
2021-06-16 00:00:00+05:30,-0.29334434924482294,-0.27306944115810416,-0.6132214931132662
2021-06-17 00:00:00+05:30,-0.2881396841628227,-0.20663235325433643,-0.22229239861656572
2021-06-18 00:00:00+05:30,-0.15742661834696844,-0.2379380984999709,0.4561713173521929
2021-06-21 00:00:00+05:30,-0.2889046380478334,-0.2749818462843729,-0.9227129762517984
2021-06-22 00:00:00+05:30,-0.22921072636505707,-0.23196670303264252,-0.5683982632009331
2021-06-23 00:00:00+05:30,-0.1909466890547413,-0.29289367120647375,-0.7164590701242141
2021-06-24 00:00:00+05:30,-0.2598237690740499,-0.1211377291046217,0.9310103611728562
2021-06-25 00:00:00+05:30,-0.12015523783516092,-0.11011591532482577,0.05316306842618032
2021-06-28 00:00:00+05:30,-0.09528326392781064,-0.17754797341982778,-0.7850189508583676
2021-06-29 00:00:00+05:30,-0.17104776548172446,-0.17127076630748794,-0.6979392117577341
2021-06-30 00:00:00+05:30,-0.16492521470881952,-0.16376991903512148,-0.577923567282336
2021-07-01 00:00:00+05:30,-0.14655865496781953,-0.17027658327621512,-1.0086742183798054
2021-07-02 00:00:00+05:30,-0.18788429419116065,-0.19484502641206003,-0.5845867448639221
2021-07-05 00:00:00+05:30,-0.17104807314409756,-0.20165750229816515,-0.406495060319438
2021-07-06 00:00:00+05:30,-0.21543609902609503,-0.2915153541140282,-0.2921558645895009
2021-07-07 00:00:00+05:30,-0.2735988456696808,-0.2721504319031469,0.002814769906599343
2021-07-08 00:00:00+05:30,-0.23839490101649288,-0.29733207264893763,-0.09211896300455906
2021-07-09 00:00:00+05:30,-0.31186417079581275,-0.37440762743129,2.2853802655121433
2021-07-12 00:00:00+05:30,-0.3348229966799089,-0.3974454380221547,-0.4559124016327617
2021-07-13 00:00:00+05:30,-0.3669664806825798,-0.40594204264571687,-0.5067117761917141
2021-07-14 00:00:00+05:30,-0.40829228540247514,-0.36460984739150143,-0.362722911123847
2021-07-15 00:00:00+05:30,-0.33536890877893905,-0.37166791718556946,-0.24708013015512828
2021-07-16 00:00:00+05:30,-0.35776416912891873,-0.3841703788527955,-0.8455170731388617
2021-07-19 00:00:00+05:30,-0.4083856317688199,-0.39981951246579595,-0.6368135054224621
2021-07-20 00:00:00+05:30,-0.4013290238706714,-0.3672956371798648,-0.505114623802309
2021-07-22 00:00:00+05:30,-0.3930454548785649,-0.3511100540531569,0.1368039656016593
2021-07-23 00:00:00+05:30,-0.3316870918523122,-0.35647927214999936,-0.5270261327148245
2021-07-26 00:00:00+05:30,-0.37770603820705106,-0.3799519886195483,-0.8436263535988329
2021-07-27 00:00:00+05:30,-0.3777061457204374,-0.4023506253217404,-0.9283526524940496
2021-07-28 00:00:00+05:30,-0.39611365570938856,-0.37956864171833704,-0.5978371035204613
2021-07-29 00:00:00+05:30,-0.3773224216238624,-0.38263659766796954,-0.5541127585790427
2021-07-30 00:00:00+05:30,-0.3485608644535252,-0.42612954701628153,0.22297971399838926
2021-08-02 00:00:00+05:30,-0.40838491720770337,-0.34643117524247935,-0.01682235968240011
2021-08-03 00:00:00+05:30,-0.333221428336082,-0.24594548320751083,0.7162166540498872
2021-08-04 00:00:00+05:30,-0.22431126265554754,-0.2627446575241452,0.17986701836035776
2021-08-05 00:00:00+05:30,-0.2626592894360483,-0.24740251629609833,-0.062265819148869056
2021-08-06 00:00:00+05:30,-0.26641783254828844,-0.2077453974397836,-0.210679029227909
2021-08-09 00:00:00+05:30,-0.187649410566751,-0.18795501526975508,-0.6898694859283793
2021-08-10 00:00:00+05:30,-0.20038181617307538,-0.17077367479185152,-0.36486919956118286
2021-08-11 00:00:00+05:30,-0.14761383177374396,-0.15497183214633564,-0.4329412317527552
2021-08-12 00:00:00+05:30,-0.18442803901599744,-0.1433883797340669,-0.8126185531423603
2021-08-13 00:00:00+05:30,-0.13112364886860764,0.027897234290837,1.0587212648199242
2021-08-16 00:00:00+05:30,0.021121077738431113,0.04254824907275756,-0.3386920802763495
2021-08-17 00:00:00+05:30,0.05502266402342111,0.16543375854986025,1.0418273639703637
2021-08-18 00:00:00+05:30,0.19576193671125244,0.17693888854596776,-0.0029468684712972222
2021-08-20 00:00:00+05:30,0.09168271706081019,0.17532757210494204,0.12259384461134873
2021-08-23 00:00:00+05:30,0.2051967315983477,0.2948381332474586,0.6791015536853475
2021-08-24 00:00:00+05:30,0.3233107059896044,0.2577117336671076,-0.07659483789955746
2021-08-25 00:00:00+05:30,0.2512156871213548,0.32797599330329696,-0.31431558789868136
2021-08-26 00:00:00+05:30,0.327911994054533,0.347688446637145,-0.4495954984563996
2021-08-27 00:00:00+05:30,0.3371153880522039,0.4217865688654281,0.8020148714136649
2021-08-30 00:00:00+05:30,0.412280578334055,0.3928698541027018,-0.36956566109610695
2021-08-31 00:00:00+05:30,0.4036899421083615,0.5235010176001724,0.3501739639753619
2021-09-01 00:00:00+05:30,0.536529163884008,0.4138090962364221,0.00442417979707444
2021-09-02 00:00:00+05:30,0.44142433057085784,0.6006670957780881,0.4704427258478529
2021-09-03 00:00:00+05:30,0.5810139844339703,0.6087980645995709,-0.54503301466153
2021-09-06 00:00:00+05:30,0.6189029620211133,0.6240630641513987,-0.5592020730232565
2021-09-07 00:00:00+05:30,0.6408383963860715,0.5686804571658257,-0.6441796506904058
2021-09-08 00:00:00+05:30,0.5580054917373772,0.5046308254250433,0.9260895873683533
2021-09-09 00:00:00+05:30,0.5268654730663181,0.531093962588025,-0.7323668550127028
2021-09-13 00:00:00+05:30,0.49204502418330165,0.6138610774714212,-0.5789489072468313
2021-09-14 00:00:00+05:30,0.6192858853342016,0.6760695420624433,-0.395261060588894
2021-09-15 00:00:00+05:30,0.6686029059913697,0.7813883962605276,-0.10709885506205803
2021-09-16 00:00:00+05:30,0.7420796338242523,0.702764497834063,0.1903275697733924
2021-09-17 00:00:00+05:30,0.7267398724985832,0.5870138062472667,2.354071914382798
2021-09-20 00:00:00+05:30,0.5564708387916487,0.5803398705143714,-0.3886297525100895
2021-09-21 00:00:00+05:30,0.6316345209463929,0.6408614513080716,-0.6545433678449883
2021-09-22 00:00:00+05:30,0.6385371147135198,0.6396338753482379,-0.5467153566833709
2021-09-23 00:00:00+05:30,0.6500419660036785,0.650526594894361,-0.38748919203553733
2021-09-24 00:00:00+05:30,0.6807214571123342,0.6536720861001933,-0.19327828070910893
2021-09-27 00:00:00+05:30,0.6960610908339959,0.6009744817430224,-0.5900486873406602
2021-09-28 00:00:00+05:30,0.6193629970964668,0.512300912089115,-0.23475705145452555
2021-09-29 00:00:00+05:30,0.4810008520565247,0.531861443550409,-0.09006583157535435
2021-09-30 00:00:00+05:30,0.5503342876788369,0.5067774106398343,-0.23516338761499203
2021-10-01 00:00:00+05:30,0.5146711484521616,0.43720545818971335,-0.648264462921943
2021-10-04 00:00:00+05:30,0.4273122693165326,0.5033265013689712,-0.7840248675216004
2021-10-05 00:00:00+05:30,0.47210398412979365,0.5953750193574647,-0.4646519998955853
2021-10-06 00:00:00+05:30,0.5978883195589372,0.5610103705017541,-0.5871117900843172
2021-10-07 00:00:00+05:30,0.5886834918776481,0.6868083718361089,-0.6060624996134034
2021-10-08 00:00:00+05:30,0.7344100601811523,0.7523937526616208,0.18277265898897258
2021-10-11 00:00:00+05:30,0.473638235594263,0.3687835464432263,5.644140871801875
2021-10-12 00:00:00+05:30,0.3984734550226917,0.31853951968579997,1.9101842865136858
2021-10-13 00:00:00+05:30,0.31257270939284376,0.32214510588908196,0.5574329851906763
2021-10-14 00:00:00+05:30,0.2848935563847815,0.2656577198976568,2.332713831643588
2021-10-18 00:00:00+05:30,0.25177264563789115,0.3205306408082106,0.5846765070685891
2021-10-19 00:00:00+05:30,0.3525166084318456,0.3005489787675571,0.30602305799671164
2021-10-20 00:00:00+05:30,0.26491407249647647,0.26166170235351066,0.18237674170441548
2021-10-21 00:00:00+05:30,0.2527719990730213,0.14430481086543787,1.3698331895998945
2021-10-22 00:00:00+05:30,0.1849958001600952,0.09258328486042706,0.03404688263265072
2021-10-25 00:00:00+05:30,0.09739166272156936,0.08351323420497081,-0.024835701006833424
2021-10-26 00:00:00+05:30,0.08432848488616092,0.0676051249646633,0.7615865685099369
2021-10-27 00:00:00+05:30,0.06665454149577728,0.07859545234600245,-0.07679586091710347
2021-10-28 00:00:00+05:30,0.1204449970998745,-0.026080685743582816,-0.1294240546356819
2021-10-29 00:00:00+05:30,-0.06083131718231439,-0.06281626040308905,0.8116817496324249
2021-11-01 00:00:00+05:30,-0.0025830091145821413,0.05807497931175733,-0.37716286025921786
2021-11-02 00:00:00+05:30,0.08355923360593125,0.07006342552417641,0.276588507802558
2021-11-03 00:00:00+05:30,0.09923648454792301,0.08243797369767177,-0.6732299282260187
2021-11-04 00:00:00+05:30,0.11268477780483384,0.10764637788215074,-1.4139801358813668
2021-11-08 00:00:00+05:30,0.16655240852066422,0.0985771143866559,-0.06743787172530444
2021-11-09 00:00:00+05:30,0.10507669770927977,0.10311154934441297,-0.5230430577421673
2021-11-10 00:00:00+05:30,0.08970763843456178,0.07021810245659535,-0.6861922356074156
2021-11-11 00:00:00+05:30,0.0620436687850268,0.07621271914278559,-0.8283639261416732
2021-11-12 00:00:00+05:30,0.10200256863892873,0.1343909247313399,-0.5447590595126183
2021-11-15 00:00:00+05:30,0.1358144360305436,0.17627649343843324,-0.5068233194514501
2021-11-16 00:00:00+05:30,0.19882712678783843,0.18104117268490552,-0.38176800341117134
2021-11-17 00:00:00+05:30,0.17054863033398346,0.12801217398397693,-0.6148382575043833
2021-11-18 00:00:00+05:30,0.11606551131782682,0.05699932522447757,-0.30614289906033965
2021-11-22 00:00:00+05:30,0.05958350032793329,0.030406700247842384,0.32593843285999735
2021-11-23 00:00:00+05:30,0.008252175785773194,0.03939960922707954,-0.29580798703327127
2021-11-24 00:00:00+05:30,0.05005547829923385,0.007197682365368948,-0.2907303172150739
2021-11-25 00:00:00+05:30,0.006561086531506336,0.011193699909515072,-0.4820251690369781
2021-11-26 00:00:00+05:30,-0.02248604513834279,0.012654275217928966,-0.4258662021352211
2021-11-29 00:00:00+05:30,0.011556705341184055,0.09742471220313774,0.21182661377490647
2021-11-30 00:00:00+05:30,0.07894986846214809,0.1391563911377736,1.8094086285926232
2021-12-01 00:00:00+05:30,0.14657239497679347,0.21393461957272314,-0.3272748309048108
2021-12-02 00:00:00+05:30,0.2298722153153918,0.3139983938683708,0.31674653280769516
2021-12-03 00:00:00+05:30,0.3178598932865766,0.3102330141929206,-0.09184194348037979
2021-12-06 00:00:00+05:30,0.308638909387206,0.15030021471158955,-0.4820110729107478
2021-12-07 00:00:00+05:30,0.18883708791724202,0.22423303334797456,-0.7058232364458802
2021-12-08 00:00:00+05:30,0.2480076903274002,0.28940515519374116,-0.7400204386807352
2021-12-09 00:00:00+05:30,0.26184011456748557,0.25074812306840993,-0.6546487823541893
2021-12-10 00:00:00+05:30,0.22341781015235695,0.30462292514788375,-0.6897291375411292
2021-12-13 00:00:00+05:30,0.32331630359119573,0.26289124621324794,-0.461037262830078
2021-12-14 00:00:00+05:30,0.2541553148188476,0.2846404759472689,-0.5449135040260987
2021-12-15 00:00:00+05:30,0.2772088934983994,0.2024838036139536,-0.633029001967137
2021-12-16 00:00:00+05:30,0.21880703662703097,0.2197761336464173,-0.34553728174882337
2021-12-17 00:00:00+05:30,0.25031308970189825,0.22400278905925936,1.0405850662369314
2021-12-20 00:00:00+05:30,0.22956477080293808,0.18180944080725095,-0.1984533976608118
2021-12-21 00:00:00+05:30,0.2198060828853816,0.2608162925549461,-0.18087675400165898
2021-12-22 00:00:00+05:30,0.2833574371809061,0.29532420452363517,-0.8652504241112597
2021-12-23 00:00:00+05:30,0.32024148982906436,0.3444323594567332,-0.5168107313231874
2021-12-24 00:00:00+05:30,0.3771074553242105,0.35703715191894375,-0.26120383576289624
2021-12-27 00:00:00+05:30,0.3555907789772446,0.39577171930047483,-0.6753774424134615
2021-12-28 00:00:00+05:30,0.41552971035178093,0.41183411189322056,-0.7231308279565491
2021-12-29 00:00:00+05:30,0.3882506457756852,0.3936204111259153,-0.7226987510438359
2021-12-30 00:00:00+05:30,0.3714973477922102,0.45364214534411407,-0.4104070417858898
2021-12-31 00:00:00+05:30,0.4659398663650838,0.4607132032775455,-0.8757839076556602
2022-01-03 00:00:00+05:30,0.4770051422558265,0.5827568451759101,-0.17770880285014878
2022-01-04 00:00:00+05:30,0.6016481543935295,0.6857417700883855,-0.09040597723004348
2022-01-05 00:00:00+05:30,0.6537480839910843,0.649158510881414,-0.5534790457737301
2022-01-06 00:00:00+05:30,0.5722925281963824,0.5669246968718795,-0.506127093390681
2022-01-07 00:00:00+05:30,0.5845881172989424,0.6377076949226443,-0.10757567185367632
2022-01-10 00:00:00+05:30,0.8274176180711671,0.678209829997543,0.7973349575051851
2022-01-11 00:00:00+05:30,0.6399166353371034,0.7336215619016884,-0.44740569589026574
2022-01-12 00:00:00+05:30,0.7459621701128043,0.6475448329605039,0.3478842627755085
2022-01-13 00:00:00+05:30,0.7352037280287096,0.7059536764177542,2.4811570726002485
2022-01-14 00:00:00+05:30,0.6734983079880477,0.8139343120253785,0.43637055012391057
2022-01-17 00:00:00+05:30,0.8500096642366419,0.8923244239433015,0.4942755980530719
2022-01-18 00:00:00+05:30,0.9134069461556882,0.8484414368341061,-0.151426881931168
2022-01-19 00:00:00+05:30,0.8905074774219784,0.7422736306176309,0.2858582429866539
2022-01-20 00:00:00+05:30,0.7334686168766453,0.6066192058263616,2.1699814088147154
2022-01-21 00:00:00+05:30,0.5748894201921446,0.6173198583418984,0.29187606313691095
2022-01-24 00:00:00+05:30,0.6256966898270602,0.5216232475122062,0.3813901419500224
2022-01-25 00:00:00+05:30,0.5171545440607345,0.5193896811216784,0.4255704659312403
2022-01-27 00:00:00+05:30,0.4578803311329037,0.333615600846887,1.8889910671638652
2022-01-28 00:00:00+05:30,0.32701436363419306,0.39643844378779713,0.31118407882218413
2022-01-31 00:00:00+05:30,0.48559303909050394,0.4675764509811622,0.0632951188105422
2022-02-01 00:00:00+05:30,0.5179241691017401,0.5667377463810424,-0.3254049491166008
2022-02-02 00:00:00+05:30,0.6070669515944229,0.6522729092687702,-0.3995364769620678
2022-02-03 00:00:00+05:30,0.642631891572434,0.6036161905735462,-0.4140456809784834
2022-02-04 00:00:00+05:30,0.5876685729463689,0.5886802238855918,-0.20148345192528586
2022-02-07 00:00:00+05:30,0.550255952975249,0.533401915594907,-0.4394119665675442
2022-02-08 00:00:00+05:30,0.5511025665317176,0.4786624182978138,0.19019089863646327
2022-02-09 00:00:00+05:30,0.4871323699366825,0.5049929190072963,-0.6112792920687439
2022-02-10 00:00:00+05:30,0.5484083194690739,0.5200827754677082,-0.32093708997662995
2022-02-11 00:00:00+05:30,0.490981944567028,0.4039837655979838,0.7448704014258896
2022-02-14 00:00:00+05:30,0.44710297116103503,0.4637268451898401,2.0320655226519193
2022-02-15 00:00:00+05:30,0.5425578981165493,0.5931453887667439,0.7940199163408365
2022-02-16 00:00:00+05:30,0.6318542341104778,0.585908240081453,0.3804659263693535
2022-02-17 00:00:00+05:30,0.6026024451467609,0.5414089067224662,0.3053678945645266
2022-02-18 00:00:00+05:30,0.5163848202280397,0.5563444798304399,0.6452138533525069
2022-02-21 00:00:00+05:30,0.5795090976551691,0.44163165865277526,2.960066832526219
2022-02-22 00:00:00+05:30,0.3331733352133719,0.23684058087005008,1.6991432133432602
2022-02-23 00:00:00+05:30,0.27312950828074206,0.20204220687559724,-0.12865121919322606
2022-02-24 00:00:00+05:30,0.06220424785407411,-0.04763391264721032,1.472750232957865
2022-02-25 00:00:00+05:30,0.052967268074237885,0.1357546793644992,-0.05294889258565412
2022-02-28 00:00:00+05:30,0.08683826865641969,0.18726012996010033,0.4000999915830855
2022-03-02 00:00:00+05:30,0.1830613870774049,0.17486314772770453,0.07674650048462728
2022-03-03 00:00:00+05:30,0.19899771269468347,0.1721698799197077,-0.4339635073419831
2022-03-04 00:00:00+05:30,0.10454240852116589,0.14129667907287322,-0.16293912693599824
2022-03-07 00:00:00+05:30,0.025254248856397873,0.08055311917005276,0.2561895745220656
2022-03-08 00:00:00+05:30,0.04064957012421505,0.25770425564747407,0.40748513597768754
2022-03-09 00:00:00+05:30,0.2638913443163868,0.30797858806341516,0.05119757812962524
2022-03-10 00:00:00+05:30,0.3855187521837473,0.29003921254266457,-0.3865257524514448
2022-03-11 00:00:00+05:30,0.261196369202419,0.2564719567278719,-0.6206550546370943
2022-03-14 00:00:00+05:30,0.22540145355420202,0.32399217673855285,-0.5334643851517783
2022-03-15 00:00:00+05:30,0.3470297775203622,0.24838900466403566,0.6220778200831105
2022-03-16 00:00:00+05:30,0.3185468336637178,0.343854977625032,0.278464518341303
2022-03-17 00:00:00+05:30,0.4049188785926998,0.36980095069336105,0.591016699496984
2022-03-21 00:00:00+05:30,0.4039945542030993,0.2988935813686919,-0.13623370935505313
2022-03-22 00:00:00+05:30,0.3177767630484431,0.4132218749052031,0.16639173455918643
2022-03-23 00:00:00+05:30,0.4224693296536569,0.43085229014109655,-0.6373424165936273
2022-03-24 00:00:00+05:30,0.4101524691447059,0.48851726743480534,-0.46399009483781184
2022-03-25 00:00:00+05:30,0.5023747969664308,0.4232310073946329,-0.5797701598185132
2022-03-28 00:00:00+05:30,0.402454711653356,0.4236155350357863,-0.5363436721530929
2022-03-29 00:00:00+05:30,0.4020691046086317,0.41999656711316014,0.032449117368192004
2022-03-30 00:00:00+05:30,0.46865761427835206,0.46033969587585194,-0.6451504447751402
2022-03-31 00:00:00+05:30,0.47173662897483515,0.4732735212019359,-0.28682998037463847
2022-04-01 00:00:00+05:30,0.4840536583969206,0.5022217223631189,-0.765544233158544
2022-04-04 00:00:00+05:30,0.5056074633609204,0.5200827754677082,-0.7128492360591347
2022-04-05 00:00:00+05:30,0.5210042192713148,0.588526727693115,-0.19683724614474826
2022-04-06 00:00:00+05:30,0.5784307014561341,0.4969863214597178,-0.35815699197531714
2022-04-07 00:00:00+05:30,0.480204932076811,0.38735422425303534,-0.08659205577215066
2022-04-08 00:00:00+05:30,0.3947559925168963,0.389662570839898,-0.20797563736694719
2022-04-11 00:00:00+05:30,0.3947573291647243,0.40621654482855024,-0.21110926751546175
2022-04-12 00:00:00+05:30,0.38397980758870126,0.39805566392853353,1.13220008073342
2022-04-13 00:00:00+05:30,0.4209299006482917,0.35317062218845113,-0.6217281988557621
2022-04-18 00:00:00+05:30,0.2715889770443728,0.1469941428736276,0.7260575887838395
2022-04-19 00:00:00+05:30,0.17921317515608717,0.06053524777117399,0.32721198722115774
2022-04-20 00:00:00+05:30,0.10223337892622189,0.19126283836391852,0.0026063923884114023
2022-04-21 00:00:00+05:30,0.22540070043138352,0.3018954158815652,-0.21764496708592115
2022-04-22 00:00:00+05:30,0.2270950000224549,0.2771057807965614,-0.6463700661315931
2022-04-25 00:00:00+05:30,0.19152984280899327,0.17802044633295816,-0.4139500724701383
2022-04-26 00:00:00+05:30,0.21793451658853902,0.175095753496304,-0.4245068452665715
2022-04-27 00:00:00+05:30,0.1730550198558906,0.19803792415185623,-0.5567781521866879
2022-04-28 00:00:00+05:30,0.23771839834204872,0.23360732132851944,-0.5714797989699006
2022-04-29 00:00:00+05:30,0.25157504753290766,0.17571170616611476,-0.35853329725816246
2022-05-02 00:00:00+05:30,0.13287153488836087,0.16909011657065387,-0.8040652688957989
2022-05-04 00:00:00+05:30,0.16150722232045786,0.07262208897877051,-0.20242789238272002
2022-05-05 00:00:00+05:30,0.12086299357238336,0.12443649985922882,-0.6274953531091402
2022-05-06 00:00:00+05:30,0.039110034554567186,2.232573704943697e-05,-0.38323400053912887
2022-05-09 00:00:00+05:30,-0.054805363940501194,0.0192695675336985,-0.09455881859251844
2022-05-10 00:00:00+05:30,0.0006201578692688178,0.009491860072926099,-0.6211073564265728
2022-05-11 00:00:00+05:30,0.002159944529382654,-0.031697072068310995,-0.4868362382069056
2022-05-12 00:00:00+05:30,-0.08559729723309867,-0.03685572487547373,0.10484927318753857
2022-05-13 00:00:00+05:30,0.002160292541693485,-0.027231513607178133,-0.27474837444511235
2022-05-16 00:00:00+05:30,-0.028632090383181614,-0.08589736479183183,-0.8827265562616395
2022-05-17 00:00:00+05:30,-0.09791390287516553,0.029278306443147523,-0.54058109027295
2022-05-18 00:00:00+05:30,0.048347165785711695,0.024966244174491465,-0.4715070073689151
2022-05-19 00:00:00+05:30,-0.0563450699654829,-0.26274150888429953,1.2299456843900087
2022-05-20 00:00:00+05:30,-0.19029048194991244,-0.214931774307563,0.2629281357352315
2022-05-23 00:00:00+05:30,-0.19829511337278316,-0.17066189807732995,-0.20986513115686903
2022-05-24 00:00:00+05:30,-0.18236083486394117,-0.22262980515026506,-0.5666687297999732
2022-05-25 00:00:00+05:30,-0.18254426016873743,-0.3750877336379565,0.5588983694435803
2022-05-26 00:00:00+05:30,-0.34040854244927166,-0.28316358692336724,0.10852100763302079
2022-05-27 00:00:00+05:30,-0.24400070211864952,-0.229915757753164,0.2862345482694992
2022-05-30 00:00:00+05:30,-0.17611234225483405,-0.05327627525066534,-0.3318677165556944
2022-05-31 00:00:00+05:30,-0.08753135521829476,-0.07017227024255433,1.3512961707319167
2022-06-01 00:00:00+05:30,-0.0350645194098058,-0.08435610558737243,-0.7000763070692674
2022-06-02 00:00:00+05:30,-0.08621382365843369,0.020743918141437234,0.0133739942032465
2022-06-03 00:00:00+05:30,0.07560201382239794,0.04732827793847751,-0.44279932698820523
2022-06-06 00:00:00+05:30,0.011434261033571865,0.03306769449742103,-0.9511252508567242
2022-06-07 00:00:00+05:30,-0.014838350284198115,-0.07273093369714845,-0.20093799312767624
2022-06-08 00:00:00+05:30,-0.04723233191174857,-0.008476640366396974,-0.27604521805830556
2022-06-09 00:00:00+05:30,-0.039714657244683316,0.02709984124991904,-0.8316225828011006
2022-06-10 00:00:00+05:30,-0.04436480252146759,-0.0770709401444349,-0.6793936126390073
2022-06-13 00:00:00+05:30,-0.1869613337658203,-0.29455654662497244,0.24196535740552463
2022-06-14 00:00:00+05:30,-0.3419586745083065,-0.3085860986173523,-0.015091600531333212
2022-06-15 00:00:00+05:30,-0.2977842000184785,-0.31517384033447216,-0.7548054364712231
2022-06-16 00:00:00+05:30,-0.26446035340621704,-0.4148491511891593,-0.3702312434042013
2022-06-17 00:00:00+05:30,-0.4938552000670024,-0.4971620747748164,1.5961207554760888
2022-06-20 00:00:00+05:30,-0.4907556535097403,-0.46073388608024446,-0.6946008813413526
2022-06-21 00:00:00+05:30,-0.4349561936905385,-0.30641550502373804,0.20123368135031713
2022-06-22 00:00:00+05:30,-0.3266134447667967,-0.28936365235948797,0.4291337214922541
2022-06-23 00:00:00+05:30,-0.2908877028817129,-0.15628402780202197,0.647478426675167
2022-06-24 00:00:00+05:30,-0.11101363834644438,-0.18062104590920955,-0.3088885792999925
2022-06-27 00:00:00+05:30,-0.09396363167636931,-0.147137622630308,-0.3667635963515326
2022-06-28 00:00:00+05:30,-0.16061221373741685,-0.14178965785242387,-0.7575572454614109
2022-06-29 00:00:00+05:30,-0.21641112590625125,-0.18465130491167742,-0.3077388256996379
2022-06-30 00:00:00+05:30,-0.2148608643158591,-0.2209244230938497,0.05116632150189705
2022-07-01 00:00:00+05:30,-0.23346031407921267,-0.14651694700072873,-0.6945334650854682
2022-07-04 00:00:00+05:30,-0.15286169102393168,-0.27060641763882254,-0.008324234190653085
2022-07-05 00:00:00+05:30,-0.2412111679951919,-0.29967308637419926,-0.28528737386499425
2022-07-06 00:00:00+05:30,-0.2977843296048557,-0.23076825199138135,-0.2782288918739045
2022-07-07 00:00:00+05:30,-0.21641077626283392,-0.1887587055903644,-0.39603757328167083
2022-07-08 00:00:00+05:30,-0.17146207041051886,-0.2234826929684631,-0.30594800479332857
2022-07-11 00:00:00+05:30,-0.3169264143870023,-0.4585628989066495,2.6589478354934672
2022-07-12 00:00:00+05:30,-0.45836153226345633,-0.5036730683956978,0.6733644303095907
2022-07-13 00:00:00+05:30,-0.4752555209715897,-0.5749019925646068,0.7522506428200637
2022-07-14 00:00:00+05:30,-0.5371510161827979,-0.6246379075669369,1.3046827327883277
2022-07-15 00:00:00+05:30,-0.5953508621289593,-0.631088289870789,1.188173959369022
2022-07-18 00:00:00+05:30,-0.5884354245459006,-0.5240010808193759,0.34730264434974273
2022-07-19 00:00:00+05:30,-0.5774787151859576,-0.5072924298983047,-0.47255318508522925
2022-07-20 00:00:00+05:30,-0.4566500332304209,-0.36655491965616904,0.46954425101943076
2022-07-21 00:00:00+05:30,-0.3646511578757045,-0.34712820538831635,-0.13206064311581286
2022-07-22 00:00:00+05:30,-0.33667737911089374,-0.35691929456843285,-0.34335176930806394
2022-07-25 00:00:00+05:30,-0.36775807512115966,-0.36352435380470394,-0.513965152449815
2022-07-26 00:00:00+05:30,-0.3682245132591024,-0.44255796899108735,0.0019916787097569765
2022-07-27 00:00:00+05:30,-0.4454614453712173,-0.32917584172820236,-0.7638318602590819
2022-07-28 00:00:00+05:30,-0.28850185688523566,-0.21781474766626194,-0.32469156255433385
2022-07-29 00:00:00+05:30,-0.17350068302194202,-0.1534683566200244,-0.12616662372636162
2022-08-01 00:00:00+05:30,-0.11600118098415269,-0.1582869563238539,-0.8146361378184623
2022-08-02 00:00:00+05:30,-0.17350098081148055,-0.1691662941506329,-0.8378022019654799
2022-08-03 00:00:00+05:30,-0.18904146210323167,-0.09502881392427881,0.1591677763036533
2022-08-04 00:00:00+05:30,-0.0802576346642048,-0.07101610572119606,-0.29758164743808274
2022-08-05 00:00:00+05:30,-0.06285233284420955,-0.05531816819058755,-0.9371988910161813
2022-08-08 00:00:00+05:30,-0.056946887752449965,-0.0407084793066415,-0.9605475919291401
2022-08-10 00:00:00+05:30,-0.025865539335569863,-0.07210396078787781,-0.4644111399995622
2022-08-11 00:00:00+05:30,-0.0025553212921834174,0.03397253487307275,-0.7274025670794019
2022-08-12 00:00:00+05:30,0.026972651776466627,0.0014120566489355755,-0.7132414760933709
2022-08-16 00:00:00+05:30,0.01453977201120236,-0.0123435636768703,-1.1008310144235829
2022-08-17 00:00:00+05:30,-0.02571023826388348,0.0007122714432336344,-0.6213273785707771
2022-08-18 00:00:00+05:30,-0.018094764604523313,-0.03013888892468108,-0.7387953014488008
2022-08-19 00:00:00+05:30,-0.022757124297361753,-0.023144972667468768,-0.758559909048927
2022-08-22 00:00:00+05:30,-0.056947065364238686,-0.07163796209071746,-0.6739083809102365
2022-08-23 00:00:00+05:30,-0.12695717577938295,-0.1803569537421533,-0.4822476426813964
2022-08-24 00:00:00+05:30,-0.17039343437878499,-0.22581898373395617,-0.5786731134727591
2022-08-25 00:00:00+05:30,-0.19525852644546388,-0.28355952838396126,-0.42238568470642895
2022-08-26 00:00:00+05:30,-0.2600622834599024,-0.2773421454286893,-0.7220619738632557
2022-08-29 00:00:00+05:30,-0.4299214733790552,-0.4166804788394018,-0.059414724400015224
2022-08-30 00:00:00+05:30,-0.38329977226931466,-0.29451718862690146,0.4874855553354125
2022-09-01 00:00:00+05:30,-0.32890725775693463,-0.4180013332546637,0.5582174652591485
2022-09-02 00:00:00+05:30,-0.37086649042627373,-0.4200215792956469,-0.35743931528767575
2022-09-05 00:00:00+05:30,-0.4320196293110487,-0.4153596244241399,-0.2992088307051092
2022-09-06 00:00:00+05:30,-0.41360368048602053,-0.4252286424404369,-0.42880677664188505
2022-09-07 00:00:00+05:30,-0.4656646235104047,-0.3901803451582334,-0.8240615432661458
2022-09-08 00:00:00+05:30,-0.3599876595357562,-0.3590170758656158,-0.7906114357214998
2022-09-09 00:00:00+05:30,-0.3211372148866378,-0.2844143841020628,-0.6587991722164503
2022-09-12 00:00:00+05:30,-0.2513600100344654,-0.2450918082293514,-0.5210597940690609
2022-09-13 00:00:00+05:30,-0.2147619706203312,-0.2662294146733494,-0.4066053778290669
2022-09-14 00:00:00+05:30,-0.4143809581430897,-0.43556483989383643,1.5040883730681707
2022-09-15 00:00:00+05:30,-0.42215143362631646,-0.46051033265120134,-0.3052695521091108
2022-09-16 00:00:00+05:30,-0.5060695509893081,-0.6091729693849086,1.646245967476198
2022-09-19 00:00:00+05:30,-0.5682323454441051,-0.5779329519960527,-0.34559856925417276
2022-09-20 00:00:00+05:30,-0.5464756840276436,-0.5600593043320806,-0.669150631869963
2022-09-21 00:00:00+05:30,-0.5806649914261702,-0.6208304148335507,-0.23430168528977954
2022-09-22 00:00:00+05:30,-0.6397182600451763,-0.6111932154258918,-0.37883907353052376
2022-09-23 00:00:00+05:30,-0.6179628723536521,-0.6505945072947451,0.009963344530552703
2022-09-26 00:00:00+05:30,-0.6865738007267654,-0.6313992180555498,0.17734871476555117
2022-09-27 00:00:00+05:30,-0.6095702837444076,-0.5955736003114445,-0.25046381332546835
2022-09-28 00:00:00+05:30,-0.655259247565663,-0.5672862199378731,0.06352433408054893
2022-09-29 00:00:00+05:30,-0.5402591956021188,-0.6268915465364809,-0.08716019094673956
2022-09-30 00:00:00+05:30,-0.6383979223006362,-0.6156233516887607,0.11107485798093006
2022-10-03 00:00:00+05:30,-0.6319488801496961,-0.6460868357756764,-0.5349089316528636
2022-10-04 00:00:00+05:30,-0.5776337233489689,-0.4810252955657165,-0.30045725718907634
2022-10-06 00:00:00+05:30,-0.45167769246536255,-0.4642398965484069,-0.5180640608075825
2022-10-07 00:00:00+05:30,-0.4728133051509622,-0.5218249771060316,-0.42670706670861475
2022-10-10 00:00:00+05:30,-0.6086378687612244,-0.4384395480729405,0.2622772624284209
2022-10-11 00:00:00+05:30,-0.46877235831497127,-0.5145972743402777,1.2836837948304647
2022-10-12 00:00:00+05:30,-0.4922393256461642,-0.4661054656569712,-0.5950221683997635
2022-10-13 00:00:00+05:30,-0.46760700049476195,-0.46214172167124323,-0.35628649731205364
2022-10-14 00:00:00+05:30,-0.3988399480421763,-0.4685921039750954,-0.23910723858422556
2022-10-17 00:00:00+05:30,-0.4989186249809985,-0.43649211432838864,-0.6858759920798128
2022-10-18 00:00:00+05:30,-0.37840009220373355,-0.38514645720495566,-0.5162830459021291
2022-10-19 00:00:00+05:30,-0.3643775984411646,-0.4207528508998056,-0.8836605778431643
2022-10-20 00:00:00+05:30,-0.44851428872072824,-0.3655127198672496,-0.6426094648033543
2022-10-21 00:00:00+05:30,-0.3662472078304586,-0.3965220993874096,-0.9893055280642363
2022-10-24 00:00:00+05:30,-0.347083151131957,-0.3586565566032857,-1.4556813802712019
2022-10-25 00:00:00+05:30,-0.3308785790600756,-0.35803233875388,-0.34717794826702664
2022-10-27 00:00:00+05:30,-0.36172862587238686,-0.36535646861490784,-0.12116311178963705
2022-10-28 00:00:00+05:30,-0.37840071028434974,-0.35624115626166997,-0.7847119004565671
2022-10-31 00:00:00+05:30,-0.302054386326733,-0.30964876456526863,-0.43924955467836835
2022-11-01 00:00:00+05:30,-0.27790403692019394,-0.20594594976797861,0.21753554489820254
2022-11-02 00:00:00+05:30,-0.19143023651464203,-0.23399442709325918,-0.7539357667703153
2022-11-03 00:00:00+05:30,-0.2567923325295675,-0.28845645050395197,-0.7437025920021268
2022-11-04 00:00:00+05:30,-0.2740088908190013,-0.2718607570373445,-0.7183534669145638
2022-11-07 00:00:00+05:30,-0.25531205957233766,-0.24646107298224063,-0.7119274719786798
2022-11-09 00:00:00+05:30,-0.22290362792523025,-0.2739640484542575,-0.9032860628061474
2022-11-10 00:00:00+05:30,-0.34723839326674283,-0.2901700977399623,-0.6515016689544979
2022-11-11 00:00:00+05:30,-0.19205351299023132,-0.11829332658403231,0.3856680098234101
2022-11-14 00:00:00+05:30,-0.10729477647800988,-0.08782984249711671,-0.7930868380625619
2022-11-15 00:00:00+05:30,-0.11196810548909017,-0.09234774709568397,-0.7571515221759979
2022-11-16 00:00:00+05:30,-0.08407903399596114,-0.05689760465317578,-0.5441608934604081
2022-11-17 00:00:00+05:30,-0.08236484315518061,-0.0667925989481997,-0.7465622670017296
2022-11-18 00:00:00+05:30,-0.06678450160901149,-0.07544151902429652,-0.9018929978095557
2022-11-21 00:00:00+05:30,-0.10963110133811156,-0.16885890818569857,-0.8163025450889124
2022-11-22 00:00:00+05:30,-0.17584993265475724,-0.11985190330764293,-0.9109641614763195
2022-11-23 00:00:00+05:30,-0.09794575488459188,-0.1302140770397693,-0.9107974594617692
2022-11-24 00:00:00+05:30,-0.11936889929864268,-0.018252379927265826,-0.8209622341206269
2022-11-25 00:00:00+05:30,-0.01536760202130949,-0.003449443272791296,-0.6417636972295326
2022-11-28 00:00:00+05:30,-0.041854181658191124,0.005277799219466772,-0.2700819437878095
2022-11-29 00:00:00+05:30,-0.015367486180642964,0.00854962959910695,-0.6497022677974397
2022-11-30 00:00:00+05:30,-0.015367473855662053,-0.00165708004063908,0.4747236580965081
2022-12-01 00:00:00+05:30,0.0500720873356079,0.1305617850990147,-0.2790182749428047
2022-12-02 00:00:00+05:30,0.10164441015985909,0.07368475492668684,-0.13750971521642752
2022-12-05 00:00:00+05:30,0.06253625970402288,0.053037549138653196,-0.7115799718233488
2022-12-06 00:00:00+05:30,0.0111976843929036,-0.010149748864394134,-0.900385938053014
2022-12-07 00:00:00+05:30,-0.03827205844247803,-0.017552201141583172,-0.9000758232759462
2022-12-08 00:00:00+05:30,-0.05120321837971294,-0.06437719860658393,-0.8276866992075624
2022-12-09 00:00:00+05:30,-0.029234270623221294,-0.15444522213214598,-0.5137249054288454
2022-12-12 00:00:00+05:30,-0.21402308821644353,-0.16426268117097007,-0.6793764521375095
2022-12-13 00:00:00+05:30,-0.1802126586380714,-0.09312742903746998,-0.7710588828898826
2022-12-14 00:00:00+05:30,-0.06865346238751167,-0.041314592476934524,-0.8720024685756025
2022-12-15 00:00:00+05:30,-0.05307284207764989,-0.13520034181538118,-0.7479669766243376
2022-12-16 00:00:00+05:30,-0.18364036395227576,-0.23625436334249458,0.04140751202511298
2022-12-19 00:00:00+05:30,-0.25842835293325583,-0.29578018678499907,-0.31572397477161046
2022-12-20 00:00:00+05:30,-0.302210407232278,-0.23048881020507742,-0.6779294541362103
2022-12-21 00:00:00+05:30,-0.2241504153436471,-0.19215530082388957,-0.7376265487217879
2022-12-22 00:00:00+05:30,-0.1540366241541449,-0.20594594976797861,-0.7673295381893719
2022-12-23 00:00:00+05:30,-0.27400894715331864,-0.2547974905536539,-0.7819282219635976
2022-12-26 00:00:00+05:30,-0.2563245321779639,-0.2165423035886273,-1.0823129946822634
2022-12-27 00:00:00+05:30,-0.19267684450239303,-0.20625727153272003,-1.1033186742657148
2022-12-28 00:00:00+05:30,-0.22290396034796417,-0.2099974620894048,-1.0574069782583764
2022-12-29 00:00:00+05:30,-0.25204015865744395,-0.19184397905914816,-0.9794909469575843
2022-12-30 00:00:00+05:30,-0.16642303686954177,-0.21062049919886836,-0.9027565387599286
2023-01-02 00:00:00+05:30,-0.20545392385161362,-0.20321962124160214,-1.1807468570239257
2023-01-03 00:00:00+05:30,-0.21947635104225807,-0.12546159877269905,-0.852471979245911
2023-01-04 00:00:00+05:30,-0.1342492734049217,-0.12031947632472613,-0.8607519212186142
2023-01-05 00:00:00+05:30,-0.097634209570606,-0.125850849373621,-0.49646573104740244
2023-01-06 00:00:00+05:30,-0.14468827412010368,-0.2809764629705631,-0.09054693849234709
2023-01-09 00:00:00+05:30,-0.25531168356969236,-0.11206020042953195,0.1525707892278445
2023-01-10 00:00:00+05:30,-0.16805925797919408,-0.1643402164271699,0.7529401272552444
2023-01-11 00:00:00+05:30,-0.16011284054694688,-0.09842540915780397,0.051723424925523044
2023-01-12 00:00:00+05:30,-0.09950370349523004,-0.0896210249893268,-0.2364020080981033
2023-01-13 00:00:00+05:30,-0.07784697456294165,-0.026979228839543182,-0.5474691929991684
2023-01-16 00:00:00+05:30,-0.1059194726065064,-0.07774278117150644,-0.4857097738585837
2023-01-17 00:00:00+05:30,-0.08561579956486147,-0.008469162346763488,-0.5807863066572062
2023-01-18 00:00:00+05:30,-0.007527177210766305,0.009649292065210001,-0.13172417471144468
2023-01-19 00:00:00+05:30,-0.007527848996461375,-0.016748510820973856,-0.6441765863151383
2023-01-20 00:00:00+05:30,-0.030954121825104153,-0.032367732355440416,-0.6783106624194835
2023-01-23 00:00:00+05:30,0.004966987019538365,0.04854207859898639,-0.9611114369783544
2023-01-24 00:00:00+05:30,0.0627529419397529,0.08196843278068502,-0.7650239022381277
2023-01-25 00:00:00+05:30,0.06322220418243832,0.07173810834209642,-1.0798902995958017
2023-01-27 00:00:00+05:30,0.06431459133560091,0.04252857007372207,-0.5210898249466821
2023-01-30 00:00:00+05:30,0.054944192814029555,0.07782915212356055,-0.4181764588390326
2023-01-31 00:00:00+05:30,0.10023586669688477,-0.039240425978594125,0.11292696639258876
2023-02-01 00:00:00+05:30,-0.034077713034459646,0.03831136058041707,-0.26412234676763435
2023-02-02 00:00:00+05:30,0.06587605342052756,0.11961120929572724,-0.5039489354505635
2023-02-03 00:00:00+05:30,0.18613399571366077,0.15381921331911544,-0.5096964777022297
2023-02-06 00:00:00+05:30,0.13795285263647528,0.11890906261014104,-0.9177211089410903
2023-02-07 00:00:00+05:30,0.13131487903233227,0.13858963596555154,-0.7234807796120941
2023-02-08 00:00:00+05:30,0.14560578057660972,0.21286172054530836,-0.3978608765658153
2023-02-09 00:00:00+05:30,0.20331325227213193,0.24527224479679513,-0.6010406014250741
2023-02-10 00:00:00+05:30,0.21112281003598463,0.2401183149494009,-0.8876246536891631
2023-02-13 00:00:00+05:30,0.25641412705173644,0.1539750709914765,-0.9488398397822453
2023-02-14 00:00:00+05:30,0.18769552794517216,0.18162209673643312,-0.6473794713446976
2023-02-15 00:00:00+05:30,0.1595840668848672,0.21372090564319776,-0.7395368802635285
2023-02-16 00:00:00+05:30,0.2223672915921934,0.2721384078600236,-0.623408089377389
2023-02-17 00:00:00+05:30,0.22072737546405985,0.18326214451605066,-0.9651239299535793
2023-02-20 00:00:00+05:30,0.18301038901507705,0.16162902087633907,-0.8212741875228553
2023-02-21 00:00:00+05:30,0.17051577015146277,0.10492910169533061,-0.9172142612718508
2023-02-22 00:00:00+05:30,0.047057163988351365,0.027690211220983668,-0.868865161176767
2023-02-23 00:00:00+05:30,0.056505791965231436,0.04682410198318832,-0.7321082217401284
2023-02-24 00:00:00+05:30,0.05884865199778846,0.025971841025204886,-1.0164687633101415
2023-02-27 00:00:00+05:30,0.008090608967244077,-0.0811791279830833,-0.9242739690130475
2023-02-28 00:00:00+05:30,-0.08795953583913081,-0.11085702642850224,0.9071162014622879
2023-03-01 00:00:00+05:30,-0.09654833138059014,0.0029332432743787717,-0.5925338956825781
2023-03-02 00:00:00+05:30,-0.0372014084707456,-0.09742414168687837,-0.6616472025900366
2023-03-03 00:00:00+05:30,-0.048133590676906736,-0.06509115269159142,-0.9762653855510457
2023-03-06 00:00:00+05:30,-0.03579557711514721,-0.018700273945313525,-0.7979542917374107
2023-03-08 00:00:00+05:30,-0.03251573176871492,0.010273903494596379,-0.4851073176809992
2023-03-09 00:00:00+05:30,0.0002816525679306882,-0.07336932042585967,-0.6052859869206266
2023-03-10 00:00:00+05:30,-0.11232313741442232,-0.08250706683799801,-0.9877788563059829
2023-03-13 00:00:00+05:30,-0.08093073774232255,-0.15912134588295856,-0.45039223602594175
2023-03-14 00:00:00+05:30,-0.16370582187261776,-0.2637738691737012,0.020970580491303934
2023-03-15 00:00:00+05:30,-0.21055909586720767,-0.2888433396249897,-0.5243729966082492
2023-03-16 00:00:00+05:30,-0.2761538160165912,-0.3105543921008818,-0.45049826341019616
2023-03-17 00:00:00+05:30,-0.3659559826120858,-0.31945717126453643,2.515146510191969
2023-03-20 00:00:00+05:30,-0.3360490380063908,-0.37568912384848097,-0.21245268963272046
2023-03-21 00:00:00+05:30,-0.3772012075023279,-0.4337937299806426,-0.5030602666229973
2023-03-22 00:00:00+05:30,-0.39789472768788653,-0.395213052371569,-0.9267763378564633
2023-03-23 00:00:00+05:30,-0.42155613018051785,-0.40481955254073265,-0.7746123324500404
2023-03-24 00:00:00+05:30,-0.36845574644851015,-0.4113018148230223,-0.8007459376060756
2023-03-27 00:00:00+05:30,-0.39016426411511196,-0.4084900794408318,-0.6814559371940144
2023-03-28 00:00:00+05:30,-0.4026590224965144,-0.41848740453084027,-0.8167094941244324
2023-03-29 00:00:00+05:30,-0.39953477205239585,-0.382561423891654,-0.5488303884929785
2023-03-31 00:00:00+05:30,-0.30434399253545824,-0.277909294180892,-0.15538605477673886
2023-04-03 00:00:00+05:30,-0.24968178839738417,-0.2871249694292109,-0.6829188699467045
2023-04-05 00:00:00+05:30,-0.3112941672026249,-0.22495861789612467,0.011612591299504905
2023-04-06 00:00:00+05:30,-0.24960411424829984,-0.25479276759388536,-0.5715999224803855
2023-04-10 00:00:00+05:30,-0.2574118166666027,-0.18809552332286847,-0.2653321621232314
2023-04-11 00:00:00+05:30,-0.1886945408087628,-0.26557016820566054,-0.17610245733494115
2023-04-12 00:00:00+05:30,-0.24499630114217985,-0.22206895367775364,-0.13384594814664072
2023-04-13 00:00:00+05:30,-0.27303008169869325,-0.30454048999563677,0.942572861932073
2023-04-17 00:00:00+05:30,-0.39156974524289595,-0.38162430995758406,1.7582960748813352
2023-04-18 00:00:00+05:30,-0.3590070237252846,-0.39529176836771096,-0.011531409345586894
2023-04-19 00:00:00+05:30,-0.3968011699030892,-0.4595657406974979,0.40567225156945247
2023-04-20 00:00:00+05:30,-0.46044456177677184,-0.4358246026811049,-0.13245349602510248
2023-04-21 00:00:00+05:30,-0.42920903635043667,-0.34827627819204665,-0.4332617654057325
2023-04-24 00:00:00+05:30,-0.3650192314843282,-0.3264865097200126,-0.6100811213391633
2023-04-25 00:00:00+05:30,-0.31519777148408556,-0.32461149469191136,-0.37509624557883625
2023-04-26 00:00:00+05:30,-0.318322342486857,-0.2900150272275626,-0.38984263224095406
2023-04-27 00:00:00+05:30,-0.31207531580334724,-0.30594714484669344,-0.12359929012727548
2023-04-28 00:00:00+05:30,-0.28802361828340195,-0.25705703322290857,0.1809174862020464
2023-05-02 00:00:00+05:30,-0.23398573062980954,-0.2568228531343863,-0.19303006631244388
2023-05-03 00:00:00+05:30,-0.26365941044070496,-0.3185204509104472,-0.10286021119209392
2023-05-04 00:00:00+05:30,-0.3196502348893121,-0.25479276759388536,-0.4185104757431868
2023-05-05 00:00:00+05:30,-0.25741310746557844,-0.2391731524794381,-0.5675776235043047
2023-05-08 00:00:00+05:30,-0.21836818571620115,-0.20808938634292393,-1.0467184373254421
2023-05-09 00:00:00+05:30,-0.20649850501116218,-0.15709126034245766,-0.936928000242537
2023-05-10 00:00:00+05:30,-0.14808749543591337,-0.15154571841425724,-0.6595333965305361
2023-05-11 00:00:00+05:30,-0.1184137462987899,-0.15880923695825575,-0.5616964744909768
2023-05-12 00:00:00+05:30,-0.1650330921722278,-0.17107043409730668,-0.9858942655164891
2023-05-15 00:00:00+05:30,-0.1574583137975691,-0.20113837030360898,-0.910565179816495
2023-05-16 00:00:00+05:30,-0.20087601871230396,-0.1962965493809176,-1.0111281700939951
2023-05-17 00:00:00+05:30,-0.20126643158677096,-0.27353583343524523,-0.6418654344884126
2023-05-18 00:00:00+05:30,-0.2481200427299158,-0.2873591495177332,-0.7763614778527121
2023-05-19 00:00:00+05:30,-0.27303012026672774,-0.25143356245852766,-0.9093032700813509
2023-05-22 00:00:00+05:30,-0.2417953356639992,-0.13295929740521986,-0.7984991376599668
2023-05-23 00:00:00+05:30,-0.12309910575577511,-0.1355356719589459,-0.5814341155887494
2023-05-24 00:00:00+05:30,-0.16995240714076915,-0.12569499170125994,-0.9925893126008569
2023-05-25 00:00:00+05:30,-0.14184019068731502,-0.1410804267271849,-0.7729581826806602
2023-05-26 00:00:00+05:30,-0.14262216559695706,-0.08578794955719451,-0.5178808111665878
2023-05-29 00:00:00+05:30,-0.037513330031271226,-0.09914172472269572,-0.8738037083578212
2023-05-30 00:00:00+05:30,-0.10904293612685062,-0.10562398700498536,-0.7917691566975499
2023-05-31 00:00:00+05:30,-0.118413646291207,-0.14732850892095223,1.9485177824845716
2023-06-01 00:00:00+05:30,-0.11060488940701083,-0.09344071870211496,-0.894064131876224
2023-06-02 00:00:00+05:30,-0.09147374775221952,-0.12218150321346397,-0.37106904360232756
2023-06-05 00:00:00+05:30,-0.10904391486030796,-0.14826680359496427,-0.4747632125281284
2023-06-06 00:00:00+05:30,-0.16370500175233174,-0.23667273886198906,-0.37585682352022226
2023-06-07 00:00:00+05:30,-0.2058738014037543,-0.17013371374321745,-0.6551151802698982
2023-06-08 00:00:00+05:30,-0.19337983214068463,-0.23019165731964156,-0.537338981239967
2023-06-09 00:00:00+05:30,-0.2183677060841661,-0.2725983259211946,-0.5273350217417854
2023-06-12 00:00:00+05:30,-0.2652214176502333,-0.21386871477966596,-0.19091809887810376
2023-06-13 00:00:00+05:30,-0.19494141544471,-0.21886718053467982,-0.7747900662155537
2023-06-14 00:00:00+05:30,-0.2203984564267989,-0.2073864524973763,-0.5991302698833334
2023-06-15 00:00:00+05:30,-0.1802046961968598,-0.2243025200682815,-0.22204908722032862
2023-06-16 00:00:00+05:30,-0.2561997571113917,-0.289449059215302,0.9316140431005477
2023-06-19 00:00:00+05:30,-0.26721347143177243,-0.2335866782332439,-0.7157959393163336
2023-06-20 00:00:00+05:30,-0.2294522785972637,-0.20636393170749237,-0.6788604113424676
2023-06-21 00:00:00+05:30,-0.17281038258243156,-0.15837000169978366,-0.6068261419300569
2023-06-22 00:00:00+05:30,-0.15707598022204006,-0.18936914814044523,-0.678154992155896
2023-06-23 00:00:00+05:30,-0.19279192312901383,-0.22422380407213954,-0.9294938258436554
2023-06-26 00:00:00+05:30,-0.24361316277128028,-0.26623925417286715,-0.4028515181264165
2023-06-27 00:00:00+05:30,-0.24833234075569316,-0.25412132014679456,-1.0863671631611258
2023-06-28 00:00:00+05:30,-0.2388926065991917,-0.22564029842271396,-0.6497978763057848
2023-06-30 00:00:00+05:30,-0.22001195773314935,-0.08905308907716263,0.022240457602143385
2023-07-03 00:00:00+05:30,-0.071640443903812,-0.1361819302872713,-0.5815284983469874
2023-07-04 00:00:00+05:30,-0.10987411247754338,-0.07866730054619366,-0.6002720561079926
2023-07-05 00:00:00+05:30,-0.06267165946344579,-0.0612002210022948,-0.7250981568782646
2023-07-06 00:00:00+05:30,-0.08383391037525706,-0.05655833870980398,-0.48287154948585326
2023-07-07 00:00:00+05:30,-0.09099277438560514,-0.04656573657956405,-0.5189772446372884
2023-07-10 00:00:00+05:30,-0.05519821403089716,-0.13673254868028425,-0.7530311631913581
2023-07-11 00:00:00+05:30,-0.10200719718312676,-0.1360248918749681,-0.9352137887179144
2023-07-12 00:00:00+05:30,-0.12411284998807098,-0.15569405141093803,-0.6869577165492295
2023-07-13 00:00:00+05:30,-0.11931438206801248,-0.02878458021105882,1.1945110874221494
2023-07-14 00:00:00+05:30,0.008130966575475823,0.24517660486148266,2.2492414751078194
2023-07-17 00:00:00+05:30,0.23627372516178266,0.20906288657149782,0.06564549464069147
2023-07-18 00:00:00+05:30,0.18277779832068713,0.21716669837431166,-0.022080214766324654
2023-07-19 00:00:00+05:30,0.22053904343973263,0.17499420986128086,-0.14141924518266538
2023-07-20 00:00:00+05:30,0.16087598261702618,0.17854508844724426,-0.5642821943416678
2023-07-21 00:00:00+05:30,0.08349985623006413,0.02866550241318244,0.6950651102037043
2023-07-24 00:00:00+05:30,0.04713884367491774,0.07039521344791473,-0.5858995232285061
2023-07-25 00:00:00+05:30,0.07316736690874838,0.07733678356769265,-0.8354328270086724
2023-07-26 00:00:00+05:30,0.0776629671879053,0.06021880946668335,-0.9617935669128932
2023-07-27 00:00:00+05:30,0.0691447685175614,0.07378708572167139,-0.5726387456960578
2023-07-28 00:00:00+05:30,0.053448460516514903,0.008313088030700388,-0.022238949405179585
2023-07-31 00:00:00+05:30,0.02095211959562246,0.11251889804333749,0.06592128841476375
2023-08-01 00:00:00+05:30,0.100773461078563,0.16079620563715724,-0.41672455783730544
2023-08-02 00:00:00+05:30,0.132244249324299,0.14281038767868293,-0.4420166855448935
2023-08-03 00:00:00+05:30,0.10866087956157015,0.07859899456582883,-0.3737105350828865
2023-08-04 00:00:00+05:30,0.07908279090350721,0.14738575495443382,-0.2375652449496348
2023-08-07 00:00:00+05:30,0.1622162103825275,0.21128149692275872,-0.479408192558559
2023-08-08 00:00:00+05:30,0.20969902593595555,0.19006202584277307,-0.6140347783092527
2023-08-09 00:00:00+05:30,0.17949006308399434,0.1772828774491081,-0.5157516832307498
2023-08-10 00:00:00+05:30,0.15598548714415328,0.14509826810654874,-0.9434698285635313
2023-08-11 00:00:00+05:30,0.13721313206152494,0.15566825206848986,-0.5859963574869582
2023-08-14 00:00:00+05:30,0.14131470614136277,0.15732522378727792,-0.8860287270498649
2023-08-16 00:00:00+05:30,0.15598537267706106,0.17081399688616258,-0.8014397121666308
2023-08-17 00:00:00+05:30,0.16387276629892406,0.13507968969758197,-0.4859340861281625
2023-08-18 00:00:00+05:30,0.09288625905713799,0.026772776285949235,-0.06702908406462399
2023-08-21 00:00:00+05:30,0.03767332619343863,0.08128045497440438,-0.7725524593952472
2023-08-22 00:00:00+05:30,0.07711071494977106,0.05051588220224581,-0.8666698427351517
2023-08-23 00:00:00+05:30,0.05818171869497881,0.07591753415725327,-0.800458499205987
2023-08-24 00:00:00+05:30,0.08973096110157608,0.05935135918919906,-0.9090385080582415
2023-08-25 00:00:00+05:30,0.03767412597436969,0.0491757423679291,-0.9058730084069453
2023-08-28 00:00:00+05:30,0.06764566734384274,0.04010333023258857,-0.9797618377312287
2023-08-29 00:00:00+05:30,0.047217831489733804,0.04105028366617624,-1.0367396057044536
2023-08-30 00:00:00+05:30,0.07395562626149686,0.06439941602178235,-0.8873923740438889
2023-08-31 00:00:00+05:30,0.07868848303998158,0.010522252462424234,0.47898313971829104
2023-09-01 00:00:00+05:30,0.02347605413636056,0.04586179893035298,-0.8323868379928074
2023-09-04 00:00:00+05:30,0.0424057356274844,0.10786442119146394,-0.4950714403007037
2023-09-05 00:00:00+05:30,0.10866031634285239,0.12498239529247325,-0.6951690165159414
2023-09-06 00:00:00+05:30,0.13074481324194268,0.12584945198997682,-0.8097913605205928
2023-09-07 00:00:00+05:30,0.12569705401157666,0.16584386888975983,-0.4602846522643875
2023-09-08 00:00:00+05:30,0.1642671068694073,0.1447822233820388,-0.6847041749775323
2023-09-11 00:00:00+05:30,0.17491570431941528,0.2059177889456462,-0.5224841156933808
2023-09-12 00:00:00+05:30,0.22223959166693427,0.36392165294151874,1.1276280328343553
2023-09-13 00:00:00+05:30,0.3470192933371564,0.34349091614287547,-0.5400583078523197
2023-09-14 00:00:00+05:30,0.34536314601301626,0.33118524446600434,-0.0192419903935942
2023-09-15 00:00:00+05:30,0.34189260741696226,0.39153128858830794,0.19414639423171318
2023-09-18 00:00:00+05:30,0.36113775319630953,0.403915676261321,-0.7601883180660605
2023-09-20 00:00:00+05:30,0.36105890561086595,0.4037582442690371,-0.604736850872696
2023-09-21 00:00:00+05:30,0.37454614127407865,0.3710210486335613,-0.38736416552462455
2023-09-22 00:00:00+05:30,0.3673688895739289,0.3999716112746286,-0.39655116257649875
2023-09-25 00:00:00+05:30,0.39655248870625404,0.3581631842437543,-0.8563943795882722
2023-09-26 00:00:00+05:30,0.34149819388369074,0.3716523509226197,-0.5577501720215293
2023-09-27 00:00:00+05:30,0.37683376786086115,0.3773321036242422,-0.6710879299140574
2023-09-28 00:00:00+05:30,0.3926084851407754,0.29442487426771335,-0.5395532988082407
2023-09-29 00:00:00+05:30,0.2935421132169072,0.28156700987790645,-0.24044698345116333
2023-10-03 00:00:00+05:30,0.2888103745481607,0.25829698709842297,-0.4216392028912733
2023-10-04 00:00:00+05:30,0.21324778031948435,0.29600234283039806,-0.5197053402008392
2023-10-05 00:00:00+05:30,0.320045064382873,0.37741200036032624,0.21735658538258232
2023-10-06 00:00:00+05:30,0.3784111447709388,0.42797522048210823,-0.3434712799434953
2023-10-09 00:00:00+05:30,0.4636747766735787,0.4547174058514131,0.9787349415884297
2023-10-10 00:00:00+05:30,0.45578749008119807,0.439808202602147,-0.48292670824066775
2023-10-11 00:00:00+05:30,0.4714834808155906,0.4098323641113307,-0.12852006393177834
2023-10-12 00:00:00+05:30,0.3531713702808843,0.30357560881921514,0.9837648071524544
2023-10-13 00:00:00+05:30,0.2821848588852343,0.3482245025708717,0.15581718838620193
2023-10-16 00:00:00+05:30,0.3389746959560573,0.27438929176970267,-0.5914325592114495
2023-10-17 00:00:00+05:30,0.28218468351806586,0.24756839040425582,-0.5908435862850419
2023-10-18 00:00:00+05:30,0.25221163748826,0.216329553755342,-0.752532282897814
2023-10-19 00:00:00+05:30,0.20090814925139336,0.18058225842739795,-0.6873836647114079
2023-10-20 00:00:00+05:30,0.170699992589306,0.24211297829163794,-0.7078132417445749
2023-10-23 00:00:00+05:30,0.20644370670884502,0.10861222315481248,-0.9376040014265408
2023-10-25 00:00:00+05:30,0.07596414947038152,0.07689833546918198,-0.68493706749786
2023-10-26 00:00:00+05:30,0.040457523050233514,-0.007489148194796203,-0.3993777423232128
2023-10-27 00:00:00+05:30,0.011910379510216382,0.014972067724328703,-0.9360233966635799
2023-10-30 00:00:00+05:30,0.011910321069369558,0.05862874634461595,-1.057298499373908
2023-10-31 00:00:00+05:30,0.08940711099161631,0.04312720522438161,-1.0028512924965596
2023-11-01 00:00:00+05:30,0.01981821846027216,-0.017137761421895804,-0.6573956883439492
2023-11-02 00:00:00+05:30,0.0011553954240750349,0.029445184354968457,-0.8523457269848913
2023-11-03 00:00:00+05:30,0.0625207254582112,0.014892958148206042,-0.7559931883248944
2023-11-06 00:00:00+05:30,0.051449632729829886,0.06131768477282498,-0.9415386592699719
2023-11-07 00:00:00+05:30,0.056194527856382556,0.045816537232571355,-0.8855880698864028
2023-11-08 00:00:00+05:30,0.04583506608637575,0.06337414017203344,-1.0070874848663096
2023-11-09 00:00:00+05:30,0.0753312204879483,0.009435578135684604,-0.3210026676073538
2023-11-10 00:00:00+05:30,-0.007068548361564251,-0.01270880589896895,-0.7952423196257
2023-11-13 00:00:00+05:30,0.021399947579838305,-0.015713789051687917,-0.9837424612036718
2023-11-15 00:00:00+05:30,0.0642609692522511,0.09935955138830689,-0.35320925166846057
2023-11-16 00:00:00+05:30,0.13851501930440796,0.24733263599581068,0.806461892801817
2023-11-17 00:00:00+05:30,0.2457454977955254,0.2546083555192112,-0.3768110699785123
2023-11-20 00:00:00+05:30,0.2353070531202531,0.28173585568963094,-0.7112392132936062
2023-11-21 00:00:00+05:30,0.2801448717220858,0.26686719117837787,-0.508000652429212
2023-11-22 00:00:00+05:30,0.24914593903006352,0.29842325329174374,-0.5136299097955538
2023-11-23 00:00:00+05:30,0.29659253293927873,0.2637823112895748,0.05741825992258877
2023-11-24 00:00:00+05:30,0.24005156926933896,0.18287564897499367,-0.3961527937917277
2023-11-28 00:00:00+05:30,0.18129638084223607,0.2035173446432974,-0.5803450366186905
2023-11-29 00:00:00+05:30,0.21909632805037055,0.2724827903431446,-0.7320689977367048
2023-11-30 00:00:00+05:30,0.24827583381244972,0.2311195022704531,0.3861834377433985
2023-12-01 00:00:00+05:30,0.24914583167326693,0.26916058172597357,-0.8972345345279482
2023-12-04 00:00:00+05:30,0.31976271670159656,0.2704259413639554,-0.6195580082913401
2023-12-05 00:00:00+05:30,0.30924557900031313,0.3007170374193202,-0.7712795179091403
2023-12-06 00:00:00+05:30,0.30070580868892155,0.4153952235586824,-0.453248846650277
2023-12-07 00:00:00+05:30,0.4152108982587437,0.43247738188144713,-0.409685074972874
2023-12-08 00:00:00+05:30,0.459495189985691,0.45114251888662643,-0.6097875541885396
2023-12-11 00:00:00+05:30,0.44352075042851147,0.47676654353073494,-0.9399139275031594
2023-12-12 00:00:00+05:30,0.468905134637534,0.5229543350069666,-0.2446911431966089
2023-12-13 00:00:00+05:30,0.4761805619277685,0.3987070387966081,0.7445517063980728
2023-12-14 00:00:00+05:30,0.45475017716589367,0.5152826740229721,0.4009911119108657
2023-12-15 00:00:00+05:30,0.5127938983760264,0.8217488425423707,3.612967530013745
2023-12-18 00:00:00+05:30,0.815507007718049,0.8189016849619163,-0.07017742321442237
2023-12-19 00:00:00+05:30,0.7947882191408494,0.7508859477555218,-0.38714230475525974
2023-12-20 00:00:00+05:30,0.7667153221137798,0.6937054674180666,-0.030664755640614324
2023-12-21 00:00:00+05:30,0.6544234934260736,0.7054892520405166,-0.6855346206750166
2023-12-22 00:00:00+05:30,0.72361763736914,0.7632238929908111,-0.13670746177140394
2023-12-26 00:00:00+05:30,0.7550122373147792,0.7182231387364,-0.8279244947283181
2023-12-27 00:00:00+05:30,0.7220361329287621,0.7429773516231399,-0.8225649023855135
2023-12-28 00:00:00+05:30,0.7615749534195849,0.7251029167992065,-0.5842098267060234
2023-12-29 00:00:00+05:30,0.7109650111886662,0.7148218205431063,-0.6503347548526455
2024-01-01 00:00:00+05:30,0.7078013240089311,0.7428187388909139,-1.1094327157993704
2024-01-02 00:00:00+05:30,0.7411726381161557,0.6986874028138907,-0.7918647652058949
2024-01-03 00:00:00+05:30,0.6714254110044071,0.5540357396635965,-0.5105508255268003
2024-01-04 00:00:00+05:30,0.5682276576653991,0.5145706878378682,0.5896021838735199
2024-01-05 00:00:00+05:30,0.5259212110732434,0.6270341994257765,-0.41245894746498757
2024-01-08 00:00:00+05:30,0.6254011520099493,0.5327607738063308,-0.9611794661092923
2024-01-09 00:00:00+05:30,0.5811972212758671,0.5511098660870002,-0.7753931352681916
2024-01-10 00:00:00+05:30,0.549644465274307,0.5877273667522935,-0.8236368208540744
2024-01-11 00:00:00+05:30,0.6034181541124386,0.6233172300879537,-0.5259744391230289
2024-01-12 00:00:00+05:30,0.7995327730672818,0.8562311718123136,2.5601830206229184
2024-01-15 00:00:00+05:30,0.9766687858645413,0.8894481414442746,0.10136201413315803
2024-01-16 00:00:00+05:30,0.8801926958460227,0.8222231064191259,-0.7375615839661175
2024-01-17 00:00:00+05:30,0.7536671132742366,0.859078329392768,0.5041379834138965
2024-01-18 00:00:00+05:30,0.8786111522501984,0.8875499051973115,-0.2433158515765685
2024-01-19 00:00:00+05:30,0.9818562459953004,0.980432419164929,0.18745257289745232
2024-01-23 00:00:00+05:30,0.9103555235496134,0.8456773246295816,-0.010580227262564293
2024-01-24 00:00:00+05:30,0.8785779659174825,0.8195373166307626,0.013233032940942894
2024-01-25 00:00:00+05:30,0.8148629529095138,0.7694810275241347,-0.26412663689300886
2024-01-29 00:00:00+05:30,0.752736875539828,0.7547020992484835,-0.6063603568894015
2024-01-30 00:00:00+05:30,0.7633031773220595,0.7539873580035146,-0.7504632167172185
2024-01-31 00:00:00+05:30,0.7692613499107376,0.7784589804641049,-0.10833134679463435
2024-02-01 00:00:00+05:30,0.7832440149921084,0.839162395208893,-0.16732118356847994
2024-02-02 00:00:00+05:30,0.8707125785380179,1.017378559114115,0.1166869548457741
2024-02-05 00:00:00+05:30,1.0422347717386273,1.0285027036888954,-0.5789182634941566
2024-02-06 00:00:00+05:30,1.0644788424171727,1.287046967337055,1.126635175247695
2024-02-07 00:00:00+05:30,1.3123473497264915,1.203460812513802,-0.3137002613449735
2024-02-08 00:00:00+05:30,1.2122465027773242,1.2840278153050306,-0.1783124847778403
2024-02-09 00:00:00+05:30,1.286209334422067,1.2833921836361843,-0.3282076267362286
2024-02-12 00:00:00+05:30,1.2758030764286368,1.2627347447686523,-0.9943292648777262
2024-02-13 00:00:00+05:30,1.2685735079039286,1.3084998313456015,-0.8449722272163056
2024-02-14 00:00:00+05:30,1.2392585491867232,1.22999951703308,-0.7629278695551783
2024-02-15 00:00:00+05:30,1.2726251641845885,1.2349255640716432,-0.9466071359623668
2024-02-16 00:00:00+05:30,1.2491887544627895,1.2748109593167696,-0.8142420591590658
2024-02-19 00:00:00+05:30,1.2647598226921273,1.2358784212049414,-1.1422926246675016
2024-02-20 00:00:00+05:30,1.1996947019999313,1.1196365418022194,-0.8840534307524539
2024-02-21 00:00:00+05:30,1.0899018583938636,1.05742414141139,-0.4597655470940781
2024-02-22 00:00:00+05:30,1.023167689640442,1.2093408974256057,0.2120147664163291
2024-02-23 00:00:00+05:30,1.2758025649837756,1.1537225360315877,-0.06008949983391206
2024-02-26 00:00:00+05:30,1.1264459349533964,1.0725994047276162,-0.7702817573220522
2024-02-27 00:00:00+05:30,1.0676567294202877,1.2368316719182206,0.1987907613870903
2024-02-28 00:00:00+05:30,1.2211445484385666,1.2599533150449764,-0.4271078869935998
2024-02-29 00:00:00+05:30,1.2265468099666195,1.2220535308025307,0.6965948463372251
2024-03-01 00:00:00+05:30,1.2395757627915416,1.2208613770409609,-0.3633443664280899
2024-03-04 00:00:00+05:30,1.2360801991218942,1.199170397144085,-0.5435259549049885
2024-03-05 00:00:00+05:30,1.167757786973847,1.0901593691469624,-0.34643269220197803
2024-03-06 00:00:00+05:30,1.0597918361971013,1.1731094987213886,-0.5466313928010422
2024-03-07 00:00:00+05:30,1.1725247519244848,1.243506788391058,0.03235228310973996
2024-03-11 00:00:00+05:30,1.2106583579064232,1.2653567746001406,-0.20350471385170887
2024-03-12 00:00:00+05:30,1.2636476637745468,1.3764333103360278,0.8602827413744947
2024-03-13 00:00:00+05:30,1.3949708962686482,1.3077059805245101,0.123275361670834
2024-03-14 00:00:00+05:30,1.3130639973967673,1.4008273975404184,0.17374439657595328
2024-03-15 00:00:00+05:30,1.3752681954400119,1.4193390383531208,0.45170468396232905
2024-03-18 00:00:00+05:30,1.411256985595543,1.3132676592319197,-0.6798091419252762
2024-03-19 00:00:00+05:30,1.1506771608334865,1.034859020377358,3.8581046810351993
2024-03-20 00:00:00+05:30,1.04700094092197,1.0246881265158565,-0.5014569854830572
2024-03-21 00:00:00+05:30,1.0534364087361348,1.0279461815961717,0.7314447605040513
2024-03-22 00:00:00+05:30,0.9055890716894375,0.929342982608938,1.9712315448421107
2024-03-26 00:00:00+05:30,0.8706332675169148,0.8762675414702856,0.49324658083825557
2024-03-27 00:00:00+05:30,0.8920837621460257,0.8181070469808633,-0.40912000417355254
2024-03-28 00:00:00+05:30,0.8310697474240358,0.8743606464637469,1.0269737241738846
2024-04-01 00:00:00+05:30,0.9067012537613919,0.9386393417533024,-0.6535952501372332
2024-04-02 00:00:00+05:30,0.8944669200074409,0.8862790354395996,-0.3024239732357384
2024-04-03 00:00:00+05:30,0.8324994569846441,0.9871858580539277,0.8193972336808601
2024-04-04 00:00:00+05:30,1.0309531128942706,1.0761750788523643,0.4648778203621279
2024-04-05 00:00:00+05:30,1.0342902371373934,1.0379576755654858,-0.6124449804204893
2024-04-08 00:00:00+05:30,1.0422348289583334,1.0273109435073062,-0.20444241268355462
2024-04-09 00:00:00+05:30,1.043822813342575,0.9859937042923578,-0.4652489401976884
2024-04-10 00:00:00+05:30,0.9999693516536373,1.0465381127249391,-0.3273686007879954
2024-04-12 00:00:00+05:30,1.0231676156819662,1.073155533240359,1.0533506407261568
2024-04-15 00:00:00+05:30,1.071469979319254,0.9774923767090271,0.9586663479617704
2024-04-16 00:00:00+05:30,0.9135336385389657,0.8687989677563374,0.254528683127097
2024-04-18 00:00:00+05:30,0.8734932311218098,0.8516365191175079,0.514917229854748
2024-04-19 00:00:00+05:30,0.811844087589103,0.7947472879657781,0.19712006399126578
2024-04-22 00:00:00+05:30,0.8102553391037361,0.8557687153349796,-0.556021251495623
2024-04-23 00:00:00+05:30,0.8738906969986163,0.8718181197883619,-0.5077861461604891
2024-04-24 00:00:00+05:30,0.8944671310163139,0.8024547647280171,-0.8082628501371789
2024-04-25 00:00:00+05:30,0.7692612194238657,0.8360633464407844,0.13492672931280736
2024-04-26 00:00:00+05:30,0.8390933351416157,0.7870402047835197,-0.3658491867717196
2024-04-29 00:00:00+05:30,0.8118440214470155,0.8646671651188464,-0.934894480815044
2024-04-30 00:00:00+05:30,0.8658664780090649,0.7859275541780532,-0.2653989655040623
2024-05-02 00:00:00+05:30,0.7165893641664587,0.8537024204362534,-0.08891178784962525
2024-05-03 00:00:00+05:30,0.894705365136003,0.8220798433061476,0.1998688086061861
2024-05-06 00:00:00+05:30,0.8356776695244237,0.9454726773783851,-0.3568687286128729
2024-05-07 00:00:00+05:30,0.9592944073061425,1.0374810502088463,-0.35179351029488953
2024-05-08 00:00:00+05:30,1.0072783509600851,1.0343021047046537,-0.8509355014868017
2024-05-09 00:00:00+05:30,1.0088674735229413,1.0076850777692143,-0.5574903129988479
2024-05-10 00:00:00+05:30,1.0098210487608947,0.902328439892982,-0.5905837272623604
2024-05-13 00:00:00+05:30,0.8857280849305993,0.9879808896149613,-1.0448240405350921
2024-05-14 00:00:00+05:30,0.9675564942846383,0.913929209824402,-0.9669944246168428
2024-05-15 00:00:00+05:30,0.9175060429570743,0.8808759694644162,-0.9322419575835222
2024-05-16 00:00:00+05:30,0.9411507352155624,0.9585867623356341,-0.02250371142828897
2024-05-17 00:00:00+05:30,0.9858034101704903,0.8515845665600542,0.07948176184837075
2024-05-21 00:00:00+05:30,0.8443239644445607,0.8293354902505319,-0.4461732041576894
2024-05-22 00:00:00+05:30,0.8513652733909665,0.8482226063648315,-0.8120283544658456
2024-05-23 00:00:00+05:30,0.8608878330275472,0.9465817857640252,-0.33118252224588823
2024-05-24 00:00:00+05:30,0.9205845644063113,0.8762336935919446,-0.8130800480576412
2024-05-27 00:00:00+05:30,0.8833743911114277,0.8723124562441333,-0.4869778123442627
2024-05-28 00:00:00+05:30,0.8881760251713963,0.8608679375650552,-0.5112139563346807
2024-05-29 00:00:00+05:30,0.8736114352879193,0.8028444089089198,-0.6545642055968072
2024-05-30 00:00:00+05:30,0.7585395110292276,0.6947216909282592,0.17351272980573257
2024-05-31 00:00:00+05:30,0.699323041694627,0.5904399199793452,5.099538873517051
2024-06-03 00:00:00+05:30,0.6877995668479047,0.6415002316167635,-0.2937781448560993
2024-06-04 00:00:00+05:30,0.635305135067578,0.6609481992035746,0.46571133043487967
2024-06-05 00:00:00+05:30,0.6609123383705476,0.7112882594762941,0.10023738840999664
2024-06-06 00:00:00+05:30,0.764941212265621,0.8456615814303531,1.0369347824183215
2024-06-07 00:00:00+05:30,0.855046571452669,0.9473823274447889,1.174469460297844
2024-06-10 00:00:00+05:30,0.947392463118106,0.8909598821501807,-0.5524800594365349
2024-06-11 00:00:00+05:30,0.8673703380474495,0.880396195467931,-0.7453904498994491
2024-06-12 00:00:00+05:30,0.914423103210853,0.8476625420522815,-0.28138090827402384
2024-06-13 00:00:00+05:30,0.8862552285219237,0.9220920586243222,-0.431337950612815
2024-06-14 00:00:00+05:30,0.9377896696964478,0.8483028966808963,-0.47521551431760695
2024-06-18 00:00:00+05:30,0.8370412347517651,0.8211718542906502,-0.5283425883297295
2024-06-19 00:00:00+05:30,0.8396023824993613,0.7997237132418722,-0.690751413130357
2024-06-20 00:00:00+05:30,0.7889479894714527,0.776594198515502,0.12895426191650888
2024-06-21 00:00:00+05:30,0.8385620921750546,0.8142094244318946,1.2294749963489253
2024-06-24 00:00:00+05:30,0.8093539953405562,0.8238934598572581,-0.5724027888004626
2024-06-25 00:00:00+05:30,0.822557544665954,0.8585469964188097,-0.795088487987273
2024-06-26 00:00:00+05:30,0.8665698112736586,0.8863982901737547,-0.6105904205086167
2024-06-27 00:00:00+05:30,0.8449640300179778,1.0117283249110458,1.1586027380379393
2024-06-28 00:00:00+05:30,0.9838827125636009,0.9637088122045908,0.05850121014211257
2024-07-01 00:00:00+05:30,0.9297878332499646,1.0822366041352751,0.013854488245185752
2024-07-02 00:00:00+05:30,1.1051966834975375,1.144981124660024,-0.20143258329584585
2024-07-03 00:00:00+05:30,1.1474483559773447,1.0615079272912347,-0.4994436909323295
2024-07-04 00:00:00+05:30,1.1151996451241362,1.1506636324215114,-0.072390515032589
2024-07-05 00:00:00+05:30,1.1314438371250555,1.13601773417934,-0.5929573923445425
2024-07-08 00:00:00+05:30,1.1506493034026963,1.1062457701185315,-0.5376356127658581
2024-07-09 00:00:00+05:30,1.0914329926572823,1.0939212066025863,-0.8153176548779476
2024-07-10 00:00:00+05:30,1.0893523662108755,0.9717122611123237,0.020591823708244677
2024-07-11 00:00:00+05:30,1.0050087328208763,0.9950015693108619,1.3704325814022116
2024-07-12 00:00:00+05:30,1.0834305349257964,1.4115681952139876,6.663819096553067
2024-07-15 00:00:00+05:30,1.4926664628815631,1.3879596936510936,1.3556261329848514
2024-07-16 00:00:00+05:30,1.3907173447312222,1.4027653853654332,-0.37176772116331064
2024-07-18 00:00:00+05:30,1.3715117241691515,1.6222122008898474,1.8246802491755854
2024-07-19 00:00:00+05:30,1.6394699190995805,1.617157846777573,0.7766577789504064
2024-07-22 00:00:00+05:30,1.6114776140023188,1.5930125021209909,-0.45336284141022687
2024-07-23 00:00:00+05:30,1.584287179841448,1.6170783436214695,-0.16603353308108915
2024-07-24 00:00:00+05:30,1.5915054390185026,1.6233346909948316,-0.5064335309174279
2024-07-25 00:00:00+05:30,1.6035366186233033,1.6494054289170457,0.10677799098088402
2024-07-26 00:00:00+05:30,1.6917658238876807,1.7542504128183554,0.5614503811663291
2024-07-29 00:00:00+05:30,1.7960370380673687,1.7434214532291072,-0.5450385305370115
2024-07-30 00:00:00+05:30,1.7576976372347561,1.7181528313075798,-0.5137187766783105
2024-07-31 00:00:00+05:30,1.6917661337053087,1.7502398328149231,-0.18755586633463597
2024-08-01 00:00:00+05:30,1.7710114705067888,1.7690907395709974,-0.2659101032986762
2024-08-02 00:00:00+05:30,1.7158280123489142,1.586113045059149,0.10735409353116832
2024-08-05 00:00:00+05:30,1.513703407700822,1.3807556056841823,0.09294478814847221
2024-08-06 00:00:00+05:30,1.4045409959689468,1.4066673372941898,-0.26540570712965067
2024-08-07 00:00:00+05:30,1.4960574265855227,1.4535938783942135,-0.8570758966477575
2024-08-08 00:00:00+05:30,1.420661981557493,1.4088320271880934,-0.11940906338653738
2024-08-09 00:00:00+05:30,1.478412004434568,1.4989972649688907,-0.8173186919276054
2024-08-12 00:00:00+05:30,1.4992663596733347,1.4458930924916464,-1.041400520486275
2024-08-13 00:00:00+05:30,1.4719953827793486,1.4479790663894083,-0.6989988727252251
2024-08-14 00:00:00+05:30,1.465579019145239,1.6056873518197678,0.3618584268702239
2024-08-16 00:00:00+05:30,1.6917662276749177,1.799493218760903,0.5031340940762734
2024-08-19 00:00:00+05:30,1.8056617985027978,1.9181355424659738,-0.3560235739141047
2024-08-20 00:00:00+05:30,1.9404122657742775,1.9715608762074772,-0.2597482575108481
2024-08-21 00:00:00+05:30,1.961266044742182,2.016803682150025,-0.4529926648779165
2024-08-22 00:00:00+05:30,2.028640892541883,1.9373879008023722,-0.49412761271832306
2024-08-23 00:00:00+05:30,1.9323909950815967,1.8762617811583018,-0.5067644834463146
2024-08-26 00:00:00+05:30,1.914745471370781,1.9381105136469552,-0.4853684024537876
2024-08-27 00:00:00+05:30,1.9404119958254684,1.9296068245837403,-1.04520953894374
2024-08-28 00:00:00+05:30,1.930386420117524,1.9438859062838902,-0.4829818669954822
2024-08-29 00:00:00+05:30,1.8682246742574184,1.9531106338717654,-0.30795517059352123
2024-08-30 00:00:00+05:30,1.9323903962950644,2.0204128105731334,0.6135521152139563
2024-09-02 00:00:00+05:30,2.0543071222947002,1.967950173464446,-0.8700480100300103
2024-09-03 00:00:00+05:30,1.9661582157488053,1.9539930401885166,-0.5631428596172225
2024-09-04 00:00:00+05:30,1.8954153401752911,1.9008888677112725,-0.8400140680335396
2024-09-05 00:00:00+05:30,1.9019115242926437,1.895594429810765,-0.5805914123901952
2024-09-06 00:00:00+05:30,1.8906032967621165,1.8647912862004967,-0.6048698447593043
2024-09-09 00:00:00+05:30,1.8602041551046138,1.8532397137666654,-0.8893915724683862
2024-09-10 00:00:00+05:30,1.8400719809051937,1.9467739961823383,-0.7664163543596659
2024-09-11 00:00:00+05:30,1.9668006992527949,1.9010494483434022,-0.8029878345517565
2024-09-12 00:00:00+05:30,1.948834052535913,1.9625770195677963,0.0650252650865556
2024-09-13 00:00:00+05:30,1.9805157105652729,1.9704375989425316,-0.7215569648191766
2024-09-16 00:00:00+05:30,1.9757032007682906,1.9554366915577601,-0.9076662808134686
2024-09-17 00:00:00+05:30,1.9536460862676552,1.9432435837553719,-0.5741127101997107
2024-09-18 00:00:00+05:30,1.9276585578152665,1.68734890053735,0.19958995045684638
2024-09-19 00:00:00+05:30,1.7560119822449434,1.6071302160290497,0.17861246312585566
2024-09-20 00:00:00+05:30,1.6386676603606702,1.5890814252736618,1.7232763943246914
2024-09-23 00:00:00+05:30,1.6115578982411283,1.562770603563215,-0.5723016644166361
2024-09-24 00:00:00+05:30,1.5339959832120058,1.5672621383030745,0.23038508326975657
2024-09-25 00:00:00+05:30,1.5351199595671179,1.572798234311738,0.0471642474025816
2024-09-26 00:00:00+05:30,1.5473906385115774,1.60127453307605,0.8139800310830272
2024-09-27 00:00:00+05:30,1.6677033918757949,1.6272657678421607,0.23066148991888233
2024-09-30 00:00:00+05:30,1.590543171771306,1.562770603563215,-0.08132929768779817
2024-10-01 00:00:00+05:30,1.5402523580911702,1.593894908437742,-0.49811559069140815
2024-10-03 00:00:00+05:30,1.5515624016137153,1.505414980134344,0.4375938487306845
2024-10-04 00:00:00+05:30,1.4912455390831731,1.5366998656410007,0.20184778215391808
2024-10-07 00:00:00+05:30,1.569688868954854,1.5697495637811603,-0.713079064204195
2024-10-08 00:00:00+05:30,1.567603855060913,1.5383040976423739,-0.6706386924998463
2024-10-09 00:00:00+05:30,1.5473912506675784,1.5378231429059463,-0.9521708156979848
2024-10-10 00:00:00+05:30,1.5365627804880155,1.4968310007550643,-0.15765736972498742
2024-10-11 00:00:00+05:30,1.3597038553353449,1.371371084624139,1.9140490766010188
2024-10-14 00:00:00+05:30,1.3548909570349308,1.3512355328110282,-0.30553492700727364
2024-10-15 00:00:00+05:30,1.3405338750491627,1.319389402251879,0.07560226275975408
2024-10-16 00:00:00+05:30,1.2666623385117457,1.2843344141100035,-0.169745717280102
2024-10-17 00:00:00+05:30,1.3112580417776183,1.3068759203451932,-0.06953574303341421
2024-10-18 00:00:00+05:30,1.290689103587821,1.345553812209502,-0.16861251130619168
2024-10-21 00:00:00+05:30,1.359193558541918,1.276077106114713,-0.6377990085084804
2024-10-22 00:00:00+05:30,1.2520954793471233,1.1725848566071027,-0.4339573785914481
2024-10-23 00:00:00+05:30,1.145319255233819,1.2542046858467297,-0.41040642891083634
2024-10-24 00:00:00+05:30,1.1523943786697606,1.2246924845731897,0.024899109584200114
2024-10-25 00:00:00+05:30,1.2377030423521866,1.2402125239525172,-0.5371489899733839
2024-10-28 00:00:00+05:30,1.2568391331774258,1.2937681326676356,-0.6763586553741053
2024-10-29 00:00:00+05:30,1.300096732275644,1.2686789832173115,-0.729463665884302
2024-10-30 00:00:00+05:30,1.2665683351933557,1.283796783856354,-0.42969605834450475
2024-10-31 00:00:00+05:30,1.2585277303989353,1.096915563095826,0.6767701769818566
2024-11-01 00:00:00+05:30,1.1296404911293005,1.1222459770743252,-1.5206792311944486
2024-11-04 00:00:00+05:30,1.091770053080325,1.089999969254775,-0.22487934421736366
2024-11-05 00:00:00+05:30,1.051246581670377,1.1015798794472174,-1.0225987395951879
2024-11-06 00:00:00+05:30,1.1517510952410712,1.372251129461006,0.7084221091195513
2024-11-07 00:00:00+05:30,1.4188537956477443,1.3903447883341948,0.6669500799997231
2024-11-08 00:00:00+05:30,1.3952147269418205,1.3840726977616042,-0.6055685223202874
2024-11-11 00:00:00+05:30,1.3521183011185276,1.4672204044863466,-0.7536097172418564
2024-11-12 00:00:00+05:30,1.493307074124628,1.4651289204688551,-0.642585562676268
2024-11-13 00:00:00+05:30,1.4323609675030773,1.3894600205375593,-0.9421754364505521
2024-11-14 00:00:00+05:30,1.3630528634324461,1.382303162168333,-0.49684877795583615
2024-11-18 00:00:00+05:30,1.488483093702881,1.1790179213918035,0.4154230936705411
2024-11-19 00:00:00+05:30,1.177962949529646,1.2112639292113536,-0.5270016177126847
2024-11-21 00:00:00+05:30,1.218164641985923,1.2648191443464911,-0.15430371743226856
2024-11-22 00:00:00+05:30,1.2601354686461048,1.5410394785083066,0.28218957291643915
2024-11-25 00:00:00+05:30,1.5962241964377337,1.6544227865111336,0.8678615542860008
2024-11-26 00:00:00+05:30,1.6622355862018297,1.714893989067303,-0.3526778889970813
2024-11-27 00:00:00+05:30,1.7231823247623448,1.682486613455662,-0.660142594333709
2024-11-28 00:00:00+05:30,1.6589394403989886,1.5415220075646567,-0.047542721738784044
2024-11-29 00:00:00+05:30,1.4997398777117388,1.583257228719119,-0.3791810578103734
2024-12-02 00:00:00+05:30,1.5801432388731829,1.5925842871019786,-0.5915306192200085
2024-12-03 00:00:00+05:30,1.6514617662281963,1.6345603792046353,-0.38317700315915393
2024-12-04 00:00:00+05:30,1.6501752078931085,1.717627795613313,0.40849637981595255
2024-12-05 00:00:00+05:30,1.79048001429991,1.8939744546101636,0.6806772554478805
2024-12-06 00:00:00+05:30,1.8744218092482077,1.8641410920723642,-0.4866413439398945
2024-12-09 00:00:00+05:30,1.8381602362808285,1.874836234468171,-0.34901902492772247
2024-12-10 00:00:00+05:30,1.831244686417977,1.8433136266531656,-0.3360328154192393
2024-12-11 00:00:00+05:30,1.8404111852054306,1.8351122070151358,-0.6134029041291004
2024-12-12 00:00:00+05:30,1.8375160902457957,1.879339576607452,-0.4421741944336414
2024-12-13 00:00:00+05:30,1.8453965130279626,1.909816048833731,-0.41005586438023783
2024-12-16 00:00:00+05:30,1.8840706582694653,1.8154111675007283,-0.6066808905423788
2024-12-17 00:00:00+05:30,1.8052746740029517,1.675973651934877,0.3609280825390201
2024-12-18 00:00:00+05:30,1.64720097535708,1.707094021009597,-0.6500847018308199
2024-12-19 00:00:00+05:30,1.5994408756946297,1.5849456868363638,0.23267539734466344
2024-12-20 00:00:00+05:30,1.6750200515364788,1.4215446605650184,0.9075893410035851
2024-12-23 00:00:00+05:30,1.4676583939176493,1.4022458597908962,-0.2701426184181054
2024-12-24 00:00:00+05:30,1.4005204764709913,1.436340906359821,-0.8912620671316497
2024-12-26 00:00:00+05:30,1.4346123527375925,1.4196153314995792,-0.8749730739598877
2024-12-27 00:00:00+05:30,1.4080792888576743,1.4127804215545736,-1.0897024292022397
2024-12-30 00:00:00+05:30,1.3887819789768387,1.4030495501115057,-0.6796467300361003
2024-12-31 00:00:00+05:30,1.3630530220560533,1.3001209071362716,-0.6623268810243614
2025-01-01 00:00:00+05:30,1.2977648007601488,1.3285070760850013,-1.1478881739059013
2025-01-02 00:00:00+05:30,1.3389319384793517,1.430310473895386,-0.5609536699261422
2025-01-03 00:00:00+05:30,1.4353363586152759,1.3083227203542822,-0.5173672218717599
2025-01-06 00:00:00+05:30,1.315614665767149,1.3004424619805115,-0.3374025911637982
2025-01-07 00:00:00+05:30,1.3308111244892944,1.1931706639181454,0.020186100422831685
2025-01-08 00:00:00+05:30,1.2020843072496419,1.3219933274042548,-0.27876025454528375
2025-01-09 00:00:00+05:30,1.3083784004367203,1.2101382904665237,-0.14932410762263026
2025-01-10 00:00:00+05:30,1.4675780467205646,1.5748936541290366,3.2226090221918473
2025-01-13 00:00:00+05:30,1.5399415411932025,1.615824397802928,0.8382008531971078
2025-01-14 00:00:00+05:30,1.631602337553768,1.522464077738729,0.4937270748801948
2025-01-15 00:00:00+05:30,1.4965233580680726,1.5490811046741682,-0.6022375464045477
2025-01-16 00:00:00+05:30,1.5640628193791328,1.4794426372073073,0.0009730803708500421
2025-01-17 00:00:00+05:30,1.4190352421667456,1.3633711779362325,-0.5360519436276298
2025-01-20 00:00:00+05:30,1.3963071357178436,1.2884087540703109,-0.8263506315909457
2025-01-21 00:00:00+05:30,1.314906009654955,1.220781086724896,-0.40727157301221484
2025-01-22 00:00:00+05:30,1.2418863500038946,1.4154425965440944,-0.1390578376015532
2025-01-23 00:00:00+05:30,1.4320918809408856,1.3974677988250799,-0.4983405158360404
2025-01-24 00:00:00+05:30,1.328929559076755,1.408591156239899,-0.4449584858016644
2025-01-27 00:00:00+05:30,1.3257057365185008,1.268015407369835,-0.6645620363444539
2025-01-28 00:00:00+05:30,1.2754141833163426,1.2279548690332927,-0.10286817856778933
2025-01-29 00:00:00+05:30,1.2483339951204029,1.3238746397120473,-0.8696870266235024
2025-01-30 00:00:00+05:30,1.3223205654191232,1.3242776656122943,-0.677144974067738
2025-01-31 00:00:00+05:30,1.3386010267515172,1.3441873025164779,-0.700622991616984
2025-02-01 00:00:00+05:30,1.3434367605888982,1.280912236177732,-1.3476786997193386
2025-02-03 00:00:00+05:30,1.2110986871593572,1.27365776997329,-0.8398865900224128
2025-02-04 00:00:00+05:30,1.2962076814038705,1.3355623908192042,-0.054536851849256926
2025-02-05 00:00:00+05:30,1.4030774779165989,1.309849810679436,-0.5774541049913596
2025-02-06 00:00:00+05:30,1.3311860774543218,1.296388588179201,-0.21547538939655259
2025-02-07 00:00:00+05:30,1.3063628011689763,1.2103827036345445,-0.6663038272464836
2025-02-10 00:00:00+05:30,1.2257672372126243,1.2225541645379936,-0.7946576368246668
2025-02-11 00:00:00+05:30,1.1909497961702693,1.104225917657529,-0.5057501752327822
2025-02-12 00:00:00+05:30,1.114706707493982,1.0826234932563128,-0.5872049470924483
2025-02-13 00:00:00+05:30,1.1097096251154772,1.018139349216827,-0.21990402453309982
2025-02-14 00:00:00+05:30,1.0403974401130145,1.057958623025194,-0.5847699945049168
2025-02-17 00:00:00+05:30,0.9299815174928121,1.0090311213032417,-0.512554314076672
2025-02-18 00:00:00+05:30,0.9975204426750243,0.9585721998763479,-0.29800330547488657
2025-02-19 00:00:00+05:30,0.9552884458685013,0.8149340051763813,1.0606138229851136
2025-02-20 00:00:00+05:30,0.7768499459757432,0.8073568033877571,0.15472320641571524
2025-02-21 00:00:00+05:30,0.8003840080642088,0.8179968445862645,-0.4916399528761911
2025-02-24 00:00:00+05:30,0.7472712165905512,0.6400207644692756,-0.07820363491497906
2025-02-25 00:00:00+05:30,0.5568240563749021,0.5657833149278212,0.8983747645743038
2025-02-27 00:00:00+05:30,0.535385557655907,0.5383775537110397,0.727935437947745
2025-02-28 00:00:00+05:30,0.4922669309392586,0.32993247938740516,2.7266202731501616
2025-03-03 00:00:00+05:30,0.3311564772971163,0.34573117339307535,1.4429050564778703
2025-03-04 00:00:00+05:30,0.31342545322671883,0.40860321383157416,0.09905270093159285
2025-03-05 00:00:00+05:30,0.3889436540670315,0.4327847678463814,-0.08226209351921596
2025-03-06 00:00:00+05:30,0.4472140893942632,0.5207250979962266,0.09217379133117683
2025-03-07 00:00:00+05:30,0.516526274396726,0.5362010564177148,-0.3584107222474637
2025-03-10 00:00:00+05:30,0.5270036977110518,0.5014601451004456,-0.9999002991139861
2025-03-11 00:00:00+05:30,0.4488260006733903,0.4783266945742684,-0.39264898711090285
2025-03-12 00:00:00+05:30,0.46010937962727955,0.3669301783140641,0.3297572573183181
2025-03-13 00:00:00+05:30,0.3590426211326195,0.37474903821084404,-0.5780105955399322
2025-03-17 00:00:00+05:30,0.3376041224136244,0.35322729770567335,0.03357864609178134
2025-03-18 00:00:00+05:30,0.35162767183542426,0.35322729770567335,-1.615610512605393
2025-03-19 00:00:00+05:30,0.43109497660299284,0.35226027169306945,0.25442081711768205
2025-03-20 00:00:00+05:30,0.3746780818335464,0.4587393996742861,0.12813668659514796
2025-03-21 00:00:00+05:30,0.31503736450584585,0.48284066337302856,0.935129494407389
2025-03-24 00:00:00+05:30,0.516526274396726,0.5648158953352367,-0.4911373953323261
2025-03-25 00:00:00+05:30,0.5890622819574429,0.6112445577596627,0.30599180136898346
2025-03-26 00:00:00+05:30,0.5934950379750422,0.5758589624339909,-0.5525793451952009
2025-03-27 00:00:00+05:30,0.5404633143049734,0.6006852004572008,-0.06597187459734694
2025-03-28 00:00:00+05:30,0.5987337496322052,0.5280598545167335,-0.35841991537326606
