Datetime,Open,High,Low,Close,Volume,Dividends,Stock Splits
2025-03-03 09:15:00+05:30,8562.650390625,8562.650390625,8439.400390625,8528.099609375,0,0.0,0.0
2025-03-03 09:20:00+05:30,8524.900390625,8534.2001953125,8487.150390625,8492.7001953125,16167,0.0,0.0
2025-03-03 09:25:00+05:30,8490.25,8500.5,8475.0498046875,8492.0,10566,0.0,0.0
2025-03-03 09:30:00+05:30,8486.7001953125,8502.0,8486.0498046875,8498.5498046875,7493,0.0,0.0
2025-03-03 09:35:00+05:30,8499.2998046875,8518.0,8493.099609375,8507.9501953125,11124,0.0,0.0
2025-03-03 09:40:00+05:30,8506.099609375,8529.9501953125,8505.0,8507.75,7982,0.0,0.0
2025-03-03 09:45:00+05:30,8510.0,8514.5,8486.0,8494.9501953125,8287,0.0,0.0
2025-03-03 09:50:00+05:30,8493.900390625,8504.0,8455.0,8458.5,11545,0.0,0.0
2025-03-03 09:55:00+05:30,8458.9501953125,8470.4501953125,8444.4501953125,8461.0,13849,0.0,0.0
2025-03-03 10:00:00+05:30,8461.0,8461.5498046875,8448.0,8453.9501953125,10039,0.0,0.0
2025-03-03 10:05:00+05:30,8455.0,8460.0,8445.650390625,8456.0,8782,0.0,0.0
2025-03-03 10:10:00+05:30,8456.349609375,8478.9501953125,8456.349609375,8478.9501953125,6682,0.0,0.0
2025-03-03 10:15:00+05:30,8479.7001953125,8497.0,8473.25,8495.099609375,11093,0.0,0.0
2025-03-03 10:20:00+05:30,8496.7001953125,8498.5,8472.2001953125,8487.2998046875,7648,0.0,0.0
2025-03-03 10:25:00+05:30,8487.400390625,8530.0,8483.0,8530.0,14136,0.0,0.0
2025-03-03 10:30:00+05:30,8529.9501953125,8530.0,8514.0,8517.7001953125,8926,0.0,0.0
2025-03-03 10:35:00+05:30,8517.7001953125,8539.0,8508.900390625,8532.75,8938,0.0,0.0
2025-03-03 10:40:00+05:30,8534.75,8543.0,8519.5,8529.5498046875,10489,0.0,0.0
2025-03-03 10:45:00+05:30,8528.4501953125,8541.2001953125,8521.7998046875,8536.0498046875,7570,0.0,0.0
2025-03-03 10:50:00+05:30,8536.25,8540.0,8527.599609375,8534.9501953125,6765,0.0,0.0
2025-03-03 10:55:00+05:30,8534.849609375,8534.849609375,8515.599609375,8519.650390625,7573,0.0,0.0
2025-03-03 11:00:00+05:30,8521.599609375,8525.9501953125,8488.2998046875,8491.2001953125,10192,0.0,0.0
2025-03-03 11:05:00+05:30,8491.900390625,8519.7001953125,8491.900390625,8508.75,6429,0.0,0.0
2025-03-03 11:10:00+05:30,8508.2001953125,8514.75,8496.099609375,8510.0,5768,0.0,0.0
2025-03-03 11:15:00+05:30,8510.0,8515.0,8485.2998046875,8487.25,11533,0.0,0.0
2025-03-03 11:20:00+05:30,8489.0,8499.900390625,8481.900390625,8497.849609375,7428,0.0,0.0
2025-03-03 11:25:00+05:30,8500.0,8501.75,8491.900390625,8497.2998046875,5160,0.0,0.0
2025-03-03 11:30:00+05:30,8496.5498046875,8510.9501953125,8493.0,8499.0498046875,6495,0.0,0.0
2025-03-03 11:35:00+05:30,8501.5,8503.2001953125,8490.0,8497.650390625,5594,0.0,0.0
2025-03-03 11:40:00+05:30,8498.349609375,8504.2001953125,8491.25,8493.900390625,4555,0.0,0.0
2025-03-03 11:45:00+05:30,8495.75,8500.0,8487.4501953125,8494.5,7012,0.0,0.0
2025-03-03 11:50:00+05:30,8497.0,8498.0498046875,8488.5,8489.0498046875,4524,0.0,0.0
2025-03-03 11:55:00+05:30,8489.5498046875,8495.849609375,8484.849609375,8494.349609375,6316,0.0,0.0
2025-03-03 12:00:00+05:30,8496.5498046875,8510.0,8493.0,8505.25,6091,0.0,0.0
2025-03-03 12:05:00+05:30,8506.0,8537.0,8506.0,8528.900390625,13718,0.0,0.0
2025-03-03 12:10:00+05:30,8526.599609375,8545.0,8511.900390625,8544.900390625,9426,0.0,0.0
2025-03-03 12:15:00+05:30,8544.2998046875,8557.9501953125,8540.25,8549.099609375,14316,0.0,0.0
2025-03-03 12:20:00+05:30,8549.2001953125,8575.0,8547.849609375,8569.7998046875,18253,0.0,0.0
2025-03-03 12:25:00+05:30,8569.75,8581.4501953125,8562.0,8581.4501953125,12175,0.0,0.0
2025-03-03 12:30:00+05:30,8582.9501953125,8598.0,8577.2998046875,8590.0,19068,0.0,0.0
2025-03-03 12:35:00+05:30,8590.0498046875,8607.7001953125,8571.5,8607.7001953125,18659,0.0,0.0
2025-03-03 12:40:00+05:30,8609.900390625,8624.2001953125,8600.0498046875,8604.5498046875,13594,0.0,0.0
2025-03-03 12:45:00+05:30,8604.7001953125,8616.900390625,8595.0498046875,8616.5498046875,17174,0.0,0.0
2025-03-03 12:50:00+05:30,8615.349609375,8623.650390625,8590.099609375,8600.0,10602,0.0,0.0
2025-03-03 12:55:00+05:30,8600.0,8609.400390625,8595.900390625,8601.0498046875,12149,0.0,0.0
2025-03-03 13:00:00+05:30,8601.0498046875,8609.0498046875,8599.650390625,8608.75,11228,0.0,0.0
2025-03-03 13:05:00+05:30,8609.7998046875,8632.150390625,8609.7998046875,8626.2001953125,12291,0.0,0.0
2025-03-03 13:10:00+05:30,8625.599609375,8630.849609375,8621.0,8628.0,10499,0.0,0.0
2025-03-03 13:15:00+05:30,8628.0,8641.5498046875,8617.0,8632.4501953125,10580,0.0,0.0
2025-03-03 13:20:00+05:30,8633.900390625,8633.900390625,8621.0498046875,8630.0,9772,0.0,0.0
2025-03-03 13:25:00+05:30,8630.0,8631.2998046875,8618.0498046875,8619.0,7825,0.0,0.0
2025-03-03 13:30:00+05:30,8620.4501953125,8635.0,8610.0,8622.4501953125,9125,0.0,0.0
2025-03-03 13:35:00+05:30,8622.7998046875,8628.900390625,8619.0498046875,8622.2001953125,9098,0.0,0.0
2025-03-03 13:40:00+05:30,8622.2001953125,8628.849609375,8615.0,8625.150390625,9017,0.0,0.0
2025-03-03 13:45:00+05:30,8627.7001953125,8635.0,8624.7001953125,8634.9501953125,9350,0.0,0.0
2025-03-03 13:50:00+05:30,8635.0,8636.900390625,8628.900390625,8630.0,9656,0.0,0.0
2025-03-03 13:55:00+05:30,8630.0,8631.5498046875,8616.75,8616.9501953125,8011,0.0,0.0
2025-03-03 14:00:00+05:30,8617.0,8618.5,8602.0,8610.4501953125,16982,0.0,0.0
2025-03-03 14:05:00+05:30,8610.900390625,8613.5498046875,8589.0498046875,8589.0498046875,16342,0.0,0.0
2025-03-03 14:10:00+05:30,8583.7998046875,8610.349609375,8583.7998046875,8593.0,12182,0.0,0.0
2025-03-03 14:15:00+05:30,8593.0,8600.0,8590.099609375,8595.0,9070,0.0,0.0
2025-03-03 14:20:00+05:30,8595.0,8606.0,8594.599609375,8600.7001953125,13241,0.0,0.0
2025-03-03 14:25:00+05:30,8598.150390625,8615.0,8598.150390625,8608.25,10305,0.0,0.0
2025-03-03 14:30:00+05:30,8608.150390625,8617.4501953125,8604.900390625,8617.4501953125,7690,0.0,0.0
2025-03-03 14:35:00+05:30,8617.5,8619.9501953125,8600.75,8605.7998046875,9049,0.0,0.0
2025-03-03 14:40:00+05:30,8605.7998046875,8619.7998046875,8604.2001953125,8619.7998046875,8248,0.0,0.0
2025-03-03 14:45:00+05:30,8615.099609375,8620.0,8609.0,8609.0,6335,0.0,0.0
2025-03-03 14:50:00+05:30,8612.0,8617.2001953125,8607.2998046875,8615.0,5994,0.0,0.0
2025-03-03 14:55:00+05:30,8613.7998046875,8618.2998046875,8607.0,8617.0498046875,6730,0.0,0.0
2025-03-03 15:00:00+05:30,8617.599609375,8617.599609375,8598.5,8603.7998046875,12430,0.0,0.0
2025-03-03 15:05:00+05:30,8603.75,8614.7998046875,8597.5498046875,8613.9501953125,15282,0.0,0.0
2025-03-03 15:10:00+05:30,8613.9501953125,8626.0,8613.9501953125,8625.150390625,17674,0.0,0.0
2025-03-03 15:15:00+05:30,8625.4501953125,8633.0,8617.0498046875,8630.0,42684,0.0,0.0
2025-03-03 15:20:00+05:30,8631.900390625,8647.2998046875,8623.5,8643.0,47712,0.0,0.0
2025-03-03 15:25:00+05:30,8643.099609375,8649.849609375,8635.099609375,8645.0,22984,0.0,0.0
2025-03-04 09:15:00+05:30,8539.150390625,8598.099609375,8535.0,8570.0,0,0.0,0.0
2025-03-04 09:20:00+05:30,8574.7001953125,8601.599609375,8566.7001953125,8591.9501953125,46080,0.0,0.0
2025-03-04 09:25:00+05:30,8590.2001953125,8590.2001953125,8563.900390625,8585.900390625,19623,0.0,0.0
2025-03-04 09:30:00+05:30,8585.900390625,8594.400390625,8570.2001953125,8578.7001953125,12553,0.0,0.0
2025-03-04 09:35:00+05:30,8578.2001953125,8585.0,8570.599609375,8583.0498046875,6990,0.0,0.0
2025-03-04 09:40:00+05:30,8581.900390625,8584.5,8557.2998046875,8557.2998046875,9841,0.0,0.0
2025-03-04 09:45:00+05:30,8560.4501953125,8590.0,8551.650390625,8578.650390625,12302,0.0,0.0
2025-03-04 09:50:00+05:30,8578.0,8578.0,8566.7998046875,8574.7998046875,14500,0.0,0.0
2025-03-04 09:55:00+05:30,8574.7998046875,8574.7998046875,8541.5,8545.599609375,11632,0.0,0.0
2025-03-04 10:00:00+05:30,8546.650390625,8566.9501953125,8545.900390625,8566.0,6492,0.0,0.0
2025-03-04 10:05:00+05:30,8565.900390625,8574.5,8547.0,8547.0,12457,0.0,0.0
2025-03-04 10:10:00+05:30,8547.0,8557.5,8547.0,8557.5,7410,0.0,0.0
2025-03-04 10:15:00+05:30,8557.5,8563.849609375,8550.2001953125,8562.4501953125,6616,0.0,0.0
2025-03-04 10:20:00+05:30,8560.400390625,8578.599609375,8555.0,8568.150390625,6973,0.0,0.0
2025-03-04 10:25:00+05:30,8568.25,8568.25,8552.150390625,8555.0498046875,8804,0.0,0.0
2025-03-04 10:30:00+05:30,8555.0498046875,8565.7998046875,8546.5,8562.9501953125,8769,0.0,0.0
2025-03-04 10:35:00+05:30,8565.4501953125,8567.650390625,8550.0,8550.0,8021,0.0,0.0
2025-03-04 10:40:00+05:30,8551.9501953125,8553.75,8541.349609375,8548.150390625,7454,0.0,0.0
2025-03-04 10:45:00+05:30,8547.0,8560.0,8547.0,8553.400390625,6188,0.0,0.0
2025-03-04 10:50:00+05:30,8553.400390625,8560.0,8550.0,8555.2998046875,4212,0.0,0.0
2025-03-04 10:55:00+05:30,8553.0498046875,8555.25,8550.7001953125,8552.0498046875,4228,0.0,0.0
2025-03-04 11:00:00+05:30,8552.849609375,8564.5,8551.150390625,8564.0498046875,5471,0.0,0.0
2025-03-04 11:05:00+05:30,8564.0498046875,8569.900390625,8556.0,8557.9501953125,7087,0.0,0.0
2025-03-04 11:10:00+05:30,8557.9501953125,8564.75,8553.4501953125,8553.4501953125,5103,0.0,0.0
2025-03-04 11:15:00+05:30,8553.099609375,8557.599609375,8543.2001953125,8547.4501953125,6140,0.0,0.0
2025-03-04 11:20:00+05:30,8549.0,8550.0,8545.0,8549.25,4767,0.0,0.0
2025-03-04 11:25:00+05:30,8548.099609375,8548.099609375,8535.0,8535.0,6446,0.0,0.0
2025-03-04 11:30:00+05:30,8536.25,8545.150390625,8535.0,8540.5,6980,0.0,0.0
2025-03-04 11:35:00+05:30,8539.0498046875,8552.7001953125,8539.0498046875,8542.25,6094,0.0,0.0
2025-03-04 11:40:00+05:30,8541.849609375,8544.9501953125,8532.25,8532.25,4789,0.0,0.0
2025-03-04 11:45:00+05:30,8532.25,8534.9501953125,8527.2001953125,8531.0,9965,0.0,0.0
2025-03-04 11:50:00+05:30,8530.9501953125,8537.5498046875,8526.0,8534.0,11131,0.0,0.0
2025-03-04 11:55:00+05:30,8535.0,8539.900390625,8532.5498046875,8537.2001953125,7413,0.0,0.0
2025-03-04 12:00:00+05:30,8536.900390625,8537.2001953125,8521.0,8525.7001953125,7794,0.0,0.0
2025-03-04 12:05:00+05:30,8525.4501953125,8525.599609375,8513.650390625,8523.0,10144,0.0,0.0
2025-03-04 12:10:00+05:30,8522.849609375,8537.9501953125,8521.2998046875,8535.0,9994,0.0,0.0
2025-03-04 12:15:00+05:30,8535.099609375,8548.0,8533.0,8542.2001953125,14265,0.0,0.0
2025-03-04 12:20:00+05:30,8542.150390625,8575.0,8542.150390625,8572.5,15842,0.0,0.0
2025-03-04 12:25:00+05:30,8573.0,8585.0,8564.0,8572.150390625,10737,0.0,0.0
2025-03-04 12:30:00+05:30,8572.2001953125,8581.2998046875,8571.7001953125,8573.349609375,6553,0.0,0.0
2025-03-04 12:35:00+05:30,8573.349609375,8575.349609375,8570.0498046875,8573.2001953125,4525,0.0,0.0
2025-03-04 12:40:00+05:30,8573.849609375,8580.0,8573.5498046875,8579.900390625,5639,0.0,0.0
2025-03-04 12:45:00+05:30,8579.9501953125,8590.849609375,8575.5,8575.5,7882,0.0,0.0
2025-03-04 12:50:00+05:30,8572.0,8576.7001953125,8564.599609375,8565.0,6272,0.0,0.0
2025-03-04 12:55:00+05:30,8564.900390625,8572.0,8560.400390625,8563.0,5415,0.0,0.0
2025-03-04 13:00:00+05:30,8563.0,8573.25,8562.400390625,8563.400390625,9107,0.0,0.0
2025-03-04 13:05:00+05:30,8561.7998046875,8568.7998046875,8558.0,8567.7998046875,6508,0.0,0.0
2025-03-04 13:10:00+05:30,8566.7998046875,8576.650390625,8564.2001953125,8565.849609375,6873,0.0,0.0
2025-03-04 13:15:00+05:30,8564.650390625,8569.650390625,8560.0,8563.7001953125,5148,0.0,0.0
2025-03-04 13:20:00+05:30,8563.150390625,8570.0,8556.2001953125,8561.0,5948,0.0,0.0
2025-03-04 13:25:00+05:30,8561.0498046875,8561.0498046875,8545.0,8545.0,6980,0.0,0.0
2025-03-04 13:30:00+05:30,8545.0,8555.5498046875,8545.0,8547.7001953125,6157,0.0,0.0
2025-03-04 13:35:00+05:30,8545.150390625,8552.2998046875,8544.9501953125,8547.25,5943,0.0,0.0
2025-03-04 13:40:00+05:30,8544.849609375,8548.0,8540.099609375,8547.0498046875,4621,0.0,0.0
2025-03-04 13:45:00+05:30,8547.4501953125,8560.75,8546.4501953125,8557.099609375,5735,0.0,0.0
2025-03-04 13:50:00+05:30,8557.0498046875,8560.0,8556.7998046875,8559.150390625,4123,0.0,0.0
2025-03-04 13:55:00+05:30,8558.900390625,8568.75,8556.9501953125,8566.400390625,5250,0.0,0.0
2025-03-04 14:00:00+05:30,8565.849609375,8581.650390625,8565.099609375,8580.099609375,10302,0.0,0.0
2025-03-04 14:05:00+05:30,8579.349609375,8581.0,8570.650390625,8579.4501953125,6256,0.0,0.0
2025-03-04 14:10:00+05:30,8579.5,8595.0,8579.5,8586.849609375,9927,0.0,0.0
2025-03-04 14:15:00+05:30,8586.849609375,8595.0,8577.2001953125,8586.5,9808,0.0,0.0
2025-03-04 14:20:00+05:30,8586.5,8591.7998046875,8575.650390625,8576.349609375,7531,0.0,0.0
2025-03-04 14:25:00+05:30,8575.349609375,8580.4501953125,8571.849609375,8579.4501953125,5245,0.0,0.0
2025-03-04 14:30:00+05:30,8579.849609375,8582.0,8576.0,8579.2998046875,4344,0.0,0.0
2025-03-04 14:35:00+05:30,8579.349609375,8584.5,8575.0,8583.25,4448,0.0,0.0
2025-03-04 14:40:00+05:30,8581.650390625,8594.9501953125,8580.75,8589.0,25122,0.0,0.0
2025-03-04 14:45:00+05:30,8589.0,8595.0,8579.849609375,8594.650390625,14924,0.0,0.0
2025-03-04 14:50:00+05:30,8594.7998046875,8616.2001953125,8587.2998046875,8605.900390625,28009,0.0,0.0
2025-03-04 14:55:00+05:30,8604.900390625,8605.0,8591.9501953125,8591.9501953125,7593,0.0,0.0
2025-03-04 15:00:00+05:30,8591.650390625,8600.0,8588.4501953125,8594.75,16004,0.0,0.0
2025-03-04 15:05:00+05:30,8594.75,8596.349609375,8585.0,8592.650390625,16526,0.0,0.0
2025-03-04 15:10:00+05:30,8592.75,8596.0,8581.2001953125,8583.2998046875,19243,0.0,0.0
2025-03-04 15:15:00+05:30,8585.7998046875,8591.75,8582.9501953125,8586.75,22952,0.0,0.0
2025-03-04 15:20:00+05:30,8588.9501953125,8589.599609375,8575.25,8576.75,19164,0.0,0.0
2025-03-04 15:25:00+05:30,8576.9501953125,8576.9501953125,8560.0,8567.0498046875,11457,0.0,0.0
2025-03-05 09:15:00+05:30,8455.0498046875,8460.7001953125,8331.0,8337.900390625,0,0.0,0.0
2025-03-05 09:20:00+05:30,8332.650390625,8334.2001953125,8249.5,8258.25,70862,0.0,0.0
2025-03-05 09:25:00+05:30,8259.25,8316.0,8238.0498046875,8293.75,72569,0.0,0.0
2025-03-05 09:30:00+05:30,8294.4501953125,8294.4501953125,8221.0,8271.349609375,50602,0.0,0.0
2025-03-05 09:35:00+05:30,8271.2998046875,8322.599609375,8267.4501953125,8320.0498046875,32422,0.0,0.0
2025-03-05 09:40:00+05:30,8321.900390625,8337.25,8314.349609375,8321.650390625,37340,0.0,0.0
2025-03-05 09:45:00+05:30,8322.7001953125,8343.7001953125,8305.900390625,8341.650390625,23199,0.0,0.0
2025-03-05 09:50:00+05:30,8343.0,8344.0,8307.0,8340.0,28761,0.0,0.0
2025-03-05 09:55:00+05:30,8340.0498046875,8373.0,8340.0498046875,8370.0,38968,0.0,0.0
2025-03-05 10:00:00+05:30,8370.0,8389.0,8352.5498046875,8353.5,35348,0.0,0.0
2025-03-05 10:05:00+05:30,8352.0498046875,8372.9501953125,8336.0,8342.2001953125,18442,0.0,0.0
2025-03-05 10:10:00+05:30,8341.349609375,8354.900390625,8330.0,8347.5,13331,0.0,0.0
2025-03-05 10:15:00+05:30,8346.9501953125,8355.5498046875,8333.599609375,8345.0,21489,0.0,0.0
2025-03-05 10:20:00+05:30,8345.0,8369.900390625,8337.0498046875,8368.0,20428,0.0,0.0
2025-03-05 10:25:00+05:30,8371.2001953125,8385.0,8361.75,8381.25,15787,0.0,0.0
2025-03-05 10:30:00+05:30,8384.0,8417.2998046875,8384.0,8408.7001953125,26106,0.0,0.0
2025-03-05 10:35:00+05:30,8408.599609375,8410.0,8395.0,8403.0,11230,0.0,0.0
2025-03-05 10:40:00+05:30,8403.5,8414.0,8400.0,8405.0,9811,0.0,0.0
2025-03-05 10:45:00+05:30,8403.900390625,8410.9501953125,8385.400390625,8391.900390625,10441,0.0,0.0
2025-03-05 10:50:00+05:30,8391.5498046875,8402.2998046875,8386.0,8402.0498046875,7747,0.0,0.0
2025-03-05 10:55:00+05:30,8402.599609375,8408.599609375,8394.349609375,8400.0,9891,0.0,0.0
2025-03-05 11:00:00+05:30,8399.75,8407.0,8393.2998046875,8399.75,9650,0.0,0.0
2025-03-05 11:05:00+05:30,8399.0498046875,8405.599609375,8392.349609375,8399.0,7266,0.0,0.0
2025-03-05 11:10:00+05:30,8398.0498046875,8404.4501953125,8368.5498046875,8371.0,15017,0.0,0.0
2025-03-05 11:15:00+05:30,8371.0,8397.0,8360.25,8395.25,11652,0.0,0.0
2025-03-05 11:20:00+05:30,8395.0498046875,8409.0,8390.0498046875,8395.0498046875,11402,0.0,0.0
2025-03-05 11:25:00+05:30,8396.9501953125,8405.0,8395.150390625,8402.0,6371,0.0,0.0
2025-03-05 11:30:00+05:30,8403.5,8408.0,8402.0,8406.0,6212,0.0,0.0
2025-03-05 11:35:00+05:30,8405.7998046875,8421.0,8400.2998046875,8418.2998046875,19938,0.0,0.0
2025-03-05 11:40:00+05:30,8418.2998046875,8427.7001953125,8406.7998046875,8427.25,16308,0.0,0.0
2025-03-05 11:45:00+05:30,8430.0,8439.0,8422.0498046875,8423.9501953125,11797,0.0,0.0
2025-03-05 11:50:00+05:30,8423.9501953125,8434.099609375,8420.0498046875,8421.5,9344,0.0,0.0
2025-03-05 11:55:00+05:30,8421.5,8421.5,8405.0,8410.7998046875,9434,0.0,0.0
2025-03-05 12:00:00+05:30,8412.400390625,8415.349609375,8393.099609375,8399.9501953125,8402,0.0,0.0
2025-03-05 12:05:00+05:30,8399.9501953125,8406.400390625,8398.0,8406.400390625,6131,0.0,0.0
2025-03-05 12:10:00+05:30,8406.349609375,8409.7998046875,8397.25,8400.0498046875,8192,0.0,0.0
2025-03-05 12:15:00+05:30,8400.0,8406.0,8394.2998046875,8400.5498046875,8876,0.0,0.0
2025-03-05 12:20:00+05:30,8400.5498046875,8401.650390625,8381.849609375,8382.5498046875,10738,0.0,0.0
2025-03-05 12:25:00+05:30,8385.349609375,8385.349609375,8370.0,8370.0498046875,12762,0.0,0.0
2025-03-05 12:30:00+05:30,8369.5498046875,8383.25,8366.25,8368.75,12224,0.0,0.0
2025-03-05 12:35:00+05:30,8368.75,8378.7998046875,8361.7001953125,8378.7001953125,8704,0.0,0.0
2025-03-05 12:40:00+05:30,8378.7001953125,8378.7001953125,8366.400390625,8366.400390625,10857,0.0,0.0
2025-03-05 12:45:00+05:30,8365.7998046875,8365.7998046875,8354.0,8354.0,12604,0.0,0.0
2025-03-05 12:50:00+05:30,8354.650390625,8357.0,8351.150390625,8351.5,8585,0.0,0.0
2025-03-05 12:55:00+05:30,8351.599609375,8353.4501953125,8345.75,8347.650390625,11425,0.0,0.0
2025-03-05 13:00:00+05:30,8348.0498046875,8365.900390625,8341.2998046875,8352.0,11970,0.0,0.0
2025-03-05 13:05:00+05:30,8354.0,8360.099609375,8339.0,8343.0,9268,0.0,0.0
2025-03-05 13:10:00+05:30,8343.0,8355.400390625,8341.0,8348.400390625,7924,0.0,0.0
2025-03-05 13:15:00+05:30,8350.0,8354.0498046875,8341.5,8345.0,7059,0.0,0.0
2025-03-05 13:20:00+05:30,8341.75,8365.25,8341.75,8362.9501953125,8740,0.0,0.0
2025-03-05 13:25:00+05:30,8364.2998046875,8370.0,8328.0,8329.9501953125,30656,0.0,0.0
2025-03-05 13:30:00+05:30,8329.9501953125,8347.4501953125,8325.099609375,8341.650390625,11155,0.0,0.0
2025-03-05 13:35:00+05:30,8339.150390625,8348.099609375,8337.400390625,8339.400390625,14988,0.0,0.0
2025-03-05 13:40:00+05:30,8339.849609375,8342.75,8330.0498046875,8338.349609375,6797,0.0,0.0
2025-03-05 13:45:00+05:30,8338.349609375,8347.849609375,8322.349609375,8322.349609375,30108,0.0,0.0
2025-03-05 13:50:00+05:30,8320.2001953125,8320.2001953125,8294.75,8298.5498046875,78183,0.0,0.0
2025-03-05 13:55:00+05:30,8299.349609375,8318.4501953125,8296.75,8312.0,27857,0.0,0.0
2025-03-05 14:00:00+05:30,8312.0,8312.4501953125,8300.2001953125,8303.349609375,8267,0.0,0.0
2025-03-05 14:05:00+05:30,8303.7001953125,8316.7998046875,8303.349609375,8312.7998046875,10290,0.0,0.0
2025-03-05 14:10:00+05:30,8314.0498046875,8322.9501953125,8310.599609375,8315.0,9168,0.0,0.0
2025-03-05 14:15:00+05:30,8315.7998046875,8327.4501953125,8315.400390625,8320.0,12445,0.0,0.0
2025-03-05 14:20:00+05:30,8323.0,8323.0,8297.099609375,8299.7998046875,27871,0.0,0.0
2025-03-05 14:25:00+05:30,8299.650390625,8301.4501953125,8297.5,8300.0,16833,0.0,0.0
2025-03-05 14:30:00+05:30,8300.0,8313.0,8300.0,8303.849609375,13427,0.0,0.0
2025-03-05 14:35:00+05:30,8303.849609375,8323.0,8302.400390625,8317.849609375,14149,0.0,0.0
2025-03-05 14:40:00+05:30,8320.349609375,8332.0498046875,8317.650390625,8321.5498046875,13868,0.0,0.0
2025-03-05 14:45:00+05:30,8322.9501953125,8339.150390625,8321.5498046875,8327.0,12607,0.0,0.0
2025-03-05 14:50:00+05:30,8324.349609375,8337.0,8324.25,8336.0,11862,0.0,0.0
2025-03-05 14:55:00+05:30,8336.0,8336.0,8321.5,8322.900390625,10855,0.0,0.0
2025-03-05 15:00:00+05:30,8325.2998046875,8325.900390625,8313.099609375,8321.75,29779,0.0,0.0
2025-03-05 15:05:00+05:30,8321.75,8322.849609375,8303.7998046875,8304.5498046875,33987,0.0,0.0
2025-03-05 15:10:00+05:30,8304.900390625,8304.900390625,8292.0,8297.4501953125,34403,0.0,0.0
2025-03-05 15:15:00+05:30,8299.9501953125,8299.9501953125,8283.2001953125,8285.400390625,44504,0.0,0.0
2025-03-05 15:20:00+05:30,8285.400390625,8290.0,8282.7998046875,8288.650390625,45524,0.0,0.0
2025-03-05 15:25:00+05:30,8289.75,8300.0,8285.0,8292.349609375,29847,0.0,0.0
2025-03-06 09:15:00+05:30,8350.0498046875,8384.599609375,8339.0498046875,8345.099609375,0,0.0,0.0
2025-03-06 09:20:00+05:30,8345.9501953125,8348.650390625,8297.0,8302.349609375,33140,0.0,0.0
2025-03-06 09:25:00+05:30,8302.0,8320.099609375,8302.0,8313.2998046875,18572,0.0,0.0
2025-03-06 09:30:00+05:30,8314.0,8319.0,8276.0498046875,8288.650390625,27110,0.0,0.0
2025-03-06 09:35:00+05:30,8290.2001953125,8336.400390625,8290.2001953125,8317.849609375,19910,0.0,0.0
2025-03-06 09:40:00+05:30,8321.0,8324.349609375,8301.0,8310.0498046875,8914,0.0,0.0
2025-03-06 09:45:00+05:30,8312.7998046875,8312.900390625,8283.099609375,8292.25,21987,0.0,0.0
2025-03-06 09:50:00+05:30,8292.2001953125,8315.0,8291.7998046875,8310.0,8002,0.0,0.0
2025-03-06 09:55:00+05:30,8311.099609375,8335.0,8311.099609375,8327.0,9697,0.0,0.0
2025-03-06 10:00:00+05:30,8329.150390625,8365.0,8326.4501953125,8364.900390625,11642,0.0,0.0
2025-03-06 10:05:00+05:30,8365.75,8394.4501953125,8343.849609375,8350.650390625,20449,0.0,0.0
2025-03-06 10:10:00+05:30,8354.2001953125,8364.400390625,8350.099609375,8364.0,5173,0.0,0.0
2025-03-06 10:15:00+05:30,8363.9501953125,8381.650390625,8361.849609375,8370.0498046875,9020,0.0,0.0
2025-03-06 10:20:00+05:30,8370.0,8378.0,8361.5498046875,8370.0,6424,0.0,0.0
2025-03-06 10:25:00+05:30,8369.2998046875,8397.0,8364.0,8397.0,12964,0.0,0.0
2025-03-06 10:30:00+05:30,8397.0,8408.0,8378.25,8396.0498046875,13890,0.0,0.0
2025-03-06 10:35:00+05:30,8393.7001953125,8418.0,8392.5,8406.0498046875,9561,0.0,0.0
2025-03-06 10:40:00+05:30,8406.0498046875,8412.0,8395.599609375,8405.9501953125,6611,0.0,0.0
2025-03-06 10:45:00+05:30,8406.5498046875,8411.0,8395.75,8402.0,6175,0.0,0.0
2025-03-06 10:50:00+05:30,8402.9501953125,8416.0,8397.4501953125,8410.9501953125,6898,0.0,0.0
2025-03-06 10:55:00+05:30,8410.9501953125,8425.0,8405.0,8422.9501953125,9216,0.0,0.0
2025-03-06 11:00:00+05:30,8422.7998046875,8430.599609375,8419.599609375,8428.0,9692,0.0,0.0
2025-03-06 11:05:00+05:30,8426.849609375,8459.7998046875,8424.099609375,8436.9501953125,13859,0.0,0.0
2025-03-06 11:10:00+05:30,8435.9501953125,8449.75,8435.9501953125,8449.75,8683,0.0,0.0
2025-03-06 11:15:00+05:30,8449.0,8450.0,8423.849609375,8426.2998046875,5928,0.0,0.0
2025-03-06 11:20:00+05:30,8426.2998046875,8431.4501953125,8396.099609375,8398.25,10911,0.0,0.0
2025-03-06 11:25:00+05:30,8398.2001953125,8409.5,8373.4501953125,8385.400390625,11130,0.0,0.0
2025-03-06 11:30:00+05:30,8388.0,8397.2001953125,8381.650390625,8392.150390625,5583,0.0,0.0
2025-03-06 11:35:00+05:30,8392.400390625,8403.349609375,8390.150390625,8395.0498046875,4275,0.0,0.0
2025-03-06 11:40:00+05:30,8398.2998046875,8405.0,8394.5498046875,8399.7998046875,4015,0.0,0.0
2025-03-06 11:45:00+05:30,8399.7998046875,8413.75,8398.400390625,8413.349609375,5868,0.0,0.0
2025-03-06 11:50:00+05:30,8413.4501953125,8422.0,8405.2001953125,8406.75,5060,0.0,0.0
2025-03-06 11:55:00+05:30,8408.0498046875,8411.0,8400.150390625,8404.0,2777,0.0,0.0
2025-03-06 12:00:00+05:30,8404.0,8411.0,8401.599609375,8408.150390625,1768,0.0,0.0
2025-03-06 12:05:00+05:30,8406.25,8411.150390625,8388.2998046875,8390.400390625,4819,0.0,0.0
2025-03-06 12:10:00+05:30,8392.9501953125,8394.0,8385.2998046875,8392.5498046875,3623,0.0,0.0
2025-03-06 12:15:00+05:30,8392.099609375,8399.599609375,8390.0,8390.0,2568,0.0,0.0
2025-03-06 12:20:00+05:30,8391.9501953125,8399.0,8390.0,8394.9501953125,2700,0.0,0.0
2025-03-06 12:25:00+05:30,8395.0,8397.0,8392.0,8392.0,1684,0.0,0.0
2025-03-06 12:30:00+05:30,8393.0,8401.5,8386.0,8388.099609375,7196,0.0,0.0
2025-03-06 12:35:00+05:30,8386.349609375,8402.5,8385.0,8402.5,2806,0.0,0.0
2025-03-06 12:40:00+05:30,8402.5,8415.5,8400.0,8406.150390625,3580,0.0,0.0
2025-03-06 12:45:00+05:30,8406.150390625,8410.0,8396.0498046875,8410.0,2898,0.0,0.0
2025-03-06 12:50:00+05:30,8410.0,8420.0,8402.25,8402.7001953125,6481,0.0,0.0
2025-03-06 12:55:00+05:30,8402.7001953125,8408.9501953125,8394.150390625,8396.25,3912,0.0,0.0
2025-03-06 13:00:00+05:30,8393.2001953125,8399.9501953125,8385.150390625,8390.9501953125,5366,0.0,0.0
2025-03-06 13:05:00+05:30,8389.150390625,8394.099609375,8379.0,8383.0,12285,0.0,0.0
2025-03-06 13:10:00+05:30,8380.7001953125,8383.0498046875,8356.0,8358.5498046875,11837,0.0,0.0
2025-03-06 13:15:00+05:30,8359.0,8362.2998046875,8350.5,8354.0,7403,0.0,0.0
2025-03-06 13:20:00+05:30,8352.5498046875,8366.349609375,8344.5,8363.349609375,6473,0.0,0.0
2025-03-06 13:25:00+05:30,8362.7001953125,8367.099609375,8354.5498046875,8361.2998046875,3484,0.0,0.0
2025-03-06 13:30:00+05:30,8361.4501953125,8367.5,8354.650390625,8367.5,3135,0.0,0.0
2025-03-06 13:35:00+05:30,8368.7998046875,8388.0,8358.599609375,8387.650390625,10490,0.0,0.0
2025-03-06 13:40:00+05:30,8388.0,8400.0,8387.599609375,8400.0,12148,0.0,0.0
2025-03-06 13:45:00+05:30,8399.9501953125,8404.9501953125,8395.0,8399.849609375,11168,0.0,0.0
2025-03-06 13:50:00+05:30,8400.75,8400.7998046875,8380.349609375,8392.099609375,9165,0.0,0.0
2025-03-06 13:55:00+05:30,8392.25,8400.0,8384.0498046875,8394.849609375,7240,0.0,0.0
2025-03-06 14:00:00+05:30,8397.2998046875,8400.0,8391.5,8396.900390625,7409,0.0,0.0
2025-03-06 14:05:00+05:30,8396.900390625,8399.0,8391.0498046875,8398.0,7496,0.0,0.0
2025-03-06 14:10:00+05:30,8398.0498046875,8408.150390625,8395.7001953125,8404.0,5744,0.0,0.0
2025-03-06 14:15:00+05:30,8404.400390625,8414.099609375,8401.0,8412.849609375,7312,0.0,0.0
2025-03-06 14:20:00+05:30,8412.75,8415.0,8402.0,8413.9501953125,10098,0.0,0.0
2025-03-06 14:25:00+05:30,8413.9501953125,8419.0,8403.349609375,8409.900390625,9299,0.0,0.0
2025-03-06 14:30:00+05:30,8409.9501953125,8425.0,8401.5,8424.9501953125,11530,0.0,0.0
2025-03-06 14:35:00+05:30,8424.9501953125,8426.650390625,8415.7998046875,8421.599609375,7555,0.0,0.0
2025-03-06 14:40:00+05:30,8421.599609375,8442.349609375,8420.0,8439.0,13743,0.0,0.0
2025-03-06 14:45:00+05:30,8437.7001953125,8447.0,8434.75,8442.349609375,19288,0.0,0.0
2025-03-06 14:50:00+05:30,8442.349609375,8445.900390625,8430.0,8439.7998046875,17434,0.0,0.0
2025-03-06 14:55:00+05:30,8437.25,8454.400390625,8435.650390625,8452.7998046875,20025,0.0,0.0
2025-03-06 15:00:00+05:30,8452.7001953125,8452.7001953125,8430.0,8439.9501953125,24220,0.0,0.0
2025-03-06 15:05:00+05:30,8439.9501953125,8442.7001953125,8432.0,8433.5498046875,25834,0.0,0.0
2025-03-06 15:10:00+05:30,8433.599609375,8433.599609375,8412.599609375,8421.5,30535,0.0,0.0
2025-03-06 15:15:00+05:30,8421.0,8424.0,8408.5498046875,8410.0,24790,0.0,0.0
2025-03-06 15:20:00+05:30,8409.9501953125,8412.650390625,8371.099609375,8384.0,67339,0.0,0.0
2025-03-06 15:25:00+05:30,8383.9501953125,8410.849609375,8368.7998046875,8410.849609375,22131,0.0,0.0
2025-03-07 09:15:00+05:30,8409.849609375,8434.0,8384.099609375,8415.7998046875,0,0.0,0.0
2025-03-07 09:20:00+05:30,8416.9501953125,8420.7998046875,8384.2001953125,8390.349609375,12216,0.0,0.0
2025-03-07 09:25:00+05:30,8390.349609375,8402.5498046875,8384.75,8386.900390625,4923,0.0,0.0
2025-03-07 09:30:00+05:30,8387.0,8395.0,8375.0,8390.599609375,8966,0.0,0.0
2025-03-07 09:35:00+05:30,8393.150390625,8396.7001953125,8366.4501953125,8367.349609375,7361,0.0,0.0
2025-03-07 09:40:00+05:30,8370.2001953125,8393.150390625,8370.2001953125,8388.0,7748,0.0,0.0
2025-03-07 09:45:00+05:30,8387.849609375,8389.849609375,8371.0,8389.0,5172,0.0,0.0
2025-03-07 09:50:00+05:30,8390.0,8402.2998046875,8389.900390625,8398.2001953125,3973,0.0,0.0
2025-03-07 09:55:00+05:30,8399.599609375,8405.0,8393.650390625,8405.0,2995,0.0,0.0
2025-03-07 10:00:00+05:30,8405.0,8410.900390625,8397.849609375,8405.0,5174,0.0,0.0
2025-03-07 10:05:00+05:30,8407.0498046875,8419.0,8404.7998046875,8419.0,4496,0.0,0.0
2025-03-07 10:10:00+05:30,8422.0,8425.0,8413.2998046875,8422.0,5154,0.0,0.0
2025-03-07 10:15:00+05:30,8422.0,8424.0,8409.75,8412.7998046875,3262,0.0,0.0
2025-03-07 10:20:00+05:30,8413.5,8415.650390625,8405.0,8410.0,2451,0.0,0.0
2025-03-07 10:25:00+05:30,8410.150390625,8413.400390625,8401.7998046875,8410.900390625,2405,0.0,0.0
2025-03-07 10:30:00+05:30,8410.900390625,8412.849609375,8401.0498046875,8405.0,1554,0.0,0.0
2025-03-07 10:35:00+05:30,8401.7998046875,8412.0,8401.7998046875,8407.849609375,2120,0.0,0.0
2025-03-07 10:40:00+05:30,8407.849609375,8417.0,8407.849609375,8415.650390625,1755,0.0,0.0
2025-03-07 10:45:00+05:30,8417.7001953125,8425.599609375,8414.75,8425.599609375,2778,0.0,0.0
2025-03-07 10:50:00+05:30,8421.0,8422.9501953125,8397.5498046875,8397.5498046875,8270,0.0,0.0
2025-03-07 10:55:00+05:30,8396.7001953125,8409.400390625,8396.599609375,8402.4501953125,2485,0.0,0.0
2025-03-07 11:00:00+05:30,8402.349609375,8419.0,8401.599609375,8419.0,3016,0.0,0.0
2025-03-07 11:05:00+05:30,8420.0,8423.0,8415.900390625,8418.0498046875,3232,0.0,0.0
2025-03-07 11:10:00+05:30,8420.0,8437.849609375,8418.0,8435.0,6614,0.0,0.0
2025-03-07 11:15:00+05:30,8434.0,8439.7998046875,8430.849609375,8439.0,5953,0.0,0.0
2025-03-07 11:20:00+05:30,8436.5498046875,8450.0,8436.5498046875,8447.5498046875,9297,0.0,0.0
2025-03-07 11:25:00+05:30,8445.9501953125,8450.0,8438.5498046875,8447.599609375,3636,0.0,0.0
2025-03-07 11:30:00+05:30,8447.9501953125,8470.0,8447.9501953125,8462.0,13547,0.0,0.0
2025-03-07 11:35:00+05:30,8462.0,8463.0,8444.25,8445.400390625,5507,0.0,0.0
2025-03-07 11:40:00+05:30,8445.400390625,8452.2001953125,8441.0498046875,8447.5,2242,0.0,0.0
2025-03-07 11:45:00+05:30,8448.0498046875,8449.7001953125,8425.5498046875,8430.25,6675,0.0,0.0
2025-03-07 11:50:00+05:30,8425.900390625,8442.4501953125,8425.900390625,8440.4501953125,3704,0.0,0.0
2025-03-07 11:55:00+05:30,8440.0,8446.7001953125,8437.25,8443.2001953125,3172,0.0,0.0
2025-03-07 12:00:00+05:30,8440.4501953125,8445.9501953125,8420.75,8430.0,6153,0.0,0.0
2025-03-07 12:05:00+05:30,8430.0,8431.9501953125,8421.150390625,8430.900390625,2290,0.0,0.0
2025-03-07 12:10:00+05:30,8428.400390625,8433.0,8398.0,8399.5,11153,0.0,0.0
2025-03-07 12:15:00+05:30,8400.150390625,8418.7998046875,8395.150390625,8418.0,6181,0.0,0.0
2025-03-07 12:20:00+05:30,8412.650390625,8421.0,8409.150390625,8421.0,2871,0.0,0.0
2025-03-07 12:25:00+05:30,8421.75,8430.25,8420.0,8427.0,4187,0.0,0.0
2025-03-07 12:30:00+05:30,8427.0,8440.0,8425.0,8437.2001953125,3809,0.0,0.0
2025-03-07 12:35:00+05:30,8433.7998046875,8440.9501953125,8429.2998046875,8439.9501953125,3033,0.0,0.0
2025-03-07 12:40:00+05:30,8440.0,8444.650390625,8433.2001953125,8443.849609375,4005,0.0,0.0
2025-03-07 12:45:00+05:30,8441.0,8443.9501953125,8433.5,8440.5498046875,3558,0.0,0.0
2025-03-07 12:50:00+05:30,8438.599609375,8439.0,8423.4501953125,8423.4501953125,3005,0.0,0.0
2025-03-07 12:55:00+05:30,8421.4501953125,8439.7001953125,8421.4501953125,8439.2998046875,3731,0.0,0.0
2025-03-07 13:00:00+05:30,8436.0,8440.0,8426.650390625,8429.9501953125,3183,0.0,0.0
2025-03-07 13:05:00+05:30,8430.0,8436.349609375,8427.099609375,8431.599609375,2904,0.0,0.0
2025-03-07 13:10:00+05:30,8430.400390625,8431.25,8416.650390625,8425.0,4782,0.0,0.0
2025-03-07 13:15:00+05:30,8424.9501953125,8443.4501953125,8418.5,8443.0,6959,0.0,0.0
2025-03-07 13:20:00+05:30,8443.0498046875,8445.5,8434.7998046875,8441.2998046875,8596,0.0,0.0
2025-03-07 13:25:00+05:30,8439.7001953125,8449.0,8436.7998046875,8447.25,3299,0.0,0.0
2025-03-07 13:30:00+05:30,8447.5498046875,8448.9501953125,8438.5,8447.0,3569,0.0,0.0
2025-03-07 13:35:00+05:30,8446.0,8452.0,8446.0,8451.650390625,3794,0.0,0.0
2025-03-07 13:40:00+05:30,8450.0,8453.900390625,8443.5,8451.75,3744,0.0,0.0
2025-03-07 13:45:00+05:30,8451.75,8452.4501953125,8446.4501953125,8451.5,3421,0.0,0.0
2025-03-07 13:50:00+05:30,8445.900390625,8450.0,8433.0498046875,8438.7998046875,4161,0.0,0.0
2025-03-07 13:55:00+05:30,8442.900390625,8444.2998046875,8433.0,8435.25,3419,0.0,0.0
2025-03-07 14:00:00+05:30,8435.5,8445.5498046875,8435.5,8444.900390625,3260,0.0,0.0
2025-03-07 14:05:00+05:30,8444.4501953125,8453.0,8444.0,8452.849609375,3350,0.0,0.0
2025-03-07 14:10:00+05:30,8451.5,8454.0,8445.400390625,8453.9501953125,2722,0.0,0.0
2025-03-07 14:15:00+05:30,8452.75,8460.0,8451.849609375,8458.4501953125,4275,0.0,0.0
2025-03-07 14:20:00+05:30,8455.4501953125,8460.0,8454.0,8457.9501953125,2430,0.0,0.0
2025-03-07 14:25:00+05:30,8459.9501953125,8460.0,8452.9501953125,8458.0,3390,0.0,0.0
2025-03-07 14:30:00+05:30,8457.9501953125,8458.4501953125,8446.900390625,8450.0,4125,0.0,0.0
2025-03-07 14:35:00+05:30,8450.0498046875,8453.150390625,8445.4501953125,8448.7998046875,4438,0.0,0.0
2025-03-07 14:40:00+05:30,8451.099609375,8455.400390625,8448.7998046875,8454.0498046875,3990,0.0,0.0
2025-03-07 14:45:00+05:30,8451.400390625,8458.9501953125,8449.7001953125,8453.0,6653,0.0,0.0
2025-03-07 14:50:00+05:30,8452.0498046875,8454.849609375,8445.349609375,8447.099609375,3538,0.0,0.0
2025-03-07 14:55:00+05:30,8447.099609375,8448.9501953125,8445.0,8448.0,3594,0.0,0.0
2025-03-07 15:00:00+05:30,8448.0,8448.0,8400.2998046875,8403.400390625,26715,0.0,0.0
2025-03-07 15:05:00+05:30,8403.5498046875,8407.400390625,8396.2998046875,8407.099609375,24172,0.0,0.0
2025-03-07 15:10:00+05:30,8410.0,8412.150390625,8400.0,8400.0,20386,0.0,0.0
2025-03-07 15:15:00+05:30,8400.0498046875,8407.0,8398.0,8403.099609375,29930,0.0,0.0
2025-03-07 15:20:00+05:30,8403.0,8408.2001953125,8400.0,8407.0,23957,0.0,0.0
2025-03-07 15:25:00+05:30,8406.5,8418.4501953125,8400.0,8413.0,15419,0.0,0.0
2025-03-10 09:15:00+05:30,8431.7001953125,8526.599609375,8431.7001953125,8525.0,0,0.0,0.0
2025-03-10 09:20:00+05:30,8527.0,8609.25,8523.650390625,8607.400390625,77295,0.0,0.0
2025-03-10 09:25:00+05:30,8607.0,8622.0,8570.0498046875,8608.0,48253,0.0,0.0
2025-03-10 09:30:00+05:30,8601.2998046875,8637.7998046875,8586.0,8587.7998046875,46884,0.0,0.0
2025-03-10 09:35:00+05:30,8585.0,8592.0,8558.0,8565.599609375,21849,0.0,0.0
2025-03-10 09:40:00+05:30,8564.7001953125,8587.0,8553.7001953125,8578.849609375,16920,0.0,0.0
2025-03-10 09:45:00+05:30,8581.849609375,8594.400390625,8570.0498046875,8584.2001953125,12216,0.0,0.0
2025-03-10 09:50:00+05:30,8583.0,8589.4501953125,8560.5498046875,8575.900390625,10232,0.0,0.0
2025-03-10 09:55:00+05:30,8580.400390625,8584.0,8540.0,8543.0,18379,0.0,0.0
2025-03-10 10:00:00+05:30,8543.0,8545.650390625,8520.0,8528.650390625,15833,0.0,0.0
2025-03-10 10:05:00+05:30,8528.0498046875,8534.5,8513.2001953125,8519.5,8278,0.0,0.0
2025-03-10 10:10:00+05:30,8519.7998046875,8527.0498046875,8512.650390625,8514.0,5424,0.0,0.0
2025-03-10 10:15:00+05:30,8515.900390625,8540.0,8505.0,8533.0,18459,0.0,0.0
2025-03-10 10:20:00+05:30,8533.0,8550.0,8533.0,8543.5,9582,0.0,0.0
2025-03-10 10:25:00+05:30,8544.0,8548.25,8536.75,8538.0,4607,0.0,0.0
2025-03-10 10:30:00+05:30,8538.0,8550.0,8535.0,8549.5,6579,0.0,0.0
2025-03-10 10:35:00+05:30,8549.5,8559.0,8545.4501953125,8559.0,8318,0.0,0.0
2025-03-10 10:40:00+05:30,8558.2998046875,8573.0,8554.099609375,8573.0,8031,0.0,0.0
2025-03-10 10:45:00+05:30,8575.0,8580.0,8552.75,8552.75,12897,0.0,0.0
2025-03-10 10:50:00+05:30,8553.25,8556.0,8545.0,8552.400390625,9019,0.0,0.0
2025-03-10 10:55:00+05:30,8552.400390625,8555.650390625,8545.0,8555.0,3247,0.0,0.0
2025-03-10 11:00:00+05:30,8555.0498046875,8555.9501953125,8542.0,8545.0,2716,0.0,0.0
2025-03-10 11:05:00+05:30,8545.2001953125,8548.900390625,8543.2998046875,8547.650390625,1738,0.0,0.0
2025-03-10 11:10:00+05:30,8544.7001953125,8546.9501953125,8528.0,8532.0498046875,7913,0.0,0.0
2025-03-10 11:15:00+05:30,8532.0498046875,8539.900390625,8531.9501953125,8539.7998046875,3245,0.0,0.0
2025-03-10 11:20:00+05:30,8539.4501953125,8545.0,8536.0,8542.849609375,1626,0.0,0.0
2025-03-10 11:25:00+05:30,8542.75,8542.75,8531.2001953125,8531.2998046875,2778,0.0,0.0
2025-03-10 11:30:00+05:30,8533.9501953125,8533.9501953125,8528.099609375,8530.0,3547,0.0,0.0
2025-03-10 11:35:00+05:30,8533.400390625,8540.0,8525.25,8538.900390625,6888,0.0,0.0
2025-03-10 11:40:00+05:30,8538.900390625,8548.2998046875,8535.0,8541.099609375,5431,0.0,0.0
2025-03-10 11:45:00+05:30,8542.349609375,8549.9501953125,8540.0,8542.75,5423,0.0,0.0
2025-03-10 11:50:00+05:30,8543.9501953125,8543.9501953125,8532.2998046875,8537.4501953125,4877,0.0,0.0
2025-03-10 11:55:00+05:30,8537.7998046875,8541.4501953125,8534.0498046875,8539.9501953125,3923,0.0,0.0
2025-03-10 12:00:00+05:30,8539.400390625,8539.5,8528.0,8528.0,4044,0.0,0.0
2025-03-10 12:05:00+05:30,8528.7998046875,8533.5498046875,8516.75,8525.5,26939,0.0,0.0
2025-03-10 12:10:00+05:30,8527.0,8530.5,8518.0,8519.75,4602,0.0,0.0
2025-03-10 12:15:00+05:30,8522.0498046875,8524.7001953125,8517.0,8520.0,4575,0.0,0.0
2025-03-10 12:20:00+05:30,8520.900390625,8525.0,8518.400390625,8525.0,5848,0.0,0.0
2025-03-10 12:25:00+05:30,8525.9501953125,8531.9501953125,8519.4501953125,8519.4501953125,6560,0.0,0.0
2025-03-10 12:30:00+05:30,8518.9501953125,8518.9501953125,8505.0,8513.349609375,9336,0.0,0.0
2025-03-10 12:35:00+05:30,8511.0,8514.9501953125,8506.0,8506.7998046875,2609,0.0,0.0
2025-03-10 12:40:00+05:30,8510.2001953125,8510.2001953125,8486.099609375,8488.0498046875,12031,0.0,0.0
2025-03-10 12:45:00+05:30,8489.75,8492.0,8481.650390625,8485.150390625,8665,0.0,0.0
2025-03-10 12:50:00+05:30,8485.0,8485.7001953125,8480.2001953125,8481.849609375,6493,0.0,0.0
2025-03-10 12:55:00+05:30,8481.400390625,8483.0,8476.25,8480.0,3622,0.0,0.0
2025-03-10 13:00:00+05:30,8480.9501953125,8487.0,8474.099609375,8482.650390625,6551,0.0,0.0
2025-03-10 13:05:00+05:30,8482.5498046875,8486.2998046875,8470.0,8470.0498046875,7467,0.0,0.0
2025-03-10 13:10:00+05:30,8473.2001953125,8473.849609375,8461.0498046875,8465.849609375,9637,0.0,0.0
2025-03-10 13:15:00+05:30,8466.2001953125,8467.9501953125,8458.75,8464.7001953125,7408,0.0,0.0
2025-03-10 13:20:00+05:30,8462.0,8464.7001953125,8452.9501953125,8455.0,7501,0.0,0.0
2025-03-10 13:25:00+05:30,8456.099609375,8462.0,8445.9501953125,8459.4501953125,9554,0.0,0.0
2025-03-10 13:30:00+05:30,8459.5,8461.849609375,8445.7001953125,8452.0,7276,0.0,0.0
2025-03-10 13:35:00+05:30,8451.0498046875,8454.0,8440.099609375,8443.0,9368,0.0,0.0
2025-03-10 13:40:00+05:30,8443.099609375,8443.2998046875,8436.099609375,8439.650390625,4699,0.0,0.0
2025-03-10 13:45:00+05:30,8439.7001953125,8440.0,8424.7998046875,8428.9501953125,8273,0.0,0.0
2025-03-10 13:50:00+05:30,8429.5,8430.599609375,8420.0,8428.5,9145,0.0,0.0
2025-03-10 13:55:00+05:30,8426.9501953125,8430.0,8420.650390625,8423.400390625,5441,0.0,0.0
2025-03-10 14:00:00+05:30,8423.349609375,8425.099609375,8415.2001953125,8423.2001953125,10933,0.0,0.0
2025-03-10 14:05:00+05:30,8423.75,8425.0,8420.0498046875,8424.0498046875,11280,0.0,0.0
2025-03-10 14:10:00+05:30,8420.400390625,8424.349609375,8401.0,8402.349609375,13714,0.0,0.0
2025-03-10 14:15:00+05:30,8402.2998046875,8402.2998046875,8370.0,8373.7998046875,23911,0.0,0.0
2025-03-10 14:20:00+05:30,8369.099609375,8379.0498046875,8355.599609375,8360.4501953125,20882,0.0,0.0
2025-03-10 14:25:00+05:30,8360.7998046875,8373.599609375,8355.0,8355.599609375,16690,0.0,0.0
2025-03-10 14:30:00+05:30,8358.5498046875,8365.7001953125,8355.0,8359.400390625,15863,0.0,0.0
2025-03-10 14:35:00+05:30,8356.150390625,8367.0,8356.150390625,8356.75,16710,0.0,0.0
2025-03-10 14:40:00+05:30,8356.599609375,8364.0,8340.2001953125,8343.2001953125,19974,0.0,0.0
2025-03-10 14:45:00+05:30,8340.349609375,8359.0,8340.150390625,8357.849609375,10862,0.0,0.0
2025-03-10 14:50:00+05:30,8356.9501953125,8365.0,8354.099609375,8356.2001953125,12940,0.0,0.0
2025-03-10 14:55:00+05:30,8360.099609375,8370.0,8355.7998046875,8360.0,7317,0.0,0.0
2025-03-10 15:00:00+05:30,8362.5498046875,8362.5498046875,8332.0,8336.900390625,22484,0.0,0.0
2025-03-10 15:05:00+05:30,8337.2998046875,8354.9501953125,8336.5498046875,8347.400390625,19179,0.0,0.0
2025-03-10 15:10:00+05:30,8347.7998046875,8351.2001953125,8342.2001953125,8346.25,24721,0.0,0.0
2025-03-10 15:15:00+05:30,8346.7998046875,8350.7998046875,8338.0,8340.0,49127,0.0,0.0
2025-03-10 15:20:00+05:30,8340.0,8349.599609375,8339.650390625,8340.650390625,33182,0.0,0.0
2025-03-10 15:25:00+05:30,8340.25,8345.0,8326.0498046875,8340.0,16617,0.0,0.0
2025-03-11 09:15:00+05:30,8284.599609375,8308.7998046875,8212.0,8251.900390625,0,0.0,0.0
2025-03-11 09:20:00+05:30,8251.900390625,8300.5498046875,8244.349609375,8295.0,17326,0.0,0.0
2025-03-11 09:25:00+05:30,8295.349609375,8315.0,8288.5498046875,8293.099609375,20083,0.0,0.0
2025-03-11 09:30:00+05:30,8295.150390625,8296.25,8258.599609375,8282.400390625,17962,0.0,0.0
2025-03-11 09:35:00+05:30,8284.75,8329.9501953125,8282.400390625,8323.099609375,17206,0.0,0.0
2025-03-11 09:40:00+05:30,8323.2998046875,8336.0,8300.0,8311.7998046875,13754,0.0,0.0
2025-03-11 09:45:00+05:30,8311.150390625,8320.9501953125,8271.25,8304.099609375,14009,0.0,0.0
2025-03-11 09:50:00+05:30,8305.400390625,8314.7001953125,8284.2001953125,8287.4501953125,15906,0.0,0.0
2025-03-11 09:55:00+05:30,8286.2001953125,8308.9501953125,8265.0,8306.599609375,13239,0.0,0.0
2025-03-11 10:00:00+05:30,8308.25,8317.0498046875,8283.0498046875,8290.7001953125,16637,0.0,0.0
2025-03-11 10:05:00+05:30,8289.7001953125,8312.150390625,8282.75,8307.599609375,11283,0.0,0.0
2025-03-11 10:10:00+05:30,8307.5,8318.0,8303.099609375,8310.7998046875,6964,0.0,0.0
2025-03-11 10:15:00+05:30,8310.2998046875,8314.7001953125,8295.5498046875,8303.7998046875,13155,0.0,0.0
2025-03-11 10:20:00+05:30,8303.7998046875,8312.9501953125,8294.0,8302.0,10291,0.0,0.0
2025-03-11 10:25:00+05:30,8300.099609375,8310.25,8287.0,8287.0,5145,0.0,0.0
2025-03-11 10:30:00+05:30,8287.0,8292.0,8262.099609375,8271.650390625,12918,0.0,0.0
2025-03-11 10:35:00+05:30,8270.2998046875,8275.0,8250.900390625,8255.5498046875,17011,0.0,0.0
2025-03-11 10:40:00+05:30,8255.349609375,8279.650390625,8255.25,8267.9501953125,12225,0.0,0.0
2025-03-11 10:45:00+05:30,8267.9501953125,8279.099609375,8259.5498046875,8275.5498046875,19466,0.0,0.0
2025-03-11 10:50:00+05:30,8275.0498046875,8285.0,8265.099609375,8276.400390625,15282,0.0,0.0
2025-03-11 10:55:00+05:30,8276.349609375,8297.0,8274.0,8278.849609375,19899,0.0,0.0
2025-03-11 11:00:00+05:30,8275.4501953125,8295.0,8272.0498046875,8286.150390625,21813,0.0,0.0
2025-03-11 11:05:00+05:30,8289.5,8291.5,8269.0,8283.5,10531,0.0,0.0
2025-03-11 11:10:00+05:30,8280.900390625,8299.9501953125,8280.900390625,8296.0,5278,0.0,0.0
2025-03-11 11:15:00+05:30,8294.349609375,8305.900390625,8294.2998046875,8294.75,3701,0.0,0.0
2025-03-11 11:20:00+05:30,8294.75,8298.2998046875,8282.2001953125,8287.0,3473,0.0,0.0
2025-03-11 11:25:00+05:30,8286.599609375,8294.099609375,8281.2998046875,8287.9501953125,3003,0.0,0.0
2025-03-11 11:30:00+05:30,8286.0,8296.599609375,8285.0,8295.0,2665,0.0,0.0
2025-03-11 11:35:00+05:30,8295.0,8295.0,8259.0,8266.0,17374,0.0,0.0
2025-03-11 11:40:00+05:30,8264.9501953125,8266.4501953125,8250.0,8259.599609375,10342,0.0,0.0
2025-03-11 11:45:00+05:30,8259.2001953125,8266.650390625,8255.25,8263.0498046875,3939,0.0,0.0
2025-03-11 11:50:00+05:30,8263.0498046875,8281.5498046875,8259.7998046875,8278.2998046875,3234,0.0,0.0
2025-03-11 11:55:00+05:30,8278.2998046875,8284.0,8273.849609375,8278.349609375,6646,0.0,0.0
2025-03-11 12:00:00+05:30,8279.9501953125,8282.400390625,8276.349609375,8277.25,3718,0.0,0.0
2025-03-11 12:05:00+05:30,8277.2998046875,8286.2001953125,8254.5,8262.4501953125,6673,0.0,0.0
2025-03-11 12:10:00+05:30,8260.599609375,8273.099609375,8259.5,8268.099609375,4542,0.0,0.0
2025-03-11 12:15:00+05:30,8268.0,8272.5498046875,8259.5498046875,8270.25,4487,0.0,0.0
2025-03-11 12:20:00+05:30,8270.150390625,8270.150390625,8258.0,8261.150390625,4263,0.0,0.0
2025-03-11 12:25:00+05:30,8262.5498046875,8274.75,8258.75,8273.25,3821,0.0,0.0
2025-03-11 12:30:00+05:30,8271.5,8278.349609375,8267.5,8278.349609375,3221,0.0,0.0
2025-03-11 12:35:00+05:30,8278.2001953125,8294.0,8276.150390625,8290.0,5189,0.0,0.0
2025-03-11 12:40:00+05:30,8293.0,8303.0,8289.7001953125,8300.599609375,6035,0.0,0.0
2025-03-11 12:45:00+05:30,8300.599609375,8303.0,8286.0,8290.0,7978,0.0,0.0
2025-03-11 12:50:00+05:30,8290.0,8292.400390625,8287.900390625,8290.0498046875,5612,0.0,0.0
2025-03-11 12:55:00+05:30,8289.5498046875,8300.0,8288.9501953125,8296.599609375,11343,0.0,0.0
2025-03-11 13:00:00+05:30,8296.4501953125,8297.0498046875,8288.9501953125,8296.5498046875,3400,0.0,0.0
2025-03-11 13:05:00+05:30,8294.5,8303.400390625,8294.0498046875,8303.400390625,5031,0.0,0.0
2025-03-11 13:10:00+05:30,8303.5498046875,8314.0,8301.099609375,8307.650390625,3969,0.0,0.0
2025-03-11 13:15:00+05:30,8310.0,8315.150390625,8307.5,8315.150390625,4460,0.0,0.0
2025-03-11 13:20:00+05:30,8315.150390625,8318.0,8308.5498046875,8310.0,4174,0.0,0.0
2025-03-11 13:25:00+05:30,8312.7998046875,8337.0,8310.0,8327.099609375,10453,0.0,0.0
2025-03-11 13:30:00+05:30,8323.5,8355.5,8323.5,8342.150390625,20172,0.0,0.0
2025-03-11 13:35:00+05:30,8339.0,8342.7998046875,8323.0498046875,8328.0498046875,7998,0.0,0.0
2025-03-11 13:40:00+05:30,8326.7001953125,8337.4501953125,8322.599609375,8326.150390625,9799,0.0,0.0
2025-03-11 13:45:00+05:30,8328.4501953125,8331.9501953125,8322.0,8324.099609375,8492,0.0,0.0
2025-03-11 13:50:00+05:30,8327.5,8345.0,8323.5498046875,8335.2998046875,7198,0.0,0.0
2025-03-11 13:55:00+05:30,8338.099609375,8341.7001953125,8324.5,8340.650390625,8041,0.0,0.0
2025-03-11 14:00:00+05:30,8337.2001953125,8345.349609375,8325.2001953125,8336.4501953125,8341,0.0,0.0
2025-03-11 14:05:00+05:30,8333.7998046875,8338.4501953125,8324.7998046875,8332.5,5625,0.0,0.0
2025-03-11 14:10:00+05:30,8332.5,8348.7998046875,8331.2001953125,8348.150390625,7249,0.0,0.0
2025-03-11 14:15:00+05:30,8352.0,8375.0,8350.0,8358.400390625,10265,0.0,0.0
2025-03-11 14:20:00+05:30,8358.349609375,8369.0,8355.400390625,8369.0,8305,0.0,0.0
2025-03-11 14:25:00+05:30,8371.2998046875,8373.0,8354.5,8370.25,9457,0.0,0.0
2025-03-11 14:30:00+05:30,8373.0,8373.0,8357.599609375,8368.5,7173,0.0,0.0
2025-03-11 14:35:00+05:30,8368.2001953125,8369.849609375,8361.0,8366.849609375,9283,0.0,0.0
2025-03-11 14:40:00+05:30,8367.349609375,8369.4501953125,8359.0,8366.0,8441,0.0,0.0
2025-03-11 14:45:00+05:30,8366.0,8366.900390625,8355.400390625,8357.0498046875,3647,0.0,0.0
2025-03-11 14:50:00+05:30,8355.400390625,8361.400390625,8350.0,8359.349609375,6372,0.0,0.0
2025-03-11 14:55:00+05:30,8359.599609375,8365.0,8357.0,8365.0,5261,0.0,0.0
2025-03-11 15:00:00+05:30,8364.9501953125,8364.9501953125,8340.0498046875,8340.4501953125,27174,0.0,0.0
2025-03-11 15:05:00+05:30,8340.4501953125,8346.650390625,8324.0,8337.9501953125,25949,0.0,0.0
2025-03-11 15:10:00+05:30,8336.5,8341.9501953125,8332.0498046875,8340.5498046875,13355,0.0,0.0
2025-03-11 15:15:00+05:30,8340.5,8349.650390625,8336.349609375,8346.0,21791,0.0,0.0
2025-03-11 15:20:00+05:30,8345.4501953125,8347.150390625,8335.349609375,8340.2001953125,19116,0.0,0.0
2025-03-11 15:25:00+05:30,8340.4501953125,8348.0,8333.25,8340.4501953125,25943,0.0,0.0
2025-03-12 09:15:00+05:30,8349.4501953125,8373.400390625,8283.0,8353.599609375,0,0.0,0.0
2025-03-12 09:20:00+05:30,8357.5,8375.0,8330.0,8375.0,19018,0.0,0.0
2025-03-12 09:25:00+05:30,8379.7998046875,8383.25,8350.0,8353.0498046875,12619,0.0,0.0
2025-03-12 09:30:00+05:30,8349.25,8365.0,8342.0,8354.75,19876,0.0,0.0
2025-03-12 09:35:00+05:30,8357.099609375,8365.0,8343.5,8365.0,9039,0.0,0.0
2025-03-12 09:40:00+05:30,8362.5,8362.849609375,8337.400390625,8358.849609375,831449,0.0,0.0
2025-03-12 09:45:00+05:30,8358.9501953125,8359.0,8332.0,8344.0,13395,0.0,0.0
2025-03-12 09:50:00+05:30,8342.0,8353.4501953125,8328.0,8328.0,10348,0.0,0.0
2025-03-12 09:55:00+05:30,8328.0,8334.9501953125,8315.0,8334.900390625,11084,0.0,0.0
2025-03-12 10:00:00+05:30,8334.9501953125,8339.0,8320.7998046875,8321.5,10693,0.0,0.0
2025-03-12 10:05:00+05:30,8323.0498046875,8328.349609375,8306.650390625,8310.0,8596,0.0,0.0
2025-03-12 10:10:00+05:30,8309.2998046875,8319.75,8301.0,8315.0,6815,0.0,0.0
2025-03-12 10:15:00+05:30,8315.0,8328.5,8304.650390625,8328.5,8084,0.0,0.0
2025-03-12 10:20:00+05:30,8327.650390625,8339.599609375,8322.650390625,8339.0,9408,0.0,0.0
2025-03-12 10:25:00+05:30,8344.25,8360.0,8341.900390625,8355.0498046875,17962,0.0,0.0
2025-03-12 10:30:00+05:30,8351.4501953125,8374.75,8348.0,8367.9501953125,21547,0.0,0.0
2025-03-12 10:35:00+05:30,8369.0,8380.2998046875,8363.7998046875,8368.0,24192,0.0,0.0
2025-03-12 10:40:00+05:30,8367.099609375,8367.4501953125,8358.2998046875,8365.0,7847,0.0,0.0
2025-03-12 10:45:00+05:30,8365.0,8375.0,8363.0,8364.650390625,10988,0.0,0.0
2025-03-12 10:50:00+05:30,8365.5498046875,8375.0,8358.2998046875,8363.0,8391,0.0,0.0
2025-03-12 10:55:00+05:30,8363.0,8368.0,8357.4501953125,8365.150390625,6352,0.0,0.0
2025-03-12 11:00:00+05:30,8366.7001953125,8373.0,8360.0,8372.0,7027,0.0,0.0
2025-03-12 11:05:00+05:30,8372.0,8395.0,8368.0,8389.9501953125,30949,0.0,0.0
2025-03-12 11:10:00+05:30,8389.9501953125,8397.5,8376.599609375,8385.7001953125,16455,0.0,0.0
2025-03-12 11:15:00+05:30,8388.0,8388.0,8370.7001953125,8372.9501953125,19128,0.0,0.0
2025-03-12 11:20:00+05:30,8373.7998046875,8383.650390625,8367.5498046875,8380.0,12296,0.0,0.0
2025-03-12 11:25:00+05:30,8380.0,8386.5,8374.0,8380.0,11318,0.0,0.0
2025-03-12 11:30:00+05:30,8380.0,8385.0498046875,8379.2001953125,8383.599609375,9139,0.0,0.0
2025-03-12 11:35:00+05:30,8383.599609375,8383.599609375,8350.0,8350.4501953125,16250,0.0,0.0
2025-03-12 11:40:00+05:30,8353.0,8362.0,8346.099609375,8360.349609375,12621,0.0,0.0
2025-03-12 11:45:00+05:30,8360.349609375,8372.0,8356.75,8369.9501953125,12803,0.0,0.0
2025-03-12 11:50:00+05:30,8372.0,8382.150390625,8367.2998046875,8373.599609375,13270,0.0,0.0
2025-03-12 11:55:00+05:30,8374.2001953125,8383.0,8356.849609375,8367.2001953125,13055,0.0,0.0
2025-03-12 12:00:00+05:30,8367.150390625,8376.7001953125,8364.0498046875,8372.150390625,12551,0.0,0.0
2025-03-12 12:05:00+05:30,8373.7001953125,8393.0,8366.349609375,8390.0,18558,0.0,0.0
2025-03-12 12:10:00+05:30,8389.4501953125,8399.900390625,8384.0498046875,8396.900390625,23919,0.0,0.0
2025-03-12 12:15:00+05:30,8395.0,8399.0,8385.900390625,8390.0,15093,0.0,0.0
2025-03-12 12:20:00+05:30,8388.5,8398.349609375,8387.5498046875,8395.0,14119,0.0,0.0
2025-03-12 12:25:00+05:30,8395.0,8398.7001953125,8384.0498046875,8388.75,20993,0.0,0.0
2025-03-12 12:30:00+05:30,8387.349609375,8398.0,8385.400390625,8398.0,10585,0.0,0.0
2025-03-12 12:35:00+05:30,8398.0,8398.0,8387.400390625,8387.900390625,9691,0.0,0.0
2025-03-12 12:40:00+05:30,8387.900390625,8387.900390625,8374.0,8379.0,21213,0.0,0.0
2025-03-12 12:45:00+05:30,8379.0,8382.849609375,8373.9501953125,8375.0498046875,15031,0.0,0.0
2025-03-12 12:50:00+05:30,8376.0498046875,8382.849609375,8369.0498046875,8381.150390625,11784,0.0,0.0
2025-03-12 12:55:00+05:30,8381.099609375,8386.2998046875,8374.5,8377.7998046875,9799,0.0,0.0
2025-03-12 13:00:00+05:30,8377.7998046875,8382.4501953125,8375.5,8380.25,8240,0.0,0.0
2025-03-12 13:05:00+05:30,8380.650390625,8392.2001953125,8375.5498046875,8392.0,8432,0.0,0.0
2025-03-12 13:10:00+05:30,8392.2001953125,8405.900390625,8389.75,8405.0,16772,0.0,0.0
2025-03-12 13:15:00+05:30,8404.9501953125,8444.900390625,8404.9501953125,8436.9501953125,41543,0.0,0.0
2025-03-12 13:20:00+05:30,8437.0,8457.0,8429.2998046875,8457.0,21448,0.0,0.0
2025-03-12 13:25:00+05:30,8457.0498046875,8463.4501953125,8451.0,8458.599609375,36178,0.0,0.0
2025-03-12 13:30:00+05:30,8458.4501953125,8470.0,8453.900390625,8462.9501953125,15139,0.0,0.0
2025-03-12 13:35:00+05:30,8462.5498046875,8466.0,8453.25,8459.5498046875,12123,0.0,0.0
2025-03-12 13:40:00+05:30,8460.0,8471.7001953125,8451.0498046875,8460.7998046875,23881,0.0,0.0
2025-03-12 13:45:00+05:30,8460.5498046875,8478.2001953125,8455.5498046875,8474.599609375,25279,0.0,0.0
2025-03-12 13:50:00+05:30,8472.900390625,8475.0,8456.7001953125,8460.2998046875,11833,0.0,0.0
2025-03-12 13:55:00+05:30,8460.099609375,8470.0,8457.099609375,8466.5498046875,12411,0.0,0.0
2025-03-12 14:00:00+05:30,8466.650390625,8470.0,8460.400390625,8462.0,10780,0.0,0.0
2025-03-12 14:05:00+05:30,8462.0,8466.4501953125,8455.400390625,8464.2998046875,10980,0.0,0.0
2025-03-12 14:10:00+05:30,8461.150390625,8465.0,8454.0,8458.0,7187,0.0,0.0
2025-03-12 14:15:00+05:30,8458.0,8469.0,8454.0,8466.2001953125,11001,0.0,0.0
2025-03-12 14:20:00+05:30,8467.150390625,8469.0,8445.0,8457.2001953125,10510,0.0,0.0
2025-03-12 14:25:00+05:30,8454.900390625,8468.9501953125,8454.849609375,8468.0,9513,0.0,0.0
2025-03-12 14:30:00+05:30,8468.0,8474.0,8461.599609375,8473.0,14134,0.0,0.0
2025-03-12 14:35:00+05:30,8474.0,8478.0,8467.0,8474.900390625,13942,0.0,0.0
2025-03-12 14:40:00+05:30,8474.4501953125,8475.0,8454.5,8455.5,13012,0.0,0.0
2025-03-12 14:45:00+05:30,8455.5,8463.599609375,8453.0498046875,8459.849609375,10339,0.0,0.0
2025-03-12 14:50:00+05:30,8458.5498046875,8470.25,8458.5498046875,8462.349609375,22979,0.0,0.0
2025-03-12 14:55:00+05:30,8462.400390625,8466.2998046875,8458.9501953125,8464.0,11608,0.0,0.0
2025-03-12 15:00:00+05:30,8464.5498046875,8480.0,8464.5498046875,8469.9501953125,41260,0.0,0.0
2025-03-12 15:05:00+05:30,8469.9501953125,8483.0,8465.349609375,8483.0,33996,0.0,0.0
2025-03-12 15:10:00+05:30,8480.75,8485.150390625,8468.150390625,8477.5498046875,39362,0.0,0.0
2025-03-12 15:15:00+05:30,8475.7998046875,8492.5,8474.4501953125,8489.0,54284,0.0,0.0
2025-03-12 15:20:00+05:30,8489.0,8520.7998046875,8482.2001953125,8520.7998046875,48835,0.0,0.0
2025-03-12 15:25:00+05:30,8524.5,8524.5,8500.25,8523.2001953125,31768,0.0,0.0
2025-03-13 09:15:00+05:30,8500.150390625,8548.75,8488.0,8491.0498046875,0,0.0,0.0
2025-03-13 09:20:00+05:30,8495.0,8529.25,8489.349609375,8510.5498046875,38551,0.0,0.0
2025-03-13 09:25:00+05:30,8512.25,8525.0,8505.25,8518.4501953125,32712,0.0,0.0
2025-03-13 09:30:00+05:30,8518.5,8525.7001953125,8493.4501953125,8525.0,29248,0.0,0.0
2025-03-13 09:35:00+05:30,8523.650390625,8560.0,8522.0,8558.0,50998,0.0,0.0
2025-03-13 09:40:00+05:30,8556.2001953125,8556.2001953125,8527.650390625,8528.099609375,21161,0.0,0.0
2025-03-13 09:45:00+05:30,8529.0498046875,8542.2998046875,8528.599609375,8533.900390625,15309,0.0,0.0
2025-03-13 09:50:00+05:30,8533.25,8534.2001953125,8518.75,8534.0,14675,0.0,0.0
2025-03-13 09:55:00+05:30,8532.0,8550.0,8532.0,8547.0,12194,0.0,0.0
2025-03-13 10:00:00+05:30,8546.7001953125,8550.0,8541.650390625,8546.7001953125,14030,0.0,0.0
2025-03-13 10:05:00+05:30,8546.099609375,8546.099609375,8525.0,8529.099609375,16974,0.0,0.0
2025-03-13 10:10:00+05:30,8525.7998046875,8544.599609375,8525.7998046875,8542.7998046875,11919,0.0,0.0
2025-03-13 10:15:00+05:30,8543.150390625,8555.0,8540.5,8552.7001953125,15311,0.0,0.0
2025-03-13 10:20:00+05:30,8552.7001953125,8554.0,8531.0,8531.0,11706,0.0,0.0
2025-03-13 10:25:00+05:30,8532.0,8532.0,8512.0498046875,8517.0,15472,0.0,0.0
2025-03-13 10:30:00+05:30,8518.2998046875,8525.0,8511.9501953125,8514.0,11489,0.0,0.0
2025-03-13 10:35:00+05:30,8514.0,8514.4501953125,8463.900390625,8472.849609375,23767,0.0,0.0
2025-03-13 10:40:00+05:30,8473.0498046875,8490.0,8470.7998046875,8484.150390625,15042,0.0,0.0
2025-03-13 10:45:00+05:30,8486.099609375,8487.25,8476.5498046875,8484.2998046875,7173,0.0,0.0
2025-03-13 10:50:00+05:30,8484.2001953125,8487.2001953125,8456.900390625,8472.7001953125,13604,0.0,0.0
2025-03-13 10:55:00+05:30,8472.0,8477.4501953125,8464.5,8470.7998046875,7344,0.0,0.0
2025-03-13 11:00:00+05:30,8474.0498046875,8478.0,8463.150390625,8474.5498046875,8365,0.0,0.0
2025-03-13 11:05:00+05:30,8474.849609375,8475.0,8467.7998046875,8470.2001953125,8362,0.0,0.0
2025-03-13 11:10:00+05:30,8472.4501953125,8483.849609375,8469.7998046875,8483.849609375,7897,0.0,0.0
2025-03-13 11:15:00+05:30,8481.25,8487.25,8473.150390625,8486.0,35693,0.0,0.0
2025-03-13 11:20:00+05:30,8486.0,8487.25,8475.9501953125,8484.0,7926,0.0,0.0
2025-03-13 11:25:00+05:30,8483.150390625,8490.0,8479.849609375,8481.2001953125,11193,0.0,0.0
2025-03-13 11:30:00+05:30,8481.0,8491.0,8475.0,8490.25,14450,0.0,0.0
2025-03-13 11:35:00+05:30,8490.25,8494.5,8472.4501953125,8472.4501953125,26944,0.0,0.0
2025-03-13 11:40:00+05:30,8465.0,8470.0,8433.0,8436.650390625,33542,0.0,0.0
2025-03-13 11:45:00+05:30,8438.75,8441.2998046875,8426.5498046875,8430.0,16184,0.0,0.0
2025-03-13 11:50:00+05:30,8429.75,8453.849609375,8429.75,8449.0,14087,0.0,0.0
2025-03-13 11:55:00+05:30,8449.0,8467.25,8449.0,8464.4501953125,12779,0.0,0.0
2025-03-13 12:00:00+05:30,8464.2001953125,8468.9501953125,8457.5498046875,8468.9501953125,10257,0.0,0.0
2025-03-13 12:05:00+05:30,8468.4501953125,8474.2001953125,8464.0,8472.2001953125,11589,0.0,0.0
2025-03-13 12:10:00+05:30,8472.2001953125,8480.0,8467.25,8480.0,10009,0.0,0.0
2025-03-13 12:15:00+05:30,8480.400390625,8480.7001953125,8463.5,8469.25,14655,0.0,0.0
2025-03-13 12:20:00+05:30,8469.25,8469.25,8455.0,8461.7001953125,11478,0.0,0.0
2025-03-13 12:25:00+05:30,8461.7001953125,8461.7001953125,8440.0,8442.7001953125,27878,0.0,0.0
2025-03-13 12:30:00+05:30,8442.650390625,8442.650390625,8412.2001953125,8417.650390625,16154,0.0,0.0
2025-03-13 12:35:00+05:30,8416.25,8430.9501953125,8412.4501953125,8421.7998046875,6894,0.0,0.0
2025-03-13 12:40:00+05:30,8420.0,8423.099609375,8410.0,8421.650390625,9574,0.0,0.0
2025-03-13 12:45:00+05:30,8421.7001953125,8423.9501953125,8410.0,8411.5,10462,0.0,0.0
2025-03-13 12:50:00+05:30,8410.2001953125,8412.400390625,8399.0,8400.7001953125,11379,0.0,0.0
2025-03-13 12:55:00+05:30,8400.7001953125,8407.4501953125,8393.0,8402.5,11409,0.0,0.0
2025-03-13 13:00:00+05:30,8402.5,8409.099609375,8400.0,8403.75,11760,0.0,0.0
2025-03-13 13:05:00+05:30,8403.150390625,8410.0,8401.0,8404.2001953125,11367,0.0,0.0
2025-03-13 13:10:00+05:30,8404.0,8413.349609375,8404.0,8405.900390625,8246,0.0,0.0
2025-03-13 13:15:00+05:30,8405.9501953125,8412.7998046875,8403.7998046875,8412.7998046875,5464,0.0,0.0
2025-03-13 13:20:00+05:30,8413.4501953125,8422.9501953125,8410.5498046875,8420.0498046875,8903,0.0,0.0
2025-03-13 13:25:00+05:30,8421.0,8422.0,8410.400390625,8410.9501953125,9665,0.0,0.0
2025-03-13 13:30:00+05:30,8410.75,8428.349609375,8410.650390625,8419.2001953125,8863,0.0,0.0
2025-03-13 13:35:00+05:30,8419.2001953125,8421.7001953125,8411.599609375,8413.900390625,5107,0.0,0.0
2025-03-13 13:40:00+05:30,8413.0498046875,8416.9501953125,8410.2998046875,8412.150390625,5793,0.0,0.0
2025-03-13 13:45:00+05:30,8412.0498046875,8422.7998046875,8411.2998046875,8416.0498046875,8308,0.0,0.0
2025-03-13 13:50:00+05:30,8416.099609375,8430.0,8415.900390625,8427.0,5400,0.0,0.0
2025-03-13 13:55:00+05:30,8426.900390625,8432.5,8423.25,8429.650390625,7252,0.0,0.0
2025-03-13 14:00:00+05:30,8429.0498046875,8430.9501953125,8409.5498046875,8416.4501953125,15427,0.0,0.0
2025-03-13 14:05:00+05:30,8416.150390625,8423.25,8416.150390625,8419.4501953125,3760,0.0,0.0
2025-03-13 14:10:00+05:30,8421.75,8430.0,8413.0,8430.0,5868,0.0,0.0
2025-03-13 14:15:00+05:30,8431.599609375,8431.599609375,8422.599609375,8424.7998046875,7193,0.0,0.0
2025-03-13 14:20:00+05:30,8424.5498046875,8425.0,8416.900390625,8419.900390625,9030,0.0,0.0
2025-03-13 14:25:00+05:30,8417.4501953125,8425.0498046875,8417.4501953125,8423.0498046875,7243,0.0,0.0
2025-03-13 14:30:00+05:30,8423.0498046875,8430.0,8418.5,8427.75,6769,0.0,0.0
2025-03-13 14:35:00+05:30,8429.0498046875,8429.0498046875,8420.25,8425.400390625,11564,0.0,0.0
2025-03-13 14:40:00+05:30,8425.4501953125,8426.9501953125,8410.5,8421.75,18151,0.0,0.0
2025-03-13 14:45:00+05:30,8422.2001953125,8425.0,8419.650390625,8422.5498046875,9476,0.0,0.0
2025-03-13 14:50:00+05:30,8420.900390625,8422.4501953125,8408.400390625,8408.400390625,12556,0.0,0.0
2025-03-13 14:55:00+05:30,8409.0,8416.9501953125,8405.349609375,8415.5498046875,12446,0.0,0.0
2025-03-13 15:00:00+05:30,8416.0,8416.0,8405.900390625,8414.4501953125,17544,0.0,0.0
2025-03-13 15:05:00+05:30,8412.2998046875,8424.9501953125,8412.0,8418.650390625,18029,0.0,0.0
2025-03-13 15:10:00+05:30,8423.349609375,8425.5498046875,8418.0498046875,8424.400390625,25153,0.0,0.0
2025-03-13 15:15:00+05:30,8426.150390625,8428.400390625,8419.7998046875,8426.900390625,38382,0.0,0.0
2025-03-13 15:20:00+05:30,8424.849609375,8426.75,8411.599609375,8421.5,34654,0.0,0.0
2025-03-13 15:25:00+05:30,8421.4501953125,8425.0,8405.0,8420.4501953125,22238,0.0,0.0
2025-03-17 09:15:00+05:30,8418.5,8535.0,8418.5,8535.0,0,0.0,0.0
2025-03-17 09:20:00+05:30,8535.0,8580.75,8528.5,8565.0498046875,55661,0.0,0.0
2025-03-17 09:25:00+05:30,8569.9501953125,8588.900390625,8564.4501953125,8583.150390625,40246,0.0,0.0
2025-03-17 09:30:00+05:30,8587.099609375,8620.0,8579.599609375,8620.0,57015,0.0,0.0
2025-03-17 09:35:00+05:30,8622.0,8629.900390625,8592.849609375,8610.650390625,47376,0.0,0.0
2025-03-17 09:40:00+05:30,8613.0,8619.0,8605.0,8608.099609375,32642,0.0,0.0
2025-03-17 09:45:00+05:30,8605.0,8611.650390625,8595.0,8605.0498046875,18809,0.0,0.0
2025-03-17 09:50:00+05:30,8604.400390625,8612.25,8595.0,8602.7998046875,17695,0.0,0.0
2025-03-17 09:55:00+05:30,8602.7998046875,8614.349609375,8597.5498046875,8611.5,21896,0.0,0.0
2025-03-17 10:00:00+05:30,8611.5,8623.25,8559.599609375,8572.0,33988,0.0,0.0
2025-03-17 10:05:00+05:30,8571.849609375,8590.099609375,8558.900390625,8588.0,18941,0.0,0.0
2025-03-17 10:10:00+05:30,8588.150390625,8589.2998046875,8557.5498046875,8560.0,11854,0.0,0.0
2025-03-17 10:15:00+05:30,8560.0498046875,8561.400390625,8525.0,8527.0,21316,0.0,0.0
2025-03-17 10:20:00+05:30,8527.0,8527.0,8513.150390625,8520.2998046875,14371,0.0,0.0
2025-03-17 10:25:00+05:30,8520.2998046875,8521.0498046875,8500.0,8511.0,13236,0.0,0.0
2025-03-17 10:30:00+05:30,8511.25,8514.900390625,8503.650390625,8512.099609375,8430,0.0,0.0
2025-03-17 10:35:00+05:30,8512.150390625,8513.0,8501.150390625,8501.150390625,8020,0.0,0.0
2025-03-17 10:40:00+05:30,8501.150390625,8511.9501953125,8500.0,8511.150390625,7381,0.0,0.0
2025-03-17 10:45:00+05:30,8509.0,8521.400390625,8509.0,8521.25,10003,0.0,0.0
2025-03-17 10:50:00+05:30,8519.0,8525.4501953125,8516.0,8520.150390625,9009,0.0,0.0
2025-03-17 10:55:00+05:30,8517.9501953125,8532.75,8515.2001953125,8531.150390625,20098,0.0,0.0
2025-03-17 11:00:00+05:30,8530.7998046875,8531.9501953125,8525.4501953125,8525.5498046875,9819,0.0,0.0
2025-03-17 11:05:00+05:30,8525.25,8527.400390625,8511.5,8525.0,7147,0.0,0.0
2025-03-17 11:10:00+05:30,8525.0,8530.0,8525.0,8529.900390625,6141,0.0,0.0
2025-03-17 11:15:00+05:30,8529.4501953125,8536.0,8528.2001953125,8535.900390625,5742,0.0,0.0
2025-03-17 11:20:00+05:30,8535.900390625,8565.0,8535.900390625,8565.0,13632,0.0,0.0
2025-03-17 11:25:00+05:30,8566.0,8586.0,8566.0,8582.0,13622,0.0,0.0
2025-03-17 11:30:00+05:30,8584.900390625,8602.0,8576.849609375,8594.75,17346,0.0,0.0
2025-03-17 11:35:00+05:30,8595.0,8602.5,8592.9501953125,8598.7001953125,9477,0.0,0.0
2025-03-17 11:40:00+05:30,8598.7001953125,8600.0,8589.599609375,8593.0,10786,0.0,0.0
2025-03-17 11:45:00+05:30,8592.900390625,8594.0,8576.150390625,8580.0,8395,0.0,0.0
2025-03-17 11:50:00+05:30,8579.7001953125,8582.0498046875,8565.0,8566.25,9579,0.0,0.0
2025-03-17 11:55:00+05:30,8566.650390625,8583.4501953125,8560.0,8577.25,12205,0.0,0.0
2025-03-17 12:00:00+05:30,8578.25,8589.75,8578.2001953125,8586.25,9443,0.0,0.0
2025-03-17 12:05:00+05:30,8581.150390625,8585.5,8578.4501953125,8579.0,6426,0.0,0.0
2025-03-17 12:10:00+05:30,8581.0,8583.0,8575.4501953125,8581.400390625,5497,0.0,0.0
2025-03-17 12:15:00+05:30,8580.4501953125,8581.400390625,8571.150390625,8578.099609375,9046,0.0,0.0
2025-03-17 12:20:00+05:30,8576.400390625,8578.849609375,8570.0,8574.25,7106,0.0,0.0
2025-03-17 12:25:00+05:30,8574.25,8591.349609375,8566.0,8591.349609375,18842,0.0,0.0
2025-03-17 12:30:00+05:30,8592.2998046875,8593.0,8570.0,8570.0,12304,0.0,0.0
2025-03-17 12:35:00+05:30,8570.0,8576.2998046875,8561.9501953125,8572.2998046875,11115,0.0,0.0
2025-03-17 12:40:00+05:30,8571.75,8575.75,8563.2998046875,8568.7998046875,9109,0.0,0.0
2025-03-17 12:45:00+05:30,8568.7998046875,8568.7998046875,8539.5498046875,8541.9501953125,10156,0.0,0.0
2025-03-17 12:50:00+05:30,8541.7998046875,8549.9501953125,8534.849609375,8544.150390625,7032,0.0,0.0
2025-03-17 12:55:00+05:30,8544.150390625,8547.7001953125,8536.75,8540.150390625,7023,0.0,0.0
2025-03-17 13:00:00+05:30,8541.0,8556.5498046875,8541.0,8553.150390625,4550,0.0,0.0
2025-03-17 13:05:00+05:30,8552.900390625,8555.0,8532.7001953125,8537.0498046875,6339,0.0,0.0
2025-03-17 13:10:00+05:30,8537.2001953125,8547.650390625,8536.900390625,8544.9501953125,7594,0.0,0.0
2025-03-17 13:15:00+05:30,8545.2998046875,8557.099609375,8544.900390625,8550.099609375,6566,0.0,0.0
2025-03-17 13:20:00+05:30,8550.099609375,8558.2001953125,8546.9501953125,8548.75,5562,0.0,0.0
2025-03-17 13:25:00+05:30,8548.7998046875,8563.9501953125,8543.0,8562.0498046875,6640,0.0,0.0
2025-03-17 13:30:00+05:30,8563.0,8563.0,8556.5498046875,8560.0,6168,0.0,0.0
2025-03-17 13:35:00+05:30,8560.0,8564.25,8558.0,8562.849609375,5639,0.0,0.0
2025-03-17 13:40:00+05:30,8563.150390625,8565.0,8558.900390625,8564.75,6788,0.0,0.0
2025-03-17 13:45:00+05:30,8565.0,8575.0,8562.9501953125,8574.5498046875,10348,0.0,0.0
2025-03-17 13:50:00+05:30,8575.0,8587.0,8572.150390625,8586.5,14467,0.0,0.0
2025-03-17 13:55:00+05:30,8586.0,8590.650390625,8582.2001953125,8582.2001953125,11933,0.0,0.0
2025-03-17 14:00:00+05:30,8584.5498046875,8586.650390625,8578.400390625,8580.349609375,6082,0.0,0.0
2025-03-17 14:05:00+05:30,8580.650390625,8593.7998046875,8578.150390625,8593.4501953125,14203,0.0,0.0
2025-03-17 14:10:00+05:30,8594.2001953125,8602.5,8592.349609375,8596.9501953125,26605,0.0,0.0
2025-03-17 14:15:00+05:30,8599.4501953125,8601.0,8592.849609375,8595.0,8203,0.0,0.0
2025-03-17 14:20:00+05:30,8595.9501953125,8595.9501953125,8576.400390625,8579.75,11345,0.0,0.0
2025-03-17 14:25:00+05:30,8584.0,8584.7998046875,8574.400390625,8579.349609375,5995,0.0,0.0
2025-03-17 14:30:00+05:30,8579.349609375,8585.849609375,8578.2998046875,8585.849609375,6018,0.0,0.0
2025-03-17 14:35:00+05:30,8585.599609375,8587.2998046875,8577.2001953125,8580.0,5817,0.0,0.0
2025-03-17 14:40:00+05:30,8580.0,8580.0,8565.7001953125,8571.4501953125,10134,0.0,0.0
2025-03-17 14:45:00+05:30,8569.900390625,8575.0,8568.5498046875,8573.650390625,5742,0.0,0.0
2025-03-17 14:50:00+05:30,8574.099609375,8592.0,8574.0498046875,8592.0,11795,0.0,0.0
2025-03-17 14:55:00+05:30,8591.5498046875,8594.0,8586.7001953125,8586.75,10905,0.0,0.0
2025-03-17 15:00:00+05:30,8586.849609375,8588.650390625,8581.4501953125,8582.2001953125,14887,0.0,0.0
2025-03-17 15:05:00+05:30,8582.7998046875,8582.7998046875,8571.349609375,8581.0498046875,13506,0.0,0.0
2025-03-17 15:10:00+05:30,8581.0,8583.7998046875,8575.0498046875,8579.900390625,21212,0.0,0.0
2025-03-17 15:15:00+05:30,8579.75,8582.900390625,8575.0,8580.900390625,20166,0.0,0.0
2025-03-17 15:20:00+05:30,8580.7998046875,8582.25,8578.0498046875,8580.7998046875,18133,0.0,0.0
2025-03-17 15:25:00+05:30,8580.400390625,8583.0,8575.0,8575.0,15747,0.0,0.0
2025-03-18 09:15:00+05:30,8629.7998046875,8631.2001953125,8545.7998046875,8550.2998046875,0,0.0,0.0
2025-03-18 09:20:00+05:30,8549.599609375,8553.2998046875,8511.0498046875,8532.25,31087,0.0,0.0
2025-03-18 09:25:00+05:30,8529.849609375,8532.0,8500.0,8500.0,32758,0.0,0.0
2025-03-18 09:30:00+05:30,8500.0498046875,8546.099609375,8494.849609375,8546.0,40173,0.0,0.0
2025-03-18 09:35:00+05:30,8546.0,8570.0,8541.849609375,8555.4501953125,30149,0.0,0.0
2025-03-18 09:40:00+05:30,8555.400390625,8557.099609375,8525.0,8527.0498046875,21978,0.0,0.0
2025-03-18 09:45:00+05:30,8525.0,8543.650390625,8523.650390625,8532.099609375,14627,0.0,0.0
2025-03-18 09:50:00+05:30,8532.099609375,8543.0,8531.0,8540.0,14151,0.0,0.0
2025-03-18 09:55:00+05:30,8540.0,8549.900390625,8538.150390625,8549.900390625,13827,0.0,0.0
2025-03-18 10:00:00+05:30,8549.849609375,8565.0,8549.849609375,8560.0,17958,0.0,0.0
2025-03-18 10:05:00+05:30,8560.599609375,8592.7998046875,8560.599609375,8592.7998046875,23875,0.0,0.0
2025-03-18 10:10:00+05:30,8592.7998046875,8592.7998046875,8557.0,8566.650390625,18701,0.0,0.0
2025-03-18 10:15:00+05:30,8566.650390625,8578.0498046875,8565.599609375,8578.0498046875,10025,0.0,0.0
2025-03-18 10:20:00+05:30,8582.5,8584.0,8575.0498046875,8576.0498046875,10963,0.0,0.0
2025-03-18 10:25:00+05:30,8575.2998046875,8579.599609375,8567.400390625,8574.849609375,11733,0.0,0.0
2025-03-18 10:30:00+05:30,8575.0,8576.650390625,8568.2998046875,8568.400390625,7072,0.0,0.0
2025-03-18 10:35:00+05:30,8568.400390625,8579.9501953125,8565.7998046875,8575.650390625,9368,0.0,0.0
2025-03-18 10:40:00+05:30,8576.4501953125,8582.4501953125,8575.5498046875,8582.4501953125,8693,0.0,0.0
2025-03-18 10:45:00+05:30,8583.0,8585.0,8578.0,8579.400390625,8386,0.0,0.0
2025-03-18 10:50:00+05:30,8578.650390625,8579.25,8571.4501953125,8574.9501953125,8520,0.0,0.0
2025-03-18 10:55:00+05:30,8573.2001953125,8574.9501953125,8566.0,8569.7998046875,8593,0.0,0.0
2025-03-18 11:00:00+05:30,8569.849609375,8582.0,8563.2001953125,8578.0498046875,10954,0.0,0.0
2025-03-18 11:05:00+05:30,8580.0,8580.0,8553.5498046875,8567.650390625,8611,0.0,0.0
2025-03-18 11:10:00+05:30,8567.650390625,8571.0498046875,8567.650390625,8567.9501953125,5198,0.0,0.0
2025-03-18 11:15:00+05:30,8569.0,8569.0,8555.0,8557.900390625,9332,0.0,0.0
2025-03-18 11:20:00+05:30,8557.9501953125,8560.0,8550.9501953125,8559.599609375,6646,0.0,0.0
2025-03-18 11:25:00+05:30,8562.5498046875,8566.75,8559.5,8561.0498046875,10475,0.0,0.0
2025-03-18 11:30:00+05:30,8561.599609375,8582.400390625,8561.349609375,8578.849609375,8842,0.0,0.0
2025-03-18 11:35:00+05:30,8577.25,8586.0,8572.0,8584.2001953125,21670,0.0,0.0
2025-03-18 11:40:00+05:30,8582.0,8587.2001953125,8576.0498046875,8579.900390625,22318,0.0,0.0
2025-03-18 11:45:00+05:30,8579.650390625,8587.0,8576.900390625,8587.0,6734,0.0,0.0
2025-03-18 11:50:00+05:30,8587.0,8615.0,8587.0,8615.0,24053,0.0,0.0
2025-03-18 11:55:00+05:30,8615.099609375,8617.650390625,8589.400390625,8594.900390625,15295,0.0,0.0
2025-03-18 12:00:00+05:30,8592.2001953125,8601.849609375,8592.2001953125,8599.150390625,7113,0.0,0.0
2025-03-18 12:05:00+05:30,8599.0,8599.0,8589.599609375,8592.0,6421,0.0,0.0
2025-03-18 12:10:00+05:30,8590.7998046875,8593.599609375,8587.650390625,8591.25,5696,0.0,0.0
2025-03-18 12:15:00+05:30,8591.75,8597.900390625,8587.2998046875,8593.2998046875,10630,0.0,0.0
2025-03-18 12:20:00+05:30,8591.849609375,8605.0,8590.0498046875,8604.900390625,6705,0.0,0.0
2025-03-18 12:25:00+05:30,8604.9501953125,8608.0,8587.9501953125,8592.599609375,10607,0.0,0.0
2025-03-18 12:30:00+05:30,8591.2998046875,8596.900390625,8584.849609375,8588.5,10199,0.0,0.0
2025-03-18 12:35:00+05:30,8588.5498046875,8595.25,8582.0,8586.599609375,10152,0.0,0.0
2025-03-18 12:40:00+05:30,8584.5498046875,8601.0498046875,8581.9501953125,8592.7998046875,19642,0.0,0.0
2025-03-18 12:45:00+05:30,8590.0,8607.0,8589.650390625,8606.0,11857,0.0,0.0
2025-03-18 12:50:00+05:30,8606.099609375,8632.0,8606.099609375,8632.0,18633,0.0,0.0
2025-03-18 12:55:00+05:30,8632.0,8637.349609375,8619.7998046875,8627.9501953125,12393,0.0,0.0
2025-03-18 13:00:00+05:30,8627.9501953125,8651.599609375,8627.400390625,8650.25,20357,0.0,0.0
2025-03-18 13:05:00+05:30,8649.0498046875,8661.599609375,8644.0,8658.75,13752,0.0,0.0
2025-03-18 13:10:00+05:30,8659.5498046875,8672.9501953125,8657.0498046875,8670.349609375,15019,0.0,0.0
2025-03-18 13:15:00+05:30,8667.599609375,8669.9501953125,8657.5498046875,8667.75,10201,0.0,0.0
2025-03-18 13:20:00+05:30,8666.650390625,8667.099609375,8660.25,8663.2001953125,7266,0.0,0.0
2025-03-18 13:25:00+05:30,8663.5498046875,8664.0,8651.2998046875,8654.0,7950,0.0,0.0
2025-03-18 13:30:00+05:30,8654.849609375,8660.7998046875,8642.2001953125,8645.849609375,8299,0.0,0.0
2025-03-18 13:35:00+05:30,8645.25,8650.75,8644.75,8646.5498046875,8828,0.0,0.0
2025-03-18 13:40:00+05:30,8646.599609375,8657.75,8646.599609375,8655.7998046875,7289,0.0,0.0
2025-03-18 13:45:00+05:30,8655.400390625,8663.349609375,8655.2998046875,8660.9501953125,7884,0.0,0.0
2025-03-18 13:50:00+05:30,8660.9501953125,8663.0,8659.2998046875,8661.4501953125,5228,0.0,0.0
2025-03-18 13:55:00+05:30,8661.400390625,8665.150390625,8661.349609375,8665.0,7224,0.0,0.0
2025-03-18 14:00:00+05:30,8664.849609375,8668.0,8656.349609375,8658.099609375,10544,0.0,0.0
2025-03-18 14:05:00+05:30,8658.099609375,8659.900390625,8656.0,8659.0,4942,0.0,0.0
2025-03-18 14:10:00+05:30,8659.0,8661.349609375,8654.5498046875,8659.7001953125,8655,0.0,0.0
2025-03-18 14:15:00+05:30,8659.4501953125,8659.4501953125,8653.0498046875,8656.5,6788,0.0,0.0
2025-03-18 14:20:00+05:30,8655.900390625,8669.25,8655.900390625,8667.849609375,11177,0.0,0.0
2025-03-18 14:25:00+05:30,8667.5,8669.849609375,8658.0,8659.150390625,13727,0.0,0.0
2025-03-18 14:30:00+05:30,8659.2998046875,8661.349609375,8650.0,8654.400390625,12823,0.0,0.0
2025-03-18 14:35:00+05:30,8654.400390625,8654.400390625,8636.25,8645.7998046875,13184,0.0,0.0
2025-03-18 14:40:00+05:30,8643.7001953125,8654.349609375,8637.0,8652.0,13252,0.0,0.0
2025-03-18 14:45:00+05:30,8652.0,8659.7998046875,8650.0498046875,8654.900390625,14599,0.0,0.0
2025-03-18 14:50:00+05:30,8654.900390625,8656.75,8650.25,8655.5,13763,0.0,0.0
2025-03-18 14:55:00+05:30,8655.5,8667.599609375,8655.5,8660.849609375,15120,0.0,0.0
2025-03-18 15:00:00+05:30,8661.0498046875,8665.849609375,8656.0,8662.0,20216,0.0,0.0
2025-03-18 15:05:00+05:30,8662.099609375,8698.7998046875,8662.099609375,8695.0,37945,0.0,0.0
2025-03-18 15:10:00+05:30,8694.099609375,8699.0,8684.099609375,8688.0,24755,0.0,0.0
2025-03-18 15:15:00+05:30,8688.0,8691.0498046875,8677.2001953125,8685.0,28560,0.0,0.0
2025-03-18 15:20:00+05:30,8685.25,8690.0,8675.0,8687.5,25391,0.0,0.0
2025-03-18 15:25:00+05:30,8685.0,8697.7001953125,8682.5,8682.5,19029,0.0,0.0
2025-03-19 09:15:00+05:30,8710.0,8793.75,8686.2001953125,8783.400390625,0,0.0,0.0
2025-03-19 09:20:00+05:30,8783.400390625,8786.349609375,8715.400390625,8722.0,40367,0.0,0.0
2025-03-19 09:25:00+05:30,8721.400390625,8768.0,8720.0498046875,8762.599609375,25834,0.0,0.0
2025-03-19 09:30:00+05:30,8767.0,8774.0,8750.4501953125,8769.2001953125,26051,0.0,0.0
2025-03-19 09:35:00+05:30,8769.650390625,8771.2001953125,8741.349609375,8760.0498046875,24379,0.0,0.0
2025-03-19 09:40:00+05:30,8759.9501953125,8780.0,8752.0,8779.599609375,19357,0.0,0.0
2025-03-19 09:45:00+05:30,8781.2998046875,8818.2001953125,8781.2998046875,8810.0,65760,0.0,0.0
2025-03-19 09:50:00+05:30,8808.0,8818.5498046875,8801.400390625,8811.599609375,25494,0.0,0.0
2025-03-19 09:55:00+05:30,8811.5498046875,8856.0,8807.849609375,8845.349609375,59732,0.0,0.0
2025-03-19 10:00:00+05:30,8849.099609375,8874.75,8842.0498046875,8844.2998046875,42657,0.0,0.0
2025-03-19 10:05:00+05:30,8843.349609375,8851.900390625,8823.650390625,8825.099609375,19907,0.0,0.0
2025-03-19 10:10:00+05:30,8825.150390625,8846.75,8824.0498046875,8839.400390625,13422,0.0,0.0
2025-03-19 10:15:00+05:30,8840.25,8859.0,8840.25,8858.0,12341,0.0,0.0
2025-03-19 10:20:00+05:30,8856.900390625,8873.75,8854.9501953125,8871.25,19215,0.0,0.0
2025-03-19 10:25:00+05:30,8872.0,8873.0,8855.0,8862.849609375,11437,0.0,0.0
2025-03-19 10:30:00+05:30,8862.4501953125,8868.849609375,8856.7998046875,8856.9501953125,12989,0.0,0.0
2025-03-19 10:35:00+05:30,8856.9501953125,8868.0,8855.0,8866.349609375,16216,0.0,0.0
2025-03-19 10:40:00+05:30,8866.2998046875,8874.0,8859.599609375,8874.0,17567,0.0,0.0
2025-03-19 10:45:00+05:30,8873.5498046875,8879.0,8842.75,8842.7998046875,23909,0.0,0.0
2025-03-19 10:50:00+05:30,8842.9501953125,8846.0,8831.5,8845.9501953125,14526,0.0,0.0
2025-03-19 10:55:00+05:30,8846.0,8859.650390625,8844.2998046875,8854.9501953125,12113,0.0,0.0
2025-03-19 11:00:00+05:30,8854.9501953125,8863.25,8846.7998046875,8850.650390625,13083,0.0,0.0
2025-03-19 11:05:00+05:30,8849.599609375,8849.599609375,8834.849609375,8834.849609375,13759,0.0,0.0
2025-03-19 11:10:00+05:30,8834.150390625,8835.9501953125,8810.0,8817.4501953125,17465,0.0,0.0
2025-03-19 11:15:00+05:30,8817.4501953125,8817.5,8801.0,8804.5498046875,15307,0.0,0.0
2025-03-19 11:20:00+05:30,8804.7001953125,8804.75,8794.7001953125,8798.0,15247,0.0,0.0
2025-03-19 11:25:00+05:30,8798.349609375,8800.0,8793.7998046875,8800.0,12538,0.0,0.0
2025-03-19 11:30:00+05:30,8800.0,8802.349609375,8795.0,8802.2998046875,17571,0.0,0.0
2025-03-19 11:35:00+05:30,8801.849609375,8805.0498046875,8797.0498046875,8805.0498046875,11193,0.0,0.0
2025-03-19 11:40:00+05:30,8809.9501953125,8810.0,8781.25,8782.2998046875,21315,0.0,0.0
2025-03-19 11:45:00+05:30,8781.0,8796.25,8770.0,8792.849609375,11294,0.0,0.0
2025-03-19 11:50:00+05:30,8792.25,8795.0,8783.650390625,8790.849609375,9088,0.0,0.0
2025-03-19 11:55:00+05:30,8790.75,8792.4501953125,8778.0,8784.9501953125,9426,0.0,0.0
2025-03-19 12:00:00+05:30,8784.9501953125,8785.0,8778.599609375,8784.9501953125,8842,0.0,0.0
2025-03-19 12:05:00+05:30,8784.2001953125,8795.5,8783.099609375,8791.0498046875,11324,0.0,0.0
2025-03-19 12:10:00+05:30,8791.0498046875,8794.400390625,8782.7998046875,8784.5498046875,10414,0.0,0.0
2025-03-19 12:15:00+05:30,8784.5,8787.0,8779.0498046875,8785.0,8482,0.0,0.0
2025-03-19 12:20:00+05:30,8785.0,8798.0,8783.650390625,8798.0,8820,0.0,0.0
2025-03-19 12:25:00+05:30,8798.0,8800.0,8790.7998046875,8794.25,11077,0.0,0.0
2025-03-19 12:30:00+05:30,8794.849609375,8800.0,8781.0,8787.5,7016,0.0,0.0
2025-03-19 12:35:00+05:30,8787.5,8790.0,8785.599609375,8787.0,9305,0.0,0.0
2025-03-19 12:40:00+05:30,8787.349609375,8787.349609375,8780.650390625,8781.150390625,6417,0.0,0.0
2025-03-19 12:45:00+05:30,8781.150390625,8788.25,8780.0,8788.2001953125,7311,0.0,0.0
2025-03-19 12:50:00+05:30,8787.4501953125,8788.400390625,8783.2001953125,8787.9501953125,7026,0.0,0.0
2025-03-19 12:55:00+05:30,8787.9501953125,8803.2998046875,8786.5498046875,8792.849609375,11508,0.0,0.0
2025-03-19 13:00:00+05:30,8792.599609375,8792.599609375,8785.5,8786.0,5971,0.0,0.0
2025-03-19 13:05:00+05:30,8785.400390625,8785.650390625,8759.4501953125,8759.4501953125,18244,0.0,0.0
2025-03-19 13:10:00+05:30,8758.0,8765.099609375,8752.650390625,8757.0498046875,14175,0.0,0.0
2025-03-19 13:15:00+05:30,8759.099609375,8764.900390625,8752.7001953125,8753.9501953125,12426,0.0,0.0
2025-03-19 13:20:00+05:30,8753.9501953125,8753.9501953125,8743.599609375,8748.7998046875,10947,0.0,0.0
2025-03-19 13:25:00+05:30,8748.7998046875,8750.0,8745.25,8748.099609375,8703,0.0,0.0
2025-03-19 13:30:00+05:30,8747.0498046875,8752.0498046875,8745.0,8745.5498046875,11187,0.0,0.0
2025-03-19 13:35:00+05:30,8745.5498046875,8756.7001953125,8745.0,8755.0,6800,0.0,0.0
2025-03-19 13:40:00+05:30,8755.0,8756.400390625,8746.900390625,8749.7001953125,8815,0.0,0.0
2025-03-19 13:45:00+05:30,8749.7001953125,8750.0,8746.5,8747.7998046875,4993,0.0,0.0
2025-03-19 13:50:00+05:30,8747.7998046875,8750.0,8746.150390625,8750.0,5628,0.0,0.0
2025-03-19 13:55:00+05:30,8750.0,8750.4501953125,8747.0,8749.7001953125,6164,0.0,0.0
2025-03-19 14:00:00+05:30,8749.75,8762.4501953125,8747.0,8752.5498046875,12523,0.0,0.0
2025-03-19 14:05:00+05:30,8752.150390625,8752.849609375,8745.0,8750.0,6246,0.0,0.0
2025-03-19 14:10:00+05:30,8749.9501953125,8755.75,8747.2001953125,8747.9501953125,7818,0.0,0.0
2025-03-19 14:15:00+05:30,8747.900390625,8750.0,8746.099609375,8750.0,5851,0.0,0.0
2025-03-19 14:20:00+05:30,8750.0,8756.900390625,8749.5498046875,8756.349609375,11201,0.0,0.0
2025-03-19 14:25:00+05:30,8756.349609375,8761.4501953125,8751.0,8756.099609375,8797,0.0,0.0
2025-03-19 14:30:00+05:30,8756.099609375,8756.25,8746.7001953125,8752.0,8461,0.0,0.0
2025-03-19 14:35:00+05:30,8752.099609375,8770.0,8752.099609375,8770.0,12566,0.0,0.0
2025-03-19 14:40:00+05:30,8770.0,8785.0,8768.75,8770.0,23750,0.0,0.0
2025-03-19 14:45:00+05:30,8769.0498046875,8770.0,8756.0,8762.5498046875,11160,0.0,0.0
2025-03-19 14:50:00+05:30,8762.5498046875,8765.349609375,8744.5498046875,8748.75,14154,0.0,0.0
2025-03-19 14:55:00+05:30,8748.7998046875,8750.0,8743.650390625,8749.900390625,8825,0.0,0.0
2025-03-19 15:00:00+05:30,8749.7998046875,8749.900390625,8727.7001953125,8743.650390625,28757,0.0,0.0
2025-03-19 15:05:00+05:30,8743.650390625,8744.400390625,8733.5498046875,8739.599609375,20046,0.0,0.0
2025-03-19 15:10:00+05:30,8739.599609375,8743.2001953125,8732.2001953125,8735.099609375,22515,0.0,0.0
2025-03-19 15:15:00+05:30,8735.0,8739.9501953125,8730.900390625,8735.099609375,25950,0.0,0.0
2025-03-19 15:20:00+05:30,8735.099609375,8736.9501953125,8725.5498046875,8725.5498046875,24141,0.0,0.0
2025-03-19 15:25:00+05:30,8725.5498046875,8731.7001953125,8695.150390625,8696.099609375,51684,0.0,0.0
2025-03-20 09:15:00+05:30,8720.0,8757.5,8709.9501953125,8719.4501953125,0,0.0,0.0
2025-03-20 09:20:00+05:30,8717.5498046875,8724.150390625,8692.0,8696.849609375,22858,0.0,0.0
2025-03-20 09:25:00+05:30,8692.0,8701.25,8680.7998046875,8691.7001953125,17003,0.0,0.0
2025-03-20 09:30:00+05:30,8691.7001953125,8691.7001953125,8670.0,8680.349609375,17949,0.0,0.0
2025-03-20 09:35:00+05:30,8680.2998046875,8683.650390625,8650.0,8657.349609375,15792,0.0,0.0
2025-03-20 09:40:00+05:30,8657.349609375,8665.0,8650.0,8653.5498046875,11471,0.0,0.0
2025-03-20 09:45:00+05:30,8654.0,8663.599609375,8622.099609375,8628.5498046875,19374,0.0,0.0
2025-03-20 09:50:00+05:30,8628.25,8652.900390625,8615.25,8644.7001953125,18315,0.0,0.0
2025-03-20 09:55:00+05:30,8644.5,8650.0498046875,8630.0,8637.7998046875,12409,0.0,0.0
2025-03-20 10:00:00+05:30,8632.099609375,8643.7001953125,8607.349609375,8624.349609375,13528,0.0,0.0
2025-03-20 10:05:00+05:30,8625.0498046875,8628.2001953125,8589.9501953125,8593.0498046875,18731,0.0,0.0
2025-03-20 10:10:00+05:30,8596.9501953125,8600.599609375,8590.0,8599.5,8906,0.0,0.0
2025-03-20 10:15:00+05:30,8599.5,8603.4501953125,8591.75,8599.599609375,9118,0.0,0.0
2025-03-20 10:20:00+05:30,8599.599609375,8600.0,8569.9501953125,8579.400390625,18504,0.0,0.0
2025-03-20 10:25:00+05:30,8578.0,8620.849609375,8578.0,8619.150390625,11264,0.0,0.0
2025-03-20 10:30:00+05:30,8619.150390625,8645.900390625,8619.150390625,8640.0,17198,0.0,0.0
2025-03-20 10:35:00+05:30,8642.150390625,8647.2001953125,8599.5498046875,8602.2998046875,11016,0.0,0.0
2025-03-20 10:40:00+05:30,8601.7001953125,8606.75,8586.900390625,8587.0,9050,0.0,0.0
2025-03-20 10:45:00+05:30,8585.5498046875,8586.0498046875,8545.0,8550.5,16076,0.0,0.0
2025-03-20 10:50:00+05:30,8552.5,8557.25,8541.4501953125,8546.75,7166,0.0,0.0
2025-03-20 10:55:00+05:30,8546.0,8565.9501953125,8545.7001953125,8557.5,7039,0.0,0.0
2025-03-20 11:00:00+05:30,8557.849609375,8567.2998046875,8551.0,8553.150390625,6382,0.0,0.0
2025-03-20 11:05:00+05:30,8553.4501953125,8572.849609375,8551.0,8569.5498046875,6663,0.0,0.0
2025-03-20 11:10:00+05:30,8569.75,8592.2001953125,8565.400390625,8587.75,6289,0.0,0.0
2025-03-20 11:15:00+05:30,8587.75,8599.650390625,8585.0,8590.9501953125,6156,0.0,0.0
2025-03-20 11:20:00+05:30,8592.25,8600.0,8592.25,8599.5,9949,0.0,0.0
2025-03-20 11:25:00+05:30,8599.25,8614.0498046875,8599.2001953125,8610.900390625,13265,0.0,0.0
2025-03-20 11:30:00+05:30,8611.0,8630.0,8601.0,8603.4501953125,13138,0.0,0.0
2025-03-20 11:35:00+05:30,8601.7001953125,8620.0,8601.7001953125,8620.0,4295,0.0,0.0
2025-03-20 11:40:00+05:30,8620.0,8620.0,8612.25,8614.9501953125,4207,0.0,0.0
2025-03-20 11:45:00+05:30,8614.9501953125,8628.9501953125,8610.849609375,8617.849609375,19104,0.0,0.0
2025-03-20 11:50:00+05:30,8617.7998046875,8618.150390625,8612.0,8615.400390625,3900,0.0,0.0
2025-03-20 11:55:00+05:30,8615.400390625,8620.0,8610.0,8612.099609375,6067,0.0,0.0
2025-03-20 12:00:00+05:30,8612.0498046875,8614.75,8610.5,8612.599609375,4065,0.0,0.0
2025-03-20 12:05:00+05:30,8612.5,8617.5498046875,8612.0,8617.5498046875,2304,0.0,0.0
2025-03-20 12:10:00+05:30,8617.5498046875,8636.0,8613.4501953125,8636.0,8470,0.0,0.0
2025-03-20 12:15:00+05:30,8636.0,8638.0,8630.0,8635.0,7309,0.0,0.0
2025-03-20 12:20:00+05:30,8638.0,8648.9501953125,8632.650390625,8648.9501953125,7810,0.0,0.0
2025-03-20 12:25:00+05:30,8648.650390625,8648.849609375,8638.7998046875,8644.7998046875,4306,0.0,0.0
2025-03-20 12:30:00+05:30,8644.7998046875,8644.7998046875,8626.0,8628.2001953125,7919,0.0,0.0
2025-03-20 12:35:00+05:30,8632.2001953125,8639.0,8625.0498046875,8625.099609375,3407,0.0,0.0
2025-03-20 12:40:00+05:30,8626.75,8630.0,8613.400390625,8630.0,4939,0.0,0.0
2025-03-20 12:45:00+05:30,8630.0,8637.5,8627.099609375,8631.2998046875,3076,0.0,0.0
2025-03-20 12:50:00+05:30,8631.900390625,8642.0,8626.5,8642.0,4677,0.0,0.0
2025-03-20 12:55:00+05:30,8640.2001953125,8650.0,8640.0,8648.849609375,6185,0.0,0.0
2025-03-20 13:00:00+05:30,8648.0,8648.9501953125,8626.0,8633.5,5208,0.0,0.0
2025-03-20 13:05:00+05:30,8629.2998046875,8636.650390625,8626.7001953125,8635.0498046875,2727,0.0,0.0
2025-03-20 13:10:00+05:30,8633.849609375,8645.9501953125,8632.5,8641.599609375,4124,0.0,0.0
2025-03-20 13:15:00+05:30,8645.0,8650.0,8636.9501953125,8647.0,5624,0.0,0.0
2025-03-20 13:20:00+05:30,8647.0,8669.849609375,8643.150390625,8661.150390625,11740,0.0,0.0
2025-03-20 13:25:00+05:30,8661.0498046875,8668.0,8644.75,8649.5498046875,13607,0.0,0.0
2025-03-20 13:30:00+05:30,8649.5498046875,8652.9501953125,8646.2001953125,8649.0,4320,0.0,0.0
2025-03-20 13:35:00+05:30,8647.7998046875,8666.0,8647.7998046875,8664.7998046875,6820,0.0,0.0
2025-03-20 13:40:00+05:30,8664.5,8664.599609375,8651.400390625,8655.7001953125,4753,0.0,0.0
2025-03-20 13:45:00+05:30,8656.0,8657.599609375,8645.0,8648.0498046875,3545,0.0,0.0
2025-03-20 13:50:00+05:30,8648.0498046875,8655.4501953125,8645.0,8646.4501953125,4891,0.0,0.0
2025-03-20 13:55:00+05:30,8646.4501953125,8655.4501953125,8643.2998046875,8647.5498046875,3774,0.0,0.0
2025-03-20 14:00:00+05:30,8652.0,8667.0,8650.150390625,8667.0,7232,0.0,0.0
2025-03-20 14:05:00+05:30,8667.0,8669.0,8652.4501953125,8658.2998046875,5101,0.0,0.0
2025-03-20 14:10:00+05:30,8658.2001953125,8669.0,8653.349609375,8666.25,5189,0.0,0.0
2025-03-20 14:15:00+05:30,8666.25,8681.7998046875,8664.25,8676.9501953125,11400,0.0,0.0
2025-03-20 14:20:00+05:30,8675.5498046875,8686.5,8671.25,8678.0,9846,0.0,0.0
2025-03-20 14:25:00+05:30,8677.0,8694.0,8673.4501953125,8687.150390625,13867,0.0,0.0
2025-03-20 14:30:00+05:30,8690.0,8690.0,8680.099609375,8681.0,6682,0.0,0.0
2025-03-20 14:35:00+05:30,8680.0,8681.0,8666.2998046875,8668.7998046875,7443,0.0,0.0
2025-03-20 14:40:00+05:30,8670.75,8674.0,8665.900390625,8672.7001953125,9271,0.0,0.0
2025-03-20 14:45:00+05:30,8673.0,8690.0,8670.0,8690.0,14878,0.0,0.0
2025-03-20 14:50:00+05:30,8689.349609375,8689.900390625,8672.599609375,8675.7001953125,8429,0.0,0.0
2025-03-20 14:55:00+05:30,8677.099609375,8679.9501953125,8668.2998046875,8675.0,8516,0.0,0.0
2025-03-20 15:00:00+05:30,8673.400390625,8680.5498046875,8670.0498046875,8673.0,17574,0.0,0.0
2025-03-20 15:05:00+05:30,8673.25,8679.900390625,8672.599609375,8674.25,15866,0.0,0.0
2025-03-20 15:10:00+05:30,8676.400390625,8684.0,8676.400390625,8683.2998046875,17553,0.0,0.0
2025-03-20 15:15:00+05:30,8683.2998046875,8683.2998046875,8674.9501953125,8681.0,24013,0.0,0.0
2025-03-20 15:20:00+05:30,8681.0,8685.0,8677.25,8680.650390625,22140,0.0,0.0
2025-03-20 15:25:00+05:30,8680.650390625,8689.0,8674.0,8679.650390625,15247,0.0,0.0
2025-03-21 09:15:00+05:30,8999.849609375,9000.0,8879.9501953125,8944.9501953125,0,0.0,0.0
2025-03-21 09:20:00+05:30,8945.400390625,8994.25,8945.0,8947.5,135049,0.0,0.0
2025-03-21 09:25:00+05:30,8946.5,8999.9501953125,8945.0,8984.2001953125,117148,0.0,0.0
2025-03-21 09:30:00+05:30,8985.0,9004.599609375,8960.0,8962.599609375,64001,0.0,0.0
2025-03-21 09:35:00+05:30,8962.150390625,8967.0,8932.099609375,8945.0,89357,0.0,0.0
2025-03-21 09:40:00+05:30,8945.0498046875,8978.650390625,8927.099609375,8931.75,40405,0.0,0.0
2025-03-21 09:45:00+05:30,8931.75,8936.7001953125,8912.5,8927.5,44546,0.0,0.0
2025-03-21 09:50:00+05:30,8926.7998046875,8935.0,8917.0,8931.0,15085,0.0,0.0
2025-03-21 09:55:00+05:30,8931.0,8959.0,8920.5,8922.2001953125,24137,0.0,0.0
2025-03-21 10:00:00+05:30,8922.25,8922.25,8881.0,8892.0,56625,0.0,0.0
2025-03-21 10:05:00+05:30,8892.0498046875,8905.0,8878.25,8878.849609375,25776,0.0,0.0
2025-03-21 10:10:00+05:30,8878.4501953125,8881.0,8850.0498046875,8857.099609375,41559,0.0,0.0
2025-03-21 10:15:00+05:30,8857.099609375,8860.0,8831.349609375,8841.900390625,50360,0.0,0.0
2025-03-21 10:20:00+05:30,8841.849609375,8854.7998046875,8838.75,8844.75,23023,0.0,0.0
2025-03-21 10:25:00+05:30,8844.099609375,8888.150390625,8843.25,8885.0,37397,0.0,0.0
2025-03-21 10:30:00+05:30,8885.099609375,8911.2998046875,8882.5,8911.2998046875,24504,0.0,0.0
2025-03-21 10:35:00+05:30,8906.9501953125,8918.7001953125,8901.0,8911.0498046875,18981,0.0,0.0
2025-03-21 10:40:00+05:30,8911.099609375,8924.599609375,8897.599609375,8897.650390625,32634,0.0,0.0
2025-03-21 10:45:00+05:30,8896.900390625,8922.0,8891.599609375,8912.2001953125,16561,0.0,0.0
2025-03-21 10:50:00+05:30,8912.2001953125,8929.349609375,8910.0,8922.099609375,25239,0.0,0.0
2025-03-21 10:55:00+05:30,8922.0498046875,8922.849609375,8896.0,8907.349609375,86949,0.0,0.0
2025-03-21 11:00:00+05:30,8907.650390625,8911.0,8898.2001953125,8902.0,8241,0.0,0.0
2025-03-21 11:05:00+05:30,8902.0,8905.0,8891.349609375,8896.650390625,16602,0.0,0.0
2025-03-21 11:10:00+05:30,8895.5498046875,8898.099609375,8885.0,8892.099609375,17554,0.0,0.0
2025-03-21 11:15:00+05:30,8892.099609375,8898.5,8883.0,8895.9501953125,17634,0.0,0.0
2025-03-21 11:20:00+05:30,8896.0,8898.849609375,8889.099609375,8892.150390625,8693,0.0,0.0
2025-03-21 11:25:00+05:30,8891.650390625,8903.849609375,8891.0,8901.2998046875,8596,0.0,0.0
2025-03-21 11:30:00+05:30,8899.099609375,8924.9501953125,8899.099609375,8918.2001953125,18991,0.0,0.0
2025-03-21 11:35:00+05:30,8918.0,8924.9501953125,8911.650390625,8923.0,10218,0.0,0.0
2025-03-21 11:40:00+05:30,8923.0498046875,8926.099609375,8902.25,8910.0,24828,0.0,0.0
2025-03-21 11:45:00+05:30,8909.150390625,8910.7998046875,8895.0,8895.0,11229,0.0,0.0
2025-03-21 11:50:00+05:30,8897.5,8901.7001953125,8895.0,8899.0,6857,0.0,0.0
2025-03-21 11:55:00+05:30,8895.900390625,8906.2998046875,8895.900390625,8901.900390625,9155,0.0,0.0
2025-03-21 12:00:00+05:30,8900.0,8917.400390625,8898.5498046875,8907.7001953125,9674,0.0,0.0
2025-03-21 12:05:00+05:30,8907.150390625,8948.150390625,8905.0,8944.900390625,19937,0.0,0.0
2025-03-21 12:10:00+05:30,8944.900390625,8965.0,8944.7998046875,8964.5,27770,0.0,0.0
2025-03-21 12:15:00+05:30,8962.4501953125,8975.0,8960.0,8962.150390625,21819,0.0,0.0
2025-03-21 12:20:00+05:30,8962.150390625,8969.099609375,8951.5,8956.0,17198,0.0,0.0
2025-03-21 12:25:00+05:30,8954.25,8956.0,8942.0,8951.9501953125,15575,0.0,0.0
2025-03-21 12:30:00+05:30,8954.5,8954.5,8942.349609375,8947.650390625,7918,0.0,0.0
2025-03-21 12:35:00+05:30,8944.150390625,8949.0,8938.75,8941.349609375,12213,0.0,0.0
2025-03-21 12:40:00+05:30,8941.349609375,8951.099609375,8937.7998046875,8951.0,11028,0.0,0.0
2025-03-21 12:45:00+05:30,8950.5,8951.0,8943.0,8944.7001953125,6389,0.0,0.0
2025-03-21 12:50:00+05:30,8948.5498046875,8951.0,8943.599609375,8950.2998046875,9926,0.0,0.0
2025-03-21 12:55:00+05:30,8950.2998046875,8988.900390625,8950.0,8982.849609375,28136,0.0,0.0
2025-03-21 13:00:00+05:30,8982.849609375,8988.0,8965.650390625,8972.25,24850,0.0,0.0
2025-03-21 13:05:00+05:30,8972.2998046875,8972.2998046875,8957.5,8960.2998046875,11564,0.0,0.0
2025-03-21 13:10:00+05:30,8960.2998046875,8960.5,8940.0,8947.150390625,13820,0.0,0.0
2025-03-21 13:15:00+05:30,8947.349609375,8947.400390625,8930.25,8936.900390625,22057,0.0,0.0
2025-03-21 13:20:00+05:30,8940.0,8964.9501953125,8937.400390625,8952.099609375,18341,0.0,0.0
2025-03-21 13:25:00+05:30,8953.349609375,8956.7001953125,8947.2001953125,8949.400390625,8565,0.0,0.0
2025-03-21 13:30:00+05:30,8949.400390625,8949.9501953125,8931.849609375,8938.7001953125,16014,0.0,0.0
2025-03-21 13:35:00+05:30,8936.2001953125,8945.0,8932.0,8939.099609375,13587,0.0,0.0
2025-03-21 13:40:00+05:30,8939.099609375,8939.099609375,8928.0,8933.0,11196,0.0,0.0
2025-03-21 13:45:00+05:30,8932.2998046875,8932.7001953125,8916.0,8919.650390625,11479,0.0,0.0
2025-03-21 13:50:00+05:30,8918.400390625,8928.5498046875,8912.900390625,8921.650390625,16709,0.0,0.0
2025-03-21 13:55:00+05:30,8918.2001953125,8943.5,8918.2001953125,8943.5,12286,0.0,0.0
2025-03-21 14:00:00+05:30,8942.7998046875,8950.0498046875,8935.4501953125,8939.2001953125,12198,0.0,0.0
2025-03-21 14:05:00+05:30,8937.349609375,8940.0,8922.0,8923.0,15749,0.0,0.0
2025-03-21 14:10:00+05:30,8923.0,8926.099609375,8915.75,8922.0,13144,0.0,0.0
2025-03-21 14:15:00+05:30,8922.0,8931.0,8915.650390625,8927.400390625,13601,0.0,0.0
2025-03-21 14:20:00+05:30,8927.400390625,8939.75,8925.0,8939.0,13070,0.0,0.0
2025-03-21 14:25:00+05:30,8938.0,8940.0,8929.75,8939.400390625,11116,0.0,0.0
2025-03-21 14:30:00+05:30,8939.349609375,8950.0,8935.349609375,8940.5498046875,11144,0.0,0.0
2025-03-21 14:35:00+05:30,8940.0498046875,8940.099609375,8931.2001953125,8938.599609375,9446,0.0,0.0
2025-03-21 14:40:00+05:30,8938.2998046875,8938.2998046875,8925.0,8928.900390625,8818,0.0,0.0
2025-03-21 14:45:00+05:30,8928.900390625,8930.9501953125,8921.0,8925.2998046875,12228,0.0,0.0
2025-03-21 14:50:00+05:30,8924.599609375,8924.599609375,8914.25,8915.0,11149,0.0,0.0
2025-03-21 14:55:00+05:30,8914.5498046875,8918.0,8892.2998046875,8893.349609375,31836,0.0,0.0
2025-03-21 15:00:00+05:30,8893.25,8920.5,8891.9501953125,8906.5,139089,0.0,0.0
2025-03-21 15:05:00+05:30,8906.5,8918.5,8904.4501953125,8910.900390625,117684,0.0,0.0
2025-03-21 15:10:00+05:30,8910.0,8928.75,8907.2001953125,8927.0,126896,0.0,0.0
2025-03-21 15:15:00+05:30,8926.9501953125,8928.2001953125,8916.849609375,8923.75,132548,0.0,0.0
2025-03-21 15:20:00+05:30,8923.5498046875,8930.0,8920.849609375,8927.2001953125,118702,0.0,0.0
2025-03-21 15:25:00+05:30,8927.2001953125,8930.0,8911.099609375,8916.099609375,81487,0.0,0.0
2025-03-24 09:15:00+05:30,9055.0,9074.25,8952.650390625,8958.25,0,0.0,0.0
2025-03-24 09:20:00+05:30,8955.9501953125,8971.099609375,8927.099609375,8962.4501953125,34548,0.0,0.0
2025-03-24 09:25:00+05:30,8959.599609375,8989.0,8930.0,8981.7998046875,32255,0.0,0.0
2025-03-24 09:30:00+05:30,8981.900390625,8983.0,8943.099609375,8951.9501953125,19097,0.0,0.0
2025-03-24 09:35:00+05:30,8951.9501953125,8980.0,8950.900390625,8971.849609375,15678,0.0,0.0
2025-03-24 09:40:00+05:30,8970.4501953125,8981.349609375,8961.349609375,8972.900390625,13941,0.0,0.0
2025-03-24 09:45:00+05:30,8976.0,8980.9501953125,8952.150390625,8961.5,8856,0.0,0.0
2025-03-24 09:50:00+05:30,8963.400390625,8978.849609375,8962.2001953125,8977.0,8531,0.0,0.0
2025-03-24 09:55:00+05:30,8977.0,9004.0,8971.099609375,9001.7998046875,22679,0.0,0.0
2025-03-24 10:00:00+05:30,9001.7998046875,9005.0,8973.2998046875,8979.650390625,14166,0.0,0.0
2025-03-24 10:05:00+05:30,8979.5498046875,9001.0,8966.2998046875,8969.9501953125,13633,0.0,0.0
2025-03-24 10:10:00+05:30,8969.9501953125,8985.2998046875,8967.0498046875,8976.7001953125,9687,0.0,0.0
2025-03-24 10:15:00+05:30,8974.599609375,8999.9501953125,8973.7001953125,8999.5498046875,9970,0.0,0.0
2025-03-24 10:20:00+05:30,8996.599609375,9004.25,8989.7001953125,8989.7001953125,10566,0.0,0.0
2025-03-24 10:25:00+05:30,8989.849609375,9018.349609375,8989.849609375,9008.7001953125,25606,0.0,0.0
2025-03-24 10:30:00+05:30,9009.9501953125,9018.0,9002.599609375,9015.849609375,14965,0.0,0.0
2025-03-24 10:35:00+05:30,9017.0,9034.900390625,9013.9501953125,9025.900390625,26051,0.0,0.0
2025-03-24 10:40:00+05:30,9025.5,9032.099609375,9019.0498046875,9023.5,10035,0.0,0.0
2025-03-24 10:45:00+05:30,9023.5,9023.5,9010.0,9019.0,10429,0.0,0.0
2025-03-24 10:50:00+05:30,9020.0,9029.5,9019.150390625,9025.2001953125,11918,0.0,0.0
2025-03-24 10:55:00+05:30,9024.7998046875,9041.099609375,9023.5,9035.2998046875,23148,0.0,0.0
2025-03-24 11:00:00+05:30,9035.599609375,9042.4501953125,9030.0,9042.0,16077,0.0,0.0
2025-03-24 11:05:00+05:30,9042.0,9045.0,9021.650390625,9026.0,17086,0.0,0.0
2025-03-24 11:10:00+05:30,9025.2001953125,9026.0,9020.599609375,9023.9501953125,4596,0.0,0.0
2025-03-24 11:15:00+05:30,9024.25,9024.2998046875,9020.0,9020.7001953125,6619,0.0,0.0
2025-03-24 11:20:00+05:30,9020.75,9040.0,9020.75,9033.0,23553,0.0,0.0
2025-03-24 11:25:00+05:30,9033.0498046875,9041.0,9032.9501953125,9036.5498046875,12469,0.0,0.0
2025-03-24 11:30:00+05:30,9034.5498046875,9036.0,9028.7998046875,9031.9501953125,8441,0.0,0.0
2025-03-24 11:35:00+05:30,9031.9501953125,9035.849609375,9027.7001953125,9030.400390625,9086,0.0,0.0
2025-03-24 11:40:00+05:30,9030.400390625,9031.75,9021.650390625,9030.0498046875,10258,0.0,0.0
2025-03-24 11:45:00+05:30,9030.25,9048.7998046875,9030.25,9048.7998046875,14498,0.0,0.0
2025-03-24 11:50:00+05:30,9048.7001953125,9070.0,9048.7001953125,9062.0,26235,0.0,0.0
2025-03-24 11:55:00+05:30,9061.900390625,9064.900390625,9055.900390625,9060.7998046875,9537,0.0,0.0
2025-03-24 12:00:00+05:30,9061.400390625,9079.0,9060.0,9076.9501953125,11893,0.0,0.0
2025-03-24 12:05:00+05:30,9078.0,9110.7998046875,9077.900390625,9086.0,36951,0.0,0.0
2025-03-24 12:10:00+05:30,9089.0,9101.9501953125,9071.900390625,9080.900390625,25863,0.0,0.0
2025-03-24 12:15:00+05:30,9080.900390625,9081.849609375,9069.400390625,9077.2001953125,23798,0.0,0.0
2025-03-24 12:20:00+05:30,9075.150390625,9077.2001953125,9055.75,9061.849609375,15151,0.0,0.0
2025-03-24 12:25:00+05:30,9059.7001953125,9076.099609375,9059.599609375,9072.9501953125,9900,0.0,0.0
2025-03-24 12:30:00+05:30,9073.900390625,9082.7998046875,9073.150390625,9080.0498046875,10616,0.0,0.0
2025-03-24 12:35:00+05:30,9082.650390625,9103.0498046875,9081.0,9090.599609375,17583,0.0,0.0
2025-03-24 12:40:00+05:30,9090.849609375,9096.849609375,9085.75,9093.4501953125,14628,0.0,0.0
2025-03-24 12:45:00+05:30,9093.5,9096.849609375,9076.25,9084.75,19247,0.0,0.0
2025-03-24 12:50:00+05:30,9085.0,9090.0,9076.75,9082.7998046875,5844,0.0,0.0
2025-03-24 12:55:00+05:30,9082.7998046875,9089.7001953125,9073.7001953125,9080.650390625,8446,0.0,0.0
2025-03-24 13:00:00+05:30,9080.25,9089.900390625,9078.2001953125,9085.150390625,5577,0.0,0.0
2025-03-24 13:05:00+05:30,9085.150390625,9099.0,9085.099609375,9099.0,9461,0.0,0.0
2025-03-24 13:10:00+05:30,9099.5498046875,9102.0498046875,9090.0,9094.349609375,11388,0.0,0.0
2025-03-24 13:15:00+05:30,9094.25,9105.0,9090.25,9101.349609375,8677,0.0,0.0
2025-03-24 13:20:00+05:30,9102.7001953125,9103.5,9088.9501953125,9090.0,8959,0.0,0.0
2025-03-24 13:25:00+05:30,9090.0,9092.900390625,9082.099609375,9092.2001953125,7423,0.0,0.0
2025-03-24 13:30:00+05:30,9091.9501953125,9098.7001953125,9085.25,9097.9501953125,8004,0.0,0.0
2025-03-24 13:35:00+05:30,9095.099609375,9100.0,9090.0,9099.849609375,7580,0.0,0.0
2025-03-24 13:40:00+05:30,9099.900390625,9108.0,9096.099609375,9099.7001953125,9611,0.0,0.0
2025-03-24 13:45:00+05:30,9099.400390625,9099.7001953125,9072.900390625,9085.0,15352,0.0,0.0
2025-03-24 13:50:00+05:30,9085.0,9095.849609375,9083.4501953125,9093.0,6682,0.0,0.0
2025-03-24 13:55:00+05:30,9093.0,9102.0,9092.7001953125,9096.2001953125,7909,0.0,0.0
2025-03-24 14:00:00+05:30,9095.900390625,9096.849609375,9085.0,9090.0,7874,0.0,0.0
2025-03-24 14:05:00+05:30,9090.0,9097.349609375,9089.0498046875,9089.650390625,7460,0.0,0.0
2025-03-24 14:10:00+05:30,9089.599609375,9100.0,9089.0,9100.0,8271,0.0,0.0
2025-03-24 14:15:00+05:30,9098.150390625,9102.099609375,9088.0,9090.0,11127,0.0,0.0
2025-03-24 14:20:00+05:30,9089.7998046875,9097.9501953125,9085.0,9095.0,7202,0.0,0.0
2025-03-24 14:25:00+05:30,9094.4501953125,9107.0,9076.400390625,9080.0,98785,0.0,0.0
2025-03-24 14:30:00+05:30,9080.0,9088.25,9065.5,9069.9501953125,12022,0.0,0.0
2025-03-24 14:35:00+05:30,9068.5,9068.5,9056.150390625,9062.9501953125,16702,0.0,0.0
2025-03-24 14:40:00+05:30,9061.349609375,9065.0,9058.0,9062.0498046875,12313,0.0,0.0
2025-03-24 14:45:00+05:30,9062.150390625,9065.0,9057.2998046875,9059.9501953125,10144,0.0,0.0
2025-03-24 14:50:00+05:30,9060.0,9080.0,9059.9501953125,9065.75,23425,0.0,0.0
2025-03-24 14:55:00+05:30,9065.400390625,9088.0,9065.2001953125,9087.9501953125,9699,0.0,0.0
2025-03-24 15:00:00+05:30,9087.099609375,9087.099609375,9060.900390625,9085.0,23959,0.0,0.0
2025-03-24 15:05:00+05:30,9084.400390625,9097.0,9082.7001953125,9091.7998046875,27766,0.0,0.0
2025-03-24 15:10:00+05:30,9093.599609375,9104.9501953125,9090.0498046875,9103.2001953125,22797,0.0,0.0
2025-03-24 15:15:00+05:30,9104.5,9112.0,9097.75,9099.9501953125,40070,0.0,0.0
2025-03-24 15:20:00+05:30,9100.0,9105.0,9084.9501953125,9094.0,69611,0.0,0.0
2025-03-24 15:25:00+05:30,9093.5498046875,9098.25,9077.2998046875,9090.0498046875,59286,0.0,0.0
2025-03-25 09:15:00+05:30,9125.0,9128.349609375,9088.25,9098.900390625,0,0.0,0.0
2025-03-25 09:20:00+05:30,9097.650390625,9119.4501953125,9080.0,9110.150390625,33832,0.0,0.0
2025-03-25 09:25:00+05:30,9109.849609375,9137.849609375,9083.0,9137.849609375,39424,0.0,0.0
2025-03-25 09:30:00+05:30,9137.849609375,9178.0,9134.650390625,9170.0,71581,0.0,0.0
2025-03-25 09:35:00+05:30,9169.5,9213.9501953125,9169.5,9198.4501953125,66195,0.0,0.0
2025-03-25 09:40:00+05:30,9196.25,9213.75,9192.2998046875,9209.9501953125,34658,0.0,0.0
2025-03-25 09:45:00+05:30,9210.0,9259.599609375,9210.0,9234.0,74465,0.0,0.0
2025-03-25 09:50:00+05:30,9236.5498046875,9245.7998046875,9187.7998046875,9190.0,56032,0.0,0.0
2025-03-25 09:55:00+05:30,9190.0,9220.0,9188.5,9215.0,34724,0.0,0.0
2025-03-25 10:00:00+05:30,9214.349609375,9219.0,9196.150390625,9202.150390625,20971,0.0,0.0
2025-03-25 10:05:00+05:30,9199.0,9202.2001953125,9150.400390625,9153.5,35212,0.0,0.0
2025-03-25 10:10:00+05:30,9156.900390625,9157.0,9136.7001953125,9136.75,23179,0.0,0.0
2025-03-25 10:15:00+05:30,9139.4501953125,9156.0,9133.400390625,9137.599609375,26458,0.0,0.0
2025-03-25 10:20:00+05:30,9137.599609375,9145.900390625,9120.0,9127.9501953125,15749,0.0,0.0
2025-03-25 10:25:00+05:30,9128.0,9138.0,9116.2998046875,9127.099609375,19547,0.0,0.0
2025-03-25 10:30:00+05:30,9126.900390625,9143.25,9118.7998046875,9129.900390625,45363,0.0,0.0
2025-03-25 10:35:00+05:30,9125.7998046875,9128.0,9095.0,9100.0,27449,0.0,0.0
2025-03-25 10:40:00+05:30,9100.0,9130.0,9095.0,9130.0,16697,0.0,0.0
2025-03-25 10:45:00+05:30,9130.0,9144.0,9121.0,9138.2998046875,32660,0.0,0.0
2025-03-25 10:50:00+05:30,9136.900390625,9150.0,9125.0,9133.5498046875,26391,0.0,0.0
2025-03-25 10:55:00+05:30,9133.25,9137.400390625,9102.0,9119.0,27257,0.0,0.0
2025-03-25 11:00:00+05:30,9120.0,9130.0,9107.25,9124.25,9591,0.0,0.0
2025-03-25 11:05:00+05:30,9124.25,9129.7998046875,9105.0,9109.400390625,19631,0.0,0.0
2025-03-25 11:10:00+05:30,9107.0,9115.0,9095.0,9114.75,26230,0.0,0.0
2025-03-25 11:15:00+05:30,9112.7001953125,9128.0,9110.7001953125,9127.7998046875,18280,0.0,0.0
2025-03-25 11:20:00+05:30,9127.7998046875,9130.0,9104.150390625,9105.2001953125,12061,0.0,0.0
2025-03-25 11:25:00+05:30,9108.4501953125,9109.9501953125,9060.650390625,9073.25,18756,0.0,0.0
2025-03-25 11:30:00+05:30,9074.0,9077.5498046875,9055.349609375,9058.849609375,13921,0.0,0.0
2025-03-25 11:35:00+05:30,9058.849609375,9058.849609375,9019.099609375,9019.599609375,44468,0.0,0.0
2025-03-25 11:40:00+05:30,9018.849609375,9024.0498046875,9006.2001953125,9010.0,61384,0.0,0.0
2025-03-25 11:45:00+05:30,9010.0,9045.0,9005.0,9042.0,23320,0.0,0.0
2025-03-25 11:50:00+05:30,9038.0,9063.0,9028.349609375,9055.0,9134,0.0,0.0
2025-03-25 11:55:00+05:30,9055.7998046875,9065.0,9043.0,9065.0,10703,0.0,0.0
2025-03-25 12:00:00+05:30,9067.25,9068.75,9050.0,9060.400390625,8039,0.0,0.0
2025-03-25 12:05:00+05:30,9058.7998046875,9073.0,9048.0498046875,9070.0,9702,0.0,0.0
2025-03-25 12:10:00+05:30,9071.0,9075.0,9060.0,9071.599609375,8814,0.0,0.0
2025-03-25 12:15:00+05:30,9071.599609375,9071.599609375,9042.0498046875,9048.0498046875,9295,0.0,0.0
2025-03-25 12:20:00+05:30,9048.0498046875,9052.0498046875,9036.650390625,9046.2998046875,8864,0.0,0.0
2025-03-25 12:25:00+05:30,9046.099609375,9055.0,9040.0,9043.0,8781,0.0,0.0
2025-03-25 12:30:00+05:30,9044.7001953125,9056.9501953125,9041.0,9041.2001953125,6312,0.0,0.0
2025-03-25 12:35:00+05:30,9041.0,9050.0,9038.0,9049.150390625,5560,0.0,0.0
2025-03-25 12:40:00+05:30,9047.0498046875,9049.0,9035.2001953125,9048.0,6235,0.0,0.0
2025-03-25 12:45:00+05:30,9048.0,9048.0,9036.0,9039.900390625,5884,0.0,0.0
2025-03-25 12:50:00+05:30,9039.0,9040.0,9020.0,9023.4501953125,9729,0.0,0.0
2025-03-25 12:55:00+05:30,9025.849609375,9025.849609375,8991.0,9004.75,19904,0.0,0.0
2025-03-25 13:00:00+05:30,9003.650390625,9010.0,8990.0,8999.849609375,11765,0.0,0.0
2025-03-25 13:05:00+05:30,8999.650390625,9010.0498046875,8994.0,8997.2001953125,9558,0.0,0.0
2025-03-25 13:10:00+05:30,8997.2001953125,9010.0,8985.0,9010.0,12979,0.0,0.0
2025-03-25 13:15:00+05:30,9010.0,9011.75,8992.4501953125,8992.4501953125,16858,0.0,0.0
2025-03-25 13:20:00+05:30,8996.099609375,9007.650390625,8988.099609375,9003.2998046875,7841,0.0,0.0
2025-03-25 13:25:00+05:30,9003.2998046875,9003.2998046875,8980.0498046875,8981.4501953125,10950,0.0,0.0
2025-03-25 13:30:00+05:30,8981.650390625,8990.9501953125,8977.0498046875,8985.7998046875,16181,0.0,0.0
2025-03-25 13:35:00+05:30,8988.849609375,9015.0,8984.2001953125,9013.150390625,12756,0.0,0.0
2025-03-25 13:40:00+05:30,9015.0,9020.0,9006.599609375,9019.5,8968,0.0,0.0
2025-03-25 13:45:00+05:30,9019.5,9039.900390625,9017.5,9037.0,10409,0.0,0.0
2025-03-25 13:50:00+05:30,9037.0,9059.75,9037.0,9054.599609375,14875,0.0,0.0
2025-03-25 13:55:00+05:30,9056.349609375,9069.900390625,9054.5498046875,9065.849609375,10620,0.0,0.0
2025-03-25 14:00:00+05:30,9065.900390625,9067.25,9020.9501953125,9024.0,33915,0.0,0.0
2025-03-25 14:05:00+05:30,9024.900390625,9040.0,9024.0,9024.900390625,15561,0.0,0.0
2025-03-25 14:10:00+05:30,9025.0,9043.849609375,9021.900390625,9023.099609375,27974,0.0,0.0
2025-03-25 14:15:00+05:30,9021.900390625,9035.2001953125,9021.900390625,9028.5,23436,0.0,0.0
2025-03-25 14:20:00+05:30,9029.0,9058.7998046875,9028.5,9051.599609375,25032,0.0,0.0
2025-03-25 14:25:00+05:30,9050.25,9074.349609375,9049.0498046875,9060.0498046875,18555,0.0,0.0
2025-03-25 14:30:00+05:30,9060.0498046875,9071.0,9055.0,9070.0,14158,0.0,0.0
2025-03-25 14:35:00+05:30,9069.7998046875,9084.0,9065.099609375,9079.0,15128,0.0,0.0
2025-03-25 14:40:00+05:30,9079.0,9089.0,9074.599609375,9084.9501953125,12797,0.0,0.0
2025-03-25 14:45:00+05:30,9083.2998046875,9086.7998046875,9067.900390625,9069.5498046875,13390,0.0,0.0
2025-03-25 14:50:00+05:30,9069.5498046875,9069.5498046875,9060.0,9067.099609375,13626,0.0,0.0
2025-03-25 14:55:00+05:30,9067.0,9080.0,9065.0,9069.9501953125,19864,0.0,0.0
2025-03-25 15:00:00+05:30,9070.0,9082.0,9062.0,9072.25,32495,0.0,0.0
2025-03-25 15:05:00+05:30,9071.400390625,9072.0498046875,9055.5,9071.9501953125,28188,0.0,0.0
2025-03-25 15:10:00+05:30,9071.9501953125,9074.599609375,9062.400390625,9071.7001953125,31949,0.0,0.0
2025-03-25 15:15:00+05:30,9071.7001953125,9075.0,9060.0,9070.0,36418,0.0,0.0
2025-03-25 15:20:00+05:30,9069.599609375,9077.2998046875,9055.75,9059.9501953125,32398,0.0,0.0
2025-03-25 15:25:00+05:30,9059.9501953125,9067.25,9036.0,9067.25,22851,0.0,0.0
2025-03-26 09:15:00+05:30,9105.849609375,9118.0,9053.5498046875,9056.0498046875,0,0.0,0.0
2025-03-26 09:20:00+05:30,9060.400390625,9065.150390625,9034.9501953125,9042.0,29793,0.0,0.0
2025-03-26 09:25:00+05:30,9042.0,9055.0,9030.0,9055.0,25953,0.0,0.0
2025-03-26 09:30:00+05:30,9054.0,9060.0,9025.0498046875,9041.150390625,22233,0.0,0.0
2025-03-26 09:35:00+05:30,9035.5,9035.5,9002.0,9003.0,18267,0.0,0.0
2025-03-26 09:40:00+05:30,9003.849609375,9022.400390625,8979.349609375,8979.349609375,30518,0.0,0.0
2025-03-26 09:45:00+05:30,8979.650390625,8989.599609375,8963.400390625,8988.75,25286,0.0,0.0
2025-03-26 09:50:00+05:30,8989.0,8993.099609375,8973.0,8983.9501953125,13585,0.0,0.0
2025-03-26 09:55:00+05:30,8982.9501953125,9033.0,8982.9501953125,9016.75,20701,0.0,0.0
2025-03-26 10:00:00+05:30,9016.75,9020.0,9008.75,9013.349609375,7446,0.0,0.0
2025-03-26 10:05:00+05:30,9012.7001953125,9012.7001953125,8990.0498046875,9007.0,7843,0.0,0.0
2025-03-26 10:10:00+05:30,9006.900390625,9008.75,9000.0,9004.25,5706,0.0,0.0
2025-03-26 10:15:00+05:30,9007.0,9007.0,8993.0498046875,9000.0,4736,0.0,0.0
2025-03-26 10:20:00+05:30,9000.0498046875,9005.150390625,8977.0,8988.7998046875,10710,0.0,0.0
2025-03-26 10:25:00+05:30,8992.0,8996.9501953125,8984.849609375,8989.099609375,4112,0.0,0.0
2025-03-26 10:30:00+05:30,8984.0498046875,9001.849609375,8984.0498046875,9000.0,5982,0.0,0.0
2025-03-26 10:35:00+05:30,9000.0,9020.0,9000.0,9003.0,7246,0.0,0.0
2025-03-26 10:40:00+05:30,9003.0,9014.9501953125,9002.0,9005.75,4685,0.0,0.0
2025-03-26 10:45:00+05:30,9005.75,9031.0,9005.0,9022.0,11387,0.0,0.0
2025-03-26 10:50:00+05:30,9017.5498046875,9031.0,9017.400390625,9025.0498046875,5881,0.0,0.0
2025-03-26 10:55:00+05:30,9027.25,9029.150390625,9017.0,9025.150390625,4634,0.0,0.0
2025-03-26 11:00:00+05:30,9023.25,9027.0,8990.650390625,8993.400390625,6520,0.0,0.0
2025-03-26 11:05:00+05:30,8991.0,8994.75,8987.0,8994.0,3685,0.0,0.0
2025-03-26 11:10:00+05:30,8992.0,9000.0,8992.0,8999.400390625,3209,0.0,0.0
2025-03-26 11:15:00+05:30,9000.0,9000.0,8992.4501953125,8994.9501953125,2894,0.0,0.0
2025-03-26 11:20:00+05:30,8993.4501953125,8998.0,8982.099609375,8984.9501953125,3566,0.0,0.0
2025-03-26 11:25:00+05:30,8985.9501953125,9000.0,8984.9501953125,8995.25,3139,0.0,0.0
2025-03-26 11:30:00+05:30,8991.9501953125,9001.5,8990.099609375,8990.099609375,6754,0.0,0.0
2025-03-26 11:35:00+05:30,8991.099609375,8994.599609375,8982.900390625,8984.900390625,2880,0.0,0.0
2025-03-26 11:40:00+05:30,8982.5,8984.650390625,8960.25,8960.25,11331,0.0,0.0
2025-03-26 11:45:00+05:30,8960.2998046875,8973.150390625,8952.2998046875,8970.900390625,8079,0.0,0.0
2025-03-26 11:50:00+05:30,8971.599609375,8972.7998046875,8953.0,8957.0,6614,0.0,0.0
2025-03-26 11:55:00+05:30,8956.0498046875,8968.0,8953.900390625,8957.4501953125,5283,0.0,0.0
2025-03-26 12:00:00+05:30,8958.4501953125,8960.0,8949.650390625,8955.0,8031,0.0,0.0
2025-03-26 12:05:00+05:30,8955.0,8965.0,8952.599609375,8956.4501953125,5443,0.0,0.0
2025-03-26 12:10:00+05:30,8956.400390625,8972.5,8956.400390625,8972.0,3645,0.0,0.0
2025-03-26 12:15:00+05:30,8971.5,8975.0,8953.0,8953.0,6426,0.0,0.0
2025-03-26 12:20:00+05:30,8955.400390625,8962.5,8953.7998046875,8958.0498046875,6008,0.0,0.0
2025-03-26 12:25:00+05:30,8956.900390625,8958.0,8950.099609375,8955.5,4137,0.0,0.0
2025-03-26 12:30:00+05:30,8952.7001953125,8957.849609375,8952.0,8957.7998046875,3288,0.0,0.0
2025-03-26 12:35:00+05:30,8957.7998046875,8960.0,8954.9501953125,8956.75,3859,0.0,0.0
2025-03-26 12:40:00+05:30,8956.400390625,8964.0,8955.849609375,8962.9501953125,5494,0.0,0.0
2025-03-26 12:45:00+05:30,8958.599609375,8962.7998046875,8953.599609375,8957.5,4244,0.0,0.0
2025-03-26 12:50:00+05:30,8958.849609375,8959.25,8950.0,8956.0,5057,0.0,0.0
2025-03-26 12:55:00+05:30,8956.5,8956.5,8941.0,8949.5,6380,0.0,0.0
2025-03-26 13:00:00+05:30,8947.9501953125,8950.0,8942.5,8947.400390625,4518,0.0,0.0
2025-03-26 13:05:00+05:30,8946.5,8946.5,8932.25,8937.75,8766,0.0,0.0
2025-03-26 13:10:00+05:30,8937.599609375,8939.0,8931.4501953125,8936.0,5308,0.0,0.0
2025-03-26 13:15:00+05:30,8935.5,8940.0,8927.0,8935.0,8617,0.0,0.0
2025-03-26 13:20:00+05:30,8935.0,8940.0,8928.4501953125,8929.75,7872,0.0,0.0
2025-03-26 13:25:00+05:30,8933.650390625,8937.900390625,8916.900390625,8919.599609375,11792,0.0,0.0
2025-03-26 13:30:00+05:30,8919.599609375,8919.650390625,8906.400390625,8908.4501953125,9619,0.0,0.0
2025-03-26 13:35:00+05:30,8907.099609375,8921.099609375,8905.25,8914.9501953125,11183,0.0,0.0
2025-03-26 13:40:00+05:30,8914.900390625,8919.849609375,8906.0,8906.2001953125,9701,0.0,0.0
2025-03-26 13:45:00+05:30,8908.9501953125,8917.0,8903.0,8907.599609375,11170,0.0,0.0
2025-03-26 13:50:00+05:30,8907.5,8923.0,8904.099609375,8922.150390625,9804,0.0,0.0
2025-03-26 13:55:00+05:30,8921.7001953125,8929.400390625,8915.349609375,8925.599609375,8429,0.0,0.0
2025-03-26 14:00:00+05:30,8923.7998046875,8926.0,8911.099609375,8911.099609375,10019,0.0,0.0
2025-03-26 14:05:00+05:30,8911.9501953125,8919.25,8907.349609375,8916.0,8230,0.0,0.0
2025-03-26 14:10:00+05:30,8915.400390625,8918.349609375,8907.5,8909.349609375,7582,0.0,0.0
2025-03-26 14:15:00+05:30,8909.7998046875,8915.0,8898.0,8899.849609375,8510,0.0,0.0
2025-03-26 14:20:00+05:30,8899.650390625,8911.400390625,8899.650390625,8911.400390625,11122,0.0,0.0
2025-03-26 14:25:00+05:30,8913.7998046875,8917.5,8905.7001953125,8907.0,7592,0.0,0.0
2025-03-26 14:30:00+05:30,8906.599609375,8906.599609375,8892.9501953125,8896.2998046875,12680,0.0,0.0
2025-03-26 14:35:00+05:30,8895.849609375,8897.5,8890.099609375,8893.599609375,15093,0.0,0.0
2025-03-26 14:40:00+05:30,8895.349609375,8900.0,8888.0,8894.849609375,12982,0.0,0.0
2025-03-26 14:45:00+05:30,8894.849609375,8894.900390625,8889.0,8891.849609375,9809,0.0,0.0
2025-03-26 14:50:00+05:30,8891.650390625,8892.650390625,8883.0498046875,8883.349609375,13870,0.0,0.0
2025-03-26 14:55:00+05:30,8883.650390625,8883.900390625,8866.9501953125,8870.5498046875,16252,0.0,0.0
2025-03-26 15:00:00+05:30,8870.4501953125,8877.9501953125,8860.0,8865.0,28589,0.0,0.0
2025-03-26 15:05:00+05:30,8865.0,8870.400390625,8861.75,8868.5,28492,0.0,0.0
2025-03-26 15:10:00+05:30,8869.0498046875,8870.0,8863.7001953125,8870.0,24500,0.0,0.0
2025-03-26 15:15:00+05:30,8870.0,8870.0,8860.849609375,8867.5,34703,0.0,0.0
2025-03-26 15:20:00+05:30,8866.5,8870.0498046875,8860.599609375,8869.4501953125,32508,0.0,0.0
2025-03-26 15:25:00+05:30,8868.849609375,8875.650390625,8860.0,8867.650390625,25704,0.0,0.0
2025-03-27 09:15:00+05:30,8860.7001953125,8888.0,8825.0,8888.0,0,0.0,0.0
2025-03-27 09:20:00+05:30,8887.849609375,8887.849609375,8840.7998046875,8855.400390625,28598,0.0,0.0
2025-03-27 09:25:00+05:30,8857.5498046875,8893.5,8855.349609375,8893.5,24726,0.0,0.0
2025-03-27 09:30:00+05:30,8896.0,8899.349609375,8875.0,8883.0498046875,20909,0.0,0.0
2025-03-27 09:35:00+05:30,8883.0,8884.4501953125,8842.349609375,8863.0,16841,0.0,0.0
2025-03-27 09:40:00+05:30,8864.2001953125,8894.0,8864.2001953125,8890.0498046875,16131,0.0,0.0
2025-03-27 09:45:00+05:30,8890.0,8908.150390625,8882.25,8888.599609375,11623,0.0,0.0
2025-03-27 09:50:00+05:30,8888.0498046875,8900.0,8881.400390625,8890.0,7401,0.0,0.0
2025-03-27 09:55:00+05:30,8890.0,8900.0,8877.0498046875,8894.7001953125,18636,0.0,0.0
2025-03-27 10:00:00+05:30,8896.25,8896.7001953125,8878.150390625,8895.0498046875,5174,0.0,0.0
2025-03-27 10:05:00+05:30,8895.0498046875,8900.0,8879.2998046875,8886.2998046875,13781,0.0,0.0
2025-03-27 10:10:00+05:30,8886.349609375,8899.0,8880.0498046875,8885.0,23592,0.0,0.0
2025-03-27 10:15:00+05:30,8885.150390625,8897.0,8882.0,8894.9501953125,7325,0.0,0.0
2025-03-27 10:20:00+05:30,8891.7998046875,8918.9501953125,8889.400390625,8909.4501953125,39606,0.0,0.0
2025-03-27 10:25:00+05:30,8909.7998046875,8936.150390625,8904.099609375,8932.150390625,12578,0.0,0.0
2025-03-27 10:30:00+05:30,8936.099609375,8945.0,8920.0,8934.650390625,11079,0.0,0.0
2025-03-27 10:35:00+05:30,8933.7998046875,8939.75,8930.0,8935.2001953125,7329,0.0,0.0
2025-03-27 10:40:00+05:30,8934.4501953125,8936.9501953125,8917.7998046875,8929.7001953125,5098,0.0,0.0
2025-03-27 10:45:00+05:30,8926.5498046875,8929.2001953125,8908.4501953125,8910.599609375,5865,0.0,0.0
2025-03-27 10:50:00+05:30,8911.0498046875,8922.599609375,8911.0498046875,8915.0498046875,3771,0.0,0.0
2025-03-27 10:55:00+05:30,8917.400390625,8930.0,8907.2998046875,8927.0,7249,0.0,0.0
2025-03-27 11:00:00+05:30,8926.7998046875,8959.900390625,8925.7998046875,8959.0498046875,14797,0.0,0.0
2025-03-27 11:05:00+05:30,8959.900390625,8965.0,8951.0,8962.0,10874,0.0,0.0
2025-03-27 11:10:00+05:30,8962.0,8983.9501953125,8961.150390625,8981.4501953125,11126,0.0,0.0
2025-03-27 11:15:00+05:30,8983.099609375,8999.0,8982.5,8987.349609375,10393,0.0,0.0
2025-03-27 11:20:00+05:30,8988.0,8989.0,8965.2001953125,8971.7998046875,9009,0.0,0.0
2025-03-27 11:25:00+05:30,8970.0,8975.150390625,8957.099609375,8958.2998046875,5871,0.0,0.0
2025-03-27 11:30:00+05:30,8958.75,8964.9501953125,8945.0,8960.0,7491,0.0,0.0
2025-03-27 11:35:00+05:30,8958.4501953125,8975.0,8954.0,8974.9501953125,5397,0.0,0.0
2025-03-27 11:40:00+05:30,8974.849609375,8978.0498046875,8960.0,8974.2001953125,8699,0.0,0.0
2025-03-27 11:45:00+05:30,8973.2998046875,8978.0498046875,8966.0,8978.0498046875,6049,0.0,0.0
2025-03-27 11:50:00+05:30,8977.900390625,8979.0,8971.150390625,8975.7998046875,5663,0.0,0.0
2025-03-27 11:55:00+05:30,8975.7998046875,8979.0,8975.0,8975.0,3841,0.0,0.0
2025-03-27 12:00:00+05:30,8975.0,8976.5,8970.0,8974.25,5697,0.0,0.0
2025-03-27 12:05:00+05:30,8973.7998046875,8977.349609375,8970.0,8976.0,4398,0.0,0.0
2025-03-27 12:10:00+05:30,8976.0,8978.0,8972.650390625,8975.0,3518,0.0,0.0
2025-03-27 12:15:00+05:30,8975.0,8975.0,8955.0498046875,8958.400390625,4849,0.0,0.0
2025-03-27 12:20:00+05:30,8958.400390625,8962.400390625,8951.599609375,8953.849609375,6028,0.0,0.0
2025-03-27 12:25:00+05:30,8954.2998046875,8954.349609375,8945.5,8950.4501953125,7425,0.0,0.0
2025-03-27 12:30:00+05:30,8950.4501953125,8951.75,8939.0,8940.0,6546,0.0,0.0
2025-03-27 12:35:00+05:30,8942.400390625,8960.0,8936.9501953125,8959.099609375,8139,0.0,0.0
2025-03-27 12:40:00+05:30,8959.0,8960.0,8951.849609375,8955.0,6182,0.0,0.0
2025-03-27 12:45:00+05:30,8955.0,8959.7998046875,8952.5,8959.349609375,7673,0.0,0.0
2025-03-27 12:50:00+05:30,8956.25,8959.5,8952.7998046875,8957.5,5315,0.0,0.0
2025-03-27 12:55:00+05:30,8956.7998046875,8960.0,8954.900390625,8959.7001953125,6474,0.0,0.0
2025-03-27 13:00:00+05:30,8959.650390625,8970.0,8958.150390625,8964.599609375,8523,0.0,0.0
2025-03-27 13:05:00+05:30,8961.2998046875,8968.0,8961.2998046875,8966.0,7433,0.0,0.0
2025-03-27 13:10:00+05:30,8966.0,8984.75,8964.5,8984.75,11264,0.0,0.0
2025-03-27 13:15:00+05:30,8984.650390625,8995.0,8979.0,8994.150390625,10051,0.0,0.0
2025-03-27 13:20:00+05:30,8994.150390625,9010.0,8994.150390625,9009.349609375,17179,0.0,0.0
2025-03-27 13:25:00+05:30,9005.9501953125,9025.0,9000.849609375,9024.650390625,14145,0.0,0.0
2025-03-27 13:30:00+05:30,9024.900390625,9030.7001953125,9005.0,9007.7001953125,14784,0.0,0.0
2025-03-27 13:35:00+05:30,9007.0,9007.0,8993.2998046875,9001.2001953125,10901,0.0,0.0
2025-03-27 13:40:00+05:30,9001.599609375,9010.0,8995.0,9007.0,10126,0.0,0.0
2025-03-27 13:45:00+05:30,9005.150390625,9008.5,8996.5,9008.5,7569,0.0,0.0
2025-03-27 13:50:00+05:30,9008.0,9015.0,9001.2998046875,9007.5,10604,0.0,0.0
2025-03-27 13:55:00+05:30,9007.0498046875,9009.849609375,9000.0,9004.0498046875,18402,0.0,0.0
2025-03-27 14:00:00+05:30,9005.5,9014.900390625,9001.0498046875,9014.900390625,7904,0.0,0.0
2025-03-27 14:05:00+05:30,9014.900390625,9015.0,9002.0,9002.5,8840,0.0,0.0
2025-03-27 14:10:00+05:30,9002.349609375,9024.849609375,9002.349609375,9018.0,13706,0.0,0.0
2025-03-27 14:15:00+05:30,9019.400390625,9019.400390625,9010.349609375,9011.5498046875,12691,0.0,0.0
2025-03-27 14:20:00+05:30,9012.0498046875,9020.75,9012.0498046875,9017.599609375,10577,0.0,0.0
2025-03-27 14:25:00+05:30,9018.900390625,9025.0,9018.849609375,9023.849609375,12352,0.0,0.0
2025-03-27 14:30:00+05:30,9025.0,9035.25,9020.650390625,9035.25,17963,0.0,0.0
2025-03-27 14:35:00+05:30,9035.2998046875,9048.0,9024.25,9047.0,26390,0.0,0.0
2025-03-27 14:40:00+05:30,9047.0,9051.2001953125,9040.0,9050.0,19556,0.0,0.0
2025-03-27 14:45:00+05:30,9049.099609375,9050.0498046875,9038.150390625,9040.0,28040,0.0,0.0
2025-03-27 14:50:00+05:30,9040.150390625,9040.5498046875,9023.25,9030.099609375,38202,0.0,0.0
2025-03-27 14:55:00+05:30,9028.400390625,9028.400390625,9010.0,9015.0,21400,0.0,0.0
2025-03-27 15:00:00+05:30,9015.0,9035.0,8980.099609375,9002.25,236207,0.0,0.0
2025-03-27 15:05:00+05:30,9002.650390625,9013.2001953125,8990.099609375,9000.0,222312,0.0,0.0
2025-03-27 15:10:00+05:30,8999.650390625,9011.099609375,8986.7001953125,9006.0,210905,0.0,0.0
2025-03-27 15:15:00+05:30,9004.0,9023.9501953125,8999.150390625,9023.9501953125,193981,0.0,0.0
2025-03-27 15:20:00+05:30,9018.099609375,9018.099609375,9000.099609375,9011.650390625,203299,0.0,0.0
2025-03-27 15:25:00+05:30,9011.650390625,9037.150390625,8995.2001953125,9003.849609375,142278,0.0,0.0
2025-03-28 09:15:00+05:30,8997.599609375,9028.900390625,8953.900390625,8974.75,0,0.0,0.0
2025-03-28 09:20:00+05:30,8972.5498046875,8974.7998046875,8920.099609375,8920.099609375,19336,0.0,0.0
2025-03-28 09:25:00+05:30,8920.4501953125,8952.0,8916.099609375,8947.150390625,23850,0.0,0.0
2025-03-28 09:30:00+05:30,8937.5,8953.5,8926.7998046875,8935.5,12750,0.0,0.0
2025-03-28 09:35:00+05:30,8931.5,8935.25,8900.2001953125,8907.900390625,14971,0.0,0.0
2025-03-28 09:40:00+05:30,8901.0,8915.0,8892.349609375,8908.900390625,11130,0.0,0.0
2025-03-28 09:45:00+05:30,8908.900390625,8919.0,8906.5498046875,8915.0,5684,0.0,0.0
2025-03-28 09:50:00+05:30,8913.099609375,8924.75,8912.849609375,8914.650390625,5626,0.0,0.0
2025-03-28 09:55:00+05:30,8913.4501953125,8913.4501953125,8885.0,8896.0498046875,15731,0.0,0.0
2025-03-28 10:00:00+05:30,8898.2998046875,8907.0,8884.400390625,8905.5,6660,0.0,0.0
2025-03-28 10:05:00+05:30,8905.5498046875,8906.599609375,8890.349609375,8890.349609375,5691,0.0,0.0
2025-03-28 10:10:00+05:30,8890.0,8890.0,8866.0,8870.0,11359,0.0,0.0
2025-03-28 10:15:00+05:30,8870.2998046875,8876.5,8864.0,8870.75,8058,0.0,0.0
2025-03-28 10:20:00+05:30,8873.0,8880.0,8861.0,8870.900390625,8044,0.0,0.0
2025-03-28 10:25:00+05:30,8870.900390625,8898.7001953125,8870.900390625,8896.5,6310,0.0,0.0
2025-03-28 10:30:00+05:30,8896.5,8934.0,8893.7001953125,8931.0,17057,0.0,0.0
2025-03-28 10:35:00+05:30,8931.0,8931.150390625,8905.0,8912.0,10121,0.0,0.0
2025-03-28 10:40:00+05:30,8911.0498046875,8921.0,8906.75,8920.0,6357,0.0,0.0
2025-03-28 10:45:00+05:30,8918.4501953125,8947.849609375,8918.400390625,8944.150390625,14859,0.0,0.0
2025-03-28 10:50:00+05:30,8948.0,8955.0,8940.099609375,8940.099609375,8208,0.0,0.0
2025-03-28 10:55:00+05:30,8940.099609375,8945.0,8925.9501953125,8933.0498046875,8780,0.0,0.0
2025-03-28 11:00:00+05:30,8933.900390625,8945.0,8933.900390625,8940.0,5975,0.0,0.0
2025-03-28 11:05:00+05:30,8938.650390625,8938.650390625,8898.599609375,8901.349609375,9557,0.0,0.0
2025-03-28 11:10:00+05:30,8900.2001953125,8913.849609375,8884.0,8884.150390625,10472,0.0,0.0
2025-03-28 11:15:00+05:30,8884.0,8889.900390625,8881.0,8885.0,5108,0.0,0.0
2025-03-28 11:20:00+05:30,8882.150390625,8900.0,8882.150390625,8885.099609375,5357,0.0,0.0
2025-03-28 11:25:00+05:30,8885.4501953125,8899.7998046875,8872.599609375,8899.7001953125,10346,0.0,0.0
2025-03-28 11:30:00+05:30,8900.0,8925.0,8895.7001953125,8906.849609375,6883,0.0,0.0
2025-03-28 11:35:00+05:30,8907.099609375,8943.0,8907.099609375,8938.849609375,8612,0.0,0.0
2025-03-28 11:40:00+05:30,8940.849609375,8949.0,8933.5,8933.5,4888,0.0,0.0
2025-03-28 11:45:00+05:30,8933.5,8943.900390625,8923.400390625,8929.150390625,7675,0.0,0.0
2025-03-28 11:50:00+05:30,8929.150390625,8945.900390625,8925.349609375,8939.9501953125,15524,0.0,0.0
2025-03-28 11:55:00+05:30,8938.2001953125,8952.849609375,8934.2001953125,8951.599609375,4876,0.0,0.0
2025-03-28 12:00:00+05:30,8953.400390625,8965.0,8952.7998046875,8955.0,6942,0.0,0.0
2025-03-28 12:05:00+05:30,8955.0,8970.0,8950.349609375,8966.4501953125,5568,0.0,0.0
2025-03-28 12:10:00+05:30,8964.2998046875,8967.9501953125,8957.099609375,8962.0498046875,2909,0.0,0.0
2025-03-28 12:15:00+05:30,8962.75,8962.75,8927.0,8927.0,5581,0.0,0.0
2025-03-28 12:20:00+05:30,8927.599609375,8941.7998046875,8926.2001953125,8935.0498046875,4672,0.0,0.0
2025-03-28 12:25:00+05:30,8934.9501953125,8943.650390625,8931.7998046875,8934.5498046875,5323,0.0,0.0
2025-03-28 12:30:00+05:30,8934.5,8935.2001953125,8901.0,8901.0498046875,10394,0.0,0.0
2025-03-28 12:35:00+05:30,8901.0498046875,8920.0,8901.0,8911.099609375,6963,0.0,0.0
2025-03-28 12:40:00+05:30,8911.099609375,8912.75,8903.0,8905.5,7382,0.0,0.0
2025-03-28 12:45:00+05:30,8903.599609375,8929.849609375,8902.0,8920.0,4753,0.0,0.0
2025-03-28 12:50:00+05:30,8918.650390625,8938.599609375,8918.650390625,8930.7998046875,5070,0.0,0.0
2025-03-28 12:55:00+05:30,8927.150390625,8932.150390625,8923.0498046875,8925.75,4610,0.0,0.0
2025-03-28 13:00:00+05:30,8926.0,8929.650390625,8905.0,8905.849609375,4998,0.0,0.0
2025-03-28 13:05:00+05:30,8904.099609375,8924.4501953125,8902.7998046875,8919.4501953125,4334,0.0,0.0
2025-03-28 13:10:00+05:30,8923.150390625,8926.650390625,8915.400390625,8920.0,4416,0.0,0.0
2025-03-28 13:15:00+05:30,8920.0,8923.599609375,8913.5,8919.0,3642,0.0,0.0
2025-03-28 13:20:00+05:30,8918.4501953125,8930.0,8915.0,8927.849609375,4793,0.0,0.0
2025-03-28 13:25:00+05:30,8927.7998046875,8935.0,8921.400390625,8926.849609375,4887,0.0,0.0
2025-03-28 13:30:00+05:30,8926.849609375,8935.0,8924.75,8934.650390625,3989,0.0,0.0
2025-03-28 13:35:00+05:30,8934.650390625,8939.7998046875,8928.0498046875,8932.7001953125,4582,0.0,0.0
2025-03-28 13:40:00+05:30,8930.0498046875,8936.650390625,8919.0,8920.599609375,4923,0.0,0.0
2025-03-28 13:45:00+05:30,8919.0498046875,8924.900390625,8895.0,8901.75,6873,0.0,0.0
2025-03-28 13:50:00+05:30,8902.400390625,8902.4501953125,8890.0,8899.599609375,19569,0.0,0.0
2025-03-28 13:55:00+05:30,8899.0,8931.849609375,8899.0,8925.599609375,12422,0.0,0.0
2025-03-28 14:00:00+05:30,8925.0,8929.849609375,8919.0,8921.4501953125,12547,0.0,0.0
2025-03-28 14:05:00+05:30,8919.0,8927.75,8915.150390625,8922.0,13491,0.0,0.0
2025-03-28 14:10:00+05:30,8922.2001953125,8945.75,8922.2001953125,8938.5,11885,0.0,0.0
2025-03-28 14:15:00+05:30,8936.0,8944.849609375,8928.2001953125,8939.0498046875,12210,0.0,0.0
2025-03-28 14:20:00+05:30,8939.0,8945.0,8927.2001953125,8933.400390625,10653,0.0,0.0
2025-03-28 14:25:00+05:30,8937.4501953125,8953.0,8933.25,8951.5,10514,0.0,0.0
2025-03-28 14:30:00+05:30,8951.5,8960.0,8940.0,8940.7001953125,15136,0.0,0.0
2025-03-28 14:35:00+05:30,8942.849609375,8955.0,8940.0,8955.0,18646,0.0,0.0
2025-03-28 14:40:00+05:30,8951.25,8980.349609375,8951.25,8972.650390625,29567,0.0,0.0
2025-03-28 14:45:00+05:30,8970.25,9002.4501953125,8970.0498046875,8971.400390625,22630,0.0,0.0
2025-03-28 14:50:00+05:30,8976.349609375,8986.9501953125,8972.0,8978.2001953125,12970,0.0,0.0
2025-03-28 14:55:00+05:30,8978.2001953125,8988.0,8973.0498046875,8983.099609375,14058,0.0,0.0
2025-03-28 15:00:00+05:30,8983.0498046875,8983.0498046875,8942.0498046875,8954.0,58781,0.0,0.0
2025-03-28 15:05:00+05:30,8953.9501953125,8953.9501953125,8946.7998046875,8953.400390625,38814,0.0,0.0
2025-03-28 15:10:00+05:30,8951.099609375,8972.2998046875,8950.400390625,8952.2998046875,35974,0.0,0.0
2025-03-28 15:15:00+05:30,8954.650390625,8954.650390625,8949.349609375,8950.0,43151,0.0,0.0
2025-03-28 15:20:00+05:30,8950.0,8950.0,8924.599609375,8925.7001953125,60495,0.0,0.0
2025-03-28 15:25:00+05:30,8929.150390625,8945.599609375,8914.849609375,8945.599609375,42264,0.0,0.0
