Date,Open,High,Low,Close,Volume,Dividends,Stock Splits
2020-03-30 00:00:00+05:30,844.7812165110275,851.5010670969107,794.8623264444668,798.3662719726562,19634222,0.0,0.0
2020-03-31 00:00:00+05:30,819.6297167993533,838.637281357104,804.4620666408429,827.4055786132812,17605546,0.0,0.0
2020-04-01 00:00:00+05:30,829.2775111385743,829.2775111385743,787.1824719013174,796.4462890625,14551752,0.0,0.0
2020-04-03 00:00:00+05:30,809.2619642334049,810.221942838664,777.5826702598553,781.278564453125,17498140,0.0,0.0
2020-04-07 00:00:00+05:30,839.0213123791779,870.9885886495065,811.5179015283973,860.23681640625,30206319,0.0,0.0
2020-04-08 00:00:00+05:30,844.7331919054711,907.1797889388013,831.4374529650282,853.3250122070312,28109676,0.0,0.0
2020-04-09 00:00:00+05:30,876.4604075120254,893.644046824648,854.3809010796305,888.0281372070312,22228573,0.0,0.0
2020-04-13 00:00:00+05:30,896.6200433091601,908.8117836679345,850.7330763657886,859.516845703125,17079028,0.0,0.0
2020-04-15 00:00:00+05:30,893.2600852060125,893.2600852060125,809.2619579029216,828.74951171875,28989376,0.0,0.0
2020-04-16 00:00:00+05:30,830.3814539431036,855.052914640017,821.9816415477253,844.5411376953125,26927198,0.0,0.0
2020-04-17 00:00:00+05:30,878.3804415276423,883.1803346507442,851.741034694427,873.8685302734375,27941731,0.0,0.0
2020-04-20 00:00:00+05:30,912.9395970600801,922.491395309323,897.5799403272082,907.0357055664062,33116493,0.0,0.0
2020-04-21 00:00:00+05:30,887.980125777517,896.6199324067036,871.6604910334977,884.7642211914062,16589003,0.0,0.0
2020-04-22 00:00:00+05:30,882.3643453801485,895.6600254289058,870.9885639210034,891.4360961914062,19144677,0.0,0.0
2020-04-23 00:00:00+05:30,897.579982769928,920.139479663076,876.0284516790492,916.7315673828125,20450611,0.0,0.0
2020-04-24 00:00:00+05:30,895.6599935415493,920.0434723225294,888.9401436435955,900.5078735351562,16642284,0.0,0.0
2020-04-27 00:00:00+05:30,907.3237456754833,919.0834828573294,889.2281149381581,892.4920654296875,13710536,0.0,0.0
2020-04-28 00:00:00+05:30,906.0277838639396,906.0277838639396,885.1002622663689,894.1240844726562,14720718,0.0,0.0
2020-04-29 00:00:00+05:30,897.5799809804679,952.9707573006389,896.7159768131351,937.9950561523438,27938889,0.0,0.0
2020-04-30 00:00:00+05:30,961.3225866869283,978.2181864906131,952.3947388960327,961.70654296875,21896567,0.0,0.0
2020-05-04 00:00:00+05:30,919.179503171183,921.5794496546587,880.7803594355722,886.0602416992188,13361162,0.0,0.0
2020-05-05 00:00:00+05:30,900.4599550920007,906.2198268729729,871.7085834001582,874.9725341796875,14836429,0.0,0.0
2020-05-06 00:00:00+05:30,882.2203656717757,911.9797033603775,869.404674329953,908.5238037109375,16892923,0.0,0.0
2020-05-07 00:00:00+05:30,902.8598311800571,905.5477594161719,884.4762184107062,887.9801635742188,10915865,0.0,0.0
2020-05-08 00:00:00+05:30,904.2998994517972,906.1718695608716,888.1722696514012,891.8681640625,10403742,0.0,0.0
2020-05-11 00:00:00+05:30,899.4998717381964,915.8195065509491,877.4203658150602,879.1483154296875,14275392,0.0,0.0
2020-05-12 00:00:00+05:30,864.9407124570823,873.0045560767894,836.2373290839598,865.4686889648438,24784209,0.0,0.0
2020-05-13 00:00:00+05:30,912.9396467494611,921.5794541319481,885.1962418287197,890.524169921875,22173483,0.0,0.0
2020-05-14 00:00:00+05:30,862.0608187971615,874.5405411182785,854.3809896764741,857.9329223632812,19777445,0.0,0.0
2020-05-15 00:00:00+05:30,854.8609066450423,856.6848893438106,839.9812389830566,852.60498046875,12174814,0.0,0.0
2020-05-18 00:00:00+05:30,852.4610165079794,852.4610165079794,798.0302169111093,803.1661376953125,23324982,0.0,0.0
2020-05-19 00:00:00+05:30,826.3975569359566,832.5894306436485,793.0383004824985,797.40625,23730346,0.0,0.0
2020-05-20 00:00:00+05:30,802.974085142694,829.4214829798716,798.8941762275731,822.797607421875,20007153,0.0,0.0
2020-05-21 00:00:00+05:30,826.9735799521446,848.6210857490879,818.1897522905017,825.1495971679688,24239454,0.0,0.0
2020-05-22 00:00:00+05:30,815.9817998302934,835.4693534489282,799.7101510446007,805.2780151367188,21023716,0.0,0.0
2020-05-26 00:00:00+05:30,822.7016446410719,836.861328723284,814.7818213408516,818.2857666015625,19002576,0.0,0.0
2020-05-27 00:00:00+05:30,825.4856166751752,873.3885133752575,822.8456755408514,867.4846801757812,28012877,0.0,0.0
2020-05-28 00:00:00+05:30,883.1802799978511,911.9796369543028,877.3724213967884,907.4197387695312,37744403,0.0,0.0
2020-05-29 00:00:00+05:30,906.2197999286036,916.7795645464157,886.4922513838161,913.5636596679688,26512583,0.0,0.0
2020-06-01 00:00:00+05:30,935.9791113494056,955.1786828642652,927.4352785883161,948.1228637695312,19595115,0.0,0.0
2020-06-02 00:00:00+05:30,947.2108559218923,964.7784518338107,936.1711024929482,960.9385375976562,20811797,0.0,0.0
2020-06-03 00:00:00+05:30,979.1781219907832,1004.3775589537813,974.8102313023517,981.3380737304688,25273044,0.0,0.0
2020-06-04 00:00:00+05:30,986.9060048635841,997.3696774131216,951.4347267828798,961.6105346679688,27137941,0.0,0.0
2020-06-05 00:00:00+05:30,962.9544243535854,1000.6816268432965,962.6664425177544,991.9937744140625,17597992,0.0,0.0
2020-06-08 00:00:00+05:30,1017.5772798543857,1023.9611607545997,966.1224521591029,975.2422485351562,24906332,0.0,0.0
2020-06-09 00:00:00+05:30,979.1781773441924,985.6580329295583,940.3470310437696,947.786865234375,30922073,0.0,0.0
2020-06-10 00:00:00+05:30,950.3787871981549,959.8345527045132,939.0510517560997,952.1547241210938,18248865,0.0,0.0
2020-06-11 00:00:00+05:30,945.5788147509236,948.8427650611503,926.3792449082652,929.8351440429688,15448857,0.0,0.0
2020-06-12 00:00:00+05:30,890.8600606556856,947.1628239175058,890.8600606556856,943.4188842773438,21322438,0.0,0.0
2020-06-15 00:00:00+05:30,929.2592048163444,935.0190759205781,905.259741882038,911.8355712890625,16004968,0.0,0.0
2020-06-16 00:00:00+05:30,935.9790635984587,954.1706683991936,913.8995574828027,950.7627563476562,22699985,0.0,0.0
2020-06-17 00:00:00+05:30,949.418873759414,958.9226857203745,934.2992101985336,940.05908203125,18478919,0.0,0.0
2020-06-18 00:00:00+05:30,940.779031074461,983.8820937922992,933.0992022493634,979.1301879882812,20435063,0.0,0.0
2020-06-19 00:00:00+05:30,977.2101404478283,1001.2575905149587,971.6422767828195,991.9937744140625,23938876,0.0,0.0
2020-06-22 00:00:00+05:30,997.8496655948396,1004.0895262240639,982.8260363122491,987.5779418945312,14847237,0.0,0.0
2020-06-23 00:00:00+05:30,997.417656416415,1003.1775273870584,975.8661274827701,1000.5856323242188,14415256,0.0,0.0
2020-06-24 00:00:00+05:30,1006.5375133006394,1015.1773202817608,988.8259558632934,991.1778564453125,19714623,0.0,0.0
2020-06-25 00:00:00+05:30,981.0021122068637,1007.0175077009607,966.6984082505885,987.5779418945312,35323395,0.0,0.0
2020-06-26 00:00:00+05:30,999.3377496609254,1020.4572794328182,986.8580275229888,1014.1693725585938,19984569,0.0,0.0
2020-06-29 00:00:00+05:30,995.4977753833749,1039.2727746633527,995.4977753833749,1032.9849853515625,23002978,0.0,0.0
2020-06-30 00:00:00+05:30,1031.0170868663977,1035.3850366688869,1014.0255113590383,1023.1932373046875,17873065,0.0,0.0
2020-07-01 00:00:00+05:30,1023.1932705290707,1052.136651674055,1018.8254377696481,1041.19287109375,17423359,0.0,0.0
2020-07-02 00:00:00+05:30,1046.664785485613,1066.7762916465206,1041.768800545438,1045.80078125,18477248,0.0,0.0
2020-07-03 00:00:00+05:30,1049.256633762221,1051.9446207775625,1027.177125457984,1030.968994140625,13798627,0.0,0.0
2020-07-06 00:00:00+05:30,1063.608292730743,1075.0801078481018,1055.9765093778333,1058.8564453125,17779108,0.0,0.0
2020-07-07 00:00:00+05:30,1065.0003193482664,1067.2081998941871,1049.3046921288994,1060.92041015625,12174925,0.0,0.0
2020-07-08 00:00:00+05:30,1062.6962048208732,1079.879843493886,1060.7762478112602,1065.912109375,15028175,0.0,0.0
2020-07-09 00:00:00+05:30,1073.2560521898217,1084.4877546992495,1062.9362824572274,1079.9278564453125,10057242,0.0,0.0
2020-07-10 00:00:00+05:30,1073.1600872568536,1075.1760188552298,1055.5445035991938,1060.872314453125,8781489,0.0,0.0
2020-07-13 00:00:00+05:30,1065.4803590368297,1068.4562695041295,1028.4252054721385,1037.0169677734375,14961057,0.0,0.0
2020-07-14 00:00:00+05:30,1020.0731861724597,1026.1210979255197,1007.9774798512215,1016.4732666015625,13306337,0.0,0.0
2020-07-15 00:00:00+05:30,1027.3690293198724,1035.816887696822,1008.0734833011442,1011.00146484375,10487197,0.0,0.0
2020-07-16 00:00:00+05:30,1011.4814964345735,1022.8572196449846,992.7138675389756,1020.0253295898438,11831228,0.0,0.0
2020-07-17 00:00:00+05:30,1016.6653417697037,1059.8163312071276,1015.9453578490467,1054.4884033203125,14202869,0.0,0.0
2020-07-20 00:00:00+05:30,1089.5757689174231,1106.7594102078133,1079.160023990742,1087.703857421875,32562048,0.0,0.0
2020-07-21 00:00:00+05:30,1105.9433532118312,1111.6071330001369,1088.61569323133,1092.983642578125,23756211,0.0,0.0
2020-07-22 00:00:00+05:30,1092.93561377466,1098.6954852570034,1072.8241093894317,1081.2718505859375,12359006,0.0,0.0
2020-07-23 00:00:00+05:30,1079.9758823667255,1098.1195006274631,1071.5760699483178,1085.1597900390625,10074561,0.0,0.0
2020-07-24 00:00:00+05:30,1077.9599772180209,1077.9599772180209,1057.1764174025955,1074.31201171875,9799220,0.0,0.0
2020-07-27 00:00:00+05:30,1055.8322912547503,1058.8562468563644,1032.3128188631085,1036.2967529296875,18985047,0.0,0.0
2020-07-28 00:00:00+05:30,1035.816906892364,1050.6006007335511,1017.0973242376826,1043.1607666015625,17798225,0.0,0.0
2020-07-29 00:00:00+05:30,1037.7367741010041,1044.9366129592443,1013.3053677826605,1021.9931030273438,16796043,0.0,0.0
2020-07-30 00:00:00+05:30,1031.0170398835821,1040.2808570215627,1004.8095766326969,1008.6015625,13478133,0.0,0.0
2020-07-31 00:00:00+05:30,1015.3693782195746,1015.3693782195746,979.2262169537785,991.4660034179688,18863348,0.0,0.0
2020-08-03 00:00:00+05:30,984.890000223013,985.8499788253786,953.2587521490223,961.8985595703125,15891771,0.0,0.0
2020-08-04 00:00:00+05:30,967.6584276678483,1018.5853392122193,962.8585346734641,999.9617309570312,30153084,0.0,0.0
2020-08-05 00:00:00+05:30,1006.009494449141,1013.5454199632453,979.178140321157,986.426025390625,16610680,0.0,0.0
2020-08-06 00:00:00+05:30,995.4977478513067,1012.7773616037884,985.177978526908,999.0496215820312,16823444,0.0,0.0
2020-08-07 00:00:00+05:30,993.4338012551518,1005.2895131759059,979.7541066116163,1002.0736083984375,12418392,0.0,0.0
2020-08-10 00:00:00+05:30,1002.2176812276161,1021.4172536649269,1002.0257323771992,1008.6015625,11086427,0.0,0.0
2020-08-11 00:00:00+05:30,1006.537546877162,1028.1370650504916,1006.537546877162,1023.961181640625,10068074,0.0,0.0
2020-08-12 00:00:00+05:30,1022.3771693962357,1023.337147959049,1006.0575338284084,1021.129150390625,10333216,0.0,0.0
2020-08-13 00:00:00+05:30,1025.2090597029166,1028.473010254797,1014.2173520281502,1016.6653442382812,9946370,0.0,0.0
2020-08-14 00:00:00+05:30,1023.2412645184525,1023.2412645184525,986.1861121361753,993.0498657226562,10462256,0.0,0.0
2020-08-17 00:00:00+05:30,1005.0976028830224,1005.0976028830224,979.3701878992524,991.4179077148438,9780506,0.0,0.0
2020-08-18 00:00:00+05:30,986.857897908779,1019.1611978677681,981.0980269093114,1014.21728515625,12020412,0.0,0.0
2020-08-19 00:00:00+05:30,1022.3772046561596,1026.9851487905366,1013.9773919418485,1023.9131469726562,8857812,0.0,0.0
2020-08-20 00:00:00+05:30,1012.7292886710567,1026.1689878962618,1009.8973989225536,1016.6172485351562,9608367,0.0,0.0
2020-08-21 00:00:00+05:30,1022.7611189383134,1045.2246393104597,1021.9930892631608,1042.20068359375,14462151,0.0,0.0
2020-08-24 00:00:00+05:30,1042.536853201126,1078.0080187818457,1042.2008840979395,1072.34423828125,18389870,0.0,0.0
2020-08-25 00:00:00+05:30,1074.2160013396447,1081.8958297674526,1061.928228981199,1074.887939453125,13800869,0.0,0.0
2020-08-26 00:00:00+05:30,1076.1358581681409,1086.4556266563723,1065.0961058318933,1073.6878662109375,12595031,0.0,0.0
2020-08-27 00:00:00+05:30,1080.7438164636771,1084.6797047830696,1061.976190361198,1067.592041015625,10322998,0.0,0.0
2020-08-28 00:00:00+05:30,1067.4481259322638,1079.9758931669542,1051.1765360158354,1069.8961181640625,19348305,0.0,0.0
2020-08-31 00:00:00+05:30,1084.2958705040553,1102.8235050723267,1056.6484388841782,1071.192138671875,19250583,0.0,0.0
2020-09-01 00:00:00+05:30,1082.8558981301467,1097.8315413694363,1063.6563254682646,1082.1839599609375,14438942,0.0,0.0
2020-09-02 00:00:00+05:30,1079.1118127172551,1093.4155158612832,1075.8478623672613,1088.7596435546875,9880841,0.0,0.0
2020-09-03 00:00:00+05:30,1091.7356108907138,1100.0873774392708,1082.8558092633327,1085.6397705078125,9916681,0.0,0.0
2020-09-04 00:00:00+05:30,1065.5761810108638,1080.3598739861889,1060.200324615713,1074.5040283203125,11830685,0.0,0.0
2020-09-07 00:00:00+05:30,1071.6240746644316,1074.6959590714346,1055.0163993028198,1066.05615234375,8807733,0.0,0.0
2020-09-08 00:00:00+05:30,1069.4161142256444,1074.0240581806415,1058.856350081585,1067.9281005859375,7312459,0.0,0.0
2020-09-09 00:00:00+05:30,1056.9364810218237,1065.5762887685962,1047.5766892961535,1052.6165771484375,7864436,0.0,0.0
2020-09-10 00:00:00+05:30,1058.856349256631,1060.6322861515898,1040.6167566583754,1046.9046630859375,7594044,0.0,0.0
2020-09-11 00:00:00+05:30,1052.568506075972,1060.6323498830345,1028.137097185802,1035.48095703125,10397365,0.0,0.0
2020-09-14 00:00:00+05:30,1044.4567177963165,1050.216589401811,1010.2334572366932,1015.6093139648438,10825295,0.0,0.0
2020-09-15 00:00:00+05:30,1025.2572797466137,1033.0811298033836,1015.7534669187235,1027.6572265625,8252555,0.0,0.0
2020-09-16 00:00:00+05:30,1027.3691662940737,1052.136663831214,1025.5932291214847,1049.8807373046875,9355056,0.0,0.0
2020-09-17 00:00:00+05:30,1040.6166808477465,1050.216465726416,1034.856809920545,1040.232666015625,9159343,0.0,0.0
2020-09-18 00:00:00+05:30,1048.2966228792984,1048.4885717238196,1005.2895350667058,1014.9854125976562,11740889,0.0,0.0
2020-09-21 00:00:00+05:30,1012.777372867376,1028.4729987634628,999.8176624088835,1007.3055419921875,9921439,0.0,0.0
2020-09-22 00:00:00+05:30,1011.8654771228687,1015.8013658950092,988.2979559235873,993.9618530273438,9310339,0.0,0.0
2020-09-23 00:00:00+05:30,1004.1376731655826,1012.7774810608887,992.9538983974574,1005.337646484375,8039914,0.0,0.0
2020-09-24 00:00:00+05:30,996.4578013341252,1005.0976088601436,983.9780793520986,989.1619873046875,9904755,0.0,0.0
2020-09-25 00:00:00+05:30,1007.9774001549031,1009.8493113098132,984.6019476930472,1002.217529296875,10160772,0.0,0.0
2020-09-28 00:00:00+05:30,1006.9693902709528,1016.6172209699715,1000.9215960945205,1012.00927734375,8076211,0.0,0.0
2020-09-29 00:00:00+05:30,1015.6573799947383,1027.081149010107,1008.9375296545085,1020.0253295898438,6322223,0.0,0.0
2020-09-30 00:00:00+05:30,1017.5772833775337,1043.4007303266385,1009.897454823741,1035.432861328125,9406921,0.0,0.0
2020-10-01 00:00:00+05:30,1046.4725784676716,1065.5761747675983,1046.4725784676716,1062.648193359375,10601540,0.0,0.0
2020-10-05 00:00:00+05:30,1067.4961490367525,1086.6957200625934,1066.5361704854606,1069.7520751953125,8470063,0.0,0.0
2020-10-06 00:00:00+05:30,1089.6237871762696,1102.0554635188366,1081.1278825815434,1098.3115234375,9685995,0.0,0.0
2020-10-07 00:00:00+05:30,1099.0796227018586,1118.2311506425856,1092.0717314094927,1115.7352294921875,10624389,0.0,0.0
2020-10-08 00:00:00+05:30,1132.7748656028243,1154.8543756950828,1116.7911968164485,1144.1026611328125,17530337,0.0,0.0
2020-10-09 00:00:00+05:30,1152.934290539504,1187.4935198978906,1143.958514129234,1184.181640625,22486194,0.0,0.0
2020-10-12 00:00:00+05:30,1182.2616425928575,1193.0133555922766,1157.350128646748,1165.0780029296875,9610273,0.0,0.0
2020-10-13 00:00:00+05:30,1164.8379551851585,1173.5256904472674,1147.1743270472052,1150.4862060546875,9176976,0.0,0.0
2020-10-14 00:00:00+05:30,1147.702426761401,1165.7020249571183,1128.4548095501607,1163.0140380859375,11291459,0.0,0.0
2020-10-15 00:00:00+05:30,1165.6059464051577,1168.2939333064398,1117.4150685034476,1122.4549560546875,14123448,0.0,0.0
2020-10-16 00:00:00+05:30,1132.7747788184822,1155.3342765322402,1126.0549284356607,1151.350341796875,12911424,0.0,0.0
2020-10-19 00:00:00+05:30,1185.5736051853432,1185.5736051853432,1144.8704879347144,1155.38232421875,21179778,0.0,0.0
2020-10-20 00:00:00+05:30,1159.174218413863,1178.2778169617616,1157.6382760127776,1174.9658203125,13705989,0.0,0.0
2020-10-21 00:00:00+05:30,1181.3496655172396,1200.933252788661,1172.805832368176,1196.8052978515625,17820376,0.0,0.0
2020-10-22 00:00:00+05:30,1190.3254143118838,1199.973246084357,1174.053823968935,1183.941650390625,10956530,0.0,0.0
2020-10-23 00:00:00+05:30,1193.7333407812223,1198.4851877849267,1181.9255576052112,1186.341552734375,7933115,0.0,0.0
2020-10-26 00:00:00+05:30,1180.581729331265,1192.2934213790688,1156.390198296699,1162.4381103515625,9785988,0.0,0.0
2020-10-27 00:00:00+05:30,1176.933687536226,1186.5334729158035,1149.9102682557386,1183.74951171875,12158890,0.0,0.0
2020-10-28 00:00:00+05:30,1178.8536927329915,1182.693607041568,1153.414260438672,1161.1900634765625,8285593,0.0,0.0
2020-10-29 00:00:00+05:30,1152.550259848006,1156.2461539444682,1131.3347566644616,1139.6865234375,11530012,0.0,0.0
2020-10-30 00:00:00+05:30,1135.222638673442,1151.302278783916,1129.270701575355,1136.1826171875,5761358,0.0,0.0
2020-11-02 00:00:00+05:30,1146.550317179627,1175.9736821328238,1130.374702621551,1166.6138916015625,10963040,0.0,0.0
2020-11-03 00:00:00+05:30,1177.365829055763,1200.6933583261455,1176.4538961652538,1198.00537109375,14082115,0.0,0.0
2020-11-04 00:00:00+05:30,1201.8932404172524,1214.18101371081,1180.7737106335628,1207.0771484375,11702411,0.0,0.0
2020-11-05 00:00:00+05:30,1215.3329005280802,1224.9326864722198,1202.2291692773522,1218.40478515625,10716964,0.0,0.0
2020-11-06 00:00:00+05:30,1215.5729025522044,1257.5719663126458,1214.8529186020253,1255.3160400390625,17852862,0.0,0.0
2020-11-09 00:00:00+05:30,1262.5638617653117,1292.0832049759697,1262.5638617653117,1286.8994140625,13144220,0.0,0.0
2020-11-10 00:00:00+05:30,1302.690907796164,1339.1700931287023,1297.4590715105824,1337.8741455078125,20758678,0.0,0.0
2020-11-11 00:00:00+05:30,1343.8741234170427,1358.1778286096487,1315.650727925336,1334.322265625,18058097,0.0,0.0
2020-11-12 00:00:00+05:30,1322.274560691963,1332.9783456291534,1305.5709094429938,1316.8026123046875,13526974,0.0,0.0
2020-11-13 00:00:00+05:30,1314.018731141456,1314.018731141456,1293.0911511603776,1304.4189453125,11236240,0.0,0.0
2020-11-14 00:00:00+05:30,1313.0588247697915,1319.9225782670565,1310.5627865690856,1314.8826904296875,917533,0.0,0.0
2020-11-17 00:00:00+05:30,1330.3384860795693,1356.0658440921345,1325.346526690937,1352.0819091796875,15529950,0.0,0.0
2020-11-18 00:00:00+05:30,1346.8499463174833,1362.2096035812608,1343.0580778044423,1352.32177734375,9431388,0.0,0.0
2020-11-19 00:00:00+05:30,1334.082205602469,1343.4419968967377,1313.2507169804617,1319.3465576171875,10133441,0.0,0.0
2020-11-20 00:00:00+05:30,1317.7145427465916,1352.0337749363841,1310.4187294103526,1347.473876953125,10202681,0.0,0.0
2020-11-23 00:00:00+05:30,1358.3695958436222,1366.6734334177336,1320.3064243676365,1338.7860107421875,12623318,0.0,0.0
2020-11-24 00:00:00+05:30,1351.6498077447684,1387.169014340334,1345.9379822067317,1380.64111328125,20077200,0.0,0.0
2020-11-25 00:00:00+05:30,1393.2170450251504,1405.7927417533897,1341.0901580770462,1346.6580810546875,12076301,0.0,0.0
2020-11-26 00:00:00+05:30,1358.369692884909,1374.689328771159,1331.4902926016741,1369.553466796875,13971563,0.0,0.0
2020-11-27 00:00:00+05:30,1374.4974444044904,1388.1290940279034,1358.8977917226416,1383.1851806640625,8997290,0.0,0.0
2020-12-01 00:00:00+05:30,1383.1850233547973,1391.00887170856,1368.4493765497257,1375.937255859375,8573787,0.0,0.0
2020-12-02 00:00:00+05:30,1373.7295020863746,1374.4975319104872,1338.9783204659059,1350.6419677734375,8946075,0.0,0.0
2020-12-03 00:00:00+05:30,1371.809459332733,1374.6893952165667,1319.0586806011377,1322.08251953125,18966611,0.0,0.0
2020-12-04 00:00:00+05:30,1325.7303623918417,1345.3618766409259,1318.3385745153107,1330.146240234375,13456161,0.0,0.0
2020-12-07 00:00:00+05:30,1319.9705074210922,1324.7223543738553,1303.746846474722,1317.33056640625,12158159,0.0,0.0
2020-12-08 00:00:00+05:30,1319.9704868887284,1333.2182375583634,1310.5147217469014,1321.218505859375,9728948,0.0,0.0
2020-12-09 00:00:00+05:30,1321.8905291581675,1353.6178686891142,1320.0186177664302,1350.8818359375,11034537,0.0,0.0
2020-12-10 00:00:00+05:30,1342.0499931162858,1345.88990725968,1320.6904706936555,1330.38623046875,9863983,0.0,0.0
2020-12-11 00:00:00+05:30,1334.4182184491199,1339.1700653554612,1318.0505374430454,1327.4583740234375,10678192,0.0,0.0
2020-12-14 00:00:00+05:30,1327.650363195092,1332.4502560482917,1313.2506846354922,1317.234619140625,8611025,0.0,0.0
2020-12-15 00:00:00+05:30,1325.5385107341078,1339.1221143092132,1311.3307804410254,1335.6182861328125,10780718,0.0,0.0
2020-12-16 00:00:00+05:30,1347.8098897810696,1360.097662145904,1338.690093518306,1354.24169921875,8416046,0.0,0.0
2020-12-17 00:00:00+05:30,1361.825594530201,1387.1690525606741,1348.2899199456517,1384.09716796875,10962239,0.0,0.0
2020-12-18 00:00:00+05:30,1377.5692391283383,1382.0810915044917,1350.0179012197248,1354.86572265625,11497959,0.0,0.0
2020-12-21 00:00:00+05:30,1360.7696147775287,1366.8654552233295,1312.002656841354,1317.714599609375,11880912,0.0,0.0
2020-12-22 00:00:00+05:30,1329.3783033869684,1329.3783033869684,1291.1711113590468,1318.146484375,11425779,0.0,0.0
2020-12-23 00:00:00+05:30,1312.770633999818,1325.682298297565,1306.578819382509,1320.594482421875,7733697,0.0,0.0
2020-12-24 00:00:00+05:30,1333.7943684473034,1347.8100333917487,1321.8906096726766,1341.1861572265625,7476094,0.0,0.0
2020-12-28 00:00:00+05:30,1348.769855920136,1364.1295126423581,1347.809877374997,1356.3056640625,5849597,0.0,0.0
2020-12-29 00:00:00+05:30,1364.177646213893,1377.3293062545129,1363.169621802689,1370.0814208984375,7247673,0.0,0.0
2020-12-30 00:00:00+05:30,1382.2731764300643,1382.2731764300643,1356.4497292723331,1375.1693115234375,8108363,0.0,0.0
2020-12-31 00:00:00+05:30,1377.5692417328664,1386.209048823874,1368.0175018784282,1378.8172607421875,11072875,0.0,0.0
2021-01-01 00:00:00+05:30,1382.3692116076652,1385.2491474651813,1363.7456029587506,1368.017578125,4405469,0.0,0.0
2021-01-04 00:00:00+05:30,1380.4492413364562,1380.4492413364562,1343.010075542213,1359.3297119140625,7870096,0.0,0.0
2021-01-05 00:00:00+05:30,1362.401479402867,1373.4892782698407,1352.6097452959677,1369.601318359375,7193412,0.0,0.0
2021-01-06 00:00:00+05:30,1377.5691522646532,1382.3690447812548,1356.5455996049632,1363.697509765625,11067025,0.0,0.0
2021-01-07 00:00:00+05:30,1375.1693545120118,1375.2653289357331,1356.017828176533,1359.5697021484375,9947421,0.0,0.0
2021-01-08 00:00:00+05:30,1374.6893626295257,1384.2891486814078,1366.145529606373,1374.3533935546875,6884382,0.0,0.0
2021-01-11 00:00:00+05:30,1391.9689177999035,1406.2726218404791,1378.8172583470578,1393.36083984375,8665696,0.0,0.0
2021-01-12 00:00:00+05:30,1394.320836257363,1428.160081071559,1391.104931463771,1421.728271484375,10194078,0.0,0.0
2021-01-13 00:00:00+05:30,1433.1521271608428,1436.99204169959,1403.584738338534,1411.7926025390625,8467325,0.0,0.0
2021-01-14 00:00:00+05:30,1412.2726001033682,1428.4482167553192,1397.7289002659575,1409.9686279296875,6148583,0.0,0.0
2021-01-15 00:00:00+05:30,1410.304537414113,1412.7525297173584,1387.1690765977985,1407.95263671875,7082618,0.0,0.0
2021-01-18 00:00:00+05:30,1411.0724708476012,1442.7037166753162,1408.288509661465,1423.744140625,21412816,0.0,0.0
2021-01-19 00:00:00+05:30,1432.0961463465092,1451.1516984387779,1408.288629793696,1443.663818359375,8680127,0.0,0.0
2021-01-20 00:00:00+05:30,1440.9278934263991,1440.9278934263991,1426.528214278234,1432.2880859375,6673026,0.0,0.0
2021-01-21 00:00:00+05:30,1432.2880743400563,1434.5440006180245,1409.3926081168393,1415.7764892578125,13166527,0.0,0.0
2021-01-22 00:00:00+05:30,1409.152554149682,1409.152554149682,1382.513149062634,1385.777099609375,7696182,0.0,0.0
2021-01-25 00:00:00+05:30,1406.4646393744972,1421.7283227245885,1396.9128990701208,1404.3046875,10172359,0.0,0.0
2021-01-27 00:00:00+05:30,1409.248563859549,1412.9925037808941,1349.8739117687924,1353.185791015625,11778138,0.0,0.0
2021-01-28 00:00:00+05:30,1334.2742977930525,1345.2180774194392,1288.2912987882955,1316.5626220703125,21352223,0.0,0.0
2021-01-29 00:00:00+05:30,1335.6660559402444,1352.3697051947086,1309.890656779542,1334.85009765625,14352251,0.0,0.0
2021-02-01 00:00:00+05:30,1353.8097422276735,1423.168192059937,1344.929940692055,1417.6483154296875,13185272,0.0,0.0
2021-02-02 00:00:00+05:30,1440.9278337669211,1515.3261729520887,1437.4719343514257,1498.0946044921875,21210103,0.0,0.0
2021-02-03 00:00:00+05:30,1515.8061550937844,1518.3980503469704,1480.2869481663176,1511.7742919921875,10118627,0.0,0.0
2021-02-04 00:00:00+05:30,1503.3264040849763,1524.4459321117129,1481.6788409836188,1515.902099609375,12242342,0.0,0.0
2021-02-05 00:00:00+05:30,1486.0468294306515,1553.485324112501,1486.0468294306515,1533.6617431640625,13527358,0.0,0.0
2021-02-08 00:00:00+05:30,1555.1652992865208,1566.3490731782435,1531.837772923269,1541.005615234375,8723790,0.0,0.0
2021-02-09 00:00:00+05:30,1545.5654937510767,1562.8451079669273,1523.1979462532722,1547.3414306640625,9210683,0.0,0.0
2021-02-10 00:00:00+05:30,1543.9814504685703,1550.2213109345048,1504.2863615568692,1518.446044921875,9894003,0.0,0.0
2021-02-11 00:00:00+05:30,1518.6861804230846,1533.8538895288261,1501.598514072813,1509.42236328125,6824309,0.0,0.0
2021-02-12 00:00:00+05:30,1510.9104257462334,1528.766005259221,1510.0464215213528,1518.63818359375,4955053,0.0,0.0
2021-02-15 00:00:00+05:30,1536.061599607387,1559.965088086425,1532.7976492168768,1551.9012451171875,5177622,0.0,0.0
2021-02-16 00:00:00+05:30,1556.3173623792811,1575.3249867903812,1544.0776344197582,1561.54931640625,6948679,0.0,0.0
2021-02-17 00:00:00+05:30,1555.165263120962,1556.8932713983827,1519.646056494125,1523.0059814453125,6397213,0.0,0.0
2021-02-18 00:00:00+05:30,1541.6775255675457,1541.6775255675457,1486.0468147448178,1492.0947265625,7360280,0.0,0.0
2021-02-19 00:00:00+05:30,1483.1669489805413,1501.59849137547,1471.6472056874884,1477.5030517578125,8569754,0.0,0.0
2021-02-22 00:00:00+05:30,1483.2149849997627,1510.9103442137864,1477.8390110838936,1486.046875,14725919,0.0,0.0
2021-02-23 00:00:00+05:30,1491.566743976932,1495.3586125583006,1461.7114330694637,1467.9512939453125,9119953,0.0,0.0
2021-02-24 00:00:00+05:30,1465.4073496976225,1549.3574323559676,1455.5675689348313,1542.1575927734375,7157166,0.0,0.0
2021-02-25 00:00:00+05:30,1545.3255239566404,1570.764956405686,1537.8856899385235,1542.109619140625,10054785,0.0,0.0
2021-02-26 00:00:00+05:30,1523.5339822174199,1525.3099190717928,1460.1273530496296,1472.9910888671875,13956423,0.0,0.0
2021-03-01 00:00:00+05:30,1501.4064873999932,1509.6143510688767,1479.0389397866406,1496.5106201171875,6768009,0.0,0.0
2021-03-02 00:00:00+05:30,1512.6381938049321,1523.9659878642708,1488.9267698755805,1505.4383544921875,8055019,0.0,0.0
2021-03-03 00:00:00+05:30,1520.6062472522929,1532.125991549659,1502.366652114797,1523.3421630859375,5611205,0.0,0.0
2021-03-04 00:00:00+05:30,1486.5748893949585,1508.1263618226712,1477.5030214269777,1489.934814453125,8145719,0.0,0.0
2021-03-05 00:00:00+05:30,1469.727312634038,1483.742977482139,1460.2235005653956,1468.767333984375,8722911,0.0,0.0
2021-03-08 00:00:00+05:30,1480.2868948783007,1492.766615781944,1451.967528212341,1458.6873779296875,7558525,0.0,0.0
2021-03-09 00:00:00+05:30,1483.16692734375,1503.0384373604204,1476.6870718359376,1499.966552734375,7533348,0.0,0.0
2021-03-10 00:00:00+05:30,1509.086469799534,1511.9664058106018,1490.0309166299478,1493.48681640625,5527508,0.0,0.0
2021-03-12 00:00:00+05:30,1535.965763836353,1535.965763836353,1473.6152004845765,1489.8387451171875,7815602,0.0,0.0
2021-03-15 00:00:00+05:30,1486.430890867255,1486.430890867255,1454.6556225760341,1467.4713134765625,6115193,0.0,0.0
2021-03-16 00:00:00+05:30,1469.631313242624,1478.751110259512,1449.5677363684924,1451.6317138671875,6861183,0.0,0.0
2021-03-17 00:00:00+05:30,1463.2474343070523,1477.407119172415,1430.560114913394,1435.5040283203125,10532214,0.0,0.0
2021-03-18 00:00:00+05:30,1451.2475576317606,1461.1353834662598,1421.8722377490528,1431.3280029296875,9032770,0.0,0.0
2021-03-19 00:00:00+05:30,1425.5682603329767,1450.719653472976,1415.056541246902,1437.5679931640625,10617510,0.0,0.0
2021-03-22 00:00:00+05:30,1435.0721114412681,1435.0721114412681,1401.9528479212013,1410.3526611328125,7007816,0.0,0.0
2021-03-23 00:00:00+05:30,1411.168440265862,1447.1195893701122,1410.3044361511725,1440.11181640625,9880714,0.0,0.0
2021-03-24 00:00:00+05:30,1431.2320500781527,1446.1596462869566,1412.128453410135,1419.6163330078125,8184450,0.0,0.0
2021-03-25 00:00:00+05:30,1430.5599457618725,1435.6959245994285,1392.2088507046728,1404.7845458984375,11982178,0.0,0.0
2021-03-26 00:00:00+05:30,1434.2081064245506,1439.0079996856769,1415.0085333800453,1431.6162109375,6010629,0.0,0.0
2021-03-30 00:00:00+05:30,1446.351754762073,1500.0145809608546,1441.455887428295,1491.5186767578125,12803822,0.0,0.0
2021-03-31 00:00:00+05:30,1486.0468841852564,1486.0468841852564,1428.4481677439676,1433.8720703125,15387253,0.0,0.0
2021-04-01 00:00:00+05:30,1439.3917984390773,1439.3917984390773,1406.3685143244493,1427.248046875,17881881,0.0,0.0
2021-04-05 00:00:00+05:30,1420.7684585667027,1425.5683520078067,1373.7295028438864,1391.5850830078125,8003293,0.0,0.0
2021-04-06 00:00:00+05:30,1401.568707554027,1404.1126741930711,1375.3133171885363,1382.609130859375,7537867,0.0,0.0
2021-04-07 00:00:00+05:30,1381.697268542753,1398.4008027091309,1364.657648112946,1389.281005859375,12544090,0.0,0.0
2021-04-08 00:00:00+05:30,1394.8489184833088,1402.432772929246,1373.249399786905,1375.4573974609375,8806796,0.0,0.0
2021-04-09 00:00:00+05:30,1368.9295185291014,1375.45742004962,1358.4657280851336,1364.849609375,14078908,0.0,0.0
2021-04-12 00:00:00+05:30,1337.2502664107124,1343.0101383406939,1298.8511202108355,1312.3388671875,11274564,0.0,0.0
2021-04-13 00:00:00+05:30,1313.2507455106568,1350.1618763888098,1306.5308952046812,1344.3060302734375,9300341,0.0,0.0
2021-04-15 00:00:00+05:30,1348.769917302718,1379.2011916945971,1335.3302170591323,1372.8653564453125,17222492,0.0,0.0
2021-04-16 00:00:00+05:30,1377.5211832690613,1387.1690146392946,1366.5294756671528,1371.473388671875,7803263,0.0,0.0
2021-04-19 00:00:00+05:30,1334.3702355177413,1360.9615954954716,1317.3786614070455,1355.873779296875,12034621,0.0,0.0
2021-04-20 00:00:00+05:30,1367.9694905814868,1369.3134840442985,1328.5623225928866,1335.7142333984375,11593135,0.0,0.0
2021-04-22 00:00:00+05:30,1324.770488933436,1369.6975349973081,1316.1787272016277,1365.569580078125,19242656,0.0,0.0
2021-04-23 00:00:00+05:30,1352.6097978914806,1377.185225714988,1344.161939646736,1357.5537109375,11356764,0.0,0.0
2021-04-26 00:00:00+05:30,1356.449780685328,1371.8094384991748,1346.6099998983327,1348.5780029296875,15085476,0.0,0.0
2021-04-27 00:00:00+05:30,1350.929934612157,1384.2891921909616,1348.5780338294787,1381.1212158203125,10296453,0.0,0.0
2021-04-28 00:00:00+05:30,1378.769351632087,1419.8084393830159,1373.7294636626746,1417.696533203125,12051970,0.0,0.0
2021-04-29 00:00:00+05:30,1426.7201413257214,1443.4718381230516,1402.5287276004085,1413.5684814453125,12039276,0.0,0.0
2021-04-30 00:00:00+05:30,1387.1690855712602,1395.6169441774143,1351.1698878488226,1355.77783203125,17616451,0.0,0.0
2021-05-03 00:00:00+05:30,1337.250180846512,1364.993585637735,1322.1785638013782,1357.8416748046875,11236850,0.0,0.0
2021-05-04 00:00:00+05:30,1353.521769034849,1366.0495365354998,1327.9384333037206,1332.7862548828125,10743164,0.0,0.0
2021-05-05 00:00:00+05:30,1344.9300000809392,1353.1857924902833,1326.4023664821011,1346.4659423828125,7210806,0.0,0.0
2021-05-06 00:00:00+05:30,1351.2657938350358,1354.337795529363,1339.1700874498842,1344.833984375,5738522,0.0,0.0
2021-05-07 00:00:00+05:30,1356.4016304269321,1367.9213729002047,1353.8097352443979,1358.129638671875,6024167,0.0,0.0
2021-05-10 00:00:00+05:30,1369.889505409103,1372.7694412999422,1356.257855733088,1363.025634765625,5530025,0.0,0.0
2021-05-11 00:00:00+05:30,1340.1301662340943,1367.2015167009697,1339.2182334103986,1347.3780517578125,7259517,0.0,0.0
2021-05-12 00:00:00+05:30,1343.7301069656924,1352.2258945282824,1333.2663163089057,1343.4901123046875,6887463,0.0,0.0
2021-05-14 00:00:00+05:30,1338.5461530604048,1342.9141026152247,1327.0264097262573,1331.3463134765625,5302071,0.0,0.0
2021-05-17 00:00:00+05:30,1339.3141209328678,1384.8650570544203,1326.0184412194176,1382.609130859375,7560346,0.0,0.0
2021-05-18 00:00:00+05:30,1400.5607217664644,1423.4082591600682,1396.768853197032,1417.600341796875,11082640,0.0,0.0
2021-05-19 00:00:00+05:30,1411.3604410356272,1419.6642790695416,1394.4169130915166,1399.8406982421875,5065458,0.0,0.0
2021-05-20 00:00:00+05:30,1399.9847806030314,1407.2326659728913,1371.329442569447,1375.4573974609375,5342092,0.0,0.0
2021-05-21 00:00:00+05:30,1385.2490927272902,1441.7918545992204,1385.2490927272902,1437.3759765625,9670823,0.0,0.0
2021-05-24 00:00:00+05:30,1443.0877219873705,1459.5993057924031,1438.527823980093,1449.51953125,11073051,0.0,0.0
2021-05-25 00:00:00+05:30,1450.0476245501857,1453.167554890992,1411.6484818941067,1419.76025390625,9618487,0.0,0.0
2021-05-26 00:00:00+05:30,1420.7682912900618,1427.4881413164337,1411.168505538102,1417.9364013671875,6141995,0.0,0.0
2021-05-27 00:00:00+05:30,1414.1444136057742,1429.4080963659333,1403.9206183579865,1423.312255859375,10219748,0.0,0.0
2021-05-28 00:00:00+05:30,1431.2321239882651,1452.4476276974297,1419.5683605139286,1443.27978515625,8875010,0.0,0.0
2021-05-31 00:00:00+05:30,1439.9678349935652,1458.6874168484817,1427.9681030352856,1455.1834716796875,7830527,0.0,0.0
2021-06-01 00:00:00+05:30,1459.4556173324413,1465.887427540685,1446.9278488282234,1451.19970703125,5515081,0.0,0.0
2021-06-02 00:00:00+05:30,1449.5677331153381,1449.759681967622,1433.2480963849007,1443.807861328125,5312008,0.0,0.0
2021-06-03 00:00:00+05:30,1447.6477779278127,1463.9193688760554,1428.2082106181058,1459.695556640625,5143630,0.0,0.0
2021-06-04 00:00:00+05:30,1455.3274848236574,1459.7914085274083,1439.1997982761973,1440.8797607421875,4712238,0.0,0.0
2021-06-07 00:00:00+05:30,1449.567658581738,1453.4075729091069,1436.127958435947,1439.8238525390625,4045834,0.0,0.0
2021-06-08 00:00:00+05:30,1436.655999975514,1441.2158982597227,1422.2082753800144,1423.6962890625,4936270,0.0,0.0
2021-06-09 00:00:00+05:30,1424.5121737083873,1441.887761781562,1413.1364514881652,1421.0562744140625,5111721,0.0,0.0
2021-06-10 00:00:00+05:30,1422.7842744170475,1429.4081502628999,1414.6725020366569,1421.7763671875,5741770,0.0,0.0
2021-06-11 00:00:00+05:30,1431.3280595661415,1436.6559875471323,1421.7763195905427,1426.8641357421875,3602987,0.0,0.0
2021-06-14 00:00:00+05:30,1419.0883069764202,1426.5281408198616,1404.0166904514017,1420.240234375,4440982,0.0,0.0
2021-06-15 00:00:00+05:30,1426.5281233945122,1436.1279088816893,1415.7764105228264,1430.6080322265625,3784801,0.0,0.0
2021-06-16 00:00:00+05:30,1428.4481547739106,1434.2080263657408,1418.944343210413,1425.1842041015625,3851049,0.0,0.0
2021-06-17 00:00:00+05:30,1407.3285861266809,1419.5683129159818,1401.5687146964215,1407.424560546875,4641901,0.0,0.0
2021-06-18 00:00:00+05:30,1410.688589305097,1430.3681511157497,1396.7688992439032,1420.576416015625,5969030,0.0,0.0
2021-06-21 00:00:00+05:30,1402.864845333535,1432.0962669662404,1400.6089188327103,1429.1202392578125,3630236,0.0,0.0
2021-06-22 00:00:00+05:30,1437.088053267343,1447.6478185218123,1420.7684160558902,1424.4163818359375,7183412,0.0,0.0
2021-06-23 00:00:00+05:30,1430.3682439361748,1437.8561245703368,1419.4244634650524,1426.04833984375,3922434,0.0,0.0
2021-06-24 00:00:00+05:30,1430.3681211099586,1452.8795725179016,1428.4481639004148,1445.9677734375,7392512,0.0,0.0
2021-06-25 00:00:00+05:30,1450.6237084630618,1461.0874991409314,1446.6878194516319,1454.463623046875,5191588,0.0,0.0
2021-06-28 00:00:00+05:30,1459.167416278022,1462.0473519680445,1444.76773782791,1447.983642578125,4678393,0.0,0.0
2021-06-29 00:00:00+05:30,1452.949049045437,1454.10596206075,1438.6316914436215,1448.1766357421875,5485846,6.5,0.0
2021-06-30 00:00:00+05:30,1444.2718048387567,1454.8772720304964,1440.5116611141816,1444.1754150390625,4839511,0.0,0.0
2021-07-01 00:00:00+05:30,1448.12832691378,1448.12832691378,1429.8097928183329,1433.42529296875,8455721,0.0,0.0
2021-07-02 00:00:00+05:30,1431.7380906616954,1435.8356575878317,1424.0250235066158,1427.3031005859375,7413518,0.0,0.0
2021-07-05 00:00:00+05:30,1436.5104987716406,1450.5386866868134,1431.304272614153,1441.813232421875,3686941,0.0,0.0
2021-07-06 00:00:00+05:30,1443.3076155269432,1484.7653493062744,1442.343482183238,1479.6553955078125,8834516,0.0,0.0
2021-07-07 00:00:00+05:30,1478.9805916528803,1489.9234818793052,1472.9065043365424,1484.2833251953125,4814595,0.0,0.0
2021-07-08 00:00:00+05:30,1470.3034801581243,1482.5479276373676,1459.1676919692793,1465.9166259765625,4210461,0.0,0.0
2021-07-09 00:00:00+05:30,1458.2999498472511,1461.6261628375707,1443.789695810859,1448.1282958984375,5347921,0.0,0.0
2021-07-12 00:00:00+05:30,1448.1283829976987,1448.1283829976987,1430.7739816035853,1433.6663818359375,7229489,0.0,0.0
2021-07-13 00:00:00+05:30,1442.4398758369923,1452.0812092998317,1430.870275681585,1447.983642578125,9089071,0.0,0.0
2021-07-14 00:00:00+05:30,1443.7897715803642,1453.2864620653677,1437.6192942602386,1445.380615234375,4894247,0.0,0.0
2021-07-15 00:00:00+05:30,1451.020866502579,1471.9907693905732,1445.8627759972803,1466.15771484375,5219401,0.0,0.0
2021-07-16 00:00:00+05:30,1473.1475364224857,1475.0758031635432,1464.3258102357977,1467.7484130859375,2585314,0.0,0.0
2021-07-19 00:00:00+05:30,1433.6663688073588,1435.4499920626872,1413.4195673648878,1418.240234375,12555800,0.0,0.0
2021-07-20 00:00:00+05:30,1390.2803831915742,1401.8499841612684,1384.6402262572617,1391.38916015625,12087125,0.0,0.0
2021-07-22 00:00:00+05:30,1403.8746008343621,1415.8298783678456,1393.1727437804134,1396.739990234375,6603557,0.0,0.0
2021-07-23 00:00:00+05:30,1399.4397077571994,1405.1762547287035,1383.8207928873062,1391.0035400390625,6563342,0.0,0.0
2021-07-26 00:00:00+05:30,1378.7106803925242,1392.20854719357,1376.878803502542,1383.0975341796875,6583583,0.0,0.0
2021-07-27 00:00:00+05:30,1384.5918517210332,1397.896938752302,1384.5918517210332,1388.1109619140625,11200715,0.0,0.0
2021-07-28 00:00:00+05:30,1383.5796763648116,1387.0986691049272,1353.6432873560725,1366.46630859375,10335171,0.0,0.0
2021-07-29 00:00:00+05:30,1377.0234132709902,1378.6623928369552,1362.609667224479,1367.382080078125,6851115,0.0,0.0
2021-07-30 00:00:00+05:30,1368.1052175187015,1380.3979176761104,1357.4514969721233,1375.2879638671875,5827744,0.0,0.0
2021-08-02 00:00:00+05:30,1383.5314134663377,1383.5314134663377,1365.4539124193036,1371.6243896484375,6629393,0.0,0.0
2021-08-03 00:00:00+05:30,1359.4280188430896,1388.2556294477483,1359.4280188430896,1383.2420654296875,6016560,0.0,0.0
2021-08-04 00:00:00+05:30,1389.3162617344697,1421.6147313861732,1388.3521283120308,1412.7447509765625,11026974,0.0,0.0
2021-08-05 00:00:00+05:30,1414.4800167957212,1452.9972148128713,1405.127970360691,1431.5933837890625,9411204,0.0,0.0
2021-08-06 00:00:00+05:30,1430.3401789682098,1446.2001266132413,1421.132657751945,1439.11376953125,6669635,0.0,0.0
2021-08-09 00:00:00+05:30,1438.4871154904943,1453.2865404928166,1423.060980203733,1449.9603271484375,5499024,0.0,0.0
2021-08-10 00:00:00+05:30,1435.594572893177,1465.2416737101448,1435.594572893177,1453.57568359375,7419173,0.0,0.0
2021-08-11 00:00:00+05:30,1460.5657086697513,1464.3739885163318,1437.5711506579746,1441.3311767578125,6292893,0.0,0.0
2021-08-12 00:00:00+05:30,1443.3075944985917,1453.5273842545591,1435.883814937045,1447.5498046875,4298837,0.0,0.0
2021-08-13 00:00:00+05:30,1447.357112560783,1476.0883369339092,1447.1643329443486,1471.46044921875,8329214,0.0,0.0
2021-08-16 00:00:00+05:30,1471.412168222759,1479.9447250207857,1466.8806707621814,1475.7025146484375,3126389,0.0,0.0
2021-08-17 00:00:00+05:30,1462.7830543593213,1469.3392081391275,1451.3099617827475,1460.3245849609375,4141333,0.0,0.0
2021-08-18 00:00:00+05:30,1500.8663451427549,1509.2061221935323,1454.2505210137829,1458.7337646484375,11492966,0.0,0.0
2021-08-20 00:00:00+05:30,1432.7504398978413,1465.2899410974705,1432.7504398978413,1460.4210205078125,6575203,0.0,0.0
2021-08-23 00:00:00+05:30,1474.9794248440437,1478.161112068375,1454.5398443065876,1469.917724609375,5421527,0.0,0.0
2021-08-24 00:00:00+05:30,1475.1239861178838,1508.3865858048557,1472.665399064198,1502.939208984375,9190657,0.0,0.0
2021-08-25 00:00:00+05:30,1496.43130608035,1508.675869889423,1492.478382997128,1501.541259765625,3863987,0.0,0.0
2021-08-26 00:00:00+05:30,1494.4066588458343,1514.6534587398746,1488.0915384687275,1499.0345458984375,5559501,0.0,0.0
2021-08-27 00:00:00+05:30,1496.33507424811,1502.746585056981,1489.8271736352397,1492.912353515625,3191069,0.0,0.0
2021-08-30 00:00:00+05:30,1499.8057651903173,1513.6893085009665,1495.9492319202511,1512.0020751953125,4524583,0.0,0.0
2021-08-31 00:00:00+05:30,1507.4225310500046,1526.5605549956615,1506.1691105863138,1524.6805419921875,6031288,0.0,0.0
2021-09-01 00:00:00+05:30,1518.5099675811362,1540.6850337743845,1518.0279009247613,1522.462890625,6211279,0.0,0.0
2021-09-02 00:00:00+05:30,1517.6423237285032,1534.9003346985132,1514.894567145125,1532.0079345703125,4809262,0.0,0.0
2021-09-03 00:00:00+05:30,1529.2119307932496,1540.6851415560157,1512.0504272409673,1519.5224609375,5367667,0.0,0.0
2021-09-06 00:00:00+05:30,1523.2824797038759,1524.2466130794767,1505.928078943059,1509.5435791015625,3938448,0.0,0.0
2021-09-07 00:00:00+05:30,1506.4582867247864,1525.2588861431118,1499.4200665323867,1512.9661865234375,3622748,0.0,0.0
2021-09-08 00:00:00+05:30,1515.5693991828518,1523.8127865475483,1509.4471758407979,1519.85986328125,3362040,0.0,0.0
2021-09-09 00:00:00+05:30,1517.5460659016273,1522.800546181319,1505.0123309227702,1512.3397216796875,4125474,0.0,0.0
2021-09-13 00:00:00+05:30,1505.976426081447,1527.187361660059,1497.9259354343424,1499.7578125,4479582,0.0,0.0
2021-09-14 00:00:00+05:30,1504.048069159958,1508.386669359458,1491.1286583608126,1493.0087890625,4879253,0.0,0.0
2021-09-15 00:00:00+05:30,1479.9447124410858,1499.0346001083556,1479.9447124410858,1491.321533203125,7411499,0.0,0.0
2021-09-16 00:00:00+05:30,1482.5960427995376,1508.1938300397994,1481.1980965341015,1503.999755859375,5130275,0.0,0.0
2021-09-17 00:00:00+05:30,1512.7253087403237,1532.0079767931002,1503.276754317637,1525.4036865234375,10249051,0.0,0.0
2021-09-20 00:00:00+05:30,1507.904497088069,1524.9696096010548,1502.1196972271173,1503.9033203125,4390805,0.0,0.0
2021-09-21 00:00:00+05:30,1505.9763306525765,1512.3878411300668,1474.1116755552218,1496.2867431640625,7387498,0.0,0.0
2021-09-22 00:00:00+05:30,1493.442694922903,1494.551471914617,1475.1241596075156,1478.69140625,5291101,0.0,0.0
2021-09-23 00:00:00+05:30,1486.6937176552547,1515.6177199442675,1486.6937176552547,1513.689453125,6832152,0.0,0.0
2021-09-24 00:00:00+05:30,1522.366654679785,1550.2782698277713,1518.5101210390508,1544.10791015625,10403351,0.0,0.0
2021-09-27 00:00:00+05:30,1557.7502331681035,1576.8401209015162,1550.3264533229215,1566.8131103515625,8207731,0.0,0.0
2021-09-28 00:00:00+05:30,1573.4656708859611,1573.4656708859611,1525.2590020475432,1557.1236572265625,6386895,0.0,0.0
2021-09-29 00:00:00+05:30,1539.720881326455,1548.9765374754168,1528.295925250765,1536.683837890625,8131518,0.0,0.0
2021-09-30 00:00:00+05:30,1529.115560052442,1548.7356510455975,1526.3195496766068,1537.7445068359375,7987674,0.0,0.0
2021-10-01 00:00:00+05:30,1526.2231249785007,1532.0079251995185,1509.10975765799,1525.933837890625,5564298,0.0,0.0
2021-10-04 00:00:00+05:30,1532.0079452127345,1543.9149689514632,1526.8016014073937,1528.87451171875,3525514,0.0,0.0
2021-10-05 00:00:00+05:30,1534.9003493975406,1540.2030830166905,1519.7152485790662,1538.2265625,5128589,0.0,0.0
2021-10-06 00:00:00+05:30,1538.756859661322,1568.5003506094708,1530.079659324886,1556.97900390625,9300415,0.0,0.0
2021-10-07 00:00:00+05:30,1568.259340364975,1569.3198635499693,1549.3623495590462,1552.73681640625,5632862,0.0,0.0
2021-10-08 00:00:00+05:30,1554.1829582336202,1563.8242917214218,1542.758001588987,1545.1683349609375,3622781,0.0,0.0
2021-10-11 00:00:00+05:30,1542.517026577095,1585.999418712815,1541.6492829919703,1575.201171875,6540424,0.0,0.0
2021-10-12 00:00:00+05:30,1566.716743386341,1582.6731979111933,1566.716743386341,1571.1517333984375,4088473,0.0,0.0
2021-10-13 00:00:00+05:30,1578.2863980658178,1588.8918656154353,1571.5374641706064,1580.600341796875,3112822,0.0,0.0
2021-10-14 00:00:00+05:30,1579.2504503847558,1629.3853853176054,1579.2504503847558,1626.878662109375,7378644,0.0,0.0
2021-10-18 00:00:00+05:30,1643.8474722610333,1663.1301405573504,1607.2586562455986,1610.39208984375,14428228,0.0,0.0
2021-10-19 00:00:00+05:30,1615.3571909873995,1631.7474581079296,1611.066844612085,1628.1319580078125,4493770,0.0,0.0
2021-10-20 00:00:00+05:30,1628.5176086993238,1637.821519012405,1604.7516982183627,1613.8145751953125,5454284,0.0,0.0
2021-10-21 00:00:00+05:30,1611.8381578015767,1621.6240170059018,1601.2808271597623,1616.1767578125,4869095,0.0,0.0
2021-10-22 00:00:00+05:30,1619.840452856461,1646.7397974420833,1610.8258293772603,1620.4671630859375,6087777,0.0,0.0
2021-10-25 00:00:00+05:30,1629.3853704513522,1629.3853704513522,1555.9184558545708,1597.5689697265625,8213383,0.0,0.0
2021-10-26 00:00:00+05:30,1590.8201906327995,1613.8147498498959,1587.3010800060158,1593.4715576171875,6045328,0.0,0.0
2021-10-27 00:00:00+05:30,1593.4714983513672,1605.3303864082102,1578.575684197198,1583.87841796875,6624821,0.0,0.0
2021-10-28 00:00:00+05:30,1590.8201415405908,1590.8201415405908,1530.2243796875946,1536.4429931640625,8898875,0.0,0.0
2021-10-29 00:00:00+05:30,1532.9720683902242,1544.541668906377,1504.0480670998427,1526.0784912109375,6203437,0.0,0.0
2021-11-01 00:00:00+05:30,1528.151433643651,1553.2189019557866,1526.753487295377,1547.723388671875,4061160,0.0,0.0
2021-11-02 00:00:00+05:30,1548.3982378418198,1563.8243722163336,1542.6616911981234,1549.121337890625,6618861,0.0,0.0
2021-11-03 00:00:00+05:30,1547.5305388333466,1552.1584263558686,1519.04046670478,1524.728759765625,5103669,0.0,0.0
2021-11-04 00:00:00+05:30,1537.79266051027,1540.5404169608582,1533.0683836574383,1536.7802734375,548404,0.0,0.0
2021-11-08 00:00:00+05:30,1534.996781343148,1547.1448387930568,1514.1232694398796,1542.8544921875,9471790,0.0,0.0
2021-11-09 00:00:00+05:30,1537.4071229767073,1537.4071229767073,1512.7735847913323,1515.8587646484375,6347738,0.0,0.0
2021-11-10 00:00:00+05:30,1511.7612070004823,1512.7253404233143,1494.4068053895073,1499.468505859375,6857063,0.0,0.0
2021-11-11 00:00:00+05:30,1494.4549335434733,1499.1309567128214,1480.523136139139,1492.7677001953125,3999702,0.0,0.0
2021-11-12 00:00:00+05:30,1494.406794089313,1503.1322485767903,1489.6343807592095,1497.2991943359375,7457046,0.0,0.0
2021-11-15 00:00:00+05:30,1506.0727519403206,1515.4730525362604,1498.6489718798402,1501.396728515625,4766797,0.0,0.0
2021-11-16 00:00:00+05:30,1499.2273268588754,1501.3483731062258,1486.30791670959,1492.4783935546875,4122703,0.0,0.0
2021-11-17 00:00:00+05:30,1481.776453107877,1488.6217758183725,1473.6777100637191,1475.895263671875,3799439,0.0,0.0
2021-11-18 00:00:00+05:30,1471.315854087742,1488.1399352061512,1470.5445002741706,1484.18701171875,4576437,0.0,0.0
2021-11-22 00:00:00+05:30,1490.550223715692,1497.0098703638955,1445.2842080477237,1460.99951171875,7630636,0.0,0.0
2021-11-23 00:00:00+05:30,1448.128328511091,1473.0030166502236,1442.6809514067081,1461.1923828125,5617607,0.0,0.0
2021-11-24 00:00:00+05:30,1469.3393299670486,1481.2463541485124,1459.746249528671,1463.602783203125,15401143,0.0,0.0
2021-11-25 00:00:00+05:30,1460.4692455829413,1478.305712557039,1452.948958376498,1471.21923828125,5125826,0.0,0.0
2021-11-26 00:00:00+05:30,1446.2001263225752,1452.6597731433224,1431.7381250593494,1436.46240234375,9312468,0.0,0.0
2021-11-29 00:00:00+05:30,1441.1865385097428,1453.5756281737085,1409.5629184338572,1447.4051513671875,6495498,0.0,0.0
2021-11-30 00:00:00+05:30,1441.379391625546,1474.1599262845887,1433.2325117062267,1439.9814453125,12610771,0.0,0.0
2021-12-01 00:00:00+05:30,1441.379438724014,1452.9972933169772,1435.6910281030111,1450.683349609375,4338817,0.0,0.0
2021-12-02 00:00:00+05:30,1450.5387755157556,1473.967265427435,1446.2001749907834,1471.026611328125,5601555,0.0,0.0
2021-12-03 00:00:00+05:30,1471.0747943508409,1480.8606542441348,1452.9972930325896,1459.26416015625,4062347,0.0,0.0
2021-12-06 00:00:00+05:30,1458.73374921768,1464.3257696887285,1443.645038848299,1449.86376953125,3514766,0.0,0.0
2021-12-07 00:00:00+05:30,1459.6495829797911,1477.052236366281,1455.7449136751263,1470.9781494140625,6213767,0.0,0.0
2021-12-08 00:00:00+05:30,1480.9088139979401,1499.2756012483708,1478.9805473130468,1498.0704345703125,7647767,0.0,0.0
2021-12-09 00:00:00+05:30,1489.778736681195,1498.938003084056,1467.4108910689238,1472.0869140625,5873872,0.0,0.0
2021-12-10 00:00:00+05:30,1470.2069740215861,1473.1957638784772,1454.3469097441769,1467.9412841796875,3889692,0.0,0.0
2021-12-13 00:00:00+05:30,1471.2676758803234,1482.4998543492793,1453.1419195593587,1456.9503173828125,5161071,0.0,0.0
2021-12-14 00:00:00+05:30,1448.6103875343574,1461.6261880213551,1443.3559077479129,1448.5621337890625,4595550,0.0,0.0
2021-12-15 00:00:00+05:30,1449.092473388672,1468.712564177245,1442.006116568198,1446.2000732421875,5057574,0.0,0.0
2021-12-16 00:00:00+05:30,1458.5409506412743,1462.5902635558389,1440.415196936337,1446.29638671875,6605216,0.0,0.0
2021-12-17 00:00:00+05:30,1443.3076214036266,1451.9848215323057,1415.0584672412144,1420.2166748046875,7497384,0.0,0.0
2021-12-20 00:00:00+05:30,1399.9217380024274,1405.7065385726853,1363.3810575285509,1374.516845703125,10578334,0.0,0.0
2021-12-21 00:00:00+05:30,1387.8699706110103,1398.7164709023432,1378.710703698329,1390.0875244140625,4559375,0.0,0.0
2021-12-22 00:00:00+05:30,1400.2110421644525,1403.7782888160718,1384.2063329047887,1393.3656005859375,4288742,0.0,0.0
2021-12-23 00:00:00+05:30,1401.126775232972,1405.5136290032822,1385.3149649312224,1392.304931640625,4889583,0.0,0.0
2021-12-24 00:00:00+05:30,1393.654760491841,1399.9216272806318,1376.7824268297122,1387.29150390625,2780512,0.0,0.0
2021-12-27 00:00:00+05:30,1377.650225709999,1401.8499502816755,1371.1423253218275,1398.7647705078125,2352549,0.0,0.0
2021-12-28 00:00:00+05:30,1408.3096204353408,1414.287318173587,1401.271517179944,1408.4061279296875,2725339,0.0,0.0
2021-12-29 00:00:00+05:30,1403.8264863642146,1408.5988996249266,1395.4867089026286,1401.705322265625,3834351,0.0,0.0
2021-12-30 00:00:00+05:30,1406.1885324818118,1414.2390226535283,1393.1727318726212,1409.0809326171875,3607959,0.0,0.0
2021-12-31 00:00:00+05:30,1409.0808570995966,1431.5452106905627,1409.0808570995966,1426.3388671875,3162868,0.0,0.0
2022-01-03 00:00:00+05:30,1431.738019674394,1468.3750868445131,1427.3994196147746,1465.145263671875,4534592,0.0,0.0
2022-01-04 00:00:00+05:30,1465.4826870273973,1477.9200307386075,1453.7203072741327,1473.72607421875,4428676,0.0,0.0
2022-01-05 00:00:00+05:30,1481.6802499529533,1515.6176984131132,1473.2922187930617,1508.72412109375,7166319,0.0,0.0
2022-01-06 00:00:00+05:30,1487.6577253086184,1498.9862919141765,1475.1722457861238,1484.5242919921875,4814465,0.0,0.0
2022-01-07 00:00:00+05:30,1488.6218912044978,1510.5559248993827,1480.8124346141815,1494.93701171875,5589692,0.0,0.0
2022-01-10 00:00:00+05:30,1502.1197387492575,1515.617605464591,1490.0680720391383,1503.228515625,4428248,0.0,0.0
2022-01-11 00:00:00+05:30,1505.5424936226334,1512.4359529849164,1492.2856599381503,1509.7364501953125,4194599,0.0,0.0
2022-01-12 00:00:00+05:30,1511.761127540243,1520.1009047478028,1496.3349935857507,1500.8182373046875,10542765,0.0,0.0
2022-01-13 00:00:00+05:30,1499.2274019730653,1499.2274019730653,1465.8684106508551,1473.19580078125,20981948,0.0,0.0
2022-01-14 00:00:00+05:30,1475.1241895456494,1493.1534381188228,1464.5187215162362,1489.7308349609375,5604484,0.0,0.0
2022-01-17 00:00:00+05:30,1475.1239661531076,1500.1914322445982,1464.6631432648771,1466.9288330078125,11494686,0.0,0.0
2022-01-18 00:00:00+05:30,1478.0165012241755,1495.2745126111943,1468.375167230541,1474.4010009765625,6170576,0.0,0.0
2022-01-19 00:00:00+05:30,1478.9806023598733,1484.524369285277,1459.071224558924,1463.98828125,7158813,0.0,0.0
2022-01-20 00:00:00+05:30,1473.6296671306045,1473.677920878052,1446.2965084270206,1454.8773193359375,7598923,0.0,0.0
2022-01-21 00:00:00+05:30,1446.2001322588856,1474.9313552965893,1432.3165874507868,1467.025390625,5768847,0.0,0.0
2022-01-24 00:00:00+05:30,1455.7930936908997,1466.6878475399176,1414.9139341152497,1433.328857421875,5934254,0.0,0.0
2022-01-25 00:00:00+05:30,1406.3331662690825,1441.379390794469,1392.2085888342563,1434.6787109375,6797124,0.0,0.0
2022-01-27 00:00:00+05:30,1397.993381495499,1431.7380493247008,1383.5313809972697,1422.0484619140625,14308919,0.0,0.0
2022-01-28 00:00:00+05:30,1424.5070893381999,1433.377069484326,1407.6347549467152,1410.7681884765625,12462604,0.0,0.0
2022-01-31 00:00:00+05:30,1419.9274832522024,1438.0532384839375,1414.1909365246831,1432.4129638671875,6421273,0.0,0.0
2022-02-01 00:00:00+05:30,1454.3952736609288,1462.590407784971,1420.602349990256,1443.3077392578125,7369742,0.0,0.0
2022-02-02 00:00:00+05:30,1457.7213174886651,1479.9446374602485,1451.5990944812308,1476.2808837890625,6984645,0.0,0.0
2022-02-03 00:00:00+05:30,1473.9189227072213,1484.7171696185042,1454.8772882192623,1460.99951171875,5282381,0.0,0.0
2022-02-04 00:00:00+05:30,1473.5814436999422,1477.8717900539732,1459.794289643067,1469.3392333984375,5789979,0.0,0.0
2022-02-07 00:00:00+05:30,1457.865920478781,1464.5184637008886,1407.6345997388396,1415.4923095703125,6134021,0.0,0.0
2022-02-08 00:00:00+05:30,1423.4466457726053,1425.4230487252169,1392.739019000698,1409.41845703125,6990565,0.0,0.0
2022-02-09 00:00:00+05:30,1421.132584451734,1445.9107649328535,1414.3836508756401,1443.8861083984375,5654171,0.0,0.0
2022-02-10 00:00:00+05:30,1459.697923395935,1480.4267908682023,1447.7908998049288,1470.3997802734375,7157265,0.0,0.0
2022-02-11 00:00:00+05:30,1446.4410447638838,1470.3033449524567,1445.7179447581696,1464.3739013671875,5355552,0.0,0.0
2022-02-14 00:00:00+05:30,1436.5588057204152,1445.669819525506,1416.6012908654222,1420.8433837890625,7328310,0.0,0.0
2022-02-15 00:00:00+05:30,1423.0608718898732,1470.2070178100032,1420.2167254896829,1463.3616943359375,6567533,0.0,0.0
2022-02-16 00:00:00+05:30,1479.3179886881892,1479.703665568336,1452.9489649854909,1461.3851318359375,5016132,0.0,0.0
2022-02-17 00:00:00+05:30,1458.8300530308313,1467.4108628235977,1448.1281970834716,1452.466796875,3675604,0.0,0.0
2022-02-18 00:00:00+05:30,1444.5610526437017,1462.5902993025118,1436.9925116545069,1458.1070556640625,3898064,0.0,0.0
2022-02-21 00:00:00+05:30,1450.05665502958,1475.798970113185,1441.909774756008,1467.5074462890625,3734033,0.0,0.0
2022-02-22 00:00:00+05:30,1436.3659420671015,1467.5073793107624,1434.5822011784999,1456.5162353515625,4768098,0.0,0.0
2022-02-23 00:00:00+05:30,1470.3998527402484,1470.9783092528264,1442.0061706475742,1447.06787109375,4514781,0.0,0.0
2022-02-24 00:00:00+05:30,1397.896910702495,1422.0483795199546,1356.6802116706551,1368.4908447265625,11815383,0.0,0.0
2022-02-25 00:00:00+05:30,1388.3038556899469,1413.323188277337,1381.458532022107,1403.8746337890625,9159327,0.0,0.0
2022-02-28 00:00:00+05:30,1374.854181501972,1386.9541023360546,1363.332834841806,1375.09521484375,12440416,0.0,0.0
2022-03-02 00:00:00+05:30,1336.7709613180343,1348.2441723354843,1305.822302665096,1324.9603271484375,19252780,0.0,0.0
2022-03-03 00:00:00+05:30,1331.4682383909442,1342.0737058944203,1314.0174472190924,1321.826904296875,8763961,0.0,0.0
2022-03-04 00:00:00+05:30,1311.2215356865167,1336.2890062217002,1288.9500757879034,1317.4884033203125,10609682,0.0,0.0
2022-03-07 00:00:00+05:30,1271.209848239554,1284.563071874534,1250.5292345315943,1277.283935546875,13527229,0.0,0.0
2022-03-08 00:00:00+05:30,1255.4944820993376,1286.153971679468,1245.6603683732178,1280.1763916015625,19606246,0.0,0.0
2022-03-09 00:00:00+05:30,1282.2974439884545,1325.394160630638,1271.5473328557018,1321.9715576171875,11567347,0.0,0.0
2022-03-10 00:00:00+05:30,1375.8183577558696,1375.8183577558696,1330.7451214383593,1342.74853515625,11136603,0.0,0.0
2022-03-11 00:00:00+05:30,1338.2171173544164,1358.4156643759886,1323.4658297188578,1346.7015380859375,7575390,0.0,0.0
2022-03-14 00:00:00+05:30,1364.2486272326246,1397.9932929238907,1364.2486272326246,1390.810546875,12509063,0.0,0.0
2022-03-15 00:00:00+05:30,1391.7265038222408,1397.5113039766804,1361.1152696716651,1372.9259033203125,9433964,0.0,0.0
2022-03-16 00:00:00+05:30,1395.1009399198954,1402.814006622977,1384.688252793912,1396.209716796875,6682054,0.0,0.0
2022-03-17 00:00:00+05:30,1419.2043772273987,1436.3659989745022,1417.8064308619835,1426.9656982421875,7411977,0.0,0.0
2022-03-21 00:00:00+05:30,1433.6662707696087,1440.0777809930355,1419.9756244739176,1433.1842041015625,6128938,0.0,0.0
2022-03-22 00:00:00+05:30,1428.1708459288266,1444.2718265579538,1404.9351369420326,1440.5599365234375,5230907,0.0,0.0
2022-03-23 00:00:00+05:30,1452.9489135020121,1464.3257337568862,1420.746837069794,1426.1942138671875,15594128,0.0,0.0
2022-03-24 00:00:00+05:30,1413.4195963527068,1416.9387068806752,1383.097647314055,1390.9071044921875,10080022,0.0,0.0
2022-03-25 00:00:00+05:30,1398.9575488104222,1399.9216822003675,1368.1052803321772,1379.5784912109375,8183231,0.0,0.0
2022-03-28 00:00:00+05:30,1379.5785233686158,1386.4238470583766,1351.3293673079152,1381.410400390625,7877443,0.0,0.0
2022-03-29 00:00:00+05:30,1389.3161943021637,1407.8757617832994,1378.710727170086,1399.7288818359375,6188724,0.0,0.0
2022-03-30 00:00:00+05:30,1419.2042716304434,1429.5687050000272,1401.8981253134034,1423.9766845703125,10054871,0.0,0.0
2022-03-31 00:00:00+05:30,1418.240235640912,1431.448816183583,1413.323178824622,1417.613525390625,7147857,0.0,0.0
2022-04-01 00:00:00+05:30,1423.4465389092209,1455.8413967826611,1417.5653488579817,1451.98486328125,7284278,0.0,0.0
2022-04-04 00:00:00+05:30,1523.330846934236,1660.3341862751604,1506.5067653534682,1597.3763427734375,48725485,0.0,0.0
2022-04-05 00:00:00+05:30,1606.9210537397046,1606.9210537397046,1544.5416712714227,1550.5675048828125,15461291,0.0,0.0
2022-04-06 00:00:00+05:30,1530.754487030331,1532.7792612379096,1491.8517295325123,1495.2261962890625,13513930,0.0,0.0
2022-04-07 00:00:00+05:30,1486.0187637333386,1486.0668997850944,1459.4085894008042,1462.3492431640625,20390866,0.0,0.0
2022-04-08 00:00:00+05:30,1457.8659978704957,1471.026441481807,1443.5968950733559,1460.3245849609375,20628161,0.0,0.0
2022-04-11 00:00:00+05:30,1451.9848492970361,1455.8413827613044,1439.6921488796806,1442.4881591796875,10399533,0.0,0.0
2022-04-12 00:00:00+05:30,1430.7739602731629,1452.8043848427294,1427.0620702353956,1439.9332275390625,13717701,0.0,0.0
2022-04-13 00:00:00+05:30,1436.5588161524956,1448.417704463334,1410.1897902803253,1412.4072265625,14446260,0.0,0.0
2022-04-18 00:00:00+05:30,1367.9606473816375,1380.3016019453555,1340.1936761513696,1345.39990234375,22810188,0.0,0.0
2022-04-19 00:00:00+05:30,1331.3718479958043,1339.7116255218752,1279.4050337134895,1294.059814453125,37048011,0.0,0.0
2022-04-20 00:00:00+05:30,1305.8703559255493,1311.1249532463569,1287.4554326609446,1305.725830078125,24662868,0.0,0.0
2022-04-21 00:00:00+05:30,1316.0421386175549,1330.3113605306758,1304.7618245062324,1325.0567626953125,26223135,0.0,0.0
2022-04-22 00:00:00+05:30,1311.2213361908857,1326.0207593513933,1300.760513039833,1306.9791259765625,10329574,0.0,0.0
2022-04-25 00:00:00+05:30,1301.5800362953048,1321.489413722234,1274.8253355492348,1316.76513671875,10467744,0.0,0.0
2022-04-26 00:00:00+05:30,1322.790979653258,1332.384059579021,1308.4736226903215,1322.8392333984375,8508421,0.0,0.0
2022-04-27 00:00:00+05:30,1311.2213683294008,1329.5399021516498,1307.4612246906324,1323.3212890625,9027167,0.0,0.0
2022-04-28 00:00:00+05:30,1322.7910168852882,1329.539950644907,1313.246072743986,1322.164306640625,10386861,0.0,0.0
2022-04-29 00:00:00+05:30,1330.8416416449109,1354.3665223793078,1322.3573375337373,1334.939208984375,14200738,0.0,0.0
2022-05-02 00:00:00+05:30,1313.1980604752587,1356.0054930606238,1313.1980604752587,1353.3541259765625,9747158,0.0,0.0
2022-05-04 00:00:00+05:30,1349.7867370425424,1353.2575936850963,1301.5800678624516,1307.3648681640625,14527958,0.0,0.0
2022-05-05 00:00:00+05:30,1325.6833821963473,1325.6833821963473,1298.2055811835503,1304.4241943359375,8931456,0.0,0.0
2022-05-06 00:00:00+05:30,1282.2973177420067,1287.1179843500595,1265.9070512746277,1270.342041015625,13365634,0.0,0.0
2022-05-09 00:00:00+05:30,1253.3733294698004,1278.9228627243772,1249.0347294831743,1272.5113525390625,16381217,0.0,0.0
2022-05-10 00:00:00+05:30,1267.883702918024,1304.4725191841674,1267.883702918024,1292.951171875,10056906,0.0,0.0
2022-05-11 00:00:00+05:30,1304.472434928041,1306.4007016463381,1280.9958111711849,1300.230224609375,8551462,0.0,0.0
2022-05-12 00:00:00+05:30,1288.526141577364,1294.0856703921356,1261.1190158569148,1270.9212646484375,11191145,15.5,0.0
2022-05-13 00:00:00+05:30,1277.7486361043464,1285.5025683117808,1255.2669236853276,1259.5096435546875,8384119,0.0,0.0
2022-05-16 00:00:00+05:30,1266.9709618375703,1279.6504248890624,1253.6088060921059,1272.9205322265625,4902178,0.0,0.0
2022-05-17 00:00:00+05:30,1280.2356917503284,1284.5272264175762,1266.1907233213678,1281.6011962890625,8320722,0.0,0.0
2022-05-18 00:00:00+05:30,1291.4034210068767,1300.425347069933,1277.699799200425,1281.503662109375,7866192,0.0,0.0
2022-05-19 00:00:00+05:30,1254.486658743345,1264.4352330601694,1246.7815409764069,1255.3157958984375,10268753,0.0,0.0
2022-05-20 00:00:00+05:30,1270.872395095489,1291.5496266547434,1260.4849645237891,1288.3797607421875,6959675,0.0,0.0
2022-05-23 00:00:00+05:30,1281.601212203137,1297.1578916220533,1267.0685719056341,1271.8477783203125,9743160,0.0,0.0
2022-05-24 00:00:00+05:30,1267.9463680991792,1292.3299521010865,1264.9228274950365,1286.4290771484375,6435398,0.0,0.0
2022-05-25 00:00:00+05:30,1297.2066192459165,1303.0098643920414,1290.57423702709,1296.0362548828125,6443556,0.0,0.0
2022-05-26 00:00:00+05:30,1309.0571011752174,1337.1957330140767,1306.9600891603668,1333.001708984375,13496214,0.0,0.0
2022-05-27 00:00:00+05:30,1337.9761030954342,1360.3113713623588,1336.9519449170502,1357.726806640625,12015859,0.0,0.0
2022-05-30 00:00:00+05:30,1375.477993442145,1385.4752630275248,1363.9688940025926,1366.9925537109375,6312337,0.0,0.0
2022-05-31 00:00:00+05:30,1361.4818328520912,1370.1624126498975,1345.9738494700166,1354.703125,6742694,0.0,0.0
2022-06-01 00:00:00+05:30,1345.973816733588,1365.9195405240403,1345.144798702041,1360.4576416015625,6045948,0.0,0.0
2022-06-02 00:00:00+05:30,1353.045132240197,1353.7766397905161,1344.6083880144222,1350.9481201171875,5737510,0.0,0.0
2022-06-03 00:00:00+05:30,1363.8226598686447,1366.2122034623642,1342.365106075197,1346.2664794921875,3478622,0.0,0.0
2022-06-06 00:00:00+05:30,1342.3651431117003,1352.8012696659005,1327.100995384486,1344.4620361328125,3086633,0.0,0.0
2022-06-07 00:00:00+05:30,1328.417747443453,1340.4145192185647,1320.7125105588148,1329.0029296875,5126983,0.0,0.0
2022-06-08 00:00:00+05:30,1339.4391201040828,1346.9492165548195,1323.5409752823246,1333.6845703125,2993294,0.0,0.0
2022-06-09 00:00:00+05:30,1328.6614618064423,1347.9733075174465,1323.6872345961733,1343.73046875,3655908,0.0,0.0
2022-06-10 00:00:00+05:30,1326.56446710699,1334.2208885957675,1310.4713018249042,1317.786376953125,4577715,0.0,0.0
2022-06-13 00:00:00+05:30,1290.9644727923248,1297.206694230793,1276.0417905280578,1293.8905029296875,5446286,0.0,0.0
2022-06-14 00:00:00+05:30,1278.9190051613784,1293.305319995415,1272.8231090452614,1279.6505126953125,5935178,0.0,0.0
2022-06-15 00:00:00+05:30,1269.5557263524674,1283.356858904197,1266.3858603875337,1275.212646484375,5905235,0.0,0.0
2022-06-16 00:00:00+05:30,1277.699826893195,1287.9897471690804,1246.4888387553458,1249.70751953125,6084596,0.0,0.0
2022-06-17 00:00:00+05:30,1243.5627821411913,1266.971022746202,1240.2465909100545,1257.9490966796875,7361961,0.0,0.0
2022-06-20 00:00:00+05:30,1272.5304792968775,1292.329997831236,1262.2406779202408,1289.55029296875,7968420,0.0,0.0
2022-06-21 00:00:00+05:30,1303.936561207502,1320.61490884388,1291.4034228492533,1303.59521484375,6610342,0.0,0.0
2022-06-22 00:00:00+05:30,1299.4012483289605,1303.9853146977498,1290.5743429097797,1297.4505615234375,4079849,0.0,0.0
2022-06-23 00:00:00+05:30,1297.694365803527,1314.762874936606,1285.9902452551298,1302.229736328125,7686122,0.0,0.0
2022-06-24 00:00:00+05:30,1305.54593525783,1328.0763436330556,1305.54593525783,1320.419921875,4006716,0.0,0.0
2022-06-27 00:00:00+05:30,1336.2204196068549,1342.0724798387096,1318.6642389112903,1322.8094482421875,4902082,0.0,0.0
2022-06-28 00:00:00+05:30,1310.861545385277,1317.688949267492,1305.3996460916,1312.7147216796875,4885287,0.0,0.0
2022-06-29 00:00:00+05:30,1298.4258093908265,1317.4450043452837,1298.4258093908265,1310.8126220703125,4997023,0.0,0.0
2022-06-30 00:00:00+05:30,1303.058818330397,1320.6150000144892,1303.058818330397,1314.762939453125,6237911,0.0,0.0
2022-07-01 00:00:00+05:30,1310.812681051943,1326.4669898430286,1297.2555033894237,1320.37109375,5736226,0.0,0.0
2022-07-04 00:00:00+05:30,1320.3222521853213,1326.6619839935224,1309.1546183935236,1322.2242431640625,4243740,0.0,0.0
2022-07-05 00:00:00+05:30,1330.3684507349353,1345.3399487108024,1315.0556063675294,1319.24951171875,7162859,0.0,0.0
2022-07-06 00:00:00+05:30,1314.7628421974705,1339.5365872201098,1313.8850093661056,1337.4395751953125,7524539,0.0,0.0
2022-07-07 00:00:00+05:30,1345.9738049956998,1363.5299850608612,1340.560601851422,1361.38427734375,8871571,0.0,0.0
2022-07-08 00:00:00+05:30,1375.2341751795952,1375.2341751795952,1360.3601885331493,1362.6522216796875,6237015,0.0,0.0
2022-07-11 00:00:00+05:30,1359.6286800250816,1375.136663673904,1358.8971724856133,1371.4791259765625,3731416,0.0,0.0
2022-07-12 00:00:00+05:30,1370.601353723583,1370.601353723583,1355.14218418466,1357.4830322265625,4938487,0.0,0.0
2022-07-13 00:00:00+05:30,1355.727308842436,1359.8237034464041,1320.8587827337187,1324.3699951171875,7972805,0.0,0.0
2022-07-14 00:00:00+05:30,1328.417755937448,1338.8051873124907,1315.982127164906,1317.73779296875,5186205,0.0,0.0
2022-07-15 00:00:00+05:30,1319.6396471598546,1331.2462576690689,1313.5925655805038,1328.466552734375,6797823,0.0,0.0
2022-07-18 00:00:00+05:30,1314.7629536023219,1332.4166460069932,1308.95970777404,1314.3240966796875,10166110,0.0,0.0
2022-07-19 00:00:00+05:30,1304.0340539077984,1325.052750643214,1304.0340539077984,1314.8116455078125,7896269,0.0,0.0
2022-07-20 00:00:00+05:30,1326.3694141088872,1337.293211746356,1321.8340438265539,1331.3924560546875,10173931,0.0,0.0
2022-07-21 00:00:00+05:30,1327.0034652789593,1335.7327407873358,1324.6138025940986,1327.198486328125,6320139,0.0,0.0
2022-07-22 00:00:00+05:30,1332.319049981766,1362.5546946006789,1328.8078376445671,1358.1656494140625,6364796,0.0,0.0
2022-07-25 00:00:00+05:30,1360.6040251737902,1369.9672978790209,1349.1925551674892,1362.16455078125,5071563,0.0,0.0
2022-07-26 00:00:00+05:30,1361.5794103839685,1367.4314708870515,1352.1186268615081,1359.3848876953125,4263982,0.0,0.0
2022-07-27 00:00:00+05:30,1354.6543949574675,1371.3327423359463,1350.1190245935518,1369.772216796875,4606389,0.0,0.0
2022-07-28 00:00:00+05:30,1380.1597365057842,1388.8890123793437,1376.2095480809369,1381.915283203125,8710203,0.0,0.0
2022-07-29 00:00:00+05:30,1402.5437547440345,1403.1289369492192,1380.4035080478538,1398.83740234375,10009868,0.0,0.0
2022-08-01 00:00:00+05:30,1403.5191906109137,1412.736138366343,1394.789914568692,1410.492919921875,6596518,0.0,0.0
2022-08-02 00:00:00+05:30,1406.4451479472557,1408.9810169123202,1387.9624385994603,1394.98486328125,7518255,0.0,0.0
2022-08-03 00:00:00+05:30,1389.8154535091103,1400.3492092719964,1382.061521531199,1398.252197265625,5487749,0.0,0.0
2022-08-04 00:00:00+05:30,1404.4943732483669,1411.0291258330456,1378.111288960037,1396.5941162109375,6006103,0.0,0.0
2022-08-05 00:00:00+05:30,1397.667137395027,1401.519696325414,1386.1093415433884,1391.8638916015625,4634491,0.0,0.0
2022-08-08 00:00:00+05:30,1392.7903643565553,1428.3903981793944,1391.9125314912949,1426.0008544921875,7678868,0.0,0.0
2022-08-10 00:00:00+05:30,1425.3179750939942,1435.217733869578,1413.321323372547,1430.14599609375,8676551,0.0,0.0
2022-08-11 00:00:00+05:30,1449.8478271532958,1454.2368720387246,1438.1925222483978,1449.0675048828125,9150883,0.0,0.0
2022-08-12 00:00:00+05:30,1448.384802622381,1452.578826442711,1439.5578981202618,1448.5311279296875,4425185,0.0,0.0
2022-08-16 00:00:00+05:30,1457.9433106213257,1471.3054671067584,1451.3597429030822,1465.112060546875,6281878,0.0,0.0
2022-08-17 00:00:00+05:30,1463.0150970551538,1475.4507253801225,1449.1164536331298,1472.6710205078125,6192175,0.0,0.0
2022-08-18 00:00:00+05:30,1463.0150439532274,1476.5723405059543,1462.673697588399,1474.426513671875,4171069,0.0,0.0
2022-08-19 00:00:00+05:30,1472.7685959670237,1474.7192828490993,1453.2617271462684,1456.236572265625,4031851,0.0,0.0
2022-08-22 00:00:00+05:30,1448.189852164736,1451.652249617275,1431.5113856490916,1434.0960693359375,4117033,0.0,0.0
2022-08-23 00:00:00+05:30,1417.4666543910732,1439.558087831379,1414.6381346320818,1429.658447265625,7483442,0.0,0.0
2022-08-24 00:00:00+05:30,1425.8545829727896,1439.119229797937,1423.2210842776387,1436.5345458984375,6727760,0.0,0.0
2022-08-25 00:00:00+05:30,1443.410654566913,1450.1405475270628,1421.0752679301113,1428.731689453125,5911520,0.0,0.0
2022-08-26 00:00:00+05:30,1435.7542939772648,1445.2638920900615,1425.1717228802868,1428.9755859375,3853088,0.0,0.0
2022-08-29 00:00:00+05:30,1401.56845380575,1410.3465443306295,1393.375545503768,1403.9093017578125,4326589,0.0,0.0
2022-08-30 00:00:00+05:30,1410.7853750971544,1453.2128118480814,1407.5179986077403,1449.457763671875,5067700,0.0,0.0
2022-09-01 00:00:00+05:30,1428.6342416860305,1452.7251759834285,1423.0260171496286,1435.851806640625,11201568,0.0,0.0
2022-09-02 00:00:00+05:30,1435.8517485739847,1453.7492753847084,1429.0730407982712,1448.87255859375,6019043,0.0,0.0
2022-09-05 00:00:00+05:30,1449.4577393059433,1462.0396924257702,1447.507052591566,1458.1871337890625,6065966,0.0,0.0
2022-09-06 00:00:00+05:30,1461.9421398942534,1469.5010506952653,1449.7990440098972,1452.6275634765625,6119348,0.0,0.0
2022-09-07 00:00:00+05:30,1435.0226882199795,1453.2615608562035,1435.0226882199795,1445.75146484375,4888103,0.0,0.0
2022-09-08 00:00:00+05:30,1453.3591191248597,1463.0150422155762,1445.6051870253045,1460.6741943359375,5582345,0.0,0.0
2022-09-09 00:00:00+05:30,1459.3086882556795,1471.7931308934094,1457.2117952791236,1461.6495361328125,7564444,0.0,0.0
2022-09-12 00:00:00+05:30,1463.0150381335368,1466.9164115685596,1453.26160454598,1456.72412109375,5540246,0.0,0.0
2022-09-13 00:00:00+05:30,1461.9421643063042,1478.5230011789454,1461.6008179474904,1475.7919921875,6500983,0.0,0.0
2022-09-14 00:00:00+05:30,1457.2117624650982,1500.9558873833787,1455.5536073534197,1490.9586181640625,10109880,0.0,0.0
2022-09-15 00:00:00+05:30,1492.2754534711173,1502.955416445298,1474.7192716655748,1483.2047119140625,6769686,0.0,0.0
2022-09-16 00:00:00+05:30,1466.0386279461432,1477.3525874754068,1446.4342495891601,1455.94384765625,10280023,0.0,0.0
2022-09-19 00:00:00+05:30,1452.2863784525828,1476.6699643903362,1443.5082875149917,1465.551025390625,6038019,0.0,0.0
2022-09-20 00:00:00+05:30,1476.6699585328572,1486.4233928692697,1472.6710742670236,1483.2047119140625,5390834,0.0,0.0
2022-09-21 00:00:00+05:30,1470.8178174823086,1483.9849531162681,1467.8917873414287,1480.91259765625,4536152,0.0,0.0
2022-09-22 00:00:00+05:30,1464.965723214849,1472.9147953919232,1446.1903635797719,1449.3602294921875,6024072,0.0,0.0
2022-09-23 00:00:00+05:30,1436.0468700697525,1438.631553961847,1401.5685037580843,1410.492919921875,7903126,0.0,0.0
2022-09-26 00:00:00+05:30,1390.2056388162514,1401.0319263348306,1383.0368889093863,1391.4736328125,4461743,0.0,0.0
2022-09-27 00:00:00+05:30,1397.081925710507,1404.4945118219166,1372.308179259331,1378.9892578125,6319850,0.0,0.0
2022-09-28 00:00:00+05:30,1371.3328032536388,1375.8193590254466,1351.7284249708555,1355.2884521484375,5908066,0.0,0.0
2022-09-29 00:00:00+05:30,1361.8719804414054,1367.626411013858,1344.803471650815,1348.265869140625,7205194,0.0,0.0
2022-09-30 00:00:00+05:30,1344.8035309502357,1396.1552658419178,1331.343744371956,1386.3043212890625,7890878,0.0,0.0
2022-10-03 00:00:00+05:30,1375.1853586068567,1382.8905951635343,1366.5535934582467,1378.355224609375,5770556,0.0,0.0
2022-10-04 00:00:00+05:30,1394.2533804571226,1422.0506671608848,1390.9860039022838,1417.1739501953125,5769263,0.0,0.0
2022-10-06 00:00:00+05:30,1423.9525651009901,1426.537248951937,1398.8374722706376,1401.5684814453125,6274599,0.0,0.0
2022-10-07 00:00:00+05:30,1394.9847537955864,1399.568819678019,1385.3288313206194,1395.521240234375,6648997,0.0,0.0
2022-10-10 00:00:00+05:30,1373.2834363957597,1390.8396166905918,1363.7250239443863,1380.11083984375,6554651,0.0,0.0
2022-10-11 00:00:00+05:30,1366.55360299605,1382.0615867440872,1364.9442625868292,1366.11474609375,7260810,0.0,0.0
2022-10-12 00:00:00+05:30,1368.601822827505,1379.9645973456734,1362.8473919672294,1375.0391845703125,4612525,0.0,0.0
2022-10-13 00:00:00+05:30,1367.480248477858,1371.5766430943775,1349.8752526525286,1359.238525390625,7357117,0.0,0.0
2022-10-14 00:00:00+05:30,1382.0616100488892,1411.3219123082163,1380.3547590837618,1403.5191650390625,6424960,0.0,0.0
2022-10-17 00:00:00+05:30,1399.6177926366765,1421.6605298793472,1391.8150453606531,1410.883056640625,9205250,0.0,0.0
2022-10-18 00:00:00+05:30,1422.0994591148192,1426.8298506833562,1404.4944635276624,1408.24951171875,5280554,0.0,0.0
2022-10-19 00:00:00+05:30,1427.902755827327,1440.9723813662567,1417.564139467448,1422.6846923828125,6483520,0.0,0.0
2022-10-20 00:00:00+05:30,1408.3959405387507,1417.0765210480731,1406.932925365061,1413.07763671875,3949039,0.0,0.0
2022-10-21 00:00:00+05:30,1416.1985308286942,1421.7092445162573,1398.6423506944543,1403.12890625,5246303,0.0,0.0
2022-10-24 00:00:00+05:30,1418.441944789197,1426.9273846884457,1418.441944789197,1425.0255126953125,1083897,0.0,0.0
2022-10-25 00:00:00+05:30,1425.074187263618,1431.6090593392867,1409.3711826736048,1415.125732421875,6886697,0.0,0.0
2022-10-27 00:00:00+05:30,1428.3903729884187,1431.17007779566,1415.467073266946,1418.5394287109375,7968638,0.0,0.0
2022-10-28 00:00:00+05:30,1414.2478369695566,1430.8286736788548,1411.711968108463,1422.7332763671875,5237139,0.0,0.0
2022-10-31 00:00:00+05:30,1435.7054528982462,1461.0643807347642,1431.07257185119,1459.79638671875,6415264,0.0,0.0
2022-11-01 00:00:00+05:30,1466.4288779195233,1491.3001359088469,1461.9423218590355,1475.9384765625,9536878,0.0,0.0
2022-11-02 00:00:00+05:30,1479.595877196391,1490.5684899969574,1474.3289992400253,1476.8648681640625,6360203,0.0,0.0
2022-11-03 00:00:00+05:30,1460.7716790607528,1482.7657190978027,1460.0889863439638,1470.37890625,5166176,0.0,0.0
2022-11-04 00:00:00+05:30,1466.136107520193,1478.7180608169615,1452.8714614879793,1460.2353515625,5409030,0.0,0.0
2022-11-07 00:00:00+05:30,1472.7685089671677,1474.7191957340117,1455.3098385918202,1471.59814453125,4917917,0.0,0.0
2022-11-09 00:00:00+05:30,1477.6940518420831,1480.522452426999,1466.9164597496538,1471.1591796875,4634895,0.0,0.0
2022-11-10 00:00:00+05:30,1460.1865174946267,1489.3493077118176,1458.1871350469462,1487.15478515625,6387091,0.0,0.0
2022-11-11 00:00:00+05:30,1506.9055700929368,1596.6371639107685,1500.078166215493,1571.424560546875,28361169,0.0,0.0
2022-11-14 00:00:00+05:30,1572.253426743832,1587.8589198132497,1558.5986203080915,1575.228271484375,9597695,0.0,0.0
2022-11-15 00:00:00+05:30,1583.1286314573,1583.1286314573,1565.6699611388144,1579.0809326171875,5515101,0.0,0.0
2022-11-16 00:00:00+05:30,1578.7395408251245,1601.513784286533,1572.2534837210058,1592.63818359375,6789075,0.0,0.0
2022-11-17 00:00:00+05:30,1578.2030162640694,1591.3214554705878,1574.1066219079576,1578.2518310546875,6050465,0.0,0.0
2022-11-18 00:00:00+05:30,1581.0316035715418,1582.9822903125307,1565.6699454862537,1574.106689453125,5229616,0.0,0.0
2022-11-21 00:00:00+05:30,1568.010806101425,1572.2535259853832,1550.990992712013,1557.9647216796875,4172408,0.0,0.0
2022-11-22 00:00:00+05:30,1560.5494465125394,1564.7921665081503,1551.7713558759062,1555.6727294921875,4273157,0.0,0.0
2022-11-23 00:00:00+05:30,1565.4260716809933,1565.4260716809933,1554.6972948657342,1559.7203369140625,5092869,0.0,0.0
2022-11-24 00:00:00+05:30,1566.3525604132785,1591.760301576725,1559.720297259654,1585.0792236328125,8598980,0.0,0.0
2022-11-25 00:00:00+05:30,1589.5170988154343,1591.467785624589,1574.3017655161234,1577.7642822265625,4205248,0.0,0.0
2022-11-28 00:00:00+05:30,1563.3778966084585,1567.8156374631646,1554.746131678742,1560.793212890625,8052990,0.0,0.0
2022-11-29 00:00:00+05:30,1557.8672103634744,1572.5948715577902,1553.5756756885853,1558.452392578125,6319118,0.0,0.0
2022-11-30 00:00:00+05:30,1557.7208920480687,1573.1313651124867,1557.7208920480687,1568.791015625,7592403,0.0,0.0
2022-12-01 00:00:00+05:30,1582.0069619650162,1596.6371126613633,1575.1795583067208,1579.568603515625,10223183,0.0,0.0
2022-12-02 00:00:00+05:30,1570.3028849261507,1578.690814412419,1565.5724932153314,1567.474365234375,3905539,0.0,0.0
2022-12-05 00:00:00+05:30,1570.254023577328,1574.7893940965168,1556.8430521316182,1573.1800537109375,5796311,0.0,0.0
2022-12-06 00:00:00+05:30,1561.5248011124866,1573.9116148088017,1560.5494577014233,1571.424560546875,6176546,0.0,0.0
2022-12-07 00:00:00+05:30,1574.350541162232,1578.6907715804857,1564.8896389368056,1570.74169921875,5837360,0.0,0.0
2022-12-08 00:00:00+05:30,1570.3028414079383,1585.908335484042,1565.426124509156,1579.568603515625,7401817,0.0,0.0
2022-12-09 00:00:00+05:30,1585.9083306278114,1594.5400957001307,1580.0562703671922,1590.8338623046875,5981692,0.0,0.0
2022-12-12 00:00:00+05:30,1584.9330144961978,1612.8278117392363,1581.4218020915623,1603.220703125,7217404,0.0,0.0
2022-12-13 00:00:00+05:30,1609.3166054870985,1616.1440092679527,1604.4398885007738,1607.6585693359375,8515851,0.0,0.0
2022-12-14 00:00:00+05:30,1612.2426001413512,1624.4343923384274,1609.3165700140528,1621.2645263671875,7113820,0.0,0.0
2022-12-15 00:00:00+05:30,1616.1928508770445,1628.2383182210237,1586.9325484736255,1591.5654296875,9091324,0.0,0.0
2022-12-16 00:00:00+05:30,1580.1049746518763,1604.5372530949505,1569.327383468137,1599.2216796875,7323979,0.0,0.0
2022-12-19 00:00:00+05:30,1603.464537377451,1606.0492211798437,1586.1033773655986,1604.196044921875,4802271,0.0,0.0
2022-12-20 00:00:00+05:30,1580.2512508133593,1596.051884547312,1580.2512508133593,1593.1258544921875,3587349,0.0,0.0
2022-12-21 00:00:00+05:30,1600.5385133879274,1604.2448659181948,1566.9379810083299,1577.7154541015625,4634599,0.0,0.0
2022-12-22 00:00:00+05:30,1582.2020083789016,1587.3713759986624,1569.3275231839311,1572.3023681640625,4873548,0.0,0.0
2022-12-23 00:00:00+05:30,1547.8698937472939,1564.5970559826803,1546.3580639332467,1558.25732421875,5346576,0.0,0.0
2022-12-26 00:00:00+05:30,1560.0617072958412,1598.5877700893302,1550.7959453581666,1589.273193359375,4953661,0.0,0.0
2022-12-27 00:00:00+05:30,1592.735744599356,1595.612959955307,1573.7165486289412,1590.882568359375,3963386,0.0,0.0
2022-12-28 00:00:00+05:30,1583.0797522055925,1592.7356750889537,1583.0797522055925,1589.6146240234375,4345935,0.0,0.0
2022-12-29 00:00:00+05:30,1580.1537046612361,1602.9767623886898,1571.278104172911,1600.8310546875,5506448,0.0,0.0
2022-12-30 00:00:00+05:30,1604.4398834740798,1604.4398834740798,1580.0562986188506,1588.00537109375,3561320,0.0,0.0
2023-01-02 00:00:00+05:30,1586.8837118909694,1599.3193402416823,1578.6421077846865,1588.541748046875,2190689,0.0,0.0
2023-01-03 00:00:00+05:30,1582.2019150916294,1602.4891041438082,1582.2019150916294,1598.9290771484375,4189015,0.0,0.0
2023-01-04 00:00:00+05:30,1594.6864547106682,1605.1713962324661,1567.3768395841248,1570.3516845703125,5175800,0.0,0.0
2023-01-05 00:00:00+05:30,1575.1795147893793,1578.154359639639,1550.2107487695173,1560.2567138671875,5470718,0.0,0.0
2023-01-06 00:00:00+05:30,1562.5001103639943,1569.425024619056,1539.2868900639858,1555.0875244140625,4546231,0.0,0.0
2023-01-09 00:00:00+05:30,1556.6479469263497,1571.814583256491,1550.795886975499,1558.1109619140625,5364670,0.0,0.0
2023-01-10 00:00:00+05:30,1560.549317167508,1560.549317167508,1526.4123008544689,1529.6309814453125,8185883,0.0,0.0
2023-01-11 00:00:00+05:30,1529.2895055044064,1558.5986197898465,1521.535573762303,1551.6737060546875,7597899,0.0,0.0
2023-01-12 00:00:00+05:30,1548.6502739473071,1564.3532786298608,1545.0902467808362,1559.9642333984375,4625035,0.0,0.0
2023-01-13 00:00:00+05:30,1559.330295366453,1570.2053983299702,1546.8946667403875,1561.1834716796875,4622273,0.0,0.0
2023-01-16 00:00:00+05:30,1575.179564939048,1581.3242758815747,1541.3351971431841,1546.2119140625,7374047,0.0,0.0
2023-01-17 00:00:00+05:30,1550.6009458109938,1571.278177744964,1538.6041746695723,1569.22998046875,5393177,0.0,0.0
2023-01-18 00:00:00+05:30,1565.4261698671758,1601.1237147885006,1560.2568021804962,1596.9298095703125,9545321,0.0,0.0
2023-01-19 00:00:00+05:30,1596.6370975998977,1609.3165614171235,1592.7357241176744,1603.56201171875,5586081,0.0,0.0
2023-01-20 00:00:00+05:30,1603.56194862579,1627.8480214091762,1602.8792559174497,1619.9964599609375,9421702,0.0,0.0
2023-01-23 00:00:00+05:30,1625.165967309291,1641.1128083527142,1620.435575552624,1631.8470458984375,7722200,0.0,0.0
2023-01-24 00:00:00+05:30,1633.7489776352415,1660.4245952880601,1633.700162842013,1653.6947021484375,12491970,0.0,0.0
2023-01-25 00:00:00+05:30,1649.6958071830325,1651.2075179769884,1604.7325014377184,1607.9998779296875,7352071,0.0,0.0
2023-01-27 00:00:00+05:30,1591.7604768704794,1596.6371940177542,1550.7472380377078,1575.9599609375,17589974,0.0,0.0
2023-01-30 00:00:00+05:30,1555.6727358609926,1585.225688749501,1542.9932715561695,1574.3505859375,9256411,0.0,0.0
2023-01-31 00:00:00+05:30,1579.7636501493578,1582.68968033601,1555.6727159034435,1563.963134765625,9298122,0.0,0.0
2023-02-01 00:00:00+05:30,1583.9576493918423,1623.9467279787052,1566.4014685488291,1587.420166015625,8651395,0.0,0.0
2023-02-02 00:00:00+05:30,1568.449653480239,1584.445308601079,1549.576783034758,1563.8167724609375,8748553,0.0,0.0
2023-02-03 00:00:00+05:30,1571.2781966739005,1619.557694337065,1567.376823125362,1617.899658203125,7205550,0.0,0.0
2023-02-06 00:00:00+05:30,1619.0700204328741,1628.2382720715161,1605.6102340846048,1611.0234375,5583836,0.0,0.0
2023-02-07 00:00:00+05:30,1618.4848208552503,1623.8492094196333,1592.345570771886,1613.4129638671875,5132294,0.0,0.0
2023-02-08 00:00:00+05:30,1613.4618534332608,1627.067846525645,1609.3166438959531,1613.218017578125,4222413,0.0,0.0
2023-02-09 00:00:00+05:30,1619.0699744536512,1620.6793148066174,1595.222876972181,1609.85302734375,5888668,0.0,0.0
2023-02-10 00:00:00+05:30,1608.1462981001591,1617.6070817651585,1601.7089362014003,1616.2415771484375,4086058,0.0,0.0
2023-02-13 00:00:00+05:30,1614.193316802112,1620.7768847105192,1604.0010259606925,1617.460693359375,2868472,0.0,0.0
2023-02-14 00:00:00+05:30,1623.9466893249557,1636.1384812868548,1617.0704710342573,1632.43212890625,5454296,0.0,0.0
2023-02-15 00:00:00+05:30,1636.6261852396292,1636.6261852396292,1615.9001384956828,1629.1160888671875,5719356,0.0,0.0
2023-02-16 00:00:00+05:30,1631.944485532874,1640.4300443218137,1620.0453439958644,1623.2152099609375,4031250,0.0,0.0
2023-02-17 00:00:00+05:30,1620.0452720957474,1627.0190007214974,1602.4402773545664,1615.071044921875,4478135,0.0,0.0
2023-02-20 00:00:00+05:30,1619.069939328371,1628.286886238313,1594.4913348615485,1599.9044189453125,4043353,0.0,0.0
2023-02-21 00:00:00+05:30,1599.5631002315517,1621.3620003768822,1593.7110401087534,1605.90283203125,6194648,0.0,0.0
2023-02-22 00:00:00+05:30,1598.5877323491482,1601.4649475745223,1569.3762469752521,1574.399169921875,5179551,0.0,0.0
2023-02-23 00:00:00+05:30,1573.2288360191212,1578.9345708497503,1552.8441360304623,1563.71923828125,13941005,0.0,0.0
2023-02-24 00:00:00+05:30,1578.0081135028747,1578.0081135028747,1546.1143128293763,1549.7718505859375,8530870,0.0,0.0
2023-02-27 00:00:00+05:30,1546.797107980068,1559.5740825932212,1538.409178627496,1553.62451171875,7156486,0.0,0.0
2023-02-28 00:00:00+05:30,1552.746594130628,1565.7187081505037,1549.5279134909697,1560.1591796875,9496996,0.0,0.0
2023-03-01 00:00:00+05:30,1572.2534528087742,1573.2287961417824,1556.4041236473956,1558.6474609375,7068628,0.0,0.0
2023-03-02 00:00:00+05:30,1554.6972668483538,1566.3525720088842,1542.9931468971743,1545.3826904296875,8695907,0.0,0.0
2023-03-03 00:00:00+05:30,1556.6480162006997,1580.0562570458228,1548.8452692523251,1576.057373046875,7493117,0.0,0.0
2023-03-06 00:00:00+05:30,1580.0563370265734,1599.0267188808812,1578.1544649858242,1587.1763916015625,13502355,0.0,0.0
2023-03-08 00:00:00+05:30,1580.0562711520283,1599.075467008488,1580.0562711520283,1590.34619140625,10049887,0.0,0.0
2023-03-09 00:00:00+05:30,1589.7609240920576,1605.3664184614922,1586.8837086918825,1590.492431640625,10350083,0.0,0.0
2023-03-10 00:00:00+05:30,1570.74166179507,1573.9603424976415,1545.919220981417,1549.479248046875,13693500,0.0,0.0
2023-03-13 00:00:00+05:30,1548.7477481703247,1564.2557314366009,1526.3635465784785,1529.8748779296875,13221775,0.0,0.0
2023-03-14 00:00:00+05:30,1531.5328697936154,1544.5536794868526,1520.8529079134296,1525.7783203125,16592806,0.0,0.0
2023-03-15 00:00:00+05:30,1539.0919545935496,1543.871161281126,1498.7127122008626,1503.882080078125,18632377,0.0,0.0
2023-03-16 00:00:00+05:30,1501.0535439444072,1520.6579231428918,1494.2749547067313,1513.635498046875,10876671,0.0,0.0
2023-03-17 00:00:00+05:30,1519.0973033844443,1540.2622069534775,1502.0287943576527,1533.873779296875,11475438,0.0,0.0
2023-03-20 00:00:00+05:30,1529.2896351618292,1529.4359604838048,1507.295712946004,1523.2425537109375,13251557,0.0,0.0
2023-03-21 00:00:00+05:30,1533.1910279301057,1543.480948544593,1517.829369200515,1540.506103515625,16525247,0.0,0.0
2023-03-22 00:00:00+05:30,1544.9439351941296,1546.9434367748515,1526.7050613611657,1536.9461669921875,7088662,0.0,0.0
2023-03-23 00:00:00+05:30,1529.0945879741437,1551.1373246074108,1520.1214764789815,1524.6080322265625,14182089,0.0,0.0
2023-03-24 00:00:00+05:30,1521.5356807219798,1535.092977586661,1516.6101490031463,1522.169677734375,15738874,0.0,0.0
2023-03-27 00:00:00+05:30,1523.6813273169178,1540.5060000334292,1520.4627657117785,1528.8018798828125,15936003,0.0,0.0
2023-03-28 00:00:00+05:30,1527.0950699339605,1543.8710473688377,1525.5345443508365,1541.237548828125,19638151,0.0,0.0
2023-03-29 00:00:00+05:30,1544.943916081314,1562.5000969458742,1542.8957187925428,1548.6502685546875,19881806,0.0,0.0
2023-03-31 00:00:00+05:30,1556.2579018352521,1573.180085976267,1553.1368505862456,1569.864013671875,17355614,0.0,0.0
2023-04-03 00:00:00+05:30,1567.913203435181,1575.8621562536566,1563.231507869785,1570.8392333984375,20012699,0.0,0.0
2023-04-05 00:00:00+05:30,1578.690777338227,1615.1686437074832,1576.1549083522298,1612.97412109375,21682696,0.0,0.0
2023-04-06 00:00:00+05:30,1607.9023868968097,1628.0431325728687,1606.4880675505783,1625.263427734375,22318672,0.0,0.0
2023-04-10 00:00:00+05:30,1622.2398010985114,1629.7987119408463,1613.2178752544344,1617.55810546875,15906643,0.0,0.0
2023-04-11 00:00:00+05:30,1618.0946721186951,1628.2382671122448,1610.389435582226,1622.2886962890625,21180771,0.0,0.0
2023-04-12 00:00:00+05:30,1626.8727522243655,1646.57464080817,1626.6777311732271,1643.3560791015625,13477752,0.0,0.0
2023-04-13 00:00:00+05:30,1646.6722688719028,1655.2065234095546,1636.7725097961325,1650.7198486328125,17665043,0.0,0.0
2023-04-17 00:00:00+05:30,1677.5907005516729,1677.5907005516729,1612.535341357959,1625.55615234375,16202574,0.0,0.0
2023-04-18 00:00:00+05:30,1628.8235271186088,1635.8947669818483,1615.5588802906964,1618.679931640625,14818613,0.0,0.0
2023-04-19 00:00:00+05:30,1623.9467018003265,1629.116069256071,1616.2902802015299,1624.62939453125,12370584,0.0,0.0
2023-04-20 00:00:00+05:30,1630.4814956281207,1636.0897201143928,1625.3122471031447,1630.6766357421875,16461358,0.0,0.0
2023-04-21 00:00:00+05:30,1627.848037620925,1635.601969564795,1622.239813405035,1633.3099365234375,10064309,0.0,0.0
2023-04-24 00:00:00+05:30,1645.4043322432585,1649.7445627924428,1632.8223784454267,1646.5260009765625,17837926,0.0,0.0
2023-04-25 00:00:00+05:30,1646.086940464834,1646.086940464834,1620.9231532220272,1623.11767578125,25176534,0.0,0.0
2023-04-26 00:00:00+05:30,1619.0700021160412,1633.7001527375717,1614.1932852421976,1630.5791015625,13696375,0.0,0.0
2023-04-27 00:00:00+05:30,1629.3111404518793,1643.6974555202214,1624.7757698555279,1639.55224609375,23895196,0.0,0.0
2023-04-28 00:00:00+05:30,1643.160982274285,1649.305693333128,1628.8234818842836,1645.989501953125,13958136,0.0,0.0
2023-05-02 00:00:00+05:30,1647.0622715258141,1657.1083556794292,1640.5275186891113,1645.6480712890625,16110592,0.0,0.0
2023-05-03 00:00:00+05:30,1643.4047011246678,1654.1822925772613,1638.2354528966432,1651.402587890625,14703635,0.0,0.0
2023-05-04 00:00:00+05:30,1645.5018166744119,1691.6843025813832,1645.5018166744119,1685.1983642578125,28427319,0.0,0.0
2023-05-05 00:00:00+05:30,1598.5878271349538,1619.996567067575,1582.1044999192102,1585.5670166015625,31385208,0.0,0.0
2023-05-08 00:00:00+05:30,1594.6864946708322,1609.6579923836282,1589.809777561747,1603.9034423828125,18622262,0.0,0.0
2023-05-09 00:00:00+05:30,1609.2190263703371,1615.168597027972,1599.5142885449086,1603.9521484375,21844469,0.0,0.0
2023-05-10 00:00:00+05:30,1603.9521603475334,1613.8519192934234,1592.8332221979742,1611.36474609375,23170275,0.0,0.0
2023-05-11 00:00:00+05:30,1624.0930468533463,1646.3796191896427,1608.585063358127,1612.4376220703125,17867309,0.0,0.0
2023-05-12 00:00:00+05:30,1606.3905444769077,1631.5544512677652,1603.7083501858867,1626.677734375,11239380,0.0,0.0
2023-05-15 00:00:00+05:30,1630.7741163160028,1639.3083708122738,1624.0442232439923,1634.48046875,9256130,0.0,0.0
2023-05-16 00:00:00+05:30,1649.278469862677,1649.278469862677,1621.852928138655,1625.1085205078125,16361043,19.0,0.0
2023-05-17 00:00:00+05:30,1627.7720157571994,1627.7720157571994,1603.454064285113,1616.3775634765625,15233434,0.0,0.0
2023-05-18 00:00:00+05:30,1625.798940919453,1631.6687372263443,1617.906713050912,1622.83935546875,24823471,0.0,0.0
2023-05-19 00:00:00+05:30,1625.7990244900363,1627.7720815585924,1609.570678271503,1624.7138671875,15230166,0.0,0.0
2023-05-22 00:00:00+05:30,1622.8393663189343,1630.632965476394,1610.705017719587,1618.942626953125,14167016,0.0,0.0
2023-05-23 00:00:00+05:30,1626.7854936294834,1627.3773866432705,1611.4449273112155,1615.1444091796875,11235037,0.0,0.0
2023-05-24 00:00:00+05:30,1605.6245470686229,1612.7275042695899,1591.862401906212,1594.0328369140625,16794056,0.0,0.0
2023-05-25 00:00:00+05:30,1593.9340595693045,1598.2255549126821,1575.8312855626104,1587.916259765625,14888465,0.0,0.0
2023-05-26 00:00:00+05:30,1597.18968001986,1597.18968001986,1580.6653272463377,1594.0328369140625,13317533,0.0,0.0
2023-05-29 00:00:00+05:30,1606.561707531921,1618.893314129495,1602.9608543202603,1613.4674072265625,10908146,0.0,0.0
2023-05-30 00:00:00+05:30,1611.5929725879255,1620.5211038997252,1606.6110757976446,1614.7005615234375,18562964,0.0,0.0
2023-05-31 00:00:00+05:30,1607.9428302042268,1612.9247268860188,1583.032985517739,1589.1494140625,21667135,0.0,0.0
2023-06-01 00:00:00+05:30,1598.0775509634686,1598.0775509634686,1578.4456096087906,1582.3917236328125,25183469,0.0,0.0
2023-06-02 00:00:00+05:30,1590.7278286200276,1593.0462669312785,1579.4321254869135,1584.8580322265625,8929855,0.0,0.0
2023-06-05 00:00:00+05:30,1592.750290890872,1594.7233479251129,1580.8625740892335,1582.786376953125,9348621,0.0,0.0
2023-06-06 00:00:00+05:30,1585.9926201628762,1588.162934765138,1570.8000566695046,1577.853759765625,16091426,0.0,0.0
2023-06-07 00:00:00+05:30,1581.849123863084,1590.826629830194,1574.4995344821118,1586.0418701171875,12474513,0.0,0.0
2023-06-08 00:00:00+05:30,1581.6517882576659,1604.0953112159455,1581.6517882576659,1587.0283203125,18697761,0.0,0.0
2023-06-09 00:00:00+05:30,1594.1314814293403,1596.69643153137,1585.3513533956823,1588.90283203125,9106289,0.0,0.0
2023-06-12 00:00:00+05:30,1590.8265730998114,1594.0327907092008,1577.9029534720612,1579.23486328125,6704146,0.0,0.0
2023-06-13 00:00:00+05:30,1568.6789316172014,1587.3243442079824,1568.6789316172014,1581.8984375,13963054,0.0,0.0
2023-06-14 00:00:00+05:30,1588.7547466989536,1590.2839140173833,1578.6428297518828,1580.1719970703125,10056984,0.0,0.0
2023-06-15 00:00:00+05:30,1582.3916786791267,1584.315361040851,1557.7284667296392,1560.7374267578125,17688738,0.0,0.0
2023-06-16 00:00:00+05:30,1565.7687486657542,1587.5216300548323,1562.6611597742162,1581.1585693359375,7889636,0.0,0.0
2023-06-19 00:00:00+05:30,1589.2974913929072,1592.5037091750469,1576.8178811711018,1582.539794921875,12414573,0.0,0.0
2023-06-20 00:00:00+05:30,1582.5397580174506,1589.297454330895,1569.2216229252922,1585.8446044921875,10002813,0.0,0.0
2023-06-21 00:00:00+05:30,1594.2301049307644,1615.1938361991918,1589.2974622793697,1613.5660400390625,12154473,0.0,0.0
2023-06-22 00:00:00+05:30,1617.9067733650536,1635.2203970674382,1616.9696194410642,1621.458251953125,28298070,0.0,0.0
2023-06-23 00:00:00+05:30,1615.489822629559,1637.5387109190742,1612.036972816969,1621.359619140625,10669609,0.0,0.0
2023-06-26 00:00:00+05:30,1622.8393697140245,1628.511908544332,1606.758907120382,1613.5167236328125,8065157,0.0,0.0
2023-06-27 00:00:00+05:30,1620.8170297249612,1650.363631992317,1616.4764004545502,1636.2562255859375,16915932,0.0,0.0
2023-06-28 00:00:00+05:30,1647.502649657298,1657.2693062164835,1638.1306285963733,1653.56982421875,29781475,0.0,0.0
2023-06-30 00:00:00+05:30,1681.0445642730606,1685.7799492441668,1660.5740978947356,1678.4796142578125,20349508,0.0,0.0
2023-07-03 00:00:00+05:30,1689.4301294053164,1733.8239138276458,1686.9638080485204,1696.6318359375,22052058,0.0,0.0
2023-07-04 00:00:00+05:30,1700.2325685243484,1723.4653638722439,1690.7126644292123,1704.9185791015625,19397594,0.0,0.0
2023-07-05 00:00:00+05:30,1693.129529397183,1696.8290112531126,1646.0721683600932,1650.7581787109375,18582877,0.0,0.0
2023-07-06 00:00:00+05:30,1650.4622456564832,1665.1121703746603,1638.0320101509344,1652.435302734375,26078272,0.0,0.0
2023-07-07 00:00:00+05:30,1642.5699895390362,1652.4352747614928,1633.9872395658367,1638.031982421875,9963168,0.0,0.0
2023-07-10 00:00:00+05:30,1638.6238848081282,1654.161709122233,1627.4760642727497,1634.1351318359375,19199221,0.0,0.0
2023-07-11 00:00:00+05:30,1640.5968955307264,1653.4217660309666,1623.3326467804031,1626.193603515625,25335213,0.0,0.0
2023-07-12 00:00:00+05:30,1633.0499225625645,1643.8524818545227,1605.2298671321728,1610.95166015625,35479179,0.0,0.0
2023-07-13 00:00:00+05:30,1634.3817643123723,1635.121660708438,1615.9831036042153,1618.991943359375,20956773,0.0,0.0
2023-07-14 00:00:00+05:30,1631.3235770758977,1631.3235770758977,1612.9741702336387,1622.34619140625,12363607,0.0,0.0
2023-07-17 00:00:00+05:30,1627.772017244422,1659.3409290940106,1611.0010328243277,1656.28271484375,24626464,0.0,0.0
2023-07-18 00:00:00+05:30,1675.1254462206593,1681.0446174087183,1647.5026473430514,1654.901611328125,40538409,0.0,0.0
2023-07-19 00:00:00+05:30,1658.453055877588,1666.0000230724556,1652.4352560452187,1662.399169921875,16467567,0.0,0.0
2023-07-20 00:00:00+05:30,1658.5024075048575,1669.2062176165805,1657.3678756476684,1666.0,28105474,0.0,0.0
2023-07-21 00:00:00+05:30,1657.3679171173355,1667.0359448041913,1650.7088495932032,1653.1751708984375,21077124,0.0,0.0
2023-07-24 00:00:00+05:30,1655.8880574739956,1661.9552317250648,1647.6011941378406,1655.7894287109375,16089722,0.0,0.0
2023-07-25 00:00:00+05:30,1661.9552950534219,1676.1119552281257,1655.7894918043485,1673.7442626953125,27996298,0.0,0.0
2023-07-26 00:00:00+05:30,1676.7038338913217,1676.7038338913217,1665.2601272442432,1667.9237060546875,12397179,0.0,0.0
2023-07-27 00:00:00+05:30,1676.9998675967433,1680.0580819461209,1644.9869446312234,1650.6102294921875,29870651,0.0,0.0
2023-07-28 00:00:00+05:30,1639.117132462518,1646.4174675800207,1618.9919266125369,1621.359619140625,20507842,0.0,0.0
2023-07-31 00:00:00+05:30,1627.821399112885,1634.4804664859114,1616.6242043005298,1628.955810546875,17282503,0.0,0.0
2023-08-01 00:00:00+05:30,1632.162084928418,1644.9869558705946,1627.7720811223962,1639.8570556640625,17697094,0.0,0.0
2023-08-02 00:00:00+05:30,1619.8798171824997,1629.2518380492681,1611.1490639338895,1618.4000244140625,14058161,0.0,0.0
2023-08-03 00:00:00+05:30,1617.9067915434239,1629.103866289973,1601.1358065091324,1606.709716796875,28836973,0.0,0.0
2023-08-04 00:00:00+05:30,1613.1221436963467,1634.1845036454856,1607.3016013066149,1629.9423828125,18694152,0.0,0.0
2023-08-07 00:00:00+05:30,1640.6955881182396,1640.6955881182396,1625.3551416017178,1629.0052490234375,14150459,0.0,0.0
2023-08-08 00:00:00+05:30,1629.4491410302082,1633.2966264206282,1619.9292369617406,1627.6734619140625,21886914,0.0,0.0
2023-08-09 00:00:00+05:30,1630.7315799929236,1632.2113727152403,1609.126582161933,1628.2652587890625,16680618,0.0,0.0
2023-08-10 00:00:00+05:30,1624.8618135219185,1631.964770549075,1609.0279829321694,1613.8126220703125,25390559,0.0,0.0
2023-08-11 00:00:00+05:30,1616.328366732635,1616.328366732635,1594.4273611233837,1596.992431640625,14112911,0.0,0.0
2023-08-14 00:00:00+05:30,1589.297481308102,1593.2435954764649,1578.692299480627,1589.1988525390625,15652205,0.0,0.0
2023-08-16 00:00:00+05:30,1561.7732276956888,1587.965607263146,1559.9975486700328,1584.56201171875,17068771,0.0,0.0
2023-08-17 00:00:00+05:30,1576.0779908023183,1588.2123401638921,1572.5265120998095,1575.7821044921875,26442020,0.0,0.0
2023-08-18 00:00:00+05:30,1566.1633474421578,1574.7954717019472,1564.1409158738138,1569.3201904296875,12816683,0.0,0.0
2023-08-21 00:00:00+05:30,1578.9388495316555,1578.9388495316555,1565.6207149058027,1568.0870361328125,10918635,0.0,0.0
2023-08-22 00:00:00+05:30,1574.8448006794865,1576.4725968452533,1558.715083238736,1561.378662109375,16136785,0.0,0.0
2023-08-23 00:00:00+05:30,1558.7150102862668,1569.1229339999702,1552.0559429954867,1565.22607421875,18249294,0.0,0.0
2023-08-24 00:00:00+05:30,1571.8359353802477,1574.6967717408268,1554.9169472169706,1558.0245361328125,21572896,0.0,0.0
2023-08-25 00:00:00+05:30,1553.3384783320462,1556.2486892001507,1537.406019172024,1540.4642333984375,15034878,0.0,0.0
2023-08-28 00:00:00+05:30,1540.4642729924685,1561.3293751268147,1540.4642729924685,1556.495361328125,14433619,0.0,0.0
2023-08-29 00:00:00+05:30,1568.2843293248195,1571.194660694379,1560.1454690906023,1568.8763427734375,17769466,0.0,0.0
2023-08-30 00:00:00+05:30,1582.342339747586,1582.342339747586,1552.4998526161187,1557.4324951171875,14042102,0.0,0.0
2023-08-31 00:00:00+05:30,1557.7284896558913,1561.8226069849304,1542.0426625399894,1550.2801513671875,50037886,0.0,0.0
2023-09-01 00:00:00+05:30,1549.8363427525487,1557.7285711052034,1538.343261128826,1553.4864501953125,21613388,0.0,0.0
2023-09-04 00:00:00+05:30,1568.5803898330391,1570.0108080559437,1553.68383285753,1563.203857421875,12536819,0.0,0.0
2023-09-05 00:00:00+05:30,1567.0019733191434,1567.0019733191434,1549.441716954165,1553.683837890625,19356041,0.0,0.0
2023-09-06 00:00:00+05:30,1555.5581907613157,1578.4456038467565,1553.6837625215792,1574.0062255859375,28160455,0.0,0.0
2023-09-07 00:00:00+05:30,1574.006225635289,1592.2570029303392,1565.768736725124,1589.1494140625,17104171,0.0,0.0
2023-09-08 00:00:00+05:30,1586.6338392009138,1610.9024162842786,1585.943196993458,1601.5303955078125,17251105,0.0,0.0
2023-09-11 00:00:00+05:30,1606.9563039958728,1614.453896539915,1602.122290241871,1609.8172607421875,15786511,0.0,0.0
2023-09-12 00:00:00+05:30,1617.906724978625,1620.7676816872313,1603.1581722108942,1614.8485107421875,19516670,0.0,0.0
2023-09-13 00:00:00+05:30,1609.3240370841354,1629.3504939618037,1606.6603378010625,1621.7542724609375,23210047,0.0,0.0
2023-09-14 00:00:00+05:30,1622.0994895879871,1627.7720284750974,1613.0727297085477,1620.7677001953125,11769424,0.0,0.0
2023-09-15 00:00:00+05:30,1627.7720594112006,1647.502629828306,1627.7720594112006,1639.36376953125,86705601,0.0,0.0
2023-09-18 00:00:00+05:30,1631.4715769433724,1632.704737621334,1604.1940386616893,1607.1043701171875,18528144,0.0,0.0
2023-09-20 00:00:00+05:30,1577.4591494969097,1577.4591494969097,1539.3791715992272,1542.6346435546875,57737324,0.0,0.0
2023-09-21 00:00:00+05:30,1532.078811364331,1547.8138932913917,1516.3437294372702,1532.424072265625,36420721,0.0,0.0
2023-09-22 00:00:00+05:30,1537.9979221752192,1543.3252001280887,1503.2227927610586,1509.0433349609375,30852125,0.0,0.0
2023-09-25 00:00:00+05:30,1504.4559511151056,1519.9444002775606,1504.4559511151056,1510.3751220703125,20104377,0.0,0.0
2023-09-26 00:00:00+05:30,1504.4559374724377,1519.2538647262647,1504.4559374724377,1516.935546875,13787654,0.0,0.0
2023-09-27 00:00:00+05:30,1502.482895245466,1511.8549159315012,1494.5906672993308,1506.281005859375,19669269,0.0,0.0
2023-09-28 00:00:00+05:30,1513.3347538685243,1516.886232465185,1497.8955584026235,1503.1734619140625,27677094,0.0,0.0
2023-09-29 00:00:00+05:30,1503.173454902814,1514.7651649908298,1501.792411318109,1505.738525390625,16026891,0.0,0.0
2023-10-03 00:00:00+05:30,1506.429042186197,1506.429042186197,1485.7119433742062,1487.734375,19485847,0.0,0.0
2023-10-04 00:00:00+05:30,1474.8600946011973,1514.3212342560787,1469.187555775808,1508.9447021484375,27324715,0.0,0.0
2023-10-05 00:00:00+05:30,1514.3706354408143,1530.6483558342625,1511.9535683390084,1515.0611572265625,24256337,0.0,0.0
2023-10-06 00:00:00+05:30,1523.200066078149,1524.186594618355,1509.2406631490637,1513.3841552734375,8879678,0.0,0.0
2023-10-09 00:00:00+05:30,1507.4155625257627,1509.3886195447753,1491.6311063736605,1495.8238525390625,8227486,0.0,0.0
2023-10-10 00:00:00+05:30,1500.065983035536,1508.402100824628,1494.7879591347482,1504.3079833984375,16633146,0.0,0.0
2023-10-11 00:00:00+05:30,1509.4872321894686,1521.374948772399,1507.9088106762842,1518.8592529296875,15666680,0.0,0.0
2023-10-12 00:00:00+05:30,1515.4064243558857,1531.0922517938395,1510.967046048494,1528.97119140625,11012668,0.0,0.0
2023-10-13 00:00:00+05:30,1519.2539033885114,1527.9354024353545,1509.339243705801,1515.0611572265625,19872650,0.0,0.0
2023-10-16 00:00:00+05:30,1510.8684468507718,1513.778657850012,1500.0166329981055,1508.9940185546875,8928042,0.0,0.0
2023-10-17 00:00:00+05:30,1534.7917826289788,1534.7917826289788,1514.3213153369645,1520.437744140625,16451279,0.0,0.0
2023-10-18 00:00:00+05:30,1520.4377221956242,1520.4377221956242,1497.6489372388432,1499.2767333984375,15608100,0.0,0.0
2023-10-19 00:00:00+05:30,1485.1201064188767,1505.6892026450248,1482.949671348744,1494.5413818359375,15126182,0.0,0.0
2023-10-20 00:00:00+05:30,1484.7253891011128,1506.4290160514279,1484.7253891011128,1502.28564453125,10547005,0.0,0.0
2023-10-23 00:00:00+05:30,1502.976227353508,1508.1555021770105,1479.8914354835852,1485.7613525390625,11188068,0.0,0.0
2023-10-25 00:00:00+05:30,1500.5099151437992,1502.2857146930064,1471.3579485037037,1476.3399658203125,14155998,0.0,0.0
2023-10-26 00:00:00+05:30,1471.1607092882293,1471.9006057053064,1440.5783240490439,1443.6859130859375,27780899,0.0,0.0
2023-10-27 00:00:00+05:30,1449.703659334139,1458.0891517494779,1447.138709268734,1449.3583984375,15970266,0.0,0.0
2023-10-30 00:00:00+05:30,1443.537881416305,1469.8781451774992,1442.2060919768462,1465.093505859375,11655491,0.0,0.0
2023-10-31 00:00:00+05:30,1483.7389095834744,1483.7389095834744,1454.1430536742296,1456.609375,16317412,0.0,0.0
2023-11-01 00:00:00+05:30,1442.5513777553367,1457.5465636023548,1442.5513777553367,1454.6363525390625,16938733,0.0,0.0
2023-11-02 00:00:00+05:30,1464.9948171263968,1470.4207238564945,1447.385307551157,1456.85595703125,22612577,0.0,0.0
2023-11-03 00:00:00+05:30,1467.9544650379107,1471.3086861534086,1461.6900329046723,1463.76171875,9047670,0.0,0.0
2023-11-06 00:00:00+05:30,1477.8196709876318,1477.8196709876318,1463.0217437080494,1474.3668212890625,12796865,0.0,0.0
2023-11-07 00:00:00+05:30,1473.8735447593608,1473.8735447593608,1457.2998181740604,1467.2144775390625,20976424,0.0,0.0
2023-11-08 00:00:00+05:30,1463.9589519318,1473.3309728900333,1461.048740962476,1471.4566650390625,15699773,0.0,0.0
2023-11-09 00:00:00+05:30,1465.9813692925773,1472.492433388654,1463.5150480118025,1465.6361083984375,11058370,0.0,0.0
2023-11-10 00:00:00+05:30,1460.160777815708,1475.8466047184043,1460.1115236472572,1471.4072265625,7007593,0.0,0.0
2023-11-13 00:00:00+05:30,1471.9991240792267,1475.797234650203,1465.8826956604473,1468.74365234375,10302957,0.0,0.0
2023-11-15 00:00:00+05:30,1483.837538192476,1490.595234539194,1480.3354341657644,1484.133544921875,20622730,0.0,0.0
2023-11-16 00:00:00+05:30,1489.3620628582516,1498.5368262915995,1483.4922663173093,1488.0302734375,14856919,0.0,0.0
2023-11-17 00:00:00+05:30,1469.9275396582534,1487.191789285112,1468.9410111081472,1484.8240966796875,11850937,0.0,0.0
2023-11-20 00:00:00+05:30,1492.6177003743046,1492.6177003743046,1481.3219966151755,1484.9227294921875,9665726,0.0,0.0
2023-11-21 00:00:00+05:30,1498.5367575640653,1501.4963429970423,1491.7296869830502,1497.5008544921875,12479986,0.0,0.0
2023-11-22 00:00:00+05:30,1499.523295087246,1499.523295087246,1483.2949497021973,1492.1737060546875,14561825,0.0,0.0
2023-11-23 00:00:00+05:30,1488.178294786997,1503.3214837114267,1488.178294786997,1500.805908203125,6523110,0.0,0.0
2023-11-24 00:00:00+05:30,1500.7071421544201,1512.4962302687104,1499.37535273253,1511.4603271484375,8234596,0.0,0.0
2023-11-28 00:00:00+05:30,1514.5185744814355,1516.5410061695156,1505.2453024968618,1508.056884765625,14244669,0.0,0.0
2023-11-29 00:00:00+05:30,1513.236150477089,1541.9441068847843,1512.3482507065735,1538.14599609375,17021244,0.0,0.0
2023-11-30 00:00:00+05:30,1548.0112049713134,1551.2666767344967,1521.3749357275026,1537.8006591796875,34745720,0.0,0.0
2023-12-01 00:00:00+05:30,1536.9128545820595,1544.6570796267445,1531.1909408125919,1534.446533203125,11076768,0.0,0.0
2023-12-04 00:00:00+05:30,1566.6072601267956,1590.2839441589385,1552.4506002177452,1587.718994140625,25331228,0.0,0.0
2023-12-05 00:00:00+05:30,1614.4539070470291,1616.9202283226891,1594.7233368417492,1601.8262939453125,26115410,0.0,0.0
2023-12-06 00:00:00+05:30,1616.3776484976167,1616.3776484976167,1594.8713984440155,1605.8712158203125,19306530,0.0,0.0
2023-12-07 00:00:00+05:30,1603.1088193847468,1611.9875759228776,1594.427320377126,1608.4853515625,10225193,0.0,0.0
2023-12-08 00:00:00+05:30,1608.4854305052345,1632.7047546432427,1608.4854305052345,1630.928955078125,16864019,0.0,0.0
2023-12-11 00:00:00+05:30,1627.8213910221475,1641.2874086355528,1624.8124309426578,1628.758544921875,11593810,0.0,0.0
2023-12-12 00:00:00+05:30,1631.9154023573187,1633.9378339598777,1609.8665143887495,1612.5794677734375,18290738,0.0,0.0
2023-12-13 00:00:00+05:30,1610.4583681767715,1613.960592449305,1593.3421231427492,1608.9293212890625,14673457,0.0,0.0
2023-12-14 00:00:00+05:30,1623.8259265459483,1636.6014225729195,1622.8393980365036,1627.9200439453125,17586183,0.0,0.0
2023-12-15 00:00:00+05:30,1627.772076668304,1645.5295902319583,1624.4178555766669,1634.23388671875,69418565,0.0,0.0
2023-12-18 00:00:00+05:30,1638.32790639653,1642.2740205762539,1628.709253083453,1633.395263671875,9007377,0.0,0.0
2023-12-19 00:00:00+05:30,1627.7720997740344,1636.3055957762012,1621.902303099734,1630.633056640625,12004223,0.0,0.0
2023-12-20 00:00:00+05:30,1635.6642628809595,1646.4667018508794,1622.2967534548702,1634.677734375,17116260,0.0,0.0
2023-12-21 00:00:00+05:30,1634.6776913765395,1666.9864990968665,1628.0186241364722,1663.9775390625,18294620,0.0,0.0
2023-12-22 00:00:00+05:30,1660.9194254050005,1663.1884892167195,1644.6417044994485,1648.3411865234375,24289425,0.0,0.0
2023-12-26 00:00:00+05:30,1650.7088976124296,1663.2377620371465,1646.0722615940474,1659.784912109375,9022928,0.0,0.0
2023-12-27 00:00:00+05:30,1658.8477554342537,1683.5109691635766,1655.9867985564827,1680.3541259765625,13504539,0.0,0.0
2023-12-28 00:00:00+05:30,1686.2731985214466,1698.210169182226,1679.0714923638855,1682.2777099609375,22038235,0.0,0.0
2023-12-29 00:00:00+05:30,1674.1389025534318,1691.7977871899893,1673.1523740310079,1686.223876953125,12505713,0.0,0.0
2024-01-01 00:00:00+05:30,1683.0175981528068,1686.1251869707894,1669.2061993402986,1675.2239990234375,7119843,0.0,0.0
2024-01-02 00:00:00+05:30,1675.9146849908566,1679.8607990403516,1665.9506506752066,1676.2105712890625,14621046,0.0,0.0
2024-01-03 00:00:00+05:30,1679.0714801971951,1681.7350589343398,1646.4666656223246,1650.363525390625,14194881,0.0,0.0
2024-01-04 00:00:00+05:30,1655.3949095411936,1672.1165203200337,1648.193202944364,1668.07177734375,13367028,0.0,0.0
2024-01-05 00:00:00+05:30,1664.4215963779789,1681.9324773951957,1645.628180130009,1659.5382080078125,15944735,0.0,0.0
2024-01-08 00:00:00+05:30,1655.88807345603,1659.6861840642225,1637.6372963580638,1641.040771484375,8999235,0.0,0.0
2024-01-09 00:00:00+05:30,1644.6909820919452,1655.1975345055612,1624.565776983271,1628.2652587890625,12663444,0.0,0.0
2024-01-10 00:00:00+05:30,1620.8663496084419,1637.5879597618186,1619.2879280701331,1633.641845703125,8057912,0.0,0.0
2024-01-11 00:00:00+05:30,1637.6373361341155,1640.4982929149403,1620.866351366477,1626.7855224609375,9157005,0.0,0.0
2024-01-12 00:00:00+05:30,1629.745132472177,1633.6912465943856,1611.5929834248477,1619.090576171875,9886776,0.0,0.0
2024-01-15 00:00:00+05:30,1625.5029313434814,1658.2557491957923,1621.45818865314,1650.264892578125,14160178,0.0,0.0
2024-01-16 00:00:00+05:30,1650.462244350427,1660.9687973670561,1635.7629450465956,1656.5294189453125,12661250,0.0,0.0
2024-01-17 00:00:00+05:30,1548.8497745172765,1575.2887869914762,1507.8102122203316,1516.78759765625,85072618,0.0,0.0
2024-01-18 00:00:00+05:30,1473.8736193832688,1494.5907184509051,1460.1115946015343,1466.12939453125,80535465,0.0,0.0
2024-01-19 00:00:00+05:30,1485.6625178917686,1489.9046385306906,1448.6184456832252,1450.838134765625,54800269,0.0,0.0
2024-01-23 00:00:00+05:30,1445.2642828511198,1454.8335613317415,1405.8031420224204,1408.1214599609375,57734701,0.0,0.0
2024-01-24 00:00:00+05:30,1361.6559602281698,1438.8024406503655,1361.6559602281698,1436.286865234375,43002202,0.0,0.0
2024-01-25 00:00:00+05:30,1432.9327024141235,1437.7173417414901,1400.2786318694082,1415.56982421875,49470926,0.0,0.0
2024-01-29 00:00:00+05:30,1428.5426469030347,1443.0939423219133,1426.3229577713412,1435.0537109375,32822749,0.0,0.0
2024-01-30 00:00:00+05:30,1434.9550566238931,1443.4884316820198,1421.4889187128745,1424.8431396484375,20864384,0.0,0.0
2024-01-31 00:00:00+05:30,1420.1077601928353,1455.0801469643789,1417.4441814423515,1442.8472900390625,32880520,0.0,0.0
2024-02-01 00:00:00+05:30,1445.313654517112,1453.748401096638,1436.4348978486562,1446.5960693359375,16345370,0.0,0.0
2024-02-02 00:00:00+05:30,1455.12953600114,1460.9007036350267,1422.6234701299597,1426.668212890625,22433877,0.0,0.0
2024-02-05 00:00:00+05:30,1426.5202740978511,1432.3408165904739,1414.7313061717384,1425.3857421875,19302523,0.0,0.0
2024-02-06 00:00:00+05:30,1426.076290502691,1430.170287348474,1413.3006744484921,1424.645751953125,20537870,0.0,0.0
2024-02-07 00:00:00+05:30,1433.4259318004295,1434.2152027824948,1407.4309295243172,1410.6864013671875,27418543,0.0,0.0
2024-02-08 00:00:00+05:30,1410.5878185804238,1419.5652042712845,1381.6332298165287,1384.14892578125,34553062,0.0,0.0
2024-02-09 00:00:00+05:30,1373.3957028690857,1395.1485844742872,1368.3150569071524,1384.69140625,28321062,0.0,0.0
2024-02-12 00:00:00+05:30,1380.7946826132297,1394.606082048369,1364.7142193862646,1371.274658203125,17223906,0.0,0.0
2024-02-13 00:00:00+05:30,1373.1983515043971,1385.4313294715068,1365.7007586941838,1375.6646728515625,28790497,0.0,0.0
2024-02-14 00:00:00+05:30,1357.463182755405,1372.7543741309198,1345.1809514015365,1365.40478515625,45660405,0.0,0.0
2024-02-15 00:00:00+05:30,1366.3420301180138,1396.431150636858,1365.7007624808034,1395.000732421875,20792472,0.0,0.0
2024-02-16 00:00:00+05:30,1404.7179646122795,1408.4667006817986,1389.4760269300275,1400.7718505859375,16087871,0.0,0.0
2024-02-19 00:00:00+05:30,1409.7492347885666,1409.7492347885666,1396.1350932381858,1398.009521484375,17225878,0.0,0.0
2024-02-20 00:00:00+05:30,1395.937876512155,1437.6187071005922,1392.7810333716534,1434.70849609375,28066754,0.0,0.0
2024-02-21 00:00:00+05:30,1444.2777833901084,1444.2777833901084,1415.668455713665,1419.7625732421875,22946568,0.0,0.0
2024-02-22 00:00:00+05:30,1398.650836201605,1409.5520247281615,1393.1755546396816,1400.4266357421875,25280441,0.0,0.0
2024-02-23 00:00:00+05:30,1403.3862052282425,1414.583279932295,1398.8974522569388,1401.46240234375,14916726,0.0,0.0
2024-02-26 00:00:00+05:30,1394.507402037424,1415.5203867218004,1394.507402037424,1403.1395263671875,11753435,0.0,0.0
2024-02-27 00:00:00+05:30,1394.5074902947094,1407.4802444820875,1394.0142260160762,1401.0185546875,16043575,0.0,0.0
2024-02-28 00:00:00+05:30,1401.0185117436736,1405.0138800226289,1385.086051947006,1390.413330078125,12660993,0.0,0.0
2024-02-29 00:00:00+05:30,1383.2116053864695,1391.3998402229613,1378.4763407748026,1384.494140625,26647850,0.0,0.0
2024-03-01 00:00:00+05:30,1381.1399554156474,1413.4487650869776,1381.1399554156474,1411.4757080078125,17369449,0.0,0.0
2024-03-04 00:00:00+05:30,1411.672989089437,1417.6415350237946,1405.1126705324766,1413.3994140625,17808237,0.0,0.0
2024-03-05 00:00:00+05:30,1402.8435369239296,1423.5606355704856,1402.4982760316557,1421.4395751953125,18995836,0.0,0.0
2024-03-06 00:00:00+05:30,1414.2380047948438,1433.277932931966,1414.2380047948438,1423.166015625,21204765,0.0,0.0
2024-03-07 00:00:00+05:30,1426.0270034460111,1431.5022850090343,1421.9822605203685,1426.618896484375,24674023,0.0,0.0
2024-03-11 00:00:00+05:30,1410.7357442005489,1426.470825484757,1403.8300447534134,1408.5654296875,25265547,0.0,0.0
2024-03-12 00:00:00+05:30,1414.6818444053736,1444.2776988908417,1409.995834111841,1439.8876953125,32709227,0.0,0.0
2024-03-13 00:00:00+05:30,1445.7575898786963,1451.7753899479176,1430.565026125064,1440.726318359375,31533727,0.0,0.0
2024-03-14 00:00:00+05:30,1442.4033342932184,1446.250819631158,1424.8431987796707,1435.8428955078125,26216079,0.0,0.0
2024-03-15 00:00:00+05:30,1430.4663637954914,1439.6411272646558,1422.820767713136,1433.0806884765625,71806902,0.0,0.0
2024-03-18 00:00:00+05:30,1427.5067339791635,1436.3854904448253,1416.4576629922324,1426.569580078125,10718928,0.0,0.0
2024-03-19 00:00:00+05:30,1416.1616774508711,1432.8340333708845,1416.1616774508711,1429.8250732421875,18091797,0.0,0.0
2024-03-20 00:00:00+05:30,1429.529242401384,1432.094192544157,1405.457921715519,1411.771728515625,21803047,0.0,0.0
2024-03-21 00:00:00+05:30,1423.1659707522053,1431.6994662468726,1418.9239705151265,1426.2735595703125,14461430,0.0,0.0
2024-03-22 00:00:00+05:30,1421.5875440478105,1431.2061967573638,1418.3813264779594,1423.41259765625,22990163,0.0,0.0
2024-03-26 00:00:00+05:30,1407.9734329582216,1418.5786143778769,1402.9915362677496,1406.19775390625,28422145,0.0,0.0
2024-03-27 00:00:00+05:30,1404.3727577780448,1428.443957924619,1402.103693955219,1421.2916259765625,31084334,0.0,0.0
2024-03-28 00:00:00+05:30,1421.291575794765,1440.8248884577165,1421.291575794765,1428.3946533203125,27796071,0.0,0.0
2024-04-01 00:00:00+05:30,1438.358579073338,1453.9457778262265,1435.99088654525,1450.690185546875,12599785,0.0,0.0
2024-04-02 00:00:00+05:30,1445.412277358033,1474.7121260734777,1443.5378490949859,1460.210205078125,20612723,0.0,0.0
2024-04-03 00:00:00+05:30,1452.2686354934094,1475.5014307142715,1451.578113687724,1462.331298828125,22792193,0.0,0.0
2024-04-04 00:00:00+05:30,1483.7389462877031,1509.3886887102299,1483.7389462877031,1507.02099609375,44467533,0.0,0.0
2024-04-05 00:00:00+05:30,1518.2673690715094,1533.5585608977656,1509.5366158881382,1528.67529296875,29527951,0.0,0.0
2024-04-08 00:00:00+05:30,1534.0025038656252,1536.2715676761343,1520.7831177809633,1525.7650146484375,10241470,0.0,0.0
2024-04-09 00:00:00+05:30,1533.9037778505833,1533.9037778505833,1519.549860770675,1527.688720703125,10942247,0.0,0.0
2024-04-10 00:00:00+05:30,1529.0205858636652,1529.0205858636652,1512.2988550997732,1515.653076171875,13903700,0.0,0.0
2024-04-12 00:00:00+05:30,1500.5098583664476,1509.2406115636873,1493.0615199721349,1498.4874267578125,20542104,0.0,0.0
2024-04-15 00:00:00+05:30,1477.3757894532973,1489.6580209924682,1471.9498827543182,1474.5640869140625,11707624,0.0,0.0
2024-04-16 00:00:00+05:30,1466.9679526707698,1492.5190661804002,1462.2819420620367,1488.918212890625,10372443,0.0,0.0
2024-04-18 00:00:00+05:30,1489.46076346466,1498.388774050203,1470.9633542635945,1474.5640869140625,17117442,0.0,0.0
2024-04-19 00:00:00+05:30,1466.523992134222,1514.271875268071,1460.3088144041847,1510.671142578125,17288217,0.0,0.0
2024-04-22 00:00:00+05:30,1536.4195301823074,1536.4195301823074,1487.9810042807228,1491.828369140625,21149219,0.0,0.0
2024-04-23 00:00:00+05:30,1505.7385612573923,1505.935818795379,1482.9990302025244,1487.2904052734375,13413530,0.0,0.0
2024-04-24 00:00:00+05:30,1494.59067522319,1501.2497425880458,1488.7208788274686,1491.3350830078125,11220790,0.0,0.0
2024-04-25 00:00:00+05:30,1485.9585709155997,1499.2273312291227,1485.9585709155997,1490.39794921875,17722602,0.0,0.0
2024-04-26 00:00:00+05:30,1499.3261006811072,1507.4155864169331,1485.2680691978342,1489.4608154296875,12427347,0.0,0.0
2024-04-29 00:00:00+05:30,1494.5907220656516,1513.7786537924596,1486.2546041624225,1508.8953857421875,18046675,0.0,0.0
2024-04-30 00:00:00+05:30,1508.5993335038902,1518.7606252206858,1494.4920482143123,1499.6219482421875,26153691,0.0,0.0
2024-05-02 00:00:00+05:30,1501.4963593609784,1516.294286687138,1499.8685632699328,1511.6082763671875,16737503,0.0,0.0
2024-05-03 00:00:00+05:30,1512.5948000182832,1519.8457602997444,1486.8956848070363,1499.128662109375,15932621,0.0,0.0
2024-05-06 00:00:00+05:30,1501.4964276806866,1513.8280343469207,1496.711788379357,1502.1376953125,14396698,0.0,0.0
2024-05-07 00:00:00+05:30,1501.4470640358736,1503.5188703115905,1483.8869282705728,1485.8599853515625,14240301,0.0,0.0
2024-05-08 00:00:00+05:30,1475.7972705476566,1476.7837990537682,1460.4074499374806,1462.676513671875,20843931,0.0,0.0
2024-05-09 00:00:00+05:30,1455.0801590835492,1466.7212435233162,1425.8296854760363,1428.0,23140639,0.0,0.0
2024-05-10 00:00:00+05:30,1439.0,1451.949951171875,1426.800048828125,1437.9000244140625,13638304,19.5,0.0
2024-05-13 00:00:00+05:30,1432.0,1459.800048828125,1430.300048828125,1455.25,13523601,0.0,0.0
2024-05-14 00:00:00+05:30,1452.25,1465.5,1450.300048828125,1460.949951171875,12832571,0.0,0.0
2024-05-15 00:00:00+05:30,1459.699951171875,1459.699951171875,1435.800048828125,1438.5,19465998,0.0,0.0
2024-05-16 00:00:00+05:30,1446.050048828125,1462.550048828125,1435.5,1460.25,17472618,0.0,0.0
2024-05-17 00:00:00+05:30,1446.199951171875,1468.0,1446.199951171875,1464.0999755859375,10460095,0.0,0.0
2024-05-21 00:00:00+05:30,1450.0999755859375,1469.699951171875,1450.0999755859375,1458.800048828125,21884989,0.0,0.0
2024-05-22 00:00:00+05:30,1457.8499755859375,1465.5999755859375,1448.1500244140625,1459.199951171875,19998139,0.0,0.0
2024-05-23 00:00:00+05:30,1458.6500244140625,1495.6500244140625,1457.050048828125,1492.5999755859375,20430960,0.0,0.0
2024-05-24 00:00:00+05:30,1487.5,1519.9000244140625,1486.0,1517.199951171875,15530103,0.0,0.0
2024-05-27 00:00:00+05:30,1523.3499755859375,1545.0,1519.050048828125,1527.699951171875,14692720,0.0,0.0
2024-05-28 00:00:00+05:30,1530.0999755859375,1536.050048828125,1524.800048828125,1530.5,13954452,0.0,0.0
2024-05-29 00:00:00+05:30,1518.0,1523.8499755859375,1501.25,1508.300048828125,17573853,0.0,0.0
2024-05-30 00:00:00+05:30,1499.199951171875,1523.5999755859375,1497.6500244140625,1514.8499755859375,16877675,0.0,0.0
2024-05-31 00:00:00+05:30,1519.0,1536.0,1514.0,1531.550048828125,37039794,0.0,0.0
2024-06-03 00:00:00+05:30,1599.0,1599.0,1550.0,1572.199951171875,36318628,0.0,0.0
2024-06-04 00:00:00+05:30,1557.0,1559.0,1454.0,1483.1500244140625,44765620,0.0,0.0
2024-06-05 00:00:00+05:30,1494.050048828125,1559.5999755859375,1482.3499755859375,1551.800048828125,40815825,0.0,0.0
2024-06-06 00:00:00+05:30,1564.9000244140625,1565.449951171875,1546.5999755859375,1559.699951171875,23211435,0.0,0.0
2024-06-07 00:00:00+05:30,1561.050048828125,1584.3499755859375,1552.050048828125,1573.3499755859375,18356108,0.0,0.0
2024-06-10 00:00:00+05:30,1574.0,1580.6500244140625,1557.5999755859375,1561.300048828125,11227029,0.0,0.0
2024-06-11 00:00:00+05:30,1556.0,1571.0,1552.199951171875,1564.800048828125,14772663,0.0,0.0
2024-06-12 00:00:00+05:30,1575.0,1588.300048828125,1566.4000244140625,1574.1500244140625,19640218,0.0,0.0
2024-06-13 00:00:00+05:30,1581.75,1585.699951171875,1574.0,1580.75,12060096,0.0,0.0
2024-06-14 00:00:00+05:30,1584.0,1599.0,1577.699951171875,1596.9000244140625,12770277,0.0,0.0
2024-06-18 00:00:00+05:30,1596.9000244140625,1610.5,1589.449951171875,1607.800048828125,16207857,0.0,0.0
2024-06-19 00:00:00+05:30,1613.4000244140625,1669.9000244140625,1604.0,1657.8499755859375,45065598,0.0,0.0
2024-06-20 00:00:00+05:30,1669.800048828125,1681.449951171875,1652.0,1669.3499755859375,20704371,0.0,0.0
2024-06-21 00:00:00+05:30,1672.8499755859375,1672.8499755859375,1643.1500244140625,1665.75,25815388,0.0,0.0
2024-06-24 00:00:00+05:30,1647.0,1675.0999755859375,1645.75,1672.4000244140625,14272497,0.0,0.0
2024-06-25 00:00:00+05:30,1671.0999755859375,1716.949951171875,1671.0999755859375,1711.3499755859375,37260774,0.0,0.0
2024-06-26 00:00:00+05:30,1707.949951171875,1710.9000244140625,1691.0999755859375,1701.5,23798333,0.0,0.0
2024-06-27 00:00:00+05:30,1696.0999755859375,1713.0,1686.5999755859375,1696.1500244140625,27537325,0.0,0.0
2024-06-28 00:00:00+05:30,1697.5999755859375,1706.5999755859375,1679.0,1683.800048828125,13238023,0.0,0.0
2024-07-01 00:00:00+05:30,1680.0,1707.300048828125,1680.0,1705.199951171875,10593512,0.0,0.0
2024-07-02 00:00:00+05:30,1715.0,1734.9000244140625,1702.75,1730.5999755859375,22960845,0.0,0.0
2024-07-03 00:00:00+05:30,1791.0,1794.0,1764.6500244140625,1768.6500244140625,61608901,0.0,0.0
2024-07-04 00:00:00+05:30,1759.75,1759.75,1724.8499755859375,1727.1500244140625,22924329,0.0,0.0
2024-07-05 00:00:00+05:30,1685.0,1685.0,1642.199951171875,1648.0999755859375,41121274,0.0,0.0
2024-07-08 00:00:00+05:30,1645.300048828125,1654.949951171875,1627.1500244140625,1635.3499755859375,19543900,0.0,0.0
2024-07-09 00:00:00+05:30,1625.0,1646.699951171875,1620.3499755859375,1636.5,24275439,0.0,0.0
2024-07-10 00:00:00+05:30,1629.949951171875,1640.0,1620.75,1626.0999755859375,22753591,0.0,0.0
2024-07-11 00:00:00+05:30,1623.949951171875,1625.8499755859375,1601.0,1621.9000244140625,22088537,0.0,0.0
2024-07-12 00:00:00+05:30,1622.0,1638.4000244140625,1611.1500244140625,1622.699951171875,28024980,0.0,0.0
2024-07-15 00:00:00+05:30,1623.5,1629.800048828125,1615.199951171875,1622.0999755859375,16687847,0.0,0.0
2024-07-16 00:00:00+05:30,1620.75,1627.0,1616.800048828125,1619.75,14475162,0.0,0.0
2024-07-18 00:00:00+05:30,1608.0,1623.949951171875,1599.1500244140625,1614.800048828125,16858532,0.0,0.0
2024-07-19 00:00:00+05:30,1616.0,1623.0,1603.5,1607.300048828125,13001076,0.0,0.0
2024-07-22 00:00:00+05:30,1617.0,1651.0,1612.6500244140625,1642.550048828125,26872411,0.0,0.0
2024-07-23 00:00:00+05:30,1647.550048828125,1647.800048828125,1605.0,1618.4000244140625,26001076,0.0,0.0
2024-07-24 00:00:00+05:30,1608.1500244140625,1621.0,1588.050048828125,1604.050048828125,30864103,0.0,0.0
2024-07-25 00:00:00+05:30,1593.0,1625.0,1593.0,1616.5999755859375,12767866,0.0,0.0
2024-07-26 00:00:00+05:30,1605.0,1621.75,1596.449951171875,1618.1500244140625,21905270,0.0,0.0
2024-07-29 00:00:00+05:30,1615.0,1631.8499755859375,1598.300048828125,1605.050048828125,25500574,0.0,0.0
2024-07-30 00:00:00+05:30,1602.0,1634.75,1599.0,1615.550048828125,27297917,0.0,0.0
2024-07-31 00:00:00+05:30,1614.0,1627.9000244140625,1609.199951171875,1615.75,18910242,0.0,0.0
2024-08-01 00:00:00+05:30,1622.9000244140625,1650.050048828125,1617.949951171875,1638.800048828125,13107587,0.0,0.0
2024-08-02 00:00:00+05:30,1631.0,1670.5,1631.0,1659.1500244140625,22059619,0.0,0.0
2024-08-05 00:00:00+05:30,1640.0999755859375,1646.0,1601.0,1615.75,20666817,0.0,0.0
2024-08-06 00:00:00+05:30,1630.0,1632.949951171875,1593.300048828125,1601.199951171875,22558025,0.0,0.0
2024-08-07 00:00:00+05:30,1617.0,1630.0,1602.199951171875,1623.5,21173132,0.0,0.0
2024-08-08 00:00:00+05:30,1624.0,1653.300048828125,1619.25,1642.699951171875,16988475,0.0,0.0
2024-08-09 00:00:00+05:30,1652.0,1662.550048828125,1645.800048828125,1650.199951171875,13322309,0.0,0.0
2024-08-12 00:00:00+05:30,1652.0,1675.949951171875,1647.3499755859375,1660.0999755859375,19658098,0.0,0.0
2024-08-13 00:00:00+05:30,1628.0,1632.4000244140625,1601.1500244140625,1603.199951171875,27027521,0.0,0.0
2024-08-14 00:00:00+05:30,1606.5,1613.699951171875,1603.199951171875,1607.800048828125,16167214,0.0,0.0
2024-08-16 00:00:00+05:30,1628.5,1634.1500244140625,1611.0,1632.0999755859375,13924623,0.0,0.0
2024-08-19 00:00:00+05:30,1637.6500244140625,1637.6500244140625,1623.699951171875,1631.550048828125,9751082,0.0,0.0
2024-08-20 00:00:00+05:30,1627.449951171875,1646.0,1627.449951171875,1637.699951171875,15567247,0.0,0.0
2024-08-21 00:00:00+05:30,1628.0999755859375,1634.550048828125,1617.800048828125,1625.800048828125,23815452,0.0,0.0
2024-08-22 00:00:00+05:30,1632.0,1638.300048828125,1628.0,1631.300048828125,10650319,0.0,0.0
2024-08-23 00:00:00+05:30,1634.0,1634.0,1623.0,1625.050048828125,10166711,0.0,0.0
2024-08-26 00:00:00+05:30,1632.199951171875,1647.949951171875,1632.199951171875,1639.949951171875,11182133,0.0,0.0
2024-08-27 00:00:00+05:30,1643.4000244140625,1647.4000244140625,1632.199951171875,1637.75,17886622,0.0,0.0
2024-08-28 00:00:00+05:30,1637.75,1639.75,1630.199951171875,1637.0999755859375,13460594,0.0,0.0
2024-08-29 00:00:00+05:30,1642.0,1644.4000244140625,1631.1500244140625,1638.550048828125,24526302,0.0,0.0
2024-08-30 00:00:00+05:30,1656.0,1662.0,1621.1500244140625,1636.9000244140625,222671050,0.0,0.0
2024-09-02 00:00:00+05:30,1646.800048828125,1646.800048828125,1623.199951171875,1626.949951171875,17024840,0.0,0.0
2024-09-03 00:00:00+05:30,1634.0,1639.949951171875,1624.5999755859375,1637.3499755859375,18641430,0.0,0.0
2024-09-04 00:00:00+05:30,1639.0,1644.800048828125,1632.0,1641.800048828125,12341372,0.0,0.0
2024-09-05 00:00:00+05:30,1646.0,1649.9000244140625,1642.0,1645.449951171875,11438159,0.0,0.0
2024-09-06 00:00:00+05:30,1638.300048828125,1647.75,1634.0999755859375,1636.949951171875,13014801,0.0,0.0
2024-09-09 00:00:00+05:30,1638.0,1648.5,1630.0999755859375,1646.5,11896457,0.0,0.0
2024-09-10 00:00:00+05:30,1654.0,1654.0,1638.0,1650.3499755859375,13303323,0.0,0.0
2024-09-11 00:00:00+05:30,1650.4000244140625,1652.5,1639.199951171875,1643.9000244140625,11113342,0.0,0.0
2024-09-12 00:00:00+05:30,1654.0,1670.0,1647.050048828125,1666.5999755859375,16212023,0.0,0.0
2024-09-13 00:00:00+05:30,1674.0,1674.0,1657.050048828125,1665.949951171875,11930266,0.0,0.0
2024-09-16 00:00:00+05:30,1667.0,1677.800048828125,1664.050048828125,1670.949951171875,7586410,0.0,0.0
2024-09-17 00:00:00+05:30,1678.0,1678.0,1664.1500244140625,1668.800048828125,10063561,0.0,0.0
2024-09-18 00:00:00+05:30,1671.8499755859375,1698.9000244140625,1671.0999755859375,1694.800048828125,20458671,0.0,0.0
2024-09-19 00:00:00+05:30,1699.199951171875,1719.0,1699.1500244140625,1708.5,15325888,0.0,0.0
2024-09-20 00:00:00+05:30,1716.5,1744.949951171875,1707.550048828125,1741.199951171875,30311693,0.0,0.0
2024-09-23 00:00:00+05:30,1749.0,1766.3499755859375,1740.25,1759.800048828125,13482675,0.0,0.0
2024-09-24 00:00:00+05:30,1765.0,1781.6500244140625,1754.25,1768.050048828125,16519518,0.0,0.0
2024-09-25 00:00:00+05:30,1760.1500244140625,1788.0,1760.1500244140625,1779.0999755859375,15982656,0.0,0.0
2024-09-26 00:00:00+05:30,1773.050048828125,1788.0,1768.050048828125,1783.449951171875,15949822,0.0,0.0
2024-09-27 00:00:00+05:30,1777.0,1778.199951171875,1750.0,1752.6500244140625,17806751,0.0,0.0
2024-09-30 00:00:00+05:30,1748.800048828125,1751.449951171875,1724.4000244140625,1732.050048828125,13191767,0.0,0.0
2024-10-01 00:00:00+05:30,1724.0,1742.0,1720.0999755859375,1726.199951171875,12286142,0.0,0.0
2024-10-03 00:00:00+05:30,1715.6500244140625,1726.1500244140625,1673.3499755859375,1682.0,24236699,0.0,0.0
2024-10-04 00:00:00+05:30,1674.5,1690.6500244140625,1653.0,1657.6500244140625,24341616,0.0,0.0
2024-10-07 00:00:00+05:30,1652.199951171875,1659.0,1613.0,1617.800048828125,47229148,0.0,0.0
2024-10-08 00:00:00+05:30,1630.0,1656.800048828125,1622.0,1651.050048828125,14867203,0.0,0.0
2024-10-09 00:00:00+05:30,1649.5,1656.75,1628.699951171875,1633.1500244140625,20562821,0.0,0.0
2024-10-10 00:00:00+05:30,1639.0,1665.449951171875,1632.5,1662.4000244140625,10877383,0.0,0.0
2024-10-11 00:00:00+05:30,1664.449951171875,1664.449951171875,1643.25,1651.0,11836297,0.0,0.0
2024-10-14 00:00:00+05:30,1656.050048828125,1692.050048828125,1654.0,1688.0999755859375,9263754,0.0,0.0
2024-10-15 00:00:00+05:30,1694.0,1698.0,1675.5,1684.0999755859375,9825565,0.0,0.0
2024-10-16 00:00:00+05:30,1680.0999755859375,1707.949951171875,1680.0999755859375,1699.800048828125,10235341,0.0,0.0
2024-10-17 00:00:00+05:30,1694.949951171875,1697.6500244140625,1665.199951171875,1673.1500244140625,7347866,0.0,0.0
2024-10-18 00:00:00+05:30,1663.0999755859375,1691.0,1654.0999755859375,1681.8499755859375,12404862,0.0,0.0
2024-10-21 00:00:00+05:30,1715.0,1748.1500244140625,1711.050048828125,1728.699951171875,23274177,0.0,0.0
2024-10-22 00:00:00+05:30,1730.050048828125,1740.0,1710.699951171875,1714.550048828125,19437640,0.0,0.0
2024-10-23 00:00:00+05:30,1705.050048828125,1746.5,1705.050048828125,1735.800048828125,19018045,0.0,0.0
2024-10-24 00:00:00+05:30,1738.0999755859375,1768.6500244140625,1738.0999755859375,1749.6500244140625,15416129,0.0,0.0
2024-10-25 00:00:00+05:30,1755.0,1757.8499755859375,1728.699951171875,1743.4000244140625,13065239,0.0,0.0
2024-10-28 00:00:00+05:30,1742.0,1751.0,1728.9000244140625,1734.199951171875,11006071,0.0,0.0
2024-10-29 00:00:00+05:30,1726.1500244140625,1764.0,1725.0999755859375,1751.8499755859375,17897463,0.0,0.0
2024-10-30 00:00:00+05:30,1742.0,1754.75,1724.199951171875,1734.5999755859375,16357862,0.0,0.0
2024-10-31 00:00:00+05:30,1728.0,1738.9000244140625,1719.4000244140625,1735.699951171875,11447956,0.0,0.0
2024-11-01 00:00:00+05:30,1733.0,1744.0999755859375,1726.0999755859375,1737.300048828125,879846,0.0,0.0
2024-11-04 00:00:00+05:30,1745.0,1745.0,1710.9000244140625,1714.0999755859375,14044624,0.0,0.0
2024-11-05 00:00:00+05:30,1703.0,1762.699951171875,1697.9000244140625,1757.8499755859375,22116203,0.0,0.0
2024-11-06 00:00:00+05:30,1771.5,1771.5,1745.3499755859375,1755.25,13893955,0.0,0.0
2024-11-07 00:00:00+05:30,1744.300048828125,1760.949951171875,1738.0,1746.550048828125,9447728,0.0,0.0
2024-11-08 00:00:00+05:30,1752.0,1761.800048828125,1745.8499755859375,1754.449951171875,9951493,0.0,0.0
2024-11-11 00:00:00+05:30,1754.550048828125,1782.800048828125,1751.199951171875,1766.300048828125,12282681,0.0,0.0
2024-11-12 00:00:00+05:30,1772.0,1775.0,1708.6500244140625,1718.199951171875,15697703,0.0,0.0
2024-11-13 00:00:00+05:30,1716.75,1729.4000244140625,1673.0,1681.3499755859375,17864250,0.0,0.0
2024-11-14 00:00:00+05:30,1673.0999755859375,1704.8499755859375,1672.0999755859375,1692.75,13573235,0.0,0.0
2024-11-18 00:00:00+05:30,1700.0,1718.9000244140625,1695.0,1705.0999755859375,13540984,0.0,0.0
2024-11-19 00:00:00+05:30,1714.0,1753.75,1702.699951171875,1742.25,25490636,0.0,0.0
2024-11-21 00:00:00+05:30,1749.4000244140625,1759.0,1734.199951171875,1741.199951171875,17858256,0.0,0.0
2024-11-22 00:00:00+05:30,1743.550048828125,1754.300048828125,1729.550048828125,1745.5999755859375,12386806,0.0,0.0
2024-11-25 00:00:00+05:30,1785.050048828125,1803.550048828125,1764.9000244140625,1785.5999755859375,213868637,0.0,0.0
2024-11-26 00:00:00+05:30,1810.0,1810.0,1769.800048828125,1785.550048828125,15467783,0.0,0.0
2024-11-27 00:00:00+05:30,1789.9000244140625,1817.3499755859375,1785.1500244140625,1812.300048828125,16357488,0.0,0.0
2024-11-28 00:00:00+05:30,1819.0,1836.0999755859375,1788.0,1793.1500244140625,17861196,0.0,0.0
2024-11-29 00:00:00+05:30,1801.300048828125,1804.5999755859375,1782.9000244140625,1796.050048828125,13834768,0.0,0.0
2024-12-02 00:00:00+05:30,1803.5,1808.1500244140625,1775.0,1804.699951171875,7555438,0.0,0.0
2024-12-03 00:00:00+05:30,1822.699951171875,1837.4000244140625,1816.0999755859375,1826.300048828125,21705121,0.0,0.0
2024-12-04 00:00:00+05:30,1838.0,1865.0,1831.1500244140625,1860.0999755859375,22334542,0.0,0.0
2024-12-05 00:00:00+05:30,1860.0,1879.949951171875,1835.199951171875,1865.75,19841357,0.0,0.0
2024-12-06 00:00:00+05:30,1857.0,1864.199951171875,1844.0,1855.8499755859375,8891578,0.0,0.0
2024-12-09 00:00:00+05:30,1853.6500244140625,1880.0,1849.0,1870.0,13473956,0.0,0.0
2024-12-10 00:00:00+05:30,1877.699951171875,1877.699951171875,1858.550048828125,1868.0999755859375,6662740,0.0,0.0
2024-12-11 00:00:00+05:30,1861.699951171875,1871.9000244140625,1856.75,1863.0999755859375,7022713,0.0,0.0
2024-12-12 00:00:00+05:30,1851.0,1868.6500244140625,1848.699951171875,1859.25,8646895,0.0,0.0
2024-12-13 00:00:00+05:30,1862.5,1875.0,1829.25,1871.75,9504501,0.0,0.0
2024-12-16 00:00:00+05:30,1865.0999755859375,1869.949951171875,1855.25,1865.199951171875,6553541,0.0,0.0
2024-12-17 00:00:00+05:30,1856.3499755859375,1862.3499755859375,1826.5,1833.25,10539766,0.0,0.0
2024-12-18 00:00:00+05:30,1829.8499755859375,1836.0,1807.1500244140625,1810.699951171875,11711156,0.0,0.0
2024-12-19 00:00:00+05:30,1799.5999755859375,1801.0999755859375,1779.0,1793.5,12690385,0.0,0.0
2024-12-20 00:00:00+05:30,1782.199951171875,1797.550048828125,1767.050048828125,1771.5,12846174,0.0,0.0
2024-12-23 00:00:00+05:30,1782.0,1806.0,1781.300048828125,1801.0,5522296,0.0,0.0
2024-12-24 00:00:00+05:30,1802.050048828125,1808.699951171875,1789.550048828125,1798.0999755859375,7242917,0.0,0.0
2024-12-26 00:00:00+05:30,1798.550048828125,1812.0,1780.75,1790.75,5240839,0.0,0.0
2024-12-27 00:00:00+05:30,1794.800048828125,1805.949951171875,1789.0999755859375,1798.25,3629665,0.0,0.0
2024-12-30 00:00:00+05:30,1792.199951171875,1815.0,1771.0,1777.9000244140625,11111109,0.0,0.0
2024-12-31 00:00:00+05:30,1770.300048828125,1781.800048828125,1765.5999755859375,1772.8499755859375,7058618,0.0,0.0
2025-01-01 00:00:00+05:30,1773.449951171875,1794.0,1761.0999755859375,1782.75,3656903,0.0,0.0
2025-01-02 00:00:00+05:30,1777.0999755859375,1803.449951171875,1773.0,1793.75,9279288,0.0,0.0
2025-01-03 00:00:00+05:30,1791.0,1795.25,1746.300048828125,1749.199951171875,12213097,0.0,0.0
2025-01-06 00:00:00+05:30,1740.0999755859375,1757.199951171875,1705.800048828125,1710.5,9408174,0.0,0.0
2025-01-07 00:00:00+05:30,1715.0,1721.0,1700.0,1713.4000244140625,6763953,0.0,0.0
2025-01-08 00:00:00+05:30,1708.25,1711.6500244140625,1683.3499755859375,1694.300048828125,9869095,0.0,0.0
2025-01-09 00:00:00+05:30,1684.1500244140625,1689.0,1658.0999755859375,1667.800048828125,20210111,0.0,0.0
2025-01-10 00:00:00+05:30,1671.0,1674.9000244140625,1654.0,1656.75,8726640,0.0,0.0
2025-01-13 00:00:00+05:30,1640.0,1646.75,1624.300048828125,1630.8499755859375,10834533,0.0,0.0
2025-01-14 00:00:00+05:30,1639.9000244140625,1656.199951171875,1637.0,1646.5999755859375,13330716,0.0,0.0
2025-01-15 00:00:00+05:30,1656.5,1662.699951171875,1636.300048828125,1643.050048828125,7011446,0.0,0.0
2025-01-16 00:00:00+05:30,1652.8499755859375,1660.550048828125,1642.8499755859375,1652.050048828125,10606227,0.0,0.0
2025-01-17 00:00:00+05:30,1643.5,1650.5,1628.5,1636.75,11556038,0.0,0.0
2025-01-20 00:00:00+05:30,1626.0,1660.949951171875,1626.0,1651.25,8778809,0.0,0.0
2025-01-21 00:00:00+05:30,1658.25,1661.050048828125,1633.050048828125,1642.4000244140625,15579072,0.0,0.0
2025-01-22 00:00:00+05:30,1642.4000244140625,1671.9000244140625,1625.449951171875,1666.050048828125,15309653,0.0,0.0
2025-01-23 00:00:00+05:30,1687.0,1687.0,1651.25,1664.9000244140625,17454579,0.0,0.0
2025-01-24 00:00:00+05:30,1660.0,1670.300048828125,1644.5,1649.800048828125,12118100,0.0,0.0
2025-01-27 00:00:00+05:30,1641.0999755859375,1643.5999755859375,1626.0,1629.800048828125,11402083,0.0,0.0
2025-01-28 00:00:00+05:30,1647.0,1684.300048828125,1647.0,1670.4000244140625,15089656,0.0,0.0
2025-01-29 00:00:00+05:30,1675.0,1681.1500244140625,1668.8499755859375,1677.300048828125,6309945,0.0,0.0
2025-01-30 00:00:00+05:30,1681.0,1697.9000244140625,1672.550048828125,1691.5,12872423,0.0,0.0
2025-01-31 00:00:00+05:30,1687.25,1704.699951171875,1683.949951171875,1698.75,7910843,0.0,0.0
2025-02-01 00:00:00+05:30,1697.5,1713.0,1676.050048828125,1690.949951171875,2793764,0.0,0.0
2025-02-03 00:00:00+05:30,1670.0,1686.800048828125,1663.449951171875,1678.0,10138270,0.0,0.0
2025-02-04 00:00:00+05:30,1688.699951171875,1725.800048828125,1680.050048828125,1720.9000244140625,14308251,0.0,0.0
2025-02-05 00:00:00+05:30,1733.0,1744.199951171875,1718.9000244140625,1737.800048828125,11837753,0.0,0.0
2025-02-06 00:00:00+05:30,1735.5,1749.0,1724.0,1743.8499755859375,13380358,0.0,0.0
2025-02-07 00:00:00+05:30,1750.0,1767.0,1725.0,1732.75,11754800,0.0,0.0
2025-02-10 00:00:00+05:30,1717.300048828125,1723.449951171875,1708.5,1715.75,8597975,0.0,0.0
2025-02-11 00:00:00+05:30,1703.0,1711.0,1688.699951171875,1701.4000244140625,11362352,0.0,0.0
2025-02-12 00:00:00+05:30,1693.0,1712.0,1681.199951171875,1706.800048828125,11404785,0.0,0.0
2025-02-13 00:00:00+05:30,1699.0,1714.25,1693.550048828125,1697.699951171875,6301217,0.0,0.0
2025-02-14 00:00:00+05:30,1701.9000244140625,1701.9000244140625,1680.0,1694.8499755859375,9979946,0.0,0.0
2025-02-17 00:00:00+05:30,1685.199951171875,1720.0,1681.25,1717.3499755859375,6469473,0.0,0.0
2025-02-18 00:00:00+05:30,1713.050048828125,1731.550048828125,1706.1500244140625,1723.050048828125,8175455,0.0,0.0
2025-02-19 00:00:00+05:30,1717.0,1737.9000244140625,1712.449951171875,1727.199951171875,5942056,0.0,0.0
2025-02-20 00:00:00+05:30,1711.0,1714.699951171875,1685.300048828125,1687.0999755859375,13195255,0.0,0.0
2025-02-21 00:00:00+05:30,1680.9000244140625,1694.949951171875,1677.25,1692.5,7840470,0.0,0.0
2025-02-24 00:00:00+05:30,1681.0999755859375,1684.199951171875,1661.0999755859375,1677.0999755859375,10346823,0.0,0.0
2025-02-25 00:00:00+05:30,1671.0999755859375,1688.0,1671.0999755859375,1682.3499755859375,12069354,0.0,0.0
2025-02-27 00:00:00+05:30,1682.550048828125,1710.75,1682.550048828125,1700.699951171875,17893400,0.0,0.0
2025-02-28 00:00:00+05:30,1685.0,1737.25,1685.0,1732.4000244140625,27258364,0.0,0.0
2025-03-03 00:00:00+05:30,1739.800048828125,1743.050048828125,1694.0999755859375,1701.550048828125,10602682,0.0,0.0
2025-03-04 00:00:00+05:30,1698.0,1714.300048828125,1693.25,1710.0,9960479,0.0,0.0
2025-03-05 00:00:00+05:30,1701.949951171875,1710.800048828125,1688.25,1690.0,10791936,0.0,0.0
2025-03-06 00:00:00+05:30,1687.0,1699.9000244140625,1672.25,1691.199951171875,16483044,0.0,0.0
2025-03-07 00:00:00+05:30,1682.0,1701.1500244140625,1677.5999755859375,1689.25,6686457,0.0,0.0
2025-03-10 00:00:00+05:30,1689.0,1699.9000244140625,1683.050048828125,1687.5,7802025,0.0,0.0
2025-03-11 00:00:00+05:30,1682.4000244140625,1694.0,1670.050048828125,1685.5,9949215,0.0,0.0
2025-03-12 00:00:00+05:30,1691.550048828125,1718.5,1691.550048828125,1711.1500244140625,9392053,0.0,0.0
2025-03-13 00:00:00+05:30,1716.050048828125,1720.800048828125,1700.050048828125,1706.5999755859375,7868132,0.0,0.0
2025-03-17 00:00:00+05:30,1705.0,1724.0,1705.0,1710.4000244140625,9475326,0.0,0.0
2025-03-18 00:00:00+05:30,1710.4000244140625,1710.4000244140625,1710.4000244140625,1710.4000244140625,0,0.0,0.0
2025-03-19 00:00:00+05:30,1735.0,1751.0,1732.199951171875,1744.0999755859375,7610703,0.0,0.0
2025-03-20 00:00:00+05:30,1754.0,1774.0,1749.300048828125,1768.75,8916989,0.0,0.0
2025-03-21 00:00:00+05:30,1755.550048828125,1774.0999755859375,1755.550048828125,1770.3499755859375,16754132,0.0,0.0
2025-03-24 00:00:00+05:30,1779.0,1804.4000244140625,1773.6500244140625,1800.0,8696868,0.0,0.0
2025-03-25 00:00:00+05:30,1804.9000244140625,1843.699951171875,1801.5,1821.449951171875,19550708,0.0,0.0
2025-03-26 00:00:00+05:30,1825.0,1827.5,1802.0,1806.550048828125,12239221,0.0,0.0
2025-03-27 00:00:00+05:30,1800.0,1841.0,1798.0999755859375,1825.3499755859375,20829050,0.0,0.0
2025-03-28 00:00:00+05:30,1829.0,1836.0,1805.8499755859375,1828.199951171875,14386824,0.0,0.0
