Datetime,Open,High,Low,Close,Volume,Dividends,Stock Splits
2025-03-03 09:15:00+05:30,2191.5,2193.449951171875,2176.699951171875,2191.800048828125,0,0.0,0.0
2025-03-03 09:20:00+05:30,2191.25,2193.85009765625,2183.800048828125,2186.35009765625,17284,0.0,0.0
2025-03-03 09:25:00+05:30,2186.0,2190.89990234375,2185.25,2187.199951171875,8841,0.0,0.0
2025-03-03 09:30:00+05:30,2187.60009765625,2188.89990234375,2185.449951171875,2186.10009765625,11589,0.0,0.0
2025-03-03 09:35:00+05:30,2185.25,2187.0,2181.60009765625,2181.949951171875,12016,0.0,0.0
2025-03-03 09:40:00+05:30,2181.89990234375,2183.800048828125,2180.0,2180.5,7249,0.0,0.0
2025-03-03 09:45:00+05:30,2179.14990234375,2179.14990234375,2172.75,2174.949951171875,15997,0.0,0.0
2025-03-03 09:50:00+05:30,2174.85009765625,2175.0,2169.300048828125,2169.300048828125,11801,0.0,0.0
2025-03-03 09:55:00+05:30,2170.949951171875,2172.5,2169.75,2170.14990234375,7211,0.0,0.0
2025-03-03 10:00:00+05:30,2170.64990234375,2171.10009765625,2168.0,2169.25,7823,0.0,0.0
2025-03-03 10:05:00+05:30,2168.449951171875,2169.800048828125,2166.800048828125,2167.050048828125,6529,0.0,0.0
2025-03-03 10:10:00+05:30,2167.550048828125,2170.550048828125,2166.10009765625,2169.0,7208,0.0,0.0
2025-03-03 10:15:00+05:30,2170.39990234375,2170.39990234375,2166.050048828125,2167.14990234375,9649,0.0,0.0
2025-03-03 10:20:00+05:30,2167.14990234375,2170.699951171875,2166.449951171875,2168.699951171875,14515,0.0,0.0
2025-03-03 10:25:00+05:30,2168.699951171875,2170.89990234375,2167.25,2170.89990234375,7483,0.0,0.0
2025-03-03 10:30:00+05:30,2170.64990234375,2170.64990234375,2165.39990234375,2165.89990234375,8203,0.0,0.0
2025-03-03 10:35:00+05:30,2165.39990234375,2168.25,2165.39990234375,2167.550048828125,7336,0.0,0.0
2025-03-03 10:40:00+05:30,2167.050048828125,2167.14990234375,2161.14990234375,2161.60009765625,9387,0.0,0.0
2025-03-03 10:45:00+05:30,2162.699951171875,2165.699951171875,2161.5,2165.699951171875,7787,0.0,0.0
2025-03-03 10:50:00+05:30,2165.0,2166.0,2162.60009765625,2162.85009765625,27521,0.0,0.0
2025-03-03 10:55:00+05:30,2162.85009765625,2165.449951171875,2160.699951171875,2165.14990234375,4893,0.0,0.0
2025-03-03 11:00:00+05:30,2165.199951171875,2167.050048828125,2158.5,2161.449951171875,22120,0.0,0.0
2025-03-03 11:05:00+05:30,2160.64990234375,2165.89990234375,2160.14990234375,2165.0,34287,0.0,0.0
2025-03-03 11:10:00+05:30,2165.64990234375,2166.75,2165.0,2166.64990234375,27839,0.0,0.0
2025-03-03 11:15:00+05:30,2167.14990234375,2167.39990234375,2165.0,2165.5,5901,0.0,0.0
2025-03-03 11:20:00+05:30,2165.050048828125,2167.300048828125,2165.0,2166.0,6274,0.0,0.0
2025-03-03 11:25:00+05:30,2166.800048828125,2168.050048828125,2165.050048828125,2168.0,9410,0.0,0.0
2025-03-03 11:30:00+05:30,2168.0,2168.300048828125,2165.0,2167.050048828125,48039,0.0,0.0
2025-03-03 11:35:00+05:30,2167.0,2167.050048828125,2165.0,2166.39990234375,9884,0.0,0.0
2025-03-03 11:40:00+05:30,2166.050048828125,2166.800048828125,2163.89990234375,2163.89990234375,26422,0.0,0.0
2025-03-03 11:45:00+05:30,2165.0,2169.60009765625,2165.0,2167.75,21043,0.0,0.0
2025-03-03 11:50:00+05:30,2167.550048828125,2168.0,2165.0,2165.0,14105,0.0,0.0
2025-03-03 11:55:00+05:30,2165.699951171875,2167.199951171875,2165.199951171875,2167.0,5944,0.0,0.0
2025-03-03 12:00:00+05:30,2167.0,2169.800048828125,2165.64990234375,2169.050048828125,7953,0.0,0.0
2025-03-03 12:05:00+05:30,2169.800048828125,2171.85009765625,2168.89990234375,2171.800048828125,36258,0.0,0.0
2025-03-03 12:10:00+05:30,2172.949951171875,2175.0,2172.89990234375,2174.449951171875,11540,0.0,0.0
2025-03-03 12:15:00+05:30,2174.449951171875,2175.300048828125,2173.0,2174.949951171875,11672,0.0,0.0
2025-03-03 12:20:00+05:30,2174.89990234375,2175.050048828125,2173.0,2173.10009765625,33957,0.0,0.0
2025-03-03 12:25:00+05:30,2173.050048828125,2173.39990234375,2170.699951171875,2171.75,5392,0.0,0.0
2025-03-03 12:30:00+05:30,2171.050048828125,2172.0,2169.449951171875,2169.449951171875,7923,0.0,0.0
2025-03-03 12:35:00+05:30,2170.0,2171.60009765625,2166.0,2166.75,8253,0.0,0.0
2025-03-03 12:40:00+05:30,2167.699951171875,2167.699951171875,2165.35009765625,2165.35009765625,9692,0.0,0.0
2025-03-03 12:45:00+05:30,2165.75,2171.10009765625,2164.89990234375,2170.89990234375,21876,0.0,0.0
2025-03-03 12:50:00+05:30,2170.89990234375,2171.0,2167.550048828125,2168.64990234375,36445,0.0,0.0
2025-03-03 12:55:00+05:30,2168.75,2173.0,2168.39990234375,2171.199951171875,19313,0.0,0.0
2025-03-03 13:00:00+05:30,2171.64990234375,2172.300048828125,2170.0,2170.89990234375,7278,0.0,0.0
2025-03-03 13:05:00+05:30,2170.5,2172.300048828125,2170.300048828125,2172.14990234375,7525,0.0,0.0
2025-03-03 13:10:00+05:30,2172.5,2174.199951171875,2172.0,2173.64990234375,24680,0.0,0.0
2025-03-03 13:15:00+05:30,2173.699951171875,2173.699951171875,2170.550048828125,2171.550048828125,14045,0.0,0.0
2025-03-03 13:20:00+05:30,2171.60009765625,2171.60009765625,2168.0,2168.85009765625,12678,0.0,0.0
2025-03-03 13:25:00+05:30,2168.85009765625,2172.300048828125,2168.0,2168.10009765625,31769,0.0,0.0
2025-03-03 13:30:00+05:30,2168.449951171875,2168.449951171875,2165.0,2165.0,12511,0.0,0.0
2025-03-03 13:35:00+05:30,2165.0,2166.449951171875,2165.0,2165.800048828125,9484,0.0,0.0
2025-03-03 13:40:00+05:30,2166.25,2166.25,2164.35009765625,2164.949951171875,11700,0.0,0.0
2025-03-03 13:45:00+05:30,2165.0,2167.449951171875,2164.89990234375,2165.800048828125,8649,0.0,0.0
2025-03-03 13:50:00+05:30,2165.050048828125,2166.89990234375,2165.050048828125,2165.14990234375,7714,0.0,0.0
2025-03-03 13:55:00+05:30,2166.050048828125,2166.050048828125,2165.0,2165.35009765625,5518,0.0,0.0
2025-03-03 14:00:00+05:30,2165.35009765625,2169.449951171875,2165.10009765625,2167.449951171875,36522,0.0,0.0
2025-03-03 14:05:00+05:30,2167.449951171875,2168.449951171875,2166.14990234375,2167.550048828125,12412,0.0,0.0
2025-03-03 14:10:00+05:30,2167.5,2171.10009765625,2166.300048828125,2169.85009765625,13751,0.0,0.0
2025-03-03 14:15:00+05:30,2169.699951171875,2170.0,2167.75,2170.0,14836,0.0,0.0
2025-03-03 14:20:00+05:30,2170.0,2172.5,2170.0,2172.449951171875,10011,0.0,0.0
2025-03-03 14:25:00+05:30,2172.5,2172.5,2168.949951171875,2170.800048828125,15407,0.0,0.0
2025-03-03 14:30:00+05:30,2169.89990234375,2170.550048828125,2168.39990234375,2168.39990234375,7608,0.0,0.0
2025-03-03 14:35:00+05:30,2169.199951171875,2169.85009765625,2167.199951171875,2167.64990234375,8561,0.0,0.0
2025-03-03 14:40:00+05:30,2168.699951171875,2168.800048828125,2166.050048828125,2167.199951171875,9361,0.0,0.0
2025-03-03 14:45:00+05:30,2167.75,2169.699951171875,2165.0,2166.300048828125,43751,0.0,0.0
2025-03-03 14:50:00+05:30,2167.300048828125,2171.550048828125,2167.300048828125,2171.550048828125,14092,0.0,0.0
2025-03-03 14:55:00+05:30,2171.60009765625,2172.949951171875,2170.0,2172.949951171875,12391,0.0,0.0
2025-03-03 15:00:00+05:30,2172.85009765625,2173.39990234375,2172.0,2172.75,20088,0.0,0.0
2025-03-03 15:05:00+05:30,2172.75,2175.550048828125,2172.050048828125,2174.89990234375,62953,0.0,0.0
2025-03-03 15:10:00+05:30,2174.949951171875,2175.550048828125,2174.39990234375,2175.550048828125,30679,0.0,0.0
2025-03-03 15:15:00+05:30,2176.35009765625,2178.75,2175.550048828125,2177.050048828125,57766,0.0,0.0
2025-03-03 15:20:00+05:30,2177.14990234375,2180.64990234375,2176.75,2180.10009765625,31943,0.0,0.0
2025-03-03 15:25:00+05:30,2180.10009765625,2181.89990234375,2178.0,2181.800048828125,39836,0.0,0.0
2025-03-04 09:15:00+05:30,2178.0,2178.0,2164.949951171875,2164.949951171875,0,0.0,0.0
2025-03-04 09:20:00+05:30,2163.949951171875,2168.0,2162.199951171875,2167.949951171875,22577,0.0,0.0
2025-03-04 09:25:00+05:30,2167.89990234375,2168.800048828125,2162.5,2164.0,13495,0.0,0.0
2025-03-04 09:30:00+05:30,2164.0,2165.0,2159.800048828125,2162.85009765625,19039,0.0,0.0
2025-03-04 09:35:00+05:30,2163.300048828125,2163.85009765625,2161.5,2163.5,14351,0.0,0.0
2025-03-04 09:40:00+05:30,2162.85009765625,2165.0,2157.64990234375,2157.64990234375,15391,0.0,0.0
2025-03-04 09:45:00+05:30,2157.5,2160.89990234375,2155.0,2160.89990234375,15507,0.0,0.0
2025-03-04 09:50:00+05:30,2160.800048828125,2160.800048828125,2156.449951171875,2157.14990234375,16670,0.0,0.0
2025-03-04 09:55:00+05:30,2157.14990234375,2158.85009765625,2155.60009765625,2158.85009765625,15232,0.0,0.0
2025-03-04 10:00:00+05:30,2157.800048828125,2162.5,2157.800048828125,2160.75,15065,0.0,0.0
2025-03-04 10:05:00+05:30,2161.25,2162.449951171875,2157.5,2158.800048828125,10608,0.0,0.0
2025-03-04 10:10:00+05:30,2158.800048828125,2159.14990234375,2156.949951171875,2156.949951171875,7020,0.0,0.0
2025-03-04 10:15:00+05:30,2156.949951171875,2156.949951171875,2155.199951171875,2155.800048828125,10283,0.0,0.0
2025-03-04 10:20:00+05:30,2156.25,2156.449951171875,2154.0,2154.14990234375,16415,0.0,0.0
2025-03-04 10:25:00+05:30,2154.14990234375,2154.199951171875,2148.10009765625,2149.300048828125,25003,0.0,0.0
2025-03-04 10:30:00+05:30,2149.35009765625,2151.0,2149.14990234375,2149.550048828125,11617,0.0,0.0
2025-03-04 10:35:00+05:30,2149.5,2151.75,2148.199951171875,2151.550048828125,16653,0.0,0.0
2025-03-04 10:40:00+05:30,2151.14990234375,2151.550048828125,2147.199951171875,2147.300048828125,31606,0.0,0.0
2025-03-04 10:45:00+05:30,2148.0,2154.25,2147.14990234375,2154.25,35486,0.0,0.0
2025-03-04 10:50:00+05:30,2154.25,2155.89990234375,2153.550048828125,2153.89990234375,10459,0.0,0.0
2025-03-04 10:55:00+05:30,2153.75,2155.85009765625,2152.199951171875,2153.60009765625,10006,0.0,0.0
2025-03-04 11:00:00+05:30,2153.64990234375,2154.0,2150.0,2152.050048828125,14703,0.0,0.0
2025-03-04 11:05:00+05:30,2151.14990234375,2157.39990234375,2151.14990234375,2155.199951171875,11452,0.0,0.0
2025-03-04 11:10:00+05:30,2155.199951171875,2158.0,2155.199951171875,2155.89990234375,43433,0.0,0.0
2025-03-04 11:15:00+05:30,2155.89990234375,2158.89990234375,2155.85009765625,2156.050048828125,39059,0.0,0.0
2025-03-04 11:20:00+05:30,2156.050048828125,2156.050048828125,2153.449951171875,2155.10009765625,29865,0.0,0.0
2025-03-04 11:25:00+05:30,2155.050048828125,2155.800048828125,2153.0,2153.0,14925,0.0,0.0
2025-03-04 11:30:00+05:30,2153.050048828125,2153.39990234375,2152.35009765625,2152.550048828125,12870,0.0,0.0
2025-03-04 11:35:00+05:30,2152.39990234375,2153.449951171875,2152.0,2152.0,10787,0.0,0.0
2025-03-04 11:40:00+05:30,2152.0,2152.050048828125,2150.5,2150.949951171875,14481,0.0,0.0
2025-03-04 11:45:00+05:30,2150.949951171875,2151.699951171875,2150.5,2150.550048828125,8751,0.0,0.0
2025-03-04 11:50:00+05:30,2150.5,2150.85009765625,2146.800048828125,2146.949951171875,33694,0.0,0.0
2025-03-04 11:55:00+05:30,2146.85009765625,2148.300048828125,2146.800048828125,2147.35009765625,11130,0.0,0.0
2025-03-04 12:00:00+05:30,2147.35009765625,2147.39990234375,2145.0,2145.10009765625,8975,0.0,0.0
2025-03-04 12:05:00+05:30,2145.050048828125,2145.949951171875,2141.75,2142.60009765625,16746,0.0,0.0
2025-03-04 12:10:00+05:30,2142.550048828125,2144.199951171875,2141.5,2141.60009765625,6019,0.0,0.0
2025-03-04 12:15:00+05:30,2141.550048828125,2143.35009765625,2141.5,2142.0,8678,0.0,0.0
2025-03-04 12:20:00+05:30,2141.949951171875,2143.0,2141.14990234375,2141.75,10503,0.0,0.0
2025-03-04 12:25:00+05:30,2141.800048828125,2141.949951171875,2141.0,2141.0,6526,0.0,0.0
2025-03-04 12:30:00+05:30,2140.75,2140.75,2137.550048828125,2137.550048828125,22995,0.0,0.0
2025-03-04 12:35:00+05:30,2137.85009765625,2138.60009765625,2137.699951171875,2137.699951171875,14394,0.0,0.0
2025-03-04 12:40:00+05:30,2137.60009765625,2138.550048828125,2136.0,2137.949951171875,13539,0.0,0.0
2025-03-04 12:45:00+05:30,2138.0,2142.449951171875,2138.0,2142.199951171875,12720,0.0,0.0
2025-03-04 12:50:00+05:30,2142.550048828125,2144.300048828125,2142.0,2143.5,13617,0.0,0.0
2025-03-04 12:55:00+05:30,2143.5,2144.39990234375,2143.5,2144.0,9636,0.0,0.0
2025-03-04 13:00:00+05:30,2145.0,2146.60009765625,2144.75,2146.199951171875,14290,0.0,0.0
2025-03-04 13:05:00+05:30,2146.050048828125,2149.10009765625,2146.0,2149.10009765625,13366,0.0,0.0
2025-03-04 13:10:00+05:30,2149.10009765625,2149.949951171875,2149.0,2149.14990234375,9298,0.0,0.0
2025-03-04 13:15:00+05:30,2149.10009765625,2151.300048828125,2149.10009765625,2150.0,14312,0.0,0.0
2025-03-04 13:20:00+05:30,2150.10009765625,2150.449951171875,2149.800048828125,2150.050048828125,13005,0.0,0.0
2025-03-04 13:25:00+05:30,2150.0,2150.10009765625,2149.699951171875,2150.10009765625,9368,0.0,0.0
2025-03-04 13:30:00+05:30,2150.050048828125,2150.5,2150.0,2150.050048828125,8740,0.0,0.0
2025-03-04 13:35:00+05:30,2150.0,2150.050048828125,2150.0,2150.050048828125,8382,0.0,0.0
2025-03-04 13:40:00+05:30,2150.050048828125,2151.800048828125,2150.0,2150.85009765625,52226,0.0,0.0
2025-03-04 13:45:00+05:30,2151.5,2151.5,2150.0,2151.300048828125,7895,0.0,0.0
2025-03-04 13:50:00+05:30,2150.60009765625,2150.60009765625,2148.0,2148.0,12531,0.0,0.0
2025-03-04 13:55:00+05:30,2148.14990234375,2150.5,2147.60009765625,2147.89990234375,14175,0.0,0.0
2025-03-04 14:00:00+05:30,2148.199951171875,2149.050048828125,2147.449951171875,2148.0,12014,0.0,0.0
2025-03-04 14:05:00+05:30,2148.0,2152.0,2147.0,2151.449951171875,12374,0.0,0.0
2025-03-04 14:10:00+05:30,2151.85009765625,2156.25,2151.85009765625,2153.89990234375,24359,0.0,0.0
2025-03-04 14:15:00+05:30,2153.5,2153.949951171875,2150.89990234375,2153.5,14433,0.0,0.0
2025-03-04 14:20:00+05:30,2153.39990234375,2154.800048828125,2152.14990234375,2153.050048828125,11957,0.0,0.0
2025-03-04 14:25:00+05:30,2153.449951171875,2153.449951171875,2150.39990234375,2151.449951171875,25976,0.0,0.0
2025-03-04 14:30:00+05:30,2151.39990234375,2152.10009765625,2150.60009765625,2151.5,8909,0.0,0.0
2025-03-04 14:35:00+05:30,2152.0,2160.10009765625,2151.10009765625,2158.75,19395,0.0,0.0
2025-03-04 14:40:00+05:30,2158.699951171875,2159.449951171875,2155.35009765625,2158.10009765625,27471,0.0,0.0
2025-03-04 14:45:00+05:30,2157.449951171875,2159.14990234375,2155.300048828125,2156.050048828125,25612,0.0,0.0
2025-03-04 14:50:00+05:30,2156.050048828125,2159.60009765625,2155.64990234375,2157.300048828125,28031,0.0,0.0
2025-03-04 14:55:00+05:30,2157.300048828125,2159.949951171875,2157.14990234375,2158.699951171875,30030,0.0,0.0
2025-03-04 15:00:00+05:30,2159.449951171875,2161.89990234375,2156.449951171875,2160.14990234375,75596,0.0,0.0
2025-03-04 15:05:00+05:30,2160.5,2160.5,2156.199951171875,2157.0,61305,0.0,0.0
2025-03-04 15:10:00+05:30,2158.300048828125,2160.0,2156.60009765625,2158.35009765625,236668,0.0,0.0
2025-03-04 15:15:00+05:30,2158.35009765625,2160.10009765625,2157.10009765625,2157.35009765625,67994,0.0,0.0
2025-03-04 15:20:00+05:30,2157.35009765625,2157.35009765625,2153.449951171875,2153.64990234375,72948,0.0,0.0
2025-03-04 15:25:00+05:30,2153.64990234375,2156.199951171875,2151.199951171875,2153.35009765625,80380,0.0,0.0
2025-03-05 09:15:00+05:30,2158.800048828125,2167.0,2151.60009765625,2165.0,0,0.0,0.0
2025-03-05 09:20:00+05:30,2164.85009765625,2173.35009765625,2164.85009765625,2172.10009765625,36579,0.0,0.0
2025-03-05 09:25:00+05:30,2172.800048828125,2174.35009765625,2169.949951171875,2174.35009765625,15102,0.0,0.0
2025-03-05 09:30:00+05:30,2174.300048828125,2174.39990234375,2166.699951171875,2166.699951171875,11657,0.0,0.0
2025-03-05 09:35:00+05:30,2166.449951171875,2167.050048828125,2161.60009765625,2162.0,16512,0.0,0.0
2025-03-05 09:40:00+05:30,2161.39990234375,2170.0,2161.39990234375,2169.050048828125,9419,0.0,0.0
2025-03-05 09:45:00+05:30,2170.0,2172.0,2169.0,2171.800048828125,6370,0.0,0.0
2025-03-05 09:50:00+05:30,2171.39990234375,2171.699951171875,2167.949951171875,2169.60009765625,9966,0.0,0.0
2025-03-05 09:55:00+05:30,2169.60009765625,2171.199951171875,2168.39990234375,2170.949951171875,5680,0.0,0.0
2025-03-05 10:00:00+05:30,2171.14990234375,2171.89990234375,2167.5,2167.75,8452,0.0,0.0
2025-03-05 10:05:00+05:30,2167.699951171875,2169.0,2163.85009765625,2164.699951171875,5393,0.0,0.0
2025-03-05 10:10:00+05:30,2164.75,2165.85009765625,2164.75,2165.25,4612,0.0,0.0
2025-03-05 10:15:00+05:30,2164.949951171875,2170.64990234375,2164.949951171875,2170.300048828125,5721,0.0,0.0
2025-03-05 10:20:00+05:30,2170.25,2170.25,2167.89990234375,2167.89990234375,7595,0.0,0.0
2025-03-05 10:25:00+05:30,2167.89990234375,2167.89990234375,2164.699951171875,2164.699951171875,3511,0.0,0.0
2025-03-05 10:30:00+05:30,2164.699951171875,2169.449951171875,2164.0,2169.449951171875,10919,0.0,0.0
2025-03-05 10:35:00+05:30,2169.39990234375,2169.949951171875,2166.300048828125,2169.5,6051,0.0,0.0
2025-03-05 10:40:00+05:30,2169.35009765625,2169.89990234375,2168.300048828125,2168.550048828125,13964,0.0,0.0
2025-03-05 10:45:00+05:30,2168.800048828125,2169.39990234375,2164.199951171875,2164.199951171875,8985,0.0,0.0
2025-03-05 10:50:00+05:30,2164.300048828125,2165.25,2163.0,2163.14990234375,10133,0.0,0.0
2025-03-05 10:55:00+05:30,2163.0,2166.949951171875,2163.0,2165.449951171875,6838,0.0,0.0
2025-03-05 11:00:00+05:30,2165.449951171875,2167.60009765625,2165.35009765625,2166.60009765625,4687,0.0,0.0
2025-03-05 11:05:00+05:30,2166.60009765625,2167.5,2166.35009765625,2166.60009765625,3385,0.0,0.0
2025-03-05 11:10:00+05:30,2166.60009765625,2168.89990234375,2166.199951171875,2167.949951171875,3430,0.0,0.0
2025-03-05 11:15:00+05:30,2168.60009765625,2168.60009765625,2168.35009765625,2168.39990234375,4327,0.0,0.0
2025-03-05 11:20:00+05:30,2168.050048828125,2169.64990234375,2168.050048828125,2168.10009765625,5665,0.0,0.0
2025-03-05 11:25:00+05:30,2168.10009765625,2168.10009765625,2165.0,2165.39990234375,4162,0.0,0.0
2025-03-05 11:30:00+05:30,2165.39990234375,2165.39990234375,2163.0,2163.699951171875,6707,0.0,0.0
2025-03-05 11:35:00+05:30,2163.699951171875,2168.0,2163.699951171875,2165.800048828125,11019,0.0,0.0
2025-03-05 11:40:00+05:30,2165.800048828125,2168.85009765625,2165.14990234375,2168.39990234375,3366,0.0,0.0
2025-03-05 11:45:00+05:30,2168.39990234375,2171.550048828125,2168.39990234375,2170.75,9067,0.0,0.0
2025-03-05 11:50:00+05:30,2170.800048828125,2173.550048828125,2170.800048828125,2172.25,9580,0.0,0.0
2025-03-05 11:55:00+05:30,2173.050048828125,2173.949951171875,2173.0,2173.64990234375,11100,0.0,0.0
2025-03-05 12:00:00+05:30,2174.199951171875,2180.0,2174.199951171875,2179.300048828125,30617,0.0,0.0
2025-03-05 12:05:00+05:30,2179.60009765625,2179.800048828125,2175.25,2176.75,11878,0.0,0.0
2025-03-05 12:10:00+05:30,2176.85009765625,2179.449951171875,2175.10009765625,2179.449951171875,21994,0.0,0.0
2025-03-05 12:15:00+05:30,2180.0,2183.449951171875,2179.64990234375,2182.85009765625,16360,0.0,0.0
2025-03-05 12:20:00+05:30,2182.85009765625,2183.949951171875,2182.0,2182.0,7616,0.0,0.0
2025-03-05 12:25:00+05:30,2182.10009765625,2186.10009765625,2181.300048828125,2186.10009765625,15024,0.0,0.0
2025-03-05 12:30:00+05:30,2187.0,2188.300048828125,2185.75,2186.449951171875,9772,0.0,0.0
2025-03-05 12:35:00+05:30,2186.35009765625,2186.89990234375,2185.050048828125,2186.14990234375,6441,0.0,0.0
2025-03-05 12:40:00+05:30,2185.89990234375,2190.25,2185.0,2189.10009765625,15744,0.0,0.0
2025-03-05 12:45:00+05:30,2189.14990234375,2189.199951171875,2185.300048828125,2185.39990234375,8589,0.0,0.0
2025-03-05 12:50:00+05:30,2186.0,2187.949951171875,2185.35009765625,2186.85009765625,8308,0.0,0.0
2025-03-05 12:55:00+05:30,2187.39990234375,2189.449951171875,2186.10009765625,2187.699951171875,13253,0.0,0.0
2025-03-05 13:00:00+05:30,2187.300048828125,2188.85009765625,2186.0,2187.199951171875,10995,0.0,0.0
2025-03-05 13:05:00+05:30,2186.89990234375,2190.39990234375,2186.0,2189.75,13315,0.0,0.0
2025-03-05 13:10:00+05:30,2189.800048828125,2190.39990234375,2189.0,2190.0,8031,0.0,0.0
2025-03-05 13:15:00+05:30,2190.0,2190.050048828125,2190.0,2190.050048828125,9296,0.0,0.0
2025-03-05 13:20:00+05:30,2190.050048828125,2191.449951171875,2189.199951171875,2190.0,15305,0.0,0.0
2025-03-05 13:25:00+05:30,2190.25,2190.699951171875,2188.300048828125,2190.050048828125,7731,0.0,0.0
2025-03-05 13:30:00+05:30,2190.0,2191.300048828125,2190.0,2190.0,8285,0.0,0.0
2025-03-05 13:35:00+05:30,2190.0,2190.199951171875,2185.050048828125,2187.75,23332,0.0,0.0
2025-03-05 13:40:00+05:30,2187.39990234375,2187.550048828125,2182.5,2183.300048828125,23572,0.0,0.0
2025-03-05 13:45:00+05:30,2182.64990234375,2183.39990234375,2178.800048828125,2178.949951171875,14414,0.0,0.0
2025-03-05 13:50:00+05:30,2178.949951171875,2182.949951171875,2178.5,2180.0,16079,0.0,0.0
2025-03-05 13:55:00+05:30,2180.050048828125,2181.85009765625,2178.75,2178.75,9768,0.0,0.0
2025-03-05 14:00:00+05:30,2178.60009765625,2179.300048828125,2175.699951171875,2177.35009765625,15919,0.0,0.0
2025-03-05 14:05:00+05:30,2177.39990234375,2178.5,2176.0,2176.0,11309,0.0,0.0
2025-03-05 14:10:00+05:30,2176.050048828125,2179.14990234375,2176.0,2176.25,12699,0.0,0.0
2025-03-05 14:15:00+05:30,2176.35009765625,2176.35009765625,2174.89990234375,2175.39990234375,31582,0.0,0.0
2025-03-05 14:20:00+05:30,2175.550048828125,2176.800048828125,2175.14990234375,2176.10009765625,12415,0.0,0.0
2025-03-05 14:25:00+05:30,2176.10009765625,2177.699951171875,2176.0,2176.0,7011,0.0,0.0
2025-03-05 14:30:00+05:30,2176.0,2176.14990234375,2175.0,2175.0,24952,0.0,0.0
2025-03-05 14:35:00+05:30,2175.0,2177.050048828125,2175.0,2175.64990234375,16373,0.0,0.0
2025-03-05 14:40:00+05:30,2175.35009765625,2176.35009765625,2175.0,2175.64990234375,17842,0.0,0.0
2025-03-05 14:45:00+05:30,2175.800048828125,2175.949951171875,2173.550048828125,2173.550048828125,19503,0.0,0.0
2025-03-05 14:50:00+05:30,2173.5,2174.89990234375,2172.5,2174.0,19681,0.0,0.0
2025-03-05 14:55:00+05:30,2173.949951171875,2174.0,2171.050048828125,2171.14990234375,18605,0.0,0.0
2025-03-05 15:00:00+05:30,2171.39990234375,2173.25,2170.199951171875,2170.199951171875,42863,0.0,0.0
2025-03-05 15:05:00+05:30,2170.199951171875,2170.199951171875,2167.800048828125,2168.89990234375,44914,0.0,0.0
2025-03-05 15:10:00+05:30,2168.5,2171.300048828125,2167.60009765625,2170.14990234375,52488,0.0,0.0
2025-03-05 15:15:00+05:30,2170.25,2171.75,2168.39990234375,2170.39990234375,47747,0.0,0.0
2025-03-05 15:20:00+05:30,2170.39990234375,2172.5,2169.85009765625,2171.25,52681,0.0,0.0
2025-03-05 15:25:00+05:30,2170.949951171875,2175.0,2170.449951171875,2170.449951171875,41259,0.0,0.0
2025-03-06 09:15:00+05:30,2180.64990234375,2190.35009765625,2177.699951171875,2178.10009765625,0,0.0,0.0
2025-03-06 09:20:00+05:30,2176.89990234375,2179.449951171875,2171.0,2171.64990234375,52708,0.0,0.0
2025-03-06 09:25:00+05:30,2171.64990234375,2179.14990234375,2171.5,2175.5,29943,0.0,0.0
2025-03-06 09:30:00+05:30,2176.25,2176.25,2169.0,2169.0,42283,0.0,0.0
2025-03-06 09:35:00+05:30,2170.0,2173.10009765625,2169.050048828125,2169.64990234375,30228,0.0,0.0
2025-03-06 09:40:00+05:30,2169.89990234375,2177.64990234375,2168.550048828125,2169.0,19234,0.0,0.0
2025-03-06 09:45:00+05:30,2169.449951171875,2171.550048828125,2164.0,2165.5,28705,0.0,0.0
2025-03-06 09:50:00+05:30,2165.050048828125,2175.75,2165.0,2175.75,25863,0.0,0.0
2025-03-06 09:55:00+05:30,2175.85009765625,2180.699951171875,2171.949951171875,2178.5,21766,0.0,0.0
2025-03-06 10:00:00+05:30,2178.5,2179.5,2172.10009765625,2173.550048828125,16349,0.0,0.0
2025-03-06 10:05:00+05:30,2173.050048828125,2176.5,2171.64990234375,2172.10009765625,12687,0.0,0.0
2025-03-06 10:10:00+05:30,2172.10009765625,2174.35009765625,2170.89990234375,2173.10009765625,10289,0.0,0.0
2025-03-06 10:15:00+05:30,2173.25,2179.14990234375,2172.050048828125,2177.300048828125,10580,0.0,0.0
2025-03-06 10:20:00+05:30,2177.39990234375,2179.550048828125,2173.75,2175.199951171875,17792,0.0,0.0
2025-03-06 10:25:00+05:30,2176.199951171875,2178.0,2174.25,2177.85009765625,4695,0.0,0.0
2025-03-06 10:30:00+05:30,2178.0,2179.14990234375,2174.25,2176.449951171875,12338,0.0,0.0
2025-03-06 10:35:00+05:30,2176.85009765625,2177.10009765625,2174.5,2176.14990234375,12156,0.0,0.0
2025-03-06 10:40:00+05:30,2176.14990234375,2178.0,2175.550048828125,2177.25,8712,0.0,0.0
2025-03-06 10:45:00+05:30,2177.25,2177.550048828125,2175.5,2175.699951171875,5448,0.0,0.0
2025-03-06 10:50:00+05:30,2175.60009765625,2176.800048828125,2175.0,2176.199951171875,6674,0.0,0.0
2025-03-06 10:55:00+05:30,2176.300048828125,2189.0,2176.10009765625,2186.10009765625,26235,0.0,0.0
2025-03-06 11:00:00+05:30,2186.10009765625,2188.949951171875,2184.050048828125,2185.949951171875,11512,0.0,0.0
2025-03-06 11:05:00+05:30,2185.14990234375,2192.949951171875,2184.85009765625,2190.800048828125,20891,0.0,0.0
2025-03-06 11:10:00+05:30,2190.85009765625,2200.60009765625,2190.85009765625,2200.10009765625,40450,0.0,0.0
2025-03-06 11:15:00+05:30,2200.10009765625,2205.0,2199.0,2204.800048828125,18440,0.0,0.0
2025-03-06 11:20:00+05:30,2204.75,2204.85009765625,2194.35009765625,2201.89990234375,46374,0.0,0.0
2025-03-06 11:25:00+05:30,2200.60009765625,2203.75,2197.050048828125,2203.699951171875,61683,0.0,0.0
2025-03-06 11:30:00+05:30,2203.699951171875,2207.0,2200.25,2207.0,18705,0.0,0.0
2025-03-06 11:35:00+05:30,2207.0,2212.550048828125,2207.0,2211.39990234375,25679,0.0,0.0
2025-03-06 11:40:00+05:30,2212.0,2214.0,2210.5,2212.699951171875,20145,0.0,0.0
2025-03-06 11:45:00+05:30,2213.0,2214.39990234375,2210.5,2211.39990234375,34120,0.0,0.0
2025-03-06 11:50:00+05:30,2211.39990234375,2214.949951171875,2210.64990234375,2214.25,31362,0.0,0.0
2025-03-06 11:55:00+05:30,2214.35009765625,2214.89990234375,2205.5,2206.75,19942,0.0,0.0
2025-03-06 12:00:00+05:30,2206.75,2212.550048828125,2206.75,2210.25,26426,0.0,0.0
2025-03-06 12:05:00+05:30,2210.25,2212.75,2208.0,2209.89990234375,28073,0.0,0.0
2025-03-06 12:10:00+05:30,2209.89990234375,2210.10009765625,2205.5,2205.89990234375,23013,0.0,0.0
2025-03-06 12:15:00+05:30,2206.60009765625,2207.699951171875,2205.5,2205.5,22233,0.0,0.0
2025-03-06 12:20:00+05:30,2206.39990234375,2207.949951171875,2205.5,2205.5,17745,0.0,0.0
2025-03-06 12:25:00+05:30,2205.5,2206.699951171875,2201.449951171875,2204.949951171875,38257,0.0,0.0
2025-03-06 12:30:00+05:30,2204.949951171875,2214.0,2204.35009765625,2214.0,23665,0.0,0.0
2025-03-06 12:35:00+05:30,2214.5,2219.5,2214.5,2219.449951171875,23867,0.0,0.0
2025-03-06 12:40:00+05:30,2219.449951171875,2224.85009765625,2219.449951171875,2224.85009765625,26910,0.0,0.0
2025-03-06 12:45:00+05:30,2224.699951171875,2224.85009765625,2219.85009765625,2223.85009765625,18432,0.0,0.0
2025-03-06 12:50:00+05:30,2223.550048828125,2228.14990234375,2223.449951171875,2225.39990234375,24935,0.0,0.0
2025-03-06 12:55:00+05:30,2225.800048828125,2226.60009765625,2218.25,2220.25,21143,0.0,0.0
2025-03-06 13:00:00+05:30,2220.25,2222.75,2219.199951171875,2222.64990234375,13834,0.0,0.0
2025-03-06 13:05:00+05:30,2223.0,2223.050048828125,2220.60009765625,2223.050048828125,16730,0.0,0.0
2025-03-06 13:10:00+05:30,2223.0,2223.0,2220.800048828125,2221.75,10995,0.0,0.0
2025-03-06 13:15:00+05:30,2221.75,2222.60009765625,2220.10009765625,2222.60009765625,24594,0.0,0.0
2025-03-06 13:20:00+05:30,2222.85009765625,2227.550048828125,2221.0,2227.5,15439,0.0,0.0
2025-03-06 13:25:00+05:30,2227.14990234375,2229.0,2224.949951171875,2225.0,16616,0.0,0.0
2025-03-06 13:30:00+05:30,2225.550048828125,2228.5,2223.050048828125,2228.5,11796,0.0,0.0
2025-03-06 13:35:00+05:30,2228.85009765625,2229.39990234375,2223.800048828125,2224.050048828125,15970,0.0,0.0
2025-03-06 13:40:00+05:30,2224.699951171875,2226.25,2223.949951171875,2224.89990234375,15038,0.0,0.0
2025-03-06 13:45:00+05:30,2224.89990234375,2226.949951171875,2224.300048828125,2226.949951171875,16139,0.0,0.0
2025-03-06 13:50:00+05:30,2227.0,2228.10009765625,2225.199951171875,2226.949951171875,21659,0.0,0.0
2025-03-06 13:55:00+05:30,2227.14990234375,2227.14990234375,2222.35009765625,2223.75,18663,0.0,0.0
2025-03-06 14:00:00+05:30,2223.75,2225.0,2220.0,2220.39990234375,21322,0.0,0.0
2025-03-06 14:05:00+05:30,2220.35009765625,2224.300048828125,2218.699951171875,2222.699951171875,24770,0.0,0.0
2025-03-06 14:10:00+05:30,2222.64990234375,2224.050048828125,2220.35009765625,2220.89990234375,18344,0.0,0.0
2025-03-06 14:15:00+05:30,2219.89990234375,2220.0,2218.0,2218.25,19417,0.0,0.0
2025-03-06 14:20:00+05:30,2217.050048828125,2220.5,2217.0,2218.39990234375,21387,0.0,0.0
2025-03-06 14:25:00+05:30,2217.75,2218.5,2213.35009765625,2214.0,19364,0.0,0.0
2025-03-06 14:30:00+05:30,2214.699951171875,2216.89990234375,2211.89990234375,2214.699951171875,34172,0.0,0.0
2025-03-06 14:35:00+05:30,2214.39990234375,2217.300048828125,2213.64990234375,2216.39990234375,15828,0.0,0.0
2025-03-06 14:40:00+05:30,2216.39990234375,2219.949951171875,2215.550048828125,2218.85009765625,21689,0.0,0.0
2025-03-06 14:45:00+05:30,2218.85009765625,2219.10009765625,2215.64990234375,2217.300048828125,15485,0.0,0.0
2025-03-06 14:50:00+05:30,2217.300048828125,2219.5,2215.60009765625,2216.5,21487,0.0,0.0
2025-03-06 14:55:00+05:30,2217.39990234375,2218.699951171875,2216.300048828125,2217.800048828125,26417,0.0,0.0
2025-03-06 15:00:00+05:30,2217.800048828125,2219.14990234375,2215.0,2217.0,62009,0.0,0.0
2025-03-06 15:05:00+05:30,2216.949951171875,2222.699951171875,2215.25,2222.550048828125,66495,0.0,0.0
2025-03-06 15:10:00+05:30,2222.550048828125,2223.300048828125,2217.85009765625,2219.60009765625,53648,0.0,0.0
2025-03-06 15:15:00+05:30,2219.89990234375,2220.949951171875,2218.449951171875,2219.550048828125,39518,0.0,0.0
2025-03-06 15:20:00+05:30,2219.449951171875,2221.0,2218.75,2221.0,40477,0.0,0.0
2025-03-06 15:25:00+05:30,2221.5,2223.10009765625,2218.35009765625,2222.050048828125,24748,0.0,0.0
2025-03-07 09:15:00+05:30,2219.199951171875,2221.85009765625,2208.0,2215.050048828125,0,0.0,0.0
2025-03-07 09:20:00+05:30,2216.550048828125,2217.85009765625,2213.25,2213.949951171875,7434,0.0,0.0
2025-03-07 09:25:00+05:30,2214.300048828125,2216.800048828125,2208.0,2208.5,9974,0.0,0.0
2025-03-07 09:30:00+05:30,2209.050048828125,2215.550048828125,2208.699951171875,2215.550048828125,10576,0.0,0.0
2025-03-07 09:35:00+05:30,2216.14990234375,2216.14990234375,2205.89990234375,2205.89990234375,8095,0.0,0.0
2025-03-07 09:40:00+05:30,2206.60009765625,2208.0,2203.5,2205.89990234375,22973,0.0,0.0
2025-03-07 09:45:00+05:30,2205.89990234375,2207.35009765625,2203.89990234375,2205.75,13176,0.0,0.0
2025-03-07 09:50:00+05:30,2206.10009765625,2208.39990234375,2206.0,2207.10009765625,8878,0.0,0.0
2025-03-07 09:55:00+05:30,2206.300048828125,2207.89990234375,2205.75,2207.0,5818,0.0,0.0
2025-03-07 10:00:00+05:30,2207.0,2209.89990234375,2206.699951171875,2209.050048828125,10375,0.0,0.0
2025-03-07 10:05:00+05:30,2209.0,2212.75,2208.699951171875,2211.35009765625,9927,0.0,0.0
2025-03-07 10:10:00+05:30,2210.949951171875,2215.89990234375,2210.14990234375,2215.89990234375,9283,0.0,0.0
2025-03-07 10:15:00+05:30,2216.35009765625,2216.35009765625,2212.39990234375,2214.449951171875,10783,0.0,0.0
2025-03-07 10:20:00+05:30,2214.449951171875,2214.449951171875,2210.0,2211.0,13292,0.0,0.0
2025-03-07 10:25:00+05:30,2209.5,2210.050048828125,2199.89990234375,2202.300048828125,223010,0.0,0.0
2025-03-07 10:30:00+05:30,2203.10009765625,2203.10009765625,2194.800048828125,2197.89990234375,151697,0.0,0.0
2025-03-07 10:35:00+05:30,2197.85009765625,2203.199951171875,2194.64990234375,2197.5,87899,0.0,0.0
2025-03-07 10:40:00+05:30,2197.199951171875,2198.949951171875,2194.800048828125,2195.0,135320,0.0,0.0
2025-03-07 10:45:00+05:30,2195.0,2198.0,2189.449951171875,2197.10009765625,190666,0.0,0.0
2025-03-07 10:50:00+05:30,2198.0,2201.60009765625,2194.85009765625,2200.0,81068,0.0,0.0
2025-03-07 10:55:00+05:30,2200.0,2201.64990234375,2200.0,2200.050048828125,4902,0.0,0.0
2025-03-07 11:00:00+05:30,2200.050048828125,2202.800048828125,2199.800048828125,2202.800048828125,3868,0.0,0.0
2025-03-07 11:05:00+05:30,2202.800048828125,2206.0,2202.5,2205.0,4722,0.0,0.0
2025-03-07 11:10:00+05:30,2205.0,2207.14990234375,2205.0,2207.14990234375,3904,0.0,0.0
2025-03-07 11:15:00+05:30,2207.14990234375,2209.89990234375,2206.85009765625,2208.25,8192,0.0,0.0
2025-03-07 11:20:00+05:30,2208.25,2209.14990234375,2205.449951171875,2207.85009765625,21786,0.0,0.0
2025-03-07 11:25:00+05:30,2207.5,2207.85009765625,2205.39990234375,2205.75,1878,0.0,0.0
2025-03-07 11:30:00+05:30,2205.75,2207.0,2204.5,2205.0,3261,0.0,0.0
2025-03-07 11:35:00+05:30,2204.35009765625,2204.35009765625,2201.050048828125,2202.0,5572,0.0,0.0
2025-03-07 11:40:00+05:30,2202.39990234375,2206.050048828125,2201.800048828125,2203.5,8327,0.0,0.0
2025-03-07 11:45:00+05:30,2203.550048828125,2203.550048828125,2197.0,2198.050048828125,12392,0.0,0.0
2025-03-07 11:50:00+05:30,2198.39990234375,2202.60009765625,2198.39990234375,2202.0,5242,0.0,0.0
2025-03-07 11:55:00+05:30,2202.60009765625,2204.050048828125,2202.050048828125,2203.699951171875,3868,0.0,0.0
2025-03-07 12:00:00+05:30,2203.699951171875,2204.10009765625,2201.0,2201.449951171875,4893,0.0,0.0
2025-03-07 12:05:00+05:30,2201.449951171875,2204.10009765625,2201.449951171875,2203.10009765625,3849,0.0,0.0
2025-03-07 12:10:00+05:30,2203.10009765625,2203.89990234375,2200.5,2201.5,4996,0.0,0.0
2025-03-07 12:15:00+05:30,2201.0,2202.89990234375,2201.0,2201.89990234375,3214,0.0,0.0
2025-03-07 12:20:00+05:30,2201.699951171875,2203.89990234375,2201.0,2203.10009765625,2758,0.0,0.0
2025-03-07 12:25:00+05:30,2203.10009765625,2204.10009765625,2202.5,2204.10009765625,2845,0.0,0.0
2025-03-07 12:30:00+05:30,2203.949951171875,2204.10009765625,2203.39990234375,2204.10009765625,1602,0.0,0.0
2025-03-07 12:35:00+05:30,2203.449951171875,2207.949951171875,2203.449951171875,2206.60009765625,6763,0.0,0.0
2025-03-07 12:40:00+05:30,2206.60009765625,2209.75,2205.550048828125,2209.75,20940,0.0,0.0
2025-03-07 12:45:00+05:30,2209.75,2209.75,2206.449951171875,2206.449951171875,20078,0.0,0.0
2025-03-07 12:50:00+05:30,2206.300048828125,2209.300048828125,2205.050048828125,2208.60009765625,21783,0.0,0.0
2025-03-07 12:55:00+05:30,2209.300048828125,2210.25,2208.75,2210.25,10896,0.0,0.0
2025-03-07 13:00:00+05:30,2210.300048828125,2210.800048828125,2209.0,2209.050048828125,5635,0.0,0.0
2025-03-07 13:05:00+05:30,2209.0,2209.89990234375,2208.800048828125,2208.800048828125,12914,0.0,0.0
2025-03-07 13:10:00+05:30,2208.35009765625,2209.449951171875,2207.0,2209.449951171875,17144,0.0,0.0
2025-03-07 13:15:00+05:30,2209.5,2212.0,2209.0,2211.699951171875,9639,0.0,0.0
2025-03-07 13:20:00+05:30,2211.949951171875,2211.949951171875,2208.39990234375,2208.949951171875,11208,0.0,0.0
2025-03-07 13:25:00+05:30,2208.64990234375,2210.0,2208.39990234375,2208.949951171875,6216,0.0,0.0
2025-03-07 13:30:00+05:30,2209.25,2210.25,2208.5,2209.14990234375,3401,0.0,0.0
2025-03-07 13:35:00+05:30,2209.050048828125,2209.89990234375,2208.5,2209.199951171875,5472,0.0,0.0
2025-03-07 13:40:00+05:30,2208.949951171875,2210.050048828125,2208.85009765625,2209.199951171875,5276,0.0,0.0
2025-03-07 13:45:00+05:30,2209.14990234375,2210.5,2209.0,2210.10009765625,4946,0.0,0.0
2025-03-07 13:50:00+05:30,2210.14990234375,2210.25,2209.0,2210.050048828125,8090,0.0,0.0
2025-03-07 13:55:00+05:30,2209.550048828125,2210.64990234375,2206.35009765625,2210.0,28796,0.0,0.0
2025-03-07 14:00:00+05:30,2210.64990234375,2213.5,2210.64990234375,2212.699951171875,9017,0.0,0.0
2025-03-07 14:05:00+05:30,2212.550048828125,2213.0,2210.0,2210.10009765625,6342,0.0,0.0
2025-03-07 14:10:00+05:30,2210.050048828125,2212.14990234375,2208.85009765625,2211.050048828125,26260,0.0,0.0
2025-03-07 14:15:00+05:30,2211.5,2212.60009765625,2210.75,2211.75,5690,0.0,0.0
2025-03-07 14:20:00+05:30,2211.64990234375,2212.050048828125,2210.5,2210.75,12999,0.0,0.0
2025-03-07 14:25:00+05:30,2210.75,2212.0,2210.550048828125,2211.949951171875,6132,0.0,0.0
2025-03-07 14:30:00+05:30,2212.050048828125,2212.550048828125,2210.5,2211.949951171875,11058,0.0,0.0
2025-03-07 14:35:00+05:30,2212.5,2214.699951171875,2210.5,2210.5,7427,0.0,0.0
2025-03-07 14:40:00+05:30,2211.14990234375,2211.5,2210.60009765625,2211.5,9607,0.0,0.0
2025-03-07 14:45:00+05:30,2211.5,2213.5,2210.300048828125,2210.699951171875,5826,0.0,0.0
2025-03-07 14:50:00+05:30,2210.699951171875,2210.699951171875,2210.0,2210.0,6607,0.0,0.0
2025-03-07 14:55:00+05:30,2210.0,2212.199951171875,2210.0,2211.64990234375,8891,0.0,0.0
2025-03-07 15:00:00+05:30,2211.699951171875,2212.5,2206.60009765625,2206.60009765625,35621,0.0,0.0
2025-03-07 15:05:00+05:30,2206.0,2207.699951171875,2203.949951171875,2207.699951171875,53195,0.0,0.0
2025-03-07 15:10:00+05:30,2207.300048828125,2207.64990234375,2203.0,2203.60009765625,39829,0.0,0.0
2025-03-07 15:15:00+05:30,2203.60009765625,2204.550048828125,2202.800048828125,2203.10009765625,38964,0.0,0.0
2025-03-07 15:20:00+05:30,2203.050048828125,2203.199951171875,2201.699951171875,2202.300048828125,53346,0.0,0.0
2025-03-07 15:25:00+05:30,2202.300048828125,2208.39990234375,2202.300048828125,2208.39990234375,50790,0.0,0.0
2025-03-10 09:15:00+05:30,2209.949951171875,2210.64990234375,2196.199951171875,2209.949951171875,0,0.0,0.0
2025-03-10 09:20:00+05:30,2211.699951171875,2220.0,2208.14990234375,2216.64990234375,28613,0.0,0.0
2025-03-10 09:25:00+05:30,2217.0,2224.0,2216.25,2220.5,10944,0.0,0.0
2025-03-10 09:30:00+05:30,2221.0,2227.5,2218.300048828125,2225.300048828125,16120,0.0,0.0
2025-03-10 09:35:00+05:30,2226.25,2236.550048828125,2226.25,2234.5,20695,0.0,0.0
2025-03-10 09:40:00+05:30,2235.0,2238.5,2234.14990234375,2236.39990234375,19507,0.0,0.0
2025-03-10 09:45:00+05:30,2236.199951171875,2239.5,2236.0,2238.89990234375,9189,0.0,0.0
2025-03-10 09:50:00+05:30,2238.89990234375,2241.5,2237.35009765625,2239.949951171875,9398,0.0,0.0
2025-03-10 09:55:00+05:30,2240.0,2245.0,2239.949951171875,2243.050048828125,13321,0.0,0.0
2025-03-10 10:00:00+05:30,2243.89990234375,2249.0,2243.89990234375,2248.0,19067,0.0,0.0
2025-03-10 10:05:00+05:30,2247.5,2251.39990234375,2247.0,2248.25,24311,0.0,0.0
2025-03-10 10:10:00+05:30,2248.25,2249.949951171875,2244.550048828125,2246.60009765625,13987,0.0,0.0
2025-03-10 10:15:00+05:30,2247.0,2249.300048828125,2241.800048828125,2241.800048828125,12737,0.0,0.0
2025-03-10 10:20:00+05:30,2242.5,2248.0,2242.10009765625,2244.35009765625,10880,0.0,0.0
2025-03-10 10:25:00+05:30,2243.800048828125,2244.0,2240.050048828125,2242.89990234375,9041,0.0,0.0
2025-03-10 10:30:00+05:30,2243.35009765625,2245.85009765625,2240.60009765625,2240.60009765625,11730,0.0,0.0
2025-03-10 10:35:00+05:30,2240.39990234375,2241.949951171875,2240.0,2241.949951171875,6860,0.0,0.0
2025-03-10 10:40:00+05:30,2241.800048828125,2249.800048828125,2241.75,2249.75,16259,0.0,0.0
2025-03-10 10:45:00+05:30,2248.550048828125,2250.10009765625,2247.39990234375,2249.5,12888,0.0,0.0
2025-03-10 10:50:00+05:30,2248.449951171875,2249.0,2246.050048828125,2247.5,8173,0.0,0.0
2025-03-10 10:55:00+05:30,2247.5,2247.89990234375,2244.0,2244.0,7263,0.0,0.0
2025-03-10 11:00:00+05:30,2244.050048828125,2246.0,2243.550048828125,2246.0,4706,0.0,0.0
2025-03-10 11:05:00+05:30,2245.89990234375,2247.199951171875,2245.449951171875,2245.75,4381,0.0,0.0
2025-03-10 11:10:00+05:30,2245.050048828125,2249.39990234375,2245.0,2249.0,7740,0.0,0.0
2025-03-10 11:15:00+05:30,2249.0,2255.10009765625,2247.39990234375,2255.10009765625,23732,0.0,0.0
2025-03-10 11:20:00+05:30,2255.64990234375,2257.0,2250.10009765625,2250.300048828125,12697,0.0,0.0
2025-03-10 11:25:00+05:30,2250.25,2256.25,2250.25,2254.800048828125,10656,0.0,0.0
2025-03-10 11:30:00+05:30,2255.0,2259.5,2254.800048828125,2259.0,21691,0.0,0.0
2025-03-10 11:35:00+05:30,2259.14990234375,2261.75,2258.199951171875,2260.35009765625,14314,0.0,0.0
2025-03-10 11:40:00+05:30,2260.0,2260.85009765625,2257.5,2258.5,11311,0.0,0.0
2025-03-10 11:45:00+05:30,2257.800048828125,2260.0,2256.89990234375,2259.64990234375,7540,0.0,0.0
2025-03-10 11:50:00+05:30,2259.64990234375,2260.85009765625,2259.35009765625,2260.550048828125,16135,0.0,0.0
2025-03-10 11:55:00+05:30,2260.449951171875,2260.64990234375,2256.449951171875,2257.89990234375,12471,0.0,0.0
2025-03-10 12:00:00+05:30,2257.89990234375,2258.050048828125,2255.949951171875,2257.0,8416,0.0,0.0
2025-03-10 12:05:00+05:30,2257.0,2258.25,2256.14990234375,2257.050048828125,8765,0.0,0.0
2025-03-10 12:10:00+05:30,2256.050048828125,2259.449951171875,2256.050048828125,2259.449951171875,5465,0.0,0.0
2025-03-10 12:15:00+05:30,2259.449951171875,2259.449951171875,2252.10009765625,2256.14990234375,29320,0.0,0.0
2025-03-10 12:20:00+05:30,2255.60009765625,2257.300048828125,2254.60009765625,2257.300048828125,9854,0.0,0.0
2025-03-10 12:25:00+05:30,2257.25,2258.199951171875,2254.050048828125,2254.75,9832,0.0,0.0
2025-03-10 12:30:00+05:30,2254.550048828125,2257.14990234375,2252.5,2255.25,11907,0.0,0.0
2025-03-10 12:35:00+05:30,2255.0,2257.60009765625,2255.0,2255.949951171875,10068,0.0,0.0
2025-03-10 12:40:00+05:30,2256.449951171875,2256.75,2253.64990234375,2254.5,7437,0.0,0.0
2025-03-10 12:45:00+05:30,2254.050048828125,2256.85009765625,2254.0,2256.35009765625,10778,0.0,0.0
2025-03-10 12:50:00+05:30,2256.85009765625,2256.85009765625,2253.550048828125,2256.35009765625,12150,0.0,0.0
2025-03-10 12:55:00+05:30,2256.800048828125,2257.949951171875,2256.0,2257.550048828125,12626,0.0,0.0
2025-03-10 13:00:00+05:30,2257.5,2260.0,2257.0,2259.0,17027,0.0,0.0
2025-03-10 13:05:00+05:30,2259.60009765625,2261.14990234375,2258.449951171875,2260.0,20106,0.0,0.0
2025-03-10 13:10:00+05:30,2260.0,2260.85009765625,2257.60009765625,2259.300048828125,12685,0.0,0.0
2025-03-10 13:15:00+05:30,2259.300048828125,2261.300048828125,2258.050048828125,2261.0,16418,0.0,0.0
2025-03-10 13:20:00+05:30,2260.64990234375,2263.75,2260.64990234375,2263.0,19208,0.0,0.0
2025-03-10 13:25:00+05:30,2263.85009765625,2265.0,2260.89990234375,2264.89990234375,21024,0.0,0.0
2025-03-10 13:30:00+05:30,2265.0,2267.14990234375,2262.199951171875,2263.5,22492,0.0,0.0
2025-03-10 13:35:00+05:30,2262.550048828125,2264.0,2261.0,2263.60009765625,15240,0.0,0.0
2025-03-10 13:40:00+05:30,2263.64990234375,2264.0,2258.949951171875,2259.10009765625,14171,0.0,0.0
2025-03-10 13:45:00+05:30,2259.10009765625,2261.550048828125,2258.0,2261.5,18571,0.0,0.0
2025-03-10 13:50:00+05:30,2261.5,2262.5,2258.949951171875,2260.35009765625,13364,0.0,0.0
2025-03-10 13:55:00+05:30,2261.39990234375,2261.60009765625,2258.949951171875,2259.199951171875,10980,0.0,0.0
2025-03-10 14:00:00+05:30,2260.0,2260.25,2258.75,2259.5,7216,0.0,0.0
2025-03-10 14:05:00+05:30,2259.60009765625,2260.10009765625,2257.10009765625,2258.800048828125,14259,0.0,0.0
2025-03-10 14:10:00+05:30,2258.800048828125,2260.0,2257.60009765625,2259.449951171875,8713,0.0,0.0
2025-03-10 14:15:00+05:30,2259.550048828125,2260.050048828125,2255.64990234375,2256.35009765625,13791,0.0,0.0
2025-03-10 14:20:00+05:30,2256.39990234375,2258.949951171875,2255.10009765625,2257.89990234375,15812,0.0,0.0
2025-03-10 14:25:00+05:30,2257.89990234375,2258.0,2254.949951171875,2255.699951171875,18668,0.0,0.0
2025-03-10 14:30:00+05:30,2255.10009765625,2255.75,2253.5,2255.699951171875,17372,0.0,0.0
2025-03-10 14:35:00+05:30,2255.0,2257.35009765625,2255.0,2255.050048828125,10843,0.0,0.0
2025-03-10 14:40:00+05:30,2255.050048828125,2256.89990234375,2253.0,2253.35009765625,20217,0.0,0.0
2025-03-10 14:45:00+05:30,2252.75,2253.949951171875,2250.35009765625,2250.39990234375,31088,0.0,0.0
2025-03-10 14:50:00+05:30,2251.75,2251.75,2248.10009765625,2248.85009765625,31732,0.0,0.0
2025-03-10 14:55:00+05:30,2248.85009765625,2248.85009765625,2245.39990234375,2245.39990234375,25815,0.0,0.0
2025-03-10 15:00:00+05:30,2246.949951171875,2247.5,2244.0,2247.0,40501,0.0,0.0
2025-03-10 15:05:00+05:30,2247.0,2250.300048828125,2246.949951171875,2249.64990234375,34845,0.0,0.0
2025-03-10 15:10:00+05:30,2250.199951171875,2251.949951171875,2247.300048828125,2247.300048828125,36951,0.0,0.0
2025-03-10 15:15:00+05:30,2247.10009765625,2248.449951171875,2246.199951171875,2247.300048828125,46991,0.0,0.0
2025-03-10 15:20:00+05:30,2247.949951171875,2249.25,2245.60009765625,2247.14990234375,36723,0.0,0.0
2025-03-10 15:25:00+05:30,2247.14990234375,2249.89990234375,2246.10009765625,2246.5,31660,0.0,0.0
2025-03-11 09:15:00+05:30,2241.0,2248.75,2240.0,2248.75,0,0.0,0.0
2025-03-11 09:20:00+05:30,2248.10009765625,2253.949951171875,2245.949951171875,2249.60009765625,27271,0.0,0.0
2025-03-11 09:25:00+05:30,2249.10009765625,2249.10009765625,2234.14990234375,2235.25,42143,0.0,0.0
2025-03-11 09:30:00+05:30,2234.800048828125,2248.449951171875,2232.0,2246.949951171875,27819,0.0,0.0
2025-03-11 09:35:00+05:30,2246.199951171875,2250.64990234375,2244.550048828125,2250.35009765625,15667,0.0,0.0
2025-03-11 09:40:00+05:30,2250.60009765625,2254.0,2250.050048828125,2250.25,22084,0.0,0.0
2025-03-11 09:45:00+05:30,2249.64990234375,2253.0,2249.10009765625,2250.199951171875,11555,0.0,0.0
2025-03-11 09:50:00+05:30,2250.199951171875,2259.5,2249.5,2258.75,24643,0.0,0.0
2025-03-11 09:55:00+05:30,2259.10009765625,2261.199951171875,2255.75,2260.0,32990,0.0,0.0
2025-03-11 10:00:00+05:30,2260.64990234375,2261.14990234375,2258.5,2260.0,15988,0.0,0.0
2025-03-11 10:05:00+05:30,2259.949951171875,2261.64990234375,2258.14990234375,2261.14990234375,14992,0.0,0.0
2025-03-11 10:10:00+05:30,2260.949951171875,2260.949951171875,2258.800048828125,2260.300048828125,5708,0.0,0.0
2025-03-11 10:15:00+05:30,2260.300048828125,2260.300048828125,2255.800048828125,2257.35009765625,13832,0.0,0.0
2025-03-11 10:20:00+05:30,2257.35009765625,2257.35009765625,2254.60009765625,2254.800048828125,7635,0.0,0.0
2025-03-11 10:25:00+05:30,2253.699951171875,2256.5,2253.699951171875,2256.10009765625,8554,0.0,0.0
2025-03-11 10:30:00+05:30,2256.0,2256.10009765625,2250.25,2253.25,14682,0.0,0.0
2025-03-11 10:35:00+05:30,2253.14990234375,2253.199951171875,2250.550048828125,2252.14990234375,9815,0.0,0.0
2025-03-11 10:40:00+05:30,2252.39990234375,2252.39990234375,2248.10009765625,2248.10009765625,7497,0.0,0.0
2025-03-11 10:45:00+05:30,2248.800048828125,2251.5,2244.199951171875,2251.5,25749,0.0,0.0
2025-03-11 10:50:00+05:30,2251.5,2254.75,2250.0,2253.949951171875,11177,0.0,0.0
2025-03-11 10:55:00+05:30,2253.949951171875,2254.85009765625,2251.050048828125,2251.050048828125,14469,0.0,0.0
2025-03-11 11:00:00+05:30,2251.699951171875,2255.800048828125,2250.0,2253.0,17848,0.0,0.0
2025-03-11 11:05:00+05:30,2253.0,2253.35009765625,2250.5,2250.89990234375,11251,0.0,0.0
2025-03-11 11:10:00+05:30,2250.89990234375,2250.89990234375,2248.89990234375,2249.550048828125,27716,0.0,0.0
2025-03-11 11:15:00+05:30,2249.60009765625,2249.60009765625,2244.35009765625,2246.699951171875,10193,0.0,0.0
2025-03-11 11:20:00+05:30,2246.75,2249.85009765625,2246.75,2248.949951171875,21358,0.0,0.0
2025-03-11 11:25:00+05:30,2248.64990234375,2250.25,2247.75,2248.949951171875,15512,0.0,0.0
2025-03-11 11:30:00+05:30,2248.949951171875,2251.39990234375,2247.14990234375,2251.39990234375,23821,0.0,0.0
2025-03-11 11:35:00+05:30,2251.0,2251.85009765625,2248.39990234375,2251.10009765625,29761,0.0,0.0
2025-03-11 11:40:00+05:30,2250.25,2251.60009765625,2249.60009765625,2249.75,10156,0.0,0.0
2025-03-11 11:45:00+05:30,2249.699951171875,2249.699951171875,2249.5,2249.550048828125,7096,0.0,0.0
2025-03-11 11:50:00+05:30,2249.449951171875,2249.800048828125,2248.85009765625,2249.14990234375,8282,0.0,0.0
2025-03-11 11:55:00+05:30,2249.449951171875,2249.75,2249.10009765625,2249.25,7498,0.0,0.0
2025-03-11 12:00:00+05:30,2249.25,2250.64990234375,2244.449951171875,2247.14990234375,21362,0.0,0.0
2025-03-11 12:05:00+05:30,2247.050048828125,2250.0,2243.25,2243.949951171875,20289,0.0,0.0
2025-03-11 12:10:00+05:30,2243.39990234375,2244.949951171875,2239.39990234375,2239.39990234375,9093,0.0,0.0
2025-03-11 12:15:00+05:30,2239.39990234375,2240.25,2237.14990234375,2239.449951171875,14474,0.0,0.0
2025-03-11 12:20:00+05:30,2239.199951171875,2245.449951171875,2237.85009765625,2243.550048828125,10952,0.0,0.0
2025-03-11 12:25:00+05:30,2243.949951171875,2245.199951171875,2243.25,2244.10009765625,11967,0.0,0.0
2025-03-11 12:30:00+05:30,2244.699951171875,2245.949951171875,2244.0,2245.449951171875,9395,0.0,0.0
2025-03-11 12:35:00+05:30,2245.89990234375,2247.25,2245.0,2246.050048828125,8073,0.0,0.0
2025-03-11 12:40:00+05:30,2246.050048828125,2246.050048828125,2242.199951171875,2244.0,7248,0.0,0.0
2025-03-11 12:45:00+05:30,2244.0,2244.5,2241.050048828125,2243.25,10130,0.0,0.0
2025-03-11 12:50:00+05:30,2243.89990234375,2244.449951171875,2242.39990234375,2244.199951171875,9544,0.0,0.0
2025-03-11 12:55:00+05:30,2243.800048828125,2244.5,2242.550048828125,2243.199951171875,7010,0.0,0.0
2025-03-11 13:00:00+05:30,2242.550048828125,2244.39990234375,2241.199951171875,2244.39990234375,6807,0.0,0.0
2025-03-11 13:05:00+05:30,2243.25,2243.60009765625,2241.699951171875,2243.35009765625,6904,0.0,0.0
2025-03-11 13:10:00+05:30,2242.800048828125,2243.75,2240.050048828125,2240.64990234375,6640,0.0,0.0
2025-03-11 13:15:00+05:30,2240.0,2240.300048828125,2236.0,2236.300048828125,10119,0.0,0.0
2025-03-11 13:20:00+05:30,2236.300048828125,2237.60009765625,2234.0,2235.699951171875,12329,0.0,0.0
2025-03-11 13:25:00+05:30,2235.699951171875,2236.64990234375,2233.0,2233.050048828125,9536,0.0,0.0
2025-03-11 13:30:00+05:30,2233.0,2233.0,2229.0,2230.60009765625,12426,0.0,0.0
2025-03-11 13:35:00+05:30,2230.39990234375,2231.85009765625,2227.25,2230.5,13089,0.0,0.0
2025-03-11 13:40:00+05:30,2230.5,2231.0,2226.25,2230.050048828125,11980,0.0,0.0
2025-03-11 13:45:00+05:30,2230.050048828125,2230.60009765625,2229.199951171875,2230.60009765625,10660,0.0,0.0
2025-03-11 13:50:00+05:30,2230.699951171875,2230.699951171875,2227.550048828125,2229.60009765625,10320,0.0,0.0
2025-03-11 13:55:00+05:30,2229.60009765625,2231.39990234375,2229.550048828125,2230.14990234375,8109,0.0,0.0
2025-03-11 14:00:00+05:30,2230.449951171875,2231.10009765625,2225.699951171875,2227.39990234375,9343,0.0,0.0
2025-03-11 14:05:00+05:30,2227.0,2229.0,2225.5,2229.0,14029,0.0,0.0
2025-03-11 14:10:00+05:30,2228.39990234375,2231.0,2228.25,2230.35009765625,9235,0.0,0.0
2025-03-11 14:15:00+05:30,2230.0,2231.0,2228.64990234375,2230.0,6541,0.0,0.0
2025-03-11 14:20:00+05:30,2230.050048828125,2231.35009765625,2229.64990234375,2230.550048828125,7662,0.0,0.0
2025-03-11 14:25:00+05:30,2230.14990234375,2230.5,2223.5,2223.5,34419,0.0,0.0
2025-03-11 14:30:00+05:30,2223.050048828125,2226.10009765625,2222.550048828125,2224.25,19256,0.0,0.0
2025-03-11 14:35:00+05:30,2224.0,2225.10009765625,2222.050048828125,2222.050048828125,12544,0.0,0.0
2025-03-11 14:40:00+05:30,2222.300048828125,2223.60009765625,2220.0,2222.699951171875,10592,0.0,0.0
2025-03-11 14:45:00+05:30,2222.85009765625,2226.050048828125,2222.75,2224.75,9145,0.0,0.0
2025-03-11 14:50:00+05:30,2223.60009765625,2225.0,2222.5,2222.5,8978,0.0,0.0
2025-03-11 14:55:00+05:30,2222.050048828125,2222.64990234375,2219.449951171875,2221.0,15724,0.0,0.0
2025-03-11 15:00:00+05:30,2220.699951171875,2222.39990234375,2216.64990234375,2217.449951171875,50693,0.0,0.0
2025-03-11 15:05:00+05:30,2217.64990234375,2218.0,2214.64990234375,2215.050048828125,53809,0.0,0.0
2025-03-11 15:10:00+05:30,2215.050048828125,2216.0,2214.0,2216.0,40078,0.0,0.0
2025-03-11 15:15:00+05:30,2216.0,2216.75,2213.0,2214.300048828125,40261,0.0,0.0
2025-03-11 15:20:00+05:30,2214.75,2214.75,2211.800048828125,2212.5,40318,0.0,0.0
2025-03-11 15:25:00+05:30,2212.75,2225.050048828125,2212.75,2220.0,78019,0.0,0.0
2025-03-12 09:15:00+05:30,2216.75,2221.550048828125,2202.89990234375,2213.449951171875,0,0.0,0.0
2025-03-12 09:20:00+05:30,2214.300048828125,2215.0,2210.35009765625,2213.0,8109,0.0,0.0
2025-03-12 09:25:00+05:30,2213.0,2213.14990234375,2206.75,2209.0,10146,0.0,0.0
2025-03-12 09:30:00+05:30,2207.39990234375,2208.14990234375,2203.550048828125,2204.199951171875,8931,0.0,0.0
2025-03-12 09:35:00+05:30,2204.0,2206.949951171875,2203.300048828125,2206.0,11879,0.0,0.0
2025-03-12 09:40:00+05:30,2204.10009765625,2207.949951171875,2204.10009765625,2205.89990234375,7858,0.0,0.0
2025-03-12 09:45:00+05:30,2205.5,2209.800048828125,2203.0,2209.75,14129,0.0,0.0
2025-03-12 09:50:00+05:30,2209.550048828125,2216.949951171875,2209.39990234375,2215.39990234375,7913,0.0,0.0
2025-03-12 09:55:00+05:30,2215.0,2215.0,2210.050048828125,2210.050048828125,3057,0.0,0.0
2025-03-12 10:00:00+05:30,2210.10009765625,2215.449951171875,2210.10009765625,2213.0,4824,0.0,0.0
2025-03-12 10:05:00+05:30,2213.0,2216.0,2213.0,2215.10009765625,4462,0.0,0.0
2025-03-12 10:10:00+05:30,2214.949951171875,2219.89990234375,2212.14990234375,2219.89990234375,61669,0.0,0.0
2025-03-12 10:15:00+05:30,2219.800048828125,2219.949951171875,2216.800048828125,2217.60009765625,3092,0.0,0.0
2025-03-12 10:20:00+05:30,2217.60009765625,2222.0,2217.5,2221.5,11543,0.0,0.0
2025-03-12 10:25:00+05:30,2221.89990234375,2221.89990234375,2219.199951171875,2220.35009765625,5204,0.0,0.0
2025-03-12 10:30:00+05:30,2220.0,2220.35009765625,2218.0,2219.0,4453,0.0,0.0
2025-03-12 10:35:00+05:30,2219.0,2220.300048828125,2218.449951171875,2218.449951171875,9855,0.0,0.0
2025-03-12 10:40:00+05:30,2218.35009765625,2219.949951171875,2217.10009765625,2219.800048828125,5947,0.0,0.0
2025-03-12 10:45:00+05:30,2219.800048828125,2226.949951171875,2218.75,2226.0,18587,0.0,0.0
2025-03-12 10:50:00+05:30,2225.39990234375,2226.85009765625,2222.5,2223.85009765625,29104,0.0,0.0
2025-03-12 10:55:00+05:30,2223.85009765625,2225.89990234375,2222.800048828125,2225.89990234375,24569,0.0,0.0
2025-03-12 11:00:00+05:30,2226.10009765625,2226.10009765625,2222.800048828125,2223.5,8350,0.0,0.0
2025-03-12 11:05:00+05:30,2224.10009765625,2226.85009765625,2224.0,2226.39990234375,5827,0.0,0.0
2025-03-12 11:10:00+05:30,2226.5,2226.5,2222.14990234375,2222.199951171875,6830,0.0,0.0
2025-03-12 11:15:00+05:30,2222.300048828125,2226.300048828125,2221.85009765625,2226.14990234375,10362,0.0,0.0
2025-03-12 11:20:00+05:30,2225.75,2227.199951171875,2225.699951171875,2226.60009765625,4144,0.0,0.0
2025-03-12 11:25:00+05:30,2226.550048828125,2228.949951171875,2225.0,2225.199951171875,5789,0.0,0.0
2025-03-12 11:30:00+05:30,2226.39990234375,2228.699951171875,2224.550048828125,2226.10009765625,18762,0.0,0.0
2025-03-12 11:35:00+05:30,2225.35009765625,2227.0,2220.85009765625,2221.199951171875,11207,0.0,0.0
2025-03-12 11:40:00+05:30,2221.60009765625,2224.300048828125,2220.199951171875,2223.39990234375,23496,0.0,0.0
2025-03-12 11:45:00+05:30,2223.5,2224.800048828125,2222.550048828125,2224.60009765625,5166,0.0,0.0
2025-03-12 11:50:00+05:30,2224.800048828125,2225.0,2223.050048828125,2224.35009765625,8733,0.0,0.0
2025-03-12 11:55:00+05:30,2224.64990234375,2229.85009765625,2224.64990234375,2227.199951171875,22967,0.0,0.0
2025-03-12 12:00:00+05:30,2226.949951171875,2229.300048828125,2225.050048828125,2226.0,13226,0.0,0.0
2025-03-12 12:05:00+05:30,2226.0,2226.300048828125,2222.85009765625,2224.550048828125,30630,0.0,0.0
2025-03-12 12:10:00+05:30,2224.800048828125,2228.0,2224.449951171875,2227.800048828125,36080,0.0,0.0
2025-03-12 12:15:00+05:30,2227.89990234375,2229.949951171875,2227.800048828125,2228.5,4744,0.0,0.0
2025-03-12 12:20:00+05:30,2228.10009765625,2228.5,2225.449951171875,2227.39990234375,5881,0.0,0.0
2025-03-12 12:25:00+05:30,2227.35009765625,2228.449951171875,2226.0,2227.75,4956,0.0,0.0
2025-03-12 12:30:00+05:30,2227.75,2227.89990234375,2226.050048828125,2226.25,4086,0.0,0.0
2025-03-12 12:35:00+05:30,2226.10009765625,2226.25,2222.449951171875,2224.550048828125,13126,0.0,0.0
2025-03-12 12:40:00+05:30,2224.449951171875,2224.449951171875,2219.35009765625,2220.699951171875,10223,0.0,0.0
2025-03-12 12:45:00+05:30,2221.050048828125,2221.050048828125,2215.25,2216.050048828125,45438,0.0,0.0
2025-03-12 12:50:00+05:30,2216.050048828125,2216.050048828125,2210.35009765625,2214.550048828125,34746,0.0,0.0
2025-03-12 12:55:00+05:30,2214.800048828125,2217.64990234375,2211.14990234375,2211.85009765625,15365,0.0,0.0
2025-03-12 13:00:00+05:30,2211.699951171875,2214.64990234375,2211.050048828125,2214.64990234375,39684,0.0,0.0
2025-03-12 13:05:00+05:30,2214.199951171875,2215.5,2211.14990234375,2213.60009765625,36965,0.0,0.0
2025-03-12 13:10:00+05:30,2212.449951171875,2215.0,2207.39990234375,2214.64990234375,47709,0.0,0.0
2025-03-12 13:15:00+05:30,2214.0,2218.0,2214.0,2217.64990234375,22933,0.0,0.0
2025-03-12 13:20:00+05:30,2217.75,2219.050048828125,2212.75,2217.5,47966,0.0,0.0
2025-03-12 13:25:00+05:30,2217.5,2219.050048828125,2215.199951171875,2216.050048828125,37580,0.0,0.0
2025-03-12 13:30:00+05:30,2216.199951171875,2216.199951171875,2212.89990234375,2213.10009765625,5461,0.0,0.0
2025-03-12 13:35:00+05:30,2212.89990234375,2213.89990234375,2210.85009765625,2213.25,35930,0.0,0.0
2025-03-12 13:40:00+05:30,2212.85009765625,2213.89990234375,2208.14990234375,2208.60009765625,20044,0.0,0.0
2025-03-12 13:45:00+05:30,2208.60009765625,2209.050048828125,2203.64990234375,2204.0,13310,0.0,0.0
2025-03-12 13:50:00+05:30,2203.89990234375,2203.89990234375,2195.0,2195.199951171875,20312,0.0,0.0
2025-03-12 13:55:00+05:30,2195.199951171875,2200.35009765625,2195.10009765625,2197.0,29046,0.0,0.0
2025-03-12 14:00:00+05:30,2197.0,2197.75,2196.300048828125,2197.0,12808,0.0,0.0
2025-03-12 14:05:00+05:30,2197.0,2197.800048828125,2196.5,2197.0,17434,0.0,0.0
2025-03-12 14:10:00+05:30,2197.0,2197.0,2194.0,2196.14990234375,9785,0.0,0.0
2025-03-12 14:15:00+05:30,2196.050048828125,2203.85009765625,2194.5,2203.85009765625,50543,0.0,0.0
2025-03-12 14:20:00+05:30,2203.050048828125,2204.64990234375,2201.0,2202.39990234375,15323,0.0,0.0
2025-03-12 14:25:00+05:30,2202.10009765625,2203.0,2201.85009765625,2203.0,19766,0.0,0.0
2025-03-12 14:30:00+05:30,2203.0,2203.0,2196.550048828125,2198.89990234375,24995,0.0,0.0
2025-03-12 14:35:00+05:30,2198.949951171875,2199.89990234375,2196.85009765625,2198.199951171875,13607,0.0,0.0
2025-03-12 14:40:00+05:30,2198.199951171875,2199.35009765625,2196.699951171875,2196.89990234375,14346,0.0,0.0
2025-03-12 14:45:00+05:30,2196.949951171875,2201.0,2196.949951171875,2199.25,14207,0.0,0.0
2025-03-12 14:50:00+05:30,2200.0,2201.64990234375,2199.050048828125,2200.0,14010,0.0,0.0
2025-03-12 14:55:00+05:30,2200.5,2202.0,2199.39990234375,2201.199951171875,25096,0.0,0.0
2025-03-12 15:00:00+05:30,2200.949951171875,2201.800048828125,2197.699951171875,2200.35009765625,29019,0.0,0.0
2025-03-12 15:05:00+05:30,2200.35009765625,2200.699951171875,2197.14990234375,2198.14990234375,42125,0.0,0.0
2025-03-12 15:10:00+05:30,2198.14990234375,2198.14990234375,2195.85009765625,2195.89990234375,39190,0.0,0.0
2025-03-12 15:15:00+05:30,2195.699951171875,2195.75,2188.050048828125,2188.89990234375,58727,0.0,0.0
2025-03-12 15:20:00+05:30,2189.0,2190.449951171875,2185.050048828125,2189.89990234375,67419,0.0,0.0
2025-03-12 15:25:00+05:30,2189.85009765625,2195.0,2187.85009765625,2192.89990234375,53891,0.0,0.0
2025-03-13 09:15:00+05:30,2188.0,2188.0,2178.550048828125,2185.0,0,0.0,0.0
2025-03-13 09:20:00+05:30,2185.14990234375,2199.10009765625,2184.050048828125,2198.64990234375,37374,0.0,0.0
2025-03-13 09:25:00+05:30,2199.800048828125,2206.39990234375,2195.60009765625,2206.14990234375,31672,0.0,0.0
2025-03-13 09:30:00+05:30,2206.199951171875,2209.949951171875,2205.0,2206.64990234375,23567,0.0,0.0
2025-03-13 09:35:00+05:30,2204.949951171875,2204.949951171875,2200.550048828125,2203.0,10789,0.0,0.0
2025-03-13 09:40:00+05:30,2204.0,2206.5,2193.050048828125,2195.800048828125,20530,0.0,0.0
2025-03-13 09:45:00+05:30,2195.25,2195.800048828125,2190.85009765625,2192.800048828125,11217,0.0,0.0
2025-03-13 09:50:00+05:30,2192.60009765625,2194.5,2190.050048828125,2193.300048828125,10041,0.0,0.0
2025-03-13 09:55:00+05:30,2194.5,2196.39990234375,2191.60009765625,2191.89990234375,17806,0.0,0.0
2025-03-13 10:00:00+05:30,2192.300048828125,2197.39990234375,2191.39990234375,2193.050048828125,17329,0.0,0.0
2025-03-13 10:05:00+05:30,2193.050048828125,2195.449951171875,2192.25,2192.85009765625,12917,0.0,0.0
2025-03-13 10:10:00+05:30,2192.85009765625,2194.60009765625,2192.10009765625,2194.0,6359,0.0,0.0
2025-03-13 10:15:00+05:30,2192.949951171875,2199.949951171875,2192.949951171875,2199.949951171875,9561,0.0,0.0
2025-03-13 10:20:00+05:30,2200.60009765625,2200.89990234375,2195.89990234375,2195.89990234375,7720,0.0,0.0
2025-03-13 10:25:00+05:30,2194.75,2196.550048828125,2189.050048828125,2192.0,13892,0.0,0.0
2025-03-13 10:30:00+05:30,2192.75,2194.199951171875,2192.0,2193.0,2993,0.0,0.0
2025-03-13 10:35:00+05:30,2192.60009765625,2194.64990234375,2192.60009765625,2194.0,2521,0.0,0.0
2025-03-13 10:40:00+05:30,2193.949951171875,2195.0,2193.5,2193.5,2192,0.0,0.0
2025-03-13 10:45:00+05:30,2193.89990234375,2197.0,2193.449951171875,2195.949951171875,6999,0.0,0.0
2025-03-13 10:50:00+05:30,2195.949951171875,2196.800048828125,2193.5,2195.25,17996,0.0,0.0
2025-03-13 10:55:00+05:30,2195.60009765625,2199.949951171875,2194.39990234375,2199.949951171875,6321,0.0,0.0
2025-03-13 11:00:00+05:30,2199.10009765625,2201.0,2197.89990234375,2200.25,20192,0.0,0.0
2025-03-13 11:05:00+05:30,2200.25,2202.39990234375,2200.0,2200.550048828125,6475,0.0,0.0
2025-03-13 11:10:00+05:30,2200.949951171875,2207.0,2200.699951171875,2201.699951171875,45536,0.0,0.0
2025-03-13 11:15:00+05:30,2202.550048828125,2205.60009765625,2202.0,2203.949951171875,100575,0.0,0.0
2025-03-13 11:20:00+05:30,2203.949951171875,2204.85009765625,2202.0,2202.35009765625,8610,0.0,0.0
2025-03-13 11:25:00+05:30,2202.35009765625,2204.449951171875,2200.0,2200.0,19102,0.0,0.0
2025-03-13 11:30:00+05:30,2200.10009765625,2201.25,2194.75,2201.0,13596,0.0,0.0
2025-03-13 11:35:00+05:30,2201.0,2201.449951171875,2195.0,2195.050048828125,26528,0.0,0.0
2025-03-13 11:40:00+05:30,2195.050048828125,2195.75,2193.60009765625,2195.050048828125,14391,0.0,0.0
2025-03-13 11:45:00+05:30,2195.89990234375,2196.050048828125,2193.75,2195.0,14301,0.0,0.0
2025-03-13 11:50:00+05:30,2195.0,2196.300048828125,2195.0,2195.0,5989,0.0,0.0
2025-03-13 11:55:00+05:30,2195.0,2198.0,2194.60009765625,2197.10009765625,22753,0.0,0.0
2025-03-13 12:00:00+05:30,2198.25,2198.699951171875,2196.699951171875,2197.050048828125,3982,0.0,0.0
2025-03-13 12:05:00+05:30,2196.550048828125,2198.0,2195.0,2197.949951171875,6882,0.0,0.0
2025-03-13 12:10:00+05:30,2197.85009765625,2198.89990234375,2196.300048828125,2196.300048828125,8015,0.0,0.0
2025-03-13 12:15:00+05:30,2197.14990234375,2197.64990234375,2195.300048828125,2196.64990234375,4869,0.0,0.0
2025-03-13 12:20:00+05:30,2196.0,2198.0,2195.85009765625,2196.89990234375,6970,0.0,0.0
2025-03-13 12:25:00+05:30,2196.949951171875,2196.949951171875,2194.0,2195.0,37996,0.0,0.0
2025-03-13 12:30:00+05:30,2194.5,2195.949951171875,2193.550048828125,2195.0,37989,0.0,0.0
2025-03-13 12:35:00+05:30,2194.949951171875,2196.5,2194.5,2195.0,28507,0.0,0.0
2025-03-13 12:40:00+05:30,2194.5,2196.300048828125,2193.39990234375,2196.10009765625,10737,0.0,0.0
2025-03-13 12:45:00+05:30,2196.0,2196.10009765625,2180.0,2184.10009765625,106879,0.0,0.0
2025-03-13 12:50:00+05:30,2184.0,2190.0,2182.25,2189.10009765625,12063,0.0,0.0
2025-03-13 12:55:00+05:30,2188.85009765625,2189.949951171875,2188.0,2188.949951171875,6746,0.0,0.0
2025-03-13 13:00:00+05:30,2188.949951171875,2189.199951171875,2188.10009765625,2188.300048828125,7080,0.0,0.0
2025-03-13 13:05:00+05:30,2188.5,2188.75,2186.60009765625,2186.60009765625,15933,0.0,0.0
2025-03-13 13:10:00+05:30,2185.85009765625,2188.89990234375,2185.0,2185.0,124126,0.0,0.0
2025-03-13 13:15:00+05:30,2185.050048828125,2185.050048828125,2182.85009765625,2184.699951171875,11902,0.0,0.0
2025-03-13 13:20:00+05:30,2184.199951171875,2184.60009765625,2182.199951171875,2183.699951171875,6917,0.0,0.0
2025-03-13 13:25:00+05:30,2183.60009765625,2183.60009765625,2179.199951171875,2179.199951171875,11769,0.0,0.0
2025-03-13 13:30:00+05:30,2179.800048828125,2180.550048828125,2175.0,2175.60009765625,22495,0.0,0.0
2025-03-13 13:35:00+05:30,2175.5,2175.5,2174.0,2174.0,14051,0.0,0.0
2025-03-13 13:40:00+05:30,2173.60009765625,2175.949951171875,2173.10009765625,2174.14990234375,9693,0.0,0.0
2025-03-13 13:45:00+05:30,2173.199951171875,2174.85009765625,2172.050048828125,2173.199951171875,10888,0.0,0.0
2025-03-13 13:50:00+05:30,2172.10009765625,2174.0,2171.199951171875,2174.0,8281,0.0,0.0
2025-03-13 13:55:00+05:30,2174.0,2174.449951171875,2169.14990234375,2170.64990234375,13781,0.0,0.0
2025-03-13 14:00:00+05:30,2170.0,2172.5,2169.25,2171.800048828125,12511,0.0,0.0
2025-03-13 14:05:00+05:30,2171.699951171875,2173.699951171875,2171.0,2173.199951171875,7871,0.0,0.0
2025-03-13 14:10:00+05:30,2173.64990234375,2173.64990234375,2170.199951171875,2172.35009765625,14187,0.0,0.0
2025-03-13 14:15:00+05:30,2171.699951171875,2172.050048828125,2166.64990234375,2167.85009765625,36781,0.0,0.0
2025-03-13 14:20:00+05:30,2167.800048828125,2169.75,2167.75,2169.550048828125,45775,0.0,0.0
2025-03-13 14:25:00+05:30,2169.699951171875,2169.75,2168.800048828125,2169.449951171875,10937,0.0,0.0
2025-03-13 14:30:00+05:30,2169.449951171875,2169.75,2166.449951171875,2169.64990234375,26519,0.0,0.0
2025-03-13 14:35:00+05:30,2169.5,2169.75,2168.949951171875,2169.75,13384,0.0,0.0
2025-03-13 14:40:00+05:30,2169.699951171875,2169.75,2169.14990234375,2169.14990234375,31687,0.0,0.0
2025-03-13 14:45:00+05:30,2169.64990234375,2170.0,2167.050048828125,2168.199951171875,24661,0.0,0.0
2025-03-13 14:50:00+05:30,2168.64990234375,2170.0,2168.64990234375,2169.60009765625,16252,0.0,0.0
2025-03-13 14:55:00+05:30,2169.300048828125,2170.0,2169.050048828125,2169.85009765625,10462,0.0,0.0
2025-03-13 15:00:00+05:30,2169.85009765625,2170.0,2166.89990234375,2169.949951171875,38259,0.0,0.0
2025-03-13 15:05:00+05:30,2170.0,2172.800048828125,2168.050048828125,2172.60009765625,64704,0.0,0.0
2025-03-13 15:10:00+05:30,2172.5,2175.949951171875,2172.300048828125,2175.64990234375,61340,0.0,0.0
2025-03-13 15:15:00+05:30,2175.949951171875,2180.10009765625,2174.300048828125,2177.25,78568,0.0,0.0
2025-03-13 15:20:00+05:30,2177.949951171875,2179.25,2174.39990234375,2176.699951171875,64497,0.0,0.0
2025-03-13 15:25:00+05:30,2176.699951171875,2179.0,2174.0,2174.800048828125,57579,0.0,0.0
2025-03-17 09:15:00+05:30,2165.800048828125,2195.199951171875,2165.800048828125,2179.5,0,0.0,0.0
2025-03-17 09:20:00+05:30,2180.60009765625,2180.60009765625,2172.699951171875,2174.39990234375,22307,0.0,0.0
2025-03-17 09:25:00+05:30,2174.050048828125,2176.949951171875,2173.050048828125,2174.199951171875,23684,0.0,0.0
2025-03-17 09:30:00+05:30,2174.199951171875,2175.60009765625,2167.449951171875,2170.60009765625,34653,0.0,0.0
2025-03-17 09:35:00+05:30,2171.14990234375,2183.60009765625,2170.14990234375,2177.10009765625,22428,0.0,0.0
2025-03-17 09:40:00+05:30,2178.050048828125,2179.10009765625,2172.25,2175.300048828125,10266,0.0,0.0
2025-03-17 09:45:00+05:30,2175.14990234375,2176.300048828125,2170.25,2170.75,7212,0.0,0.0
2025-03-17 09:50:00+05:30,2170.75,2170.89990234375,2166.89990234375,2167.0,11834,0.0,0.0
2025-03-17 09:55:00+05:30,2167.0,2174.25,2165.050048828125,2172.550048828125,17595,0.0,0.0
2025-03-17 10:00:00+05:30,2173.35009765625,2174.949951171875,2170.050048828125,2170.050048828125,8381,0.0,0.0
2025-03-17 10:05:00+05:30,2170.5,2171.14990234375,2168.300048828125,2170.0,7467,0.0,0.0
2025-03-17 10:10:00+05:30,2170.0,2172.0,2168.449951171875,2168.449951171875,3720,0.0,0.0
2025-03-17 10:15:00+05:30,2169.25,2169.25,2165.39990234375,2167.0,5845,0.0,0.0
2025-03-17 10:20:00+05:30,2166.5,2167.300048828125,2163.10009765625,2165.300048828125,10600,0.0,0.0
2025-03-17 10:25:00+05:30,2165.14990234375,2167.449951171875,2164.300048828125,2165.35009765625,4938,0.0,0.0
2025-03-17 10:30:00+05:30,2165.89990234375,2166.5,2162.0,2162.10009765625,6267,0.0,0.0
2025-03-17 10:35:00+05:30,2162.0,2162.0,2156.60009765625,2157.60009765625,21247,0.0,0.0
2025-03-17 10:40:00+05:30,2157.25,2161.5,2156.75,2161.050048828125,10438,0.0,0.0
2025-03-17 10:45:00+05:30,2162.35009765625,2163.85009765625,2161.0,2162.25,8062,0.0,0.0
2025-03-17 10:50:00+05:30,2161.800048828125,2163.64990234375,2159.85009765625,2163.0,5122,0.0,0.0
2025-03-17 10:55:00+05:30,2163.050048828125,2167.35009765625,2162.60009765625,2166.0,8002,0.0,0.0
2025-03-17 11:00:00+05:30,2166.64990234375,2169.0,2166.64990234375,2168.14990234375,5008,0.0,0.0
2025-03-17 11:05:00+05:30,2168.199951171875,2168.800048828125,2167.5,2168.60009765625,14171,0.0,0.0
2025-03-17 11:10:00+05:30,2168.449951171875,2169.0,2163.800048828125,2164.050048828125,10765,0.0,0.0
2025-03-17 11:15:00+05:30,2163.64990234375,2164.050048828125,2161.0,2163.550048828125,4230,0.0,0.0
2025-03-17 11:20:00+05:30,2163.10009765625,2163.550048828125,2162.10009765625,2162.64990234375,2862,0.0,0.0
2025-03-17 11:25:00+05:30,2162.699951171875,2164.89990234375,2162.10009765625,2163.949951171875,7881,0.0,0.0
2025-03-17 11:30:00+05:30,2163.949951171875,2164.050048828125,2161.5,2163.199951171875,3714,0.0,0.0
2025-03-17 11:35:00+05:30,2163.449951171875,2164.85009765625,2162.35009765625,2164.85009765625,9775,0.0,0.0
2025-03-17 11:40:00+05:30,2164.449951171875,2165.35009765625,2162.75,2162.75,4879,0.0,0.0
2025-03-17 11:45:00+05:30,2163.10009765625,2164.0,2162.75,2163.300048828125,2859,0.0,0.0
2025-03-17 11:50:00+05:30,2163.300048828125,2163.35009765625,2158.5,2159.5,14298,0.0,0.0
2025-03-17 11:55:00+05:30,2159.14990234375,2160.39990234375,2157.699951171875,2160.0,6952,0.0,0.0
2025-03-17 12:00:00+05:30,2160.0,2163.0,2159.050048828125,2162.75,26571,0.0,0.0
2025-03-17 12:05:00+05:30,2163.0,2167.949951171875,2162.25,2165.85009765625,4985,0.0,0.0
2025-03-17 12:10:00+05:30,2165.85009765625,2167.60009765625,2165.35009765625,2165.449951171875,4137,0.0,0.0
2025-03-17 12:15:00+05:30,2165.550048828125,2166.89990234375,2164.550048828125,2165.85009765625,3342,0.0,0.0
2025-03-17 12:20:00+05:30,2165.5,2165.800048828125,2163.60009765625,2163.949951171875,3626,0.0,0.0
2025-03-17 12:25:00+05:30,2163.89990234375,2165.300048828125,2162.0,2165.300048828125,4704,0.0,0.0
2025-03-17 12:30:00+05:30,2165.35009765625,2166.949951171875,2165.0,2165.60009765625,56649,0.0,0.0
2025-03-17 12:35:00+05:30,2165.75,2165.75,2162.25,2164.89990234375,67132,0.0,0.0
2025-03-17 12:40:00+05:30,2164.39990234375,2165.0,2162.949951171875,2163.75,31551,0.0,0.0
2025-03-17 12:45:00+05:30,2163.75,2166.0,2161.25,2165.35009765625,32976,0.0,0.0
2025-03-17 12:50:00+05:30,2165.300048828125,2165.89990234375,2165.0,2165.25,4290,0.0,0.0
2025-03-17 12:55:00+05:30,2165.5,2168.0,2165.14990234375,2166.699951171875,3482,0.0,0.0
2025-03-17 13:00:00+05:30,2166.89990234375,2170.89990234375,2165.199951171875,2170.85009765625,33415,0.0,0.0
2025-03-17 13:05:00+05:30,2170.89990234375,2170.89990234375,2169.0,2169.5,12158,0.0,0.0
2025-03-17 13:10:00+05:30,2169.39990234375,2171.0,2169.35009765625,2169.75,5628,0.0,0.0
2025-03-17 13:15:00+05:30,2169.64990234375,2171.050048828125,2169.14990234375,2170.449951171875,7845,0.0,0.0
2025-03-17 13:20:00+05:30,2170.550048828125,2171.800048828125,2170.0,2171.39990234375,8523,0.0,0.0
2025-03-17 13:25:00+05:30,2171.800048828125,2174.14990234375,2170.949951171875,2174.10009765625,22933,0.0,0.0
2025-03-17 13:30:00+05:30,2174.699951171875,2177.0,2174.050048828125,2175.300048828125,39411,0.0,0.0
2025-03-17 13:35:00+05:30,2175.75,2176.0,2175.0,2175.60009765625,8035,0.0,0.0
2025-03-17 13:40:00+05:30,2175.0,2177.800048828125,2174.949951171875,2177.0,18505,0.0,0.0
2025-03-17 13:45:00+05:30,2177.10009765625,2177.75,2175.800048828125,2176.0,17208,0.0,0.0
2025-03-17 13:50:00+05:30,2175.5,2175.949951171875,2171.60009765625,2173.64990234375,21841,0.0,0.0
2025-03-17 13:55:00+05:30,2173.64990234375,2176.39990234375,2173.0,2175.10009765625,6880,0.0,0.0
2025-03-17 14:00:00+05:30,2175.25,2175.64990234375,2172.699951171875,2174.10009765625,5628,0.0,0.0
2025-03-17 14:05:00+05:30,2174.550048828125,2175.85009765625,2173.449951171875,2174.39990234375,6096,0.0,0.0
2025-03-17 14:10:00+05:30,2173.949951171875,2174.699951171875,2171.25,2172.0,5134,0.0,0.0
2025-03-17 14:15:00+05:30,2171.300048828125,2172.800048828125,2170.64990234375,2172.25,6479,0.0,0.0
2025-03-17 14:20:00+05:30,2172.5,2172.5,2170.60009765625,2171.050048828125,6473,0.0,0.0
2025-03-17 14:25:00+05:30,2171.14990234375,2171.85009765625,2170.050048828125,2171.5,5933,0.0,0.0
2025-03-17 14:30:00+05:30,2171.949951171875,2173.60009765625,2171.050048828125,2172.5,7357,0.0,0.0
2025-03-17 14:35:00+05:30,2173.050048828125,2173.050048828125,2171.050048828125,2171.10009765625,5442,0.0,0.0
2025-03-17 14:40:00+05:30,2171.60009765625,2171.64990234375,2168.14990234375,2169.35009765625,6901,0.0,0.0
2025-03-17 14:45:00+05:30,2168.5,2170.0,2168.5,2169.25,5925,0.0,0.0
2025-03-17 14:50:00+05:30,2169.25,2170.5,2168.60009765625,2170.0,6652,0.0,0.0
2025-03-17 14:55:00+05:30,2170.0,2170.64990234375,2169.39990234375,2170.25,9835,0.0,0.0
2025-03-17 15:00:00+05:30,2170.0,2172.550048828125,2170.0,2171.39990234375,19863,0.0,0.0
2025-03-17 15:05:00+05:30,2171.35009765625,2172.0,2170.550048828125,2171.64990234375,18612,0.0,0.0
2025-03-17 15:10:00+05:30,2172.449951171875,2172.5,2170.949951171875,2171.10009765625,23987,0.0,0.0
2025-03-17 15:15:00+05:30,2171.10009765625,2171.10009765625,2170.39990234375,2170.60009765625,51647,0.0,0.0
2025-03-17 15:20:00+05:30,2170.60009765625,2171.60009765625,2170.199951171875,2171.60009765625,20516,0.0,0.0
2025-03-17 15:25:00+05:30,2171.60009765625,2172.5,2170.0,2171.25,30301,0.0,0.0
2025-03-18 09:15:00+05:30,2183.949951171875,2188.0,2178.39990234375,2179.85009765625,0,0.0,0.0
2025-03-18 09:20:00+05:30,2179.85009765625,2191.5,2178.0,2191.0,33215,0.0,0.0
2025-03-18 09:25:00+05:30,2191.0,2193.800048828125,2188.75,2188.85009765625,27332,0.0,0.0
2025-03-18 09:30:00+05:30,2188.39990234375,2189.300048828125,2184.85009765625,2188.10009765625,18728,0.0,0.0
2025-03-18 09:35:00+05:30,2188.050048828125,2198.0,2187.75,2196.14990234375,16763,0.0,0.0
2025-03-18 09:40:00+05:30,2196.550048828125,2196.550048828125,2191.550048828125,2191.550048828125,8693,0.0,0.0
2025-03-18 09:45:00+05:30,2191.64990234375,2196.0,2190.10009765625,2195.0,12679,0.0,0.0
2025-03-18 09:50:00+05:30,2195.14990234375,2199.699951171875,2193.64990234375,2194.39990234375,18763,0.0,0.0
2025-03-18 09:55:00+05:30,2193.5,2193.75,2191.0,2192.0,7150,0.0,0.0
2025-03-18 10:00:00+05:30,2192.39990234375,2199.949951171875,2191.050048828125,2198.85009765625,17580,0.0,0.0
2025-03-18 10:05:00+05:30,2198.89990234375,2199.60009765625,2194.89990234375,2194.89990234375,17691,0.0,0.0
2025-03-18 10:10:00+05:30,2194.89990234375,2198.300048828125,2193.25,2197.89990234375,15395,0.0,0.0
2025-03-18 10:15:00+05:30,2197.89990234375,2198.050048828125,2192.0,2195.0,13285,0.0,0.0
2025-03-18 10:20:00+05:30,2195.0,2196.300048828125,2194.0,2194.949951171875,10808,0.0,0.0
2025-03-18 10:25:00+05:30,2194.89990234375,2198.10009765625,2193.0,2198.0,15904,0.0,0.0
2025-03-18 10:30:00+05:30,2199.0,2205.550048828125,2198.5,2204.75,27577,0.0,0.0
2025-03-18 10:35:00+05:30,2204.199951171875,2206.199951171875,2203.199951171875,2205.64990234375,18210,0.0,0.0
2025-03-18 10:40:00+05:30,2206.39990234375,2208.0,2204.89990234375,2205.39990234375,16379,0.0,0.0
2025-03-18 10:45:00+05:30,2205.39990234375,2209.64990234375,2205.300048828125,2206.64990234375,38231,0.0,0.0
2025-03-18 10:50:00+05:30,2206.699951171875,2207.89990234375,2203.300048828125,2203.550048828125,29909,0.0,0.0
2025-03-18 10:55:00+05:30,2206.050048828125,2207.0,2201.050048828125,2205.949951171875,46156,0.0,0.0
2025-03-18 11:00:00+05:30,2205.10009765625,2205.89990234375,2197.0,2203.25,20885,0.0,0.0
2025-03-18 11:05:00+05:30,2203.300048828125,2203.75,2201.75,2202.199951171875,25333,0.0,0.0
2025-03-18 11:10:00+05:30,2202.199951171875,2206.199951171875,2202.199951171875,2203.949951171875,8680,0.0,0.0
2025-03-18 11:15:00+05:30,2203.89990234375,2204.64990234375,2201.60009765625,2203.35009765625,27154,0.0,0.0
2025-03-18 11:20:00+05:30,2204.0,2206.10009765625,2203.5,2206.10009765625,20252,0.0,0.0
2025-03-18 11:25:00+05:30,2206.10009765625,2209.0,2205.60009765625,2207.699951171875,9318,0.0,0.0
2025-03-18 11:30:00+05:30,2208.800048828125,2210.75,2206.800048828125,2210.0,20295,0.0,0.0
2025-03-18 11:35:00+05:30,2210.0,2211.0,2209.949951171875,2210.0,19142,0.0,0.0
2025-03-18 11:40:00+05:30,2209.89990234375,2209.89990234375,2206.5,2207.10009765625,7496,0.0,0.0
2025-03-18 11:45:00+05:30,2208.14990234375,2213.25,2207.89990234375,2213.0,14514,0.0,0.0
2025-03-18 11:50:00+05:30,2213.0,2213.0,2211.050048828125,2211.25,9204,0.0,0.0
2025-03-18 11:55:00+05:30,2211.5,2212.550048828125,2210.0,2212.0,9968,0.0,0.0
2025-03-18 12:00:00+05:30,2212.0,2215.0,2210.25,2214.050048828125,12472,0.0,0.0
2025-03-18 12:05:00+05:30,2214.050048828125,2214.949951171875,2212.949951171875,2214.550048828125,7089,0.0,0.0
2025-03-18 12:10:00+05:30,2214.0,2214.949951171875,2212.39990234375,2212.39990234375,6361,0.0,0.0
2025-03-18 12:15:00+05:30,2212.25,2213.300048828125,2209.85009765625,2211.64990234375,10112,0.0,0.0
2025-03-18 12:20:00+05:30,2212.10009765625,2212.25,2210.0,2210.85009765625,9580,0.0,0.0
2025-03-18 12:25:00+05:30,2210.75,2211.800048828125,2208.85009765625,2210.0,17564,0.0,0.0
2025-03-18 12:30:00+05:30,2210.0,2211.449951171875,2209.0,2209.14990234375,19878,0.0,0.0
2025-03-18 12:35:00+05:30,2209.800048828125,2210.0,2207.0,2207.0,24688,0.0,0.0
2025-03-18 12:40:00+05:30,2207.0,2207.89990234375,2203.5,2203.5,16861,0.0,0.0
2025-03-18 12:45:00+05:30,2203.300048828125,2203.5,2198.5,2199.949951171875,11107,0.0,0.0
2025-03-18 12:50:00+05:30,2199.25,2205.10009765625,2199.25,2204.800048828125,10643,0.0,0.0
2025-03-18 12:55:00+05:30,2205.0,2206.800048828125,2203.0,2205.64990234375,11757,0.0,0.0
2025-03-18 13:00:00+05:30,2204.800048828125,2205.89990234375,2203.300048828125,2204.14990234375,10967,0.0,0.0
2025-03-18 13:05:00+05:30,2203.85009765625,2206.25,2202.699951171875,2204.949951171875,39080,0.0,0.0
2025-03-18 13:10:00+05:30,2204.300048828125,2205.85009765625,2203.64990234375,2205.5,9181,0.0,0.0
2025-03-18 13:15:00+05:30,2205.300048828125,2210.0,2205.10009765625,2209.25,20533,0.0,0.0
2025-03-18 13:20:00+05:30,2209.39990234375,2210.39990234375,2205.800048828125,2206.550048828125,21753,0.0,0.0
2025-03-18 13:25:00+05:30,2206.949951171875,2206.949951171875,2203.14990234375,2203.300048828125,8938,0.0,0.0
2025-03-18 13:30:00+05:30,2203.300048828125,2205.0,2202.35009765625,2203.449951171875,8583,0.0,0.0
2025-03-18 13:35:00+05:30,2203.25,2204.10009765625,2202.10009765625,2202.35009765625,11142,0.0,0.0
2025-03-18 13:40:00+05:30,2202.35009765625,2204.300048828125,2201.64990234375,2202.050048828125,8013,0.0,0.0
2025-03-18 13:45:00+05:30,2201.800048828125,2201.800048828125,2200.14990234375,2201.449951171875,7766,0.0,0.0
2025-03-18 13:50:00+05:30,2200.60009765625,2202.14990234375,2200.25,2201.199951171875,7434,0.0,0.0
2025-03-18 13:55:00+05:30,2201.14990234375,2201.89990234375,2200.0,2200.300048828125,7905,0.0,0.0
2025-03-18 14:00:00+05:30,2200.25,2201.25,2199.60009765625,2200.64990234375,8963,0.0,0.0
2025-03-18 14:05:00+05:30,2200.89990234375,2202.25,2200.050048828125,2200.64990234375,17433,0.0,0.0
2025-03-18 14:10:00+05:30,2200.300048828125,2200.300048828125,2195.0,2195.0,17900,0.0,0.0
2025-03-18 14:15:00+05:30,2195.300048828125,2195.300048828125,2192.89990234375,2192.949951171875,9459,0.0,0.0
2025-03-18 14:20:00+05:30,2192.949951171875,2195.800048828125,2192.0,2194.85009765625,10220,0.0,0.0
2025-03-18 14:25:00+05:30,2195.39990234375,2196.89990234375,2194.800048828125,2195.699951171875,14649,0.0,0.0
2025-03-18 14:30:00+05:30,2195.64990234375,2197.050048828125,2195.25,2195.800048828125,14504,0.0,0.0
2025-03-18 14:35:00+05:30,2195.25,2197.050048828125,2195.25,2196.199951171875,8692,0.0,0.0
2025-03-18 14:40:00+05:30,2196.14990234375,2197.0,2194.300048828125,2196.0,14878,0.0,0.0
2025-03-18 14:45:00+05:30,2196.050048828125,2199.39990234375,2195.5,2197.550048828125,22537,0.0,0.0
2025-03-18 14:50:00+05:30,2197.550048828125,2198.449951171875,2195.85009765625,2196.050048828125,20066,0.0,0.0
2025-03-18 14:55:00+05:30,2196.10009765625,2198.64990234375,2196.0,2196.0,27611,0.0,0.0
2025-03-18 15:00:00+05:30,2196.25,2199.0,2196.25,2198.0,38151,0.0,0.0
2025-03-18 15:05:00+05:30,2198.0,2201.800048828125,2197.25,2201.800048828125,51885,0.0,0.0
2025-03-18 15:10:00+05:30,2203.0,2203.14990234375,2200.050048828125,2202.300048828125,57924,0.0,0.0
2025-03-18 15:15:00+05:30,2202.300048828125,2202.75,2200.39990234375,2201.0,38923,0.0,0.0
2025-03-18 15:20:00+05:30,2201.0,2203.60009765625,2201.0,2202.949951171875,52538,0.0,0.0
2025-03-18 15:25:00+05:30,2203.199951171875,2206.85009765625,2202.39990234375,2202.550048828125,50350,0.0,0.0
2025-03-19 09:15:00+05:30,2210.35009765625,2211.050048828125,2205.449951171875,2205.449951171875,0,0.0,0.0
2025-03-19 09:20:00+05:30,2204.199951171875,2208.199951171875,2202.64990234375,2202.64990234375,10067,0.0,0.0
2025-03-19 09:25:00+05:30,2204.10009765625,2206.0,2201.85009765625,2204.550048828125,11865,0.0,0.0
2025-03-19 09:30:00+05:30,2204.550048828125,2206.0,2204.10009765625,2204.60009765625,11851,0.0,0.0
2025-03-19 09:35:00+05:30,2204.39990234375,2205.949951171875,2196.89990234375,2197.550048828125,17043,0.0,0.0
2025-03-19 09:40:00+05:30,2197.550048828125,2202.75,2197.0,2202.550048828125,18942,0.0,0.0
2025-03-19 09:45:00+05:30,2203.0,2203.949951171875,2202.050048828125,2203.25,5074,0.0,0.0
2025-03-19 09:50:00+05:30,2203.25,2204.550048828125,2202.0,2202.199951171875,9668,0.0,0.0
2025-03-19 09:55:00+05:30,2201.800048828125,2202.10009765625,2198.35009765625,2199.35009765625,7230,0.0,0.0
2025-03-19 10:00:00+05:30,2199.35009765625,2200.85009765625,2198.0,2199.5,5577,0.0,0.0
2025-03-19 10:05:00+05:30,2199.35009765625,2199.5,2196.60009765625,2196.60009765625,6210,0.0,0.0
2025-03-19 10:10:00+05:30,2196.60009765625,2199.699951171875,2196.14990234375,2197.800048828125,7986,0.0,0.0
2025-03-19 10:15:00+05:30,2197.75,2199.0,2197.5,2198.14990234375,4442,0.0,0.0
2025-03-19 10:20:00+05:30,2198.199951171875,2200.449951171875,2197.0,2200.449951171875,7806,0.0,0.0
2025-03-19 10:25:00+05:30,2199.550048828125,2200.699951171875,2198.25,2198.550048828125,5218,0.0,0.0
2025-03-19 10:30:00+05:30,2199.0,2205.699951171875,2199.0,2205.10009765625,16184,0.0,0.0
2025-03-19 10:35:00+05:30,2205.050048828125,2205.050048828125,2204.050048828125,2204.75,9060,0.0,0.0
2025-03-19 10:40:00+05:30,2204.75,2204.75,2204.0,2204.449951171875,6366,0.0,0.0
2025-03-19 10:45:00+05:30,2204.449951171875,2204.449951171875,2200.949951171875,2201.0,33243,0.0,0.0
2025-03-19 10:50:00+05:30,2201.449951171875,2202.39990234375,2200.0,2201.800048828125,40528,0.0,0.0
2025-03-19 10:55:00+05:30,2202.0,2203.89990234375,2202.0,2203.300048828125,8461,0.0,0.0
2025-03-19 11:00:00+05:30,2204.0,2204.10009765625,2201.949951171875,2202.199951171875,11717,0.0,0.0
2025-03-19 11:05:00+05:30,2201.800048828125,2202.10009765625,2197.35009765625,2197.35009765625,31953,0.0,0.0
2025-03-19 11:10:00+05:30,2197.35009765625,2198.0,2193.449951171875,2195.10009765625,36851,0.0,0.0
2025-03-19 11:15:00+05:30,2195.14990234375,2196.10009765625,2194.25,2194.699951171875,20107,0.0,0.0
2025-03-19 11:20:00+05:30,2194.64990234375,2195.85009765625,2194.39990234375,2194.5,10265,0.0,0.0
2025-03-19 11:25:00+05:30,2194.89990234375,2197.5,2194.35009765625,2197.5,8849,0.0,0.0
2025-03-19 11:30:00+05:30,2197.449951171875,2198.5,2197.050048828125,2198.5,7805,0.0,0.0
2025-03-19 11:35:00+05:30,2198.050048828125,2198.39990234375,2197.10009765625,2197.39990234375,7821,0.0,0.0
2025-03-19 11:40:00+05:30,2197.449951171875,2198.050048828125,2196.800048828125,2197.050048828125,9524,0.0,0.0
2025-03-19 11:45:00+05:30,2197.14990234375,2197.75,2194.699951171875,2195.14990234375,14752,0.0,0.0
2025-03-19 11:50:00+05:30,2195.14990234375,2195.949951171875,2195.10009765625,2195.300048828125,7255,0.0,0.0
2025-03-19 11:55:00+05:30,2195.39990234375,2195.949951171875,2195.0,2195.0,8857,0.0,0.0
2025-03-19 12:00:00+05:30,2195.0,2196.85009765625,2195.0,2195.550048828125,14005,0.0,0.0
2025-03-19 12:05:00+05:30,2195.64990234375,2196.10009765625,2195.39990234375,2195.39990234375,5470,0.0,0.0
2025-03-19 12:10:00+05:30,2195.39990234375,2198.10009765625,2195.10009765625,2197.75,35535,0.0,0.0
2025-03-19 12:15:00+05:30,2197.699951171875,2201.800048828125,2197.39990234375,2201.550048828125,7043,0.0,0.0
2025-03-19 12:20:00+05:30,2201.60009765625,2201.64990234375,2199.699951171875,2199.699951171875,8633,0.0,0.0
2025-03-19 12:25:00+05:30,2199.5,2200.60009765625,2198.699951171875,2198.699951171875,7843,0.0,0.0
2025-03-19 12:30:00+05:30,2198.800048828125,2199.199951171875,2197.050048828125,2197.550048828125,6074,0.0,0.0
2025-03-19 12:35:00+05:30,2197.85009765625,2198.800048828125,2197.25,2198.449951171875,4739,0.0,0.0
2025-03-19 12:40:00+05:30,2198.5,2200.75,2198.449951171875,2200.550048828125,25026,0.0,0.0
2025-03-19 12:45:00+05:30,2200.10009765625,2202.699951171875,2198.199951171875,2201.14990234375,19856,0.0,0.0
2025-03-19 12:50:00+05:30,2201.14990234375,2202.300048828125,2200.800048828125,2201.800048828125,17581,0.0,0.0
2025-03-19 12:55:00+05:30,2201.39990234375,2202.0,2200.0,2201.5,9022,0.0,0.0
2025-03-19 13:00:00+05:30,2201.699951171875,2201.699951171875,2200.050048828125,2200.800048828125,8184,0.0,0.0
2025-03-19 13:05:00+05:30,2200.60009765625,2200.89990234375,2197.050048828125,2197.050048828125,31568,0.0,0.0
2025-03-19 13:10:00+05:30,2197.449951171875,2200.39990234375,2196.10009765625,2200.0,22324,0.0,0.0
2025-03-19 13:15:00+05:30,2198.5,2203.0,2197.050048828125,2203.0,29629,0.0,0.0
2025-03-19 13:20:00+05:30,2203.0,2206.699951171875,2202.800048828125,2206.699951171875,21570,0.0,0.0
2025-03-19 13:25:00+05:30,2206.699951171875,2207.64990234375,2205.050048828125,2206.39990234375,17887,0.0,0.0
2025-03-19 13:30:00+05:30,2207.10009765625,2207.10009765625,2205.64990234375,2206.39990234375,7748,0.0,0.0
2025-03-19 13:35:00+05:30,2206.85009765625,2208.050048828125,2206.39990234375,2208.050048828125,9148,0.0,0.0
2025-03-19 13:40:00+05:30,2208.14990234375,2209.0,2205.64990234375,2206.35009765625,10893,0.0,0.0
2025-03-19 13:45:00+05:30,2206.25,2206.64990234375,2202.300048828125,2202.35009765625,12468,0.0,0.0
2025-03-19 13:50:00+05:30,2202.300048828125,2203.550048828125,2201.050048828125,2201.050048828125,7584,0.0,0.0
2025-03-19 13:55:00+05:30,2201.800048828125,2202.949951171875,2201.050048828125,2202.800048828125,8031,0.0,0.0
2025-03-19 14:00:00+05:30,2202.800048828125,2203.550048828125,2200.64990234375,2201.35009765625,9762,0.0,0.0
2025-03-19 14:05:00+05:30,2201.75,2203.5,2200.85009765625,2202.60009765625,8370,0.0,0.0
2025-03-19 14:10:00+05:30,2202.85009765625,2204.449951171875,2202.449951171875,2204.25,24542,0.0,0.0
2025-03-19 14:15:00+05:30,2204.14990234375,2204.199951171875,2201.85009765625,2203.5,12820,0.0,0.0
2025-03-19 14:20:00+05:30,2202.64990234375,2206.0,2202.550048828125,2205.800048828125,18219,0.0,0.0
2025-03-19 14:25:00+05:30,2205.800048828125,2206.050048828125,2205.14990234375,2205.449951171875,8259,0.0,0.0
2025-03-19 14:30:00+05:30,2205.39990234375,2205.699951171875,2205.0,2205.0,6828,0.0,0.0
2025-03-19 14:35:00+05:30,2205.14990234375,2205.449951171875,2204.14990234375,2204.949951171875,9009,0.0,0.0
2025-03-19 14:40:00+05:30,2204.25,2205.64990234375,2204.050048828125,2204.199951171875,15358,0.0,0.0
2025-03-19 14:45:00+05:30,2204.199951171875,2204.89990234375,2202.89990234375,2203.699951171875,14252,0.0,0.0
2025-03-19 14:50:00+05:30,2204.0,2205.89990234375,2203.60009765625,2204.199951171875,17194,0.0,0.0
2025-03-19 14:55:00+05:30,2204.14990234375,2204.39990234375,2203.35009765625,2204.10009765625,17679,0.0,0.0
2025-03-19 15:00:00+05:30,2204.10009765625,2204.39990234375,2202.449951171875,2203.0,51530,0.0,0.0
2025-03-19 15:05:00+05:30,2203.050048828125,2203.050048828125,2196.10009765625,2199.949951171875,101678,0.0,0.0
2025-03-19 15:10:00+05:30,2203.10009765625,2203.10009765625,2198.60009765625,2199.199951171875,95411,0.0,0.0
2025-03-19 15:15:00+05:30,2199.5,2200.89990234375,2198.449951171875,2198.449951171875,40888,0.0,0.0
2025-03-19 15:20:00+05:30,2198.300048828125,2200.10009765625,2195.25,2196.0,50408,0.0,0.0
2025-03-19 15:25:00+05:30,2195.949951171875,2199.300048828125,2195.949951171875,2198.949951171875,34317,0.0,0.0
2025-03-20 09:15:00+05:30,2203.85009765625,2203.85009765625,2190.14990234375,2192.60009765625,0,0.0,0.0
2025-03-20 09:20:00+05:30,2192.25,2206.5,2192.25,2205.949951171875,16118,0.0,0.0
2025-03-20 09:25:00+05:30,2205.949951171875,2206.800048828125,2202.199951171875,2204.5,11190,0.0,0.0
2025-03-20 09:30:00+05:30,2204.5,2208.64990234375,2203.75,2208.25,17468,0.0,0.0
2025-03-20 09:35:00+05:30,2209.0,2209.0,2204.0,2205.35009765625,18526,0.0,0.0
2025-03-20 09:40:00+05:30,2205.800048828125,2207.25,2202.35009765625,2207.10009765625,16384,0.0,0.0
2025-03-20 09:45:00+05:30,2205.949951171875,2209.199951171875,2205.949951171875,2209.0,15987,0.0,0.0
2025-03-20 09:50:00+05:30,2209.5,2211.25,2208.5,2209.699951171875,20326,0.0,0.0
2025-03-20 09:55:00+05:30,2209.0,2210.75,2205.699951171875,2207.300048828125,6523,0.0,0.0
2025-03-20 10:00:00+05:30,2207.050048828125,2209.800048828125,2204.75,2209.10009765625,8295,0.0,0.0
2025-03-20 10:05:00+05:30,2209.050048828125,2209.85009765625,2204.39990234375,2205.199951171875,13697,0.0,0.0
2025-03-20 10:10:00+05:30,2205.60009765625,2206.14990234375,2202.550048828125,2206.14990234375,8927,0.0,0.0
2025-03-20 10:15:00+05:30,2205.60009765625,2211.35009765625,2204.75,2209.35009765625,8758,0.0,0.0
2025-03-20 10:20:00+05:30,2209.35009765625,2221.39990234375,2209.35009765625,2219.5,32605,0.0,0.0
2025-03-20 10:25:00+05:30,2219.5,2223.5,2218.0,2222.449951171875,14872,0.0,0.0
2025-03-20 10:30:00+05:30,2222.5,2222.75,2220.0,2220.800048828125,9139,0.0,0.0
2025-03-20 10:35:00+05:30,2220.699951171875,2222.0,2219.300048828125,2221.050048828125,12938,0.0,0.0
2025-03-20 10:40:00+05:30,2221.14990234375,2221.14990234375,2218.39990234375,2219.0,16686,0.0,0.0
2025-03-20 10:45:00+05:30,2219.0,2220.0,2218.699951171875,2218.85009765625,8301,0.0,0.0
2025-03-20 10:50:00+05:30,2218.75,2220.64990234375,2218.699951171875,2220.0,3908,0.0,0.0
2025-03-20 10:55:00+05:30,2220.0,2222.0,2220.0,2221.35009765625,5586,0.0,0.0
2025-03-20 11:00:00+05:30,2222.050048828125,2223.0,2221.300048828125,2222.89990234375,6600,0.0,0.0
2025-03-20 11:05:00+05:30,2222.89990234375,2223.35009765625,2221.35009765625,2221.39990234375,5659,0.0,0.0
2025-03-20 11:10:00+05:30,2221.35009765625,2224.800048828125,2221.35009765625,2223.699951171875,10008,0.0,0.0
2025-03-20 11:15:00+05:30,2223.5,2224.5,2221.35009765625,2222.0,5228,0.0,0.0
2025-03-20 11:20:00+05:30,2222.0,2223.550048828125,2220.0,2222.449951171875,6633,0.0,0.0
2025-03-20 11:25:00+05:30,2223.35009765625,2223.75,2220.800048828125,2222.0,4204,0.0,0.0
2025-03-20 11:30:00+05:30,2222.35009765625,2223.0,2220.550048828125,2222.0,5025,0.0,0.0
2025-03-20 11:35:00+05:30,2222.0,2222.550048828125,2219.5,2219.5,11354,0.0,0.0
2025-03-20 11:40:00+05:30,2219.5,2220.300048828125,2218.050048828125,2218.64990234375,9095,0.0,0.0
2025-03-20 11:45:00+05:30,2218.85009765625,2220.5,2218.0,2219.5,5921,0.0,0.0
2025-03-20 11:50:00+05:30,2220.050048828125,2221.449951171875,2219.14990234375,2220.699951171875,4732,0.0,0.0
2025-03-20 11:55:00+05:30,2220.0,2220.64990234375,2218.10009765625,2218.10009765625,24078,0.0,0.0
2025-03-20 12:00:00+05:30,2218.10009765625,2223.449951171875,2218.10009765625,2223.449951171875,6231,0.0,0.0
2025-03-20 12:05:00+05:30,2223.199951171875,2225.0,2221.5,2224.300048828125,10455,0.0,0.0
2025-03-20 12:10:00+05:30,2224.35009765625,2226.5,2224.35009765625,2225.550048828125,8213,0.0,0.0
2025-03-20 12:15:00+05:30,2225.699951171875,2227.699951171875,2224.0,2227.699951171875,6857,0.0,0.0
2025-03-20 12:20:00+05:30,2228.199951171875,2231.25,2228.199951171875,2230.85009765625,22164,0.0,0.0
2025-03-20 12:25:00+05:30,2230.800048828125,2231.949951171875,2230.0,2230.199951171875,12214,0.0,0.0
2025-03-20 12:30:00+05:30,2230.25,2231.89990234375,2230.0,2230.949951171875,10750,0.0,0.0
2025-03-20 12:35:00+05:30,2230.949951171875,2231.35009765625,2230.0,2230.949951171875,7138,0.0,0.0
2025-03-20 12:40:00+05:30,2230.550048828125,2232.0,2229.10009765625,2231.39990234375,14254,0.0,0.0
2025-03-20 12:45:00+05:30,2231.64990234375,2232.5,2230.60009765625,2232.5,8087,0.0,0.0
2025-03-20 12:50:00+05:30,2232.5,2235.5,2231.550048828125,2235.0,33374,0.0,0.0
2025-03-20 12:55:00+05:30,2235.0,2235.449951171875,2234.0,2234.300048828125,18671,0.0,0.0
2025-03-20 13:00:00+05:30,2234.550048828125,2235.60009765625,2230.800048828125,2232.0,23735,0.0,0.0
2025-03-20 13:05:00+05:30,2231.199951171875,2232.10009765625,2230.10009765625,2230.89990234375,9025,0.0,0.0
2025-03-20 13:10:00+05:30,2231.0,2235.64990234375,2230.949951171875,2234.050048828125,7884,0.0,0.0
2025-03-20 13:15:00+05:30,2234.5,2236.699951171875,2232.199951171875,2236.699951171875,11033,0.0,0.0
2025-03-20 13:20:00+05:30,2237.550048828125,2238.89990234375,2234.89990234375,2234.89990234375,12455,0.0,0.0
2025-03-20 13:25:00+05:30,2235.550048828125,2236.35009765625,2233.5,2234.699951171875,8227,0.0,0.0
2025-03-20 13:30:00+05:30,2235.0,2235.449951171875,2232.949951171875,2233.60009765625,7438,0.0,0.0
2025-03-20 13:35:00+05:30,2233.800048828125,2236.300048828125,2232.89990234375,2236.300048828125,7978,0.0,0.0
2025-03-20 13:40:00+05:30,2236.25,2241.800048828125,2235.5,2241.25,54200,0.0,0.0
2025-03-20 13:45:00+05:30,2241.39990234375,2241.39990234375,2240.0,2240.0,10321,0.0,0.0
2025-03-20 13:50:00+05:30,2240.60009765625,2241.0,2239.39990234375,2240.64990234375,20308,0.0,0.0
2025-03-20 13:55:00+05:30,2240.60009765625,2245.10009765625,2238.64990234375,2245.10009765625,29414,0.0,0.0
2025-03-20 14:00:00+05:30,2245.449951171875,2248.0,2244.35009765625,2246.85009765625,15203,0.0,0.0
2025-03-20 14:05:00+05:30,2247.449951171875,2248.89990234375,2243.85009765625,2244.800048828125,19029,0.0,0.0
2025-03-20 14:10:00+05:30,2244.89990234375,2246.550048828125,2243.60009765625,2244.050048828125,19420,0.0,0.0
2025-03-20 14:15:00+05:30,2244.699951171875,2244.800048828125,2240.75,2243.39990234375,13709,0.0,0.0
2025-03-20 14:20:00+05:30,2244.0,2245.39990234375,2243.25,2244.050048828125,14296,0.0,0.0
2025-03-20 14:25:00+05:30,2243.85009765625,2245.14990234375,2242.39990234375,2242.5,12811,0.0,0.0
2025-03-20 14:30:00+05:30,2242.60009765625,2242.800048828125,2241.449951171875,2242.449951171875,11299,0.0,0.0
2025-03-20 14:35:00+05:30,2242.449951171875,2242.89990234375,2240.199951171875,2241.0,26079,0.0,0.0
2025-03-20 14:40:00+05:30,2241.14990234375,2241.60009765625,2239.050048828125,2240.25,24318,0.0,0.0
2025-03-20 14:45:00+05:30,2240.25,2243.25,2239.0,2242.0,54654,0.0,0.0
2025-03-20 14:50:00+05:30,2242.300048828125,2243.449951171875,2240.85009765625,2240.85009765625,33086,0.0,0.0
2025-03-20 14:55:00+05:30,2241.550048828125,2243.60009765625,2241.0,2243.14990234375,34790,0.0,0.0
2025-03-20 15:00:00+05:30,2243.300048828125,2244.10009765625,2240.75,2241.85009765625,77843,0.0,0.0
2025-03-20 15:05:00+05:30,2241.75,2244.39990234375,2241.75,2243.60009765625,80360,0.0,0.0
2025-03-20 15:10:00+05:30,2244.64990234375,2244.64990234375,2242.050048828125,2242.800048828125,93612,0.0,0.0
2025-03-20 15:15:00+05:30,2242.5,2242.5,2240.550048828125,2241.050048828125,42011,0.0,0.0
2025-03-20 15:20:00+05:30,2241.050048828125,2241.050048828125,2238.60009765625,2239.449951171875,50518,0.0,0.0
2025-03-20 15:25:00+05:30,2239.449951171875,2243.949951171875,2239.199951171875,2239.85009765625,27591,0.0,0.0
2025-03-21 09:15:00+05:30,2242.39990234375,2244.800048828125,2237.0,2242.64990234375,0,0.0,0.0
2025-03-21 09:20:00+05:30,2243.10009765625,2243.5,2240.35009765625,2243.300048828125,11109,0.0,0.0
2025-03-21 09:25:00+05:30,2242.300048828125,2243.35009765625,2237.39990234375,2239.050048828125,13029,0.0,0.0
2025-03-21 09:30:00+05:30,2240.449951171875,2241.25,2233.14990234375,2240.449951171875,11853,0.0,0.0
2025-03-21 09:35:00+05:30,2239.89990234375,2240.699951171875,2235.550048828125,2235.64990234375,8490,0.0,0.0
2025-03-21 09:40:00+05:30,2235.14990234375,2238.5,2235.0,2237.699951171875,18678,0.0,0.0
2025-03-21 09:45:00+05:30,2238.35009765625,2238.35009765625,2236.0,2236.050048828125,22431,0.0,0.0
2025-03-21 09:50:00+05:30,2236.0,2236.89990234375,2234.0,2235.0,16306,0.0,0.0
2025-03-21 09:55:00+05:30,2235.699951171875,2238.85009765625,2234.0,2238.699951171875,13468,0.0,0.0
2025-03-21 10:00:00+05:30,2238.699951171875,2238.89990234375,2236.35009765625,2237.449951171875,5699,0.0,0.0
2025-03-21 10:05:00+05:30,2237.449951171875,2237.89990234375,2234.0,2235.5,7738,0.0,0.0
2025-03-21 10:10:00+05:30,2235.050048828125,2235.14990234375,2229.5,2229.800048828125,10510,0.0,0.0
2025-03-21 10:15:00+05:30,2229.75,2230.550048828125,2228.0,2228.10009765625,9640,0.0,0.0
2025-03-21 10:20:00+05:30,2228.89990234375,2230.0,2226.10009765625,2226.35009765625,16816,0.0,0.0
2025-03-21 10:25:00+05:30,2226.0,2228.75,2225.800048828125,2228.60009765625,12316,0.0,0.0
2025-03-21 10:30:00+05:30,2228.64990234375,2228.64990234375,2227.0,2228.35009765625,6257,0.0,0.0
2025-03-21 10:35:00+05:30,2227.449951171875,2236.0,2227.449951171875,2234.75,20218,0.0,0.0
2025-03-21 10:40:00+05:30,2234.89990234375,2237.64990234375,2234.10009765625,2236.10009765625,13946,0.0,0.0
2025-03-21 10:45:00+05:30,2236.449951171875,2241.0,2236.10009765625,2241.0,17195,0.0,0.0
2025-03-21 10:50:00+05:30,2241.0,2243.14990234375,2240.199951171875,2241.050048828125,8594,0.0,0.0
2025-03-21 10:55:00+05:30,2241.0,2241.64990234375,2239.60009765625,2240.0,8357,0.0,0.0
2025-03-21 11:00:00+05:30,2240.0,2241.0,2239.75,2240.5,6818,0.0,0.0
2025-03-21 11:05:00+05:30,2240.35009765625,2242.64990234375,2240.35009765625,2241.39990234375,8727,0.0,0.0
2025-03-21 11:10:00+05:30,2241.5,2241.5,2239.800048828125,2240.300048828125,11186,0.0,0.0
2025-03-21 11:15:00+05:30,2240.0,2245.699951171875,2240.0,2245.550048828125,21127,0.0,0.0
2025-03-21 11:20:00+05:30,2245.5,2249.60009765625,2245.5,2247.0,20879,0.0,0.0
2025-03-21 11:25:00+05:30,2246.75,2250.89990234375,2246.75,2250.10009765625,19175,0.0,0.0
2025-03-21 11:30:00+05:30,2250.39990234375,2253.550048828125,2249.39990234375,2253.10009765625,16921,0.0,0.0
2025-03-21 11:35:00+05:30,2252.64990234375,2253.35009765625,2250.0,2251.5,22467,0.0,0.0
2025-03-21 11:40:00+05:30,2251.949951171875,2252.699951171875,2250.199951171875,2250.75,26825,0.0,0.0
2025-03-21 11:45:00+05:30,2250.199951171875,2252.75,2250.0,2250.699951171875,19829,0.0,0.0
2025-03-21 11:50:00+05:30,2250.89990234375,2250.949951171875,2245.300048828125,2250.199951171875,25547,0.0,0.0
2025-03-21 11:55:00+05:30,2250.89990234375,2250.949951171875,2249.60009765625,2249.60009765625,11431,0.0,0.0
2025-03-21 12:00:00+05:30,2249.5,2250.64990234375,2249.5,2250.25,11163,0.0,0.0
2025-03-21 12:05:00+05:30,2250.39990234375,2250.5,2249.949951171875,2250.0,5176,0.0,0.0
2025-03-21 12:10:00+05:30,2250.0,2250.300048828125,2248.60009765625,2248.75,19208,0.0,0.0
2025-03-21 12:15:00+05:30,2248.75,2248.949951171875,2244.449951171875,2244.949951171875,22442,0.0,0.0
2025-03-21 12:20:00+05:30,2245.0,2247.75,2242.89990234375,2242.89990234375,11650,0.0,0.0
2025-03-21 12:25:00+05:30,2242.550048828125,2246.14990234375,2242.550048828125,2245.699951171875,12471,0.0,0.0
2025-03-21 12:30:00+05:30,2245.949951171875,2246.39990234375,2245.0,2246.25,9339,0.0,0.0
2025-03-21 12:35:00+05:30,2245.14990234375,2247.0,2245.0,2245.449951171875,8440,0.0,0.0
2025-03-21 12:40:00+05:30,2245.449951171875,2248.89990234375,2245.0,2248.800048828125,11723,0.0,0.0
2025-03-21 12:45:00+05:30,2248.85009765625,2250.800048828125,2248.85009765625,2250.449951171875,20145,0.0,0.0
2025-03-21 12:50:00+05:30,2250.800048828125,2251.39990234375,2249.800048828125,2250.550048828125,15422,0.0,0.0
2025-03-21 12:55:00+05:30,2250.89990234375,2251.0,2245.35009765625,2246.25,42257,0.0,0.0
2025-03-21 13:00:00+05:30,2246.85009765625,2249.35009765625,2245.0,2246.64990234375,32812,0.0,0.0
2025-03-21 13:05:00+05:30,2246.64990234375,2249.5,2245.449951171875,2248.699951171875,48383,0.0,0.0
2025-03-21 13:10:00+05:30,2249.25,2249.25,2245.0,2245.050048828125,23887,0.0,0.0
2025-03-21 13:15:00+05:30,2245.0,2245.0,2237.050048828125,2238.75,53888,0.0,0.0
2025-03-21 13:20:00+05:30,2238.800048828125,2240.5,2237.5,2240.5,28347,0.0,0.0
2025-03-21 13:25:00+05:30,2240.300048828125,2242.0,2239.800048828125,2240.199951171875,15299,0.0,0.0
2025-03-21 13:30:00+05:30,2241.449951171875,2241.449951171875,2239.0,2240.39990234375,27002,0.0,0.0
2025-03-21 13:35:00+05:30,2240.14990234375,2240.5,2237.5,2238.050048828125,22416,0.0,0.0
2025-03-21 13:40:00+05:30,2237.800048828125,2241.60009765625,2236.050048828125,2240.39990234375,25663,0.0,0.0
2025-03-21 13:45:00+05:30,2241.050048828125,2241.050048828125,2236.60009765625,2236.60009765625,14857,0.0,0.0
2025-03-21 13:50:00+05:30,2236.050048828125,2237.449951171875,2235.0,2235.0,13175,0.0,0.0
2025-03-21 13:55:00+05:30,2235.0,2237.10009765625,2235.0,2237.10009765625,14960,0.0,0.0
2025-03-21 14:00:00+05:30,2237.35009765625,2239.699951171875,2236.949951171875,2239.199951171875,10383,0.0,0.0
2025-03-21 14:05:00+05:30,2240.85009765625,2241.449951171875,2239.60009765625,2241.0,9764,0.0,0.0
2025-03-21 14:10:00+05:30,2240.25,2241.5,2240.0,2241.0,9531,0.0,0.0
2025-03-21 14:15:00+05:30,2240.5,2243.75,2240.300048828125,2243.5,10322,0.0,0.0
2025-03-21 14:20:00+05:30,2243.5,2245.85009765625,2243.050048828125,2244.60009765625,21727,0.0,0.0
2025-03-21 14:25:00+05:30,2244.64990234375,2245.5,2242.199951171875,2242.949951171875,26752,0.0,0.0
2025-03-21 14:30:00+05:30,2243.449951171875,2244.199951171875,2242.10009765625,2244.0,17801,0.0,0.0
2025-03-21 14:35:00+05:30,2243.60009765625,2245.5,2241.0,2245.050048828125,58259,0.0,0.0
2025-03-21 14:40:00+05:30,2245.0,2245.050048828125,2240.75,2243.35009765625,16477,0.0,0.0
2025-03-21 14:45:00+05:30,2243.25,2245.949951171875,2241.949951171875,2245.10009765625,29510,0.0,0.0
2025-03-21 14:50:00+05:30,2245.10009765625,2245.14990234375,2243.64990234375,2244.0,17632,0.0,0.0
2025-03-21 14:55:00+05:30,2244.35009765625,2246.25,2244.35009765625,2245.050048828125,17685,0.0,0.0
2025-03-21 15:00:00+05:30,2245.0,2246.949951171875,2241.14990234375,2245.10009765625,161154,0.0,0.0
2025-03-21 15:05:00+05:30,2244.949951171875,2248.800048828125,2242.85009765625,2248.800048828125,204295,0.0,0.0
2025-03-21 15:10:00+05:30,2247.949951171875,2247.949951171875,2246.449951171875,2247.35009765625,133936,0.0,0.0
2025-03-21 15:15:00+05:30,2247.25,2250.10009765625,2247.050048828125,2247.10009765625,135165,0.0,0.0
2025-03-21 15:20:00+05:30,2247.85009765625,2248.5,2243.300048828125,2243.75,135737,0.0,0.0
2025-03-21 15:25:00+05:30,2243.699951171875,2249.14990234375,2242.75,2247.0,113296,0.0,0.0
2025-03-24 09:15:00+05:30,2245.300048828125,2249.60009765625,2242.800048828125,2248.89990234375,0,0.0,0.0
2025-03-24 09:20:00+05:30,2248.550048828125,2259.0,2247.949951171875,2259.0,20064,0.0,0.0
2025-03-24 09:25:00+05:30,2260.0,2265.0,2259.0,2263.5,28929,0.0,0.0
2025-03-24 09:30:00+05:30,2262.10009765625,2262.10009765625,2250.949951171875,2250.949951171875,26599,0.0,0.0
2025-03-24 09:35:00+05:30,2251.699951171875,2254.14990234375,2248.949951171875,2248.949951171875,11042,0.0,0.0
2025-03-24 09:40:00+05:30,2248.199951171875,2253.0,2248.199951171875,2249.25,12036,0.0,0.0
2025-03-24 09:45:00+05:30,2250.300048828125,2253.949951171875,2249.85009765625,2252.25,6067,0.0,0.0
2025-03-24 09:50:00+05:30,2252.25,2254.10009765625,2250.449951171875,2250.449951171875,11891,0.0,0.0
2025-03-24 09:55:00+05:30,2249.89990234375,2252.89990234375,2249.89990234375,2252.5,7252,0.0,0.0
2025-03-24 10:00:00+05:30,2252.60009765625,2254.60009765625,2252.60009765625,2254.0,7100,0.0,0.0
2025-03-24 10:05:00+05:30,2254.5,2255.5,2253.800048828125,2255.14990234375,5757,0.0,0.0
2025-03-24 10:10:00+05:30,2255.5,2257.0,2250.300048828125,2250.89990234375,9144,0.0,0.0
2025-03-24 10:15:00+05:30,2250.89990234375,2254.35009765625,2250.85009765625,2253.89990234375,3594,0.0,0.0
2025-03-24 10:20:00+05:30,2253.89990234375,2254.300048828125,2250.199951171875,2250.199951171875,5796,0.0,0.0
2025-03-24 10:25:00+05:30,2251.35009765625,2252.89990234375,2248.949951171875,2252.5,11822,0.0,0.0
2025-03-24 10:30:00+05:30,2252.5,2252.949951171875,2250.199951171875,2250.199951171875,4631,0.0,0.0
2025-03-24 10:35:00+05:30,2250.199951171875,2251.0,2249.050048828125,2251.0,7413,0.0,0.0
2025-03-24 10:40:00+05:30,2250.14990234375,2253.14990234375,2250.14990234375,2252.800048828125,9618,0.0,0.0
2025-03-24 10:45:00+05:30,2252.14990234375,2252.14990234375,2249.60009765625,2249.60009765625,3701,0.0,0.0
2025-03-24 10:50:00+05:30,2249.85009765625,2251.85009765625,2249.699951171875,2250.39990234375,7192,0.0,0.0
2025-03-24 10:55:00+05:30,2251.300048828125,2251.949951171875,2249.199951171875,2251.050048828125,4498,0.0,0.0
2025-03-24 11:00:00+05:30,2251.949951171875,2251.949951171875,2242.14990234375,2244.5,37613,0.0,0.0
2025-03-24 11:05:00+05:30,2244.5,2246.0,2243.0,2244.64990234375,8189,0.0,0.0
2025-03-24 11:10:00+05:30,2244.64990234375,2244.949951171875,2241.699951171875,2242.5,7939,0.0,0.0
2025-03-24 11:15:00+05:30,2242.199951171875,2244.75,2241.25,2244.64990234375,7715,0.0,0.0
2025-03-24 11:20:00+05:30,2244.699951171875,2250.5,2244.699951171875,2250.0,11622,0.0,0.0
2025-03-24 11:25:00+05:30,2250.0,2251.89990234375,2248.14990234375,2248.14990234375,8233,0.0,0.0
2025-03-24 11:30:00+05:30,2248.85009765625,2249.300048828125,2246.25,2246.550048828125,18804,0.0,0.0
2025-03-24 11:35:00+05:30,2247.0,2247.0,2242.300048828125,2245.0,33181,0.0,0.0
2025-03-24 11:40:00+05:30,2245.0,2246.699951171875,2242.199951171875,2245.300048828125,25657,0.0,0.0
2025-03-24 11:45:00+05:30,2245.800048828125,2246.300048828125,2245.0,2245.050048828125,7996,0.0,0.0
2025-03-24 11:50:00+05:30,2245.14990234375,2245.800048828125,2245.0,2245.75,10693,0.0,0.0
2025-03-24 11:55:00+05:30,2245.300048828125,2246.0,2242.5,2245.14990234375,17126,0.0,0.0
2025-03-24 12:00:00+05:30,2246.0,2246.699951171875,2245.0,2245.0,12822,0.0,0.0
2025-03-24 12:05:00+05:30,2245.050048828125,2245.85009765625,2244.0,2244.75,66436,0.0,0.0
2025-03-24 12:10:00+05:30,2244.85009765625,2246.199951171875,2244.5,2245.050048828125,9200,0.0,0.0
2025-03-24 12:15:00+05:30,2245.050048828125,2246.5,2244.89990234375,2246.0,14653,0.0,0.0
2025-03-24 12:20:00+05:30,2246.0,2248.300048828125,2244.949951171875,2246.85009765625,22742,0.0,0.0
2025-03-24 12:25:00+05:30,2246.85009765625,2248.199951171875,2245.449951171875,2246.550048828125,14774,0.0,0.0
2025-03-24 12:30:00+05:30,2246.10009765625,2247.800048828125,2245.550048828125,2245.60009765625,12004,0.0,0.0
2025-03-24 12:35:00+05:30,2245.60009765625,2247.199951171875,2245.5,2246.949951171875,9222,0.0,0.0
2025-03-24 12:40:00+05:30,2246.949951171875,2247.0,2245.10009765625,2245.89990234375,11894,0.0,0.0
2025-03-24 12:45:00+05:30,2245.14990234375,2245.89990234375,2244.949951171875,2245.85009765625,14109,0.0,0.0
2025-03-24 12:50:00+05:30,2245.85009765625,2246.0,2245.0,2245.85009765625,11995,0.0,0.0
2025-03-24 12:55:00+05:30,2245.800048828125,2246.0,2244.949951171875,2245.5,10875,0.0,0.0
2025-03-24 13:00:00+05:30,2245.5,2246.64990234375,2245.14990234375,2246.449951171875,5285,0.0,0.0
2025-03-24 13:05:00+05:30,2246.39990234375,2246.39990234375,2245.0,2245.89990234375,6540,0.0,0.0
2025-03-24 13:10:00+05:30,2245.85009765625,2247.0,2245.0,2246.25,7201,0.0,0.0
2025-03-24 13:15:00+05:30,2246.25,2246.5,2244.75,2245.0,7175,0.0,0.0
2025-03-24 13:20:00+05:30,2245.0,2249.75,2244.699951171875,2249.75,7936,0.0,0.0
2025-03-24 13:25:00+05:30,2249.5,2252.0,2249.14990234375,2249.89990234375,18190,0.0,0.0
2025-03-24 13:30:00+05:30,2249.5,2251.0,2248.75,2250.75,44398,0.0,0.0
2025-03-24 13:35:00+05:30,2250.0,2250.89990234375,2248.60009765625,2249.949951171875,15095,0.0,0.0
2025-03-24 13:40:00+05:30,2249.949951171875,2250.85009765625,2247.800048828125,2247.800048828125,7632,0.0,0.0
2025-03-24 13:45:00+05:30,2247.800048828125,2248.050048828125,2247.0,2247.800048828125,5409,0.0,0.0
2025-03-24 13:50:00+05:30,2247.800048828125,2248.5,2247.14990234375,2248.0,5169,0.0,0.0
2025-03-24 13:55:00+05:30,2248.0,2249.5,2247.35009765625,2249.5,11044,0.0,0.0
2025-03-24 14:00:00+05:30,2249.449951171875,2250.89990234375,2248.699951171875,2248.699951171875,41910,0.0,0.0
2025-03-24 14:05:00+05:30,2249.0,2250.39990234375,2248.10009765625,2249.89990234375,9141,0.0,0.0
2025-03-24 14:10:00+05:30,2249.85009765625,2251.0,2249.699951171875,2251.0,17217,0.0,0.0
2025-03-24 14:15:00+05:30,2251.0,2251.0,2249.949951171875,2251.0,15313,0.0,0.0
2025-03-24 14:20:00+05:30,2251.0,2251.300048828125,2250.0,2251.199951171875,12922,0.0,0.0
2025-03-24 14:25:00+05:30,2251.35009765625,2252.0,2250.949951171875,2252.0,9355,0.0,0.0
2025-03-24 14:30:00+05:30,2251.75,2252.0,2250.60009765625,2251.699951171875,13051,0.0,0.0
2025-03-24 14:35:00+05:30,2251.85009765625,2252.0,2250.800048828125,2252.0,10286,0.0,0.0
2025-03-24 14:40:00+05:30,2252.0,2252.0,2249.89990234375,2250.0,46460,0.0,0.0
2025-03-24 14:45:00+05:30,2249.89990234375,2251.0,2249.800048828125,2250.949951171875,27203,0.0,0.0
2025-03-24 14:50:00+05:30,2250.75,2251.0,2249.699951171875,2250.199951171875,18994,0.0,0.0
2025-03-24 14:55:00+05:30,2250.14990234375,2251.0,2250.0,2250.0,10782,0.0,0.0
2025-03-24 15:00:00+05:30,2250.64990234375,2250.64990234375,2249.89990234375,2249.949951171875,42044,0.0,0.0
2025-03-24 15:05:00+05:30,2249.85009765625,2253.949951171875,2249.60009765625,2253.949951171875,56953,0.0,0.0
2025-03-24 15:10:00+05:30,2254.550048828125,2254.550048828125,2250.0,2250.0,28701,0.0,0.0
2025-03-24 15:15:00+05:30,2250.0,2255.35009765625,2250.0,2255.0,101212,0.0,0.0
2025-03-24 15:20:00+05:30,2255.0,2260.14990234375,2255.0,2260.10009765625,62264,0.0,0.0
2025-03-24 15:25:00+05:30,2259.050048828125,2266.0,2256.0,2265.0,145001,0.0,0.0
2025-03-25 09:15:00+05:30,2255.89990234375,2260.050048828125,2247.699951171875,2252.60009765625,0,0.0,0.0
2025-03-25 09:20:00+05:30,2252.050048828125,2252.10009765625,2243.35009765625,2249.35009765625,39632,0.0,0.0
2025-03-25 09:25:00+05:30,2249.10009765625,2260.0,2249.10009765625,2259.949951171875,27876,0.0,0.0
2025-03-25 09:30:00+05:30,2260.75,2268.0,2260.75,2265.39990234375,36781,0.0,0.0
2025-03-25 09:35:00+05:30,2264.5,2274.89990234375,2262.949951171875,2273.800048828125,36564,0.0,0.0
2025-03-25 09:40:00+05:30,2273.89990234375,2277.75,2270.050048828125,2276.64990234375,30845,0.0,0.0
2025-03-25 09:45:00+05:30,2277.64990234375,2278.5,2274.64990234375,2278.35009765625,30446,0.0,0.0
2025-03-25 09:50:00+05:30,2278.25,2286.699951171875,2277.39990234375,2286.699951171875,47930,0.0,0.0
2025-03-25 09:55:00+05:30,2286.5,2290.0,2284.5,2289.949951171875,31993,0.0,0.0
2025-03-25 10:00:00+05:30,2290.0,2291.89990234375,2286.85009765625,2287.449951171875,35461,0.0,0.0
2025-03-25 10:05:00+05:30,2288.10009765625,2288.10009765625,2283.60009765625,2283.60009765625,20107,0.0,0.0
2025-03-25 10:10:00+05:30,2283.050048828125,2286.199951171875,2271.64990234375,2271.64990234375,47484,0.0,0.0
2025-03-25 10:15:00+05:30,2271.0,2277.85009765625,2268.699951171875,2275.39990234375,29334,0.0,0.0
2025-03-25 10:20:00+05:30,2275.39990234375,2280.0,2274.949951171875,2279.050048828125,19243,0.0,0.0
2025-03-25 10:25:00+05:30,2279.89990234375,2280.0,2277.39990234375,2278.199951171875,12846,0.0,0.0
2025-03-25 10:30:00+05:30,2277.5,2278.699951171875,2273.800048828125,2274.0,17471,0.0,0.0
2025-03-25 10:35:00+05:30,2273.5,2273.5,2262.050048828125,2268.14990234375,26865,0.0,0.0
2025-03-25 10:40:00+05:30,2268.14990234375,2274.199951171875,2263.25,2273.14990234375,18228,0.0,0.0
2025-03-25 10:45:00+05:30,2273.14990234375,2273.75,2268.0,2269.0,10501,0.0,0.0
2025-03-25 10:50:00+05:30,2268.35009765625,2269.0,2265.89990234375,2265.89990234375,35744,0.0,0.0
2025-03-25 10:55:00+05:30,2265.699951171875,2267.300048828125,2260.0,2265.75,30031,0.0,0.0
2025-03-25 11:00:00+05:30,2264.5,2269.10009765625,2264.449951171875,2267.949951171875,15588,0.0,0.0
2025-03-25 11:05:00+05:30,2268.0,2272.0,2265.300048828125,2265.300048828125,15211,0.0,0.0
2025-03-25 11:10:00+05:30,2265.14990234375,2268.25,2265.050048828125,2267.0,12846,0.0,0.0
2025-03-25 11:15:00+05:30,2267.050048828125,2269.89990234375,2266.050048828125,2268.39990234375,12123,0.0,0.0
2025-03-25 11:20:00+05:30,2267.949951171875,2267.949951171875,2263.699951171875,2266.5,16359,0.0,0.0
2025-03-25 11:25:00+05:30,2266.300048828125,2268.0,2261.64990234375,2262.10009765625,40896,0.0,0.0
2025-03-25 11:30:00+05:30,2263.25,2267.75,2263.14990234375,2267.0,7611,0.0,0.0
2025-03-25 11:35:00+05:30,2267.0,2269.5,2266.550048828125,2267.39990234375,12912,0.0,0.0
2025-03-25 11:40:00+05:30,2266.64990234375,2269.0,2266.60009765625,2267.550048828125,8792,0.0,0.0
2025-03-25 11:45:00+05:30,2268.050048828125,2269.449951171875,2264.64990234375,2264.64990234375,15972,0.0,0.0
2025-03-25 11:50:00+05:30,2264.550048828125,2268.14990234375,2263.75,2265.0,11924,0.0,0.0
2025-03-25 11:55:00+05:30,2265.0,2268.300048828125,2263.5,2268.300048828125,11323,0.0,0.0
2025-03-25 12:00:00+05:30,2269.300048828125,2270.75,2267.0,2267.050048828125,8914,0.0,0.0
2025-03-25 12:05:00+05:30,2266.35009765625,2267.39990234375,2264.0,2264.85009765625,11277,0.0,0.0
2025-03-25 12:10:00+05:30,2264.300048828125,2265.949951171875,2262.0,2263.050048828125,8657,0.0,0.0
2025-03-25 12:15:00+05:30,2263.050048828125,2263.75,2260.050048828125,2261.5,17141,0.0,0.0
2025-03-25 12:20:00+05:30,2260.60009765625,2267.89990234375,2260.60009765625,2265.800048828125,27055,0.0,0.0
2025-03-25 12:25:00+05:30,2267.0,2267.14990234375,2264.35009765625,2265.449951171875,6080,0.0,0.0
2025-03-25 12:30:00+05:30,2265.89990234375,2267.35009765625,2264.0,2265.0,8634,0.0,0.0
2025-03-25 12:35:00+05:30,2265.0,2270.0,2264.14990234375,2270.0,15936,0.0,0.0
2025-03-25 12:40:00+05:30,2269.5,2271.25,2269.0,2271.25,6835,0.0,0.0
2025-03-25 12:45:00+05:30,2271.0,2275.0,2271.0,2273.949951171875,19389,0.0,0.0
2025-03-25 12:50:00+05:30,2273.949951171875,2274.800048828125,2271.550048828125,2273.0,26814,0.0,0.0
2025-03-25 12:55:00+05:30,2273.14990234375,2275.199951171875,2272.5,2273.89990234375,19468,0.0,0.0
2025-03-25 13:00:00+05:30,2273.550048828125,2274.449951171875,2270.0,2273.0,20048,0.0,0.0
2025-03-25 13:05:00+05:30,2273.0,2276.35009765625,2272.85009765625,2276.050048828125,27672,0.0,0.0
2025-03-25 13:10:00+05:30,2276.0,2276.800048828125,2272.39990234375,2272.60009765625,15720,0.0,0.0
2025-03-25 13:15:00+05:30,2272.39990234375,2278.050048828125,2271.5,2273.39990234375,44026,0.0,0.0
2025-03-25 13:20:00+05:30,2273.39990234375,2278.800048828125,2272.60009765625,2275.0,48713,0.0,0.0
2025-03-25 13:25:00+05:30,2274.5,2280.0,2273.60009765625,2276.199951171875,31982,0.0,0.0
2025-03-25 13:30:00+05:30,2276.85009765625,2279.800048828125,2275.35009765625,2278.10009765625,25972,0.0,0.0
2025-03-25 13:35:00+05:30,2278.10009765625,2280.0,2278.10009765625,2279.949951171875,28182,0.0,0.0
2025-03-25 13:40:00+05:30,2279.949951171875,2280.0,2279.0,2279.050048828125,13996,0.0,0.0
2025-03-25 13:45:00+05:30,2279.0,2279.89990234375,2277.35009765625,2277.800048828125,19792,0.0,0.0
2025-03-25 13:50:00+05:30,2278.14990234375,2285.0,2278.14990234375,2281.10009765625,18615,0.0,0.0
2025-03-25 13:55:00+05:30,2279.89990234375,2280.64990234375,2278.050048828125,2280.0,18532,0.0,0.0
2025-03-25 14:00:00+05:30,2279.800048828125,2283.85009765625,2278.199951171875,2280.0,37540,0.0,0.0
2025-03-25 14:05:00+05:30,2280.0,2280.550048828125,2278.050048828125,2278.25,10920,0.0,0.0
2025-03-25 14:10:00+05:30,2278.25,2280.0,2278.14990234375,2279.199951171875,7649,0.0,0.0
2025-03-25 14:15:00+05:30,2279.199951171875,2280.64990234375,2274.60009765625,2274.60009765625,14660,0.0,0.0
2025-03-25 14:20:00+05:30,2274.60009765625,2275.0,2272.300048828125,2272.949951171875,15762,0.0,0.0
2025-03-25 14:25:00+05:30,2273.25,2276.0,2270.0,2273.550048828125,28146,0.0,0.0
2025-03-25 14:30:00+05:30,2273.0,2276.449951171875,2272.25,2276.0,26523,0.0,0.0
2025-03-25 14:35:00+05:30,2276.10009765625,2276.14990234375,2274.199951171875,2275.699951171875,29553,0.0,0.0
2025-03-25 14:40:00+05:30,2275.75,2275.85009765625,2274.75,2275.050048828125,24280,0.0,0.0
2025-03-25 14:45:00+05:30,2275.0,2275.0,2269.050048828125,2270.60009765625,31981,0.0,0.0
2025-03-25 14:50:00+05:30,2270.5,2271.050048828125,2265.550048828125,2269.25,62555,0.0,0.0
2025-03-25 14:55:00+05:30,2269.89990234375,2271.85009765625,2268.60009765625,2270.0,64589,0.0,0.0
2025-03-25 15:00:00+05:30,2270.050048828125,2272.0,2270.0,2270.0,85480,0.0,0.0
2025-03-25 15:05:00+05:30,2270.0,2274.550048828125,2267.800048828125,2274.550048828125,128528,0.0,0.0
2025-03-25 15:10:00+05:30,2276.75,2276.75,2270.699951171875,2271.14990234375,109604,0.0,0.0
2025-03-25 15:15:00+05:30,2271.050048828125,2272.800048828125,2269.050048828125,2270.39990234375,79634,0.0,0.0
2025-03-25 15:20:00+05:30,2269.949951171875,2270.449951171875,2268.39990234375,2269.10009765625,59962,0.0,0.0
2025-03-25 15:25:00+05:30,2269.10009765625,2269.10009765625,2262.10009765625,2264.0,46254,0.0,0.0
2025-03-26 09:15:00+05:30,2267.550048828125,2268.5,2258.5,2268.5,0,0.0,0.0
2025-03-26 09:20:00+05:30,2269.300048828125,2270.10009765625,2265.0,2266.699951171875,14729,0.0,0.0
2025-03-26 09:25:00+05:30,2266.699951171875,2269.300048828125,2265.60009765625,2265.800048828125,9612,0.0,0.0
2025-03-26 09:30:00+05:30,2266.699951171875,2269.949951171875,2266.550048828125,2269.75,9392,0.0,0.0
2025-03-26 09:35:00+05:30,2269.0,2270.10009765625,2267.300048828125,2270.10009765625,7638,0.0,0.0
2025-03-26 09:40:00+05:30,2270.5,2279.199951171875,2269.85009765625,2278.25,12006,0.0,0.0
2025-03-26 09:45:00+05:30,2278.300048828125,2278.800048828125,2273.89990234375,2275.14990234375,11299,0.0,0.0
2025-03-26 09:50:00+05:30,2275.85009765625,2275.85009765625,2265.25,2265.89990234375,10150,0.0,0.0
2025-03-26 09:55:00+05:30,2266.550048828125,2270.199951171875,2263.39990234375,2264.25,6278,0.0,0.0
2025-03-26 10:00:00+05:30,2264.64990234375,2265.89990234375,2260.050048828125,2263.800048828125,10688,0.0,0.0
2025-03-26 10:05:00+05:30,2263.699951171875,2267.75,2262.39990234375,2267.75,5020,0.0,0.0
2025-03-26 10:10:00+05:30,2267.85009765625,2269.14990234375,2267.14990234375,2268.0,5305,0.0,0.0
2025-03-26 10:15:00+05:30,2267.199951171875,2267.800048828125,2266.050048828125,2266.39990234375,4309,0.0,0.0
2025-03-26 10:20:00+05:30,2266.39990234375,2266.5,2261.60009765625,2261.60009765625,4228,0.0,0.0
2025-03-26 10:25:00+05:30,2261.5,2265.0,2259.800048828125,2259.800048828125,7501,0.0,0.0
2025-03-26 10:30:00+05:30,2259.800048828125,2265.0,2257.25,2265.0,7688,0.0,0.0
2025-03-26 10:35:00+05:30,2265.0,2268.800048828125,2264.699951171875,2264.699951171875,5903,0.0,0.0
2025-03-26 10:40:00+05:30,2264.39990234375,2266.0,2263.39990234375,2263.39990234375,4282,0.0,0.0
2025-03-26 10:45:00+05:30,2263.60009765625,2265.39990234375,2262.0,2264.85009765625,9174,0.0,0.0
2025-03-26 10:50:00+05:30,2263.35009765625,2265.60009765625,2263.35009765625,2264.35009765625,4237,0.0,0.0
2025-03-26 10:55:00+05:30,2264.699951171875,2265.64990234375,2263.85009765625,2264.64990234375,3955,0.0,0.0
2025-03-26 11:00:00+05:30,2265.0,2265.0,2260.64990234375,2261.14990234375,4065,0.0,0.0
2025-03-26 11:05:00+05:30,2260.949951171875,2263.14990234375,2260.550048828125,2262.449951171875,3680,0.0,0.0
2025-03-26 11:10:00+05:30,2261.60009765625,2265.85009765625,2260.0,2265.5,9516,0.0,0.0
2025-03-26 11:15:00+05:30,2266.25,2269.64990234375,2265.0,2265.10009765625,33240,0.0,0.0
2025-03-26 11:20:00+05:30,2265.10009765625,2270.300048828125,2263.0,2269.14990234375,53260,0.0,0.0
2025-03-26 11:25:00+05:30,2269.85009765625,2269.85009765625,2266.949951171875,2269.449951171875,35919,0.0,0.0
2025-03-26 11:30:00+05:30,2269.25,2272.5,2268.300048828125,2270.5,8644,0.0,0.0
2025-03-26 11:35:00+05:30,2270.85009765625,2272.0,2270.050048828125,2271.050048828125,7538,0.0,0.0
2025-03-26 11:40:00+05:30,2270.10009765625,2271.10009765625,2268.300048828125,2269.300048828125,7855,0.0,0.0
2025-03-26 11:45:00+05:30,2269.300048828125,2270.5,2267.14990234375,2270.5,23249,0.0,0.0
2025-03-26 11:50:00+05:30,2269.5,2271.25,2267.39990234375,2270.64990234375,56092,0.0,0.0
2025-03-26 11:55:00+05:30,2270.300048828125,2272.39990234375,2269.300048828125,2270.550048828125,22905,0.0,0.0
2025-03-26 12:00:00+05:30,2270.5,2274.0,2270.25,2273.89990234375,29557,0.0,0.0
2025-03-26 12:05:00+05:30,2273.800048828125,2274.0,2271.300048828125,2271.75,29956,0.0,0.0
2025-03-26 12:10:00+05:30,2271.449951171875,2273.0,2269.0,2269.449951171875,38876,0.0,0.0
2025-03-26 12:15:00+05:30,2269.199951171875,2273.39990234375,2267.699951171875,2268.25,44136,0.0,0.0
2025-03-26 12:20:00+05:30,2267.85009765625,2269.89990234375,2264.35009765625,2269.050048828125,19636,0.0,0.0
2025-03-26 12:25:00+05:30,2269.550048828125,2273.0,2269.0,2272.85009765625,8526,0.0,0.0
2025-03-26 12:30:00+05:30,2272.85009765625,2273.050048828125,2270.050048828125,2273.050048828125,14189,0.0,0.0
2025-03-26 12:35:00+05:30,2273.10009765625,2273.10009765625,2271.300048828125,2271.550048828125,6713,0.0,0.0
2025-03-26 12:40:00+05:30,2271.5,2272.35009765625,2269.0,2269.449951171875,8529,0.0,0.0
2025-03-26 12:45:00+05:30,2269.449951171875,2272.449951171875,2269.449951171875,2270.300048828125,8711,0.0,0.0
2025-03-26 12:50:00+05:30,2270.300048828125,2272.699951171875,2270.300048828125,2272.60009765625,17820,0.0,0.0
2025-03-26 12:55:00+05:30,2272.550048828125,2272.550048828125,2266.64990234375,2267.199951171875,15610,0.0,0.0
2025-03-26 13:00:00+05:30,2267.199951171875,2267.199951171875,2264.050048828125,2264.050048828125,6894,0.0,0.0
2025-03-26 13:05:00+05:30,2264.050048828125,2264.5,2260.949951171875,2261.5,9883,0.0,0.0
2025-03-26 13:10:00+05:30,2261.5,2264.949951171875,2259.0,2264.050048828125,16533,0.0,0.0
2025-03-26 13:15:00+05:30,2264.550048828125,2264.550048828125,2258.199951171875,2258.199951171875,18557,0.0,0.0
2025-03-26 13:20:00+05:30,2258.300048828125,2259.35009765625,2256.199951171875,2257.0,13660,0.0,0.0
2025-03-26 13:25:00+05:30,2256.449951171875,2258.949951171875,2255.0,2255.60009765625,13673,0.0,0.0
2025-03-26 13:30:00+05:30,2256.300048828125,2256.5,2251.050048828125,2253.5,18653,0.0,0.0
2025-03-26 13:35:00+05:30,2252.75,2253.60009765625,2250.550048828125,2251.89990234375,11588,0.0,0.0
2025-03-26 13:40:00+05:30,2251.800048828125,2253.0,2248.10009765625,2248.64990234375,20920,0.0,0.0
2025-03-26 13:45:00+05:30,2248.699951171875,2249.85009765625,2246.050048828125,2248.0,11078,0.0,0.0
2025-03-26 13:50:00+05:30,2248.300048828125,2252.949951171875,2248.300048828125,2250.89990234375,12942,0.0,0.0
2025-03-26 13:55:00+05:30,2250.949951171875,2251.60009765625,2249.14990234375,2249.699951171875,10305,0.0,0.0
2025-03-26 14:00:00+05:30,2249.699951171875,2250.550048828125,2248.25,2248.949951171875,10976,0.0,0.0
2025-03-26 14:05:00+05:30,2249.64990234375,2250.85009765625,2248.39990234375,2249.25,11987,0.0,0.0
2025-03-26 14:10:00+05:30,2248.64990234375,2250.0,2248.050048828125,2248.60009765625,12791,0.0,0.0
2025-03-26 14:15:00+05:30,2248.550048828125,2251.699951171875,2248.35009765625,2249.800048828125,22422,0.0,0.0
2025-03-26 14:20:00+05:30,2249.699951171875,2250.0,2248.199951171875,2249.64990234375,12272,0.0,0.0
2025-03-26 14:25:00+05:30,2249.39990234375,2249.949951171875,2247.5,2247.949951171875,14017,0.0,0.0
2025-03-26 14:30:00+05:30,2247.85009765625,2248.0,2246.0,2246.60009765625,24320,0.0,0.0
2025-03-26 14:35:00+05:30,2246.60009765625,2248.10009765625,2245.5,2247.800048828125,13451,0.0,0.0
2025-03-26 14:40:00+05:30,2247.800048828125,2247.85009765625,2246.0,2246.60009765625,14170,0.0,0.0
2025-03-26 14:45:00+05:30,2246.60009765625,2248.25,2246.0,2247.39990234375,16996,0.0,0.0
2025-03-26 14:50:00+05:30,2247.39990234375,2248.10009765625,2243.699951171875,2244.0,23435,0.0,0.0
2025-03-26 14:55:00+05:30,2244.25,2244.25,2237.85009765625,2241.25,29943,0.0,0.0
2025-03-26 15:00:00+05:30,2241.300048828125,2242.10009765625,2238.0,2239.75,44050,0.0,0.0
2025-03-26 15:05:00+05:30,2239.300048828125,2246.85009765625,2239.050048828125,2246.64990234375,89932,0.0,0.0
2025-03-26 15:10:00+05:30,2250.14990234375,2250.14990234375,2244.35009765625,2246.89990234375,95634,0.0,0.0
2025-03-26 15:15:00+05:30,2246.89990234375,2246.89990234375,2244.25,2245.300048828125,43332,0.0,0.0
2025-03-26 15:20:00+05:30,2245.25,2247.60009765625,2243.14990234375,2243.14990234375,42009,0.0,0.0
2025-03-26 15:25:00+05:30,2243.85009765625,2248.949951171875,2241.60009765625,2245.949951171875,30492,0.0,0.0
2025-03-27 09:15:00+05:30,2240.14990234375,2240.35009765625,2225.0,2232.949951171875,0,0.0,0.0
2025-03-27 09:20:00+05:30,2232.0,2234.949951171875,2228.449951171875,2229.10009765625,41209,0.0,0.0
2025-03-27 09:25:00+05:30,2228.199951171875,2240.10009765625,2228.199951171875,2239.949951171875,37809,0.0,0.0
2025-03-27 09:30:00+05:30,2239.699951171875,2245.85009765625,2236.10009765625,2238.050048828125,21739,0.0,0.0
2025-03-27 09:35:00+05:30,2238.10009765625,2238.10009765625,2231.75,2232.75,11955,0.0,0.0
2025-03-27 09:40:00+05:30,2232.550048828125,2239.050048828125,2230.949951171875,2238.75,16735,0.0,0.0
2025-03-27 09:45:00+05:30,2239.25,2239.5,2234.85009765625,2234.85009765625,9789,0.0,0.0
2025-03-27 09:50:00+05:30,2234.35009765625,2237.449951171875,2232.14990234375,2237.449951171875,9547,0.0,0.0
2025-03-27 09:55:00+05:30,2237.10009765625,2239.699951171875,2237.10009765625,2239.5,11912,0.0,0.0
2025-03-27 10:00:00+05:30,2239.0,2239.85009765625,2236.0,2238.25,13532,0.0,0.0
2025-03-27 10:05:00+05:30,2238.25,2241.85009765625,2237.60009765625,2241.0,10365,0.0,0.0
2025-03-27 10:10:00+05:30,2240.89990234375,2244.0,2240.5,2241.0,9625,0.0,0.0
2025-03-27 10:15:00+05:30,2241.75,2243.5,2238.60009765625,2239.0,13067,0.0,0.0
2025-03-27 10:20:00+05:30,2238.300048828125,2240.60009765625,2238.300048828125,2239.300048828125,8578,0.0,0.0
2025-03-27 10:25:00+05:30,2239.449951171875,2239.75,2236.60009765625,2237.300048828125,8438,0.0,0.0
2025-03-27 10:30:00+05:30,2237.300048828125,2239.14990234375,2235.75,2236.0,10268,0.0,0.0
2025-03-27 10:35:00+05:30,2235.89990234375,2236.14990234375,2233.0,2234.14990234375,9928,0.0,0.0
2025-03-27 10:40:00+05:30,2233.800048828125,2235.25,2232.0,2235.25,15553,0.0,0.0
2025-03-27 10:45:00+05:30,2235.25,2236.5,2233.35009765625,2234.0,9521,0.0,0.0
2025-03-27 10:50:00+05:30,2234.0,2234.949951171875,2233.050048828125,2234.949951171875,8756,0.0,0.0
2025-03-27 10:55:00+05:30,2234.35009765625,2237.449951171875,2234.35009765625,2236.949951171875,12958,0.0,0.0
2025-03-27 11:00:00+05:30,2237.0,2239.85009765625,2236.60009765625,2238.14990234375,11695,0.0,0.0
2025-03-27 11:05:00+05:30,2237.39990234375,2238.60009765625,2236.75,2237.550048828125,8429,0.0,0.0
2025-03-27 11:10:00+05:30,2237.550048828125,2237.64990234375,2235.60009765625,2237.0,7689,0.0,0.0
2025-03-27 11:15:00+05:30,2237.0,2239.0,2236.25,2236.75,9986,0.0,0.0
2025-03-27 11:20:00+05:30,2236.800048828125,2238.64990234375,2236.0,2238.64990234375,8583,0.0,0.0
2025-03-27 11:25:00+05:30,2237.699951171875,2241.550048828125,2236.64990234375,2241.35009765625,25351,0.0,0.0
2025-03-27 11:30:00+05:30,2241.35009765625,2243.800048828125,2240.35009765625,2242.39990234375,9286,0.0,0.0
2025-03-27 11:35:00+05:30,2242.35009765625,2245.85009765625,2242.35009765625,2244.89990234375,13099,0.0,0.0
2025-03-27 11:40:00+05:30,2245.0,2245.60009765625,2241.75,2244.800048828125,21623,0.0,0.0
2025-03-27 11:45:00+05:30,2244.800048828125,2248.39990234375,2244.5,2247.949951171875,15247,0.0,0.0
2025-03-27 11:50:00+05:30,2247.199951171875,2248.0,2244.85009765625,2247.14990234375,10944,0.0,0.0
2025-03-27 11:55:00+05:30,2247.25,2250.0,2246.300048828125,2248.39990234375,19537,0.0,0.0
2025-03-27 12:00:00+05:30,2248.35009765625,2251.0,2248.0,2250.39990234375,17100,0.0,0.0
2025-03-27 12:05:00+05:30,2250.800048828125,2254.10009765625,2250.0,2254.10009765625,16253,0.0,0.0
2025-03-27 12:10:00+05:30,2253.949951171875,2256.050048828125,2252.5,2253.699951171875,18518,0.0,0.0
2025-03-27 12:15:00+05:30,2253.800048828125,2257.699951171875,2253.0,2257.550048828125,14287,0.0,0.0
2025-03-27 12:20:00+05:30,2256.949951171875,2260.699951171875,2255.35009765625,2258.14990234375,22469,0.0,0.0
2025-03-27 12:25:00+05:30,2259.14990234375,2259.14990234375,2252.64990234375,2253.300048828125,11161,0.0,0.0
2025-03-27 12:30:00+05:30,2254.050048828125,2254.5,2251.10009765625,2251.199951171875,5487,0.0,0.0
2025-03-27 12:35:00+05:30,2251.5,2253.14990234375,2250.949951171875,2252.64990234375,7243,0.0,0.0
2025-03-27 12:40:00+05:30,2252.64990234375,2254.949951171875,2250.75,2252.0,11235,0.0,0.0
2025-03-27 12:45:00+05:30,2251.550048828125,2254.10009765625,2250.0,2251.949951171875,267047,0.0,0.0
2025-03-27 12:50:00+05:30,2252.0,2253.050048828125,2247.199951171875,2248.64990234375,31905,0.0,0.0
2025-03-27 12:55:00+05:30,2248.050048828125,2250.89990234375,2245.800048828125,2248.14990234375,59524,0.0,0.0
2025-03-27 13:00:00+05:30,2248.14990234375,2250.449951171875,2247.050048828125,2247.050048828125,53537,0.0,0.0
2025-03-27 13:05:00+05:30,2247.300048828125,2249.85009765625,2246.14990234375,2248.550048828125,13544,0.0,0.0
2025-03-27 13:10:00+05:30,2248.60009765625,2250.0,2247.449951171875,2249.199951171875,105838,0.0,0.0
2025-03-27 13:15:00+05:30,2249.10009765625,2249.14990234375,2248.050048828125,2248.050048828125,12655,0.0,0.0
2025-03-27 13:20:00+05:30,2248.64990234375,2251.14990234375,2244.75,2249.39990234375,159702,0.0,0.0
2025-03-27 13:25:00+05:30,2248.199951171875,2252.0,2247.10009765625,2250.800048828125,31269,0.0,0.0
2025-03-27 13:30:00+05:30,2251.39990234375,2253.449951171875,2250.0,2253.39990234375,32394,0.0,0.0
2025-03-27 13:35:00+05:30,2253.300048828125,2253.39990234375,2248.199951171875,2250.0,47606,0.0,0.0
2025-03-27 13:40:00+05:30,2250.0,2250.0,2246.949951171875,2249.0,54223,0.0,0.0
2025-03-27 13:45:00+05:30,2249.0,2249.949951171875,2247.60009765625,2248.64990234375,41772,0.0,0.0
2025-03-27 13:50:00+05:30,2248.39990234375,2249.10009765625,2246.050048828125,2249.0,122289,0.0,0.0
2025-03-27 13:55:00+05:30,2248.949951171875,2249.0,2247.35009765625,2248.89990234375,16385,0.0,0.0
2025-03-27 14:00:00+05:30,2248.89990234375,2249.0,2246.699951171875,2247.89990234375,15433,0.0,0.0
2025-03-27 14:05:00+05:30,2247.85009765625,2249.39990234375,2246.89990234375,2249.0,15402,0.0,0.0
2025-03-27 14:10:00+05:30,2248.35009765625,2249.39990234375,2246.35009765625,2246.85009765625,30913,0.0,0.0
2025-03-27 14:15:00+05:30,2247.449951171875,2248.199951171875,2246.199951171875,2247.60009765625,15423,0.0,0.0
2025-03-27 14:20:00+05:30,2246.699951171875,2247.64990234375,2245.199951171875,2246.449951171875,16924,0.0,0.0
2025-03-27 14:25:00+05:30,2246.300048828125,2246.550048828125,2242.550048828125,2242.550048828125,11412,0.0,0.0
2025-03-27 14:30:00+05:30,2242.449951171875,2243.85009765625,2241.300048828125,2243.0,23418,0.0,0.0
2025-03-27 14:35:00+05:30,2241.550048828125,2244.85009765625,2241.550048828125,2244.85009765625,21966,0.0,0.0
2025-03-27 14:40:00+05:30,2244.35009765625,2245.39990234375,2240.75,2241.60009765625,31849,0.0,0.0
2025-03-27 14:45:00+05:30,2241.5,2243.199951171875,2240.5,2240.550048828125,19521,0.0,0.0
2025-03-27 14:50:00+05:30,2240.300048828125,2241.85009765625,2238.050048828125,2240.800048828125,23867,0.0,0.0
2025-03-27 14:55:00+05:30,2240.949951171875,2243.0,2240.050048828125,2242.800048828125,20390,0.0,0.0
2025-03-27 15:00:00+05:30,2243.0,2253.5,2242.85009765625,2248.25,141420,0.0,0.0
2025-03-27 15:05:00+05:30,2248.300048828125,2250.199951171875,2244.949951171875,2247.0,155516,0.0,0.0
2025-03-27 15:10:00+05:30,2247.39990234375,2247.39990234375,2243.199951171875,2244.60009765625,386212,0.0,0.0
2025-03-27 15:15:00+05:30,2244.449951171875,2245.0,2241.699951171875,2244.60009765625,374397,0.0,0.0
2025-03-27 15:20:00+05:30,2244.64990234375,2247.39990234375,2243.699951171875,2244.949951171875,469929,0.0,0.0
2025-03-27 15:25:00+05:30,2244.949951171875,2245.0,2236.050048828125,2241.75,279339,0.0,0.0
2025-03-28 09:15:00+05:30,2246.89990234375,2251.10009765625,2240.949951171875,2250.89990234375,0,0.0,0.0
2025-03-28 09:20:00+05:30,2250.89990234375,2265.449951171875,2250.550048828125,2265.449951171875,28962,0.0,0.0
2025-03-28 09:25:00+05:30,2266.89990234375,2272.0,2264.35009765625,2269.699951171875,36167,0.0,0.0
2025-03-28 09:30:00+05:30,2270.14990234375,2276.949951171875,2267.050048828125,2276.89990234375,41943,0.0,0.0
2025-03-28 09:35:00+05:30,2277.0,2277.0,2270.25,2272.550048828125,32695,0.0,0.0
2025-03-28 09:40:00+05:30,2271.89990234375,2277.0,2270.5,2276.85009765625,21636,0.0,0.0
2025-03-28 09:45:00+05:30,2276.449951171875,2276.949951171875,2270.39990234375,2271.0,17830,0.0,0.0
2025-03-28 09:50:00+05:30,2274.0,2279.5,2272.64990234375,2278.64990234375,120176,0.0,0.0
2025-03-28 09:55:00+05:30,2279.800048828125,2284.050048828125,2278.699951171875,2278.699951171875,30797,0.0,0.0
2025-03-28 10:00:00+05:30,2279.0,2287.89990234375,2278.60009765625,2286.0,56818,0.0,0.0
2025-03-28 10:05:00+05:30,2286.39990234375,2289.800048828125,2282.14990234375,2288.0,38871,0.0,0.0
2025-03-28 10:10:00+05:30,2287.89990234375,2290.0,2285.0,2285.199951171875,20381,0.0,0.0
2025-03-28 10:15:00+05:30,2285.949951171875,2287.60009765625,2285.0,2285.300048828125,17632,0.0,0.0
2025-03-28 10:20:00+05:30,2285.300048828125,2288.5,2284.5,2288.5,89300,0.0,0.0
2025-03-28 10:25:00+05:30,2286.85009765625,2288.75,2285.0,2288.75,24210,0.0,0.0
2025-03-28 10:30:00+05:30,2288.64990234375,2290.949951171875,2285.39990234375,2290.5,24658,0.0,0.0
2025-03-28 10:35:00+05:30,2291.64990234375,2295.300048828125,2290.050048828125,2294.0,38498,0.0,0.0
2025-03-28 10:40:00+05:30,2294.0,2296.0,2285.64990234375,2285.64990234375,24485,0.0,0.0
2025-03-28 10:45:00+05:30,2285.64990234375,2289.89990234375,2285.0,2288.949951171875,14710,0.0,0.0
2025-03-28 10:50:00+05:30,2288.949951171875,2289.949951171875,2285.300048828125,2286.35009765625,10414,0.0,0.0
2025-03-28 10:55:00+05:30,2286.35009765625,2286.550048828125,2285.0,2285.300048828125,24249,0.0,0.0
2025-03-28 11:00:00+05:30,2285.25,2285.5,2276.5,2276.5,34151,0.0,0.0
2025-03-28 11:05:00+05:30,2276.85009765625,2276.85009765625,2268.800048828125,2274.449951171875,57611,0.0,0.0
2025-03-28 11:10:00+05:30,2274.449951171875,2274.449951171875,2268.64990234375,2271.25,29463,0.0,0.0
2025-03-28 11:15:00+05:30,2272.050048828125,2275.25,2271.64990234375,2271.949951171875,37632,0.0,0.0
2025-03-28 11:20:00+05:30,2273.14990234375,2273.14990234375,2270.0,2272.10009765625,19499,0.0,0.0
2025-03-28 11:25:00+05:30,2272.449951171875,2272.449951171875,2265.89990234375,2269.800048828125,17398,0.0,0.0
2025-03-28 11:30:00+05:30,2268.75,2275.699951171875,2267.449951171875,2273.550048828125,77214,0.0,0.0
2025-03-28 11:35:00+05:30,2272.60009765625,2279.0,2272.60009765625,2278.10009765625,20072,0.0,0.0
2025-03-28 11:40:00+05:30,2277.050048828125,2277.39990234375,2271.550048828125,2273.449951171875,34381,0.0,0.0
2025-03-28 11:45:00+05:30,2273.0,2273.0,2267.449951171875,2271.35009765625,9729,0.0,0.0
2025-03-28 11:50:00+05:30,2271.5,2271.89990234375,2268.14990234375,2270.949951171875,9904,0.0,0.0
2025-03-28 11:55:00+05:30,2270.25,2272.0,2270.0,2271.800048828125,9109,0.0,0.0
2025-03-28 12:00:00+05:30,2272.0,2272.699951171875,2269.699951171875,2271.10009765625,7961,0.0,0.0
2025-03-28 12:05:00+05:30,2271.10009765625,2271.35009765625,2269.5,2270.0,11314,0.0,0.0
2025-03-28 12:10:00+05:30,2269.85009765625,2270.800048828125,2269.25,2269.550048828125,7831,0.0,0.0
2025-03-28 12:15:00+05:30,2269.60009765625,2269.949951171875,2268.0,2269.0,8375,0.0,0.0
2025-03-28 12:20:00+05:30,2268.25,2268.800048828125,2263.0,2263.199951171875,12100,0.0,0.0
2025-03-28 12:25:00+05:30,2263.800048828125,2264.35009765625,2262.050048828125,2264.050048828125,10559,0.0,0.0
2025-03-28 12:30:00+05:30,2264.300048828125,2264.5,2260.0,2260.5,13997,0.0,0.0
2025-03-28 12:35:00+05:30,2260.89990234375,2262.300048828125,2260.0,2262.25,12511,0.0,0.0
2025-03-28 12:40:00+05:30,2262.35009765625,2262.64990234375,2260.449951171875,2261.64990234375,9850,0.0,0.0
2025-03-28 12:45:00+05:30,2260.449951171875,2262.050048828125,2255.75,2261.75,18850,0.0,0.0
2025-03-28 12:50:00+05:30,2262.5,2265.5,2261.0,2264.0,13870,0.0,0.0
2025-03-28 12:55:00+05:30,2264.89990234375,2266.550048828125,2263.85009765625,2263.85009765625,11367,0.0,0.0
2025-03-28 13:00:00+05:30,2264.550048828125,2265.199951171875,2257.800048828125,2257.85009765625,12976,0.0,0.0
2025-03-28 13:05:00+05:30,2258.800048828125,2261.89990234375,2257.550048828125,2261.89990234375,9864,0.0,0.0
2025-03-28 13:10:00+05:30,2262.0,2263.10009765625,2260.64990234375,2262.800048828125,8253,0.0,0.0
2025-03-28 13:15:00+05:30,2263.10009765625,2263.10009765625,2260.39990234375,2262.0,11213,0.0,0.0
2025-03-28 13:20:00+05:30,2261.89990234375,2264.300048828125,2261.199951171875,2264.300048828125,10937,0.0,0.0
2025-03-28 13:25:00+05:30,2264.300048828125,2264.75,2261.25,2262.0,12909,0.0,0.0
2025-03-28 13:30:00+05:30,2262.60009765625,2264.0,2261.199951171875,2263.89990234375,9308,0.0,0.0
2025-03-28 13:35:00+05:30,2264.0,2264.300048828125,2261.39990234375,2262.800048828125,8240,0.0,0.0
2025-03-28 13:40:00+05:30,2262.5,2262.699951171875,2260.75,2261.0,10097,0.0,0.0
2025-03-28 13:45:00+05:30,2261.699951171875,2261.699951171875,2257.050048828125,2257.39990234375,12918,0.0,0.0
2025-03-28 13:50:00+05:30,2257.25,2259.25,2256.0,2258.300048828125,12024,0.0,0.0
2025-03-28 13:55:00+05:30,2259.25,2259.25,2256.64990234375,2257.699951171875,14953,0.0,0.0
2025-03-28 14:00:00+05:30,2257.949951171875,2259.300048828125,2254.25,2257.199951171875,28601,0.0,0.0
2025-03-28 14:05:00+05:30,2257.199951171875,2259.5,2255.89990234375,2259.14990234375,20433,0.0,0.0
2025-03-28 14:10:00+05:30,2259.64990234375,2261.300048828125,2257.550048828125,2261.300048828125,34242,0.0,0.0
2025-03-28 14:15:00+05:30,2261.050048828125,2262.300048828125,2259.14990234375,2262.25,31234,0.0,0.0
2025-03-28 14:20:00+05:30,2261.5,2263.14990234375,2259.199951171875,2262.699951171875,31698,0.0,0.0
2025-03-28 14:25:00+05:30,2262.89990234375,2265.800048828125,2260.85009765625,2265.699951171875,36918,0.0,0.0
2025-03-28 14:30:00+05:30,2266.0,2267.0,2263.0,2263.10009765625,32733,0.0,0.0
2025-03-28 14:35:00+05:30,2263.35009765625,2265.949951171875,2261.64990234375,2265.60009765625,38057,0.0,0.0
2025-03-28 14:40:00+05:30,2265.35009765625,2268.35009765625,2264.75,2267.39990234375,38800,0.0,0.0
2025-03-28 14:45:00+05:30,2268.35009765625,2268.35009765625,2265.300048828125,2266.699951171875,31306,0.0,0.0
2025-03-28 14:50:00+05:30,2266.85009765625,2268.89990234375,2265.35009765625,2266.60009765625,39274,0.0,0.0
2025-03-28 14:55:00+05:30,2266.800048828125,2270.0,2265.60009765625,2267.10009765625,61185,0.0,0.0
2025-03-28 15:00:00+05:30,2266.0,2267.14990234375,2259.949951171875,2261.199951171875,80379,0.0,0.0
2025-03-28 15:05:00+05:30,2261.199951171875,2261.300048828125,2258.0,2259.800048828125,67394,0.0,0.0
2025-03-28 15:10:00+05:30,2259.85009765625,2261.699951171875,2258.050048828125,2261.050048828125,71631,0.0,0.0
2025-03-28 15:15:00+05:30,2260.85009765625,2260.85009765625,2255.64990234375,2255.89990234375,83669,0.0,0.0
2025-03-28 15:20:00+05:30,2255.89990234375,2257.75,2255.10009765625,2257.75,85589,0.0,0.0
2025-03-28 15:25:00+05:30,2258.050048828125,2258.050048828125,2254.25,2257.0,66013,0.0,0.0
