Date,Open,High,Low,Close,Volume,Dividends,Stock Splits
2020-03-30 00:00:00+05:30,1968.7226842714813,2052.1824306607573,1950.0370649450583,2025.614501953125,2809606,0.0,0.0
2020-03-31 00:00:00+05:30,2072.3976162584913,2144.9147940190273,2026.2165261269238,2131.468505859375,2809269,0.0,0.0
2020-04-01 00:00:00+05:30,2126.553642115797,2155.949965181736,2001.2250518575308,2021.2552490234375,2774626,0.0,0.0
2020-04-03 00:00:00+05:30,2071.655981609381,2090.2954120214235,1973.3125536752932,1997.5623779296875,4121436,0.0,0.0
2020-04-07 00:00:00+05:30,2058.673022904224,2281.2322686235993,2058.673022904224,2267.2294921875,8510114,0.0,0.0
2020-04-08 00:00:00+05:30,2255.267666054013,2424.3200532423916,2241.7285508544355,2282.021240234375,9791862,0.0,0.0
2020-04-09 00:00:00+05:30,2318.2788982769753,2318.3253100629677,2174.589140839064,2199.85888671875,4770068,0.0,0.0
2020-04-13 00:00:00+05:30,2207.9736360998304,2246.921512083112,2146.7698309832454,2175.934326171875,3249551,0.0,0.0
2020-04-15 00:00:00+05:30,2249.6566428266497,2333.71926090056,2208.436860910364,2306.7802734375,29485531,0.0,0.0
2020-04-16 00:00:00+05:30,2286.796420139531,2342.5752446940446,2245.1593820437074,2259.0693359375,5388243,0.0,0.0
2020-04-17 00:00:00+05:30,2317.2133551101265,2317.2133551101265,2182.982273551803,2211.68310546875,4540936,0.0,0.0
2020-04-20 00:00:00+05:30,2244.139330520456,2244.139330520456,2152.333630635528,2166.753662109375,2985268,0.0,0.0
2020-04-21 00:00:00+05:30,2117.0955268977154,2205.191924206206,2116.1681963997316,2148.99560546875,3227335,0.0,0.0
2020-04-22 00:00:00+05:30,2149.505144582352,2225.5462263868326,2110.2790290546327,2212.7490234375,2837815,0.0,0.0
2020-04-23 00:00:00+05:30,2215.392004618393,2237.647930993797,2140.324664894483,2149.087890625,4095570,0.0,0.0
2020-04-24 00:00:00+05:30,2143.0604141889207,2168.0983333507993,2114.3131736697273,2117.18798828125,2169013,0.0,0.0
2020-04-27 00:00:00+05:30,2137.49627889257,2160.1230469902303,2117.326845458334,2151.823486328125,2013715,0.0,0.0
2020-04-28 00:00:00+05:30,2168.700482085303,2168.700482085303,2102.25736992964,2123.53955078125,2164023,0.0,0.0
2020-04-29 00:00:00+05:30,2123.58657483092,2125.162991200554,2059.600778471386,2069.569580078125,3642151,0.0,0.0
2020-04-30 00:00:00+05:30,2106.894422693622,2106.894422693622,2003.0334300256263,2035.489990234375,8448047,0.0,0.0
2020-05-04 00:00:00+05:30,1975.2136255479434,2003.0335357669285,1915.8644837474417,1931.304443359375,8474573,0.0,0.0
2020-05-05 00:00:00+05:30,1948.5064737233436,1966.8676598161394,1885.3552999306755,1893.1448974609375,4304136,0.0,0.0
2020-05-06 00:00:00+05:30,1900.9805164282611,1922.3555230229035,1854.6604177741472,1864.119140625,5127656,0.0,0.0
2020-05-07 00:00:00+05:30,1808.3866374017202,1861.1517495018345,1763.782076508465,1847.2882080078125,185669922,0.0,0.0
2020-05-08 00:00:00+05:30,1924.163940284887,1945.5389487528432,1888.044470763007,1937.6102294921875,16100226,0.0,0.0
2020-05-11 00:00:00+05:30,1931.629170536995,1962.7411498885776,1887.998231126723,1899.172607421875,11158755,0.0,0.0
2020-05-12 00:00:00+05:30,1873.207111178862,1880.4866310254754,1840.7505523218026,1865.3712158203125,14881008,0.0,0.0
2020-05-13 00:00:00+05:30,1924.2101562989321,1924.2101562989321,1831.8480914364807,1850.71923828125,8432979,0.0,0.0
2020-05-14 00:00:00+05:30,1843.5326388764652,1879.281267269287,1836.7167838022092,1860.27099609375,8510002,0.0,0.0
2020-05-15 00:00:00+05:30,1868.57053115334,1889.574584825807,1860.224558557618,1884.4278564453125,5491136,0.0,0.0
2020-05-18 00:00:00+05:30,1893.1448998198578,1899.0334248722693,1844.0891019164394,1859.5291748046875,7675561,0.0,0.0
2020-05-19 00:00:00+05:30,1871.352428176834,1877.6583191016275,1825.078626465566,1831.9873046875,5963193,0.0,0.0
2020-05-20 00:00:00+05:30,1831.9874511931948,1863.9339353020284,1831.4773742395555,1846.175537109375,3926496,0.0,0.0
2020-05-21 00:00:00+05:30,1853.7330038816117,1857.8132792564154,1813.1158972861533,1827.675048828125,4261625,0.0,0.0
2020-05-22 00:00:00+05:30,1831.477236518274,1850.0702532371554,1815.7126223305218,1843.4398193359375,5339946,0.0,0.0
2020-05-26 00:00:00+05:30,1859.2507787997151,1873.207144637331,1831.4772825043212,1834.0738525390625,4628932,0.0,0.0
2020-05-27 00:00:00+05:30,1845.3872071459489,1859.389871354243,1818.49462975538,1852.8985595703125,4261645,0.0,0.0
2020-05-28 00:00:00+05:30,1854.6603172328098,1868.5702696120559,1845.3870156466458,1863.88720703125,5500796,0.0,0.0
2020-05-29 00:00:00+05:30,1863.0063893557137,1917.7188716712872,1854.6604174770669,1907.8428955078125,8778345,0.0,0.0
2020-06-01 00:00:00+05:30,1924.2102901123021,1987.268747812368,1920.686389843383,1955.322265625,6592547,0.0,0.0
2020-06-02 00:00:00+05:30,1967.7946040910992,1970.5765945775615,1938.1200389021665,1954.2554931640625,3268728,0.0,0.0
2020-06-03 00:00:00+05:30,1961.3033704301206,1992.832597188808,1933.4834644665727,1966.4036865234375,4895117,0.0,0.0
2020-06-04 00:00:00+05:30,1961.3034421685159,1977.4388976579687,1952.2619723996538,1966.49658203125,3264730,0.0,0.0
2020-06-05 00:00:00+05:30,1969.649382690061,1973.3587035614169,1933.4835041943395,1935.8946533203125,2981853,0.0,0.0
2020-06-08 00:00:00+05:30,1953.8850009416703,1970.1132816803886,1927.0852450241896,1958.243408203125,4298456,0.0,0.0
2020-06-09 00:00:00+05:30,1947.3936177363964,1988.9380601945722,1942.803378060103,1953.4212646484375,3127904,0.0,0.0
2020-06-10 00:00:00+05:30,1962.1380328104283,1975.2134802108576,1943.6842509492758,1965.5693359375,2421659,0.0,0.0
2020-06-11 00:00:00+05:30,1961.303335151825,1982.8173500968642,1943.3594055685076,1953.7918701171875,2566927,0.0,0.0
2020-06-12 00:00:00+05:30,1915.168828122683,1965.012829823007,1914.9369955566349,1954.11669921875,2338438,0.0,0.0
2020-06-15 00:00:00+05:30,1961.164456887422,1976.7898356578723,1907.332890948793,1932.83447265625,2830788,0.0,0.0
2020-06-16 00:00:00+05:30,1956.4815562977874,1965.9402802910852,1907.5184700748878,1925.46240234375,2806772,0.0,0.0
2020-06-17 00:00:00+05:30,1925.1375060616656,1946.4661007820018,1912.433127529782,1927.2239990234375,2293301,0.0,0.0
2020-06-18 00:00:00+05:30,1919.805546643996,1933.344659534716,1904.7828411180317,1915.26171875,2326907,0.0,0.0
2020-06-19 00:00:00+05:30,1941.077347984765,1960.684189883601,1920.5368469478892,1953.9151611328125,4673528,14.0,0.0
2020-06-22 00:00:00+05:30,1970.020402964505,1978.3298765197555,1948.546246913233,1961.4307861328125,2487234,0.0,0.0
2020-06-23 00:00:00+05:30,1974.6890673532355,2027.9076379627554,1962.1781261419808,2012.92236328125,4308814,0.0,0.0
2020-06-24 00:00:00+05:30,2027.9075373703156,2032.482375719887,1984.0255602725233,1988.9739990234375,3023015,0.0,0.0
2020-06-25 00:00:00+05:30,1974.0356181484142,2044.6201142559382,1971.8881564800877,2028.9813232421875,8208033,0.0,0.0
2020-06-26 00:00:00+05:30,2035.3299276857038,2035.3299276857038,1996.2564346067343,2011.2882080078125,3176048,0.0,0.0
2020-06-29 00:00:00+05:30,2008.6277327827415,2050.2220661656966,1998.030610098259,2038.1312255859375,3295039,0.0,0.0
2020-06-30 00:00:00+05:30,2048.2616178656526,2054.0035308221477,2026.0404831072608,2035.3770751953125,2373109,0.0,0.0
2020-07-01 00:00:00+05:30,2038.1776470147554,2046.393892005192,2016.796946567732,2026.4134521484375,1532931,0.0,0.0
2020-07-02 00:00:00+05:30,2023.939522223009,2033.182656172802,2002.698777611973,2009.0009765625,2588838,0.0,0.0
2020-07-03 00:00:00+05:30,2021.8386702944638,2042.8459988936904,2013.2957811750864,2029.49462890625,1946252,0.0,0.0
2020-07-06 00:00:00+05:30,2035.3771145732835,2035.3771145732835,2010.1683154478346,2018.1978759765625,2375516,0.0,0.0
2020-07-07 00:00:00+05:30,2031.1752892989755,2031.1752892989755,2008.907429493532,2011.2415771484375,2014667,0.0,0.0
2020-07-08 00:00:00+05:30,2010.7284408728344,2048.448179435007,1984.0256979486737,2041.025634765625,3349938,0.0,0.0
2020-07-09 00:00:00+05:30,2038.177890971134,2072.6765504081377,2027.0207099007264,2031.5023193359375,3039571,0.0,0.0
2020-07-10 00:00:00+05:30,2026.0400947008268,2083.9269545494217,2023.659218585976,2076.27099609375,3179516,0.0,0.0
2020-07-13 00:00:00+05:30,2090.46264101472,2124.0743672659614,2086.728004764582,2114.97119140625,4556662,0.0,0.0
2020-07-14 00:00:00+05:30,2114.5511298474084,2119.3593829314786,2078.8853985823457,2086.49462890625,2403256,0.0,0.0
2020-07-15 00:00:00+05:30,2088.8290077415913,2139.013188841652,2086.7750031272535,2124.214599609375,2474512,0.0,0.0
2020-07-16 00:00:00+05:30,2124.307825875992,2139.2930997277786,2089.5290250787693,2136.072021484375,2495150,0.0,0.0
2020-07-17 00:00:00+05:30,2133.4112145623285,2184.7624691798023,2129.6765778628755,2179.674072265625,3088712,0.0,0.0
2020-07-20 00:00:00+05:30,2179.673763731372,2187.843280355024,2147.976084820422,2176.3125,2816219,0.0,0.0
2020-07-21 00:00:00+05:30,2192.231451210634,2194.0987693121765,2154.8850891797883,2164.2216796875,3037810,0.0,0.0
2020-07-22 00:00:00+05:30,2175.425990373791,2175.425990373791,2092.563734302686,2099.332763671875,6950011,0.0,0.0
2020-07-23 00:00:00+05:30,2110.0696424805883,2116.7452141099016,2059.2319482317725,2064.647216796875,3936886,0.0,0.0
2020-07-24 00:00:00+05:30,2054.0498357164474,2072.7230160411427,2024.2194757365664,2062.73291015625,4203314,0.0,0.0
2020-07-27 00:00:00+05:30,2070.6225575222347,2087.6151082796637,2039.8118059054007,2074.123779296875,2209409,0.0,0.0
2020-07-28 00:00:00+05:30,2082.946563702905,2095.9710615595322,2064.366840216431,2093.777099609375,1567837,0.0,0.0
2020-07-29 00:00:00+05:30,2086.728174864775,2112.123657847011,2068.054992091936,2083.273681640625,2404978,0.0,0.0
2020-07-30 00:00:00+05:30,2092.1813808468437,2098.5105270896956,2053.5501932668194,2058.707275390625,2044966,9.5,0.0
2020-07-31 00:00:00+05:30,2060.4886941751593,2083.4142222583373,2042.204494158588,2072.115478515625,1715659,0.0,0.0
2020-08-03 00:00:00+05:30,2072.022088387489,2084.445969310875,2052.0969963405482,2067.052490234375,1683773,0.0,0.0
2020-08-04 00:00:00+05:30,2072.115462616036,2080.5543240973934,2039.4853813564687,2060.77001953125,1981720,0.0,0.0
2020-08-05 00:00:00+05:30,2064.70786751226,2072.1152201560926,2045.064121368496,2057.722412109375,1715477,0.0,0.0
2020-08-06 00:00:00+05:30,2062.8328889298396,2090.0247770111873,2055.378606774053,2082.0078125,1824483,0.0,0.0
2020-08-07 00:00:00+05:30,2084.398810392236,2095.4631413593593,2067.5210872311654,2072.72509765625,1777905,0.0,0.0
2020-08-10 00:00:00+05:30,2079.7106870256034,2087.915136309406,2061.707826952331,2069.162109375,1476289,0.0,0.0
2020-08-11 00:00:00+05:30,2071.318742860298,2093.775446717782,2068.4588604833975,2072.81884765625,1665204,0.0,0.0
2020-08-12 00:00:00+05:30,2062.8798536888808,2071.318715656175,2053.4564120416453,2058.238525390625,1170430,0.0,0.0
2020-08-13 00:00:00+05:30,2062.832815326344,2078.772887081139,2054.3470254613617,2061.56689453125,1453227,0.0,0.0
2020-08-14 00:00:00+05:30,2066.5835036444214,2077.8353194537376,2030.0620306137714,2038.360107421875,1341664,0.0,0.0
2020-08-17 00:00:00+05:30,2045.0172102988977,2066.254917820474,2033.2027139401273,2059.12890625,1559579,0.0,0.0
2020-08-18 00:00:00+05:30,2066.58330417119,2078.5852856597467,2052.518535767121,2076.2880859375,1339001,0.0,0.0
2020-08-19 00:00:00+05:30,2068.4590615945312,2082.9926588088174,2053.456638663655,2056.832275390625,1585107,0.0,0.0
2020-08-20 00:00:00+05:30,2049.7059017425836,2060.77023372971,2040.469944149374,2049.424560546875,1768939,0.0,0.0
2020-08-21 00:00:00+05:30,2061.8954884569675,2070.9906615172413,2051.0655686888144,2064.75537109375,1374411,0.0,0.0
2020-08-24 00:00:00+05:30,2068.4586330483025,2073.756270980673,2054.5813489285965,2057.581787109375,1665474,0.0,0.0
2020-08-25 00:00:00+05:30,2057.581966052407,2060.8637456740207,2039.3916220029728,2043.236083984375,1774886,0.0,0.0
2020-08-26 00:00:00+05:30,2046.0487680710005,2049.7055161709604,2025.326585054563,2046.705078125,2148146,0.0,0.0
2020-08-27 00:00:00+05:30,2046.048606247976,2051.5806563039723,2030.0146804835924,2035.875,2172203,0.0,0.0
2020-08-28 00:00:00+05:30,2043.1419529798272,2046.3298754738842,2011.261812364263,2017.7784423828125,1939520,0.0,0.0
2020-08-31 00:00:00+05:30,2017.8257094185342,2032.3593053739185,1969.6772209278586,1985.336181640625,3534275,0.0,0.0
2020-09-01 00:00:00+05:30,2015.9029409762009,2039.2972901875303,1980.0847146632786,2026.8734130859375,1738003,0.0,0.0
2020-09-02 00:00:00+05:30,2035.6408835619077,2048.7680011896678,2003.3388434687802,2008.1207275390625,1667810,0.0,0.0
2020-09-03 00:00:00+05:30,2018.7630500511416,2020.1225985184706,1995.3686982042482,2005.7764892578125,1590711,0.0,0.0
2020-09-04 00:00:00+05:30,1983.132542459316,2007.4176200878783,1982.1948911390043,1992.1807861328125,1590491,0.0,0.0
2020-09-07 00:00:00+05:30,1993.4464017313144,2038.4536582144297,1972.583663049037,2027.7645263671875,2362992,0.0,0.0
2020-09-08 00:00:00+05:30,2019.7006288337686,2035.9689682704702,1998.2752079399704,2008.6832275390625,1804209,0.0,0.0
2020-09-09 00:00:00+05:30,1989.6960809032053,2010.5118942127822,1978.4442651770798,1999.3070068359375,2009898,0.0,0.0
2020-09-10 00:00:00+05:30,2008.4489484184687,2009.9492819642494,1986.1328032078452,2000.8538818359375,2137794,0.0,0.0
2020-09-11 00:00:00+05:30,1992.5087384083376,2033.7653899330278,1992.0399128228298,2024.623291015625,1934110,0.0,0.0
2020-09-14 00:00:00+05:30,2031.8902461135249,2034.421858689028,1983.1323814167536,1991.1024169921875,2096908,0.0,0.0
2020-09-15 00:00:00+05:30,2003.6671219816708,2003.760978686234,1977.506740313181,1991.993408203125,1224058,0.0,0.0
2020-09-16 00:00:00+05:30,1992.508920500933,2024.34213488236,1980.9757642596926,2009.85546875,2087841,0.0,0.0
2020-09-17 00:00:00+05:30,2001.8853514130317,2011.30879194231,1989.9302983776613,1995.50927734375,1741644,0.0,0.0
2020-09-18 00:00:00+05:30,1987.820650223498,1994.8999629455463,1959.6911127203352,1967.8486328125,4475166,0.0,0.0
2020-09-21 00:00:00+05:30,1967.8487217541933,1968.1300629256932,1896.0246556417312,1910.745849609375,3483963,0.0,0.0
2020-09-22 00:00:00+05:30,1913.3243455929628,1926.638947848851,1875.3494691418723,1900.431640625,2345687,0.0,0.0
2020-09-23 00:00:00+05:30,1908.1201041482673,1931.5613830690077,1899.5405731714025,1924.575927734375,2410295,0.0,0.0
2020-09-24 00:00:00+05:30,1916.5591807375183,1951.2522774534127,1908.1672477210752,1932.4053955078125,3798089,0.0,0.0
2020-09-25 00:00:00+05:30,1952.1898534592624,1979.3817390261781,1941.7351338518993,1949.423828125,2528873,0.0,0.0
2020-09-28 00:00:00+05:30,1953.1274445270224,1961.894574791751,1931.561466983037,1934.65576171875,1523704,0.0,0.0
2020-09-29 00:00:00+05:30,1936.2498509543784,1940.2348688074321,1898.50938775781,1906.4324951171875,2298844,0.0,0.0
2020-09-30 00:00:00+05:30,1911.8240131873772,1966.2547152517036,1907.182685179764,1939.2972412109375,2417367,0.0,0.0
2020-10-01 00:00:00+05:30,1959.6913817776701,1977.4129012702474,1940.9383542008502,1964.379638671875,2131531,0.0,0.0
2020-10-05 00:00:00+05:30,1969.0674974421354,1990.9148159356,1952.3772604895908,1979.4285888671875,1646110,0.0,0.0
2020-10-06 00:00:00+05:30,1986.8830067432616,2006.5736830724775,1976.6157712982088,1983.9761962890625,1679499,0.0,0.0
2020-10-07 00:00:00+05:30,1990.633786625657,2015.9503727014423,1981.2572732642548,2005.9644775390625,2428544,0.0,0.0
2020-10-08 00:00:00+05:30,2013.1371497328385,2030.014871528456,2012.4339113246876,2026.0767822265625,1617365,0.0,0.0
2020-10-09 00:00:00+05:30,2015.9505111018866,2031.8436565568138,1988.8524771945947,2006.2457275390625,2001026,0.0,0.0
2020-10-12 00:00:00+05:30,2011.449438614149,2013.6999389910254,1990.9149675728938,2005.0733642578125,1741166,0.0,0.0
2020-10-13 00:00:00+05:30,2004.6515735005,2018.997684334911,1995.3219887447767,2004.885986328125,1679160,0.0,0.0
2020-10-14 00:00:00+05:30,1999.6346305527188,2030.014431634174,1998.1342973729443,2023.5914306640625,2123033,0.0,0.0
2020-10-15 00:00:00+05:30,2025.3265198605625,2043.7982020588756,2007.5580760372009,2018.341064453125,2344437,0.0,0.0
2020-10-16 00:00:00+05:30,2036.4845359459239,2036.4845359459239,2010.3710875537001,2016.4658203125,1640399,0.0,0.0
2020-10-19 00:00:00+05:30,2019.2786832076863,2048.7677661402363,2017.919134821684,2042.0167236328125,1605969,0.0,0.0
2020-10-20 00:00:00+05:30,2046.0489690217505,2070.802871480543,1999.5883018742375,2037.610107421875,5855290,0.0,0.0
2020-10-21 00:00:00+05:30,2053.456178271026,2059.785324025971,2002.8230122314667,2028.2801513671875,3954242,0.0,0.0
2020-10-22 00:00:00+05:30,2025.3270566747674,2050.878057736984,2018.950981268142,2043.470703125,2632958,0.0,0.0
2020-10-23 00:00:00+05:30,2052.4247213284402,2052.4247213284402,2006.5736669547819,2010.1837158203125,2805684,0.0,0.0
2020-10-26 00:00:00+05:30,2015.9501039323009,2036.5784305771895,2008.7302353903403,2031.65576171875,1646050,0.0,0.0
2020-10-27 00:00:00+05:30,2022.5141522940885,2052.518998317923,2018.2477924663128,2040.98583984375,2334808,0.0,0.0
2020-10-28 00:00:00+05:30,2061.039518748688,2061.039518748688,2023.432373553818,2042.542724609375,1555483,14.0,0.0
2020-10-29 00:00:00+05:30,2021.4504889600032,2038.4374678588267,1996.9137416617025,2002.6705322265625,1934367,0.0,0.0
2020-10-30 00:00:00+05:30,1998.9897932359065,2000.6885371305787,1951.6150447103946,1954.7293701171875,2414313,0.0,0.0
2020-11-02 00:00:00+05:30,1955.3897705078125,1970.158910928862,1940.2902356004163,1955.3897705078125,1486077,0.0,0.0
2020-11-03 00:00:00+05:30,1974.0757464212281,1974.0757464212281,1928.022112915606,1940.00732421875,2227402,0.0,0.0
2020-11-04 00:00:00+05:30,1934.6282278961812,1967.658465933433,1934.5809957617112,1944.1126708984375,1479878,0.0,0.0
2020-11-05 00:00:00+05:30,1969.5458937554304,1993.1389207529799,1945.2923080820804,1984.0321044921875,2083827,0.0,0.0
2020-11-06 00:00:00+05:30,1986.532800463251,2004.416268192518,1968.6021006015876,1976.2933349609375,2127821,0.0,0.0
2020-11-09 00:00:00+05:30,2000.68860350833,2017.3451876933186,1989.4111831677399,2012.5323486328125,2194404,0.0,0.0
2020-11-10 00:00:00+05:30,2019.5630516045567,2023.5266339434643,1974.7363016273528,2016.3544921875,2471703,0.0,0.0
2020-11-11 00:00:00+05:30,2016.3545237054554,2018.2419658392616,1986.1554495645557,2011.2110595703125,2759942,0.0,0.0
2020-11-12 00:00:00+05:30,2009.1818309087073,2079.9608996349416,2003.7554356396959,2068.730712890625,3010512,0.0,0.0
2020-11-13 00:00:00+05:30,2080.904619540142,2093.5503876528383,2055.6600850400514,2062.360595703125,2799165,0.0,0.0
2020-11-14 00:00:00+05:30,2073.35526562918,2073.35526562918,2059.199449068216,2064.57861328125,258276,0.0,0.0
2020-11-17 00:00:00+05:30,2095.391195372904,2095.391195372904,2049.762188924205,2055.047119140625,2733542,0.0,0.0
2020-11-18 00:00:00+05:30,2047.874724524515,2047.874724524515,2006.2565331239173,2012.1077880859375,3315051,0.0,0.0
2020-11-19 00:00:00+05:30,2006.1626104280786,2026.5468504875603,1995.4985145891999,2010.833984375,2704650,0.0,0.0
2020-11-20 00:00:00+05:30,2014.8446919032249,2021.4507400733994,1982.2863116359363,2000.9248046875,2827038,0.0,0.0
2020-11-23 00:00:00+05:30,2019.5631058944819,2019.5631058944819,1977.0956574060465,2009.5595703125,3244576,0.0,0.0
2020-11-24 00:00:00+05:30,2012.013587270806,2039.381501919424,2002.9537716406458,2035.93701171875,1989749,0.0,0.0
2020-11-25 00:00:00+05:30,2040.3251893308545,2048.81867994324,2008.23866923962,2015.64697265625,1786536,0.0,0.0
2020-11-26 00:00:00+05:30,2019.5629529116393,2040.3248150443758,2003.0950674364824,2032.9637451171875,1630887,0.0,0.0
2020-11-27 00:00:00+05:30,2045.0433458090695,2045.5152062949508,2006.350785966812,2017.8641357421875,5687861,0.0,0.0
2020-12-01 00:00:00+05:30,2037.4937881231863,2037.4937881231863,2009.7484808527745,2013.0042724609375,2226742,0.0,0.0
2020-12-02 00:00:00+05:30,2024.2817520607246,2028.9058932734672,2002.6706311104097,2018.902587890625,1634682,0.0,0.0
2020-12-03 00:00:00+05:30,2031.8317682057595,2035.040328164342,2000.7834325100334,2008.0028076171875,3469163,0.0,0.0
2020-12-04 00:00:00+05:30,2020.5069282532588,2071.845265283547,2013.5234840898097,2061.275634765625,3712143,0.0,0.0
2020-12-07 00:00:00+05:30,2066.0414200443884,2132.4322916497235,2063.918047567467,2129.17626953125,4147649,0.0,0.0
2020-12-08 00:00:00+05:30,2132.3381979613177,2149.9857395341437,2114.0770993259102,2132.81005859375,2768211,0.0,0.0
2020-12-09 00:00:00+05:30,2132.8094950063646,2166.783451563988,2117.0021679969145,2163.197265625,2123890,0.0,0.0
2020-12-10 00:00:00+05:30,2161.121295654516,2225.1998654920444,2147.0127114420557,2218.169189453125,3041370,0.0,0.0
2020-12-11 00:00:00+05:30,2233.0799335785346,2250.774703258238,2201.7012086798613,2241.1015625,2611218,0.0,0.0
2020-12-14 00:00:00+05:30,2246.9528138948294,2256.814653779011,2223.548483420912,2237.326904296875,1575632,0.0,0.0
2020-12-15 00:00:00+05:30,2228.125558288632,2230.9094895049634,2177.4477803619457,2189.480224609375,2207176,0.0,0.0
2020-12-16 00:00:00+05:30,2186.696140122417,2222.3686115409564,2173.3895811388593,2212.034912109375,1748634,0.0,0.0
2020-12-17 00:00:00+05:30,2210.1948664565675,2210.1948664565675,2179.9957905698852,2184.99755859375,1912868,0.0,0.0
2020-12-18 00:00:00+05:30,2191.320415940428,2211.987816075209,2181.8832048468003,2202.1259765625,2229891,0.0,0.0
2020-12-21 00:00:00+05:30,2211.13874423237,2217.744792550606,2137.6229558225605,2176.173828125,2003069,0.0,0.0
2020-12-22 00:00:00+05:30,2179.9957320288836,2201.9844796485277,2152.6278202415083,2180.939453125,1764488,0.0,0.0
2020-12-23 00:00:00+05:30,2189.433012042286,2243.50827863536,2173.625683183791,2236.949462890625,1559556,0.0,0.0
2020-12-24 00:00:00+05:30,2248.415221691578,2274.367548489697,2227.228731894694,2267.0537109375,2489444,0.0,0.0
2020-12-28 00:00:00+05:30,2269.6488330938155,2281.350880447233,2242.328158293246,2254.454833984375,1532477,0.0,0.0
2020-12-29 00:00:00+05:30,2260.212272707213,2267.7620423028943,2221.708401689099,2250.114501953125,1749013,0.0,0.0
2020-12-30 00:00:00+05:30,2255.49331803794,2278.755949848239,2242.2812232879264,2271.1591796875,1924886,0.0,0.0
2020-12-31 00:00:00+05:30,2261.1559244719338,2280.9740690520302,2252.662433937607,2260.589599609375,1709836,0.0,0.0
2021-01-01 00:00:00+05:30,2260.5894690042433,2268.705562761743,2247.9436982106786,2253.181396484375,830096,0.0,0.0
2021-01-04 00:00:00+05:30,2269.648963712845,2293.241988283665,2265.590917406538,2289.93896484375,1614486,0.0,0.0
2021-01-05 00:00:00+05:30,2269.6492008480636,2318.6754649484137,2269.6492008480636,2312.6357421875,2356303,0.0,0.0
2021-01-06 00:00:00+05:30,2308.152884632712,2312.1164667813523,2266.4404622100897,2281.2568359375,1641627,0.0,0.0
2021-01-07 00:00:00+05:30,2295.1300845837445,2295.7906433799244,2231.900760707465,2235.5341796875,2403881,0.0,0.0
2021-01-08 00:00:00+05:30,2255.4933132401266,2264.9305237557755,2227.9367046145608,2256.625732421875,2797948,0.0,0.0
2021-01-11 00:00:00+05:30,2288.523717651193,2304.5197445666013,2266.9125961478658,2292.39306640625,2787672,0.0,0.0
2021-01-12 00:00:00+05:30,2293.0532211209143,2296.1675463506126,2238.5061038755257,2242.1865234375,2036708,0.0,0.0
2021-01-13 00:00:00+05:30,2247.848776283224,2263.04277531695,2231.522588621656,2238.83642578125,1702740,0.0,0.0
2021-01-14 00:00:00+05:30,2232.8440884441397,2270.592931866695,2218.8297381632538,2263.562255859375,2120413,0.0,0.0
2021-01-15 00:00:00+05:30,2257.852546283557,2271.5365011095178,2210.9496575464254,2218.82958984375,2042957,0.0,0.0
2021-01-18 00:00:00+05:30,2240.865051761871,2240.865051761871,2190.045594245824,2201.3232421875,1733797,0.0,0.0
2021-01-19 00:00:00+05:30,2210.1949308752905,2248.0382411090427,2192.5001593322027,2230.154541015625,1495269,0.0,0.0
2021-01-20 00:00:00+05:30,2224.35057234887,2240.346598479734,2214.252802932975,2223.359619140625,1380562,0.0,0.0
2021-01-21 00:00:00+05:30,2242.2812862256487,2264.836127878852,2217.744538144055,2234.401123046875,1521133,0.0,0.0
2021-01-22 00:00:00+05:30,2226.237947700902,2285.692373603894,2224.350505608744,2273.75439453125,2548089,0.0,0.0
2021-01-25 00:00:00+05:30,2283.804794540757,2295.4598409210835,2250.7745599089694,2264.552978515625,2124424,0.0,0.0
2021-01-27 00:00:00+05:30,2288.5235684572317,2288.5235684572317,2203.588673133046,2256.72021484375,2460297,0.0,0.0
2021-01-28 00:00:00+05:30,2234.6369612966073,2275.830522985363,2161.1211843474057,2170.935791015625,3867335,0.0,0.0
2021-01-29 00:00:00+05:30,2184.8084425917295,2191.603187286564,2124.315838115531,2136.48974609375,4472694,0.0,0.0
2021-02-01 00:00:00+05:30,2148.5224609668703,2156.402623985018,2100.911779528381,2122.05126953125,2717591,0.0,0.0
2021-02-02 00:00:00+05:30,2143.237526310639,2146.9651780121176,2080.9047109963603,2104.92236328125,4215607,0.0,0.0
2021-02-03 00:00:00+05:30,2105.9136284990827,2129.9785164787945,2092.7959974076603,2107.187744140625,2353429,0.0,0.0
2021-02-04 00:00:00+05:30,2112.9915633631654,2131.8659855459537,2100.9118870860484,2119.22021484375,2908003,0.0,0.0
2021-02-05 00:00:00+05:30,2119.2199498270948,2156.402464717106,2114.8787411076737,2141.822021484375,4036942,0.0,0.0
2021-02-08 00:00:00+05:30,2159.2336019773575,2159.894160583151,2104.7809475181066,2110.7734375,2780672,0.0,0.0
2021-02-09 00:00:00+05:30,2120.541397657572,2127.808004341997,2086.0955761112873,2091.52197265625,3131481,0.0,0.0
2021-02-10 00:00:00+05:30,2095.06079980709,2114.878942507968,2088.2188219698824,2109.6884765625,2055520,0.0,0.0
2021-02-11 00:00:00+05:30,2115.8224839814407,2140.359230004419,2108.3199481045417,2135.640625,1824480,0.0,0.0
2021-02-12 00:00:00+05:30,2140.3593247165545,2144.370139147791,2106.385367181371,2115.39794921875,1222094,0.0,0.0
2021-02-15 00:00:00+05:30,2124.3160203842876,2134.4610213701303,2088.4546215506125,2090.53076171875,2449407,0.0,0.0
2021-02-16 00:00:00+05:30,2101.6667472279187,2103.601421431899,2066.7963010269195,2072.505859375,2396356,0.0,0.0
2021-02-17 00:00:00+05:30,2072.411458261643,2077.649156251314,2038.4374999294848,2042.117919921875,2447956,0.0,0.0
2021-02-18 00:00:00+05:30,2042.2123114146384,2046.506288186512,2022.5828678865319,2026.027587890625,3205806,0.0,0.0
2021-02-19 00:00:00+05:30,2031.7369794239487,2070.5240071790395,2029.0002805081742,2058.35009765625,3364030,0.0,0.0
2021-02-22 00:00:00+05:30,2080.90531131983,2080.90531131983,2039.9479021144464,2045.6102294921875,2678023,0.0,0.0
2021-02-23 00:00:00+05:30,2062.030889264512,2068.9673324710557,2048.0637689687605,2056.6044921875,2062144,0.0,0.0
2021-02-24 00:00:00+05:30,2065.333623076518,2065.333623076518,2034.2380589759912,2056.226806640625,924143,0.0,0.0
2021-02-25 00:00:00+05:30,2054.4809355778216,2062.0307047485257,2038.4376760900757,2041.552001953125,2099460,0.0,0.0
2021-02-26 00:00:00+05:30,2036.5498153701235,2059.5765144494626,2000.6884191773227,2012.060302734375,3413194,0.0,0.0
2021-03-01 00:00:00+05:30,2015.0332615186169,2032.7752644097534,2008.2385156285773,2022.771728515625,1229276,0.0,0.0
2021-03-02 00:00:00+05:30,2040.3251350791172,2060.9925361927762,2020.082362404651,2055.37744140625,2095135,0.0,0.0
2021-03-03 00:00:00+05:30,2080.9050388131836,2080.9050388131836,2051.1778239729956,2070.05224609375,2031893,0.0,0.0
2021-03-04 00:00:00+05:30,2062.030310711716,2079.4891485827306,2051.6493800857074,2073.260498046875,2290915,0.0,0.0
2021-03-05 00:00:00+05:30,2061.6534535054648,2085.576648007935,2052.8295680060996,2077.224853515625,2129837,0.0,0.0
2021-03-08 00:00:00+05:30,2085.6238151817734,2091.38060656042,2046.9312466648262,2052.1689453125,1440724,0.0,0.0
2021-03-09 00:00:00+05:30,2053.537028087332,2080.9049388476874,2040.3721653706707,2074.770751953125,1711842,0.0,0.0
2021-03-10 00:00:00+05:30,2086.0953420686324,2111.0094851631197,2069.7689221283877,2102.468994140625,2696085,0.0,0.0
2021-03-12 00:00:00+05:30,2110.160475163709,2113.8408954601223,2076.186514025116,2080.669189453125,2038930,0.0,0.0
2021-03-15 00:00:00+05:30,2081.9428626341696,2092.6539570871832,2060.4259790730584,2086.425537109375,1632022,0.0,0.0
2021-03-16 00:00:00+05:30,2096.334901898557,2121.0131158470385,2089.681622240352,2117.75732421875,2633605,0.0,0.0
2021-03-17 00:00:00+05:30,2127.1473762532314,2134.697145113048,2094.353067768405,2101.00634765625,3703365,0.0,0.0
2021-03-18 00:00:00+05:30,2112.047647099083,2123.277835099899,2080.904853375102,2090.53076171875,2597091,0.0,0.0
2021-03-19 00:00:00+05:30,2080.0557730428513,2194.38749238793,2068.164794997591,2181.930419921875,5382214,0.0,0.0
2021-03-22 00:00:00+05:30,2180.089924230051,2223.8784854649075,2172.4456921452224,2220.76416015625,2471516,0.0,0.0
2021-03-23 00:00:00+05:30,2230.012862480612,2239.4028409378,2202.0786269731557,2205.75927734375,1970612,0.0,0.0
2021-03-24 00:00:00+05:30,2205.759354749219,2218.593823361988,2185.233420995078,2188.11181640625,1762743,0.0,0.0
2021-03-25 00:00:00+05:30,2188.111617184327,2191.320176445224,2105.4887970095488,2111.151123046875,2495833,0.0,0.0
2021-03-26 00:00:00+05:30,2128.090965901203,2194.1514393438124,2122.239941476416,2187.450927734375,1929236,0.0,0.0
2021-03-30 00:00:00+05:30,2194.1515458083636,2270.592954501042,2194.1515458083636,2263.7509765625,3327203,0.0,0.0
2021-03-31 00:00:00+05:30,2251.7184074099064,2301.3582264057727,2247.6131287147646,2294.65771484375,2709756,0.0,0.0
2021-04-01 00:00:00+05:30,2309.096747541066,2309.096747541066,2257.428019240843,2264.081298828125,1532653,0.0,0.0
2021-04-05 00:00:00+05:30,2264.93068811302,2281.162645297697,2214.4416081905006,2239.638916015625,2545447,0.0,0.0
2021-04-06 00:00:00+05:30,2248.226680683339,2275.311428463392,2243.5553076133665,2272.763427734375,3683538,0.0,0.0
2021-04-07 00:00:00+05:30,2280.973731879645,2297.960710437292,2252.992495471333,2269.885009765625,1713970,0.0,0.0
2021-04-08 00:00:00+05:30,2270.593017288103,2301.7358142833264,2260.778409789268,2274.2734375,1814515,0.0,0.0
2021-04-09 00:00:00+05:30,2287.580064715014,2343.2596124947936,2287.580064715014,2336.653564453125,2604858,0.0,0.0
2021-04-12 00:00:00+05:30,2304.095123216643,2348.2140857439326,2300.414702994953,2323.44140625,2261945,0.0,0.0
2021-04-13 00:00:00+05:30,2330.9909390243247,2364.870431767296,2310.9840993120174,2316.268798828125,1811781,0.0,0.0
2021-04-15 00:00:00+05:30,2356.4715905291314,2356.4715905291314,2284.843251083003,2322.167236328125,3352379,0.0,0.0
2021-04-16 00:00:00+05:30,2330.896556672196,2339.43727835536,2302.679389105305,2320.515625,1225517,0.0,0.0
2021-04-19 00:00:00+05:30,2302.679379968054,2321.270638717994,2278.1898646095888,2299.517822265625,1746316,0.0,0.0
2021-04-20 00:00:00+05:30,2317.7785877837528,2317.7785877837528,2249.641983196943,2262.523681640625,1589508,0.0,0.0
2021-04-22 00:00:00+05:30,2255.493142468437,2255.493142468437,2200.7573256219225,2217.177978515625,1721265,0.0,0.0
2021-04-23 00:00:00+05:30,2208.3075667248945,2217.744778548505,2170.5587194304517,2177.87255859375,1949756,0.0,0.0
2021-04-26 00:00:00+05:30,2193.2078791861436,2236.43035248948,2180.939504646806,2227.795166015625,1946867,0.0,0.0
2021-04-27 00:00:00+05:30,2230.0127595106455,2252.1429712428435,2220.5283172252357,2245.91455078125,1668456,0.0,0.0
2021-04-28 00:00:00+05:30,2246.056219247823,2307.3980907819023,2233.127286250772,2271.112060546875,1951215,0.0,0.0
2021-04-29 00:00:00+05:30,2296.073204563592,2311.125508509272,2249.9723413211627,2272.102783203125,3151150,0.0,0.0
2021-04-30 00:00:00+05:30,2274.3680069204725,2305.4163410787432,2199.1062440358637,2221.28369140625,4010778,0.0,0.0
2021-05-03 00:00:00+05:30,2211.138358081298,2279.086271773937,2208.3071950107715,2272.480224609375,1692239,0.0,0.0
2021-05-04 00:00:00+05:30,2273.6124717590305,2282.105960328079,2238.6947965307186,2272.149658203125,1453111,0.0,0.0
2021-05-05 00:00:00+05:30,2297.016860298317,2297.016860298317,2235.3446022298917,2259.88134765625,1256857,0.0,0.0
2021-05-06 00:00:00+05:30,2264.930128791841,2280.548755551756,2243.27178051539,2255.492919921875,1377740,0.0,0.0
2021-05-07 00:00:00+05:30,2273.2351617892373,2287.5796747255417,2262.240674039554,2275.5,1169518,0.0,0.0
2021-05-10 00:00:00+05:30,2286.6362570468023,2309.2383316254695,2280.0302092550864,2295.97900390625,988495,0.0,0.0
2021-05-11 00:00:00+05:30,2288.523719173957,2289.467440295266,2259.5042946937097,2266.91259765625,1019077,0.0,0.0
2021-05-12 00:00:00+05:30,2254.549646994841,2254.549646994841,2194.1987303603128,2197.879150390625,2053932,0.0,0.0
2021-05-14 00:00:00+05:30,2197.83164768098,2248.3207189513246,2195.0949490620897,2243.083251953125,1388970,0.0,0.0
2021-05-17 00:00:00+05:30,2250.7746488279195,2260.2118590955415,2233.315809832818,2242.51708984375,811243,0.0,0.0
2021-05-18 00:00:00+05:30,2266.9121143160914,2272.810370066674,2233.7401857344466,2240.62939453125,1153722,0.0,0.0
2021-05-19 00:00:00+05:30,2227.1814868828797,2246.055906263243,2212.0819513785887,2226.945556640625,1323590,0.0,0.0
2021-05-20 00:00:00+05:30,2227.1817037884575,2229.0691459103123,2208.3072825699114,2212.2236328125,856235,0.0,0.0
2021-05-21 00:00:00+05:30,2208.306897555297,2232.9851068356816,2208.306897555297,2229.3046875,771492,0.0,0.0
2021-05-24 00:00:00+05:30,2222.4631213449566,2227.1344945644687,2194.3874194935715,2205.051513671875,1194864,0.0,0.0
2021-05-25 00:00:00+05:30,2222.4630940476477,2236.4302118016226,2206.4198360439063,2212.12939453125,1098457,0.0,0.0
2021-05-26 00:00:00+05:30,2223.171287543103,2236.8080132362848,2213.2622146282342,2221.519775390625,811095,0.0,0.0
2021-05-27 00:00:00+05:30,2220.575729457251,2220.575729457251,2192.169632428028,2195.47265625,3755182,0.0,0.0
2021-05-28 00:00:00+05:30,2202.0313524504177,2217.744213976428,2188.8192592607707,2191.036865234375,1215325,0.0,0.0
2021-05-31 00:00:00+05:30,2194.15120171479,2213.025620654272,2189.574062961717,2208.354248046875,1178704,0.0,0.0
2021-06-01 00:00:00+05:30,2214.9132986603895,2230.012835421602,2199.436365640405,2225.577392578125,1141451,0.0,0.0
2021-06-02 00:00:00+05:30,2223.4066074669477,2240.0631904432807,2217.74428164148,2226.049072265625,1113091,0.0,0.0
2021-06-03 00:00:00+05:30,2235.6754200881996,2237.6100945394533,2213.0261123287582,2230.2490234375,868532,0.0,0.0
2021-06-04 00:00:00+05:30,2236.6189007714656,2236.6189007714656,2202.5977106521755,2210.241943359375,1283795,0.0,0.0
2021-06-07 00:00:00+05:30,2221.5193820600844,2221.5193820600844,2199.813797613448,2207.646728515625,1128300,0.0,0.0
2021-06-08 00:00:00+05:30,2207.6467778350952,2229.069200361316,2203.7301970961844,2226.238037109375,1106664,0.0,0.0
2021-06-09 00:00:00+05:30,2229.069064439861,2238.4590425727624,2213.5921317665807,2223.40673828125,1072858,0.0,0.0
2021-06-10 00:00:00+05:30,2230.9564669605015,2264.883191179541,2222.6989081255165,2244.923583984375,1944339,0.0,0.0
2021-06-11 00:00:00+05:30,2247.0001191558936,2254.1252601119745,2227.1819744678323,2233.316162109375,1128097,0.0,0.0
2021-06-14 00:00:00+05:30,2241.7755975572645,2257.649958088232,2221.0538064261737,2247.669189453125,1761632,17.0,0.0
2021-06-15 00:00:00+05:30,2243.296498152015,2276.5657258788456,2243.296498152015,2273.66650390625,1215463,0.0,0.0
2021-06-16 00:00:00+05:30,2267.0603917281555,2299.2365827774697,2265.7770571698957,2288.827880859375,2153668,0.0,0.0
2021-06-17 00:00:00+05:30,2279.417775340332,2305.9380144281567,2268.3913079536183,2298.1435546875,1555777,0.0,0.0
2021-06-18 00:00:00+05:30,2300.3296729445688,2373.236769471041,2286.071431170119,2360.119140625,3937751,0.0,0.0
2021-06-21 00:00:00+05:30,2351.611581990331,2403.9393715448573,2345.005310241662,2390.013916015625,2506277,0.0,0.0
2021-06-22 00:00:00+05:30,2393.578607285433,2408.644676477408,2358.9308949833758,2367.105712890625,1945883,0.0,0.0
2021-06-23 00:00:00+05:30,2371.6203663969586,2389.6808020528874,2336.640107765623,2357.83740234375,1035668,0.0,0.0
2021-06-24 00:00:00+05:30,2366.8677643378883,2380.935940435043,2351.754123248112,2367.01025390625,759681,0.0,0.0
2021-06-25 00:00:00+05:30,2364.966708575656,2366.8202333364407,2324.0930878084723,2327.5625,1112942,0.0,0.0
2021-06-28 00:00:00+05:30,2328.9413376882794,2343.104431893725,2316.774258119259,2338.541748046875,694906,0.0,0.0
2021-06-29 00:00:00+05:30,2333.5990556820448,2373.997410006479,2324.0935605468835,2369.292236328125,1354397,0.0,0.0
2021-06-30 00:00:00+05:30,2369.292194382741,2381.1264892029544,2341.2034103420665,2349.093017578125,1447245,0.0,0.0
2021-07-01 00:00:00+05:30,2361.164722211713,2361.164722211713,2341.2031847050926,2355.46142578125,735043,0.0,0.0
2021-07-02 00:00:00+05:30,2355.461114817548,2369.4341428139437,2330.7468335482763,2364.30126953125,860231,0.0,0.0
2021-07-05 00:00:00+05:30,2375.423129237877,2389.1109488001466,2362.1630105242275,2375.470703125,761700,0.0,0.0
2021-07-06 00:00:00+05:30,2366.86825885522,2374.4250809789787,2346.906719322706,2350.233642578125,461782,0.0,0.0
2021-07-07 00:00:00+05:30,2336.4505069338047,2367.628574758022,2324.901424146884,2358.930908203125,623145,0.0,0.0
2021-07-08 00:00:00+05:30,2340.442790487392,2347.6194851905184,2317.867241232093,2326.517333984375,1114426,0.0,0.0
2021-07-09 00:00:00+05:30,2319.340863621149,2342.6293272107873,2317.8674654294773,2330.224609375,538094,0.0,0.0
2021-07-12 00:00:00+05:30,2331.6976110247306,2338.256308868687,2309.8349754545843,2323.28515625,543898,0.0,0.0
2021-07-13 00:00:00+05:30,2333.5987132395117,2334.1215618087713,2309.834978888804,2316.20361328125,994396,0.0,0.0
2021-07-14 00:00:00+05:30,2319.15098076689,2320.6243790733247,2289.8740064174044,2295.434814453125,1377829,0.0,0.0
2021-07-15 00:00:00+05:30,2305.082463430269,2305.082463430269,2282.2692761633302,2293.05810546875,693792,0.0,0.0
2021-07-16 00:00:00+05:30,2300.3296757011694,2309.8351702288605,2287.0219833624024,2297.858154296875,545405,0.0,0.0
2021-07-19 00:00:00+05:30,2281.366428968288,2297.4781969687297,2279.8930307941655,2289.541015625,463873,0.0,0.0
2021-07-20 00:00:00+05:30,2284.1700013536074,2338.3513122471386,2284.1700013536074,2314.492431640625,1061476,0.0,0.0
2021-07-22 00:00:00+05:30,2328.845891273724,2383.977753189592,2258.0299651921355,2260.548828125,3546044,0.0,0.0
2021-07-23 00:00:00+05:30,2264.209008013229,2273.4768660435097,2238.258959114891,2241.490966796875,1517589,0.0,0.0
2021-07-26 00:00:00+05:30,2240.6824190056936,2243.296429675867,2222.3843443144815,2232.55517578125,1311535,0.0,0.0
2021-07-27 00:00:00+05:30,2232.555402360591,2242.7738087446855,2216.6812732751264,2226.56689453125,1656945,0.0,0.0
2021-07-28 00:00:00+05:30,2233.7912701991895,2251.328861630396,2227.232571637191,2244.62744140625,912373,0.0,0.0
2021-07-29 00:00:00+05:30,2244.6272141776435,2254.1327079821863,2214.7800564584672,2219.295166015625,1012663,0.0,0.0
2021-07-30 00:00:00+05:30,2224.2856268422634,2240.0172660439457,2203.3735397522937,2217.9169921875,1708251,0.0,0.0
2021-08-02 00:00:00+05:30,2226.1869034172046,2237.0230747655787,2209.647435134372,2217.44189453125,1229936,0.0,0.0
2021-08-03 00:00:00+05:30,2214.7802616836348,2274.664878201261,2211.07321158345,2268.819091796875,1733476,0.0,0.0
2021-08-04 00:00:00+05:30,2268.818636709225,2276.327883177314,2250.47298923281,2259.55078125,1588974,0.0,0.0
2021-08-05 00:00:00+05:30,2272.763694092008,2272.763694092008,2237.593365074273,2241.1103515625,921757,0.0,0.0
2021-08-06 00:00:00+05:30,2241.1099130415146,2263.020119596478,2240.919849605669,2254.2275390625,1432661,0.0,0.0
2021-08-09 00:00:00+05:30,2261.784640230506,2276.5657292704186,2257.412252391952,2266.5849609375,921476,0.0,0.0
2021-08-10 00:00:00+05:30,2275.6152106842937,2275.6152106842937,2242.4411302227927,2264.0185546875,1061370,0.0,0.0
2021-08-11 00:00:00+05:30,2271.813265942778,2276.566013361068,2245.3879438835347,2272.240966796875,1300594,0.0,0.0
2021-08-12 00:00:00+05:30,2276.5659488383394,2294.1511137876128,2259.8837594594,2273.99951171875,1226064,0.0,0.0
2021-08-13 00:00:00+05:30,2282.2687807041484,2290.4909390028906,2269.9116402838426,2285.595703125,1033159,0.0,0.0
2021-08-16 00:00:00+05:30,2285.1208711465897,2316.346513315267,2274.332042093408,2306.4130859375,1146309,0.0,0.0
2021-08-17 00:00:00+05:30,2312.686415045935,2364.443777304509,2310.8328903500046,2360.974365234375,1921902,0.0,0.0
2021-08-18 00:00:00+05:30,2362.115158009129,2376.373398399526,2332.6481278689753,2363.11328125,1545643,0.0,0.0
2021-08-20 00:00:00+05:30,2366.867670258593,2499.9445673815662,2353.5599805462957,2489.86865234375,5779927,0.0,0.0
2021-08-23 00:00:00+05:30,2495.1922141182363,2540.676096448397,2466.2004569637197,2503.8896484375,2163220,0.0,0.0
2021-08-24 00:00:00+05:30,2503.7474245157614,2526.560612894037,2480.9342361374856,2502.796875,1482854,0.0,0.0
2021-08-25 00:00:00+05:30,2501.8459829867675,2534.5923629082895,2491.0571546327415,2514.203125,1746570,0.0,0.0
2021-08-26 00:00:00+05:30,2500.8955646869217,2564.3923133889843,2500.8955646869217,2534.544921875,2117291,0.0,0.0
2021-08-27 00:00:00+05:30,2537.016067725401,2556.9776029154473,2520.001328176203,2545.5234375,1176229,0.0,0.0
2021-08-30 00:00:00+05:30,2558.499030197217,2571.949212286077,2539.488040916714,2554.791748046875,1168190,0.0,0.0
2021-08-31 00:00:00+05:30,2554.98177001035,2602.0815416010223,2543.3375392652483,2589.391845703125,2535891,0.0,0.0
2021-09-01 00:00:00+05:30,2609.258333379489,2637.774817897298,2580.7418488616804,2597.756591796875,1775792,0.0,0.0
2021-09-02 00:00:00+05:30,2612.1094466090726,2671.043502536934,2595.1420489705047,2662.5361328125,1946183,0.0,0.0
2021-09-03 00:00:00+05:30,2663.6295138659466,2669.8556589233544,2619.71417747851,2629.885009765625,1561823,0.0,0.0
2021-09-06 00:00:00+05:30,2652.0327274508845,2685.301955214605,2638.059698203665,2643.09765625,1444978,0.0,0.0
2021-09-07 00:00:00+05:30,2650.702437419157,2669.8083431926,2633.0221238327467,2640.34130859375,1219915,0.0,0.0
2021-09-08 00:00:00+05:30,2650.987448792039,2671.044136379857,2628.364555995764,2662.39404296875,946711,0.0,0.0
2021-09-09 00:00:00+05:30,2644.428473174454,2684.0187634917615,2644.428473174454,2671.66162109375,879454,0.0,0.0
2021-09-13 00:00:00+05:30,2659.162009797694,2682.878171478679,2637.774647788597,2648.5634765625,1341412,0.0,0.0
2021-09-14 00:00:00+05:30,2663.439063824936,2665.3401623715636,2615.0086247631425,2625.93994140625,1755061,0.0,0.0
2021-09-15 00:00:00+05:30,2636.8241423058953,2647.2801861290263,2613.1079802297045,2638.202392578125,1362350,0.0,0.0
2021-09-16 00:00:00+05:30,2615.9122132665043,2658.9721518533725,2615.9122132665043,2631.358642578125,1259196,0.0,0.0
2021-09-17 00:00:00+05:30,2633.1171858546077,2645.3791812192926,2565.5330255518757,2587.63330078125,3095032,0.0,0.0
2021-09-20 00:00:00+05:30,2585.4941198235365,2670.0930083030566,2576.036200614928,2661.870849609375,2671330,0.0,0.0
2021-09-21 00:00:00+05:30,2671.043759025226,2717.905889894266,2658.353831969317,2673.37255859375,2277437,0.0,0.0
2021-09-22 00:00:00+05:30,2688.0584368124364,2699.465029109079,2636.823919240438,2646.8046875,1580594,0.0,0.0
2021-09-23 00:00:00+05:30,2660.587751499368,2678.362978738213,2635.7309776949073,2644.713623046875,1054473,0.0,0.0
2021-09-24 00:00:00+05:30,2633.117231319143,2642.5275784296177,2596.330780454433,2610.82666015625,1635284,0.0,0.0
2021-09-27 00:00:00+05:30,2628.269165061589,2628.269165061589,2570.7609247410733,2575.513671875,1465932,0.0,0.0
2021-09-28 00:00:00+05:30,2590.2473359511478,2618.240971755493,2575.893945959697,2589.154296875,1078052,0.0,0.0
2021-09-29 00:00:00+05:30,2580.6939497255566,2608.7351559673302,2544.620647770445,2552.51025390625,1503894,0.0,0.0
2021-09-30 00:00:00+05:30,2552.510513972023,2571.5215031915404,2549.3260804506585,2568.194580078125,1620199,0.0,0.0
2021-10-01 00:00:00+05:30,2572.186532625351,2577.88982870656,2547.567397368549,2570.3330078125,956111,0.0,0.0
2021-10-04 00:00:00+05:30,2566.483350639731,2589.2965359787504,2547.187151626932,2553.36572265625,1025005,0.0,0.0
2021-10-05 00:00:00+05:30,2553.365778566648,2580.694074102416,2553.1757150982053,2574.70556640625,562784,0.0,0.0
2021-10-06 00:00:00+05:30,2560.8277842483035,2598.802188244548,2543.670320315439,2553.223388671875,862471,0.0,0.0
2021-10-07 00:00:00+05:30,2564.582290136824,2570.5232239075267,2534.164709230828,2537.396484375,1082816,0.0,0.0
2021-10-08 00:00:00+05:30,2538.442724261801,2546.094695007993,2495.572844179792,2509.49853515625,1579941,0.0,0.0
2021-10-11 00:00:00+05:30,2511.541607311235,2533.689455000909,2505.1729726711296,2514.29833984375,1086252,0.0,0.0
2021-10-12 00:00:00+05:30,2495.192234007906,2555.124421508766,2495.192234007906,2543.812744140625,1174337,0.0,0.0
2021-10-13 00:00:00+05:30,2555.17201090395,2560.4000327593208,2511.9220119186084,2515.86669921875,1660007,0.0,0.0
2021-10-14 00:00:00+05:30,2515.8667354615136,2544.383218719791,2490.4395378895497,2518.5283203125,2158809,0.0,0.0
2021-10-18 00:00:00+05:30,2540.6286772832264,2546.4268898265923,2512.349830467762,2522.75830078125,1758177,0.0,0.0
2021-10-19 00:00:00+05:30,2537.871872538451,2596.9010859502864,2395.859878161675,2420.859375,5431133,0.0,0.0
2021-10-20 00:00:00+05:30,2441.961076872313,2456.2193159354056,2347.856699055902,2356.078857421875,4864654,0.0,0.0
2021-10-21 00:00:00+05:30,2379.6052314200115,2381.1262032591612,2307.93390080369,2324.80615234375,3254632,0.0,0.0
2021-10-22 00:00:00+05:30,2337.4010075015963,2374.710071976764,2309.8350745135745,2332.743408203125,1845622,0.0,0.0
2021-10-25 00:00:00+05:30,2332.743276901465,2341.7259219387606,2290.823957303799,2334.40673828125,1560381,0.0,0.0
2021-10-26 00:00:00+05:30,2361.23368826578,2361.23368826578,2311.6449541350376,2330.58154296875,1595060,15.0,0.0
2021-10-27 00:00:00+05:30,2347.939808631898,2348.13104012527,2286.874152390699,2292.086669921875,3083879,0.0,0.0
2021-10-28 00:00:00+05:30,2295.33819247761,2310.640447094127,2264.733683244575,2285.439453125,2015791,0.0,0.0
2021-10-29 00:00:00+05:30,2295.338481354762,2297.2512634225573,2269.515923439521,2288.787109375,2453400,0.0,0.0
2021-11-01 00:00:00+05:30,2288.6436995371564,2305.7630053128996,2264.973021909265,2302.12890625,1941114,0.0,0.0
2021-11-02 00:00:00+05:30,2309.683987305373,2322.1170688105367,2297.2509058002097,2313.413818359375,1350154,0.0,0.0
2021-11-03 00:00:00+05:30,2327.855520513036,2327.855520513036,2282.139987421276,2306.193359375,1591607,0.0,0.0
2021-11-04 00:00:00+05:30,2323.073605445549,2324.029996390566,2314.4660869403992,2317.19189453125,245719,0.0,0.0
2021-11-08 00:00:00+05:30,2342.2015473852084,2342.2015473852084,2295.434121114683,2325.84716796875,2555533,0.0,0.0
2021-11-09 00:00:00+05:30,2333.4028050465986,2339.5236140399843,2311.070981832079,2325.1298828125,1696949,0.0,0.0
2021-11-10 00:00:00+05:30,2305.9062458558487,2314.465897414041,2291.5125166132407,2295.4814453125,1794509,0.0,0.0
2021-11-11 00:00:00+05:30,2297.920285668252,2301.9849468463267,2263.0120190800817,2272.575927734375,1282647,0.0,0.0
2021-11-12 00:00:00+05:30,2283.8614864463602,2308.3451870687954,2272.576027042365,2300.072265625,1651974,0.0,0.0
2021-11-15 00:00:00+05:30,2299.2596528258,2324.030085857756,2299.2596528258,2319.009033203125,1007999,0.0,0.0
2021-11-16 00:00:00+05:30,2328.476942455262,2328.476942455262,2295.433824632148,2301.697998046875,1245209,0.0,0.0
2021-11-17 00:00:00+05:30,2299.1634945350033,2304.949705602299,2283.0960823170203,2286.873779296875,956809,0.0,0.0
2021-11-18 00:00:00+05:30,2285.774422559677,2301.4115083458737,2266.6466031240316,2294.764404296875,1236943,0.0,0.0
2021-11-22 00:00:00+05:30,2304.3283069164017,2304.8065024008197,2273.484698171434,2284.3876953125,1629290,0.0,0.0
2021-11-23 00:00:00+05:30,2283.670207343961,2295.338129469993,2234.6073081277664,2289.791015625,1932539,0.0,0.0
2021-11-24 00:00:00+05:30,2301.0766708995684,2301.0766708995684,2263.777423116907,2271.189453125,999070,0.0,0.0
2021-11-25 00:00:00+05:30,2282.9048475691793,2282.9048475691793,2238.910870615605,2246.60986328125,1363272,0.0,0.0
2021-11-26 00:00:00+05:30,2241.7805856405466,2261.8647973719676,2223.800387486969,2233.268798828125,2450902,0.0,0.0
2021-11-29 00:00:00+05:30,2232.598849085918,2240.106611134297,2185.0662675112917,2227.81689453125,1724612,0.0,0.0
2021-11-30 00:00:00+05:30,2220.73977973566,2258.039026682124,2201.611960788755,2216.48388671875,3931035,0.0,0.0
2021-12-01 00:00:00+05:30,2237.9546725255836,2253.9742198609697,2221.935125190197,2242.59326171875,1263139,0.0,0.0
2021-12-02 00:00:00+05:30,2254.2135694161757,2283.8616901849077,2242.736877505699,2279.36669921875,1673117,0.0,0.0
2021-12-03 00:00:00+05:30,2279.366349634626,2285.6783891209807,2235.9460651363106,2241.4453125,1890178,0.0,0.0
2021-12-06 00:00:00+05:30,2241.780680955994,2260.8606362132996,2200.6558647097877,2205.916015625,1079171,0.0,0.0
2021-12-07 00:00:00+05:30,2226.3827431365353,2239.5331207310815,2211.176218079319,2220.357666015625,895313,0.0,0.0
2021-12-08 00:00:00+05:30,2217.1533769134307,2242.210773749704,2217.1533769134307,2238.52880859375,839769,0.0,0.0
2021-12-09 00:00:00+05:30,2238.9110647797243,2246.179728912994,2220.3093087403663,2237.715576171875,716666,0.0,0.0
2021-12-10 00:00:00+05:30,2244.649552403631,2244.649552403631,2218.826996836993,2231.06884765625,724539,0.0,0.0
2021-12-13 00:00:00+05:30,2249.431306150964,2249.431306150964,2200.655372216568,2203.859375,1804894,0.0,0.0
2021-12-14 00:00:00+05:30,2204.4808828827445,2223.5608334132617,2203.5244920441833,2217.200927734375,1219031,0.0,0.0
2021-12-15 00:00:00+05:30,2215.0015070565105,2223.4177943693203,2200.177446884068,2219.735595703125,755122,0.0,0.0
2021-12-16 00:00:00+05:30,2219.7352965019513,2223.895690096795,2203.4766520527332,2208.78466796875,926493,0.0,0.0
2021-12-17 00:00:00+05:30,2202.5684100586045,2208.258889647212,2128.9263051630282,2132.990966796875,2439222,0.0,0.0
2021-12-20 00:00:00+05:30,2128.9264259970214,2175.1680255477527,2105.1600155796823,2170.14697265625,2175705,0.0,0.0
2021-12-21 00:00:00+05:30,2190.135164863258,2202.281282615909,2154.509603775417,2173.733154296875,1591415,0.0,0.0
2021-12-22 00:00:00+05:30,2199.698914832847,2216.340021921432,2170.0507990242304,2178.323486328125,1661605,0.0,0.0
2021-12-23 00:00:00+05:30,2198.694982824342,2204.481194915414,2175.407002705409,2200.32080078125,1423081,0.0,0.0
2021-12-24 00:00:00+05:30,2209.263175617037,2212.1323485723838,2183.7275830132294,2196.7822265625,895503,0.0,0.0
2021-12-27 00:00:00+05:30,2196.7821928178887,2207.446092234456,2178.8977283697277,2201.0380859375,584302,0.0,0.0
2021-12-28 00:00:00+05:30,2209.263002171478,2217.296592418188,2197.547213523599,2208.40234375,783710,0.0,0.0
2021-12-29 00:00:00+05:30,2213.949248395923,2220.5963520882838,2198.7905924028173,2206.25048828125,1410236,0.0,0.0
2021-12-30 00:00:00+05:30,2207.350287402718,2228.390888062536,2196.4951568465776,2224.182861328125,963711,0.0,0.0
2021-12-31 00:00:00+05:30,2237.9546473457494,2266.9812037975453,2228.390738596409,2257.225830078125,1123597,0.0,0.0
2022-01-03 00:00:00+05:30,2274.2976094111955,2274.2976094111955,2250.387836393836,2258.325927734375,879278,0.0,0.0
2022-01-04 00:00:00+05:30,2265.64221806201,2303.085062590842,2252.635441676035,2296.53369140625,1484275,0.0,0.0
2022-01-05 00:00:00+05:30,2298.972770699921,2314.4662584585913,2287.687310013616,2310.449462890625,1202512,0.0,0.0
2022-01-06 00:00:00+05:30,2293.425065445494,2306.814536219571,2264.446378428545,2287.11279296875,1198901,0.0,0.0
2022-01-07 00:00:00+05:30,2283.8616232929658,2316.2831835929114,2283.8616232929658,2310.783935546875,1026186,0.0,0.0
2022-01-10 00:00:00+05:30,2319.247980861071,2319.247980861071,2297.250989702389,2302.080810546875,919447,0.0,0.0
2022-01-11 00:00:00+05:30,2311.7401343698757,2312.8401239839895,2287.68699700874,2298.828857421875,1321335,0.0,0.0
2022-01-12 00:00:00+05:30,2302.224071763485,2310.6403581774744,2293.9035178347153,2307.91455078125,1487554,0.0,0.0
2022-01-13 00:00:00+05:30,2312.5530330342235,2316.2828638835103,2298.446268254548,2308.918701171875,1586299,0.0,0.0
2022-01-14 00:00:00+05:30,2314.4661973627603,2315.4225883534064,2257.84789741531,2260.621337890625,1596037,0.0,0.0
2022-01-17 00:00:00+05:30,2260.9081591732884,2289.791118568858,2242.736731498038,2285.343994140625,912205,0.0,0.0
2022-01-18 00:00:00+05:30,2303.6589372434755,2303.6589372434755,2254.5960326228974,2266.16845703125,1667579,0.0,0.0
2022-01-19 00:00:00+05:30,2260.9083270357823,2265.307819039248,2204.5291242088597,2209.16748046875,2145255,0.0,0.0
2022-01-20 00:00:00+05:30,2223.609400698356,2224.135462524189,2145.18532721136,2163.16552734375,2829711,0.0,0.0
2022-01-21 00:00:00+05:30,2166.034064957141,2232.551095923782,2151.879433539972,2223.9912109375,4596050,0.0,0.0
2022-01-24 00:00:00+05:30,2236.902791182685,2242.6890033659697,2167.851408463065,2184.970947265625,2231103,0.0,0.0
2022-01-25 00:00:00+05:30,2183.918639933465,2231.929416849606,2143.1762938268434,2225.7607421875,1843543,0.0,0.0
2022-01-27 00:00:00+05:30,2209.2629864597607,2224.1827779476876,2175.789304846734,2195.251953125,2620474,0.0,0.0
2022-01-28 00:00:00+05:30,2194.534473877154,2217.5833525943863,2178.706159071987,2183.96630859375,1967721,0.0,0.0
2022-01-31 00:00:00+05:30,2190.1353475896785,2211.032583932578,2171.9639189415548,2174.593994140625,1639875,0.0,0.0
2022-02-01 00:00:00+05:30,2202.8554044826365,2218.8270872481003,2179.0411288378186,2205.102783203125,1270508,0.0,0.0
2022-02-02 00:00:00+05:30,2222.7482255260975,2231.260011297233,2196.3996090411074,2226.38232421875,1246111,0.0,0.0
2022-02-03 00:00:00+05:30,2227.4344406198006,2230.2557471197497,2190.1351949417535,2197.9296875,1448039,0.0,0.0
2022-02-04 00:00:00+05:30,2205.4373025605655,2211.892940805268,2183.440312986024,2206.01123046875,1014561,0.0,0.0
2022-02-07 00:00:00+05:30,2195.1562174155656,2215.6707555609537,2139.4464473842154,2159.148193359375,1207402,0.0,0.0
2022-02-08 00:00:00+05:30,2169.094493043391,2169.094493043391,2148.579955581767,2165.603759765625,1190660,0.0,0.0
2022-02-09 00:00:00+05:30,2168.6640790158244,2180.9059283710567,2157.2352552657903,2178.323486328125,1049611,0.0,0.0
2022-02-10 00:00:00+05:30,2180.571446169297,2185.3534010951066,2157.4746972751923,2183.583984375,1195100,0.0,0.0
2022-02-11 00:00:00+05:30,2179.614478814908,2179.614478814908,2150.9227568471824,2159.5302734375,2100036,0.0,0.0
2022-02-14 00:00:00+05:30,2123.1880445317397,2138.7293984613075,2110.7549613880856,2131.365234375,1661501,0.0,0.0
2022-02-15 00:00:00+05:30,2149.9186996832555,2203.667817132562,2125.6264662238364,2190.230712890625,1533070,0.0,0.0
2022-02-16 00:00:00+05:30,2190.230942511491,2203.285585191144,2175.7893462006955,2186.787841796875,995668,0.0,0.0
2022-02-17 00:00:00+05:30,2182.484087084633,2212.1322057084817,2176.745741544533,2206.919921875,869374,0.0,0.0
2022-02-18 00:00:00+05:30,2193.9608057469195,2226.2868660613217,2193.9608057469195,2211.701904296875,890713,0.0,0.0
2022-02-21 00:00:00+05:30,2197.786478665197,2203.572690810418,2185.114298141997,2194.72607421875,737919,0.0,0.0
2022-02-22 00:00:00+05:30,2180.571493103413,2180.571493103413,2151.975495429134,2170.959716796875,902667,0.0,0.0
2022-02-23 00:00:00+05:30,2171.007619080124,2174.785316916748,2154.031678446348,2161.826171875,1324411,0.0,0.0
2022-02-24 00:00:00+05:30,2104.0599033916365,2144.228319729113,2066.091232742842,2076.70703125,2997629,0.0,0.0
2022-02-25 00:00:00+05:30,2099.2781891776654,2100.234580152234,2067.860652265537,2076.037841796875,2193728,0.0,0.0
2022-02-28 00:00:00+05:30,2069.629849514248,2084.836370999916,2027.548651095289,2077.376708984375,2334036,0.0,0.0
2022-03-02 00:00:00+05:30,2036.1084650852026,2060.831264525461,2030.4658518811332,2055.3798828125,2034688,0.0,0.0
2022-03-03 00:00:00+05:30,2063.7958117476896,2073.407586907796,1995.605327966366,1999.8133544921875,2372998,0.0,0.0
2022-03-04 00:00:00+05:30,1984.511216143093,1987.3325227395558,1889.1112191260938,1931.4315185546875,6320118,0.0,0.0
2022-03-07 00:00:00+05:30,1893.1760168612077,1893.797694371224,1842.9654885029286,1859.17626953125,2976453,0.0,0.0
2022-03-08 00:00:00+05:30,1840.622148628049,1872.613377453181,1818.6251579838083,1864.005859375,3211938,0.0,0.0
2022-03-09 00:00:00+05:30,1878.3516420470053,1919.5243151154941,1865.9185609132928,1910.7733154296875,2879079,0.0,0.0
2022-03-10 00:00:00+05:30,1962.4184754490134,2021.8104461921346,1959.645035121894,2010.285888671875,4879791,0.0,0.0
2022-03-11 00:00:00+05:30,2008.4208236669074,2018.1759638259452,1979.729097614523,2003.06494140625,2481643,0.0,0.0
2022-03-14 00:00:00+05:30,2003.6390826178827,2003.6390826178827,1956.8715408245728,1969.4959716796875,1730325,0.0,0.0
2022-03-15 00:00:00+05:30,1955.8195453728213,1990.0583890028204,1936.6917258581727,1949.3160400390625,2391023,0.0,0.0
2022-03-16 00:00:00+05:30,1970.1653438233946,1989.2931626954662,1943.4342636484507,1981.785400390625,2808685,0.0,0.0
2022-03-17 00:00:00+05:30,2006.604138021504,2024.392871301074,1991.5409791144798,2010.3818359375,2995889,0.0,0.0
2022-03-21 00:00:00+05:30,2014.6374884175434,2018.8455151002374,1956.7758373141673,1961.7490234375,1674982,0.0,0.0
2022-03-22 00:00:00+05:30,1964.1879865666933,1964.1879865666933,1883.133850541604,1906.5654296875,5356303,0.0,0.0
2022-03-23 00:00:00+05:30,1924.2584399753164,1928.6100651541528,1889.1110753286498,1892.2672119140625,3212162,0.0,0.0
2022-03-24 00:00:00+05:30,1884.0902470857336,1904.5091713380093,1866.2535318032735,1880.1690673828125,3054664,0.0,0.0
2022-03-25 00:00:00+05:30,1888.7764048815552,1890.7848024148545,1860.1802937262985,1867.8314208984375,2233647,0.0,0.0
2022-03-28 00:00:00+05:30,1874.4781846864944,1894.4190271461987,1847.0776804518591,1888.967529296875,1794533,0.0,0.0
2022-03-29 00:00:00+05:30,1893.654247098246,1907.8566306020925,1887.9637671453934,1900.3968505859375,1249125,0.0,0.0
2022-03-30 00:00:00+05:30,1912.7820071546682,1930.9534362226375,1908.0479183857399,1927.9886474609375,1476829,0.0,0.0
2022-03-31 00:00:00+05:30,1931.3358627753628,1964.426965524885,1929.9968921271752,1959.3101806640625,2540524,0.0,0.0
2022-04-01 00:00:00+05:30,1965.2874722178583,1994.8879559401926,1949.5071398759503,1987.5235595703125,1714996,0.0,0.0
2022-04-04 00:00:00+05:30,1987.380372811558,2039.4558127824587,1979.92047678269,2035.6302490234375,1693019,0.0,0.0
2022-04-05 00:00:00+05:30,2050.980342219019,2063.8916197289077,2034.2435010024963,2046.4853515625,1277652,0.0,0.0
2022-04-06 00:00:00+05:30,2041.8948477159993,2070.012650582068,2028.7923373123401,2048.637451171875,1736115,0.0,0.0
2022-04-07 00:00:00+05:30,2046.6286128138183,2080.1501597887273,2041.990257151529,2070.39501953125,1824732,0.0,0.0
2022-04-08 00:00:00+05:30,2082.732580119192,2097.8436042270364,2069.1518749693155,2087.849365234375,1693462,0.0,0.0
2022-04-11 00:00:00+05:30,2092.583095453164,2098.417172800551,2045.6242132134162,2068.72119140625,1380107,0.0,0.0
2022-04-12 00:00:00+05:30,2047.5369692446689,2070.5860809100755,2032.3304489302125,2039.2642822265625,1370233,0.0,0.0
2022-04-13 00:00:00+05:30,2044.4768287253496,2070.586347613431,2037.7820922665533,2058.296630859375,1071601,0.0,0.0
2022-04-18 00:00:00+05:30,2054.327673248312,2087.705622586501,2041.9424576712183,2082.6845703125,1828131,0.0,0.0
2022-04-19 00:00:00+05:30,2090.3838140932908,2110.6116243437027,2009.4254073233774,2020.902099609375,1775996,0.0,0.0
2022-04-20 00:00:00+05:30,2022.192725770137,2074.076929534726,2001.4390909630736,2070.538330078125,1511804,0.0,0.0
2022-04-21 00:00:00+05:30,2089.7143922842697,2107.6467240258394,2073.45574483858,2102.099609375,2244813,0.0,0.0
2022-04-22 00:00:00+05:30,2086.8450470598727,2093.539783691137,2027.5488083258158,2034.1956787109375,3520828,0.0,0.0
2022-04-25 00:00:00+05:30,2008.4210124453318,2067.7172518603847,1957.732291655045,2009.1383056640625,2437310,0.0,0.0
2022-04-26 00:00:00+05:30,2048.780653197878,2063.843810710422,2028.505211689294,2054.66259765625,1447088,0.0,0.0
2022-04-27 00:00:00+05:30,2054.1366523805605,2058.535910918236,2011.768484054207,2051.554443359375,2214481,0.0,0.0
2022-04-28 00:00:00+05:30,2132.751635753551,2151.879453114569,2070.586229330241,2144.0849609375,5865359,0.0,0.0
2022-04-29 00:00:00+05:30,2146.5237275207705,2190.1352476844413,2125.626725625001,2137.390380859375,2678692,0.0,0.0
2022-05-02 00:00:00+05:30,2123.1878756514793,2153.79238557078,2109.702670070735,2133.22998046875,1543544,0.0,0.0
2022-05-04 00:00:00+05:30,2144.180408020791,2152.6924266367005,2054.9490954930156,2076.8505859375,1608395,0.0,0.0
2022-05-05 00:00:00+05:30,2083.0194625120316,2105.9249787733856,2059.683617027448,2072.11669921875,1101451,0.0,0.0
2022-05-06 00:00:00+05:30,2032.3304865784564,2075.368073353059,2014.3502925160742,2055.47509765625,1585602,0.0,0.0
2022-05-09 00:00:00+05:30,2028.9835605743062,2046.1028665329932,2018.1284290374483,2024.344970703125,1341414,0.0,0.0
2022-05-10 00:00:00+05:30,2040.9382513645294,2102.051538595934,2026.5923873671218,2085.314697265625,2162232,0.0,0.0
2022-05-11 00:00:00+05:30,2089.714014676197,2094.209004988399,2023.7230457916858,2069.151611328125,1858636,0.0,0.0
2022-05-12 00:00:00+05:30,2070.44308419434,2070.44308419434,2017.2197866331287,2045.529052734375,1531515,0.0,0.0
2022-05-13 00:00:00+05:30,2075.368365135817,2121.2751308162406,2060.2094751542063,2098.41748046875,2057239,0.0,0.0
2022-05-16 00:00:00+05:30,2104.0601172271395,2125.052852152515,2077.5681342681028,2120.557861328125,1396818,0.0,0.0
2022-05-17 00:00:00+05:30,2140.307430559755,2177.7024138928523,2124.4314792768196,2147.097900390625,2055096,0.0,0.0
2022-05-18 00:00:00+05:30,2138.585650306476,2201.6117132527006,2138.585650306476,2191.473876953125,2137455,0.0,0.0
2022-05-19 00:00:00+05:30,2147.6713621687063,2184.20544553186,2147.5277634464946,2165.794921875,1734602,0.0,0.0
2022-05-20 00:00:00+05:30,2190.1351283408544,2245.6057997136795,2183.1534281761906,2224.517333984375,2599505,0.0,0.0
2022-05-23 00:00:00+05:30,2208.3065225596174,2283.861401417222,2205.772180147383,2276.01904296875,2363306,0.0,0.0
2022-05-24 00:00:00+05:30,2276.2104181187838,2276.2104181187838,2201.6597916695096,2208.92822265625,3078655,0.0,0.0
2022-05-25 00:00:00+05:30,2228.3430274690168,2228.3430274690168,2186.7878877592475,2198.455810546875,1884260,0.0,0.0
2022-05-26 00:00:00+05:30,2190.2784937871143,2195.8734738667704,2159.530620205212,2180.762451171875,2299127,0.0,0.0
2022-05-27 00:00:00+05:30,2196.830255020407,2233.077382635152,2181.0498026008004,2228.965087890625,1011303,0.0,0.0
2022-05-30 00:00:00+05:30,2240.058765588422,2261.864525257972,2229.3472339857644,2246.514404296875,939562,0.0,0.0
2022-05-31 00:00:00+05:30,2257.0825918941887,2264.6379868339104,2203.428967392712,2250.626953125,3123979,0.0,0.0
2022-06-01 00:00:00+05:30,2266.646674586647,2308.5366471701923,2201.6120864550467,2207.78076171875,2197599,0.0,0.0
2022-06-02 00:00:00+05:30,2194.9172504560274,2206.3460757149624,2158.717759267727,2185.162109375,1460335,0.0,0.0
2022-06-03 00:00:00+05:30,2184.3967393093203,2223.5608985977265,2166.368678076407,2192.0,1845303,0.0,0.0
2022-06-06 00:00:00+05:30,2173.111468966476,2201.5640997168684,2149.5843917028183,2181.049560546875,2131405,0.0,0.0
2022-06-07 00:00:00+05:30,2151.8796155834043,2161.300159742511,2110.802671398044,2115.154296875,2034730,0.0,0.0
2022-06-08 00:00:00+05:30,2118.405694136436,2122.1833912263055,2090.670359991986,2101.238525390625,1506843,0.0,0.0
2022-06-09 00:00:00+05:30,2101.1914127196414,2112.046545959897,2076.08614436102,2101.86083984375,1497867,0.0,0.0
2022-06-10 00:00:00+05:30,2068.6736228454997,2112.5242412580633,2068.482391354462,2103.96435546875,1641981,0.0,0.0
2022-06-13 00:00:00+05:30,2073.455368460217,2120.3185202381464,2061.9786782288875,2101.094970703125,1519441,0.0,0.0
2022-06-14 00:00:00+05:30,2095.3089139981516,2117.4014017658537,2065.8041639077614,2076.324462890625,1592475,0.0,0.0
2022-06-15 00:00:00+05:30,2082.789301611071,2082.982221503157,2056.063418783024,2071.066650390625,1432377,19.0,0.0
2022-06-16 00:00:00+05:30,2069.5712532510665,2087.903119829981,2059.9711912853027,2071.21142578125,1353485,0.0,0.0
2022-06-17 00:00:00+05:30,2084.0437078188047,2084.4295476165985,2026.1536048238381,2036.236083984375,3252189,0.0,0.0
2022-06-20 00:00:00+05:30,2036.766282954094,2125.4345077293306,2034.016409524735,2118.6806640625,2022000,0.0,0.0
2022-06-21 00:00:00+05:30,2117.8128316105085,2153.511726721939,2095.766257569525,2127.461181640625,1606187,0.0,0.0
2022-06-22 00:00:00+05:30,2112.216823256382,2146.6613870863334,2109.177687101404,2125.386962890625,1741378,0.0,0.0
2022-06-23 00:00:00+05:30,2130.355475931134,2177.9701728422433,2115.0146951228107,2173.38720703125,1585753,0.0,0.0
2022-06-24 00:00:00+05:30,2185.351312853312,2237.2594838635173,2180.575426631671,2222.88330078125,1930048,0.0,0.0
2022-06-27 00:00:00+05:30,2234.4131700196453,2249.8505296123476,2217.2390603616814,2239.044189453125,1450391,0.0,0.0
2022-06-28 00:00:00+05:30,2239.0439186360354,2242.2762096319702,2197.749175164574,2236.1494140625,1404108,0.0,0.0
2022-06-29 00:00:00+05:30,2215.453788682609,2219.0236306022935,2146.75759282334,2154.910400390625,1682914,0.0,0.0
2022-06-30 00:00:00+05:30,2146.6608976108614,2169.9135110038396,2135.5652971766485,2152.16064453125,2387212,0.0,0.0
2022-07-01 00:00:00+05:30,2147.7225227218128,2212.3664620849577,2126.110314828533,2202.091064453125,1235612,0.0,0.0
2022-07-04 00:00:00+05:30,2195.964207371933,2294.666863628068,2195.964207371933,2291.67578125,2410245,0.0,0.0
2022-07-05 00:00:00+05:30,2300.6490744106873,2327.182037105715,2288.20279704137,2317.05126953125,2463079,0.0,0.0
2022-07-06 00:00:00+05:30,2315.6040301575836,2420.867624250666,2315.6040301575836,2410.543701171875,4770394,0.0,0.0
2022-07-07 00:00:00+05:30,2416.9115324275763,2441.9972409477823,2378.800552175724,2385.988525390625,3333262,0.0,0.0
2022-07-08 00:00:00+05:30,2389.365322561726,2415.7536510953173,2366.54707157491,2409.048095703125,1346970,0.0,0.0
2022-07-11 00:00:00+05:30,2399.5448100857343,2436.2085426081544,2392.7909646210783,2403.018310546875,1587197,0.0,0.0
2022-07-12 00:00:00+05:30,2387.9663780527294,2403.0178967183715,2358.490624739828,2363.411376953125,1116476,0.0,0.0
2022-07-13 00:00:00+05:30,2377.3530834000603,2430.7567868617407,2374.844418554189,2409.916259765625,2528792,0.0,0.0
2022-07-14 00:00:00+05:30,2414.740729757407,2434.1820602498997,2381.405634314242,2409.96484375,1663307,0.0,0.0
2022-07-15 00:00:00+05:30,2441.032803717211,2483.3889703974783,2414.0657097753765,2478.178955078125,2996964,0.0,0.0
2022-07-18 00:00:00+05:30,2490.2390159187144,2513.395054811411,2443.9752269920964,2463.7060546875,1566888,0.0,0.0
2022-07-19 00:00:00+05:30,2460.280677083263,2484.449838153858,2434.037215224328,2477.647705078125,1473121,0.0,0.0
2022-07-20 00:00:00+05:30,2484.4502083420825,2525.938114733814,2446.4358022890387,2512.912841796875,4012897,0.0,0.0
2022-07-21 00:00:00+05:30,2524.973009747554,2537.4192861122265,2500.5626389274125,2515.7587890625,1990695,0.0,0.0
2022-07-22 00:00:00+05:30,2524.972965906298,2550.2515935016554,2519.2322452882445,2547.7431640625,1905780,0.0,0.0
2022-07-25 00:00:00+05:30,2552.4708555976563,2560.6719526577886,2520.148884831252,2531.341064453125,1253821,0.0,0.0
2022-07-26 00:00:00+05:30,2532.6918000537144,2532.6918000537144,2448.8477352569585,2457.53125,1685576,0.0,0.0
2022-07-27 00:00:00+05:30,2446.1938713947793,2499.4044134994037,2436.207737535609,2491.155029296875,1404133,0.0,0.0
2022-07-28 00:00:00+05:30,2532.6917082947803,2532.6917082947803,2494.09831083505,2527.964111328125,1442054,0.0,0.0
2022-07-29 00:00:00+05:30,2547.164426967478,2551.9886020185527,2504.71168651802,2544.65576171875,1463059,0.0,0.0
2022-08-01 00:00:00+05:30,2544.7522958916584,2545.2347133885096,2489.2742837537357,2501.817138671875,1559918,0.0,0.0
2022-08-02 00:00:00+05:30,2508.570866882886,2546.2960076031723,2507.606031934085,2542.581298828125,1359934,0.0,0.0
2022-08-03 00:00:00+05:30,2523.284379406797,2570.320079051604,2506.5444002854138,2533.994140625,1767904,0.0,0.0
2022-08-04 00:00:00+05:30,2541.375384786609,2550.4930284068214,2523.0435198242153,2535.5380859375,1189384,0.0,0.0
2022-08-05 00:00:00+05:30,2545.2345832120504,2564.19349564649,2535.152105154608,2552.374267578125,1176666,0.0,0.0
2022-08-08 00:00:00+05:30,2552.3745128877013,2564.531528577169,2533.705096253326,2557.150634765625,1024511,0.0,0.0
2022-08-10 00:00:00+05:30,2557.1502732675435,2582.573531567504,2538.6735435860805,2549.86572265625,1098949,0.0,0.0
2022-08-11 00:00:00+05:30,2562.650164964027,2573.938687864379,2514.9391191635236,2521.789306640625,810674,0.0,0.0
2022-08-12 00:00:00+05:30,2532.595246892143,2533.7532373134413,2494.1950031004476,2503.698486328125,1473527,0.0,0.0
2022-08-16 00:00:00+05:30,2516.2410971343484,2555.220567913131,2499.4530643180765,2551.505859375,1584117,0.0,0.0
2022-08-17 00:00:00+05:30,2557.777537697591,2599.265441930332,2551.506110313572,2590.244140625,1711381,0.0,0.0
2022-08-18 00:00:00+05:30,2590.5815672534336,2619.526612697606,2570.94708387165,2587.7353515625,1465489,0.0,0.0
2022-08-19 00:00:00+05:30,2594.4414718142707,2604.041533533438,2534.1392806694616,2541.90625,1324508,0.0,0.0
2022-08-22 00:00:00+05:30,2554.8828176098386,2573.021760858027,2527.964018096606,2534.331787109375,1410895,0.0,0.0
2022-08-23 00:00:00+05:30,2510.5489402790445,2537.22653360942,2494.3396652879346,2501.575927734375,1305045,0.0,0.0
2022-08-24 00:00:00+05:30,2485.414902383367,2518.219291622899,2471.2318753232407,2497.234130859375,1242489,0.0,0.0
2022-08-25 00:00:00+05:30,2509.728521088821,2535.971983532961,2475.235673052089,2483.677978515625,1106593,0.0,0.0
2022-08-26 00:00:00+05:30,2508.47426711545,2522.753871343265,2471.9071170994894,2481.121337890625,1048791,0.0,0.0
2022-08-29 00:00:00+05:30,2460.329134881769,2516.1929845457444,2460.329134881769,2485.221923828125,1450034,0.0,0.0
2022-08-30 00:00:00+05:30,2497.6680187346055,2573.2146373123337,2494.6771719254825,2566.316162109375,2227943,0.0,0.0
2022-09-01 00:00:00+05:30,2556.812600804034,2561.636775522532,2502.781843956854,2514.35986328125,1702269,0.0,0.0
2022-09-02 00:00:00+05:30,2523.043703289447,2530.762383834883,2494.0986512440613,2512.044677734375,937600,0.0,0.0
2022-09-05 00:00:00+05:30,2505.676158447504,2530.1828699336916,2495.1595525822204,2509.149658203125,1274074,0.0,0.0
2022-09-06 00:00:00+05:30,2500.0800690395486,2527.8673604178143,2472.871772805671,2482.61669921875,1250776,0.0,0.0
2022-09-07 00:00:00+05:30,2481.362780739642,2505.579998693296,2470.7495953947805,2474.416015625,1344964,0.0,0.0
2022-09-08 00:00:00+05:30,2489.2740436108124,2504.7114020208023,2472.8718503001987,2486.524169921875,1004533,0.0,0.0
2022-09-09 00:00:00+05:30,2506.6409801085792,2553.917888509395,2492.6025857070554,2497.66796875,1785443,0.0,0.0
2022-09-12 00:00:00+05:30,2499.8872563962973,2513.3949451610783,2483.485062896206,2489.659912109375,1595709,0.0,0.0
2022-09-13 00:00:00+05:30,2506.6411136723464,2517.2542977564094,2488.3092502544196,2495.64208984375,1342130,0.0,0.0
2022-09-14 00:00:00+05:30,2460.3291882404615,2514.3599468841735,2457.1451857093025,2480.9765625,1610054,0.0,0.0
2022-09-15 00:00:00+05:30,2489.2738942490787,2507.4128364035205,2461.293683809845,2470.363037109375,1199906,0.0,0.0
2022-09-16 00:00:00+05:30,2465.1532263375807,2473.6921096216147,2430.0813826917915,2439.247314453125,2516820,0.0,0.0
2022-09-19 00:00:00+05:30,2441.9974904889987,2496.9930878646896,2419.8545733935566,2488.55078125,1166725,0.0,0.0
2022-09-20 00:00:00+05:30,2507.220276469352,2529.314903317555,2488.8884118258147,2492.699462890625,1253333,0.0,0.0
2022-09-21 00:00:00+05:30,2491.2038363837264,2553.6768992829698,2489.2741664872246,2531.341064453125,1960049,0.0,0.0
2022-09-22 00:00:00+05:30,2530.8584279241963,2606.2601783815485,2527.915634475659,2598.05908203125,2620240,0.0,0.0
2022-09-23 00:00:00+05:30,2603.027842572275,2627.968917618823,2579.9683839239037,2587.7353515625,1789791,0.0,0.0
2022-09-26 00:00:00+05:30,2574.661600297239,2633.03410425751,2550.1066023539506,2566.9912109375,2678551,0.0,0.0
2022-09-27 00:00:00+05:30,2581.898465930298,2618.320987263956,2560.0931006580454,2585.0341796875,1898501,0.0,0.0
2022-09-28 00:00:00+05:30,2576.060740744543,2613.496379746403,2558.7902912851227,2607.080322265625,1526197,0.0,0.0
2022-09-29 00:00:00+05:30,2615.763771245413,2631.104550640861,2596.467074871076,2605.584716796875,2019666,0.0,0.0
2022-09-30 00:00:00+05:30,2611.808206210803,2619.430308083603,2574.0830654933156,2601.629150390625,1340054,0.0,0.0
2022-10-03 00:00:00+05:30,2627.2454490697987,2637.858633035927,2525.5036553419463,2530.279541015625,1683197,0.0,0.0
2022-10-04 00:00:00+05:30,2556.812849980733,2582.3809784805403,2541.5201204105633,2574.131591796875,1327939,0.0,0.0
2022-10-06 00:00:00+05:30,2587.012053917133,2597.6252385942917,2513.443387405008,2522.07861328125,1752351,0.0,0.0
2022-10-07 00:00:00+05:30,2520.0521887044974,2521.113601319864,2484.4498750090506,2508.28125,1025923,0.0,0.0
2022-10-10 00:00:00+05:30,2479.6256607378677,2518.8943935458674,2452.6102838893617,2513.973876953125,1043728,0.0,0.0
2022-10-11 00:00:00+05:30,2518.2193503072804,2518.750056668429,2455.5050752996276,2460.956298828125,1129783,0.0,0.0
2022-10-12 00:00:00+05:30,2473.306061694412,2513.0091605175007,2464.38133856486,2500.22509765625,882873,0.0,0.0
2022-10-13 00:00:00+05:30,2492.1684525665682,2515.4691202993044,2472.775177586927,2476.152099609375,753331,0.0,0.0
2022-10-14 00:00:00+05:30,2498.9225330759928,2532.5951787782897,2479.8187538587704,2485.221923828125,1001536,0.0,0.0
2022-10-17 00:00:00+05:30,2483.099220374878,2518.170828045234,2477.6960506528526,2499.453125,778918,0.0,0.0
2022-10-18 00:00:00+05:30,2527.8672734382503,2549.093639856434,2505.6760721828764,2510.741455078125,1123374,0.0,0.0
2022-10-19 00:00:00+05:30,2523.333164678172,2525.4557546865926,2487.730609840448,2492.1689453125,1241979,0.0,0.0
2022-10-20 00:00:00+05:30,2477.8408633424765,2518.219301537573,2477.8408633424765,2509.439208984375,1428125,0.0,0.0
2022-10-21 00:00:00+05:30,2514.3596987555347,2572.973417749932,2514.3596987555347,2560.5751953125,2458302,0.0,0.0
2022-10-24 00:00:00+05:30,2518.3155894231236,2547.1640578255838,2460.3289194906206,2482.61669921875,719908,0.0,0.0
2022-10-25 00:00:00+05:30,2495.063153629689,2495.063153629689,2412.0873488299394,2417.29736328125,2923789,0.0,0.0
2022-10-27 00:00:00+05:30,2406.298316195353,2441.032373686545,2400.5093066134878,2430.419189453125,1846329,0.0,0.0
2022-10-28 00:00:00+05:30,2437.2696580177985,2461.197376300099,2423.66539101961,2435.484619140625,1164951,0.0,0.0
2022-10-31 00:00:00+05:30,2455.5046389782524,2481.5551793524814,2452.658423344736,2461.004150390625,1324443,0.0,0.0
2022-11-01 00:00:00+05:30,2495.2916647093384,2501.945223130547,2474.5057565956936,2478.585205078125,1280132,17.0,0.0
2022-11-02 00:00:00+05:30,2490.435140350076,2490.435140350076,2429.631129822591,2446.04638671875,1338284,0.0,0.0
2022-11-03 00:00:00+05:30,2443.5207559784367,2475.865376587391,2436.333167903498,2473.29150390625,730444,0.0,0.0
2022-11-04 00:00:00+05:30,2471.9313991695462,2472.9513204720097,2443.083585552719,2448.037353515625,889055,0.0,0.0
2022-11-07 00:00:00+05:30,2458.4789499902163,2478.779202049208,2444.783405782859,2460.130126953125,1283685,0.0,0.0
2022-11-09 00:00:00+05:30,2437.9843704460227,2471.882942734531,2421.1320728716605,2436.81884765625,1436444,0.0,0.0
2022-11-10 00:00:00+05:30,2432.1565444856333,2465.1810343069237,2429.291231766548,2441.481201171875,1459152,0.0,0.0
2022-11-11 00:00:00+05:30,2471.980232515155,2473.7286353130676,2423.4148055502205,2431.23388671875,1162847,0.0,0.0
2022-11-14 00:00:00+05:30,2434.8760970018816,2441.626643377385,2384.7078727191983,2387.281982421875,2137131,0.0,0.0
2022-11-15 00:00:00+05:30,2387.2821626436676,2398.1607707988937,2374.0236588710927,2386.99072265625,1558333,0.0,0.0
2022-11-16 00:00:00+05:30,2392.8670771083102,2411.758979804861,2358.4342385773343,2406.7568359375,1330395,0.0,0.0
2022-11-17 00:00:00+05:30,2408.796502746702,2426.328668857978,2383.8339213549607,2389.4189453125,960476,0.0,0.0
2022-11-18 00:00:00+05:30,2399.1320853199595,2417.1499061004483,2378.5890046259215,2412.43896484375,1075675,0.0,0.0
2022-11-21 00:00:00+05:30,2412.4392320817356,2439.927314138743,2399.1809639432636,2429.63134765625,1354881,0.0,0.0
2022-11-22 00:00:00+05:30,2434.002124392412,2451.5829048959818,2425.357572712071,2443.52099609375,921265,0.0,0.0
2022-11-23 00:00:00+05:30,2448.6686662240877,2452.553900125276,2430.2138051934417,2435.410400390625,734152,0.0,0.0
2022-11-24 00:00:00+05:30,2444.7835126753157,2486.5497784858194,2439.101263053726,2476.010986328125,999929,0.0,0.0
2022-11-25 00:00:00+05:30,2481.69299444503,2482.081422955772,2445.948797430551,2464.646484375,783480,0.0,0.0
2022-11-28 00:00:00+05:30,2454.496693824234,2469.551976275471,2449.4459368161556,2452.748291015625,830905,0.0,0.0
2022-11-29 00:00:00+05:30,2454.6906040034614,2564.2056289119782,2454.6906040034614,2558.62060546875,2542932,0.0,0.0
2022-11-30 00:00:00+05:30,2558.4267936493156,2620.5905426218123,2547.742399294668,2607.332275390625,3698270,0.0,0.0
2022-12-01 00:00:00+05:30,2603.1068207910603,2606.020746336722,2570.908038365846,2586.448974609375,1675569,0.0,0.0
2022-12-02 00:00:00+05:30,2583.6807509720907,2583.6807509720907,2532.346999091847,2540.069091796875,2101890,0.0,0.0
2022-12-05 00:00:00+05:30,2525.40204899754,2549.6847610071322,2510.978023209499,2544.6826171875,1640511,0.0,0.0
2022-12-06 00:00:00+05:30,2532.0069831526735,2583.631933807694,2529.141670575092,2578.386962890625,1484562,0.0,0.0
2022-12-07 00:00:00+05:30,2583.729660168501,2641.7653528664932,2580.0386398165942,2629.672607421875,2368561,0.0,0.0
2022-12-08 00:00:00+05:30,2617.7249029231166,2633.2658382259624,2608.6916868511667,2627.826416015625,1314703,0.0,0.0
2022-12-09 00:00:00+05:30,2646.5241896182406,2662.939445345666,2633.4601378828406,2644.14453125,1883397,0.0,0.0
2022-12-12 00:00:00+05:30,2624.669845229119,2645.8444184722607,2611.5085673062404,2639.2880859375,1163204,0.0,0.0
2022-12-13 00:00:00+05:30,2639.0455622264926,2641.959488132521,2620.3964838550896,2632.537841796875,1265839,0.0,0.0
2022-12-14 00:00:00+05:30,2641.95914162603,2641.95914162603,2594.705077568573,2607.623291015625,886858,0.0,0.0
2022-12-15 00:00:00+05:30,2591.7914152323087,2606.2638186160516,2572.4622316797563,2586.837646484375,990722,0.0,0.0
2022-12-16 00:00:00+05:30,2591.4511286008637,2610.5858589973172,2577.1729407992398,2594.656494140625,1793864,0.0,0.0
2022-12-19 00:00:00+05:30,2594.6564836011225,2641.9591608554415,2594.6564836011225,2640.11376953125,1546941,0.0,0.0
2022-12-20 00:00:00+05:30,2628.360590735317,2628.409203583601,2577.1240714591577,2597.81298828125,827567,0.0,0.0
2022-12-21 00:00:00+05:30,2610.828842411484,2617.8222167394883,2574.064955049459,2589.702880859375,779092,0.0,0.0
2022-12-22 00:00:00+05:30,2599.707338403526,2611.363041022933,2566.1971933727314,2569.451171875,852567,0.0,0.0
2022-12-23 00:00:00+05:30,2556.4838959965264,2573.5304070919115,2533.2211055402945,2545.896728515625,1189702,0.0,0.0
2022-12-26 00:00:00+05:30,2545.7511424861486,2562.1663995579383,2531.9586082552355,2542.3515625,605144,0.0,0.0
2022-12-27 00:00:00+05:30,2549.6847472103054,2559.300606259727,2501.3621505727006,2518.845703125,870960,0.0,0.0
2022-12-28 00:00:00+05:30,2518.603106036366,2528.413417385499,2504.1307032895065,2509.472900390625,822651,0.0,0.0
2022-12-29 00:00:00+05:30,2506.218813021492,2509.181351439739,2466.5407650572024,2494.368896484375,1345863,0.0,0.0
2022-12-30 00:00:00+05:30,2505.9272151264026,2512.240720119367,2481.8873307301155,2487.569580078125,696432,0.0,0.0
2023-01-02 00:00:00+05:30,2500.0508874242723,2506.0245770623387,2465.2296195054396,2484.99560546875,681703,0.0,0.0
2023-01-03 00:00:00+05:30,2476.885458770579,2488.4925487193577,2462.2672174096692,2469.114990234375,821843,0.0,0.0
2023-01-04 00:00:00+05:30,2477.322441539003,2484.995684182461,2454.5453036087624,2463.335693359375,1672649,0.0,0.0
2023-01-05 00:00:00+05:30,2464.743790228603,2517.582874743496,2464.6951773792184,2509.569580078125,2008493,0.0,0.0
2023-01-06 00:00:00+05:30,2505.9757802867944,2536.960424731349,2501.022012378399,2502.527587890625,991782,0.0,0.0
2023-01-09 00:00:00+05:30,2515.0578483159115,2554.0071782624796,2496.262933321573,2548.76220703125,1267078,0.0,0.0
2023-01-10 00:00:00+05:30,2548.7621843882266,2577.2215716195046,2540.069020510052,2567.994140625,1413088,0.0,0.0
2023-01-11 00:00:00+05:30,2568.1396082377323,2571.8792407213177,2513.8435593324352,2518.845703125,1471687,0.0,0.0
2023-01-12 00:00:00+05:30,2511.901171569112,2527.927762870993,2498.934107388693,2515.73779296875,1703829,0.0,0.0
2023-01-13 00:00:00+05:30,2515.8833467862455,2563.526078363744,2493.008983115643,2548.713623046875,1348015,0.0,0.0
2023-01-16 00:00:00+05:30,2552.5501747444528,2552.5501747444528,2509.8612127671695,2522.58544921875,930068,0.0,0.0
2023-01-17 00:00:00+05:30,2530.6958045755873,2598.25036139914,2527.150623235879,2591.01416015625,1892865,0.0,0.0
2023-01-18 00:00:00+05:30,2591.4508960775447,2616.2192610887805,2583.6804286230395,2609.128662109375,2038075,0.0,0.0
2023-01-19 00:00:00+05:30,2593.4908315246653,2602.4268219902197,2536.9604890598243,2573.724609375,1649842,0.0,0.0
2023-01-20 00:00:00+05:30,2476.836938488536,2530.258911671622,2463.2872308992764,2475.622802734375,4569549,0.0,0.0
2023-01-23 00:00:00+05:30,2486.549739187769,2529.2873128300585,2478.779271252807,2521.9052734375,1388360,0.0,0.0
2023-01-24 00:00:00+05:30,2529.287519452389,2535.1153708796987,2506.7532080273013,2525.887939453125,1462462,0.0,0.0
2023-01-25 00:00:00+05:30,2525.8878972038924,2566.197202235218,2519.5743915965763,2547.111083984375,1591810,0.0,0.0
2023-01-27 00:00:00+05:30,2559.88351716354,2570.6165233707,2504.227493438333,2537.203369140625,1581382,0.0,0.0
2023-01-30 00:00:00+05:30,2535.1154238625168,2535.1154238625168,2457.6049508321867,2494.466064453125,2744039,0.0,0.0
2023-01-31 00:00:00+05:30,2494.3198994008926,2515.882897833033,2468.2887876030313,2502.81884765625,2366794,0.0,0.0
2023-02-01 00:00:00+05:30,2525.5960303139223,2528.315741235311,2473.776869946595,2500.390625,2014615,0.0,0.0
2023-02-02 00:00:00+05:30,2495.7773324724762,2564.0117584721615,2489.463826863964,2559.25244140625,1980667,0.0,0.0
2023-02-03 00:00:00+05:30,2564.2547118334123,2581.203999528012,2555.6585358427965,2572.753662109375,1638238,0.0,0.0
2023-02-06 00:00:00+05:30,2555.512852555766,2569.1111725617643,2525.159459685235,2561.923583984375,1697446,0.0,0.0
2023-02-07 00:00:00+05:30,2569.1109867506875,2569.645253853744,2520.8370016479894,2526.567626953125,1495745,0.0,0.0
2023-02-08 00:00:00+05:30,2518.311660688477,2532.687074829932,2504.3735251085245,2508.69580078125,1061956,0.0,0.0
2023-02-09 00:00:00+05:30,2512.775326723437,2525.30511270199,2492.377846297773,2512.48388671875,1102484,0.0,0.0
2023-02-10 00:00:00+05:30,2510.832665873545,2512.435230167622,2482.0334614849,2503.5478515625,1523011,0.0,0.0
2023-02-13 00:00:00+05:30,2486.550029058504,2516.4177686653593,2476.8369430074945,2506.947509765625,1146525,0.0,0.0
2023-02-14 00:00:00+05:30,2510.8326178336224,2527.3448632893947,2496.4572037743624,2505.587646484375,1944364,0.0,0.0
2023-02-15 00:00:00+05:30,2476.8366302624786,2498.011202607189,2464.2096199905523,2475.3310546875,2009134,0.0,0.0
2023-02-16 00:00:00+05:30,2486.549704076958,2488.395095331109,2450.465688967841,2454.59375,1982857,0.0,0.0
2023-02-17 00:00:00+05:30,2452.5538463285443,2473.1941509758635,2434.9730684569568,2443.326416015625,1395341,0.0,0.0
2023-02-20 00:00:00+05:30,2445.7546959487013,2470.037407385841,2436.2358256381717,2439.392578125,632091,0.0,0.0
2023-02-21 00:00:00+05:30,2455.467864139373,2470.960187136656,2440.2183682647305,2443.957763671875,862797,0.0,0.0
2023-02-22 00:00:00+05:30,2443.95771832094,2451.145543299232,2411.5161101925296,2422.491943359375,885515,0.0,0.0
2023-02-23 00:00:00+05:30,2420.500814471938,2443.714993079019,2408.9423380212224,2419.189453125,757215,0.0,0.0
2023-02-24 00:00:00+05:30,2420.6952735776526,2439.198750049507,2401.0262741994534,2412.9248046875,732783,0.0,0.0
2023-02-27 00:00:00+05:30,2415.6442208756835,2415.6442208756835,2385.533657607832,2397.3349609375,853991,0.0,0.0
2023-02-28 00:00:00+05:30,2398.889295643876,2403.357409836201,2365.767579175412,2390.05029296875,1780454,0.0,0.0
2023-03-01 00:00:00+05:30,2387.4764504403192,2399.132153208946,2377.7633647997973,2395.48974609375,967339,0.0,0.0
2023-03-02 00:00:00+05:30,2395.4895112056997,2399.131917963742,2373.87789777465,2384.90234375,827174,0.0,0.0
2023-03-03 00:00:00+05:30,2395.2464854025447,2418.460661027172,2385.1933487299143,2400.10302734375,1176008,0.0,0.0
2023-03-06 00:00:00+05:30,2410.738971403348,2427.154226567164,2404.5713049983133,2413.555908203125,1214503,0.0,0.0
2023-03-08 00:00:00+05:30,2415.6442194053034,2429.630966834608,2396.4122638381127,2413.798828125,1448340,0.0,0.0
2023-03-09 00:00:00+05:30,2413.5559376999427,2420.452085530188,2386.407676354123,2390.778564453125,1038910,0.0,0.0
2023-03-10 00:00:00+05:30,2379.7059766303514,2399.617802149095,2374.9466595314425,2394.712646484375,772024,0.0,0.0
2023-03-13 00:00:00+05:30,2395.2465908718,2417.1010305695354,2374.8491138205804,2384.659423828125,1314549,0.0,0.0
2023-03-14 00:00:00+05:30,2391.361442383381,2401.0745270396906,2369.7498290230924,2372.372314453125,1250763,0.0,0.0
2023-03-15 00:00:00+05:30,2381.551168383849,2388.9332076896835,2324.3411937391393,2337.0654296875,1738040,0.0,0.0
2023-03-16 00:00:00+05:30,2355.374684493155,2398.452314703152,2338.668224409237,2388.787841796875,1628035,0.0,0.0
2023-03-17 00:00:00+05:30,2400.734405397542,2411.9530652811313,2369.798373935592,2377.18017578125,2127178,0.0,0.0
2023-03-20 00:00:00+05:30,2377.18013354626,2444.4432416678346,2355.422919780767,2439.149658203125,1561128,0.0,0.0
2023-03-21 00:00:00+05:30,2442.841054307556,2450.854350012541,2388.204947228113,2391.944580078125,1595161,0.0,0.0
2023-03-22 00:00:00+05:30,2401.657641725978,2410.204967350313,2383.979636214855,2405.300048828125,1063244,0.0,0.0
2023-03-23 00:00:00+05:30,2403.988517502262,2428.319842652033,2395.246741074981,2413.798828125,1578627,0.0,0.0
2023-03-24 00:00:00+05:30,2401.268966012663,2426.231548488167,2399.132134615485,2409.622314453125,1449326,0.0,0.0
2023-03-27 00:00:00+05:30,2413.701729226847,2433.127900085816,2393.30424982493,2427.300048828125,1387736,0.0,0.0
2023-03-28 00:00:00+05:30,2437.7900257438105,2441.383819626613,2400.9772927466224,2411.564697265625,1412387,0.0,0.0
2023-03-29 00:00:00+05:30,2413.7017364433154,2466.9294921832043,2408.893806568521,2458.236328125,2613254,0.0,0.0
2023-03-31 00:00:00+05:30,2485.384316927672,2494.7573493988975,2444.3465314866853,2486.889892578125,2146167,0.0,0.0
2023-04-03 00:00:00+05:30,2496.2629581475157,2496.2629581475157,2442.889601080447,2463.335693359375,918048,0.0,0.0
2023-04-05 00:00:00+05:30,2440.412789546858,2514.2808539471844,2430.2140495308417,2508.647216796875,1489612,0.0,0.0
2023-04-06 00:00:00+05:30,2501.119427950035,2510.832513107123,2479.7506406044427,2491.649169921875,797414,0.0,0.0
2023-04-10 00:00:00+05:30,2491.649186231631,2495.2429803361038,2452.554018218446,2459.498779296875,853322,0.0,0.0
2023-04-11 00:00:00+05:30,2467.1237258978513,2481.6933542003976,2460.324566023329,2474.6513671875,913184,0.0,0.0
2023-04-12 00:00:00+05:30,2482.664567794482,2482.664567794482,2446.3860998544055,2456.390625,1109809,0.0,0.0
2023-04-13 00:00:00+05:30,2452.554009207496,2488.8324772277447,2452.554009207496,2463.4326171875,1261711,0.0,0.0
2023-04-17 00:00:00+05:30,2499.1766236353105,2505.0044742928358,2468.4831819846722,2478.633544921875,1566977,0.0,0.0
2023-04-18 00:00:00+05:30,2486.5498036585013,2486.5498036585013,2457.410548146878,2468.1435546875,1474786,0.0,0.0
2023-04-19 00:00:00+05:30,2474.8942092692814,2474.8942092692814,2438.227311153145,2458.96484375,1320243,0.0,0.0
2023-04-20 00:00:00+05:30,2445.5606677986057,2459.7416300755954,2408.8451578843237,2421.083740234375,1401364,0.0,0.0
2023-04-21 00:00:00+05:30,2420.5007911272555,2437.498689941351,2414.3328872746515,2426.280029296875,1206288,0.0,0.0
2023-04-24 00:00:00+05:30,2430.2137643451847,2433.0304640218587,2404.085661653209,2428.0283203125,1735797,0.0,0.0
2023-04-25 00:00:00+05:30,2419.383782854685,2428.028333331536,2406.9509870860225,2418.9951171875,1701098,0.0,0.0
2023-04-26 00:00:00+05:30,2418.558210006245,2445.75484851234,2410.981956138088,2438.761474609375,1245903,0.0,0.0
2023-04-27 00:00:00+05:30,2441.8209428080922,2449.640023617549,2386.5049714624574,2398.112060546875,2743893,0.0,0.0
2023-04-28 00:00:00+05:30,2366.156323449643,2396.9953709912425,2349.5954646654814,2386.796630859375,3761927,0.0,0.0
2023-05-02 00:00:00+05:30,2400.88057487928,2406.9026405964532,2379.7060005897138,2381.357177734375,1760370,0.0,0.0
2023-05-03 00:00:00+05:30,2386.4565344263206,2418.5583299681343,2382.27986016426,2414.673095703125,1258140,0.0,0.0
2023-05-04 00:00:00+05:30,2415.5956805623323,2437.353133729463,2408.9907351877414,2434.82763671875,1150227,0.0,0.0
2023-05-05 00:00:00+05:30,2428.271274477032,2447.697444672848,2423.123291947967,2428.999755859375,1354871,0.0,0.0
2023-05-08 00:00:00+05:30,2433.856163985499,2454.350867264501,2425.50281640831,2444.103515625,972810,0.0,0.0
2023-05-09 00:00:00+05:30,2452.554155538672,2452.554155538672,2428.3200539833974,2443.6181640625,1651327,0.0,0.0
2023-05-10 00:00:00+05:30,2448.6688912268187,2462.267211130498,2433.9536613282608,2450.320068359375,2025658,0.0,0.0
2023-05-11 00:00:00+05:30,2464.161250429294,2524.430995143368,2451.1944231897915,2518.020263671875,1749356,0.0,0.0
2023-05-12 00:00:00+05:30,2519.5739988828755,2564.2541854474907,2512.1919601613417,2548.13037109375,2170011,0.0,0.0
2023-05-15 00:00:00+05:30,2562.2633655289997,2594.122333688169,2547.7909628557077,2585.8662109375,1561055,0.0,0.0
2023-05-16 00:00:00+05:30,2593.393642398704,2601.5525387788725,2574.5503527352444,2599.124267578125,1477905,0.0,0.0
2023-05-17 00:00:00+05:30,2595.336528188692,2597.279145350509,2571.1024265221904,2585.380615234375,839404,0.0,0.0
2023-05-18 00:00:00+05:30,2589.0229778177727,2592.6167720780572,2546.6254538457333,2552.161865234375,1434067,0.0,0.0
2023-05-19 00:00:00+05:30,2553.230045318208,2572.996268547391,2526.0334067680656,2565.662841796875,1174757,0.0,0.0
2023-05-22 00:00:00+05:30,2559.3980283292326,2579.2612407424112,2547.790938588084,2562.4091796875,768232,0.0,0.0
2023-05-23 00:00:00+05:30,2556.483930683496,2573.773269131248,2549.6847712933804,2552.89013671875,703864,0.0,0.0
2023-05-24 00:00:00+05:30,2544.8282510187114,2562.3118038883053,2533.1725491056486,2539.923095703125,628872,0.0,0.0
2023-05-25 00:00:00+05:30,2535.1151401873376,2550.8016773307045,2506.510152795154,2522.73095703125,1072231,0.0,0.0
2023-05-26 00:00:00+05:30,2529.0445552827287,2580.475293914977,2528.4132995999917,2576.250244140625,947073,0.0,0.0
2023-05-29 00:00:00+05:30,2593.3937637330823,2602.6698075810996,2569.1596634429757,2574.259033203125,698267,0.0,0.0
2023-05-30 00:00:00+05:30,2579.3099125567524,2588.5373439893597,2574.7934225519866,2580.329833984375,948051,0.0,0.0
2023-05-31 00:00:00+05:30,2580.329766146758,2603.106904130727,2562.311945185395,2591.01416015625,3388305,0.0,0.0
2023-06-01 00:00:00+05:30,2590.4800669610822,2652.8866452521393,2578.3387093169076,2620.493408203125,1541080,0.0,0.0
2023-06-02 00:00:00+05:30,2632.246186352982,2659.637040200771,2614.4225794987865,2638.75390625,1509260,0.0,0.0
2023-06-05 00:00:00+05:30,2638.5110398064116,2643.9018496382496,2607.1377264926405,2618.45361328125,1000190,0.0,0.0
2023-06-06 00:00:00+05:30,2622.532942633324,2630.2061849074244,2593.5392891354213,2613.936767578125,655372,0.0,0.0
2023-06-07 00:00:00+05:30,2612.8198314600936,2648.7582454987637,2602.475490922226,2638.26806640625,1428490,0.0,0.0
2023-06-08 00:00:00+05:30,2629.3320763569213,2643.464662280951,2598.1529790455925,2603.009521484375,923536,0.0,0.0
2023-06-09 00:00:00+05:30,2611.8000010638484,2611.8000010638484,2544.9255516502453,2560.5634765625,1413808,0.0,0.0
2023-06-12 00:00:00+05:30,2569.1110443884413,2580.7667466692205,2557.455342107662,2567.60546875,775484,0.0,0.0
2023-06-13 00:00:00+05:30,2554.152874648962,2619.6189713667804,2552.1130319859903,2599.124267578125,1787924,0.0,0.0
2023-06-14 00:00:00+05:30,2594.365036439034,2624.5728260269093,2575.9101747047243,2621.31884765625,1536248,0.0,0.0
2023-06-15 00:00:00+05:30,2636.082796835211,2639.5309896214135,2601.3099032522136,2612.528564453125,1830192,0.0,0.0
2023-06-16 00:00:00+05:30,2612.528478059233,2645.8444077127456,2606.214972681064,2637.73388671875,1748145,0.0,0.0
2023-06-19 00:00:00+05:30,2645.9105831605793,2655.115357806029,2619.471062159345,2627.5498046875,1068263,22.0,0.0
2023-06-20 00:00:00+05:30,2614.5751144982178,2624.75913167469,2593.129818738701,2620.548583984375,1129279,0.0,0.0
2023-06-21 00:00:00+05:30,2630.1938511875455,2650.6601434757313,2613.057123686089,2621.0380859375,1201840,0.0,0.0
2023-06-22 00:00:00+05:30,2613.2527179688723,2622.408721569049,2593.716897973353,2599.249755859375,830052,0.0,0.0
2023-06-23 00:00:00+05:30,2596.263243930905,2605.3212285286786,2572.9082366632615,2586.7646484375,991214,0.0,0.0
2023-06-26 00:00:00+05:30,2587.302742877286,2618.6874796663687,2587.302742877286,2597.04638671875,758700,0.0,0.0
2023-06-27 00:00:00+05:30,2597.046687043554,2606.3494820431533,2581.2808019941194,2596.312255859375,687747,0.0,0.0
2023-06-28 00:00:00+05:30,2597.878595685578,2631.809455877405,2587.155949462776,2606.00634765625,1397573,0.0,0.0
2023-06-30 00:00:00+05:30,2610.6089649553714,2630.1447860824055,2596.3121817550073,2622.5556640625,1160181,0.0,0.0
2023-07-03 00:00:00+05:30,2631.222076989915,2649.6808760619433,2604.2439241433526,2644.98046875,980665,0.0,0.0
2023-07-04 00:00:00+05:30,2644.980399865309,2650.513018917243,2619.4711100260415,2643.9521484375,721907,0.0,0.0
2023-07-05 00:00:00+05:30,2643.903078183771,2702.118938382577,2640.1331417980614,2698.642822265625,1717547,0.0,0.0
2023-07-06 00:00:00+05:30,2702.608628411024,2707.6028558900043,2678.8620210854065,2699.866943359375,1265020,0.0,0.0
2023-07-07 00:00:00+05:30,2695.949834540384,2712.156089898453,2635.1388425449113,2642.091552734375,1178930,0.0,0.0
2023-07-10 00:00:00+05:30,2653.6466923210864,2655.066783886427,2595.969458229397,2601.404296875,1518183,0.0,0.0
2023-07-11 00:00:00+05:30,2601.942803095386,2660.3544655862215,2591.073126324153,2628.77392578125,2476367,0.0,0.0
2023-07-12 00:00:00+05:30,2648.7994793681614,2648.7994793681614,2587.645890157032,2618.149169921875,2395826,0.0,0.0
2023-07-13 00:00:00+05:30,2629.2145865755206,2631.6626904828463,2596.1651838266184,2599.592529296875,1495067,0.0,0.0
2023-07-14 00:00:00+05:30,2599.886249197644,2630.732357238972,2596.0182929879415,2621.33154296875,1419016,0.0,0.0
2023-07-17 00:00:00+05:30,2614.5749042514813,2647.0856754710912,2614.5749042514813,2626.031982421875,912701,0.0,0.0
2023-07-18 00:00:00+05:30,2629.8022893617713,2645.029543840136,2621.7235462764575,2627.109375,1215904,0.0,0.0
2023-07-19 00:00:00+05:30,2627.060293461297,2640.9164658976483,2605.663769759504,2616.141845703125,1166542,0.0,0.0
2023-07-20 00:00:00+05:30,2613.644510800883,2659.9136705678807,2603.0196451512625,2647.134521484375,1430764,0.0,0.0
2023-07-21 00:00:00+05:30,2594.989932480679,2620.7930412119435,2538.1939264112902,2549.94482421875,5198952,0.0,0.0
2023-07-24 00:00:00+05:30,2549.944974899477,2551.8544480914975,2521.5469701866946,2526.68798828125,1777469,0.0,0.0
2023-07-25 00:00:00+05:30,2526.6390199155194,2532.9063093297573,2509.1106916579147,2514.839111328125,1653775,0.0,0.0
2023-07-26 00:00:00+05:30,2525.9533951121034,2544.852803471565,2518.90290427774,2529.674560546875,1300033,0.0,0.0
2023-07-27 00:00:00+05:30,2507.8375232018375,2529.3808365600726,2500.00359107157,2516.50390625,2276136,0.0,0.0
2023-07-28 00:00:00+05:30,2516.650489178599,2539.907473271203,2511.950082473781,2530.947509765625,966450,0.0,0.0
2023-07-31 00:00:00+05:30,2521.595792495376,2529.2826945832453,2500.982711758954,2507.6416015625,2003252,0.0,0.0
2023-08-01 00:00:00+05:30,2516.6506349799693,2520.3718004648936,2492.1695976747164,2498.14306640625,1758897,0.0,0.0
2023-08-02 00:00:00+05:30,2485.3148389167927,2520.028901046949,2483.356355986204,2515.622314453125,2082908,0.0,0.0
2023-08-03 00:00:00+05:30,2504.85072748242,2507.8864717376846,2484.5314665166425,2498.3388671875,1475310,0.0,0.0
2023-08-04 00:00:00+05:30,2498.3391983336523,2505.8303011138187,2482.4265219741746,2493.149169921875,1359318,0.0,0.0
2023-08-07 00:00:00+05:30,2487.2736251814163,2520.5678390617977,2486.04957320052,2515.867431640625,803823,0.0,0.0
2023-08-08 00:00:00+05:30,2515.8674741237273,2531.53533974377,2502.5009218956916,2512.587158203125,1002061,0.0,0.0
2023-08-09 00:00:00+05:30,2512.587250777557,2515.622756409687,2488.253000460789,2499.220458984375,1212549,0.0,0.0
2023-08-10 00:00:00+05:30,2496.135720959627,2498.436795158649,2475.1310375256667,2484.0419921875,1313334,0.0,0.0
2023-08-11 00:00:00+05:30,2482.3774727435025,2483.9931257653375,2447.1247749057247,2449.86669921875,1472199,0.0,0.0
2023-08-14 00:00:00+05:30,2449.866537623578,2487.2735167139604,2436.4509763125234,2480.516845703125,1060479,0.0,0.0
2023-08-16 00:00:00+05:30,2481.398072201579,2502.011154514862,2471.9972577512376,2499.612060546875,1155882,0.0,0.0
2023-08-17 00:00:00+05:30,2499.612303783464,2507.4950077206786,2480.419072026596,2490.456298828125,1532873,0.0,0.0
2023-08-18 00:00:00+05:30,2479.5375602514805,2514.4474249769883,2479.5375602514805,2501.71728515625,1970819,0.0,0.0
2023-08-21 00:00:00+05:30,2501.7173371709923,2521.448958674334,2486.3432927285157,2509.55126953125,977004,0.0,0.0
2023-08-22 00:00:00+05:30,2520.175973169379,2521.546815614837,2500.0035030154095,2512.537841796875,960025,0.0,0.0
2023-08-23 00:00:00+05:30,2521.5469308544402,2529.8704838300764,2509.3064117726226,2520.61669921875,1136112,0.0,0.0
2023-08-24 00:00:00+05:30,2531.3393921194006,2537.949272543697,2513.664034429532,2527.667236328125,1143934,0.0,0.0
2023-08-25 00:00:00+05:30,2513.7128078518895,2527.128367932796,2498.53456534246,2510.33447265625,802955,0.0,0.0
2023-08-28 00:00:00+05:30,2511.754454728234,2514.6921792366884,2486.2941756549653,2502.6474609375,619841,0.0,0.0
2023-08-29 00:00:00+05:30,2505.7810981535545,2505.7810981535545,2469.7452004940874,2473.7109375,958564,0.0,0.0
2023-08-30 00:00:00+05:30,2473.71097612608,2483.3566011404832,2467.688736149061,2479.390625,1227377,0.0,0.0
2023-08-31 00:00:00+05:30,2479.4885938960033,2487.077715845464,2439.3887005711244,2453.049072265625,3235414,0.0,0.0
2023-09-01 00:00:00+05:30,2453.049009597962,2462.3027941176615,2448.103792123346,2452.80419921875,813413,0.0,0.0
2023-09-04 00:00:00+05:30,2461.813393359617,2461.813393359617,2440.270078063709,2449.474853515625,1143301,0.0,0.0
2023-09-05 00:00:00+05:30,2457.8962831086596,2471.0670341020236,2450.1603705159805,2455.007568359375,844088,0.0,0.0
2023-09-06 00:00:00+05:30,2461.2745417418846,2473.662090368736,2455.3990926431006,2471.115966796875,1094146,0.0,0.0
2023-09-07 00:00:00+05:30,2457.8960392930635,2469.5001461036345,2448.1036247938882,2455.39892578125,1894798,0.0,0.0
2023-09-08 00:00:00+05:30,2452.0208167318588,2468.716932807281,2449.6217227728275,2461.617431640625,1018234,0.0,0.0
2023-09-11 00:00:00+05:30,2461.617151952953,2486.195968376468,2456.9657551653577,2483.60107421875,1121083,0.0,0.0
2023-09-12 00:00:00+05:30,2496.086899149902,2496.086899149902,2436.353160096099,2446.97802734375,3946716,0.0,0.0
2023-09-13 00:00:00+05:30,2442.228536581256,2456.917160498144,2440.2700533923376,2454.51806640625,1231305,0.0,0.0
2023-09-14 00:00:00+05:30,2458.8754225820508,2461.8131471012643,2441.347095246461,2448.88720703125,2081195,0.0,0.0
2023-09-15 00:00:00+05:30,2423.4268443270616,2438.3112668968065,2414.8094715532225,2418.4326171875,3750697,0.0,0.0
2023-09-18 00:00:00+05:30,2420.048813602557,2441.2002886299324,2410.892809052034,2436.989501953125,1499641,0.0,0.0
2023-09-20 00:00:00+05:30,2398.798944088812,2428.5190204724404,2394.2455665544826,2415.64208984375,1795159,0.0,0.0
2023-09-21 00:00:00+05:30,2414.809559363378,2431.4566650037577,2392.1889848935725,2422.007080078125,2223720,0.0,0.0
2023-09-22 00:00:00+05:30,2416.768219871628,2438.3115346354757,2406.9758040698794,2430.918212890625,1176741,0.0,0.0
2023-09-25 00:00:00+05:30,2430.918173145522,2447.8100901273588,2408.9342478445596,2424.455322265625,1122778,0.0,0.0
2023-09-26 00:00:00+05:30,2422.6435249378583,2437.3321477648865,2410.1581955348843,2427.49072265625,1263548,0.0,0.0
2023-09-27 00:00:00+05:30,2424.601914597282,2452.8041171534883,2417.747224208679,2449.8173828125,1086791,0.0,0.0
2023-09-28 00:00:00+05:30,2448.103932347344,2449.083173920283,2402.275378919272,2409.277099609375,1612346,0.0,0.0
2023-09-29 00:00:00+05:30,2414.36895885985,2421.468459825184,2399.6313262828025,2414.41796875,1249567,0.0,0.0
2023-10-03 00:00:00+05:30,2438.3115067973526,2447.1246809183067,2410.6969423662254,2417.6494140625,1585626,0.0,0.0
2023-10-04 00:00:00+05:30,2415.837672420814,2458.9242963168344,2413.9769702180956,2455.790771484375,1587335,0.0,0.0
2023-10-05 00:00:00+05:30,2465.7299306972227,2472.388820262636,2443.5502078472014,2467.247802734375,1909928,0.0,0.0
2023-10-06 00:00:00+05:30,2467.639573952105,2467.6885838417074,2442.228304802071,2447.51611328125,1083342,0.0,0.0
2023-10-09 00:00:00+05:30,2433.415090579349,2464.2611973613407,2429.498124638779,2459.169189453125,1468771,0.0,0.0
2023-10-10 00:00:00+05:30,2460.050563114359,2468.521145927635,2451.3844188791295,2463.967529296875,1092373,0.0,0.0
2023-10-11 00:00:00+05:30,2466.0730580183736,2510.7263293443593,2464.0165551301907,2503.3330078125,1697398,0.0,0.0
2023-10-12 00:00:00+05:30,2501.9619272386462,2514.2514553611336,2486.4898643750535,2503.92041015625,1625010,0.0,0.0
2023-10-13 00:00:00+05:30,2500.052595344963,2523.211561523979,2489.917350045146,2516.112060546875,1531977,0.0,0.0
2023-10-16 00:00:00+05:30,2506.858266268542,2528.4015794942875,2499.6119747216635,2505.193603515625,954899,0.0,0.0
2023-10-17 00:00:00+05:30,2505.193891839216,2516.6509710133437,2493.589782978047,2503.08837890625,1253538,0.0,0.0
2023-10-18 00:00:00+05:30,2516.699562426651,2517.874604364285,2486.8326978926266,2495.35205078125,1084689,0.0,0.0
2023-10-19 00:00:00+05:30,2472.584748344786,2501.3743523598287,2472.584748344786,2495.205322265625,1272343,0.0,0.0
2023-10-20 00:00:00+05:30,2467.688740676003,2490.749927317088,2433.464295837109,2443.3544921875,3608160,0.0,0.0
2023-10-23 00:00:00+05:30,2442.228324913177,2457.8471791765833,2428.861773936351,2431.9462890625,922707,0.0,0.0
2023-10-25 00:00:00+05:30,2423.671706639318,2438.3113191546563,2413.830281813746,2425.875,1435836,0.0,0.0
2023-10-26 00:00:00+05:30,2409.913185644878,2438.3111874261463,2404.674148307907,2424.993408203125,2650560,0.0,0.0
2023-10-27 00:00:00+05:30,2416.08279802387,2443.2077419739403,2412.704462387575,2430.526611328125,1784812,0.0,0.0
2023-10-30 00:00:00+05:30,2419.7057381962254,2440.269809625655,2411.284165696073,2427.441650390625,875135,0.0,0.0
2023-10-31 00:00:00+05:30,2418.9222110287915,2440.269722709717,2416.5721271496127,2432.435791015625,920414,0.0,0.0
2023-11-01 00:00:00+05:30,2433.4152614529085,2442.179425545826,2415.593112986374,2420.929931640625,1267131,0.0,0.0
2023-11-02 00:00:00+05:30,2441.398240102306,2462.1131342607496,2429.8571329506703,2453.0380859375,1595123,18.0,0.0
2023-11-03 00:00:00+05:30,2463.099660844718,2478.3892262204063,2452.0517649965313,2475.183349609375,1125583,0.0,0.0
2023-11-06 00:00:00+05:30,2480.8550460195415,2483.5677105827835,2457.279621236692,2463.493896484375,1338677,0.0,0.0
2023-11-07 00:00:00+05:30,2462.113042358294,2471.1880903428028,2451.5089897920475,2462.556884765625,1473411,0.0,0.0
2023-11-08 00:00:00+05:30,2464.0857592668,2490.719192213239,2463.7897840688547,2485.14599609375,745022,0.0,0.0
2023-11-09 00:00:00+05:30,2485.8365047725556,2487.7599823669093,2439.474601849778,2443.074951171875,1823094,0.0,0.0
2023-11-10 00:00:00+05:30,2443.371110924997,2454.8137203304027,2431.8793730033917,2452.79150390625,771062,0.0,0.0
2023-11-13 00:00:00+05:30,2443.568316906782,2453.4325521928795,2437.452539194613,2444.50537109375,760809,0.0,0.0
2023-11-15 00:00:00+05:30,2467.932874899593,2469.067406427845,2442.384602408375,2452.643310546875,1457029,0.0,0.0
2023-11-16 00:00:00+05:30,2446.5275153334533,2471.780053251473,2441.743505856432,2457.378173828125,1420578,0.0,0.0
2023-11-17 00:00:00+05:30,2431.5339065154208,2499.103915682279,2431.5339065154208,2494.4677734375,1756043,0.0,0.0
2023-11-20 00:00:00+05:30,2500.041000680546,2500.090370020939,2466.0587591447415,2472.421142578125,944231,0.0,0.0
2023-11-21 00:00:00+05:30,2470.9909429455956,2482.8280253070116,2464.0859782347693,2471.237548828125,1088806,0.0,0.0
2023-11-22 00:00:00+05:30,2473.7035804856714,2489.979568553865,2470.0044922883544,2487.661376953125,816610,0.0,0.0
2023-11-23 00:00:00+05:30,2472.174522803573,2493.4319973531005,2472.174522803573,2485.6884765625,1023670,0.0,0.0
2023-11-24 00:00:00+05:30,2480.9537482430696,2485.5898903541884,2473.407464255126,2481.05224609375,735137,0.0,0.0
2023-11-28 00:00:00+05:30,2497.3777062917984,2497.3777062917984,2466.058760039299,2476.465576171875,1880641,0.0,0.0
2023-11-29 00:00:00+05:30,2477.895680633651,2494.3195345749527,2474.0487255490684,2490.7685546875,1265214,0.0,0.0
2023-11-30 00:00:00+05:30,2481.98948208139,2519.8189209915854,2481.98948208139,2510.990478515625,3095684,0.0,0.0
2023-12-01 00:00:00+05:30,2512.9138393975263,2546.8960804441895,2507.4885102055005,2528.844482421875,1345599,0.0,0.0
2023-12-04 00:00:00+05:30,2542.0134075165065,2572.987009671152,2540.040560479241,2566.969970703125,2188039,0.0,0.0
2023-12-05 00:00:00+05:30,2601.1986818454047,2601.1986818454047,2521.594356243103,2528.449951171875,3108717,0.0,0.0
2023-12-06 00:00:00+05:30,2535.1084748315457,2548.6224290418954,2528.2035101141055,2532.790283203125,1573754,0.0,0.0
2023-12-07 00:00:00+05:30,2516.465144195848,2525.0469806750766,2464.6779092725073,2484.06103515625,3925967,0.0,0.0
2023-12-08 00:00:00+05:30,2484.8009064844537,2499.5478902969876,2474.2462227324827,2488.05615234375,1605805,0.0,0.0
2023-12-11 00:00:00+05:30,2488.056123055874,2495.6021667456366,2465.072406593889,2469.6591796875,2012243,0.0,0.0
2023-12-12 00:00:00+05:30,2466.058575800994,2483.814197546761,2463.099305510033,2468.771240234375,1677929,0.0,0.0
2023-12-13 00:00:00+05:30,2473.802296584835,2482.5320001551772,2464.135298018886,2477.797119140625,1513205,0.0,0.0
2023-12-14 00:00:00+05:30,2487.1188848735087,2490.5219976421154,2467.242307677489,2482.186767578125,2166569,0.0,0.0
2023-12-15 00:00:00+05:30,2485.787173312271,2497.6242550899483,2472.9636680531203,2488.647705078125,2543337,0.0,0.0
2023-12-18 00:00:00+05:30,2485.9349638521026,2509.954471215767,2480.8549794095716,2501.07666015625,1969036,0.0,0.0
2023-12-19 00:00:00+05:30,2500.632904248279,2532.0997170948194,2500.583534908811,2525.9345703125,1656220,0.0,0.0
2023-12-20 00:00:00+05:30,2538.018270930167,2538.018270930167,2512.420629524835,2522.778076171875,1468642,0.0,0.0
2023-12-21 00:00:00+05:30,2507.7353311231395,2544.972821043446,2501.5701837853403,2518.53662109375,1945695,0.0,0.0
2023-12-22 00:00:00+05:30,2524.4548352063675,2544.7258851898328,2512.2232808045974,2540.63232421875,1174984,0.0,0.0
2023-12-26 00:00:00+05:30,2540.6325242127127,2556.464429108752,2532.1985549190676,2549.658203125,893776,0.0,0.0
2023-12-27 00:00:00+05:30,2550.8911358225137,2576.5381464688344,2545.860279711471,2572.888427734375,1073278,0.0,0.0
2023-12-28 00:00:00+05:30,2578.3631358663124,2604.1580138013883,2571.4581714357787,2598.042236328125,1635216,0.0,0.0
2023-12-29 00:00:00+05:30,2598.0423853827215,2630.89033765202,2585.66272170681,2627.782958984375,1305681,0.0,0.0
2024-01-01 00:00:00+05:30,2627.684313773615,2633.158771489791,2602.185170191696,2618.707763671875,526353,0.0,0.0
2024-01-02 00:00:00+05:30,2612.0496026340065,2617.918774686192,2571.606236430081,2578.31396484375,1310629,0.0,0.0
2024-01-03 00:00:00+05:30,2563.714564111277,2592.912794761698,2560.3114513506735,2571.162109375,1008270,0.0,0.0
2024-01-04 00:00:00+05:30,2571.16197847276,2587.388595345079,2552.913145451836,2557.35205078125,1376844,0.0,0.0
2024-01-05 00:00:00+05:30,2559.76904644873,2594.1951311283506,2559.76904644873,2584.47900390625,1150738,0.0,0.0
2024-01-08 00:00:00+05:30,2589.3125148146873,2590.3483077335645,2531.6561050259684,2543.24658203125,1189828,0.0,0.0
2024-01-09 00:00:00+05:30,2547.4878638327173,2553.850246757347,2536.637206160129,2544.725830078125,1017205,0.0,0.0
2024-01-10 00:00:00+05:30,2544.9725121554075,2559.0784157174453,2530.1761603405503,2542.40771484375,881278,0.0,0.0
2024-01-11 00:00:00+05:30,2544.9724848446926,2553.850295838337,2497.47629235911,2501.76708984375,2399600,0.0,0.0
2024-01-12 00:00:00+05:30,2499.1039788588037,2520.312084461908,2477.7480060586577,2509.46142578125,2979841,0.0,0.0
2024-01-15 00:00:00+05:30,2511.4342216432965,2543.739591147938,2496.6378691984223,2538.264892578125,1391204,0.0,0.0
2024-01-16 00:00:00+05:30,2538.2648949681106,2549.5102673324327,2521.6438035350147,2534.220703125,1599406,0.0,0.0
2024-01-17 00:00:00+05:30,2514.3933029506256,2536.4399627651283,2505.2688862961363,2528.1044921875,3047652,0.0,0.0
2024-01-18 00:00:00+05:30,2535.1082985966323,2535.1082985966323,2503.0989054040733,2513.406982421875,1273095,0.0,0.0
2024-01-19 00:00:00+05:30,2530.176083601275,2539.0045250845023,2497.6241105958784,2530.570556640625,1323064,0.0,0.0
2024-01-23 00:00:00+05:30,2417.723943046496,2446.823435629063,2333.3353663918433,2343.29833984375,4369332,0.0,0.0
2024-01-24 00:00:00+05:30,2355.5792103948024,2412.6930321053665,2335.0121850289047,2408.500732421875,1551469,0.0,0.0
2024-01-25 00:00:00+05:30,2421.4724986008846,2434.493240864935,2387.3421485695203,2395.332275390625,2364765,0.0,0.0
2024-01-29 00:00:00+05:30,2377.280508640305,2415.7510230954804,2377.280508640305,2411.21337890625,1587091,0.0,0.0
2024-01-30 00:00:00+05:30,2420.683246629059,2460.68276734961,2414.0742574053465,2425.27001953125,1793711,0.0,0.0
2024-01-31 00:00:00+05:30,2416.7374232236753,2452.149928319274,2408.599429859759,2447.859130859375,1445004,0.0,0.0
2024-02-01 00:00:00+05:30,2441.49672498697,2477.4518108020197,2434.8383668424785,2440.01708984375,1727534,0.0,0.0
2024-02-02 00:00:00+05:30,2443.3708819064586,2453.136377716082,2408.846061209355,2419.30224609375,1956115,0.0,0.0
2024-02-05 00:00:00+05:30,2430.5477048460425,2431.287522532177,2379.9934962935426,2386.65185546875,1315445,0.0,0.0
2024-02-06 00:00:00+05:30,2392.0275540476378,2408.2050435096717,2385.221328410481,2393.40869140625,1557511,0.0,0.0
2024-02-07 00:00:00+05:30,2406.7745228984777,2406.7745228984777,2378.8095620803033,2392.520751953125,1149076,0.0,0.0
2024-02-08 00:00:00+05:30,2408.6488438253523,2408.6488438253523,2366.429871729333,2384.23486328125,1758661,0.0,0.0
2024-02-09 00:00:00+05:30,2384.2350627603732,2395.4801947729234,2373.4337731750975,2391.238525390625,886474,0.0,0.0
2024-02-12 00:00:00+05:30,2391.1891603056683,2396.8610950929533,2349.660637097915,2353.260986328125,1292460,0.0,0.0
2024-02-13 00:00:00+05:30,2357.552108828386,2368.3533977308216,2347.786612741481,2361.497802734375,957865,0.0,0.0
2024-02-14 00:00:00+05:30,2352.6198841984437,2361.4976950822115,2337.823532725498,2355.52978515625,1397975,0.0,0.0
2024-02-15 00:00:00+05:30,2336.196249561852,2352.3241296847646,2314.8894051115153,2318.933837890625,2553695,0.0,0.0
2024-02-16 00:00:00+05:30,2337.774348639649,2349.6608000967003,2325.5921627905304,2343.00244140625,2363302,0.0,0.0
2024-02-19 00:00:00+05:30,2357.0589141732376,2362.4348739939014,2341.572113645197,2354.74072265625,576683,0.0,0.0
2024-02-20 00:00:00+05:30,2337.922296329724,2375.7514908366647,2336.04794729421,2371.460693359375,1032995,0.0,0.0
2024-02-21 00:00:00+05:30,2371.460895437313,2389.9069672102482,2361.5966601762716,2374.420166015625,1127778,0.0,0.0
2024-02-22 00:00:00+05:30,2387.44076599648,2387.44076599648,2333.631317691745,2355.677978515625,2258516,0.0,0.0
2024-02-23 00:00:00+05:30,2356.121737332526,2372.8415663444293,2351.5840932136343,2361.596435546875,1210775,0.0,0.0
2024-02-26 00:00:00+05:30,2358.6372701969267,2373.877464738521,2347.6878732810387,2371.608642578125,831596,0.0,0.0
2024-02-27 00:00:00+05:30,2371.4115018549737,2376.244880753054,2356.713646970632,2372.64453125,1120424,0.0,0.0
2024-02-28 00:00:00+05:30,2378.365994002787,2392.0771854570407,2368.403019497878,2388.674072265625,629152,0.0,0.0
2024-02-29 00:00:00+05:30,2392.076845949728,2395.8253031931245,2364.70359544453,2379.54931640625,2848084,0.0,0.0
2024-03-01 00:00:00+05:30,2384.13618939334,2405.6896388302166,2371.3620534519755,2376.984619140625,2326244,0.0,0.0
2024-03-04 00:00:00+05:30,2383.396371414748,2394.9374780004227,2371.756526150357,2389.11767578125,1501261,0.0,0.0
2024-03-05 00:00:00+05:30,2372.3485394290374,2387.144892065809,2358.6373489827165,2367.2685546875,1587199,0.0,0.0
2024-03-06 00:00:00+05:30,2371.3620734136375,2376.1463236775244,2343.0517673746162,2368.20556640625,1354111,0.0,0.0
2024-03-07 00:00:00+05:30,2372.2992915739337,2393.063555669419,2370.3758137978625,2386.701171875,1820704,0.0,0.0
2024-03-11 00:00:00+05:30,2376.2942105621246,2380.2399045605675,2351.189780662243,2357.404296875,2040761,0.0,0.0
2024-03-12 00:00:00+05:30,2347.6880169824108,2352.620134665147,2328.748733245916,2345.863037109375,1012157,0.0,0.0
2024-03-13 00:00:00+05:30,2342.7556054900497,2342.7556054900497,2272.5716759970433,2281.202880859375,2322669,0.0,0.0
2024-03-14 00:00:00+05:30,2273.558440086393,2309.9080038005764,2270.5991694044537,2302.904541015625,2292515,0.0,0.0
2024-03-15 00:00:00+05:30,2298.4163363004536,2305.222562747705,2284.4582979926117,2296.09814453125,2751403,0.0,0.0
2024-03-18 00:00:00+05:30,2289.2916350341907,2293.434565438807,2265.814708306641,2268.724609375,2487402,0.0,0.0
2024-03-19 00:00:00+05:30,2252.25135793432,2272.6209059885946,2216.3456404340955,2236.172607421875,4220638,0.0,0.0
2024-03-20 00:00:00+05:30,2219.4527196751137,2234.6929135183427,2209.5884853654466,2211.511962890625,2995013,0.0,0.0
2024-03-21 00:00:00+05:30,2203.6702493046564,2228.4787056913347,2203.6702493046564,2211.906982421875,3504486,0.0,0.0
2024-03-22 00:00:00+05:30,2208.651408495469,2235.2354715206784,2201.746444549906,2225.913818359375,3507809,0.0,0.0
2024-03-26 00:00:00+05:30,2201.795973787084,2228.4785365965217,2201.697235107422,2209.588623046875,3027027,0.0,0.0
2024-03-27 00:00:00+05:30,2219.452689836318,2232.276194266483,2205.642761988447,2209.29248046875,2168861,0.0,0.0
2024-03-28 00:00:00+05:30,2214.5207631923913,2256.838235120748,2209.687384360387,2233.608154296875,3186360,0.0,0.0
2024-04-01 00:00:00+05:30,2239.1814405269397,2263.8420290789986,2231.2900521902807,2254.865478515625,1427873,0.0,0.0
2024-04-02 00:00:00+05:30,2266.801174591139,2266.801174591139,2246.135650690341,2255.654541015625,1221495,0.0,0.0
2024-04-03 00:00:00+05:30,2250.8706294821704,2250.8706294821704,2230.3529718818268,2234.446533203125,1175309,0.0,0.0
2024-04-04 00:00:00+05:30,2239.1811935344963,2251.018274733797,2218.7129072940374,2234.19970703125,1890255,0.0,0.0
2024-04-05 00:00:00+05:30,2234.1997605081037,2249.5386934278845,2227.44290432406,2236.172607421875,1153449,0.0,0.0
2024-04-08 00:00:00+05:30,2246.0862649953697,2257.873977421594,2236.4192667217044,2238.1455078125,1127294,0.0,0.0
2024-04-09 00:00:00+05:30,2240.167741756001,2243.718962644025,2225.1247835605895,2233.41064453125,1189343,0.0,0.0
2024-04-10 00:00:00+05:30,2245.9876102615376,2245.9876102615376,2227.0483268941534,2230.204833984375,2308993,0.0,0.0
2024-04-12 00:00:00+05:30,2230.204730857768,2234.1012962318555,2198.3434453823834,2201.9931640625,3388551,0.0,0.0
2024-04-15 00:00:00+05:30,2197.455504432933,2197.504873771383,2160.267387974112,2164.262451171875,4909564,0.0,0.0
2024-04-16 00:00:00+05:30,2153.3623166403136,2200.9572464515345,2142.5610284027657,2190.649169921875,2821129,0.0,0.0
2024-04-18 00:00:00+05:30,2184.97731875399,2207.3197136444664,2179.0587780332244,2184.730712890625,3392171,0.0,0.0
2024-04-19 00:00:00+05:30,2189.860125676184,2213.287683326999,2166.1859621553604,2201.302734375,2337694,0.0,0.0
2024-04-22 00:00:00+05:30,2219.452714377579,2222.954565714359,2198.787191713359,2211.068115234375,1804108,0.0,0.0
2024-04-23 00:00:00+05:30,2222.4119128972284,2242.6335925307803,2218.1702441259613,2232.029541015625,1991778,0.0,0.0
2024-04-24 00:00:00+05:30,2235.2850251807245,2237.5538474008476,2215.161841241518,2229.563720703125,1404398,0.0,0.0
2024-04-25 00:00:00+05:30,2207.6651894031033,2209.4407998900797,2185.0268179657983,2200.56298828125,4951866,0.0,0.0
2024-04-26 00:00:00+05:30,2214.52078290206,2224.38501801521,2188.4792985337667,2192.47412109375,2307512,0.0,0.0
2024-04-29 00:00:00+05:30,2203.670090696467,2203.670090696467,2189.8601617485033,2195.87744140625,1395292,0.0,0.0
2024-04-30 00:00:00+05:30,2201.746586796281,2209.835211204166,2194.79225306518,2200.168212890625,2119102,0.0,0.0
2024-05-02 00:00:00+05:30,2175.113207457561,2212.745168008845,2175.113207457561,2196.07470703125,2140383,0.0,0.0
2024-05-03 00:00:00+05:30,2201.697423763387,2205.2977734888455,2174.0775636086496,2186.950439453125,2595307,0.0,0.0
2024-05-06 00:00:00+05:30,2194.7922391586985,2230.796696115684,2181.968733941142,2225.568603515625,1619256,0.0,0.0
2024-05-07 00:00:00+05:30,2235.2356202356204,2357.1576594879816,2228.330655830656,2347.095947265625,8277810,0.0,0.0
2024-05-08 00:00:00+05:30,2334.2725376132007,2340.04321157571,2293.434699931932,2309.266845703125,1813439,0.0,0.0
2024-05-09 00:00:00+05:30,2308.823153078469,2330.0312602817858,2287.9601496363075,2294.075927734375,1558987,0.0,0.0
2024-05-10 00:00:00+05:30,2289.4889095334765,2338.810083801755,2289.4889095334765,2330.474853515625,2610266,0.0,0.0
2024-05-13 00:00:00+05:30,2341.769190737373,2349.3152335430777,2316.0234432366806,2328.600341796875,1170617,0.0,0.0
2024-05-14 00:00:00+05:30,2328.5513417738216,2340.092448218326,2314.8892803712233,2317.70068359375,689430,0.0,0.0
2024-05-15 00:00:00+05:30,2317.651183004534,2323.816329348619,2286.1841315687043,2291.757568359375,812282,0.0,0.0
2024-05-16 00:00:00+05:30,2305.271726552486,2316.2211237664033,2270.1058250003234,2311.338134765625,1880021,0.0,0.0
2024-05-17 00:00:00+05:30,2319.9693696420363,2319.9693696420363,2283.669176934545,2288.847900390625,1264582,0.0,0.0
2024-05-21 00:00:00+05:30,2275.6788946886127,2293.2372802293976,2270.5001715862654,2279.32861328125,1663959,0.0,0.0
2024-05-22 00:00:00+05:30,2279.624649116817,2341.7693279979767,2279.3286739093173,2334.765625,1914851,0.0,0.0
2024-05-23 00:00:00+05:30,2334.7657493849993,2354.395722065067,2323.0274057458355,2350.154052734375,1614718,0.0,0.0
2024-05-24 00:00:00+05:30,2346.2081278560836,2350.893639147787,2332.595436359192,2336.886474609375,974100,0.0,0.0
2024-05-27 00:00:00+05:30,2336.886757454699,2367.3671487953006,2330.4256350420687,2352.126953125,1116934,0.0,0.0
2024-05-28 00:00:00+05:30,2357.551971400305,2376.294016361228,2346.2574714180078,2363.421142578125,1631747,0.0,0.0
2024-05-29 00:00:00+05:30,2348.8713969263986,2362.4840882724648,2337.2315524181386,2341.17724609375,1592495,0.0,0.0
2024-05-30 00:00:00+05:30,2335.8508003148886,2340.2403366350686,2302.361771338759,2319.47607421875,1837380,0.0,0.0
2024-05-31 00:00:00+05:30,2321.0544820226105,2345.1724882923577,2286.1351866557925,2297.4296875,5529186,0.0,0.0
2024-06-03 00:00:00+05:30,2348.6743653680305,2355.0367488099705,2312.4726709003107,2323.9150390625,1207445,0.0,0.0
2024-06-04 00:00:00+05:30,2341.7692980186985,2475.972258144919,2310.302485921652,2462.408935546875,7826048,0.0,0.0
2024-06-05 00:00:00+05:30,2499.1531212463374,2686.968045387061,2490.719152781613,2567.41357421875,11061076,0.0,0.0
2024-06-06 00:00:00+05:30,2564.7009976480304,2564.7009976480304,2483.8142738760544,2514.9853515625,4102547,0.0,0.0
2024-06-07 00:00:00+05:30,2520.6079619751786,2561.248561111254,2490.7192824209187,2542.802490234375,3974253,0.0,0.0
2024-06-10 00:00:00+05:30,2543.986068087,2558.437075245331,2511.4340943580855,2530.521484375,1449122,0.0,0.0
2024-06-11 00:00:00+05:30,2531.1626892284357,2541.7173724641398,2516.662312011082,2521.643798828125,1402423,0.0,0.0
2024-06-12 00:00:00+05:30,2533.135633650992,2533.135633650992,2482.828033449979,2494.369140625,1754677,0.0,0.0
2024-06-13 00:00:00+05:30,2454.172219744638,2471.7799749838714,2413.2356458109743,2453.629638671875,3123098,0.0,0.0
2024-06-14 00:00:00+05:30,2463.191810304088,2500.443380526206,2460.6020249208023,2469.9150390625,1729552,24.0,0.0
2024-06-18 00:00:00+05:30,2470.0642479383027,2488.092557896556,2463.3410194491908,2476.38916015625,1820933,0.0,0.0
2024-06-19 00:00:00+05:30,2485.1044125958674,2485.1044125958674,2441.7769408732543,2447.255126953125,986976,0.0,0.0
2024-06-20 00:00:00+05:30,2447.255219708371,2480.1243374333917,2436.946171880227,2472.355224609375,2163310,0.0,0.0
2024-06-21 00:00:00+05:30,2465.18372299195,2468.1718244743647,2416.9259326854203,2431.617431640625,3646215,0.0,0.0
2024-06-24 00:00:00+05:30,2425.342520646538,2458.0623311816894,2417.4240998604137,2432.513916015625,1945519,0.0,0.0
2024-06-25 00:00:00+05:30,2429.6752546850303,2436.9959575352,2418.2704726331135,2422.553466796875,833789,0.0,0.0
2024-06-26 00:00:00+05:30,2427.334402563277,2457.2154169567516,2422.752549754017,2435.900390625,1738656,0.0,0.0
2024-06-27 00:00:00+05:30,2440.2329577683354,2473.351081592451,2426.3383349036576,2452.384521484375,3402726,0.0,0.0
2024-06-28 00:00:00+05:30,2453.23126668314,2480.6221963761104,2453.0819588810136,2463.241455078125,2129791,0.0,0.0
2024-07-01 00:00:00+05:30,2451.28921007173,2512.9934598265845,2440.382687804452,2495.16455078125,3312865,0.0,0.0
2024-07-02 00:00:00+05:30,2505.025165106717,2505.025165106717,2469.516655164494,2475.29345703125,1305210,0.0,0.0
2024-07-03 00:00:00+05:30,2476.7873590180047,2509.8558758162176,2464.486487454061,2500.3935546875,1406405,0.0,0.0
2024-07-04 00:00:00+05:30,2505.074880131505,2526.7884658036555,2483.0125853572536,2486.050537109375,1977010,0.0,0.0
2024-07-05 00:00:00+05:30,2486.050617135198,2543.8704302472884,2486.050617135198,2536.898193359375,1754286,0.0,0.0
2024-07-08 00:00:00+05:30,2549.846693855581,2584.707879123138,2526.1908895668817,2576.888916015625,2818809,0.0,0.0
2024-07-09 00:00:00+05:30,2576.8888516053266,2603.6324574753326,2557.814900840342,2579.876953125,1479529,0.0,0.0
2024-07-10 00:00:00+05:30,2570.763288196302,2615.5848100749663,2562.7950176400946,2600.096435546875,1764036,0.0,0.0
2024-07-11 00:00:00+05:30,2606.620508055045,2606.6703583805297,2579.777445229026,2598.5029296875,1432671,0.0,0.0
2024-07-12 00:00:00+05:30,2590.684133470928,2629.031438022497,2590.684133470928,2611.849853515625,1912642,0.0,0.0
2024-07-15 00:00:00+05:30,2617.576882493013,2618.8219247696934,2603.2836998877933,2609.907470703125,920101,0.0,0.0
2024-07-16 00:00:00+05:30,2615.534994819925,2714.192194601272,2614.14064472282,2677.787109375,3298003,0.0,0.0
2024-07-18 00:00:00+05:30,2689.291459018448,2740.2883447179615,2644.4699347014744,2727.5390625,5569762,0.0,0.0
2024-07-19 00:00:00+05:30,2728.1367324476587,2732.12086787292,2705.1781034251253,2716.184326171875,1668862,0.0,0.0
2024-07-22 00:00:00+05:30,2694.9687170304364,2739.0432145285595,2694.9188667038834,2724.451416015625,1911629,0.0,0.0
2024-07-23 00:00:00+05:30,2735.1090312656374,2800.1500921876664,2721.1645569620255,2755.37841796875,3906259,0.0,0.0
2024-07-24 00:00:00+05:30,2737.1011260003897,2746.513597613631,2664.4903527869997,2706.27392578125,3611927,0.0,0.0
2024-07-25 00:00:00+05:30,2706.2739216822415,2714.0430346363837,2659.4104786579405,2696.462890625,2166670,0.0,0.0
2024-07-26 00:00:00+05:30,2713.1961970959237,2716.184298634576,2676.591953247438,2700.297607421875,2135309,0.0,0.0
2024-07-29 00:00:00+05:30,2700.446899544808,2709.212045975074,2682.1199741497885,2700.845458984375,957011,0.0,0.0
2024-07-30 00:00:00+05:30,2704.8295549218583,2743.425865676038,2674.749138841389,2680.725341796875,1560399,0.0,0.0
2024-07-31 00:00:00+05:30,2694.2716205654,2698.903080795776,2664.4404547688378,2694.9189453125,1751085,0.0,0.0
2024-08-01 00:00:00+05:30,2703.2358840456345,2714.1424061297757,2684.5103989262543,2704.77978515625,1886392,0.0,0.0
2024-08-02 00:00:00+05:30,2701.2439042369965,2748.5555139166636,2670.5161615234783,2681.87109375,1738872,0.0,0.0
2024-08-05 00:00:00+05:30,2665.3366710688238,2731.1247539850956,2655.6253412543256,2705.128173828125,3118731,0.0,0.0
2024-08-06 00:00:00+05:30,2709.3116583511332,2760.756707264294,2697.906876711927,2739.142822265625,2296031,0.0,0.0
2024-08-07 00:00:00+05:30,2770.667325413201,2770.816876394826,2724.650609953407,2733.166748046875,1713875,0.0,0.0
2024-08-08 00:00:00+05:30,2743.077171466631,2748.3063490810828,2709.610337465212,2722.359619140625,1464161,0.0,0.0
2024-08-09 00:00:00+05:30,2745.0693459098225,2747.0614136499603,2707.8177764381794,2736.30419921875,1284031,0.0,0.0
2024-08-12 00:00:00+05:30,2727.1405825285838,2752.4397441333695,2711.6023577624155,2737.798095703125,1297178,0.0,0.0
2024-08-13 00:00:00+05:30,2731.1248171884126,2746.7126496747696,2719.2721116402236,2730.527099609375,1051237,0.0,0.0
2024-08-14 00:00:00+05:30,2730.128698489809,2731.672599544068,2695.865232377471,2711.25390625,946995,0.0,0.0
2024-08-16 00:00:00+05:30,2727.041049778478,2742.6789761577716,2699.94897700614,2737.35009765625,1727926,0.0,0.0
2024-08-19 00:00:00+05:30,2739.1428610875896,2748.8043405274498,2726.194421400351,2731.672607421875,1130327,0.0,0.0
2024-08-20 00:00:00+05:30,2731.6726284626034,2745.31824329595,2724.202374739349,2740.138916015625,1097889,0.0,0.0
2024-08-21 00:00:00+05:30,2738.5950756838574,2784.014316597518,2732.0710053197217,2780.129638671875,1417729,0.0,0.0
2024-08-22 00:00:00+05:30,2791.8330349940998,2798.8551222805504,2771.0658750969446,2781.723388671875,1552947,0.0,0.0
2024-08-23 00:00:00+05:30,2788.0980038420653,2809.8115911818727,2760.358606032452,2804.43310546875,2111401,0.0,0.0
2024-08-26 00:00:00+05:30,2804.4329002368822,2823.706008608755,2792.4804944847815,2809.960693359375,1152244,0.0,0.0
2024-08-27 00:00:00+05:30,2797.8591487045783,2812.8993574528417,2748.6053223289196,2755.926025390625,1357212,0.0,0.0
2024-08-28 00:00:00+05:30,2749.05338601534,2770.7171219377433,2734.8599038592824,2753.38623046875,1723549,0.0,0.0
2024-08-29 00:00:00+05:30,2758.9640021154028,2798.855207713906,2734.113005400239,2774.203369140625,2129934,0.0,0.0
2024-08-30 00:00:00+05:30,2784.6116834562663,2805.130077281,2749.1530256030196,2766.98193359375,4029712,0.0,0.0
2024-09-02 00:00:00+05:30,2782.918600214339,2797.7594074347394,2767.9780923391727,2777.98828125,957950,0.0,0.0
2024-09-03 00:00:00+05:30,2768.974196128366,2816.7339722076963,2763.994026710869,2783.217529296875,2022116,0.0,0.0
2024-09-04 00:00:00+05:30,2768.9741273234713,2832.570986473555,2760.657147333982,2829.981201171875,1640986,0.0,0.0
2024-09-05 00:00:00+05:30,2828.785890047688,2843.676546974439,2812.4507895487172,2827.192138671875,1945173,0.0,0.0
2024-09-06 00:00:00+05:30,2816.8833644234205,2855.0811157992525,2816.8833644234205,2827.690185546875,1672730,0.0,0.0
2024-09-09 00:00:00+05:30,2841.7841949809936,2926.546527334689,2831.9233142392327,2910.211669921875,3342754,0.0,0.0
2024-09-10 00:00:00+05:30,2922.3632601136087,2925.949079174088,2876.047686972749,2887.103759765625,1536584,0.0,0.0
2024-09-11 00:00:00+05:30,2900.0522384751343,2938.299840829201,2886.6057815764243,2892.631591796875,1913665,0.0,0.0
2024-09-12 00:00:00+05:30,2899.454477813708,2951.646553213085,2882.72106084284,2944.67431640625,2454564,0.0,0.0
2024-09-13 00:00:00+05:30,2944.674327569478,2944.674327569478,2906.924742555436,2921.3173828125,1902001,0.0,0.0
2024-09-16 00:00:00+05:30,2898.4585148287047,2898.4585148287047,2796.2653441503494,2855.728759765625,1489057,0.0,0.0
2024-09-17 00:00:00+05:30,2855.7287521054895,2902.3429418047845,2848.7565151469407,2862.103271484375,1098661,0.0,0.0
2024-09-18 00:00:00+05:30,2862.601331875205,2882.0738425967133,2850.3500666846962,2864.444091796875,464796,0.0,0.0
2024-09-19 00:00:00+05:30,2864.8424572935223,2922.662272862675,2861.9540563004307,2900.20166015625,1713010,0.0,0.0
2024-09-20 00:00:00+05:30,2913.19989074987,2977.4939252324452,2883.916349278162,2965.79052734375,3641632,0.0,0.0
2024-09-23 00:00:00+05:30,2968.180838586818,3022.9626997016753,2958.1706498759113,3016.538330078125,1300470,0.0,0.0
2024-09-24 00:00:00+05:30,3008.0221568856377,3008.0221568856377,2934.4153543552784,2938.84765625,1929308,0.0,0.0
2024-09-25 00:00:00+05:30,2938.847657642537,2948.608837784103,2893.5779688282487,2937.25390625,1055354,0.0,0.0
2024-09-26 00:00:00+05:30,2939.395650493811,2980.980064558783,2929.534769279197,2974.2568359375,1902889,0.0,0.0
2024-09-27 00:00:00+05:30,2974.2567203791796,3017.98250829646,2941.038894842367,2954.4853515625,2977081,0.0,0.0
2024-09-30 00:00:00+05:30,2952.4433967927253,2986.0096878488685,2930.92921221193,2946.56689453125,1627702,0.0,0.0
2024-10-01 00:00:00+05:30,2950.9495236737444,2950.9495236737444,2879.9322594907662,2912.154052734375,1184642,0.0,0.0
2024-10-03 00:00:00+05:30,2897.213335072122,2911.506517466372,2849.752421454521,2881.87451171875,1233447,0.0,0.0
2024-10-04 00:00:00+05:30,2879.533845967941,2902.442624403521,2805.8771917627905,2837.451416015625,2456486,0.0,0.0
2024-10-07 00:00:00+05:30,2833.7161988783696,2855.081075539492,2813.8453729372186,2822.162109375,1280975,0.0,0.0
2024-10-08 00:00:00+05:30,2832.7203665746997,2874.5537897097693,2787.5999829874077,2807.620361328125,1761488,0.0,0.0
2024-10-09 00:00:00+05:30,2812.2017658336867,2814.642243209467,2749.750494493462,2757.9677734375,1476282,0.0,0.0
2024-10-10 00:00:00+05:30,2759.0137806913986,2776.344672514175,2722.3596861618266,2743.7744140625,2065078,0.0,0.0
2024-10-11 00:00:00+05:30,2753.834451287732,2778.9344558024495,2726.194511807976,2772.161376953125,679307,0.0,0.0
2024-10-14 00:00:00+05:30,2780.528170542452,2793.576067969005,2754.0335730768334,2778.0380859375,874010,0.0,0.0
2024-10-15 00:00:00+05:30,2782.02215276722,2788.197513800899,2754.282513682522,2770.418212890625,1082666,0.0,0.0
2024-10-16 00:00:00+05:30,2778.087808691389,2786.4546392155767,2744.671066440282,2770.21923828125,1170797,0.0,0.0
2024-10-17 00:00:00+05:30,2768.4263168423636,2770.96625186873,2712.6484196084857,2727.7880859375,1368242,0.0,0.0
2024-10-18 00:00:00+05:30,2727.7880658692216,2729.1328088651503,2682.7673834961315,2706.32373046875,1137277,0.0,0.0
2024-10-21 00:00:00+05:30,2704.231820154864,2727.140598005163,2669.8188030539727,2682.866943359375,792345,0.0,0.0
2024-10-22 00:00:00+05:30,2674.4506258852416,2699.2517718335253,2663.1455442582615,2671.06396484375,1272253,0.0,0.0
2024-10-23 00:00:00+05:30,2610.604783679916,2682.369072934046,2610.604783679916,2648.7529296875,1431962,0.0,0.0
2024-10-24 00:00:00+05:30,2636.501659992457,2636.501659992457,2442.872772485215,2495.16455078125,9216267,0.0,0.0
2024-10-25 00:00:00+05:30,2492.3755657161005,2529.925993440975,2490.184339868058,2518.0234375,2761166,0.0,0.0
2024-10-28 00:00:00+05:30,2533.9100599906524,2579.3292998443194,2510.104948755738,2565.583984375,852829,0.0,0.0
2024-10-29 00:00:00+05:30,2575.444792620695,2575.444792620695,2525.9419566937745,2537.545654296875,1695654,0.0,0.0
2024-10-30 00:00:00+05:30,2546.8585684287978,2553.1336303527046,2523.3520721708483,2544.816650390625,1200637,0.0,0.0
2024-10-31 00:00:00+05:30,2544.816712202451,2553.3328505080094,2514.0892129183453,2518.22265625,1901355,0.0,0.0
2024-11-01 00:00:00+05:30,2533.8601604509354,2535.8522280694697,2501.3896041722132,2527.435791015625,118532,0.0,0.0
2024-11-04 00:00:00+05:30,2536.8982803499775,2536.8982803499775,2493.5708067750957,2514.786376953125,1097260,0.0,0.0
2024-11-05 00:00:00+05:30,2510.0053546616055,2520.214701838305,2497.0569143399384,2511.35009765625,702046,0.0,0.0
2024-11-06 00:00:00+05:30,2515.199951171875,2522.10009765625,2495.0,2500.699951171875,1219166,10.0,0.0
2024-11-07 00:00:00+05:30,2500.699951171875,2509.89990234375,2466.10009765625,2475.5,1322446,0.0,0.0
2024-11-08 00:00:00+05:30,2483.949951171875,2515.25,2467.300048828125,2507.699951171875,1700877,0.0,0.0
2024-11-11 00:00:00+05:30,2509.0,2514.89990234375,2475.050048828125,2491.050048828125,1175577,0.0,0.0
2024-11-12 00:00:00+05:30,2495.0,2496.949951171875,2456.0,2461.5,1624222,0.0,0.0
2024-11-13 00:00:00+05:30,2462.10009765625,2472.800048828125,2450.39990234375,2464.949951171875,1262017,0.0,0.0
2024-11-14 00:00:00+05:30,2460.39990234375,2464.699951171875,2383.699951171875,2389.199951171875,2443393,0.0,0.0
2024-11-18 00:00:00+05:30,2401.14990234375,2425.0,2375.75,2422.89990234375,1374215,0.0,0.0
2024-11-19 00:00:00+05:30,2431.89990234375,2440.199951171875,2405.10009765625,2410.35009765625,1133370,0.0,0.0
2024-11-21 00:00:00+05:30,2424.75,2424.75,2376.10009765625,2382.800048828125,1291829,0.0,0.0
2024-11-22 00:00:00+05:30,2390.949951171875,2452.10009765625,2377.85009765625,2445.25,1696471,0.0,0.0
2024-11-25 00:00:00+05:30,2470.0,2505.699951171875,2457.60009765625,2471.449951171875,4368045,0.0,0.0
2024-11-26 00:00:00+05:30,2486.25,2494.949951171875,2460.39990234375,2479.199951171875,982442,0.0,0.0
2024-11-27 00:00:00+05:30,2475.14990234375,2492.949951171875,2458.0,2486.89990234375,948232,0.0,0.0
2024-11-28 00:00:00+05:30,2486.0,2539.14990234375,2453.199951171875,2462.199951171875,2540530,0.0,0.0
2024-11-29 00:00:00+05:30,2455.10009765625,2507.5,2455.10009765625,2496.14990234375,1795164,0.0,0.0
2024-12-02 00:00:00+05:30,2485.0,2490.5,2460.550048828125,2479.14990234375,1006993,0.0,0.0
2024-12-03 00:00:00+05:30,2480.0,2491.449951171875,2466.0,2482.85009765625,1641588,0.0,0.0
2024-12-04 00:00:00+05:30,2481.10009765625,2493.0,2456.550048828125,2464.5,1321495,0.0,0.0
2024-12-05 00:00:00+05:30,2465.60009765625,2515.0,2450.050048828125,2494.60009765625,2071795,0.0,0.0
2024-12-06 00:00:00+05:30,2495.0,2495.800048828125,2475.0,2483.800048828125,1308086,0.0,0.0
2024-12-09 00:00:00+05:30,2465.0,2476.949951171875,2383.300048828125,2400.75,3385021,0.0,0.0
2024-12-10 00:00:00+05:30,2408.699951171875,2413.0,2388.300048828125,2397.35009765625,2063838,0.0,0.0
2024-12-11 00:00:00+05:30,2405.0,2409.35009765625,2385.0,2401.35009765625,1718225,0.0,0.0
2024-12-12 00:00:00+05:30,2385.050048828125,2399.949951171875,2338.0,2344.949951171875,3231056,0.0,0.0
2024-12-13 00:00:00+05:30,2344.949951171875,2394.550048828125,2333.449951171875,2390.10009765625,2260902,0.0,0.0
2024-12-16 00:00:00+05:30,2390.300048828125,2393.0,2363.0,2366.14990234375,1247552,0.0,0.0
2024-12-17 00:00:00+05:30,2353.35009765625,2380.0,2353.35009765625,2363.25,2131569,0.0,0.0
2024-12-18 00:00:00+05:30,2350.050048828125,2383.0,2350.050048828125,2359.199951171875,988403,0.0,0.0
2024-12-19 00:00:00+05:30,2347.0,2386.949951171875,2336.0,2359.85009765625,1655915,0.0,0.0
2024-12-20 00:00:00+05:30,2352.10009765625,2373.5,2324.64990234375,2333.89990234375,2069691,0.0,0.0
2024-12-23 00:00:00+05:30,2337.0,2351.75,2315.25,2338.89990234375,1066199,0.0,0.0
2024-12-24 00:00:00+05:30,2331.10009765625,2356.949951171875,2331.10009765625,2335.550048828125,683646,0.0,0.0
2024-12-26 00:00:00+05:30,2332.25,2341.85009765625,2324.699951171875,2332.75,1033769,0.0,0.0
2024-12-27 00:00:00+05:30,2343.0,2345.64990234375,2328.25,2341.25,556816,0.0,0.0
2024-12-30 00:00:00+05:30,2341.5,2359.14990234375,2325.0,2343.5,924180,0.0,0.0
2024-12-31 00:00:00+05:30,2340.0,2352.64990234375,2323.25,2326.85009765625,1878762,0.0,0.0
2025-01-01 00:00:00+05:30,2325.0,2337.14990234375,2320.25,2322.10009765625,559893,0.0,0.0
2025-01-02 00:00:00+05:30,2330.0,2379.64990234375,2315.5,2370.0,1650744,0.0,0.0
2025-01-03 00:00:00+05:30,2381.85009765625,2414.60009765625,2364.800048828125,2406.25,1274239,0.0,0.0
2025-01-06 00:00:00+05:30,2418.0,2418.949951171875,2361.64990234375,2376.199951171875,900419,0.0,0.0
2025-01-07 00:00:00+05:30,2377.14990234375,2402.25,2375.25,2390.800048828125,922768,0.0,0.0
2025-01-08 00:00:00+05:30,2391.0,2409.0,2368.0,2401.0,953351,0.0,0.0
2025-01-09 00:00:00+05:30,2405.050048828125,2473.64990234375,2386.39990234375,2435.39990234375,2425267,0.0,0.0
2025-01-10 00:00:00+05:30,2435.39990234375,2456.0,2413.800048828125,2442.050048828125,1651911,0.0,0.0
2025-01-13 00:00:00+05:30,2417.050048828125,2460.5,2409.050048828125,2451.0,2595013,0.0,0.0
2025-01-14 00:00:00+05:30,2465.0,2468.0,2364.10009765625,2367.949951171875,2052741,0.0,0.0
2025-01-15 00:00:00+05:30,2373.89990234375,2384.89990234375,2350.10009765625,2373.0,1215150,0.0,0.0
2025-01-16 00:00:00+05:30,2376.949951171875,2380.0,2326.050048828125,2345.0,2762596,0.0,0.0
2025-01-17 00:00:00+05:30,2350.0,2379.300048828125,2343.0,2354.0,1333005,0.0,0.0
2025-01-20 00:00:00+05:30,2356.449951171875,2368.0,2335.64990234375,2345.199951171875,1382273,0.0,0.0
2025-01-21 00:00:00+05:30,2353.5,2377.300048828125,2332.449951171875,2340.5,1842885,0.0,0.0
2025-01-22 00:00:00+05:30,2342.550048828125,2362.0,2332.199951171875,2342.949951171875,2658047,0.0,0.0
2025-01-23 00:00:00+05:30,2315.0,2341.300048828125,2253.85009765625,2321.699951171875,3408925,0.0,0.0
2025-01-24 00:00:00+05:30,2332.85009765625,2380.800048828125,2323.0,2368.10009765625,1688664,0.0,0.0
2025-01-27 00:00:00+05:30,2365.0,2409.699951171875,2361.14990234375,2392.85009765625,2477358,0.0,0.0
2025-01-28 00:00:00+05:30,2401.0,2407.0,2379.449951171875,2388.85009765625,1892156,0.0,0.0
2025-01-29 00:00:00+05:30,2385.14990234375,2396.0,2364.0,2383.949951171875,699576,0.0,0.0
2025-01-30 00:00:00+05:30,2384.0,2425.0,2384.0,2408.75,1419960,0.0,0.0
2025-01-31 00:00:00+05:30,2401.5,2479.0,2401.5,2468.800048828125,2116148,0.0,0.0
2025-02-01 00:00:00+05:30,2475.0,2602.0,2435.14990234375,2506.050048828125,2970999,0.0,0.0
2025-02-03 00:00:00+05:30,2505.0,2520.0,2416.5,2441.949951171875,2528480,0.0,0.0
2025-02-04 00:00:00+05:30,2450.0,2450.0,2402.85009765625,2438.050048828125,1992474,0.0,0.0
2025-02-05 00:00:00+05:30,2453.0,2453.0,2387.0,2391.050048828125,1357416,0.0,0.0
2025-02-06 00:00:00+05:30,2400.0,2408.949951171875,2360.300048828125,2372.699951171875,1132113,0.0,0.0
2025-02-07 00:00:00+05:30,2380.0,2381.949951171875,2336.10009765625,2363.85009765625,855602,0.0,0.0
2025-02-10 00:00:00+05:30,2370.89990234375,2398.0,2352.050048828125,2361.449951171875,1326354,0.0,0.0
2025-02-11 00:00:00+05:30,2371.0,2377.949951171875,2296.550048828125,2315.25,1389260,0.0,0.0
2025-02-12 00:00:00+05:30,2325.699951171875,2339.89990234375,2305.10009765625,2332.5,1341909,0.0,0.0
2025-02-13 00:00:00+05:30,2330.10009765625,2345.60009765625,2313.35009765625,2321.5,1334967,0.0,0.0
2025-02-14 00:00:00+05:30,2322.0,2366.0,2313.39990234375,2318.35009765625,1135380,0.0,0.0
2025-02-17 00:00:00+05:30,2318.35009765625,2336.0,2300.0,2329.39990234375,1409168,0.0,0.0
2025-02-18 00:00:00+05:30,2329.39990234375,2338.550048828125,2288.0,2296.0,1035705,0.0,0.0
2025-02-19 00:00:00+05:30,2298.75,2305.699951171875,2248.0,2250.39990234375,1521343,0.0,0.0
2025-02-20 00:00:00+05:30,2250.39990234375,2254.449951171875,2226.5,2248.050048828125,2206196,0.0,0.0
2025-02-21 00:00:00+05:30,2248.050048828125,2253.550048828125,2226.39990234375,2241.64990234375,1781509,0.0,0.0
2025-02-24 00:00:00+05:30,2230.0,2251.0,2218.800048828125,2241.449951171875,1627949,0.0,0.0
2025-02-25 00:00:00+05:30,2243.0,2269.60009765625,2237.949951171875,2259.300048828125,1988040,0.0,0.0
2025-02-27 00:00:00+05:30,2269.64990234375,2269.64990234375,2233.10009765625,2244.949951171875,1699658,0.0,0.0
2025-02-28 00:00:00+05:30,2245.050048828125,2249.60009765625,2185.85009765625,2190.25,3683249,0.0,0.0
2025-03-03 00:00:00+05:30,2199.0,2199.0,2158.5,2176.85009765625,1306470,0.0,0.0
2025-03-04 00:00:00+05:30,2179.949951171875,2180.0,2136.0,2157.35009765625,1800330,0.0,0.0
2025-03-05 00:00:00+05:30,2152.0,2191.89990234375,2150.0,2170.449951171875,1145673,0.0,0.0
2025-03-06 00:00:00+05:30,2175.0,2229.800048828125,2163.75,2218.949951171875,1856868,0.0,0.0
2025-03-07 00:00:00+05:30,2226.699951171875,2226.699951171875,2189.199951171875,2204.550048828125,1738356,0.0,0.0
2025-03-10 00:00:00+05:30,2208.0,2267.14990234375,2194.64990234375,2247.75,1242387,0.0,0.0
2025-03-11 00:00:00+05:30,2240.0,2262.449951171875,2211.25,2216.949951171875,1325891,0.0,0.0
2025-03-12 00:00:00+05:30,2217.35009765625,2229.949951171875,2185.0,2192.89990234375,1526212,0.0,0.0
2025-03-13 00:00:00+05:30,2185.0,2209.949951171875,2164.449951171875,2174.800048828125,1845629,0.0,0.0
2025-03-17 00:00:00+05:30,2161.0,2195.449951171875,2156.5,2171.25,1111886,0.0,0.0
2025-03-18 00:00:00+05:30,2171.25,2171.25,2171.25,2171.25,0,0.0,0.0
2025-03-19 00:00:00+05:30,2207.0,2212.85009765625,2193.449951171875,2200.050048828125,1341405,0.0,0.0
2025-03-20 00:00:00+05:30,2203.89990234375,2248.89990234375,2188.449951171875,2242.39990234375,1426689,0.0,0.0
2025-03-21 00:00:00+05:30,2245.0,2255.199951171875,2225.800048828125,2246.199951171875,2152415,0.0,0.0
2025-03-24 00:00:00+05:30,2250.25,2266.0,2241.0,2256.199951171875,1454404,0.0,0.0
2025-03-25 00:00:00+05:30,2250.75,2292.0,2243.35009765625,2271.300048828125,2229340,0.0,0.0
2025-03-26 00:00:00+05:30,2272.0,2279.89990234375,2237.800048828125,2245.949951171875,1416907,0.0,0.0
2025-03-27 00:00:00+05:30,2244.199951171875,2260.89990234375,2200.0,2244.64990234375,3752627,0.0,0.0
2025-03-28 00:00:00+05:30,2247.0,2296.0,2240.300048828125,2258.85009765625,2279781,0.0,0.0
