Datetime,Open,High,Low,Close,Volume,Dividends,Stock Splits
2025-03-03 09:15:00+05:30,1213.949951171875,1216.4000244140625,1210.4000244140625,1210.8499755859375,0,0.0,0.0
2025-03-03 09:20:00+05:30,1211.0,1212.550048828125,1207.800048828125,1209.300048828125,264697,0.0,0.0
2025-03-03 09:25:00+05:30,1209.199951171875,1211.4000244140625,1208.699951171875,1210.4000244140625,78711,0.0,0.0
2025-03-03 09:30:00+05:30,1210.4000244140625,1213.0,1210.199951171875,1212.75,88356,0.0,0.0
2025-03-03 09:35:00+05:30,1212.5,1212.5,1209.300048828125,1210.4000244140625,113203,0.0,0.0
2025-03-03 09:40:00+05:30,1210.300048828125,1212.5,1210.25,1211.800048828125,71726,0.0,0.0
2025-03-03 09:45:00+05:30,1211.5,1211.5,1206.25,1207.1500244140625,126206,0.0,0.0
2025-03-03 09:50:00+05:30,1207.0,1207.5999755859375,1205.1500244140625,1206.9000244140625,101151,0.0,0.0
2025-03-03 09:55:00+05:30,1206.8499755859375,1207.300048828125,1205.0999755859375,1205.949951171875,113589,0.0,0.0
2025-03-03 10:00:00+05:30,1206.050048828125,1206.5,1204.5,1206.0,108318,0.0,0.0
2025-03-03 10:05:00+05:30,1206.0,1206.949951171875,1205.1500244140625,1206.199951171875,94940,0.0,0.0
2025-03-03 10:10:00+05:30,1205.6500244140625,1207.5,1205.449951171875,1207.0,114693,0.0,0.0
2025-03-03 10:15:00+05:30,1206.949951171875,1208.4000244140625,1205.5,1208.4000244140625,124575,0.0,0.0
2025-03-03 10:20:00+05:30,1208.3499755859375,1208.75,1207.199951171875,1208.449951171875,81982,0.0,0.0
2025-03-03 10:25:00+05:30,1208.449951171875,1209.3499755859375,1207.699951171875,1209.3499755859375,66510,0.0,0.0
2025-03-03 10:30:00+05:30,1209.050048828125,1210.0,1208.5999755859375,1209.5999755859375,52516,0.0,0.0
2025-03-03 10:35:00+05:30,1209.3499755859375,1209.9000244140625,1208.75,1209.699951171875,52592,0.0,0.0
2025-03-03 10:40:00+05:30,1209.8499755859375,1209.949951171875,1208.199951171875,1208.949951171875,51833,0.0,0.0
2025-03-03 10:45:00+05:30,1209.0,1211.1500244140625,1208.6500244140625,1210.550048828125,67797,0.0,0.0
2025-03-03 10:50:00+05:30,1210.9000244140625,1212.0,1210.5999755859375,1211.5,40472,0.0,0.0
2025-03-03 10:55:00+05:30,1211.199951171875,1211.4000244140625,1209.4000244140625,1210.0,45592,0.0,0.0
2025-03-03 11:00:00+05:30,1210.0,1210.25,1208.4000244140625,1209.050048828125,128602,0.0,0.0
2025-03-03 11:05:00+05:30,1209.050048828125,1209.449951171875,1207.6500244140625,1207.949951171875,131345,0.0,0.0
2025-03-03 11:10:00+05:30,1207.75,1208.9000244140625,1207.6500244140625,1208.8499755859375,178646,0.0,0.0
2025-03-03 11:15:00+05:30,1208.8499755859375,1208.949951171875,1207.3499755859375,1207.5,89505,0.0,0.0
2025-03-03 11:20:00+05:30,1207.699951171875,1208.699951171875,1207.199951171875,1208.699951171875,91280,0.0,0.0
2025-03-03 11:25:00+05:30,1208.5999755859375,1209.4000244140625,1207.75,1207.75,164834,0.0,0.0
2025-03-03 11:30:00+05:30,1207.949951171875,1209.6500244140625,1207.8499755859375,1209.6500244140625,635695,0.0,0.0
2025-03-03 11:35:00+05:30,1209.300048828125,1209.300048828125,1208.1500244140625,1208.699951171875,28108,0.0,0.0
2025-03-03 11:40:00+05:30,1208.5999755859375,1208.949951171875,1207.300048828125,1207.699951171875,244099,0.0,0.0
2025-03-03 11:45:00+05:30,1207.6500244140625,1208.1500244140625,1207.3499755859375,1208.0,38456,0.0,0.0
2025-03-03 11:50:00+05:30,1208.050048828125,1208.5,1207.75,1207.9000244140625,25439,0.0,0.0
2025-03-03 11:55:00+05:30,1207.800048828125,1208.0,1207.449951171875,1207.949951171875,44639,0.0,0.0
2025-03-03 12:00:00+05:30,1208.0,1208.050048828125,1206.4000244140625,1208.0,42574,0.0,0.0
2025-03-03 12:05:00+05:30,1208.050048828125,1211.949951171875,1207.949951171875,1211.949951171875,87042,0.0,0.0
2025-03-03 12:10:00+05:30,1212.5,1214.800048828125,1212.4000244140625,1214.6500244140625,109701,0.0,0.0
2025-03-03 12:15:00+05:30,1214.3499755859375,1215.050048828125,1213.199951171875,1213.75,77698,0.0,0.0
2025-03-03 12:20:00+05:30,1213.75,1213.9000244140625,1213.050048828125,1213.449951171875,42618,0.0,0.0
2025-03-03 12:25:00+05:30,1213.550048828125,1213.550048828125,1212.25,1213.25,67308,0.0,0.0
2025-03-03 12:30:00+05:30,1212.550048828125,1215.0,1212.300048828125,1215.0,77229,0.0,0.0
2025-03-03 12:35:00+05:30,1215.0,1215.5,1213.050048828125,1213.449951171875,87936,0.0,0.0
2025-03-03 12:40:00+05:30,1213.0,1213.5999755859375,1212.25,1212.300048828125,58450,0.0,0.0
2025-03-03 12:45:00+05:30,1212.6500244140625,1214.6500244140625,1212.550048828125,1214.550048828125,52220,0.0,0.0
2025-03-03 12:50:00+05:30,1214.550048828125,1214.75,1213.4000244140625,1214.25,65314,0.0,0.0
2025-03-03 12:55:00+05:30,1214.5,1214.699951171875,1212.699951171875,1213.050048828125,64759,0.0,0.0
2025-03-03 13:00:00+05:30,1213.3499755859375,1213.9000244140625,1212.449951171875,1213.050048828125,56093,0.0,0.0
2025-03-03 13:05:00+05:30,1213.050048828125,1213.5999755859375,1212.0,1213.5,59169,0.0,0.0
2025-03-03 13:10:00+05:30,1213.5,1214.25,1213.3499755859375,1214.25,54927,0.0,0.0
2025-03-03 13:15:00+05:30,1214.3499755859375,1215.0,1213.75,1214.75,80079,0.0,0.0
2025-03-03 13:20:00+05:30,1214.6500244140625,1214.949951171875,1213.449951171875,1214.1500244140625,92649,0.0,0.0
2025-03-03 13:25:00+05:30,1214.3499755859375,1214.550048828125,1212.699951171875,1213.3499755859375,67183,0.0,0.0
2025-03-03 13:30:00+05:30,1213.3499755859375,1213.699951171875,1212.199951171875,1212.8499755859375,68632,0.0,0.0
2025-03-03 13:35:00+05:30,1212.6500244140625,1213.5999755859375,1212.4000244140625,1213.4000244140625,75751,0.0,0.0
2025-03-03 13:40:00+05:30,1213.300048828125,1213.4000244140625,1212.050048828125,1212.8499755859375,79279,0.0,0.0
2025-03-03 13:45:00+05:30,1212.5,1213.550048828125,1212.25,1212.9000244140625,71678,0.0,0.0
2025-03-03 13:50:00+05:30,1213.5999755859375,1214.0,1211.3499755859375,1211.8499755859375,71564,0.0,0.0
2025-03-03 13:55:00+05:30,1211.949951171875,1211.949951171875,1209.9000244140625,1210.0,65376,0.0,0.0
2025-03-03 14:00:00+05:30,1209.6500244140625,1210.699951171875,1209.300048828125,1210.5999755859375,56988,0.0,0.0
2025-03-03 14:05:00+05:30,1210.0999755859375,1210.5999755859375,1209.4000244140625,1209.8499755859375,58823,0.0,0.0
2025-03-03 14:10:00+05:30,1209.75,1211.3499755859375,1209.75,1210.699951171875,84621,0.0,0.0
2025-03-03 14:15:00+05:30,1210.1500244140625,1210.5999755859375,1209.550048828125,1210.300048828125,80040,0.0,0.0
2025-03-03 14:20:00+05:30,1210.199951171875,1211.4000244140625,1209.949951171875,1210.449951171875,55497,0.0,0.0
2025-03-03 14:25:00+05:30,1210.4000244140625,1211.6500244140625,1210.050048828125,1211.0,101057,0.0,0.0
2025-03-03 14:30:00+05:30,1211.300048828125,1211.300048828125,1209.25,1209.8499755859375,66555,0.0,0.0
2025-03-03 14:35:00+05:30,1210.25,1210.5999755859375,1209.4000244140625,1209.8499755859375,97103,0.0,0.0
2025-03-03 14:40:00+05:30,1210.0,1210.4000244140625,1209.449951171875,1210.0,48837,0.0,0.0
2025-03-03 14:45:00+05:30,1210.0999755859375,1210.4000244140625,1209.5,1209.75,65641,0.0,0.0
2025-03-03 14:50:00+05:30,1209.5,1210.25,1209.300048828125,1209.699951171875,66928,0.0,0.0
2025-03-03 14:55:00+05:30,1210.0,1210.0,1208.1500244140625,1209.0,72173,0.0,0.0
2025-03-03 15:00:00+05:30,1208.6500244140625,1208.6500244140625,1204.800048828125,1205.8499755859375,333601,0.0,0.0
2025-03-03 15:05:00+05:30,1206.199951171875,1207.699951171875,1205.449951171875,1207.5,235736,0.0,0.0
2025-03-03 15:10:00+05:30,1207.25,1207.449951171875,1205.050048828125,1205.5999755859375,203973,0.0,0.0
2025-03-03 15:15:00+05:30,1205.699951171875,1207.550048828125,1205.25,1207.300048828125,211470,0.0,0.0
2025-03-03 15:20:00+05:30,1207.4000244140625,1207.75,1205.6500244140625,1206.550048828125,237967,0.0,0.0
2025-03-03 15:25:00+05:30,1206.9000244140625,1208.699951171875,1206.199951171875,1206.199951171875,159450,0.0,0.0
2025-03-04 09:15:00+05:30,1211.6500244140625,1214.949951171875,1208.25,1214.300048828125,0,0.0,0.0
2025-03-04 09:20:00+05:30,1214.4000244140625,1214.800048828125,1212.0,1212.9000244140625,195042,0.0,0.0
2025-03-04 09:25:00+05:30,1212.949951171875,1212.949951171875,1208.050048828125,1208.449951171875,155581,0.0,0.0
2025-03-04 09:30:00+05:30,1208.5,1210.800048828125,1207.699951171875,1209.4000244140625,108472,0.0,0.0
2025-03-04 09:35:00+05:30,1209.0,1213.550048828125,1209.0,1212.4000244140625,85736,0.0,0.0
2025-03-04 09:40:00+05:30,1212.3499755859375,1215.75,1212.3499755859375,1214.5,117921,0.0,0.0
2025-03-04 09:45:00+05:30,1213.75,1214.699951171875,1212.699951171875,1214.199951171875,111571,0.0,0.0
2025-03-04 09:50:00+05:30,1214.0999755859375,1214.550048828125,1212.800048828125,1213.9000244140625,106415,0.0,0.0
2025-03-04 09:55:00+05:30,1213.9000244140625,1214.0,1211.0,1211.4000244140625,96685,0.0,0.0
2025-03-04 10:00:00+05:30,1211.5,1214.4000244140625,1211.25,1212.9000244140625,69293,0.0,0.0
2025-03-04 10:05:00+05:30,1213.0,1213.3499755859375,1211.9000244140625,1212.0,57077,0.0,0.0
2025-03-04 10:10:00+05:30,1211.9000244140625,1211.9000244140625,1209.199951171875,1210.5,65608,0.0,0.0
2025-03-04 10:15:00+05:30,1210.5,1211.050048828125,1209.699951171875,1210.1500244140625,112518,0.0,0.0
2025-03-04 10:20:00+05:30,1210.050048828125,1211.199951171875,1210.0,1210.800048828125,68199,0.0,0.0
2025-03-04 10:25:00+05:30,1210.75,1211.949951171875,1210.1500244140625,1211.5,73290,0.0,0.0
2025-03-04 10:30:00+05:30,1211.6500244140625,1211.699951171875,1210.699951171875,1211.199951171875,48711,0.0,0.0
2025-03-04 10:35:00+05:30,1211.1500244140625,1211.1500244140625,1210.1500244140625,1210.199951171875,44265,0.0,0.0
2025-03-04 10:40:00+05:30,1210.0999755859375,1210.0999755859375,1209.0,1209.1500244140625,106663,0.0,0.0
2025-03-04 10:45:00+05:30,1208.9000244140625,1210.550048828125,1208.0999755859375,1208.5,79094,0.0,0.0
2025-03-04 10:50:00+05:30,1208.699951171875,1208.75,1207.699951171875,1208.050048828125,70668,0.0,0.0
2025-03-04 10:55:00+05:30,1208.199951171875,1208.300048828125,1206.9000244140625,1207.199951171875,136432,0.0,0.0
2025-03-04 11:00:00+05:30,1207.050048828125,1208.1500244140625,1206.9000244140625,1207.6500244140625,117902,0.0,0.0
2025-03-04 11:05:00+05:30,1207.699951171875,1207.949951171875,1206.5999755859375,1207.0,120421,0.0,0.0
2025-03-04 11:10:00+05:30,1207.0,1207.800048828125,1206.6500244140625,1207.25,149178,0.0,0.0
2025-03-04 11:15:00+05:30,1207.25,1208.0999755859375,1207.0,1208.0999755859375,136015,0.0,0.0
2025-03-04 11:20:00+05:30,1208.300048828125,1209.949951171875,1207.6500244140625,1209.1500244140625,156396,0.0,0.0
2025-03-04 11:25:00+05:30,1209.199951171875,1210.5999755859375,1209.050048828125,1209.4000244140625,100388,0.0,0.0
2025-03-04 11:30:00+05:30,1209.75,1210.300048828125,1208.800048828125,1209.449951171875,107925,0.0,0.0
2025-03-04 11:35:00+05:30,1209.449951171875,1209.5,1208.6500244140625,1209.0,42326,0.0,0.0
2025-03-04 11:40:00+05:30,1209.050048828125,1209.199951171875,1208.4000244140625,1208.949951171875,64825,0.0,0.0
2025-03-04 11:45:00+05:30,1208.6500244140625,1209.0,1207.699951171875,1207.699951171875,45416,0.0,0.0
2025-03-04 11:50:00+05:30,1207.8499755859375,1208.949951171875,1207.5999755859375,1208.050048828125,67932,0.0,0.0
2025-03-04 11:55:00+05:30,1208.0,1209.949951171875,1208.0,1209.800048828125,60842,0.0,0.0
2025-03-04 12:00:00+05:30,1210.0,1210.5,1209.3499755859375,1210.0999755859375,55046,0.0,0.0
2025-03-04 12:05:00+05:30,1210.0999755859375,1210.5999755859375,1209.3499755859375,1210.25,52009,0.0,0.0
2025-03-04 12:10:00+05:30,1210.1500244140625,1210.550048828125,1210.0,1210.0999755859375,45648,0.0,0.0
2025-03-04 12:15:00+05:30,1210.0999755859375,1210.75,1209.6500244140625,1210.4000244140625,69637,0.0,0.0
2025-03-04 12:20:00+05:30,1210.9000244140625,1211.5999755859375,1210.8499755859375,1211.199951171875,83089,0.0,0.0
2025-03-04 12:25:00+05:30,1211.199951171875,1211.699951171875,1211.050048828125,1211.199951171875,45055,0.0,0.0
2025-03-04 12:30:00+05:30,1211.1500244140625,1211.5999755859375,1210.75,1211.0999755859375,62909,0.0,0.0
2025-03-04 12:35:00+05:30,1211.0999755859375,1211.550048828125,1210.4000244140625,1210.449951171875,60840,0.0,0.0
2025-03-04 12:40:00+05:30,1210.5,1211.25,1210.1500244140625,1211.050048828125,53498,0.0,0.0
2025-03-04 12:45:00+05:30,1210.9000244140625,1211.6500244140625,1210.5999755859375,1211.25,70959,0.0,0.0
2025-03-04 12:50:00+05:30,1211.25,1211.800048828125,1211.0,1211.5,70389,0.0,0.0
2025-03-04 12:55:00+05:30,1211.5,1212.300048828125,1211.0999755859375,1212.0,86979,0.0,0.0
2025-03-04 13:00:00+05:30,1212.3499755859375,1212.3499755859375,1211.0,1211.75,113402,0.0,0.0
2025-03-04 13:05:00+05:30,1211.3499755859375,1213.5,1211.050048828125,1213.300048828125,103925,0.0,0.0
2025-03-04 13:10:00+05:30,1213.1500244140625,1213.9000244140625,1212.6500244140625,1213.75,85404,0.0,0.0
2025-03-04 13:15:00+05:30,1213.5,1214.5999755859375,1213.300048828125,1214.5,138004,0.0,0.0
2025-03-04 13:20:00+05:30,1214.4000244140625,1214.5,1214.0,1214.300048828125,83389,0.0,0.0
2025-03-04 13:25:00+05:30,1214.199951171875,1214.9000244140625,1213.0,1213.5999755859375,99297,0.0,0.0
2025-03-04 13:30:00+05:30,1213.199951171875,1215.5999755859375,1213.199951171875,1215.5999755859375,121201,0.0,0.0
2025-03-04 13:35:00+05:30,1215.550048828125,1216.550048828125,1215.0999755859375,1215.3499755859375,93725,0.0,0.0
2025-03-04 13:40:00+05:30,1215.199951171875,1215.75,1214.199951171875,1214.5,85193,0.0,0.0
2025-03-04 13:45:00+05:30,1214.5,1215.3499755859375,1214.4000244140625,1214.699951171875,67046,0.0,0.0
2025-03-04 13:50:00+05:30,1214.75,1215.300048828125,1214.1500244140625,1214.5999755859375,56159,0.0,0.0
2025-03-04 13:55:00+05:30,1214.550048828125,1215.5,1214.550048828125,1214.949951171875,82342,0.0,0.0
2025-03-04 14:00:00+05:30,1215.0999755859375,1215.0999755859375,1213.9000244140625,1214.25,81037,0.0,0.0
2025-03-04 14:05:00+05:30,1214.300048828125,1215.1500244140625,1213.300048828125,1213.699951171875,180383,0.0,0.0
2025-03-04 14:10:00+05:30,1213.6500244140625,1214.199951171875,1211.800048828125,1211.800048828125,107443,0.0,0.0
2025-03-04 14:15:00+05:30,1211.8499755859375,1212.5,1211.6500244140625,1212.4000244140625,126694,0.0,0.0
2025-03-04 14:20:00+05:30,1212.4000244140625,1212.949951171875,1211.6500244140625,1211.6500244140625,78041,0.0,0.0
2025-03-04 14:25:00+05:30,1211.5,1212.25,1211.199951171875,1211.75,84437,0.0,0.0
2025-03-04 14:30:00+05:30,1211.699951171875,1211.75,1210.300048828125,1211.0,81666,0.0,0.0
2025-03-04 14:35:00+05:30,1211.25,1211.25,1209.0,1209.800048828125,131163,0.0,0.0
2025-03-04 14:40:00+05:30,1209.75,1210.3499755859375,1209.1500244140625,1209.800048828125,101636,0.0,0.0
2025-03-04 14:45:00+05:30,1209.800048828125,1209.800048828125,1209.1500244140625,1209.449951171875,132310,0.0,0.0
2025-03-04 14:50:00+05:30,1209.449951171875,1210.0,1209.25,1209.25,140160,0.0,0.0
2025-03-04 14:55:00+05:30,1209.0,1209.6500244140625,1208.0,1208.6500244140625,154651,0.0,0.0
2025-03-04 15:00:00+05:30,1208.699951171875,1209.9000244140625,1208.25,1209.1500244140625,343663,0.0,0.0
2025-03-04 15:05:00+05:30,1209.050048828125,1210.0,1208.6500244140625,1208.800048828125,449951,0.0,0.0
2025-03-04 15:10:00+05:30,1208.800048828125,1210.0,1208.550048828125,1209.5999755859375,375315,0.0,0.0
2025-03-04 15:15:00+05:30,1209.5999755859375,1212.800048828125,1209.0,1212.800048828125,390224,0.0,0.0
2025-03-04 15:20:00+05:30,1212.5999755859375,1213.0,1211.4000244140625,1212.4000244140625,343283,0.0,0.0
2025-03-04 15:25:00+05:30,1212.3499755859375,1213.9000244140625,1210.4000244140625,1210.4000244140625,313128,0.0,0.0
2025-03-05 09:15:00+05:30,1216.550048828125,1222.949951171875,1215.25,1221.1500244140625,0,0.0,0.0
2025-03-05 09:20:00+05:30,1220.800048828125,1224.449951171875,1220.800048828125,1224.050048828125,176782,0.0,0.0
2025-03-05 09:25:00+05:30,1224.050048828125,1225.4000244140625,1223.300048828125,1224.449951171875,118512,0.0,0.0
2025-03-05 09:30:00+05:30,1224.5,1225.949951171875,1223.550048828125,1224.6500244140625,123769,0.0,0.0
2025-03-05 09:35:00+05:30,1224.199951171875,1224.199951171875,1220.0,1220.4000244140625,104348,0.0,0.0
2025-03-05 09:40:00+05:30,1220.3499755859375,1220.6500244140625,1218.75,1220.0,76469,0.0,0.0
2025-03-05 09:45:00+05:30,1220.1500244140625,1223.0,1219.800048828125,1221.699951171875,87236,0.0,0.0
2025-03-05 09:50:00+05:30,1221.699951171875,1222.4000244140625,1220.949951171875,1222.25,46071,0.0,0.0
2025-03-05 09:55:00+05:30,1222.550048828125,1222.800048828125,1218.75,1219.0,106527,0.0,0.0
2025-03-05 10:00:00+05:30,1219.0,1220.050048828125,1217.949951171875,1218.449951171875,74237,0.0,0.0
2025-03-05 10:05:00+05:30,1218.0,1219.1500244140625,1217.5999755859375,1218.949951171875,64755,0.0,0.0
2025-03-05 10:10:00+05:30,1218.949951171875,1218.949951171875,1216.5,1216.5999755859375,70585,0.0,0.0
2025-03-05 10:15:00+05:30,1216.75,1217.0,1213.75,1214.050048828125,158969,0.0,0.0
2025-03-05 10:20:00+05:30,1213.699951171875,1214.6500244140625,1213.1500244140625,1214.0999755859375,68772,0.0,0.0
2025-03-05 10:25:00+05:30,1214.3499755859375,1215.25,1213.800048828125,1214.9000244140625,47145,0.0,0.0
2025-03-05 10:30:00+05:30,1215.050048828125,1215.449951171875,1213.949951171875,1215.449951171875,90623,0.0,0.0
2025-03-05 10:35:00+05:30,1215.1500244140625,1216.5,1214.699951171875,1215.800048828125,92279,0.0,0.0
2025-03-05 10:40:00+05:30,1215.6500244140625,1216.25,1213.0,1213.449951171875,84155,0.0,0.0
2025-03-05 10:45:00+05:30,1213.449951171875,1213.5,1212.6500244140625,1212.75,59014,0.0,0.0
2025-03-05 10:50:00+05:30,1213.0,1214.4000244140625,1211.8499755859375,1214.4000244140625,76783,0.0,0.0
2025-03-05 10:55:00+05:30,1214.0999755859375,1214.25,1213.0999755859375,1213.9000244140625,41215,0.0,0.0
2025-03-05 11:00:00+05:30,1213.449951171875,1213.949951171875,1212.5999755859375,1212.9000244140625,98845,0.0,0.0
2025-03-05 11:05:00+05:30,1212.9000244140625,1212.949951171875,1211.5,1211.5999755859375,54135,0.0,0.0
2025-03-05 11:10:00+05:30,1211.800048828125,1213.25,1211.5999755859375,1213.1500244140625,37194,0.0,0.0
2025-03-05 11:15:00+05:30,1213.1500244140625,1214.050048828125,1213.0999755859375,1213.8499755859375,31822,0.0,0.0
2025-03-05 11:20:00+05:30,1214.0,1214.0999755859375,1213.199951171875,1213.4000244140625,42826,0.0,0.0
2025-03-05 11:25:00+05:30,1213.25,1213.6500244140625,1212.300048828125,1213.6500244140625,44774,0.0,0.0
2025-03-05 11:30:00+05:30,1213.550048828125,1214.8499755859375,1213.550048828125,1214.25,42496,0.0,0.0
2025-03-05 11:35:00+05:30,1214.199951171875,1216.949951171875,1214.199951171875,1216.949951171875,89487,0.0,0.0
2025-03-05 11:40:00+05:30,1216.949951171875,1217.0,1215.4000244140625,1215.550048828125,62773,0.0,0.0
2025-03-05 11:45:00+05:30,1215.550048828125,1216.550048828125,1215.550048828125,1216.0,41617,0.0,0.0
2025-03-05 11:50:00+05:30,1215.949951171875,1216.3499755859375,1215.8499755859375,1215.949951171875,58176,0.0,0.0
2025-03-05 11:55:00+05:30,1215.949951171875,1216.5999755859375,1214.800048828125,1216.5,95786,0.0,0.0
2025-03-05 12:00:00+05:30,1216.6500244140625,1217.6500244140625,1216.550048828125,1217.199951171875,67026,0.0,0.0
2025-03-05 12:05:00+05:30,1217.0999755859375,1217.1500244140625,1216.199951171875,1216.25,45325,0.0,0.0
2025-03-05 12:10:00+05:30,1216.4000244140625,1217.8499755859375,1216.4000244140625,1217.8499755859375,71209,0.0,0.0
2025-03-05 12:15:00+05:30,1217.75,1217.8499755859375,1215.5,1216.0,57735,0.0,0.0
2025-03-05 12:20:00+05:30,1215.949951171875,1216.9000244140625,1215.699951171875,1216.9000244140625,64811,0.0,0.0
2025-03-05 12:25:00+05:30,1216.9000244140625,1217.5,1216.699951171875,1217.0,33006,0.0,0.0
2025-03-05 12:30:00+05:30,1217.0,1217.8499755859375,1216.800048828125,1217.300048828125,53081,0.0,0.0
2025-03-05 12:35:00+05:30,1217.300048828125,1217.75,1216.3499755859375,1217.25,37855,0.0,0.0
2025-03-05 12:40:00+05:30,1217.25,1217.4000244140625,1215.5,1215.699951171875,76444,0.0,0.0
2025-03-05 12:45:00+05:30,1215.699951171875,1215.75,1215.0,1215.449951171875,32887,0.0,0.0
2025-03-05 12:50:00+05:30,1215.449951171875,1216.0,1215.0,1215.199951171875,62398,0.0,0.0
2025-03-05 12:55:00+05:30,1214.9000244140625,1215.4000244140625,1213.449951171875,1214.699951171875,83916,0.0,0.0
2025-03-05 13:00:00+05:30,1214.699951171875,1214.8499755859375,1213.5,1213.8499755859375,30975,0.0,0.0
2025-03-05 13:05:00+05:30,1213.8499755859375,1213.8499755859375,1211.9000244140625,1213.5,53292,0.0,0.0
2025-03-05 13:10:00+05:30,1213.449951171875,1214.5,1213.25,1213.9000244140625,33709,0.0,0.0
2025-03-05 13:15:00+05:30,1213.8499755859375,1214.449951171875,1213.8499755859375,1213.949951171875,29903,0.0,0.0
2025-03-05 13:20:00+05:30,1213.8499755859375,1213.8499755859375,1212.75,1212.949951171875,48238,0.0,0.0
2025-03-05 13:25:00+05:30,1212.949951171875,1214.0,1212.5999755859375,1213.800048828125,35059,0.0,0.0
2025-03-05 13:30:00+05:30,1213.800048828125,1214.199951171875,1212.5999755859375,1213.0,59091,0.0,0.0
2025-03-05 13:35:00+05:30,1212.949951171875,1213.0999755859375,1212.0,1212.3499755859375,69343,0.0,0.0
2025-03-05 13:40:00+05:30,1212.3499755859375,1214.949951171875,1211.5,1214.449951171875,235932,0.0,0.0
2025-03-05 13:45:00+05:30,1214.300048828125,1216.0999755859375,1214.0,1215.949951171875,118575,0.0,0.0
2025-03-05 13:50:00+05:30,1215.949951171875,1217.199951171875,1215.5999755859375,1216.800048828125,119516,0.0,0.0
2025-03-05 13:55:00+05:30,1216.75,1217.75,1216.3499755859375,1216.699951171875,84421,0.0,0.0
2025-03-05 14:00:00+05:30,1216.699951171875,1217.5,1216.0999755859375,1217.199951171875,128279,0.0,0.0
2025-03-05 14:05:00+05:30,1217.300048828125,1217.300048828125,1215.5999755859375,1215.9000244140625,113625,0.0,0.0
2025-03-05 14:10:00+05:30,1215.8499755859375,1216.550048828125,1214.949951171875,1216.550048828125,88897,0.0,0.0
2025-03-05 14:15:00+05:30,1216.550048828125,1216.699951171875,1215.1500244140625,1215.5,94972,0.0,0.0
2025-03-05 14:20:00+05:30,1215.25,1216.0,1215.0999755859375,1215.75,102914,0.0,0.0
2025-03-05 14:25:00+05:30,1215.75,1216.0,1215.0999755859375,1215.5,72831,0.0,0.0
2025-03-05 14:30:00+05:30,1215.6500244140625,1216.0,1215.050048828125,1215.550048828125,82380,0.0,0.0
2025-03-05 14:35:00+05:30,1215.550048828125,1217.0,1215.199951171875,1216.9000244140625,82328,0.0,0.0
2025-03-05 14:40:00+05:30,1216.6500244140625,1217.9000244140625,1216.550048828125,1217.5999755859375,1420711,0.0,0.0
2025-03-05 14:45:00+05:30,1217.5999755859375,1217.75,1216.550048828125,1217.0,82269,0.0,0.0
2025-03-05 14:50:00+05:30,1216.9000244140625,1219.0,1216.3499755859375,1219.0,115980,0.0,0.0
2025-03-05 14:55:00+05:30,1218.699951171875,1219.1500244140625,1217.199951171875,1217.699951171875,96430,0.0,0.0
2025-03-05 15:00:00+05:30,1217.699951171875,1218.8499755859375,1216.0999755859375,1216.800048828125,334613,0.0,0.0
2025-03-05 15:05:00+05:30,1216.800048828125,1217.949951171875,1215.699951171875,1216.1500244140625,283904,0.0,0.0
2025-03-05 15:10:00+05:30,1216.25,1216.550048828125,1215.0,1215.050048828125,231948,0.0,0.0
2025-03-05 15:15:00+05:30,1215.050048828125,1216.4000244140625,1214.949951171875,1215.8499755859375,317026,0.0,0.0
2025-03-05 15:20:00+05:30,1215.9000244140625,1216.449951171875,1213.800048828125,1213.800048828125,245509,0.0,0.0
2025-03-05 15:25:00+05:30,1213.800048828125,1215.699951171875,1213.4000244140625,1215.699951171875,246338,0.0,0.0
2025-03-06 09:15:00+05:30,1225.449951171875,1225.449951171875,1218.550048828125,1218.949951171875,0,0.0,0.0
2025-03-06 09:20:00+05:30,1218.949951171875,1220.050048828125,1214.699951171875,1215.199951171875,346586,0.0,0.0
2025-03-06 09:25:00+05:30,1215.25,1215.4000244140625,1213.25,1214.300048828125,192432,0.0,0.0
2025-03-06 09:30:00+05:30,1214.0999755859375,1215.449951171875,1212.949951171875,1214.8499755859375,250017,0.0,0.0
2025-03-06 09:35:00+05:30,1214.8499755859375,1215.449951171875,1211.0,1211.0,202817,0.0,0.0
2025-03-06 09:40:00+05:30,1211.449951171875,1212.550048828125,1210.550048828125,1212.5,168653,0.0,0.0
2025-03-06 09:45:00+05:30,1212.5,1213.300048828125,1209.050048828125,1209.300048828125,220116,0.0,0.0
2025-03-06 09:50:00+05:30,1209.5,1213.0,1209.25,1213.0,156487,0.0,0.0
2025-03-06 09:55:00+05:30,1212.75,1214.050048828125,1211.949951171875,1213.050048828125,175724,0.0,0.0
2025-03-06 10:00:00+05:30,1213.0,1215.0,1212.449951171875,1215.0,128849,0.0,0.0
2025-03-06 10:05:00+05:30,1215.050048828125,1217.5,1214.75,1216.300048828125,134409,0.0,0.0
2025-03-06 10:10:00+05:30,1216.300048828125,1216.75,1215.300048828125,1215.300048828125,65356,0.0,0.0
2025-03-06 10:15:00+05:30,1215.550048828125,1217.5,1214.6500244140625,1217.300048828125,58799,0.0,0.0
2025-03-06 10:20:00+05:30,1217.300048828125,1217.449951171875,1216.0,1216.800048828125,109097,0.0,0.0
2025-03-06 10:25:00+05:30,1216.75,1217.949951171875,1216.199951171875,1217.550048828125,139321,0.0,0.0
2025-03-06 10:30:00+05:30,1217.699951171875,1218.5999755859375,1216.050048828125,1216.699951171875,203453,0.0,0.0
2025-03-06 10:35:00+05:30,1216.699951171875,1217.050048828125,1215.25,1215.9000244140625,73153,0.0,0.0
2025-03-06 10:40:00+05:30,1215.75,1216.0,1215.199951171875,1215.699951171875,44154,0.0,0.0
2025-03-06 10:45:00+05:30,1215.9000244140625,1216.0,1215.199951171875,1216.0,56871,0.0,0.0
2025-03-06 10:50:00+05:30,1216.0,1216.0,1215.050048828125,1215.300048828125,47940,0.0,0.0
2025-03-06 10:55:00+05:30,1215.3499755859375,1215.5999755859375,1213.0999755859375,1213.800048828125,56307,0.0,0.0
2025-03-06 11:00:00+05:30,1213.949951171875,1216.199951171875,1213.300048828125,1216.0,72404,0.0,0.0
2025-03-06 11:05:00+05:30,1215.5999755859375,1218.6500244140625,1214.800048828125,1215.4000244140625,135180,0.0,0.0
2025-03-06 11:10:00+05:30,1215.050048828125,1216.0,1214.75,1215.5,86548,0.0,0.0
2025-03-06 11:15:00+05:30,1215.5,1215.699951171875,1214.949951171875,1214.949951171875,39502,0.0,0.0
2025-03-06 11:20:00+05:30,1214.949951171875,1215.300048828125,1212.9000244140625,1213.0,153136,0.0,0.0
2025-03-06 11:25:00+05:30,1212.800048828125,1213.6500244140625,1211.1500244140625,1212.800048828125,151469,0.0,0.0
2025-03-06 11:30:00+05:30,1212.6500244140625,1213.449951171875,1211.5,1213.0999755859375,45969,0.0,0.0
2025-03-06 11:35:00+05:30,1213.0999755859375,1214.300048828125,1212.9000244140625,1214.1500244140625,39100,0.0,0.0
2025-03-06 11:40:00+05:30,1214.0999755859375,1214.800048828125,1213.0,1214.75,37595,0.0,0.0
2025-03-06 11:45:00+05:30,1214.75,1215.75,1214.5999755859375,1215.0,76981,0.0,0.0
2025-03-06 11:50:00+05:30,1214.949951171875,1217.0,1214.949951171875,1215.8499755859375,96648,0.0,0.0
2025-03-06 11:55:00+05:30,1216.0,1216.5999755859375,1215.449951171875,1215.75,80263,0.0,0.0
2025-03-06 12:00:00+05:30,1215.75,1217.0,1215.300048828125,1216.75,69783,0.0,0.0
2025-03-06 12:05:00+05:30,1216.699951171875,1217.0,1215.300048828125,1215.9000244140625,89236,0.0,0.0
2025-03-06 12:10:00+05:30,1215.75,1215.9000244140625,1214.8499755859375,1215.0,46952,0.0,0.0
2025-03-06 12:15:00+05:30,1215.0,1216.199951171875,1214.6500244140625,1215.0,73710,0.0,0.0
2025-03-06 12:20:00+05:30,1215.0,1216.550048828125,1214.75,1215.9000244140625,84571,0.0,0.0
2025-03-06 12:25:00+05:30,1216.0,1216.550048828125,1215.3499755859375,1215.8499755859375,114732,0.0,0.0
2025-03-06 12:30:00+05:30,1215.3499755859375,1217.449951171875,1215.25,1215.8499755859375,80537,0.0,0.0
2025-03-06 12:35:00+05:30,1215.8499755859375,1216.800048828125,1215.0,1215.800048828125,79866,0.0,0.0
2025-03-06 12:40:00+05:30,1215.800048828125,1216.449951171875,1215.300048828125,1216.0,57375,0.0,0.0
2025-03-06 12:45:00+05:30,1216.0,1216.5,1215.0,1216.449951171875,61759,0.0,0.0
2025-03-06 12:50:00+05:30,1216.0,1217.75,1216.0,1216.800048828125,80449,0.0,0.0
2025-03-06 12:55:00+05:30,1216.800048828125,1217.800048828125,1216.800048828125,1217.449951171875,71806,0.0,0.0
2025-03-06 13:00:00+05:30,1217.1500244140625,1217.449951171875,1216.75,1217.199951171875,60176,0.0,0.0
2025-03-06 13:05:00+05:30,1217.050048828125,1217.800048828125,1216.9000244140625,1217.75,40538,0.0,0.0
2025-03-06 13:10:00+05:30,1217.5999755859375,1217.8499755859375,1216.949951171875,1217.550048828125,58456,0.0,0.0
2025-03-06 13:15:00+05:30,1217.550048828125,1218.0,1216.699951171875,1217.5,75550,0.0,0.0
2025-03-06 13:20:00+05:30,1218.0,1218.0,1216.4000244140625,1217.5999755859375,61429,0.0,0.0
2025-03-06 13:25:00+05:30,1217.75,1219.0,1217.0,1218.8499755859375,1735056,0.0,0.0
2025-03-06 13:30:00+05:30,1218.550048828125,1219.1500244140625,1217.949951171875,1219.0999755859375,63704,0.0,0.0
2025-03-06 13:35:00+05:30,1219.050048828125,1219.5,1217.050048828125,1217.449951171875,119362,0.0,0.0
2025-03-06 13:40:00+05:30,1217.699951171875,1217.8499755859375,1216.0,1216.300048828125,95230,0.0,0.0
2025-03-06 13:45:00+05:30,1216.4000244140625,1217.449951171875,1216.1500244140625,1217.449951171875,108151,0.0,0.0
2025-03-06 13:50:00+05:30,1217.0999755859375,1218.300048828125,1216.199951171875,1217.550048828125,159582,0.0,0.0
2025-03-06 13:55:00+05:30,1217.3499755859375,1218.300048828125,1216.75,1217.0999755859375,122457,0.0,0.0
2025-03-06 14:00:00+05:30,1217.449951171875,1217.75,1216.4000244140625,1216.6500244140625,166825,0.0,0.0
2025-03-06 14:05:00+05:30,1216.550048828125,1217.8499755859375,1216.5,1217.3499755859375,168566,0.0,0.0
2025-03-06 14:10:00+05:30,1217.3499755859375,1218.5999755859375,1216.75,1217.300048828125,118564,0.0,0.0
2025-03-06 14:15:00+05:30,1217.199951171875,1219.0,1217.050048828125,1218.5999755859375,136220,0.0,0.0
2025-03-06 14:20:00+05:30,1218.3499755859375,1219.800048828125,1217.9000244140625,1219.3499755859375,152768,0.0,0.0
2025-03-06 14:25:00+05:30,1219.300048828125,1219.949951171875,1218.25,1218.5,108560,0.0,0.0
2025-03-06 14:30:00+05:30,1218.5,1219.75,1217.800048828125,1219.199951171875,171555,0.0,0.0
2025-03-06 14:35:00+05:30,1219.050048828125,1219.75,1218.6500244140625,1219.0,89915,0.0,0.0
2025-03-06 14:40:00+05:30,1219.0,1219.949951171875,1218.199951171875,1219.5,153438,0.0,0.0
2025-03-06 14:45:00+05:30,1219.199951171875,1220.9000244140625,1218.8499755859375,1220.050048828125,156225,0.0,0.0
2025-03-06 14:50:00+05:30,1220.199951171875,1220.550048828125,1217.800048828125,1217.800048828125,161184,0.0,0.0
2025-03-06 14:55:00+05:30,1217.800048828125,1218.699951171875,1217.4000244140625,1217.800048828125,137058,0.0,0.0
2025-03-06 15:00:00+05:30,1217.8499755859375,1219.4000244140625,1217.6500244140625,1218.0,399032,0.0,0.0
2025-03-06 15:05:00+05:30,1218.550048828125,1219.0,1217.300048828125,1217.5999755859375,395817,0.0,0.0
2025-03-06 15:10:00+05:30,1217.449951171875,1217.8499755859375,1216.5,1217.300048828125,266443,0.0,0.0
2025-03-06 15:15:00+05:30,1217.4000244140625,1217.550048828125,1216.5999755859375,1217.1500244140625,258204,0.0,0.0
2025-03-06 15:20:00+05:30,1217.1500244140625,1219.75,1216.6500244140625,1219.199951171875,259351,0.0,0.0
2025-03-06 15:25:00+05:30,1219.550048828125,1220.0,1218.0,1219.0,248212,0.0,0.0
2025-03-07 09:15:00+05:30,1212.8499755859375,1215.4000244140625,1211.0999755859375,1214.3499755859375,0,0.0,0.0
2025-03-07 09:20:00+05:30,1214.3499755859375,1214.449951171875,1210.0,1210.1500244140625,145079,0.0,0.0
2025-03-07 09:25:00+05:30,1210.5,1211.300048828125,1209.300048828125,1209.5,78991,0.0,0.0
2025-03-07 09:30:00+05:30,1209.449951171875,1209.550048828125,1207.0999755859375,1209.4000244140625,132675,0.0,0.0
2025-03-07 09:35:00+05:30,1209.050048828125,1210.0,1207.4000244140625,1207.4000244140625,99159,0.0,0.0
2025-03-07 09:40:00+05:30,1207.4000244140625,1208.5999755859375,1206.4000244140625,1208.199951171875,83631,0.0,0.0
2025-03-07 09:45:00+05:30,1208.550048828125,1209.1500244140625,1207.75,1208.800048828125,59034,0.0,0.0
2025-03-07 09:50:00+05:30,1209.4000244140625,1209.8499755859375,1209.0999755859375,1209.5,53132,0.0,0.0
2025-03-07 09:55:00+05:30,1209.4000244140625,1210.550048828125,1209.0,1210.550048828125,59077,0.0,0.0
2025-03-07 10:00:00+05:30,1210.5,1211.25,1209.5999755859375,1210.699951171875,50017,0.0,0.0
2025-03-07 10:05:00+05:30,1210.8499755859375,1212.550048828125,1210.5,1212.300048828125,57092,0.0,0.0
2025-03-07 10:10:00+05:30,1212.550048828125,1212.8499755859375,1211.75,1212.800048828125,45647,0.0,0.0
2025-03-07 10:15:00+05:30,1213.25,1216.5,1212.3499755859375,1215.9000244140625,101624,0.0,0.0
2025-03-07 10:20:00+05:30,1215.9000244140625,1216.0999755859375,1214.0,1214.300048828125,62520,0.0,0.0
2025-03-07 10:25:00+05:30,1214.0,1215.0,1213.75,1214.8499755859375,64399,0.0,0.0
2025-03-07 10:30:00+05:30,1214.8499755859375,1214.949951171875,1213.8499755859375,1214.5999755859375,39963,0.0,0.0
2025-03-07 10:35:00+05:30,1214.9000244140625,1217.0,1214.8499755859375,1216.550048828125,96496,0.0,0.0
2025-03-07 10:40:00+05:30,1216.550048828125,1216.9000244140625,1215.550048828125,1215.550048828125,47883,0.0,0.0
2025-03-07 10:45:00+05:30,1215.5999755859375,1216.300048828125,1214.300048828125,1216.300048828125,117991,0.0,0.0
2025-03-07 10:50:00+05:30,1216.0,1216.0,1212.699951171875,1212.949951171875,141036,0.0,0.0
2025-03-07 10:55:00+05:30,1213.0,1213.25,1211.5,1211.5,101327,0.0,0.0
2025-03-07 11:00:00+05:30,1211.550048828125,1212.25,1211.0,1211.949951171875,83197,0.0,0.0
2025-03-07 11:05:00+05:30,1212.0,1213.75,1212.0,1213.75,75339,0.0,0.0
2025-03-07 11:10:00+05:30,1214.3499755859375,1215.949951171875,1213.6500244140625,1215.5,110018,0.0,0.0
2025-03-07 11:15:00+05:30,1215.449951171875,1217.0,1215.25,1216.1500244140625,56243,0.0,0.0
2025-03-07 11:20:00+05:30,1216.199951171875,1216.199951171875,1216.0,1216.050048828125,43946,0.0,0.0
2025-03-07 11:25:00+05:30,1216.050048828125,1216.050048828125,1215.25,1215.8499755859375,31412,0.0,0.0
2025-03-07 11:30:00+05:30,1215.8499755859375,1216.0,1215.050048828125,1215.199951171875,31290,0.0,0.0
2025-03-07 11:35:00+05:30,1215.199951171875,1215.199951171875,1214.449951171875,1215.050048828125,35864,0.0,0.0
2025-03-07 11:40:00+05:30,1214.8499755859375,1215.3499755859375,1214.449951171875,1215.050048828125,28449,0.0,0.0
2025-03-07 11:45:00+05:30,1215.0,1215.1500244140625,1213.0999755859375,1213.5999755859375,53530,0.0,0.0
2025-03-07 11:50:00+05:30,1213.6500244140625,1214.3499755859375,1213.0,1213.5999755859375,55921,0.0,0.0
2025-03-07 11:55:00+05:30,1213.550048828125,1213.550048828125,1212.5,1212.699951171875,22940,0.0,0.0
2025-03-07 12:00:00+05:30,1212.75,1212.949951171875,1211.949951171875,1212.5,38110,0.0,0.0
2025-03-07 12:05:00+05:30,1212.6500244140625,1212.6500244140625,1211.949951171875,1212.0,48243,0.0,0.0
2025-03-07 12:10:00+05:30,1212.0,1212.800048828125,1211.75,1212.800048828125,42992,0.0,0.0
2025-03-07 12:15:00+05:30,1212.800048828125,1213.3499755859375,1212.050048828125,1212.199951171875,55855,0.0,0.0
2025-03-07 12:20:00+05:30,1212.199951171875,1213.8499755859375,1212.0,1213.550048828125,29259,0.0,0.0
2025-03-07 12:25:00+05:30,1213.75,1214.550048828125,1213.5999755859375,1214.4000244140625,27077,0.0,0.0
2025-03-07 12:30:00+05:30,1214.4000244140625,1215.949951171875,1214.050048828125,1215.199951171875,60477,0.0,0.0
2025-03-07 12:35:00+05:30,1215.050048828125,1215.550048828125,1214.8499755859375,1214.8499755859375,32802,0.0,0.0
2025-03-07 12:40:00+05:30,1214.800048828125,1215.0,1214.550048828125,1214.949951171875,33162,0.0,0.0
2025-03-07 12:45:00+05:30,1214.949951171875,1215.0,1213.449951171875,1213.8499755859375,43199,0.0,0.0
2025-03-07 12:50:00+05:30,1213.8499755859375,1214.0,1213.050048828125,1213.1500244140625,25995,0.0,0.0
2025-03-07 12:55:00+05:30,1213.0999755859375,1214.199951171875,1212.800048828125,1213.9000244140625,47956,0.0,0.0
2025-03-07 13:00:00+05:30,1213.949951171875,1214.0,1213.199951171875,1213.8499755859375,36692,0.0,0.0
2025-03-07 13:05:00+05:30,1213.949951171875,1214.4000244140625,1213.550048828125,1214.0999755859375,45172,0.0,0.0
2025-03-07 13:10:00+05:30,1214.050048828125,1214.800048828125,1213.449951171875,1214.550048828125,49047,0.0,0.0
2025-03-07 13:15:00+05:30,1214.75,1216.3499755859375,1214.3499755859375,1216.3499755859375,38652,0.0,0.0
2025-03-07 13:20:00+05:30,1216.5,1216.6500244140625,1215.800048828125,1216.6500244140625,45852,0.0,0.0
2025-03-07 13:25:00+05:30,1216.5999755859375,1217.0,1215.699951171875,1216.949951171875,61126,0.0,0.0
2025-03-07 13:30:00+05:30,1216.949951171875,1217.0,1216.050048828125,1216.800048828125,37793,0.0,0.0
2025-03-07 13:35:00+05:30,1216.699951171875,1217.75,1216.699951171875,1217.199951171875,48203,0.0,0.0
2025-03-07 13:40:00+05:30,1217.25,1217.699951171875,1216.6500244140625,1217.4000244140625,48595,0.0,0.0
2025-03-07 13:45:00+05:30,1217.300048828125,1217.300048828125,1214.300048828125,1214.949951171875,213720,0.0,0.0
2025-03-07 13:50:00+05:30,1214.550048828125,1214.550048828125,1212.0,1213.0,209251,0.0,0.0
2025-03-07 13:55:00+05:30,1212.949951171875,1213.0,1212.0,1213.0,49926,0.0,0.0
2025-03-07 14:00:00+05:30,1213.0,1213.0,1212.9000244140625,1213.0,52267,0.0,0.0
2025-03-07 14:05:00+05:30,1213.0,1213.25,1212.75,1213.0,42147,0.0,0.0
2025-03-07 14:10:00+05:30,1212.9000244140625,1213.0,1212.5999755859375,1213.0,49642,0.0,0.0
2025-03-07 14:15:00+05:30,1213.0,1213.0,1212.9000244140625,1213.0,61862,0.0,0.0
2025-03-07 14:20:00+05:30,1213.0,1213.0,1212.449951171875,1212.800048828125,49561,0.0,0.0
2025-03-07 14:25:00+05:30,1212.8499755859375,1214.0,1212.75,1214.0,47019,0.0,0.0
2025-03-07 14:30:00+05:30,1214.1500244140625,1215.1500244140625,1213.550048828125,1215.1500244140625,44809,0.0,0.0
2025-03-07 14:35:00+05:30,1215.1500244140625,1215.25,1213.949951171875,1214.550048828125,58896,0.0,0.0
2025-03-07 14:40:00+05:30,1214.25,1215.699951171875,1213.9000244140625,1215.199951171875,79045,0.0,0.0
2025-03-07 14:45:00+05:30,1215.050048828125,1215.949951171875,1214.4000244140625,1215.5,74274,0.0,0.0
2025-03-07 14:50:00+05:30,1215.6500244140625,1215.6500244140625,1214.550048828125,1215.25,70016,0.0,0.0
2025-03-07 14:55:00+05:30,1215.199951171875,1216.8499755859375,1215.199951171875,1216.699951171875,75731,0.0,0.0
2025-03-07 15:00:00+05:30,1216.75,1216.8499755859375,1215.050048828125,1215.949951171875,259598,0.0,0.0
2025-03-07 15:05:00+05:30,1215.9000244140625,1215.949951171875,1214.75,1214.9000244140625,216226,0.0,0.0
2025-03-07 15:10:00+05:30,1214.8499755859375,1215.25,1214.050048828125,1214.4000244140625,332755,0.0,0.0
2025-03-07 15:15:00+05:30,1214.449951171875,1215.0999755859375,1213.25,1213.949951171875,307824,0.0,0.0
2025-03-07 15:20:00+05:30,1213.949951171875,1214.1500244140625,1213.949951171875,1214.1500244140625,246998,0.0,0.0
2025-03-07 15:25:00+05:30,1214.199951171875,1214.4000244140625,1213.1500244140625,1214.0,263999,0.0,0.0
2025-03-10 09:15:00+05:30,1213.25,1219.300048828125,1212.25,1218.699951171875,0,0.0,0.0
2025-03-10 09:20:00+05:30,1218.5,1220.0,1217.550048828125,1219.8499755859375,163808,0.0,0.0
2025-03-10 09:25:00+05:30,1220.0999755859375,1221.6500244140625,1218.699951171875,1220.449951171875,112415,0.0,0.0
2025-03-10 09:30:00+05:30,1220.300048828125,1223.050048828125,1220.0,1220.75,108808,0.0,0.0
2025-03-10 09:35:00+05:30,1220.75,1221.25,1219.0,1219.5,99457,0.0,0.0
2025-03-10 09:40:00+05:30,1219.199951171875,1223.25,1219.1500244140625,1223.1500244140625,82004,0.0,0.0
2025-03-10 09:45:00+05:30,1223.25,1224.300048828125,1221.4000244140625,1221.4000244140625,111942,0.0,0.0
2025-03-10 09:50:00+05:30,1221.4000244140625,1222.449951171875,1221.0,1221.800048828125,61363,0.0,0.0
2025-03-10 09:55:00+05:30,1221.6500244140625,1224.800048828125,1221.1500244140625,1224.699951171875,90810,0.0,0.0
2025-03-10 10:00:00+05:30,1224.3499755859375,1225.0,1222.3499755859375,1222.9000244140625,77683,0.0,0.0
2025-03-10 10:05:00+05:30,1222.9000244140625,1223.9000244140625,1222.5,1223.9000244140625,48199,0.0,0.0
2025-03-10 10:10:00+05:30,1223.9000244140625,1223.949951171875,1222.25,1222.9000244140625,73434,0.0,0.0
2025-03-10 10:15:00+05:30,1222.8499755859375,1222.9000244140625,1220.4000244140625,1221.449951171875,73796,0.0,0.0
2025-03-10 10:20:00+05:30,1221.5,1222.6500244140625,1221.0,1221.5999755859375,51883,0.0,0.0
2025-03-10 10:25:00+05:30,1221.550048828125,1222.050048828125,1220.0,1221.5999755859375,138949,0.0,0.0
2025-03-10 10:30:00+05:30,1221.5999755859375,1222.0,1220.8499755859375,1221.5,57083,0.0,0.0
2025-03-10 10:35:00+05:30,1221.3499755859375,1222.550048828125,1221.25,1221.699951171875,67128,0.0,0.0
2025-03-10 10:40:00+05:30,1221.9000244140625,1222.550048828125,1220.8499755859375,1222.050048828125,97117,0.0,0.0
2025-03-10 10:45:00+05:30,1222.0,1223.0,1221.6500244140625,1222.6500244140625,60434,0.0,0.0
2025-03-10 10:50:00+05:30,1222.6500244140625,1222.75,1221.449951171875,1221.8499755859375,173799,0.0,0.0
2025-03-10 10:55:00+05:30,1221.8499755859375,1222.5,1221.0,1221.0,79880,0.0,0.0
2025-03-10 11:00:00+05:30,1221.199951171875,1221.25,1219.8499755859375,1219.9000244140625,46749,0.0,0.0
2025-03-10 11:05:00+05:30,1219.800048828125,1220.6500244140625,1219.75,1220.1500244140625,102246,0.0,0.0
2025-03-10 11:10:00+05:30,1220.25,1221.0,1220.1500244140625,1220.5999755859375,32471,0.0,0.0
2025-03-10 11:15:00+05:30,1220.699951171875,1221.0,1219.199951171875,1219.5,47902,0.0,0.0
2025-03-10 11:20:00+05:30,1219.449951171875,1219.8499755859375,1218.25,1218.75,77179,0.0,0.0
2025-03-10 11:25:00+05:30,1218.75,1219.75,1218.050048828125,1219.4000244140625,59274,0.0,0.0
2025-03-10 11:30:00+05:30,1219.699951171875,1221.800048828125,1219.6500244140625,1221.199951171875,104483,0.0,0.0
2025-03-10 11:35:00+05:30,1221.4000244140625,1222.25,1220.5999755859375,1222.25,149651,0.0,0.0
2025-03-10 11:40:00+05:30,1222.25,1222.6500244140625,1221.5999755859375,1221.9000244140625,35131,0.0,0.0
2025-03-10 11:45:00+05:30,1221.949951171875,1221.949951171875,1220.9000244140625,1221.0,46121,0.0,0.0
2025-03-10 11:50:00+05:30,1220.949951171875,1222.0,1220.949951171875,1221.699951171875,51785,0.0,0.0
2025-03-10 11:55:00+05:30,1221.6500244140625,1222.0,1221.449951171875,1221.9000244140625,16689,0.0,0.0
2025-03-10 12:00:00+05:30,1221.75,1221.75,1221.0,1221.3499755859375,67478,0.0,0.0
2025-03-10 12:05:00+05:30,1221.3499755859375,1222.300048828125,1221.1500244140625,1221.199951171875,82636,0.0,0.0
2025-03-10 12:10:00+05:30,1221.199951171875,1221.550048828125,1220.8499755859375,1221.0,40807,0.0,0.0
2025-03-10 12:15:00+05:30,1220.949951171875,1221.0,1220.699951171875,1221.0,64499,0.0,0.0
2025-03-10 12:20:00+05:30,1221.0,1222.25,1221.0,1222.0999755859375,43472,0.0,0.0
2025-03-10 12:25:00+05:30,1222.199951171875,1223.0999755859375,1222.199951171875,1223.0,45107,0.0,0.0
2025-03-10 12:30:00+05:30,1223.0999755859375,1224.699951171875,1222.8499755859375,1224.550048828125,76398,0.0,0.0
2025-03-10 12:35:00+05:30,1224.5999755859375,1224.75,1223.949951171875,1224.0999755859375,75122,0.0,0.0
2025-03-10 12:40:00+05:30,1224.050048828125,1224.3499755859375,1223.449951171875,1224.25,55502,0.0,0.0
2025-03-10 12:45:00+05:30,1224.300048828125,1224.5,1223.0999755859375,1224.25,61362,0.0,0.0
2025-03-10 12:50:00+05:30,1224.300048828125,1224.300048828125,1223.4000244140625,1223.800048828125,36971,0.0,0.0
2025-03-10 12:55:00+05:30,1223.800048828125,1224.0,1223.449951171875,1223.449951171875,30667,0.0,0.0
2025-03-10 13:00:00+05:30,1223.5,1224.0,1223.5,1223.949951171875,30623,0.0,0.0
2025-03-10 13:05:00+05:30,1224.0,1224.800048828125,1223.9000244140625,1224.6500244140625,40719,0.0,0.0
2025-03-10 13:10:00+05:30,1224.800048828125,1225.75,1224.0,1224.4000244140625,115414,0.0,0.0
2025-03-10 13:15:00+05:30,1224.199951171875,1224.75,1224.199951171875,1224.6500244140625,37110,0.0,0.0
2025-03-10 13:20:00+05:30,1224.6500244140625,1225.5,1224.550048828125,1225.25,46022,0.0,0.0
2025-03-10 13:25:00+05:30,1225.300048828125,1225.3499755859375,1224.75,1224.75,46676,0.0,0.0
2025-03-10 13:30:00+05:30,1224.75,1224.800048828125,1224.0,1224.3499755859375,77256,0.0,0.0
2025-03-10 13:35:00+05:30,1224.4000244140625,1224.5,1222.949951171875,1223.550048828125,80412,0.0,0.0
2025-03-10 13:40:00+05:30,1223.550048828125,1223.550048828125,1220.8499755859375,1221.0,61056,0.0,0.0
2025-03-10 13:45:00+05:30,1221.0,1221.1500244140625,1218.699951171875,1219.0,73004,0.0,0.0
2025-03-10 13:50:00+05:30,1219.0,1219.449951171875,1218.300048828125,1218.699951171875,51709,0.0,0.0
2025-03-10 13:55:00+05:30,1218.6500244140625,1219.0999755859375,1218.300048828125,1218.550048828125,51323,0.0,0.0
2025-03-10 14:00:00+05:30,1218.449951171875,1219.25,1218.0,1218.3499755859375,56382,0.0,0.0
2025-03-10 14:05:00+05:30,1218.3499755859375,1219.25,1218.300048828125,1218.9000244140625,77081,0.0,0.0
2025-03-10 14:10:00+05:30,1218.9000244140625,1219.75,1218.9000244140625,1219.5,53519,0.0,0.0
2025-03-10 14:15:00+05:30,1219.550048828125,1219.6500244140625,1215.5999755859375,1215.949951171875,79412,0.0,0.0
2025-03-10 14:20:00+05:30,1215.949951171875,1216.0,1214.199951171875,1214.8499755859375,126480,0.0,0.0
2025-03-10 14:25:00+05:30,1214.800048828125,1214.800048828125,1212.6500244140625,1213.300048828125,166573,0.0,0.0
2025-03-10 14:30:00+05:30,1213.300048828125,1213.449951171875,1211.1500244140625,1212.6500244140625,100949,0.0,0.0
2025-03-10 14:35:00+05:30,1212.5999755859375,1214.5,1212.5999755859375,1213.800048828125,74170,0.0,0.0
2025-03-10 14:40:00+05:30,1213.800048828125,1214.300048828125,1212.949951171875,1213.699951171875,63347,0.0,0.0
2025-03-10 14:45:00+05:30,1213.699951171875,1214.0999755859375,1212.800048828125,1213.75,96532,0.0,0.0
2025-03-10 14:50:00+05:30,1213.699951171875,1215.949951171875,1212.800048828125,1215.699951171875,110806,0.0,0.0
2025-03-10 14:55:00+05:30,1216.0,1216.050048828125,1215.050048828125,1216.050048828125,67223,0.0,0.0
2025-03-10 15:00:00+05:30,1216.050048828125,1216.050048828125,1213.0,1215.300048828125,268904,0.0,0.0
2025-03-10 15:05:00+05:30,1215.25,1216.0999755859375,1214.75,1215.75,251890,0.0,0.0
2025-03-10 15:10:00+05:30,1215.75,1215.75,1215.0999755859375,1215.0999755859375,227923,0.0,0.0
2025-03-10 15:15:00+05:30,1215.199951171875,1215.550048828125,1215.0,1215.550048828125,233881,0.0,0.0
2025-03-10 15:20:00+05:30,1215.5999755859375,1215.949951171875,1213.75,1214.449951171875,309613,0.0,0.0
2025-03-10 15:25:00+05:30,1214.5999755859375,1215.8499755859375,1210.0,1212.9000244140625,341295,0.0,0.0
2025-03-11 09:15:00+05:30,1221.800048828125,1229.550048828125,1220.1500244140625,1228.050048828125,0,0.0,0.0
2025-03-11 09:20:00+05:30,1228.300048828125,1230.6500244140625,1225.550048828125,1225.550048828125,442143,0.0,0.0
2025-03-11 09:25:00+05:30,1225.550048828125,1228.0,1223.800048828125,1227.25,245846,0.0,0.0
2025-03-11 09:30:00+05:30,1227.050048828125,1232.3499755859375,1225.9000244140625,1232.300048828125,278435,0.0,0.0
2025-03-11 09:35:00+05:30,1232.4000244140625,1234.0,1231.550048828125,1234.0,128193,0.0,0.0
2025-03-11 09:40:00+05:30,1234.0,1236.5999755859375,1234.0,1235.5999755859375,234922,0.0,0.0
2025-03-11 09:45:00+05:30,1236.050048828125,1237.800048828125,1233.4000244140625,1236.8499755859375,254946,0.0,0.0
2025-03-11 09:50:00+05:30,1236.949951171875,1237.4000244140625,1232.550048828125,1233.0,122204,0.0,0.0
2025-03-11 09:55:00+05:30,1233.449951171875,1236.9000244140625,1232.75,1236.9000244140625,129642,0.0,0.0
2025-03-11 10:00:00+05:30,1236.9000244140625,1238.6500244140625,1235.4000244140625,1236.699951171875,165853,0.0,0.0
2025-03-11 10:05:00+05:30,1236.699951171875,1237.0,1234.9000244140625,1235.1500244140625,64005,0.0,0.0
2025-03-11 10:10:00+05:30,1234.3499755859375,1235.0,1234.050048828125,1234.4000244140625,52115,0.0,0.0
2025-03-11 10:15:00+05:30,1234.699951171875,1234.75,1233.5,1234.199951171875,44180,0.0,0.0
2025-03-11 10:20:00+05:30,1234.199951171875,1237.75,1233.8499755859375,1235.300048828125,153716,0.0,0.0
2025-03-11 10:25:00+05:30,1235.800048828125,1236.800048828125,1235.0999755859375,1236.25,104214,0.0,0.0
2025-03-11 10:30:00+05:30,1236.4000244140625,1236.9000244140625,1235.75,1235.949951171875,36897,0.0,0.0
2025-03-11 10:35:00+05:30,1235.949951171875,1235.949951171875,1234.1500244140625,1234.449951171875,68411,0.0,0.0
2025-03-11 10:40:00+05:30,1234.5,1235.25,1233.699951171875,1233.699951171875,66047,0.0,0.0
2025-03-11 10:45:00+05:30,1233.75,1236.199951171875,1233.75,1235.0,93618,0.0,0.0
2025-03-11 10:50:00+05:30,1235.050048828125,1237.0,1234.3499755859375,1236.949951171875,37951,0.0,0.0
2025-03-11 10:55:00+05:30,1237.0,1237.5,1236.0,1236.9000244140625,98971,0.0,0.0
2025-03-11 11:00:00+05:30,1236.9000244140625,1237.5,1235.5999755859375,1235.9000244140625,243251,0.0,0.0
2025-03-11 11:05:00+05:30,1236.0,1237.4000244140625,1235.800048828125,1236.5,78464,0.0,0.0
2025-03-11 11:10:00+05:30,1236.4000244140625,1236.449951171875,1235.0,1236.0999755859375,40051,0.0,0.0
2025-03-11 11:15:00+05:30,1236.0999755859375,1237.25,1235.300048828125,1236.0,45902,0.0,0.0
2025-03-11 11:20:00+05:30,1236.050048828125,1237.300048828125,1235.8499755859375,1236.6500244140625,41349,0.0,0.0
2025-03-11 11:25:00+05:30,1236.9000244140625,1238.75,1236.449951171875,1236.800048828125,119825,0.0,0.0
2025-03-11 11:30:00+05:30,1236.8499755859375,1238.199951171875,1236.300048828125,1237.9000244140625,99219,0.0,0.0
2025-03-11 11:35:00+05:30,1237.9000244140625,1239.0,1237.1500244140625,1237.449951171875,86967,0.0,0.0
2025-03-11 11:40:00+05:30,1237.25,1238.0,1237.1500244140625,1237.199951171875,56797,0.0,0.0
2025-03-11 11:45:00+05:30,1237.449951171875,1237.75,1236.800048828125,1237.3499755859375,49067,0.0,0.0
2025-03-11 11:50:00+05:30,1237.3499755859375,1239.0,1236.9000244140625,1238.300048828125,75984,0.0,0.0
2025-03-11 11:55:00+05:30,1237.9000244140625,1238.699951171875,1237.199951171875,1238.0,55885,0.0,0.0
2025-03-11 12:00:00+05:30,1238.300048828125,1239.0,1237.050048828125,1237.9000244140625,75733,0.0,0.0
2025-03-11 12:05:00+05:30,1237.9000244140625,1238.75,1237.75,1237.949951171875,44536,0.0,0.0
2025-03-11 12:10:00+05:30,1237.949951171875,1238.5,1237.699951171875,1238.449951171875,60596,0.0,0.0
2025-03-11 12:15:00+05:30,1238.300048828125,1240.0,1238.25,1239.949951171875,112957,0.0,0.0
2025-03-11 12:20:00+05:30,1240.0,1241.050048828125,1239.4000244140625,1240.5999755859375,96218,0.0,0.0
2025-03-11 12:25:00+05:30,1240.9000244140625,1242.0,1240.5999755859375,1241.5,95708,0.0,0.0
2025-03-11 12:30:00+05:30,1241.449951171875,1243.300048828125,1241.050048828125,1242.8499755859375,96126,0.0,0.0
2025-03-11 12:35:00+05:30,1243.0999755859375,1244.699951171875,1242.199951171875,1242.800048828125,156726,0.0,0.0
2025-03-11 12:40:00+05:30,1242.800048828125,1243.800048828125,1242.300048828125,1243.550048828125,81080,0.0,0.0
2025-03-11 12:45:00+05:30,1243.550048828125,1243.8499755859375,1241.050048828125,1241.3499755859375,109349,0.0,0.0
2025-03-11 12:50:00+05:30,1241.3499755859375,1242.25,1240.3499755859375,1241.9000244140625,69528,0.0,0.0
2025-03-11 12:55:00+05:30,1242.0,1242.699951171875,1240.9000244140625,1241.25,78389,0.0,0.0
2025-03-11 13:00:00+05:30,1241.25,1241.3499755859375,1239.8499755859375,1240.75,85582,0.0,0.0
2025-03-11 13:05:00+05:30,1240.75,1243.5,1240.199951171875,1243.199951171875,110864,0.0,0.0
2025-03-11 13:10:00+05:30,1243.199951171875,1243.300048828125,1242.449951171875,1243.199951171875,52830,0.0,0.0
2025-03-11 13:15:00+05:30,1243.199951171875,1245.0,1242.5,1244.8499755859375,105908,0.0,0.0
2025-03-11 13:20:00+05:30,1244.8499755859375,1246.0,1244.3499755859375,1245.449951171875,132193,0.0,0.0
2025-03-11 13:25:00+05:30,1245.550048828125,1246.800048828125,1244.5,1244.9000244140625,238452,0.0,0.0
2025-03-11 13:30:00+05:30,1244.949951171875,1246.1500244140625,1244.050048828125,1246.1500244140625,90796,0.0,0.0
2025-03-11 13:35:00+05:30,1246.0,1247.199951171875,1245.199951171875,1245.199951171875,143209,0.0,0.0
2025-03-11 13:40:00+05:30,1245.300048828125,1247.0,1245.300048828125,1246.699951171875,99265,0.0,0.0
2025-03-11 13:45:00+05:30,1246.699951171875,1247.0,1246.0,1247.0,118122,0.0,0.0
2025-03-11 13:50:00+05:30,1247.0,1247.550048828125,1245.25,1245.5999755859375,182969,0.0,0.0
2025-03-11 13:55:00+05:30,1245.5999755859375,1246.550048828125,1245.4000244140625,1245.8499755859375,65582,0.0,0.0
2025-03-11 14:00:00+05:30,1246.050048828125,1247.75,1245.75,1246.8499755859375,71797,0.0,0.0
2025-03-11 14:05:00+05:30,1246.8499755859375,1247.9000244140625,1246.4000244140625,1247.4000244140625,118907,0.0,0.0
2025-03-11 14:10:00+05:30,1247.300048828125,1247.949951171875,1246.4000244140625,1247.1500244140625,108076,0.0,0.0
2025-03-11 14:15:00+05:30,1247.050048828125,1247.5,1246.0,1246.550048828125,81915,0.0,0.0
2025-03-11 14:20:00+05:30,1246.300048828125,1246.949951171875,1245.4000244140625,1246.0,83990,0.0,0.0
2025-03-11 14:25:00+05:30,1246.0,1246.9000244140625,1244.800048828125,1245.0,129687,0.0,0.0
2025-03-11 14:30:00+05:30,1245.25,1245.449951171875,1243.0999755859375,1244.25,144919,0.0,0.0
2025-03-11 14:35:00+05:30,1244.5,1244.9000244140625,1243.5,1243.75,130684,0.0,0.0
2025-03-11 14:40:00+05:30,1243.75,1245.199951171875,1243.0,1244.8499755859375,77118,0.0,0.0
2025-03-11 14:45:00+05:30,1244.8499755859375,1245.5,1244.199951171875,1244.800048828125,90005,0.0,0.0
2025-03-11 14:50:00+05:30,1244.75,1245.3499755859375,1243.0,1243.1500244140625,120455,0.0,0.0
2025-03-11 14:55:00+05:30,1243.300048828125,1244.5,1243.050048828125,1244.0,91561,0.0,0.0
2025-03-11 15:00:00+05:30,1244.0,1245.949951171875,1243.9000244140625,1244.75,414381,0.0,0.0
2025-03-11 15:05:00+05:30,1244.75,1245.550048828125,1244.5,1244.5,379490,0.0,0.0
2025-03-11 15:10:00+05:30,1244.5,1247.0,1244.25,1246.699951171875,305631,0.0,0.0
2025-03-11 15:15:00+05:30,1246.75,1246.949951171875,1245.3499755859375,1245.949951171875,403953,0.0,0.0
2025-03-11 15:20:00+05:30,1245.9000244140625,1246.0999755859375,1244.550048828125,1244.9000244140625,363584,0.0,0.0
2025-03-11 15:25:00+05:30,1244.949951171875,1246.0,1244.0,1244.1500244140625,351821,0.0,0.0
2025-03-12 09:15:00+05:30,1245.800048828125,1251.800048828125,1245.6500244140625,1248.25,0,0.0,0.0
2025-03-12 09:20:00+05:30,1247.699951171875,1247.699951171875,1240.5999755859375,1240.5999755859375,224151,0.0,0.0
2025-03-12 09:25:00+05:30,1240.9000244140625,1241.5,1238.5,1240.5,170037,0.0,0.0
2025-03-12 09:30:00+05:30,1240.449951171875,1241.5,1239.5999755859375,1240.25,110125,0.0,0.0
2025-03-12 09:35:00+05:30,1240.5,1244.4000244140625,1240.4000244140625,1243.75,106241,0.0,0.0
2025-03-12 09:40:00+05:30,1243.699951171875,1243.699951171875,1240.6500244140625,1242.4000244140625,107187,0.0,0.0
2025-03-12 09:45:00+05:30,1242.5,1245.0,1241.050048828125,1244.9000244140625,149101,0.0,0.0
2025-03-12 09:50:00+05:30,1244.949951171875,1245.9000244140625,1244.0,1244.8499755859375,81575,0.0,0.0
2025-03-12 09:55:00+05:30,1244.699951171875,1245.699951171875,1244.050048828125,1245.699951171875,77399,0.0,0.0
2025-03-12 10:00:00+05:30,1245.699951171875,1246.3499755859375,1245.0,1245.449951171875,82230,0.0,0.0
2025-03-12 10:05:00+05:30,1245.449951171875,1246.550048828125,1245.0,1245.699951171875,121617,0.0,0.0
2025-03-12 10:10:00+05:30,1245.5,1248.0,1245.0999755859375,1246.9000244140625,101009,0.0,0.0
2025-03-12 10:15:00+05:30,1247.25,1247.449951171875,1245.5999755859375,1246.699951171875,75719,0.0,0.0
2025-03-12 10:20:00+05:30,1246.699951171875,1248.550048828125,1246.300048828125,1246.300048828125,61010,0.0,0.0
2025-03-12 10:25:00+05:30,1246.550048828125,1248.25,1246.25,1248.25,56746,0.0,0.0
2025-03-12 10:30:00+05:30,1248.25,1248.949951171875,1247.5,1248.25,81206,0.0,0.0
2025-03-12 10:35:00+05:30,1248.1500244140625,1248.449951171875,1247.449951171875,1247.550048828125,61452,0.0,0.0
2025-03-12 10:40:00+05:30,1247.6500244140625,1248.449951171875,1246.949951171875,1248.300048828125,47537,0.0,0.0
2025-03-12 10:45:00+05:30,1248.199951171875,1248.449951171875,1246.050048828125,1246.25,110722,0.0,0.0
2025-03-12 10:50:00+05:30,1246.300048828125,1246.4000244140625,1245.3499755859375,1246.0,72990,0.0,0.0
2025-03-12 10:55:00+05:30,1245.949951171875,1247.800048828125,1245.5,1247.199951171875,117236,0.0,0.0
2025-03-12 11:00:00+05:30,1247.199951171875,1247.199951171875,1246.050048828125,1246.75,85887,0.0,0.0
2025-03-12 11:05:00+05:30,1246.75,1246.949951171875,1245.75,1245.9000244140625,65439,0.0,0.0
2025-03-12 11:10:00+05:30,1246.0,1246.5,1245.25,1245.25,52989,0.0,0.0
2025-03-12 11:15:00+05:30,1245.300048828125,1245.300048828125,1243.8499755859375,1244.199951171875,75990,0.0,0.0
2025-03-12 11:20:00+05:30,1244.199951171875,1245.199951171875,1244.0,1244.5999755859375,51657,0.0,0.0
2025-03-12 11:25:00+05:30,1244.5999755859375,1244.5999755859375,1243.4000244140625,1243.800048828125,65822,0.0,0.0
2025-03-12 11:30:00+05:30,1243.8499755859375,1245.050048828125,1243.699951171875,1244.699951171875,65994,0.0,0.0
2025-03-12 11:35:00+05:30,1244.800048828125,1245.300048828125,1244.1500244140625,1244.699951171875,48229,0.0,0.0
2025-03-12 11:40:00+05:30,1244.25,1244.5999755859375,1243.3499755859375,1243.3499755859375,41592,0.0,0.0
2025-03-12 11:45:00+05:30,1243.6500244140625,1244.449951171875,1243.3499755859375,1243.8499755859375,40966,0.0,0.0
2025-03-12 11:50:00+05:30,1243.8499755859375,1244.0,1243.1500244140625,1243.1500244140625,44543,0.0,0.0
2025-03-12 11:55:00+05:30,1243.199951171875,1243.199951171875,1240.0,1241.050048828125,99324,0.0,0.0
2025-03-12 12:00:00+05:30,1241.199951171875,1241.449951171875,1240.0,1240.4000244140625,110977,0.0,0.0
2025-03-12 12:05:00+05:30,1240.3499755859375,1240.9000244140625,1238.949951171875,1239.8499755859375,99082,0.0,0.0
2025-03-12 12:10:00+05:30,1239.75,1240.3499755859375,1239.3499755859375,1240.25,67274,0.0,0.0
2025-03-12 12:15:00+05:30,1240.25,1240.5999755859375,1239.550048828125,1240.0,77968,0.0,0.0
2025-03-12 12:20:00+05:30,1240.0,1240.449951171875,1239.5,1240.4000244140625,54399,0.0,0.0
2025-03-12 12:25:00+05:30,1240.0,1240.550048828125,1239.75,1240.050048828125,72610,0.0,0.0
2025-03-12 12:30:00+05:30,1240.0,1240.449951171875,1239.3499755859375,1240.0999755859375,61949,0.0,0.0
2025-03-12 12:35:00+05:30,1239.9000244140625,1240.25,1238.300048828125,1238.4000244140625,79964,0.0,0.0
2025-03-12 12:40:00+05:30,1238.4000244140625,1238.550048828125,1236.9000244140625,1236.949951171875,78905,0.0,0.0
2025-03-12 12:45:00+05:30,1236.949951171875,1237.6500244140625,1235.3499755859375,1236.5999755859375,78710,0.0,0.0
2025-03-12 12:50:00+05:30,1236.050048828125,1238.449951171875,1236.050048828125,1238.0,68295,0.0,0.0
2025-03-12 12:55:00+05:30,1238.050048828125,1239.4000244140625,1238.0,1239.0,119255,0.0,0.0
2025-03-12 13:00:00+05:30,1238.949951171875,1240.25,1238.4000244140625,1240.25,92612,0.0,0.0
2025-03-12 13:05:00+05:30,1240.3499755859375,1240.5,1239.0,1239.800048828125,127045,0.0,0.0
2025-03-12 13:10:00+05:30,1239.699951171875,1240.3499755859375,1238.75,1239.449951171875,117352,0.0,0.0
2025-03-12 13:15:00+05:30,1239.5,1240.050048828125,1238.6500244140625,1239.6500244140625,106184,0.0,0.0
2025-03-12 13:20:00+05:30,1239.6500244140625,1240.5,1238.800048828125,1239.5,112340,0.0,0.0
2025-03-12 13:25:00+05:30,1239.6500244140625,1240.1500244140625,1238.800048828125,1240.050048828125,127056,0.0,0.0
2025-03-12 13:30:00+05:30,1240.0,1240.8499755859375,1239.5999755859375,1239.949951171875,122992,0.0,0.0
2025-03-12 13:35:00+05:30,1240.050048828125,1240.3499755859375,1239.3499755859375,1240.0,137548,0.0,0.0
2025-03-12 13:40:00+05:30,1240.0,1240.9000244140625,1239.699951171875,1240.8499755859375,134921,0.0,0.0
2025-03-12 13:45:00+05:30,1240.8499755859375,1240.9000244140625,1239.8499755859375,1240.199951171875,88604,0.0,0.0
2025-03-12 13:50:00+05:30,1240.4000244140625,1240.699951171875,1239.75,1240.6500244140625,68233,0.0,0.0
2025-03-12 13:55:00+05:30,1240.6500244140625,1241.949951171875,1240.5999755859375,1241.949951171875,85500,0.0,0.0
2025-03-12 14:00:00+05:30,1241.949951171875,1244.75,1241.449951171875,1244.75,101896,0.0,0.0
2025-03-12 14:05:00+05:30,1244.5999755859375,1244.949951171875,1244.0,1244.449951171875,62639,0.0,0.0
2025-03-12 14:10:00+05:30,1244.3499755859375,1244.9000244140625,1244.1500244140625,1244.8499755859375,61036,0.0,0.0
2025-03-12 14:15:00+05:30,1244.8499755859375,1244.8499755859375,1243.4000244140625,1244.199951171875,69574,0.0,0.0
2025-03-12 14:20:00+05:30,1244.25,1244.5999755859375,1243.300048828125,1243.4000244140625,88979,0.0,0.0
2025-03-12 14:25:00+05:30,1243.4000244140625,1244.6500244140625,1243.4000244140625,1244.300048828125,84863,0.0,0.0
2025-03-12 14:30:00+05:30,1244.300048828125,1244.8499755859375,1244.1500244140625,1244.3499755859375,91460,0.0,0.0
2025-03-12 14:35:00+05:30,1244.449951171875,1244.449951171875,1243.0999755859375,1243.199951171875,127241,0.0,0.0
2025-03-12 14:40:00+05:30,1243.199951171875,1243.25,1242.300048828125,1242.449951171875,183590,0.0,0.0
2025-03-12 14:45:00+05:30,1242.449951171875,1242.5999755859375,1242.300048828125,1242.449951171875,111263,0.0,0.0
2025-03-12 14:50:00+05:30,1242.5,1244.6500244140625,1242.4000244140625,1243.050048828125,220654,0.0,0.0
2025-03-12 14:55:00+05:30,1243.449951171875,1243.9000244140625,1242.5999755859375,1243.9000244140625,148937,0.0,0.0
2025-03-12 15:00:00+05:30,1243.6500244140625,1243.75,1240.5999755859375,1240.800048828125,420395,0.0,0.0
2025-03-12 15:05:00+05:30,1240.800048828125,1247.6500244140625,1239.449951171875,1247.300048828125,2636549,0.0,0.0
2025-03-12 15:10:00+05:30,1247.300048828125,1247.449951171875,1243.800048828125,1243.800048828125,433727,0.0,0.0
2025-03-12 15:15:00+05:30,1243.800048828125,1245.25,1243.050048828125,1244.5999755859375,502167,0.0,0.0
2025-03-12 15:20:00+05:30,1244.5,1244.550048828125,1241.6500244140625,1242.199951171875,444845,0.0,0.0
2025-03-12 15:25:00+05:30,1242.199951171875,1245.5,1241.3499755859375,1243.949951171875,340149,0.0,0.0
2025-03-13 09:15:00+05:30,1251.0999755859375,1251.949951171875,1246.949951171875,1248.1500244140625,0,0.0,0.0
2025-03-13 09:20:00+05:30,1248.1500244140625,1248.199951171875,1246.0,1246.800048828125,134614,0.0,0.0
2025-03-13 09:25:00+05:30,1246.800048828125,1248.050048828125,1245.800048828125,1247.9000244140625,90068,0.0,0.0
2025-03-13 09:30:00+05:30,1248.550048828125,1248.550048828125,1246.050048828125,1246.949951171875,103141,0.0,0.0
2025-03-13 09:35:00+05:30,1246.949951171875,1250.6500244140625,1246.4000244140625,1250.6500244140625,72090,0.0,0.0
2025-03-13 09:40:00+05:30,1250.8499755859375,1250.949951171875,1249.699951171875,1249.9000244140625,72023,0.0,0.0
2025-03-13 09:45:00+05:30,1250.199951171875,1250.550048828125,1248.5,1250.5,72920,0.0,0.0
2025-03-13 09:50:00+05:30,1250.5,1250.949951171875,1250.3499755859375,1250.9000244140625,42352,0.0,0.0
2025-03-13 09:55:00+05:30,1250.9000244140625,1252.5,1250.9000244140625,1252.1500244140625,155478,0.0,0.0
2025-03-13 10:00:00+05:30,1251.9000244140625,1253.0,1251.9000244140625,1252.550048828125,100505,0.0,0.0
2025-03-13 10:05:00+05:30,1252.550048828125,1253.050048828125,1252.0,1253.0,56123,0.0,0.0
2025-03-13 10:10:00+05:30,1253.25,1253.75,1252.9000244140625,1253.6500244140625,62237,0.0,0.0
2025-03-13 10:15:00+05:30,1253.6500244140625,1254.699951171875,1253.5999755859375,1254.550048828125,48882,0.0,0.0
2025-03-13 10:20:00+05:30,1254.5999755859375,1255.0,1254.050048828125,1254.75,99876,0.0,0.0
2025-03-13 10:25:00+05:30,1254.75,1254.9000244140625,1253.9000244140625,1254.800048828125,53709,0.0,0.0
2025-03-13 10:30:00+05:30,1254.75,1255.25,1254.75,1254.8499755859375,46911,0.0,0.0
2025-03-13 10:35:00+05:30,1254.5999755859375,1254.5999755859375,1253.300048828125,1253.8499755859375,43573,0.0,0.0
2025-03-13 10:40:00+05:30,1254.0,1255.5,1253.800048828125,1255.5,64650,0.0,0.0
2025-03-13 10:45:00+05:30,1255.550048828125,1255.550048828125,1254.3499755859375,1254.949951171875,49203,0.0,0.0
2025-03-13 10:50:00+05:30,1254.949951171875,1255.0,1253.550048828125,1254.1500244140625,130097,0.0,0.0
2025-03-13 10:55:00+05:30,1254.199951171875,1254.300048828125,1253.5,1253.5,51028,0.0,0.0
2025-03-13 11:00:00+05:30,1253.699951171875,1253.949951171875,1251.800048828125,1252.6500244140625,90774,0.0,0.0
2025-03-13 11:05:00+05:30,1252.6500244140625,1252.75,1251.4000244140625,1251.5999755859375,56255,0.0,0.0
2025-03-13 11:10:00+05:30,1251.699951171875,1252.8499755859375,1251.5999755859375,1252.699951171875,48509,0.0,0.0
2025-03-13 11:15:00+05:30,1252.699951171875,1252.699951171875,1250.800048828125,1251.25,47009,0.0,0.0
2025-03-13 11:20:00+05:30,1251.300048828125,1251.300048828125,1249.9000244140625,1250.75,172901,0.0,0.0
2025-03-13 11:25:00+05:30,1250.800048828125,1251.300048828125,1250.0999755859375,1250.4000244140625,55815,0.0,0.0
2025-03-13 11:30:00+05:30,1250.4000244140625,1250.949951171875,1249.75,1250.5999755859375,89793,0.0,0.0
2025-03-13 11:35:00+05:30,1250.5,1250.949951171875,1248.449951171875,1249.25,69696,0.0,0.0
2025-03-13 11:40:00+05:30,1249.1500244140625,1250.800048828125,1248.199951171875,1250.75,138554,0.0,0.0
2025-03-13 11:45:00+05:30,1250.75,1250.949951171875,1249.4000244140625,1249.550048828125,126736,0.0,0.0
2025-03-13 11:50:00+05:30,1249.5999755859375,1249.949951171875,1247.3499755859375,1248.0999755859375,167142,0.0,0.0
2025-03-13 11:55:00+05:30,1248.25,1250.4000244140625,1247.5999755859375,1250.3499755859375,130290,0.0,0.0
2025-03-13 12:00:00+05:30,1250.3499755859375,1251.0,1250.0999755859375,1250.9000244140625,53721,0.0,0.0
2025-03-13 12:05:00+05:30,1250.8499755859375,1251.800048828125,1250.5,1251.199951171875,46884,0.0,0.0
2025-03-13 12:10:00+05:30,1251.050048828125,1251.199951171875,1250.199951171875,1250.449951171875,43554,0.0,0.0
2025-03-13 12:15:00+05:30,1250.449951171875,1251.75,1250.4000244140625,1251.0999755859375,71895,0.0,0.0
2025-03-13 12:20:00+05:30,1251.199951171875,1251.449951171875,1250.199951171875,1251.4000244140625,136065,0.0,0.0
2025-03-13 12:25:00+05:30,1251.25,1252.4000244140625,1251.0999755859375,1251.949951171875,64393,0.0,0.0
2025-03-13 12:30:00+05:30,1252.300048828125,1254.3499755859375,1252.1500244140625,1253.050048828125,82653,0.0,0.0
2025-03-13 12:35:00+05:30,1253.300048828125,1254.0,1252.300048828125,1253.949951171875,45633,0.0,0.0
2025-03-13 12:40:00+05:30,1253.9000244140625,1254.550048828125,1253.699951171875,1254.4000244140625,45142,0.0,0.0
2025-03-13 12:45:00+05:30,1254.4000244140625,1255.0,1254.0,1254.5999755859375,52119,0.0,0.0
2025-03-13 12:50:00+05:30,1254.5999755859375,1255.550048828125,1254.0999755859375,1255.0999755859375,46524,0.0,0.0
2025-03-13 12:55:00+05:30,1255.050048828125,1255.4000244140625,1254.5999755859375,1255.3499755859375,53537,0.0,0.0
2025-03-13 13:00:00+05:30,1255.300048828125,1255.5,1253.6500244140625,1253.699951171875,60303,0.0,0.0
2025-03-13 13:05:00+05:30,1253.550048828125,1253.9000244140625,1252.449951171875,1252.6500244140625,54987,0.0,0.0
2025-03-13 13:10:00+05:30,1252.75,1252.8499755859375,1251.5,1252.0,56091,0.0,0.0
2025-03-13 13:15:00+05:30,1252.0999755859375,1252.800048828125,1251.5999755859375,1251.8499755859375,68843,0.0,0.0
2025-03-13 13:20:00+05:30,1251.800048828125,1252.4000244140625,1251.199951171875,1251.9000244140625,71738,0.0,0.0
2025-03-13 13:25:00+05:30,1251.699951171875,1252.5,1250.6500244140625,1250.800048828125,107934,0.0,0.0
2025-03-13 13:30:00+05:30,1250.75,1253.300048828125,1250.5999755859375,1252.9000244140625,59813,0.0,0.0
2025-03-13 13:35:00+05:30,1252.9000244140625,1252.9000244140625,1252.0,1252.5999755859375,55191,0.0,0.0
2025-03-13 13:40:00+05:30,1252.5999755859375,1252.9000244140625,1251.699951171875,1252.300048828125,48629,0.0,0.0
2025-03-13 13:45:00+05:30,1252.199951171875,1252.8499755859375,1251.300048828125,1252.699951171875,40366,0.0,0.0
2025-03-13 13:50:00+05:30,1252.699951171875,1253.4000244140625,1252.050048828125,1253.0999755859375,38674,0.0,0.0
2025-03-13 13:55:00+05:30,1253.0999755859375,1253.5,1250.949951171875,1251.300048828125,56348,0.0,0.0
2025-03-13 14:00:00+05:30,1251.300048828125,1252.550048828125,1251.300048828125,1252.050048828125,54715,0.0,0.0
2025-03-13 14:05:00+05:30,1252.050048828125,1252.800048828125,1251.8499755859375,1252.1500244140625,47065,0.0,0.0
2025-03-13 14:10:00+05:30,1252.0999755859375,1253.3499755859375,1251.800048828125,1253.300048828125,55368,0.0,0.0
2025-03-13 14:15:00+05:30,1253.449951171875,1254.3499755859375,1252.3499755859375,1252.8499755859375,197208,0.0,0.0
2025-03-13 14:20:00+05:30,1252.8499755859375,1253.0,1250.0,1250.25,151584,0.0,0.0
2025-03-13 14:25:00+05:30,1250.300048828125,1250.6500244140625,1248.699951171875,1249.75,72782,0.0,0.0
2025-03-13 14:30:00+05:30,1249.6500244140625,1250.6500244140625,1248.449951171875,1250.5999755859375,169235,0.0,0.0
2025-03-13 14:35:00+05:30,1250.5999755859375,1251.9000244140625,1250.300048828125,1251.0,149712,0.0,0.0
2025-03-13 14:40:00+05:30,1251.5,1252.050048828125,1250.449951171875,1251.5999755859375,130499,0.0,0.0
2025-03-13 14:45:00+05:30,1251.5999755859375,1252.9000244140625,1249.75,1250.1500244140625,172220,0.0,0.0
2025-03-13 14:50:00+05:30,1250.199951171875,1250.800048828125,1248.5,1248.699951171875,122581,0.0,0.0
2025-03-13 14:55:00+05:30,1249.0999755859375,1250.050048828125,1248.699951171875,1250.0,70311,0.0,0.0
2025-03-13 15:00:00+05:30,1249.949951171875,1251.199951171875,1249.4000244140625,1251.0,222316,0.0,0.0
2025-03-13 15:05:00+05:30,1250.800048828125,1251.6500244140625,1249.949951171875,1250.199951171875,296225,0.0,0.0
2025-03-13 15:10:00+05:30,1250.199951171875,1251.1500244140625,1249.800048828125,1251.1500244140625,298652,0.0,0.0
2025-03-13 15:15:00+05:30,1251.25,1251.3499755859375,1249.3499755859375,1250.0999755859375,440208,0.0,0.0
2025-03-13 15:20:00+05:30,1249.949951171875,1250.5,1249.1500244140625,1249.949951171875,259943,0.0,0.0
2025-03-13 15:25:00+05:30,1249.949951171875,1250.949951171875,1248.550048828125,1250.050048828125,297633,0.0,0.0
2025-03-17 09:15:00+05:30,1260.800048828125,1261.800048828125,1256.4000244140625,1259.25,0,0.0,0.0
2025-03-17 09:20:00+05:30,1259.25,1261.4000244140625,1258.949951171875,1260.800048828125,248969,0.0,0.0
2025-03-17 09:25:00+05:30,1260.8499755859375,1263.800048828125,1260.8499755859375,1262.1500244140625,222840,0.0,0.0
2025-03-17 09:30:00+05:30,1262.1500244140625,1263.3499755859375,1261.0,1261.050048828125,217510,0.0,0.0
2025-03-17 09:35:00+05:30,1261.050048828125,1261.1500244140625,1256.75,1256.9000244140625,300175,0.0,0.0
2025-03-17 09:40:00+05:30,1257.1500244140625,1262.0,1256.699951171875,1262.0,174154,0.0,0.0
2025-03-17 09:45:00+05:30,1261.949951171875,1262.5,1261.800048828125,1262.199951171875,102535,0.0,0.0
2025-03-17 09:50:00+05:30,1262.1500244140625,1264.0,1261.949951171875,1263.699951171875,116956,0.0,0.0
2025-03-17 09:55:00+05:30,1263.8499755859375,1265.0,1263.800048828125,1265.0,165073,0.0,0.0
2025-03-17 10:00:00+05:30,1265.0,1266.0,1264.6500244140625,1265.800048828125,120747,0.0,0.0
2025-03-17 10:05:00+05:30,1265.800048828125,1266.8499755859375,1265.6500244140625,1266.5999755859375,107423,0.0,0.0
2025-03-17 10:10:00+05:30,1266.550048828125,1267.300048828125,1266.449951171875,1266.6500244140625,87988,0.0,0.0
2025-03-17 10:15:00+05:30,1266.5,1268.550048828125,1266.25,1268.3499755859375,120989,0.0,0.0
2025-03-17 10:20:00+05:30,1268.3499755859375,1268.9000244140625,1267.1500244140625,1268.0,86157,0.0,0.0
2025-03-17 10:25:00+05:30,1267.949951171875,1268.0,1266.3499755859375,1267.0,94097,0.0,0.0
2025-03-17 10:30:00+05:30,1267.050048828125,1267.1500244140625,1266.0,1266.0999755859375,74654,0.0,0.0
2025-03-17 10:35:00+05:30,1266.050048828125,1267.25,1265.949951171875,1266.949951171875,66584,0.0,0.0
2025-03-17 10:40:00+05:30,1266.949951171875,1267.050048828125,1265.0,1266.0999755859375,90120,0.0,0.0
2025-03-17 10:45:00+05:30,1266.0999755859375,1267.699951171875,1266.050048828125,1267.550048828125,58300,0.0,0.0
2025-03-17 10:50:00+05:30,1267.6500244140625,1268.699951171875,1267.6500244140625,1268.1500244140625,80724,0.0,0.0
2025-03-17 10:55:00+05:30,1268.1500244140625,1268.699951171875,1268.0999755859375,1268.1500244140625,63275,0.0,0.0
2025-03-17 11:00:00+05:30,1268.1500244140625,1269.0,1268.1500244140625,1268.75,101652,0.0,0.0
2025-03-17 11:05:00+05:30,1268.699951171875,1270.9000244140625,1268.5,1270.800048828125,147215,0.0,0.0
2025-03-17 11:10:00+05:30,1270.800048828125,1270.949951171875,1270.199951171875,1270.25,79894,0.0,0.0
2025-03-17 11:15:00+05:30,1270.25,1271.6500244140625,1268.449951171875,1269.4000244140625,287558,0.0,0.0
2025-03-17 11:20:00+05:30,1269.4000244140625,1270.800048828125,1269.300048828125,1270.699951171875,76929,0.0,0.0
2025-03-17 11:25:00+05:30,1270.699951171875,1270.699951171875,1270.3499755859375,1270.550048828125,59798,0.0,0.0
2025-03-17 11:30:00+05:30,1270.5999755859375,1270.6500244140625,1269.8499755859375,1270.0,84391,0.0,0.0
2025-03-17 11:35:00+05:30,1270.0,1270.9000244140625,1269.949951171875,1270.5999755859375,142440,0.0,0.0
2025-03-17 11:40:00+05:30,1270.449951171875,1271.0,1270.449951171875,1270.9000244140625,53271,0.0,0.0
2025-03-17 11:45:00+05:30,1270.9000244140625,1271.6500244140625,1270.5999755859375,1270.6500244140625,63881,0.0,0.0
2025-03-17 11:50:00+05:30,1270.75,1270.949951171875,1270.6500244140625,1270.8499755859375,57556,0.0,0.0
2025-03-17 11:55:00+05:30,1270.8499755859375,1271.25,1270.0,1271.050048828125,170558,0.0,0.0
2025-03-17 12:00:00+05:30,1271.1500244140625,1271.9000244140625,1271.050048828125,1271.449951171875,80788,0.0,0.0
2025-03-17 12:05:00+05:30,1271.449951171875,1272.949951171875,1271.449951171875,1272.699951171875,97015,0.0,0.0
2025-03-17 12:10:00+05:30,1272.8499755859375,1273.9000244140625,1272.8499755859375,1273.4000244140625,62171,0.0,0.0
2025-03-17 12:15:00+05:30,1273.4000244140625,1273.5,1272.5,1272.949951171875,79278,0.0,0.0
2025-03-17 12:20:00+05:30,1273.0,1273.949951171875,1272.949951171875,1273.3499755859375,65064,0.0,0.0
2025-03-17 12:25:00+05:30,1273.4000244140625,1273.5,1271.3499755859375,1272.949951171875,112136,0.0,0.0
2025-03-17 12:30:00+05:30,1272.800048828125,1273.0,1272.0999755859375,1272.0999755859375,83039,0.0,0.0
2025-03-17 12:35:00+05:30,1272.050048828125,1272.300048828125,1271.75,1272.300048828125,103732,0.0,0.0
2025-03-17 12:40:00+05:30,1271.8499755859375,1272.5999755859375,1271.8499755859375,1272.300048828125,86571,0.0,0.0
2025-03-17 12:45:00+05:30,1272.300048828125,1272.5,1272.0,1272.050048828125,80779,0.0,0.0
2025-03-17 12:50:00+05:30,1272.050048828125,1272.050048828125,1271.5,1271.949951171875,89107,0.0,0.0
2025-03-17 12:55:00+05:30,1271.949951171875,1272.699951171875,1271.9000244140625,1272.0,82304,0.0,0.0
2025-03-17 13:00:00+05:30,1272.0,1272.0,1270.0,1271.050048828125,109216,0.0,0.0
2025-03-17 13:05:00+05:30,1271.050048828125,1271.050048828125,1269.5999755859375,1270.5999755859375,113436,0.0,0.0
2025-03-17 13:10:00+05:30,1270.550048828125,1272.25,1270.550048828125,1271.8499755859375,91546,0.0,0.0
2025-03-17 13:15:00+05:30,1271.8499755859375,1272.5,1271.699951171875,1272.3499755859375,93582,0.0,0.0
2025-03-17 13:20:00+05:30,1272.3499755859375,1272.800048828125,1271.300048828125,1272.800048828125,154026,0.0,0.0
2025-03-17 13:25:00+05:30,1272.800048828125,1273.3499755859375,1271.8499755859375,1273.25,240605,0.0,0.0
2025-03-17 13:30:00+05:30,1273.4000244140625,1273.4000244140625,1271.800048828125,1272.1500244140625,95840,0.0,0.0
2025-03-17 13:35:00+05:30,1272.1500244140625,1272.5,1271.699951171875,1271.949951171875,89046,0.0,0.0
2025-03-17 13:40:00+05:30,1272.0,1272.699951171875,1271.8499755859375,1272.6500244140625,125346,0.0,0.0
2025-03-17 13:45:00+05:30,1272.5999755859375,1273.300048828125,1270.699951171875,1270.9000244140625,98909,0.0,0.0
2025-03-17 13:50:00+05:30,1270.699951171875,1271.0,1269.949951171875,1270.300048828125,103400,0.0,0.0
2025-03-17 13:55:00+05:30,1270.300048828125,1271.0999755859375,1270.199951171875,1270.949951171875,116067,0.0,0.0
2025-03-17 14:00:00+05:30,1271.0,1271.0999755859375,1270.300048828125,1270.75,87155,0.0,0.0
2025-03-17 14:05:00+05:30,1270.75,1273.5,1270.75,1273.3499755859375,112154,0.0,0.0
2025-03-17 14:10:00+05:30,1273.25,1273.449951171875,1271.25,1271.949951171875,119488,0.0,0.0
2025-03-17 14:15:00+05:30,1271.9000244140625,1272.0,1271.25,1272.0,98777,0.0,0.0
2025-03-17 14:20:00+05:30,1272.0,1272.0,1270.75,1270.9000244140625,92136,0.0,0.0
2025-03-17 14:25:00+05:30,1270.9000244140625,1271.5,1270.6500244140625,1271.050048828125,80545,0.0,0.0
2025-03-17 14:30:00+05:30,1271.0,1271.699951171875,1270.199951171875,1271.0999755859375,167741,0.0,0.0
2025-03-17 14:35:00+05:30,1271.050048828125,1271.300048828125,1269.550048828125,1270.199951171875,103380,0.0,0.0
2025-03-17 14:40:00+05:30,1269.9000244140625,1270.4000244140625,1269.199951171875,1270.0,121295,0.0,0.0
2025-03-17 14:45:00+05:30,1270.0,1270.3499755859375,1269.5,1269.800048828125,129084,0.0,0.0
2025-03-17 14:50:00+05:30,1269.800048828125,1271.699951171875,1269.0,1271.5,285223,0.0,0.0
2025-03-17 14:55:00+05:30,1271.5,1272.5,1271.300048828125,1271.6500244140625,97223,0.0,0.0
2025-03-17 15:00:00+05:30,1271.6500244140625,1271.6500244140625,1269.1500244140625,1269.75,321704,0.0,0.0
2025-03-17 15:05:00+05:30,1269.699951171875,1270.0,1269.0,1269.3499755859375,338238,0.0,0.0
2025-03-17 15:10:00+05:30,1269.300048828125,1269.3499755859375,1268.25,1268.4000244140625,334266,0.0,0.0
2025-03-17 15:15:00+05:30,1268.3499755859375,1269.1500244140625,1268.3499755859375,1269.1500244140625,340535,0.0,0.0
2025-03-17 15:20:00+05:30,1269.1500244140625,1269.1500244140625,1267.8499755859375,1269.0,411853,0.0,0.0
2025-03-17 15:25:00+05:30,1269.0,1269.949951171875,1267.949951171875,1268.6500244140625,278769,0.0,0.0
2025-03-18 09:15:00+05:30,1283.1500244140625,1292.8499755859375,1281.300048828125,1291.949951171875,0,0.0,0.0
2025-03-18 09:20:00+05:30,1291.550048828125,1297.0,1290.0999755859375,1297.0,399855,0.0,0.0
2025-03-18 09:25:00+05:30,1296.8499755859375,1301.0,1296.8499755859375,1299.949951171875,447233,0.0,0.0
2025-03-18 09:30:00+05:30,1299.9000244140625,1304.4000244140625,1299.6500244140625,1302.5,336804,0.0,0.0
2025-03-18 09:35:00+05:30,1302.4000244140625,1303.5999755859375,1301.3499755859375,1301.5999755859375,169193,0.0,0.0
2025-03-18 09:40:00+05:30,1301.949951171875,1302.0,1299.199951171875,1301.300048828125,259201,0.0,0.0
2025-03-18 09:45:00+05:30,1301.449951171875,1302.0,1300.449951171875,1300.8499755859375,140153,0.0,0.0
2025-03-18 09:50:00+05:30,1300.75,1301.699951171875,1300.0,1300.8499755859375,132971,0.0,0.0
2025-03-18 09:55:00+05:30,1300.8499755859375,1300.949951171875,1297.050048828125,1299.75,142904,0.0,0.0
2025-03-18 10:00:00+05:30,1299.8499755859375,1303.1500244140625,1299.800048828125,1301.1500244140625,227925,0.0,0.0
2025-03-18 10:05:00+05:30,1301.0,1302.050048828125,1300.449951171875,1301.1500244140625,175770,0.0,0.0
2025-03-18 10:10:00+05:30,1301.4000244140625,1302.75,1300.6500244140625,1302.5999755859375,126729,0.0,0.0
2025-03-18 10:15:00+05:30,1302.6500244140625,1304.9000244140625,1302.0,1304.25,166894,0.0,0.0
2025-03-18 10:20:00+05:30,1304.5999755859375,1304.5999755859375,1301.8499755859375,1303.5999755859375,132548,0.0,0.0
2025-03-18 10:25:00+05:30,1303.75,1303.75,1302.0999755859375,1302.9000244140625,120811,0.0,0.0
2025-03-18 10:30:00+05:30,1302.8499755859375,1303.449951171875,1300.0999755859375,1301.0,132569,0.0,0.0
2025-03-18 10:35:00+05:30,1301.0,1301.300048828125,1299.6500244140625,1300.449951171875,142496,0.0,0.0
2025-03-18 10:40:00+05:30,1300.199951171875,1301.199951171875,1299.9000244140625,1300.5999755859375,136846,0.0,0.0
2025-03-18 10:45:00+05:30,1300.75,1300.949951171875,1297.5999755859375,1297.5999755859375,173386,0.0,0.0
2025-03-18 10:50:00+05:30,1297.699951171875,1299.8499755859375,1297.199951171875,1298.25,135110,0.0,0.0
2025-03-18 10:55:00+05:30,1298.300048828125,1298.949951171875,1297.5,1297.699951171875,97860,0.0,0.0
2025-03-18 11:00:00+05:30,1297.8499755859375,1299.0,1297.550048828125,1298.25,113702,0.0,0.0
2025-03-18 11:05:00+05:30,1298.199951171875,1299.3499755859375,1298.0,1298.8499755859375,89517,0.0,0.0
2025-03-18 11:10:00+05:30,1298.800048828125,1299.75,1298.800048828125,1299.300048828125,94006,0.0,0.0
2025-03-18 11:15:00+05:30,1299.0,1299.5,1298.0999755859375,1298.9000244140625,82188,0.0,0.0
2025-03-18 11:20:00+05:30,1298.949951171875,1299.0,1298.0999755859375,1298.6500244140625,76930,0.0,0.0
2025-03-18 11:25:00+05:30,1298.6500244140625,1298.75,1296.0999755859375,1297.6500244140625,131429,0.0,0.0
2025-03-18 11:30:00+05:30,1297.699951171875,1298.800048828125,1297.0,1298.25,130162,0.0,0.0
2025-03-18 11:35:00+05:30,1298.300048828125,1299.25,1297.5999755859375,1298.5999755859375,87272,0.0,0.0
2025-03-18 11:40:00+05:30,1298.550048828125,1298.8499755859375,1297.0,1297.050048828125,175955,0.0,0.0
2025-03-18 11:45:00+05:30,1297.0,1297.4000244140625,1296.5,1296.800048828125,154804,0.0,0.0
2025-03-18 11:50:00+05:30,1296.800048828125,1297.6500244140625,1296.5999755859375,1296.6500244140625,181045,0.0,0.0
2025-03-18 11:55:00+05:30,1296.699951171875,1298.3499755859375,1296.5999755859375,1297.800048828125,105341,0.0,0.0
2025-03-18 12:00:00+05:30,1297.800048828125,1299.1500244140625,1297.4000244140625,1298.8499755859375,104760,0.0,0.0
2025-03-18 12:05:00+05:30,1298.800048828125,1299.0,1297.949951171875,1299.0,88710,0.0,0.0
2025-03-18 12:10:00+05:30,1298.75,1299.0999755859375,1298.0,1298.949951171875,117247,0.0,0.0
2025-03-18 12:15:00+05:30,1298.949951171875,1299.050048828125,1298.25,1298.699951171875,96873,0.0,0.0
2025-03-18 12:20:00+05:30,1298.75,1300.0,1298.550048828125,1298.8499755859375,135962,0.0,0.0
2025-03-18 12:25:00+05:30,1299.1500244140625,1299.1500244140625,1296.949951171875,1296.949951171875,113488,0.0,0.0
2025-03-18 12:30:00+05:30,1296.300048828125,1297.5,1295.0999755859375,1295.949951171875,146246,0.0,0.0
2025-03-18 12:35:00+05:30,1295.949951171875,1296.949951171875,1295.4000244140625,1295.9000244140625,195591,0.0,0.0
2025-03-18 12:40:00+05:30,1295.9000244140625,1297.1500244140625,1294.6500244140625,1294.8499755859375,387150,0.0,0.0
2025-03-18 12:45:00+05:30,1295.1500244140625,1295.3499755859375,1290.0,1290.5,853558,0.0,0.0
2025-03-18 12:50:00+05:30,1290.550048828125,1293.9000244140625,1289.75,1292.050048828125,576108,0.0,0.0
2025-03-18 12:55:00+05:30,1292.6500244140625,1293.0,1290.550048828125,1293.0,402181,0.0,0.0
2025-03-18 13:00:00+05:30,1292.949951171875,1294.9000244140625,1292.949951171875,1293.949951171875,107477,0.0,0.0
2025-03-18 13:05:00+05:30,1294.0,1295.6500244140625,1293.949951171875,1295.3499755859375,79012,0.0,0.0
2025-03-18 13:10:00+05:30,1295.4000244140625,1297.0,1294.949951171875,1296.8499755859375,76191,0.0,0.0
2025-03-18 13:15:00+05:30,1297.0,1299.0,1296.800048828125,1298.6500244140625,123007,0.0,0.0
2025-03-18 13:20:00+05:30,1298.4000244140625,1298.699951171875,1297.5,1298.050048828125,80078,0.0,0.0
2025-03-18 13:25:00+05:30,1298.199951171875,1299.0999755859375,1298.0999755859375,1298.449951171875,123981,0.0,0.0
2025-03-18 13:30:00+05:30,1298.449951171875,1299.75,1298.449951171875,1298.949951171875,104493,0.0,0.0
2025-03-18 13:35:00+05:30,1299.0,1299.9000244140625,1298.4000244140625,1299.050048828125,97576,0.0,0.0
2025-03-18 13:40:00+05:30,1299.199951171875,1300.0,1298.800048828125,1299.0999755859375,108176,0.0,0.0
2025-03-18 13:45:00+05:30,1299.5999755859375,1299.75,1298.5999755859375,1298.699951171875,90188,0.0,0.0
2025-03-18 13:50:00+05:30,1298.9000244140625,1300.800048828125,1298.699951171875,1300.550048828125,99370,0.0,0.0
2025-03-18 13:55:00+05:30,1300.550048828125,1301.800048828125,1300.050048828125,1300.550048828125,118443,0.0,0.0
2025-03-18 14:00:00+05:30,1300.6500244140625,1301.9000244140625,1300.3499755859375,1300.6500244140625,149687,0.0,0.0
2025-03-18 14:05:00+05:30,1300.699951171875,1301.449951171875,1299.800048828125,1300.75,128665,0.0,0.0
2025-03-18 14:10:00+05:30,1300.5999755859375,1301.449951171875,1300.300048828125,1300.449951171875,94886,0.0,0.0
2025-03-18 14:15:00+05:30,1300.449951171875,1301.6500244140625,1300.449951171875,1301.3499755859375,126236,0.0,0.0
2025-03-18 14:20:00+05:30,1301.3499755859375,1303.4000244140625,1301.199951171875,1303.4000244140625,262519,0.0,0.0
2025-03-18 14:25:00+05:30,1303.449951171875,1303.8499755859375,1302.0,1303.050048828125,201721,0.0,0.0
2025-03-18 14:30:00+05:30,1303.050048828125,1304.0999755859375,1302.699951171875,1303.300048828125,195462,0.0,0.0
2025-03-18 14:35:00+05:30,1303.3499755859375,1304.75,1303.300048828125,1304.199951171875,155094,0.0,0.0
2025-03-18 14:40:00+05:30,1304.0,1305.699951171875,1304.0,1305.449951171875,223726,0.0,0.0
2025-03-18 14:45:00+05:30,1305.449951171875,1305.5999755859375,1304.6500244140625,1305.199951171875,140226,0.0,0.0
2025-03-18 14:50:00+05:30,1305.4000244140625,1306.75,1305.300048828125,1306.5999755859375,268183,0.0,0.0
2025-03-18 14:55:00+05:30,1306.6500244140625,1307.75,1306.5,1307.050048828125,272734,0.0,0.0
2025-03-18 15:00:00+05:30,1307.050048828125,1308.6500244140625,1306.199951171875,1308.6500244140625,555341,0.0,0.0
2025-03-18 15:05:00+05:30,1308.6500244140625,1309.9000244140625,1307.800048828125,1309.5,569174,0.0,0.0
2025-03-18 15:10:00+05:30,1309.550048828125,1311.199951171875,1309.1500244140625,1310.0,394658,0.0,0.0
2025-03-18 15:15:00+05:30,1309.9000244140625,1311.199951171875,1309.25,1311.199951171875,378450,0.0,0.0
2025-03-18 15:20:00+05:30,1311.1500244140625,1313.4000244140625,1311.1500244140625,1313.1500244140625,352757,0.0,0.0
2025-03-18 15:25:00+05:30,1313.0999755859375,1313.25,1311.050048828125,1311.5,271178,0.0,0.0
2025-03-19 09:15:00+05:30,1308.050048828125,1308.550048828125,1303.0,1307.6500244140625,0,0.0,0.0
2025-03-19 09:20:00+05:30,1307.699951171875,1308.3499755859375,1305.9000244140625,1308.0999755859375,246469,0.0,0.0
2025-03-19 09:25:00+05:30,1308.0999755859375,1311.3499755859375,1307.0,1309.0,217359,0.0,0.0
2025-03-19 09:30:00+05:30,1308.8499755859375,1308.8499755859375,1307.0,1307.3499755859375,185484,0.0,0.0
2025-03-19 09:35:00+05:30,1307.3499755859375,1307.449951171875,1305.0,1306.5,162228,0.0,0.0
2025-03-19 09:40:00+05:30,1306.3499755859375,1306.5999755859375,1304.4000244140625,1306.3499755859375,282137,0.0,0.0
2025-03-19 09:45:00+05:30,1306.4000244140625,1308.550048828125,1306.199951171875,1308.0,129411,0.0,0.0
2025-03-19 09:50:00+05:30,1308.0999755859375,1310.9000244140625,1307.9000244140625,1310.9000244140625,135481,0.0,0.0
2025-03-19 09:55:00+05:30,1310.75,1311.050048828125,1309.0,1310.0,126612,0.0,0.0
2025-03-19 10:00:00+05:30,1310.0,1310.0,1308.5,1309.199951171875,81272,0.0,0.0
2025-03-19 10:05:00+05:30,1309.1500244140625,1309.300048828125,1306.75,1306.75,103799,0.0,0.0
2025-03-19 10:10:00+05:30,1306.75,1307.949951171875,1306.4000244140625,1306.949951171875,77421,0.0,0.0
2025-03-19 10:15:00+05:30,1307.0999755859375,1310.1500244140625,1307.0999755859375,1310.050048828125,83079,0.0,0.0
2025-03-19 10:20:00+05:30,1310.449951171875,1311.0,1310.1500244140625,1310.949951171875,85873,0.0,0.0
2025-03-19 10:25:00+05:30,1310.949951171875,1311.0,1309.5,1310.949951171875,70701,0.0,0.0
2025-03-19 10:30:00+05:30,1310.949951171875,1311.0,1308.75,1309.0999755859375,86178,0.0,0.0
2025-03-19 10:35:00+05:30,1309.050048828125,1310.0,1308.9000244140625,1309.25,69734,0.0,0.0
2025-03-19 10:40:00+05:30,1309.25,1310.550048828125,1309.199951171875,1309.949951171875,107121,0.0,0.0
2025-03-19 10:45:00+05:30,1309.8499755859375,1310.550048828125,1308.5999755859375,1308.5999755859375,101300,0.0,0.0
2025-03-19 10:50:00+05:30,1308.5999755859375,1309.0,1307.75,1308.949951171875,82230,0.0,0.0
2025-03-19 10:55:00+05:30,1308.949951171875,1309.5999755859375,1308.6500244140625,1309.199951171875,100488,0.0,0.0
2025-03-19 11:00:00+05:30,1309.199951171875,1309.5999755859375,1308.449951171875,1309.199951171875,84761,0.0,0.0
2025-03-19 11:05:00+05:30,1309.199951171875,1309.4000244140625,1308.25,1308.3499755859375,83238,0.0,0.0
2025-03-19 11:10:00+05:30,1308.300048828125,1309.800048828125,1307.6500244140625,1309.6500244140625,100518,0.0,0.0
2025-03-19 11:15:00+05:30,1309.6500244140625,1313.0,1309.6500244140625,1312.949951171875,159678,0.0,0.0
2025-03-19 11:20:00+05:30,1313.0,1314.300048828125,1312.25,1312.25,144261,0.0,0.0
2025-03-19 11:25:00+05:30,1312.800048828125,1312.8499755859375,1311.4000244140625,1311.8499755859375,112850,0.0,0.0
2025-03-19 11:30:00+05:30,1312.0,1312.199951171875,1310.25,1311.050048828125,77345,0.0,0.0
2025-03-19 11:35:00+05:30,1311.050048828125,1311.0999755859375,1310.75,1310.8499755859375,65423,0.0,0.0
2025-03-19 11:40:00+05:30,1310.949951171875,1311.25,1310.449951171875,1310.449951171875,85053,0.0,0.0
2025-03-19 11:45:00+05:30,1310.449951171875,1312.0,1310.0999755859375,1312.0,92145,0.0,0.0
2025-03-19 11:50:00+05:30,1311.949951171875,1313.0999755859375,1311.949951171875,1312.699951171875,70297,0.0,0.0
2025-03-19 11:55:00+05:30,1312.699951171875,1313.0,1312.1500244140625,1312.550048828125,75261,0.0,0.0
2025-03-19 12:00:00+05:30,1312.550048828125,1313.300048828125,1312.1500244140625,1312.75,74739,0.0,0.0
2025-03-19 12:05:00+05:30,1312.75,1312.9000244140625,1310.5999755859375,1311.8499755859375,114121,0.0,0.0
2025-03-19 12:10:00+05:30,1312.0999755859375,1313.199951171875,1311.8499755859375,1312.550048828125,179896,0.0,0.0
2025-03-19 12:15:00+05:30,1312.550048828125,1314.4000244140625,1312.550048828125,1314.4000244140625,73018,0.0,0.0
2025-03-19 12:20:00+05:30,1314.3499755859375,1315.3499755859375,1314.050048828125,1314.050048828125,140078,0.0,0.0
2025-03-19 12:25:00+05:30,1314.0999755859375,1314.9000244140625,1313.25,1313.5,106941,0.0,0.0
2025-03-19 12:30:00+05:30,1313.449951171875,1314.0999755859375,1313.199951171875,1314.0999755859375,72674,0.0,0.0
2025-03-19 12:35:00+05:30,1314.25,1314.25,1313.300048828125,1313.300048828125,103017,0.0,0.0
2025-03-19 12:40:00+05:30,1313.25,1313.9000244140625,1313.050048828125,1313.3499755859375,71706,0.0,0.0
2025-03-19 12:45:00+05:30,1313.300048828125,1314.699951171875,1313.300048828125,1314.699951171875,80878,0.0,0.0
2025-03-19 12:50:00+05:30,1314.75,1315.1500244140625,1313.199951171875,1314.0,120213,0.0,0.0
2025-03-19 12:55:00+05:30,1313.949951171875,1314.25,1312.449951171875,1313.6500244140625,107369,0.0,0.0
2025-03-19 13:00:00+05:30,1313.5999755859375,1314.449951171875,1313.199951171875,1313.199951171875,98643,0.0,0.0
2025-03-19 13:05:00+05:30,1313.25,1314.0999755859375,1313.0,1313.0,104149,0.0,0.0
2025-03-19 13:10:00+05:30,1312.9000244140625,1314.699951171875,1312.050048828125,1314.550048828125,221414,0.0,0.0
2025-03-19 13:15:00+05:30,1314.550048828125,1315.1500244140625,1314.300048828125,1314.550048828125,165622,0.0,0.0
2025-03-19 13:20:00+05:30,1314.6500244140625,1315.75,1314.3499755859375,1315.550048828125,150152,0.0,0.0
2025-03-19 13:25:00+05:30,1315.5999755859375,1315.6500244140625,1314.449951171875,1315.1500244140625,136631,0.0,0.0
2025-03-19 13:30:00+05:30,1315.1500244140625,1315.75,1314.0999755859375,1314.5,93361,0.0,0.0
2025-03-19 13:35:00+05:30,1314.550048828125,1315.5,1313.9000244140625,1315.199951171875,171094,0.0,0.0
2025-03-19 13:40:00+05:30,1315.300048828125,1316.0,1315.0999755859375,1316.0,76713,0.0,0.0
2025-03-19 13:45:00+05:30,1315.9000244140625,1316.199951171875,1315.449951171875,1315.75,97192,0.0,0.0
2025-03-19 13:50:00+05:30,1315.699951171875,1315.8499755859375,1314.550048828125,1314.8499755859375,105656,0.0,0.0
2025-03-19 13:55:00+05:30,1315.0,1315.550048828125,1314.199951171875,1315.050048828125,91864,0.0,0.0
2025-03-19 14:00:00+05:30,1315.1500244140625,1315.199951171875,1314.0999755859375,1314.6500244140625,103638,0.0,0.0
2025-03-19 14:05:00+05:30,1314.8499755859375,1315.0,1313.449951171875,1313.5999755859375,100297,0.0,0.0
2025-03-19 14:10:00+05:30,1313.5999755859375,1314.0,1312.6500244140625,1312.800048828125,100787,0.0,0.0
2025-03-19 14:15:00+05:30,1312.9000244140625,1314.699951171875,1312.6500244140625,1314.449951171875,146972,0.0,0.0
2025-03-19 14:20:00+05:30,1314.449951171875,1314.75,1314.0999755859375,1314.699951171875,127583,0.0,0.0
2025-03-19 14:25:00+05:30,1314.699951171875,1314.699951171875,1313.5,1313.699951171875,149622,0.0,0.0
2025-03-19 14:30:00+05:30,1313.6500244140625,1314.5999755859375,1313.0999755859375,1314.5999755859375,159975,0.0,0.0
2025-03-19 14:35:00+05:30,1314.5999755859375,1315.75,1314.449951171875,1315.25,187355,0.0,0.0
2025-03-19 14:40:00+05:30,1315.050048828125,1315.949951171875,1315.050048828125,1315.6500244140625,129297,0.0,0.0
2025-03-19 14:45:00+05:30,1315.8499755859375,1315.949951171875,1314.699951171875,1315.800048828125,138727,0.0,0.0
2025-03-19 14:50:00+05:30,1315.5,1316.050048828125,1314.9000244140625,1314.9000244140625,129118,0.0,0.0
2025-03-19 14:55:00+05:30,1314.9000244140625,1315.800048828125,1313.6500244140625,1315.800048828125,172079,0.0,0.0
2025-03-19 15:00:00+05:30,1315.8499755859375,1315.8499755859375,1313.6500244140625,1313.800048828125,317519,0.0,0.0
2025-03-19 15:05:00+05:30,1313.800048828125,1313.800048828125,1311.8499755859375,1312.6500244140625,314492,0.0,0.0
2025-03-19 15:10:00+05:30,1312.75,1312.9000244140625,1310.9000244140625,1312.75,331167,0.0,0.0
2025-03-19 15:15:00+05:30,1312.4000244140625,1314.3499755859375,1312.4000244140625,1313.5999755859375,368408,0.0,0.0
2025-03-19 15:20:00+05:30,1313.449951171875,1314.4000244140625,1311.5,1314.300048828125,479188,0.0,0.0
2025-03-19 15:25:00+05:30,1314.300048828125,1316.550048828125,1312.449951171875,1316.0,392205,0.0,0.0
2025-03-20 09:15:00+05:30,1318.949951171875,1321.5,1317.199951171875,1320.3499755859375,0,0.0,0.0
2025-03-20 09:20:00+05:30,1320.25,1321.0,1318.800048828125,1319.3499755859375,337636,0.0,0.0
2025-03-20 09:25:00+05:30,1319.800048828125,1319.800048828125,1317.0999755859375,1318.050048828125,199199,0.0,0.0
2025-03-20 09:30:00+05:30,1318.300048828125,1318.9000244140625,1316.5,1316.800048828125,115512,0.0,0.0
2025-03-20 09:35:00+05:30,1317.4000244140625,1317.8499755859375,1315.1500244140625,1315.550048828125,130746,0.0,0.0
2025-03-20 09:40:00+05:30,1315.550048828125,1316.199951171875,1314.550048828125,1315.0,99696,0.0,0.0
2025-03-20 09:45:00+05:30,1315.0,1315.0999755859375,1311.199951171875,1311.199951171875,138553,0.0,0.0
2025-03-20 09:50:00+05:30,1311.6500244140625,1312.800048828125,1311.0999755859375,1311.5999755859375,138895,0.0,0.0
2025-03-20 09:55:00+05:30,1311.5999755859375,1313.8499755859375,1311.25,1311.449951171875,132573,0.0,0.0
2025-03-20 10:00:00+05:30,1311.300048828125,1314.050048828125,1311.0999755859375,1314.0,104826,0.0,0.0
2025-03-20 10:05:00+05:30,1313.949951171875,1316.199951171875,1312.5,1316.050048828125,74954,0.0,0.0
2025-03-20 10:10:00+05:30,1315.6500244140625,1316.550048828125,1315.0,1316.3499755859375,73579,0.0,0.0
2025-03-20 10:15:00+05:30,1316.3499755859375,1318.449951171875,1316.199951171875,1318.1500244140625,118243,0.0,0.0
2025-03-20 10:20:00+05:30,1318.25,1318.300048828125,1316.5,1316.5,88668,0.0,0.0
2025-03-20 10:25:00+05:30,1316.5,1316.5,1315.199951171875,1315.3499755859375,104026,0.0,0.0
2025-03-20 10:30:00+05:30,1315.3499755859375,1315.8499755859375,1314.75,1315.5,112273,0.0,0.0
2025-03-20 10:35:00+05:30,1315.3499755859375,1317.550048828125,1315.1500244140625,1316.949951171875,135242,0.0,0.0
2025-03-20 10:40:00+05:30,1316.949951171875,1318.75,1316.699951171875,1317.8499755859375,98596,0.0,0.0
2025-03-20 10:45:00+05:30,1317.75,1318.449951171875,1317.5999755859375,1318.4000244140625,73149,0.0,0.0
2025-03-20 10:50:00+05:30,1318.199951171875,1318.300048828125,1317.6500244140625,1317.75,67197,0.0,0.0
2025-03-20 10:55:00+05:30,1317.75,1318.449951171875,1316.300048828125,1316.300048828125,97349,0.0,0.0
2025-03-20 11:00:00+05:30,1316.3499755859375,1317.5999755859375,1315.699951171875,1317.0999755859375,95276,0.0,0.0
2025-03-20 11:05:00+05:30,1317.199951171875,1317.9000244140625,1317.0999755859375,1317.4000244140625,50460,0.0,0.0
2025-03-20 11:10:00+05:30,1317.449951171875,1318.5999755859375,1317.449951171875,1318.0999755859375,55633,0.0,0.0
2025-03-20 11:15:00+05:30,1318.1500244140625,1318.75,1316.6500244140625,1316.6500244140625,65210,0.0,0.0
2025-03-20 11:20:00+05:30,1316.5999755859375,1316.6500244140625,1314.949951171875,1315.949951171875,108924,0.0,0.0
2025-03-20 11:25:00+05:30,1316.050048828125,1316.449951171875,1315.199951171875,1316.050048828125,48173,0.0,0.0
2025-03-20 11:30:00+05:30,1316.1500244140625,1316.550048828125,1315.5,1316.0,51027,0.0,0.0
2025-03-20 11:35:00+05:30,1315.8499755859375,1316.199951171875,1315.050048828125,1315.050048828125,67394,0.0,0.0
2025-03-20 11:40:00+05:30,1315.0,1315.75,1314.550048828125,1314.9000244140625,58967,0.0,0.0
2025-03-20 11:45:00+05:30,1315.0,1315.0,1313.800048828125,1313.8499755859375,63709,0.0,0.0
2025-03-20 11:50:00+05:30,1313.949951171875,1315.1500244140625,1313.949951171875,1315.050048828125,39486,0.0,0.0
2025-03-20 11:55:00+05:30,1315.050048828125,1315.800048828125,1314.550048828125,1314.699951171875,78160,0.0,0.0
2025-03-20 12:00:00+05:30,1314.5999755859375,1315.300048828125,1314.25,1314.800048828125,54148,0.0,0.0
2025-03-20 12:05:00+05:30,1314.800048828125,1315.5,1314.699951171875,1314.9000244140625,47295,0.0,0.0
2025-03-20 12:10:00+05:30,1315.0,1315.300048828125,1314.300048828125,1314.5999755859375,68264,0.0,0.0
2025-03-20 12:15:00+05:30,1314.6500244140625,1315.3499755859375,1314.550048828125,1315.1500244140625,49644,0.0,0.0
2025-03-20 12:20:00+05:30,1315.4000244140625,1315.4000244140625,1313.8499755859375,1314.4000244140625,75008,0.0,0.0
2025-03-20 12:25:00+05:30,1314.5999755859375,1315.0,1314.25,1314.8499755859375,65840,0.0,0.0
2025-03-20 12:30:00+05:30,1314.949951171875,1315.3499755859375,1314.25,1314.449951171875,69387,0.0,0.0
2025-03-20 12:35:00+05:30,1314.75,1315.25,1314.300048828125,1314.75,69113,0.0,0.0
2025-03-20 12:40:00+05:30,1314.800048828125,1315.0999755859375,1314.300048828125,1314.800048828125,67998,0.0,0.0
2025-03-20 12:45:00+05:30,1314.75,1315.5999755859375,1314.449951171875,1315.3499755859375,93718,0.0,0.0
2025-03-20 12:50:00+05:30,1315.199951171875,1315.949951171875,1314.699951171875,1315.050048828125,143209,0.0,0.0
2025-03-20 12:55:00+05:30,1315.25,1315.449951171875,1314.5,1315.300048828125,115066,0.0,0.0
2025-03-20 13:00:00+05:30,1315.25,1315.300048828125,1314.5999755859375,1314.75,77345,0.0,0.0
2025-03-20 13:05:00+05:30,1315.0,1316.949951171875,1314.699951171875,1316.449951171875,101960,0.0,0.0
2025-03-20 13:10:00+05:30,1316.3499755859375,1318.0,1316.3499755859375,1318.0,84055,0.0,0.0
2025-03-20 13:15:00+05:30,1317.949951171875,1320.0,1317.6500244140625,1320.0,121372,0.0,0.0
2025-03-20 13:20:00+05:30,1319.949951171875,1320.949951171875,1319.5999755859375,1320.050048828125,150829,0.0,0.0
2025-03-20 13:25:00+05:30,1320.050048828125,1320.050048828125,1318.25,1319.699951171875,105419,0.0,0.0
2025-03-20 13:30:00+05:30,1319.699951171875,1319.949951171875,1318.75,1319.449951171875,87667,0.0,0.0
2025-03-20 13:35:00+05:30,1319.3499755859375,1320.5,1319.0999755859375,1320.050048828125,114270,0.0,0.0
2025-03-20 13:40:00+05:30,1320.050048828125,1320.449951171875,1319.449951171875,1320.4000244140625,152030,0.0,0.0
2025-03-20 13:45:00+05:30,1320.1500244140625,1320.8499755859375,1319.699951171875,1320.8499755859375,154803,0.0,0.0
2025-03-20 13:50:00+05:30,1320.75,1324.1500244140625,1320.199951171875,1323.0999755859375,174978,0.0,0.0
2025-03-20 13:55:00+05:30,1323.050048828125,1324.0,1322.550048828125,1323.199951171875,139450,0.0,0.0
2025-03-20 14:00:00+05:30,1323.449951171875,1323.8499755859375,1321.949951171875,1322.1500244140625,179725,0.0,0.0
2025-03-20 14:05:00+05:30,1322.1500244140625,1323.050048828125,1321.3499755859375,1321.5,165685,0.0,0.0
2025-03-20 14:10:00+05:30,1321.4000244140625,1321.5,1320.1500244140625,1320.300048828125,121601,0.0,0.0
2025-03-20 14:15:00+05:30,1320.5,1320.5999755859375,1319.449951171875,1320.199951171875,100127,0.0,0.0
2025-03-20 14:20:00+05:30,1320.199951171875,1320.6500244140625,1319.699951171875,1319.949951171875,102246,0.0,0.0
2025-03-20 14:25:00+05:30,1319.8499755859375,1322.0,1319.8499755859375,1321.25,137486,0.0,0.0
2025-03-20 14:30:00+05:30,1321.6500244140625,1323.3499755859375,1321.0,1321.949951171875,175170,0.0,0.0
2025-03-20 14:35:00+05:30,1322.25,1322.800048828125,1321.6500244140625,1321.949951171875,165272,0.0,0.0
2025-03-20 14:40:00+05:30,1322.1500244140625,1322.699951171875,1320.4000244140625,1321.699951171875,245444,0.0,0.0
2025-03-20 14:45:00+05:30,1321.5999755859375,1323.25,1320.949951171875,1322.0,291728,0.0,0.0
2025-03-20 14:50:00+05:30,1322.050048828125,1322.800048828125,1321.3499755859375,1321.5999755859375,314952,0.0,0.0
2025-03-20 14:55:00+05:30,1321.5999755859375,1322.699951171875,1321.050048828125,1321.550048828125,251691,0.0,0.0
2025-03-20 15:00:00+05:30,1321.550048828125,1322.3499755859375,1321.1500244140625,1321.949951171875,343909,0.0,0.0
2025-03-20 15:05:00+05:30,1321.9000244140625,1322.800048828125,1321.199951171875,1322.550048828125,444168,0.0,0.0
2025-03-20 15:10:00+05:30,1322.449951171875,1322.5,1321.5,1321.5999755859375,361856,0.0,0.0
2025-03-20 15:15:00+05:30,1321.550048828125,1321.75,1320.800048828125,1321.199951171875,263294,0.0,0.0
2025-03-20 15:20:00+05:30,1321.199951171875,1322.0,1320.9000244140625,1321.550048828125,306102,0.0,0.0
2025-03-20 15:25:00+05:30,1321.5999755859375,1322.25,1318.3499755859375,1318.550048828125,201241,0.0,0.0
2025-03-21 09:15:00+05:30,1315.5,1322.300048828125,1315.0,1321.6500244140625,0,0.0,0.0
2025-03-21 09:20:00+05:30,1320.300048828125,1320.8499755859375,1318.699951171875,1319.949951171875,224892,0.0,0.0
2025-03-21 09:25:00+05:30,1319.8499755859375,1322.0999755859375,1319.5999755859375,1320.75,141054,0.0,0.0
2025-03-21 09:30:00+05:30,1321.050048828125,1321.0999755859375,1318.5999755859375,1321.0999755859375,350168,0.0,0.0
2025-03-21 09:35:00+05:30,1321.4000244140625,1323.0999755859375,1320.5,1322.199951171875,131236,0.0,0.0
2025-03-21 09:40:00+05:30,1322.0,1324.5,1320.9000244140625,1324.5,108384,0.0,0.0
2025-03-21 09:45:00+05:30,1324.050048828125,1324.8499755859375,1323.25,1323.6500244140625,114392,0.0,0.0
2025-03-21 09:50:00+05:30,1324.050048828125,1326.25,1324.0,1325.699951171875,147658,0.0,0.0
2025-03-21 09:55:00+05:30,1325.0999755859375,1327.300048828125,1325.050048828125,1327.1500244140625,181843,0.0,0.0
2025-03-21 10:00:00+05:30,1327.4000244140625,1327.8499755859375,1325.1500244140625,1325.8499755859375,133962,0.0,0.0
2025-03-21 10:05:00+05:30,1326.1500244140625,1328.0,1326.0999755859375,1327.75,102281,0.0,0.0
2025-03-21 10:10:00+05:30,1327.699951171875,1328.5,1326.8499755859375,1328.1500244140625,95601,0.0,0.0
2025-03-21 10:15:00+05:30,1328.449951171875,1329.1500244140625,1327.5,1329.1500244140625,105519,0.0,0.0
2025-03-21 10:20:00+05:30,1329.1500244140625,1331.5,1328.800048828125,1330.5999755859375,180720,0.0,0.0
2025-03-21 10:25:00+05:30,1330.25,1334.4000244140625,1330.0,1334.4000244140625,105391,0.0,0.0
2025-03-21 10:30:00+05:30,1334.9000244140625,1336.4000244140625,1333.25,1333.8499755859375,154979,0.0,0.0
2025-03-21 10:35:00+05:30,1333.4000244140625,1333.8499755859375,1331.4000244140625,1332.5,97182,0.0,0.0
2025-03-21 10:40:00+05:30,1332.199951171875,1333.5,1331.6500244140625,1332.4000244140625,117813,0.0,0.0
2025-03-21 10:45:00+05:30,1332.4000244140625,1338.300048828125,1332.4000244140625,1337.9000244140625,169082,0.0,0.0
2025-03-21 10:50:00+05:30,1337.8499755859375,1340.25,1337.4000244140625,1339.449951171875,514173,0.0,0.0
2025-03-21 10:55:00+05:30,1339.0999755859375,1340.0,1337.949951171875,1339.300048828125,175448,0.0,0.0
2025-03-21 11:00:00+05:30,1339.1500244140625,1341.0,1338.8499755859375,1340.550048828125,190185,0.0,0.0
2025-03-21 11:05:00+05:30,1340.6500244140625,1341.9000244140625,1340.050048828125,1340.3499755859375,250809,0.0,0.0
2025-03-21 11:10:00+05:30,1340.3499755859375,1341.300048828125,1339.75,1340.5,158814,0.0,0.0
2025-03-21 11:15:00+05:30,1340.300048828125,1343.0,1339.550048828125,1342.449951171875,268994,0.0,0.0
2025-03-21 11:20:00+05:30,1342.5,1344.0,1340.8499755859375,1341.0,161933,0.0,0.0
2025-03-21 11:25:00+05:30,1340.949951171875,1342.6500244140625,1340.449951171875,1341.300048828125,171052,0.0,0.0
2025-03-21 11:30:00+05:30,1341.3499755859375,1342.8499755859375,1340.949951171875,1341.3499755859375,123860,0.0,0.0
2025-03-21 11:35:00+05:30,1341.3499755859375,1341.5999755859375,1340.050048828125,1340.5999755859375,148287,0.0,0.0
2025-03-21 11:40:00+05:30,1340.6500244140625,1341.050048828125,1337.6500244140625,1338.4000244140625,187921,0.0,0.0
2025-03-21 11:45:00+05:30,1337.800048828125,1338.300048828125,1336.1500244140625,1337.8499755859375,153215,0.0,0.0
2025-03-21 11:50:00+05:30,1337.8499755859375,1339.300048828125,1337.449951171875,1339.0,141812,0.0,0.0
2025-03-21 11:55:00+05:30,1339.0,1339.300048828125,1337.25,1338.0,147144,0.0,0.0
2025-03-21 12:00:00+05:30,1337.9000244140625,1340.0,1337.0999755859375,1339.3499755859375,125039,0.0,0.0
2025-03-21 12:05:00+05:30,1339.5,1340.25,1339.050048828125,1340.0999755859375,97937,0.0,0.0
2025-03-21 12:10:00+05:30,1340.199951171875,1341.9000244140625,1340.199951171875,1341.199951171875,112740,0.0,0.0
2025-03-21 12:15:00+05:30,1341.1500244140625,1342.25,1341.0999755859375,1341.8499755859375,116717,0.0,0.0
2025-03-21 12:20:00+05:30,1341.8499755859375,1344.8499755859375,1341.6500244140625,1344.4000244140625,163380,0.0,0.0
2025-03-21 12:25:00+05:30,1344.5999755859375,1346.0,1343.1500244140625,1343.4000244140625,252284,0.0,0.0
2025-03-21 12:30:00+05:30,1343.449951171875,1344.949951171875,1343.3499755859375,1344.1500244140625,144401,0.0,0.0
2025-03-21 12:35:00+05:30,1344.1500244140625,1345.8499755859375,1343.800048828125,1344.8499755859375,147435,0.0,0.0
2025-03-21 12:40:00+05:30,1344.8499755859375,1345.199951171875,1343.699951171875,1344.1500244140625,163028,0.0,0.0
2025-03-21 12:45:00+05:30,1344.199951171875,1344.199951171875,1343.0,1343.300048828125,152995,0.0,0.0
2025-03-21 12:50:00+05:30,1343.4000244140625,1344.9000244140625,1343.050048828125,1344.6500244140625,170619,0.0,0.0
2025-03-21 12:55:00+05:30,1344.6500244140625,1345.0,1343.6500244140625,1344.4000244140625,204982,0.0,0.0
2025-03-21 13:00:00+05:30,1344.449951171875,1345.25,1343.4000244140625,1343.449951171875,198576,0.0,0.0
2025-03-21 13:05:00+05:30,1343.800048828125,1344.5,1342.25,1342.4000244140625,245336,0.0,0.0
2025-03-21 13:10:00+05:30,1342.4000244140625,1343.5,1341.5999755859375,1341.9000244140625,221761,0.0,0.0
2025-03-21 13:15:00+05:30,1342.0,1342.199951171875,1340.050048828125,1341.5999755859375,208988,0.0,0.0
2025-03-21 13:20:00+05:30,1341.0999755859375,1343.0999755859375,1341.0,1341.0999755859375,174110,0.0,0.0
2025-03-21 13:25:00+05:30,1341.0999755859375,1342.4000244140625,1341.0,1341.949951171875,170011,0.0,0.0
2025-03-21 13:30:00+05:30,1341.949951171875,1341.949951171875,1339.449951171875,1339.8499755859375,141626,0.0,0.0
2025-03-21 13:35:00+05:30,1339.699951171875,1340.4000244140625,1338.5,1339.6500244140625,168055,0.0,0.0
2025-03-21 13:40:00+05:30,1339.6500244140625,1340.6500244140625,1338.75,1339.800048828125,174287,0.0,0.0
2025-03-21 13:45:00+05:30,1339.800048828125,1339.9000244140625,1337.300048828125,1337.550048828125,184855,0.0,0.0
2025-03-21 13:50:00+05:30,1337.5999755859375,1338.300048828125,1336.3499755859375,1336.3499755859375,246269,0.0,0.0
2025-03-21 13:55:00+05:30,1336.550048828125,1338.6500244140625,1335.949951171875,1336.5999755859375,226020,0.0,0.0
2025-03-21 14:00:00+05:30,1336.25,1337.8499755859375,1336.050048828125,1336.449951171875,212879,0.0,0.0
2025-03-21 14:05:00+05:30,1336.4000244140625,1338.449951171875,1336.4000244140625,1337.949951171875,190245,0.0,0.0
2025-03-21 14:10:00+05:30,1337.8499755859375,1339.25,1336.699951171875,1337.25,198122,0.0,0.0
2025-03-21 14:15:00+05:30,1337.050048828125,1339.4000244140625,1337.050048828125,1338.6500244140625,216898,0.0,0.0
2025-03-21 14:20:00+05:30,1338.550048828125,1339.550048828125,1337.949951171875,1338.699951171875,213443,0.0,0.0
2025-03-21 14:25:00+05:30,1338.5999755859375,1339.9000244140625,1337.949951171875,1338.6500244140625,233574,0.0,0.0
2025-03-21 14:30:00+05:30,1338.6500244140625,1338.699951171875,1336.25,1336.25,245537,0.0,0.0
2025-03-21 14:35:00+05:30,1336.25,1339.199951171875,1336.050048828125,1339.0,323582,0.0,0.0
2025-03-21 14:40:00+05:30,1339.050048828125,1339.300048828125,1337.25,1337.550048828125,291053,0.0,0.0
2025-03-21 14:45:00+05:30,1337.550048828125,1337.699951171875,1335.300048828125,1336.300048828125,300474,0.0,0.0
2025-03-21 14:50:00+05:30,1336.4000244140625,1338.449951171875,1336.0999755859375,1337.75,291914,0.0,0.0
2025-03-21 14:55:00+05:30,1337.699951171875,1339.550048828125,1337.449951171875,1338.699951171875,275197,0.0,0.0
2025-03-21 15:00:00+05:30,1338.449951171875,1345.9000244140625,1335.449951171875,1342.699951171875,9881158,0.0,0.0
2025-03-21 15:05:00+05:30,1342.5,1347.6500244140625,1341.0999755859375,1347.0999755859375,8102225,0.0,0.0
2025-03-21 15:10:00+05:30,1347.0999755859375,1347.699951171875,1342.5,1342.5,7874408,0.0,0.0
2025-03-21 15:15:00+05:30,1342.5,1343.25,1340.25,1340.949951171875,7747033,0.0,0.0
2025-03-21 15:20:00+05:30,1340.949951171875,1345.550048828125,1340.949951171875,1341.800048828125,7238365,0.0,0.0
2025-03-21 15:25:00+05:30,1342.050048828125,1346.800048828125,1337.199951171875,1343.0999755859375,6330879,0.0,0.0
2025-03-24 09:15:00+05:30,1351.75,1352.050048828125,1345.050048828125,1351.0,0,0.0,0.0
2025-03-24 09:20:00+05:30,1350.5,1351.699951171875,1349.5,1351.25,190854,0.0,0.0
2025-03-24 09:25:00+05:30,1351.300048828125,1351.300048828125,1347.0999755859375,1347.949951171875,116304,0.0,0.0
2025-03-24 09:30:00+05:30,1347.199951171875,1349.4000244140625,1346.550048828125,1347.0999755859375,98537,0.0,0.0
2025-03-24 09:35:00+05:30,1347.050048828125,1350.550048828125,1347.050048828125,1349.6500244140625,79026,0.0,0.0
2025-03-24 09:40:00+05:30,1349.800048828125,1352.0,1349.4000244140625,1351.449951171875,139909,0.0,0.0
2025-03-24 09:45:00+05:30,1351.800048828125,1355.0,1351.5999755859375,1354.5,178578,0.0,0.0
2025-03-24 09:50:00+05:30,1354.800048828125,1357.199951171875,1354.6500244140625,1355.6500244140625,153042,0.0,0.0
2025-03-24 09:55:00+05:30,1355.9000244140625,1357.5,1355.6500244140625,1357.5,62029,0.0,0.0
2025-03-24 10:00:00+05:30,1357.5999755859375,1357.949951171875,1356.050048828125,1357.5,66673,0.0,0.0
2025-03-24 10:05:00+05:30,1357.3499755859375,1358.449951171875,1356.75,1357.6500244140625,50988,0.0,0.0
2025-03-24 10:10:00+05:30,1357.6500244140625,1358.800048828125,1356.0,1358.199951171875,67022,0.0,0.0
2025-03-24 10:15:00+05:30,1358.1500244140625,1359.300048828125,1357.9000244140625,1359.300048828125,112630,0.0,0.0
2025-03-24 10:20:00+05:30,1359.5999755859375,1359.9000244140625,1358.9000244140625,1359.8499755859375,63086,0.0,0.0
2025-03-24 10:25:00+05:30,1359.699951171875,1363.25,1359.699951171875,1362.5999755859375,165307,0.0,0.0
2025-03-24 10:30:00+05:30,1362.5999755859375,1364.8499755859375,1362.5,1363.300048828125,68801,0.0,0.0
2025-03-24 10:35:00+05:30,1363.6500244140625,1366.5,1363.5999755859375,1366.0,130608,0.0,0.0
2025-03-24 10:40:00+05:30,1366.0,1367.300048828125,1365.9000244140625,1366.0999755859375,115746,0.0,0.0
2025-03-24 10:45:00+05:30,1366.0999755859375,1367.449951171875,1365.449951171875,1366.9000244140625,64625,0.0,0.0
2025-03-24 10:50:00+05:30,1366.75,1367.75,1366.300048828125,1367.75,71719,0.0,0.0
2025-03-24 10:55:00+05:30,1367.25,1371.699951171875,1367.0999755859375,1371.449951171875,161979,0.0,0.0
2025-03-24 11:00:00+05:30,1371.550048828125,1372.8499755859375,1369.75,1371.300048828125,154890,0.0,0.0
2025-03-24 11:05:00+05:30,1371.0999755859375,1371.75,1367.449951171875,1368.5,109391,0.0,0.0
2025-03-24 11:10:00+05:30,1368.699951171875,1370.3499755859375,1367.550048828125,1369.449951171875,126066,0.0,0.0
2025-03-24 11:15:00+05:30,1369.5,1369.5,1364.550048828125,1364.9000244140625,128376,0.0,0.0
2025-03-24 11:20:00+05:30,1364.9000244140625,1366.800048828125,1364.699951171875,1366.0,112066,0.0,0.0
2025-03-24 11:25:00+05:30,1366.0,1366.449951171875,1364.550048828125,1365.050048828125,101516,0.0,0.0
2025-03-24 11:30:00+05:30,1365.0,1365.4000244140625,1363.5999755859375,1363.800048828125,92898,0.0,0.0
2025-03-24 11:35:00+05:30,1363.8499755859375,1364.8499755859375,1361.25,1362.0999755859375,77845,0.0,0.0
2025-03-24 11:40:00+05:30,1361.699951171875,1363.449951171875,1360.6500244140625,1362.550048828125,76955,0.0,0.0
2025-03-24 11:45:00+05:30,1362.5,1364.6500244140625,1362.5,1362.949951171875,57397,0.0,0.0
2025-03-24 11:50:00+05:30,1362.949951171875,1363.0,1361.6500244140625,1362.0,61913,0.0,0.0
2025-03-24 11:55:00+05:30,1361.949951171875,1361.949951171875,1359.449951171875,1360.5999755859375,65760,0.0,0.0
2025-03-24 12:00:00+05:30,1360.699951171875,1360.8499755859375,1357.550048828125,1357.6500244140625,72274,0.0,0.0
2025-03-24 12:05:00+05:30,1357.6500244140625,1358.300048828125,1357.0,1357.449951171875,60746,0.0,0.0
2025-03-24 12:10:00+05:30,1357.449951171875,1358.75,1357.4000244140625,1358.5999755859375,62381,0.0,0.0
2025-03-24 12:15:00+05:30,1358.550048828125,1358.800048828125,1357.800048828125,1358.199951171875,92693,0.0,0.0
2025-03-24 12:20:00+05:30,1358.25,1359.5,1357.5,1359.1500244140625,123649,0.0,0.0
2025-03-24 12:25:00+05:30,1359.0999755859375,1362.0,1359.0,1361.9000244140625,63390,0.0,0.0
2025-03-24 12:30:00+05:30,1361.9000244140625,1363.0,1361.8499755859375,1362.5999755859375,96994,0.0,0.0
2025-03-24 12:35:00+05:30,1362.4000244140625,1362.800048828125,1360.3499755859375,1360.800048828125,86164,0.0,0.0
2025-03-24 12:40:00+05:30,1360.9000244140625,1362.449951171875,1360.300048828125,1362.4000244140625,73007,0.0,0.0
2025-03-24 12:45:00+05:30,1362.25,1362.25,1359.949951171875,1361.0999755859375,136879,0.0,0.0
2025-03-24 12:50:00+05:30,1361.0999755859375,1361.8499755859375,1360.5999755859375,1361.1500244140625,107368,0.0,0.0
2025-03-24 12:55:00+05:30,1361.0999755859375,1361.550048828125,1358.75,1359.4000244140625,102545,0.0,0.0
2025-03-24 13:00:00+05:30,1359.949951171875,1362.5999755859375,1359.300048828125,1361.5999755859375,103098,0.0,0.0
2025-03-24 13:05:00+05:30,1361.75,1362.9000244140625,1361.5999755859375,1362.0999755859375,70494,0.0,0.0
2025-03-24 13:10:00+05:30,1362.300048828125,1362.9000244140625,1361.25,1361.8499755859375,72009,0.0,0.0
2025-03-24 13:15:00+05:30,1361.8499755859375,1362.449951171875,1360.199951171875,1360.800048828125,59572,0.0,0.0
2025-03-24 13:20:00+05:30,1360.9000244140625,1361.5,1359.3499755859375,1359.550048828125,61594,0.0,0.0
2025-03-24 13:25:00+05:30,1359.550048828125,1360.9000244140625,1359.550048828125,1360.8499755859375,79281,0.0,0.0
2025-03-24 13:30:00+05:30,1360.800048828125,1360.8499755859375,1359.699951171875,1359.800048828125,71571,0.0,0.0
2025-03-24 13:35:00+05:30,1359.8499755859375,1360.8499755859375,1359.800048828125,1360.5999755859375,45066,0.0,0.0
2025-03-24 13:40:00+05:30,1360.449951171875,1361.0,1359.800048828125,1359.9000244140625,55995,0.0,0.0
2025-03-24 13:45:00+05:30,1359.9000244140625,1360.4000244140625,1359.3499755859375,1360.300048828125,52296,0.0,0.0
2025-03-24 13:50:00+05:30,1360.1500244140625,1360.550048828125,1359.550048828125,1360.199951171875,53310,0.0,0.0
2025-03-24 13:55:00+05:30,1360.3499755859375,1361.75,1360.199951171875,1361.300048828125,55028,0.0,0.0
2025-03-24 14:00:00+05:30,1361.300048828125,1362.0,1360.800048828125,1361.1500244140625,55437,0.0,0.0
2025-03-24 14:05:00+05:30,1361.0999755859375,1361.8499755859375,1360.4000244140625,1360.8499755859375,45231,0.0,0.0
2025-03-24 14:10:00+05:30,1360.949951171875,1362.0,1360.8499755859375,1361.3499755859375,95132,0.0,0.0
2025-03-24 14:15:00+05:30,1361.0,1361.4000244140625,1359.8499755859375,1360.8499755859375,114043,0.0,0.0
2025-03-24 14:20:00+05:30,1360.8499755859375,1361.0,1359.4000244140625,1360.5,104202,0.0,0.0
2025-03-24 14:25:00+05:30,1360.6500244140625,1361.5,1360.25,1360.699951171875,88943,0.0,0.0
2025-03-24 14:30:00+05:30,1360.699951171875,1360.800048828125,1359.949951171875,1359.949951171875,186555,0.0,0.0
2025-03-24 14:35:00+05:30,1359.75,1361.9000244140625,1359.75,1361.5999755859375,169021,0.0,0.0
2025-03-24 14:40:00+05:30,1361.699951171875,1362.0,1358.75,1359.0,83711,0.0,0.0
2025-03-24 14:45:00+05:30,1358.75,1358.75,1358.0,1358.050048828125,72429,0.0,0.0
2025-03-24 14:50:00+05:30,1358.050048828125,1359.1500244140625,1358.0,1359.0999755859375,60943,0.0,0.0
2025-03-24 14:55:00+05:30,1359.1500244140625,1360.050048828125,1359.1500244140625,1359.699951171875,77458,0.0,0.0
2025-03-24 15:00:00+05:30,1359.5999755859375,1359.5999755859375,1356.800048828125,1356.949951171875,274573,0.0,0.0
2025-03-24 15:05:00+05:30,1356.9000244140625,1357.449951171875,1356.4000244140625,1356.5,205313,0.0,0.0
2025-03-24 15:10:00+05:30,1356.550048828125,1357.3499755859375,1356.0,1356.0,272563,0.0,0.0
2025-03-24 15:15:00+05:30,1356.0999755859375,1359.449951171875,1356.0,1358.449951171875,334258,0.0,0.0
2025-03-24 15:20:00+05:30,1358.3499755859375,1360.300048828125,1358.25,1359.9000244140625,306741,0.0,0.0
2025-03-24 15:25:00+05:30,1360.0,1363.0,1359.800048828125,1362.9000244140625,171654,0.0,0.0
2025-03-25 09:15:00+05:30,1353.0,1361.699951171875,1353.0,1357.300048828125,0,0.0,0.0
2025-03-25 09:20:00+05:30,1357.3499755859375,1358.0,1355.300048828125,1355.4000244140625,130233,0.0,0.0
2025-03-25 09:25:00+05:30,1355.699951171875,1359.9000244140625,1355.300048828125,1359.8499755859375,233186,0.0,0.0
2025-03-25 09:30:00+05:30,1359.800048828125,1362.3499755859375,1357.6500244140625,1357.75,240327,0.0,0.0
2025-03-25 09:35:00+05:30,1357.5,1359.800048828125,1356.1500244140625,1359.5,213912,0.0,0.0
2025-03-25 09:40:00+05:30,1359.5,1360.0,1357.5,1358.25,168933,0.0,0.0
2025-03-25 09:45:00+05:30,1358.5,1358.6500244140625,1356.3499755859375,1358.6500244140625,262779,0.0,0.0
2025-03-25 09:50:00+05:30,1359.0,1361.6500244140625,1358.800048828125,1360.5,246116,0.0,0.0
2025-03-25 09:55:00+05:30,1360.199951171875,1360.5,1358.1500244140625,1359.300048828125,194227,0.0,0.0
2025-03-25 10:00:00+05:30,1359.449951171875,1359.5,1357.75,1358.199951171875,139916,0.0,0.0
2025-03-25 10:05:00+05:30,1358.25,1358.75,1356.0,1356.449951171875,121573,0.0,0.0
2025-03-25 10:10:00+05:30,1356.449951171875,1358.25,1355.800048828125,1357.75,158776,0.0,0.0
2025-03-25 10:15:00+05:30,1357.800048828125,1361.0,1357.0,1360.0,168622,0.0,0.0
2025-03-25 10:20:00+05:30,1360.0,1361.3499755859375,1359.6500244140625,1361.0999755859375,110070,0.0,0.0
2025-03-25 10:25:00+05:30,1361.0,1361.449951171875,1359.3499755859375,1359.75,88834,0.0,0.0
2025-03-25 10:30:00+05:30,1359.449951171875,1360.0,1358.550048828125,1358.949951171875,60433,0.0,0.0
2025-03-25 10:35:00+05:30,1359.3499755859375,1359.699951171875,1356.050048828125,1357.5999755859375,141921,0.0,0.0
2025-03-25 10:40:00+05:30,1357.9000244140625,1362.9000244140625,1357.9000244140625,1362.9000244140625,134496,0.0,0.0
2025-03-25 10:45:00+05:30,1363.0,1363.800048828125,1360.949951171875,1362.0,99730,0.0,0.0
2025-03-25 10:50:00+05:30,1361.550048828125,1362.75,1360.3499755859375,1360.5,155251,0.0,0.0
2025-03-25 10:55:00+05:30,1360.5,1360.5,1357.800048828125,1358.4000244140625,161740,0.0,0.0
2025-03-25 11:00:00+05:30,1358.3499755859375,1360.0999755859375,1358.1500244140625,1360.0,120112,0.0,0.0
2025-03-25 11:05:00+05:30,1360.0,1361.0999755859375,1357.0,1357.8499755859375,148811,0.0,0.0
2025-03-25 11:10:00+05:30,1357.75,1357.75,1353.949951171875,1354.0,136174,0.0,0.0
2025-03-25 11:15:00+05:30,1353.949951171875,1354.0,1349.699951171875,1349.9000244140625,288920,0.0,0.0
2025-03-25 11:20:00+05:30,1350.0,1350.0,1345.8499755859375,1346.199951171875,107174,0.0,0.0
2025-03-25 11:25:00+05:30,1346.199951171875,1349.550048828125,1346.0,1348.550048828125,108288,0.0,0.0
2025-03-25 11:30:00+05:30,1348.550048828125,1349.300048828125,1347.300048828125,1348.9000244140625,81484,0.0,0.0
2025-03-25 11:35:00+05:30,1348.949951171875,1349.199951171875,1347.050048828125,1347.25,94907,0.0,0.0
2025-03-25 11:40:00+05:30,1346.3499755859375,1347.449951171875,1344.800048828125,1346.199951171875,119812,0.0,0.0
2025-03-25 11:45:00+05:30,1346.199951171875,1347.800048828125,1344.4000244140625,1344.9000244140625,198912,0.0,0.0
2025-03-25 11:50:00+05:30,1344.800048828125,1346.75,1344.800048828125,1346.3499755859375,84099,0.0,0.0
2025-03-25 11:55:00+05:30,1346.3499755859375,1346.550048828125,1345.4000244140625,1346.449951171875,69319,0.0,0.0
2025-03-25 12:00:00+05:30,1346.449951171875,1347.0,1345.449951171875,1345.9000244140625,89623,0.0,0.0
2025-03-25 12:05:00+05:30,1345.6500244140625,1347.0,1345.0999755859375,1346.6500244140625,76447,0.0,0.0
2025-03-25 12:10:00+05:30,1347.0,1347.0,1340.5,1340.5,601794,0.0,0.0
2025-03-25 12:15:00+05:30,1340.550048828125,1341.300048828125,1335.0,1335.550048828125,853839,0.0,0.0
2025-03-25 12:20:00+05:30,1335.5,1335.5,1331.4000244140625,1334.25,843198,0.0,0.0
2025-03-25 12:25:00+05:30,1334.8499755859375,1336.550048828125,1331.9000244140625,1332.75,638356,0.0,0.0
2025-03-25 12:30:00+05:30,1332.75,1336.25,1331.3499755859375,1333.8499755859375,145618,0.0,0.0
2025-03-25 12:35:00+05:30,1333.449951171875,1334.4000244140625,1332.1500244140625,1333.5999755859375,67340,0.0,0.0
2025-03-25 12:40:00+05:30,1333.25,1333.5999755859375,1331.1500244140625,1333.199951171875,90617,0.0,0.0
2025-03-25 12:45:00+05:30,1333.199951171875,1333.199951171875,1331.300048828125,1331.5999755859375,51617,0.0,0.0
2025-03-25 12:50:00+05:30,1331.550048828125,1332.300048828125,1330.1500244140625,1331.0,101637,0.0,0.0
2025-03-25 12:55:00+05:30,1330.949951171875,1332.5999755859375,1330.6500244140625,1332.449951171875,74656,0.0,0.0
2025-03-25 13:00:00+05:30,1332.5,1333.4000244140625,1332.1500244140625,1333.3499755859375,94047,0.0,0.0
2025-03-25 13:05:00+05:30,1333.0999755859375,1334.75,1332.199951171875,1333.8499755859375,108849,0.0,0.0
2025-03-25 13:10:00+05:30,1333.9000244140625,1335.8499755859375,1333.8499755859375,1334.300048828125,88159,0.0,0.0
2025-03-25 13:15:00+05:30,1334.25,1336.9000244140625,1334.25,1335.1500244140625,120231,0.0,0.0
2025-03-25 13:20:00+05:30,1335.5999755859375,1338.1500244140625,1335.0999755859375,1337.5,157557,0.0,0.0
2025-03-25 13:25:00+05:30,1337.5,1339.300048828125,1337.199951171875,1338.25,109344,0.0,0.0
2025-03-25 13:30:00+05:30,1338.300048828125,1340.3499755859375,1338.1500244140625,1339.4000244140625,151408,0.0,0.0
2025-03-25 13:35:00+05:30,1339.8499755859375,1341.6500244140625,1339.5,1339.949951171875,148187,0.0,0.0
2025-03-25 13:40:00+05:30,1339.9000244140625,1340.949951171875,1338.949951171875,1340.949951171875,100038,0.0,0.0
2025-03-25 13:45:00+05:30,1340.949951171875,1342.449951171875,1340.0,1342.1500244140625,104932,0.0,0.0
2025-03-25 13:50:00+05:30,1342.4000244140625,1343.5999755859375,1340.550048828125,1341.0,124305,0.0,0.0
2025-03-25 13:55:00+05:30,1341.0,1342.800048828125,1340.6500244140625,1341.0999755859375,181315,0.0,0.0
2025-03-25 14:00:00+05:30,1341.0999755859375,1342.3499755859375,1340.550048828125,1341.8499755859375,127655,0.0,0.0
2025-03-25 14:05:00+05:30,1341.699951171875,1342.6500244140625,1340.75,1342.6500244140625,77502,0.0,0.0
2025-03-25 14:10:00+05:30,1342.5999755859375,1346.5,1342.050048828125,1345.800048828125,185459,0.0,0.0
2025-03-25 14:15:00+05:30,1346.0,1346.449951171875,1341.9000244140625,1343.199951171875,150041,0.0,0.0
2025-03-25 14:20:00+05:30,1342.5999755859375,1342.800048828125,1340.1500244140625,1340.9000244140625,176829,0.0,0.0
2025-03-25 14:25:00+05:30,1340.949951171875,1342.1500244140625,1340.0999755859375,1340.6500244140625,153124,0.0,0.0
2025-03-25 14:30:00+05:30,1340.8499755859375,1344.699951171875,1340.5999755859375,1344.25,196263,0.0,0.0
2025-03-25 14:35:00+05:30,1344.1500244140625,1346.449951171875,1343.8499755859375,1346.0,259632,0.0,0.0
2025-03-25 14:40:00+05:30,1345.949951171875,1346.9000244140625,1343.0,1345.3499755859375,244499,0.0,0.0
2025-03-25 14:45:00+05:30,1345.25,1345.699951171875,1344.0999755859375,1345.050048828125,188284,0.0,0.0
2025-03-25 14:50:00+05:30,1345.050048828125,1345.6500244140625,1344.0999755859375,1344.949951171875,240099,0.0,0.0
2025-03-25 14:55:00+05:30,1345.0,1346.6500244140625,1343.75,1345.699951171875,311695,0.0,0.0
2025-03-25 15:00:00+05:30,1345.6500244140625,1346.300048828125,1343.300048828125,1343.5,702753,0.0,0.0
2025-03-25 15:05:00+05:30,1343.449951171875,1344.050048828125,1342.5999755859375,1343.8499755859375,643244,0.0,0.0
2025-03-25 15:10:00+05:30,1343.800048828125,1345.0999755859375,1342.199951171875,1343.8499755859375,557703,0.0,0.0
2025-03-25 15:15:00+05:30,1343.949951171875,1345.0,1341.9000244140625,1342.550048828125,555386,0.0,0.0
2025-03-25 15:20:00+05:30,1342.550048828125,1344.75,1342.0,1344.199951171875,642341,0.0,0.0
2025-03-25 15:25:00+05:30,1344.199951171875,1344.5999755859375,1340.75,1343.699951171875,493950,0.0,0.0
2025-03-26 09:15:00+05:30,1348.050048828125,1349.25,1341.0999755859375,1343.5999755859375,0,0.0,0.0
2025-03-26 09:20:00+05:30,1343.800048828125,1347.3499755859375,1343.800048828125,1346.6500244140625,134660,0.0,0.0
2025-03-26 09:25:00+05:30,1346.300048828125,1349.300048828125,1345.800048828125,1347.0,145876,0.0,0.0
2025-03-26 09:30:00+05:30,1347.25,1348.699951171875,1345.6500244140625,1346.699951171875,92308,0.0,0.0
2025-03-26 09:35:00+05:30,1346.8499755859375,1348.25,1346.199951171875,1346.199951171875,81057,0.0,0.0
2025-03-26 09:40:00+05:30,1346.25,1351.5999755859375,1346.25,1350.1500244140625,137627,0.0,0.0
2025-03-26 09:45:00+05:30,1350.5,1356.5,1349.4000244140625,1355.050048828125,159817,0.0,0.0
2025-03-26 09:50:00+05:30,1355.050048828125,1355.050048828125,1351.4000244140625,1352.9000244140625,116664,0.0,0.0
2025-03-26 09:55:00+05:30,1353.0999755859375,1354.699951171875,1352.550048828125,1353.050048828125,63410,0.0,0.0
2025-03-26 10:00:00+05:30,1353.050048828125,1354.800048828125,1351.699951171875,1354.0999755859375,74940,0.0,0.0
2025-03-26 10:05:00+05:30,1354.0999755859375,1354.699951171875,1353.199951171875,1354.5999755859375,53116,0.0,0.0
2025-03-26 10:10:00+05:30,1355.0,1355.9000244140625,1354.199951171875,1355.1500244140625,126740,0.0,0.0
2025-03-26 10:15:00+05:30,1355.0999755859375,1355.199951171875,1353.8499755859375,1353.9000244140625,52160,0.0,0.0
2025-03-26 10:20:00+05:30,1353.8499755859375,1354.5999755859375,1352.550048828125,1352.550048828125,57142,0.0,0.0
2025-03-26 10:25:00+05:30,1352.75,1354.4000244140625,1352.699951171875,1353.0999755859375,33256,0.0,0.0
2025-03-26 10:30:00+05:30,1353.0999755859375,1355.949951171875,1352.800048828125,1355.949951171875,66383,0.0,0.0
2025-03-26 10:35:00+05:30,1356.0,1357.9000244140625,1355.949951171875,1355.949951171875,96698,0.0,0.0
2025-03-26 10:40:00+05:30,1355.75,1355.949951171875,1348.75,1349.4000244140625,438489,0.0,0.0
2025-03-26 10:45:00+05:30,1349.9000244140625,1350.1500244140625,1344.0,1344.0,669130,0.0,0.0
2025-03-26 10:50:00+05:30,1344.0,1345.5999755859375,1341.0,1341.3499755859375,676778,0.0,0.0
2025-03-26 10:55:00+05:30,1341.050048828125,1342.699951171875,1339.449951171875,1340.0,827905,0.0,0.0
2025-03-26 11:00:00+05:30,1339.949951171875,1342.0,1337.449951171875,1341.1500244140625,188627,0.0,0.0
2025-03-26 11:05:00+05:30,1341.1500244140625,1344.4000244140625,1340.550048828125,1344.4000244140625,52812,0.0,0.0
2025-03-26 11:10:00+05:30,1344.5,1344.800048828125,1341.9000244140625,1342.6500244140625,55625,0.0,0.0
2025-03-26 11:15:00+05:30,1342.550048828125,1343.0999755859375,1340.9000244140625,1341.699951171875,42846,0.0,0.0
2025-03-26 11:20:00+05:30,1341.5,1342.5999755859375,1340.949951171875,1342.1500244140625,50940,0.0,0.0
2025-03-26 11:25:00+05:30,1342.0999755859375,1342.5999755859375,1340.800048828125,1342.0,43981,0.0,0.0
2025-03-26 11:30:00+05:30,1342.0,1342.0999755859375,1340.1500244140625,1340.8499755859375,59895,0.0,0.0
2025-03-26 11:35:00+05:30,1340.8499755859375,1342.25,1340.0999755859375,1340.199951171875,60458,0.0,0.0
2025-03-26 11:40:00+05:30,1340.199951171875,1341.1500244140625,1338.949951171875,1340.949951171875,56439,0.0,0.0
2025-03-26 11:45:00+05:30,1340.949951171875,1341.3499755859375,1340.25,1340.8499755859375,51414,0.0,0.0
2025-03-26 11:50:00+05:30,1340.800048828125,1342.5,1340.4000244140625,1342.300048828125,44760,0.0,0.0
2025-03-26 11:55:00+05:30,1342.300048828125,1342.5999755859375,1340.4000244140625,1340.4000244140625,55476,0.0,0.0
2025-03-26 12:00:00+05:30,1340.550048828125,1341.25,1338.75,1339.1500244140625,57517,0.0,0.0
2025-03-26 12:05:00+05:30,1339.0999755859375,1340.6500244140625,1338.5999755859375,1340.6500244140625,112805,0.0,0.0
2025-03-26 12:10:00+05:30,1340.949951171875,1341.9000244140625,1340.050048828125,1341.4000244140625,58031,0.0,0.0
2025-03-26 12:15:00+05:30,1341.4000244140625,1341.8499755859375,1340.75,1341.5999755859375,27960,0.0,0.0
2025-03-26 12:20:00+05:30,1341.4000244140625,1342.800048828125,1341.300048828125,1341.9000244140625,58809,0.0,0.0
2025-03-26 12:25:00+05:30,1341.800048828125,1342.5999755859375,1340.550048828125,1341.5,48755,0.0,0.0
2025-03-26 12:30:00+05:30,1341.4000244140625,1342.25,1340.6500244140625,1341.449951171875,37422,0.0,0.0
2025-03-26 12:35:00+05:30,1341.449951171875,1342.3499755859375,1340.300048828125,1340.550048828125,50451,0.0,0.0
2025-03-26 12:40:00+05:30,1340.800048828125,1342.0,1339.949951171875,1342.0,56397,0.0,0.0
2025-03-26 12:45:00+05:30,1342.1500244140625,1343.0,1341.9000244140625,1342.949951171875,47158,0.0,0.0
2025-03-26 12:50:00+05:30,1342.699951171875,1343.25,1342.25,1342.75,58541,0.0,0.0
2025-03-26 12:55:00+05:30,1342.5,1343.550048828125,1341.0,1343.300048828125,78233,0.0,0.0
2025-03-26 13:00:00+05:30,1343.4000244140625,1343.5999755859375,1340.5,1340.5,43182,0.0,0.0
2025-03-26 13:05:00+05:30,1340.25,1340.800048828125,1336.550048828125,1338.0999755859375,107226,0.0,0.0
2025-03-26 13:10:00+05:30,1338.199951171875,1339.800048828125,1336.9000244140625,1339.300048828125,76503,0.0,0.0
2025-03-26 13:15:00+05:30,1339.300048828125,1339.3499755859375,1335.3499755859375,1335.5999755859375,95044,0.0,0.0
2025-03-26 13:20:00+05:30,1335.550048828125,1337.5999755859375,1335.449951171875,1337.0999755859375,80084,0.0,0.0
2025-03-26 13:25:00+05:30,1337.0999755859375,1338.199951171875,1336.199951171875,1336.8499755859375,71316,0.0,0.0
2025-03-26 13:30:00+05:30,1336.8499755859375,1338.199951171875,1336.0999755859375,1336.300048828125,77316,0.0,0.0
2025-03-26 13:35:00+05:30,1336.25,1336.550048828125,1335.0999755859375,1335.449951171875,89479,0.0,0.0
2025-03-26 13:40:00+05:30,1335.550048828125,1336.0,1334.050048828125,1335.0,95313,0.0,0.0
2025-03-26 13:45:00+05:30,1335.3499755859375,1337.5,1334.75,1335.3499755859375,78521,0.0,0.0
2025-03-26 13:50:00+05:30,1335.3499755859375,1337.8499755859375,1334.9000244140625,1337.199951171875,94025,0.0,0.0
2025-03-26 13:55:00+05:30,1337.199951171875,1338.0,1336.300048828125,1337.0,74023,0.0,0.0
2025-03-26 14:00:00+05:30,1337.0,1338.0999755859375,1335.800048828125,1337.5999755859375,77671,0.0,0.0
2025-03-26 14:05:00+05:30,1337.8499755859375,1338.3499755859375,1336.4000244140625,1336.449951171875,79291,0.0,0.0
2025-03-26 14:10:00+05:30,1336.3499755859375,1337.25,1335.8499755859375,1336.199951171875,85981,0.0,0.0
2025-03-26 14:15:00+05:30,1336.25,1337.050048828125,1334.949951171875,1335.050048828125,97510,0.0,0.0
2025-03-26 14:20:00+05:30,1335.0999755859375,1336.5999755859375,1334.800048828125,1335.5999755859375,88135,0.0,0.0
2025-03-26 14:25:00+05:30,1335.5999755859375,1336.550048828125,1334.800048828125,1336.0999755859375,86391,0.0,0.0
2025-03-26 14:30:00+05:30,1336.0999755859375,1336.3499755859375,1334.9000244140625,1335.0,86109,0.0,0.0
2025-03-26 14:35:00+05:30,1335.0,1336.0,1334.8499755859375,1334.949951171875,107796,0.0,0.0
2025-03-26 14:40:00+05:30,1334.9000244140625,1335.300048828125,1334.1500244140625,1334.199951171875,120073,0.0,0.0
2025-03-26 14:45:00+05:30,1334.1500244140625,1336.0,1334.1500244140625,1335.699951171875,121782,0.0,0.0
2025-03-26 14:50:00+05:30,1335.75,1335.75,1333.300048828125,1333.300048828125,134791,0.0,0.0
2025-03-26 14:55:00+05:30,1333.300048828125,1334.25,1331.5,1334.25,224510,0.0,0.0
2025-03-26 15:00:00+05:30,1334.0,1337.449951171875,1333.1500244140625,1336.5999755859375,513439,0.0,0.0
2025-03-26 15:05:00+05:30,1336.5999755859375,1336.6500244140625,1334.550048828125,1336.5999755859375,331035,0.0,0.0
2025-03-26 15:10:00+05:30,1335.800048828125,1337.199951171875,1335.300048828125,1336.300048828125,395821,0.0,0.0
2025-03-26 15:15:00+05:30,1336.3499755859375,1336.449951171875,1335.300048828125,1335.550048828125,394460,0.0,0.0
2025-03-26 15:20:00+05:30,1335.550048828125,1336.5,1335.0,1335.800048828125,339891,0.0,0.0
2025-03-26 15:25:00+05:30,1335.800048828125,1336.449951171875,1334.5,1335.449951171875,281367,0.0,0.0
2025-03-27 09:15:00+05:30,1341.449951171875,1345.4000244140625,1338.449951171875,1345.4000244140625,0,0.0,0.0
2025-03-27 09:20:00+05:30,1347.25,1349.0,1344.449951171875,1347.6500244140625,353107,0.0,0.0
2025-03-27 09:25:00+05:30,1347.8499755859375,1349.3499755859375,1345.949951171875,1347.3499755859375,198217,0.0,0.0
2025-03-27 09:30:00+05:30,1347.3499755859375,1349.1500244140625,1346.5999755859375,1347.0999755859375,93371,0.0,0.0
2025-03-27 09:35:00+05:30,1346.6500244140625,1347.4000244140625,1345.3499755859375,1345.5,53316,0.0,0.0
2025-03-27 09:40:00+05:30,1345.5,1349.0,1345.5,1349.0,63143,0.0,0.0
2025-03-27 09:45:00+05:30,1349.0,1349.0,1344.25,1345.1500244140625,113772,0.0,0.0
2025-03-27 09:50:00+05:30,1345.199951171875,1349.0,1344.449951171875,1348.75,60062,0.0,0.0
2025-03-27 09:55:00+05:30,1348.75,1350.4000244140625,1348.300048828125,1350.4000244140625,91252,0.0,0.0
2025-03-27 10:00:00+05:30,1350.75,1351.25,1349.5999755859375,1351.199951171875,62343,0.0,0.0
2025-03-27 10:05:00+05:30,1351.300048828125,1351.4000244140625,1348.1500244140625,1348.1500244140625,78813,0.0,0.0
2025-03-27 10:10:00+05:30,1348.1500244140625,1348.199951171875,1345.4000244140625,1345.699951171875,52082,0.0,0.0
2025-03-27 10:15:00+05:30,1345.8499755859375,1347.300048828125,1343.300048828125,1343.699951171875,83348,0.0,0.0
2025-03-27 10:20:00+05:30,1343.449951171875,1345.8499755859375,1343.300048828125,1345.300048828125,38316,0.0,0.0
2025-03-27 10:25:00+05:30,1345.0999755859375,1345.4000244140625,1344.0,1345.4000244140625,41316,0.0,0.0
2025-03-27 10:30:00+05:30,1345.199951171875,1346.5999755859375,1344.8499755859375,1345.25,33076,0.0,0.0
2025-03-27 10:35:00+05:30,1345.0,1346.0,1345.0,1345.25,20353,0.0,0.0
2025-03-27 10:40:00+05:30,1345.199951171875,1345.199951171875,1343.3499755859375,1344.800048828125,34803,0.0,0.0
2025-03-27 10:45:00+05:30,1344.75,1346.4000244140625,1344.1500244140625,1344.25,73715,0.0,0.0
2025-03-27 10:50:00+05:30,1344.300048828125,1347.1500244140625,1342.949951171875,1347.0,116138,0.0,0.0
2025-03-27 10:55:00+05:30,1347.050048828125,1347.699951171875,1346.0,1346.3499755859375,43017,0.0,0.0
2025-03-27 11:00:00+05:30,1346.449951171875,1348.3499755859375,1346.199951171875,1348.0,94878,0.0,0.0
2025-03-27 11:05:00+05:30,1348.0,1348.199951171875,1345.5999755859375,1345.699951171875,142479,0.0,0.0
2025-03-27 11:10:00+05:30,1345.949951171875,1346.8499755859375,1343.949951171875,1344.699951171875,187987,0.0,0.0
2025-03-27 11:15:00+05:30,1344.9000244140625,1345.4000244140625,1344.1500244140625,1344.8499755859375,39392,0.0,0.0
2025-03-27 11:20:00+05:30,1344.75,1345.449951171875,1344.1500244140625,1345.300048828125,36217,0.0,0.0
2025-03-27 11:25:00+05:30,1345.449951171875,1346.4000244140625,1345.300048828125,1345.9000244140625,26253,0.0,0.0
2025-03-27 11:30:00+05:30,1346.300048828125,1347.949951171875,1346.050048828125,1347.949951171875,39858,0.0,0.0
2025-03-27 11:35:00+05:30,1347.8499755859375,1348.550048828125,1347.449951171875,1347.949951171875,30083,0.0,0.0
2025-03-27 11:40:00+05:30,1347.949951171875,1348.25,1347.5,1347.9000244140625,27430,0.0,0.0
2025-03-27 11:45:00+05:30,1347.9000244140625,1348.25,1347.5999755859375,1347.8499755859375,34330,0.0,0.0
2025-03-27 11:50:00+05:30,1347.800048828125,1347.800048828125,1346.1500244140625,1346.949951171875,58940,0.0,0.0
2025-03-27 11:55:00+05:30,1346.8499755859375,1347.0,1345.800048828125,1346.25,37363,0.0,0.0
2025-03-27 12:00:00+05:30,1346.25,1346.25,1345.050048828125,1345.4000244140625,31121,0.0,0.0
2025-03-27 12:05:00+05:30,1345.4000244140625,1346.699951171875,1345.25,1346.699951171875,35150,0.0,0.0
2025-03-27 12:10:00+05:30,1346.25,1347.550048828125,1346.25,1347.25,41725,0.0,0.0
2025-03-27 12:15:00+05:30,1347.5,1347.6500244140625,1346.75,1347.6500244140625,50254,0.0,0.0
2025-03-27 12:20:00+05:30,1347.5999755859375,1348.199951171875,1347.199951171875,1347.449951171875,67430,0.0,0.0
2025-03-27 12:25:00+05:30,1347.5999755859375,1348.0,1346.800048828125,1346.8499755859375,66091,0.0,0.0
2025-03-27 12:30:00+05:30,1346.8499755859375,1347.199951171875,1346.0999755859375,1346.3499755859375,65030,0.0,0.0
2025-03-27 12:35:00+05:30,1346.3499755859375,1347.4000244140625,1345.75,1347.25,61729,0.0,0.0
2025-03-27 12:40:00+05:30,1347.4000244140625,1347.449951171875,1346.5,1346.8499755859375,56425,0.0,0.0
2025-03-27 12:45:00+05:30,1346.550048828125,1346.800048828125,1344.75,1344.75,84957,0.0,0.0
2025-03-27 12:50:00+05:30,1345.0,1345.449951171875,1344.3499755859375,1345.3499755859375,92287,0.0,0.0
2025-03-27 12:55:00+05:30,1345.199951171875,1346.6500244140625,1344.800048828125,1345.9000244140625,101180,0.0,0.0
2025-03-27 13:00:00+05:30,1345.949951171875,1346.3499755859375,1345.0,1345.5,96816,0.0,0.0
2025-03-27 13:05:00+05:30,1345.0,1345.4000244140625,1344.0,1344.4000244140625,112973,0.0,0.0
2025-03-27 13:10:00+05:30,1344.5999755859375,1345.6500244140625,1344.3499755859375,1345.300048828125,95824,0.0,0.0
2025-03-27 13:15:00+05:30,1345.300048828125,1345.949951171875,1345.050048828125,1345.3499755859375,71798,0.0,0.0
2025-03-27 13:20:00+05:30,1345.3499755859375,1345.949951171875,1344.550048828125,1345.6500244140625,115421,0.0,0.0
2025-03-27 13:25:00+05:30,1345.199951171875,1345.800048828125,1344.449951171875,1344.6500244140625,86011,0.0,0.0
2025-03-27 13:30:00+05:30,1344.5,1345.75,1344.1500244140625,1345.699951171875,102679,0.0,0.0
2025-03-27 13:35:00+05:30,1345.6500244140625,1345.9000244140625,1344.0999755859375,1345.3499755859375,166127,0.0,0.0
2025-03-27 13:40:00+05:30,1345.5999755859375,1345.800048828125,1344.75,1344.949951171875,100164,0.0,0.0
2025-03-27 13:45:00+05:30,1344.9000244140625,1345.5,1343.5,1345.0999755859375,113923,0.0,0.0
2025-03-27 13:50:00+05:30,1345.050048828125,1345.800048828125,1343.75,1343.8499755859375,147771,0.0,0.0
2025-03-27 13:55:00+05:30,1343.8499755859375,1344.449951171875,1342.5999755859375,1343.25,121937,0.0,0.0
2025-03-27 14:00:00+05:30,1343.75,1345.199951171875,1343.4000244140625,1344.800048828125,145890,0.0,0.0
2025-03-27 14:05:00+05:30,1344.800048828125,1345.550048828125,1343.699951171875,1344.9000244140625,107015,0.0,0.0
2025-03-27 14:10:00+05:30,1345.4000244140625,1345.4000244140625,1343.5,1344.0999755859375,178597,0.0,0.0
2025-03-27 14:15:00+05:30,1344.0999755859375,1345.550048828125,1343.25,1345.0999755859375,186533,0.0,0.0
2025-03-27 14:20:00+05:30,1345.0,1345.5,1343.6500244140625,1344.199951171875,137224,0.0,0.0
2025-03-27 14:25:00+05:30,1344.3499755859375,1344.9000244140625,1343.449951171875,1343.6500244140625,128269,0.0,0.0
2025-03-27 14:30:00+05:30,1343.5999755859375,1344.1500244140625,1342.75,1343.199951171875,129964,0.0,0.0
2025-03-27 14:35:00+05:30,1343.1500244140625,1344.949951171875,1343.0999755859375,1344.4000244140625,194072,0.0,0.0
2025-03-27 14:40:00+05:30,1344.3499755859375,1344.449951171875,1342.75,1342.9000244140625,227623,0.0,0.0
2025-03-27 14:45:00+05:30,1342.75,1343.5,1339.199951171875,1340.75,482409,0.0,0.0
2025-03-27 14:50:00+05:30,1340.75,1341.050048828125,1339.1500244140625,1340.5,374198,0.0,0.0
2025-03-27 14:55:00+05:30,1340.300048828125,1341.199951171875,1338.699951171875,1339.199951171875,267867,0.0,0.0
2025-03-27 15:00:00+05:30,1339.199951171875,1339.4000244140625,1335.0,1336.050048828125,1265873,0.0,0.0
2025-03-27 15:05:00+05:30,1336.0,1337.1500244140625,1334.300048828125,1336.199951171875,1406576,0.0,0.0
2025-03-27 15:10:00+05:30,1336.199951171875,1337.300048828125,1335.0999755859375,1336.0999755859375,1314568,0.0,0.0
2025-03-27 15:15:00+05:30,1336.1500244140625,1338.4000244140625,1335.0999755859375,1335.5,1453064,0.0,0.0
2025-03-27 15:20:00+05:30,1335.5,1338.699951171875,1335.1500244140625,1338.6500244140625,1179785,0.0,0.0
2025-03-27 15:25:00+05:30,1338.800048828125,1340.0,1336.1500244140625,1339.0,775016,0.0,0.0
2025-03-28 09:15:00+05:30,1337.050048828125,1340.800048828125,1331.9000244140625,1334.449951171875,0,0.0,0.0
2025-03-28 09:20:00+05:30,1334.4000244140625,1337.050048828125,1332.75,1332.75,148706,0.0,0.0
2025-03-28 09:25:00+05:30,1332.949951171875,1336.0,1332.949951171875,1333.1500244140625,55352,0.0,0.0
2025-03-28 09:30:00+05:30,1333.0999755859375,1335.050048828125,1331.75,1331.8499755859375,73574,0.0,0.0
2025-03-28 09:35:00+05:30,1332.0,1332.199951171875,1330.800048828125,1330.800048828125,69472,0.0,0.0
2025-03-28 09:40:00+05:30,1330.75,1330.75,1327.199951171875,1328.0,68144,0.0,0.0
2025-03-28 09:45:00+05:30,1328.1500244140625,1330.9000244140625,1327.9000244140625,1330.449951171875,50806,0.0,0.0
2025-03-28 09:50:00+05:30,1330.3499755859375,1333.949951171875,1330.300048828125,1332.8499755859375,46189,0.0,0.0
2025-03-28 09:55:00+05:30,1332.6500244140625,1336.0,1332.6500244140625,1335.6500244140625,37618,0.0,0.0
2025-03-28 10:00:00+05:30,1335.699951171875,1338.6500244140625,1335.699951171875,1338.6500244140625,52866,0.0,0.0
2025-03-28 10:05:00+05:30,1338.449951171875,1338.6500244140625,1336.6500244140625,1337.050048828125,33231,0.0,0.0
2025-03-28 10:10:00+05:30,1337.0999755859375,1340.8499755859375,1336.699951171875,1340.449951171875,91374,0.0,0.0
2025-03-28 10:15:00+05:30,1340.75,1342.9000244140625,1340.3499755859375,1342.9000244140625,49843,0.0,0.0
2025-03-28 10:20:00+05:30,1342.9000244140625,1343.75,1340.550048828125,1340.949951171875,58538,0.0,0.0
2025-03-28 10:25:00+05:30,1340.5999755859375,1343.0,1339.949951171875,1342.9000244140625,43568,0.0,0.0
2025-03-28 10:30:00+05:30,1342.9000244140625,1346.9000244140625,1342.5,1346.5,76387,0.0,0.0
2025-03-28 10:35:00+05:30,1347.0,1349.0,1346.0999755859375,1348.800048828125,64443,0.0,0.0
2025-03-28 10:40:00+05:30,1348.75,1348.800048828125,1345.6500244140625,1345.9000244140625,32151,0.0,0.0
2025-03-28 10:45:00+05:30,1345.9000244140625,1345.9000244140625,1345.0,1345.300048828125,67715,0.0,0.0
2025-03-28 10:50:00+05:30,1345.449951171875,1346.5,1345.0999755859375,1345.1500244140625,36443,0.0,0.0
2025-03-28 10:55:00+05:30,1345.300048828125,1346.8499755859375,1344.5999755859375,1344.5999755859375,67949,0.0,0.0
2025-03-28 11:00:00+05:30,1344.5999755859375,1345.25,1343.3499755859375,1343.550048828125,37228,0.0,0.0
2025-03-28 11:05:00+05:30,1343.449951171875,1343.949951171875,1343.3499755859375,1343.699951171875,30800,0.0,0.0
2025-03-28 11:10:00+05:30,1343.5999755859375,1343.9000244140625,1342.5,1342.5,24440,0.0,0.0
2025-03-28 11:15:00+05:30,1342.5,1343.3499755859375,1342.199951171875,1342.800048828125,27007,0.0,0.0
2025-03-28 11:20:00+05:30,1342.8499755859375,1343.25,1342.550048828125,1343.0,40512,0.0,0.0
2025-03-28 11:25:00+05:30,1342.949951171875,1343.199951171875,1341.1500244140625,1341.4000244140625,41720,0.0,0.0
2025-03-28 11:30:00+05:30,1341.449951171875,1341.949951171875,1340.800048828125,1340.949951171875,17343,0.0,0.0
2025-03-28 11:35:00+05:30,1340.949951171875,1342.300048828125,1340.550048828125,1341.449951171875,28915,0.0,0.0
2025-03-28 11:40:00+05:30,1341.449951171875,1342.6500244140625,1340.5999755859375,1342.550048828125,75558,0.0,0.0
2025-03-28 11:45:00+05:30,1342.199951171875,1344.4000244140625,1342.1500244140625,1343.949951171875,41464,0.0,0.0
2025-03-28 11:50:00+05:30,1344.050048828125,1344.550048828125,1343.449951171875,1344.0,29301,0.0,0.0
2025-03-28 11:55:00+05:30,1343.949951171875,1344.050048828125,1342.800048828125,1343.5999755859375,30434,0.0,0.0
2025-03-28 12:00:00+05:30,1343.9000244140625,1344.5,1342.949951171875,1343.25,80339,0.0,0.0
2025-03-28 12:05:00+05:30,1343.1500244140625,1344.1500244140625,1342.699951171875,1343.4000244140625,45566,0.0,0.0
2025-03-28 12:10:00+05:30,1343.8499755859375,1344.9000244140625,1343.3499755859375,1344.5999755859375,30512,0.0,0.0
2025-03-28 12:15:00+05:30,1344.6500244140625,1344.6500244140625,1341.9000244140625,1341.949951171875,65479,0.0,0.0
2025-03-28 12:20:00+05:30,1342.4000244140625,1343.800048828125,1341.6500244140625,1341.8499755859375,68067,0.0,0.0
2025-03-28 12:25:00+05:30,1341.949951171875,1341.949951171875,1341.0,1341.0999755859375,31879,0.0,0.0
2025-03-28 12:30:00+05:30,1341.050048828125,1341.050048828125,1339.1500244140625,1340.0,89759,0.0,0.0
2025-03-28 12:35:00+05:30,1340.0,1341.75,1339.699951171875,1341.75,66625,0.0,0.0
2025-03-28 12:40:00+05:30,1342.0,1342.4000244140625,1341.800048828125,1342.4000244140625,33259,0.0,0.0
2025-03-28 12:45:00+05:30,1342.050048828125,1343.300048828125,1341.199951171875,1342.050048828125,40094,0.0,0.0
2025-03-28 12:50:00+05:30,1342.050048828125,1346.25,1342.050048828125,1345.5,62321,0.0,0.0
2025-03-28 12:55:00+05:30,1345.9000244140625,1348.0,1345.300048828125,1346.5999755859375,77038,0.0,0.0
2025-03-28 13:00:00+05:30,1346.5999755859375,1346.8499755859375,1344.449951171875,1344.449951171875,52038,0.0,0.0
2025-03-28 13:05:00+05:30,1344.6500244140625,1345.5999755859375,1344.0999755859375,1345.25,63483,0.0,0.0
2025-03-28 13:10:00+05:30,1345.3499755859375,1345.699951171875,1344.0999755859375,1344.25,31425,0.0,0.0
2025-03-28 13:15:00+05:30,1344.0999755859375,1344.949951171875,1344.050048828125,1344.5999755859375,24890,0.0,0.0
2025-03-28 13:20:00+05:30,1344.5,1345.5,1344.5,1345.1500244140625,31977,0.0,0.0
2025-03-28 13:25:00+05:30,1345.4000244140625,1345.4000244140625,1343.800048828125,1343.949951171875,41400,0.0,0.0
2025-03-28 13:30:00+05:30,1343.949951171875,1346.8499755859375,1343.949951171875,1346.5,38850,0.0,0.0
2025-03-28 13:35:00+05:30,1346.9000244140625,1347.550048828125,1345.300048828125,1345.449951171875,76158,0.0,0.0
2025-03-28 13:40:00+05:30,1345.9000244140625,1346.4000244140625,1344.9000244140625,1345.9000244140625,32027,0.0,0.0
2025-03-28 13:45:00+05:30,1346.050048828125,1346.449951171875,1344.5,1345.050048828125,40240,0.0,0.0
2025-03-28 13:50:00+05:30,1345.699951171875,1345.699951171875,1344.6500244140625,1345.1500244140625,40166,0.0,0.0
2025-03-28 13:55:00+05:30,1345.5,1346.25,1344.6500244140625,1344.6500244140625,75603,0.0,0.0
2025-03-28 14:00:00+05:30,1344.6500244140625,1346.800048828125,1344.0999755859375,1345.5,104750,0.0,0.0
2025-03-28 14:05:00+05:30,1345.8499755859375,1348.800048828125,1345.550048828125,1347.75,129916,0.0,0.0
2025-03-28 14:10:00+05:30,1348.199951171875,1348.8499755859375,1347.300048828125,1348.800048828125,121707,0.0,0.0
2025-03-28 14:15:00+05:30,1348.800048828125,1349.0,1347.199951171875,1347.949951171875,189163,0.0,0.0
2025-03-28 14:20:00+05:30,1347.6500244140625,1348.800048828125,1346.300048828125,1348.199951171875,176409,0.0,0.0
2025-03-28 14:25:00+05:30,1348.25,1349.0,1347.050048828125,1348.6500244140625,158942,0.0,0.0
2025-03-28 14:30:00+05:30,1349.0,1349.9000244140625,1348.300048828125,1349.4000244140625,199366,0.0,0.0
2025-03-28 14:35:00+05:30,1349.699951171875,1354.4000244140625,1349.4000244140625,1354.199951171875,226956,0.0,0.0
2025-03-28 14:40:00+05:30,1354.4000244140625,1356.199951171875,1353.800048828125,1356.199951171875,193900,0.0,0.0
2025-03-28 14:45:00+05:30,1356.300048828125,1357.0,1355.4000244140625,1357.0,175428,0.0,0.0
2025-03-28 14:50:00+05:30,1356.699951171875,1357.9000244140625,1356.0,1356.5,253876,0.0,0.0
2025-03-28 14:55:00+05:30,1356.5,1356.949951171875,1355.3499755859375,1355.5999755859375,160662,0.0,0.0
2025-03-28 15:00:00+05:30,1355.5,1355.5,1348.949951171875,1349.050048828125,423507,0.0,0.0
2025-03-28 15:05:00+05:30,1349.0999755859375,1349.3499755859375,1347.050048828125,1347.4000244140625,466032,0.0,0.0
2025-03-28 15:10:00+05:30,1347.4000244140625,1349.199951171875,1346.800048828125,1349.050048828125,444671,0.0,0.0
2025-03-28 15:15:00+05:30,1349.0999755859375,1349.0999755859375,1346.949951171875,1347.6500244140625,449605,0.0,0.0
2025-03-28 15:20:00+05:30,1347.5,1349.0999755859375,1347.0,1349.0999755859375,598778,0.0,0.0
2025-03-28 15:25:00+05:30,1349.0999755859375,1349.449951171875,1346.300048828125,1347.050048828125,401412,0.0,0.0
