Datetime,Open,High,Low,Close,Volume,Dividends,Stock Splits
2025-03-03 09:15:00+05:30,1701.9000244140625,1719.0999755859375,1700.550048828125,1708.3499755859375,0,0.0,0.0
2025-03-03 09:20:00+05:30,1707.75,1712.949951171875,1702.5999755859375,1707.3499755859375,123967,0.0,0.0
2025-03-03 09:25:00+05:30,1707.3499755859375,1719.5999755859375,1707.3499755859375,1719.0,155876,0.0,0.0
2025-03-03 09:30:00+05:30,1718.800048828125,1719.9000244140625,1714.550048828125,1718.0,135600,0.0,0.0
2025-03-03 09:35:00+05:30,1717.949951171875,1723.699951171875,1716.449951171875,1720.6500244140625,150929,0.0,0.0
2025-03-03 09:40:00+05:30,1720.75,1728.5999755859375,1709.300048828125,1709.75,209771,0.0,0.0
2025-03-03 09:45:00+05:30,1709.550048828125,1713.949951171875,1706.550048828125,1709.300048828125,120799,0.0,0.0
2025-03-03 09:50:00+05:30,1709.550048828125,1709.550048828125,1704.0,1704.699951171875,80101,0.0,0.0
2025-03-03 09:55:00+05:30,1704.75,1706.0,1700.6500244140625,1704.699951171875,84976,0.0,0.0
2025-03-03 10:00:00+05:30,1704.6500244140625,1706.6500244140625,1700.300048828125,1702.4000244140625,73104,0.0,0.0
2025-03-03 10:05:00+05:30,1702.75,1705.0,1701.25,1702.4000244140625,69708,0.0,0.0
2025-03-03 10:10:00+05:30,1702.4000244140625,1703.4000244140625,1699.800048828125,1701.0,125111,0.0,0.0
2025-03-03 10:15:00+05:30,1700.6500244140625,1703.0,1700.5999755859375,1701.949951171875,36787,0.0,0.0
2025-03-03 10:20:00+05:30,1701.949951171875,1705.949951171875,1701.050048828125,1705.949951171875,95715,0.0,0.0
2025-03-03 10:25:00+05:30,1706.0,1708.75,1703.9000244140625,1708.3499755859375,42298,0.0,0.0
2025-03-03 10:30:00+05:30,1707.699951171875,1708.5999755859375,1706.3499755859375,1708.0,19657,0.0,0.0
2025-03-03 10:35:00+05:30,1708.25,1710.949951171875,1707.1500244140625,1710.199951171875,22475,0.0,0.0
2025-03-03 10:40:00+05:30,1710.199951171875,1714.449951171875,1710.199951171875,1713.75,35822,0.0,0.0
2025-03-03 10:45:00+05:30,1713.550048828125,1717.699951171875,1713.5,1716.550048828125,48442,0.0,0.0
2025-03-03 10:50:00+05:30,1716.550048828125,1718.5,1715.5999755859375,1715.6500244140625,32316,0.0,0.0
2025-03-03 10:55:00+05:30,1715.6500244140625,1715.8499755859375,1712.550048828125,1714.050048828125,31014,0.0,0.0
2025-03-03 11:00:00+05:30,1714.300048828125,1715.949951171875,1712.699951171875,1712.949951171875,31832,0.0,0.0
2025-03-03 11:05:00+05:30,1713.0,1715.0,1712.4000244140625,1714.9000244140625,28810,0.0,0.0
2025-03-03 11:10:00+05:30,1715.0,1716.0,1712.5999755859375,1714.4000244140625,39947,0.0,0.0
2025-03-03 11:15:00+05:30,1714.0,1714.0,1712.9000244140625,1713.3499755859375,15219,0.0,0.0
2025-03-03 11:20:00+05:30,1713.5999755859375,1716.300048828125,1713.0999755859375,1716.300048828125,32610,0.0,0.0
2025-03-03 11:25:00+05:30,1716.3499755859375,1720.0,1716.3499755859375,1719.199951171875,63694,0.0,0.0
2025-03-03 11:30:00+05:30,1719.1500244140625,1719.949951171875,1717.1500244140625,1717.800048828125,53886,0.0,0.0
2025-03-03 11:35:00+05:30,1717.6500244140625,1718.1500244140625,1714.199951171875,1716.5,254168,0.0,0.0
2025-03-03 11:40:00+05:30,1716.550048828125,1720.0,1715.25,1719.3499755859375,58851,0.0,0.0
2025-03-03 11:45:00+05:30,1719.3499755859375,1720.0,1716.800048828125,1717.25,37916,0.0,0.0
2025-03-03 11:50:00+05:30,1717.25,1717.5,1714.949951171875,1717.3499755859375,175831,0.0,0.0
2025-03-03 11:55:00+05:30,1717.25,1720.0,1717.25,1719.0,39707,0.0,0.0
2025-03-03 12:00:00+05:30,1719.0,1719.5999755859375,1716.5,1719.050048828125,50316,0.0,0.0
2025-03-03 12:05:00+05:30,1719.050048828125,1719.4000244140625,1717.6500244140625,1718.8499755859375,39990,0.0,0.0
2025-03-03 12:10:00+05:30,1718.800048828125,1719.0,1717.6500244140625,1718.800048828125,61021,0.0,0.0
2025-03-03 12:15:00+05:30,1718.699951171875,1719.0,1715.0,1715.5,109837,0.0,0.0
2025-03-03 12:20:00+05:30,1715.6500244140625,1715.8499755859375,1713.699951171875,1713.800048828125,61160,0.0,0.0
2025-03-03 12:25:00+05:30,1713.949951171875,1714.0,1710.550048828125,1711.699951171875,296743,0.0,0.0
2025-03-03 12:30:00+05:30,1711.550048828125,1712.0,1709.949951171875,1710.1500244140625,48485,0.0,0.0
2025-03-03 12:35:00+05:30,1710.699951171875,1716.4000244140625,1710.1500244140625,1715.0,194164,0.0,0.0
2025-03-03 12:40:00+05:30,1714.949951171875,1714.949951171875,1712.5,1714.050048828125,57553,0.0,0.0
2025-03-03 12:45:00+05:30,1714.199951171875,1715.949951171875,1712.449951171875,1714.75,63172,0.0,0.0
2025-03-03 12:50:00+05:30,1714.8499755859375,1715.1500244140625,1713.0,1714.199951171875,65200,0.0,0.0
2025-03-03 12:55:00+05:30,1714.1500244140625,1715.050048828125,1713.1500244140625,1714.1500244140625,48309,0.0,0.0
2025-03-03 13:00:00+05:30,1714.1500244140625,1714.550048828125,1711.4000244140625,1713.1500244140625,46055,0.0,0.0
2025-03-03 13:05:00+05:30,1712.8499755859375,1715.9000244140625,1711.800048828125,1714.1500244140625,52782,0.0,0.0
2025-03-03 13:10:00+05:30,1714.0999755859375,1714.9000244140625,1712.949951171875,1714.199951171875,44863,0.0,0.0
2025-03-03 13:15:00+05:30,1714.199951171875,1716.0,1712.949951171875,1713.0,56109,0.0,0.0
2025-03-03 13:20:00+05:30,1713.4000244140625,1715.199951171875,1712.0,1713.0999755859375,53776,0.0,0.0
2025-03-03 13:25:00+05:30,1713.5999755859375,1713.8499755859375,1711.6500244140625,1712.0,268831,0.0,0.0
2025-03-03 13:30:00+05:30,1711.800048828125,1713.5999755859375,1710.1500244140625,1710.75,51421,0.0,0.0
2025-03-03 13:35:00+05:30,1711.1500244140625,1712.25,1710.0,1710.0,46493,0.0,0.0
2025-03-03 13:40:00+05:30,1710.1500244140625,1713.75,1710.050048828125,1712.949951171875,52055,0.0,0.0
2025-03-03 13:45:00+05:30,1713.1500244140625,1713.5,1712.0,1713.0,45163,0.0,0.0
2025-03-03 13:50:00+05:30,1713.0,1715.300048828125,1712.5,1714.0,71626,0.0,0.0
2025-03-03 13:55:00+05:30,1714.0,1714.050048828125,1711.300048828125,1711.699951171875,77198,0.0,0.0
2025-03-03 14:00:00+05:30,1711.5,1711.5999755859375,1708.199951171875,1709.0,58241,0.0,0.0
2025-03-03 14:05:00+05:30,1709.449951171875,1709.699951171875,1704.3499755859375,1705.699951171875,66572,0.0,0.0
2025-03-03 14:10:00+05:30,1705.5999755859375,1710.0999755859375,1705.0,1709.199951171875,68736,0.0,0.0
2025-03-03 14:15:00+05:30,1708.9000244140625,1709.0,1705.0,1705.5999755859375,295858,0.0,0.0
2025-03-03 14:20:00+05:30,1705.699951171875,1708.1500244140625,1704.6500244140625,1705.199951171875,85180,0.0,0.0
2025-03-03 14:25:00+05:30,1705.25,1706.5,1704.4000244140625,1705.25,70650,0.0,0.0
2025-03-03 14:30:00+05:30,1706.0999755859375,1707.4000244140625,1705.5999755859375,1705.5999755859375,81618,0.0,0.0
2025-03-03 14:35:00+05:30,1705.5999755859375,1709.050048828125,1705.050048828125,1708.6500244140625,87804,0.0,0.0
2025-03-03 14:40:00+05:30,1708.5999755859375,1708.6500244140625,1705.199951171875,1706.800048828125,59921,0.0,0.0
2025-03-03 14:45:00+05:30,1706.949951171875,1707.0,1703.8499755859375,1703.949951171875,115429,0.0,0.0
2025-03-03 14:50:00+05:30,1704.0999755859375,1705.9000244140625,1704.0999755859375,1705.6500244140625,84572,0.0,0.0
2025-03-03 14:55:00+05:30,1705.9000244140625,1707.550048828125,1704.800048828125,1705.699951171875,80072,0.0,0.0
2025-03-03 15:00:00+05:30,1706.1500244140625,1708.699951171875,1703.199951171875,1707.5999755859375,217068,0.0,0.0
2025-03-03 15:05:00+05:30,1707.550048828125,1712.6500244140625,1707.4000244140625,1710.25,262962,0.0,0.0
2025-03-03 15:10:00+05:30,1710.4000244140625,1710.8499755859375,1707.800048828125,1708.6500244140625,187859,0.0,0.0
2025-03-03 15:15:00+05:30,1708.6500244140625,1708.699951171875,1705.199951171875,1707.0999755859375,238557,0.0,0.0
2025-03-03 15:20:00+05:30,1707.0,1711.4000244140625,1706.050048828125,1709.0999755859375,246101,0.0,0.0
2025-03-03 15:25:00+05:30,1709.0999755859375,1713.6500244140625,1707.9000244140625,1709.300048828125,345587,0.0,0.0
2025-03-04 09:15:00+05:30,1696.0,1696.0,1674.199951171875,1677.550048828125,0,0.0,0.0
2025-03-04 09:20:00+05:30,1677.0,1677.199951171875,1671.949951171875,1674.5,148746,0.0,0.0
2025-03-04 09:25:00+05:30,1673.75,1675.0,1670.0,1673.0999755859375,123865,0.0,0.0
2025-03-04 09:30:00+05:30,1672.949951171875,1679.5,1672.5999755859375,1676.050048828125,101634,0.0,0.0
2025-03-04 09:35:00+05:30,1676.25,1684.9000244140625,1675.0,1682.9000244140625,90940,0.0,0.0
2025-03-04 09:40:00+05:30,1682.9000244140625,1682.9000244140625,1679.1500244140625,1679.8499755859375,81276,0.0,0.0
2025-03-04 09:45:00+05:30,1679.699951171875,1682.5,1677.0999755859375,1682.300048828125,95145,0.0,0.0
2025-03-04 09:50:00+05:30,1682.1500244140625,1688.9000244140625,1682.1500244140625,1687.800048828125,80146,0.0,0.0
2025-03-04 09:55:00+05:30,1688.4000244140625,1688.4000244140625,1684.5,1686.1500244140625,47162,0.0,0.0
2025-03-04 10:00:00+05:30,1685.699951171875,1688.300048828125,1683.300048828125,1684.050048828125,36764,0.0,0.0
2025-03-04 10:05:00+05:30,1684.050048828125,1684.949951171875,1682.699951171875,1682.75,56282,0.0,0.0
2025-03-04 10:10:00+05:30,1682.199951171875,1685.800048828125,1682.199951171875,1685.800048828125,52938,0.0,0.0
2025-03-04 10:15:00+05:30,1686.5999755859375,1687.0,1681.050048828125,1681.9000244140625,58871,0.0,0.0
2025-03-04 10:20:00+05:30,1681.9000244140625,1683.1500244140625,1679.25,1680.8499755859375,86699,0.0,0.0
2025-03-04 10:25:00+05:30,1680.9000244140625,1681.800048828125,1677.800048828125,1681.25,113144,0.0,0.0
2025-03-04 10:30:00+05:30,1680.949951171875,1680.949951171875,1675.800048828125,1678.0,61168,0.0,0.0
2025-03-04 10:35:00+05:30,1678.4000244140625,1679.25,1677.75,1678.4000244140625,65032,0.0,0.0
2025-03-04 10:40:00+05:30,1678.1500244140625,1680.8499755859375,1677.050048828125,1680.75,85057,0.0,0.0
2025-03-04 10:45:00+05:30,1680.8499755859375,1682.699951171875,1680.6500244140625,1681.300048828125,57295,0.0,0.0
2025-03-04 10:50:00+05:30,1681.4000244140625,1682.3499755859375,1679.050048828125,1679.0999755859375,59549,0.0,0.0
2025-03-04 10:55:00+05:30,1679.1500244140625,1681.800048828125,1679.1500244140625,1680.699951171875,50327,0.0,0.0
2025-03-04 11:00:00+05:30,1680.699951171875,1681.9000244140625,1680.050048828125,1681.800048828125,39293,0.0,0.0
2025-03-04 11:05:00+05:30,1681.949951171875,1684.449951171875,1681.4000244140625,1683.300048828125,100549,0.0,0.0
2025-03-04 11:10:00+05:30,1682.949951171875,1686.449951171875,1682.3499755859375,1685.949951171875,49365,0.0,0.0
2025-03-04 11:15:00+05:30,1685.949951171875,1686.0,1684.199951171875,1684.699951171875,45515,0.0,0.0
2025-03-04 11:20:00+05:30,1684.6500244140625,1690.0,1684.6500244140625,1686.6500244140625,67831,0.0,0.0
2025-03-04 11:25:00+05:30,1686.5,1689.550048828125,1685.5,1689.5,57735,0.0,0.0
2025-03-04 11:30:00+05:30,1689.5,1694.8499755859375,1689.3499755859375,1694.0,87547,0.0,0.0
2025-03-04 11:35:00+05:30,1693.9000244140625,1696.699951171875,1693.449951171875,1693.949951171875,54337,0.0,0.0
2025-03-04 11:40:00+05:30,1694.0,1696.9000244140625,1692.6500244140625,1696.300048828125,64207,0.0,0.0
2025-03-04 11:45:00+05:30,1696.25,1696.4000244140625,1691.449951171875,1693.800048828125,56332,0.0,0.0
2025-03-04 11:50:00+05:30,1694.0,1695.949951171875,1693.300048828125,1695.0,48970,0.0,0.0
2025-03-04 11:55:00+05:30,1695.449951171875,1695.5,1693.5,1693.8499755859375,40072,0.0,0.0
2025-03-04 12:00:00+05:30,1694.0,1696.0,1693.5,1695.3499755859375,40969,0.0,0.0
2025-03-04 12:05:00+05:30,1695.4000244140625,1697.800048828125,1693.550048828125,1697.800048828125,44869,0.0,0.0
2025-03-04 12:10:00+05:30,1697.800048828125,1698.9000244140625,1695.949951171875,1698.5,51134,0.0,0.0
2025-03-04 12:15:00+05:30,1698.449951171875,1698.5,1694.199951171875,1695.0,75925,0.0,0.0
2025-03-04 12:20:00+05:30,1695.1500244140625,1695.8499755859375,1691.5999755859375,1693.5,67955,0.0,0.0
2025-03-04 12:25:00+05:30,1693.5,1694.449951171875,1692.5,1694.0,59818,0.0,0.0
2025-03-04 12:30:00+05:30,1694.0,1694.0,1690.949951171875,1692.6500244140625,59112,0.0,0.0
2025-03-04 12:35:00+05:30,1692.9000244140625,1693.3499755859375,1691.0,1691.3499755859375,66795,0.0,0.0
2025-03-04 12:40:00+05:30,1691.3499755859375,1691.75,1690.0,1691.300048828125,67360,0.0,0.0
2025-03-04 12:45:00+05:30,1691.300048828125,1694.0,1691.0999755859375,1691.8499755859375,65195,0.0,0.0
2025-03-04 12:50:00+05:30,1691.75,1691.9000244140625,1687.800048828125,1688.6500244140625,78143,0.0,0.0
2025-03-04 12:55:00+05:30,1688.550048828125,1689.75,1686.949951171875,1687.800048828125,64380,0.0,0.0
2025-03-04 13:00:00+05:30,1687.800048828125,1688.4000244140625,1685.550048828125,1686.0,74593,0.0,0.0
2025-03-04 13:05:00+05:30,1685.4000244140625,1686.0,1684.4000244140625,1685.0,67894,0.0,0.0
2025-03-04 13:10:00+05:30,1684.9000244140625,1685.0,1681.199951171875,1682.550048828125,76229,0.0,0.0
2025-03-04 13:15:00+05:30,1682.550048828125,1686.4000244140625,1682.550048828125,1685.550048828125,89988,0.0,0.0
2025-03-04 13:20:00+05:30,1685.449951171875,1685.800048828125,1682.3499755859375,1683.050048828125,82858,0.0,0.0
2025-03-04 13:25:00+05:30,1683.050048828125,1685.5999755859375,1683.0,1683.4000244140625,65518,0.0,0.0
2025-03-04 13:30:00+05:30,1683.449951171875,1684.3499755859375,1682.0,1683.4000244140625,75475,0.0,0.0
2025-03-04 13:35:00+05:30,1683.6500244140625,1684.3499755859375,1681.949951171875,1683.550048828125,56272,0.0,0.0
2025-03-04 13:40:00+05:30,1683.550048828125,1684.5,1683.0999755859375,1684.4000244140625,52924,0.0,0.0
2025-03-04 13:45:00+05:30,1683.300048828125,1684.3499755859375,1681.699951171875,1681.75,60062,0.0,0.0
2025-03-04 13:50:00+05:30,1681.75,1685.0,1681.75,1684.5,76145,0.0,0.0
2025-03-04 13:55:00+05:30,1684.5,1687.449951171875,1684.1500244140625,1686.050048828125,69317,0.0,0.0
2025-03-04 14:00:00+05:30,1686.199951171875,1686.949951171875,1684.5,1684.800048828125,78624,0.0,0.0
2025-03-04 14:05:00+05:30,1684.75,1687.5,1684.75,1687.3499755859375,88022,0.0,0.0
2025-03-04 14:10:00+05:30,1686.949951171875,1687.8499755859375,1686.0,1686.9000244140625,80493,0.0,0.0
2025-03-04 14:15:00+05:30,1687.0,1688.0999755859375,1686.0,1687.949951171875,78211,0.0,0.0
2025-03-04 14:20:00+05:30,1688.0,1688.449951171875,1686.0,1686.8499755859375,107015,0.0,0.0
2025-03-04 14:25:00+05:30,1687.5,1690.4000244140625,1687.199951171875,1690.199951171875,91986,0.0,0.0
2025-03-04 14:30:00+05:30,1690.300048828125,1690.300048828125,1688.550048828125,1689.0999755859375,87063,0.0,0.0
2025-03-04 14:35:00+05:30,1689.0999755859375,1690.0,1688.8499755859375,1689.75,48173,0.0,0.0
2025-03-04 14:40:00+05:30,1689.6500244140625,1689.75,1686.699951171875,1686.699951171875,50667,0.0,0.0
2025-03-04 14:45:00+05:30,1686.75,1690.3499755859375,1686.5,1687.75,127813,0.0,0.0
2025-03-04 14:50:00+05:30,1687.449951171875,1690.25,1687.449951171875,1689.1500244140625,79560,0.0,0.0
2025-03-04 14:55:00+05:30,1689.1500244140625,1689.550048828125,1686.9000244140625,1688.25,66123,0.0,0.0
2025-03-04 15:00:00+05:30,1688.25,1689.1500244140625,1686.0,1686.1500244140625,252702,0.0,0.0
2025-03-04 15:05:00+05:30,1686.1500244140625,1691.199951171875,1684.300048828125,1690.949951171875,281478,0.0,0.0
2025-03-04 15:10:00+05:30,1691.0,1693.75,1689.75,1691.3499755859375,288048,0.0,0.0
2025-03-04 15:15:00+05:30,1691.3499755859375,1691.4000244140625,1687.449951171875,1688.4000244140625,244645,0.0,0.0
2025-03-04 15:20:00+05:30,1688.8499755859375,1689.550048828125,1685.1500244140625,1685.4000244140625,214344,0.0,0.0
2025-03-04 15:25:00+05:30,1685.449951171875,1685.9000244140625,1682.0999755859375,1685.0,182098,0.0,0.0
2025-03-05 09:15:00+05:30,1694.5999755859375,1708.199951171875,1693.449951171875,1698.4000244140625,0,0.0,0.0
2025-03-05 09:20:00+05:30,1698.75,1716.0999755859375,1697.75,1714.300048828125,162694,0.0,0.0
2025-03-05 09:25:00+05:30,1714.1500244140625,1714.3499755859375,1709.5,1710.5999755859375,132100,0.0,0.0
2025-03-05 09:30:00+05:30,1710.5999755859375,1720.0,1710.050048828125,1719.0,142271,0.0,0.0
2025-03-05 09:35:00+05:30,1719.5999755859375,1721.300048828125,1716.0999755859375,1718.0,211989,0.0,0.0
2025-03-05 09:40:00+05:30,1718.0,1721.0,1716.5,1716.5,135434,0.0,0.0
2025-03-05 09:45:00+05:30,1716.949951171875,1718.1500244140625,1715.050048828125,1716.699951171875,102316,0.0,0.0
2025-03-05 09:50:00+05:30,1716.699951171875,1716.75,1711.6500244140625,1713.199951171875,95022,0.0,0.0
2025-03-05 09:55:00+05:30,1712.550048828125,1713.699951171875,1706.0999755859375,1708.5,131217,0.0,0.0
2025-03-05 10:00:00+05:30,1708.449951171875,1708.449951171875,1703.199951171875,1704.449951171875,112960,0.0,0.0
2025-03-05 10:05:00+05:30,1704.449951171875,1708.199951171875,1704.449951171875,1708.199951171875,80791,0.0,0.0
2025-03-05 10:10:00+05:30,1708.199951171875,1708.199951171875,1704.300048828125,1704.6500244140625,92521,0.0,0.0
2025-03-05 10:15:00+05:30,1704.6500244140625,1706.5,1704.199951171875,1704.6500244140625,83418,0.0,0.0
2025-03-05 10:20:00+05:30,1704.6500244140625,1710.300048828125,1704.5999755859375,1709.699951171875,74152,0.0,0.0
2025-03-05 10:25:00+05:30,1709.199951171875,1710.0,1707.5999755859375,1708.300048828125,70315,0.0,0.0
2025-03-05 10:30:00+05:30,1708.5999755859375,1709.8499755859375,1706.0,1709.25,65805,0.0,0.0
2025-03-05 10:35:00+05:30,1709.0,1711.5999755859375,1708.0,1709.9000244140625,58677,0.0,0.0
2025-03-05 10:40:00+05:30,1709.4000244140625,1711.199951171875,1709.0,1711.199951171875,48009,0.0,0.0
2025-03-05 10:45:00+05:30,1711.300048828125,1711.9000244140625,1709.3499755859375,1709.6500244140625,58166,0.0,0.0
2025-03-05 10:50:00+05:30,1709.5999755859375,1710.550048828125,1709.0,1710.449951171875,46067,0.0,0.0
2025-03-05 10:55:00+05:30,1710.449951171875,1713.5,1709.25,1712.9000244140625,54820,0.0,0.0
2025-03-05 11:00:00+05:30,1712.75,1713.449951171875,1711.3499755859375,1712.949951171875,47908,0.0,0.0
2025-03-05 11:05:00+05:30,1713.1500244140625,1714.699951171875,1712.0,1714.6500244140625,46209,0.0,0.0
2025-03-05 11:10:00+05:30,1714.699951171875,1715.949951171875,1712.0,1712.0,66715,0.0,0.0
2025-03-05 11:15:00+05:30,1712.0999755859375,1713.9000244140625,1711.5,1713.0,58443,0.0,0.0
2025-03-05 11:20:00+05:30,1712.0,1712.800048828125,1711.0,1711.3499755859375,62349,0.0,0.0
2025-03-05 11:25:00+05:30,1711.3499755859375,1711.4000244140625,1709.699951171875,1710.5,73982,0.0,0.0
2025-03-05 11:30:00+05:30,1710.0,1711.75,1709.300048828125,1711.300048828125,58555,0.0,0.0
2025-03-05 11:35:00+05:30,1711.449951171875,1715.0,1711.300048828125,1714.199951171875,65013,0.0,0.0
2025-03-05 11:40:00+05:30,1714.25,1716.5,1713.6500244140625,1716.449951171875,67930,0.0,0.0
2025-03-05 11:45:00+05:30,1716.5,1720.949951171875,1716.0,1720.949951171875,85755,0.0,0.0
2025-03-05 11:50:00+05:30,1721.0,1727.4000244140625,1721.0,1724.9000244140625,136213,0.0,0.0
2025-03-05 11:55:00+05:30,1724.8499755859375,1725.949951171875,1721.4000244140625,1722.25,92133,0.0,0.0
2025-03-05 12:00:00+05:30,1722.25,1725.0,1721.6500244140625,1722.5999755859375,64034,0.0,0.0
2025-03-05 12:05:00+05:30,1722.800048828125,1724.449951171875,1720.9000244140625,1721.0999755859375,55640,0.0,0.0
2025-03-05 12:10:00+05:30,1721.0999755859375,1722.5999755859375,1720.0999755859375,1720.199951171875,55537,0.0,0.0
2025-03-05 12:15:00+05:30,1720.550048828125,1721.9000244140625,1719.0,1719.550048828125,53721,0.0,0.0
2025-03-05 12:20:00+05:30,1719.800048828125,1723.25,1719.5,1722.949951171875,54565,0.0,0.0
2025-03-05 12:25:00+05:30,1723.25,1727.0,1722.949951171875,1726.5,72740,0.0,0.0
2025-03-05 12:30:00+05:30,1727.0,1732.5,1725.550048828125,1732.5,91974,0.0,0.0
2025-03-05 12:35:00+05:30,1732.5,1732.949951171875,1726.300048828125,1726.4000244140625,61504,0.0,0.0
2025-03-05 12:40:00+05:30,1726.449951171875,1727.4000244140625,1723.300048828125,1724.050048828125,55277,0.0,0.0
2025-03-05 12:45:00+05:30,1724.0999755859375,1730.949951171875,1723.8499755859375,1730.449951171875,80426,0.0,0.0
2025-03-05 12:50:00+05:30,1729.8499755859375,1730.6500244140625,1727.5,1729.0,107344,0.0,0.0
2025-03-05 12:55:00+05:30,1729.3499755859375,1730.3499755859375,1727.0999755859375,1727.8499755859375,133748,0.0,0.0
2025-03-05 13:00:00+05:30,1727.75,1729.949951171875,1726.3499755859375,1726.699951171875,96765,0.0,0.0
2025-03-05 13:05:00+05:30,1727.050048828125,1728.8499755859375,1725.25,1725.699951171875,112299,0.0,0.0
2025-03-05 13:10:00+05:30,1725.949951171875,1726.0,1720.550048828125,1722.199951171875,277090,0.0,0.0
2025-03-05 13:15:00+05:30,1722.8499755859375,1724.199951171875,1722.6500244140625,1723.3499755859375,80158,0.0,0.0
2025-03-05 13:20:00+05:30,1723.449951171875,1724.9000244140625,1722.4000244140625,1724.050048828125,85579,0.0,0.0
2025-03-05 13:25:00+05:30,1724.0999755859375,1724.6500244140625,1720.75,1720.75,105457,0.0,0.0
2025-03-05 13:30:00+05:30,1720.75,1720.75,1713.050048828125,1714.449951171875,213218,0.0,0.0
2025-03-05 13:35:00+05:30,1714.699951171875,1715.0,1713.050048828125,1714.5,81904,0.0,0.0
2025-03-05 13:40:00+05:30,1714.4000244140625,1714.4000244140625,1712.199951171875,1713.5999755859375,80349,0.0,0.0
2025-03-05 13:45:00+05:30,1713.5999755859375,1715.0,1713.199951171875,1714.25,80371,0.0,0.0
2025-03-05 13:50:00+05:30,1714.300048828125,1715.949951171875,1714.050048828125,1714.800048828125,113034,0.0,0.0
2025-03-05 13:55:00+05:30,1714.800048828125,1715.6500244140625,1712.800048828125,1714.8499755859375,86408,0.0,0.0
2025-03-05 14:00:00+05:30,1714.9000244140625,1715.0,1711.1500244140625,1713.800048828125,89583,0.0,0.0
2025-03-05 14:05:00+05:30,1713.800048828125,1714.800048828125,1712.6500244140625,1714.25,90277,0.0,0.0
2025-03-05 14:10:00+05:30,1714.25,1715.0,1712.8499755859375,1714.0,84905,0.0,0.0
2025-03-05 14:15:00+05:30,1714.050048828125,1714.050048828125,1704.699951171875,1705.0,265297,0.0,0.0
2025-03-05 14:20:00+05:30,1704.8499755859375,1707.8499755859375,1704.8499755859375,1707.800048828125,94099,0.0,0.0
2025-03-05 14:25:00+05:30,1707.8499755859375,1709.5,1707.550048828125,1708.1500244140625,64648,0.0,0.0
2025-03-05 14:30:00+05:30,1708.1500244140625,1709.5,1708.1500244140625,1709.3499755859375,56201,0.0,0.0
2025-03-05 14:35:00+05:30,1709.3499755859375,1713.9000244140625,1709.3499755859375,1712.949951171875,83242,0.0,0.0
2025-03-05 14:40:00+05:30,1712.75,1713.5,1712.25,1712.9000244140625,67576,0.0,0.0
2025-03-05 14:45:00+05:30,1712.9000244140625,1714.199951171875,1711.25,1711.8499755859375,76421,0.0,0.0
2025-03-05 14:50:00+05:30,1712.0,1715.300048828125,1711.8499755859375,1714.3499755859375,92346,0.0,0.0
2025-03-05 14:55:00+05:30,1714.3499755859375,1714.5,1712.4000244140625,1713.25,80496,0.0,0.0
2025-03-05 15:00:00+05:30,1713.050048828125,1714.5,1711.699951171875,1713.050048828125,301383,0.0,0.0
2025-03-05 15:05:00+05:30,1713.25,1714.25,1711.75,1713.75,279982,0.0,0.0
2025-03-05 15:10:00+05:30,1713.699951171875,1713.699951171875,1710.4000244140625,1710.949951171875,336451,0.0,0.0
2025-03-05 15:15:00+05:30,1710.9000244140625,1711.0,1709.949951171875,1710.5999755859375,238706,0.0,0.0
2025-03-05 15:20:00+05:30,1710.5999755859375,1711.8499755859375,1707.9000244140625,1708.5999755859375,357517,0.0,0.0
2025-03-05 15:25:00+05:30,1709.25,1711.5,1707.0,1711.5,168292,0.0,0.0
2025-03-06 09:15:00+05:30,1717.0,1718.199951171875,1698.699951171875,1702.449951171875,0,0.0,0.0
2025-03-06 09:20:00+05:30,1702.8499755859375,1704.800048828125,1693.0,1693.800048828125,287831,0.0,0.0
2025-03-06 09:25:00+05:30,1693.800048828125,1700.449951171875,1693.300048828125,1700.0,183432,0.0,0.0
2025-03-06 09:30:00+05:30,1700.0999755859375,1701.8499755859375,1697.9000244140625,1700.9000244140625,184282,0.0,0.0
2025-03-06 09:35:00+05:30,1701.25,1703.0,1697.449951171875,1701.4000244140625,140729,0.0,0.0
2025-03-06 09:40:00+05:30,1701.4000244140625,1703.0,1696.0999755859375,1697.1500244140625,114937,0.0,0.0
2025-03-06 09:45:00+05:30,1697.6500244140625,1699.0,1692.4000244140625,1692.699951171875,228370,0.0,0.0
2025-03-06 09:50:00+05:30,1692.5,1696.699951171875,1691.1500244140625,1696.699951171875,189532,0.0,0.0
2025-03-06 09:55:00+05:30,1696.550048828125,1700.050048828125,1695.0,1698.699951171875,106178,0.0,0.0
2025-03-06 10:00:00+05:30,1698.5999755859375,1701.6500244140625,1697.4000244140625,1701.0999755859375,100325,0.0,0.0
2025-03-06 10:05:00+05:30,1701.4000244140625,1705.9000244140625,1701.1500244140625,1705.0,178873,0.0,0.0
2025-03-06 10:10:00+05:30,1705.0,1705.5,1702.199951171875,1703.699951171875,69563,0.0,0.0
2025-03-06 10:15:00+05:30,1703.550048828125,1705.8499755859375,1702.6500244140625,1704.949951171875,78448,0.0,0.0
2025-03-06 10:20:00+05:30,1705.0,1706.25,1702.050048828125,1703.8499755859375,94978,0.0,0.0
2025-03-06 10:25:00+05:30,1703.9000244140625,1704.5,1702.050048828125,1703.449951171875,62366,0.0,0.0
2025-03-06 10:30:00+05:30,1703.3499755859375,1705.199951171875,1701.0999755859375,1702.3499755859375,66794,0.0,0.0
2025-03-06 10:35:00+05:30,1702.300048828125,1705.449951171875,1702.300048828125,1702.3499755859375,79407,0.0,0.0
2025-03-06 10:40:00+05:30,1702.9000244140625,1704.1500244140625,1701.699951171875,1702.800048828125,88240,0.0,0.0
2025-03-06 10:45:00+05:30,1702.800048828125,1705.550048828125,1702.0,1705.4000244140625,87835,0.0,0.0
2025-03-06 10:50:00+05:30,1705.4000244140625,1708.5,1704.800048828125,1707.9000244140625,113395,0.0,0.0
2025-03-06 10:55:00+05:30,1708.0999755859375,1715.8499755859375,1708.050048828125,1713.199951171875,171628,0.0,0.0
2025-03-06 11:00:00+05:30,1713.949951171875,1713.949951171875,1709.449951171875,1710.5999755859375,102417,0.0,0.0
2025-03-06 11:05:00+05:30,1710.550048828125,1714.5999755859375,1709.75,1710.4000244140625,102289,0.0,0.0
2025-03-06 11:10:00+05:30,1710.449951171875,1710.949951171875,1709.5,1710.9000244140625,88060,0.0,0.0
2025-03-06 11:15:00+05:30,1710.949951171875,1711.9000244140625,1709.0999755859375,1710.300048828125,77878,0.0,0.0
2025-03-06 11:20:00+05:30,1710.300048828125,1711.5,1706.6500244140625,1707.4000244140625,123075,0.0,0.0
2025-03-06 11:25:00+05:30,1707.6500244140625,1707.6500244140625,1701.800048828125,1703.0999755859375,107890,0.0,0.0
2025-03-06 11:30:00+05:30,1703.699951171875,1705.3499755859375,1702.0,1703.949951171875,128163,0.0,0.0
2025-03-06 11:35:00+05:30,1704.050048828125,1704.75,1703.199951171875,1703.5999755859375,70859,0.0,0.0
2025-03-06 11:40:00+05:30,1703.6500244140625,1704.699951171875,1702.0999755859375,1703.300048828125,78115,0.0,0.0
2025-03-06 11:45:00+05:30,1703.8499755859375,1705.8499755859375,1703.4000244140625,1705.050048828125,83033,0.0,0.0
2025-03-06 11:50:00+05:30,1705.0,1706.8499755859375,1704.8499755859375,1705.75,69544,0.0,0.0
2025-03-06 11:55:00+05:30,1705.8499755859375,1706.25,1703.9000244140625,1705.25,75227,0.0,0.0
2025-03-06 12:00:00+05:30,1705.25,1709.949951171875,1704.75,1709.949951171875,91610,0.0,0.0
2025-03-06 12:05:00+05:30,1709.75,1710.1500244140625,1708.300048828125,1709.4000244140625,95433,0.0,0.0
2025-03-06 12:10:00+05:30,1709.1500244140625,1710.5,1709.0,1710.1500244140625,73197,0.0,0.0
2025-03-06 12:15:00+05:30,1710.0999755859375,1710.9000244140625,1707.25,1707.4000244140625,83577,0.0,0.0
2025-03-06 12:20:00+05:30,1707.449951171875,1708.9000244140625,1706.8499755859375,1707.25,77744,0.0,0.0
2025-03-06 12:25:00+05:30,1707.199951171875,1707.699951171875,1706.0999755859375,1707.300048828125,76525,0.0,0.0
2025-03-06 12:30:00+05:30,1707.4000244140625,1710.699951171875,1707.300048828125,1708.550048828125,83087,0.0,0.0
2025-03-06 12:35:00+05:30,1708.5999755859375,1708.5999755859375,1706.699951171875,1708.199951171875,83743,0.0,0.0
2025-03-06 12:40:00+05:30,1708.25,1711.4000244140625,1708.25,1710.949951171875,111930,0.0,0.0
2025-03-06 12:45:00+05:30,1711.0,1714.800048828125,1709.5,1714.3499755859375,78820,0.0,0.0
2025-03-06 12:50:00+05:30,1714.199951171875,1720.0,1713.800048828125,1718.4000244140625,153713,0.0,0.0
2025-03-06 12:55:00+05:30,1718.449951171875,1718.449951171875,1713.0,1713.3499755859375,96014,0.0,0.0
2025-03-06 13:00:00+05:30,1713.3499755859375,1715.3499755859375,1712.800048828125,1714.4000244140625,61900,0.0,0.0
2025-03-06 13:05:00+05:30,1714.949951171875,1715.25,1712.6500244140625,1714.800048828125,81166,0.0,0.0
2025-03-06 13:10:00+05:30,1715.25,1715.25,1711.3499755859375,1711.949951171875,86697,0.0,0.0
2025-03-06 13:15:00+05:30,1711.9000244140625,1714.3499755859375,1711.9000244140625,1714.0999755859375,92314,0.0,0.0
2025-03-06 13:20:00+05:30,1714.25,1714.25,1708.800048828125,1712.449951171875,89894,0.0,0.0
2025-03-06 13:25:00+05:30,1713.1500244140625,1713.1500244140625,1710.8499755859375,1711.0999755859375,82793,0.0,0.0
2025-03-06 13:30:00+05:30,1711.5,1713.5,1710.4000244140625,1713.0999755859375,85602,0.0,0.0
2025-03-06 13:35:00+05:30,1713.300048828125,1714.75,1711.0,1712.449951171875,106180,0.0,0.0
2025-03-06 13:40:00+05:30,1712.449951171875,1712.449951171875,1709.0,1710.3499755859375,119270,0.0,0.0
2025-03-06 13:45:00+05:30,1709.949951171875,1712.25,1709.699951171875,1711.699951171875,114312,0.0,0.0
2025-03-06 13:50:00+05:30,1711.9000244140625,1712.9000244140625,1710.5,1710.949951171875,128687,0.0,0.0
2025-03-06 13:55:00+05:30,1710.949951171875,1712.699951171875,1709.0999755859375,1712.25,119872,0.0,0.0
2025-03-06 14:00:00+05:30,1712.550048828125,1716.050048828125,1711.1500244140625,1715.050048828125,143070,0.0,0.0
2025-03-06 14:05:00+05:30,1714.6500244140625,1715.5,1712.8499755859375,1714.25,129459,0.0,0.0
2025-03-06 14:10:00+05:30,1714.0,1714.0999755859375,1709.949951171875,1711.0,126069,0.0,0.0
2025-03-06 14:15:00+05:30,1710.75,1710.800048828125,1708.449951171875,1710.0,102107,0.0,0.0
2025-03-06 14:20:00+05:30,1709.8499755859375,1710.8499755859375,1709.199951171875,1709.949951171875,109902,0.0,0.0
2025-03-06 14:25:00+05:30,1709.949951171875,1710.8499755859375,1709.199951171875,1709.449951171875,94663,0.0,0.0
2025-03-06 14:30:00+05:30,1709.449951171875,1712.699951171875,1708.4000244140625,1712.699951171875,123573,0.0,0.0
2025-03-06 14:35:00+05:30,1712.949951171875,1715.699951171875,1711.9000244140625,1715.5999755859375,98895,0.0,0.0
2025-03-06 14:40:00+05:30,1715.550048828125,1719.0,1715.550048828125,1717.550048828125,120623,0.0,0.0
2025-03-06 14:45:00+05:30,1717.449951171875,1722.1500244140625,1716.800048828125,1718.199951171875,152985,0.0,0.0
2025-03-06 14:50:00+05:30,1718.0999755859375,1719.449951171875,1716.0999755859375,1716.5,150298,0.0,0.0
2025-03-06 14:55:00+05:30,1716.25,1720.050048828125,1715.0999755859375,1718.1500244140625,177549,0.0,0.0
2025-03-06 15:00:00+05:30,1718.5999755859375,1718.5999755859375,1715.0,1716.949951171875,1217075,0.0,0.0
2025-03-06 15:05:00+05:30,1716.949951171875,1717.75,1715.699951171875,1717.300048828125,354260,0.0,0.0
2025-03-06 15:10:00+05:30,1717.3499755859375,1719.949951171875,1717.0,1717.4000244140625,337039,0.0,0.0
2025-03-06 15:15:00+05:30,1717.199951171875,1717.699951171875,1713.5,1713.800048828125,289370,0.0,0.0
2025-03-06 15:20:00+05:30,1713.800048828125,1713.800048828125,1709.25,1712.25,233054,0.0,0.0
2025-03-06 15:25:00+05:30,1711.800048828125,1715.8499755859375,1708.6500244140625,1715.8499755859375,125725,0.0,0.0
2025-03-07 09:15:00+05:30,1702.0999755859375,1702.0999755859375,1686.199951171875,1696.4000244140625,0,0.0,0.0
2025-03-07 09:20:00+05:30,1696.3499755859375,1696.3499755859375,1691.25,1693.050048828125,172362,0.0,0.0
2025-03-07 09:25:00+05:30,1692.550048828125,1695.0,1691.699951171875,1695.0,74822,0.0,0.0
2025-03-07 09:30:00+05:30,1694.800048828125,1703.300048828125,1694.800048828125,1703.300048828125,142361,0.0,0.0
2025-03-07 09:35:00+05:30,1702.699951171875,1704.0,1699.800048828125,1701.050048828125,200543,0.0,0.0
2025-03-07 09:40:00+05:30,1701.0,1702.0999755859375,1696.0,1697.550048828125,86118,0.0,0.0
2025-03-07 09:45:00+05:30,1697.550048828125,1697.800048828125,1694.0,1695.0999755859375,97500,0.0,0.0
2025-03-07 09:50:00+05:30,1695.5999755859375,1697.050048828125,1695.0,1695.75,50307,0.0,0.0
2025-03-07 09:55:00+05:30,1695.699951171875,1695.699951171875,1692.5999755859375,1694.1500244140625,55491,0.0,0.0
2025-03-07 10:00:00+05:30,1694.0,1698.449951171875,1691.449951171875,1697.75,88478,0.0,0.0
2025-03-07 10:05:00+05:30,1697.699951171875,1698.75,1695.4000244140625,1697.300048828125,46411,0.0,0.0
2025-03-07 10:10:00+05:30,1697.25,1697.800048828125,1696.0,1697.800048828125,47095,0.0,0.0
2025-03-07 10:15:00+05:30,1697.800048828125,1698.75,1696.9000244140625,1697.6500244140625,44188,0.0,0.0
2025-03-07 10:20:00+05:30,1697.6500244140625,1697.8499755859375,1693.4000244140625,1693.800048828125,46738,0.0,0.0
2025-03-07 10:25:00+05:30,1693.800048828125,1693.800048828125,1690.0,1691.050048828125,103559,0.0,0.0
2025-03-07 10:30:00+05:30,1690.800048828125,1692.0,1688.300048828125,1688.5,77484,0.0,0.0
2025-03-07 10:35:00+05:30,1688.550048828125,1689.0,1687.199951171875,1688.550048828125,358405,0.0,0.0
2025-03-07 10:40:00+05:30,1688.699951171875,1688.75,1687.300048828125,1687.550048828125,56552,0.0,0.0
2025-03-07 10:45:00+05:30,1687.5,1688.550048828125,1686.199951171875,1688.3499755859375,81572,0.0,0.0
2025-03-07 10:50:00+05:30,1688.3499755859375,1688.3499755859375,1683.050048828125,1684.0,93038,0.0,0.0
2025-03-07 10:55:00+05:30,1684.0,1685.1500244140625,1682.800048828125,1684.3499755859375,82396,0.0,0.0
2025-03-07 11:00:00+05:30,1684.0,1684.449951171875,1682.300048828125,1683.550048828125,77310,0.0,0.0
2025-03-07 11:05:00+05:30,1683.5999755859375,1684.75,1682.0999755859375,1682.699951171875,94396,0.0,0.0
2025-03-07 11:10:00+05:30,1683.300048828125,1686.1500244140625,1683.0,1685.5,68844,0.0,0.0
2025-03-07 11:15:00+05:30,1685.5,1688.300048828125,1685.5,1686.550048828125,68213,0.0,0.0
2025-03-07 11:20:00+05:30,1686.5999755859375,1687.5,1686.25,1687.0999755859375,41684,0.0,0.0
2025-03-07 11:25:00+05:30,1686.949951171875,1686.949951171875,1684.300048828125,1684.5999755859375,51211,0.0,0.0
2025-03-07 11:30:00+05:30,1684.699951171875,1687.449951171875,1684.699951171875,1686.050048828125,40662,0.0,0.0
2025-03-07 11:35:00+05:30,1686.050048828125,1686.949951171875,1685.0,1685.449951171875,56335,0.0,0.0
2025-03-07 11:40:00+05:30,1685.300048828125,1685.3499755859375,1683.199951171875,1683.4000244140625,69302,0.0,0.0
2025-03-07 11:45:00+05:30,1683.25,1683.4000244140625,1679.550048828125,1679.75,128871,0.0,0.0
2025-03-07 11:50:00+05:30,1679.949951171875,1681.699951171875,1679.949951171875,1680.75,63563,0.0,0.0
2025-03-07 11:55:00+05:30,1680.75,1680.800048828125,1679.5,1679.5,61152,0.0,0.0
2025-03-07 12:00:00+05:30,1679.550048828125,1680.4000244140625,1676.5999755859375,1676.8499755859375,83417,0.0,0.0
2025-03-07 12:05:00+05:30,1676.8499755859375,1678.300048828125,1676.0,1676.050048828125,76634,0.0,0.0
2025-03-07 12:10:00+05:30,1676.050048828125,1678.0,1675.5999755859375,1677.050048828125,106011,0.0,0.0
2025-03-07 12:15:00+05:30,1677.050048828125,1680.050048828125,1677.050048828125,1679.0,86221,0.0,0.0
2025-03-07 12:20:00+05:30,1678.8499755859375,1679.949951171875,1678.0,1678.6500244140625,89658,0.0,0.0
2025-03-07 12:25:00+05:30,1678.5999755859375,1680.5,1678.0,1679.550048828125,105302,0.0,0.0
2025-03-07 12:30:00+05:30,1679.5999755859375,1681.300048828125,1678.9000244140625,1681.050048828125,107525,0.0,0.0
2025-03-07 12:35:00+05:30,1681.050048828125,1682.949951171875,1680.25,1682.300048828125,90241,0.0,0.0
2025-03-07 12:40:00+05:30,1682.0999755859375,1683.4000244140625,1681.050048828125,1683.0,121237,0.0,0.0
2025-03-07 12:45:00+05:30,1683.0999755859375,1683.25,1681.1500244140625,1681.5,71403,0.0,0.0
2025-03-07 12:50:00+05:30,1681.5,1683.0,1681.300048828125,1681.9000244140625,80040,0.0,0.0
2025-03-07 12:55:00+05:30,1681.9000244140625,1684.550048828125,1681.8499755859375,1683.699951171875,91389,0.0,0.0
2025-03-07 13:00:00+05:30,1683.699951171875,1684.300048828125,1682.0999755859375,1683.1500244140625,80930,0.0,0.0
2025-03-07 13:05:00+05:30,1683.3499755859375,1684.5,1683.1500244140625,1683.9000244140625,59495,0.0,0.0
2025-03-07 13:10:00+05:30,1683.9000244140625,1684.4000244140625,1683.3499755859375,1683.949951171875,74958,0.0,0.0
2025-03-07 13:15:00+05:30,1683.949951171875,1686.0,1683.949951171875,1685.75,71542,0.0,0.0
2025-03-07 13:20:00+05:30,1685.75,1687.6500244140625,1685.0,1685.0,99990,0.0,0.0
2025-03-07 13:25:00+05:30,1684.550048828125,1684.8499755859375,1683.0,1683.199951171875,86941,0.0,0.0
2025-03-07 13:30:00+05:30,1683.5,1684.300048828125,1682.199951171875,1682.449951171875,79697,0.0,0.0
2025-03-07 13:35:00+05:30,1682.5999755859375,1683.949951171875,1681.449951171875,1682.3499755859375,82665,0.0,0.0
2025-03-07 13:40:00+05:30,1682.3499755859375,1682.3499755859375,1680.1500244140625,1680.449951171875,83470,0.0,0.0
2025-03-07 13:45:00+05:30,1680.4000244140625,1681.8499755859375,1680.4000244140625,1681.4000244140625,72607,0.0,0.0
2025-03-07 13:50:00+05:30,1681.449951171875,1681.449951171875,1679.550048828125,1679.699951171875,80846,0.0,0.0
2025-03-07 13:55:00+05:30,1679.699951171875,1680.3499755859375,1678.3499755859375,1680.3499755859375,84250,0.0,0.0
2025-03-07 14:00:00+05:30,1680.0,1681.5999755859375,1679.699951171875,1680.5999755859375,75349,0.0,0.0
2025-03-07 14:05:00+05:30,1680.5999755859375,1681.550048828125,1680.0,1680.5,80487,0.0,0.0
2025-03-07 14:10:00+05:30,1680.550048828125,1681.25,1679.9000244140625,1680.5999755859375,75508,0.0,0.0
2025-03-07 14:15:00+05:30,1680.5999755859375,1683.1500244140625,1680.5999755859375,1681.9000244140625,86679,0.0,0.0
2025-03-07 14:20:00+05:30,1681.9000244140625,1683.0,1680.75,1681.699951171875,94164,0.0,0.0
2025-03-07 14:25:00+05:30,1681.0999755859375,1682.300048828125,1680.949951171875,1681.0999755859375,85229,0.0,0.0
2025-03-07 14:30:00+05:30,1681.0999755859375,1682.800048828125,1680.800048828125,1682.5999755859375,91027,0.0,0.0
2025-03-07 14:35:00+05:30,1682.6500244140625,1684.550048828125,1682.6500244140625,1683.199951171875,94803,0.0,0.0
2025-03-07 14:40:00+05:30,1683.199951171875,1684.0999755859375,1682.4000244140625,1683.6500244140625,79970,0.0,0.0
2025-03-07 14:45:00+05:30,1683.699951171875,1687.0,1683.6500244140625,1686.25,115984,0.0,0.0
2025-03-07 14:50:00+05:30,1686.300048828125,1686.949951171875,1684.3499755859375,1684.800048828125,231811,0.0,0.0
2025-03-07 14:55:00+05:30,1684.5999755859375,1689.4000244140625,1684.5999755859375,1688.949951171875,105795,0.0,0.0
2025-03-07 15:00:00+05:30,1688.949951171875,1689.0,1686.050048828125,1687.550048828125,221152,0.0,0.0
2025-03-07 15:05:00+05:30,1687.550048828125,1687.550048828125,1685.3499755859375,1686.5,227495,0.0,0.0
2025-03-07 15:10:00+05:30,1686.5999755859375,1687.0,1685.550048828125,1686.0,228701,0.0,0.0
2025-03-07 15:15:00+05:30,1686.0,1686.6500244140625,1685.0,1685.949951171875,302270,0.0,0.0
2025-03-07 15:20:00+05:30,1685.949951171875,1687.0,1685.0,1686.550048828125,263075,0.0,0.0
2025-03-07 15:25:00+05:30,1686.6500244140625,1686.699951171875,1683.949951171875,1685.949951171875,226358,0.0,0.0
2025-03-10 09:15:00+05:30,1682.0,1689.0,1678.5999755859375,1680.0,0,0.0,0.0
2025-03-10 09:20:00+05:30,1679.0,1686.0,1676.199951171875,1685.3499755859375,118899,0.0,0.0
2025-03-10 09:25:00+05:30,1685.3499755859375,1689.6500244140625,1684.5,1687.199951171875,66678,0.0,0.0
2025-03-10 09:30:00+05:30,1688.0,1695.4000244140625,1687.8499755859375,1694.0,99412,0.0,0.0
2025-03-10 09:35:00+05:30,1694.0,1699.0,1694.0,1698.1500244140625,79026,0.0,0.0
2025-03-10 09:40:00+05:30,1697.8499755859375,1699.8499755859375,1695.3499755859375,1698.449951171875,71086,0.0,0.0
2025-03-10 09:45:00+05:30,1698.449951171875,1704.199951171875,1697.8499755859375,1704.0,88358,0.0,0.0
2025-03-10 09:50:00+05:30,1703.050048828125,1709.199951171875,1701.5999755859375,1707.6500244140625,86503,0.0,0.0
2025-03-10 09:55:00+05:30,1708.0999755859375,1709.0999755859375,1707.0,1707.75,68007,0.0,0.0
2025-03-10 10:00:00+05:30,1707.8499755859375,1708.0,1701.550048828125,1702.25,86896,0.0,0.0
2025-03-10 10:05:00+05:30,1702.25,1703.5,1698.9000244140625,1703.0,107885,0.0,0.0
2025-03-10 10:10:00+05:30,1703.3499755859375,1703.550048828125,1699.4000244140625,1700.3499755859375,93024,0.0,0.0
2025-03-10 10:15:00+05:30,1700.5,1702.699951171875,1699.5999755859375,1701.050048828125,52609,0.0,0.0
2025-03-10 10:20:00+05:30,1701.050048828125,1702.1500244140625,1699.75,1701.25,75374,0.0,0.0
2025-03-10 10:25:00+05:30,1701.449951171875,1702.050048828125,1699.449951171875,1701.25,106170,0.0,0.0
2025-03-10 10:30:00+05:30,1701.4000244140625,1707.699951171875,1701.4000244140625,1706.8499755859375,61479,0.0,0.0
2025-03-10 10:35:00+05:30,1706.1500244140625,1713.800048828125,1706.1500244140625,1713.800048828125,78084,0.0,0.0
2025-03-10 10:40:00+05:30,1713.5,1715.0,1711.0,1712.550048828125,89130,0.0,0.0
2025-03-10 10:45:00+05:30,1712.550048828125,1714.449951171875,1712.550048828125,1712.800048828125,47629,0.0,0.0
2025-03-10 10:50:00+05:30,1712.8499755859375,1714.4000244140625,1712.8499755859375,1713.5999755859375,44854,0.0,0.0
2025-03-10 10:55:00+05:30,1713.5999755859375,1714.0,1713.050048828125,1713.5999755859375,44672,0.0,0.0
2025-03-10 11:00:00+05:30,1713.6500244140625,1713.6500244140625,1710.9000244140625,1712.0,67737,0.0,0.0
2025-03-10 11:05:00+05:30,1711.5999755859375,1714.949951171875,1711.5999755859375,1713.0999755859375,70011,0.0,0.0
2025-03-10 11:10:00+05:30,1713.199951171875,1714.449951171875,1712.4000244140625,1713.949951171875,50537,0.0,0.0
2025-03-10 11:15:00+05:30,1713.949951171875,1718.449951171875,1713.949951171875,1718.449951171875,66964,0.0,0.0
2025-03-10 11:20:00+05:30,1717.550048828125,1718.699951171875,1711.800048828125,1712.9000244140625,41925,0.0,0.0
2025-03-10 11:25:00+05:30,1712.949951171875,1714.3499755859375,1712.0999755859375,1712.5,24808,0.0,0.0
2025-03-10 11:30:00+05:30,1712.550048828125,1714.0,1711.0,1711.0999755859375,56221,0.0,0.0
2025-03-10 11:35:00+05:30,1711.0,1714.0,1711.0,1714.0,23143,0.0,0.0
2025-03-10 11:40:00+05:30,1714.0,1714.0,1710.0,1710.0,34442,0.0,0.0
2025-03-10 11:45:00+05:30,1710.199951171875,1710.5,1707.5999755859375,1707.699951171875,30967,0.0,0.0
2025-03-10 11:50:00+05:30,1707.699951171875,1708.550048828125,1707.5,1707.550048828125,33054,0.0,0.0
2025-03-10 11:55:00+05:30,1707.6500244140625,1711.699951171875,1707.6500244140625,1711.4000244140625,65295,0.0,0.0
2025-03-10 12:00:00+05:30,1711.699951171875,1715.0,1711.699951171875,1714.75,67692,0.0,0.0
2025-03-10 12:05:00+05:30,1714.4000244140625,1715.0,1713.0,1714.0,57706,0.0,0.0
2025-03-10 12:10:00+05:30,1713.949951171875,1715.0,1712.5,1714.4000244140625,61461,0.0,0.0
2025-03-10 12:15:00+05:30,1714.550048828125,1715.0,1712.5999755859375,1714.5,64669,0.0,0.0
2025-03-10 12:20:00+05:30,1714.050048828125,1717.0,1713.050048828125,1713.3499755859375,65078,0.0,0.0
2025-03-10 12:25:00+05:30,1713.3499755859375,1715.0999755859375,1712.1500244140625,1712.5999755859375,64675,0.0,0.0
2025-03-10 12:30:00+05:30,1712.25,1713.449951171875,1711.550048828125,1712.8499755859375,62659,0.0,0.0
2025-03-10 12:35:00+05:30,1712.800048828125,1714.550048828125,1712.0999755859375,1713.800048828125,51925,0.0,0.0
2025-03-10 12:40:00+05:30,1713.800048828125,1714.449951171875,1712.25,1712.3499755859375,51502,0.0,0.0
2025-03-10 12:45:00+05:30,1712.75,1713.1500244140625,1711.0999755859375,1712.0,67931,0.0,0.0
2025-03-10 12:50:00+05:30,1712.3499755859375,1712.6500244140625,1710.9000244140625,1711.25,59192,0.0,0.0
2025-03-10 12:55:00+05:30,1711.5999755859375,1712.5,1710.5,1711.5,54751,0.0,0.0
2025-03-10 13:00:00+05:30,1711.5999755859375,1712.6500244140625,1711.25,1712.0,44469,0.0,0.0
2025-03-10 13:05:00+05:30,1712.4000244140625,1714.0,1711.8499755859375,1713.050048828125,58325,0.0,0.0
2025-03-10 13:10:00+05:30,1712.75,1714.0999755859375,1712.75,1713.800048828125,56390,0.0,0.0
2025-03-10 13:15:00+05:30,1713.6500244140625,1713.699951171875,1708.9000244140625,1710.4000244140625,59281,0.0,0.0
2025-03-10 13:20:00+05:30,1710.4000244140625,1711.3499755859375,1710.050048828125,1710.5,31623,0.0,0.0
2025-03-10 13:25:00+05:30,1710.449951171875,1710.5,1709.0,1709.6500244140625,46784,0.0,0.0
2025-03-10 13:30:00+05:30,1709.3499755859375,1709.699951171875,1707.050048828125,1708.449951171875,54651,0.0,0.0
2025-03-10 13:35:00+05:30,1708.5999755859375,1709.3499755859375,1707.199951171875,1708.949951171875,52096,0.0,0.0
2025-03-10 13:40:00+05:30,1708.949951171875,1710.0,1707.5,1707.8499755859375,55920,0.0,0.0
2025-03-10 13:45:00+05:30,1707.9000244140625,1709.300048828125,1705.0,1706.4000244140625,64556,0.0,0.0
2025-03-10 13:50:00+05:30,1706.4000244140625,1707.8499755859375,1704.5999755859375,1706.25,50252,0.0,0.0
2025-03-10 13:55:00+05:30,1706.25,1706.5999755859375,1704.3499755859375,1705.3499755859375,61214,0.0,0.0
2025-03-10 14:00:00+05:30,1705.4000244140625,1705.949951171875,1704.0,1704.5,52139,0.0,0.0
2025-03-10 14:05:00+05:30,1704.449951171875,1705.0,1703.9000244140625,1703.9000244140625,52990,0.0,0.0
2025-03-10 14:10:00+05:30,1703.949951171875,1705.199951171875,1702.75,1702.9000244140625,58445,0.0,0.0
2025-03-10 14:15:00+05:30,1702.800048828125,1703.75,1701.699951171875,1701.949951171875,72759,0.0,0.0
2025-03-10 14:20:00+05:30,1702.0,1702.449951171875,1700.5,1701.0,78358,0.0,0.0
2025-03-10 14:25:00+05:30,1701.0,1701.5,1699.25,1700.699951171875,111840,0.0,0.0
2025-03-10 14:30:00+05:30,1700.550048828125,1701.0,1699.8499755859375,1700.6500244140625,86930,0.0,0.0
2025-03-10 14:35:00+05:30,1700.699951171875,1702.800048828125,1699.5,1700.0,123635,0.0,0.0
2025-03-10 14:40:00+05:30,1699.9000244140625,1700.0,1697.199951171875,1698.0999755859375,99293,0.0,0.0
2025-03-10 14:45:00+05:30,1698.0999755859375,1700.5,1697.0,1699.949951171875,130454,0.0,0.0
2025-03-10 14:50:00+05:30,1699.9000244140625,1700.5,1699.050048828125,1700.449951171875,122169,0.0,0.0
2025-03-10 14:55:00+05:30,1700.449951171875,1701.449951171875,1698.949951171875,1699.800048828125,119039,0.0,0.0
2025-03-10 15:00:00+05:30,1699.800048828125,1700.6500244140625,1696.0999755859375,1699.25,317032,0.0,0.0
2025-03-10 15:05:00+05:30,1699.4000244140625,1702.050048828125,1699.0,1701.5,1399052,0.0,0.0
2025-03-10 15:10:00+05:30,1701.5,1705.1500244140625,1701.5,1704.0999755859375,260548,0.0,0.0
2025-03-10 15:15:00+05:30,1704.0999755859375,1705.0,1701.4000244140625,1701.4000244140625,262633,0.0,0.0
2025-03-10 15:20:00+05:30,1701.449951171875,1703.9000244140625,1701.199951171875,1702.550048828125,230036,0.0,0.0
2025-03-10 15:25:00+05:30,1702.5999755859375,1704.800048828125,1700.050048828125,1701.0,127741,0.0,0.0
2025-03-11 09:15:00+05:30,1670.0,1671.300048828125,1651.949951171875,1659.6500244140625,0,0.0,0.0
2025-03-11 09:20:00+05:30,1658.5999755859375,1662.6500244140625,1658.449951171875,1659.449951171875,257531,0.0,0.0
2025-03-11 09:25:00+05:30,1659.699951171875,1665.9000244140625,1655.300048828125,1655.300048828125,184375,0.0,0.0
2025-03-11 09:30:00+05:30,1655.300048828125,1656.6500244140625,1646.5999755859375,1648.25,409721,0.0,0.0
2025-03-11 09:35:00+05:30,1648.4000244140625,1648.8499755859375,1643.3499755859375,1646.550048828125,300072,0.0,0.0
2025-03-11 09:40:00+05:30,1646.300048828125,1649.699951171875,1639.800048828125,1640.949951171875,276738,0.0,0.0
2025-03-11 09:45:00+05:30,1640.449951171875,1646.3499755859375,1637.0999755859375,1646.050048828125,311237,0.0,0.0
2025-03-11 09:50:00+05:30,1646.5,1650.050048828125,1644.0,1644.5999755859375,171635,0.0,0.0
2025-03-11 09:55:00+05:30,1644.0,1648.800048828125,1641.0999755859375,1647.6500244140625,164735,0.0,0.0
2025-03-11 10:00:00+05:30,1647.6500244140625,1651.0999755859375,1646.300048828125,1650.75,174524,0.0,0.0
2025-03-11 10:05:00+05:30,1650.300048828125,1651.0999755859375,1647.0,1647.8499755859375,211492,0.0,0.0
2025-03-11 10:10:00+05:30,1647.8499755859375,1652.449951171875,1647.5999755859375,1651.550048828125,159652,0.0,0.0
2025-03-11 10:15:00+05:30,1651.550048828125,1653.6500244140625,1647.0,1647.449951171875,165508,0.0,0.0
2025-03-11 10:20:00+05:30,1647.050048828125,1647.949951171875,1644.199951171875,1647.25,157527,0.0,0.0
2025-03-11 10:25:00+05:30,1647.449951171875,1648.75,1645.800048828125,1646.0,79391,0.0,0.0
2025-03-11 10:30:00+05:30,1645.550048828125,1645.5999755859375,1641.25,1641.5999755859375,144089,0.0,0.0
2025-03-11 10:35:00+05:30,1641.5,1643.800048828125,1639.0999755859375,1642.800048828125,168307,0.0,0.0
2025-03-11 10:40:00+05:30,1642.5999755859375,1647.0999755859375,1642.25,1646.25,126349,0.0,0.0
2025-03-11 10:45:00+05:30,1646.25,1646.949951171875,1645.0,1645.0,89404,0.0,0.0
2025-03-11 10:50:00+05:30,1644.949951171875,1645.699951171875,1643.0999755859375,1644.0,88161,0.0,0.0
2025-03-11 10:55:00+05:30,1643.300048828125,1647.0999755859375,1642.9000244140625,1646.4000244140625,100689,0.0,0.0
2025-03-11 11:00:00+05:30,1646.949951171875,1650.25,1646.0,1649.0,127547,0.0,0.0
2025-03-11 11:05:00+05:30,1650.25,1656.6500244140625,1649.0,1654.800048828125,146235,0.0,0.0
2025-03-11 11:10:00+05:30,1654.4000244140625,1655.0,1651.3499755859375,1651.3499755859375,343085,0.0,0.0
2025-03-11 11:15:00+05:30,1651.0999755859375,1651.949951171875,1650.0,1650.449951171875,93077,0.0,0.0
2025-03-11 11:20:00+05:30,1650.6500244140625,1651.8499755859375,1649.949951171875,1651.5,70174,0.0,0.0
2025-03-11 11:25:00+05:30,1651.25,1652.5999755859375,1649.699951171875,1649.699951171875,81580,0.0,0.0
2025-03-11 11:30:00+05:30,1650.0999755859375,1651.199951171875,1649.300048828125,1650.1500244140625,82626,0.0,0.0
2025-03-11 11:35:00+05:30,1650.0,1654.0,1650.0,1652.699951171875,75275,0.0,0.0
2025-03-11 11:40:00+05:30,1652.8499755859375,1654.5999755859375,1652.1500244140625,1653.9000244140625,79328,0.0,0.0
2025-03-11 11:45:00+05:30,1653.8499755859375,1655.699951171875,1652.5,1654.300048828125,69001,0.0,0.0
2025-03-11 11:50:00+05:30,1654.3499755859375,1656.9000244140625,1650.9000244140625,1653.0,95001,0.0,0.0
2025-03-11 11:55:00+05:30,1652.949951171875,1653.0,1651.199951171875,1651.6500244140625,520049,0.0,0.0
2025-03-11 12:00:00+05:30,1651.6500244140625,1653.199951171875,1650.3499755859375,1650.9000244140625,53143,0.0,0.0
2025-03-11 12:05:00+05:30,1650.75,1653.75,1650.75,1653.050048828125,65903,0.0,0.0
2025-03-11 12:10:00+05:30,1653.0999755859375,1653.8499755859375,1652.5,1652.6500244140625,62517,0.0,0.0
2025-03-11 12:15:00+05:30,1652.699951171875,1653.949951171875,1652.0,1652.0,47811,0.0,0.0
2025-03-11 12:20:00+05:30,1652.0,1654.0,1652.0,1653.6500244140625,46098,0.0,0.0
2025-03-11 12:25:00+05:30,1653.199951171875,1655.550048828125,1653.199951171875,1655.550048828125,85246,0.0,0.0
2025-03-11 12:30:00+05:30,1654.949951171875,1656.449951171875,1654.300048828125,1654.300048828125,65801,0.0,0.0
2025-03-11 12:35:00+05:30,1654.3499755859375,1654.9000244140625,1651.5999755859375,1653.25,64165,0.0,0.0
2025-03-11 12:40:00+05:30,1652.75,1654.0,1652.050048828125,1653.25,57955,0.0,0.0
2025-03-11 12:45:00+05:30,1653.449951171875,1653.800048828125,1651.0999755859375,1651.6500244140625,76975,0.0,0.0
2025-03-11 12:50:00+05:30,1651.6500244140625,1652.949951171875,1651.6500244140625,1652.0999755859375,50793,0.0,0.0
2025-03-11 12:55:00+05:30,1652.0,1652.5999755859375,1652.0,1652.25,58259,0.0,0.0
2025-03-11 13:00:00+05:30,1652.25,1653.0,1651.050048828125,1652.25,63529,0.0,0.0
2025-03-11 13:05:00+05:30,1652.25,1655.300048828125,1652.0999755859375,1654.0,62004,0.0,0.0
2025-03-11 13:10:00+05:30,1654.1500244140625,1654.75,1653.0,1653.300048828125,74902,0.0,0.0
2025-03-11 13:15:00+05:30,1653.3499755859375,1656.050048828125,1652.300048828125,1655.4000244140625,63044,0.0,0.0
2025-03-11 13:20:00+05:30,1655.5,1661.9000244140625,1655.0999755859375,1658.3499755859375,598269,0.0,0.0
2025-03-11 13:25:00+05:30,1658.300048828125,1659.0,1655.050048828125,1655.550048828125,65525,0.0,0.0
2025-03-11 13:30:00+05:30,1655.800048828125,1657.300048828125,1654.699951171875,1655.3499755859375,95887,0.0,0.0
2025-03-11 13:35:00+05:30,1655.6500244140625,1656.199951171875,1654.550048828125,1655.300048828125,66637,0.0,0.0
2025-03-11 13:40:00+05:30,1655.3499755859375,1658.75,1655.300048828125,1657.050048828125,77737,0.0,0.0
2025-03-11 13:45:00+05:30,1657.0999755859375,1658.449951171875,1655.699951171875,1657.300048828125,66217,0.0,0.0
2025-03-11 13:50:00+05:30,1657.300048828125,1659.449951171875,1657.0,1658.199951171875,40957,0.0,0.0
2025-03-11 13:55:00+05:30,1658.199951171875,1658.550048828125,1656.0,1657.0,43475,0.0,0.0
2025-03-11 14:00:00+05:30,1657.0999755859375,1658.0999755859375,1656.0,1656.75,46013,0.0,0.0
2025-03-11 14:05:00+05:30,1656.699951171875,1657.5999755859375,1655.75,1657.050048828125,38746,0.0,0.0
2025-03-11 14:10:00+05:30,1657.050048828125,1657.949951171875,1656.199951171875,1657.699951171875,49218,0.0,0.0
2025-03-11 14:15:00+05:30,1657.699951171875,1658.550048828125,1656.5,1658.5,64798,0.0,0.0
2025-03-11 14:20:00+05:30,1658.3499755859375,1660.050048828125,1657.050048828125,1659.550048828125,108377,0.0,0.0
2025-03-11 14:25:00+05:30,1659.550048828125,1662.9000244140625,1659.0,1662.050048828125,149342,0.0,0.0
2025-03-11 14:30:00+05:30,1662.0999755859375,1664.949951171875,1662.0,1663.3499755859375,92615,0.0,0.0
2025-03-11 14:35:00+05:30,1663.3499755859375,1664.1500244140625,1661.699951171875,1662.199951171875,108679,0.0,0.0
2025-03-11 14:40:00+05:30,1662.3499755859375,1663.0999755859375,1660.5999755859375,1662.199951171875,92424,0.0,0.0
2025-03-11 14:45:00+05:30,1662.199951171875,1664.199951171875,1661.6500244140625,1662.800048828125,95948,0.0,0.0
2025-03-11 14:50:00+05:30,1662.800048828125,1663.8499755859375,1661.550048828125,1662.0,76947,0.0,0.0
2025-03-11 14:55:00+05:30,1662.0999755859375,1663.25,1661.5999755859375,1662.949951171875,94666,0.0,0.0
2025-03-11 15:00:00+05:30,1663.0,1663.0,1661.699951171875,1662.0999755859375,338185,0.0,0.0
2025-03-11 15:05:00+05:30,1662.1500244140625,1663.0999755859375,1656.949951171875,1658.449951171875,1707373,0.0,0.0
2025-03-11 15:10:00+05:30,1658.5,1660.550048828125,1657.699951171875,1660.300048828125,200176,0.0,0.0
2025-03-11 15:15:00+05:30,1660.300048828125,1662.449951171875,1660.300048828125,1661.949951171875,601763,0.0,0.0
2025-03-11 15:20:00+05:30,1661.949951171875,1663.050048828125,1660.3499755859375,1662.3499755859375,252011,0.0,0.0
2025-03-11 15:25:00+05:30,1662.4000244140625,1668.0,1661.4000244140625,1661.5999755859375,299423,0.0,0.0
2025-03-12 09:15:00+05:30,1633.4000244140625,1633.4000244140625,1609.449951171875,1610.699951171875,0,0.0,0.0
2025-03-12 09:20:00+05:30,1610.0,1611.550048828125,1602.5999755859375,1603.4000244140625,515906,0.0,0.0
2025-03-12 09:25:00+05:30,1603.3499755859375,1607.75,1600.1500244140625,1600.8499755859375,397750,0.0,0.0
2025-03-12 09:30:00+05:30,1600.199951171875,1605.0,1598.5999755859375,1605.0,198837,0.0,0.0
2025-03-12 09:35:00+05:30,1604.949951171875,1605.8499755859375,1601.0,1602.75,284258,0.0,0.0
2025-03-12 09:40:00+05:30,1602.050048828125,1604.5,1600.0999755859375,1601.550048828125,325423,0.0,0.0
2025-03-12 09:45:00+05:30,1601.5,1605.0,1599.300048828125,1602.5,257553,0.0,0.0
2025-03-12 09:50:00+05:30,1602.449951171875,1603.75,1600.6500244140625,1601.9000244140625,96556,0.0,0.0
2025-03-12 09:55:00+05:30,1601.9000244140625,1601.9000244140625,1592.0,1592.0,226259,0.0,0.0
2025-03-12 10:00:00+05:30,1592.25,1593.3499755859375,1589.0,1591.5,334497,0.0,0.0
2025-03-12 10:05:00+05:30,1591.4000244140625,1592.25,1588.5999755859375,1589.0999755859375,131728,0.0,0.0
2025-03-12 10:10:00+05:30,1588.949951171875,1590.550048828125,1585.199951171875,1585.800048828125,135474,0.0,0.0
2025-03-12 10:15:00+05:30,1585.75,1586.699951171875,1581.1500244140625,1582.550048828125,266719,0.0,0.0
2025-03-12 10:20:00+05:30,1582.5999755859375,1582.699951171875,1580.0999755859375,1581.050048828125,112516,0.0,0.0
2025-03-12 10:25:00+05:30,1581.050048828125,1584.199951171875,1580.5,1581.5,115004,0.0,0.0
2025-03-12 10:30:00+05:30,1581.300048828125,1581.699951171875,1578.0999755859375,1581.449951171875,126155,0.0,0.0
2025-03-12 10:35:00+05:30,1581.300048828125,1583.25,1579.75,1581.949951171875,71451,0.0,0.0
2025-03-12 10:40:00+05:30,1581.949951171875,1581.949951171875,1579.0,1579.5999755859375,85943,0.0,0.0
2025-03-12 10:45:00+05:30,1579.550048828125,1579.949951171875,1572.699951171875,1572.699951171875,167571,0.0,0.0
2025-03-12 10:50:00+05:30,1572.449951171875,1574.75,1572.4000244140625,1573.6500244140625,98392,0.0,0.0
2025-03-12 10:55:00+05:30,1573.5999755859375,1578.3499755859375,1573.5999755859375,1576.199951171875,115483,0.0,0.0
2025-03-12 11:00:00+05:30,1576.199951171875,1580.949951171875,1576.050048828125,1576.300048828125,145737,0.0,0.0
2025-03-12 11:05:00+05:30,1576.300048828125,1578.4000244140625,1575.300048828125,1576.0,72556,0.0,0.0
2025-03-12 11:10:00+05:30,1576.550048828125,1576.9000244140625,1575.0,1575.5,50016,0.0,0.0
2025-03-12 11:15:00+05:30,1575.5999755859375,1576.8499755859375,1573.699951171875,1574.1500244140625,111997,0.0,0.0
2025-03-12 11:20:00+05:30,1574.0999755859375,1575.0999755859375,1573.9000244140625,1574.300048828125,109214,0.0,0.0
2025-03-12 11:25:00+05:30,1574.300048828125,1574.5,1570.699951171875,1571.699951171875,133486,0.0,0.0
2025-03-12 11:30:00+05:30,1571.550048828125,1571.5999755859375,1569.199951171875,1570.3499755859375,185179,0.0,0.0
2025-03-12 11:35:00+05:30,1570.3499755859375,1571.9000244140625,1570.1500244140625,1571.5,160662,0.0,0.0
2025-03-12 11:40:00+05:30,1571.5,1574.0,1571.0,1573.5999755859375,93977,0.0,0.0
2025-03-12 11:45:00+05:30,1573.199951171875,1575.050048828125,1572.699951171875,1574.550048828125,96012,0.0,0.0
2025-03-12 11:50:00+05:30,1575.0,1575.0,1573.300048828125,1573.5,52882,0.0,0.0
2025-03-12 11:55:00+05:30,1573.4000244140625,1576.4000244140625,1573.3499755859375,1575.949951171875,85180,0.0,0.0
2025-03-12 12:00:00+05:30,1575.949951171875,1576.0999755859375,1569.8499755859375,1570.0,298914,0.0,0.0
2025-03-12 12:05:00+05:30,1570.0,1570.5,1568.199951171875,1570.0,122490,0.0,0.0
2025-03-12 12:10:00+05:30,1570.0,1570.0,1569.5,1569.9000244140625,57575,0.0,0.0
2025-03-12 12:15:00+05:30,1569.8499755859375,1569.9000244140625,1565.199951171875,1566.0999755859375,210709,0.0,0.0
2025-03-12 12:20:00+05:30,1565.6500244140625,1565.8499755859375,1564.0999755859375,1565.0,257195,0.0,0.0
2025-03-12 12:25:00+05:30,1564.8499755859375,1568.550048828125,1564.5,1568.300048828125,159499,0.0,0.0
2025-03-12 12:30:00+05:30,1568.0,1569.050048828125,1567.5999755859375,1568.25,124221,0.0,0.0
2025-03-12 12:35:00+05:30,1568.1500244140625,1569.300048828125,1568.0,1568.75,134105,0.0,0.0
2025-03-12 12:40:00+05:30,1568.550048828125,1568.6500244140625,1567.0999755859375,1567.4000244140625,88457,0.0,0.0
2025-03-12 12:45:00+05:30,1567.3499755859375,1569.0,1566.0999755859375,1566.5999755859375,117634,0.0,0.0
2025-03-12 12:50:00+05:30,1566.550048828125,1568.949951171875,1566.550048828125,1568.75,78780,0.0,0.0
2025-03-12 12:55:00+05:30,1568.949951171875,1571.0,1567.050048828125,1567.3499755859375,186820,0.0,0.0
2025-03-12 13:00:00+05:30,1567.4000244140625,1568.9000244140625,1565.300048828125,1568.050048828125,116310,0.0,0.0
2025-03-12 13:05:00+05:30,1568.050048828125,1568.5,1566.800048828125,1567.5,86285,0.0,0.0
2025-03-12 13:10:00+05:30,1567.5,1569.300048828125,1566.199951171875,1569.25,94710,0.0,0.0
2025-03-12 13:15:00+05:30,1569.25,1572.550048828125,1569.25,1570.550048828125,97583,0.0,0.0
2025-03-12 13:20:00+05:30,1570.699951171875,1571.3499755859375,1569.0999755859375,1570.9000244140625,95374,0.0,0.0
2025-03-12 13:25:00+05:30,1570.9000244140625,1571.1500244140625,1569.449951171875,1570.1500244140625,78469,0.0,0.0
2025-03-12 13:30:00+05:30,1570.0999755859375,1574.0,1570.0999755859375,1573.5,103030,0.0,0.0
2025-03-12 13:35:00+05:30,1573.0,1574.5,1572.1500244140625,1574.0,118822,0.0,0.0
2025-03-12 13:40:00+05:30,1574.050048828125,1574.0999755859375,1571.5999755859375,1573.300048828125,122251,0.0,0.0
2025-03-12 13:45:00+05:30,1573.0,1574.4000244140625,1572.5,1574.0999755859375,92419,0.0,0.0
2025-03-12 13:50:00+05:30,1574.050048828125,1574.6500244140625,1573.1500244140625,1573.25,113887,0.0,0.0
2025-03-12 13:55:00+05:30,1573.25,1575.449951171875,1573.25,1575.0999755859375,79440,0.0,0.0
2025-03-12 14:00:00+05:30,1575.0,1578.0,1575.0,1576.3499755859375,103831,0.0,0.0
2025-03-12 14:05:00+05:30,1576.300048828125,1577.699951171875,1575.5999755859375,1576.5,107562,0.0,0.0
2025-03-12 14:10:00+05:30,1576.449951171875,1577.5999755859375,1575.199951171875,1577.300048828125,116004,0.0,0.0
2025-03-12 14:15:00+05:30,1577.25,1582.0,1576.6500244140625,1581.0,177628,0.0,0.0
2025-03-12 14:20:00+05:30,1581.300048828125,1583.6500244140625,1580.8499755859375,1583.6500244140625,174040,0.0,0.0
2025-03-12 14:25:00+05:30,1583.6500244140625,1585.0,1582.550048828125,1584.449951171875,146623,0.0,0.0
2025-03-12 14:30:00+05:30,1584.1500244140625,1586.699951171875,1584.0999755859375,1586.300048828125,200250,0.0,0.0
2025-03-12 14:35:00+05:30,1586.300048828125,1588.949951171875,1586.25,1588.800048828125,156443,0.0,0.0
2025-03-12 14:40:00+05:30,1588.800048828125,1589.8499755859375,1586.949951171875,1588.0,175889,0.0,0.0
2025-03-12 14:45:00+05:30,1588.0,1589.3499755859375,1586.199951171875,1587.300048828125,164702,0.0,0.0
2025-03-12 14:50:00+05:30,1587.300048828125,1591.949951171875,1587.25,1590.050048828125,177680,0.0,0.0
2025-03-12 14:55:00+05:30,1590.0,1593.0,1590.0,1592.699951171875,196789,0.0,0.0
2025-03-12 15:00:00+05:30,1592.699951171875,1594.5999755859375,1590.800048828125,1593.0,2069351,0.0,0.0
2025-03-12 15:05:00+05:30,1593.0,1594.050048828125,1592.5,1593.8499755859375,418518,0.0,0.0
2025-03-12 15:10:00+05:30,1594.0,1594.3499755859375,1587.199951171875,1588.0,389582,0.0,0.0
2025-03-12 15:15:00+05:30,1588.050048828125,1589.0,1585.1500244140625,1587.550048828125,468888,0.0,0.0
2025-03-12 15:20:00+05:30,1587.5,1588.3499755859375,1585.0,1588.0,404474,0.0,0.0
2025-03-12 15:25:00+05:30,1588.25,1590.5,1586.949951171875,1590.0,258778,0.0,0.0
2025-03-13 09:15:00+05:30,1602.9000244140625,1605.0,1593.6500244140625,1596.6500244140625,0,0.0,0.0
2025-03-13 09:20:00+05:30,1596.9000244140625,1596.9000244140625,1585.1500244140625,1593.3499755859375,225857,0.0,0.0
2025-03-13 09:25:00+05:30,1593.3499755859375,1595.75,1589.199951171875,1591.800048828125,112412,0.0,0.0
2025-03-13 09:30:00+05:30,1591.75,1593.25,1586.0,1587.949951171875,129053,0.0,0.0
2025-03-13 09:35:00+05:30,1587.9000244140625,1589.5,1586.949951171875,1588.8499755859375,84328,0.0,0.0
2025-03-13 09:40:00+05:30,1588.050048828125,1591.949951171875,1585.5,1591.4000244140625,95390,0.0,0.0
2025-03-13 09:45:00+05:30,1591.199951171875,1591.449951171875,1588.050048828125,1590.8499755859375,52679,0.0,0.0
2025-03-13 09:50:00+05:30,1590.949951171875,1590.949951171875,1587.25,1589.5,79036,0.0,0.0
2025-03-13 09:55:00+05:30,1589.5,1592.9000244140625,1588.6500244140625,1591.1500244140625,79914,0.0,0.0
2025-03-13 10:00:00+05:30,1591.1500244140625,1591.4000244140625,1587.449951171875,1588.8499755859375,74481,0.0,0.0
2025-03-13 10:05:00+05:30,1588.550048828125,1591.8499755859375,1587.8499755859375,1590.1500244140625,77922,0.0,0.0
2025-03-13 10:10:00+05:30,1589.699951171875,1589.699951171875,1588.0,1588.949951171875,50370,0.0,0.0
2025-03-13 10:15:00+05:30,1589.0,1589.699951171875,1586.0,1586.800048828125,70097,0.0,0.0
2025-03-13 10:20:00+05:30,1586.550048828125,1587.050048828125,1582.0,1582.5999755859375,96538,0.0,0.0
2025-03-13 10:25:00+05:30,1582.5999755859375,1586.0,1582.5,1585.75,55827,0.0,0.0
2025-03-13 10:30:00+05:30,1585.6500244140625,1587.800048828125,1585.0,1586.25,59713,0.0,0.0
2025-03-13 10:35:00+05:30,1586.25,1586.5,1585.1500244140625,1586.4000244140625,37695,0.0,0.0
2025-03-13 10:40:00+05:30,1586.0,1587.5,1585.0,1585.050048828125,94694,0.0,0.0
2025-03-13 10:45:00+05:30,1585.0999755859375,1585.550048828125,1580.800048828125,1581.3499755859375,94681,0.0,0.0
2025-03-13 10:50:00+05:30,1581.75,1581.75,1578.949951171875,1580.25,90682,0.0,0.0
2025-03-13 10:55:00+05:30,1580.3499755859375,1580.6500244140625,1577.75,1578.699951171875,62444,0.0,0.0
2025-03-13 11:00:00+05:30,1578.699951171875,1580.0,1577.199951171875,1578.699951171875,62275,0.0,0.0
2025-03-13 11:05:00+05:30,1579.3499755859375,1579.8499755859375,1577.0,1578.3499755859375,64330,0.0,0.0
2025-03-13 11:10:00+05:30,1578.25,1579.699951171875,1577.6500244140625,1578.8499755859375,49775,0.0,0.0
2025-03-13 11:15:00+05:30,1578.800048828125,1578.8499755859375,1577.1500244140625,1578.0,52611,0.0,0.0
2025-03-13 11:20:00+05:30,1577.949951171875,1579.449951171875,1577.1500244140625,1578.5999755859375,64195,0.0,0.0
2025-03-13 11:25:00+05:30,1578.5999755859375,1579.449951171875,1576.0,1576.5,72579,0.0,0.0
2025-03-13 11:30:00+05:30,1576.4000244140625,1579.0,1576.25,1578.5999755859375,53557,0.0,0.0
2025-03-13 11:35:00+05:30,1578.5999755859375,1580.050048828125,1574.0,1574.550048828125,123391,0.0,0.0
2025-03-13 11:40:00+05:30,1574.5,1575.5,1572.0999755859375,1572.300048828125,147436,0.0,0.0
2025-03-13 11:45:00+05:30,1572.449951171875,1573.75,1570.5999755859375,1572.0,234733,0.0,0.0
2025-03-13 11:50:00+05:30,1572.0,1574.199951171875,1572.0,1573.0,127346,0.0,0.0
2025-03-13 11:55:00+05:30,1573.0999755859375,1576.0999755859375,1573.0,1574.4000244140625,125711,0.0,0.0
2025-03-13 12:00:00+05:30,1574.4000244140625,1577.0,1573.0999755859375,1576.050048828125,71963,0.0,0.0
2025-03-13 12:05:00+05:30,1576.050048828125,1577.050048828125,1575.550048828125,1576.300048828125,65999,0.0,0.0
2025-03-13 12:10:00+05:30,1576.300048828125,1578.0999755859375,1575.6500244140625,1576.0,57022,0.0,0.0
2025-03-13 12:15:00+05:30,1576.0,1576.949951171875,1575.199951171875,1575.9000244140625,62957,0.0,0.0
2025-03-13 12:20:00+05:30,1575.9000244140625,1576.949951171875,1575.0,1575.3499755859375,81314,0.0,0.0
2025-03-13 12:25:00+05:30,1575.3499755859375,1576.0999755859375,1574.8499755859375,1575.449951171875,68932,0.0,0.0
2025-03-13 12:30:00+05:30,1575.4000244140625,1576.550048828125,1574.8499755859375,1575.0,48730,0.0,0.0
2025-03-13 12:35:00+05:30,1575.0,1575.8499755859375,1574.6500244140625,1575.199951171875,55120,0.0,0.0
2025-03-13 12:40:00+05:30,1575.0999755859375,1575.800048828125,1572.699951171875,1575.050048828125,69269,0.0,0.0
2025-03-13 12:45:00+05:30,1575.0,1577.6500244140625,1575.0,1576.4000244140625,46142,0.0,0.0
2025-03-13 12:50:00+05:30,1576.25,1577.949951171875,1576.0,1577.0,37943,0.0,0.0
2025-03-13 12:55:00+05:30,1577.1500244140625,1577.949951171875,1576.550048828125,1577.0,45878,0.0,0.0
2025-03-13 13:00:00+05:30,1577.050048828125,1577.25,1574.050048828125,1574.0999755859375,64200,0.0,0.0
2025-03-13 13:05:00+05:30,1574.0999755859375,1576.0,1573.1500244140625,1574.75,103285,0.0,0.0
2025-03-13 13:10:00+05:30,1574.9000244140625,1580.0,1574.75,1579.1500244140625,85199,0.0,0.0
2025-03-13 13:15:00+05:30,1579.199951171875,1583.3499755859375,1579.0999755859375,1583.300048828125,96297,0.0,0.0
2025-03-13 13:20:00+05:30,1583.300048828125,1583.800048828125,1582.300048828125,1582.5,74186,0.0,0.0
2025-03-13 13:25:00+05:30,1582.5,1582.949951171875,1579.25,1580.6500244140625,82698,0.0,0.0
2025-03-13 13:30:00+05:30,1580.5999755859375,1583.0,1580.1500244140625,1582.75,65691,0.0,0.0
2025-03-13 13:35:00+05:30,1582.4000244140625,1583.949951171875,1582.050048828125,1582.550048828125,65600,0.0,0.0
2025-03-13 13:40:00+05:30,1582.550048828125,1583.8499755859375,1582.300048828125,1583.6500244140625,65173,0.0,0.0
2025-03-13 13:45:00+05:30,1583.5,1584.0,1581.199951171875,1581.550048828125,98890,0.0,0.0
2025-03-13 13:50:00+05:30,1581.5,1583.0999755859375,1581.0,1582.699951171875,86390,0.0,0.0
2025-03-13 13:55:00+05:30,1582.699951171875,1584.0,1581.75,1582.25,81514,0.0,0.0
2025-03-13 14:00:00+05:30,1582.5999755859375,1585.0,1582.5999755859375,1584.1500244140625,87392,0.0,0.0
2025-03-13 14:05:00+05:30,1584.1500244140625,1584.550048828125,1581.449951171875,1582.449951171875,75672,0.0,0.0
2025-03-13 14:10:00+05:30,1582.449951171875,1583.300048828125,1580.449951171875,1582.800048828125,76226,0.0,0.0
2025-03-13 14:15:00+05:30,1583.0,1583.300048828125,1580.75,1581.75,87648,0.0,0.0
2025-03-13 14:20:00+05:30,1581.6500244140625,1583.4000244140625,1581.050048828125,1582.550048828125,90457,0.0,0.0
2025-03-13 14:25:00+05:30,1582.300048828125,1583.199951171875,1578.3499755859375,1578.800048828125,97572,0.0,0.0
2025-03-13 14:30:00+05:30,1578.800048828125,1581.550048828125,1578.5999755859375,1579.6500244140625,123856,0.0,0.0
2025-03-13 14:35:00+05:30,1579.6500244140625,1580.6500244140625,1577.949951171875,1578.25,178585,0.0,0.0
2025-03-13 14:40:00+05:30,1578.550048828125,1580.5999755859375,1578.199951171875,1579.8499755859375,162894,0.0,0.0
2025-03-13 14:45:00+05:30,1579.8499755859375,1581.75,1579.300048828125,1580.4000244140625,151402,0.0,0.0
2025-03-13 14:50:00+05:30,1580.3499755859375,1581.8499755859375,1579.300048828125,1580.1500244140625,115809,0.0,0.0
2025-03-13 14:55:00+05:30,1580.1500244140625,1580.699951171875,1578.8499755859375,1579.300048828125,114164,0.0,0.0
2025-03-13 15:00:00+05:30,1579.3499755859375,1579.6500244140625,1577.050048828125,1579.300048828125,200202,0.0,0.0
2025-03-13 15:05:00+05:30,1579.4000244140625,1582.199951171875,1577.300048828125,1578.75,285758,0.0,0.0
2025-03-13 15:10:00+05:30,1579.3499755859375,1579.9000244140625,1578.0,1578.0999755859375,186660,0.0,0.0
2025-03-13 15:15:00+05:30,1578.0999755859375,1581.9000244140625,1578.050048828125,1580.800048828125,231481,0.0,0.0
2025-03-13 15:20:00+05:30,1580.800048828125,1581.449951171875,1579.0999755859375,1580.25,227065,0.0,0.0
2025-03-13 15:25:00+05:30,1580.1500244140625,1580.949951171875,1576.0,1579.0,117559,0.0,0.0
2025-03-17 09:15:00+05:30,1566.1500244140625,1579.699951171875,1562.050048828125,1568.699951171875,0,0.0,0.0
2025-03-17 09:20:00+05:30,1569.5,1576.699951171875,1569.3499755859375,1574.0,172118,0.0,0.0
2025-03-17 09:25:00+05:30,1574.0,1577.300048828125,1572.0,1574.6500244140625,160757,0.0,0.0
2025-03-17 09:30:00+05:30,1574.6500244140625,1579.3499755859375,1573.4000244140625,1578.800048828125,154211,0.0,0.0
2025-03-17 09:35:00+05:30,1579.0999755859375,1579.0999755859375,1572.5,1575.300048828125,148196,0.0,0.0
2025-03-17 09:40:00+05:30,1575.8499755859375,1576.699951171875,1571.699951171875,1572.0,95457,0.0,0.0
2025-03-17 09:45:00+05:30,1571.949951171875,1574.0999755859375,1569.199951171875,1570.0,119868,0.0,0.0
2025-03-17 09:50:00+05:30,1569.699951171875,1577.9000244140625,1568.6500244140625,1576.5999755859375,146556,0.0,0.0
2025-03-17 09:55:00+05:30,1576.5999755859375,1585.4000244140625,1575.199951171875,1584.800048828125,234333,0.0,0.0
2025-03-17 10:00:00+05:30,1584.75,1588.699951171875,1583.949951171875,1588.550048828125,139628,0.0,0.0
2025-03-17 10:05:00+05:30,1588.5999755859375,1588.5999755859375,1585.0,1585.449951171875,90488,0.0,0.0
2025-03-17 10:10:00+05:30,1585.449951171875,1587.4000244140625,1584.6500244140625,1585.949951171875,66032,0.0,0.0
2025-03-17 10:15:00+05:30,1585.5999755859375,1587.300048828125,1584.3499755859375,1586.300048828125,78752,0.0,0.0
2025-03-17 10:20:00+05:30,1586.5,1586.5,1579.199951171875,1585.0,111643,0.0,0.0
2025-03-17 10:25:00+05:30,1585.0,1585.75,1582.0,1582.949951171875,69033,0.0,0.0
2025-03-17 10:30:00+05:30,1582.75,1583.9000244140625,1581.0999755859375,1581.5999755859375,68315,0.0,0.0
2025-03-17 10:35:00+05:30,1581.3499755859375,1583.199951171875,1581.0999755859375,1581.5999755859375,68187,0.0,0.0
2025-03-17 10:40:00+05:30,1581.5,1586.6500244140625,1581.4000244140625,1586.5,73695,0.0,0.0
2025-03-17 10:45:00+05:30,1586.5,1587.949951171875,1586.050048828125,1587.0,53044,0.0,0.0
2025-03-17 10:50:00+05:30,1587.0999755859375,1588.0999755859375,1586.199951171875,1586.449951171875,144656,0.0,0.0
2025-03-17 10:55:00+05:30,1586.4000244140625,1588.6500244140625,1586.199951171875,1587.0999755859375,56552,0.0,0.0
2025-03-17 11:00:00+05:30,1587.3499755859375,1588.199951171875,1585.4000244140625,1585.9000244140625,53131,0.0,0.0
2025-03-17 11:05:00+05:30,1585.949951171875,1586.449951171875,1585.0,1585.0,72599,0.0,0.0
2025-03-17 11:10:00+05:30,1585.0,1585.050048828125,1577.5999755859375,1579.300048828125,137156,0.0,0.0
2025-03-17 11:15:00+05:30,1579.5,1581.25,1578.25,1580.0999755859375,48811,0.0,0.0
2025-03-17 11:20:00+05:30,1580.0,1581.8499755859375,1579.4000244140625,1581.8499755859375,40990,0.0,0.0
2025-03-17 11:25:00+05:30,1581.800048828125,1582.300048828125,1579.75,1581.4000244140625,48680,0.0,0.0
2025-03-17 11:30:00+05:30,1582.0,1584.0,1582.0,1584.0,52047,0.0,0.0
2025-03-17 11:35:00+05:30,1583.949951171875,1587.5999755859375,1583.25,1586.0999755859375,47671,0.0,0.0
2025-03-17 11:40:00+05:30,1586.3499755859375,1587.699951171875,1586.0,1586.0999755859375,36909,0.0,0.0
2025-03-17 11:45:00+05:30,1586.0999755859375,1586.949951171875,1585.8499755859375,1586.949951171875,38171,0.0,0.0
2025-03-17 11:50:00+05:30,1586.800048828125,1587.3499755859375,1585.449951171875,1586.949951171875,44152,0.0,0.0
2025-03-17 11:55:00+05:30,1586.949951171875,1587.6500244140625,1586.0,1587.6500244140625,47245,0.0,0.0
2025-03-17 12:00:00+05:30,1587.199951171875,1593.449951171875,1586.9000244140625,1590.800048828125,97798,0.0,0.0
2025-03-17 12:05:00+05:30,1591.0,1592.699951171875,1590.449951171875,1591.6500244140625,35913,0.0,0.0
2025-03-17 12:10:00+05:30,1592.1500244140625,1593.800048828125,1591.25,1593.800048828125,39107,0.0,0.0
2025-03-17 12:15:00+05:30,1593.800048828125,1593.800048828125,1589.550048828125,1590.550048828125,53405,0.0,0.0
2025-03-17 12:20:00+05:30,1590.3499755859375,1591.5999755859375,1589.1500244140625,1589.9000244140625,55522,0.0,0.0
2025-03-17 12:25:00+05:30,1589.9000244140625,1590.0999755859375,1585.5,1587.699951171875,76574,0.0,0.0
2025-03-17 12:30:00+05:30,1586.699951171875,1587.1500244140625,1581.0999755859375,1581.4000244140625,68905,0.0,0.0
2025-03-17 12:35:00+05:30,1581.300048828125,1583.0,1579.9000244140625,1582.3499755859375,60264,0.0,0.0
2025-03-17 12:40:00+05:30,1581.5999755859375,1582.9000244140625,1581.0,1582.9000244140625,43634,0.0,0.0
2025-03-17 12:45:00+05:30,1582.949951171875,1584.050048828125,1581.0,1584.050048828125,45039,0.0,0.0
2025-03-17 12:50:00+05:30,1583.800048828125,1587.9000244140625,1583.550048828125,1585.1500244140625,119860,0.0,0.0
2025-03-17 12:55:00+05:30,1585.25,1587.050048828125,1584.0999755859375,1586.550048828125,39805,0.0,0.0
2025-03-17 13:00:00+05:30,1587.050048828125,1588.449951171875,1585.300048828125,1587.6500244140625,44221,0.0,0.0
2025-03-17 13:05:00+05:30,1588.050048828125,1588.050048828125,1584.0999755859375,1584.300048828125,56580,0.0,0.0
2025-03-17 13:10:00+05:30,1584.699951171875,1586.4000244140625,1584.1500244140625,1585.0,48526,0.0,0.0
2025-03-17 13:15:00+05:30,1585.0,1586.199951171875,1583.199951171875,1583.25,53045,0.0,0.0
2025-03-17 13:20:00+05:30,1583.3499755859375,1584.8499755859375,1582.300048828125,1584.699951171875,61308,0.0,0.0
2025-03-17 13:25:00+05:30,1584.6500244140625,1585.300048828125,1584.300048828125,1585.0,47246,0.0,0.0
2025-03-17 13:30:00+05:30,1584.949951171875,1585.3499755859375,1584.1500244140625,1584.949951171875,56599,0.0,0.0
2025-03-17 13:35:00+05:30,1584.949951171875,1587.5999755859375,1584.699951171875,1585.300048828125,73132,0.0,0.0
2025-03-17 13:40:00+05:30,1585.300048828125,1587.8499755859375,1585.25,1586.6500244140625,49348,0.0,0.0
2025-03-17 13:45:00+05:30,1586.6500244140625,1587.75,1585.8499755859375,1586.550048828125,46683,0.0,0.0
2025-03-17 13:50:00+05:30,1586.050048828125,1587.4000244140625,1585.5,1586.550048828125,67924,0.0,0.0
2025-03-17 13:55:00+05:30,1586.5,1589.5,1586.5,1589.25,60083,0.0,0.0
2025-03-17 14:00:00+05:30,1589.25,1591.0,1587.0,1590.050048828125,61995,0.0,0.0
2025-03-17 14:05:00+05:30,1589.8499755859375,1592.9000244140625,1589.6500244140625,1592.449951171875,55793,0.0,0.0
2025-03-17 14:10:00+05:30,1592.5,1592.9000244140625,1592.0,1592.3499755859375,41909,0.0,0.0
2025-03-17 14:15:00+05:30,1592.4000244140625,1592.9000244140625,1591.5,1592.25,42756,0.0,0.0
2025-03-17 14:20:00+05:30,1592.25,1592.5,1591.550048828125,1591.75,45439,0.0,0.0
2025-03-17 14:25:00+05:30,1591.699951171875,1592.0,1589.800048828125,1589.8499755859375,54201,0.0,0.0
2025-03-17 14:30:00+05:30,1589.9000244140625,1590.0,1588.449951171875,1589.300048828125,64175,0.0,0.0
2025-03-17 14:35:00+05:30,1589.300048828125,1590.0,1588.9000244140625,1589.050048828125,58489,0.0,0.0
2025-03-17 14:40:00+05:30,1589.0999755859375,1589.4000244140625,1586.0999755859375,1587.5999755859375,85724,0.0,0.0
2025-03-17 14:45:00+05:30,1587.800048828125,1589.449951171875,1586.550048828125,1589.4000244140625,80996,0.0,0.0
2025-03-17 14:50:00+05:30,1589.6500244140625,1590.0,1587.9000244140625,1589.3499755859375,83409,0.0,0.0
2025-03-17 14:55:00+05:30,1589.4000244140625,1589.6500244140625,1588.199951171875,1588.8499755859375,100836,0.0,0.0
2025-03-17 15:00:00+05:30,1588.800048828125,1589.75,1586.699951171875,1588.050048828125,235796,0.0,0.0
2025-03-17 15:05:00+05:30,1588.050048828125,1589.199951171875,1587.1500244140625,1589.199951171875,227843,0.0,0.0
2025-03-17 15:10:00+05:30,1589.449951171875,1591.800048828125,1588.550048828125,1591.050048828125,228943,0.0,0.0
2025-03-17 15:15:00+05:30,1591.0999755859375,1592.0,1589.949951171875,1591.0,258130,0.0,0.0
2025-03-17 15:20:00+05:30,1591.050048828125,1591.75,1591.0,1591.699951171875,165536,0.0,0.0
2025-03-17 15:25:00+05:30,1591.75,1593.8499755859375,1588.25,1589.75,183473,0.0,0.0
2025-03-18 09:15:00+05:30,1593.699951171875,1597.5,1582.3499755859375,1587.3499755859375,0,0.0,0.0
2025-03-18 09:20:00+05:30,1587.0999755859375,1591.800048828125,1587.0999755859375,1591.550048828125,142540,0.0,0.0
2025-03-18 09:25:00+05:30,1591.550048828125,1594.25,1590.449951171875,1593.1500244140625,115348,0.0,0.0
2025-03-18 09:30:00+05:30,1593.1500244140625,1599.0,1593.0,1596.4000244140625,138505,0.0,0.0
2025-03-18 09:35:00+05:30,1596.199951171875,1598.0,1595.0,1597.800048828125,60021,0.0,0.0
2025-03-18 09:40:00+05:30,1598.0,1598.0,1593.5,1593.6500244140625,71514,0.0,0.0
2025-03-18 09:45:00+05:30,1593.550048828125,1597.3499755859375,1592.0,1597.0,87225,0.0,0.0
2025-03-18 09:50:00+05:30,1597.25,1600.0,1595.550048828125,1598.9000244140625,90921,0.0,0.0
2025-03-18 09:55:00+05:30,1598.6500244140625,1602.6500244140625,1598.6500244140625,1601.4000244140625,85528,0.0,0.0
2025-03-18 10:00:00+05:30,1601.199951171875,1606.800048828125,1600.5,1606.0999755859375,116623,0.0,0.0
2025-03-18 10:05:00+05:30,1606.699951171875,1607.1500244140625,1604.300048828125,1605.4000244140625,97875,0.0,0.0
2025-03-18 10:10:00+05:30,1605.1500244140625,1607.949951171875,1604.550048828125,1607.949951171875,94999,0.0,0.0
2025-03-18 10:15:00+05:30,1607.800048828125,1608.0,1605.1500244140625,1606.800048828125,75186,0.0,0.0
2025-03-18 10:20:00+05:30,1607.1500244140625,1607.199951171875,1605.199951171875,1606.3499755859375,76773,0.0,0.0
2025-03-18 10:25:00+05:30,1606.3499755859375,1607.5,1604.199951171875,1607.5,110218,0.0,0.0
2025-03-18 10:30:00+05:30,1607.9000244140625,1610.0,1607.699951171875,1608.9000244140625,105441,0.0,0.0
2025-03-18 10:35:00+05:30,1608.699951171875,1609.1500244140625,1606.5999755859375,1607.8499755859375,91959,0.0,0.0
2025-03-18 10:40:00+05:30,1607.5,1608.75,1606.6500244140625,1608.6500244140625,70106,0.0,0.0
2025-03-18 10:45:00+05:30,1608.5,1608.75,1606.5999755859375,1606.6500244140625,60043,0.0,0.0
2025-03-18 10:50:00+05:30,1606.699951171875,1608.4000244140625,1605.5,1607.0,57990,0.0,0.0
2025-03-18 10:55:00+05:30,1607.25,1607.9000244140625,1604.1500244140625,1604.9000244140625,61098,0.0,0.0
2025-03-18 11:00:00+05:30,1605.0999755859375,1605.300048828125,1602.550048828125,1605.0,63436,0.0,0.0
2025-03-18 11:05:00+05:30,1604.6500244140625,1607.699951171875,1603.550048828125,1607.300048828125,41013,0.0,0.0
2025-03-18 11:10:00+05:30,1607.75,1609.25,1607.199951171875,1607.300048828125,48359,0.0,0.0
2025-03-18 11:15:00+05:30,1607.300048828125,1607.300048828125,1604.5999755859375,1606.199951171875,48501,0.0,0.0
2025-03-18 11:20:00+05:30,1605.6500244140625,1605.8499755859375,1603.800048828125,1604.3499755859375,38979,0.0,0.0
2025-03-18 11:25:00+05:30,1604.3499755859375,1606.5,1603.25,1604.300048828125,44356,0.0,0.0
2025-03-18 11:30:00+05:30,1604.550048828125,1608.199951171875,1604.0999755859375,1607.0,84282,0.0,0.0
2025-03-18 11:35:00+05:30,1607.0,1608.550048828125,1606.949951171875,1608.050048828125,65752,0.0,0.0
2025-03-18 11:40:00+05:30,1608.050048828125,1608.949951171875,1607.550048828125,1608.050048828125,55914,0.0,0.0
2025-03-18 11:45:00+05:30,1608.050048828125,1609.3499755859375,1606.699951171875,1608.699951171875,93823,0.0,0.0
2025-03-18 11:50:00+05:30,1608.699951171875,1609.699951171875,1608.199951171875,1609.0999755859375,54896,0.0,0.0
2025-03-18 11:55:00+05:30,1609.0999755859375,1609.0999755859375,1607.25,1608.550048828125,39296,0.0,0.0
2025-03-18 12:00:00+05:30,1608.5,1608.800048828125,1606.1500244140625,1606.3499755859375,56094,0.0,0.0
2025-03-18 12:05:00+05:30,1606.449951171875,1606.9000244140625,1605.199951171875,1606.9000244140625,45560,0.0,0.0
2025-03-18 12:10:00+05:30,1606.5,1608.300048828125,1605.8499755859375,1607.9000244140625,37778,0.0,0.0
2025-03-18 12:15:00+05:30,1608.050048828125,1608.300048828125,1604.949951171875,1605.0,42903,0.0,0.0
2025-03-18 12:20:00+05:30,1605.0,1605.449951171875,1603.5,1603.699951171875,46988,0.0,0.0
2025-03-18 12:25:00+05:30,1603.550048828125,1604.3499755859375,1600.449951171875,1601.5,61950,0.0,0.0
2025-03-18 12:30:00+05:30,1601.550048828125,1603.75,1598.75,1600.0,75205,0.0,0.0
2025-03-18 12:35:00+05:30,1599.25,1601.6500244140625,1597.0,1598.5999755859375,97347,0.0,0.0
2025-03-18 12:40:00+05:30,1598.199951171875,1598.550048828125,1596.25,1596.25,66728,0.0,0.0
2025-03-18 12:45:00+05:30,1596.3499755859375,1597.4000244140625,1594.8499755859375,1596.0,85147,0.0,0.0
2025-03-18 12:50:00+05:30,1596.0,1598.1500244140625,1596.0,1597.25,44455,0.0,0.0
2025-03-18 12:55:00+05:30,1597.3499755859375,1598.5999755859375,1596.75,1597.75,49437,0.0,0.0
2025-03-18 13:00:00+05:30,1597.949951171875,1600.0,1597.949951171875,1599.300048828125,52330,0.0,0.0
2025-03-18 13:05:00+05:30,1599.050048828125,1599.8499755859375,1598.199951171875,1599.050048828125,39732,0.0,0.0
2025-03-18 13:10:00+05:30,1599.0999755859375,1599.300048828125,1596.75,1597.550048828125,44986,0.0,0.0
2025-03-18 13:15:00+05:30,1597.550048828125,1599.5,1596.5999755859375,1599.4000244140625,51572,0.0,0.0
2025-03-18 13:20:00+05:30,1599.1500244140625,1599.449951171875,1597.5999755859375,1598.050048828125,48907,0.0,0.0
2025-03-18 13:25:00+05:30,1598.199951171875,1598.199951171875,1595.4000244140625,1597.75,47772,0.0,0.0
2025-03-18 13:30:00+05:30,1597.75,1599.300048828125,1596.8499755859375,1597.5999755859375,47229,0.0,0.0
2025-03-18 13:35:00+05:30,1597.449951171875,1599.300048828125,1596.8499755859375,1598.8499755859375,40336,0.0,0.0
2025-03-18 13:40:00+05:30,1598.8499755859375,1599.5999755859375,1598.050048828125,1598.800048828125,40460,0.0,0.0
2025-03-18 13:45:00+05:30,1598.800048828125,1599.800048828125,1598.4000244140625,1599.449951171875,37883,0.0,0.0
2025-03-18 13:50:00+05:30,1599.449951171875,1600.6500244140625,1598.5999755859375,1600.199951171875,43290,0.0,0.0
2025-03-18 13:55:00+05:30,1600.25,1601.0,1599.0,1599.3499755859375,39127,0.0,0.0
2025-03-18 14:00:00+05:30,1599.0999755859375,1601.25,1599.0999755859375,1600.75,41026,0.0,0.0
2025-03-18 14:05:00+05:30,1600.75,1601.300048828125,1600.0,1601.0,41418,0.0,0.0
2025-03-18 14:10:00+05:30,1601.0,1601.1500244140625,1597.4000244140625,1598.550048828125,49041,0.0,0.0
2025-03-18 14:15:00+05:30,1598.550048828125,1599.4000244140625,1597.449951171875,1597.9000244140625,52622,0.0,0.0
2025-03-18 14:20:00+05:30,1597.9000244140625,1599.25,1597.6500244140625,1599.199951171875,42188,0.0,0.0
2025-03-18 14:25:00+05:30,1599.199951171875,1599.9000244140625,1598.199951171875,1599.199951171875,86394,0.0,0.0
2025-03-18 14:30:00+05:30,1599.300048828125,1601.0,1596.699951171875,1598.8499755859375,86157,0.0,0.0
2025-03-18 14:35:00+05:30,1598.699951171875,1599.6500244140625,1598.0,1598.699951171875,66325,0.0,0.0
2025-03-18 14:40:00+05:30,1598.699951171875,1599.0,1597.449951171875,1598.8499755859375,68793,0.0,0.0
2025-03-18 14:45:00+05:30,1598.8499755859375,1600.300048828125,1598.25,1599.8499755859375,119342,0.0,0.0
2025-03-18 14:50:00+05:30,1599.4000244140625,1602.9000244140625,1599.4000244140625,1601.050048828125,113532,0.0,0.0
2025-03-18 14:55:00+05:30,1601.3499755859375,1603.5,1600.449951171875,1602.1500244140625,128987,0.0,0.0
2025-03-18 15:00:00+05:30,1602.75,1609.0,1602.4000244140625,1608.0,255131,0.0,0.0
2025-03-18 15:05:00+05:30,1608.0,1610.949951171875,1606.699951171875,1610.4000244140625,311309,0.0,0.0
2025-03-18 15:10:00+05:30,1610.300048828125,1611.4000244140625,1608.9000244140625,1610.3499755859375,234255,0.0,0.0
2025-03-18 15:15:00+05:30,1610.449951171875,1611.699951171875,1609.6500244140625,1611.3499755859375,220980,0.0,0.0
2025-03-18 15:20:00+05:30,1611.300048828125,1612.25,1611.300048828125,1611.5999755859375,164691,0.0,0.0
2025-03-18 15:25:00+05:30,1611.5,1612.8499755859375,1608.0,1608.699951171875,97175,0.0,0.0
2025-03-19 09:15:00+05:30,1596.4000244140625,1596.699951171875,1578.550048828125,1579.0999755859375,0,0.0,0.0
2025-03-19 09:20:00+05:30,1579.300048828125,1583.0,1575.0,1575.550048828125,303806,0.0,0.0
2025-03-19 09:25:00+05:30,1575.550048828125,1578.8499755859375,1572.800048828125,1575.949951171875,153674,0.0,0.0
2025-03-19 09:30:00+05:30,1575.75,1582.0,1575.1500244140625,1579.5999755859375,90691,0.0,0.0
2025-03-19 09:35:00+05:30,1579.5999755859375,1581.25,1576.449951171875,1579.699951171875,139405,0.0,0.0
2025-03-19 09:40:00+05:30,1579.699951171875,1582.5,1578.449951171875,1581.6500244140625,54225,0.0,0.0
2025-03-19 09:45:00+05:30,1581.4000244140625,1583.949951171875,1581.25,1582.0999755859375,60106,0.0,0.0
2025-03-19 09:50:00+05:30,1582.5,1582.550048828125,1580.0,1580.3499755859375,50016,0.0,0.0
2025-03-19 09:55:00+05:30,1580.3499755859375,1582.25,1578.300048828125,1579.0999755859375,55039,0.0,0.0
2025-03-19 10:00:00+05:30,1579.6500244140625,1581.0,1578.75,1580.199951171875,38380,0.0,0.0
2025-03-19 10:05:00+05:30,1580.199951171875,1580.5999755859375,1578.3499755859375,1579.5,42090,0.0,0.0
2025-03-19 10:10:00+05:30,1579.050048828125,1580.449951171875,1576.5,1580.0,79783,0.0,0.0
2025-03-19 10:15:00+05:30,1580.25,1583.0,1579.5999755859375,1582.3499755859375,52394,0.0,0.0
2025-03-19 10:20:00+05:30,1582.300048828125,1583.9000244140625,1581.5,1583.9000244140625,41507,0.0,0.0
2025-03-19 10:25:00+05:30,1583.9000244140625,1583.949951171875,1579.5,1580.550048828125,83889,0.0,0.0
2025-03-19 10:30:00+05:30,1580.5999755859375,1581.6500244140625,1577.4000244140625,1578.800048828125,57362,0.0,0.0
2025-03-19 10:35:00+05:30,1578.800048828125,1580.8499755859375,1578.6500244140625,1580.550048828125,37041,0.0,0.0
2025-03-19 10:40:00+05:30,1580.550048828125,1580.550048828125,1578.699951171875,1579.1500244140625,51801,0.0,0.0
2025-03-19 10:45:00+05:30,1579.1500244140625,1579.199951171875,1577.5999755859375,1578.050048828125,45914,0.0,0.0
2025-03-19 10:50:00+05:30,1578.0999755859375,1578.25,1577.0,1577.5999755859375,42591,0.0,0.0
2025-03-19 10:55:00+05:30,1577.6500244140625,1581.8499755859375,1577.5999755859375,1580.449951171875,59186,0.0,0.0
2025-03-19 11:00:00+05:30,1580.3499755859375,1580.3499755859375,1578.949951171875,1579.199951171875,44937,0.0,0.0
2025-03-19 11:05:00+05:30,1579.199951171875,1579.5,1578.199951171875,1578.550048828125,41197,0.0,0.0
2025-03-19 11:10:00+05:30,1578.550048828125,1579.050048828125,1577.5,1577.550048828125,74652,0.0,0.0
2025-03-19 11:15:00+05:30,1577.550048828125,1578.5,1577.5,1578.0,57677,0.0,0.0
2025-03-19 11:20:00+05:30,1578.050048828125,1578.050048828125,1576.4000244140625,1576.949951171875,64330,0.0,0.0
2025-03-19 11:25:00+05:30,1576.949951171875,1577.25,1575.0,1575.3499755859375,137506,0.0,0.0
2025-03-19 11:30:00+05:30,1575.4000244140625,1576.949951171875,1575.0,1575.9000244140625,49793,0.0,0.0
2025-03-19 11:35:00+05:30,1575.9000244140625,1577.0,1575.9000244140625,1577.0,44677,0.0,0.0
2025-03-19 11:40:00+05:30,1577.25,1577.25,1575.5999755859375,1575.6500244140625,34908,0.0,0.0
2025-03-19 11:45:00+05:30,1575.6500244140625,1575.949951171875,1575.25,1575.5,33303,0.0,0.0
2025-03-19 11:50:00+05:30,1575.4000244140625,1575.9000244140625,1575.199951171875,1575.449951171875,43329,0.0,0.0
2025-03-19 11:55:00+05:30,1575.5,1577.4000244140625,1575.300048828125,1575.6500244140625,48040,0.0,0.0
2025-03-19 12:00:00+05:30,1575.5999755859375,1576.5999755859375,1575.0999755859375,1576.0999755859375,37874,0.0,0.0
2025-03-19 12:05:00+05:30,1576.050048828125,1576.5,1574.0999755859375,1574.0999755859375,71840,0.0,0.0
2025-03-19 12:10:00+05:30,1574.449951171875,1575.0,1574.0,1574.0999755859375,47430,0.0,0.0
2025-03-19 12:15:00+05:30,1574.050048828125,1576.949951171875,1574.050048828125,1576.300048828125,41394,0.0,0.0
2025-03-19 12:20:00+05:30,1576.25,1579.0,1576.199951171875,1578.1500244140625,75385,0.0,0.0
2025-03-19 12:25:00+05:30,1578.1500244140625,1579.5,1577.949951171875,1578.699951171875,40555,0.0,0.0
2025-03-19 12:30:00+05:30,1578.75,1578.75,1576.4000244140625,1576.9000244140625,34444,0.0,0.0
2025-03-19 12:35:00+05:30,1576.9000244140625,1577.949951171875,1576.5,1577.800048828125,34275,0.0,0.0
2025-03-19 12:40:00+05:30,1577.800048828125,1577.8499755859375,1575.6500244140625,1575.75,36132,0.0,0.0
2025-03-19 12:45:00+05:30,1576.3499755859375,1579.449951171875,1576.25,1579.25,63366,0.0,0.0
2025-03-19 12:50:00+05:30,1579.050048828125,1579.6500244140625,1577.4000244140625,1578.0999755859375,61297,0.0,0.0
2025-03-19 12:55:00+05:30,1578.050048828125,1579.4000244140625,1577.300048828125,1579.300048828125,41682,0.0,0.0
2025-03-19 13:00:00+05:30,1579.300048828125,1579.300048828125,1578.050048828125,1578.449951171875,30561,0.0,0.0
2025-03-19 13:05:00+05:30,1578.449951171875,1579.050048828125,1578.0,1578.5,43995,0.0,0.0
2025-03-19 13:10:00+05:30,1578.5,1581.699951171875,1578.449951171875,1581.6500244140625,145953,0.0,0.0
2025-03-19 13:15:00+05:30,1581.449951171875,1587.0,1580.550048828125,1586.199951171875,147012,0.0,0.0
2025-03-19 13:20:00+05:30,1586.1500244140625,1586.550048828125,1585.300048828125,1586.0,77400,0.0,0.0
2025-03-19 13:25:00+05:30,1586.0,1586.300048828125,1582.1500244140625,1583.0,61843,0.0,0.0
2025-03-19 13:30:00+05:30,1582.949951171875,1584.949951171875,1582.5,1582.75,68057,0.0,0.0
2025-03-19 13:35:00+05:30,1582.800048828125,1583.5999755859375,1582.25,1582.4000244140625,52583,0.0,0.0
2025-03-19 13:40:00+05:30,1582.4000244140625,1582.4000244140625,1580.0,1581.0,63827,0.0,0.0
2025-03-19 13:45:00+05:30,1581.0,1581.050048828125,1579.0,1579.3499755859375,73059,0.0,0.0
2025-03-19 13:50:00+05:30,1579.3499755859375,1581.300048828125,1579.25,1581.0,71146,0.0,0.0
2025-03-19 13:55:00+05:30,1581.050048828125,1582.75,1580.050048828125,1582.699951171875,64348,0.0,0.0
2025-03-19 14:00:00+05:30,1582.699951171875,1584.0,1581.5999755859375,1583.800048828125,53968,0.0,0.0
2025-03-19 14:05:00+05:30,1583.9000244140625,1585.5,1583.75,1583.800048828125,59154,0.0,0.0
2025-03-19 14:10:00+05:30,1583.800048828125,1584.0,1582.550048828125,1583.5,51716,0.0,0.0
2025-03-19 14:15:00+05:30,1583.5,1586.0,1583.25,1585.550048828125,69413,0.0,0.0
2025-03-19 14:20:00+05:30,1585.800048828125,1586.0,1584.949951171875,1585.949951171875,66766,0.0,0.0
2025-03-19 14:25:00+05:30,1585.949951171875,1589.449951171875,1585.949951171875,1587.1500244140625,104740,0.0,0.0
2025-03-19 14:30:00+05:30,1587.199951171875,1588.25,1585.5999755859375,1585.5999755859375,83337,0.0,0.0
2025-03-19 14:35:00+05:30,1586.0,1586.949951171875,1585.0,1585.5999755859375,103443,0.0,0.0
2025-03-19 14:40:00+05:30,1585.5999755859375,1588.8499755859375,1585.5,1587.3499755859375,108228,0.0,0.0
2025-03-19 14:45:00+05:30,1587.5,1588.5,1586.300048828125,1587.8499755859375,131547,0.0,0.0
2025-03-19 14:50:00+05:30,1588.0999755859375,1588.199951171875,1586.0,1587.0,158297,0.0,0.0
2025-03-19 14:55:00+05:30,1586.949951171875,1588.300048828125,1585.199951171875,1585.9000244140625,148919,0.0,0.0
2025-03-19 15:00:00+05:30,1585.699951171875,1587.550048828125,1585.199951171875,1586.449951171875,390532,0.0,0.0
2025-03-19 15:05:00+05:30,1586.5999755859375,1587.0999755859375,1585.6500244140625,1585.949951171875,402871,0.0,0.0
2025-03-19 15:10:00+05:30,1585.949951171875,1587.199951171875,1585.8499755859375,1587.0,344648,0.0,0.0
2025-03-19 15:15:00+05:30,1587.0,1587.25,1585.800048828125,1585.949951171875,389879,0.0,0.0
2025-03-19 15:20:00+05:30,1586.0,1587.800048828125,1585.449951171875,1587.800048828125,327288,0.0,0.0
2025-03-19 15:25:00+05:30,1587.75,1589.8499755859375,1587.0999755859375,1588.4000244140625,176919,0.0,0.0
2025-03-20 09:15:00+05:30,1594.25,1611.949951171875,1594.25,1607.0999755859375,0,0.0,0.0
2025-03-20 09:20:00+05:30,1607.1500244140625,1628.1500244140625,1607.1500244140625,1627.550048828125,383926,0.0,0.0
2025-03-20 09:25:00+05:30,1628.050048828125,1631.050048828125,1622.0,1628.300048828125,221847,0.0,0.0
2025-03-20 09:30:00+05:30,1628.0999755859375,1628.5,1621.199951171875,1623.300048828125,206461,0.0,0.0
2025-03-20 09:35:00+05:30,1623.3499755859375,1625.4000244140625,1620.9000244140625,1624.25,97762,0.0,0.0
2025-03-20 09:40:00+05:30,1625.0,1631.0,1623.5999755859375,1630.0999755859375,436384,0.0,0.0
2025-03-20 09:45:00+05:30,1630.5,1630.5,1624.0,1625.199951171875,76127,0.0,0.0
2025-03-20 09:50:00+05:30,1625.0,1625.699951171875,1618.300048828125,1619.0,114898,0.0,0.0
2025-03-20 09:55:00+05:30,1618.949951171875,1618.949951171875,1613.9000244140625,1614.9000244140625,137875,0.0,0.0
2025-03-20 10:00:00+05:30,1615.050048828125,1615.25,1608.25,1609.699951171875,138605,0.0,0.0
2025-03-20 10:05:00+05:30,1609.699951171875,1610.0,1604.0,1605.699951171875,83078,0.0,0.0
2025-03-20 10:10:00+05:30,1605.949951171875,1608.449951171875,1605.5999755859375,1607.800048828125,37205,0.0,0.0
2025-03-20 10:15:00+05:30,1607.6500244140625,1610.699951171875,1607.5,1610.0,77946,0.0,0.0
2025-03-20 10:20:00+05:30,1610.25,1611.0,1607.1500244140625,1610.449951171875,70145,0.0,0.0
2025-03-20 10:25:00+05:30,1610.449951171875,1612.050048828125,1608.9000244140625,1609.699951171875,100665,0.0,0.0
2025-03-20 10:30:00+05:30,1609.550048828125,1612.6500244140625,1609.4000244140625,1612.300048828125,58253,0.0,0.0
2025-03-20 10:35:00+05:30,1612.25,1612.75,1610.050048828125,1610.1500244140625,29896,0.0,0.0
2025-03-20 10:40:00+05:30,1610.0999755859375,1610.5999755859375,1607.0,1609.8499755859375,36374,0.0,0.0
2025-03-20 10:45:00+05:30,1609.9000244140625,1610.75,1608.699951171875,1610.5,24104,0.0,0.0
2025-03-20 10:50:00+05:30,1610.5,1610.9000244140625,1609.0,1609.449951171875,17553,0.0,0.0
2025-03-20 10:55:00+05:30,1609.449951171875,1609.9000244140625,1608.0999755859375,1609.300048828125,19696,0.0,0.0
2025-03-20 11:00:00+05:30,1609.050048828125,1609.8499755859375,1608.199951171875,1608.699951171875,21626,0.0,0.0
2025-03-20 11:05:00+05:30,1608.449951171875,1609.199951171875,1607.25,1607.300048828125,29142,0.0,0.0
2025-03-20 11:10:00+05:30,1607.300048828125,1611.5,1606.75,1610.550048828125,41292,0.0,0.0
2025-03-20 11:15:00+05:30,1610.550048828125,1612.1500244140625,1609.8499755859375,1610.050048828125,28670,0.0,0.0
2025-03-20 11:20:00+05:30,1610.0,1610.75,1608.3499755859375,1610.25,15952,0.0,0.0
2025-03-20 11:25:00+05:30,1610.449951171875,1610.75,1609.4000244140625,1610.5,13522,0.0,0.0
2025-03-20 11:30:00+05:30,1610.4000244140625,1610.5999755859375,1608.5,1608.699951171875,21668,0.0,0.0
2025-03-20 11:35:00+05:30,1608.6500244140625,1610.1500244140625,1608.5,1609.5999755859375,14676,0.0,0.0
2025-03-20 11:40:00+05:30,1609.5999755859375,1611.0,1609.25,1610.5,46315,0.0,0.0
2025-03-20 11:45:00+05:30,1610.449951171875,1612.6500244140625,1610.25,1611.8499755859375,65969,0.0,0.0
2025-03-20 11:50:00+05:30,1611.8499755859375,1614.6500244140625,1611.300048828125,1613.199951171875,48951,0.0,0.0
2025-03-20 11:55:00+05:30,1613.25,1615.0,1612.1500244140625,1612.75,38012,0.0,0.0
2025-03-20 12:00:00+05:30,1612.800048828125,1613.6500244140625,1611.3499755859375,1612.050048828125,33198,0.0,0.0
2025-03-20 12:05:00+05:30,1612.0999755859375,1612.300048828125,1610.8499755859375,1611.5999755859375,30548,0.0,0.0
2025-03-20 12:10:00+05:30,1611.5999755859375,1612.0,1610.0,1610.300048828125,34131,0.0,0.0
2025-03-20 12:15:00+05:30,1610.5,1612.800048828125,1610.199951171875,1611.800048828125,35513,0.0,0.0
2025-03-20 12:20:00+05:30,1611.8499755859375,1612.300048828125,1610.0,1610.5999755859375,45583,0.0,0.0
2025-03-20 12:25:00+05:30,1610.75,1612.449951171875,1610.75,1612.1500244140625,35650,0.0,0.0
2025-03-20 12:30:00+05:30,1612.1500244140625,1613.4000244140625,1611.25,1613.25,42460,0.0,0.0
2025-03-20 12:35:00+05:30,1613.25,1614.0999755859375,1611.9000244140625,1614.0999755859375,47943,0.0,0.0
2025-03-20 12:40:00+05:30,1614.050048828125,1619.449951171875,1613.8499755859375,1619.0,95181,0.0,0.0
2025-03-20 12:45:00+05:30,1618.6500244140625,1618.9000244140625,1614.199951171875,1614.550048828125,41334,0.0,0.0
2025-03-20 12:50:00+05:30,1614.4000244140625,1616.9000244140625,1614.199951171875,1616.4000244140625,40090,0.0,0.0
2025-03-20 12:55:00+05:30,1616.449951171875,1616.800048828125,1615.0,1616.4000244140625,47414,0.0,0.0
2025-03-20 13:00:00+05:30,1616.75,1617.300048828125,1613.449951171875,1615.300048828125,57026,0.0,0.0
2025-03-20 13:05:00+05:30,1615.300048828125,1617.0,1614.6500244140625,1616.3499755859375,42456,0.0,0.0
2025-03-20 13:10:00+05:30,1616.3499755859375,1618.0,1615.8499755859375,1617.800048828125,55775,0.0,0.0
2025-03-20 13:15:00+05:30,1617.800048828125,1619.949951171875,1616.699951171875,1619.0,41932,0.0,0.0
2025-03-20 13:20:00+05:30,1618.25,1620.699951171875,1618.0,1618.0,69218,0.0,0.0
2025-03-20 13:25:00+05:30,1618.0,1618.550048828125,1616.5,1617.4000244140625,46627,0.0,0.0
2025-03-20 13:30:00+05:30,1617.8499755859375,1619.9000244140625,1617.550048828125,1618.449951171875,45375,0.0,0.0
2025-03-20 13:35:00+05:30,1618.5,1619.550048828125,1617.949951171875,1618.949951171875,48652,0.0,0.0
2025-03-20 13:40:00+05:30,1618.75,1619.550048828125,1616.4000244140625,1617.0,62955,0.0,0.0
2025-03-20 13:45:00+05:30,1617.050048828125,1617.449951171875,1616.1500244140625,1617.0,39876,0.0,0.0
2025-03-20 13:50:00+05:30,1616.5999755859375,1617.699951171875,1616.550048828125,1616.949951171875,30407,0.0,0.0
2025-03-20 13:55:00+05:30,1616.9000244140625,1618.0,1616.5,1617.199951171875,58083,0.0,0.0
2025-03-20 14:00:00+05:30,1617.550048828125,1618.949951171875,1616.699951171875,1618.0,141144,0.0,0.0
2025-03-20 14:05:00+05:30,1618.0,1619.699951171875,1617.0,1617.199951171875,167071,0.0,0.0
2025-03-20 14:10:00+05:30,1617.5,1618.199951171875,1616.5,1617.0,145887,0.0,0.0
2025-03-20 14:15:00+05:30,1617.050048828125,1618.5999755859375,1615.3499755859375,1616.449951171875,127991,0.0,0.0
2025-03-20 14:20:00+05:30,1616.5999755859375,1618.0,1614.6500244140625,1617.5999755859375,95268,0.0,0.0
2025-03-20 14:25:00+05:30,1617.9000244140625,1620.0,1616.75,1619.0,90334,0.0,0.0
2025-03-20 14:30:00+05:30,1619.0,1619.949951171875,1618.050048828125,1618.9000244140625,78483,0.0,0.0
2025-03-20 14:35:00+05:30,1618.8499755859375,1622.1500244140625,1618.0,1622.0999755859375,84979,0.0,0.0
2025-03-20 14:40:00+05:30,1622.0999755859375,1622.449951171875,1618.8499755859375,1619.5,133319,0.0,0.0
2025-03-20 14:45:00+05:30,1619.9000244140625,1620.1500244140625,1615.0,1615.75,110014,0.0,0.0
2025-03-20 14:50:00+05:30,1615.6500244140625,1619.5999755859375,1615.550048828125,1619.550048828125,140005,0.0,0.0
2025-03-20 14:55:00+05:30,1619.199951171875,1620.9000244140625,1618.0,1619.0999755859375,129388,0.0,0.0
2025-03-20 15:00:00+05:30,1619.0999755859375,1620.5,1617.199951171875,1617.9000244140625,254863,0.0,0.0
2025-03-20 15:05:00+05:30,1617.949951171875,1618.949951171875,1617.300048828125,1618.949951171875,217303,0.0,0.0
2025-03-20 15:10:00+05:30,1618.75,1618.75,1616.9000244140625,1617.300048828125,213647,0.0,0.0
2025-03-20 15:15:00+05:30,1617.25,1617.3499755859375,1614.5,1616.6500244140625,216094,0.0,0.0
2025-03-20 15:20:00+05:30,1616.6500244140625,1616.800048828125,1611.199951171875,1611.300048828125,264161,0.0,0.0
2025-03-20 15:25:00+05:30,1611.1500244140625,1615.550048828125,1606.9000244140625,1615.550048828125,290164,0.0,0.0
2025-03-21 09:15:00+05:30,1567.949951171875,1577.9000244140625,1564.1500244140625,1577.5,0,0.0,0.0
2025-03-21 09:20:00+05:30,1576.550048828125,1579.8499755859375,1575.0,1578.9000244140625,261365,0.0,0.0
2025-03-21 09:25:00+05:30,1578.699951171875,1589.550048828125,1577.25,1589.5,213613,0.0,0.0
2025-03-21 09:30:00+05:30,1589.050048828125,1592.8499755859375,1588.3499755859375,1592.25,203103,0.0,0.0
2025-03-21 09:35:00+05:30,1592.300048828125,1599.5999755859375,1591.4000244140625,1596.9000244140625,150647,0.0,0.0
2025-03-21 09:40:00+05:30,1597.449951171875,1603.699951171875,1595.449951171875,1603.199951171875,205220,0.0,0.0
2025-03-21 09:45:00+05:30,1602.9000244140625,1602.9000244140625,1599.949951171875,1600.199951171875,155856,0.0,0.0
2025-03-21 09:50:00+05:30,1599.699951171875,1600.199951171875,1597.0999755859375,1597.5999755859375,131587,0.0,0.0
2025-03-21 09:55:00+05:30,1597.5999755859375,1601.0,1595.0,1600.4000244140625,96592,0.0,0.0
2025-03-21 10:00:00+05:30,1600.199951171875,1600.449951171875,1597.9000244140625,1598.949951171875,51227,0.0,0.0
2025-03-21 10:05:00+05:30,1599.0,1599.550048828125,1596.699951171875,1596.699951171875,39601,0.0,0.0
2025-03-21 10:10:00+05:30,1596.3499755859375,1597.0,1592.1500244140625,1592.8499755859375,98102,0.0,0.0
2025-03-21 10:15:00+05:30,1592.5999755859375,1593.3499755859375,1591.0999755859375,1592.4000244140625,65960,0.0,0.0
2025-03-21 10:20:00+05:30,1592.75,1592.75,1590.75,1591.949951171875,37177,0.0,0.0
2025-03-21 10:25:00+05:30,1592.199951171875,1594.0,1591.5,1593.949951171875,93678,0.0,0.0
2025-03-21 10:30:00+05:30,1594.0,1598.949951171875,1593.5,1597.0,122165,0.0,0.0
2025-03-21 10:35:00+05:30,1597.5999755859375,1603.9000244140625,1597.4000244140625,1600.449951171875,153239,0.0,0.0
2025-03-21 10:40:00+05:30,1600.449951171875,1600.5,1595.0,1595.9000244140625,53700,0.0,0.0
2025-03-21 10:45:00+05:30,1595.9000244140625,1597.6500244140625,1594.6500244140625,1597.5,55367,0.0,0.0
2025-03-21 10:50:00+05:30,1597.449951171875,1598.8499755859375,1596.4000244140625,1596.9000244140625,46740,0.0,0.0
2025-03-21 10:55:00+05:30,1596.75,1597.199951171875,1591.699951171875,1592.3499755859375,70147,0.0,0.0
2025-03-21 11:00:00+05:30,1592.300048828125,1593.550048828125,1591.699951171875,1592.0999755859375,45357,0.0,0.0
2025-03-21 11:05:00+05:30,1591.949951171875,1593.449951171875,1591.8499755859375,1592.3499755859375,47955,0.0,0.0
2025-03-21 11:10:00+05:30,1591.949951171875,1592.5,1590.949951171875,1591.449951171875,54229,0.0,0.0
2025-03-21 11:15:00+05:30,1591.449951171875,1591.5,1589.4000244140625,1590.75,85121,0.0,0.0
2025-03-21 11:20:00+05:30,1590.8499755859375,1592.75,1590.0,1590.3499755859375,57243,0.0,0.0
2025-03-21 11:25:00+05:30,1590.449951171875,1591.5,1590.0,1590.0999755859375,32298,0.0,0.0
2025-03-21 11:30:00+05:30,1590.300048828125,1591.9000244140625,1590.0,1591.300048828125,26477,0.0,0.0
2025-03-21 11:35:00+05:30,1591.550048828125,1592.699951171875,1591.0999755859375,1591.1500244140625,22567,0.0,0.0
2025-03-21 11:40:00+05:30,1591.0999755859375,1591.449951171875,1586.6500244140625,1587.8499755859375,69277,0.0,0.0
2025-03-21 11:45:00+05:30,1587.050048828125,1590.0,1587.050048828125,1589.449951171875,42931,0.0,0.0
2025-03-21 11:50:00+05:30,1589.4000244140625,1589.75,1588.4000244140625,1589.5,21439,0.0,0.0
2025-03-21 11:55:00+05:30,1589.4000244140625,1590.6500244140625,1588.5,1589.800048828125,23746,0.0,0.0
2025-03-21 12:00:00+05:30,1589.5999755859375,1591.0,1589.5999755859375,1590.5999755859375,24254,0.0,0.0
2025-03-21 12:05:00+05:30,1590.5999755859375,1593.9000244140625,1590.449951171875,1593.550048828125,50836,0.0,0.0
2025-03-21 12:10:00+05:30,1594.300048828125,1594.550048828125,1591.550048828125,1592.5999755859375,49512,0.0,0.0
2025-03-21 12:15:00+05:30,1592.5999755859375,1593.0999755859375,1592.0,1592.5999755859375,17505,0.0,0.0
2025-03-21 12:20:00+05:30,1592.75,1597.0,1592.5999755859375,1594.1500244140625,60719,0.0,0.0
2025-03-21 12:25:00+05:30,1594.9000244140625,1598.75,1594.1500244140625,1598.75,63267,0.0,0.0
2025-03-21 12:30:00+05:30,1598.6500244140625,1601.0,1597.199951171875,1598.050048828125,100021,0.0,0.0
2025-03-21 12:35:00+05:30,1598.0,1599.0,1597.1500244140625,1597.9000244140625,39694,0.0,0.0
2025-03-21 12:40:00+05:30,1598.0,1600.0,1597.449951171875,1599.75,52853,0.0,0.0
2025-03-21 12:45:00+05:30,1599.800048828125,1600.0,1595.5,1596.75,48142,0.0,0.0
2025-03-21 12:50:00+05:30,1596.050048828125,1598.699951171875,1596.050048828125,1598.300048828125,38641,0.0,0.0
2025-03-21 12:55:00+05:30,1598.5999755859375,1599.1500244140625,1597.699951171875,1598.0,43634,0.0,0.0
2025-03-21 13:00:00+05:30,1598.0,1598.75,1596.949951171875,1597.75,37850,0.0,0.0
2025-03-21 13:05:00+05:30,1597.8499755859375,1598.300048828125,1596.550048828125,1597.199951171875,37216,0.0,0.0
2025-03-21 13:10:00+05:30,1597.0,1597.75,1595.300048828125,1595.4000244140625,47081,0.0,0.0
2025-03-21 13:15:00+05:30,1595.6500244140625,1595.6500244140625,1593.5,1595.449951171875,57491,0.0,0.0
2025-03-21 13:20:00+05:30,1595.449951171875,1596.199951171875,1595.0,1595.5,33867,0.0,0.0
2025-03-21 13:25:00+05:30,1595.449951171875,1595.9000244140625,1593.050048828125,1593.949951171875,111888,0.0,0.0
2025-03-21 13:30:00+05:30,1594.0,1594.300048828125,1590.199951171875,1591.4000244140625,78582,0.0,0.0
2025-03-21 13:35:00+05:30,1591.300048828125,1591.5,1589.0,1590.9000244140625,71748,0.0,0.0
2025-03-21 13:40:00+05:30,1590.8499755859375,1595.300048828125,1590.0,1593.1500244140625,56469,0.0,0.0
2025-03-21 13:45:00+05:30,1593.0,1593.699951171875,1591.6500244140625,1591.75,36332,0.0,0.0
2025-03-21 13:50:00+05:30,1592.0,1592.9000244140625,1590.6500244140625,1590.6500244140625,42800,0.0,0.0
2025-03-21 13:55:00+05:30,1590.8499755859375,1592.5,1590.300048828125,1592.5,47480,0.0,0.0
2025-03-21 14:00:00+05:30,1592.5,1594.800048828125,1591.9000244140625,1593.550048828125,53099,0.0,0.0
2025-03-21 14:05:00+05:30,1593.25,1594.5999755859375,1592.699951171875,1593.300048828125,44558,0.0,0.0
2025-03-21 14:10:00+05:30,1593.199951171875,1593.8499755859375,1592.0999755859375,1592.6500244140625,40102,0.0,0.0
2025-03-21 14:15:00+05:30,1592.800048828125,1593.550048828125,1592.25,1593.5,50244,0.0,0.0
2025-03-21 14:20:00+05:30,1593.550048828125,1596.0,1593.0999755859375,1595.5,64015,0.0,0.0
2025-03-21 14:25:00+05:30,1595.0,1596.5,1594.5999755859375,1596.449951171875,65361,0.0,0.0
2025-03-21 14:30:00+05:30,1596.5,1598.4000244140625,1595.5,1596.699951171875,74767,0.0,0.0
2025-03-21 14:35:00+05:30,1596.3499755859375,1596.550048828125,1595.5,1596.050048828125,39451,0.0,0.0
2025-03-21 14:40:00+05:30,1596.1500244140625,1596.5,1594.6500244140625,1595.050048828125,63688,0.0,0.0
2025-03-21 14:45:00+05:30,1595.449951171875,1595.75,1593.25,1593.550048828125,47995,0.0,0.0
2025-03-21 14:50:00+05:30,1593.550048828125,1595.0,1592.75,1594.25,62133,0.0,0.0
2025-03-21 14:55:00+05:30,1594.0999755859375,1595.0,1592.449951171875,1593.0,74639,0.0,0.0
2025-03-21 15:00:00+05:30,1593.300048828125,1594.75,1591.050048828125,1592.5,916064,0.0,0.0
2025-03-21 15:05:00+05:30,1592.449951171875,1593.5,1591.800048828125,1592.1500244140625,747586,0.0,0.0
2025-03-21 15:10:00+05:30,1592.25,1593.0,1591.300048828125,1592.050048828125,687403,0.0,0.0
2025-03-21 15:15:00+05:30,1591.949951171875,1593.9000244140625,1591.25,1591.9000244140625,808325,0.0,0.0
2025-03-21 15:20:00+05:30,1591.8499755859375,1593.1500244140625,1590.5999755859375,1593.0999755859375,766154,0.0,0.0
2025-03-21 15:25:00+05:30,1593.0999755859375,1595.4000244140625,1591.5999755859375,1595.4000244140625,559850,0.0,0.0
2025-03-24 09:15:00+05:30,1595.5,1601.6500244140625,1587.550048828125,1593.300048828125,0,0.0,0.0
2025-03-24 09:20:00+05:30,1593.300048828125,1594.3499755859375,1588.5,1590.8499755859375,148635,0.0,0.0
2025-03-24 09:25:00+05:30,1590.8499755859375,1590.9000244140625,1583.5,1583.5,159926,0.0,0.0
2025-03-24 09:30:00+05:30,1583.0,1583.300048828125,1578.4000244140625,1578.800048828125,182046,0.0,0.0
2025-03-24 09:35:00+05:30,1578.699951171875,1579.5999755859375,1574.75,1574.75,160312,0.0,0.0
2025-03-24 09:40:00+05:30,1574.0,1577.550048828125,1573.0,1573.0,253281,0.0,0.0
2025-03-24 09:45:00+05:30,1573.0,1576.6500244140625,1572.800048828125,1575.0,130778,0.0,0.0
2025-03-24 09:50:00+05:30,1575.0,1576.75,1573.300048828125,1574.050048828125,128033,0.0,0.0
2025-03-24 09:55:00+05:30,1574.4000244140625,1578.0,1573.9000244140625,1575.050048828125,156053,0.0,0.0
2025-03-24 10:00:00+05:30,1574.8499755859375,1578.050048828125,1574.4000244140625,1577.0,152372,0.0,0.0
2025-03-24 10:05:00+05:30,1576.9000244140625,1578.4000244140625,1575.3499755859375,1578.050048828125,142430,0.0,0.0
2025-03-24 10:10:00+05:30,1578.199951171875,1579.8499755859375,1577.0999755859375,1577.4000244140625,73003,0.0,0.0
2025-03-24 10:15:00+05:30,1577.25,1577.550048828125,1574.699951171875,1576.25,94637,0.0,0.0
2025-03-24 10:20:00+05:30,1576.0,1576.5,1574.3499755859375,1574.8499755859375,94052,0.0,0.0
2025-03-24 10:25:00+05:30,1575.0,1578.0,1574.4000244140625,1577.949951171875,42317,0.0,0.0
2025-03-24 10:30:00+05:30,1577.8499755859375,1579.4000244140625,1577.4000244140625,1578.0,58128,0.0,0.0
2025-03-24 10:35:00+05:30,1577.949951171875,1579.0,1577.050048828125,1577.0999755859375,41304,0.0,0.0
2025-03-24 10:40:00+05:30,1577.199951171875,1579.300048828125,1576.949951171875,1578.3499755859375,37943,0.0,0.0
2025-03-24 10:45:00+05:30,1578.3499755859375,1582.0,1578.3499755859375,1582.0,52197,0.0,0.0
2025-03-24 10:50:00+05:30,1582.0,1582.4000244140625,1579.3499755859375,1579.3499755859375,95420,0.0,0.0
2025-03-24 10:55:00+05:30,1579.3499755859375,1582.0,1577.4000244140625,1581.8499755859375,53524,0.0,0.0
2025-03-24 11:00:00+05:30,1581.9000244140625,1585.550048828125,1580.75,1584.6500244140625,101813,0.0,0.0
2025-03-24 11:05:00+05:30,1584.9000244140625,1586.8499755859375,1583.300048828125,1584.0999755859375,58618,0.0,0.0
2025-03-24 11:10:00+05:30,1584.6500244140625,1585.0,1582.199951171875,1583.75,36491,0.0,0.0
2025-03-24 11:15:00+05:30,1583.6500244140625,1584.0,1580.800048828125,1581.300048828125,53033,0.0,0.0
2025-03-24 11:20:00+05:30,1581.300048828125,1583.4000244140625,1581.0,1583.3499755859375,42769,0.0,0.0
2025-03-24 11:25:00+05:30,1583.3499755859375,1585.3499755859375,1583.3499755859375,1584.9000244140625,43439,0.0,0.0
2025-03-24 11:30:00+05:30,1584.8499755859375,1586.4000244140625,1584.1500244140625,1584.4000244140625,48699,0.0,0.0
2025-03-24 11:35:00+05:30,1584.199951171875,1585.4000244140625,1580.25,1580.6500244140625,39130,0.0,0.0
2025-03-24 11:40:00+05:30,1580.800048828125,1581.949951171875,1580.550048828125,1581.9000244140625,38476,0.0,0.0
2025-03-24 11:45:00+05:30,1581.9000244140625,1583.0999755859375,1581.9000244140625,1583.050048828125,41831,0.0,0.0
2025-03-24 11:50:00+05:30,1583.25,1584.5,1582.0,1583.699951171875,37990,0.0,0.0
2025-03-24 11:55:00+05:30,1583.75,1585.0,1582.75,1584.9000244140625,39264,0.0,0.0
2025-03-24 12:00:00+05:30,1584.949951171875,1584.949951171875,1584.0,1584.3499755859375,30721,0.0,0.0
2025-03-24 12:05:00+05:30,1584.3499755859375,1584.949951171875,1583.949951171875,1584.5,41200,0.0,0.0
2025-03-24 12:10:00+05:30,1584.800048828125,1584.949951171875,1584.0,1584.0999755859375,40430,0.0,0.0
2025-03-24 12:15:00+05:30,1584.0999755859375,1584.9000244140625,1583.0,1584.0,48187,0.0,0.0
2025-03-24 12:20:00+05:30,1584.1500244140625,1584.300048828125,1583.050048828125,1583.050048828125,32334,0.0,0.0
2025-03-24 12:25:00+05:30,1583.1500244140625,1585.5,1582.6500244140625,1585.050048828125,37123,0.0,0.0
2025-03-24 12:30:00+05:30,1585.050048828125,1585.4000244140625,1584.4000244140625,1584.449951171875,33056,0.0,0.0
2025-03-24 12:35:00+05:30,1584.5,1586.0,1583.949951171875,1585.8499755859375,39697,0.0,0.0
2025-03-24 12:40:00+05:30,1585.8499755859375,1585.949951171875,1585.0,1585.0,39002,0.0,0.0
2025-03-24 12:45:00+05:30,1584.699951171875,1585.75,1583.550048828125,1584.949951171875,82020,0.0,0.0
2025-03-24 12:50:00+05:30,1584.949951171875,1588.0,1584.949951171875,1587.9000244140625,53671,0.0,0.0
2025-03-24 12:55:00+05:30,1587.6500244140625,1588.5999755859375,1583.699951171875,1584.949951171875,114059,0.0,0.0
2025-03-24 13:00:00+05:30,1584.949951171875,1585.75,1584.5,1584.550048828125,62586,0.0,0.0
2025-03-24 13:05:00+05:30,1584.550048828125,1587.5,1583.75,1587.25,57835,0.0,0.0
2025-03-24 13:10:00+05:30,1587.25,1590.5,1586.9000244140625,1589.199951171875,87566,0.0,0.0
2025-03-24 13:15:00+05:30,1589.1500244140625,1597.9000244140625,1589.1500244140625,1593.9000244140625,232560,0.0,0.0
2025-03-24 13:20:00+05:30,1594.1500244140625,1597.800048828125,1594.0,1597.300048828125,100001,0.0,0.0
2025-03-24 13:25:00+05:30,1597.3499755859375,1598.699951171875,1596.0,1596.199951171875,132498,0.0,0.0
2025-03-24 13:30:00+05:30,1596.800048828125,1598.9000244140625,1596.3499755859375,1598.9000244140625,69475,0.0,0.0
2025-03-24 13:35:00+05:30,1598.75,1598.9000244140625,1596.050048828125,1596.75,62758,0.0,0.0
2025-03-24 13:40:00+05:30,1596.75,1597.5999755859375,1596.5,1596.9000244140625,39508,0.0,0.0
2025-03-24 13:45:00+05:30,1596.9000244140625,1597.25,1593.0,1595.25,63430,0.0,0.0
2025-03-24 13:50:00+05:30,1595.8499755859375,1597.0,1595.25,1596.800048828125,36543,0.0,0.0
2025-03-24 13:55:00+05:30,1596.8499755859375,1599.5,1596.699951171875,1599.0999755859375,64493,0.0,0.0
2025-03-24 14:00:00+05:30,1599.050048828125,1606.949951171875,1598.5999755859375,1604.9000244140625,134345,0.0,0.0
2025-03-24 14:05:00+05:30,1604.800048828125,1605.0,1601.6500244140625,1603.0,51565,0.0,0.0
2025-03-24 14:10:00+05:30,1602.949951171875,1606.449951171875,1602.949951171875,1606.1500244140625,58177,0.0,0.0
2025-03-24 14:15:00+05:30,1606.050048828125,1606.6500244140625,1604.1500244140625,1604.5999755859375,60957,0.0,0.0
2025-03-24 14:20:00+05:30,1604.5999755859375,1604.949951171875,1603.0,1603.25,83743,0.0,0.0
2025-03-24 14:25:00+05:30,1603.3499755859375,1605.9000244140625,1593.5,1594.449951171875,564369,0.0,0.0
2025-03-24 14:30:00+05:30,1594.8499755859375,1596.6500244140625,1589.699951171875,1590.949951171875,1139216,0.0,0.0
2025-03-24 14:35:00+05:30,1591.0,1593.050048828125,1585.75,1591.699951171875,476412,0.0,0.0
2025-03-24 14:40:00+05:30,1591.9000244140625,1596.0,1591.0,1594.6500244140625,145696,0.0,0.0
2025-03-24 14:45:00+05:30,1594.5,1595.9000244140625,1594.050048828125,1595.3499755859375,69985,0.0,0.0
2025-03-24 14:50:00+05:30,1595.4000244140625,1595.5,1593.4000244140625,1595.199951171875,75437,0.0,0.0
2025-03-24 14:55:00+05:30,1595.5,1596.0,1593.3499755859375,1594.4000244140625,83182,0.0,0.0
2025-03-24 15:00:00+05:30,1593.949951171875,1594.3499755859375,1589.25,1592.699951171875,190571,0.0,0.0
2025-03-24 15:05:00+05:30,1592.25,1594.300048828125,1591.9000244140625,1593.800048828125,159645,0.0,0.0
2025-03-24 15:10:00+05:30,1593.9000244140625,1594.5999755859375,1592.449951171875,1593.199951171875,149160,0.0,0.0
2025-03-24 15:15:00+05:30,1593.449951171875,1594.550048828125,1592.300048828125,1592.300048828125,177580,0.0,0.0
2025-03-24 15:20:00+05:30,1592.4000244140625,1593.1500244140625,1591.0,1592.25,208110,0.0,0.0
2025-03-24 15:25:00+05:30,1592.199951171875,1595.0,1591.1500244140625,1592.75,149171,0.0,0.0
2025-03-25 09:15:00+05:30,1605.0,1616.949951171875,1605.0,1615.5,0,0.0,0.0
2025-03-25 09:20:00+05:30,1615.5,1620.5999755859375,1609.199951171875,1610.0,400473,0.0,0.0
2025-03-25 09:25:00+05:30,1609.5999755859375,1622.800048828125,1609.5999755859375,1622.800048828125,285037,0.0,0.0
2025-03-25 09:30:00+05:30,1623.4000244140625,1628.0999755859375,1623.050048828125,1626.449951171875,354657,0.0,0.0
2025-03-25 09:35:00+05:30,1627.050048828125,1628.8499755859375,1626.050048828125,1626.8499755859375,181894,0.0,0.0
2025-03-25 09:40:00+05:30,1626.75,1627.300048828125,1623.050048828125,1624.699951171875,184267,0.0,0.0
2025-03-25 09:45:00+05:30,1624.699951171875,1627.1500244140625,1623.8499755859375,1627.1500244140625,157164,0.0,0.0
2025-03-25 09:50:00+05:30,1627.3499755859375,1631.550048828125,1626.8499755859375,1631.1500244140625,321925,0.0,0.0
2025-03-25 09:55:00+05:30,1631.300048828125,1631.6500244140625,1628.1500244140625,1630.550048828125,188025,0.0,0.0
2025-03-25 10:00:00+05:30,1630.5999755859375,1634.5,1626.0,1626.0999755859375,200361,0.0,0.0
2025-03-25 10:05:00+05:30,1626.5999755859375,1630.550048828125,1624.4000244140625,1627.699951171875,109120,0.0,0.0
2025-03-25 10:10:00+05:30,1628.0,1628.0,1621.550048828125,1622.300048828125,117171,0.0,0.0
2025-03-25 10:15:00+05:30,1621.9000244140625,1628.9000244140625,1621.0999755859375,1626.949951171875,124630,0.0,0.0
2025-03-25 10:20:00+05:30,1626.5,1632.0,1626.5,1629.949951171875,112060,0.0,0.0
2025-03-25 10:25:00+05:30,1630.0,1631.800048828125,1629.0,1630.0999755859375,87735,0.0,0.0
2025-03-25 10:30:00+05:30,1630.0,1630.050048828125,1625.800048828125,1626.8499755859375,84774,0.0,0.0
2025-03-25 10:35:00+05:30,1626.449951171875,1626.6500244140625,1618.4000244140625,1622.449951171875,160507,0.0,0.0
2025-03-25 10:40:00+05:30,1622.75,1622.75,1615.050048828125,1618.75,122040,0.0,0.0
2025-03-25 10:45:00+05:30,1618.800048828125,1619.9000244140625,1616.4000244140625,1619.0,66940,0.0,0.0
2025-03-25 10:50:00+05:30,1618.550048828125,1620.0,1616.699951171875,1618.4000244140625,72715,0.0,0.0
2025-03-25 10:55:00+05:30,1618.199951171875,1620.9000244140625,1610.0,1620.5,113443,0.0,0.0
2025-03-25 11:00:00+05:30,1620.300048828125,1621.75,1617.5999755859375,1620.8499755859375,62776,0.0,0.0
2025-03-25 11:05:00+05:30,1620.8499755859375,1624.5999755859375,1618.300048828125,1619.949951171875,95196,0.0,0.0
2025-03-25 11:10:00+05:30,1619.9000244140625,1621.9000244140625,1619.199951171875,1620.550048828125,32018,0.0,0.0
2025-03-25 11:15:00+05:30,1620.6500244140625,1624.199951171875,1620.25,1623.550048828125,60473,0.0,0.0
2025-03-25 11:20:00+05:30,1623.5,1623.5,1620.25,1620.550048828125,34977,0.0,0.0
2025-03-25 11:25:00+05:30,1620.9000244140625,1621.5,1615.949951171875,1619.050048828125,63501,0.0,0.0
2025-03-25 11:30:00+05:30,1619.25,1621.699951171875,1619.0999755859375,1621.300048828125,35339,0.0,0.0
2025-03-25 11:35:00+05:30,1621.0,1621.5999755859375,1618.0,1618.25,43776,0.0,0.0
2025-03-25 11:40:00+05:30,1618.25,1619.75,1618.0,1619.050048828125,38952,0.0,0.0
2025-03-25 11:45:00+05:30,1619.199951171875,1621.1500244140625,1618.8499755859375,1618.8499755859375,40792,0.0,0.0
2025-03-25 11:50:00+05:30,1619.0999755859375,1621.199951171875,1617.300048828125,1621.199951171875,38737,0.0,0.0
2025-03-25 11:55:00+05:30,1621.0,1623.8499755859375,1620.300048828125,1623.8499755859375,59513,0.0,0.0
2025-03-25 12:00:00+05:30,1623.8499755859375,1624.949951171875,1623.0,1623.9000244140625,57956,0.0,0.0
2025-03-25 12:05:00+05:30,1624.199951171875,1626.0999755859375,1623.5,1625.25,63688,0.0,0.0
2025-03-25 12:10:00+05:30,1625.25,1625.25,1621.25,1623.449951171875,46945,0.0,0.0
2025-03-25 12:15:00+05:30,1623.449951171875,1624.199951171875,1621.6500244140625,1622.449951171875,37556,0.0,0.0
2025-03-25 12:20:00+05:30,1623.5,1626.5,1623.0999755859375,1626.0,59006,0.0,0.0
2025-03-25 12:25:00+05:30,1626.25,1626.25,1623.75,1625.25,39706,0.0,0.0
2025-03-25 12:30:00+05:30,1625.550048828125,1626.199951171875,1623.1500244140625,1623.199951171875,39324,0.0,0.0
2025-03-25 12:35:00+05:30,1623.199951171875,1628.550048828125,1622.5999755859375,1628.550048828125,59807,0.0,0.0
2025-03-25 12:40:00+05:30,1628.8499755859375,1629.9000244140625,1627.300048828125,1629.5,46385,0.0,0.0
2025-03-25 12:45:00+05:30,1629.25,1633.25,1629.0,1633.25,91091,0.0,0.0
2025-03-25 12:50:00+05:30,1633.25,1634.0,1629.4000244140625,1629.8499755859375,63038,0.0,0.0
2025-03-25 12:55:00+05:30,1629.9000244140625,1632.0,1629.550048828125,1630.6500244140625,54627,0.0,0.0
2025-03-25 13:00:00+05:30,1630.699951171875,1630.949951171875,1628.0,1628.25,39472,0.0,0.0
2025-03-25 13:05:00+05:30,1628.25,1629.800048828125,1627.5,1629.0,39509,0.0,0.0
2025-03-25 13:10:00+05:30,1629.0,1629.5,1625.800048828125,1625.949951171875,38824,0.0,0.0
2025-03-25 13:15:00+05:30,1625.949951171875,1627.4000244140625,1624.0,1626.6500244140625,54900,0.0,0.0
2025-03-25 13:20:00+05:30,1626.5999755859375,1628.0999755859375,1625.050048828125,1627.3499755859375,39184,0.0,0.0
2025-03-25 13:25:00+05:30,1627.3499755859375,1628.449951171875,1626.0,1626.0,53237,0.0,0.0
2025-03-25 13:30:00+05:30,1626.4000244140625,1627.949951171875,1625.0999755859375,1627.199951171875,61234,0.0,0.0
2025-03-25 13:35:00+05:30,1627.199951171875,1631.0,1626.5,1630.9000244140625,56128,0.0,0.0
2025-03-25 13:40:00+05:30,1630.9000244140625,1631.949951171875,1630.0,1630.699951171875,53701,0.0,0.0
2025-03-25 13:45:00+05:30,1630.550048828125,1631.5,1630.1500244140625,1631.5,51169,0.0,0.0
2025-03-25 13:50:00+05:30,1631.5,1631.5999755859375,1629.0999755859375,1630.199951171875,44979,0.0,0.0
2025-03-25 13:55:00+05:30,1630.25,1630.550048828125,1628.300048828125,1629.5999755859375,44878,0.0,0.0
2025-03-25 14:00:00+05:30,1629.6500244140625,1630.3499755859375,1628.199951171875,1629.9000244140625,66046,0.0,0.0
2025-03-25 14:05:00+05:30,1629.75,1632.9000244140625,1628.9000244140625,1631.4000244140625,73635,0.0,0.0
2025-03-25 14:10:00+05:30,1631.3499755859375,1632.1500244140625,1630.4000244140625,1631.9000244140625,58155,0.0,0.0
2025-03-25 14:15:00+05:30,1632.0,1632.4000244140625,1631.050048828125,1631.9000244140625,92986,0.0,0.0
2025-03-25 14:20:00+05:30,1631.9000244140625,1634.0,1631.9000244140625,1632.8499755859375,144853,0.0,0.0
2025-03-25 14:25:00+05:30,1632.949951171875,1636.050048828125,1632.949951171875,1635.25,206231,0.0,0.0
2025-03-25 14:30:00+05:30,1635.449951171875,1635.5,1631.300048828125,1634.550048828125,125790,0.0,0.0
2025-03-25 14:35:00+05:30,1634.6500244140625,1635.0,1632.0,1633.0,89035,0.0,0.0
2025-03-25 14:40:00+05:30,1633.0,1633.0999755859375,1628.9000244140625,1629.6500244140625,106617,0.0,0.0
2025-03-25 14:45:00+05:30,1629.75,1632.4000244140625,1626.449951171875,1632.0,189428,0.0,0.0
2025-03-25 14:50:00+05:30,1632.0,1633.6500244140625,1631.449951171875,1632.949951171875,310093,0.0,0.0
2025-03-25 14:55:00+05:30,1633.0,1635.0999755859375,1629.699951171875,1633.199951171875,298126,0.0,0.0
2025-03-25 15:00:00+05:30,1633.25,1634.5,1630.5,1630.5999755859375,493403,0.0,0.0
2025-03-25 15:05:00+05:30,1630.5999755859375,1631.699951171875,1628.199951171875,1628.699951171875,430502,0.0,0.0
2025-03-25 15:10:00+05:30,1628.699951171875,1630.75,1626.3499755859375,1628.449951171875,418080,0.0,0.0
2025-03-25 15:15:00+05:30,1628.4000244140625,1628.699951171875,1626.0,1626.449951171875,375888,0.0,0.0
2025-03-25 15:20:00+05:30,1626.75,1627.3499755859375,1622.1500244140625,1622.3499755859375,298584,0.0,0.0
2025-03-25 15:25:00+05:30,1622.5,1628.449951171875,1619.25,1628.449951171875,253757,0.0,0.0
2025-03-26 09:15:00+05:30,1624.050048828125,1635.0,1618.0999755859375,1633.6500244140625,0,0.0,0.0
2025-03-26 09:20:00+05:30,1633.300048828125,1637.4000244140625,1630.0999755859375,1635.449951171875,170722,0.0,0.0
2025-03-26 09:25:00+05:30,1635.449951171875,1636.0,1628.949951171875,1630.0,104117,0.0,0.0
2025-03-26 09:30:00+05:30,1629.699951171875,1634.550048828125,1627.75,1633.050048828125,119362,0.0,0.0
2025-03-26 09:35:00+05:30,1631.9000244140625,1635.1500244140625,1630.800048828125,1631.4000244140625,185332,0.0,0.0
2025-03-26 09:40:00+05:30,1631.6500244140625,1632.300048828125,1624.0999755859375,1625.4000244140625,90362,0.0,0.0
2025-03-26 09:45:00+05:30,1625.0,1627.199951171875,1620.699951171875,1625.949951171875,114574,0.0,0.0
2025-03-26 09:50:00+05:30,1625.9000244140625,1627.4000244140625,1622.550048828125,1624.0999755859375,56372,0.0,0.0
2025-03-26 09:55:00+05:30,1624.6500244140625,1627.300048828125,1624.300048828125,1625.5999755859375,105102,0.0,0.0
2025-03-26 10:00:00+05:30,1625.5999755859375,1628.5999755859375,1622.699951171875,1622.699951171875,131834,0.0,0.0
2025-03-26 10:05:00+05:30,1622.6500244140625,1622.6500244140625,1617.5,1619.8499755859375,95698,0.0,0.0
2025-03-26 10:10:00+05:30,1620.0,1621.3499755859375,1619.8499755859375,1620.0,45540,0.0,0.0
2025-03-26 10:15:00+05:30,1619.9000244140625,1624.050048828125,1617.5999755859375,1622.75,69403,0.0,0.0
2025-03-26 10:20:00+05:30,1622.5999755859375,1623.199951171875,1620.25,1620.25,40153,0.0,0.0
2025-03-26 10:25:00+05:30,1620.199951171875,1622.300048828125,1619.1500244140625,1619.3499755859375,42645,0.0,0.0
2025-03-26 10:30:00+05:30,1619.0999755859375,1621.75,1618.6500244140625,1621.699951171875,43459,0.0,0.0
2025-03-26 10:35:00+05:30,1622.0999755859375,1623.5,1618.550048828125,1618.550048828125,113391,0.0,0.0
2025-03-26 10:40:00+05:30,1619.0999755859375,1619.0999755859375,1615.449951171875,1618.199951171875,63490,0.0,0.0
2025-03-26 10:45:00+05:30,1618.449951171875,1623.800048828125,1618.25,1623.6500244140625,75016,0.0,0.0
2025-03-26 10:50:00+05:30,1623.5999755859375,1623.699951171875,1621.0999755859375,1622.199951171875,37530,0.0,0.0
2025-03-26 10:55:00+05:30,1622.050048828125,1622.75,1620.0,1620.1500244140625,34986,0.0,0.0
2025-03-26 11:00:00+05:30,1620.25,1621.050048828125,1616.199951171875,1617.550048828125,52573,0.0,0.0
2025-03-26 11:05:00+05:30,1617.550048828125,1619.949951171875,1617.3499755859375,1618.75,24227,0.0,0.0
2025-03-26 11:10:00+05:30,1618.9000244140625,1620.0,1618.0999755859375,1619.8499755859375,22618,0.0,0.0
2025-03-26 11:15:00+05:30,1619.949951171875,1619.949951171875,1618.0999755859375,1619.050048828125,22991,0.0,0.0
2025-03-26 11:20:00+05:30,1618.949951171875,1619.5,1618.0999755859375,1619.300048828125,23060,0.0,0.0
2025-03-26 11:25:00+05:30,1619.3499755859375,1619.949951171875,1618.75,1618.9000244140625,29613,0.0,0.0
2025-03-26 11:30:00+05:30,1618.0999755859375,1619.8499755859375,1618.0,1619.0,21425,0.0,0.0
2025-03-26 11:35:00+05:30,1618.8499755859375,1619.3499755859375,1618.25,1619.3499755859375,20699,0.0,0.0
2025-03-26 11:40:00+05:30,1619.25,1621.949951171875,1619.0,1621.6500244140625,23120,0.0,0.0
2025-03-26 11:45:00+05:30,1621.3499755859375,1621.449951171875,1619.550048828125,1621.449951171875,43707,0.0,0.0
2025-03-26 11:50:00+05:30,1621.4000244140625,1622.4000244140625,1620.199951171875,1620.449951171875,80362,0.0,0.0
2025-03-26 11:55:00+05:30,1620.449951171875,1621.050048828125,1617.1500244140625,1617.1500244140625,29928,0.0,0.0
2025-03-26 12:00:00+05:30,1617.0999755859375,1617.6500244140625,1613.0,1614.0,49536,0.0,0.0
2025-03-26 12:05:00+05:30,1613.800048828125,1615.4000244140625,1613.5,1614.199951171875,25604,0.0,0.0
2025-03-26 12:10:00+05:30,1614.199951171875,1616.5999755859375,1613.5,1614.25,29018,0.0,0.0
2025-03-26 12:15:00+05:30,1614.4000244140625,1614.949951171875,1611.699951171875,1613.949951171875,39280,0.0,0.0
2025-03-26 12:20:00+05:30,1613.949951171875,1615.75,1613.8499755859375,1614.8499755859375,23642,0.0,0.0
2025-03-26 12:25:00+05:30,1615.4000244140625,1617.0,1615.0,1616.1500244140625,25071,0.0,0.0
2025-03-26 12:30:00+05:30,1615.050048828125,1616.050048828125,1614.9000244140625,1615.3499755859375,25055,0.0,0.0
2025-03-26 12:35:00+05:30,1615.449951171875,1616.0999755859375,1614.0999755859375,1614.0999755859375,21614,0.0,0.0
2025-03-26 12:40:00+05:30,1614.5,1614.6500244140625,1612.5999755859375,1613.25,37159,0.0,0.0
2025-03-26 12:45:00+05:30,1613.25,1615.25,1613.199951171875,1613.3499755859375,33429,0.0,0.0
2025-03-26 12:50:00+05:30,1613.6500244140625,1614.3499755859375,1611.75,1612.4000244140625,40068,0.0,0.0
2025-03-26 12:55:00+05:30,1612.050048828125,1612.5,1609.25,1609.6500244140625,50279,0.0,0.0
2025-03-26 13:00:00+05:30,1609.6500244140625,1610.25,1608.0,1609.8499755859375,40835,0.0,0.0
2025-03-26 13:05:00+05:30,1609.800048828125,1610.8499755859375,1608.699951171875,1609.4000244140625,54599,0.0,0.0
2025-03-26 13:10:00+05:30,1609.4000244140625,1609.550048828125,1606.550048828125,1606.699951171875,64577,0.0,0.0
2025-03-26 13:15:00+05:30,1606.5999755859375,1607.0,1605.199951171875,1605.5,71095,0.0,0.0
2025-03-26 13:20:00+05:30,1605.550048828125,1607.949951171875,1603.800048828125,1604.75,70703,0.0,0.0
2025-03-26 13:25:00+05:30,1605.0,1606.9000244140625,1604.9000244140625,1606.0,57630,0.0,0.0
2025-03-26 13:30:00+05:30,1606.1500244140625,1606.800048828125,1604.199951171875,1604.5999755859375,52821,0.0,0.0
2025-03-26 13:35:00+05:30,1604.6500244140625,1605.0,1603.0999755859375,1603.0999755859375,57897,0.0,0.0
2025-03-26 13:40:00+05:30,1603.449951171875,1604.0999755859375,1597.0,1597.5,292549,0.0,0.0
2025-03-26 13:45:00+05:30,1597.8499755859375,1599.9000244140625,1596.050048828125,1597.75,299087,0.0,0.0
2025-03-26 13:50:00+05:30,1598.0,1600.949951171875,1596.9000244140625,1600.199951171875,238615,0.0,0.0
2025-03-26 13:55:00+05:30,1600.300048828125,1602.800048828125,1600.0,1601.9000244140625,68607,0.0,0.0
2025-03-26 14:00:00+05:30,1602.050048828125,1604.0,1601.75,1603.0,61482,0.0,0.0
2025-03-26 14:05:00+05:30,1603.199951171875,1605.5,1602.949951171875,1604.300048828125,74713,0.0,0.0
2025-03-26 14:10:00+05:30,1604.550048828125,1608.550048828125,1604.300048828125,1607.25,80905,0.0,0.0
2025-03-26 14:15:00+05:30,1607.300048828125,1608.449951171875,1604.949951171875,1605.75,120296,0.0,0.0
2025-03-26 14:20:00+05:30,1605.75,1608.0,1605.5,1607.1500244140625,69387,0.0,0.0
2025-03-26 14:25:00+05:30,1607.199951171875,1608.949951171875,1606.3499755859375,1606.800048828125,67237,0.0,0.0
2025-03-26 14:30:00+05:30,1606.800048828125,1607.6500244140625,1605.1500244140625,1606.050048828125,82462,0.0,0.0
2025-03-26 14:35:00+05:30,1606.050048828125,1606.6500244140625,1605.0,1605.300048828125,67038,0.0,0.0
2025-03-26 14:40:00+05:30,1605.300048828125,1607.3499755859375,1604.0,1605.0,96977,0.0,0.0
2025-03-26 14:45:00+05:30,1605.0,1607.0,1603.5999755859375,1606.550048828125,75863,0.0,0.0
2025-03-26 14:50:00+05:30,1606.699951171875,1606.75,1603.0,1603.199951171875,104368,0.0,0.0
2025-03-26 14:55:00+05:30,1603.1500244140625,1603.25,1599.050048828125,1601.300048828125,135877,0.0,0.0
2025-03-26 15:00:00+05:30,1601.0,1602.0,1597.800048828125,1600.5,306240,0.0,0.0
2025-03-26 15:05:00+05:30,1600.199951171875,1601.8499755859375,1597.5999755859375,1601.699951171875,303683,0.0,0.0
2025-03-26 15:10:00+05:30,1601.75,1603.300048828125,1600.050048828125,1601.0,251034,0.0,0.0
2025-03-26 15:15:00+05:30,1601.0,1601.1500244140625,1597.800048828125,1597.800048828125,218403,0.0,0.0
2025-03-26 15:20:00+05:30,1597.949951171875,1599.550048828125,1596.5,1596.9000244140625,205169,0.0,0.0
2025-03-26 15:25:00+05:30,1598.449951171875,1599.300048828125,1595.0,1598.0,175802,0.0,0.0
2025-03-27 09:15:00+05:30,1601.5,1605.449951171875,1598.0,1603.949951171875,0,0.0,0.0
2025-03-27 09:20:00+05:30,1603.949951171875,1609.199951171875,1601.050048828125,1604.0999755859375,114836,0.0,0.0
2025-03-27 09:25:00+05:30,1604.050048828125,1607.699951171875,1600.8499755859375,1607.699951171875,178207,0.0,0.0
2025-03-27 09:30:00+05:30,1607.699951171875,1607.699951171875,1600.5999755859375,1602.800048828125,66916,0.0,0.0
2025-03-27 09:35:00+05:30,1601.800048828125,1601.800048828125,1597.4000244140625,1599.699951171875,50153,0.0,0.0
2025-03-27 09:40:00+05:30,1599.699951171875,1606.949951171875,1599.6500244140625,1606.949951171875,33376,0.0,0.0
2025-03-27 09:45:00+05:30,1607.199951171875,1607.449951171875,1604.699951171875,1605.449951171875,51118,0.0,0.0
2025-03-27 09:50:00+05:30,1605.0999755859375,1612.0,1604.5999755859375,1611.5999755859375,68020,0.0,0.0
2025-03-27 09:55:00+05:30,1611.8499755859375,1613.0,1609.9000244140625,1612.6500244140625,43702,0.0,0.0
2025-03-27 10:00:00+05:30,1613.300048828125,1615.9000244140625,1611.9000244140625,1615.3499755859375,112508,0.0,0.0
2025-03-27 10:05:00+05:30,1615.9000244140625,1617.449951171875,1613.9000244140625,1617.25,49450,0.0,0.0
2025-03-27 10:10:00+05:30,1616.949951171875,1617.199951171875,1614.9000244140625,1615.449951171875,75661,0.0,0.0
2025-03-27 10:15:00+05:30,1615.3499755859375,1616.949951171875,1614.050048828125,1615.6500244140625,139020,0.0,0.0
2025-03-27 10:20:00+05:30,1615.6500244140625,1619.949951171875,1615.6500244140625,1619.1500244140625,76312,0.0,0.0
2025-03-27 10:25:00+05:30,1619.1500244140625,1619.25,1616.449951171875,1617.25,32307,0.0,0.0
2025-03-27 10:30:00+05:30,1617.5999755859375,1618.800048828125,1612.6500244140625,1613.5,56858,0.0,0.0
2025-03-27 10:35:00+05:30,1613.4000244140625,1615.449951171875,1612.050048828125,1614.0,30999,0.0,0.0
2025-03-27 10:40:00+05:30,1614.0,1616.0,1613.449951171875,1615.550048828125,23343,0.0,0.0
2025-03-27 10:45:00+05:30,1615.449951171875,1616.199951171875,1614.4000244140625,1615.050048828125,49984,0.0,0.0
2025-03-27 10:50:00+05:30,1615.0,1615.75,1613.0999755859375,1613.9000244140625,106482,0.0,0.0
2025-03-27 10:55:00+05:30,1614.0,1615.25,1612.4000244140625,1613.800048828125,60505,0.0,0.0
2025-03-27 11:00:00+05:30,1614.0999755859375,1616.0,1613.9000244140625,1615.699951171875,22614,0.0,0.0
2025-03-27 11:05:00+05:30,1615.949951171875,1617.0,1615.0,1615.050048828125,19536,0.0,0.0
2025-03-27 11:10:00+05:30,1615.050048828125,1615.0999755859375,1612.5999755859375,1613.8499755859375,115450,0.0,0.0
2025-03-27 11:15:00+05:30,1614.0,1614.699951171875,1610.5,1611.0,131256,0.0,0.0
2025-03-27 11:20:00+05:30,1610.800048828125,1610.949951171875,1608.050048828125,1608.050048828125,46279,0.0,0.0
2025-03-27 11:25:00+05:30,1608.0,1608.3499755859375,1605.0999755859375,1605.5999755859375,42487,0.0,0.0
2025-03-27 11:30:00+05:30,1605.25,1605.75,1604.0999755859375,1605.0,34644,0.0,0.0
2025-03-27 11:35:00+05:30,1604.4000244140625,1605.3499755859375,1603.8499755859375,1605.0,28425,0.0,0.0
2025-03-27 11:40:00+05:30,1605.3499755859375,1605.5,1603.0999755859375,1603.5999755859375,35010,0.0,0.0
2025-03-27 11:45:00+05:30,1603.5999755859375,1603.5999755859375,1601.5999755859375,1601.5999755859375,36616,0.0,0.0
2025-03-27 11:50:00+05:30,1601.75,1602.5,1600.5,1601.550048828125,45362,0.0,0.0
2025-03-27 11:55:00+05:30,1601.5,1602.300048828125,1601.300048828125,1601.300048828125,25085,0.0,0.0
2025-03-27 12:00:00+05:30,1601.75,1602.1500244140625,1597.0,1598.3499755859375,48740,0.0,0.0
2025-03-27 12:05:00+05:30,1598.300048828125,1601.949951171875,1597.1500244140625,1601.449951171875,38328,0.0,0.0
2025-03-27 12:10:00+05:30,1601.1500244140625,1603.0,1600.0,1601.699951171875,21424,0.0,0.0
2025-03-27 12:15:00+05:30,1601.8499755859375,1602.449951171875,1599.6500244140625,1600.25,31937,0.0,0.0
2025-03-27 12:20:00+05:30,1600.25,1601.699951171875,1600.0,1600.050048828125,23111,0.0,0.0
2025-03-27 12:25:00+05:30,1600.050048828125,1600.5,1598.3499755859375,1598.4000244140625,27768,0.0,0.0
2025-03-27 12:30:00+05:30,1598.4000244140625,1598.5,1597.0999755859375,1598.0,29261,0.0,0.0
2025-03-27 12:35:00+05:30,1597.9000244140625,1598.9000244140625,1597.0,1598.8499755859375,30352,0.0,0.0
2025-03-27 12:40:00+05:30,1598.550048828125,1601.3499755859375,1598.550048828125,1601.3499755859375,39439,0.0,0.0
2025-03-27 12:45:00+05:30,1600.5,1601.1500244140625,1597.5999755859375,1597.75,119117,0.0,0.0
2025-03-27 12:50:00+05:30,1597.5999755859375,1598.5999755859375,1591.75,1591.9000244140625,368668,0.0,0.0
2025-03-27 12:55:00+05:30,1591.9000244140625,1593.0,1589.3499755859375,1589.949951171875,492597,0.0,0.0
2025-03-27 13:00:00+05:30,1589.949951171875,1592.300048828125,1586.0,1589.0,684295,0.0,0.0
2025-03-27 13:05:00+05:30,1589.0,1597.0,1588.949951171875,1596.800048828125,429032,0.0,0.0
2025-03-27 13:10:00+05:30,1596.5,1598.0,1595.25,1595.5999755859375,81401,0.0,0.0
2025-03-27 13:15:00+05:30,1595.5999755859375,1596.9000244140625,1593.949951171875,1594.8499755859375,42582,0.0,0.0
2025-03-27 13:20:00+05:30,1594.8499755859375,1595.8499755859375,1593.6500244140625,1594.5,51568,0.0,0.0
2025-03-27 13:25:00+05:30,1594.949951171875,1597.5,1594.449951171875,1597.449951171875,40217,0.0,0.0
2025-03-27 13:30:00+05:30,1597.449951171875,1599.0,1597.1500244140625,1597.800048828125,48825,0.0,0.0
2025-03-27 13:35:00+05:30,1597.8499755859375,1598.75,1596.300048828125,1597.6500244140625,96108,0.0,0.0
2025-03-27 13:40:00+05:30,1597.699951171875,1598.199951171875,1596.1500244140625,1597.5999755859375,39122,0.0,0.0
2025-03-27 13:45:00+05:30,1597.5999755859375,1598.0,1595.050048828125,1596.8499755859375,86455,0.0,0.0
2025-03-27 13:50:00+05:30,1596.4000244140625,1598.25,1596.0,1597.199951171875,52264,0.0,0.0
2025-03-27 13:55:00+05:30,1597.25,1598.0,1596.0,1597.75,35315,0.0,0.0
2025-03-27 14:00:00+05:30,1597.75,1598.9000244140625,1596.300048828125,1598.5,50395,0.0,0.0
2025-03-27 14:05:00+05:30,1598.550048828125,1599.449951171875,1596.800048828125,1599.0,49148,0.0,0.0
2025-03-27 14:10:00+05:30,1598.5999755859375,1600.449951171875,1597.9000244140625,1599.5999755859375,82419,0.0,0.0
2025-03-27 14:15:00+05:30,1600.0,1600.949951171875,1598.550048828125,1600.0,65593,0.0,0.0
2025-03-27 14:20:00+05:30,1600.25,1603.550048828125,1600.0,1603.550048828125,74524,0.0,0.0
2025-03-27 14:25:00+05:30,1602.550048828125,1603.3499755859375,1602.0,1602.0,40051,0.0,0.0
2025-03-27 14:30:00+05:30,1601.4000244140625,1601.4000244140625,1598.25,1598.9000244140625,62955,0.0,0.0
2025-03-27 14:35:00+05:30,1598.949951171875,1603.6500244140625,1598.5,1603.550048828125,71384,0.0,0.0
2025-03-27 14:40:00+05:30,1603.6500244140625,1604.0,1600.0,1600.4000244140625,104261,0.0,0.0
2025-03-27 14:45:00+05:30,1600.300048828125,1601.800048828125,1599.050048828125,1599.9000244140625,86144,0.0,0.0
2025-03-27 14:50:00+05:30,1600.050048828125,1602.5,1599.8499755859375,1601.199951171875,77807,0.0,0.0
2025-03-27 14:55:00+05:30,1600.5999755859375,1602.699951171875,1600.550048828125,1601.0,76909,0.0,0.0
2025-03-27 15:00:00+05:30,1600.3499755859375,1606.4000244140625,1597.9000244140625,1602.6500244140625,676761,0.0,0.0
2025-03-27 15:05:00+05:30,1602.699951171875,1606.699951171875,1602.050048828125,1605.050048828125,676718,0.0,0.0
2025-03-27 15:10:00+05:30,1605.0,1606.300048828125,1603.050048828125,1604.3499755859375,593915,0.0,0.0
2025-03-27 15:15:00+05:30,1604.1500244140625,1605.5,1602.5,1604.75,570088,0.0,0.0
2025-03-27 15:20:00+05:30,1604.800048828125,1605.25,1601.25,1601.25,475948,0.0,0.0
2025-03-27 15:25:00+05:30,1601.5999755859375,1605.0,1600.949951171875,1603.0,292329,0.0,0.0
2025-03-28 09:15:00+05:30,1594.449951171875,1597.6500244140625,1579.25,1587.0999755859375,0,0.0,0.0
2025-03-28 09:20:00+05:30,1586.949951171875,1589.9000244140625,1580.0,1580.0,173307,0.0,0.0
2025-03-28 09:25:00+05:30,1579.699951171875,1582.4000244140625,1576.8499755859375,1580.800048828125,159353,0.0,0.0
2025-03-28 09:30:00+05:30,1580.550048828125,1581.25,1578.3499755859375,1579.8499755859375,110201,0.0,0.0
2025-03-28 09:35:00+05:30,1579.8499755859375,1579.8499755859375,1575.5,1575.9000244140625,90532,0.0,0.0
2025-03-28 09:40:00+05:30,1575.9000244140625,1578.0,1575.199951171875,1575.4000244140625,75637,0.0,0.0
2025-03-28 09:45:00+05:30,1575.550048828125,1577.949951171875,1573.75,1576.800048828125,113605,0.0,0.0
2025-03-28 09:50:00+05:30,1577.0,1577.699951171875,1575.5999755859375,1577.5,51553,0.0,0.0
2025-03-28 09:55:00+05:30,1577.5,1578.1500244140625,1575.75,1575.75,54317,0.0,0.0
2025-03-28 10:00:00+05:30,1575.199951171875,1575.949951171875,1572.0,1575.050048828125,113488,0.0,0.0
2025-03-28 10:05:00+05:30,1575.4000244140625,1576.5999755859375,1573.25,1575.699951171875,151424,0.0,0.0
2025-03-28 10:10:00+05:30,1575.699951171875,1577.050048828125,1574.8499755859375,1575.1500244140625,58871,0.0,0.0
2025-03-28 10:15:00+05:30,1575.4000244140625,1576.4000244140625,1573.0,1576.199951171875,53264,0.0,0.0
2025-03-28 10:20:00+05:30,1576.199951171875,1576.75,1574.0999755859375,1574.0999755859375,62988,0.0,0.0
2025-03-28 10:25:00+05:30,1574.199951171875,1575.5,1572.199951171875,1575.300048828125,59084,0.0,0.0
2025-03-28 10:30:00+05:30,1575.75,1581.25,1575.449951171875,1581.0999755859375,222477,0.0,0.0
2025-03-28 10:35:00+05:30,1581.0999755859375,1581.1500244140625,1579.050048828125,1579.050048828125,59366,0.0,0.0
2025-03-28 10:40:00+05:30,1579.300048828125,1580.75,1578.1500244140625,1580.199951171875,50337,0.0,0.0
2025-03-28 10:45:00+05:30,1579.9000244140625,1581.5,1579.5999755859375,1580.949951171875,55886,0.0,0.0
2025-03-28 10:50:00+05:30,1581.0,1582.699951171875,1580.8499755859375,1580.8499755859375,48070,0.0,0.0
2025-03-28 10:55:00+05:30,1580.4000244140625,1581.449951171875,1579.5999755859375,1580.0,38428,0.0,0.0
2025-03-28 11:00:00+05:30,1579.9000244140625,1580.550048828125,1579.5,1580.5,62530,0.0,0.0
2025-03-28 11:05:00+05:30,1580.3499755859375,1581.050048828125,1579.75,1580.8499755859375,41746,0.0,0.0
2025-03-28 11:10:00+05:30,1580.5999755859375,1584.9000244140625,1580.050048828125,1583.9000244140625,64639,0.0,0.0
2025-03-28 11:15:00+05:30,1583.550048828125,1584.449951171875,1583.1500244140625,1583.3499755859375,33346,0.0,0.0
2025-03-28 11:20:00+05:30,1583.300048828125,1584.4000244140625,1583.25,1583.800048828125,21432,0.0,0.0
2025-03-28 11:25:00+05:30,1583.699951171875,1584.0999755859375,1582.4000244140625,1583.050048828125,58131,0.0,0.0
2025-03-28 11:30:00+05:30,1583.0,1584.800048828125,1582.9000244140625,1583.949951171875,53740,0.0,0.0
2025-03-28 11:35:00+05:30,1584.0,1586.199951171875,1583.9000244140625,1585.5,39507,0.0,0.0
2025-03-28 11:40:00+05:30,1585.5999755859375,1585.5999755859375,1583.3499755859375,1583.449951171875,24181,0.0,0.0
2025-03-28 11:45:00+05:30,1583.199951171875,1583.449951171875,1582.0,1582.5999755859375,24271,0.0,0.0
2025-03-28 11:50:00+05:30,1582.5999755859375,1584.0999755859375,1582.5999755859375,1583.5999755859375,15206,0.0,0.0
2025-03-28 11:55:00+05:30,1583.6500244140625,1583.949951171875,1583.3499755859375,1583.699951171875,21119,0.0,0.0
2025-03-28 12:00:00+05:30,1583.6500244140625,1584.199951171875,1583.5,1584.0,16972,0.0,0.0
2025-03-28 12:05:00+05:30,1583.949951171875,1584.6500244140625,1583.949951171875,1584.5999755859375,15102,0.0,0.0
2025-03-28 12:10:00+05:30,1584.6500244140625,1584.6500244140625,1583.949951171875,1584.0999755859375,33338,0.0,0.0
2025-03-28 12:15:00+05:30,1584.0999755859375,1584.550048828125,1582.300048828125,1582.3499755859375,41168,0.0,0.0
2025-03-28 12:20:00+05:30,1582.3499755859375,1582.3499755859375,1579.300048828125,1579.9000244140625,38219,0.0,0.0
2025-03-28 12:25:00+05:30,1579.6500244140625,1579.9000244140625,1578.5999755859375,1578.5999755859375,23727,0.0,0.0
2025-03-28 12:30:00+05:30,1578.0999755859375,1578.4000244140625,1576.0999755859375,1578.050048828125,116378,0.0,0.0
2025-03-28 12:35:00+05:30,1578.0,1578.0,1576.5,1577.5,35022,0.0,0.0
2025-03-28 12:40:00+05:30,1577.75,1577.75,1576.199951171875,1576.9000244140625,33781,0.0,0.0
2025-03-28 12:45:00+05:30,1576.8499755859375,1579.75,1576.8499755859375,1579.300048828125,38222,0.0,0.0
2025-03-28 12:50:00+05:30,1579.300048828125,1580.1500244140625,1578.8499755859375,1579.9000244140625,26575,0.0,0.0
2025-03-28 12:55:00+05:30,1579.9000244140625,1581.5,1579.9000244140625,1581.199951171875,32219,0.0,0.0
2025-03-28 13:00:00+05:30,1581.6500244140625,1581.6500244140625,1578.0,1578.0,29216,0.0,0.0
2025-03-28 13:05:00+05:30,1578.4000244140625,1578.4000244140625,1576.0999755859375,1576.5,37676,0.0,0.0
2025-03-28 13:10:00+05:30,1576.1500244140625,1577.050048828125,1576.1500244140625,1576.949951171875,25356,0.0,0.0
2025-03-28 13:15:00+05:30,1576.949951171875,1576.949951171875,1575.5,1575.5999755859375,33829,0.0,0.0
2025-03-28 13:20:00+05:30,1575.550048828125,1575.550048828125,1574.9000244140625,1575.1500244140625,66143,0.0,0.0
2025-03-28 13:25:00+05:30,1575.0,1575.699951171875,1574.0,1574.0,39326,0.0,0.0
2025-03-28 13:30:00+05:30,1574.050048828125,1575.4000244140625,1573.1500244140625,1575.0999755859375,30574,0.0,0.0
2025-03-28 13:35:00+05:30,1575.199951171875,1575.4000244140625,1574.25,1574.5999755859375,25490,0.0,0.0
2025-03-28 13:40:00+05:30,1574.5999755859375,1574.5999755859375,1573.0,1573.1500244140625,42942,0.0,0.0
2025-03-28 13:45:00+05:30,1573.0999755859375,1573.449951171875,1570.0999755859375,1570.5999755859375,89861,0.0,0.0
2025-03-28 13:50:00+05:30,1570.5999755859375,1571.6500244140625,1570.300048828125,1571.0999755859375,43815,0.0,0.0
2025-03-28 13:55:00+05:30,1571.050048828125,1572.75,1570.949951171875,1571.3499755859375,56044,0.0,0.0
2025-03-28 14:00:00+05:30,1571.0999755859375,1571.699951171875,1570.0999755859375,1570.75,73694,0.0,0.0
2025-03-28 14:05:00+05:30,1570.199951171875,1571.1500244140625,1570.0999755859375,1570.9000244140625,103371,0.0,0.0
2025-03-28 14:10:00+05:30,1570.800048828125,1574.0,1570.050048828125,1572.800048828125,116553,0.0,0.0
2025-03-28 14:15:00+05:30,1572.8499755859375,1574.75,1571.6500244140625,1573.550048828125,110285,0.0,0.0
2025-03-28 14:20:00+05:30,1574.0,1574.300048828125,1572.5,1573.949951171875,95354,0.0,0.0
2025-03-28 14:25:00+05:30,1573.5,1575.949951171875,1572.9000244140625,1575.449951171875,99466,0.0,0.0
2025-03-28 14:30:00+05:30,1575.699951171875,1577.5,1575.050048828125,1575.4000244140625,112021,0.0,0.0
2025-03-28 14:35:00+05:30,1575.4000244140625,1577.0,1574.699951171875,1576.4000244140625,113061,0.0,0.0
2025-03-28 14:40:00+05:30,1576.4000244140625,1577.949951171875,1575.5999755859375,1577.6500244140625,114316,0.0,0.0
2025-03-28 14:45:00+05:30,1577.050048828125,1577.800048828125,1574.699951171875,1575.199951171875,104883,0.0,0.0
2025-03-28 14:50:00+05:30,1575.5,1578.1500244140625,1575.199951171875,1575.8499755859375,122761,0.0,0.0
2025-03-28 14:55:00+05:30,1576.300048828125,1576.8499755859375,1575.199951171875,1575.5,109380,0.0,0.0
2025-03-28 15:00:00+05:30,1575.9000244140625,1576.9000244140625,1571.0999755859375,1571.9000244140625,251915,0.0,0.0
2025-03-28 15:05:00+05:30,1571.8499755859375,1572.0,1570.5,1570.75,315282,0.0,0.0
2025-03-28 15:10:00+05:30,1570.800048828125,1573.3499755859375,1570.550048828125,1572.0,319040,0.0,0.0
2025-03-28 15:15:00+05:30,1572.25,1572.699951171875,1569.199951171875,1569.550048828125,281749,0.0,0.0
2025-03-28 15:20:00+05:30,1569.4000244140625,1569.550048828125,1568.0,1568.0999755859375,305253,0.0,0.0
2025-03-28 15:25:00+05:30,1568.25,1570.0,1567.199951171875,1569.0,297772,0.0,0.0
