Datetime,Open,High,Low,Close,Volume,Dividends,Stock Splits
2025-03-03 09:15:00+05:30,395.8999938964844,397.0,391.75,396.6000061035156,0,0.0,0.0
2025-03-03 09:20:00+05:30,396.6499938964844,399.0,396.45001220703125,397.79998779296875,405096,0.0,0.0
2025-03-03 09:25:00+05:30,397.70001220703125,398.29998779296875,397.1499938964844,398.1000061035156,258841,0.0,0.0
2025-03-03 09:30:00+05:30,398.20001220703125,398.95001220703125,398.20001220703125,398.75,154279,0.0,0.0
2025-03-03 09:35:00+05:30,398.95001220703125,398.95001220703125,397.8500061035156,398.04998779296875,113604,0.0,0.0
2025-03-03 09:40:00+05:30,398.20001220703125,399.0,397.75,398.04998779296875,119450,0.0,0.0
2025-03-03 09:45:00+05:30,397.70001220703125,397.8999938964844,396.8500061035156,396.8500061035156,138837,0.0,0.0
2025-03-03 09:50:00+05:30,397.0,397.29998779296875,396.04998779296875,396.3999938964844,97397,0.0,0.0
2025-03-03 09:55:00+05:30,396.45001220703125,396.6000061035156,396.0,396.1000061035156,73318,0.0,0.0
2025-03-03 10:00:00+05:30,396.1000061035156,396.70001220703125,395.79998779296875,396.1499938964844,262532,0.0,0.0
2025-03-03 10:05:00+05:30,396.1000061035156,396.3999938964844,395.54998779296875,396.1499938964844,176834,0.0,0.0
2025-03-03 10:10:00+05:30,396.0,396.8500061035156,395.8999938964844,396.8500061035156,120615,0.0,0.0
2025-03-03 10:15:00+05:30,396.8999938964844,397.6499938964844,396.8500061035156,397.1499938964844,147617,0.0,0.0
2025-03-03 10:20:00+05:30,396.95001220703125,397.6000061035156,396.8999938964844,397.0,107880,0.0,0.0
2025-03-03 10:25:00+05:30,397.1000061035156,397.70001220703125,396.8500061035156,397.70001220703125,75322,0.0,0.0
2025-03-03 10:30:00+05:30,397.70001220703125,397.70001220703125,396.1499938964844,396.3999938964844,56187,0.0,0.0
2025-03-03 10:35:00+05:30,396.45001220703125,396.54998779296875,396.20001220703125,396.20001220703125,38862,0.0,0.0
2025-03-03 10:40:00+05:30,396.1499938964844,396.25,395.79998779296875,396.1000061035156,81897,0.0,0.0
2025-03-03 10:45:00+05:30,396.1499938964844,397.0,396.1000061035156,396.95001220703125,63324,0.0,0.0
2025-03-03 10:50:00+05:30,396.95001220703125,397.20001220703125,396.5,396.5,49673,0.0,0.0
2025-03-03 10:55:00+05:30,396.6000061035156,397.0,396.5,396.8500061035156,62236,0.0,0.0
2025-03-03 11:00:00+05:30,397.04998779296875,397.29998779296875,396.79998779296875,397.1000061035156,60765,0.0,0.0
2025-03-03 11:05:00+05:30,396.8999938964844,397.1499938964844,396.70001220703125,396.79998779296875,55207,0.0,0.0
2025-03-03 11:10:00+05:30,396.79998779296875,397.8500061035156,396.54998779296875,397.8500061035156,107619,0.0,0.0
2025-03-03 11:15:00+05:30,397.79998779296875,397.8500061035156,397.04998779296875,397.04998779296875,45866,0.0,0.0
2025-03-03 11:20:00+05:30,397.20001220703125,397.3500061035156,397.0,397.1499938964844,73492,0.0,0.0
2025-03-03 11:25:00+05:30,397.25,397.5,397.0,397.45001220703125,72101,0.0,0.0
2025-03-03 11:30:00+05:30,397.3999938964844,397.3999938964844,397.0,397.1499938964844,36592,0.0,0.0
2025-03-03 11:35:00+05:30,397.1499938964844,397.29998779296875,396.6000061035156,396.79998779296875,65516,0.0,0.0
2025-03-03 11:40:00+05:30,396.79998779296875,397.0,396.5,396.6499938964844,97129,0.0,0.0
2025-03-03 11:45:00+05:30,396.70001220703125,396.75,396.45001220703125,396.54998779296875,114059,0.0,0.0
2025-03-03 11:50:00+05:30,396.5,396.6000061035156,396.1000061035156,396.25,265009,0.0,0.0
2025-03-03 11:55:00+05:30,396.3500061035156,396.5,396.0,396.1499938964844,123670,0.0,0.0
2025-03-03 12:00:00+05:30,396.1499938964844,396.54998779296875,396.0,396.3500061035156,122136,0.0,0.0
2025-03-03 12:05:00+05:30,396.5,396.5,396.0,396.1000061035156,85802,0.0,0.0
2025-03-03 12:10:00+05:30,396.1499938964844,396.8500061035156,395.95001220703125,396.70001220703125,134894,0.0,0.0
2025-03-03 12:15:00+05:30,396.79998779296875,397.3500061035156,396.6000061035156,397.1499938964844,98273,0.0,0.0
2025-03-03 12:20:00+05:30,397.20001220703125,397.54998779296875,396.8999938964844,397.04998779296875,95594,0.0,0.0
2025-03-03 12:25:00+05:30,397.1499938964844,397.20001220703125,396.75,396.75,81516,0.0,0.0
2025-03-03 12:30:00+05:30,396.79998779296875,397.1499938964844,396.54998779296875,396.8500061035156,96060,0.0,0.0
2025-03-03 12:35:00+05:30,397.04998779296875,397.04998779296875,396.0,396.0,245251,0.0,0.0
2025-03-03 12:40:00+05:30,396.1000061035156,396.79998779296875,396.0,396.54998779296875,432052,0.0,0.0
2025-03-03 12:45:00+05:30,396.6000061035156,397.3999938964844,396.5,397.1499938964844,441498,0.0,0.0
2025-03-03 12:50:00+05:30,397.1000061035156,397.20001220703125,396.6000061035156,396.8500061035156,139415,0.0,0.0
2025-03-03 12:55:00+05:30,396.8999938964844,397.1000061035156,396.54998779296875,396.95001220703125,107726,0.0,0.0
2025-03-03 13:00:00+05:30,397.1000061035156,397.6499938964844,397.04998779296875,397.3999938964844,142746,0.0,0.0
2025-03-03 13:05:00+05:30,397.5,397.75,397.29998779296875,397.6499938964844,90106,0.0,0.0
2025-03-03 13:10:00+05:30,397.79998779296875,398.25,397.6499938964844,398.25,149009,0.0,0.0
2025-03-03 13:15:00+05:30,398.0,398.1000061035156,397.54998779296875,397.79998779296875,149650,0.0,0.0
2025-03-03 13:20:00+05:30,397.8500061035156,397.95001220703125,397.3500061035156,397.6000061035156,243312,0.0,0.0
2025-03-03 13:25:00+05:30,397.6499938964844,397.95001220703125,397.04998779296875,397.1499938964844,97757,0.0,0.0
2025-03-03 13:30:00+05:30,397.04998779296875,397.20001220703125,396.5,396.6499938964844,222215,0.0,0.0
2025-03-03 13:35:00+05:30,396.6499938964844,397.1499938964844,396.6499938964844,397.0,103642,0.0,0.0
2025-03-03 13:40:00+05:30,397.1000061035156,397.1000061035156,396.5,396.79998779296875,103644,0.0,0.0
2025-03-03 13:45:00+05:30,396.95001220703125,397.1499938964844,396.70001220703125,397.0,90756,0.0,0.0
2025-03-03 13:50:00+05:30,397.04998779296875,397.45001220703125,397.0,397.04998779296875,88073,0.0,0.0
2025-03-03 13:55:00+05:30,397.04998779296875,397.25,397.0,397.0,90977,0.0,0.0
2025-03-03 14:00:00+05:30,397.1000061035156,397.6499938964844,397.0,397.3999938964844,74158,0.0,0.0
2025-03-03 14:05:00+05:30,397.3500061035156,397.5,397.0,397.1000061035156,107280,0.0,0.0
2025-03-03 14:10:00+05:30,397.20001220703125,397.70001220703125,397.04998779296875,397.6000061035156,109543,0.0,0.0
2025-03-03 14:15:00+05:30,397.3999938964844,397.79998779296875,397.04998779296875,397.25,196202,0.0,0.0
2025-03-03 14:20:00+05:30,397.29998779296875,397.54998779296875,397.20001220703125,397.3500061035156,76111,0.0,0.0
2025-03-03 14:25:00+05:30,397.3999938964844,397.45001220703125,397.04998779296875,397.45001220703125,203681,0.0,0.0
2025-03-03 14:30:00+05:30,397.3500061035156,397.3500061035156,397.0,397.0,109208,0.0,0.0
2025-03-03 14:35:00+05:30,397.1000061035156,397.70001220703125,397.1000061035156,397.45001220703125,160932,0.0,0.0
2025-03-03 14:40:00+05:30,397.3999938964844,397.54998779296875,397.04998779296875,397.3500061035156,74652,0.0,0.0
2025-03-03 14:45:00+05:30,397.3999938964844,397.3999938964844,397.0,397.0,121320,0.0,0.0
2025-03-03 14:50:00+05:30,397.0,397.3500061035156,397.0,397.3500061035156,112636,0.0,0.0
2025-03-03 14:55:00+05:30,397.3500061035156,397.6000061035156,397.1499938964844,397.54998779296875,97431,0.0,0.0
2025-03-03 15:00:00+05:30,397.54998779296875,397.75,397.1000061035156,397.20001220703125,249175,0.0,0.0
2025-03-03 15:05:00+05:30,397.29998779296875,397.6000061035156,397.1000061035156,397.5,170299,0.0,0.0
2025-03-03 15:10:00+05:30,397.54998779296875,397.70001220703125,397.29998779296875,397.5,168568,0.0,0.0
2025-03-03 15:15:00+05:30,397.54998779296875,397.79998779296875,397.20001220703125,397.25,205060,0.0,0.0
2025-03-03 15:20:00+05:30,397.20001220703125,397.54998779296875,397.1499938964844,397.3500061035156,264150,0.0,0.0
2025-03-03 15:25:00+05:30,397.29998779296875,398.0,397.0,397.45001220703125,281403,0.0,0.0
2025-03-04 09:15:00+05:30,396.54998779296875,396.6499938964844,395.0,395.3500061035156,0,0.0,0.0
2025-03-04 09:20:00+05:30,395.45001220703125,396.5,395.1000061035156,396.1000061035156,312530,0.0,0.0
2025-03-04 09:25:00+05:30,396.20001220703125,396.20001220703125,395.6499938964844,395.95001220703125,97616,0.0,0.0
2025-03-04 09:30:00+05:30,395.95001220703125,396.04998779296875,395.3500061035156,395.95001220703125,189643,0.0,0.0
2025-03-04 09:35:00+05:30,395.95001220703125,395.95001220703125,395.25,395.45001220703125,333020,0.0,0.0
2025-03-04 09:40:00+05:30,395.45001220703125,396.54998779296875,395.25,395.3500061035156,585759,0.0,0.0
2025-03-04 09:45:00+05:30,395.0,395.0,394.45001220703125,394.70001220703125,688885,0.0,0.0
2025-03-04 09:50:00+05:30,394.6000061035156,395.1000061035156,394.5,394.8500061035156,253584,0.0,0.0
2025-03-04 09:55:00+05:30,394.8500061035156,395.29998779296875,394.54998779296875,394.79998779296875,93031,0.0,0.0
2025-03-04 10:00:00+05:30,394.8500061035156,395.29998779296875,394.8500061035156,394.95001220703125,89986,0.0,0.0
2025-03-04 10:05:00+05:30,395.0,395.54998779296875,395.0,395.04998779296875,317099,0.0,0.0
2025-03-04 10:10:00+05:30,395.04998779296875,395.04998779296875,395.0,395.04998779296875,47456,0.0,0.0
2025-03-04 10:15:00+05:30,395.04998779296875,395.04998779296875,394.5,394.54998779296875,132728,0.0,0.0
2025-03-04 10:20:00+05:30,394.54998779296875,394.75,394.45001220703125,394.54998779296875,291063,0.0,0.0
2025-03-04 10:25:00+05:30,394.54998779296875,394.54998779296875,393.6000061035156,393.79998779296875,310620,0.0,0.0
2025-03-04 10:30:00+05:30,393.79998779296875,394.0,393.5,394.0,323509,0.0,0.0
2025-03-04 10:35:00+05:30,394.0,394.0,393.79998779296875,393.8999938964844,57530,0.0,0.0
2025-03-04 10:40:00+05:30,393.8999938964844,393.8999938964844,393.1000061035156,393.29998779296875,263588,0.0,0.0
2025-03-04 10:45:00+05:30,393.29998779296875,393.6499938964844,393.25,393.5,120519,0.0,0.0
2025-03-04 10:50:00+05:30,393.6499938964844,394.1499938964844,393.3500061035156,393.3500061035156,138525,0.0,0.0
2025-03-04 10:55:00+05:30,393.45001220703125,394.29998779296875,393.25,394.25,448788,0.0,0.0
2025-03-04 11:00:00+05:30,394.25,394.6499938964844,393.75,393.95001220703125,373015,0.0,0.0
2025-03-04 11:05:00+05:30,393.95001220703125,394.20001220703125,393.79998779296875,394.1499938964844,75775,0.0,0.0
2025-03-04 11:10:00+05:30,394.20001220703125,394.20001220703125,393.75,393.8999938964844,335947,0.0,0.0
2025-03-04 11:15:00+05:30,393.95001220703125,393.95001220703125,393.54998779296875,393.6000061035156,70253,0.0,0.0
2025-03-04 11:20:00+05:30,393.54998779296875,393.6000061035156,393.5,393.54998779296875,38588,0.0,0.0
2025-03-04 11:25:00+05:30,393.54998779296875,393.6000061035156,393.25,393.29998779296875,102915,0.0,0.0
2025-03-04 11:30:00+05:30,393.29998779296875,393.5,393.25,393.3999938964844,69399,0.0,0.0
2025-03-04 11:35:00+05:30,393.45001220703125,393.6499938964844,393.3500061035156,393.54998779296875,41184,0.0,0.0
2025-03-04 11:40:00+05:30,393.54998779296875,393.70001220703125,393.5,393.70001220703125,55964,0.0,0.0
2025-03-04 11:45:00+05:30,393.6000061035156,393.6499938964844,393.5,393.54998779296875,105519,0.0,0.0
2025-03-04 11:50:00+05:30,393.5,393.70001220703125,393.5,393.70001220703125,163668,0.0,0.0
2025-03-04 11:55:00+05:30,393.6000061035156,394.29998779296875,393.5,394.1000061035156,64244,0.0,0.0
2025-03-04 12:00:00+05:30,394.0,394.20001220703125,393.75,393.8999938964844,52762,0.0,0.0
2025-03-04 12:05:00+05:30,393.75,393.8999938964844,393.20001220703125,393.25,529112,0.0,0.0
2025-03-04 12:10:00+05:30,393.29998779296875,393.29998779296875,393.25,393.29998779296875,74114,0.0,0.0
2025-03-04 12:15:00+05:30,393.25,393.3999938964844,393.20001220703125,393.29998779296875,88458,0.0,0.0
2025-03-04 12:20:00+05:30,393.29998779296875,393.3999938964844,393.25,393.3500061035156,171321,0.0,0.0
2025-03-04 12:25:00+05:30,393.29998779296875,393.5,393.25,393.29998779296875,64773,0.0,0.0
2025-03-04 12:30:00+05:30,393.29998779296875,393.45001220703125,393.25,393.3500061035156,67326,0.0,0.0
2025-03-04 12:35:00+05:30,393.29998779296875,393.54998779296875,393.25,393.5,91677,0.0,0.0
2025-03-04 12:40:00+05:30,393.45001220703125,393.54998779296875,393.29998779296875,393.3999938964844,108127,0.0,0.0
2025-03-04 12:45:00+05:30,393.29998779296875,393.6499938964844,393.1499938964844,393.3999938964844,172596,0.0,0.0
2025-03-04 12:50:00+05:30,393.54998779296875,393.6499938964844,393.3500061035156,393.5,54309,0.0,0.0
2025-03-04 12:55:00+05:30,393.5,393.6000061035156,393.29998779296875,393.6000061035156,77655,0.0,0.0
2025-03-04 13:00:00+05:30,393.6000061035156,393.75,393.3500061035156,393.70001220703125,83654,0.0,0.0
2025-03-04 13:05:00+05:30,393.5,394.29998779296875,393.5,394.25,116270,0.0,0.0
2025-03-04 13:10:00+05:30,394.04998779296875,394.20001220703125,393.75,393.8500061035156,86385,0.0,0.0
2025-03-04 13:15:00+05:30,393.70001220703125,394.0,393.5,393.8500061035156,80072,0.0,0.0
2025-03-04 13:20:00+05:30,393.8500061035156,394.0,393.54998779296875,393.6000061035156,75584,0.0,0.0
2025-03-04 13:25:00+05:30,393.6000061035156,393.8500061035156,393.6000061035156,393.8500061035156,77980,0.0,0.0
2025-03-04 13:30:00+05:30,393.70001220703125,394.0,393.70001220703125,393.95001220703125,96662,0.0,0.0
2025-03-04 13:35:00+05:30,394.0,394.1000061035156,393.70001220703125,394.0,66534,0.0,0.0
2025-03-04 13:40:00+05:30,393.8500061035156,394.45001220703125,393.79998779296875,394.3999938964844,77371,0.0,0.0
2025-03-04 13:45:00+05:30,394.20001220703125,394.25,393.6499938964844,393.8999938964844,83489,0.0,0.0
2025-03-04 13:50:00+05:30,393.75,394.1499938964844,393.6499938964844,394.0,114658,0.0,0.0
2025-03-04 13:55:00+05:30,394.04998779296875,394.20001220703125,393.95001220703125,394.1499938964844,55679,0.0,0.0
2025-03-04 14:00:00+05:30,394.0,394.20001220703125,393.79998779296875,393.8500061035156,57017,0.0,0.0
2025-03-04 14:05:00+05:30,393.8999938964844,394.3500061035156,393.8999938964844,394.1000061035156,66799,0.0,0.0
2025-03-04 14:10:00+05:30,394.0,394.20001220703125,393.75,393.8999938964844,118894,0.0,0.0
2025-03-04 14:15:00+05:30,393.8999938964844,393.95001220703125,393.6499938964844,393.79998779296875,127625,0.0,0.0
2025-03-04 14:20:00+05:30,393.8500061035156,393.8500061035156,393.70001220703125,393.8500061035156,74120,0.0,0.0
2025-03-04 14:25:00+05:30,393.79998779296875,393.95001220703125,393.75,393.79998779296875,188485,0.0,0.0
2025-03-04 14:30:00+05:30,393.79998779296875,393.95001220703125,393.75,393.95001220703125,123169,0.0,0.0
2025-03-04 14:35:00+05:30,393.8500061035156,394.29998779296875,393.8500061035156,394.25,71196,0.0,0.0
2025-03-04 14:40:00+05:30,394.1000061035156,394.3500061035156,394.04998779296875,394.29998779296875,75778,0.0,0.0
2025-03-04 14:45:00+05:30,394.29998779296875,394.3999938964844,394.1000061035156,394.25,71746,0.0,0.0
2025-03-04 14:50:00+05:30,394.3500061035156,394.5,394.04998779296875,394.3999938964844,165719,0.0,0.0
2025-03-04 14:55:00+05:30,394.25,394.70001220703125,394.1499938964844,394.70001220703125,114810,0.0,0.0
2025-03-04 15:00:00+05:30,394.54998779296875,395.6499938964844,394.5,395.54998779296875,373842,0.0,0.0
2025-03-04 15:05:00+05:30,395.6499938964844,395.6499938964844,394.5,394.79998779296875,449136,0.0,0.0
2025-03-04 15:10:00+05:30,394.79998779296875,395.0,394.6000061035156,394.70001220703125,271334,0.0,0.0
2025-03-04 15:15:00+05:30,394.6000061035156,394.95001220703125,394.5,394.75,652423,0.0,0.0
2025-03-04 15:20:00+05:30,394.79998779296875,395.5,394.54998779296875,394.6499938964844,433083,0.0,0.0
2025-03-04 15:25:00+05:30,394.6499938964844,394.75,394.25,394.45001220703125,158662,0.0,0.0
2025-03-05 09:15:00+05:30,395.95001220703125,397.04998779296875,395.45001220703125,395.45001220703125,0,0.0,0.0
2025-03-05 09:20:00+05:30,395.45001220703125,397.6000061035156,395.45001220703125,397.6000061035156,417164,0.0,0.0
2025-03-05 09:25:00+05:30,397.6499938964844,397.8999938964844,397.0,397.6499938964844,209663,0.0,0.0
2025-03-05 09:30:00+05:30,397.6000061035156,398.70001220703125,397.20001220703125,398.1499938964844,223513,0.0,0.0
2025-03-05 09:35:00+05:30,398.1000061035156,398.1000061035156,397.29998779296875,397.54998779296875,178191,0.0,0.0
2025-03-05 09:40:00+05:30,397.54998779296875,397.75,396.8999938964844,397.0,276657,0.0,0.0
2025-03-05 09:45:00+05:30,397.0,397.20001220703125,396.79998779296875,397.0,212938,0.0,0.0
2025-03-05 09:50:00+05:30,397.0,397.0,396.5,396.6499938964844,87352,0.0,0.0
2025-03-05 09:55:00+05:30,396.6499938964844,397.0,396.54998779296875,396.75,126474,0.0,0.0
2025-03-05 10:00:00+05:30,396.79998779296875,396.8500061035156,396.6000061035156,396.6499938964844,108939,0.0,0.0
2025-03-05 10:05:00+05:30,396.6499938964844,396.79998779296875,396.6000061035156,396.6000061035156,196839,0.0,0.0
2025-03-05 10:10:00+05:30,396.6000061035156,397.20001220703125,396.6000061035156,397.1499938964844,102741,0.0,0.0
2025-03-05 10:15:00+05:30,396.8500061035156,397.0,396.70001220703125,396.75,128728,0.0,0.0
2025-03-05 10:20:00+05:30,396.75,397.3999938964844,396.6499938964844,397.1000061035156,197300,0.0,0.0
2025-03-05 10:25:00+05:30,397.0,397.1000061035156,396.6000061035156,396.70001220703125,69586,0.0,0.0
2025-03-05 10:30:00+05:30,396.70001220703125,397.29998779296875,396.6000061035156,397.1000061035156,359922,0.0,0.0
2025-03-05 10:35:00+05:30,397.0,397.0,396.75,396.79998779296875,74365,0.0,0.0
2025-03-05 10:40:00+05:30,396.75,396.79998779296875,396.5,396.6499938964844,78644,0.0,0.0
2025-03-05 10:45:00+05:30,396.6499938964844,397.25,396.6000061035156,396.6499938964844,314865,0.0,0.0
2025-03-05 10:50:00+05:30,396.70001220703125,396.79998779296875,396.54998779296875,396.6499938964844,111741,0.0,0.0
2025-03-05 10:55:00+05:30,396.70001220703125,397.1000061035156,396.6499938964844,396.8500061035156,236060,0.0,0.0
2025-03-05 11:00:00+05:30,396.75,396.8999938964844,396.6000061035156,396.70001220703125,113941,0.0,0.0
2025-03-05 11:05:00+05:30,396.70001220703125,396.8999938964844,396.6000061035156,396.8500061035156,93786,0.0,0.0
2025-03-05 11:10:00+05:30,397.0,397.0,396.6000061035156,396.6499938964844,113568,0.0,0.0
2025-03-05 11:15:00+05:30,396.6499938964844,396.6499938964844,396.54998779296875,396.6000061035156,80487,0.0,0.0
2025-03-05 11:20:00+05:30,396.6000061035156,396.8999938964844,396.6000061035156,396.6499938964844,99866,0.0,0.0
2025-03-05 11:25:00+05:30,396.6499938964844,396.6499938964844,396.04998779296875,396.1499938964844,180531,0.0,0.0
2025-03-05 11:30:00+05:30,396.1000061035156,396.1499938964844,396.04998779296875,396.1000061035156,162889,0.0,0.0
2025-03-05 11:35:00+05:30,396.1000061035156,396.1499938964844,395.79998779296875,395.95001220703125,384956,0.0,0.0
2025-03-05 11:40:00+05:30,395.95001220703125,396.1499938964844,395.70001220703125,396.0,773907,0.0,0.0
2025-03-05 11:45:00+05:30,396.0,396.5,395.75,396.5,162983,0.0,0.0
2025-03-05 11:50:00+05:30,396.8500061035156,397.54998779296875,396.8500061035156,397.25,223585,0.0,0.0
2025-03-05 11:55:00+05:30,397.6000061035156,397.6000061035156,397.20001220703125,397.20001220703125,117760,0.0,0.0
2025-03-05 12:00:00+05:30,397.29998779296875,397.75,397.04998779296875,397.25,171596,0.0,0.0
2025-03-05 12:05:00+05:30,397.1000061035156,397.3999938964844,397.04998779296875,397.1000061035156,101686,0.0,0.0
2025-03-05 12:10:00+05:30,397.04998779296875,397.3999938964844,397.04998779296875,397.25,76285,0.0,0.0
2025-03-05 12:15:00+05:30,397.20001220703125,397.79998779296875,397.20001220703125,397.6000061035156,161034,0.0,0.0
2025-03-05 12:20:00+05:30,397.54998779296875,397.75,397.29998779296875,397.75,105364,0.0,0.0
2025-03-05 12:25:00+05:30,397.79998779296875,399.70001220703125,397.79998779296875,399.3500061035156,433265,0.0,0.0
2025-03-05 12:30:00+05:30,399.3500061035156,399.95001220703125,399.3500061035156,399.54998779296875,203499,0.0,0.0
2025-03-05 12:35:00+05:30,399.54998779296875,400.6499938964844,399.3999938964844,400.3999938964844,379621,0.0,0.0
2025-03-05 12:40:00+05:30,400.3999938964844,401.29998779296875,400.04998779296875,400.70001220703125,161162,0.0,0.0
2025-03-05 12:45:00+05:30,400.75,400.8500061035156,400.04998779296875,400.6499938964844,92984,0.0,0.0
2025-03-05 12:50:00+05:30,400.70001220703125,401.0,400.3500061035156,400.79998779296875,112549,0.0,0.0
2025-03-05 12:55:00+05:30,400.8500061035156,401.29998779296875,400.6000061035156,400.79998779296875,135962,0.0,0.0
2025-03-05 13:00:00+05:30,400.75,401.25,400.6499938964844,401.1000061035156,106156,0.0,0.0
2025-03-05 13:05:00+05:30,401.1000061035156,401.5,400.6000061035156,401.5,155170,0.0,0.0
2025-03-05 13:10:00+05:30,401.5,401.6499938964844,401.04998779296875,401.45001220703125,107585,0.0,0.0
2025-03-05 13:15:00+05:30,401.45001220703125,401.45001220703125,400.75,401.0,94497,0.0,0.0
2025-03-05 13:20:00+05:30,400.95001220703125,401.54998779296875,400.70001220703125,401.25,121445,0.0,0.0
2025-03-05 13:25:00+05:30,401.20001220703125,401.45001220703125,401.1000061035156,401.3999938964844,73897,0.0,0.0
2025-03-05 13:30:00+05:30,401.25,401.3500061035156,400.8999938964844,401.0,90475,0.0,0.0
2025-03-05 13:35:00+05:30,401.0,401.0,400.45001220703125,400.6000061035156,244209,0.0,0.0
2025-03-05 13:40:00+05:30,400.45001220703125,400.45001220703125,400.0,400.3999938964844,148109,0.0,0.0
2025-03-05 13:45:00+05:30,400.54998779296875,400.54998779296875,399.8500061035156,400.0,81589,0.0,0.0
2025-03-05 13:50:00+05:30,400.04998779296875,400.6000061035156,400.0,400.3500061035156,114032,0.0,0.0
2025-03-05 13:55:00+05:30,400.3500061035156,400.3500061035156,399.8500061035156,399.8500061035156,87408,0.0,0.0
2025-03-05 14:00:00+05:30,399.95001220703125,399.95001220703125,399.5,399.75,100102,0.0,0.0
2025-03-05 14:05:00+05:30,399.75,400.04998779296875,399.70001220703125,399.8999938964844,85920,0.0,0.0
2025-03-05 14:10:00+05:30,399.95001220703125,400.5,399.79998779296875,399.79998779296875,100257,0.0,0.0
2025-03-05 14:15:00+05:30,399.8999938964844,400.0,399.70001220703125,399.8500061035156,97767,0.0,0.0
2025-03-05 14:20:00+05:30,399.8500061035156,400.1499938964844,399.8500061035156,400.1499938964844,79128,0.0,0.0
2025-03-05 14:25:00+05:30,400.1499938964844,400.70001220703125,399.95001220703125,400.45001220703125,333034,0.0,0.0
2025-03-05 14:30:00+05:30,400.45001220703125,400.45001220703125,400.0,400.1499938964844,64743,0.0,0.0
2025-03-05 14:35:00+05:30,400.1499938964844,400.6499938964844,400.0,400.54998779296875,138243,0.0,0.0
2025-03-05 14:40:00+05:30,400.5,400.54998779296875,400.1000061035156,400.1499938964844,70272,0.0,0.0
2025-03-05 14:45:00+05:30,400.1499938964844,400.3999938964844,400.04998779296875,400.1000061035156,67275,0.0,0.0
2025-03-05 14:50:00+05:30,400.1000061035156,400.29998779296875,400.0,400.29998779296875,123025,0.0,0.0
2025-03-05 14:55:00+05:30,400.1499938964844,400.25,400.0,400.04998779296875,137645,0.0,0.0
2025-03-05 15:00:00+05:30,400.1000061035156,401.5,400.1000061035156,401.3500061035156,340414,0.0,0.0
2025-03-05 15:05:00+05:30,401.3500061035156,402.8500061035156,401.3500061035156,402.79998779296875,434688,0.0,0.0
2025-03-05 15:10:00+05:30,402.75,403.1499938964844,402.54998779296875,402.8500061035156,405931,0.0,0.0
2025-03-05 15:15:00+05:30,402.8999938964844,405.20001220703125,402.75,404.29998779296875,723972,0.0,0.0
2025-03-05 15:20:00+05:30,404.29998779296875,405.6499938964844,404.20001220703125,405.04998779296875,464856,0.0,0.0
2025-03-05 15:25:00+05:30,405.3999938964844,412.25,405.1000061035156,409.20001220703125,1595078,0.0,0.0
2025-03-06 09:15:00+05:30,408.8500061035156,408.8500061035156,405.6499938964844,405.8500061035156,0,0.0,0.0
2025-03-06 09:20:00+05:30,405.79998779296875,406.04998779296875,403.8500061035156,403.8500061035156,641199,0.0,0.0
2025-03-06 09:25:00+05:30,403.75,404.25,403.70001220703125,403.75,363034,0.0,0.0
2025-03-06 09:30:00+05:30,403.70001220703125,403.79998779296875,402.5,402.54998779296875,640291,0.0,0.0
2025-03-06 09:35:00+05:30,402.54998779296875,402.70001220703125,401.3500061035156,401.45001220703125,355475,0.0,0.0
2025-03-06 09:40:00+05:30,401.5,402.0,401.3500061035156,401.54998779296875,250566,0.0,0.0
2025-03-06 09:45:00+05:30,401.54998779296875,401.8500061035156,400.79998779296875,400.8500061035156,364674,0.0,0.0
2025-03-06 09:50:00+05:30,400.75,402.25,400.75,402.1499938964844,343546,0.0,0.0
2025-03-06 09:55:00+05:30,402.3999938964844,402.6499938964844,402.1000061035156,402.1499938964844,192283,0.0,0.0
2025-03-06 10:00:00+05:30,402.25,402.25,401.25,401.29998779296875,158429,0.0,0.0
2025-03-06 10:05:00+05:30,401.29998779296875,402.04998779296875,401.29998779296875,401.29998779296875,224377,0.0,0.0
2025-03-06 10:10:00+05:30,401.29998779296875,401.3500061035156,400.8500061035156,400.95001220703125,199564,0.0,0.0
2025-03-06 10:15:00+05:30,401.04998779296875,401.5,400.95001220703125,401.1499938964844,185033,0.0,0.0
2025-03-06 10:20:00+05:30,401.1000061035156,401.29998779296875,400.6000061035156,400.8999938964844,183086,0.0,0.0
2025-03-06 10:25:00+05:30,400.8999938964844,401.8999938964844,400.75,401.75,392627,0.0,0.0
2025-03-06 10:30:00+05:30,401.75,401.95001220703125,401.25,401.54998779296875,150256,0.0,0.0
2025-03-06 10:35:00+05:30,401.54998779296875,401.54998779296875,401.0,401.29998779296875,143771,0.0,0.0
2025-03-06 10:40:00+05:30,401.29998779296875,401.70001220703125,401.25,401.70001220703125,142355,0.0,0.0
2025-03-06 10:45:00+05:30,401.70001220703125,401.70001220703125,401.25,401.3500061035156,122739,0.0,0.0
2025-03-06 10:50:00+05:30,401.3500061035156,401.54998779296875,401.0,401.3500061035156,118386,0.0,0.0
2025-03-06 10:55:00+05:30,401.45001220703125,401.8500061035156,401.29998779296875,401.6000061035156,134303,0.0,0.0
2025-03-06 11:00:00+05:30,401.6000061035156,401.70001220703125,401.3500061035156,401.6499938964844,137154,0.0,0.0
2025-03-06 11:05:00+05:30,401.6499938964844,402.8999938964844,401.6499938964844,402.75,444883,0.0,0.0
2025-03-06 11:10:00+05:30,402.6499938964844,403.3999938964844,402.1499938964844,403.1000061035156,260558,0.0,0.0
2025-03-06 11:15:00+05:30,403.04998779296875,404.1000061035156,403.0,403.8999938964844,307223,0.0,0.0
2025-03-06 11:20:00+05:30,403.75,403.8999938964844,402.5,403.04998779296875,343855,0.0,0.0
2025-03-06 11:25:00+05:30,403.1000061035156,403.20001220703125,401.8500061035156,401.95001220703125,225269,0.0,0.0
2025-03-06 11:30:00+05:30,401.8999938964844,402.0,401.3999938964844,401.6499938964844,178911,0.0,0.0
2025-03-06 11:35:00+05:30,401.6499938964844,402.1499938964844,401.5,402.1000061035156,125511,0.0,0.0
2025-03-06 11:40:00+05:30,402.1000061035156,402.29998779296875,401.70001220703125,402.29998779296875,159513,0.0,0.0
2025-03-06 11:45:00+05:30,402.25,402.5,401.8999938964844,402.1000061035156,208764,0.0,0.0
2025-03-06 11:50:00+05:30,402.1000061035156,402.6000061035156,401.8999938964844,402.04998779296875,91099,0.0,0.0
2025-03-06 11:55:00+05:30,402.1000061035156,402.20001220703125,401.54998779296875,402.0,99948,0.0,0.0
2025-03-06 12:00:00+05:30,401.8999938964844,403.3500061035156,401.8999938964844,403.1499938964844,195606,0.0,0.0
2025-03-06 12:05:00+05:30,403.1499938964844,403.1499938964844,402.20001220703125,402.79998779296875,148707,0.0,0.0
2025-03-06 12:10:00+05:30,402.95001220703125,403.70001220703125,402.79998779296875,403.6000061035156,141577,0.0,0.0
2025-03-06 12:15:00+05:30,403.6000061035156,403.70001220703125,403.0,403.1499938964844,139230,0.0,0.0
2025-03-06 12:20:00+05:30,403.1499938964844,403.5,403.04998779296875,403.3999938964844,93901,0.0,0.0
2025-03-06 12:25:00+05:30,403.3999938964844,403.3999938964844,403.1000061035156,403.1499938964844,79913,0.0,0.0
2025-03-06 12:30:00+05:30,403.25,403.79998779296875,403.1499938964844,403.45001220703125,139762,0.0,0.0
2025-03-06 12:35:00+05:30,403.3999938964844,403.5,403.1000061035156,403.45001220703125,91073,0.0,0.0
2025-03-06 12:40:00+05:30,403.45001220703125,403.8500061035156,402.8500061035156,403.29998779296875,113412,0.0,0.0
2025-03-06 12:45:00+05:30,403.29998779296875,403.3500061035156,402.8500061035156,403.1000061035156,99520,0.0,0.0
2025-03-06 12:50:00+05:30,403.1000061035156,403.79998779296875,402.8999938964844,403.6000061035156,140422,0.0,0.0
2025-03-06 12:55:00+05:30,403.6000061035156,403.70001220703125,403.1499938964844,403.20001220703125,156013,0.0,0.0
2025-03-06 13:00:00+05:30,403.04998779296875,403.04998779296875,402.29998779296875,402.70001220703125,140822,0.0,0.0
2025-03-06 13:05:00+05:30,402.70001220703125,403.20001220703125,402.3999938964844,403.20001220703125,190869,0.0,0.0
2025-03-06 13:10:00+05:30,403.20001220703125,403.29998779296875,402.45001220703125,402.6499938964844,115767,0.0,0.0
2025-03-06 13:15:00+05:30,402.6499938964844,402.8500061035156,402.29998779296875,402.79998779296875,118281,0.0,0.0
2025-03-06 13:20:00+05:30,402.79998779296875,402.79998779296875,402.3500061035156,402.75,125360,0.0,0.0
2025-03-06 13:25:00+05:30,402.79998779296875,403.0,402.45001220703125,402.8999938964844,154127,0.0,0.0
2025-03-06 13:30:00+05:30,402.8999938964844,403.04998779296875,402.6499938964844,403.04998779296875,137068,0.0,0.0
2025-03-06 13:35:00+05:30,403.04998779296875,403.20001220703125,402.95001220703125,403.04998779296875,188127,0.0,0.0
2025-03-06 13:40:00+05:30,403.0,403.45001220703125,403.0,403.25,184337,0.0,0.0
2025-03-06 13:45:00+05:30,403.20001220703125,403.95001220703125,403.1499938964844,403.95001220703125,179587,0.0,0.0
2025-03-06 13:50:00+05:30,403.8999938964844,404.54998779296875,403.75,404.45001220703125,256359,0.0,0.0
2025-03-06 13:55:00+05:30,404.3500061035156,405.1499938964844,404.1000061035156,405.1000061035156,274680,0.0,0.0
2025-03-06 14:00:00+05:30,405.1000061035156,405.3999938964844,404.8999938964844,405.20001220703125,267637,0.0,0.0
2025-03-06 14:05:00+05:30,405.20001220703125,405.3500061035156,404.8500061035156,405.29998779296875,322925,0.0,0.0
2025-03-06 14:10:00+05:30,405.20001220703125,405.3500061035156,404.8999938964844,404.95001220703125,152645,0.0,0.0
2025-03-06 14:15:00+05:30,404.6499938964844,405.1499938964844,404.5,405.0,200471,0.0,0.0
2025-03-06 14:20:00+05:30,405.04998779296875,405.29998779296875,404.95001220703125,405.29998779296875,176792,0.0,0.0
2025-03-06 14:25:00+05:30,405.25,405.29998779296875,404.75,405.0,250006,0.0,0.0
2025-03-06 14:30:00+05:30,405.0,405.1000061035156,404.5,404.6499938964844,222689,0.0,0.0
2025-03-06 14:35:00+05:30,404.70001220703125,405.0,404.5,404.6499938964844,161048,0.0,0.0
2025-03-06 14:40:00+05:30,404.70001220703125,405.04998779296875,404.6499938964844,404.95001220703125,205636,0.0,0.0
2025-03-06 14:45:00+05:30,405.0,405.0,404.6000061035156,404.79998779296875,178452,0.0,0.0
2025-03-06 14:50:00+05:30,404.79998779296875,405.3500061035156,404.79998779296875,405.29998779296875,296512,0.0,0.0
2025-03-06 14:55:00+05:30,405.25,405.3999938964844,405.04998779296875,405.25,255460,0.0,0.0
2025-03-06 15:00:00+05:30,405.25,405.95001220703125,405.25,405.6000061035156,552397,0.0,0.0
2025-03-06 15:05:00+05:30,405.6499938964844,405.79998779296875,405.29998779296875,405.5,423071,0.0,0.0
2025-03-06 15:10:00+05:30,405.54998779296875,405.70001220703125,405.04998779296875,405.3500061035156,508280,0.0,0.0
2025-03-06 15:15:00+05:30,405.25,405.54998779296875,405.20001220703125,405.54998779296875,410701,0.0,0.0
2025-03-06 15:20:00+05:30,405.54998779296875,406.3500061035156,405.54998779296875,406.25,609368,0.0,0.0
2025-03-06 15:25:00+05:30,406.20001220703125,406.5,406.0,406.20001220703125,577442,0.0,0.0
2025-03-07 09:15:00+05:30,403.70001220703125,405.5,402.75,404.1000061035156,0,0.0,0.0
2025-03-07 09:20:00+05:30,404.1499938964844,404.1499938964844,403.3999938964844,403.75,222468,0.0,0.0
2025-03-07 09:25:00+05:30,403.95001220703125,404.0,402.75,402.8999938964844,196077,0.0,0.0
2025-03-07 09:30:00+05:30,403.20001220703125,403.70001220703125,402.5,403.5,231236,0.0,0.0
2025-03-07 09:35:00+05:30,403.6000061035156,403.6000061035156,402.25,402.25,258850,0.0,0.0
2025-03-07 09:40:00+05:30,402.20001220703125,402.75,402.04998779296875,402.45001220703125,177771,0.0,0.0
2025-03-07 09:45:00+05:30,402.6000061035156,402.6000061035156,401.70001220703125,402.1000061035156,199272,0.0,0.0
2025-03-07 09:50:00+05:30,402.1499938964844,402.6499938964844,402.1499938964844,402.6499938964844,114044,0.0,0.0
2025-03-07 09:55:00+05:30,402.6499938964844,402.70001220703125,402.29998779296875,402.70001220703125,80942,0.0,0.0
2025-03-07 10:00:00+05:30,402.75,402.8500061035156,402.45001220703125,402.70001220703125,91732,0.0,0.0
2025-03-07 10:05:00+05:30,402.79998779296875,403.45001220703125,402.79998779296875,403.29998779296875,130536,0.0,0.0
2025-03-07 10:10:00+05:30,403.29998779296875,403.79998779296875,403.20001220703125,403.6000061035156,111173,0.0,0.0
2025-03-07 10:15:00+05:30,403.79998779296875,403.8999938964844,403.3999938964844,403.70001220703125,107357,0.0,0.0
2025-03-07 10:20:00+05:30,403.75,403.75,402.8999938964844,403.0,106410,0.0,0.0
2025-03-07 10:25:00+05:30,402.75,403.6000061035156,402.6000061035156,403.54998779296875,118858,0.0,0.0
2025-03-07 10:30:00+05:30,403.54998779296875,404.1000061035156,403.29998779296875,403.70001220703125,215715,0.0,0.0
2025-03-07 10:35:00+05:30,403.70001220703125,404.54998779296875,403.54998779296875,404.3500061035156,138364,0.0,0.0
2025-03-07 10:40:00+05:30,404.29998779296875,404.6000061035156,404.04998779296875,404.29998779296875,90533,0.0,0.0
2025-03-07 10:45:00+05:30,404.20001220703125,404.6499938964844,404.04998779296875,404.6000061035156,94481,0.0,0.0
2025-03-07 10:50:00+05:30,404.5,404.6000061035156,404.04998779296875,404.1000061035156,79457,0.0,0.0
2025-03-07 10:55:00+05:30,404.1000061035156,404.3500061035156,404.04998779296875,404.20001220703125,117159,0.0,0.0
2025-03-07 11:00:00+05:30,404.1499938964844,404.54998779296875,404.04998779296875,404.45001220703125,146886,0.0,0.0
2025-03-07 11:05:00+05:30,404.45001220703125,404.79998779296875,404.29998779296875,404.70001220703125,122757,0.0,0.0
2025-03-07 11:10:00+05:30,404.79998779296875,405.04998779296875,404.70001220703125,405.04998779296875,118769,0.0,0.0
2025-03-07 11:15:00+05:30,405.04998779296875,405.6000061035156,405.0,405.0,165638,0.0,0.0
2025-03-07 11:20:00+05:30,405.0,405.25,405.0,405.1000061035156,87551,0.0,0.0
2025-03-07 11:25:00+05:30,405.1000061035156,405.1000061035156,404.3999938964844,404.5,95998,0.0,0.0
2025-03-07 11:30:00+05:30,404.5,404.75,404.29998779296875,404.5,81161,0.0,0.0
2025-03-07 11:35:00+05:30,404.5,404.70001220703125,404.04998779296875,404.1499938964844,96065,0.0,0.0
2025-03-07 11:40:00+05:30,404.04998779296875,404.20001220703125,404.0,404.04998779296875,74164,0.0,0.0
2025-03-07 11:45:00+05:30,404.0,404.1000061035156,402.79998779296875,402.79998779296875,219315,0.0,0.0
2025-03-07 11:50:00+05:30,402.8999938964844,403.70001220703125,402.8999938964844,403.70001220703125,244389,0.0,0.0
2025-03-07 11:55:00+05:30,403.54998779296875,403.75,403.3500061035156,403.75,76581,0.0,0.0
2025-03-07 12:00:00+05:30,403.75,403.79998779296875,403.5,403.70001220703125,84042,0.0,0.0
2025-03-07 12:05:00+05:30,403.6499938964844,404.20001220703125,403.6499938964844,403.70001220703125,98050,0.0,0.0
2025-03-07 12:10:00+05:30,403.70001220703125,403.79998779296875,403.04998779296875,403.1499938964844,94243,0.0,0.0
2025-03-07 12:15:00+05:30,403.20001220703125,403.29998779296875,402.8500061035156,402.95001220703125,88582,0.0,0.0
2025-03-07 12:20:00+05:30,402.8500061035156,403.0,402.5,403.0,118608,0.0,0.0
2025-03-07 12:25:00+05:30,402.95001220703125,403.29998779296875,402.95001220703125,403.1000061035156,89781,0.0,0.0
2025-03-07 12:30:00+05:30,403.1499938964844,403.5,403.1000061035156,403.3500061035156,75664,0.0,0.0
2025-03-07 12:35:00+05:30,403.3500061035156,404.04998779296875,403.25,403.70001220703125,147992,0.0,0.0
2025-03-07 12:40:00+05:30,403.6000061035156,403.75,403.3999938964844,403.75,88326,0.0,0.0
2025-03-07 12:45:00+05:30,403.79998779296875,403.8500061035156,403.0,403.0,76159,0.0,0.0
2025-03-07 12:50:00+05:30,403.1000061035156,403.1000061035156,403.0,403.04998779296875,102211,0.0,0.0
2025-03-07 12:55:00+05:30,403.04998779296875,403.54998779296875,403.04998779296875,403.45001220703125,109606,0.0,0.0
2025-03-07 13:00:00+05:30,403.5,403.54998779296875,403.0,403.04998779296875,99688,0.0,0.0
2025-03-07 13:05:00+05:30,403.20001220703125,403.20001220703125,403.0,403.04998779296875,75218,0.0,0.0
2025-03-07 13:10:00+05:30,403.04998779296875,403.04998779296875,402.6499938964844,402.70001220703125,116730,0.0,0.0
2025-03-07 13:15:00+05:30,402.70001220703125,402.95001220703125,402.6000061035156,402.95001220703125,112726,0.0,0.0
2025-03-07 13:20:00+05:30,403.0,403.1499938964844,402.79998779296875,402.8999938964844,100236,0.0,0.0
2025-03-07 13:25:00+05:30,402.8999938964844,403.5,402.8999938964844,403.20001220703125,97752,0.0,0.0
2025-03-07 13:30:00+05:30,403.20001220703125,403.20001220703125,403.0,403.1000061035156,90342,0.0,0.0
2025-03-07 13:35:00+05:30,403.3999938964844,403.6499938964844,403.25,403.29998779296875,98143,0.0,0.0
2025-03-07 13:40:00+05:30,403.29998779296875,403.6499938964844,403.25,403.3999938964844,103845,0.0,0.0
2025-03-07 13:45:00+05:30,403.45001220703125,403.6499938964844,403.3999938964844,403.5,93367,0.0,0.0
2025-03-07 13:50:00+05:30,403.5,403.5,403.0,403.1000061035156,101875,0.0,0.0
2025-03-07 13:55:00+05:30,403.1000061035156,403.1499938964844,402.79998779296875,403.0,117349,0.0,0.0
2025-03-07 14:00:00+05:30,403.1000061035156,403.6499938964844,403.04998779296875,403.45001220703125,93328,0.0,0.0
2025-03-07 14:05:00+05:30,403.5,403.75,403.3999938964844,403.75,113624,0.0,0.0
2025-03-07 14:10:00+05:30,403.75,403.75,403.3999938964844,403.54998779296875,106599,0.0,0.0
2025-03-07 14:15:00+05:30,403.54998779296875,403.8500061035156,403.5,403.54998779296875,89530,0.0,0.0
2025-03-07 14:20:00+05:30,403.6000061035156,403.75,403.54998779296875,403.6000061035156,104791,0.0,0.0
2025-03-07 14:25:00+05:30,403.6499938964844,404.45001220703125,403.6499938964844,404.1000061035156,145442,0.0,0.0
2025-03-07 14:30:00+05:30,404.04998779296875,404.1000061035156,403.70001220703125,404.0,121709,0.0,0.0
2025-03-07 14:35:00+05:30,404.1000061035156,404.25,403.6499938964844,403.79998779296875,122257,0.0,0.0
2025-03-07 14:40:00+05:30,403.8500061035156,404.54998779296875,403.6499938964844,404.1000061035156,169426,0.0,0.0
2025-03-07 14:45:00+05:30,404.1000061035156,404.6499938964844,404.04998779296875,404.25,167714,0.0,0.0
2025-03-07 14:50:00+05:30,404.29998779296875,404.29998779296875,403.95001220703125,404.04998779296875,122483,0.0,0.0
2025-03-07 14:55:00+05:30,404.04998779296875,404.45001220703125,404.0,404.1499938964844,147559,0.0,0.0
2025-03-07 15:00:00+05:30,404.29998779296875,404.6000061035156,404.04998779296875,404.1000061035156,332952,0.0,0.0
2025-03-07 15:05:00+05:30,404.04998779296875,404.20001220703125,403.8999938964844,403.8999938964844,336886,0.0,0.0
2025-03-07 15:10:00+05:30,403.95001220703125,404.3500061035156,403.75,404.1499938964844,454774,0.0,0.0
2025-03-07 15:15:00+05:30,404.1000061035156,404.1000061035156,403.3999938964844,403.54998779296875,468748,0.0,0.0
2025-03-07 15:20:00+05:30,403.54998779296875,403.75,403.5,403.6499938964844,387647,0.0,0.0
2025-03-07 15:25:00+05:30,403.6499938964844,404.04998779296875,403.54998779296875,403.75,442223,0.0,0.0
2025-03-10 09:15:00+05:30,402.1499938964844,402.1499938964844,400.75,401.95001220703125,0,0.0,0.0
2025-03-10 09:20:00+05:30,401.95001220703125,402.54998779296875,401.25,402.25,201669,0.0,0.0
2025-03-10 09:25:00+05:30,402.25,402.75,401.95001220703125,401.95001220703125,124603,0.0,0.0
2025-03-10 09:30:00+05:30,401.95001220703125,404.04998779296875,401.95001220703125,404.04998779296875,130033,0.0,0.0
2025-03-10 09:35:00+05:30,404.25,405.54998779296875,404.25,405.20001220703125,159386,0.0,0.0
2025-03-10 09:40:00+05:30,405.20001220703125,405.95001220703125,405.04998779296875,405.45001220703125,143834,0.0,0.0
2025-03-10 09:45:00+05:30,405.5,406.25,405.3500061035156,406.20001220703125,116714,0.0,0.0
2025-03-10 09:50:00+05:30,406.25,406.25,405.54998779296875,405.75,75608,0.0,0.0
2025-03-10 09:55:00+05:30,405.75,406.70001220703125,405.70001220703125,406.25,112438,0.0,0.0
2025-03-10 10:00:00+05:30,406.29998779296875,406.54998779296875,405.8999938964844,406.3500061035156,108124,0.0,0.0
2025-03-10 10:05:00+05:30,406.29998779296875,406.3999938964844,406.04998779296875,406.29998779296875,74655,0.0,0.0
2025-03-10 10:10:00+05:30,406.29998779296875,406.70001220703125,406.29998779296875,406.6000061035156,68154,0.0,0.0
2025-03-10 10:15:00+05:30,406.6499938964844,406.70001220703125,406.0,406.29998779296875,100117,0.0,0.0
2025-03-10 10:20:00+05:30,406.3500061035156,406.6000061035156,406.04998779296875,406.04998779296875,63582,0.0,0.0
2025-03-10 10:25:00+05:30,406.3500061035156,406.3500061035156,405.75,405.8999938964844,80617,0.0,0.0
2025-03-10 10:30:00+05:30,405.8999938964844,406.1000061035156,405.75,405.95001220703125,85543,0.0,0.0
2025-03-10 10:35:00+05:30,405.95001220703125,406.04998779296875,405.75,406.04998779296875,68613,0.0,0.0
2025-03-10 10:40:00+05:30,406.04998779296875,406.70001220703125,406.04998779296875,406.70001220703125,95271,0.0,0.0
2025-03-10 10:45:00+05:30,406.70001220703125,406.8500061035156,406.25,406.25,125365,0.0,0.0
2025-03-10 10:50:00+05:30,406.20001220703125,406.45001220703125,406.04998779296875,406.1000061035156,60511,0.0,0.0
2025-03-10 10:55:00+05:30,406.1000061035156,406.3500061035156,405.79998779296875,406.04998779296875,155630,0.0,0.0
2025-03-10 11:00:00+05:30,406.25,406.25,405.6000061035156,406.04998779296875,250372,0.0,0.0
2025-03-10 11:05:00+05:30,406.0,406.1000061035156,405.54998779296875,405.75,347531,0.0,0.0
2025-03-10 11:10:00+05:30,405.70001220703125,405.70001220703125,405.1000061035156,405.25,109529,0.0,0.0
2025-03-10 11:15:00+05:30,405.1499938964844,405.25,404.70001220703125,404.79998779296875,75421,0.0,0.0
2025-03-10 11:20:00+05:30,404.79998779296875,404.79998779296875,404.25,404.29998779296875,100889,0.0,0.0
2025-03-10 11:25:00+05:30,404.29998779296875,404.3999938964844,404.0,404.0,181349,0.0,0.0
2025-03-10 11:30:00+05:30,404.0,404.6499938964844,404.0,404.3999938964844,141725,0.0,0.0
2025-03-10 11:35:00+05:30,404.6499938964844,404.8999938964844,404.54998779296875,404.79998779296875,44610,0.0,0.0
2025-03-10 11:40:00+05:30,404.75,405.3500061035156,404.5,405.29998779296875,52113,0.0,0.0
2025-03-10 11:45:00+05:30,405.1000061035156,405.75,405.1000061035156,405.75,58750,0.0,0.0
2025-03-10 11:50:00+05:30,405.70001220703125,405.8500061035156,405.1499938964844,405.1499938964844,56882,0.0,0.0
2025-03-10 11:55:00+05:30,404.95001220703125,405.0,404.6499938964844,404.8500061035156,88298,0.0,0.0
2025-03-10 12:00:00+05:30,404.95001220703125,404.95001220703125,404.6499938964844,404.79998779296875,44395,0.0,0.0
2025-03-10 12:05:00+05:30,404.75,405.0,404.6499938964844,404.70001220703125,52070,0.0,0.0
2025-03-10 12:10:00+05:30,404.6499938964844,405.0,404.6499938964844,404.8500061035156,48134,0.0,0.0
2025-03-10 12:15:00+05:30,404.95001220703125,405.0,404.6499938964844,404.70001220703125,83885,0.0,0.0
2025-03-10 12:20:00+05:30,404.95001220703125,405.0,404.79998779296875,405.0,85106,0.0,0.0
2025-03-10 12:25:00+05:30,405.0,405.0,404.79998779296875,404.95001220703125,77331,0.0,0.0
2025-03-10 12:30:00+05:30,404.95001220703125,405.0,404.70001220703125,404.95001220703125,85338,0.0,0.0
2025-03-10 12:35:00+05:30,404.95001220703125,404.95001220703125,404.54998779296875,404.70001220703125,57874,0.0,0.0
2025-03-10 12:40:00+05:30,404.70001220703125,405.0,404.6499938964844,404.8500061035156,75163,0.0,0.0
2025-03-10 12:45:00+05:30,404.8500061035156,404.95001220703125,404.6499938964844,404.8500061035156,76361,0.0,0.0
2025-03-10 12:50:00+05:30,404.79998779296875,404.8999938964844,404.6499938964844,404.75,60620,0.0,0.0
2025-03-10 12:55:00+05:30,404.8999938964844,404.95001220703125,404.6499938964844,404.6499938964844,49695,0.0,0.0
2025-03-10 13:00:00+05:30,404.70001220703125,404.75,404.6499938964844,404.70001220703125,73795,0.0,0.0
2025-03-10 13:05:00+05:30,404.8500061035156,405.0,404.70001220703125,404.79998779296875,74605,0.0,0.0
2025-03-10 13:10:00+05:30,404.79998779296875,404.79998779296875,404.25,404.54998779296875,88145,0.0,0.0
2025-03-10 13:15:00+05:30,404.54998779296875,404.54998779296875,404.1000061035156,404.1499938964844,71323,0.0,0.0
2025-03-10 13:20:00+05:30,404.1499938964844,404.6499938964844,404.1000061035156,404.3999938964844,80769,0.0,0.0
2025-03-10 13:25:00+05:30,404.45001220703125,404.70001220703125,404.1000061035156,404.6000061035156,79938,0.0,0.0
2025-03-10 13:30:00+05:30,404.6000061035156,404.8500061035156,404.3500061035156,404.75,101108,0.0,0.0
2025-03-10 13:35:00+05:30,404.6000061035156,404.79998779296875,404.45001220703125,404.70001220703125,91213,0.0,0.0
2025-03-10 13:40:00+05:30,404.70001220703125,404.8500061035156,404.45001220703125,404.6000061035156,57953,0.0,0.0
2025-03-10 13:45:00+05:30,404.54998779296875,404.75,404.25,404.3999938964844,87808,0.0,0.0
2025-03-10 13:50:00+05:30,404.3999938964844,404.5,404.1000061035156,404.3999938964844,77879,0.0,0.0
2025-03-10 13:55:00+05:30,404.3500061035156,404.75,404.3500061035156,404.54998779296875,81772,0.0,0.0
2025-03-10 14:00:00+05:30,404.6000061035156,404.75,404.3500061035156,404.45001220703125,64642,0.0,0.0
2025-03-10 14:05:00+05:30,404.45001220703125,404.75,404.3500061035156,404.6499938964844,98523,0.0,0.0
2025-03-10 14:10:00+05:30,404.6000061035156,404.75,404.3500061035156,404.54998779296875,53888,0.0,0.0
2025-03-10 14:15:00+05:30,404.54998779296875,404.54998779296875,404.29998779296875,404.3500061035156,60749,0.0,0.0
2025-03-10 14:20:00+05:30,404.3999938964844,404.70001220703125,404.3500061035156,404.70001220703125,135824,0.0,0.0
2025-03-10 14:25:00+05:30,404.6499938964844,404.95001220703125,404.3500061035156,404.79998779296875,174413,0.0,0.0
2025-03-10 14:30:00+05:30,404.75,404.79998779296875,404.3500061035156,404.3999938964844,135294,0.0,0.0
2025-03-10 14:35:00+05:30,404.3500061035156,404.8500061035156,404.25,404.3500061035156,974468,0.0,0.0
2025-03-10 14:40:00+05:30,404.3999938964844,404.79998779296875,404.1000061035156,404.1499938964844,177495,0.0,0.0
2025-03-10 14:45:00+05:30,404.1499938964844,404.3999938964844,404.04998779296875,404.1499938964844,136178,0.0,0.0
2025-03-10 14:50:00+05:30,404.1499938964844,404.3999938964844,404.04998779296875,404.1000061035156,171154,0.0,0.0
2025-03-10 14:55:00+05:30,404.1000061035156,404.45001220703125,404.0,404.3999938964844,164625,0.0,0.0
2025-03-10 15:00:00+05:30,404.3500061035156,404.8999938964844,404.3500061035156,404.8500061035156,232969,0.0,0.0
2025-03-10 15:05:00+05:30,404.79998779296875,405.45001220703125,404.79998779296875,405.3999938964844,263346,0.0,0.0
2025-03-10 15:10:00+05:30,405.3999938964844,405.5,405.25,405.3500061035156,277735,0.0,0.0
2025-03-10 15:15:00+05:30,405.3500061035156,405.3500061035156,404.70001220703125,404.95001220703125,239288,0.0,0.0
2025-03-10 15:20:00+05:30,404.75,405.1000061035156,404.75,404.8999938964844,243870,0.0,0.0
2025-03-10 15:25:00+05:30,404.8999938964844,405.25,404.5,405.0,246100,0.0,0.0
2025-03-11 09:15:00+05:30,401.3500061035156,406.6000061035156,401.3500061035156,406.5,0,0.0,0.0
2025-03-11 09:20:00+05:30,406.3999938964844,407.20001220703125,405.79998779296875,406.25,403637,0.0,0.0
2025-03-11 09:25:00+05:30,406.1000061035156,406.29998779296875,404.79998779296875,405.04998779296875,267012,0.0,0.0
2025-03-11 09:30:00+05:30,405.1000061035156,406.20001220703125,404.75,405.6000061035156,247270,0.0,0.0
2025-03-11 09:35:00+05:30,405.6000061035156,405.95001220703125,405.45001220703125,405.70001220703125,93495,0.0,0.0
2025-03-11 09:40:00+05:30,405.70001220703125,406.3500061035156,405.6499938964844,406.25,240090,0.0,0.0
2025-03-11 09:45:00+05:30,406.25,407.5,406.20001220703125,407.0,214600,0.0,0.0
2025-03-11 09:50:00+05:30,406.95001220703125,407.25,406.45001220703125,407.20001220703125,153517,0.0,0.0
2025-03-11 09:55:00+05:30,407.20001220703125,407.75,406.6000061035156,407.70001220703125,189911,0.0,0.0
2025-03-11 10:00:00+05:30,407.8500061035156,407.8500061035156,406.79998779296875,407.25,158057,0.0,0.0
2025-03-11 10:05:00+05:30,407.04998779296875,407.8999938964844,407.0,407.70001220703125,171551,0.0,0.0
2025-03-11 10:10:00+05:30,407.70001220703125,407.70001220703125,406.79998779296875,407.3999938964844,158451,0.0,0.0
2025-03-11 10:15:00+05:30,407.3500061035156,407.3500061035156,406.70001220703125,406.95001220703125,88006,0.0,0.0
2025-03-11 10:20:00+05:30,406.8999938964844,406.95001220703125,406.20001220703125,406.70001220703125,73866,0.0,0.0
2025-03-11 10:25:00+05:30,406.6499938964844,406.95001220703125,406.5,406.8500061035156,46960,0.0,0.0
2025-03-11 10:30:00+05:30,406.8500061035156,406.8500061035156,406.04998779296875,406.75,103565,0.0,0.0
2025-03-11 10:35:00+05:30,406.70001220703125,406.8500061035156,406.3500061035156,406.70001220703125,44058,0.0,0.0
2025-03-11 10:40:00+05:30,406.70001220703125,406.95001220703125,406.6499938964844,406.8999938964844,50114,0.0,0.0
2025-03-11 10:45:00+05:30,406.8999938964844,406.8999938964844,406.3500061035156,406.6499938964844,75277,0.0,0.0
2025-03-11 10:50:00+05:30,406.5,407.5,406.45001220703125,407.25,196163,0.0,0.0
2025-03-11 10:55:00+05:30,407.29998779296875,407.8500061035156,407.29998779296875,407.45001220703125,118235,0.0,0.0
2025-03-11 11:00:00+05:30,407.3999938964844,408.29998779296875,407.25,407.79998779296875,267441,0.0,0.0
2025-03-11 11:05:00+05:30,407.79998779296875,408.20001220703125,407.45001220703125,407.70001220703125,351172,0.0,0.0
2025-03-11 11:10:00+05:30,407.70001220703125,407.8500061035156,407.3999938964844,407.3999938964844,77475,0.0,0.0
2025-03-11 11:15:00+05:30,407.3999938964844,407.6000061035156,407.04998779296875,407.6000061035156,126573,0.0,0.0
2025-03-11 11:20:00+05:30,407.45001220703125,407.5,407.04998779296875,407.29998779296875,92348,0.0,0.0
2025-03-11 11:25:00+05:30,407.25,407.79998779296875,407.25,407.6000061035156,124348,0.0,0.0
2025-03-11 11:30:00+05:30,407.54998779296875,407.79998779296875,407.45001220703125,407.54998779296875,140399,0.0,0.0
2025-03-11 11:35:00+05:30,407.54998779296875,407.8999938964844,407.54998779296875,407.79998779296875,95382,0.0,0.0
2025-03-11 11:40:00+05:30,407.8500061035156,407.8500061035156,407.5,407.6499938964844,88916,0.0,0.0
2025-03-11 11:45:00+05:30,407.70001220703125,407.70001220703125,407.54998779296875,407.6000061035156,61310,0.0,0.0
2025-03-11 11:50:00+05:30,407.6000061035156,407.6000061035156,407.04998779296875,407.20001220703125,74150,0.0,0.0
2025-03-11 11:55:00+05:30,407.04998779296875,407.25,407.04998779296875,407.25,77676,0.0,0.0
2025-03-11 12:00:00+05:30,407.25,407.25,406.6499938964844,406.95001220703125,114401,0.0,0.0
2025-03-11 12:05:00+05:30,407.0,407.1499938964844,406.70001220703125,406.70001220703125,71767,0.0,0.0
2025-03-11 12:10:00+05:30,406.8999938964844,406.8999938964844,406.6499938964844,406.79998779296875,77727,0.0,0.0
2025-03-11 12:15:00+05:30,406.79998779296875,406.95001220703125,406.70001220703125,406.8999938964844,67925,0.0,0.0
2025-03-11 12:20:00+05:30,406.8500061035156,407.25,406.70001220703125,407.20001220703125,85153,0.0,0.0
2025-03-11 12:25:00+05:30,407.20001220703125,407.3500061035156,406.70001220703125,406.8999938964844,75389,0.0,0.0
2025-03-11 12:30:00+05:30,406.8999938964844,407.0,406.70001220703125,407.0,67422,0.0,0.0
2025-03-11 12:35:00+05:30,407.0,407.3999938964844,406.75,407.3999938964844,80427,0.0,0.0
2025-03-11 12:40:00+05:30,407.3999938964844,407.5,407.1000061035156,407.3500061035156,60977,0.0,0.0
2025-03-11 12:45:00+05:30,407.3500061035156,407.5,407.1000061035156,407.3500061035156,68166,0.0,0.0
2025-03-11 12:50:00+05:30,407.3500061035156,407.79998779296875,407.25,407.45001220703125,86746,0.0,0.0
2025-03-11 12:55:00+05:30,407.3999938964844,407.54998779296875,407.20001220703125,407.29998779296875,101550,0.0,0.0
2025-03-11 13:00:00+05:30,407.29998779296875,407.5,407.1000061035156,407.45001220703125,72999,0.0,0.0
2025-03-11 13:05:00+05:30,407.45001220703125,407.5,407.0,407.3500061035156,108485,0.0,0.0
2025-03-11 13:10:00+05:30,407.3500061035156,407.5,407.20001220703125,407.5,65126,0.0,0.0
2025-03-11 13:15:00+05:30,407.45001220703125,407.45001220703125,407.04998779296875,407.1499938964844,83372,0.0,0.0
2025-03-11 13:20:00+05:30,407.1499938964844,407.25,406.8500061035156,407.04998779296875,153401,0.0,0.0
2025-03-11 13:25:00+05:30,407.0,407.29998779296875,406.8500061035156,407.1499938964844,79415,0.0,0.0
2025-03-11 13:30:00+05:30,407.1000061035156,407.20001220703125,406.20001220703125,406.5,146627,0.0,0.0
2025-03-11 13:35:00+05:30,406.29998779296875,406.3999938964844,405.6499938964844,406.29998779296875,216695,0.0,0.0
2025-03-11 13:40:00+05:30,406.25,406.29998779296875,405.95001220703125,406.20001220703125,102719,0.0,0.0
2025-03-11 13:45:00+05:30,406.25,406.25,405.6499938964844,405.8500061035156,142474,0.0,0.0
2025-03-11 13:50:00+05:30,405.8500061035156,406.45001220703125,405.8500061035156,406.1499938964844,93312,0.0,0.0
2025-03-11 13:55:00+05:30,406.20001220703125,406.3999938964844,406.04998779296875,406.3999938964844,93772,0.0,0.0
2025-03-11 14:00:00+05:30,406.20001220703125,406.45001220703125,405.70001220703125,405.95001220703125,133139,0.0,0.0
2025-03-11 14:05:00+05:30,406.1499938964844,406.29998779296875,405.95001220703125,406.20001220703125,91562,0.0,0.0
2025-03-11 14:10:00+05:30,406.20001220703125,406.3999938964844,406.04998779296875,406.20001220703125,88353,0.0,0.0
2025-03-11 14:15:00+05:30,406.20001220703125,406.45001220703125,406.1499938964844,406.29998779296875,101875,0.0,0.0
2025-03-11 14:20:00+05:30,406.3999938964844,406.6000061035156,406.29998779296875,406.6000061035156,81425,0.0,0.0
2025-03-11 14:25:00+05:30,406.54998779296875,406.6499938964844,406.1499938964844,406.3999938964844,112495,0.0,0.0
2025-03-11 14:30:00+05:30,406.3999938964844,406.54998779296875,406.20001220703125,406.5,85785,0.0,0.0
2025-03-11 14:35:00+05:30,406.54998779296875,407.25,406.54998779296875,406.8500061035156,174972,0.0,0.0
2025-03-11 14:40:00+05:30,406.8500061035156,406.8500061035156,406.54998779296875,406.6499938964844,97438,0.0,0.0
2025-03-11 14:45:00+05:30,406.6000061035156,406.8500061035156,406.5,406.75,165041,0.0,0.0
2025-03-11 14:50:00+05:30,406.75,406.79998779296875,406.25,406.3999938964844,132672,0.0,0.0
2025-03-11 14:55:00+05:30,406.5,406.79998779296875,406.20001220703125,406.3999938964844,113020,0.0,0.0
2025-03-11 15:00:00+05:30,406.3999938964844,406.8999938964844,406.20001220703125,406.54998779296875,368391,0.0,0.0
2025-03-11 15:05:00+05:30,406.54998779296875,406.6000061035156,406.20001220703125,406.3500061035156,321067,0.0,0.0
2025-03-11 15:10:00+05:30,406.29998779296875,406.29998779296875,406.04998779296875,406.20001220703125,221278,0.0,0.0
2025-03-11 15:15:00+05:30,406.20001220703125,406.3999938964844,406.0,406.3999938964844,331368,0.0,0.0
2025-03-11 15:20:00+05:30,406.3500061035156,406.3500061035156,405.75,405.8999938964844,315915,0.0,0.0
2025-03-11 15:25:00+05:30,405.8999938964844,406.5,405.3999938964844,406.20001220703125,367610,0.0,0.0
2025-03-12 09:15:00+05:30,407.0,407.79998779296875,405.1000061035156,405.75,0,0.0,0.0
2025-03-12 09:20:00+05:30,405.75,406.20001220703125,405.1499938964844,405.5,73195,0.0,0.0
2025-03-12 09:25:00+05:30,405.45001220703125,405.45001220703125,404.3500061035156,404.45001220703125,85751,0.0,0.0
2025-03-12 09:30:00+05:30,404.3500061035156,405.29998779296875,404.3500061035156,404.70001220703125,115882,0.0,0.0
2025-03-12 09:35:00+05:30,404.70001220703125,405.1000061035156,404.45001220703125,405.0,124564,0.0,0.0
2025-03-12 09:40:00+05:30,404.79998779296875,405.20001220703125,404.5,404.6499938964844,216318,0.0,0.0
2025-03-12 09:45:00+05:30,404.6499938964844,405.8999938964844,404.1000061035156,405.8500061035156,140157,0.0,0.0
2025-03-12 09:50:00+05:30,405.8999938964844,406.75,405.8999938964844,406.3500061035156,92992,0.0,0.0
2025-03-12 09:55:00+05:30,406.20001220703125,406.95001220703125,406.1000061035156,406.8500061035156,99149,0.0,0.0
2025-03-12 10:00:00+05:30,406.8999938964844,407.6000061035156,406.6499938964844,407.0,132466,0.0,0.0
2025-03-12 10:05:00+05:30,407.0,407.5,406.8999938964844,407.29998779296875,119924,0.0,0.0
2025-03-12 10:10:00+05:30,407.25,407.5,407.1499938964844,407.3999938964844,44007,0.0,0.0
2025-03-12 10:15:00+05:30,407.29998779296875,407.5,407.0,407.04998779296875,112198,0.0,0.0
2025-03-12 10:20:00+05:30,407.1499938964844,407.54998779296875,406.5,406.8500061035156,139485,0.0,0.0
2025-03-12 10:25:00+05:30,406.79998779296875,406.79998779296875,406.45001220703125,406.6499938964844,24595,0.0,0.0
2025-03-12 10:30:00+05:30,406.6499938964844,406.8999938964844,406.3500061035156,406.70001220703125,32694,0.0,0.0
2025-03-12 10:35:00+05:30,406.54998779296875,406.8500061035156,406.3999938964844,406.6499938964844,41425,0.0,0.0
2025-03-12 10:40:00+05:30,406.75,407.0,406.6000061035156,406.75,26184,0.0,0.0
2025-03-12 10:45:00+05:30,406.75,406.95001220703125,406.54998779296875,406.95001220703125,27134,0.0,0.0
2025-03-12 10:50:00+05:30,406.8500061035156,406.95001220703125,406.3999938964844,406.79998779296875,54650,0.0,0.0
2025-03-12 10:55:00+05:30,406.79998779296875,406.79998779296875,406.45001220703125,406.5,21565,0.0,0.0
2025-03-12 11:00:00+05:30,406.54998779296875,406.54998779296875,406.20001220703125,406.5,32922,0.0,0.0
2025-03-12 11:05:00+05:30,406.45001220703125,406.75,406.3999938964844,406.45001220703125,35812,0.0,0.0
2025-03-12 11:10:00+05:30,406.54998779296875,406.8999938964844,406.3999938964844,406.79998779296875,41488,0.0,0.0
2025-03-12 11:15:00+05:30,406.8500061035156,407.3999938964844,406.79998779296875,407.25,74513,0.0,0.0
2025-03-12 11:20:00+05:30,407.1000061035156,408.0,407.1000061035156,407.6000061035156,1427506,0.0,0.0
2025-03-12 11:25:00+05:30,407.54998779296875,408.1000061035156,407.54998779296875,407.75,75259,0.0,0.0
2025-03-12 11:30:00+05:30,407.70001220703125,408.3999938964844,407.6499938964844,408.1499938964844,112156,0.0,0.0
2025-03-12 11:35:00+05:30,408.1499938964844,408.1499938964844,407.70001220703125,407.79998779296875,82422,0.0,0.0
2025-03-12 11:40:00+05:30,407.79998779296875,408.0,407.6000061035156,407.70001220703125,50268,0.0,0.0
2025-03-12 11:45:00+05:30,407.6000061035156,407.70001220703125,407.54998779296875,407.70001220703125,25166,0.0,0.0
2025-03-12 11:50:00+05:30,407.70001220703125,407.70001220703125,407.0,407.20001220703125,80314,0.0,0.0
2025-03-12 11:55:00+05:30,407.3500061035156,407.8500061035156,407.25,407.79998779296875,68411,0.0,0.0
2025-03-12 12:00:00+05:30,407.79998779296875,407.79998779296875,407.25,407.29998779296875,71778,0.0,0.0
2025-03-12 12:05:00+05:30,407.54998779296875,407.70001220703125,407.20001220703125,407.6499938964844,98298,0.0,0.0
2025-03-12 12:10:00+05:30,407.79998779296875,409.45001220703125,407.6000061035156,409.25,1003572,0.0,0.0
2025-03-12 12:15:00+05:30,409.29998779296875,410.20001220703125,409.20001220703125,409.5,415240,0.0,0.0
2025-03-12 12:20:00+05:30,409.70001220703125,409.75,409.0,409.04998779296875,108303,0.0,0.0
2025-03-12 12:25:00+05:30,409.1499938964844,409.45001220703125,409.04998779296875,409.20001220703125,81266,0.0,0.0
2025-03-12 12:30:00+05:30,409.20001220703125,409.45001220703125,409.04998779296875,409.45001220703125,51963,0.0,0.0
2025-03-12 12:35:00+05:30,409.3999938964844,409.3999938964844,409.0,409.20001220703125,46606,0.0,0.0
2025-03-12 12:40:00+05:30,409.20001220703125,409.3999938964844,409.0,409.1000061035156,66095,0.0,0.0
2025-03-12 12:45:00+05:30,409.1000061035156,409.20001220703125,408.8500061035156,409.1000061035156,107693,0.0,0.0
2025-03-12 12:50:00+05:30,409.1000061035156,409.3999938964844,409.04998779296875,409.3999938964844,81255,0.0,0.0
2025-03-12 12:55:00+05:30,409.29998779296875,409.3999938964844,408.79998779296875,409.04998779296875,38919,0.0,0.0
2025-03-12 13:00:00+05:30,409.1499938964844,409.29998779296875,409.0,409.20001220703125,42577,0.0,0.0
2025-03-12 13:05:00+05:30,409.20001220703125,409.29998779296875,409.0,409.25,42873,0.0,0.0
2025-03-12 13:10:00+05:30,409.25,409.70001220703125,409.1499938964844,409.54998779296875,71853,0.0,0.0
2025-03-12 13:15:00+05:30,409.6499938964844,410.1000061035156,409.6499938964844,409.95001220703125,495240,0.0,0.0
2025-03-12 13:20:00+05:30,410.0,410.3999938964844,409.75,410.29998779296875,91601,0.0,0.0
2025-03-12 13:25:00+05:30,410.1499938964844,410.3999938964844,409.8500061035156,410.1499938964844,58039,0.0,0.0
2025-03-12 13:30:00+05:30,410.1499938964844,410.45001220703125,410.0,410.29998779296875,99646,0.0,0.0
2025-03-12 13:35:00+05:30,410.25,410.75,410.0,410.45001220703125,173760,0.0,0.0
2025-03-12 13:40:00+05:30,410.3999938964844,410.75,410.20001220703125,410.5,153831,0.0,0.0
2025-03-12 13:45:00+05:30,410.5,411.1000061035156,410.45001220703125,411.04998779296875,505199,0.0,0.0
2025-03-12 13:50:00+05:30,411.04998779296875,411.1000061035156,410.45001220703125,410.54998779296875,259801,0.0,0.0
2025-03-12 13:55:00+05:30,410.5,410.54998779296875,410.04998779296875,410.5,51350,0.0,0.0
2025-03-12 14:00:00+05:30,410.3999938964844,410.5,410.1000061035156,410.29998779296875,39252,0.0,0.0
2025-03-12 14:05:00+05:30,410.20001220703125,410.5,410.20001220703125,410.5,70220,0.0,0.0
2025-03-12 14:10:00+05:30,410.3500061035156,410.8500061035156,410.29998779296875,410.75,42014,0.0,0.0
2025-03-12 14:15:00+05:30,410.75,411.0,410.6000061035156,410.8999938964844,347339,0.0,0.0
2025-03-12 14:20:00+05:30,411.04998779296875,411.20001220703125,410.75,411.0,74103,0.0,0.0
2025-03-12 14:25:00+05:30,411.0,411.3500061035156,410.70001220703125,411.25,90013,0.0,0.0
2025-03-12 14:30:00+05:30,411.25,411.3999938964844,410.95001220703125,411.29998779296875,86106,0.0,0.0
2025-03-12 14:35:00+05:30,411.3500061035156,412.95001220703125,411.1499938964844,412.3999938964844,631354,0.0,0.0
2025-03-12 14:40:00+05:30,412.3999938964844,412.8500061035156,411.8999938964844,412.3500061035156,391997,0.0,0.0
2025-03-12 14:45:00+05:30,412.5,412.54998779296875,412.04998779296875,412.1499938964844,282618,0.0,0.0
2025-03-12 14:50:00+05:30,412.25,412.5,411.8999938964844,412.04998779296875,90646,0.0,0.0
2025-03-12 14:55:00+05:30,411.8999938964844,413.0,411.8999938964844,412.8500061035156,196916,0.0,0.0
2025-03-12 15:00:00+05:30,412.8500061035156,413.04998779296875,411.79998779296875,412.04998779296875,236427,0.0,0.0
2025-03-12 15:05:00+05:30,412.04998779296875,412.1000061035156,411.70001220703125,411.8999938964844,133463,0.0,0.0
2025-03-12 15:10:00+05:30,411.8999938964844,412.5,411.8500061035156,412.25,542687,0.0,0.0
2025-03-12 15:15:00+05:30,412.3500061035156,412.54998779296875,412.0,412.3500061035156,1094661,0.0,0.0
2025-03-12 15:20:00+05:30,412.29998779296875,412.54998779296875,412.1000061035156,412.3999938964844,622632,0.0,0.0
2025-03-12 15:25:00+05:30,412.29998779296875,412.70001220703125,412.25,412.54998779296875,542819,0.0,0.0
2025-03-13 09:15:00+05:30,413.0,413.0,410.29998779296875,410.6499938964844,0,0.0,0.0
2025-03-13 09:20:00+05:30,410.54998779296875,411.3500061035156,410.3999938964844,411.25,68621,0.0,0.0
2025-03-13 09:25:00+05:30,411.3999938964844,412.1499938964844,410.8500061035156,411.25,100589,0.0,0.0
2025-03-13 09:30:00+05:30,410.95001220703125,411.0,409.1499938964844,409.5,155121,0.0,0.0
2025-03-13 09:35:00+05:30,409.3999938964844,409.3999938964844,408.20001220703125,408.45001220703125,115174,0.0,0.0
2025-03-13 09:40:00+05:30,408.3999938964844,409.20001220703125,408.29998779296875,409.20001220703125,60406,0.0,0.0
2025-03-13 09:45:00+05:30,409.20001220703125,409.6000061035156,408.75,409.3999938964844,49421,0.0,0.0
2025-03-13 09:50:00+05:30,409.3999938964844,410.8500061035156,409.3500061035156,410.6000061035156,100462,0.0,0.0
2025-03-13 09:55:00+05:30,410.6000061035156,411.8999938964844,410.6000061035156,411.3999938964844,104140,0.0,0.0
2025-03-13 10:00:00+05:30,411.3999938964844,412.3500061035156,411.3999938964844,412.3500061035156,125412,0.0,0.0
2025-03-13 10:05:00+05:30,412.3500061035156,412.95001220703125,412.3500061035156,412.5,83436,0.0,0.0
2025-03-13 10:10:00+05:30,412.6000061035156,412.70001220703125,412.3500061035156,412.70001220703125,58825,0.0,0.0
2025-03-13 10:15:00+05:30,412.70001220703125,413.3500061035156,412.6000061035156,412.95001220703125,121263,0.0,0.0
2025-03-13 10:20:00+05:30,413.0,413.0,412.1000061035156,412.5,47280,0.0,0.0
2025-03-13 10:25:00+05:30,412.3999938964844,412.45001220703125,412.0,412.0,23460,0.0,0.0
2025-03-13 10:30:00+05:30,412.1000061035156,412.5,412.1000061035156,412.20001220703125,17827,0.0,0.0
2025-03-13 10:35:00+05:30,412.25,412.70001220703125,412.1499938964844,412.70001220703125,31306,0.0,0.0
2025-03-13 10:40:00+05:30,412.75,412.95001220703125,412.3999938964844,412.75,37858,0.0,0.0
2025-03-13 10:45:00+05:30,412.79998779296875,412.8500061035156,412.6000061035156,412.75,30652,0.0,0.0
2025-03-13 10:50:00+05:30,412.75,412.95001220703125,412.04998779296875,412.20001220703125,57160,0.0,0.0
2025-03-13 10:55:00+05:30,412.29998779296875,412.75,411.95001220703125,412.29998779296875,178029,0.0,0.0
2025-03-13 11:00:00+05:30,412.6000061035156,412.6000061035156,412.0,412.04998779296875,164111,0.0,0.0
2025-03-13 11:05:00+05:30,412.04998779296875,412.54998779296875,412.0,412.3999938964844,59617,0.0,0.0
2025-03-13 11:10:00+05:30,412.3999938964844,414.1499938964844,412.3999938964844,414.0,147095,0.0,0.0
2025-03-13 11:15:00+05:30,414.1000061035156,414.29998779296875,413.54998779296875,413.8999938964844,93854,0.0,0.0
2025-03-13 11:20:00+05:30,413.95001220703125,414.20001220703125,413.6499938964844,414.20001220703125,78398,0.0,0.0
2025-03-13 11:25:00+05:30,414.20001220703125,414.3999938964844,413.75,414.20001220703125,105361,0.0,0.0
2025-03-13 11:30:00+05:30,414.1499938964844,414.20001220703125,413.3500061035156,413.45001220703125,59316,0.0,0.0
2025-03-13 11:35:00+05:30,413.3999938964844,413.75,412.45001220703125,412.6000061035156,267792,0.0,0.0
2025-03-13 11:40:00+05:30,412.20001220703125,412.54998779296875,411.29998779296875,412.5,187040,0.0,0.0
2025-03-13 11:45:00+05:30,412.3999938964844,412.5,411.25,411.3500061035156,232825,0.0,0.0
2025-03-13 11:50:00+05:30,411.25,411.95001220703125,411.1499938964844,411.1499938964844,79031,0.0,0.0
2025-03-13 11:55:00+05:30,411.1000061035156,411.8500061035156,411.04998779296875,411.8500061035156,41615,0.0,0.0
2025-03-13 12:00:00+05:30,411.8500061035156,412.20001220703125,411.6499938964844,412.0,44293,0.0,0.0
2025-03-13 12:05:00+05:30,411.8999938964844,412.1499938964844,411.54998779296875,412.1499938964844,46280,0.0,0.0
2025-03-13 12:10:00+05:30,412.1499938964844,412.20001220703125,411.70001220703125,411.8500061035156,69746,0.0,0.0
2025-03-13 12:15:00+05:30,411.8999938964844,412.75,411.79998779296875,412.70001220703125,124145,0.0,0.0
2025-03-13 12:20:00+05:30,412.75,412.8500061035156,412.3500061035156,412.70001220703125,48280,0.0,0.0
2025-03-13 12:25:00+05:30,412.6000061035156,412.79998779296875,412.3500061035156,412.45001220703125,71002,0.0,0.0
2025-03-13 12:30:00+05:30,412.5,412.70001220703125,412.3999938964844,412.45001220703125,51562,0.0,0.0
2025-03-13 12:35:00+05:30,412.45001220703125,412.6000061035156,412.3500061035156,412.5,53900,0.0,0.0
2025-03-13 12:40:00+05:30,412.5,412.6499938964844,412.25,412.6000061035156,65733,0.0,0.0
2025-03-13 12:45:00+05:30,412.6499938964844,412.6499938964844,412.20001220703125,412.29998779296875,60982,0.0,0.0
2025-03-13 12:50:00+05:30,412.5,412.79998779296875,412.29998779296875,412.70001220703125,52873,0.0,0.0
2025-03-13 12:55:00+05:30,412.70001220703125,412.79998779296875,412.5,412.75,55965,0.0,0.0
2025-03-13 13:00:00+05:30,412.79998779296875,412.8500061035156,412.6499938964844,412.79998779296875,60615,0.0,0.0
2025-03-13 13:05:00+05:30,412.79998779296875,412.95001220703125,412.25,412.3500061035156,51877,0.0,0.0
2025-03-13 13:10:00+05:30,412.29998779296875,412.75,412.25,412.6000061035156,64937,0.0,0.0
2025-03-13 13:15:00+05:30,412.6000061035156,412.95001220703125,412.29998779296875,412.95001220703125,111117,0.0,0.0
2025-03-13 13:20:00+05:30,412.95001220703125,413.0,412.6499938964844,412.70001220703125,74791,0.0,0.0
2025-03-13 13:25:00+05:30,412.8999938964844,413.0,412.6499938964844,412.6499938964844,102150,0.0,0.0
2025-03-13 13:30:00+05:30,412.5,413.0,412.5,413.0,76065,0.0,0.0
2025-03-13 13:35:00+05:30,413.0,413.6000061035156,412.95001220703125,413.54998779296875,75247,0.0,0.0
2025-03-13 13:40:00+05:30,413.54998779296875,413.75,413.29998779296875,413.6000061035156,81435,0.0,0.0
2025-03-13 13:45:00+05:30,413.6000061035156,413.75,413.54998779296875,413.6499938964844,93243,0.0,0.0
2025-03-13 13:50:00+05:30,413.70001220703125,413.75,413.20001220703125,413.20001220703125,66547,0.0,0.0
2025-03-13 13:55:00+05:30,413.25,413.3999938964844,412.70001220703125,413.1000061035156,84211,0.0,0.0
2025-03-13 14:00:00+05:30,413.1000061035156,413.8999938964844,412.95001220703125,413.6000061035156,458317,0.0,0.0
2025-03-13 14:05:00+05:30,413.6499938964844,413.79998779296875,413.3500061035156,413.70001220703125,72602,0.0,0.0
2025-03-13 14:10:00+05:30,413.6499938964844,413.6499938964844,413.25,413.29998779296875,61209,0.0,0.0
2025-03-13 14:15:00+05:30,413.3999938964844,413.3999938964844,412.6499938964844,413.04998779296875,100756,0.0,0.0
2025-03-13 14:20:00+05:30,413.0,413.0,412.45001220703125,412.79998779296875,93189,0.0,0.0
2025-03-13 14:25:00+05:30,412.79998779296875,412.95001220703125,412.1000061035156,412.5,93397,0.0,0.0
2025-03-13 14:30:00+05:30,412.5,412.5,411.70001220703125,412.20001220703125,167830,0.0,0.0
2025-03-13 14:35:00+05:30,412.25,412.75,412.04998779296875,412.70001220703125,218176,0.0,0.0
2025-03-13 14:40:00+05:30,412.70001220703125,412.79998779296875,412.5,412.70001220703125,189946,0.0,0.0
2025-03-13 14:45:00+05:30,412.70001220703125,412.79998779296875,412.3999938964844,412.6499938964844,186223,0.0,0.0
2025-03-13 14:50:00+05:30,412.6499938964844,413.0,412.45001220703125,412.5,203477,0.0,0.0
2025-03-13 14:55:00+05:30,412.75,413.79998779296875,412.6499938964844,413.25,318201,0.0,0.0
2025-03-13 15:00:00+05:30,413.1499938964844,413.1499938964844,412.6000061035156,412.70001220703125,155544,0.0,0.0
2025-03-13 15:05:00+05:30,412.6000061035156,412.75,412.04998779296875,412.1499938964844,176710,0.0,0.0
2025-03-13 15:10:00+05:30,412.20001220703125,412.29998779296875,411.6499938964844,411.70001220703125,175898,0.0,0.0
2025-03-13 15:15:00+05:30,411.8500061035156,412.1000061035156,411.3999938964844,411.75,251539,0.0,0.0
2025-03-13 15:20:00+05:30,411.8999938964844,411.95001220703125,411.3500061035156,411.79998779296875,178325,0.0,0.0
2025-03-13 15:25:00+05:30,411.8500061035156,412.04998779296875,411.25,411.5,152904,0.0,0.0
2025-03-17 09:15:00+05:30,413.04998779296875,416.1000061035156,413.04998779296875,414.45001220703125,0,0.0,0.0
2025-03-17 09:20:00+05:30,414.3999938964844,414.6000061035156,413.5,413.70001220703125,56109,0.0,0.0
2025-03-17 09:25:00+05:30,413.75,413.75,412.5,412.8500061035156,88246,0.0,0.0
2025-03-17 09:30:00+05:30,412.79998779296875,413.79998779296875,412.1000061035156,413.5,125904,0.0,0.0
2025-03-17 09:35:00+05:30,413.3500061035156,414.3999938964844,413.20001220703125,414.20001220703125,125559,0.0,0.0
2025-03-17 09:40:00+05:30,414.1000061035156,414.1499938964844,412.29998779296875,412.5,67013,0.0,0.0
2025-03-17 09:45:00+05:30,412.6000061035156,412.6000061035156,411.5,411.6499938964844,83888,0.0,0.0
2025-03-17 09:50:00+05:30,411.6000061035156,412.1499938964844,411.25,411.6499938964844,81118,0.0,0.0
2025-03-17 09:55:00+05:30,411.6499938964844,411.8999938964844,411.29998779296875,411.3999938964844,74019,0.0,0.0
2025-03-17 10:00:00+05:30,411.29998779296875,411.8999938964844,411.25,411.3999938964844,42102,0.0,0.0
2025-03-17 10:05:00+05:30,411.29998779296875,411.79998779296875,411.0,411.70001220703125,131713,0.0,0.0
2025-03-17 10:10:00+05:30,411.70001220703125,412.25,411.70001220703125,412.0,61444,0.0,0.0
2025-03-17 10:15:00+05:30,412.0,412.0,411.29998779296875,411.45001220703125,51042,0.0,0.0
2025-03-17 10:20:00+05:30,411.3999938964844,411.45001220703125,411.0,411.45001220703125,52457,0.0,0.0
2025-03-17 10:25:00+05:30,411.3999938964844,411.3999938964844,410.3999938964844,410.54998779296875,55467,0.0,0.0
2025-03-17 10:30:00+05:30,410.5,410.6499938964844,410.1499938964844,410.20001220703125,43510,0.0,0.0
2025-03-17 10:35:00+05:30,410.1000061035156,410.25,409.6499938964844,409.75,47252,0.0,0.0
2025-03-17 10:40:00+05:30,409.75,409.75,409.3999938964844,409.70001220703125,49498,0.0,0.0
2025-03-17 10:45:00+05:30,409.70001220703125,410.0,409.29998779296875,409.3999938964844,55148,0.0,0.0
2025-03-17 10:50:00+05:30,409.3999938964844,409.54998779296875,409.0,409.54998779296875,52623,0.0,0.0
2025-03-17 10:55:00+05:30,409.54998779296875,410.25,409.3999938964844,410.04998779296875,39725,0.0,0.0
2025-03-17 11:00:00+05:30,410.04998779296875,410.5,410.0,410.25,51193,0.0,0.0
2025-03-17 11:05:00+05:30,410.29998779296875,410.3500061035156,410.0,410.1000061035156,31395,0.0,0.0
2025-03-17 11:10:00+05:30,410.0,410.04998779296875,409.29998779296875,409.29998779296875,64032,0.0,0.0
2025-03-17 11:15:00+05:30,409.20001220703125,409.3500061035156,408.70001220703125,408.95001220703125,56482,0.0,0.0
2025-03-17 11:20:00+05:30,408.8999938964844,408.8999938964844,408.5,408.54998779296875,33428,0.0,0.0
2025-03-17 11:25:00+05:30,408.54998779296875,408.8500061035156,408.3999938964844,408.75,53806,0.0,0.0
2025-03-17 11:30:00+05:30,408.79998779296875,408.8500061035156,408.5,408.54998779296875,23005,0.0,0.0
2025-03-17 11:35:00+05:30,408.5,409.25,408.45001220703125,409.0,45956,0.0,0.0
2025-03-17 11:40:00+05:30,409.20001220703125,409.20001220703125,408.79998779296875,409.0,25715,0.0,0.0
2025-03-17 11:45:00+05:30,409.0,409.0,408.75,408.79998779296875,26578,0.0,0.0
2025-03-17 11:50:00+05:30,408.8999938964844,408.8999938964844,408.70001220703125,408.70001220703125,25412,0.0,0.0
2025-03-17 11:55:00+05:30,408.8999938964844,409.0,408.6499938964844,408.95001220703125,29289,0.0,0.0
2025-03-17 12:00:00+05:30,408.95001220703125,409.0,408.3500061035156,408.70001220703125,46094,0.0,0.0
2025-03-17 12:05:00+05:30,408.75,409.1000061035156,408.6000061035156,408.95001220703125,24031,0.0,0.0
2025-03-17 12:10:00+05:30,408.8999938964844,408.95001220703125,408.6000061035156,408.6000061035156,22647,0.0,0.0
2025-03-17 12:15:00+05:30,408.6499938964844,408.70001220703125,408.29998779296875,408.70001220703125,58236,0.0,0.0
2025-03-17 12:20:00+05:30,408.6000061035156,408.75,408.25,408.3999938964844,30050,0.0,0.0
2025-03-17 12:25:00+05:30,408.3500061035156,408.70001220703125,408.1499938964844,408.6000061035156,60298,0.0,0.0
2025-03-17 12:30:00+05:30,408.75,408.75,408.3999938964844,408.5,37168,0.0,0.0
2025-03-17 12:35:00+05:30,408.3999938964844,408.3999938964844,408.0,408.1499938964844,41603,0.0,0.0
2025-03-17 12:40:00+05:30,408.1000061035156,408.20001220703125,407.45001220703125,407.6499938964844,71705,0.0,0.0
2025-03-17 12:45:00+05:30,407.6499938964844,407.70001220703125,407.0,407.29998779296875,39706,0.0,0.0
2025-03-17 12:50:00+05:30,407.1000061035156,407.3999938964844,407.1000061035156,407.20001220703125,30454,0.0,0.0
2025-03-17 12:55:00+05:30,407.25,407.45001220703125,407.1000061035156,407.20001220703125,38123,0.0,0.0
2025-03-17 13:00:00+05:30,408.0,408.25,407.3999938964844,408.0,193622,0.0,0.0
2025-03-17 13:05:00+05:30,408.04998779296875,408.20001220703125,407.8999938964844,408.1499938964844,74194,0.0,0.0
2025-03-17 13:10:00+05:30,408.04998779296875,409.29998779296875,408.04998779296875,409.1499938964844,95337,0.0,0.0
2025-03-17 13:15:00+05:30,409.04998779296875,409.1000061035156,408.6000061035156,408.79998779296875,86320,0.0,0.0
2025-03-17 13:20:00+05:30,408.79998779296875,409.1000061035156,408.6000061035156,409.04998779296875,60391,0.0,0.0
2025-03-17 13:25:00+05:30,409.04998779296875,409.6499938964844,408.95001220703125,409.5,182448,0.0,0.0
2025-03-17 13:30:00+05:30,409.3999938964844,409.70001220703125,409.3999938964844,409.6000061035156,49933,0.0,0.0
2025-03-17 13:35:00+05:30,409.6000061035156,409.6000061035156,409.25,409.3500061035156,47768,0.0,0.0
2025-03-17 13:40:00+05:30,409.3500061035156,409.3500061035156,408.8999938964844,409.20001220703125,56820,0.0,0.0
2025-03-17 13:45:00+05:30,409.04998779296875,409.5,408.6000061035156,408.6499938964844,48833,0.0,0.0
2025-03-17 13:50:00+05:30,408.6499938964844,408.8500061035156,408.29998779296875,408.75,56557,0.0,0.0
2025-03-17 13:55:00+05:30,408.75,409.79998779296875,408.6499938964844,409.6000061035156,89156,0.0,0.0
2025-03-17 14:00:00+05:30,409.79998779296875,409.79998779296875,409.1000061035156,409.3999938964844,39938,0.0,0.0
2025-03-17 14:05:00+05:30,409.3999938964844,409.6000061035156,409.1000061035156,409.29998779296875,68527,0.0,0.0
2025-03-17 14:10:00+05:30,409.20001220703125,409.45001220703125,409.0,409.0,35947,0.0,0.0
2025-03-17 14:15:00+05:30,409.0,409.0,408.6000061035156,408.8500061035156,48496,0.0,0.0
2025-03-17 14:20:00+05:30,408.6000061035156,408.79998779296875,408.04998779296875,408.20001220703125,69091,0.0,0.0
2025-03-17 14:25:00+05:30,408.3500061035156,408.45001220703125,408.1000061035156,408.1000061035156,40124,0.0,0.0
2025-03-17 14:30:00+05:30,408.25,408.70001220703125,408.04998779296875,408.6499938964844,58576,0.0,0.0
2025-03-17 14:35:00+05:30,408.75,408.95001220703125,408.45001220703125,408.5,60521,0.0,0.0
2025-03-17 14:40:00+05:30,408.54998779296875,408.54998779296875,408.0,408.3500061035156,60339,0.0,0.0
2025-03-17 14:45:00+05:30,408.29998779296875,408.3999938964844,408.04998779296875,408.20001220703125,58585,0.0,0.0
2025-03-17 14:50:00+05:30,408.1000061035156,408.45001220703125,408.0,408.45001220703125,61174,0.0,0.0
2025-03-17 14:55:00+05:30,408.45001220703125,408.8500061035156,408.3500061035156,408.70001220703125,58043,0.0,0.0
2025-03-17 15:00:00+05:30,408.70001220703125,408.75,408.3500061035156,408.5,96524,0.0,0.0
2025-03-17 15:05:00+05:30,408.45001220703125,408.70001220703125,408.20001220703125,408.29998779296875,99072,0.0,0.0
2025-03-17 15:10:00+05:30,408.25,408.25,407.95001220703125,408.0,137391,0.0,0.0
2025-03-17 15:15:00+05:30,408.0,408.1000061035156,407.6000061035156,407.6499938964844,179974,0.0,0.0
2025-03-17 15:20:00+05:30,407.54998779296875,407.8999938964844,407.3999938964844,407.8999938964844,173513,0.0,0.0
2025-03-17 15:25:00+05:30,407.8999938964844,408.0,407.3999938964844,407.79998779296875,147509,0.0,0.0
2025-03-18 09:15:00+05:30,409.0,409.95001220703125,407.8999938964844,408.75,0,0.0,0.0
2025-03-18 09:20:00+05:30,408.95001220703125,410.25,408.0,410.25,323393,0.0,0.0
2025-03-18 09:25:00+05:30,410.1000061035156,410.54998779296875,410.0,410.20001220703125,140744,0.0,0.0
2025-03-18 09:30:00+05:30,410.20001220703125,410.45001220703125,409.8500061035156,409.8500061035156,258251,0.0,0.0
2025-03-18 09:35:00+05:30,409.8500061035156,411.0,409.8500061035156,410.5,178945,0.0,0.0
2025-03-18 09:40:00+05:30,410.54998779296875,410.70001220703125,409.5,409.6000061035156,59168,0.0,0.0
2025-03-18 09:45:00+05:30,409.25,409.75,408.79998779296875,409.6000061035156,113332,0.0,0.0
2025-03-18 09:50:00+05:30,409.54998779296875,409.8500061035156,409.3500061035156,409.3500061035156,187249,0.0,0.0
2025-03-18 09:55:00+05:30,409.25,409.29998779296875,408.95001220703125,408.95001220703125,73505,0.0,0.0
2025-03-18 10:00:00+05:30,409.04998779296875,410.0,408.79998779296875,409.70001220703125,318815,0.0,0.0
2025-03-18 10:05:00+05:30,409.6499938964844,410.54998779296875,409.54998779296875,409.8500061035156,150144,0.0,0.0
2025-03-18 10:10:00+05:30,409.75,410.25,409.25,409.6499938964844,148470,0.0,0.0
2025-03-18 10:15:00+05:30,409.75,410.25,409.20001220703125,410.25,180434,0.0,0.0
2025-03-18 10:20:00+05:30,410.25,410.3500061035156,409.79998779296875,410.1499938964844,157329,0.0,0.0
2025-03-18 10:25:00+05:30,410.3500061035156,410.6499938964844,410.04998779296875,410.6499938964844,110538,0.0,0.0
2025-03-18 10:30:00+05:30,410.8999938964844,411.6499938964844,410.70001220703125,411.1499938964844,209157,0.0,0.0
2025-03-18 10:35:00+05:30,411.1499938964844,411.1499938964844,410.5,411.1000061035156,138828,0.0,0.0
2025-03-18 10:40:00+05:30,411.25,411.5,410.79998779296875,411.04998779296875,133490,0.0,0.0
2025-03-18 10:45:00+05:30,411.04998779296875,411.04998779296875,410.1499938964844,410.1499938964844,75783,0.0,0.0
2025-03-18 10:50:00+05:30,410.1499938964844,410.45001220703125,409.04998779296875,409.1499938964844,98568,0.0,0.0
2025-03-18 10:55:00+05:30,409.6000061035156,410.0,409.45001220703125,409.75,113165,0.0,0.0
2025-03-18 11:00:00+05:30,409.75,409.8500061035156,409.3500061035156,409.70001220703125,130348,0.0,0.0
2025-03-18 11:05:00+05:30,409.6000061035156,410.0,409.5,409.79998779296875,125878,0.0,0.0
2025-03-18 11:10:00+05:30,409.79998779296875,410.1499938964844,409.6499938964844,409.8500061035156,193761,0.0,0.0
2025-03-18 11:15:00+05:30,409.79998779296875,410.0,409.6000061035156,409.70001220703125,83196,0.0,0.0
2025-03-18 11:20:00+05:30,409.70001220703125,410.0,409.6000061035156,409.8500061035156,59284,0.0,0.0
2025-03-18 11:25:00+05:30,409.75,410.04998779296875,409.75,410.04998779296875,109574,0.0,0.0
2025-03-18 11:30:00+05:30,410.04998779296875,410.25,409.79998779296875,410.20001220703125,157593,0.0,0.0
2025-03-18 11:35:00+05:30,410.1000061035156,410.6499938964844,410.1000061035156,410.45001220703125,83200,0.0,0.0
2025-03-18 11:40:00+05:30,410.45001220703125,411.3999938964844,410.3999938964844,411.3999938964844,115335,0.0,0.0
2025-03-18 11:45:00+05:30,411.29998779296875,411.5,411.1499938964844,411.5,77123,0.0,0.0
2025-03-18 11:50:00+05:30,411.45001220703125,411.95001220703125,411.45001220703125,411.79998779296875,78050,0.0,0.0
2025-03-18 11:55:00+05:30,411.70001220703125,411.75,410.8999938964844,411.54998779296875,252904,0.0,0.0
2025-03-18 12:00:00+05:30,411.04998779296875,411.5,410.70001220703125,410.8999938964844,237601,0.0,0.0
2025-03-18 12:05:00+05:30,410.95001220703125,411.3999938964844,410.54998779296875,410.95001220703125,243400,0.0,0.0
2025-03-18 12:10:00+05:30,411.0,411.29998779296875,410.6499938964844,410.6499938964844,94635,0.0,0.0
2025-03-18 12:15:00+05:30,410.6000061035156,410.6499938964844,409.79998779296875,410.1000061035156,70584,0.0,0.0
2025-03-18 12:20:00+05:30,410.04998779296875,410.29998779296875,409.8999938964844,410.20001220703125,42492,0.0,0.0
2025-03-18 12:25:00+05:30,410.20001220703125,410.29998779296875,409.6499938964844,409.75,130003,0.0,0.0
2025-03-18 12:30:00+05:30,409.6499938964844,409.95001220703125,409.25,409.5,195929,0.0,0.0
2025-03-18 12:35:00+05:30,409.45001220703125,409.54998779296875,409.0,409.25,215336,0.0,0.0
2025-03-18 12:40:00+05:30,409.04998779296875,409.3500061035156,408.70001220703125,408.8999938964844,171984,0.0,0.0
2025-03-18 12:45:00+05:30,408.79998779296875,409.1499938964844,408.5,408.75,86062,0.0,0.0
2025-03-18 12:50:00+05:30,408.6499938964844,409.45001220703125,408.6000061035156,409.29998779296875,80678,0.0,0.0
2025-03-18 12:55:00+05:30,409.29998779296875,409.5,408.5,408.6499938964844,192859,0.0,0.0
2025-03-18 13:00:00+05:30,408.70001220703125,409.25,408.70001220703125,409.25,65122,0.0,0.0
2025-03-18 13:05:00+05:30,409.1000061035156,409.3500061035156,408.95001220703125,409.20001220703125,152797,0.0,0.0
2025-03-18 13:10:00+05:30,409.04998779296875,409.45001220703125,408.95001220703125,409.3999938964844,68916,0.0,0.0
2025-03-18 13:15:00+05:30,409.20001220703125,409.70001220703125,409.20001220703125,409.5,95890,0.0,0.0
2025-03-18 13:20:00+05:30,409.6000061035156,410.0,409.5,409.8999938964844,68378,0.0,0.0
2025-03-18 13:25:00+05:30,409.6499938964844,409.8999938964844,409.3500061035156,409.6000061035156,71536,0.0,0.0
2025-03-18 13:30:00+05:30,409.54998779296875,409.8999938964844,409.54998779296875,409.8999938964844,79815,0.0,0.0
2025-03-18 13:35:00+05:30,409.75,410.1000061035156,409.75,409.8999938964844,69004,0.0,0.0
2025-03-18 13:40:00+05:30,409.95001220703125,410.29998779296875,409.8999938964844,410.1000061035156,62366,0.0,0.0
2025-03-18 13:45:00+05:30,410.1000061035156,410.25,409.75,409.95001220703125,81914,0.0,0.0
2025-03-18 13:50:00+05:30,409.95001220703125,410.20001220703125,409.70001220703125,410.20001220703125,51509,0.0,0.0
2025-03-18 13:55:00+05:30,410.04998779296875,410.20001220703125,409.75,409.75,77879,0.0,0.0
2025-03-18 14:00:00+05:30,409.79998779296875,410.0,409.75,409.8999938964844,50474,0.0,0.0
2025-03-18 14:05:00+05:30,409.8999938964844,410.0,409.54998779296875,409.75,57300,0.0,0.0
2025-03-18 14:10:00+05:30,409.79998779296875,409.79998779296875,409.45001220703125,409.5,63293,0.0,0.0
2025-03-18 14:15:00+05:30,409.3999938964844,409.6499938964844,409.20001220703125,409.3500061035156,102850,0.0,0.0
2025-03-18 14:20:00+05:30,409.45001220703125,409.5,409.04998779296875,409.45001220703125,73569,0.0,0.0
2025-03-18 14:25:00+05:30,409.45001220703125,409.54998779296875,409.25,409.3500061035156,166106,0.0,0.0
2025-03-18 14:30:00+05:30,409.3999938964844,409.79998779296875,409.3500061035156,409.54998779296875,149616,0.0,0.0
2025-03-18 14:35:00+05:30,409.5,409.70001220703125,409.25,409.3999938964844,130370,0.0,0.0
2025-03-18 14:40:00+05:30,409.54998779296875,409.54998779296875,408.8999938964844,409.1499938964844,146714,0.0,0.0
2025-03-18 14:45:00+05:30,409.1499938964844,409.5,409.0,409.45001220703125,256699,0.0,0.0
2025-03-18 14:50:00+05:30,409.3500061035156,409.45001220703125,409.0,409.0,260223,0.0,0.0
2025-03-18 14:55:00+05:30,409.0,409.3500061035156,408.79998779296875,408.8999938964844,350329,0.0,0.0
2025-03-18 15:00:00+05:30,409.0,409.3500061035156,408.8999938964844,409.3500061035156,350694,0.0,0.0
2025-03-18 15:05:00+05:30,409.29998779296875,409.8500061035156,409.0,409.79998779296875,404181,0.0,0.0
2025-03-18 15:10:00+05:30,409.70001220703125,410.0,408.45001220703125,409.0,1344062,0.0,0.0
2025-03-18 15:15:00+05:30,408.8500061035156,409.3500061035156,408.8500061035156,409.3500061035156,250043,0.0,0.0
2025-03-18 15:20:00+05:30,409.3500061035156,409.6000061035156,409.25,409.29998779296875,348383,0.0,0.0
2025-03-18 15:25:00+05:30,409.29998779296875,409.54998779296875,409.1000061035156,409.45001220703125,207838,0.0,0.0
2025-03-19 09:15:00+05:30,410.54998779296875,410.75,408.54998779296875,408.6499938964844,0,0.0,0.0
2025-03-19 09:20:00+05:30,408.6499938964844,408.79998779296875,407.5,407.6499938964844,269436,0.0,0.0
2025-03-19 09:25:00+05:30,407.6499938964844,408.1499938964844,407.3500061035156,407.3500061035156,214421,0.0,0.0
2025-03-19 09:30:00+05:30,407.45001220703125,407.6499938964844,407.25,407.25,154073,0.0,0.0
2025-03-19 09:35:00+05:30,407.25,407.3999938964844,406.75,406.95001220703125,236027,0.0,0.0
2025-03-19 09:40:00+05:30,406.95001220703125,407.3999938964844,406.70001220703125,407.20001220703125,137276,0.0,0.0
2025-03-19 09:45:00+05:30,407.25,407.45001220703125,407.04998779296875,407.1499938964844,89675,0.0,0.0
2025-03-19 09:50:00+05:30,407.1000061035156,407.20001220703125,406.79998779296875,406.79998779296875,73200,0.0,0.0
2025-03-19 09:55:00+05:30,406.79998779296875,406.79998779296875,406.20001220703125,406.3500061035156,150859,0.0,0.0
2025-03-19 10:00:00+05:30,406.3999938964844,406.75,406.25,406.75,107040,0.0,0.0
2025-03-19 10:05:00+05:30,406.75,406.75,406.1000061035156,406.1499938964844,105593,0.0,0.0
2025-03-19 10:10:00+05:30,406.0,406.1499938964844,405.75,406.0,165181,0.0,0.0
2025-03-19 10:15:00+05:30,405.8999938964844,406.3999938964844,405.79998779296875,406.29998779296875,83651,0.0,0.0
2025-03-19 10:20:00+05:30,406.3999938964844,406.3999938964844,406.0,406.1499938964844,62874,0.0,0.0
2025-03-19 10:25:00+05:30,406.25,406.3999938964844,405.8500061035156,406.0,84362,0.0,0.0
2025-03-19 10:30:00+05:30,406.0,406.20001220703125,405.75,405.8999938964844,82889,0.0,0.0
2025-03-19 10:35:00+05:30,406.0,406.0,405.70001220703125,405.70001220703125,74871,0.0,0.0
2025-03-19 10:40:00+05:30,405.70001220703125,406.3500061035156,405.54998779296875,406.20001220703125,282308,0.0,0.0
2025-03-19 10:45:00+05:30,406.1499938964844,406.20001220703125,405.54998779296875,405.6499938964844,87005,0.0,0.0
2025-03-19 10:50:00+05:30,405.6000061035156,405.6499938964844,405.20001220703125,405.45001220703125,183227,0.0,0.0
2025-03-19 10:55:00+05:30,405.45001220703125,405.54998779296875,405.20001220703125,405.29998779296875,77983,0.0,0.0
2025-03-19 11:00:00+05:30,405.45001220703125,406.1000061035156,405.3500061035156,405.6000061035156,295512,0.0,0.0
2025-03-19 11:05:00+05:30,405.70001220703125,405.79998779296875,405.3500061035156,405.6000061035156,80415,0.0,0.0
2025-03-19 11:10:00+05:30,405.6000061035156,405.75,405.3999938964844,405.54998779296875,293635,0.0,0.0
2025-03-19 11:15:00+05:30,405.5,405.54998779296875,404.79998779296875,404.95001220703125,309115,0.0,0.0
2025-03-19 11:20:00+05:30,404.95001220703125,405.0,404.8500061035156,404.95001220703125,61296,0.0,0.0
2025-03-19 11:25:00+05:30,404.8999938964844,405.0,404.79998779296875,405.0,55788,0.0,0.0
2025-03-19 11:30:00+05:30,405.0,405.04998779296875,404.8500061035156,405.0,84893,0.0,0.0
2025-03-19 11:35:00+05:30,405.04998779296875,405.04998779296875,404.8500061035156,404.95001220703125,90071,0.0,0.0
2025-03-19 11:40:00+05:30,404.95001220703125,405.0,404.70001220703125,404.70001220703125,52704,0.0,0.0
2025-03-19 11:45:00+05:30,404.70001220703125,404.8999938964844,404.5,404.75,91354,0.0,0.0
2025-03-19 11:50:00+05:30,404.70001220703125,405.0,404.70001220703125,405.0,55067,0.0,0.0
2025-03-19 11:55:00+05:30,404.95001220703125,405.0,404.8999938964844,405.0,48621,0.0,0.0
2025-03-19 12:00:00+05:30,405.0,405.0,404.79998779296875,404.79998779296875,45706,0.0,0.0
2025-03-19 12:05:00+05:30,404.8999938964844,405.0,404.79998779296875,404.8500061035156,43644,0.0,0.0
2025-03-19 12:10:00+05:30,404.95001220703125,405.0,404.79998779296875,404.79998779296875,37517,0.0,0.0
2025-03-19 12:15:00+05:30,404.75,404.95001220703125,404.70001220703125,404.75,44311,0.0,0.0
2025-03-19 12:20:00+05:30,404.70001220703125,404.8999938964844,404.70001220703125,404.75,52742,0.0,0.0
2025-03-19 12:25:00+05:30,404.6499938964844,404.79998779296875,404.3500061035156,404.5,89093,0.0,0.0
2025-03-19 12:30:00+05:30,404.5,404.79998779296875,404.3999938964844,404.6000061035156,67810,0.0,0.0
2025-03-19 12:35:00+05:30,404.70001220703125,404.75,404.5,404.70001220703125,37451,0.0,0.0
2025-03-19 12:40:00+05:30,404.70001220703125,404.70001220703125,404.54998779296875,404.6499938964844,48057,0.0,0.0
2025-03-19 12:45:00+05:30,404.6499938964844,404.70001220703125,404.3500061035156,404.5,92589,0.0,0.0
2025-03-19 12:50:00+05:30,404.5,404.6000061035156,404.29998779296875,404.29998779296875,150256,0.0,0.0
2025-03-19 12:55:00+05:30,404.3500061035156,404.5,403.8500061035156,404.04998779296875,377090,0.0,0.0
2025-03-19 13:00:00+05:30,404.25,404.25,403.8500061035156,404.04998779296875,128459,0.0,0.0
2025-03-19 13:05:00+05:30,404.04998779296875,404.20001220703125,403.54998779296875,403.54998779296875,183084,0.0,0.0
2025-03-19 13:10:00+05:30,403.6499938964844,403.6499938964844,403.3500061035156,403.54998779296875,151477,0.0,0.0
2025-03-19 13:15:00+05:30,403.5,404.1000061035156,403.45001220703125,403.79998779296875,237784,0.0,0.0
2025-03-19 13:20:00+05:30,403.70001220703125,403.95001220703125,403.6499938964844,403.79998779296875,148758,0.0,0.0
2025-03-19 13:25:00+05:30,403.70001220703125,404.1499938964844,403.6000061035156,403.70001220703125,485809,0.0,0.0
2025-03-19 13:30:00+05:30,403.8999938964844,404.1000061035156,403.6499938964844,403.8500061035156,125652,0.0,0.0
2025-03-19 13:35:00+05:30,403.79998779296875,404.0,403.70001220703125,403.8500061035156,111461,0.0,0.0
2025-03-19 13:40:00+05:30,403.8500061035156,403.8999938964844,403.6000061035156,403.6499938964844,90593,0.0,0.0
2025-03-19 13:45:00+05:30,403.6000061035156,403.6499938964844,403.3500061035156,403.45001220703125,138517,0.0,0.0
2025-03-19 13:50:00+05:30,403.3999938964844,403.54998779296875,403.25,403.3999938964844,94463,0.0,0.0
2025-03-19 13:55:00+05:30,403.3999938964844,403.3999938964844,403.1499938964844,403.3999938964844,115140,0.0,0.0
2025-03-19 14:00:00+05:30,403.3999938964844,403.3999938964844,403.04998779296875,403.04998779296875,107517,0.0,0.0
2025-03-19 14:05:00+05:30,403.25,403.54998779296875,403.20001220703125,403.3999938964844,94122,0.0,0.0
2025-03-19 14:10:00+05:30,403.3999938964844,403.5,403.1000061035156,403.25,97281,0.0,0.0
2025-03-19 14:15:00+05:30,403.20001220703125,403.29998779296875,403.1499938964844,403.20001220703125,97494,0.0,0.0
2025-03-19 14:20:00+05:30,403.20001220703125,403.25,403.04998779296875,403.1499938964844,192842,0.0,0.0
2025-03-19 14:25:00+05:30,403.20001220703125,403.6499938964844,403.20001220703125,403.54998779296875,131362,0.0,0.0
2025-03-19 14:30:00+05:30,403.6000061035156,403.75,403.29998779296875,403.6000061035156,123036,0.0,0.0
2025-03-19 14:35:00+05:30,403.54998779296875,403.75,403.29998779296875,403.54998779296875,200492,0.0,0.0
2025-03-19 14:40:00+05:30,403.5,403.79998779296875,403.3999938964844,403.6499938964844,142230,0.0,0.0
2025-03-19 14:45:00+05:30,403.70001220703125,404.04998779296875,403.70001220703125,403.8500061035156,189173,0.0,0.0
2025-03-19 14:50:00+05:30,403.8500061035156,403.95001220703125,403.75,403.79998779296875,99236,0.0,0.0
2025-03-19 14:55:00+05:30,403.8500061035156,404.04998779296875,403.8500061035156,404.04998779296875,198879,0.0,0.0
2025-03-19 15:00:00+05:30,404.04998779296875,404.04998779296875,403.75,404.0,192062,0.0,0.0
2025-03-19 15:05:00+05:30,404.0,404.0,402.75,403.0,1976466,0.0,0.0
2025-03-19 15:10:00+05:30,403.0,403.0,402.70001220703125,403.0,350385,0.0,0.0
2025-03-19 15:15:00+05:30,403.0,403.0,402.75,403.0,362184,0.0,0.0
2025-03-19 15:20:00+05:30,402.95001220703125,403.0,402.70001220703125,402.8999938964844,338632,0.0,0.0
2025-03-19 15:25:00+05:30,402.95001220703125,403.3999938964844,402.8999938964844,403.3999938964844,289187,0.0,0.0
2025-03-20 09:15:00+05:30,404.1000061035156,404.1000061035156,402.3500061035156,402.5,0,0.0,0.0
2025-03-20 09:20:00+05:30,402.75,403.3999938964844,402.54998779296875,403.3999938964844,1095028,0.0,0.0
2025-03-20 09:25:00+05:30,403.3999938964844,403.95001220703125,402.79998779296875,403.95001220703125,464546,0.0,0.0
2025-03-20 09:30:00+05:30,403.95001220703125,404.3999938964844,402.75,403.5,161063,0.0,0.0
2025-03-20 09:35:00+05:30,403.6499938964844,403.75,403.1000061035156,403.20001220703125,115055,0.0,0.0
2025-03-20 09:40:00+05:30,403.20001220703125,403.20001220703125,402.0,402.3999938964844,488861,0.0,0.0
2025-03-20 09:45:00+05:30,402.25,402.8500061035156,402.25,402.5,293432,0.0,0.0
2025-03-20 09:50:00+05:30,402.5,403.04998779296875,402.25,402.5,418490,0.0,0.0
2025-03-20 09:55:00+05:30,402.54998779296875,402.8999938964844,402.45001220703125,402.75,405511,0.0,0.0
2025-03-20 10:00:00+05:30,402.75,403.3999938964844,402.75,403.20001220703125,313169,0.0,0.0
2025-03-20 10:05:00+05:30,403.25,403.3500061035156,402.25,402.29998779296875,177162,0.0,0.0
2025-03-20 10:10:00+05:30,402.6000061035156,402.79998779296875,402.20001220703125,402.70001220703125,71449,0.0,0.0
2025-03-20 10:15:00+05:30,402.70001220703125,403.6000061035156,402.54998779296875,403.6000061035156,92518,0.0,0.0
2025-03-20 10:20:00+05:30,403.6000061035156,404.75,403.5,404.1499938964844,180176,0.0,0.0
2025-03-20 10:25:00+05:30,404.29998779296875,404.54998779296875,404.1499938964844,404.3999938964844,84497,0.0,0.0
2025-03-20 10:30:00+05:30,404.3999938964844,404.6000061035156,404.1000061035156,404.45001220703125,68243,0.0,0.0
2025-03-20 10:35:00+05:30,404.3500061035156,404.6000061035156,403.8500061035156,403.8500061035156,55646,0.0,0.0
2025-03-20 10:40:00+05:30,404.0,404.0,403.79998779296875,403.8500061035156,35710,0.0,0.0
2025-03-20 10:45:00+05:30,403.8999938964844,403.8999938964844,403.75,403.8500061035156,28583,0.0,0.0
2025-03-20 10:50:00+05:30,403.8500061035156,403.8500061035156,403.1000061035156,403.5,55068,0.0,0.0
2025-03-20 10:55:00+05:30,403.54998779296875,403.95001220703125,403.45001220703125,403.8999938964844,31290,0.0,0.0
2025-03-20 11:00:00+05:30,403.95001220703125,403.95001220703125,403.70001220703125,403.70001220703125,27492,0.0,0.0
2025-03-20 11:05:00+05:30,403.8999938964844,403.95001220703125,403.70001220703125,403.75,205367,0.0,0.0
2025-03-20 11:10:00+05:30,403.70001220703125,403.75,403.54998779296875,403.54998779296875,63234,0.0,0.0
2025-03-20 11:15:00+05:30,403.70001220703125,403.70001220703125,403.1000061035156,403.1000061035156,213779,0.0,0.0
2025-03-20 11:20:00+05:30,403.25,403.6499938964844,403.04998779296875,403.6499938964844,49353,0.0,0.0
2025-03-20 11:25:00+05:30,403.6499938964844,403.75,403.3999938964844,403.54998779296875,30195,0.0,0.0
2025-03-20 11:30:00+05:30,403.54998779296875,403.54998779296875,403.3500061035156,403.3999938964844,20869,0.0,0.0
2025-03-20 11:35:00+05:30,403.3999938964844,403.5,403.1000061035156,403.3999938964844,34965,0.0,0.0
2025-03-20 11:40:00+05:30,403.3999938964844,403.5,403.1499938964844,403.5,23248,0.0,0.0
2025-03-20 11:45:00+05:30,403.5,403.5,403.20001220703125,403.3999938964844,23071,0.0,0.0
2025-03-20 11:50:00+05:30,403.3999938964844,403.45001220703125,403.3999938964844,403.3999938964844,53872,0.0,0.0
2025-03-20 11:55:00+05:30,403.3999938964844,403.54998779296875,403.1499938964844,403.29998779296875,57235,0.0,0.0
2025-03-20 12:00:00+05:30,403.20001220703125,403.3999938964844,403.1000061035156,403.20001220703125,101099,0.0,0.0
2025-03-20 12:05:00+05:30,403.04998779296875,403.5,403.0,403.5,55401,0.0,0.0
2025-03-20 12:10:00+05:30,403.5,403.54998779296875,403.1000061035156,403.29998779296875,31804,0.0,0.0
2025-03-20 12:15:00+05:30,403.29998779296875,403.29998779296875,403.1499938964844,403.25,36171,0.0,0.0
2025-03-20 12:20:00+05:30,403.25,403.29998779296875,403.1000061035156,403.25,44776,0.0,0.0
2025-03-20 12:25:00+05:30,403.29998779296875,403.29998779296875,402.6000061035156,402.6000061035156,533124,0.0,0.0
2025-03-20 12:30:00+05:30,402.95001220703125,403.20001220703125,402.20001220703125,402.25,271376,0.0,0.0
2025-03-20 12:35:00+05:30,402.25,402.75,402.20001220703125,402.5,71506,0.0,0.0
2025-03-20 12:40:00+05:30,402.3999938964844,402.54998779296875,402.20001220703125,402.54998779296875,74954,0.0,0.0
2025-03-20 12:45:00+05:30,402.6000061035156,402.8999938964844,402.3500061035156,402.8999938964844,53958,0.0,0.0
2025-03-20 12:50:00+05:30,402.79998779296875,403.0,402.45001220703125,402.45001220703125,146660,0.0,0.0
2025-03-20 12:55:00+05:30,402.5,402.54998779296875,402.29998779296875,402.5,106429,0.0,0.0
2025-03-20 13:00:00+05:30,402.5,402.5,402.20001220703125,402.5,97515,0.0,0.0
2025-03-20 13:05:00+05:30,402.5,402.5,402.29998779296875,402.5,42468,0.0,0.0
2025-03-20 13:10:00+05:30,402.45001220703125,402.79998779296875,402.45001220703125,402.5,207797,0.0,0.0
2025-03-20 13:15:00+05:30,402.5,403.0,402.3999938964844,402.95001220703125,251980,0.0,0.0
2025-03-20 13:20:00+05:30,403.0,403.79998779296875,402.6499938964844,403.29998779296875,185513,0.0,0.0
2025-03-20 13:25:00+05:30,403.29998779296875,403.3999938964844,402.6499938964844,403.0,447302,0.0,0.0
2025-03-20 13:30:00+05:30,403.1000061035156,403.25,403.1000061035156,403.25,54422,0.0,0.0
2025-03-20 13:35:00+05:30,403.25,403.5,403.20001220703125,403.5,65210,0.0,0.0
2025-03-20 13:40:00+05:30,403.45001220703125,403.6000061035156,403.29998779296875,403.5,76804,0.0,0.0
2025-03-20 13:45:00+05:30,403.3999938964844,403.8500061035156,403.0,403.5,956294,0.0,0.0
2025-03-20 13:50:00+05:30,403.5,403.70001220703125,403.20001220703125,403.5,157281,0.0,0.0
2025-03-20 13:55:00+05:30,403.5,404.04998779296875,403.3999938964844,404.04998779296875,250644,0.0,0.0
2025-03-20 14:00:00+05:30,404.04998779296875,404.95001220703125,403.0,404.8999938964844,1727387,0.0,0.0
2025-03-20 14:05:00+05:30,404.8999938964844,406.6000061035156,404.6499938964844,405.25,499088,0.0,0.0
2025-03-20 14:10:00+05:30,405.25,405.75,405.0,405.6000061035156,436240,0.0,0.0
2025-03-20 14:15:00+05:30,405.54998779296875,405.54998779296875,404.70001220703125,404.70001220703125,212699,0.0,0.0
2025-03-20 14:20:00+05:30,404.8500061035156,405.5,404.70001220703125,404.8500061035156,294497,0.0,0.0
2025-03-20 14:25:00+05:30,404.79998779296875,405.3999938964844,404.6499938964844,405.1499938964844,102721,0.0,0.0
2025-03-20 14:30:00+05:30,405.3500061035156,405.3999938964844,405.1000061035156,405.25,110460,0.0,0.0
2025-03-20 14:35:00+05:30,405.20001220703125,405.20001220703125,404.0,404.70001220703125,401532,0.0,0.0
2025-03-20 14:40:00+05:30,404.8999938964844,405.20001220703125,404.1000061035156,404.25,150366,0.0,0.0
2025-03-20 14:45:00+05:30,404.25,404.79998779296875,404.1499938964844,404.5,149505,0.0,0.0
2025-03-20 14:50:00+05:30,404.5,404.95001220703125,404.45001220703125,404.6499938964844,184698,0.0,0.0
2025-03-20 14:55:00+05:30,404.70001220703125,405.0,404.54998779296875,404.79998779296875,237883,0.0,0.0
2025-03-20 15:00:00+05:30,404.79998779296875,405.20001220703125,404.20001220703125,404.3999938964844,440252,0.0,0.0
2025-03-20 15:05:00+05:30,404.3999938964844,404.5,403.6499938964844,403.6499938964844,263178,0.0,0.0
2025-03-20 15:10:00+05:30,403.54998779296875,403.95001220703125,403.3500061035156,403.79998779296875,393972,0.0,0.0
2025-03-20 15:15:00+05:30,403.8999938964844,403.8999938964844,403.3999938964844,403.54998779296875,256698,0.0,0.0
2025-03-20 15:20:00+05:30,403.54998779296875,404.04998779296875,403.54998779296875,403.75,532091,0.0,0.0
2025-03-20 15:25:00+05:30,403.75,404.0,403.3500061035156,403.6000061035156,315080,0.0,0.0
2025-03-21 09:15:00+05:30,405.54998779296875,405.54998779296875,404.0,404.95001220703125,0,0.0,0.0
2025-03-21 09:20:00+05:30,404.8999938964844,405.04998779296875,403.6499938964844,403.8999938964844,147945,0.0,0.0
2025-03-21 09:25:00+05:30,403.95001220703125,404.25,403.75,403.75,158574,0.0,0.0
2025-03-21 09:30:00+05:30,403.75,403.8500061035156,403.3500061035156,403.3500061035156,175139,0.0,0.0
2025-03-21 09:35:00+05:30,403.45001220703125,403.5,403.0,403.3999938964844,207858,0.0,0.0
2025-03-21 09:40:00+05:30,403.45001220703125,403.75,403.25,403.6000061035156,188274,0.0,0.0
2025-03-21 09:45:00+05:30,403.54998779296875,404.25,403.54998779296875,403.8999938964844,176227,0.0,0.0
2025-03-21 09:50:00+05:30,403.8999938964844,404.04998779296875,403.6000061035156,404.04998779296875,187936,0.0,0.0
2025-03-21 09:55:00+05:30,404.04998779296875,404.25,404.0,404.1499938964844,231669,0.0,0.0
2025-03-21 10:00:00+05:30,404.25,404.29998779296875,403.79998779296875,403.95001220703125,123644,0.0,0.0
2025-03-21 10:05:00+05:30,403.8999938964844,404.1000061035156,403.45001220703125,403.5,213770,0.0,0.0
2025-03-21 10:10:00+05:30,403.5,403.6000061035156,403.25,403.3500061035156,171289,0.0,0.0
2025-03-21 10:15:00+05:30,403.3500061035156,403.5,403.29998779296875,403.45001220703125,134385,0.0,0.0
2025-03-21 10:20:00+05:30,403.45001220703125,403.79998779296875,403.1499938964844,403.1499938964844,122152,0.0,0.0
2025-03-21 10:25:00+05:30,403.1499938964844,403.70001220703125,403.04998779296875,403.5,209327,0.0,0.0
2025-03-21 10:30:00+05:30,403.5,403.5,403.25,403.29998779296875,107531,0.0,0.0
2025-03-21 10:35:00+05:30,403.29998779296875,403.70001220703125,403.20001220703125,403.6000061035156,179625,0.0,0.0
2025-03-21 10:40:00+05:30,403.6000061035156,403.6000061035156,402.95001220703125,403.29998779296875,391373,0.0,0.0
2025-03-21 10:45:00+05:30,403.3500061035156,403.79998779296875,403.20001220703125,403.6000061035156,191983,0.0,0.0
2025-03-21 10:50:00+05:30,403.6000061035156,404.1000061035156,403.6000061035156,404.0,238274,0.0,0.0
2025-03-21 10:55:00+05:30,404.04998779296875,404.1499938964844,404.0,404.0,98853,0.0,0.0
2025-03-21 11:00:00+05:30,404.0,404.25,403.8999938964844,403.95001220703125,397666,0.0,0.0
2025-03-21 11:05:00+05:30,403.95001220703125,404.0,403.6000061035156,403.6000061035156,187210,0.0,0.0
2025-03-21 11:10:00+05:30,403.70001220703125,403.95001220703125,403.54998779296875,403.6499938964844,160040,0.0,0.0
2025-03-21 11:15:00+05:30,403.70001220703125,404.04998779296875,403.6499938964844,404.0,318798,0.0,0.0
2025-03-21 11:20:00+05:30,404.0,404.1499938964844,403.8500061035156,403.8500061035156,195410,0.0,0.0
2025-03-21 11:25:00+05:30,403.8500061035156,404.1499938964844,403.8500061035156,403.95001220703125,379857,0.0,0.0
2025-03-21 11:30:00+05:30,404.0,404.3999938964844,403.8999938964844,404.0,277399,0.0,0.0
2025-03-21 11:35:00+05:30,404.0,404.0,403.95001220703125,403.95001220703125,322432,0.0,0.0
2025-03-21 11:40:00+05:30,403.95001220703125,404.0,403.5,403.79998779296875,286904,0.0,0.0
2025-03-21 11:45:00+05:30,403.79998779296875,403.79998779296875,403.20001220703125,403.3500061035156,221450,0.0,0.0
2025-03-21 11:50:00+05:30,403.5,403.5,402.79998779296875,403.20001220703125,299169,0.0,0.0
2025-03-21 11:55:00+05:30,403.20001220703125,403.3500061035156,403.0,403.04998779296875,162333,0.0,0.0
2025-03-21 12:00:00+05:30,403.04998779296875,403.6000061035156,403.0,403.25,130062,0.0,0.0
2025-03-21 12:05:00+05:30,403.25,403.6000061035156,403.25,403.5,58670,0.0,0.0
2025-03-21 12:10:00+05:30,403.5,404.1499938964844,403.45001220703125,403.8999938964844,183632,0.0,0.0
2025-03-21 12:15:00+05:30,403.8500061035156,403.95001220703125,403.6499938964844,403.95001220703125,120942,0.0,0.0
2025-03-21 12:20:00+05:30,403.95001220703125,404.3500061035156,403.8999938964844,404.1499938964844,447798,0.0,0.0
2025-03-21 12:25:00+05:30,404.0,404.5,403.8999938964844,404.5,154307,0.0,0.0
2025-03-21 12:30:00+05:30,404.45001220703125,405.29998779296875,404.29998779296875,405.0,455390,0.0,0.0
2025-03-21 12:35:00+05:30,404.8500061035156,405.6499938964844,404.79998779296875,405.25,523556,0.0,0.0
2025-03-21 12:40:00+05:30,405.20001220703125,405.29998779296875,404.95001220703125,405.25,346677,0.0,0.0
2025-03-21 12:45:00+05:30,405.20001220703125,405.20001220703125,404.6000061035156,404.8500061035156,304614,0.0,0.0
2025-03-21 12:50:00+05:30,404.8500061035156,404.8500061035156,404.1499938964844,404.29998779296875,349047,0.0,0.0
2025-03-21 12:55:00+05:30,404.25,404.5,404.1499938964844,404.45001220703125,331399,0.0,0.0
2025-03-21 13:00:00+05:30,404.75,404.75,404.1000061035156,404.1000061035156,316287,0.0,0.0
2025-03-21 13:05:00+05:30,404.1000061035156,404.70001220703125,404.1000061035156,404.1499938964844,317611,0.0,0.0
2025-03-21 13:10:00+05:30,404.1499938964844,404.1499938964844,403.3500061035156,403.3500061035156,371035,0.0,0.0
2025-03-21 13:15:00+05:30,403.3500061035156,403.3500061035156,402.8999938964844,403.0,343179,0.0,0.0
2025-03-21 13:20:00+05:30,403.0,403.1499938964844,402.8500061035156,402.8500061035156,285529,0.0,0.0
2025-03-21 13:25:00+05:30,402.79998779296875,403.1499938964844,402.70001220703125,402.75,319506,0.0,0.0
2025-03-21 13:30:00+05:30,402.75,402.79998779296875,402.3500061035156,402.3999938964844,379698,0.0,0.0
2025-03-21 13:35:00+05:30,402.45001220703125,402.45001220703125,402.1000061035156,402.29998779296875,312585,0.0,0.0
2025-03-21 13:40:00+05:30,402.29998779296875,402.95001220703125,402.20001220703125,402.6499938964844,218832,0.0,0.0
2025-03-21 13:45:00+05:30,402.6000061035156,402.6000061035156,402.1000061035156,402.1499938964844,192662,0.0,0.0
2025-03-21 13:50:00+05:30,402.1000061035156,402.20001220703125,401.79998779296875,401.8500061035156,282455,0.0,0.0
2025-03-21 13:55:00+05:30,401.8500061035156,402.0,401.70001220703125,401.75,321328,0.0,0.0
2025-03-21 14:00:00+05:30,401.79998779296875,402.5,401.79998779296875,402.3500061035156,298994,0.0,0.0
2025-03-21 14:05:00+05:30,402.25,402.5,402.1000061035156,402.45001220703125,224314,0.0,0.0
2025-03-21 14:10:00+05:30,402.3999938964844,402.5,402.04998779296875,402.1000061035156,216457,0.0,0.0
2025-03-21 14:15:00+05:30,402.04998779296875,402.5,402.04998779296875,402.3500061035156,256820,0.0,0.0
2025-03-21 14:20:00+05:30,402.3500061035156,402.6000061035156,402.1499938964844,402.3999938964844,276849,0.0,0.0
2025-03-21 14:25:00+05:30,402.3999938964844,402.75,402.3500061035156,402.45001220703125,270645,0.0,0.0
2025-03-21 14:30:00+05:30,402.45001220703125,402.6499938964844,402.20001220703125,402.25,202890,0.0,0.0
2025-03-21 14:35:00+05:30,402.20001220703125,402.29998779296875,402.0,402.25,354713,0.0,0.0
2025-03-21 14:40:00+05:30,402.1499938964844,402.3999938964844,401.75,402.1499938964844,308223,0.0,0.0
2025-03-21 14:45:00+05:30,402.04998779296875,402.25,401.70001220703125,402.0,285935,0.0,0.0
2025-03-21 14:50:00+05:30,402.04998779296875,402.25,402.0,402.0,264208,0.0,0.0
2025-03-21 14:55:00+05:30,402.0,402.25,401.95001220703125,402.04998779296875,242829,0.0,0.0
2025-03-21 15:00:00+05:30,402.0,404.1499938964844,402.0,404.1499938964844,1611791,0.0,0.0
2025-03-21 15:05:00+05:30,404.1499938964844,405.29998779296875,404.1499938964844,405.25,913717,0.0,0.0
2025-03-21 15:10:00+05:30,405.25,406.0,405.25,406.0,1270975,0.0,0.0
2025-03-21 15:15:00+05:30,405.95001220703125,406.29998779296875,405.1499938964844,406.29998779296875,1405882,0.0,0.0
2025-03-21 15:20:00+05:30,406.1000061035156,407.1000061035156,406.1000061035156,407.1000061035156,1407726,0.0,0.0
2025-03-21 15:25:00+05:30,407.1000061035156,407.45001220703125,406.1000061035156,406.5,1332869,0.0,0.0
2025-03-24 09:15:00+05:30,407.3500061035156,407.3500061035156,405.8500061035156,407.20001220703125,0,0.0,0.0
2025-03-24 09:20:00+05:30,407.0,407.8999938964844,407.0,407.8999938964844,232683,0.0,0.0
2025-03-24 09:25:00+05:30,407.8500061035156,408.5,407.70001220703125,408.0,254093,0.0,0.0
2025-03-24 09:30:00+05:30,407.8999938964844,407.8999938964844,406.5,406.6000061035156,191781,0.0,0.0
2025-03-24 09:35:00+05:30,406.79998779296875,407.6000061035156,406.70001220703125,406.8500061035156,136919,0.0,0.0
2025-03-24 09:40:00+05:30,406.95001220703125,408.0,406.79998779296875,407.8500061035156,171379,0.0,0.0
2025-03-24 09:45:00+05:30,407.8500061035156,408.1499938964844,407.5,407.8999938964844,126166,0.0,0.0
2025-03-24 09:50:00+05:30,407.95001220703125,408.20001220703125,407.6499938964844,407.6499938964844,154706,0.0,0.0
2025-03-24 09:55:00+05:30,407.79998779296875,408.3500061035156,407.6499938964844,408.3500061035156,130173,0.0,0.0
2025-03-24 10:00:00+05:30,408.1499938964844,408.3999938964844,407.8999938964844,408.0,1321849,0.0,0.0
2025-03-24 10:05:00+05:30,408.0,408.0,407.6499938964844,407.70001220703125,86172,0.0,0.0
2025-03-24 10:10:00+05:30,407.6000061035156,407.6499938964844,407.20001220703125,407.20001220703125,104299,0.0,0.0
2025-03-24 10:15:00+05:30,407.25,407.25,406.79998779296875,407.1499938964844,144250,0.0,0.0
2025-03-24 10:20:00+05:30,407.1000061035156,407.3500061035156,407.0,407.1499938964844,80884,0.0,0.0
2025-03-24 10:25:00+05:30,407.0,407.29998779296875,406.8500061035156,406.8500061035156,251663,0.0,0.0
2025-03-24 10:30:00+05:30,406.8500061035156,407.25,406.8500061035156,407.0,77791,0.0,0.0
2025-03-24 10:35:00+05:30,406.8999938964844,407.04998779296875,406.70001220703125,406.95001220703125,81365,0.0,0.0
2025-03-24 10:40:00+05:30,406.8999938964844,407.25,406.8999938964844,407.25,104347,0.0,0.0
2025-03-24 10:45:00+05:30,407.25,407.25,407.0,407.0,72670,0.0,0.0
2025-03-24 10:50:00+05:30,406.95001220703125,407.1000061035156,406.8500061035156,406.8500061035156,118746,0.0,0.0
2025-03-24 10:55:00+05:30,406.8500061035156,407.0,406.79998779296875,407.0,138288,0.0,0.0
2025-03-24 11:00:00+05:30,407.1499938964844,407.8999938964844,407.1000061035156,407.8999938964844,289559,0.0,0.0
2025-03-24 11:05:00+05:30,407.8500061035156,408.79998779296875,407.75,408.6000061035156,301329,0.0,0.0
2025-03-24 11:10:00+05:30,408.6000061035156,408.8999938964844,407.95001220703125,408.45001220703125,322078,0.0,0.0
2025-03-24 11:15:00+05:30,408.5,408.6499938964844,408.1499938964844,408.20001220703125,134129,0.0,0.0
2025-03-24 11:20:00+05:30,408.3500061035156,409.5,408.3500061035156,408.8999938964844,364954,0.0,0.0
2025-03-24 11:25:00+05:30,408.8999938964844,409.3999938964844,408.8999938964844,409.29998779296875,115992,0.0,0.0
2025-03-24 11:30:00+05:30,409.45001220703125,409.54998779296875,409.0,409.3999938964844,104616,0.0,0.0
2025-03-24 11:35:00+05:30,409.3999938964844,409.3999938964844,408.75,409.20001220703125,112474,0.0,0.0
2025-03-24 11:40:00+05:30,409.04998779296875,409.29998779296875,409.04998779296875,409.29998779296875,94579,0.0,0.0
2025-03-24 11:45:00+05:30,409.25,409.45001220703125,409.1499938964844,409.3999938964844,99572,0.0,0.0
2025-03-24 11:50:00+05:30,409.45001220703125,409.8500061035156,409.3999938964844,409.8500061035156,112716,0.0,0.0
2025-03-24 11:55:00+05:30,409.75,411.0,409.75,411.0,314931,0.0,0.0
2025-03-24 12:00:00+05:30,410.95001220703125,411.70001220703125,410.95001220703125,411.70001220703125,233009,0.0,0.0
2025-03-24 12:05:00+05:30,411.6499938964844,411.6499938964844,411.04998779296875,411.20001220703125,148812,0.0,0.0
2025-03-24 12:10:00+05:30,411.20001220703125,411.45001220703125,410.6499938964844,411.3999938964844,158561,0.0,0.0
2025-03-24 12:15:00+05:30,411.25,411.5,411.20001220703125,411.5,82460,0.0,0.0
2025-03-24 12:20:00+05:30,411.45001220703125,411.70001220703125,411.1499938964844,411.70001220703125,117674,0.0,0.0
2025-03-24 12:25:00+05:30,411.75,411.75,411.25,411.25,99758,0.0,0.0
2025-03-24 12:30:00+05:30,411.3999938964844,411.6000061035156,411.25,411.45001220703125,78799,0.0,0.0
2025-03-24 12:35:00+05:30,411.45001220703125,411.45001220703125,411.25,411.25,99175,0.0,0.0
2025-03-24 12:40:00+05:30,411.25,411.3500061035156,410.95001220703125,411.1000061035156,95154,0.0,0.0
2025-03-24 12:45:00+05:30,411.20001220703125,411.20001220703125,410.70001220703125,411.0,110284,0.0,0.0
2025-03-24 12:50:00+05:30,411.0,411.0,410.8999938964844,410.95001220703125,78139,0.0,0.0
2025-03-24 12:55:00+05:30,411.0,411.0,410.5,410.6499938964844,88949,0.0,0.0
2025-03-24 13:00:00+05:30,410.6000061035156,410.75,410.54998779296875,410.6499938964844,75801,0.0,0.0
2025-03-24 13:05:00+05:30,410.6499938964844,410.6499938964844,410.20001220703125,410.3500061035156,144078,0.0,0.0
2025-03-24 13:10:00+05:30,410.45001220703125,411.0,410.3999938964844,411.0,116692,0.0,0.0
2025-03-24 13:15:00+05:30,410.95001220703125,411.25,410.95001220703125,411.25,79379,0.0,0.0
2025-03-24 13:20:00+05:30,411.25,411.5,411.1499938964844,411.45001220703125,85036,0.0,0.0
2025-03-24 13:25:00+05:30,411.5,411.6499938964844,411.25,411.5,92012,0.0,0.0
2025-03-24 13:30:00+05:30,411.45001220703125,411.54998779296875,411.25,411.45001220703125,92720,0.0,0.0
2025-03-24 13:35:00+05:30,411.45001220703125,411.5,411.20001220703125,411.5,74455,0.0,0.0
2025-03-24 13:40:00+05:30,411.54998779296875,411.54998779296875,411.1000061035156,411.25,101788,0.0,0.0
2025-03-24 13:45:00+05:30,411.1000061035156,411.25,410.3500061035156,410.3999938964844,265422,0.0,0.0
2025-03-24 13:50:00+05:30,410.5,410.54998779296875,410.3999938964844,410.5,130038,0.0,0.0
2025-03-24 13:55:00+05:30,410.5,410.6000061035156,410.3999938964844,410.6000061035156,146534,0.0,0.0
2025-03-24 14:00:00+05:30,410.6000061035156,411.25,410.6000061035156,411.20001220703125,194989,0.0,0.0
2025-03-24 14:05:00+05:30,411.25,411.45001220703125,411.0,411.0,125497,0.0,0.0
2025-03-24 14:10:00+05:30,411.04998779296875,411.54998779296875,410.8999938964844,411.5,108445,0.0,0.0
2025-03-24 14:15:00+05:30,411.5,411.75,411.3999938964844,411.5,182237,0.0,0.0
2025-03-24 14:20:00+05:30,411.5,411.5,411.25,411.3999938964844,128267,0.0,0.0
2025-03-24 14:25:00+05:30,411.45001220703125,411.54998779296875,411.3999938964844,411.5,148253,0.0,0.0
2025-03-24 14:30:00+05:30,411.45001220703125,411.5,411.20001220703125,411.25,132124,0.0,0.0
2025-03-24 14:35:00+05:30,411.1499938964844,411.25,410.54998779296875,410.6000061035156,144705,0.0,0.0
2025-03-24 14:40:00+05:30,410.54998779296875,410.95001220703125,410.5,410.95001220703125,144456,0.0,0.0
2025-03-24 14:45:00+05:30,410.95001220703125,411.04998779296875,410.79998779296875,411.0,117644,0.0,0.0
2025-03-24 14:50:00+05:30,410.95001220703125,412.79998779296875,410.8999938964844,412.75,880073,0.0,0.0
2025-03-24 14:55:00+05:30,412.75,412.75,411.6499938964844,411.79998779296875,231691,0.0,0.0
2025-03-24 15:00:00+05:30,411.79998779296875,411.79998779296875,411.20001220703125,411.45001220703125,213716,0.0,0.0
2025-03-24 15:05:00+05:30,411.3500061035156,411.5,411.29998779296875,411.29998779296875,157233,0.0,0.0
2025-03-24 15:10:00+05:30,411.29998779296875,411.3500061035156,410.70001220703125,410.8500061035156,229495,0.0,0.0
2025-03-24 15:15:00+05:30,410.8500061035156,411.0,410.79998779296875,410.8500061035156,171475,0.0,0.0
2025-03-24 15:20:00+05:30,410.8500061035156,411.45001220703125,410.70001220703125,410.95001220703125,346387,0.0,0.0
2025-03-24 15:25:00+05:30,410.95001220703125,411.5,410.45001220703125,410.75,1108066,0.0,0.0
2025-03-25 09:15:00+05:30,412.45001220703125,413.04998779296875,410.5,411.8500061035156,0,0.0,0.0
2025-03-25 09:20:00+05:30,411.6499938964844,411.6499938964844,410.25,410.3999938964844,274240,0.0,0.0
2025-03-25 09:25:00+05:30,409.95001220703125,411.04998779296875,409.6499938964844,411.0,391747,0.0,0.0
2025-03-25 09:30:00+05:30,410.75,411.3500061035156,410.75,411.25,420534,0.0,0.0
2025-03-25 09:35:00+05:30,411.1000061035156,411.5,411.0,411.45001220703125,206179,0.0,0.0
2025-03-25 09:40:00+05:30,411.5,411.5,411.0,411.20001220703125,199266,0.0,0.0
2025-03-25 09:45:00+05:30,411.1000061035156,411.6499938964844,410.6499938964844,411.6000061035156,253479,0.0,0.0
2025-03-25 09:50:00+05:30,411.79998779296875,413.54998779296875,411.79998779296875,413.54998779296875,487413,0.0,0.0
2025-03-25 09:55:00+05:30,413.6499938964844,414.6000061035156,413.29998779296875,414.3500061035156,389779,0.0,0.0
2025-03-25 10:00:00+05:30,414.3999938964844,414.45001220703125,414.0,414.3500061035156,510741,0.0,0.0
2025-03-25 10:05:00+05:30,414.3500061035156,414.79998779296875,414.0,414.0,560664,0.0,0.0
2025-03-25 10:10:00+05:30,414.0,414.79998779296875,414.0,414.3500061035156,423148,0.0,0.0
2025-03-25 10:15:00+05:30,414.20001220703125,414.79998779296875,414.0,414.25,516604,0.0,0.0
2025-03-25 10:20:00+05:30,414.25,414.3999938964844,414.0,414.3999938964844,132802,0.0,0.0
2025-03-25 10:25:00+05:30,414.3999938964844,415.04998779296875,414.3500061035156,414.5,338961,0.0,0.0
2025-03-25 10:30:00+05:30,414.5,414.70001220703125,414.0,414.3500061035156,141276,0.0,0.0
2025-03-25 10:35:00+05:30,414.25,414.25,412.04998779296875,412.6499938964844,606047,0.0,0.0
2025-03-25 10:40:00+05:30,412.8999938964844,414.0,412.6000061035156,414.0,208234,0.0,0.0
2025-03-25 10:45:00+05:30,414.0,414.20001220703125,413.1499938964844,413.1499938964844,114490,0.0,0.0
2025-03-25 10:50:00+05:30,413.0,413.0,411.3999938964844,411.5,131168,0.0,0.0
2025-03-25 10:55:00+05:30,411.5,411.5,410.29998779296875,411.3500061035156,192937,0.0,0.0
2025-03-25 11:00:00+05:30,411.29998779296875,411.45001220703125,410.6000061035156,411.1000061035156,117974,0.0,0.0
2025-03-25 11:05:00+05:30,411.25,411.70001220703125,410.3999938964844,410.3999938964844,402052,0.0,0.0
2025-03-25 11:10:00+05:30,410.29998779296875,411.1499938964844,410.25,411.1499938964844,121105,0.0,0.0
2025-03-25 11:15:00+05:30,411.20001220703125,411.75,411.0,411.5,86684,0.0,0.0
2025-03-25 11:20:00+05:30,411.5,411.5,410.45001220703125,410.5,217595,0.0,0.0
2025-03-25 11:25:00+05:30,410.5,410.6000061035156,409.6499938964844,409.95001220703125,140759,0.0,0.0
2025-03-25 11:30:00+05:30,410.0,410.29998779296875,409.8999938964844,410.20001220703125,91363,0.0,0.0
2025-03-25 11:35:00+05:30,410.20001220703125,410.3999938964844,409.70001220703125,409.70001220703125,75017,0.0,0.0
2025-03-25 11:40:00+05:30,409.8999938964844,410.45001220703125,409.79998779296875,410.45001220703125,85336,0.0,0.0
2025-03-25 11:45:00+05:30,410.45001220703125,410.54998779296875,410.0,410.20001220703125,81608,0.0,0.0
2025-03-25 11:50:00+05:30,410.20001220703125,410.6000061035156,409.8999938964844,410.25,171719,0.0,0.0
2025-03-25 11:55:00+05:30,410.45001220703125,411.29998779296875,410.04998779296875,410.45001220703125,706429,0.0,0.0
2025-03-25 12:00:00+05:30,410.5,411.1000061035156,410.1499938964844,410.70001220703125,143127,0.0,0.0
2025-03-25 12:05:00+05:30,410.79998779296875,411.0,410.5,410.54998779296875,139347,0.0,0.0
2025-03-25 12:10:00+05:30,410.70001220703125,410.8999938964844,410.0,410.0,92531,0.0,0.0
2025-03-25 12:15:00+05:30,409.8500061035156,410.0,409.5,409.54998779296875,94370,0.0,0.0
2025-03-25 12:20:00+05:30,409.54998779296875,410.04998779296875,409.54998779296875,409.75,66392,0.0,0.0
2025-03-25 12:25:00+05:30,409.75,410.1000061035156,409.5,410.04998779296875,93610,0.0,0.0
2025-03-25 12:30:00+05:30,410.1000061035156,410.5,410.04998779296875,410.29998779296875,83689,0.0,0.0
2025-03-25 12:35:00+05:30,410.29998779296875,410.3500061035156,409.95001220703125,410.3500061035156,73107,0.0,0.0
2025-03-25 12:40:00+05:30,410.25,410.3999938964844,409.95001220703125,410.25,93818,0.0,0.0
2025-03-25 12:45:00+05:30,410.29998779296875,410.75,410.04998779296875,410.5,82431,0.0,0.0
2025-03-25 12:50:00+05:30,410.54998779296875,410.6499938964844,410.04998779296875,410.04998779296875,243113,0.0,0.0
2025-03-25 12:55:00+05:30,410.20001220703125,410.6499938964844,410.1000061035156,410.1499938964844,99750,0.0,0.0
2025-03-25 13:00:00+05:30,410.25,410.3999938964844,409.95001220703125,410.1000061035156,135252,0.0,0.0
2025-03-25 13:05:00+05:30,410.25,410.5,410.0,410.20001220703125,147068,0.0,0.0
2025-03-25 13:10:00+05:30,410.20001220703125,410.6000061035156,410.04998779296875,410.20001220703125,111978,0.0,0.0
2025-03-25 13:15:00+05:30,410.04998779296875,410.8999938964844,410.04998779296875,410.6000061035156,257458,0.0,0.0
2025-03-25 13:20:00+05:30,410.45001220703125,411.1499938964844,410.3999938964844,411.0,212720,0.0,0.0
2025-03-25 13:25:00+05:30,411.1499938964844,411.25,410.75,410.95001220703125,224857,0.0,0.0
2025-03-25 13:30:00+05:30,411.04998779296875,411.25,410.6000061035156,411.20001220703125,258587,0.0,0.0
2025-03-25 13:35:00+05:30,411.20001220703125,412.0,411.1499938964844,411.6499938964844,226492,0.0,0.0
2025-03-25 13:40:00+05:30,411.70001220703125,412.29998779296875,411.3999938964844,411.8999938964844,244033,0.0,0.0
2025-03-25 13:45:00+05:30,411.95001220703125,412.20001220703125,411.6000061035156,412.20001220703125,160020,0.0,0.0
2025-03-25 13:50:00+05:30,412.1499938964844,412.79998779296875,412.04998779296875,412.3999938964844,359731,0.0,0.0
2025-03-25 13:55:00+05:30,412.45001220703125,412.45001220703125,411.5,411.6000061035156,189106,0.0,0.0
2025-03-25 14:00:00+05:30,411.75,411.75,411.1000061035156,411.1499938964844,172700,0.0,0.0
2025-03-25 14:05:00+05:30,411.1499938964844,411.45001220703125,411.04998779296875,411.20001220703125,105341,0.0,0.0
2025-03-25 14:10:00+05:30,411.25,411.5,411.1000061035156,411.29998779296875,117988,0.0,0.0
2025-03-25 14:15:00+05:30,411.45001220703125,411.45001220703125,410.25,410.5,228638,0.0,0.0
2025-03-25 14:20:00+05:30,410.3999938964844,410.5,409.79998779296875,410.1499938964844,255778,0.0,0.0
2025-03-25 14:25:00+05:30,410.25,410.3500061035156,410.0,410.04998779296875,249402,0.0,0.0
2025-03-25 14:30:00+05:30,410.04998779296875,410.20001220703125,409.95001220703125,409.95001220703125,248314,0.0,0.0
2025-03-25 14:35:00+05:30,410.1000061035156,410.1000061035156,409.6000061035156,409.8999938964844,399308,0.0,0.0
2025-03-25 14:40:00+05:30,409.8999938964844,409.95001220703125,409.5,409.5,245442,0.0,0.0
2025-03-25 14:45:00+05:30,409.5,409.6499938964844,408.8500061035156,408.95001220703125,424522,0.0,0.0
2025-03-25 14:50:00+05:30,408.8999938964844,409.25,408.79998779296875,408.8500061035156,327251,0.0,0.0
2025-03-25 14:55:00+05:30,408.95001220703125,409.6499938964844,408.8999938964844,409.3999938964844,919259,0.0,0.0
2025-03-25 15:00:00+05:30,409.3500061035156,410.45001220703125,409.20001220703125,409.79998779296875,648681,0.0,0.0
2025-03-25 15:05:00+05:30,409.75,410.29998779296875,409.29998779296875,410.29998779296875,648807,0.0,0.0
2025-03-25 15:10:00+05:30,410.3999938964844,410.45001220703125,409.6000061035156,409.75,537603,0.0,0.0
2025-03-25 15:15:00+05:30,409.8500061035156,410.1499938964844,409.6499938964844,410.0,611551,0.0,0.0
2025-03-25 15:20:00+05:30,409.95001220703125,410.1000061035156,409.54998779296875,410.0,650069,0.0,0.0
2025-03-25 15:25:00+05:30,410.04998779296875,410.1000061035156,408.8999938964844,409.20001220703125,391032,0.0,0.0
2025-03-26 09:15:00+05:30,410.3999938964844,410.3999938964844,409.0,409.70001220703125,0,0.0,0.0
2025-03-26 09:20:00+05:30,409.6499938964844,409.95001220703125,409.29998779296875,409.3999938964844,100695,0.0,0.0
2025-03-26 09:25:00+05:30,409.3999938964844,409.6499938964844,408.79998779296875,408.8500061035156,158903,0.0,0.0
2025-03-26 09:30:00+05:30,408.95001220703125,409.79998779296875,408.70001220703125,409.25,135460,0.0,0.0
2025-03-26 09:35:00+05:30,409.25,409.29998779296875,408.79998779296875,409.29998779296875,67275,0.0,0.0
2025-03-26 09:40:00+05:30,409.25,409.3999938964844,408.8500061035156,409.29998779296875,63700,0.0,0.0
2025-03-26 09:45:00+05:30,409.29998779296875,409.29998779296875,408.70001220703125,409.1499938964844,104758,0.0,0.0
2025-03-26 09:50:00+05:30,409.1499938964844,409.1499938964844,408.1000061035156,408.45001220703125,100772,0.0,0.0
2025-03-26 09:55:00+05:30,408.5,409.1000061035156,408.45001220703125,408.8500061035156,68940,0.0,0.0
2025-03-26 10:00:00+05:30,409.1499938964844,409.3999938964844,408.6499938964844,408.95001220703125,99239,0.0,0.0
2025-03-26 10:05:00+05:30,408.95001220703125,409.29998779296875,408.8500061035156,409.25,50524,0.0,0.0
2025-03-26 10:10:00+05:30,409.25,409.70001220703125,409.25,409.45001220703125,81182,0.0,0.0
2025-03-26 10:15:00+05:30,409.3500061035156,409.45001220703125,408.95001220703125,409.0,82262,0.0,0.0
2025-03-26 10:20:00+05:30,409.04998779296875,409.04998779296875,408.3500061035156,408.3999938964844,61570,0.0,0.0
2025-03-26 10:25:00+05:30,408.45001220703125,408.6000061035156,407.79998779296875,407.79998779296875,142313,0.0,0.0
2025-03-26 10:30:00+05:30,407.8500061035156,408.5,407.79998779296875,408.3999938964844,71978,0.0,0.0
2025-03-26 10:35:00+05:30,408.6000061035156,408.8999938964844,408.6000061035156,408.6499938964844,109855,0.0,0.0
2025-03-26 10:40:00+05:30,408.6499938964844,408.70001220703125,408.0,408.04998779296875,67040,0.0,0.0
2025-03-26 10:45:00+05:30,408.1000061035156,408.45001220703125,408.1000061035156,408.45001220703125,49977,0.0,0.0
2025-03-26 10:50:00+05:30,408.3999938964844,408.45001220703125,408.20001220703125,408.29998779296875,49334,0.0,0.0
2025-03-26 10:55:00+05:30,408.29998779296875,408.6499938964844,408.04998779296875,408.6000061035156,205416,0.0,0.0
2025-03-26 11:00:00+05:30,408.45001220703125,408.75,408.1499938964844,408.20001220703125,257143,0.0,0.0
2025-03-26 11:05:00+05:30,408.1499938964844,408.5,408.1000061035156,408.3999938964844,59876,0.0,0.0
2025-03-26 11:10:00+05:30,408.3999938964844,408.6000061035156,408.3999938964844,408.6000061035156,48946,0.0,0.0
2025-03-26 11:15:00+05:30,408.54998779296875,408.54998779296875,408.45001220703125,408.54998779296875,34594,0.0,0.0
2025-03-26 11:20:00+05:30,408.5,408.8500061035156,408.45001220703125,408.79998779296875,70376,0.0,0.0
2025-03-26 11:25:00+05:30,408.79998779296875,409.29998779296875,408.75,409.20001220703125,68074,0.0,0.0
2025-03-26 11:30:00+05:30,409.20001220703125,409.6499938964844,409.20001220703125,409.29998779296875,90224,0.0,0.0
2025-03-26 11:35:00+05:30,409.3500061035156,409.3999938964844,409.0,409.29998779296875,61781,0.0,0.0
2025-03-26 11:40:00+05:30,409.1499938964844,409.70001220703125,409.04998779296875,409.70001220703125,51399,0.0,0.0
2025-03-26 11:45:00+05:30,409.70001220703125,410.45001220703125,409.6499938964844,410.29998779296875,338933,0.0,0.0
2025-03-26 11:50:00+05:30,410.29998779296875,411.20001220703125,409.8999938964844,410.1499938964844,948282,0.0,0.0
2025-03-26 11:55:00+05:30,410.20001220703125,410.20001220703125,409.3999938964844,409.45001220703125,442286,0.0,0.0
2025-03-26 12:00:00+05:30,409.45001220703125,409.75,409.1000061035156,409.3999938964844,67001,0.0,0.0
2025-03-26 12:05:00+05:30,409.45001220703125,409.8999938964844,409.29998779296875,409.8999938964844,67348,0.0,0.0
2025-03-26 12:10:00+05:30,409.8999938964844,409.8999938964844,409.3999938964844,409.5,41969,0.0,0.0
2025-03-26 12:15:00+05:30,409.5,409.79998779296875,409.45001220703125,409.70001220703125,69307,0.0,0.0
2025-03-26 12:20:00+05:30,409.70001220703125,409.79998779296875,409.5,409.54998779296875,37662,0.0,0.0
2025-03-26 12:25:00+05:30,409.54998779296875,409.70001220703125,409.3999938964844,409.6499938964844,55006,0.0,0.0
2025-03-26 12:30:00+05:30,409.6499938964844,410.0,409.54998779296875,410.0,82030,0.0,0.0
2025-03-26 12:35:00+05:30,410.0,410.25,409.8999938964844,410.1499938964844,268322,0.0,0.0
2025-03-26 12:40:00+05:30,410.1499938964844,410.5,409.8500061035156,409.8999938964844,196234,0.0,0.0
2025-03-26 12:45:00+05:30,410.0,410.1000061035156,409.8500061035156,409.8999938964844,83751,0.0,0.0
2025-03-26 12:50:00+05:30,409.95001220703125,410.04998779296875,409.54998779296875,409.54998779296875,170866,0.0,0.0
2025-03-26 12:55:00+05:30,409.6000061035156,409.6000061035156,409.3500061035156,409.3999938964844,45150,0.0,0.0
2025-03-26 13:00:00+05:30,409.3999938964844,409.45001220703125,408.3999938964844,408.3999938964844,80754,0.0,0.0
2025-03-26 13:05:00+05:30,408.3999938964844,408.5,408.04998779296875,408.20001220703125,120178,0.0,0.0
2025-03-26 13:10:00+05:30,408.20001220703125,408.29998779296875,407.8999938964844,408.20001220703125,176893,0.0,0.0
2025-03-26 13:15:00+05:30,408.20001220703125,408.3500061035156,408.0,408.04998779296875,110447,0.0,0.0
2025-03-26 13:20:00+05:30,408.1000061035156,408.25,407.8999938964844,408.1000061035156,110914,0.0,0.0
2025-03-26 13:25:00+05:30,408.20001220703125,408.5,408.1000061035156,408.3999938964844,117605,0.0,0.0
2025-03-26 13:30:00+05:30,408.5,408.5,407.95001220703125,407.95001220703125,100457,0.0,0.0
2025-03-26 13:35:00+05:30,408.0,408.25,407.79998779296875,408.1000061035156,126001,0.0,0.0
2025-03-26 13:40:00+05:30,408.1000061035156,408.5,407.8999938964844,408.25,259189,0.0,0.0
2025-03-26 13:45:00+05:30,408.45001220703125,408.79998779296875,408.25,408.6499938964844,142064,0.0,0.0
2025-03-26 13:50:00+05:30,408.95001220703125,409.8500061035156,408.70001220703125,409.6499938964844,318256,0.0,0.0
2025-03-26 13:55:00+05:30,409.75,409.95001220703125,409.6499938964844,409.79998779296875,159639,0.0,0.0
2025-03-26 14:00:00+05:30,409.79998779296875,410.29998779296875,409.75,410.29998779296875,207671,0.0,0.0
2025-03-26 14:05:00+05:30,410.20001220703125,410.29998779296875,409.79998779296875,409.95001220703125,270509,0.0,0.0
2025-03-26 14:10:00+05:30,409.95001220703125,410.29998779296875,409.75,410.29998779296875,204189,0.0,0.0
2025-03-26 14:15:00+05:30,410.29998779296875,410.6000061035156,410.20001220703125,410.5,238370,0.0,0.0
2025-03-26 14:20:00+05:30,410.5,410.6000061035156,410.45001220703125,410.6000061035156,204699,0.0,0.0
2025-03-26 14:25:00+05:30,410.6000061035156,410.6000061035156,410.5,410.6000061035156,189557,0.0,0.0
2025-03-26 14:30:00+05:30,410.6000061035156,410.6000061035156,410.25,410.25,504304,0.0,0.0
2025-03-26 14:35:00+05:30,410.25,410.29998779296875,409.79998779296875,409.79998779296875,451403,0.0,0.0
2025-03-26 14:40:00+05:30,409.8999938964844,410.29998779296875,409.70001220703125,410.25,180734,0.0,0.0
2025-03-26 14:45:00+05:30,410.25,410.25,409.8500061035156,409.8999938964844,262830,0.0,0.0
2025-03-26 14:50:00+05:30,409.8999938964844,409.95001220703125,409.45001220703125,409.5,212118,0.0,0.0
2025-03-26 14:55:00+05:30,409.5,409.5,408.54998779296875,409.1499938964844,266861,0.0,0.0
2025-03-26 15:00:00+05:30,409.04998779296875,409.04998779296875,408.1499938964844,408.29998779296875,297510,0.0,0.0
2025-03-26 15:05:00+05:30,408.29998779296875,408.29998779296875,407.6000061035156,407.6000061035156,479937,0.0,0.0
2025-03-26 15:10:00+05:30,408.0,408.0,407.1000061035156,407.5,498283,0.0,0.0
2025-03-26 15:15:00+05:30,407.45001220703125,407.45001220703125,406.95001220703125,406.95001220703125,606965,0.0,0.0
2025-03-26 15:20:00+05:30,406.95001220703125,407.20001220703125,406.6000061035156,406.79998779296875,757273,0.0,0.0
2025-03-26 15:25:00+05:30,406.8500061035156,407.1499938964844,406.70001220703125,407.1499938964844,348308,0.0,0.0
2025-03-27 09:15:00+05:30,408.0,408.45001220703125,405.79998779296875,406.95001220703125,0,0.0,0.0
2025-03-27 09:20:00+05:30,406.45001220703125,407.3999938964844,406.45001220703125,406.45001220703125,216335,0.0,0.0
2025-03-27 09:25:00+05:30,406.29998779296875,407.79998779296875,406.25,407.70001220703125,175638,0.0,0.0
2025-03-27 09:30:00+05:30,407.75,408.6000061035156,407.54998779296875,407.8500061035156,145608,0.0,0.0
2025-03-27 09:35:00+05:30,407.6499938964844,407.75,406.54998779296875,406.54998779296875,88488,0.0,0.0
2025-03-27 09:40:00+05:30,406.70001220703125,407.54998779296875,406.20001220703125,407.54998779296875,57046,0.0,0.0
2025-03-27 09:45:00+05:30,407.70001220703125,407.70001220703125,406.79998779296875,406.95001220703125,49927,0.0,0.0
2025-03-27 09:50:00+05:30,406.8999938964844,407.95001220703125,406.75,407.8999938964844,38312,0.0,0.0
2025-03-27 09:55:00+05:30,407.79998779296875,408.3999938964844,407.75,408.3999938964844,58851,0.0,0.0
2025-03-27 10:00:00+05:30,408.45001220703125,408.6499938964844,408.0,408.5,104832,0.0,0.0
2025-03-27 10:05:00+05:30,408.54998779296875,409.0,408.3999938964844,409.0,54205,0.0,0.0
2025-03-27 10:10:00+05:30,408.95001220703125,409.29998779296875,408.75,408.79998779296875,62435,0.0,0.0
2025-03-27 10:15:00+05:30,408.75,409.5,408.5,409.5,198675,0.0,0.0
2025-03-27 10:20:00+05:30,409.29998779296875,409.75,409.1000061035156,409.3999938964844,212840,0.0,0.0
2025-03-27 10:25:00+05:30,409.3999938964844,409.3999938964844,408.8500061035156,409.29998779296875,37462,0.0,0.0
2025-03-27 10:30:00+05:30,409.20001220703125,409.3999938964844,408.79998779296875,408.8999938964844,36253,0.0,0.0
2025-03-27 10:35:00+05:30,408.79998779296875,408.8999938964844,408.25,408.3500061035156,23000,0.0,0.0
2025-03-27 10:40:00+05:30,408.29998779296875,408.6000061035156,408.25,408.3999938964844,28745,0.0,0.0
2025-03-27 10:45:00+05:30,408.29998779296875,408.75,408.0,408.0,41438,0.0,0.0
2025-03-27 10:50:00+05:30,408.1000061035156,408.20001220703125,407.75,407.75,41965,0.0,0.0
2025-03-27 10:55:00+05:30,407.75,408.0,407.6000061035156,407.79998779296875,28896,0.0,0.0
2025-03-27 11:00:00+05:30,408.0,408.70001220703125,408.0,408.45001220703125,47924,0.0,0.0
2025-03-27 11:05:00+05:30,408.45001220703125,409.1000061035156,408.3500061035156,408.8500061035156,94026,0.0,0.0
2025-03-27 11:10:00+05:30,408.8999938964844,409.1499938964844,408.54998779296875,408.8500061035156,138065,0.0,0.0
2025-03-27 11:15:00+05:30,408.8500061035156,409.1499938964844,408.54998779296875,408.6499938964844,48509,0.0,0.0
2025-03-27 11:20:00+05:30,408.6499938964844,408.6499938964844,408.3500061035156,408.3500061035156,30521,0.0,0.0
2025-03-27 11:25:00+05:30,408.3500061035156,409.3500061035156,408.25,409.1499938964844,66098,0.0,0.0
2025-03-27 11:30:00+05:30,409.0,410.3500061035156,409.0,409.8999938964844,327725,0.0,0.0
2025-03-27 11:35:00+05:30,410.0,410.3999938964844,409.29998779296875,409.6000061035156,183749,0.0,0.0
2025-03-27 11:40:00+05:30,409.54998779296875,410.6000061035156,409.1000061035156,410.0,612718,0.0,0.0
2025-03-27 11:45:00+05:30,410.0,410.1499938964844,409.3500061035156,409.54998779296875,175957,0.0,0.0
2025-03-27 11:50:00+05:30,409.54998779296875,409.8500061035156,409.1000061035156,409.70001220703125,141721,0.0,0.0
2025-03-27 11:55:00+05:30,409.70001220703125,409.79998779296875,409.70001220703125,409.75,94022,0.0,0.0
2025-03-27 12:00:00+05:30,409.70001220703125,409.95001220703125,409.6000061035156,409.8500061035156,45586,0.0,0.0
2025-03-27 12:05:00+05:30,409.8500061035156,410.1000061035156,409.79998779296875,410.0,120804,0.0,0.0
2025-03-27 12:10:00+05:30,410.0,410.0,409.79998779296875,409.95001220703125,50343,0.0,0.0
2025-03-27 12:15:00+05:30,409.95001220703125,410.0,409.95001220703125,409.95001220703125,46706,0.0,0.0
2025-03-27 12:20:00+05:30,409.95001220703125,410.20001220703125,409.8999938964844,409.95001220703125,232814,0.0,0.0
2025-03-27 12:25:00+05:30,410.1000061035156,410.1499938964844,409.5,409.79998779296875,59686,0.0,0.0
2025-03-27 12:30:00+05:30,409.79998779296875,409.8999938964844,409.3500061035156,409.3999938964844,67916,0.0,0.0
2025-03-27 12:35:00+05:30,409.3999938964844,409.5,409.1000061035156,409.29998779296875,43606,0.0,0.0
2025-03-27 12:40:00+05:30,409.3500061035156,409.6000061035156,409.29998779296875,409.5,57689,0.0,0.0
2025-03-27 12:45:00+05:30,409.3500061035156,410.0,409.3500061035156,409.95001220703125,94868,0.0,0.0
2025-03-27 12:50:00+05:30,409.8500061035156,410.04998779296875,409.8500061035156,409.95001220703125,117681,0.0,0.0
2025-03-27 12:55:00+05:30,409.95001220703125,410.25,409.95001220703125,409.95001220703125,193220,0.0,0.0
2025-03-27 13:00:00+05:30,409.95001220703125,410.29998779296875,409.95001220703125,410.0,243512,0.0,0.0
2025-03-27 13:05:00+05:30,410.0,410.1000061035156,409.8500061035156,410.0,229343,0.0,0.0
2025-03-27 13:10:00+05:30,409.95001220703125,410.04998779296875,409.95001220703125,410.0,141403,0.0,0.0
2025-03-27 13:15:00+05:30,410.0,410.0,408.8999938964844,409.70001220703125,397866,0.0,0.0
2025-03-27 13:20:00+05:30,409.70001220703125,409.95001220703125,409.54998779296875,409.95001220703125,182759,0.0,0.0
2025-03-27 13:25:00+05:30,409.75,410.04998779296875,409.70001220703125,410.0,135535,0.0,0.0
2025-03-27 13:30:00+05:30,410.0,410.04998779296875,409.70001220703125,410.0,191785,0.0,0.0
2025-03-27 13:35:00+05:30,410.04998779296875,410.04998779296875,409.5,409.6499938964844,230893,0.0,0.0
2025-03-27 13:40:00+05:30,409.75,409.8999938964844,409.5,409.8999938964844,179892,0.0,0.0
2025-03-27 13:45:00+05:30,409.8999938964844,409.8999938964844,409.6499938964844,409.8999938964844,135435,0.0,0.0
2025-03-27 13:50:00+05:30,409.8999938964844,409.8999938964844,409.6000061035156,409.8500061035156,175431,0.0,0.0
2025-03-27 13:55:00+05:30,409.8500061035156,409.8999938964844,409.5,409.54998779296875,124700,0.0,0.0
2025-03-27 14:00:00+05:30,409.70001220703125,409.79998779296875,409.5,409.54998779296875,151707,0.0,0.0
2025-03-27 14:05:00+05:30,409.45001220703125,409.75,409.3500061035156,409.6499938964844,172444,0.0,0.0
2025-03-27 14:10:00+05:30,409.6000061035156,409.75,409.29998779296875,409.54998779296875,196251,0.0,0.0
2025-03-27 14:15:00+05:30,409.3999938964844,409.6000061035156,409.29998779296875,409.3500061035156,173344,0.0,0.0
2025-03-27 14:20:00+05:30,409.3500061035156,409.75,409.0,409.3999938964844,352399,0.0,0.0
2025-03-27 14:25:00+05:30,409.3999938964844,409.70001220703125,409.20001220703125,409.45001220703125,117863,0.0,0.0
2025-03-27 14:30:00+05:30,409.5,409.54998779296875,409.0,409.1499938964844,146902,0.0,0.0
2025-03-27 14:35:00+05:30,409.1499938964844,409.45001220703125,408.8500061035156,409.1499938964844,170857,0.0,0.0
2025-03-27 14:40:00+05:30,409.20001220703125,409.3500061035156,408.8500061035156,409.1499938964844,296127,0.0,0.0
2025-03-27 14:45:00+05:30,409.1499938964844,409.3999938964844,409.0,409.29998779296875,321268,0.0,0.0
2025-03-27 14:50:00+05:30,409.20001220703125,409.3500061035156,408.95001220703125,409.0,184408,0.0,0.0
2025-03-27 14:55:00+05:30,409.0,409.25,408.8500061035156,408.8500061035156,279796,0.0,0.0
2025-03-27 15:00:00+05:30,408.79998779296875,410.0,408.04998779296875,409.0,1528984,0.0,0.0
2025-03-27 15:05:00+05:30,409.04998779296875,410.0,408.8500061035156,409.8999938964844,1724943,0.0,0.0
2025-03-27 15:10:00+05:30,409.8500061035156,410.54998779296875,409.20001220703125,409.70001220703125,1854577,0.0,0.0
2025-03-27 15:15:00+05:30,409.75,409.95001220703125,409.0,409.54998779296875,1518781,0.0,0.0
2025-03-27 15:20:00+05:30,409.54998779296875,409.79998779296875,408.70001220703125,408.70001220703125,1254815,0.0,0.0
2025-03-27 15:25:00+05:30,408.6499938964844,410.3500061035156,408.6499938964844,409.70001220703125,654491,0.0,0.0
2025-03-28 09:15:00+05:30,410.8999938964844,410.8999938964844,408.79998779296875,410.20001220703125,0,0.0,0.0
2025-03-28 09:20:00+05:30,410.0,410.75,409.95001220703125,410.5,624750,0.0,0.0
2025-03-28 09:25:00+05:30,410.5,413.70001220703125,410.3999938964844,413.3999938964844,482866,0.0,0.0
2025-03-28 09:30:00+05:30,413.3999938964844,413.79998779296875,412.20001220703125,412.8999938964844,206627,0.0,0.0
2025-03-28 09:35:00+05:30,412.8500061035156,412.8500061035156,411.8500061035156,411.8999938964844,142669,0.0,0.0
2025-03-28 09:40:00+05:30,411.8500061035156,414.8500061035156,411.79998779296875,414.8500061035156,383355,0.0,0.0
2025-03-28 09:45:00+05:30,415.45001220703125,415.45001220703125,413.3999938964844,413.70001220703125,266943,0.0,0.0
2025-03-28 09:50:00+05:30,413.70001220703125,413.70001220703125,412.70001220703125,413.3500061035156,124194,0.0,0.0
2025-03-28 09:55:00+05:30,413.29998779296875,413.75,413.0,413.04998779296875,146870,0.0,0.0
2025-03-28 10:00:00+05:30,413.1000061035156,413.6000061035156,413.0,413.29998779296875,112142,0.0,0.0
2025-03-28 10:05:00+05:30,413.25,413.45001220703125,412.25,412.3999938964844,80561,0.0,0.0
2025-03-28 10:10:00+05:30,412.29998779296875,412.5,412.1000061035156,412.3500061035156,78855,0.0,0.0
2025-03-28 10:15:00+05:30,412.1000061035156,412.45001220703125,411.6000061035156,412.1000061035156,207932,0.0,0.0
2025-03-28 10:20:00+05:30,412.1000061035156,412.29998779296875,411.95001220703125,412.0,57105,0.0,0.0
2025-03-28 10:25:00+05:30,412.0,412.95001220703125,411.79998779296875,412.8500061035156,97344,0.0,0.0
2025-03-28 10:30:00+05:30,412.70001220703125,413.54998779296875,412.70001220703125,413.54998779296875,145420,0.0,0.0
2025-03-28 10:35:00+05:30,413.45001220703125,414.20001220703125,413.29998779296875,414.0,161060,0.0,0.0
2025-03-28 10:40:00+05:30,413.79998779296875,413.95001220703125,413.25,413.45001220703125,86234,0.0,0.0
2025-03-28 10:45:00+05:30,413.45001220703125,414.3999938964844,413.3500061035156,414.29998779296875,123901,0.0,0.0
2025-03-28 10:50:00+05:30,414.29998779296875,414.29998779296875,413.54998779296875,413.75,75755,0.0,0.0
2025-03-28 10:55:00+05:30,413.6499938964844,413.8500061035156,413.3999938964844,413.6499938964844,78108,0.0,0.0
2025-03-28 11:00:00+05:30,413.6000061035156,414.20001220703125,413.54998779296875,413.6000061035156,258882,0.0,0.0
2025-03-28 11:05:00+05:30,413.54998779296875,413.54998779296875,412.79998779296875,413.3500061035156,144906,0.0,0.0
2025-03-28 11:10:00+05:30,413.45001220703125,413.79998779296875,413.25,413.5,125211,0.0,0.0
2025-03-28 11:15:00+05:30,413.5,413.70001220703125,413.25,413.5,137159,0.0,0.0
2025-03-28 11:20:00+05:30,413.6499938964844,413.75,413.29998779296875,413.29998779296875,63146,0.0,0.0
2025-03-28 11:25:00+05:30,413.3999938964844,413.5,412.54998779296875,412.79998779296875,91732,0.0,0.0
2025-03-28 11:30:00+05:30,412.75,413.1000061035156,412.6000061035156,412.79998779296875,72701,0.0,0.0
2025-03-28 11:35:00+05:30,412.79998779296875,412.95001220703125,412.54998779296875,412.79998779296875,54181,0.0,0.0
2025-03-28 11:40:00+05:30,412.8500061035156,412.8999938964844,412.20001220703125,412.25,46989,0.0,0.0
2025-03-28 11:45:00+05:30,411.8999938964844,412.0,411.5,411.79998779296875,128215,0.0,0.0
2025-03-28 11:50:00+05:30,411.79998779296875,411.8999938964844,411.6000061035156,411.6000061035156,57092,0.0,0.0
2025-03-28 11:55:00+05:30,411.6499938964844,411.6499938964844,410.79998779296875,411.0,90265,0.0,0.0
2025-03-28 12:00:00+05:30,411.20001220703125,411.29998779296875,410.79998779296875,410.95001220703125,60404,0.0,0.0
2025-03-28 12:05:00+05:30,410.79998779296875,411.04998779296875,410.79998779296875,411.04998779296875,40151,0.0,0.0
2025-03-28 12:10:00+05:30,411.3500061035156,412.25,411.0,411.25,247834,0.0,0.0
2025-03-28 12:15:00+05:30,411.1000061035156,411.3999938964844,411.04998779296875,411.3500061035156,88565,0.0,0.0
2025-03-28 12:20:00+05:30,411.04998779296875,411.29998779296875,410.70001220703125,410.70001220703125,77792,0.0,0.0
2025-03-28 12:25:00+05:30,410.79998779296875,410.8500061035156,410.5,410.70001220703125,39171,0.0,0.0
2025-03-28 12:30:00+05:30,410.6499938964844,410.6499938964844,410.1000061035156,410.1000061035156,99242,0.0,0.0
2025-03-28 12:35:00+05:30,410.04998779296875,410.1499938964844,409.6499938964844,410.0,198972,0.0,0.0
2025-03-28 12:40:00+05:30,410.0,410.0,409.54998779296875,409.6499938964844,135861,0.0,0.0
2025-03-28 12:45:00+05:30,409.70001220703125,410.25,409.5,410.0,120127,0.0,0.0
2025-03-28 12:50:00+05:30,410.1499938964844,410.1499938964844,409.75,409.95001220703125,66632,0.0,0.0
2025-03-28 12:55:00+05:30,409.95001220703125,410.29998779296875,409.79998779296875,410.0,138130,0.0,0.0
2025-03-28 13:00:00+05:30,409.79998779296875,409.8999938964844,409.1499938964844,409.1499938964844,81127,0.0,0.0
2025-03-28 13:05:00+05:30,409.1000061035156,409.6499938964844,409.0,409.6000061035156,162916,0.0,0.0
2025-03-28 13:10:00+05:30,409.3999938964844,409.6000061035156,409.20001220703125,409.3999938964844,53045,0.0,0.0
2025-03-28 13:15:00+05:30,409.5,409.6000061035156,409.25,409.3500061035156,80322,0.0,0.0
2025-03-28 13:20:00+05:30,409.3500061035156,409.5,409.1499938964844,409.45001220703125,42932,0.0,0.0
2025-03-28 13:25:00+05:30,409.29998779296875,409.6000061035156,409.29998779296875,409.29998779296875,48577,0.0,0.0
2025-03-28 13:30:00+05:30,409.3999938964844,409.6000061035156,409.25,409.6000061035156,60785,0.0,0.0
2025-03-28 13:35:00+05:30,409.6000061035156,409.6000061035156,409.3999938964844,409.54998779296875,43406,0.0,0.0
2025-03-28 13:40:00+05:30,409.54998779296875,409.6000061035156,409.29998779296875,409.5,40126,0.0,0.0
2025-03-28 13:45:00+05:30,409.5,409.54998779296875,408.6499938964844,408.8999938964844,104496,0.0,0.0
2025-03-28 13:50:00+05:30,408.75,409.04998779296875,408.6499938964844,408.79998779296875,89076,0.0,0.0
2025-03-28 13:55:00+05:30,408.79998779296875,409.0,408.54998779296875,408.8500061035156,130327,0.0,0.0
2025-03-28 14:00:00+05:30,408.75,409.0,408.20001220703125,408.5,187255,0.0,0.0
2025-03-28 14:05:00+05:30,408.54998779296875,409.75,408.54998779296875,409.70001220703125,211430,0.0,0.0
2025-03-28 14:10:00+05:30,409.70001220703125,410.0,409.45001220703125,409.95001220703125,246572,0.0,0.0
2025-03-28 14:15:00+05:30,409.95001220703125,410.04998779296875,409.6000061035156,409.79998779296875,291843,0.0,0.0
2025-03-28 14:20:00+05:30,409.8999938964844,410.1499938964844,409.8500061035156,410.0,247620,0.0,0.0
2025-03-28 14:25:00+05:30,409.8500061035156,410.45001220703125,409.8500061035156,410.04998779296875,392592,0.0,0.0
2025-03-28 14:30:00+05:30,410.3500061035156,410.3500061035156,409.6000061035156,409.75,269980,0.0,0.0
2025-03-28 14:35:00+05:30,409.6000061035156,409.79998779296875,409.04998779296875,409.54998779296875,246165,0.0,0.0
2025-03-28 14:40:00+05:30,409.54998779296875,410.1499938964844,409.5,409.79998779296875,263203,0.0,0.0
2025-03-28 14:45:00+05:30,409.8500061035156,410.0,409.20001220703125,409.3999938964844,197178,0.0,0.0
2025-03-28 14:50:00+05:30,409.3999938964844,409.8500061035156,409.3999938964844,409.54998779296875,270713,0.0,0.0
2025-03-28 14:55:00+05:30,409.6000061035156,409.95001220703125,409.3500061035156,409.79998779296875,236658,0.0,0.0
2025-03-28 15:00:00+05:30,409.79998779296875,410.25,409.3999938964844,409.54998779296875,360159,0.0,0.0
2025-03-28 15:05:00+05:30,409.6000061035156,410.25,409.3999938964844,410.25,374436,0.0,0.0
2025-03-28 15:10:00+05:30,409.95001220703125,410.25,409.79998779296875,410.0,482105,0.0,0.0
2025-03-28 15:15:00+05:30,410.0,410.0,409.25,409.25,330975,0.0,0.0
2025-03-28 15:20:00+05:30,409.25,409.95001220703125,409.1000061035156,409.8500061035156,478806,0.0,0.0
2025-03-28 15:25:00+05:30,409.45001220703125,410.5,409.3999938964844,409.75,461594,0.0,0.0
