Date,Open,High,Low,Close,Volume,Dividends,Stock Splits
2020-03-30 00:00:00+05:30,125.65454176026772,132.78072902351207,125.65454176026772,128.19097900390625,28120340,0.0,0.0
2020-03-31 00:00:00+05:30,132.05605067873174,139.98747083233954,130.08326457409876,138.25624084472656,42630666,0.0,0.0
2020-04-01 00:00:00+05:30,138.25623860769832,139.1017218636264,132.49892189386102,133.9885711669922,18141970,0.0,0.0
2020-04-03 00:00:00+05:30,135.1963982652636,147.15391710025705,134.47170536658234,143.24859619140625,62867436,0.0,0.0
2020-04-07 00:00:00+05:30,149.5292941314112,149.5292941314112,139.82639439946936,146.18763732910156,36118591,0.0,0.0
2020-04-08 00:00:00+05:30,145.62401733403703,148.16045499122566,142.24208407554545,143.85252380371094,37561082,0.0,0.0
2020-04-09 00:00:00+05:30,148.16043696229758,149.97218143602132,144.9395578978998,149.16696166992188,42626960,0.0,0.0
2020-04-13 00:00:00+05:30,148.5630375340991,150.29425500803674,145.78503197250436,146.2279052734375,17744169,0.0,0.0
2020-04-15 00:00:00+05:30,148.20068645560065,156.01131499409874,147.11363495903532,152.46835327148438,49092699,0.0,0.0
2020-04-16 00:00:00+05:30,152.70990364805203,153.95799657874477,149.32798353241915,150.0526885986328,27080032,0.0,0.0
2020-04-17 00:00:00+05:30,153.35409678254794,154.1190530769996,150.5358276970158,151.4618377685547,26667421,0.0,0.0
2020-04-20 00:00:00+05:30,152.9514708898156,152.9514708898156,144.53692795900815,145.50318908691406,35764287,0.0,0.0
2020-04-21 00:00:00+05:30,143.3291057313403,148.4019922679311,141.758929783192,144.61746215820312,23333661,0.0,0.0
2020-04-22 00:00:00+05:30,144.13433285308963,147.7980851119982,141.71867364326133,146.7512969970703,25163402,0.0,0.0
2020-04-23 00:00:00+05:30,147.3149535516311,148.16043676222952,144.6577258697554,145.38243103027344,32968029,0.0,0.0
2020-04-24 00:00:00+05:30,145.74476889651203,147.19416684563612,144.3758978338251,144.9798126220703,18049697,0.0,0.0
2020-04-27 00:00:00+05:30,145.14085433520125,146.79155721632137,144.3758980595635,144.8187713623047,13085703,0.0,0.0
2020-04-28 00:00:00+05:30,144.93956218456205,145.5837404738292,143.36938605156507,144.49668884277344,17802635,0.0,0.0
2020-04-29 00:00:00+05:30,145.34218378032972,147.27470651703058,144.6577419891299,146.67079162597656,21461067,0.0,0.0
2020-04-30 00:00:00+05:30,148.88512461823882,148.88512461823882,145.30189924203498,146.5902557373047,30164713,0.0,0.0
2020-05-04 00:00:00+05:30,146.34868809045616,146.34868809045616,137.41074404068686,140.14849853515625,30294317,0.0,0.0
2020-05-05 00:00:00+05:30,140.9134566028266,142.8862425379305,138.49779734677816,140.0277099609375,17707577,0.0,0.0
2020-05-06 00:00:00+05:30,138.01465765567607,138.01465765567607,129.23776745939756,131.9755096435547,65586734,0.0,0.0
2020-05-07 00:00:00+05:30,132.0560556731609,133.54571731341423,129.23778619233124,129.64039611816406,24249585,0.0,0.0
2020-05-08 00:00:00+05:30,132.01577550660096,132.17681699920604,126.50002759313698,127.426025390625,25307015,0.0,0.0
2020-05-11 00:00:00+05:30,128.83514430943455,131.65341309120345,127.22470500556663,127.58705139160156,18095473,0.0,0.0
2020-05-12 00:00:00+05:30,127.58704995884604,133.58593384105347,126.82209375543431,132.90150451660156,21387527,0.0,0.0
2020-05-13 00:00:00+05:30,139.6250919934037,139.78614576381622,132.45864153044,133.18333435058594,20015124,0.0,0.0
2020-05-14 00:00:00+05:30,132.45865566903595,135.47822988641516,130.40534274388227,131.89500427246094,14949993,0.0,0.0
2020-05-15 00:00:00+05:30,130.6066361402014,133.26386367381238,129.7611529767782,132.5794219970703,14950243,0.0,0.0
2020-05-18 00:00:00+05:30,133.66646722958555,134.71325527365872,131.37158622091272,132.65994262695312,20801299,0.0,0.0
2020-05-19 00:00:00+05:30,134.06905828562523,138.21593415276263,132.9417558032992,137.49124145507812,20142171,0.0,0.0
2020-05-20 00:00:00+05:30,138.45752713646723,142.52388914279206,137.6925708667652,141.51736450195312,25320734,0.0,0.0
2020-05-21 00:00:00+05:30,141.39659435923934,153.3541003884386,139.02118624480846,152.14627075195312,58382197,0.0,0.0
2020-05-22 00:00:00+05:30,151.38129612334242,154.52164788357078,148.64355419322936,150.0526885986328,39013770,0.0,0.0
2020-05-26 00:00:00+05:30,152.99175507995503,156.97759045233394,151.22027405741756,154.36062622070312,53233404,0.0,0.0
2020-05-27 00:00:00+05:30,155.00477795066396,156.13208051199823,150.49554313197407,154.7229461669922,24546119,0.0,0.0
2020-05-28 00:00:00+05:30,154.84374125535092,155.32686567366625,152.18651395124775,153.51512145996094,24578072,0.0,0.0
2020-05-29 00:00:00+05:30,153.35407252451427,159.43348304755162,152.18650654539016,158.91009521484375,35834621,0.0,0.0
2020-06-01 00:00:00+05:30,161.84914752787458,165.27133099550377,160.23870824899026,161.48680114746094,28508405,0.0,0.0
2020-06-02 00:00:00+05:30,162.57385662881745,162.57385662881745,158.3867165402088,158.82958984375,22631373,0.0,0.0
2020-06-03 00:00:00+05:30,161.0439308068595,161.76862358081962,157.5009692437793,158.38670349121094,18979188,0.0,0.0
2020-06-04 00:00:00+05:30,159.2321962555548,163.05698984449987,157.01784207248136,161.1647186279297,21996048,0.0,0.0
2020-06-05 00:00:00+05:30,162.4933586737665,162.65440017700195,159.95690892276122,161.04396057128906,14629659,0.0,0.0
2020-06-08 00:00:00+05:30,163.37907588318637,163.98299067174426,158.6282844612022,159.15167236328125,19551313,0.0,0.0
2020-06-09 00:00:00+05:30,159.63480042810704,166.0362943813817,159.15166370886183,159.8361053466797,39914264,0.0,0.0
2020-06-10 00:00:00+05:30,160.6010746805372,163.58038526110647,159.67507689423803,160.27899169921875,27199665,0.0,0.0
2020-06-11 00:00:00+05:30,161.04396982082528,162.05049463220544,155.89056770123082,156.41395568847656,19847133,0.0,0.0
2020-06-12 00:00:00+05:30,152.14626026848708,157.17888340707609,151.26052596810197,156.13209533691406,22562768,0.0,0.0
2020-06-15 00:00:00+05:30,156.13209097866886,156.17235441998918,150.01242878497442,150.73712158203125,24462536,0.0,0.0
2020-06-16 00:00:00+05:30,153.63594517006817,153.75672322922713,146.46948135076846,148.96566772460938,27636105,0.0,0.0
2020-06-17 00:00:00+05:30,148.1603941281282,148.96561366143322,145.50316721088655,145.90577697753906,24027295,0.0,0.0
2020-06-18 00:00:00+05:30,145.9058189585785,150.97870593534168,145.50320907608423,150.25401306152344,28887489,0.0,0.0
2020-06-19 00:00:00+05:30,150.656606059051,151.3410354105761,147.83833719745115,148.20068359375,30531449,0.0,0.0
2020-06-22 00:00:00+05:30,150.17349746291703,150.97871728845544,147.4760061326915,148.96566772460938,31395991,0.0,0.0
2020-06-23 00:00:00+05:30,149.28771153475512,150.97867763898222,148.76432370027715,149.6500701904297,26546793,0.0,0.0
2020-06-24 00:00:00+05:30,150.89816215367404,156.77626823747113,149.89163756010183,154.4813995361328,54652978,0.0,0.0
2020-06-25 00:00:00+05:30,154.80348996279756,163.862211742155,154.32035321989406,162.7349090576172,75574255,0.0,0.0
2020-06-26 00:00:00+05:30,165.87525376922193,168.61299576142167,155.648966309717,157.1788787841797,71956002,0.0,0.0
2020-06-29 00:00:00+05:30,163.05699337571292,163.45960323589986,157.98410668002185,158.82958984375,91503336,0.0,0.0
2020-06-30 00:00:00+05:30,160.56080121662657,160.56080121662657,156.21261980677895,156.7360076904297,41210494,0.0,0.0
2020-07-01 00:00:00+05:30,156.7360261335434,164.14405798006385,156.7360261335434,163.37908935546875,44297953,0.0,0.0
2020-07-02 00:00:00+05:30,164.62717109168594,166.47917892521497,163.09725852167557,165.75448608398438,39320871,0.0,0.0
2020-07-03 00:00:00+05:30,167.48571375217918,167.88832364100654,165.87527419686978,167.1233673095703,37893277,0.0,0.0
2020-07-06 00:00:00+05:30,169.62087275629486,170.97546140224867,168.4355931578426,169.1552276611328,34710176,10.15,0.0
2020-07-07 00:00:00+05:30,169.32457883385618,169.74789028094082,164.2448414688405,164.4564971923828,31263172,0.0,0.0
2020-07-08 00:00:00+05:30,164.4565132097348,167.58901563956528,164.4565132097348,166.1920928955078,21274354,0.0,0.0
2020-07-09 00:00:00+05:30,166.70004324385567,166.78471070092766,164.37183027721835,165.47244262695312,18769502,0.0,0.0
2020-07-10 00:00:00+05:30,165.21845620814295,166.36140230740205,164.2448450261374,164.54116821289062,16191544,0.0,0.0
2020-07-13 00:00:00+05:30,165.85341546224393,168.26629581489,165.17612749937612,167.25035095214844,20297515,0.0,0.0
2020-07-14 00:00:00+05:30,167.1233584462292,168.9012717371544,163.18656705431832,165.85342407226562,18474376,0.0,0.0
2020-07-15 00:00:00+05:30,166.23444258840973,169.3246115824117,164.66818476389537,168.2239990234375,23776757,0.0,0.0
2020-07-16 00:00:00+05:30,168.2239566740478,168.3509578518284,162.5515861977114,164.1178436279297,22144320,0.0,0.0
2020-07-17 00:00:00+05:30,163.65220325803128,165.43010353291734,163.39821381349333,164.28717041015625,14882294,0.0,0.0
2020-07-20 00:00:00+05:30,165.0914612781101,165.3877844529083,162.84791581786047,163.14422607421875,18914963,0.0,0.0
2020-07-21 00:00:00+05:30,162.6362563674429,164.41415662012793,162.12827748471025,162.76324462890625,28010715,0.0,0.0
2020-07-22 00:00:00+05:30,163.3982184442153,167.5466654549566,162.97490699746862,166.4037322998047,32572133,0.0,0.0
2020-07-23 00:00:00+05:30,167.3350034978982,170.59450668379827,166.61538181630084,169.91720581054688,31488108,0.0,0.0
2020-07-24 00:00:00+05:30,170.17121362258166,170.76384710623577,167.03871127888902,168.98594665527344,60183102,0.0,0.0
2020-07-27 00:00:00+05:30,169.74787689948232,169.74787689948232,165.2184396053624,166.27671813964844,22645697,0.0,0.0
2020-07-28 00:00:00+05:30,166.78468582902005,168.1816082333091,165.1337740098316,165.43008422851562,19287132,0.0,0.0
2020-07-29 00:00:00+05:30,163.77917660825736,167.80063487221054,163.73684288494908,166.53070068359375,14831635,0.0,0.0
2020-07-30 00:00:00+05:30,167.97000070254145,167.97000070254145,162.97493009052047,163.69456481933594,16315231,0.0,0.0
2020-07-31 00:00:00+05:30,163.82152646997199,166.74237280784163,163.82152646997199,164.371826171875,16652851,0.0,0.0
2020-08-03 00:00:00+05:30,164.24485253561295,164.24485253561295,162.4669391706861,163.05958557128906,13265411,0.0,0.0
2020-08-04 00:00:00+05:30,163.059557973346,165.76874837501182,163.059557973346,163.94850158691406,17187619,0.0,0.0
2020-08-05 00:00:00+05:30,164.66813804233695,164.7528054914824,162.29759156909367,163.2288818359375,48768332,0.0,0.0
2020-08-06 00:00:00+05:30,164.41414762090574,165.5994273095923,163.48287027812228,165.3877716064453,17886089,0.0,0.0
2020-08-07 00:00:00+05:30,165.51476257659263,166.7846968163107,164.3718165934707,165.98040771484375,20911818,0.0,0.0
2020-08-10 00:00:00+05:30,166.27671591424655,169.02824006656462,166.27671591424655,168.3509521484375,16474505,0.0,0.0
2020-08-11 00:00:00+05:30,169.3245816044611,175.84357541254477,169.3245816044611,171.9067840576172,55142972,0.0,0.0
2020-08-12 00:00:00+05:30,171.44111493477538,173.47300446292323,169.66320190881711,172.88037109375,21287010,0.0,0.0
2020-08-13 00:00:00+05:30,172.28773380430437,172.8803671599927,166.8693532402421,170.55215454101562,22698888,0.0,0.0
2020-08-14 00:00:00+05:30,170.6791671770297,172.1607571250302,165.51476276233814,166.27671813964844,28751298,0.0,0.0
2020-08-17 00:00:00+05:30,167.67366295797552,168.90126354289507,166.65771809178142,168.26629638671875,11740766,0.0,0.0
2020-08-18 00:00:00+05:30,169.2399180645082,169.2399180645082,166.9963724736829,168.09698486328125,12488159,0.0,0.0
2020-08-19 00:00:00+05:30,168.13933030061327,170.76385380792212,167.71601880732717,168.0123291015625,15474353,0.0,0.0
2020-08-20 00:00:00+05:30,166.78471321854536,166.95403521680504,164.71048967337336,165.76876831054688,16910449,0.0,0.0
2020-08-21 00:00:00+05:30,167.63133184492946,168.64727672696827,166.19207551883775,166.61538696289062,17233813,0.0,0.0
2020-08-24 00:00:00+05:30,166.99634580310763,168.4779356898272,166.234390457313,166.53070068359375,14737317,0.0,0.0
2020-08-25 00:00:00+05:30,166.99634152169645,167.88529801462508,165.17610773205453,165.43008422851562,15199264,0.0,0.0
2020-08-26 00:00:00+05:30,166.36140139162976,166.4037351207101,163.94852093689408,165.04913330078125,22631175,0.0,0.0
2020-08-27 00:00:00+05:30,168.05464449260228,168.39328848289392,164.16017401204752,164.4564971923828,47212216,0.0,0.0
2020-08-28 00:00:00+05:30,164.75282446172648,166.1920808338472,164.28717927468847,165.55711364746094,34645487,0.0,0.0
2020-08-31 00:00:00+05:30,168.47795811698086,168.47795811698086,160.85835197098675,161.78964233398438,96994911,0.0,0.0
2020-09-01 00:00:00+05:30,161.78964783493038,162.84792650230057,159.37676730595004,161.02767944335938,39779151,0.0,0.0
2020-09-02 00:00:00+05:30,161.95896326840455,163.39821961395862,160.562027733076,162.0012969970703,20585374,0.0,0.0
2020-09-03 00:00:00+05:30,162.0436015037413,163.60985887770812,160.85833473099376,162.2129364013672,15691462,0.0,0.0
2020-09-04 00:00:00+05:30,160.8583416335862,160.8583416335862,157.21786079187504,158.06448364257812,41389019,0.0,0.0
2020-09-07 00:00:00+05:30,158.5301322947459,161.28165662028889,153.06941737081777,160.0963897705078,32660563,0.0,0.0
2020-09-08 00:00:00+05:30,160.51969720502066,161.3239863272176,156.2865829635216,159.29208374023438,25589032,0.0,0.0
2020-09-09 00:00:00+05:30,157.04853971813748,157.68350685985502,154.33934916383055,155.60928344726562,27829564,0.0,0.0
2020-09-10 00:00:00+05:30,155.86325473168685,157.21784339182932,155.10128649932102,156.54054260253906,17784303,0.0,0.0
2020-09-11 00:00:00+05:30,156.54054085755467,157.89514242103525,154.72030711766322,155.7362518310547,19255948,0.0,0.0
2020-09-14 00:00:00+05:30,157.30252536451405,157.34485908996209,154.93197884225617,155.22830200195312,30992032,0.0,0.0
2020-09-15 00:00:00+05:30,155.77859849955243,155.9479204794511,153.06940806585672,153.91603088378906,30771790,0.0,0.0
2020-09-16 00:00:00+05:30,153.95838644926332,155.35530912964677,152.43446257710997,152.9424285888672,50641398,0.0,0.0
2020-09-17 00:00:00+05:30,153.0694158550748,153.66204927409686,150.52954727203186,151.20684814453125,33933262,0.0,0.0
2020-09-18 00:00:00+05:30,152.01115046631188,152.26513993033856,149.852259399746,151.6301727294922,29782789,0.0,0.0
2020-09-21 00:00:00+05:30,152.3921231830103,152.90010209432984,148.2013423791656,148.79397583007812,23891325,0.0,0.0
2020-09-22 00:00:00+05:30,148.79395737927578,149.64058018086482,147.10071177609768,147.481689453125,18529108,0.0,0.0
2020-09-23 00:00:00+05:30,148.1166734682396,150.3178981711116,145.36514904886968,146.04244995117188,61785000,0.0,0.0
2020-09-24 00:00:00+05:30,145.36513782236358,145.4074715476956,140.66637851617378,141.00503540039062,31486355,0.0,0.0
2020-09-25 00:00:00+05:30,142.99459460642774,144.94182975068253,141.3860163542048,144.56085205078125,26625318,0.0,0.0
2020-09-28 00:00:00+05:30,144.77250669145874,147.9896760905124,144.3491952683843,146.71974182128906,23194638,0.0,0.0
2020-09-29 00:00:00+05:30,147.9473451957962,147.9473451957962,143.0792637372793,143.41790771484375,25615786,0.0,0.0
2020-09-30 00:00:00+05:30,143.9259016482603,145.70381501246814,142.82528922843832,145.3651580810547,18481590,0.0,0.0
2020-10-01 00:00:00+05:30,147.73570697624487,147.8203744398828,144.01057110811718,144.64553833007812,19756417,0.0,0.0
2020-10-05 00:00:00+05:30,144.85718158548326,146.29643791419022,142.86761262744358,143.29092407226562,24298942,0.0,0.0
2020-10-06 00:00:00+05:30,143.50258829127242,145.28050163216895,142.31732134296863,143.8412322998047,21885190,0.0,0.0
2020-10-07 00:00:00+05:30,143.92587487324852,144.68783021990794,143.07925207987648,143.5025634765625,16286540,0.0,0.0
2020-10-08 00:00:00+05:30,144.01054816484643,144.26452467841517,141.30134478134786,141.51300048828125,25502126,0.0,0.0
2020-10-09 00:00:00+05:30,141.8093439148206,142.99461087568747,140.83573269114,142.1056671142578,22373277,0.0,0.0
2020-10-12 00:00:00+05:30,144.3492109956502,148.3283362223993,143.92589952645474,145.78846740722656,66250422,0.0,0.0
2020-10-13 00:00:00+05:30,146.33876371709573,148.0320094046829,143.50257202301148,144.05287170410156,35684395,0.0,0.0
2020-10-14 00:00:00+05:30,144.39153692946655,144.77251464748244,141.42835680510288,142.06332397460938,38216229,0.0,0.0
2020-10-15 00:00:00+05:30,141.97865286232212,142.0633203167857,139.3117959864367,139.735107421875,27116799,0.0,0.0
2020-10-16 00:00:00+05:30,140.11607840826056,141.2166906712882,138.67682218050402,140.285400390625,20227056,0.0,0.0
2020-10-19 00:00:00+05:30,141.21670477710842,142.99460514718433,140.6663921314055,142.44430541992188,19016521,0.0,0.0
2020-10-20 00:00:00+05:30,142.23262814854343,142.48661756821068,141.13201594227772,141.76698303222656,16148741,0.0,0.0
2020-10-21 00:00:00+05:30,142.3596518306874,142.99461907867163,141.0473965196067,141.93634033203125,16478833,0.0,0.0
2020-10-22 00:00:00+05:30,141.85166509006012,143.16393312814904,141.38601992577827,142.6982879638672,22044107,0.0,0.0
2020-10-23 00:00:00+05:30,143.03692833273666,144.77250776388635,142.0209834935201,144.56085205078125,20145584,0.0,0.0
2020-10-26 00:00:00+05:30,145.19582285791003,145.28049031266667,142.4442985180371,142.6982879638672,16080575,0.0,0.0
2020-10-27 00:00:00+05:30,142.6559559608707,143.33325685179133,141.17436591379933,141.5553436279297,45885092,0.0,0.0
2020-10-28 00:00:00+05:30,142.6559575475595,142.6559575475595,139.69277742045884,140.1160888671875,16820774,0.0,0.0
2020-10-29 00:00:00+05:30,139.69278848329785,140.4970777120892,138.3805203108271,138.71917724609375,21007139,0.0,0.0
2020-10-30 00:00:00+05:30,138.84615557925966,141.2167022825936,138.29585586171794,139.90443420410156,16347325,0.0,0.0
2020-11-02 00:00:00+05:30,141.21669590938836,141.55533988667844,139.22712701710006,141.1743621826172,14370649,0.0,0.0
2020-11-03 00:00:00+05:30,141.55534494441514,144.56085879439962,141.4706904062878,144.01055908203125,22602903,0.0,0.0
2020-11-04 00:00:00+05:30,143.96823227123434,145.44982240327317,142.40197467855984,143.75657653808594,18808819,0.0,0.0
2020-11-05 00:00:00+05:30,144.9841619663484,148.1589976298451,144.09520539688145,147.9473419189453,26997641,0.0,0.0
2020-11-06 00:00:00+05:30,149.42894101545903,150.0215744584612,146.80440487274063,147.27005004882812,34252005,0.0,0.0
2020-11-09 00:00:00+05:30,147.2700589751048,150.10625101354734,145.49215853833687,146.29644775390625,35286484,0.0,0.0
2020-11-10 00:00:00+05:30,148.1590017099083,152.01113833805388,145.49214484650585,150.9951934814453,57459436,0.0,0.0
2020-11-11 00:00:00+05:30,152.05347871577575,157.38719267587274,151.20685581183145,156.8792266845703,63318644,0.0,0.0
2020-11-12 00:00:00+05:30,156.7945685014909,159.80008257196306,155.65163526462362,159.1651153564453,46367792,0.0,0.0
2020-11-13 00:00:00+05:30,158.48777647231614,159.8423780418794,157.0908540999349,158.4031219482422,28198725,0.0,0.0
2020-11-14 00:00:00+05:30,160.05405815690793,160.85834730976876,159.2074352763302,159.67308044433594,7767144,0.0,0.0
2020-11-17 00:00:00+05:30,160.01171436785776,160.35035833141936,157.81048984938988,158.6147918701172,20950589,0.0,0.0
2020-11-18 00:00:00+05:30,158.14915094761494,159.54607348259717,154.7203258217755,155.82093811035156,26595992,0.0,0.0
2020-11-19 00:00:00+05:30,154.76266027341134,162.38226595835397,154.6779928206473,159.08042907714844,48984610,0.0,0.0
2020-11-20 00:00:00+05:30,159.842406178108,162.5515968756813,157.51419320202402,162.297607421875,45307312,0.0,0.0
2020-11-23 00:00:00+05:30,162.55158350007267,162.97489491543743,159.71539184975302,161.57797241210938,23180456,0.0,0.0
2020-11-24 00:00:00+05:30,161.36633280099986,166.31906910374823,161.36633280099986,165.55711364746094,45411815,0.0,0.0
2020-11-25 00:00:00+05:30,165.93807757683038,167.588989540463,162.97489762010127,164.1178436279297,41659179,0.0,0.0
2020-11-26 00:00:00+05:30,165.17612383908101,165.81109097902862,163.01723297957122,164.92213439941406,24222956,0.0,0.0
2020-11-27 00:00:00+05:30,164.62580241694025,165.72641465092792,163.56752390703647,163.94850158691406,31385396,0.0,0.0
2020-12-01 00:00:00+05:30,165.0914597245663,166.23440576695845,162.89023509419616,164.58348083496094,15893346,0.0,0.0
2020-12-02 00:00:00+05:30,165.09146279499126,168.26629861797184,163.86386219379344,165.895751953125,28425948,0.0,0.0
2020-12-03 00:00:00+05:30,166.95402949694437,166.95402949694437,164.71048403037676,166.10740661621094,28009042,0.0,0.0
2020-12-04 00:00:00+05:30,166.65771084057357,168.77426793573736,166.36138767987492,167.80064392089844,22152332,0.0,0.0
2020-12-07 00:00:00+05:30,167.80064409154846,172.49940343127852,167.29267813925614,171.99142456054688,35693450,0.0,0.0
2020-12-08 00:00:00+05:30,172.62640433360758,173.30370523804496,168.9436024655973,171.3988037109375,30853963,0.0,0.0
2020-12-09 00:00:00+05:30,173.55768780754372,175.9282344198225,173.26136463659398,173.89633178710938,39684395,0.0,0.0
2020-12-10 00:00:00+05:30,174.9546046513216,180.8809645290418,171.99142471246148,180.07667541503906,65227495,0.0,0.0
2020-12-11 00:00:00+05:30,181.55826952108035,184.52144952745334,180.626992127284,183.12452697753906,60322445,0.0,0.0
2020-12-14 00:00:00+05:30,184.5214528892702,185.07176550868658,182.0239179935123,182.78587341308594,26990063,0.0,0.0
2020-12-15 00:00:00+05:30,182.2355974324935,183.2092086973927,179.1454287061252,180.7963409423828,23255609,0.0,0.0
2020-12-16 00:00:00+05:30,180.96565139627901,182.4895752548832,180.75399566365178,181.17730712890625,19551630,0.0,0.0
2020-12-17 00:00:00+05:30,181.3465968693451,182.10856512231163,178.84906225234909,180.37298583984375,22386185,0.0,0.0
2020-12-18 00:00:00+05:30,180.41533437450494,182.8282017442311,177.5791426616393,181.60060119628906,23775053,0.0,0.0
2020-12-21 00:00:00+05:30,181.60059387854517,181.7699158579143,168.60492849655108,171.8220977783203,41834797,0.0,0.0
2020-12-22 00:00:00+05:30,171.94910270824997,174.6159594672837,166.7000308040578,172.2030792236328,40986353,0.0,0.0
2020-12-23 00:00:00+05:30,171.86445120066657,176.30922149033896,171.017828288348,175.8859100341797,23695667,0.0,0.0
2020-12-24 00:00:00+05:30,177.79081195627765,178.34111168305185,174.06567630171276,176.6055450439453,22768284,0.0,0.0
2020-12-28 00:00:00+05:30,176.94416601504233,177.96011079603423,175.97055495793313,177.3674774169922,15741000,0.0,0.0
2020-12-29 00:00:00+05:30,178.21410132802313,180.7539697555009,177.87545737173497,179.10305786132812,26546469,0.0,0.0
2020-12-30 00:00:00+05:30,180.07668762985986,180.7539885312293,177.40983067136534,178.76441955566406,18925262,0.0,0.0
2020-12-31 00:00:00+05:30,178.2564360359472,178.89140314632095,176.56319040828384,176.9441680908203,18245270,0.0,0.0
2021-01-01 00:00:00+05:30,177.70613751360708,181.34661848475685,177.19817153618803,181.05030822753906,19527333,0.0,0.0
2021-01-04 00:00:00+05:30,181.17729040222142,182.87053610691507,179.56871215013823,180.6693115234375,26891799,0.0,0.0
2021-01-05 00:00:00+05:30,179.86502496403736,180.5423258392677,178.29878041590942,179.01840209960938,18024083,0.0,0.0
2021-01-06 00:00:00+05:30,179.01840271828826,179.06073644534388,173.1343763738668,173.89633178710938,49067837,0.0,0.0
2021-01-07 00:00:00+05:30,174.48897208492207,175.75890634196386,171.10248073281053,171.6951141357422,34952401,0.0,0.0
2021-01-08 00:00:00+05:30,173.0073778772699,174.40430035839603,169.53621915907186,170.59449768066406,56427360,0.0,0.0
2021-01-11 00:00:00+05:30,172.71105052806712,174.48896356852563,170.38283783712504,171.4411163330078,42970983,0.0,0.0
2021-01-12 00:00:00+05:30,171.8644471835616,175.166271297052,170.67918030139583,174.78529357910156,35617404,0.0,0.0
2021-01-13 00:00:00+05:30,175.6318909507752,180.33064990523297,173.76932344154494,178.84906005859375,63925996,0.0,0.0
2021-01-14 00:00:00+05:30,179.48404157915041,183.29384434851917,179.1453976114711,181.3042755126953,48304263,0.0,0.0
2021-01-15 00:00:00+05:30,181.93923523282572,184.98708249159594,178.80673344480223,184.43678283691406,58321158,0.0,0.0
2021-01-18 00:00:00+05:30,184.9024184074431,187.95026572165636,181.68526203164342,186.0453643798828,67607822,0.0,0.0
2021-01-19 00:00:00+05:30,187.1036507166018,187.6962841306588,184.14047072787733,185.28341674804688,31785089,0.0,0.0
2021-01-20 00:00:00+05:30,184.98710595481884,185.41041741009303,182.61655922159534,184.26747131347656,44672447,0.0,0.0
2021-01-21 00:00:00+05:30,185.41039759749398,185.8337090075339,179.653359837263,180.9232940673828,28999164,0.0,0.0
2021-01-22 00:00:00+05:30,181.17726520058213,181.81223225151874,177.07113977048354,178.38340759277344,24712182,0.0,0.0
2021-01-25 00:00:00+05:30,179.48406701207728,179.90737849087935,175.12396394779242,175.92825317382812,24967899,0.0,0.0
2021-01-27 00:00:00+05:30,176.0975496260166,180.03434064018404,175.33559424212586,178.34109497070312,48471357,0.0,0.0
2021-01-28 00:00:00+05:30,177.1558379490061,178.63742799159039,174.19265786383755,174.91229248046875,22131983,0.0,0.0
2021-01-29 00:00:00+05:30,176.56319930412556,176.77485501824742,171.3141401775919,172.0760955810547,23764654,0.0,0.0
2021-02-01 00:00:00+05:30,172.71107526663667,184.5214623886818,170.8485074307826,182.82821655273438,57744414,0.0,0.0
2021-02-02 00:00:00+05:30,186.2570322773743,189.22021233633254,183.7171636554101,184.7331085205078,48457781,0.0,0.0
2021-02-03 00:00:00+05:30,187.52696708494403,187.95027852305904,182.6165518191221,183.50550842285156,53643263,0.0,0.0
2021-02-04 00:00:00+05:30,182.9552046388026,195.90852402137082,182.87053718569265,194.68092346191406,105818897,0.0,0.0
2021-02-05 00:00:00+05:30,196.5435014350858,202.21588521044322,192.39505438470587,198.4060821533203,125490301,0.0,0.0
2021-02-08 00:00:00+05:30,201.07292899092602,201.538574147014,195.99319183747104,197.34779357910156,41495834,0.0,0.0
2021-02-09 00:00:00+05:30,198.61772581879416,202.51218317854259,193.19933182660054,193.8766326904297,70655961,0.0,0.0
2021-02-10 00:00:00+05:30,193.8766177886967,195.65453080478943,188.88154852396158,192.64901733398438,47283127,0.0,0.0
2021-02-11 00:00:00+05:30,193.87663378373435,194.1306232239075,190.06683093645572,191.71774291992188,43631374,0.0,0.0
2021-02-12 00:00:00+05:30,191.12510124868052,191.12510124868052,182.70120678951398,184.09812927246094,110568108,0.0,0.0
2021-02-15 00:00:00+05:30,184.94474565677012,187.10363635221415,184.14045659098,185.07174682617188,31776555,0.0,0.0
2021-02-16 00:00:00+05:30,185.45273726281496,187.78095009261455,183.92881355416733,184.7754364013672,29148891,0.0,0.0
2021-02-17 00:00:00+05:30,184.22515406232458,184.90244206909762,183.33619740538418,184.35214233398438,19850516,0.0,0.0
2021-02-18 00:00:00+05:30,184.73310414193432,186.7650067424091,184.47911470207004,185.28341674804688,24070563,0.0,0.0
2021-02-19 00:00:00+05:30,185.28343076592245,185.32575157706873,181.17730444637377,182.82821655273438,28125203,0.0,0.0
2021-02-22 00:00:00+05:30,183.7382318479554,183.7382318479554,178.53809321074914,179.4481201171875,51546288,5.0,0.0
2021-02-23 00:00:00+05:30,180.27147383655574,182.48153541553697,179.40478405849538,180.70481872558594,26675953,0.0,0.0
2021-02-24 00:00:00+05:30,181.22480534017808,181.83148543095297,178.97140703200378,181.0081329345703,13160617,0.0,0.0
2021-02-25 00:00:00+05:30,181.57148938042238,183.04485920302145,180.96480924460337,181.2681427001953,25954142,0.0,0.0
2021-02-26 00:00:00+05:30,179.62145303339628,180.27147035438566,175.93802154778984,176.67471313476562,43429293,0.0,0.0
2021-03-01 00:00:00+05:30,178.06140251111296,180.05479153646792,176.84804217809818,179.31809997558594,16225536,0.0,0.0
2021-03-02 00:00:00+05:30,179.40477221367888,182.6981957977943,178.97142735325937,181.9181671142578,25604169,0.0,0.0
2021-03-03 00:00:00+05:30,183.73821862665372,183.73821862665372,180.96481419797095,181.9615020751953,20846117,0.0,0.0
2021-03-04 00:00:00+05:30,180.96481183111112,183.13153607903,179.92478683703715,181.7448272705078,24899212,0.0,0.0
2021-03-05 00:00:00+05:30,180.27147166939346,182.00485120467607,179.57811721035313,180.74815368652344,17323590,0.0,0.0
2021-03-08 00:00:00+05:30,181.74485443890669,182.69821854036016,180.01147478145475,180.271484375,22988740,0.0,0.0
2021-03-09 00:00:00+05:30,180.87816006765937,181.78818700989493,177.4547379750941,180.09814453125,22593086,0.0,0.0
2021-03-10 00:00:00+05:30,181.22483421407514,181.31149525534516,178.36475535943998,178.971435546875,19603214,0.0,0.0
2021-03-12 00:00:00+05:30,180.27147587218815,180.27147587218815,176.37137182687638,177.84474182128906,30787960,0.0,0.0
2021-03-15 00:00:00+05:30,178.40811576898562,178.5381139601694,174.72468380621515,178.06143188476562,41115805,0.0,0.0
2021-03-16 00:00:00+05:30,178.8847687075544,181.0514931988021,177.6280711475581,180.1414794921875,48763187,0.0,0.0
2021-03-17 00:00:00+05:30,183.9115675307922,185.38493750272977,180.74815514326048,182.52487182617188,78578698,0.0,0.0
2021-03-18 00:00:00+05:30,184.60492284373638,189.89173578310644,183.65155879741178,188.63502502441406,91993104,0.0,0.0
2021-03-19 00:00:00+05:30,189.80504810984357,196.00187429937463,186.81497122975262,193.2284698486328,134184994,0.0,0.0
2021-03-22 00:00:00+05:30,193.531827482671,196.21855782373785,191.9717832582187,195.87188720703125,46050245,0.0,0.0
2021-03-23 00:00:00+05:30,195.0051791984109,197.6919225127764,191.7984300076307,192.5784454345703,41564683,0.0,0.0
2021-03-24 00:00:00+05:30,191.53845317353495,193.09849751851834,186.5549866316896,187.1616668701172,27609243,0.0,0.0
2021-03-25 00:00:00+05:30,186.46830932357932,187.16166382391341,181.18150936088566,183.39157104492188,40681282,0.0,0.0
2021-03-26 00:00:00+05:30,185.68826683737603,185.86160213115366,182.30818232248907,182.78485107421875,26079435,0.0,0.0
2021-03-30 00:00:00+05:30,184.8215886472335,186.3382957052999,182.35151757709954,185.9482879638672,27792033,0.0,0.0
2021-03-31 00:00:00+05:30,185.5149374867553,190.06505852352052,184.3449010731614,189.3717041015625,36485322,0.0,0.0
2021-04-01 00:00:00+05:30,190.67173550156758,191.19175461551694,188.33167593806635,190.71507263183594,29062762,0.0,0.0
2021-04-05 00:00:00+05:30,188.59169056726597,190.67174062973606,182.438188193452,184.21490478515625,31378045,0.0,0.0
2021-04-06 00:00:00+05:30,185.2982758795108,186.29496382735397,182.13485027725363,184.30157470703125,25674227,0.0,0.0
2021-04-07 00:00:00+05:30,184.34491475456682,186.51163921859472,184.12824230816403,185.29827880859375,15204883,0.0,0.0
2021-04-08 00:00:00+05:30,186.20830316603147,187.29166538313746,184.4749236186619,184.82159423828125,14116874,0.0,0.0
2021-04-09 00:00:00+05:30,185.25494770338403,187.16166264885405,184.21492257173105,184.6916046142578,16364247,0.0,0.0
2021-04-12 00:00:00+05:30,182.00485100160608,182.8715407682804,177.6714021682345,177.93141174316406,34511670,0.0,0.0
2021-04-13 00:00:00+05:30,179.40478855463587,181.7448483691168,178.538098754855,180.87815856933594,20247639,0.0,0.0
2021-04-15 00:00:00+05:30,181.13814910664476,182.39484653925183,178.53807998071207,179.14476013183594,17530742,0.0,0.0
2021-04-16 00:00:00+05:30,180.2714712884912,181.35483349575378,178.97143663977613,180.22813415527344,13311926,0.0,0.0
2021-04-19 00:00:00+05:30,177.67140235837343,178.62476639258998,176.58804014887116,178.19142150878906,15792299,0.0,0.0
2021-04-20 00:00:00+05:30,178.71142594427835,179.40478039750514,175.50467647582025,176.41470336914062,21364882,0.0,0.0
2021-04-22 00:00:00+05:30,175.07133124675502,178.79809985386564,173.81463374164366,178.451416015625,23139735,0.0,0.0
2021-04-23 00:00:00+05:30,177.0213675054901,179.40476413041102,177.0213675054901,177.9747314453125,19625381,0.0,0.0
2021-04-26 00:00:00+05:30,178.36475662650122,179.18810925991454,177.41139259330495,177.93141174316406,19886214,0.0,0.0
2021-04-27 00:00:00+05:30,177.93140536746964,179.36143814138634,177.71473293356493,178.01806640625,11444814,0.0,0.0
2021-04-28 00:00:00+05:30,178.53806588945596,178.97141070957602,177.9313857862148,178.10472106933594,12708021,0.0,0.0
2021-04-29 00:00:00+05:30,179.49144638648542,179.88145411574217,176.8480400943119,177.06471252441406,13096755,0.0,0.0
2021-04-30 00:00:00+05:30,176.7180405021767,178.27808474801452,175.0713352132924,175.5913543701172,16495657,0.0,0.0
2021-05-03 00:00:00+05:30,174.37795781647088,174.94131403306045,173.33793286421258,174.16128540039062,20611626,0.0,0.0
2021-05-04 00:00:00+05:30,174.37799834062506,175.37469962100113,172.5579575573677,172.99130249023438,18259282,0.0,0.0
2021-05-05 00:00:00+05:30,174.59463717869525,175.0713191579633,172.90459491095882,174.55130004882812,13862655,0.0,0.0
2021-05-06 00:00:00+05:30,175.3313362578231,178.49474850473132,175.15800095553038,175.72134399414062,14320889,0.0,0.0
2021-05-07 00:00:00+05:30,175.89466827423686,178.92808216049986,175.89466827423686,177.9747314453125,19463495,0.0,0.0
2021-05-10 00:00:00+05:30,179.53476688057958,179.79477643668758,177.67138930697038,178.1480712890625,16295368,0.0,0.0
2021-05-11 00:00:00+05:30,176.71804374830305,178.97144250308764,176.58804556902717,176.80471801757812,13747541,0.0,0.0
2021-05-12 00:00:00+05:30,176.71803665728862,177.8880731223694,175.80802298959938,176.15469360351562,16537612,0.0,0.0
2021-05-14 00:00:00+05:30,177.6713944829395,184.77824761732992,176.80470475375444,183.95489501953125,61647120,0.0,0.0
2021-05-17 00:00:00+05:30,187.89834948508772,188.0716847985,183.4348891230602,184.2582550048828,38001828,0.0,0.0
2021-05-18 00:00:00+05:30,185.55826788587348,185.99161273079645,181.70148818635084,182.0481719970703,30479551,0.0,0.0
2021-05-19 00:00:00+05:30,182.0481987953204,183.21822211406362,179.88147425175467,180.0548095703125,24405319,0.0,0.0
2021-05-20 00:00:00+05:30,180.6614826971998,181.39817430291342,179.2314498445046,179.40478515625,20884367,0.0,0.0
2021-05-21 00:00:00+05:30,179.92479059201656,181.8748424558406,179.75144206885707,181.18148803710938,22638020,0.0,0.0
2021-05-24 00:00:00+05:30,181.5715063288984,183.7815678814089,180.05479923545892,183.3048858642578,28865798,0.0,0.0
2021-05-25 00:00:00+05:30,184.60490472047184,184.9515753080271,182.22150806328267,182.78485107421875,25334878,0.0,0.0
2021-05-26 00:00:00+05:30,183.56489691079625,184.1282399744488,182.26486224885664,182.52487182617188,17576137,0.0,0.0
2021-05-27 00:00:00+05:30,182.87154296098996,185.60161046889422,182.26486276197085,183.0015411376953,47554219,0.0,0.0
2021-05-28 00:00:00+05:30,184.1715636582507,185.03825336958366,183.3482110774115,184.5182342529297,25597550,0.0,0.0
2021-05-31 00:00:00+05:30,186.33831235261636,188.85170755495957,185.81829316782395,187.7250213623047,73039531,0.0,0.0
2021-06-01 00:00:00+05:30,188.9383743410188,190.15173475794128,185.68828762643705,186.5549774169922,38755111,0.0,0.0
2021-06-02 00:00:00+05:30,182.43818766762766,184.128229991593,180.7914824749713,181.13815307617188,96654991,0.0,0.0
2021-06-03 00:00:00+05:30,182.65485791151596,182.65485791151596,180.87814134621584,181.18148803710938,46657520,0.0,0.0
2021-06-04 00:00:00+05:30,181.57151087229838,181.74484618524437,180.2714761882485,180.92149353027344,30126021,0.0,0.0
2021-06-07 00:00:00+05:30,182.35152399154194,184.08490354744876,182.17818868087855,183.2615509033203,31433280,0.0,0.0
2021-06-08 00:00:00+05:30,183.911546026862,185.6882625020301,183.04485635357364,185.16824340820312,21261361,0.0,0.0
2021-06-09 00:00:00+05:30,185.47158906824447,186.12160631965187,183.30486489688647,184.1715545654297,24887924,0.0,0.0
2021-06-10 00:00:00+05:30,185.90861838785244,188.3137583477903,184.8396688048169,186.44309997558594,30719587,5.75,0.0
2021-06-11 00:00:00+05:30,187.3338812458977,187.46749483783233,185.06235503599504,185.1959686279297,21424291,0.0,0.0
2021-06-14 00:00:00+05:30,185.24052467987255,185.68592147573298,182.7908423026401,184.66151428222656,17677889,0.0,0.0
2021-06-15 00:00:00+05:30,184.88422433859475,185.64139078384403,184.39428511376735,184.43882751464844,14854294,0.0,0.0
2021-06-16 00:00:00+05:30,184.43880592805138,186.48763379689737,184.43880592805138,185.1514434814453,20104244,0.0,0.0
2021-06-17 00:00:00+05:30,184.34971519609707,185.2850511052587,182.61267056047132,183.19168090820312,21476893,0.0,0.0
2021-06-18 00:00:00+05:30,183.5034704326745,183.9043248097937,180.3856930224106,182.21182250976562,23567549,0.0,0.0
2021-06-21 00:00:00+05:30,180.92016338353972,183.50345906938924,180.29659706615607,182.1227264404297,19074685,0.0,0.0
2021-06-22 00:00:00+05:30,183.5925452061663,183.72615879377156,182.03365658609792,182.70175170898438,18042675,0.0,0.0
2021-06-23 00:00:00+05:30,183.19169931432026,183.3698689091519,181.3655832991815,181.67735290527344,12575210,0.0,0.0
2021-06-24 00:00:00+05:30,182.12276746005136,182.3009234798172,180.43026488362656,181.05381774902344,22435272,0.0,0.0
2021-06-25 00:00:00+05:30,181.7218905836567,183.14716575069713,181.49919218833358,182.6572265625,13877208,0.0,0.0
2021-06-28 00:00:00+05:30,183.41439976630414,183.41439976630414,181.14288692355046,181.36558532714844,14627153,0.0,0.0
2021-06-29 00:00:00+05:30,181.3655836959081,182.8799301082675,180.96471569909178,181.0983428955078,13326068,0.0,0.0
2021-06-30 00:00:00+05:30,181.98914859288854,182.0782198039852,180.43025967815433,180.56387329101562,15942408,0.0,0.0
2021-07-01 00:00:00+05:30,180.74203091833206,181.54375337995128,180.0739356631991,180.83111572265625,10191296,0.0,0.0
2021-07-02 00:00:00+05:30,181.098337980026,181.45464997593402,180.1630020002283,180.29661560058594,12698779,0.0,0.0
2021-07-05 00:00:00+05:30,180.83111528302075,181.81099375847327,180.56387446313073,181.41012573242188,10248249,0.0,0.0
2021-07-06 00:00:00+05:30,181.0537915830259,181.5437307609004,180.1629980205018,180.3856964111328,11088659,0.0,0.0
2021-07-07 00:00:00+05:30,180.38571447828795,182.79085461951198,180.20755846642552,181.49920654296875,17879443,0.0,0.0
2021-07-08 00:00:00+05:30,181.27648264818853,182.16727617471525,179.7621363715792,179.94029235839844,20925008,0.0,0.0
2021-07-09 00:00:00+05:30,179.94030801306548,180.25209121144695,178.96042961166523,179.36129760742188,11834045,0.0,0.0
2021-07-12 00:00:00+05:30,179.94031969855735,180.4302589310746,179.0049836351031,179.13861083984375,13085323,0.0,0.0
2021-07-13 00:00:00+05:30,179.9402999990475,180.11845599343164,179.36128961919133,179.8066864013672,10830411,0.0,0.0
2021-07-14 00:00:00+05:30,179.80670366762632,182.74631183832324,179.67307646468313,181.8109893798828,20480406,0.0,0.0
2021-07-15 00:00:00+05:30,182.0782225459814,185.73048206676137,180.74203202751548,183.7261962890625,28852257,0.0,0.0
2021-07-16 00:00:00+05:30,185.01781264120666,186.75485729850968,184.5724158781838,185.1959686279297,29019824,0.0,0.0
2021-07-19 00:00:00+05:30,184.21612669374215,186.62126679311447,183.8152722759188,185.0623779296875,16464973,0.0,0.0
2021-07-20 00:00:00+05:30,185.46321577180126,186.44309412106625,183.85978465138174,184.2161102294922,23656813,0.0,0.0
2021-07-22 00:00:00+05:30,184.39425659179688,185.5077484794285,183.3698494921479,184.39425659179688,18311537,0.0,0.0
2021-07-23 00:00:00+05:30,184.39426434746477,190.27350719841425,183.94886757367863,189.2045440673828,44526781,0.0,0.0
2021-07-26 00:00:00+05:30,190.62981620222567,191.83239290963252,187.77927961301498,188.09104919433594,47263771,0.0,0.0
2021-07-27 00:00:00+05:30,188.84823863181788,189.73903221026987,185.24052192060114,185.86407470703125,24436949,0.0,0.0
2021-07-28 00:00:00+05:30,185.55233119065647,187.06667776839012,184.795151105573,186.2649688720703,14736840,0.0,0.0
2021-07-29 00:00:00+05:30,186.26494253973397,187.24480731977513,183.19169382263001,183.5480194091797,15603733,0.0,0.0
2021-07-30 00:00:00+05:30,183.59256654825626,184.48336014899027,182.2563761471552,182.56814575195312,14940336,0.0,0.0
2021-08-02 00:00:00+05:30,183.90433429229122,184.83967028208446,183.01354070057033,184.66151428222656,9674128,0.0,0.0
2021-08-03 00:00:00+05:30,184.8397005642481,187.8683938353153,183.90436442121936,186.97760009765625,18468527,0.0,0.0
2021-08-04 00:00:00+05:30,187.86837938440914,188.04654899218306,185.37416798476653,185.81956481933594,10998260,0.0,0.0
2021-08-05 00:00:00+05:30,185.8195596123731,193.07952237544575,184.3051995433257,191.7433319091797,47178466,0.0,0.0
2021-08-06 00:00:00+05:30,191.87693097992053,192.41141256290112,189.3827198391613,190.85252380371094,23581637,0.0,0.0
2021-08-09 00:00:00+05:30,191.52062502225834,193.43582583550824,189.47179701283622,190.45167541503906,20358146,0.0,0.0
2021-08-10 00:00:00+05:30,190.62981691635042,191.03067128951082,185.77499485822858,186.9330291748047,18155926,0.0,0.0
2021-08-11 00:00:00+05:30,186.93303787511869,187.60113305895766,184.79512513137516,185.86407470703125,15418634,0.0,0.0
2021-08-12 00:00:00+05:30,187.28935352475114,190.8079855098214,185.59685112963328,186.08677673339844,27692208,0.0,0.0
2021-08-13 00:00:00+05:30,186.93303011507822,189.1154715732009,186.35400615766235,188.35829162597656,18850939,0.0,0.0
2021-08-16 00:00:00+05:30,188.3137439261597,189.96171736843834,187.51203519838813,187.86834716796875,11190075,0.0,0.0
2021-08-17 00:00:00+05:30,187.77929436785132,188.4028471719198,185.99770716055184,186.35401916503906,7858486,0.0,0.0
2021-08-18 00:00:00+05:30,186.71034112522503,188.40284350222038,185.59684914235137,186.13131713867188,10735658,0.0,0.0
2021-08-20 00:00:00+05:30,184.39427433828055,187.69020792439153,184.12703354104312,186.08677673339844,19421004,0.0,0.0
2021-08-23 00:00:00+05:30,186.62125822212403,187.24481102037035,183.50348063846087,183.77072143554688,9936365,0.0,0.0
2021-08-24 00:00:00+05:30,184.39426893973553,184.39426893973553,182.3454410108078,183.28077697753906,12490094,0.0,0.0
2021-08-25 00:00:00+05:30,183.85980224609375,185.19599270890674,183.50349022631653,183.85980224609375,10586894,0.0,0.0
2021-08-26 00:00:00+05:30,183.85978040600423,184.26064837117616,182.03366453102385,182.25636291503906,14836173,0.0,0.0
2021-08-27 00:00:00+05:30,182.6126590000698,184.26063233533492,182.52357421724432,183.41436767578125,10476384,0.0,0.0
2021-08-30 00:00:00+05:30,183.5034926487849,185.46323596829518,183.5034926487849,185.2850799560547,12084844,0.0,0.0
2021-08-31 00:00:00+05:30,185.32960654169025,188.49192646071666,184.61696896111044,188.2246856689453,25808430,0.0,0.0
2021-09-01 00:00:00+05:30,187.95745201383968,189.11548642719805,186.44310559287806,186.6212615966797,16241960,0.0,0.0
2021-09-02 00:00:00+05:30,186.1758836057388,188.40286785939597,186.1758836057388,186.84397888183594,14321164,0.0,0.0
2021-09-03 00:00:00+05:30,186.84395526639048,188.18014564970198,186.84395526639048,187.60113525390625,10228853,0.0,0.0
2021-09-06 00:00:00+05:30,187.95744635092225,188.13560234935628,186.22040157943556,186.44309997558594,10632156,0.0,0.0
2021-09-07 00:00:00+05:30,187.86833890622927,190.94158727654124,187.20024379832316,188.62551879882812,37489544,0.0,0.0
2021-09-08 00:00:00+05:30,189.07093885071885,189.73903404100406,186.7994124852628,188.18014526367188,17233315,0.0,0.0
2021-09-09 00:00:00+05:30,188.00198454570923,190.54073804960893,187.55658776336566,189.42724609375,19051252,0.0,0.0
2021-09-13 00:00:00+05:30,190.05081899088188,191.65423658844838,188.67008619970485,190.76344299316406,16043896,0.0,0.0
2021-09-14 00:00:00+05:30,191.43154033974625,193.52491074914934,190.80798753452993,192.50050354003906,19621849,0.0,0.0
2021-09-15 00:00:00+05:30,193.3912858160911,193.48035701594307,191.78785470201575,192.41140747070312,20248758,0.0,0.0
2021-09-16 00:00:00+05:30,193.25767393696162,208.1339247337828,192.6786635185482,205.55062866210938,149238901,0.0,0.0
2021-09-17 00:00:00+05:30,207.55489487311277,211.3853098145791,204.08080550319605,205.90692138671875,79501805,0.0,0.0
2021-09-20 00:00:00+05:30,205.77332476447611,213.21145687583575,205.10522955420183,208.22300720214844,70390969,0.0,0.0
2021-09-21 00:00:00+05:30,209.29194732569158,215.97289912535675,206.39686821250334,215.12664794921875,56671832,0.0,0.0
2021-09-22 00:00:00+05:30,216.90823364257812,218.95706156590185,214.4140089355941,216.90823364257812,52621868,0.0,0.0
2021-09-23 00:00:00+05:30,218.2444555538217,218.77893720847777,215.30483363807951,216.01747131347656,21791090,0.0,0.0
2021-09-24 00:00:00+05:30,217.353651765185,217.353651765185,211.7416490216138,212.4097442626953,24823291,0.0,0.0
2021-09-27 00:00:00+05:30,213.61229410472384,215.43842358443513,209.7818791553752,212.63241577148438,22890540,0.0,0.0
2021-09-28 00:00:00+05:30,213.65685058750807,215.21573938889827,210.49453058620165,211.7861785888672,15713947,0.0,0.0
2021-09-29 00:00:00+05:30,210.22728943031848,215.0375694294633,209.96004863204786,212.09796142578125,15450046,0.0,0.0
2021-09-30 00:00:00+05:30,213.7013768419998,214.14677363707895,209.5591920847364,210.36090087890625,16357902,0.0,0.0
2021-10-01 00:00:00+05:30,209.51464246394434,211.11807358943892,207.46581455872519,209.6482696533203,15956143,0.0,0.0
2021-10-04 00:00:00+05:30,210.22728294631085,212.32065327702838,209.69280136625454,210.7617645263672,10686552,0.0,0.0
2021-10-05 00:00:00+05:30,210.58359070793063,211.51892665802487,208.89108839246933,209.06924438476562,9223597,0.0,0.0
2021-10-06 00:00:00+05:30,209.1583529085203,210.58361460103376,205.41702227607772,205.99603271484375,17505160,0.0,0.0
2021-10-07 00:00:00+05:30,207.55490311503974,209.29194786897548,206.93135033060526,207.51036071777344,10371535,0.0,0.0
2021-10-08 00:00:00+05:30,209.11380439022435,209.15834679015703,205.95148428905296,206.39688110351562,9739240,0.0,0.0
2021-10-11 00:00:00+05:30,206.66411697571507,213.34506903311967,206.39687617493254,212.0534210205078,21184428,0.0,0.0
2021-10-12 00:00:00+05:30,212.54336154972387,216.4628480108907,212.008879944823,214.94850158691406,29222028,0.0,0.0
2021-10-13 00:00:00+05:30,216.06199151613478,223.50010995915179,213.92407870961677,221.9857635498047,50159625,0.0,0.0
2021-10-14 00:00:00+05:30,225.5934731277575,233.25430331852553,223.0101771942641,228.5330810546875,85406902,0.0,0.0
2021-10-18 00:00:00+05:30,232.49711899170987,236.32752042299245,229.24572793703575,233.87783813476562,60292901,0.0,0.0
2021-10-19 00:00:00+05:30,232.85344137121064,233.87784857321813,218.28897418116924,219.09068298339844,59061766,0.0,0.0
2021-10-20 00:00:00+05:30,219.09069947228198,221.3622260394632,215.88385042958436,219.6697235107422,47822165,0.0,0.0
2021-10-21 00:00:00+05:30,220.91682513171853,221.22860834609511,216.5519416850406,217.97720336914062,22518727,0.0,0.0
2021-10-22 00:00:00+05:30,217.9771843025403,218.95706266849984,208.1784550126699,210.7617645263672,35537151,0.0,0.0
2021-10-25 00:00:00+05:30,208.53476016075714,210.80627267231367,205.3278981795493,207.91119384765625,22333919,0.0,0.0
2021-10-26 00:00:00+05:30,208.53477500894815,212.89965795686552,207.19858468704314,210.850830078125,18934170,0.0,0.0
2021-10-27 00:00:00+05:30,214.01317555977744,214.94851161577805,210.4054585394508,212.4097442626953,25911499,0.0,0.0
2021-10-28 00:00:00+05:30,209.42557490974238,210.18274129299843,199.67137439000055,200.51763916015625,46282465,0.0,0.0
2021-10-29 00:00:00+05:30,200.42855013814605,203.32362919569707,198.0234102549745,198.8251190185547,26642108,0.0,0.0
2021-11-01 00:00:00+05:30,199.67139951573972,202.7001062071764,198.20159536907704,202.07655334472656,23197539,0.0,0.0
2021-11-02 00:00:00+05:30,203.10094243310854,204.214434442062,199.9831648080389,200.96304321289062,14343859,0.0,0.0
2021-11-03 00:00:00+05:30,201.31936361279838,202.07654364743007,197.48894822380294,198.15704345703125,17843327,0.0,0.0
2021-11-04 00:00:00+05:30,200.29494923135366,202.47739086375114,199.53776922366612,201.80929565429688,7024796,0.0,0.0
2021-11-08 00:00:00+05:30,204.61530667404165,205.5061003588154,201.0521319349467,204.7043914794922,20270558,0.0,0.0
2021-11-09 00:00:00+05:30,204.7489060670687,205.6842284350712,202.96731893954993,203.76902770996094,11520817,0.0,0.0
2021-11-10 00:00:00+05:30,202.6109880214088,207.4212812944554,202.38828963633526,205.6396942138672,13431108,0.0,0.0
2021-11-11 00:00:00+05:30,205.23883457661444,206.2187129476796,203.59087461564468,204.8825225830078,8134962,0.0,0.0
2021-11-12 00:00:00+05:30,205.95147393792442,208.401156294348,204.12534437192238,207.4658203125,11855531,0.0,0.0
2021-11-15 00:00:00+05:30,208.40115983330608,212.8996702281615,207.6439934293762,212.09796142578125,38755267,0.0,0.0
2021-11-16 00:00:00+05:30,212.94421286179323,213.47868086649314,209.33649606223435,209.7373504638672,14675969,0.0,0.0
2021-11-17 00:00:00+05:30,210.22728472811195,218.4671253371587,209.91550153836468,213.34506225585938,46697822,0.0,0.0
2021-11-18 00:00:00+05:30,213.7904605263158,216.46284128289474,210.4945269783547,211.5634765625,20226071,0.0,0.0
2021-11-22 00:00:00+05:30,211.91980547431044,214.45857283266704,204.48168659694431,205.6842498779297,22574227,0.0,0.0
2021-11-23 00:00:00+05:30,204.12533003237195,207.287649752456,204.12533003237195,206.3077850341797,13433385,0.0,0.0
2021-11-24 00:00:00+05:30,207.06494836526662,207.28764674242703,202.1655840677375,202.83367919921875,14139854,0.0,0.0
2021-11-25 00:00:00+05:30,202.21015772230945,206.84228196486265,201.0966656643672,206.0405731201172,23904846,0.0,0.0
2021-11-26 00:00:00+05:30,203.90264868633363,204.92706947718708,198.73605670350662,199.5377655029297,27027022,0.0,0.0
2021-11-29 00:00:00+05:30,197.75617254184007,199.22597649538127,196.15274139733893,197.31077575683594,22132952,0.0,0.0
2021-11-30 00:00:00+05:30,197.75620352761962,200.60674067980136,195.97461610845187,196.9990234375,23503453,0.0,0.0
2021-12-01 00:00:00+05:30,197.75616853240152,198.91420286841978,196.50906299664703,197.66708374023438,12995800,0.0,0.0
2021-12-02 00:00:00+05:30,197.66710187898207,201.45297482216733,197.13263385422698,200.8294219970703,15904846,0.0,0.0
2021-12-03 00:00:00+05:30,200.4285764736934,201.49752616306654,197.1771850034266,197.4444122314453,13794647,0.0,0.0
2021-12-06 00:00:00+05:30,197.4444037432583,197.93434296095126,193.74761559530918,194.1039276123047,13138355,0.0,0.0
2021-12-07 00:00:00+05:30,194.99470017454178,197.71162318592474,194.28207621756258,196.5535888671875,8903842,0.0,0.0
2021-12-08 00:00:00+05:30,196.86537094594928,201.0075554406452,196.86537094594928,200.38400268554688,9861847,0.0,0.0
2021-12-09 00:00:00+05:30,198.6469602922739,210.62813073939796,198.6469602922739,209.6927947998047,38241864,0.0,0.0
2021-12-10 00:00:00+05:30,210.40544693752847,212.85512935308327,208.22300532215692,210.31637573242188,35162889,0.0,0.0
2021-12-13 00:00:00+05:30,212.00888704112575,212.6769822733982,208.57932607848755,208.98019409179688,22054342,0.0,0.0
2021-12-14 00:00:00+05:30,209.33647965194476,211.207151502828,202.700070568699,203.63540649414062,37508445,0.0,0.0
2021-12-15 00:00:00+05:30,204.88252503296084,206.84226820609416,199.00328192112937,199.58230590820312,34653042,0.0,0.0
2021-12-16 00:00:00+05:30,201.31935749611822,201.45297110173138,196.68723340495941,198.55789184570312,24199205,0.0,0.0
2021-12-17 00:00:00+05:30,198.4687913428433,198.5133337356166,193.07948803558997,194.1484375,29683982,0.0,0.0
2021-12-20 00:00:00+05:30,192.6341046625085,192.6341046625085,186.88848899915337,189.2045440673828,37340790,0.0,0.0
2021-12-21 00:00:00+05:30,190.6298305376838,191.92147854013038,188.00199213427217,189.29364013671875,19395604,0.0,0.0
2021-12-22 00:00:00+05:30,190.62982321685215,190.8079792116527,188.04652731116633,188.84823608398438,17239484,0.0,0.0
2021-12-23 00:00:00+05:30,190.54072147824652,194.59383456355928,189.91716875568224,193.56942749023438,22209720,0.0,0.0
2021-12-24 00:00:00+05:30,194.1929931640625,196.3754346348055,192.8122604483089,194.1929931640625,16581585,0.0,0.0
2021-12-27 00:00:00+05:30,194.54931115796163,194.5938535551555,192.09962882904188,193.79214477539062,8153106,0.0,0.0
2021-12-28 00:00:00+05:30,194.19302003848918,196.5090890172057,194.19302003848918,196.01914978027344,11568803,0.0,0.0
2021-12-29 00:00:00+05:30,195.97457727346455,196.24181805186902,192.67864391962422,193.07949829101562,11480954,0.0,0.0
2021-12-30 00:00:00+05:30,192.94588903953857,194.10390978463047,191.96601069415058,192.41140747070312,9741198,0.0,0.0
2021-12-31 00:00:00+05:30,193.2131280240712,194.90564403373028,192.54503281846593,194.237548828125,7583815,0.0,0.0
2022-01-03 00:00:00+05:30,194.23753090128068,195.84096196523356,193.34673737602137,195.17286682128906,7765495,0.0,0.0
2022-01-04 00:00:00+05:30,195.52920092302335,197.48894418189755,195.12834650977692,196.19729614257812,9050253,0.0,0.0
2022-01-05 00:00:00+05:30,195.66280095213946,197.31077448298788,194.77200738788218,196.4645233154297,11230588,0.0,0.0
2022-01-06 00:00:00+05:30,195.08379963807297,196.3309052490149,194.37116203506397,194.81655883789062,8950589,0.0,0.0
2022-01-07 00:00:00+05:30,195.79643559916553,196.55360200216234,193.7476076048577,194.54931640625,8855041,0.0,0.0
2022-01-10 00:00:00+05:30,195.8854936432979,200.16130534580086,194.99470010496105,198.91419982910156,15841299,0.0,0.0
2022-01-11 00:00:00+05:30,198.9587586161736,199.76046742975507,197.0435441955017,197.71163940429688,8020695,0.0,0.0
2022-01-12 00:00:00+05:30,198.20157223411414,199.22597941767745,197.39986344631947,198.4242706298828,13158894,0.0,0.0
2022-01-13 00:00:00+05:30,199.44868269892518,201.14119870368393,198.42427549026908,199.49322509765625,11501088,0.0,0.0
2022-01-14 00:00:00+05:30,199.49321254957016,200.25039250307677,198.02340863091717,198.2906494140625,10569725,0.0,0.0
2022-01-17 00:00:00+05:30,198.29064802219972,200.96302865003295,197.17715609393585,200.07223510742188,12318313,0.0,0.0
2022-01-18 00:00:00+05:30,200.07224569401976,202.4773856678488,196.24183053962383,196.64268493652344,14394097,0.0,0.0
2022-01-19 00:00:00+05:30,196.64270424582804,198.1125083762643,194.81657448904502,196.28639221191406,11473796,0.0,0.0
2022-01-20 00:00:00+05:30,196.4645304354227,197.889792034428,194.19300404575893,194.86109924316406,17329896,0.0,0.0
2022-01-21 00:00:00+05:30,194.6384039988783,196.41999122083598,192.41141997143117,193.3467559814453,16586264,0.0,0.0
2022-01-24 00:00:00+05:30,193.3467405472066,193.97029330662926,187.86835212154946,188.67007446289062,17354942,0.0,0.0
2022-01-25 00:00:00+05:30,188.84825138053588,191.2533914862355,186.66580968448312,190.89707946777344,18322935,0.0,0.0
2022-01-27 00:00:00+05:30,188.18014272726742,191.96601542118879,188.0465291279839,191.164306640625,23149684,0.0,0.0
2022-01-28 00:00:00+05:30,191.6097012681676,195.3064891259393,191.6097012681676,193.83668518066406,15276991,0.0,0.0
2022-01-31 00:00:00+05:30,194.63837899409376,196.64266436130984,193.39127353590914,196.15272521972656,15039006,0.0,0.0
2022-02-01 00:00:00+05:30,196.86539309320543,203.81358615615792,195.21741943350665,202.8782501220703,43207074,0.0,0.0
2022-02-02 00:00:00+05:30,204.8825286827777,207.8221502910604,203.9917350798091,206.7977294921875,41130638,0.0,0.0
2022-02-03 00:00:00+05:30,206.79772961069924,209.51465281979682,206.48596000494058,208.8465576171875,27845963,0.0,0.0
2022-02-04 00:00:00+05:30,211.34079016820812,212.45428221335146,206.26326916084088,208.71295166015625,56705951,0.0,0.0
2022-02-07 00:00:00+05:30,208.4457026059321,209.11379780659212,203.5463378010918,205.06068420410156,24171083,0.0,0.0
2022-02-08 00:00:00+05:30,205.1497814610963,206.93136877106252,204.03628939236742,205.99603271484375,16201280,0.0,0.0
2022-02-09 00:00:00+05:30,206.93134281346656,207.5548955752494,203.76902301647337,205.01612854003906,11893807,0.0,0.0
2022-02-10 00:00:00+05:30,203.72447532909322,207.9112021550917,202.87822420348135,206.8867950439453,19563580,0.0,0.0
2022-02-11 00:00:00+05:30,206.66410228856896,207.82213661470658,204.7043592094911,207.06495666503906,18096561,0.0,0.0
2022-02-14 00:00:00+05:30,205.97131055582113,205.97131055582113,199.13597945330494,200.0017852783203,22745228,5.25,0.0
2022-02-15 00:00:00+05:30,201.4144276161365,203.69287136745024,199.1815555211524,203.2371826171875,12875311,0.0,0.0
2022-02-16 00:00:00+05:30,203.96628753640653,204.78652172482558,202.18910419048717,203.00933837890625,11231596,0.0,0.0
2022-02-17 00:00:00+05:30,203.2827569808115,204.467550528577,201.2777292342561,202.91819763183594,14024149,0.0,0.0
2022-02-18 00:00:00+05:30,202.9181980529079,203.6473028458548,201.87011947377735,202.2346649169922,8670947,0.0,0.0
2022-02-21 00:00:00+05:30,200.77646891295123,201.6878464260318,197.90562140283714,198.6802978515625,16129017,0.0,0.0
2022-02-22 00:00:00+05:30,195.94616456481026,197.67777627045055,194.12340954560273,195.80946350097656,25749340,0.0,0.0
2022-02-23 00:00:00+05:30,197.58665768938732,198.22461919976112,195.99174696019384,196.81198120117188,11014283,0.0,0.0
2022-02-24 00:00:00+05:30,191.3892831047662,194.39683176343033,188.65515048898382,190.022216796875,41341523,0.0,0.0
2022-02-25 00:00:00+05:30,192.7563701255229,197.31325830815936,191.8905641521258,194.98924255371094,23633656,0.0,0.0
2022-02-28 00:00:00+05:30,194.3056817165732,197.26765861440668,192.1183812623184,196.72084045410156,20034633,0.0,0.0
2022-03-02 00:00:00+05:30,195.39935628975414,197.40439818024532,193.6221727109268,196.2196044921875,19295994,0.0,0.0
2022-03-03 00:00:00+05:30,196.90311618290215,200.68532733224447,196.8575445255511,199.9562225341797,28532668,0.0,0.0
2022-03-04 00:00:00+05:30,198.40687776193386,207.24723667686106,197.76891629711753,205.515625,66835736,0.0,0.0
2022-03-07 00:00:00+05:30,202.32581283153274,206.8827005079186,200.59420107711313,205.01437377929688,45258669,0.0,0.0
2022-03-08 00:00:00+05:30,204.05743223311165,208.20420295532873,203.92073116030417,206.79156494140625,36036336,0.0,0.0
2022-03-09 00:00:00+05:30,207.52063553461107,210.89272920376413,206.062440008053,208.9332733154297,42294906,0.0,0.0
2022-03-10 00:00:00+05:30,210.52821290904078,211.89527922663197,207.65737920470642,211.43959045410156,36132245,0.0,0.0
2022-03-11 00:00:00+05:30,211.34844214697364,216.08761639461022,209.7535314807737,215.40408325195312,41699184,0.0,0.0
2022-03-14 00:00:00+05:30,215.31294092473627,218.22934623214877,214.4471350547022,217.81922912597656,35113638,0.0,0.0
2022-03-15 00:00:00+05:30,217.81922726697098,220.0065277522332,214.99395139253306,216.77114868164062,32998305,0.0,0.0
2022-03-16 00:00:00+05:30,218.7306021233743,221.46473464991647,217.9103679280185,221.10018920898438,21629521,0.0,0.0
2022-03-17 00:00:00+05:30,223.51535307430652,223.6520541496651,221.1913374475819,223.1963653564453,34223740,0.0,0.0
2022-03-21 00:00:00+05:30,224.10774067243474,225.79379475287377,222.19385610421233,222.83181762695312,27975134,0.0,0.0
2022-03-22 00:00:00+05:30,222.87738607890785,228.5279241949469,221.96600851482032,227.61654663085938,36945426,0.0,0.0
2022-03-23 00:00:00+05:30,229.16585388586722,231.216453120312,226.47729322645398,229.6671142578125,40491633,0.0,0.0
2022-03-24 00:00:00+05:30,229.62156892781852,233.76833952526218,229.1658801568141,232.2645721435547,38239419,0.0,0.0
2022-03-25 00:00:00+05:30,232.674674770046,233.08479185711295,227.16083820287545,230.89749145507812,29284643,0.0,0.0
2022-03-28 00:00:00+05:30,231.4899018332393,235.13541209832965,230.1684071434476,234.26959228515625,24916402,0.0,0.0
2022-03-29 00:00:00+05:30,234.2695707911682,234.6797017835762,231.2620362236212,232.03671264648438,18122714,0.0,0.0
2022-03-30 00:00:00+05:30,232.49241598044134,233.67719565704292,226.61401972314164,227.1152801513672,17603827,0.0,0.0
2022-03-31 00:00:00+05:30,227.4798171218837,231.80886001013118,227.38867381426147,228.43675231933594,25656796,0.0,0.0
2022-04-01 00:00:00+05:30,227.8443951721505,232.72027079144183,226.75074485662785,230.85194396972656,14305709,0.0,0.0
2022-04-04 00:00:00+05:30,230.6696421489601,235.04424285944225,228.84688721742035,232.81137084960938,15907398,0.0,0.0
2022-04-05 00:00:00+05:30,233.35820335483223,238.6442096696176,232.49241139685716,236.4569091796875,27183142,0.0,0.0
2022-04-06 00:00:00+05:30,234.6796991573457,240.01126293381827,234.49741253764128,236.59359741210938,19597941,0.0,0.0
2022-04-07 00:00:00+05:30,235.13540982082205,238.96320668730556,233.13038197574653,233.90504455566406,16061089,0.0,0.0
2022-04-08 00:00:00+05:30,235.13542044860156,245.02387295643118,233.3126652513256,244.06690979003906,37826800,0.0,0.0
2022-04-11 00:00:00+05:30,244.9327094532619,248.94276499426184,242.4264212635076,243.79348754882812,46147653,0.0,0.0
2022-04-12 00:00:00+05:30,243.24664670617014,244.84155731490137,239.78342336671017,241.33274841308594,23553762,0.0,0.0
2022-04-13 00:00:00+05:30,241.78843464520068,246.61875198354167,240.2846673637773,245.6617889404297,21414383,0.0,0.0
2022-04-18 00:00:00+05:30,244.24915720755467,248.35035574275616,243.56562411835444,246.16305541992188,24399444,0.0,0.0
2022-04-19 00:00:00+05:30,247.89469515674168,248.35038393460334,235.86450029597964,238.37078857421875,23380138,0.0,0.0
2022-04-20 00:00:00+05:30,239.60115505780445,241.92518452456113,234.7252795472353,236.54803466796875,24510612,0.0,0.0
2022-04-21 00:00:00+05:30,236.68474531581265,241.01378839400036,236.59360200419144,237.32269287109375,23412279,0.0,0.0
2022-04-22 00:00:00+05:30,236.95817245177938,239.69230521083836,235.63666382635284,237.960693359375,15671273,0.0,0.0
2022-04-25 00:00:00+05:30,235.8644990536086,236.0467856890074,230.12283160800914,232.62911987304688,24208645,0.0,0.0
2022-04-26 00:00:00+05:30,233.8594930818082,237.59614673026402,233.54050536553092,236.00123596191406,20536714,0.0,0.0
2022-04-27 00:00:00+05:30,233.49493833338317,235.59109556327746,233.08480731260428,234.67971801757812,16580824,0.0,0.0
2022-04-28 00:00:00+05:30,236.50248365860287,240.33028064650014,235.27211835441898,237.960693359375,27924384,0.0,0.0
2022-04-29 00:00:00+05:30,239.6922983764483,239.6922983764483,235.59109935479805,236.54803466796875,20419904,0.0,0.0
2022-05-02 00:00:00+05:30,235.13539100945053,241.05934465891343,234.26957127393098,239.8289794921875,18965820,0.0,0.0
2022-05-04 00:00:00+05:30,240.60365520106473,242.47196791358687,235.68222236183146,236.7303009033203,25951999,0.0,0.0
2022-05-05 00:00:00+05:30,238.78091929826687,241.69733859811646,237.32270964834206,238.82647705078125,17932895,0.0,0.0
2022-05-06 00:00:00+05:30,236.04678150844165,243.65678948647528,235.95563819235645,243.01881408691406,34490123,0.0,0.0
2022-05-09 00:00:00+05:30,242.56315076259102,242.56315076259102,237.45943046986466,239.64675903320312,21403710,0.0,0.0
2022-05-10 00:00:00+05:30,238.7809002374203,243.15550102495354,236.13791110274258,236.7303009033203,18033260,0.0,0.0
2022-05-11 00:00:00+05:30,236.0467879905061,238.96320730710892,229.43930068189152,232.99366760253906,17344099,0.0,0.0
2022-05-12 00:00:00+05:30,232.40127943350493,233.67720246386597,227.06971510742318,230.4873809814453,20044726,0.0,0.0
2022-05-13 00:00:00+05:30,232.35568433328098,237.7328197765283,231.94556725107554,235.68222045898438,11921627,0.0,0.0
2022-05-16 00:00:00+05:30,236.91260362223775,236.91260362223775,230.5785185679822,231.58103942871094,8186859,0.0,0.0
2022-05-17 00:00:00+05:30,232.4012652054662,241.97072906686773,232.21899248464769,241.24163818359375,17797974,0.0,0.0
2022-05-18 00:00:00+05:30,242.42638102913787,244.0668491740478,239.82894995550538,243.1554718017578,20200332,0.0,0.0
2022-05-19 00:00:00+05:30,239.32771213639052,254.50214036835212,239.32771213639052,251.22117614746094,78287713,0.0,0.0
2022-05-20 00:00:00+05:30,252.4515820639474,257.32745753284377,252.4515820639474,255.1857147216797,32370771,0.0,0.0
2022-05-23 00:00:00+05:30,255.1857025202072,255.59583352447126,248.85161770743832,250.17312622070312,21700165,0.0,0.0
2022-05-24 00:00:00+05:30,250.62882997850303,250.62882997850303,246.07194216071207,246.84661865234375,15547968,0.0,0.0
2022-05-25 00:00:00+05:30,248.76049818215753,249.6262901138796,246.52761219601885,248.53265380859375,15288648,0.0,0.0
2022-05-26 00:00:00+05:30,250.21161323382643,250.21161323382643,246.10749554115785,248.76585388183594,18420159,6.25,0.0
2022-05-27 00:00:00+05:30,250.91113960703066,252.49683477510527,247.2267453158489,251.0977020263672,13468067,0.0,0.0
2022-05-30 00:00:00+05:30,252.31031605913185,252.7766937228271,249.6053313027861,250.9578094482422,11819102,0.0,0.0
2022-05-31 00:00:00+05:30,250.95778126320133,256.0413086127226,248.4859856163103,252.4501953125,23208345,0.0,0.0
2022-06-01 00:00:00+05:30,252.45021655424424,255.6682337292712,252.03049374800125,253.5695343017578,14699792,0.0,0.0
2022-06-02 00:00:00+05:30,252.49687801755053,255.9947104884322,249.83851964659377,255.10858154296875,14240994,0.0,0.0
2022-06-03 00:00:00+05:30,256.5077221667278,257.16066230023506,253.33635965848057,254.36239624023438,12487862,0.0,0.0
2022-06-06 00:00:00+05:30,254.0825295226234,257.2538917433895,251.56410737617608,256.3211364746094,10925182,0.0,0.0
2022-06-07 00:00:00+05:30,254.82874733557955,256.50769541027427,253.9426184561715,255.48165893554688,10828539,0.0,0.0
2022-06-08 00:00:00+05:30,255.52830271103483,255.9480254788152,248.29944978981678,249.88511657714844,14361969,0.0,0.0
2022-06-09 00:00:00+05:30,249.79184394169405,253.42961217997876,247.87970707012892,252.6367645263672,9860194,0.0,0.0
2022-06-10 00:00:00+05:30,250.95781960642404,252.77670395463312,250.67800438305406,251.98385620117188,8371061,0.0,0.0
2022-06-13 00:00:00+05:30,248.4860052401979,251.00445592637044,245.31464292587762,246.8536834716797,11092690,0.0,0.0
2022-06-14 00:00:00+05:30,245.50121505136377,249.4654252169301,245.3612789790556,247.59991455078125,7422193,0.0,0.0
2022-06-15 00:00:00+05:30,248.11292906076417,249.32549965872175,245.36128932598396,245.68775939941406,5059474,0.0,0.0
2022-06-16 00:00:00+05:30,249.0456583684299,249.88513242265284,242.04999380751897,243.1693115234375,14293357,0.0,0.0
2022-06-17 00:00:00+05:30,241.58360060845078,246.38728427109262,241.16384937566173,245.5944366455078,16654660,0.0,0.0
2022-06-20 00:00:00+05:30,245.59446165638303,248.2528199820989,243.7756058817386,246.34068298339844,17081136,0.0,0.0
2022-06-21 00:00:00+05:30,247.1801607357145,252.63678507145752,246.3406866376233,251.7506561279297,13883034,0.0,0.0
2022-06-22 00:00:00+05:30,249.04567163406512,252.12375281864985,247.0868797595869,247.45997619628906,11320918,0.0,0.0
2022-06-23 00:00:00+05:30,247.64651489257812,249.27883655382863,244.75496797099106,247.64651489257812,9067252,0.0,0.0
2022-06-24 00:00:00+05:30,248.20619603185418,250.30489549920566,247.36672193800024,247.97300720214844,7013132,0.0,0.0
2022-06-27 00:00:00+05:30,249.04564765883438,252.45019857232032,248.57927004149576,251.7972869873047,8172964,0.0,0.0
2022-06-28 00:00:00+05:30,250.8178947772894,253.9426307291181,250.4914247288119,253.5695343017578,11240154,0.0,0.0
2022-06-29 00:00:00+05:30,251.14436791695388,256.50771096439115,251.05108669260747,255.62158203125,16018449,0.0,0.0
2022-06-30 00:00:00+05:30,255.52833282564796,256.2278993198243,253.7094485546161,255.10858154296875,19262054,0.0,0.0
2022-07-01 00:00:00+05:30,255.1085727615354,265.8352586363349,252.96324697274855,265.2289733886719,35165665,0.0,0.0
2022-07-04 00:00:00+05:30,266.4415500332772,273.5771224998499,265.6487023224506,272.2712707519531,39881736,0.0,0.0
2022-07-05 00:00:00+05:30,273.2972957851171,273.2972957851171,266.53482003616796,267.60748291015625,18568655,0.0,0.0
2022-07-06 00:00:00+05:30,266.86133012016796,270.4990705482468,266.11510870835934,269.84613037109375,18292925,0.0,0.0
2022-07-07 00:00:00+05:30,271.43177275396596,273.43719081146753,269.0998846718872,272.3179016113281,13794991,0.0,0.0
2022-07-08 00:00:00+05:30,273.2040255015967,274.64981331609647,270.8721372189517,273.34393310546875,11110418,0.0,0.0
2022-07-11 00:00:00+05:30,273.2973006943525,276.9816954857907,272.4111717803309,275.1628112792969,12352667,0.0,0.0
2022-07-12 00:00:00+05:30,273.2972406772296,275.4892208262585,271.3384493001096,273.0174255371094,14074628,0.0,0.0
2022-07-13 00:00:00+05:30,273.29732113667995,274.9762694025403,273.0175059141814,274.2767028808594,9277570,0.0,0.0
2022-07-14 00:00:00+05:30,274.5098586499733,276.4220239914614,269.70617480623946,271.2918701171875,13414357,0.0,0.0
2022-07-15 00:00:00+05:30,272.3645434276954,274.230053999118,270.03265521341723,273.810302734375,11025420,0.0,0.0
2022-07-18 00:00:00+05:30,275.1628422376527,276.3754128681189,273.9968979908829,275.4426574707031,11315876,0.0,0.0
2022-07-19 00:00:00+05:30,275.1627997774475,275.7224586226235,273.0174740806094,274.7897033691406,9188419,0.0,0.0
2022-07-20 00:00:00+05:30,275.06956462925496,279.36024520699044,273.8569939828114,278.1476745605469,15789281,0.0,0.0
2022-07-21 00:00:00+05:30,278.8938258214888,281.8786540726407,277.96107055118284,279.4068298339844,16042840,0.0,0.0
2022-07-22 00:00:00+05:30,279.82659557033605,282.1584838667555,278.0543661581439,280.339599609375,9967545,0.0,0.0
2022-07-25 00:00:00+05:30,278.8938387636074,282.57823363846376,278.70727631471595,280.8526306152344,10640727,0.0,0.0
2022-07-26 00:00:00+05:30,280.7593403763737,283.3244174063904,280.2463363565433,282.1118469238281,9739177,0.0,0.0
2022-07-27 00:00:00+05:30,282.4849393004207,284.4903574384579,280.38623994226816,283.697509765625,9346146,0.0,0.0
2022-07-28 00:00:00+05:30,284.3970948504872,284.6769385291671,282.0652065219895,283.04461669921875,10839070,0.0,0.0
2022-07-29 00:00:00+05:30,284.4903624668717,285.32983653188427,281.0858113632235,282.6714782714844,16932743,0.0,0.0
2022-08-01 00:00:00+05:30,283.55759178099595,288.03480552820776,282.71811776157256,286.8222351074219,15889556,0.0,0.0
2022-08-02 00:00:00+05:30,289.1541703285462,295.35698796670044,287.47522201603846,289.1075439453125,38982557,0.0,0.0
2022-08-03 00:00:00+05:30,289.9936047984245,289.9936047984245,283.23112915975145,287.42852783203125,17695228,0.0,0.0
2022-08-04 00:00:00+05:30,287.2886416630907,289.48062238185355,286.4957939394402,288.6877746582031,15901918,0.0,0.0
2022-08-05 00:00:00+05:30,288.68776561754333,290.83309142335844,288.3146691902841,289.9469909667969,10088723,0.0,0.0
2022-08-08 00:00:00+05:30,290.04030140208744,292.83856758651496,289.20079877441066,292.09234619140625,8307140,0.0,0.0
2022-08-10 00:00:00+05:30,292.09229311007965,292.97842196028824,289.8536862624421,290.2734375,8923568,0.0,0.0
2022-08-11 00:00:00+05:30,291.9524093191964,292.3721605909722,284.7701821127108,285.65631103515625,10885990,0.0,0.0
2022-08-12 00:00:00+05:30,285.6563099434789,288.59448343838244,284.0239881723733,287.8016357421875,6422504,0.0,0.0
2022-08-16 00:00:00+05:30,287.80163418990315,290.55327368967016,287.80163418990315,289.6671447753906,8609864,0.0,0.0
2022-08-17 00:00:00+05:30,290.73980415174304,292.185563310283,290.0868641324757,291.5326232910156,7975854,0.0,0.0
2022-08-18 00:00:00+05:30,291.9524288328421,294.7506949238917,291.57933238045575,294.4242248535156,9883851,0.0,0.0
2022-08-19 00:00:00+05:30,294.89058211850573,294.89058211850573,290.2734604672027,291.0196533203125,10422413,0.0,0.0
2022-08-22 00:00:00+05:30,290.27347028484803,295.6834398164519,290.0869078325443,293.2582702636719,11355837,0.0,0.0
2022-08-23 00:00:00+05:30,291.90573799677543,294.75062984167084,291.112890419622,294.6573486328125,9338887,0.0,0.0
2022-08-24 00:00:00+05:30,294.51749518991096,297.9687012940659,291.99904441494016,292.97845458984375,11346892,0.0,0.0
2022-08-25 00:00:00+05:30,294.2376775609047,295.1237780370924,290.6465638799508,291.34613037109375,7759104,0.0,0.0
2022-08-26 00:00:00+05:30,293.5847338762777,294.19101913480216,291.0196567733078,291.859130859375,6956588,0.0,0.0
2022-08-29 00:00:00+05:30,289.1541535345206,293.77130382390663,288.0814905935277,292.4654235839844,11361400,0.0,0.0
2022-08-30 00:00:00+05:30,293.11836866357953,299.7875637213108,293.11836866357953,298.9480895996094,17829428,0.0,0.0
2022-09-01 00:00:00+05:30,298.01536318847957,300.253970552207,294.7507191472912,296.2431335449219,13254985,0.0,0.0
2022-09-02 00:00:00+05:30,297.2691169533856,302.4458973334445,296.6628032534634,301.41986083984375,25758860,0.0,0.0
2022-09-05 00:00:00+05:30,303.14545882948175,307.4361387090776,301.97951475706066,306.736572265625,17471906,0.0,0.0
2022-09-06 00:00:00+05:30,307.80926788501284,307.80926788501284,304.45134290590767,305.1509094238281,11970750,0.0,0.0
2022-09-07 00:00:00+05:30,304.07822756604776,306.2235533682241,303.37866109158597,304.1715087890625,8085824,0.0,0.0
2022-09-08 00:00:00+05:30,306.87649880949994,308.3689130074352,305.47736583620434,307.7159729003906,10911130,0.0,0.0
2022-09-09 00:00:00+05:30,308.36888546435483,310.887307512085,307.8092266319379,308.2756042480469,9408098,0.0,0.0
2022-09-12 00:00:00+05:30,309.67477926402006,310.0478757146247,307.8092685455621,308.64874267578125,8712689,0.0,0.0
2022-09-13 00:00:00+05:30,309.39490814248353,312.4729888856329,308.3688717396239,311.913330078125,10520207,0.0,0.0
2022-09-14 00:00:00+05:30,308.7419780904997,316.2040198570374,308.6953517156309,312.7994689941406,12267025,0.0,0.0
2022-09-15 00:00:00+05:30,313.77887068094674,314.385155920212,310.5142271990528,311.633544921875,8418672,0.0,0.0
2022-09-16 00:00:00+05:30,310.0012302144082,312.0999296432422,307.5294343579792,309.0218200683594,12492851,0.0,0.0
2022-09-19 00:00:00+05:30,306.9697748770805,314.24525482981704,306.9697748770805,313.0326843261719,14365461,0.0,0.0
2022-09-20 00:00:00+05:30,315.97083863757905,316.76368628739425,312.4730064755394,313.40576171875,9526068,0.0,0.0
2022-09-21 00:00:00+05:30,313.4057386828974,321.98709767586257,312.93936109557166,318.02288818359375,20992080,0.0,0.0
2022-09-22 00:00:00+05:30,318.0695811419138,325.29843525877544,317.97629991183504,321.84722900390625,24179987,0.0,0.0
2022-09-23 00:00:00+05:30,324.1324818834914,326.0446189515945,320.2148980544094,323.1064453125,22838807,0.0,0.0
2022-09-26 00:00:00+05:30,321.66068910698533,322.6867256881548,309.44158829218736,310.23443603515625,16205789,0.0,0.0
2022-09-27 00:00:00+05:30,312.47300695884616,316.71703193584614,311.5402517141929,312.3330993652344,9991052,0.0,0.0
2022-09-28 00:00:00+05:30,309.62813354231906,310.8873304262789,302.4925327175718,303.0988464355469,15552911,0.0,0.0
2022-09-29 00:00:00+05:30,306.87649667170086,312.37974730190615,305.71055253541016,310.6541442871094,18281337,0.0,0.0
2022-09-30 00:00:00+05:30,310.65417796886845,313.1726289624851,307.9491929724807,309.8613586425781,12427919,0.0,0.0
2022-10-03 00:00:00+05:30,310.5142042097178,310.6074854239521,301.51312211198956,302.5857849121094,9111289,0.0,0.0
2022-10-04 00:00:00+05:30,306.5966617416516,311.5402531753271,305.94372168115956,310.46759033203125,8803255,0.0,0.0
2022-10-06 00:00:00+05:30,312.4730443163469,316.48388096169634,310.187782307561,314.0120849609375,22235092,0.0,0.0
2022-10-07 00:00:00+05:30,314.1519671000767,314.1986219433631,309.0218130571006,311.633544921875,10506078,0.0,0.0
2022-10-10 00:00:00+05:30,307.809251224217,309.1617578051633,304.12485637642067,305.8038330078125,9388996,0.0,0.0
2022-10-11 00:00:00+05:30,306.8764828335577,308.2289893568388,303.238742985456,304.3580322265625,10609956,0.0,0.0
2022-10-12 00:00:00+05:30,305.8971086754891,309.1617521897828,302.91228036196196,307.90252685546875,10337544,0.0,0.0
2022-10-13 00:00:00+05:30,307.7625866203836,309.02178335574183,305.943702611976,306.54998779296875,7266724,0.0,0.0
2022-10-14 00:00:00+05:30,309.95453933048583,311.44695333277025,308.6020613795324,309.76800537109375,6424915,0.0,0.0
2022-10-17 00:00:00+05:30,308.8352960459131,312.23984731382853,307.436163048241,309.907958984375,6929063,0.0,0.0
2022-10-18 00:00:00+05:30,311.49365243021003,318.0695660907815,311.1205275275514,317.4166259765625,20887417,0.0,0.0
2022-10-19 00:00:00+05:30,320.02835962861184,324.0858510098931,316.95024995830755,323.059814453125,16296080,0.0,0.0
2022-10-20 00:00:00+05:30,323.66608909875845,327.3504839199174,321.61401605259323,326.1845397949219,18474706,0.0,0.0
2022-10-21 00:00:00+05:30,329.4491752919671,329.4491752919671,321.334192994185,322.3602294921875,27372160,0.0,0.0
2022-10-24 00:00:00+05:30,325.4849442650565,326.1845106776061,323.6660602062556,324.3190002441406,3170564,0.0,0.0
2022-10-25 00:00:00+05:30,325.95135508056103,325.9979814599758,320.54135719309556,323.0131530761719,17242211,0.0,0.0
2022-10-27 00:00:00+05:30,323.33960058248596,324.9252958880828,320.7278972778417,322.5467529296875,18558597,0.0,0.0
2022-10-28 00:00:00+05:30,324.17907461144796,325.1584846997629,321.893841336242,322.5467529296875,13069167,0.0,0.0
2022-10-31 00:00:00+05:30,324.5988299524199,326.9307180986298,321.56737536234704,325.25177001953125,13825970,0.0,0.0
2022-11-01 00:00:00+05:30,325.7647665130222,326.9307105592392,323.8526296633987,325.9979553222656,19665200,0.0,0.0
2022-11-02 00:00:00+05:30,325.06519678610704,332.29404979928444,325.06519678610704,330.8016357421875,16781507,0.0,0.0
2022-11-03 00:00:00+05:30,330.19537306249623,334.39277187261274,329.26261777135926,329.9155578613281,10736155,0.0,0.0
2022-11-04 00:00:00+05:30,330.1953925880088,332.06090328059645,328.7962595685681,329.8222961425781,8386849,0.0,0.0
2022-11-07 00:00:00+05:30,331.1281062319053,332.38733148390145,326.46433008779394,329.7289733886719,10050303,0.0,0.0
2022-11-09 00:00:00+05:30,329.7290050576094,337.1444212251349,329.44918984826,336.4448547363281,20611075,0.0,0.0
2022-11-10 00:00:00+05:30,334.8591176579508,335.6985916470157,330.28862285932655,332.06085205078125,19327625,0.0,0.0
2022-11-11 00:00:00+05:30,335.79191079943723,336.6780397279978,330.80166420974786,332.3873596191406,10950902,0.0,0.0
2022-11-14 00:00:00+05:30,332.3873666873691,332.94702557702254,323.29300224315904,323.8526611328125,17639889,0.0,0.0
2022-11-15 00:00:00+05:30,325.48498912270543,325.48498912270543,316.34396965967073,322.0337829589844,15451411,0.0,0.0
2022-11-16 00:00:00+05:30,322.45350419432094,323.5261670483257,318.67582831878497,320.9610900878906,7604924,0.0,0.0
2022-11-17 00:00:00+05:30,320.9611091276947,324.0858451215833,319.5619761571864,320.5880126953125,9994270,0.0,0.0
2022-11-18 00:00:00+05:30,320.58800471194576,321.5673863807395,316.95023630686626,318.1161804199219,7838297,0.0,0.0
2022-11-21 00:00:00+05:30,316.2973147523358,317.13678879429324,311.9133536387127,314.52508544921875,9198816,0.0,0.0
2022-11-22 00:00:00+05:30,314.3385705772697,318.06959218649547,313.1259999404457,317.3700256347656,6495845,0.0,0.0
2022-11-23 00:00:00+05:30,319.0022987873977,319.0022987873977,314.8049001191425,316.9502258300781,7768291,0.0,0.0
2022-11-24 00:00:00+05:30,316.95023583531685,319.4686865019431,314.85153643493913,317.83636474609375,8140857,0.0,0.0
2022-11-25 00:00:00+05:30,318.0695660907815,318.9090401908963,315.084737662114,317.4166259765625,6933254,0.0,0.0
2022-11-28 00:00:00+05:30,317.13675375521933,318.7690752819006,315.97080980758983,317.1833801269531,9902739,0.0,0.0
2022-11-29 00:00:00+05:30,317.13677884499657,321.8005550044818,317.13677884499657,319.2821044921875,10189855,0.0,0.0
2022-11-30 00:00:00+05:30,318.30272382848403,321.00770831591836,316.20402455049407,317.13677978515625,22556502,0.0,0.0
2022-12-01 00:00:00+05:30,318.72248762146734,318.72248762146734,314.15196401929177,316.717041015625,16630417,0.0,0.0
2022-12-02 00:00:00+05:30,316.5304969903489,317.882975011668,314.1053276686407,314.4784240722656,8388835,0.0,0.0
2022-12-05 00:00:00+05:30,314.9448207550099,316.06413849906164,311.6801772111973,314.1053466796875,9716390,0.0,0.0
2022-12-06 00:00:00+05:30,311.6335473264655,315.4578496992791,311.6335473264655,314.61834716796875,6327430,0.0,0.0
2022-12-07 00:00:00+05:30,315.73765790109593,318.53592370228733,314.0120549639416,317.2300720214844,9813208,0.0,0.0
2022-12-08 00:00:00+05:30,317.3233859125269,319.1422417913096,314.80493504598513,315.6444091796875,6200447,0.0,0.0
2022-12-09 00:00:00+05:30,316.9035561605239,319.4686327740381,315.2712346791967,318.4425964355469,8132228,0.0,0.0
2022-12-12 00:00:00+05:30,318.0695699386928,320.8678359498836,317.2300958284223,320.12164306640625,11214662,0.0,0.0
2022-12-13 00:00:00+05:30,321.334192994185,322.73332590997967,319.375401218986,322.3602294921875,10693426,0.0,0.0
2022-12-14 00:00:00+05:30,322.73330384066463,323.9925290718573,320.6346046104869,322.17364501953125,7379878,0.0,0.0
2022-12-15 00:00:00+05:30,321.5673676313019,322.8265928930676,315.27126978790443,316.0641174316406,8154931,0.0,0.0
2022-12-16 00:00:00+05:30,314.8049217812903,316.1107735415186,309.02182738757915,312.5663146972656,12429280,0.0,0.0
2022-12-19 00:00:00+05:30,314.15194374644545,319.328752247871,312.7994657694615,317.6031494140625,7812801,0.0,0.0
2022-12-20 00:00:00+05:30,317.1834521683546,318.02295477366556,314.10537083366415,317.2767333984375,5482218,0.0,0.0
2022-12-21 00:00:00+05:30,318.069569972123,318.30275880641346,312.0066602805723,312.6129455566406,7045201,0.0,0.0
2022-12-22 00:00:00+05:30,313.079282028778,314.7116036540223,307.71593954583227,310.094482421875,6584445,0.0,0.0
2022-12-23 00:00:00+05:30,308.64869496058986,309.5814501756206,303.4719149033412,304.73114013671875,10073884,0.0,0.0
2022-12-26 00:00:00+05:30,304.54462105805885,312.56632274226143,303.6118657102547,312.0999450683594,9566210,0.0,0.0
2022-12-27 00:00:00+05:30,313.032698497726,313.7788913852226,307.94917049717435,310.7474365234375,6727343,0.0,0.0
2022-12-28 00:00:00+05:30,310.46757091870654,312.4729888856329,309.2083457181711,311.913330078125,7737562,0.0,0.0
2022-12-29 00:00:00+05:30,311.8667137733234,313.1725653893815,309.254982075777,312.7994689941406,8105359,0.0,0.0
2022-12-30 00:00:00+05:30,312.8461184408834,314.1053437749385,308.2756232148988,309.2550048828125,6960264,0.0,0.0
2023-01-02 00:00:00+05:30,308.6487062102543,311.5402531753271,307.4827621489694,310.46759033203125,5951893,0.0,0.0
2023-01-03 00:00:00+05:30,309.20839307119184,310.93399613134255,308.04244890425673,308.8352966308594,5997051,0.0,0.0
2023-01-04 00:00:00+05:30,309.53482430388107,310.14110950155,304.07820059400086,305.0109558105469,6689769,0.0,0.0
2023-01-05 00:00:00+05:30,306.5500098791606,311.44697498414854,306.1302870922776,311.0272521972656,8171437,0.0,0.0
2023-01-06 00:00:00+05:30,312.1931812504519,314.85151083578097,310.70076721621604,312.5196228027344,8284135,0.0,0.0
2023-01-09 00:00:00+05:30,314.2918936062815,318.3493561808944,313.54567232528336,315.3179016113281,10618786,0.0,0.0
2023-01-10 00:00:00+05:30,315.17802032301176,315.6443979880253,310.187773614281,310.9806213378906,6949605,0.0,0.0
2023-01-11 00:00:00+05:30,312.5662991923637,312.5662991923637,309.0218120585021,309.4881896972656,4584293,0.0,0.0
2023-01-12 00:00:00+05:30,310.980611976762,311.167174423325,306.0370202626046,307.6693420410156,6638422,0.0,0.0
2023-01-13 00:00:00+05:30,307.66931646924905,309.9079233147799,304.45129955881504,306.6432800292969,14412671,0.0,0.0
2023-01-16 00:00:00+05:30,308.1357266971834,309.86132973810595,305.52399471309064,307.9958190917969,8253942,0.0,0.0
2023-01-17 00:00:00+05:30,307.9958219403966,311.07390314910174,306.96978538235027,309.907958984375,13712537,0.0,0.0
2023-01-18 00:00:00+05:30,311.54026017774703,313.91877473005707,310.04784605267145,312.14654541015625,12555527,0.0,0.0
2023-01-19 00:00:00+05:30,311.54026974360545,313.0793102932643,309.3482890987301,309.8146667480469,8346130,0.0,0.0
2023-01-20 00:00:00+05:30,309.67477547098173,312.6596039701287,307.10969826452026,312.0999450683594,13103664,0.0,0.0
2023-01-23 00:00:00+05:30,313.40576424870466,315.41118234470986,310.6541248728486,315.0380859375,7124807,0.0,0.0
2023-01-24 00:00:00+05:30,315.08474875080276,317.83638844486313,314.89821475834236,316.1574401855469,12302874,0.0,0.0
2023-01-25 00:00:00+05:30,316.11078579030936,318.0695777392686,312.70623441961817,316.437255859375,12497542,0.0,0.0
2023-01-27 00:00:00+05:30,318.8157838595751,325.39172649905464,318.5359686261657,322.7333679199219,21040139,0.0,0.0
2023-01-30 00:00:00+05:30,323.5728054804543,328.0966743450359,318.86240263651376,321.614013671875,14091519,0.0,0.0
2023-01-31 00:00:00+05:30,322.73330963064075,331.12810670195796,318.116159855244,328.65631103515625,17134291,0.0,0.0
2023-02-01 00:00:00+05:30,329.2626092529738,341.10861253011745,306.9697640646265,337.0977478027344,64518967,0.0,0.0
2023-02-02 00:00:00+05:30,337.28430452836426,358.83095652425726,336.16498684074725,353.1411437988281,55745171,0.0,0.0
2023-02-03 00:00:00+05:30,356.2192277653078,356.5456977990865,346.98495639309397,355.05328369140625,22295321,0.0,0.0
2023-02-06 00:00:00+05:30,356.77887315950306,362.09558932216976,354.0738887031445,357.61834716796875,25790153,0.0,0.0
2023-02-07 00:00:00+05:30,358.0847161076089,358.0847161076089,343.6736653259115,348.15087890625,20643707,0.0,0.0
2023-02-08 00:00:00+05:30,349.55004129279143,351.9285558713861,346.56521300965545,350.2962341308594,10420462,0.0,0.0
2023-02-09 00:00:00+05:30,348.85045987156604,354.44699131335585,347.124856983928,349.0836486816406,11861196,0.0,0.0
2023-02-10 00:00:00+05:30,347.17154033941176,351.6021280947258,345.3992824649395,346.3786926269531,10278597,0.0,0.0
2023-02-13 00:00:00+05:30,347.9177001621134,349.9231182099081,345.11943447716345,349.0370178222656,9901148,0.0,0.0
2023-02-14 00:00:00+05:30,349.7832280702641,361.5825766040813,348.61728397669657,360.4632873535156,29125052,0.0,0.0
2023-02-15 00:00:00+05:30,361.6949668354901,362.7371847035449,358.66306556739494,362.121337890625,12209350,6.0,0.0
2023-02-16 00:00:00+05:30,361.93184739726655,365.0111104968506,360.98438182816375,362.45294189453125,9775280,0.0,0.0
2023-02-17 00:00:00+05:30,361.0317508658133,364.3478804249537,359.3263243725689,363.25830078125,7672135,0.0,0.0
2023-02-20 00:00:00+05:30,364.49002126811513,367.14291333420744,361.26861515511814,363.8741455078125,7804976,0.0,0.0
2023-02-21 00:00:00+05:30,364.77426213326214,365.62697540472846,361.6476371664337,362.1687316894531,8259574,0.0,0.0
2023-02-22 00:00:00+05:30,361.93184479213977,364.6794891398899,360.03691366757363,363.6846618652344,8961077,0.0,0.0
2023-02-23 00:00:00+05:30,364.2531600530474,373.30144493171616,362.9740757152072,367.2376708984375,18830592,0.0,0.0
2023-02-24 00:00:00+05:30,368.5640978885973,368.5640978885973,360.98437351042566,364.8689880371094,12910220,0.0,0.0
2023-02-27 00:00:00+05:30,364.86898215051247,366.4796562062759,358.2367234266135,362.121337890625,8142319,0.0,0.0
2023-02-28 00:00:00+05:30,362.4055978407133,364.06366266743555,355.29960572618955,356.9103088378906,16367477,0.0,0.0
2023-03-01 00:00:00+05:30,354.5889731419534,360.4158803445818,353.9731263328607,358.8052062988281,7766667,0.0,0.0
2023-03-02 00:00:00+05:30,359.5631792304613,359.8000456199412,355.01535611818923,355.8206787109375,5019603,0.0,0.0
2023-03-03 00:00:00+05:30,357.1945350269168,365.15324036931383,356.34182176065207,364.7268981933594,8180709,0.0,0.0
2023-03-06 00:00:00+05:30,365.6269913337815,371.88027045422723,365.0111444394676,367.7587890625,10714339,0.0,0.0
2023-03-08 00:00:00+05:30,367.6166491278731,372.4960911362612,364.86900469819045,371.7854919433594,8917699,0.0,0.0
2023-03-09 00:00:00+05:30,371.5012612878483,372.92245966391937,365.3900967050007,367.1429138183594,9634283,0.0,0.0
2023-03-10 00:00:00+05:30,366.62178047389733,369.70104329584206,363.3530129894768,367.6166076660156,8362265,0.0,0.0
2023-03-13 00:00:00+05:30,368.7536297462488,370.36430394672783,362.4055985458471,363.49517822265625,8791872,0.0,0.0
2023-03-14 00:00:00+05:30,365.43747892029296,366.1480780919702,357.38402164128416,359.752685546875,10229766,0.0,0.0
2023-03-15 00:00:00+05:30,360.98436492910855,364.11098959503676,358.14196835486365,359.4684143066406,8423692,0.0,0.0
2023-03-16 00:00:00+05:30,360.60538460484815,362.2634492736302,357.0523888860294,361.4107360839844,15710094,0.0,0.0
2023-03-17 00:00:00+05:30,364.77423979901874,364.77423979901874,350.23063770208313,355.8206787109375,48904254,0.0,0.0
2023-03-20 00:00:00+05:30,353.68893257113524,359.4211173776343,352.45723873270515,358.8999938964844,10122167,0.0,0.0
2023-03-21 00:00:00+05:30,358.8999439228803,358.8999439228803,354.3994824958187,357.14715576171875,11610832,0.0,0.0
2023-03-22 00:00:00+05:30,357.1471599555771,358.9473387646698,354.54162962510344,357.9051208496094,4774867,0.0,0.0
2023-03-23 00:00:00+05:30,357.1945273759877,362.6424545176639,354.7311110594892,360.65277099609375,9752326,0.0,0.0
2023-03-24 00:00:00+05:30,361.45809820615955,362.87929649530565,358.14196886481864,358.8052062988281,9934501,0.0,0.0
2023-03-27 00:00:00+05:30,358.09464278385934,364.2057786866198,356.5786920083992,360.2264404296875,10816352,0.0,0.0
2023-03-28 00:00:00+05:30,360.2264198987322,362.26346508355186,358.2840981390658,359.800048828125,9170535,0.0,0.0
2023-03-29 00:00:00+05:30,360.22640004179334,363.82675742978444,357.3366128750544,362.6424255371094,10160322,0.0,0.0
2023-03-31 00:00:00+05:30,361.93182906209256,364.30049286485496,360.0368980198827,363.35302734375,9511189,0.0,0.0
2023-04-03 00:00:00+05:30,363.8268009418648,363.8268009418648,358.61573999087454,358.9947204589844,7059200,0.0,0.0
2023-04-05 00:00:00+05:30,358.9947158923101,366.71655487495156,358.9947158923101,366.1007080078125,11608424,0.0,0.0
2023-04-06 00:00:00+05:30,366.33755599385324,369.79579953332825,364.01628270143925,367.00079345703125,12897667,0.0,0.0
2023-04-10 00:00:00+05:30,367.00081494837116,369.51159306710974,364.5373985450525,368.13775634765625,6783022,0.0,0.0
2023-04-11 00:00:00+05:30,368.13775027276614,377.1860641740954,367.61665575432056,375.1963806152344,18237451,0.0,0.0
2023-04-12 00:00:00+05:30,376.85442796851015,376.90178968095427,371.50125331637895,372.87506103515625,9747526,0.0,0.0
2023-04-13 00:00:00+05:30,374.7225999633882,375.764817781555,373.0171736531894,374.8173522949219,6059044,0.0,0.0
2023-04-17 00:00:00+05:30,372.259201316823,380.8811434310941,372.259201316823,379.1283264160156,11041243,0.0,0.0
2023-04-18 00:00:00+05:30,378.9862313264586,380.8811624830909,376.1438345915102,377.5650329589844,9494641,0.0,0.0
2023-04-19 00:00:00+05:30,375.2437416983949,380.2653267589132,375.1963799838362,377.8019104003906,9744202,0.0,0.0
2023-04-20 00:00:00+05:30,378.98621867907593,381.49699659495406,376.8070594874128,379.27044677734375,6667781,0.0,0.0
2023-04-21 00:00:00+05:30,379.2704330213637,387.51339454440637,378.0861011309468,386.80279541015625,14252204,0.0,0.0
2023-04-24 00:00:00+05:30,388.46088067739316,388.46088067739316,382.9655919798937,387.22918701171875,5981760,0.0,0.0
2023-04-25 00:00:00+05:30,387.2292199254312,391.8244051632741,385.9974972407085,389.9294738769531,8840188,0.0,0.0
2023-04-26 00:00:00+05:30,390.3558154918701,391.3032810634523,387.56078048996073,390.5926818847656,7620723,0.0,0.0
2023-04-27 00:00:00+05:30,390.5453029528592,395.47210635925205,389.4083327513475,394.1456604003906,12614263,0.0,0.0
2023-04-28 00:00:00+05:30,396.0406160972466,405.7521383819279,391.96652563136627,403.1939697265625,12718721,0.0,0.0
2023-05-02 00:00:00+05:30,403.62032395150607,404.56778950068804,399.07250088117434,402.1517639160156,10253527,0.0,0.0
2023-05-03 00:00:00+05:30,401.7253892321923,405.98898416508115,399.87781986219903,404.70989990234375,7325483,0.0,0.0
2023-05-04 00:00:00+05:30,402.9571233914526,404.56782653826093,401.72542963049796,402.2939147949219,7984933,0.0,0.0
2023-05-05 00:00:00+05:30,403.5729989003249,409.2104020814463,402.05704810105414,406.22589111328125,12412416,0.0,0.0
2023-05-08 00:00:00+05:30,408.3576865179575,410.6789888771316,406.7943740113749,408.7840576171875,7243636,0.0,0.0
2023-05-09 00:00:00+05:30,410.06310979067246,410.3947285413689,399.35675982377285,401.5359191894531,9992962,0.0,0.0
2023-05-10 00:00:00+05:30,401.67804006852083,403.95195165422325,400.0199753206028,403.0044860839844,9754485,0.0,0.0
2023-05-11 00:00:00+05:30,404.80465900489605,404.9467730554968,396.89331582544037,398.31451416015625,15982423,0.0,0.0
2023-05-12 00:00:00+05:30,398.314486818223,400.4936747971447,394.19300614759146,398.36187744140625,11135894,0.0,0.0
2023-05-15 00:00:00+05:30,397.9355549769406,406.1785173243481,397.03545108446474,405.3257751464844,9151102,0.0,0.0
2023-05-16 00:00:00+05:30,407.41019467759634,407.41019467759634,401.2516684789815,401.67803955078125,7994197,0.0,0.0
2023-05-17 00:00:00+05:30,401.8674933858537,406.4153452175726,400.3989333997583,405.1362609863281,9479691,0.0,0.0
2023-05-18 00:00:00+05:30,407.4101898314007,409.73149201362367,396.135355477077,397.65130615234375,23995166,0.0,0.0
2023-05-19 00:00:00+05:30,398.8356444265985,400.87268962520005,389.7399691450597,397.7934265136719,25767521,0.0,0.0
2023-05-22 00:00:00+05:30,399.78308226708424,403.3834396281475,397.0827997891104,402.43597412109375,15421680,0.0,0.0
2023-05-23 00:00:00+05:30,403.62034752705927,408.54718023632427,401.914921004659,406.6048583984375,8732608,0.0,0.0
2023-05-24 00:00:00+05:30,405.7994859044321,411.91065030389456,404.5677922478734,410.726318359375,11479706,0.0,0.0
2023-05-25 00:00:00+05:30,413.99511849071826,419.2061794544152,411.95804425524256,417.9744567871094,18204464,0.0,0.0
2023-05-26 00:00:00+05:30,420.106210660091,421.38529490980426,416.4111008720831,420.29571533203125,12995706,0.0,0.0
2023-05-29 00:00:00+05:30,421.62219068912844,428.064945183355,420.76947743465075,425.5068054199219,19826254,0.0,0.0
2023-05-30 00:00:00+05:30,420.40660077790994,430.368628238331,420.40660077790994,428.8909912109375,18900002,2.75,0.0
2023-05-31 00:00:00+05:30,428.31904258660546,430.8929724216996,421.7889400617367,424.6965026855469,14272292,0.0,0.0
2023-06-01 00:00:00+05:30,426.12642793041965,426.12642793041965,418.50000416432715,419.1673278808594,8803137,0.0,0.0
2023-06-02 00:00:00+05:30,419.4532948557645,424.1244734572498,419.2626226301949,422.69451904296875,9203842,0.0,0.0
2023-06-05 00:00:00+05:30,424.219810642113,425.9834269093493,419.54863202882285,420.07293701171875,7152179,0.0,0.0
2023-06-06 00:00:00+05:30,420.21598296522006,422.88524902527195,419.83466755449865,422.1225891113281,6454486,0.0,0.0
2023-06-07 00:00:00+05:30,423.2665255825905,424.8394696902423,422.0748968506575,423.2188720703125,7543432,0.0,0.0
2023-06-08 00:00:00+05:30,424.88716137991537,424.93481489321226,421.2645925018827,422.2178955078125,7024424,0.0,0.0
2023-06-09 00:00:00+05:30,414.82982097014866,423.933882653689,414.82982097014866,417.9757385253906,7057843,0.0,0.0
2023-06-12 00:00:00+05:30,419.45330828137884,420.3589577430764,413.5905008136728,416.5457458496094,8719176,0.0,0.0
2023-06-13 00:00:00+05:30,420.40663823795035,425.55446880603756,417.83270840765687,424.6011657714844,16111860,0.0,0.0
2023-06-14 00:00:00+05:30,425.41147487370046,426.84142941109104,423.02821731138283,423.7431945800781,8704178,0.0,0.0
2023-06-15 00:00:00+05:30,424.2198342325497,427.79472047608243,423.9815084829808,427.1750793457031,7498727,0.0,0.0
2023-06-16 00:00:00+05:30,428.0330412891174,434.32484682367095,426.98440218460877,431.94158935546875,11729681,0.0,0.0
2023-06-19 00:00:00+05:30,433.51453603156443,434.61082865492574,431.13127854925784,432.4182434082031,4189180,0.0,0.0
2023-06-20 00:00:00+05:30,433.5621703687967,433.5621703687967,429.1293174662607,431.7032470703125,4472119,0.0,0.0
2023-06-21 00:00:00+05:30,430.8929643617754,432.99024263947405,424.2674967462041,426.1741027832031,6059504,0.0,0.0
2023-06-22 00:00:00+05:30,427.0797250861449,428.652669147985,425.030129545414,426.7460632324219,6637099,0.0,0.0
2023-06-23 00:00:00+05:30,426.6030895797103,426.74607921023176,422.02724684803354,423.98150634765625,6090901,0.0,0.0
2023-06-26 00:00:00+05:30,426.0310921062915,430.32095547765323,423.2665193076913,424.88714599609375,5477339,0.0,0.0
2023-06-27 00:00:00+05:30,425.26848857929104,426.3171277334486,422.45623299666386,424.315185546875,4865596,0.0,0.0
2023-06-28 00:00:00+05:30,424.2198254436662,429.5583279419063,423.7431739544037,428.36669921875,12082753,0.0,0.0
2023-06-30 00:00:00+05:30,428.98636703577216,430.8453195965938,425.7451425255574,430.51165771484375,9106074,0.0,0.0
2023-07-03 00:00:00+05:30,430.51164061469177,444.1915444830705,429.03400350920555,441.61761474609375,10699143,0.0,0.0
2023-07-04 00:00:00+05:30,443.28591106143256,446.1458201650547,438.3287236448209,444.5728759765625,7725081,0.0,0.0
2023-07-05 00:00:00+05:30,444.5728745967055,458.2050963113264,442.6185859264628,452.9142761230469,16252992,0.0,0.0
2023-07-06 00:00:00+05:30,455.0591704971875,455.10682400784526,448.52903944971763,451.770263671875,9471054,0.0,0.0
2023-07-07 00:00:00+05:30,450.91229903369907,453.29555642816894,445.7644688801436,446.527099609375,7323451,0.0,0.0
2023-07-10 00:00:00+05:30,448.0524236760851,448.91039058377345,442.04662622976724,444.0962219238281,6521300,0.0,0.0
2023-07-11 00:00:00+05:30,444.239187382963,452.3899162011662,444.239187382963,451.0552978515625,8457557,0.0,0.0
2023-07-12 00:00:00+05:30,455.44050810250445,455.44050810250445,448.4814078417577,450.2449951171875,12340934,0.0,0.0
2023-07-13 00:00:00+05:30,451.77025412919664,454.48717330674,449.0056814420021,449.958984375,7909757,0.0,0.0
2023-07-14 00:00:00+05:30,450.9123222031614,452.81892821670544,449.3393780604874,450.8169860839844,5081391,0.0,0.0
2023-07-17 00:00:00+05:30,452.34225914065576,453.58154136431597,448.62438337717737,450.29266357421875,6090738,0.0,0.0
2023-07-18 00:00:00+05:30,450.48332245846586,452.0562956875121,449.0057144407242,450.4356689453125,5352283,0.0,0.0
2023-07-19 00:00:00+05:30,450.67398177179376,458.01442632183966,446.2411287531938,456.4891357421875,13867323,0.0,0.0
2023-07-20 00:00:00+05:30,457.49009868537155,470.64569739145077,454.05820210585097,469.1680603027344,20250206,0.0,0.0
2023-07-21 00:00:00+05:30,468.83442117535986,474.45893235825145,464.25857824241405,467.5474853515625,13971982,0.0,0.0
2023-07-24 00:00:00+05:30,470.40735667766114,476.36550017042464,446.28877436345607,449.33935546875,38976815,0.0,0.0
2023-07-25 00:00:00+05:30,446.05050872253526,446.62249639340706,434.1342201314625,440.7120056152344,43534718,0.0,0.0
2023-07-26 00:00:00+05:30,443.1905740691204,450.9123344522358,440.473654607515,450.1973571777344,18143422,0.0,0.0
2023-07-27 00:00:00+05:30,452.24694617063204,452.9619234345272,439.56802766122485,443.33355712890625,13989457,0.0,0.0
2023-07-28 00:00:00+05:30,445.8598213394327,447.52810157671996,441.76060101517055,446.5747985839844,9978231,0.0,0.0
2023-07-31 00:00:00+05:30,447.099104800257,447.7664285339732,441.85593832605355,443.9532165527344,8194797,0.0,0.0
2023-08-01 00:00:00+05:30,444.23919006030377,446.95610938024515,442.141911860788,443.09521484375,6438221,0.0,0.0
2023-08-02 00:00:00+05:30,442.9045790708676,443.09522221513265,436.6127734601474,438.6147155761719,10318220,0.0,0.0
2023-08-03 00:00:00+05:30,438.61470924223676,442.0942593191873,433.0855344734196,434.7538146972656,10617897,0.0,0.0
2023-08-04 00:00:00+05:30,434.9921359378076,439.8539869297271,433.037876475687,433.7052001953125,6834401,0.0,0.0
2023-08-07 00:00:00+05:30,432.8949009702568,435.2304758801435,429.89200231897456,433.65753173828125,9161131,0.0,0.0
2023-08-08 00:00:00+05:30,435.6594458936199,435.6594458936199,429.98728173349843,431.2265930175781,6392488,0.0,0.0
2023-08-09 00:00:00+05:30,431.2266245193712,438.4240506433787,426.03111145224057,437.232421875,9758343,0.0,0.0
2023-08-10 00:00:00+05:30,437.470743236553,437.85205862010605,428.0330493042465,430.6546325683594,13194170,0.0,0.0
2023-08-11 00:00:00+05:30,432.7042127342838,432.7042127342838,423.9814963678132,427.7947082519531,11582326,0.0,0.0
2023-08-14 00:00:00+05:30,427.7947263730974,430.1779839016383,424.2674935938571,428.2237243652344,7562808,0.0,0.0
2023-08-16 00:00:00+05:30,429.93964765126145,436.04078095685946,427.27041092146806,429.22467041015625,14920272,0.0,0.0
2023-08-17 00:00:00+05:30,428.98634307238524,428.98634307238524,419.4533132263322,420.4066162109375,16269569,0.0,0.0
2023-08-18 00:00:00+05:30,420.4066344863356,422.6469024160438,418.0233769212203,421.0262756347656,19324262,0.0,0.0
2023-08-21 00:00:00+05:30,421.3599228814374,427.55639233557616,420.7402817545232,426.8890686035156,9572041,0.0,0.0
2023-08-22 00:00:00+05:30,428.03303174284963,433.8958391653713,426.1264258108102,433.0378723144531,9854945,0.0,0.0
2023-08-23 00:00:00+05:30,434.3248488269224,434.3725023395069,427.65172788517754,429.41534423828125,8445029,0.0,0.0
2023-08-24 00:00:00+05:30,429.55832006509195,432.3228928336211,428.31900876023576,429.84429931640625,6088274,0.0,0.0
2023-08-25 00:00:00+05:30,429.8443379874986,429.9396741106795,421.40760020474244,422.64691162109375,9270988,0.0,0.0
2023-08-28 00:00:00+05:30,424.21982992706967,425.9834462744796,420.40661797266904,420.7879333496094,6910750,0.0,0.0
2023-08-29 00:00:00+05:30,422.26556431615614,423.2665208026768,418.69067816072817,419.54864501953125,9480003,0.0,0.0
2023-08-30 00:00:00+05:30,420.40665521683127,423.2665644359934,419.93000368030425,422.1225891113281,7364924,0.0,0.0
2023-08-31 00:00:00+05:30,422.3132160473734,424.1244858733208,415.73543136761816,419.1673278808594,19900312,0.0,0.0
2023-09-01 00:00:00+05:30,419.4533281355541,424.2198432280035,417.8327013671215,420.45428466796875,11438624,0.0,0.0
2023-09-04 00:00:00+05:30,422.6468658805809,422.6468658805809,416.2597245212048,417.0700378417969,13604608,0.0,0.0
2023-09-05 00:00:00+05:30,418.40465483065105,423.7431571167632,418.02333947289236,422.4085388183594,8378915,0.0,0.0
2023-09-06 00:00:00+05:30,423.2188595710044,427.55637639013725,421.35990716709176,426.555419921875,12863039,0.0,0.0
2023-09-07 00:00:00+05:30,427.84236210635794,428.03303433771686,423.8385070803012,425.0777893066406,8090369,0.0,0.0
2023-09-08 00:00:00+05:30,426.9844246872204,426.9844246872204,421.21695294721746,421.9795837402344,9939517,0.0,0.0
2023-09-11 00:00:00+05:30,425.1731329309363,427.17507502556816,421.9795621005114,426.3171081542969,9320577,0.0,0.0
2023-09-12 00:00:00+05:30,427.9377098566991,433.08554022587157,424.7918216012322,430.0826416015625,14406441,0.0,0.0
2023-09-13 00:00:00+05:30,431.0835938125257,435.65943621011917,430.03495477776573,432.3228759765625,11813170,0.0,0.0
2023-09-14 00:00:00+05:30,434.61082549671943,434.61082549671943,426.2694243692613,428.9386901855469,14430930,0.0,0.0
2023-09-15 00:00:00+05:30,427.12741326481256,430.98830801269577,426.1264567148983,427.4134216308594,15077136,0.0,0.0
2023-09-18 00:00:00+05:30,427.4134393894168,432.79959594333917,425.3638435971721,430.9406433105469,8197425,0.0,0.0
2023-09-20 00:00:00+05:30,430.6069552937155,433.8481795138099,428.5573306717833,431.798583984375,9959649,0.0,0.0
2023-09-21 00:00:00+05:30,431.65558259309836,432.3705598361915,423.74317940653367,426.60308837890625,10719470,0.0,0.0
2023-09-22 00:00:00+05:30,426.6030659386986,427.46103276677985,421.5982255003116,422.4085388183594,7506309,0.0,0.0
2023-09-25 00:00:00+05:30,422.40853623303025,424.02913376671,417.88034729268037,421.931884765625,5782955,0.0,0.0
2023-09-26 00:00:00+05:30,422.88523310392475,423.7432000188713,419.1673570774897,421.7889404296875,5327833,0.0,0.0
2023-09-27 00:00:00+05:30,421.78891291380467,428.7956665058578,418.3093337811548,428.176025390625,10490786,0.0,0.0
2023-09-28 00:00:00+05:30,428.9386726759218,428.9386726759218,419.071981355138,420.16827392578125,10216736,0.0,0.0
2023-09-29 00:00:00+05:30,421.3599058762064,424.7918023308017,418.6906692406864,423.6478271484375,8160058,0.0,0.0
2023-10-03 00:00:00+05:30,420.4066556981506,422.2179257205268,418.73837531839604,419.21502685546875,7481883,0.0,0.0
2023-10-04 00:00:00+05:30,419.2149932383376,421.0739457208511,413.0661772661766,415.7354431152344,13396709,0.0,0.0
2023-10-05 00:00:00+05:30,419.45333326428005,419.9299847793531,414.73447162805707,415.6877746582031,10030257,0.0,0.0
2023-10-06 00:00:00+05:30,417.4037382878024,422.88523072059553,416.25976301265433,421.5029296875,8418580,0.0,0.0
2023-10-09 00:00:00+05:30,420.3589757258243,422.50390750765865,416.8317429364748,419.88232421875,5611154,0.0,0.0
2023-10-10 00:00:00+05:30,419.88229793377525,424.0768251149484,419.88229793377525,423.6478271484375,5014758,0.0,0.0
2023-10-11 00:00:00+05:30,426.31712816873795,428.46205999386405,424.02917761460355,427.3180847167969,7651513,0.0,0.0
2023-10-12 00:00:00+05:30,428.652700888149,431.36962033750393,425.3161402888534,429.6536865234375,11774487,0.0,0.0
2023-10-13 00:00:00+05:30,428.84337618359393,430.70229964664895,426.1264567148983,427.4134216308594,7632483,0.0,0.0
2023-10-16 00:00:00+05:30,427.07973261721656,429.9396415409925,425.36379889995015,427.9853820800781,4214958,0.0,0.0
2023-10-17 00:00:00+05:30,428.7956892375749,433.2762250944736,428.0330584541664,432.2752685546875,6936218,0.0,0.0
2023-10-18 00:00:00+05:30,433.0378585883047,436.8034168217235,429.93962404694645,430.55926513671875,6894947,0.0,0.0
2023-10-19 00:00:00+05:30,428.7480346347414,433.65753938515513,425.9834616862802,429.36767578125,9465463,0.0,0.0
2023-10-20 00:00:00+05:30,424.2198445170083,428.03305660255444,416.92708222190123,417.83270263671875,13020371,0.0,0.0
2023-10-23 00:00:00+05:30,417.54671139311034,419.4056638685037,412.87553254077386,415.5447692871094,7275471,0.0,0.0
2023-10-25 00:00:00+05:30,416.498056629195,417.54669570173996,407.10801667219744,412.49420166015625,10889221,0.0,0.0
2023-10-26 00:00:00+05:30,409.4912670948246,416.2120702913526,409.4912670948246,414.067138671875,18801214,0.0,0.0
2023-10-27 00:00:00+05:30,414.06716584388477,416.40274074952777,412.0175702026065,413.49517822265625,13132487,0.0,0.0
2023-10-30 00:00:00+05:30,414.2577925713851,416.73638610347757,408.3473316329314,410.3492736816406,7618033,0.0,0.0
2023-10-31 00:00:00+05:30,409.92027959344944,413.11385038087474,407.91833752577253,408.3949890136719,8620154,0.0,0.0
2023-11-01 00:00:00+05:30,409.9202786202804,410.9689177096691,405.6304152393705,408.1090087890625,7990245,0.0,0.0
2023-11-02 00:00:00+05:30,409.9679319559833,412.4942081087665,408.633313612106,411.0165710449219,8152031,0.0,0.0
2023-11-03 00:00:00+05:30,412.58952618352487,414.11481679988236,410.9689285413003,413.0185241699219,13802600,0.0,0.0
2023-11-06 00:00:00+05:30,413.2568304942207,416.4027186049286,412.35118105106375,415.02044677734375,7308229,0.0,0.0
2023-11-07 00:00:00+05:30,414.59145071274867,414.59145071274867,411.969867577635,412.49420166015625,5124012,0.0,0.0
2023-11-08 00:00:00+05:30,412.9231770953169,417.0700508479619,412.1128637494555,416.5457458496094,6979849,0.0,0.0
2023-11-09 00:00:00+05:30,417.3560621865961,417.54673443292626,413.6381861231591,414.1148376464844,7785767,0.0,0.0
2023-11-10 00:00:00+05:30,414.11483300212547,417.54672975007816,412.30356305230316,416.1644287109375,4079205,0.0,0.0
2023-11-13 00:00:00+05:30,417.9280275727703,417.9280275727703,414.6868032052976,415.6401062011719,3744754,0.0,0.0
2023-11-15 00:00:00+05:30,417.6420336357252,421.8365608516831,417.0700460397997,421.312255859375,7436428,0.0,0.0
2023-11-16 00:00:00+05:30,421.3122686451719,423.7431796360056,417.1653948144863,418.1663513183594,10857863,0.0,0.0
2023-11-17 00:00:00+05:30,418.73834228515625,420.88327403277515,417.8326927991621,418.73834228515625,6655278,0.0,0.0
2023-11-20 00:00:00+05:30,419.3103320959937,419.73930099226175,414.210155206482,416.4027404785156,4335388,0.0,0.0
2023-11-21 00:00:00+05:30,416.7364153982298,418.7860111023558,415.16347121099346,415.8784484863281,5997810,0.0,0.0
2023-11-22 00:00:00+05:30,416.593398222804,419.83462250489373,414.49612005012943,419.1673278808594,4886687,0.0,0.0
2023-11-23 00:00:00+05:30,420.3589749305944,421.5982572096434,417.7850451602628,419.7869873046875,6366606,0.0,0.0
2023-11-24 00:00:00+05:30,420.4066298708405,421.5982586403157,416.45042817468277,417.3560485839844,6821878,0.0,0.0
2023-11-28 00:00:00+05:30,417.5467236917092,418.50002671383635,414.591478504615,414.9251403808594,8745691,0.0,0.0
2023-11-29 00:00:00+05:30,415.6400824505084,418.023339804009,413.87646619041857,416.7840576171875,13785216,0.0,0.0
2023-11-30 00:00:00+05:30,416.3074283400449,417.97570857643217,414.21015012015863,415.4494323730469,15127505,0.0,0.0
2023-12-01 00:00:00+05:30,417.45135503619906,429.8919759608771,416.9747035622841,428.795654296875,19336856,0.0,0.0
2023-12-04 00:00:00+05:30,433.7528785191329,435.0874969422303,429.9396664002834,432.84722900390625,12800220,0.0,0.0
2023-12-05 00:00:00+05:30,433.7528673350382,436.4221041124081,429.08168842839143,430.6546325683594,12136292,0.0,0.0
2023-12-06 00:00:00+05:30,432.70422587767285,442.80924349608324,430.9882921146875,441.61761474609375,20417559,0.0,0.0
2023-12-07 00:00:00+05:30,443.0475893012208,443.09524281637795,436.0408061156116,436.7081298828125,11310918,0.0,0.0
2023-12-08 00:00:00+05:30,438.47171497583224,440.0446590660381,427.55638427539213,428.176025390625,18667895,0.0,0.0
2023-12-11 00:00:00+05:30,430.4163109486505,432.4182530971441,428.3190326802288,431.32196044921875,6599973,0.0,0.0
2023-12-12 00:00:00+05:30,432.9902284599774,438.5193741492072,431.2266121150081,431.94158935546875,10158101,0.0,0.0
2023-12-13 00:00:00+05:30,434.99216923897666,437.423109467288,431.9416169403608,434.3725280761719,11283868,0.0,0.0
2023-12-14 00:00:00+05:30,438.51937945778997,439.47268245661127,428.4620444572249,438.6147155761719,14370803,0.0,0.0
2023-12-15 00:00:00+05:30,440.3306398433888,441.3316254260688,433.7528551118407,436.8034362792969,15789845,0.0,0.0
2023-12-18 00:00:00+05:30,433.7528357901566,434.70613872595914,429.31998295717415,430.55926513671875,12027620,0.0,0.0
2023-12-19 00:00:00+05:30,432.17990003069804,436.6127529484657,430.9405887349528,434.8014831542969,10268755,0.0,0.0
2023-12-20 00:00:00+05:30,437.5660599330048,437.804385673709,428.3190095566808,429.93963623046875,10367665,0.0,0.0
2023-12-21 00:00:00+05:30,428.03304834938746,432.5612376136627,423.6955313227128,430.36865234375,11154625,0.0,0.0
2023-12-22 00:00:00+05:30,431.8462642181272,434.6108371330326,429.5106602029059,433.94354248046875,11026317,0.0,0.0
2023-12-26 00:00:00+05:30,434.7538178827009,437.47073722851377,433.4668821174462,435.1351623535156,5871301,0.0,0.0
2023-12-27 00:00:00+05:30,435.65948565563684,437.0894402037407,432.56125080141186,435.75482177734375,7543383,0.0,0.0
2023-12-28 00:00:00+05:30,435.85013275712913,442.99990508521523,434.80149366384353,442.42791748046875,20696101,0.0,0.0
2023-12-29 00:00:00+05:30,442.4279071792955,446.0504467708486,439.8063240533697,440.52130126953125,12888266,0.0,0.0
2024-01-01 00:00:00+05:30,441.85596419966225,448.0047805164635,441.0456507877,446.1934814453125,9346277,0.0,0.0
2024-01-02 00:00:00+05:30,448.0524160078856,449.33938089364216,441.9512825445759,448.3860778808594,10519771,0.0,0.0
2024-01-03 00:00:00+05:30,448.29071596444373,458.2527435117637,447.43274912081034,454.9638366699219,24036012,0.0,0.0
2024-01-04 00:00:00+05:30,457.58543048266654,458.96773144091554,452.0562848346669,454.1535339355469,11786959,0.0,0.0
2024-01-05 00:00:00+05:30,457.0134773423263,457.0134773423263,449.9590405755321,451.8179931640625,9209405,0.0,0.0
2024-01-08 00:00:00+05:30,452.81892114756056,453.29557264350535,442.85689324531484,443.7625427246094,8003177,0.0,0.0
2024-01-09 00:00:00+05:30,445.6691586016741,448.00476262065047,441.99893618292515,442.8569030761719,5696780,0.0,0.0
2024-01-10 00:00:00+05:30,442.85688139351834,444.9541595565472,438.56701804482105,441.6652526855469,5896123,0.0,0.0
2024-01-11 00:00:00+05:30,442.4279247557901,444.7634996325391,439.5680157775271,441.0456237792969,6534775,0.0,0.0
2024-01-12 00:00:00+05:30,441.61761764960903,445.8598276644624,438.85304474995695,444.9065246582031,9354326,0.0,0.0
2024-01-15 00:00:00+05:30,448.05241726822385,448.529068775956,444.33454132641293,445.7644958496094,6902156,0.0,0.0
2024-01-16 00:00:00+05:30,445.9551316185768,452.81892485335345,442.5709176066723,450.2449951171875,12066347,0.0,0.0
2024-01-17 00:00:00+05:30,449.3870305290079,454.725533173019,443.4765693562626,444.8111877441406,11108698,0.0,0.0
2024-01-18 00:00:00+05:30,443.524216976637,446.00281057404965,433.3238633264188,443.7625427246094,9143784,0.0,0.0
2024-01-19 00:00:00+05:30,446.6701053757446,450.91231532819955,444.6205097609343,449.48236083984375,12203322,0.0,0.0
2024-01-23 00:00:00+05:30,451.62729059578845,451.62729059578845,435.08747793436123,437.85205078125,8404513,0.0,0.0
2024-01-24 00:00:00+05:30,438.6147333145018,445.5738338503356,436.7081272397528,441.9512939453125,21626183,0.0,0.0
2024-01-25 00:00:00+05:30,441.9036163381457,443.23826387957166,430.9883138921996,434.3725280761719,19677700,0.0,0.0
2024-01-29 00:00:00+05:30,434.6108080971366,435.8977728952064,426.6030691538652,428.795654296875,17869152,0.0,0.0
2024-01-30 00:00:00+05:30,426.1264025511456,432.5135437118413,416.97468875839354,417.5943298339844,43514448,0.0,0.0
2024-01-31 00:00:00+05:30,419.45330025966376,421.8365576475028,418.21401805498647,420.930908203125,19882944,0.0,0.0
2024-02-01 00:00:00+05:30,421.3599286209755,426.84142090507186,418.7859988679654,422.2178955078125,19165409,0.0,0.0
2024-02-02 00:00:00+05:30,424.21982377745763,426.3171019589746,418.97665741616316,419.54864501953125,17156021,0.0,0.0
2024-02-05 00:00:00+05:30,421.35988798122224,422.93283197079774,416.16437546300733,417.5943298339844,12041897,0.0,0.0
2024-02-06 00:00:00+05:30,419.45329392127894,420.3112607494367,409.44361304361206,411.2548828125,18764371,0.0,0.0
2024-02-07 00:00:00+05:30,414.6868117554449,414.6868117554449,410.68292745322026,411.63623046875,12880824,0.0,0.0
2024-02-08 00:00:00+05:30,414.9734038065738,415.0701401076864,395.240408690356,400.995849609375,48183882,6.25,0.0
2024-02-09 00:00:00+05:30,396.6913594477838,410.33035117219214,395.24040350943767,401.914794921875,32283965,0.0,0.0
2024-02-12 00:00:00+05:30,403.89777301800166,404.33307162550864,392.7737770283046,393.5476379394531,10906914,0.0,0.0
2024-02-13 00:00:00+05:30,393.5960174399098,397.36849738270064,390.1137169081885,393.450927734375,15606705,0.0,0.0
2024-02-14 00:00:00+05:30,392.72543803904443,398.7710882551627,391.17774567976284,398.0939636230469,12150077,0.0,0.0
2024-02-15 00:00:00+05:30,399.49656437346596,400.99587381199336,389.968613774405,390.694091796875,20383983,0.0,0.0
2024-02-16 00:00:00+05:30,391.75813152774265,396.15935304934135,386.34122306439144,391.3712158203125,37518847,0.0,0.0
2024-02-19 00:00:00+05:30,391.7581290476338,399.25473522076754,391.3712133426531,395.8691711425781,16949793,0.0,0.0
2024-02-20 00:00:00+05:30,397.0299525237022,397.0299525237022,391.08100909937303,392.8221740722656,14084218,0.0,0.0
2024-02-21 00:00:00+05:30,393.692732594672,396.69138093362346,388.17908792241377,390.1620788574219,19414653,0.0,0.0
2024-02-22 00:00:00+05:30,393.5960067310359,401.57626503587414,390.258825515424,400.899169921875,18604659,0.0,0.0
2024-02-23 00:00:00+05:30,402.3017204607776,402.3017204607776,397.07828485867446,397.9488525390625,11147636,0.0,0.0
2024-02-26 00:00:00+05:30,397.65867244095426,399.5448974917922,393.98289960177095,395.82080078125,7982145,0.0,0.0
2024-02-27 00:00:00+05:30,396.5946375607967,399.25472354443616,395.19203496151306,397.70703125,7783743,0.0,0.0
2024-02-28 00:00:00+05:30,397.70704823481293,398.86782488515695,393.49926977703626,394.9502258300781,8617768,0.0,0.0
2024-02-29 00:00:00+05:30,395.62735775150264,397.6103192526153,391.2744895121829,393.015625,14895144,0.0,0.0
2024-03-01 00:00:00+05:30,395.53063459405547,399.64167695677634,394.1764147785266,396.11102294921875,12395632,0.0,0.0
2024-03-04 00:00:00+05:30,398.7710616603517,399.4481862473088,395.09531838200473,395.72406005859375,6840352,0.0,0.0
2024-03-05 00:00:00+05:30,396.2560779179112,397.94885991885906,390.74246282668935,392.8705139160156,9733507,0.0,0.0
2024-03-06 00:00:00+05:30,393.2090872718917,396.54629797546767,387.5987357189732,394.51495361328125,11106855,0.0,0.0
2024-03-07 00:00:00+05:30,394.5149492676676,401.3828136928496,390.4522605880456,400.028564453125,23020545,0.0,0.0
2024-03-11 00:00:00+05:30,403.1722954052632,404.6232514053106,394.6600320128952,396.0142517089844,17620081,0.0,0.0
2024-03-12 00:00:00+05:30,393.209096750642,393.209096750642,386.2928786896107,391.22613525390625,34882639,0.0,0.0
2024-03-13 00:00:00+05:30,420.7772576613964,423.67916978319914,407.38009079511846,408.6376037597656,101612428,0.0,0.0
2024-03-14 00:00:00+05:30,408.15392452290826,411.58784183015007,404.3330620094071,405.9291076660156,30764728,0.0,0.0
2024-03-15 00:00:00+05:30,403.55922311020487,414.53809941835743,401.6729685840798,405.3970947265625,73253754,0.0,0.0
2024-03-18 00:00:00+05:30,405.30036526056506,406.94479382490204,403.2690210104355,403.8010559082031,15933704,0.0,0.0
2024-03-19 00:00:00+05:30,404.3330626952011,405.8323720527878,395.3371475101316,396.1593322753906,20994563,0.0,0.0
2024-03-20 00:00:00+05:30,396.59466197139875,403.02722802380873,396.159363339373,402.1083068847656,19609321,0.0,0.0
2024-03-21 00:00:00+05:30,405.3004030131445,408.202315206556,402.591963440538,407.4768371582031,19227982,0.0,0.0
2024-03-22 00:00:00+05:30,407.4768267379835,415.6021747677945,407.4768267379835,414.5865173339844,38861818,0.0,0.0
2024-03-26 00:00:00+05:30,411.6362276078986,415.16691101426824,411.6362276078986,413.6675720214844,10274145,0.0,0.0
2024-03-27 00:00:00+05:30,413.03882998172367,414.87670177557925,412.50682456132074,414.0061340332031,12227545,0.0,0.0
2024-03-28 00:00:00+05:30,414.0061032305601,419.08444912299103,413.0387992510494,414.34466552734375,27933211,0.0,0.0
2024-04-01 00:00:00+05:30,415.07018108357437,417.2466152344812,411.8297065549353,412.7486572265625,9382308,0.0,0.0
2024-04-02 00:00:00+05:30,414.6832444753989,414.6832444753989,410.71729209620065,411.9264221191406,8853678,0.0,0.0
2024-04-03 00:00:00+05:30,412.07149984131144,414.7799392060673,407.23497989012236,411.29766845703125,12664520,0.0,0.0
2024-04-04 00:00:00+05:30,411.6362042773332,413.37736918448314,406.1709425960888,408.9277648925781,18358410,0.0,0.0
2024-04-05 00:00:00+05:30,408.68595769523364,417.5851666884606,406.21934419634465,413.5708312988281,16147032,0.0,0.0
2024-04-08 00:00:00+05:30,414.2962989860594,417.2949473449791,413.764293584218,415.0701599121094,8516632,0.0,0.0
2024-04-09 00:00:00+05:30,416.3760477968212,417.3917052601109,411.6362342487291,412.41009521484375,6708894,0.0,0.0
2024-04-10 00:00:00+05:30,414.2962796866015,423.4856674269654,411.8296663642031,422.6634826660156,14008124,0.0,0.0
2024-04-12 00:00:00+05:30,420.7772286364007,421.5027066168083,414.2962802035164,416.0374450683594,18088372,0.0,0.0
2024-04-15 00:00:00+05:30,414.00613690662965,415.1185306695962,409.0728803058896,411.97479248046875,8746243,0.0,0.0
2024-04-16 00:00:00+05:30,409.4114426302126,413.0388328484366,409.3630892352138,411.97479248046875,9973638,0.0,0.0
2024-04-18 00:00:00+05:30,412.07152195243714,412.94208968640953,403.9945272965972,405.1553039550781,21312388,0.0,0.0
2024-04-19 00:00:00+05:30,404.33306385419735,412.31332169342494,402.39845589317247,410.86236572265625,16582634,0.0,0.0
2024-04-22 00:00:00+05:30,413.0388072671017,413.6191955700269,409.50815357732154,411.3943786621094,7112139,0.0,0.0
2024-04-23 00:00:00+05:30,411.39439130966053,416.4243840632832,411.200948215922,415.1669006347656,12021404,0.0,0.0
2024-04-24 00:00:00+05:30,415.2152407697488,416.7145501573963,414.2962901645614,414.8766784667969,5845170,0.0,0.0
2024-04-25 00:00:00+05:30,416.9080363864676,423.96934398835106,414.97342832898977,423.2438659667969,29211997,0.0,0.0
2024-04-26 00:00:00+05:30,424.8882915150036,428.80586099482395,422.13146914931184,425.61376953125,14773975,0.0,0.0
2024-04-29 00:00:00+05:30,427.5483937600399,427.98369239417707,420.39034963271865,423.8726501464844,11627882,0.0,0.0
2024-04-30 00:00:00+05:30,425.5654001909435,426.09740557501135,420.873969957729,421.4059753417969,12064043,0.0,0.0
2024-05-02 00:00:00+05:30,421.7445721810934,428.1287849116434,420.632178410718,424.646484375,23228909,0.0,0.0
2024-05-03 00:00:00+05:30,425.6621108512844,425.6621108512844,417.2465838133825,422.1798400878906,22904276,0.0,0.0
2024-05-06 00:00:00+05:30,423.67916903460144,426.0490757377969,419.1812111577099,420.5354309082031,10355056,0.0,0.0
2024-05-07 00:00:00+05:30,422.6151208626737,431.4175933575566,420.9707217388715,425.95233154296875,25968921,0.0,0.0
2024-05-08 00:00:00+05:30,426.8228806822208,430.1600912172778,423.8726153545369,426.5810546875,10511646,0.0,0.0
2024-05-09 00:00:00+05:30,425.6621045211335,427.0647070998129,409.5081457696532,411.200927734375,23412609,0.0,0.0
2024-05-10 00:00:00+05:30,412.5551447382478,422.083094782113,412.5551447382478,419.1811828613281,13985963,0.0,0.0
2024-05-13 00:00:00+05:30,419.0844442610241,421.21252479916876,415.45705437994195,417.730224609375,7302959,0.0,0.0
2024-05-14 00:00:00+05:30,416.42437460983024,419.1328140188945,414.5381199900985,415.6505432128906,11000103,0.0,0.0
2024-05-15 00:00:00+05:30,416.6661805587756,419.0844404575497,412.79696472073704,413.8126220703125,7565080,0.0,0.0
2024-05-16 00:00:00+05:30,415.94072014550545,418.4557164503403,409.0728558391478,417.34332275390625,23025186,0.0,0.0
2024-05-17 00:00:00+05:30,418.2622492576985,423.1955056272513,414.87668521268046,422.03472900390625,11453714,0.0,0.0
2024-05-21 00:00:00+05:30,421.7445473691362,422.80858768159146,419.0361079554098,420.5837707519531,10760726,0.0,0.0
2024-05-22 00:00:00+05:30,423.05041538686777,427.50001974428443,421.16416075629445,425.51702880859375,10627595,0.0,0.0
2024-05-23 00:00:00+05:30,426.9680006112553,430.35356477709865,422.27657007748854,426.9196472167969,26234369,0.0,0.0
2024-05-24 00:00:00+05:30,426.581066215027,427.9836688302202,421.0674215784872,421.9380187988281,12761457,0.0,0.0
2024-05-27 00:00:00+05:30,424.45296976300926,424.54970606385814,416.6178312304139,417.39166259765625,11827050,0.0,0.0
2024-05-28 00:00:00+05:30,417.9720675164556,418.35898321547427,414.2479411838771,414.9734191894531,9310198,0.0,0.0
2024-05-29 00:00:00+05:30,411.5878313152336,418.2622226758502,411.5878313152336,416.8596496582031,10430363,0.0,0.0
2024-05-30 00:00:00+05:30,414.4897791495067,416.85968584403645,408.54086523603036,409.9918212890625,20524428,0.0,0.0
2024-05-31 00:00:00+05:30,412.79698481398987,415.5054242245428,410.37872479750484,412.5068054199219,28214102,0.0,0.0
2024-06-03 00:00:00+05:30,419.8099506946286,420.680518421146,414.6348682095298,416.279296875,15519148,0.0,0.0
2024-06-04 00:00:00+05:30,419.3803344203138,419.67566066664534,396.59007108196676,408.7481689453125,46019632,7.5,0.0
2024-06-05 00:00:00+05:30,415.4424817749132,429.2249337769245,411.55384937128696,423.6134948730469,27151351,0.0,0.0
2024-06-06 00:00:00+05:30,429.2249599027475,430.8985554793465,424.4011074171002,428.63427734375,31119999,0.0,0.0
2024-06-07 00:00:00+05:30,424.69641696142224,434.78714096569547,424.4010907152272,432.32598876953125,28448041,0.0,0.0
2024-06-10 00:00:00+05:30,433.16279671779216,434.1472576194235,429.0772899846946,430.1109619140625,11432393,0.0,0.0
2024-06-11 00:00:00+05:30,430.20941958526544,430.9969762994265,425.5332302419473,426.2715759277344,12670589,0.0,0.0
2024-06-12 00:00:00+05:30,423.85962143215255,427.6498018428237,423.51508415756945,425.5824279785156,10352936,0.0,0.0
2024-06-13 00:00:00+05:30,430.11094253981014,430.11094253981014,423.07205341888374,423.6134948730469,9283802,0.0,0.0
2024-06-14 00:00:00+05:30,424.30265425427365,425.18866306886986,422.38294345317945,424.4503173828125,9217804,0.0,0.0
2024-06-18 00:00:00+05:30,426.2715748422695,427.4529399538657,421.54617448261024,422.0876159667969,14098178,0.0,0.0
2024-06-19 00:00:00+05:30,423.3181968832955,424.0565425755338,416.4761814512086,417.0668640136719,10909803,0.0,0.0
2024-06-20 00:00:00+05:30,417.46063571953096,419.8725769597397,414.9502724232832,416.7222900390625,14585806,0.0,0.0
2024-06-21 00:00:00+05:30,418.3958863672613,418.69121262264605,412.04610148622487,413.0798034667969,25205627,0.0,0.0
2024-06-24 00:00:00+05:30,413.4735810623463,417.36221366349196,413.4735810623463,416.7222900390625,9362433,0.0,0.0
2024-06-25 00:00:00+05:30,416.42696378422016,417.41142469151146,413.22746583552345,416.7222900390625,10260449,0.0,0.0
2024-06-26 00:00:00+05:30,416.4269632566786,419.77412432855624,415.4917133785916,417.3622131347656,11084805,0.0,0.0
2024-06-27 00:00:00+05:30,417.36221776131833,420.61092676993167,414.5564981393179,418.986572265625,37012589,0.0,0.0
2024-06-28 00:00:00+05:30,418.8881068564861,421.34925907068407,416.91918508512776,418.29742431640625,17866326,0.0,0.0
2024-07-01 00:00:00+05:30,419.6756671117038,423.5642996605048,418.05131264521106,422.3829345703125,12894747,0.0,0.0
2024-07-02 00:00:00+05:30,423.31819671021225,423.95809030121785,415.98395081963196,418.88812255859375,10763335,0.0,0.0
2024-07-03 00:00:00+05:30,419.4787963268975,422.9736205114528,418.8881137770588,421.64459228515625,7159756,0.0,0.0
2024-07-04 00:00:00+05:30,423.3181844369949,424.79487577805423,420.41401278223344,422.3829345703125,9127340,0.0,0.0
2024-07-05 00:00:00+05:30,422.333731273456,427.2560358337527,420.9554920052455,426.9114685058594,12929586,0.0,0.0
2024-07-08 00:00:00+05:30,428.38814177180336,437.6420679454509,426.91145046611405,436.70684814453125,20521107,0.0,0.0
2024-07-09 00:00:00+05:30,440.6447120214378,447.9297167913498,437.1006467150754,445.5670166015625,26470260,0.0,0.0
2024-07-10 00:00:00+05:30,446.6499124642689,448.2742669046541,439.5617821237638,444.43487548828125,11618210,0.0,0.0
2024-07-11 00:00:00+05:30,443.00739907391306,452.3597774988068,441.72761193837766,451.5229797363281,18831345,0.0,0.0
2024-07-12 00:00:00+05:30,451.5229697095595,456.0514956970912,448.7664913049896,451.916748046875,18962800,0.0,0.0
2024-07-15 00:00:00+05:30,451.9167469539115,459.2017813717555,450.09551839281175,456.19915771484375,16251032,0.0,0.0
2024-07-16 00:00:00+05:30,456.24842150117684,459.49713049213176,454.23025860636676,458.3157653808594,12996711,0.0,0.0
2024-07-18 00:00:00+05:30,455.8053772848759,463.5826120549305,455.46080997588035,462.9427185058594,21094737,0.0,0.0
2024-07-19 00:00:00+05:30,463.6810791782459,471.9505446453639,462.1059357456134,467.1759033203125,24977373,0.0,0.0
2024-07-22 00:00:00+05:30,467.22512935123507,471.9997705225947,458.6110968412321,459.3002014160156,18066586,0.0,0.0
2024-07-23 00:00:00+05:30,459.3002201785132,489.67084490595585,459.15255705241043,484.5516662597656,54044423,0.0,0.0
2024-07-24 00:00:00+05:30,488.2926050541632,502.7149511907397,483.0257332450073,486.3728942871094,42073323,0.0,0.0
2024-07-25 00:00:00+05:30,482.3858504329142,488.29261594841927,477.11897850624956,482.3366394042969,17878994,0.0,0.0
2024-07-26 00:00:00+05:30,486.37289046738874,498.53098846206757,479.82623156051926,494.3962707519531,20736094,0.0,0.0
2024-07-29 00:00:00+05:30,497.64499510476014,498.33412976616734,486.37290555240105,488.3418273925781,12496895,0.0,0.0
2024-07-30 00:00:00+05:30,488.58792772093403,490.06461905602856,481.05680792062435,482.2873840332031,13375906,0.0,0.0
2024-07-31 00:00:00+05:30,484.7977793763697,490.212314294584,482.8780686152943,487.6527099609375,11538215,0.0,0.0
2024-08-01 00:00:00+05:30,488.2433878208188,489.0309445112929,483.3210833969507,486.0283508300781,11665529,0.0,0.0
2024-08-02 00:00:00+05:30,477.26661713306316,491.6889928943478,477.26661713306316,481.49981689453125,21320064,0.0,0.0
2024-08-05 00:00:00+05:30,472.59044366661044,484.2563113560555,472.09821321594495,478.447998046875,24094139,0.0,0.0
2024-08-06 00:00:00+05:30,478.69410562345536,484.0594294673253,476.5282796577885,478.7433166503906,13722855,0.0,0.0
2024-08-07 00:00:00+05:30,482.3858440311079,487.8988311144217,480.51537431802717,484.9946594238281,10900585,0.0,0.0
2024-08-08 00:00:00+05:30,486.32366607187976,490.26150952185446,484.8469747781392,487.06201171875,20558134,0.0,0.0
2024-08-09 00:00:00+05:30,490.26152672448166,490.26152672448166,485.43767433767226,488.19415283203125,9201793,0.0,0.0
2024-08-12 00:00:00+05:30,484.35476332433785,492.2304505328637,484.35476332433785,486.91436767578125,9076097,0.0,0.0
2024-08-13 00:00:00+05:30,488.24338802442486,490.1138576976023,480.6630271911621,482.3858337402344,7757706,0.0,0.0
2024-08-14 00:00:00+05:30,484.3055510351403,491.24598835223065,482.2873881671949,484.5516662597656,9253598,0.0,0.0
2024-08-16 00:00:00+05:30,486.8159136133657,496.36519633252993,484.9946549450679,494.8392639160156,13137392,0.0,0.0
2024-08-19 00:00:00+05:30,496.90663740724074,501.38592246805916,491.8366697999701,493.6579284667969,10198725,0.0,0.0
2024-08-20 00:00:00+05:30,493.214898207233,495.57759829775694,489.9661893381827,491.049072265625,6633171,0.0,0.0
2024-08-21 00:00:00+05:30,492.23045638634073,501.09060460129484,491.29520650186157,497.5465393066406,8474830,0.0,0.0
2024-08-22 00:00:00+05:30,499.9584556733267,500.5983492261037,493.6579121538828,496.709716796875,8364290,0.0,0.0
2024-08-23 00:00:00+05:30,497.20196194750406,499.0724616787253,492.1812354283462,497.9403076171875,7891446,0.0,0.0
2024-08-26 00:00:00+05:30,498.13721467996254,500.10613647711654,494.1993710856545,497.8418884277344,7825037,0.0,0.0
2024-08-27 00:00:00+05:30,499.6631217580969,499.7123628295066,492.2304539212314,492.8211364746094,7954114,0.0,0.0
2024-08-28 00:00:00+05:30,492.6242224574722,494.494692136421,488.78483100207995,489.5723876953125,7782216,0.0,0.0
2024-08-29 00:00:00+05:30,490.2615120175877,499.81079444973267,489.6216184623816,497.2511901855469,18670632,0.0,0.0
2024-08-30 00:00:00+05:30,494.1501627020691,501.23826318373165,492.4273561203413,494.1009216308594,14947670,0.0,0.0
2024-09-02 00:00:00+05:30,496.1682911795252,504.9300171814726,495.4791565355421,502.124267578125,15885469,0.0,0.0
2024-09-03 00:00:00+05:30,502.12426857447565,507.93261190235586,500.00768365427365,501.484375,12018677,0.0,0.0
2024-09-04 00:00:00+05:30,492.23044830372953,502.1242682972896,492.1812372762441,498.4817810058594,8414967,0.0,0.0
2024-09-05 00:00:00+05:30,500.4506892036239,503.9455132742936,499.17087204678484,503.25640869140625,10898888,0.0,0.0
2024-09-06 00:00:00+05:30,504.043988134581,504.043988134581,489.42473754817695,493.904052734375,13716752,0.0,0.0
2024-09-09 00:00:00+05:30,494.19935805446994,504.6838903825459,492.5750036233218,503.7978515625,13736044,0.0,0.0
2024-09-10 00:00:00+05:30,503.9455141342374,506.9973488446933,500.84446839754895,505.61907958984375,10911995,0.0,0.0
2024-09-11 00:00:00+05:30,505.0284237419471,511.4274193644084,503.9947518510479,506.357421875,14922832,0.0,0.0
2024-09-12 00:00:00+05:30,507.09577727525766,512.4118900831442,500.6475705028914,511.42742919921875,18377550,0.0,0.0
2024-09-13 00:00:00+05:30,511.42743191583526,511.9196623604126,504.04397524717547,505.8652038574219,8825193,0.0,0.0
2024-09-16 00:00:00+05:30,507.8833892081681,508.9662721354692,501.779719768696,503.157958984375,7531604,0.0,0.0
2024-09-17 00:00:00+05:30,503.10872478211223,505.5698770020489,498.3833245371786,499.8600158691406,10486015,0.0,0.0
2024-09-18 00:00:00+05:30,499.9584780124717,504.4377931687783,497.25121051614315,499.46624755859375,5429619,0.0,0.0
2024-09-19 00:00:00+05:30,502.07504039788796,506.80044052546475,499.6138882390748,500.35223388671875,13925311,0.0,0.0
2024-09-20 00:00:00+05:30,504.04397758405685,509.31081933076297,500.1061340091814,506.4067077636719,23808194,0.0,0.0
2024-09-23 00:00:00+05:30,507.440392362762,511.37823603602163,505.61910361184385,508.9170837402344,7804918,0.0,0.0
2024-09-24 00:00:00+05:30,508.96627578106046,509.7538324689862,506.1605863032238,507.24346923828125,6755320,0.0,0.0
2024-09-25 00:00:00+05:30,507.48958814270446,511.23052750255124,504.3393012814088,509.5077209472656,8476223,0.0,0.0
2024-09-26 00:00:00+05:30,509.6062263974957,515.6114140587638,508.96630275585846,514.626953125,15489991,0.0,0.0
2024-09-27 00:00:00+05:30,512.1657566566794,520.2875586603653,512.1657566566794,514.5776977539062,17251962,0.0,0.0
2024-09-30 00:00:00+05:30,512.5103002296557,516.2020284586056,506.06209360710113,510.0984191894531,10531347,0.0,0.0
2024-10-01 00:00:00+05:30,510.0984216431326,511.6735349937055,506.0128850154202,508.1787109375,5089315,0.0,0.0
2024-10-03 00:00:00+05:30,500.6475703863655,507.68648973948297,500.20458101471934,504.7823181152344,15870147,0.0,0.0
2024-10-04 00:00:00+05:30,502.07506566839953,509.31082934481265,493.75635893556813,495.72528076171875,18228912,0.0,0.0
2024-10-07 00:00:00+05:30,499.12168569957805,506.9481620193131,498.87557046994317,502.27197265625,16479772,0.0,0.0
2024-10-08 00:00:00+05:30,502.0750480669117,504.5854112899015,498.1372045526614,500.0569152832031,9502367,0.0,0.0
2024-10-09 00:00:00+05:30,501.87813528703543,501.87813528703543,482.9272636989434,484.0594177246094,23952459,0.0,0.0
2024-10-10 00:00:00+05:30,487.6527000928454,487.94802633779057,481.8443869431517,484.4039611816406,12799333,0.0,0.0
2024-10-11 00:00:00+05:30,485.3392309395476,486.27448082584317,479.82624380864075,480.61383056640625,14394986,0.0,0.0
2024-10-14 00:00:00+05:30,483.3702900100209,491.2459770162941,481.0568009432557,489.22784423828125,6712103,0.0,0.0
2024-10-15 00:00:00+05:30,490.2615370282201,491.63977630436585,486.8159238161744,490.802978515625,8037662,0.0,0.0
2024-10-16 00:00:00+05:30,488.29261134305926,491.0983309451345,484.6993350303565,485.5361328125,6682083,0.0,0.0
2024-10-17 00:00:00+05:30,487.30813484787245,487.30813484787245,480.4169086985086,481.30291748046875,7385299,0.0,0.0
2024-10-18 00:00:00+05:30,481.1552482363825,483.911726643717,470.9660722650574,479.1371154785156,21778099,0.0,0.0
2024-10-21 00:00:00+05:30,479.1371146286561,480.02312339777336,469.93239953961444,476.1344909667969,7395274,0.0,0.0
2024-10-22 00:00:00+05:30,476.1344910295771,480.8106801351941,473.3287715575346,474.313232421875,12299288,0.0,0.0
2024-10-23 00:00:00+05:30,473.5256968042597,475.78994487558367,472.04900544208425,472.88580322265625,10162570,0.0,0.0
2024-10-24 00:00:00+05:30,474.5101437787425,474.90392212175374,462.69661322823436,464.3702087402344,13092399,0.0,0.0
2024-10-25 00:00:00+05:30,468.4064850948429,485.83145507537773,466.83137168653263,474.80548095703125,30961625,0.0,0.0
2024-10-28 00:00:00+05:30,474.46094354444614,478.3495460797567,468.60338916256904,476.6267395019531,8614446,0.0,0.0
2024-10-29 00:00:00+05:30,477.4635346378099,481.5982824190287,473.8210173046714,480.3677062988281,6866704,0.0,0.0
2024-10-30 00:00:00+05:30,480.36770796031675,485.5853387106688,478.94022763860187,483.9117431640625,6393835,0.0,0.0
2024-10-31 00:00:00+05:30,484.3547546175632,485.3392155009322,477.168202186314,481.2044677734375,7810874,0.0,0.0
2024-11-01 00:00:00+05:30,483.3702869698092,484.453199935033,481.6966914741577,482.68115234375,1461602,0.0,0.0
2024-11-04 00:00:00+05:30,485.7822482492164,485.7822482492164,472.09821756010734,477.06976318359375,8429731,0.0,0.0
2024-11-05 00:00:00+05:30,475.44539609395673,477.5127399163142,469.5386307881079,472.7381286621094,7327830,0.0,0.0
2024-11-06 00:00:00+05:30,472.73813670553255,476.87285446395987,470.5723107058593,473.6241455078125,11313985,0.0,0.0
2024-11-07 00:00:00+05:30,474.26402681523876,475.19927666439344,468.70182887683046,470.4738464355469,8924280,0.0,0.0
2024-11-08 00:00:00+05:30,470.4738578698389,473.23036641450005,467.22514891878234,470.62152099609375,6090462,0.0,0.0
2024-11-11 00:00:00+05:30,470.621518202255,474.01792030276613,466.7329156982704,469.53863525390625,5488948,0.0,0.0
2024-11-12 00:00:00+05:30,470.1785392016451,470.5231065307061,463.82875427999784,465.5023498535156,5041916,0.0,0.0
2024-11-13 00:00:00+05:30,462.745842268009,467.32360956921764,460.97382463379876,464.8624572753906,11120381,0.0,0.0
2024-11-14 00:00:00+05:30,463.8779838870745,465.6007904464379,455.0670468946998,458.7095642089844,11639562,0.0,0.0
2024-11-18 00:00:00+05:30,458.75875996130276,460.53077748887324,454.82091652815853,459.3002014160156,8135260,0.0,0.0
2024-11-19 00:00:00+05:30,460.72769263669977,466.3883427064883,459.00488609372064,460.0877990722656,6857374,0.0,0.0
2024-11-21 00:00:00+05:30,453.8364756459176,456.8390693785076,448.32348858818403,450.0462951660156,19559847,0.0,0.0
2024-11-22 00:00:00+05:30,449.11106772624726,469.0956116731522,448.4219330894456,467.27435302734375,19464568,0.0,0.0
2024-11-25 00:00:00+05:30,471.5567561042518,474.70704290141606,465.05930836220153,469.39093017578125,13891991,0.0,0.0
2024-11-26 00:00:00+05:30,472.5412121658805,475.1500274327074,466.7328991083471,469.58782958984375,6539846,0.0,0.0
2024-11-27 00:00:00+05:30,470.0800767280806,472.63968106029864,465.65000270655946,469.53863525390625,7067013,0.0,0.0
2024-11-28 00:00:00+05:30,469.58785120196785,476.28217333173683,463.2380663539044,467.5204772949219,14412539,0.0,0.0
2024-11-29 00:00:00+05:30,465.8469116490473,471.4583207741302,465.2562290981537,469.34173583984375,8346687,0.0,0.0
2024-12-02 00:00:00+05:30,468.60339440899054,471.85210340330434,466.04379002749573,469.7847595214844,5478598,0.0,0.0
2024-12-03 00:00:00+05:30,458.7587635598344,466.04376795962304,455.5592657453077,465.20697021484375,22218251,0.0,0.0
2024-12-04 00:00:00+05:30,467.0282270823781,470.7691963852625,459.1525401837095,459.8416748046875,13439484,0.0,0.0
2024-12-05 00:00:00+05:30,460.2846846607758,465.40389339018634,455.3131691019803,460.2354736328125,26415053,0.0,0.0
2024-12-06 00:00:00+05:30,462.69661135373104,467.5697047034182,460.4323633580681,463.8287353515625,7551407,0.0,0.0
2024-12-09 00:00:00+05:30,464.1733043956207,464.6655348350646,455.7561758984743,457.72509765625,11703384,0.0,0.0
2024-12-10 00:00:00+05:30,458.1188940909571,459.201807109172,455.41162656710134,458.21734619140625,8823805,0.0,0.0
2024-12-11 00:00:00+05:30,459.9401269589082,460.92458782136873,457.47897480275685,458.0204162597656,6745816,0.0,0.0
2024-12-12 00:00:00+05:30,458.2665402985409,460.6292404052638,452.0152076928852,453.44268798828125,12884401,0.0,0.0
2024-12-13 00:00:00+05:30,452.8520157185007,467.0282467236247,444.63176116363366,462.6966247558594,31753858,0.0,0.0
2024-12-16 00:00:00+05:30,462.9427375890153,467.02824430973016,460.72770056705826,462.7950744628906,9007264,0.0,0.0
2024-12-17 00:00:00+05:30,462.69662049416445,468.4064816658965,455.8546052588739,462.25360107421875,19844152,0.0,0.0
2024-12-18 00:00:00+05:30,465.35466872085993,466.4375516512094,459.6447776064562,463.1888427734375,12365167,0.0,0.0
2024-12-19 00:00:00+05:30,461.71214253616097,466.9790141366636,458.06962534315807,459.3002014160156,14599270,0.0,0.0
2024-12-20 00:00:00+05:30,459.2510071983129,460.1862570652578,452.16287674189437,457.42974853515625,19481288,0.0,0.0
2024-12-23 00:00:00+05:30,463.8779909705442,470.27698686017874,460.3339256999202,466.8805847167969,18837469,0.0,0.0
2024-12-24 00:00:00+05:30,467.52046567590173,472.78733739001206,465.3054286969793,471.01531982421875,11564497,0.0,0.0
2024-12-26 00:00:00+05:30,473.08267043643343,474.36248762422355,468.60338538757355,469.53863525390625,8848065,0.0,0.0
2024-12-27 00:00:00+05:30,472.2951184150244,474.4117033487016,468.603390027205,471.1629943847656,16279450,0.0,0.0
2024-12-30 00:00:00+05:30,473.2795578098897,473.9686924283094,468.60336873116484,469.58782958984375,13074810,0.0,0.0
2024-12-31 00:00:00+05:30,471.01531249891843,477.1189518310075,467.17589109380793,476.1344909667969,13276195,0.0,0.0
2025-01-01 00:00:00+05:30,478.4480034586798,479.2848012429488,474.65782293701153,476.42987060546875,18229128,0.0,0.0
2025-01-02 00:00:00+05:30,477.8081047301229,482.38584191513485,474.8054809534092,481.4505920410156,26124980,0.0,0.0
2025-01-03 00:00:00+05:30,482.63194408756465,483.3702897439964,472.3935569937165,474.1163635253906,37072992,0.0,0.0
2025-01-06 00:00:00+05:30,448.5203869733974,454.5748154312155,434.3933672095806,435.7716064453125,22009958,0.0,0.0
2025-01-07 00:00:00+05:30,438.57731885333885,440.6446926949899,433.31044717493506,434.2456970214844,14294780,0.0,0.0
2025-01-08 00:00:00+05:30,436.1161851173055,445.0255443760588,430.30787173051056,442.56439208984375,13482926,0.0,0.0
2025-01-09 00:00:00+05:30,442.416730818138,453.4919161525875,439.118780732096,443.1058654785156,19732649,0.0,0.0
2025-01-10 00:00:00+05:30,442.95817870039383,444.9763114584693,435.623933230913,437.98663330078125,9145729,0.0,0.0
2025-01-13 00:00:00+05:30,428.24048450001703,437.10063245518984,428.24048450001703,432.2275390625,17799607,0.0,0.0
2025-01-14 00:00:00+05:30,434.1472653461442,434.63949580572034,429.0772976211827,429.8156433105469,18048459,0.0,0.0
2025-01-15 00:00:00+05:30,429.8156399121767,434.93481862527545,428.58506377296607,430.5539855957031,9786805,0.0,0.0
2025-01-16 00:00:00+05:30,431.2430799586227,432.6213492364726,424.4010948132372,426.1239013671875,15774070,0.0,0.0
2025-01-17 00:00:00+05:30,426.2715800243392,434.93482413681886,425.77934956241734,433.3597106933594,11270061,0.0,0.0
2025-01-20 00:00:00+05:30,432.1783161492716,434.34414205164654,429.22493357877545,430.8985290527344,8742771,0.0,0.0
2025-01-21 00:00:00+05:30,431.19387391423885,440.05402200836704,428.486606441033,430.7508544921875,15686500,0.0,0.0
2025-01-22 00:00:00+05:30,433.06434221127984,435.0825050744213,429.7663922004777,430.20941162109375,9619648,0.0,0.0
2025-01-23 00:00:00+05:30,428.2405018720267,434.9840652090289,427.35449304924,433.3597106933594,8888248,0.0,0.0
2025-01-24 00:00:00+05:30,432.5721195288663,438.085106654995,432.2275522003527,434.7379455566406,9665384,0.0,0.0
2025-01-27 00:00:00+05:30,433.95033504469205,438.08508267378915,429.76637638994237,433.26123046875,10480203,0.0,0.0
2025-01-28 00:00:00+05:30,433.16278718375287,434.9348047503417,427.748252343956,428.6835021972656,20813072,0.0,0.0
2025-01-29 00:00:00+05:30,429.1757236276085,430.7016259421734,423.4166215920523,426.6161193847656,15158510,0.0,0.0
2025-01-30 00:00:00+05:30,426.27155767395334,431.1938620350844,424.7456553393473,429.4218444824219,22496695,0.0,0.0
2025-01-31 00:00:00+05:30,429.71716468853657,441.23536874907893,428.3389254954586,440.5462341308594,13546181,0.0,0.0
2025-02-01 00:00:00+05:30,441.03847200847565,464.17330257142027,432.7197655972211,455.36236572265625,30393007,0.0,0.0
2025-02-03 00:00:00+05:30,454.820945476,457.97123244036516,445.2716625255007,447.2898254394531,16991730,0.0,0.0
2025-02-04 00:00:00+05:30,450.88308156805977,453.19657063717955,441.7768184577878,448.0773620605469,18923681,0.0,0.0
2025-02-05 00:00:00+05:30,448.0773836968217,448.7665183611929,439.5618027101026,441.1861572265625,12836283,0.0,0.0
2025-02-06 00:00:00+05:30,443.0073927811504,443.0073927811504,431.3907664989004,434.2456970214844,17469129,0.0,0.0
2025-02-07 00:00:00+05:30,433.16277913738065,438.5773138765979,421.74302713326836,424.15496826171875,18875982,0.0,0.0
2025-02-10 00:00:00+05:30,420.36480234653885,426.56689397037235,419.87257189882627,420.56170654296875,12227140,0.0,0.0
2025-02-11 00:00:00+05:30,422.1368273770192,423.8596339743609,411.0124310801005,411.79998779296875,14288751,0.0,0.0
2025-02-12 00:00:00+05:30,413.1499938964844,413.79998779296875,407.6000061035156,409.8999938964844,13884574,6.5,0.0
2025-02-13 00:00:00+05:30,409.95001220703125,413.95001220703125,409.0,409.70001220703125,12989029,0.0,0.0
2025-02-14 00:00:00+05:30,411.75,416.20001220703125,408.3999938964844,410.25,14124236,0.0,0.0
2025-02-17 00:00:00+05:30,409.79998779296875,411.3999938964844,406.75,408.6000061035156,11975265,0.0,0.0
2025-02-18 00:00:00+05:30,408.0,410.8500061035156,404.0,405.25,12998403,0.0,0.0
2025-02-19 00:00:00+05:30,404.79998779296875,408.79998779296875,404.5,406.3999938964844,7079032,0.0,0.0
2025-02-20 00:00:00+05:30,399.95001220703125,403.8999938964844,396.20001220703125,402.04998779296875,15355585,0.0,0.0
2025-02-21 00:00:00+05:30,402.04998779296875,403.25,399.20001220703125,400.8999938964844,8240986,0.0,0.0
2025-02-24 00:00:00+05:30,400.0,403.3999938964844,398.75,401.8999938964844,7037625,0.0,0.0
2025-02-25 00:00:00+05:30,402.0,407.0,400.5,404.8500061035156,15760891,0.0,0.0
2025-02-27 00:00:00+05:30,404.8500061035156,406.5,399.5,401.6000061035156,19051003,0.0,0.0
2025-02-28 00:00:00+05:30,399.0,402.5,392.20001220703125,395.0,31954776,0.0,0.0
2025-03-03 00:00:00+05:30,395.95001220703125,399.0,391.20001220703125,397.45001220703125,10702826,0.0,0.0
2025-03-04 00:00:00+05:30,395.3999938964844,397.20001220703125,392.8500061035156,394.8500061035156,13404774,0.0,0.0
2025-03-05 00:00:00+05:30,394.5,412.75,394.5,405.04998779296875,15665018,0.0,0.0
2025-03-06 00:00:00+05:30,409.1499938964844,409.70001220703125,400.54998779296875,405.70001220703125,17869996,0.0,0.0
2025-03-07 00:00:00+05:30,403.54998779296875,405.8500061035156,401.70001220703125,403.8999938964844,11180761,0.0,0.0
2025-03-10 00:00:00+05:30,401.04998779296875,406.8500061035156,400.3999938964844,405.0,9785018,0.0,0.0
2025-03-11 00:00:00+05:30,401.5,408.3999938964844,401.20001220703125,406.20001220703125,11099475,0.0,0.0
2025-03-12 00:00:00+05:30,406.3999938964844,413.29998779296875,404.0,412.3999938964844,13844306,0.0,0.0
2025-03-13 00:00:00+05:30,413.0,414.3999938964844,408.20001220703125,412.04998779296875,8196569,0.0,0.0
2025-03-17 00:00:00+05:30,413.0,416.25,407.0,407.95001220703125,5257805,0.0,0.0
2025-03-18 00:00:00+05:30,407.95001220703125,407.95001220703125,407.95001220703125,407.95001220703125,0,0.0,0.0
2025-03-19 00:00:00+05:30,410.0,410.75,402.6000061035156,403.04998779296875,12830387,0.0,0.0
2025-03-20 00:00:00+05:30,405.0,406.6499938964844,401.8999938964844,403.95001220703125,16994037,0.0,0.0
2025-03-21 00:00:00+05:30,405.95001220703125,407.5,401.70001220703125,405.54998779296875,25302035,0.0,0.0
2025-03-24 00:00:00+05:30,407.0,412.8500061035156,405.6000061035156,410.8999938964844,14362572,0.0,0.0
2025-03-25 00:00:00+05:30,412.0,415.25,408.70001220703125,409.79998779296875,20338110,0.0,0.0
2025-03-26 00:00:00+05:30,410.29998779296875,411.20001220703125,406.25,407.3500061035156,13891436,0.0,0.0
2025-03-27 00:00:00+05:30,408.0,410.70001220703125,405.6499938964844,409.45001220703125,18642328,0.0,0.0
2025-03-28 00:00:00+05:30,410.8999938964844,415.6000061035156,408.1499938964844,409.75,12981873,0.0,0.0
