Date,Open,High,Low,Close,Volume,Dividends,Stock Splits
2020-03-30 00:00:00+05:30,124.52846125397856,131.59078564009258,124.52846125397856,127.04216766357422,28120340,0.0,0.0
2020-03-31 00:00:00+05:30,130.87261594746994,138.7329578125043,128.91750918112987,137.01724243164062,42630666,0.0,0.0
2020-04-01 00:00:00+05:30,137.01723333957847,137.85513966285777,131.31151173501445,132.78781127929688,18141970,0.0,0.0
2020-04-03 00:00:00+05:30,133.98482169122767,145.8351819784346,133.26662320327537,141.96485900878906,62867436,0.0,0.0
2020-04-07 00:00:00+05:30,148.18928932407425,148.18928932407425,138.57334200076536,144.87757873535156,36118591,0.0,0.0
2020-04-08 00:00:00+05:30,144.31895690652496,146.83266339289543,140.9673320226061,142.56333923339844,37561082,0.0,0.0
2020-04-09 00:00:00+05:30,146.83266515899123,148.6281732927289,143.64065069901315,147.83016967773438,42626960,0.0,0.0
2020-04-13 00:00:00+05:30,147.2316708843997,148.94737383166614,144.4785607747207,144.91746520996094,17744169,0.0,0.0
2020-04-15 00:00:00+05:30,146.87256814077747,154.61320079018526,145.79525838722478,151.10198974609375,49092699,0.0,0.0
2020-04-16 00:00:00+05:30,151.34139499036843,152.57830314561147,147.98978192651984,148.70799255371094,27080032,0.0,0.0
2020-04-17 00:00:00+05:30,151.97980891787353,152.7379100309213,149.18679584496118,150.10450744628906,26667421,0.0,0.0
2020-04-20 00:00:00+05:30,151.58079866801384,151.58079866801384,143.2416625324946,144.1992645263672,35764287,0.0,0.0
2020-04-21 00:00:00+05:30,142.04466135259815,147.07208719533565,140.48855654275735,143.32147216796875,23333661,0.0,0.0
2020-04-22 00:00:00+05:30,142.84263051978846,146.47354898228093,140.4486199524177,145.43614196777344,25163402,0.0,0.0
2020-04-23 00:00:00+05:30,145.99476318740827,146.83266944291265,143.36134874578133,144.07955932617188,32968029,0.0,0.0
2020-04-24 00:00:00+05:30,144.43867360997348,145.8750827441713,143.08206971856407,143.68057250976562,18049697,0.0,0.0
2020-04-27 00:00:00+05:30,143.84014688227782,145.4760566746438,143.08204590822584,143.5209503173828,13085703,0.0,0.0
2020-04-28 00:00:00+05:30,143.64067145475485,144.27907687431232,142.0845666159758,143.20176696777344,17802635,0.0,0.0
2020-04-29 00:00:00+05:30,144.03965266421062,145.95485647166677,143.3613447200951,145.35635375976562,21461067,0.0,0.0
2020-04-30 00:00:00+05:30,147.55088412459585,147.55088412459585,143.9997699778183,145.27658081054688,30164713,0.0,0.0
2020-05-04 00:00:00+05:30,145.0371577807856,145.0371577807856,136.17931273757637,138.8925323486328,30294317,0.0,0.0
2020-05-05 00:00:00+05:30,139.65065137219426,141.60575805609088,137.2566402058138,138.77284240722656,17707577,0.0,0.0
2020-05-06 00:00:00+05:30,136.77782862329965,136.77782862329965,128.0795932075577,130.7928009033203,65586734,0.0,0.0
2020-05-07 00:00:00+05:30,130.87258740537655,132.34889890222306,128.0795748692862,128.47857666015625,24249585,0.0,0.0
2020-05-08 00:00:00+05:30,130.83268317086092,130.99228144991895,125.3663660095722,126.28406524658203,25307015,0.0,0.0
2020-05-11 00:00:00+05:30,127.68057253250353,130.47358505665204,126.08456537584723,126.44366455078125,18095473,0.0,0.0
2020-05-12 00:00:00+05:30,126.44368107789988,132.38880607820246,125.68558001471241,131.71051025390625,21387527,0.0,0.0
2020-05-13 00:00:00+05:30,138.37383672985106,138.5334472111308,131.27160866942802,131.98980712890625,20015124,0.0,0.0
2020-05-14 00:00:00+05:30,131.27159754394984,134.2641111657724,129.23668584579667,130.71299743652344,14949993,0.0,0.0
2020-05-15 00:00:00+05:30,129.4361898752941,132.069604361317,128.5982836056637,131.39129638671875,14950243,0.0,0.0
2020-05-18 00:00:00+05:30,132.46861977931763,133.5060270683252,130.1943042678999,131.4711151123047,20801299,0.0,0.0
2020-05-19 00:00:00+05:30,132.86760920556713,136.97732317823466,131.7504089537457,136.25912475585938,20142171,0.0,0.0
2020-05-20 00:00:00+05:30,137.21669925783482,141.2466193642759,136.4585983688767,140.24911499023438,25320734,0.0,0.0
2020-05-21 00:00:00+05:30,140.12944944019878,151.97979664369961,137.77532887046792,150.7827911376953,58382197,0.0,0.0
2020-05-22 00:00:00+05:30,150.02469377203968,153.13690329349123,147.31148609572654,148.70799255371094,39013770,0.0,0.0
2020-05-26 00:00:00+05:30,151.62069117300928,155.57080674457123,149.86508560526724,152.977294921875,53233404,0.0,0.0
2020-05-27 00:00:00+05:30,153.61570140958975,154.7329016401227,149.14687613431943,153.33639526367188,24546119,0.0,0.0
2020-05-28 00:00:00+05:30,153.45610234953168,153.93489722740986,150.8226879032094,152.13938903808594,24578072,0.0,0.0
2020-05-29 00:00:00+05:30,151.97977581161513,158.0047051346384,150.82267308306396,157.4860076904297,35834621,0.0,0.0
2020-06-01 00:00:00+05:30,160.39872626584986,163.79024162221734,158.802719039324,160.0396270751953,28508405,0.0,0.0
2020-06-02 00:00:00+05:30,161.1169315729767,161.1169315729767,156.96731504094663,157.40621948242188,22631373,0.0,0.0
2020-06-03 00:00:00+05:30,159.60073015672802,160.31892857180554,156.08951896390775,156.96731567382812,18979188,0.0,0.0
2020-06-04 00:00:00+05:30,157.805239619792,161.5957573856277,155.61072933430816,159.72044372558594,21996048,0.0,0.0
2020-06-05 00:00:00+05:30,161.03714760743316,161.19674591064452,158.52342866971622,159.60073852539062,14629659,0.0,0.0
2020-06-08 00:00:00+05:30,161.914937294198,162.5134400375377,157.20672058388706,157.7254180908203,19551313,0.0,0.0
2020-06-09 00:00:00+05:30,158.20423137751274,164.5483582710826,157.72542429338407,158.4037322998047,39914264,0.0,0.0
2020-06-10 00:00:00+05:30,159.1618327121198,162.1144439145371,158.24413334399347,158.84263610839844,27199665,0.0,0.0
2020-06-11 00:00:00+05:30,159.60074367056788,160.59824831850895,154.49352474373788,155.01222229003906,19847133,0.0,0.0
2020-06-12 00:00:00+05:30,150.78279433791238,155.7703173854523,149.90499758748732,154.73291015625,22562768,0.0,0.0
2020-06-15 00:00:00+05:30,154.73291390509206,154.77281652575314,148.66809303828808,149.38629150390625,24462536,0.0,0.0
2020-06-16 00:00:00+05:30,152.2590999068088,152.37879558450769,145.15686006681943,147.63067626953125,27636105,0.0,0.0
2020-06-17 00:00:00+05:30,146.83264838604197,147.63065190987916,144.1992343220658,144.59823608398438,24027295,0.0,0.0
2020-06-18 00:00:00+05:30,144.59824412871956,149.62566904390852,144.19924234460248,148.907470703125,28887489,0.0,0.0
2020-06-19 00:00:00+05:30,149.30648741429974,149.9847832091712,146.51347464624604,146.87257385253906,30531449,0.0,0.0
2020-06-22 00:00:00+05:30,148.82768175279773,149.6256854083087,146.15436463620816,147.63067626953125,31395991,0.0,0.0
2020-06-23 00:00:00+05:30,147.94987907719212,149.6256916948019,147.4311815499448,148.30899047851562,26546793,0.0,0.0
2020-06-24 00:00:00+05:30,149.54587425431566,155.37130314433642,148.5483697244001,153.0970001220703,54652978,0.0,0.0
2020-06-25 00:00:00+05:30,153.4161945766596,162.39373522158766,152.93738753830257,161.2765350341797,75574255,0.0,0.0
2020-06-26 00:00:00+05:30,164.38878347660727,167.1019915371459,154.25413761020843,155.7703399658203,71956002,0.0,0.0
2020-06-29 00:00:00+05:30,161.59573863214413,161.9947404559272,156.56831321716356,157.40621948242188,91503336,0.0,0.0
2020-06-30 00:00:00+05:30,159.12192297807027,159.12192297807027,154.81270813765005,155.33140563964844,41210494,0.0,0.0
2020-07-01 00:00:00+05:30,155.33143155602014,162.67307610398245,155.33143155602014,161.9149627685547,44297953,0.0,0.0
2020-07-02 00:00:00+05:30,163.15184579796522,164.98725665067477,161.63564371509227,164.26905822753906,39320871,0.0,0.0
2020-07-03 00:00:00+05:30,165.98477061860842,166.383772471057,164.3887632088141,165.62567138671875,37893277,0.0,0.0
2020-07-06 00:00:00+05:30,168.10083077963043,169.4432804030129,166.92617295616643,167.6393585205078,34710176,10.15,0.0
2020-07-07 00:00:00+05:30,167.80713644727317,168.22665428839136,162.77292235385497,162.98268127441406,31263172,0.0,0.0
2020-07-08 00:00:00+05:30,162.98270234005147,166.08713220504222,162.98270234005147,164.70272827148438,21274354,0.0,0.0
2020-07-09 00:00:00+05:30,165.2061317305596,165.29004042544736,162.89878345050894,163.98953247070312,18769502,0.0,0.0
2020-07-10 00:00:00+05:30,163.73782297821705,164.87052637207012,162.7729369780234,163.0666046142578,16191544,0.0,0.0
2020-07-13 00:00:00+05:30,164.36707885603047,166.75833558166494,163.6958605775846,165.75149536132812,20297515,0.0,0.0
2020-07-14 00:00:00+05:30,165.62568030547095,167.38766080341773,161.72416852059533,164.36712646484375,18474376,0.0,0.0
2020-07-15 00:00:00+05:30,164.7446889035862,167.80716453528692,163.19246751056653,166.71641540527344,23776757,0.0,0.0
2020-07-16 00:00:00+05:30,166.71641066934333,166.8422737207718,161.09487337763693,162.6470947265625,22144320,0.0,0.0
2020-07-17 00:00:00+05:30,162.18563399485018,163.94760161594826,161.93392067678724,162.81491088867188,14882294,0.0,0.0
2020-07-20 00:00:00+05:30,163.61197476843975,163.90564240832282,161.38853510419298,161.68218994140625,18914963,0.0,0.0
2020-07-21 00:00:00+05:30,161.17880671442776,162.94077447970653,160.67538003710683,161.30465698242188,28010715,0.0,0.0
2020-07-22 00:00:00+05:30,161.9338961785953,166.04516614185462,161.51437831284764,164.9124755859375,32572133,0.0,0.0
2020-07-23 00:00:00+05:30,165.83543870480474,169.06573200563366,165.12226587918795,168.39450073242188,31488108,0.0,0.0
2020-07-24 00:00:00+05:30,168.6461719322993,169.23349434864426,165.54174247218867,167.47152709960938,60183102,0.0,0.0
2020-07-27 00:00:00+05:30,168.22667289241855,168.22667289241855,163.73782637496933,164.78662109375,22645697,0.0,0.0
2020-07-28 00:00:00+05:30,165.29003304301028,166.67443682814056,163.65391598712844,163.94757080078125,19287132,0.0,0.0
2020-07-29 00:00:00+05:30,162.31146388048575,166.29688370780465,162.26950953229584,165.038330078125,14831635,0.0,0.0
2020-07-30 00:00:00+05:30,166.46470559013562,166.46470559013562,161.51439925356232,162.2275848388672,16315231,0.0,0.0
2020-07-31 00:00:00+05:30,162.35340511893682,165.24807567292677,162.35340511893682,162.89877319335938,16652851,0.0,0.0
2020-08-03 00:00:00+05:30,162.77294209567023,162.77294209567023,161.01096182820578,161.59829711914062,13265411,0.0,0.0
2020-08-04 00:00:00+05:30,161.5983012110831,164.28321322733018,161.5983012110831,162.47927856445312,17187619,0.0,0.0
2020-08-05 00:00:00+05:30,163.1924716554939,163.27638036096099,160.8431687317958,161.76611328125,48768332,0.0,0.0
2020-08-06 00:00:00+05:30,162.94072568087122,164.11538330859977,162.01779411908635,163.90562438964844,17886089,0.0,0.0
2020-08-07 00:00:00+05:30,164.0314630310407,165.29001645583128,162.89875982766213,164.49293518066406,20911818,0.0,0.0
2020-08-10 00:00:00+05:30,164.78665213684275,167.5135189193693,164.78665213684275,166.84230041503906,16474505,0.0,0.0
2020-08-11 00:00:00+05:30,167.80716437897556,174.267737647032,167.80716437897556,170.36622619628906,55142972,0.0,0.0
2020-08-12 00:00:00+05:30,169.90474222547124,171.91842293818672,168.14276199984292,171.3311004638672,21287010,0.0,0.0
2020-08-13 00:00:00+05:30,170.7437684566399,171.33109089816827,165.373944987425,169.02374267578125,22698888,0.0,0.0
2020-08-14 00:00:00+05:30,169.1496173660135,170.61792997230643,164.0314940172959,164.78662109375,28751298,0.0,0.0
2020-08-17 00:00:00+05:30,166.17105453408107,167.3876539698187,165.1642140632179,166.7583770751953,11740766,0.0,0.0
2020-08-18 00:00:00+05:30,167.72323620073155,167.72323620073155,165.49979665195045,166.59054565429688,12488159,0.0,0.0
2020-08-19 00:00:00+05:30,166.63248534365405,169.23348817912284,166.21296751832026,166.50662231445312,15474353,0.0,0.0
2020-08-20 00:00:00+05:30,165.29007417345565,165.45787879482324,163.23443875569072,164.28323364257812,16910449,0.0,0.0
2020-08-21 00:00:00+05:30,166.1290784986375,167.13591883809536,164.70272028418313,165.1222381591797,17233813,0.0,0.0
2020-08-24 00:00:00+05:30,165.49980230287477,166.96811487083437,164.74467524613482,165.038330078125,14737317,0.0,0.0
2020-08-25 00:00:00+05:30,165.49979196819174,166.38078201448775,163.6958703326985,163.94757080078125,15199264,0.0,0.0
2020-08-26 00:00:00+05:30,164.8705459813186,164.9125003347234,162.47928866662795,163.57003784179688,22631175,0.0,0.0
2020-08-27 00:00:00+05:30,166.54858292391862,166.88419207574577,162.68901366456393,162.98268127441406,47212216,0.0,0.0
2020-08-28 00:00:00+05:30,163.2763743486442,164.70273267036538,162.81490209090987,164.07345581054688,34645487,0.0,0.0
2020-08-31 00:00:00+05:30,166.96811424209494,166.96811424209494,159.41679249245246,160.33973693847656,96994911,0.0,0.0
2020-09-01 00:00:00+05:30,160.33973457198317,161.3885292439541,157.9484775988217,159.5845947265625,39779151,0.0,0.0
2020-09-02 00:00:00+05:30,160.50754516273673,161.93390340943617,159.1231284623495,160.54949951171875,20585374,0.0,0.0
2020-09-03 00:00:00+05:30,160.59144468524252,162.1436660139473,159.4167997032341,160.75926208496094,15691462,0.0,0.0
2020-09-04 00:00:00+05:30,159.41680040923305,159.41680040923305,155.8089439447006,156.64797973632812,41389019,0.0,0.0
2020-09-07 00:00:00+05:30,157.10946070712663,159.83632718134913,151.69768211112694,158.66168212890625,32660563,0.0,0.0
2020-09-08 00:00:00+05:30,159.08115962792877,159.8782409111796,154.8859815027478,157.8645477294922,25589032,0.0,0.0
2020-09-09 00:00:00+05:30,155.6411256154468,156.27040240364943,152.95621387964945,154.2147674560547,27829564,0.0,0.0
2020-09-10 00:00:00+05:30,154.4665377678646,155.80898773012166,153.71139766158834,155.13775634765625,17784303,0.0,0.0
2020-09-11 00:00:00+05:30,155.13771867900155,156.48018111797197,153.33379677913877,154.34063720703125,19255948,0.0,0.0
2020-09-14 00:00:00+05:30,155.89283892756563,155.93479327398938,153.54353635719497,153.8372039794922,30992032,0.0,0.0
2020-09-15 00:00:00+05:30,154.38257342242966,154.55037800692023,151.6976616625734,152.5366973876953,30771790,0.0,0.0
2020-09-16 00:00:00+05:30,152.5786610349829,153.9630649447533,151.06839407717067,151.57180786132812,50641398,0.0,0.0
2020-09-17 00:00:00+05:30,151.6976520407011,152.28497445049993,149.18054502499035,149.85177612304688,33933262,0.0,0.0
2020-09-18 00:00:00+05:30,150.64889537397718,150.90060869944622,148.50935131149757,150.27133178710938,29782789,0.0,0.0
2020-09-21 00:00:00+05:30,151.02644289540362,151.52986949278971,146.87321827631408,147.46054077148438,23891325,0.0,0.0
2020-09-22 00:00:00+05:30,147.4605422336047,148.2995780357874,145.78247062923936,146.1600341796875,18529108,0.0,0.0
2020-09-23 00:00:00+05:30,146.78930821102114,148.9708063758505,144.06244190631946,144.73367309570312,61785000,0.0,0.0
2020-09-24 00:00:00+05:30,144.06242264231292,144.1043769865399,139.4057720918212,139.74139404296875,31486355,0.0,0.0
2020-09-25 00:00:00+05:30,141.71312912625,143.64291385829853,140.11896636650118,143.26535034179688,26625318,0.0,0.0
2020-09-28 00:00:00+05:30,143.47513737532455,146.6634763219772,143.05561942978267,145.40492248535156,23194638,0.0,0.0
2020-09-29 00:00:00+05:30,146.62150657938471,146.62150657938471,141.79705071196577,142.13265991210938,25615786,0.0,0.0
2020-09-30 00:00:00+05:30,142.63609582590797,144.3980762483553,141.54534665023445,144.0624542236328,18481590,0.0,0.0
2020-10-01 00:00:00+05:30,146.4117492760895,146.49565797840472,142.7199968222878,143.34927368164062,19756417,0.0,0.0
2020-10-05 00:00:00+05:30,143.55902673021797,144.9853849922179,141.58728753094132,142.00680541992188,24298942,0.0,0.0
2020-10-06 00:00:00+05:30,142.21654539566248,143.9785254154371,141.04190058425823,142.55215454101562,21885190,0.0,0.0
2020-10-07 00:00:00+05:30,142.6360858928489,143.39121299121354,141.7970500934792,142.21656799316406,16286540,0.0,0.0
2020-10-08 00:00:00+05:30,142.71999309478662,142.97169358981756,140.0350683228686,140.2448272705078,25502126,0.0,0.0
2020-10-09 00:00:00+05:30,140.538485691829,141.71313060042434,139.5735997171021,140.8321533203125,22373277,0.0,0.0
2020-10-12 00:00:00+05:30,143.05559068483697,146.9990560200142,142.63607282359112,144.48194885253906,66250422,0.0,0.0
2020-10-13 00:00:00+05:30,145.02732371275692,146.70539508784157,142.21654903842273,142.7619171142578,35684395,0.0,0.0
2020-10-14 00:00:00+05:30,143.09757082065315,143.4751344032854,140.16094526269117,140.79022216796875,38216229,0.0,0.0
2020-10-15 00:00:00+05:30,140.70631968123266,140.79022839338182,138.06336168327005,138.48287963867188,27116799,0.0,0.0
2020-10-16 00:00:00+05:30,138.86042416119247,139.9511732559232,137.43406586931548,139.02822875976562,20227056,0.0,0.0
2020-10-19 00:00:00+05:30,139.9511861891097,141.71315384096013,139.4058051900094,141.16778564453125,19016521,0.0,0.0
2020-10-20 00:00:00+05:30,140.95802379496342,141.20973711227438,139.86727462173008,140.49655151367188,16148741,0.0,0.0
2020-10-21 00:00:00+05:30,141.0838550295997,141.71313183669454,139.78335987040586,140.66433715820312,16478833,0.0,0.0
2020-10-22 00:00:00+05:30,140.5804436133116,141.8809515968942,140.11897138653458,141.4194793701172,22044107,0.0,0.0
2020-10-23 00:00:00+05:30,141.75508347312112,143.47510927348324,140.7482431615603,143.26535034179688,20145584,0.0,0.0
2020-10-26 00:00:00+05:30,143.89463229215977,143.97854098890818,141.16776608254156,141.4194793701172,16080575,0.0,0.0
2020-10-27 00:00:00+05:30,141.37752270817228,142.04875386316633,139.90921015779065,140.28677368164062,45885092,0.0,0.0
2020-10-28 00:00:00+05:30,141.37751977465305,141.37751977465305,138.44089473482344,138.86041259765625,16820774,0.0,0.0
2020-10-29 00:00:00+05:30,138.44091454389306,139.2379960367934,137.140406422492,137.4760284423828,21007139,0.0,0.0
2020-10-30 00:00:00+05:30,137.60187053824697,139.9511733274828,137.05650239193787,138.65066528320312,16347325,0.0,0.0
2020-11-02 00:00:00+05:30,139.95116455277994,140.2867737290557,137.97942543481903,139.90921020507812,14370649,0.0,0.0
2020-11-03 00:00:00+05:30,140.2867896079487,143.26536939454815,140.2028937057184,142.72000122070312,22602903,0.0,0.0
2020-11-04 00:00:00+05:30,142.67802063977211,144.14633308692686,141.1257995031411,142.46826171875,18808819,0.0,0.0
2020-11-05 00:00:00+05:30,143.68488044356755,146.83126468685734,142.80389029491235,146.6215057373047,26997641,0.0,0.0
2020-11-06 00:00:00+05:30,148.0898463743862,148.67716898360845,145.48882978725143,145.95030212402344,34252005,0.0,0.0
2020-11-09 00:00:00+05:30,145.9502527239478,148.7610273489129,144.1882854926577,144.98536682128906,35286484,0.0,0.0
2020-11-10 00:00:00+05:30,146.83126894087496,150.64888449387183,144.18831122100747,149.6420440673828,57459436,0.0,0.0
2020-11-11 00:00:00+05:30,150.69081161434485,155.9767260988675,149.85177594344688,155.4733123779297,63318644,0.0,0.0
2020-11-12 00:00:00+05:30,155.3894210533187,158.36800057837303,154.25673045263812,157.7387237548828,46367792,0.0,0.0
2020-11-13 00:00:00+05:30,157.06749269668225,158.4099550421708,155.68308880506635,156.9835968017578,28198725,0.0,0.0
2020-11-14 00:00:00+05:30,158.61972053184334,159.41680198121534,157.7806847319422,158.24215698242188,7767144,0.0,0.0
2020-11-17 00:00:00+05:30,158.57776329860232,158.91337249139377,156.3962651374477,157.193359375,20950589,0.0,0.0
2020-11-18 00:00:00+05:30,156.7318937939309,158.11629777636966,153.33379616115238,154.42454528808594,26595992,0.0,0.0
2020-11-19 00:00:00+05:30,153.3757706282325,160.9270940013686,153.29186191412873,157.65484619140625,48984610,0.0,0.0
2020-11-20 00:00:00+05:30,158.4099262339521,161.09483763398504,156.10257829909034,160.84312438964844,45307312,0.0,0.0
2020-11-23 00:00:00+05:30,161.0948756854462,161.51439359087706,158.28410059799134,160.12998962402344,23180456,0.0,0.0
2020-11-24 00:00:00+05:30,159.9202310962788,164.8285829212609,159.9202310962788,164.07345581054688,45411815,0.0,0.0
2020-11-25 00:00:00+05:30,164.45101657300438,166.08713382021196,161.51439127705788,162.6470947265625,41659179,0.0,0.0
2020-11-26 00:00:00+05:30,163.69588137855695,164.3251581965637,161.55633763680007,163.4441680908203,24222956,0.0,0.0
2020-11-27 00:00:00+05:30,163.15050976918246,164.2412588765339,162.10171501262735,162.47927856445312,31385396,0.0,0.0
2020-12-01 00:00:00+05:30,163.61197761604646,164.7446810436871,161.43047946009784,163.10855102539062,15893346,0.0,0.0
2020-12-02 00:00:00+05:30,163.6119610063372,166.7583448718437,162.39536180554177,164.40904235839844,28425948,0.0,0.0
2020-12-03 00:00:00+05:30,165.45785598426744,165.45785598426744,163.2344162516655,164.6188201904297,28009042,0.0,0.0
2020-12-04 00:00:00+05:30,165.1641996290587,167.2617890944891,164.8705319828304,166.29689025878906,22152332,0.0,0.0
2020-12-07 00:00:00+05:30,166.29689433571622,170.953545623668,165.79348053327328,170.4501190185547,35693450,0.0,0.0
2020-12-08 00:00:00+05:30,171.0793769345208,171.75060806614079,167.42957926084114,169.86277770996094,30853963,0.0,0.0
2020-12-09 00:00:00+05:30,172.00232722540974,174.35162986511997,171.70865959444495,172.3379364013672,39684395,0.0,0.0
2020-12-10 00:00:00+05:30,173.3867369100527,179.2599873054935,170.45011171233227,178.46290588378906,65227495,0.0,0.0
2020-12-11 00:00:00+05:30,179.93122287893567,182.86784814840706,179.00829119013247,181.4834442138672,60322445,0.0,0.0
2020-12-14 00:00:00+05:30,182.86783772425352,183.41321863909724,180.39268484161178,181.14781188964844,26990063,0.0,0.0
2020-12-15 00:00:00+05:30,180.60246001614982,181.5673460868055,177.53998439826822,179.1761016845703,23255609,0.0,0.0
2020-12-16 00:00:00+05:30,179.3439214474687,180.85418860966593,179.1341624750155,179.55368041992188,19551630,0.0,0.0
2020-12-17 00:00:00+05:30,179.72144722852536,180.47658705209759,177.2462944348214,178.75656127929688,22386185,0.0,0.0
2020-12-18 00:00:00+05:30,178.79853007633733,181.18977437090857,175.9877550885394,179.97317504882812,23775053,0.0,0.0
2020-12-21 00:00:00+05:30,179.97318445406427,180.14098905852228,167.0939794198497,170.28231811523438,41834797,0.0,0.0
2020-12-22 00:00:00+05:30,170.4081658502849,173.05112334023153,165.20613396107322,170.6598663330078,40986353,0.0,0.0
2020-12-23 00:00:00+05:30,170.32427222002858,174.7292102946845,169.4852363962846,174.3096923828125,23695667,0.0,0.0
2020-12-24 00:00:00+05:30,176.19751792322475,176.742886071919,172.5057655259015,175.0228729248047,22768284,0.0,0.0
2020-12-28 00:00:00+05:30,175.35848197845968,176.36532237665364,174.39359593074678,175.7779998779297,15741000,0.0,0.0
2020-12-29 00:00:00+05:30,176.61702625499842,179.13413351753996,176.28141707439403,177.49801635742188,26546469,0.0,0.0
2020-12-30 00:00:00+05:30,178.46292267840695,179.1341539187303,175.81996487280557,177.16241455078125,18925262,0.0,0.0
2020-12-31 00:00:00+05:30,176.658998098543,177.2882749764984,174.9809264239953,175.35848999023438,18245270,0.0,0.0
2021-01-01 00:00:00+05:30,176.11360902202017,179.7214655168814,175.61019522441387,179.4278106689453,19527333,0.0,0.0
2021-01-04 00:00:00+05:30,179.55364322547643,181.23171465749022,177.95948048613093,179.0502166748047,26891799,0.0,0.0
2021-01-05 00:00:00+05:30,178.25314403345823,178.924375199665,176.70093556444158,177.4141082763672,18024083,0.0,0.0
2021-01-06 00:00:00+05:30,177.41410520440706,177.4560595520691,171.58280935412827,172.3379364013672,49067837,0.0,0.0
2021-01-07 00:00:00+05:30,172.92528433696503,174.1838380430487,169.5691411207419,170.15646362304688,34952401,0.0,0.0
2021-01-08 00:00:00+05:30,171.45696136446452,172.84136523679823,168.01690965373226,169.06570434570312,56427360,0.0,0.0
2021-01-11 00:00:00+05:30,171.1633083767361,172.9252887310943,168.85595985695167,169.90475463867188,42970983,0.0,0.0
2021-01-12 00:00:00+05:30,170.3242472398369,173.5964813514559,169.14960237994,173.2189178466797,35617404,0.0,0.0
2021-01-13 00:00:00+05:30,174.057938900612,178.71458920811762,172.2120630749584,177.24627685546875,63925996,0.0,0.0
2021-01-14 00:00:00+05:30,177.8755675108272,181.65122814195325,177.5399583535724,179.6794891357422,48304263,0.0,0.0
2021-01-15 00:00:00+05:30,180.30876994666716,183.329303640298,177.20434036317758,182.783935546875,58321158,0.0,0.0
2021-01-18 00:00:00+05:30,183.24540936805315,186.2659432993814,180.05708364380334,184.37811279296875,67607822,0.0,0.0
2021-01-19 00:00:00+05:30,185.42689223969455,186.01421467720505,182.49026724947313,183.6229705810547,31785089,0.0,0.0
2021-01-20 00:00:00+05:30,183.32930486802007,183.74882272812994,180.98000229087089,182.61611938476562,44672447,0.0,0.0
2021-01-21 00:00:00+05:30,183.74883304535373,184.1683509290189,178.04338726697318,179.30194091796875,28999164,0.0,0.0
2021-01-22 00:00:00+05:30,179.5536874381492,180.18296438010535,175.4843580924307,176.7848663330078,24712182,0.0,0.0
2021-01-25 00:00:00+05:30,177.8755865326429,178.29510442540857,173.55455735822454,174.3516387939453,24967899,0.0,0.0
2021-01-27 00:00:00+05:30,174.5194194807477,178.42093022787978,173.76429249829255,176.74285888671875,48471357,0.0,0.0
2021-01-28 00:00:00+05:30,175.56822716953607,177.03653970261462,172.63160210337895,173.34478759765625,22131983,0.0,0.0
2021-01-29 00:00:00+05:30,174.98088810632754,175.19064701971257,169.77886961491234,170.53399658203125,23764654,0.0,0.0
2021-02-01 00:00:00+05:30,171.16329858069588,182.867845114283,169.31742243104588,181.1897735595703,57744414,0.0,0.0
2021-02-02 00:00:00+05:30,184.5878731786219,187.52449843373634,182.07076581709524,183.07760620117188,48457781,0.0,0.0
2021-02-03 00:00:00+05:30,185.84642769748638,186.26594559296603,180.98001754938838,181.8610076904297,53643263,0.0,0.0
2021-02-04 00:00:00+05:30,181.3156268299685,194.1528632891111,181.23171813568982,192.93626403808594,105818897,0.0,0.0
2021-02-05 00:00:00+05:30,194.78216269083768,200.40371299043613,190.67089224749358,196.6280517578125,125490301,0.0,0.0
2021-02-08 00:00:00+05:30,199.27099107894364,199.7324633030288,194.23677656747557,195.57923889160156,41495834,0.0,0.0
2021-02-09 00:00:00+05:30,196.8378117227801,200.69736887650527,191.4679747050695,192.1392059326172,70655961,0.0,0.0
2021-02-10 00:00:00+05:30,192.13917611391673,193.90115621244811,187.18887058401435,190.92257690429688,47283127,0.0,0.0
2021-02-11 00:00:00+05:30,192.1392082693002,192.39092158302563,188.36354697143187,189.99966430664062,43631374,0.0,0.0
2021-02-12 00:00:00+05:30,189.412317660275,189.412317660275,181.06391463622532,182.4483184814453,110568108,0.0,0.0
2021-02-15 00:00:00+05:30,183.287360220307,185.42690398061728,182.49027880445365,183.41322326660156,31776555,0.0,0.0
2021-02-16 00:00:00+05:30,183.79076845875866,186.09811658119702,182.28050167262896,183.11953735351562,29148891,0.0,0.0
2021-02-17 00:00:00+05:30,182.57419247755485,183.24541086540583,181.69320234016277,182.70004272460938,19850516,0.0,0.0
2021-02-18 00:00:00+05:30,183.07758968698363,185.09128307616538,182.8258764130023,183.6229705810547,24070563,0.0,0.0
2021-02-19 00:00:00+05:30,183.6229849955057,183.66492654223757,179.5536563542594,181.1897735595703,28125203,0.0,0.0
2021-02-22 00:00:00+05:30,182.0916466219267,182.0916466219267,176.93810945338163,177.83998107910156,51546288,5.0,0.0
2021-02-23 00:00:00+05:30,178.6559420432404,180.84619780009103,177.7970192449556,179.0854034423828,26675953,0.0,0.0
2021-02-24 00:00:00+05:30,179.60076280459037,180.202006143641,177.3675582811203,179.3860321044922,13160617,0.0,0.0
2021-02-25 00:00:00+05:30,179.94433551272962,181.404501723828,179.3430921441741,179.64370727539062,25954142,0.0,0.0
2021-02-26 00:00:00+05:30,178.0117476391731,178.65593972954406,174.3613257937377,175.09141540527344,43429293,0.0,0.0
2021-03-01 00:00:00+05:30,176.46567002515738,178.44119490039307,175.26318346081595,177.7111053466797,16225536,0.0,0.0
2021-03-02 00:00:00+05:30,177.79701673581707,181.06092594446218,177.3675553427354,180.2878875732422,25604169,0.0,0.0
2021-03-03 00:00:00+05:30,182.09165085128345,182.09165085128345,179.34310025211133,180.3308563232422,20846117,0.0,0.0
2021-03-04 00:00:00+05:30,179.34309406066535,181.490401189969,178.31238925982413,180.11611938476562,24899212,0.0,0.0
2021-03-05 00:00:00+05:30,178.65596197938575,180.37380776764905,177.96882104285575,179.1283721923828,17323590,0.0,0.0
2021-03-08 00:00:00+05:30,180.11611098280767,181.06093131807685,178.39826535949788,178.65594482421875,22988740,0.0,0.0
2021-03-09 00:00:00+05:30,179.2571866584705,180.15905822432197,175.86444420228807,178.48416137695312,22593086,0.0,0.0
2021-03-10 00:00:00+05:30,179.60077362777506,179.68665804931686,176.76632559444354,177.36756896972656,19603214,0.0,0.0
2021-03-12 00:00:00+05:30,178.65593237114223,178.65593237114223,174.79077998811272,176.25094604492188,30787960,0.0,0.0
2021-03-15 00:00:00+05:30,176.8092905369501,176.9381237341128,173.15886808127058,176.46571350097656,41115805,0.0,0.0
2021-03-16 00:00:00+05:30,177.28166628388072,179.42897335178685,176.0362308057196,178.52711486816406,48763187,0.0,0.0
2021-03-17 00:00:00+05:30,182.26341349840342,183.72357962083302,179.12835055594803,180.88914489746094,78578698,0.0,0.0
2021-03-18 00:00:00+05:30,182.9505486924693,188.1899827941857,182.00572840982494,186.9445343017578,91993104,0.0,0.0
2021-03-19 00:00:00+05:30,188.10409888927376,194.24539185257055,185.14081776087266,191.49684143066406,134184994,0.0,0.0
2021-03-22 00:00:00+05:30,191.79747284227977,194.46012578328734,190.25140910865986,194.11656188964844,46050245,0.0,0.0
2021-03-23 00:00:00+05:30,193.25761691360566,195.9202826557526,190.07960539002832,190.85263061523438,41564683,0.0,0.0
2021-03-24 00:00:00+05:30,189.82195335254926,191.3680171323014,184.8831468739196,185.48439025878906,27609243,0.0,0.0
2021-03-25 00:00:00+05:30,184.79725849114544,185.4843994390579,179.5578366138252,181.7480926513672,40681282,0.0,0.0
2021-03-26 00:00:00+05:30,184.02420129751079,184.1959832282562,180.67440777655068,181.1468048095703,26079435,0.0,0.0
2021-03-30 00:00:00+05:30,183.16528859877948,184.66840351107896,180.71735335630012,184.28189086914062,27792033,0.0,0.0
2021-03-31 00:00:00+05:30,183.85244784740948,188.36179303515755,182.69289669953926,187.67465209960938,36485322,0.0,0.0
2021-04-01 00:00:00+05:30,188.96303268029695,189.47839164823785,186.6439435368088,189.0059814453125,29062762,0.0,0.0
2021-04-05 00:00:00+05:30,186.90161945791152,188.96302907813296,180.8032619133954,182.56405639648438,31378045,0.0,0.0
2021-04-06 00:00:00+05:30,183.63773265294796,184.62548882086529,180.50265596506478,182.64996337890625,25674227,0.0,0.0
2021-04-07 00:00:00+05:30,182.6928750000775,184.84018197729074,182.47814430235618,183.6376953125,15204883,0.0,0.0
2021-04-08 00:00:00+05:30,184.53958026961078,185.6132338362105,182.8217345630512,183.16529846191406,14116874,0.0,0.0
2021-04-09 00:00:00+05:30,183.59476312789272,185.4843908172242,182.56405830699578,183.03646850585938,16364247,0.0,0.0
2021-04-12 00:00:00+05:30,180.37380316429972,181.23272603651066,176.07918880324496,176.3368682861328,34511670,0.0,0.0
2021-04-13 00:00:00+05:30,177.7970056070019,180.11609436326034,176.9380828746009,179.25717163085938,20247639,0.0,0.0
2021-04-15 00:00:00+05:30,179.51489304341683,180.7603286753641,176.93812424375056,177.53936767578125,17530742,0.0,0.0
2021-04-16 00:00:00+05:30,178.65595535613588,179.72960893399727,177.3675710627022,178.61300659179688,13311926,0.0,0.0
2021-04-19 00:00:00+05:30,176.0791692895802,177.02398958675337,175.00551581830226,176.5945281982422,15792299,0.0,0.0
2021-04-20 00:00:00+05:30,177.1098958911503,177.79703681892147,173.9318838445971,174.83375549316406,21364882,0.0,0.0
2021-04-22 00:00:00+05:30,173.50240961408974,177.1957803607626,172.25697414650014,176.85220336914062,23139735,0.0,0.0
2021-04-23 00:00:00+05:30,175.43498617309285,177.7970239306253,175.43498617309285,176.3798065185547,19625381,0.0,0.0
2021-04-26 00:00:00+05:30,176.7663297222383,177.58230382961412,175.82150932035708,176.3368682861328,19886214,0.0,0.0
2021-04-27 00:00:00+05:30,176.33684507994266,177.75406239013367,176.12211439014882,176.4227294921875,11444814,0.0,0.0
2021-04-28 00:00:00+05:30,176.93809787722398,177.36755927983862,176.3368545347879,176.50863647460938,12708021,0.0,0.0
2021-04-29 00:00:00+05:30,177.88293779046168,178.26945047414577,175.26322032485538,175.4779510498047,13096755,0.0,0.0
2021-04-30 00:00:00+05:30,175.1343503644482,176.68041399642493,173.5024023177693,174.01776123046875,16495657,0.0,0.0
2021-05-03 00:00:00+05:30,172.8152555909772,173.37356324509685,171.78455090676087,172.60052490234375,20611626,0.0,0.0
2021-05-04 00:00:00+05:30,172.81526286411446,173.80303193707246,171.01153286735402,171.4409942626953,18259282,0.0,0.0
2021-05-05 00:00:00+05:30,173.02999404896534,173.50240420639523,171.3550972236428,172.98704528808594,13862655,0.0,0.0
2021-05-06 00:00:00+05:30,173.76009378712695,176.89515692211515,173.58831183972475,174.1466064453125,14320889,0.0,0.0
2021-05-07 00:00:00+05:30,174.31838388467125,177.32461375789438,174.31838388467125,176.3798065185547,19463495,0.0,0.0
2021-05-10 00:00:00+05:30,177.9258586273299,178.18353809702614,176.07917978906423,176.5515899658203,16295368,0.0,0.0
2021-05-11 00:00:00+05:30,175.1343478417417,177.36755228977577,175.00551466848336,175.22024536132812,13747541,0.0,0.0
2021-05-12 00:00:00+05:30,175.13437496768574,176.29392613109482,174.23251640294916,174.57608032226562,16537612,0.0,0.0
2021-05-14 00:00:00+05:30,176.0791608722808,183.12232468594786,175.22023813631844,182.3063507080078,61647120,0.0,0.0
2021-05-17 00:00:00+05:30,186.21446780929577,186.386249750053,181.791007474596,182.60699462890625,38001828,0.0,0.0
2021-05-18 00:00:00+05:30,183.89538822569955,184.32484965256376,180.07317104171005,180.416748046875,30479551,0.0,0.0
2021-05-19 00:00:00+05:30,180.41673290473884,181.5762707962801,178.26942595063846,178.4412078857422,24405319,0.0,0.0
2021-05-20 00:00:00+05:30,179.04246308261995,179.77255273786943,177.62524564139733,177.79702758789062,20884367,0.0,0.0
2021-05-21 00:00:00+05:30,178.31239525490224,180.24497173625107,178.1406001938839,179.55783081054688,22638020,0.0,0.0
2021-05-24 00:00:00+05:30,179.9443399415794,182.1345958651955,178.4412249301342,181.6621856689453,28865798,0.0,0.0
2021-05-25 00:00:00+05:30,182.95054784770034,183.2941117091912,180.58851025811737,181.1468048095703,25334878,0.0,0.0
2021-05-26 00:00:00+05:30,181.91984962469823,182.4781441959996,180.6314654391212,180.88914489746094,17576137,0.0,0.0
2021-05-27 00:00:00+05:30,181.2327238200291,183.93832559195482,180.63148043805924,181.36155700683594,47554219,0.0,0.0
2021-05-28 00:00:00+05:30,182.5210906716118,183.3800134512429,181.70511665218652,182.86465454101562,25597550,0.0,0.0
2021-05-31 00:00:00+05:30,184.66839714667697,187.15926795876496,184.15303823777253,186.0426788330078,73039531,0.0,0.0
2021-06-01 00:00:00+05:30,187.24518609130007,188.44767286962073,184.02422532138092,184.88314819335938,38755111,0.0,0.0
2021-06-02 00:00:00+05:30,180.80326160631682,182.47815855816742,179.17131341859013,179.51487731933594,96654991,0.0,0.0
2021-06-03 00:00:00+05:30,181.01799708634138,181.01799708634138,179.25720255988784,179.55783081054688,46657520,0.0,0.0
2021-06-04 00:00:00+05:30,179.94434781559926,180.11612977462815,178.6559634636976,179.30015563964844,30126021,0.0,0.0
2021-06-07 00:00:00+05:30,180.71736057311472,182.4352062557722,180.54557862607348,181.61923217773438,31433280,0.0,0.0
2021-06-08 00:00:00+05:30,182.2634146648523,184.02420901763392,181.40449186897067,183.50885009765625,21261361,0.0,0.0
2021-06-09 00:00:00+05:30,183.80948716107537,184.45367928897633,181.66218006807216,182.52110290527344,24887924,0.0,0.0
2021-06-10 00:00:00+05:30,184.24258603631597,186.62617217579094,183.1832159155073,184.77227783203125,30719587,5.75,0.0
2021-06-11 00:00:00+05:30,185.65508484718285,185.78750105818742,183.40391496575324,183.5363311767578,21424291,0.0,0.0
2021-06-14 00:00:00+05:30,183.58047437378568,184.02187970455728,181.15274505454184,183.00665283203125,17677889,0.0,0.0
2021-06-15 00:00:00+05:30,183.22737033233008,183.97775137302304,182.7418217350448,182.7859649658203,14854294,0.0,0.0
2021-06-16 00:00:00+05:30,182.78595153016178,184.81641876098203,182.78595153016178,183.49220275878906,20104244,0.0,0.0
2021-06-17 00:00:00+05:30,182.69767493517676,183.62462888086333,180.97619673354316,181.55001831054688,21476893,0.0,0.0
2021-06-18 00:00:00+05:30,181.85899118630573,182.25625327875352,178.7691539574122,180.57891845703125,23567549,0.0,0.0
2021-06-21 00:00:00+05:30,179.29884483212552,181.8589902778861,178.68086661293668,180.49063110351562,19074685,0.0,0.0
2021-06-22 00:00:00+05:30,181.94729436054172,182.07971057998722,180.40237560410546,181.06448364257812,18042675,0.0,0.0
2021-06-23 00:00:00+05:30,181.54998484074008,181.7265577278405,179.74023398354086,180.04920959472656,12575210,0.0,0.0
2021-06-24 00:00:00+05:30,180.4906138600518,180.66717327554306,178.81327920695503,179.43124389648438,22435272,0.0,0.0
2021-06-25 00:00:00+05:30,180.09337083946855,181.505873253909,179.87266817912604,181.02032470703125,13877208,0.0,0.0
2021-06-28 00:00:00+05:30,181.7707033060384,181.7707033060384,179.51954697631663,179.74024963378906,14627153,0.0,0.0
2021-06-29 00:00:00+05:30,179.7402639950727,181.24103949167318,179.34298840338298,179.4754180908203,13326068,0.0,0.0
2021-06-30 00:00:00+05:30,180.35822698206704,180.44649996885087,178.8133082718179,178.9457244873047,15942408,0.0,0.0
2021-07-01 00:00:00+05:30,179.12226957994113,179.91680722106867,178.46016161431206,179.21055603027344,10191296,0.0,0.0
2021-07-02 00:00:00+05:30,179.47541538633126,179.82853427293182,178.54846147072718,178.68087768554688,12698779,0.0,0.0
2021-07-05 00:00:00+05:30,179.2105565348454,180.18165360875065,178.9457106537239,179.7843780517578,10248249,0.0,0.0
2021-07-06 00:00:00+05:30,179.4312577424226,179.91680627545617,178.54844712622372,178.76914978027344,11088659,0.0,0.0
2021-07-07 00:00:00+05:30,178.76916728575537,181.1527534887743,178.59260783935068,179.8726806640625,17879443,0.0,0.0
2021-07-08 00:00:00+05:30,179.65195944757747,180.53477005911347,178.1511841020904,178.32774353027344,20925008,0.0,0.0
2021-07-09 00:00:00+05:30,178.32774301638554,178.6367321177811,177.356645958246,177.75392150878906,11834045,0.0,0.0
2021-07-12 00:00:00+05:30,178.32775786859534,178.81330643810452,177.40080395782726,177.53323364257812,13085323,0.0,0.0
2021-07-13 00:00:00+05:30,178.32775923271993,178.50431867644969,177.75393767294267,178.19534301757812,10830411,0.0,0.0
2021-07-14 00:00:00+05:30,178.1953319562292,181.10859627348665,178.0629022786858,180.18165588378906,20480406,0.0,0.0
2021-07-15 00:00:00+05:30,180.4464915636927,184.0660206187855,179.12227558801797,182.07969665527344,28852257,0.0,0.0
2021-07-16 00:00:00+05:30,183.35977173854448,185.08124983471242,182.91836640770032,183.5363311767578,29019824,0.0,0.0
2021-07-19 00:00:00+05:30,182.56523277977018,184.9488186796076,182.16797070823404,183.40390014648438,16464973,0.0,0.0
2021-07-20 00:00:00+05:30,183.8011761137201,184.77227322477674,182.212114236819,182.56524658203125,23656813,0.0,0.0
2021-07-22 00:00:00+05:30,182.74180603027344,183.84531935171228,181.72657916279834,182.74180603027344,18311537,0.0,0.0
2021-07-23 00:00:00+05:30,182.74181503157433,188.56837104401836,182.30040968125653,187.5089874267578,44526781,0.0,0.0
2021-07-26 00:00:00+05:30,188.9214721917143,190.1132719138824,186.09648090913996,186.40545654296875,47263771,0.0,0.0
2021-07-27 00:00:00+05:30,187.15586167879886,188.0386723470951,183.5804757780748,184.1984405517578,24436949,0.0,0.0
2021-07-28 00:00:00+05:30,183.88946714640102,185.39024260671192,183.1390726809346,184.59571838378906,14736840,0.0,0.0
2021-07-29 00:00:00+05:30,184.59571238484577,185.5667960179021,181.55000486450226,181.90313720703125,15603733,0.0,0.0
2021-07-30 00:00:00+05:30,181.9472930128162,182.8301037242406,180.6230769456796,180.9320526123047,14940336,0.0,0.0
2021-08-02 00:00:00+05:30,182.25625838147087,183.18321227021556,181.37344771992764,183.00665283203125,9674128,0.0,0.0
2021-08-03 00:00:00+05:30,183.18320085059574,186.18475152447763,182.25624701963721,185.30194091796875,18468527,0.0,0.0
2021-08-04 00:00:00+05:30,186.18475048210612,186.361323378916,183.7128915742168,184.154296875,10998260,0.0,0.0
2021-08-05 00:00:00+05:30,184.1542936290066,191.34919451670365,182.65350485630074,190.0249786376953,47178466,0.0,0.0
2021-08-06 00:00:00+05:30,190.15740825377117,190.68710003099474,187.68554921505174,189.14218139648438,23581637,0.0,0.0
2021-08-09 00:00:00+05:30,189.80428890439828,191.70232640519367,187.77382172431996,188.7449188232422,20358146,0.0,0.0
2021-08-10 00:00:00+05:30,188.92150227627533,189.31876442338586,184.11018633766304,185.25784301757812,18155926,0.0,0.0
2021-08-11 00:00:00+05:30,185.25782413021068,185.91993213143286,183.1390704439267,184.1984405517578,15418634,0.0,0.0
2021-08-12 00:00:00+05:30,185.610958827564,189.09805857039007,183.9336238031027,184.41915893554688,27692208,0.0,0.0
2021-08-13 00:00:00+05:30,185.25782957510046,187.42071308187087,184.68399454146933,186.67031860351562,18850939,0.0,0.0
2021-08-16 00:00:00+05:30,186.62617402067676,188.25937918142563,185.83164978987148,186.1847686767578,11190075,0.0,0.0
2021-08-17 00:00:00+05:30,186.09650832197016,186.7144731512777,184.3308868264498,184.6840057373047,7858486,0.0,0.0
2021-08-18 00:00:00+05:30,185.0371223731032,186.71445726286603,183.93360903230612,184.46328735351562,10735658,0.0,0.0
2021-08-20 00:00:00+05:30,182.7418239110856,186.00822096802872,182.47697799390147,184.41915893554688,19421004,0.0,0.0
2021-08-23 00:00:00+05:30,184.9488317263282,185.56679648904603,181.85899444211745,182.12384033203125,9936365,0.0,0.0
2021-08-24 00:00:00+05:30,182.7418037127174,182.7418037127174,180.71133653289624,181.63829040527344,12490094,0.0,0.0
2021-08-25 00:00:00+05:30,182.2121124267578,183.5363283992506,181.858993555675,182.2121124267578,10586894,0.0,0.0
2021-08-26 00:00:00+05:30,182.21211050754602,182.6093860716066,180.40235947403156,180.62306213378906,14836173,0.0,0.0
2021-08-27 00:00:00+05:30,180.97618198555756,182.60938706489532,180.88789553292582,181.7707061767578,10476384,0.0,0.0
2021-08-30 00:00:00+05:30,181.85899719825156,183.80117796935127,181.85899719825156,183.62461853027344,12084844,0.0,0.0
2021-08-31 00:00:00+05:30,183.66875304481277,186.80273345460603,182.96250185138285,186.5378875732422,25808430,0.0,0.0
2021-09-01 00:00:00+05:30,186.2730532989866,187.42070987599575,184.7722778385694,184.94883728027344,16241960,0.0,0.0
2021-09-02 00:00:00+05:30,184.50743239428914,186.7144590975701,184.50743239428914,185.16954040527344,14321164,0.0,0.0
2021-09-03 00:00:00+05:30,185.16954265729848,186.49375869537212,185.16954265729848,185.91993713378906,10228853,0.0,0.0
2021-09-06 00:00:00+05:30,186.27305329239536,186.44961273409317,184.55157516225353,184.77227783203125,10632156,0.0,0.0
2021-09-07 00:00:00+05:30,186.18478612084527,189.23049405574307,185.52267804293243,186.9351806640625,37489544,0.0,0.0
2021-09-08 00:00:00+05:30,187.37655451847957,188.03866248497596,185.12538473826763,186.49374389648438,17233315,0.0,0.0
2021-09-09 00:00:00+05:30,186.31720150972953,188.8332039301966,185.875796158354,187.7296905517578,19051252,0.0,0.0
2021-09-13 00:00:00+05:30,188.34765630419633,189.93670468705568,186.9792971117373,189.05389404296875,16043896,0.0,0.0
2021-09-14 00:00:00+05:30,189.71600704755812,191.79061750432308,189.09804227446486,190.775390625,19621849,0.0,0.0
2021-09-15 00:00:00+05:30,191.65820038935635,191.7464733733127,190.06913850130297,190.68710327148438,20248758,0.0,0.0
2021-09-16 00:00:00+05:30,191.52578183246487,206.2687180717077,190.95196025624148,203.7085723876953,149238901,0.0,0.0
2021-09-17 00:00:00+05:30,205.69488111346718,209.49096959638075,202.2519249723487,204.06167602539062,79501805,0.0,0.0
2021-09-20 00:00:00+05:30,203.9292652803309,211.30073978152663,203.26715727617398,206.35699462890625,70390969,0.0,0.0
2021-09-21 00:00:00+05:30,207.41637852261573,214.03745900410348,204.54724364730436,213.19879150390625,56671832,0.0,0.0
2021-09-22 00:00:00+05:30,214.9644012451172,216.994868509524,212.49252863934464,214.9644012451172,52621868,0.0,0.0
2021-09-23 00:00:00+05:30,216.28861543321116,216.81830722660249,213.37533751080272,214.0815887451172,21791090,0.0,0.0
2021-09-24 00:00:00+05:30,215.4058124436594,215.4058124436594,209.8441022970962,210.50621032714844,24823291,0.0,0.0
2021-09-27 00:00:00+05:30,211.69799529076687,213.50775980650548,207.90190682447593,210.72689819335938,22890540,0.0,0.0
2021-09-28 00:00:00+05:30,211.74213709980523,213.28705571767148,208.60815663800938,209.8882293701172,15713947,0.0,0.0
2021-09-29 00:00:00+05:30,208.3432969826819,213.11046872878322,208.07845111442728,210.19720458984375,15450046,0.0,0.0
2021-09-30 00:00:00+05:30,211.78624760228732,212.22765288155063,207.6811838933866,208.4757080078125,16357902,0.0,0.0
2021-10-01 00:00:00+05:30,207.63707104689746,209.2261329788358,205.6066037711219,207.76950073242188,15956143,0.0,0.0
2021-10-04 00:00:00+05:30,208.34332455082344,210.41793507760806,207.813632744225,208.87301635742188,10686552,0.0,0.0
2021-10-05 00:00:00+05:30,208.69643891076657,209.62339281687895,207.01910401065606,207.19566345214844,9223597,0.0,0.0
2021-10-06 00:00:00+05:30,207.28394388922567,208.69643285077166,203.5761418430628,204.14996337890625,17505160,0.0,0.0
2021-10-07 00:00:00+05:30,205.69486954242825,207.41634751614845,205.0769048173262,205.65072631835938,10371535,0.0,0.0
2021-10-08 00:00:00+05:30,207.23978568283016,207.28392890638617,204.10580539904024,204.54721069335938,9739240,0.0,0.0
2021-10-11 00:00:00+05:30,204.81205421885804,211.43313355782973,204.54720835117507,210.15306091308594,21184428,0.0,0.0
2021-10-12 00:00:00+05:30,210.63863068835772,214.52299223774725,210.10893889952197,213.022216796875,29222028,0.0,0.0
2021-10-13 00:00:00+05:30,214.12575837617146,221.49722034098386,212.00700441197128,219.99644470214844,50159625,0.0,0.0
2021-10-14 00:00:00+05:30,223.5718123374051,231.1639898326696,221.0116666663116,226.48507690429688,85406902,0.0,0.0
2021-10-18 00:00:00+05:30,230.41357567929654,234.20965063238182,227.19132225057405,231.78192138671875,60292901,0.0,0.0
2021-10-19 00:00:00+05:30,230.76671142965424,231.7819383456922,216.3327645771664,217.12728881835938,59061766,0.0,0.0
2021-10-20 00:00:00+05:30,217.12729105574945,219.3784610564898,213.94918058760632,217.7011260986328,47822165,0.0,0.0
2021-10-21 00:00:00+05:30,218.93705116508372,219.24604029489618,214.61128417144178,216.02377319335938,22518727,0.0,0.0
2021-10-22 00:00:00+05:30,216.0237749227675,216.99487207799055,206.31285725302573,208.87301635742188,35537151,0.0,0.0
2021-10-25 00:00:00+05:30,206.6659670888175,208.91712334494136,203.48784353686972,206.04798889160156,22333919,0.0,0.0
2021-10-26 00:00:00+05:30,206.6659736402971,210.99174033421454,205.34175769677694,208.96127319335938,18934170,0.0,0.0
2021-10-27 00:00:00+05:30,212.09527229339827,213.02222622959587,208.51988623699174,210.50621032714844,25911499,0.0,0.0
2021-10-28 00:00:00+05:30,207.54879459557398,208.29917558519674,197.88200695042397,198.72068786621094,46282465,0.0,0.0
2021-10-29 00:00:00+05:30,198.63241221154342,201.50154705459906,196.24882595912942,197.04335021972656,26642108,0.0,0.0
2021-11-01 00:00:00+05:30,197.88197995537777,200.88354391626115,196.42534793199525,200.2655792236328,23197539,0.0,0.0
2021-11-02 00:00:00+05:30,201.28081893161155,202.384332193298,198.19098179888942,199.16207885742188,14343859,0.0,0.0
2021-11-03 00:00:00+05:30,199.51522157689521,200.26561607284492,195.71913280852007,196.38124084472656,17843327,0.0,0.0
2021-11-04 00:00:00+05:30,198.49997232810045,200.66285564243807,197.74957791650817,200.00074768066406,7024796,0.0,0.0
2021-11-08 00:00:00+05:30,202.78160185318072,203.66441249552858,199.25035928378927,202.86988830566406,20270558,0.0,0.0
2021-11-09 00:00:00+05:30,202.914029212638,203.84096960001142,201.14840794812298,201.94293212890625,11520817,0.0,0.0
2021-11-10 00:00:00+05:30,200.79528018207108,205.56246578711472,200.57457751898448,203.79684448242188,13431108,0.0,0.0
2021-11-11 00:00:00+05:30,203.3995819079467,204.37067907582158,201.76639017913106,203.0464630126953,8134962,0.0,0.0
2021-11-12 00:00:00+05:30,204.1058224683205,206.53355179010563,202.29605791613815,205.60659790039062,11855531,0.0,0.0
2021-11-15 00:00:00+05:30,206.53353259866586,210.99172872398717,205.7831516876683,210.19720458984375,38755267,0.0,0.0
2021-11-16 00:00:00+05:30,211.03588118529728,211.56555947437292,207.4604954838974,207.85775756835938,14675969,0.0,0.0
2021-11-17 00:00:00+05:30,208.3433139617856,216.50931249630474,208.03432484520386,211.4331512451172,46697822,0.0,0.0
2021-11-18 00:00:00+05:30,211.87456825657895,214.5230003597862,208.60817135674782,209.66754150390625,20226071,0.0,0.0
2021-11-22 00:00:00+05:30,210.02067886900178,212.53669497660033,202.64921694907218,203.84100341796875,22574227,0.0,0.0
2021-11-23 00:00:00+05:30,202.29604187064476,205.4300221679505,202.29604187064476,204.4589385986328,13433385,0.0,0.0
2021-11-24 00:00:00+05:30,205.20935756119908,205.43006025022396,200.35389840265196,201.01600646972656,14139854,0.0,0.0
2021-11-25 00:00:00+05:30,200.3980035725225,204.98861593820948,199.29449033699098,204.194091796875,23904846,0.0,0.0
2021-11-26 00:00:00+05:30,202.07535486222437,203.09059520448398,196.9550638062501,197.7495880126953,27027022,0.0,0.0
2021-11-29 00:00:00+05:30,195.98397737593467,197.4406096573717,194.3949154057891,195.54257202148438,22132952,0.0,0.0
2021-11-30 00:00:00+05:30,195.98397602862457,198.80896758356135,194.21835462296127,195.23358154296875,23503453,0.0,0.0
2021-12-01 00:00:00+05:30,195.9839621114424,197.13161863775076,194.74803260349265,195.8956756591797,12995800,0.0,0.0
2021-12-02 00:00:00+05:30,195.89566749119453,199.64761255535691,195.3659892115676,199.02964782714844,15904846,0.0,0.0
2021-12-03 00:00:00+05:30,198.63237807046565,199.69174805938408,195.4101248811262,195.67495727539062,13794647,0.0,0.0
2021-12-06 00:00:00+05:30,195.67499647445754,196.16054507891144,192.01133726658568,192.3644561767578,13138355,0.0,0.0
2021-12-07 00:00:00+05:30,193.24725657014014,195.93983189548015,192.54101878763058,194.79217529296875,8903842,0.0,0.0
2021-12-08 00:00:00+05:30,195.10114240476213,199.2062063024059,195.10114240476213,198.58824157714844,9861847,0.0,0.0
2021-12-09 00:00:00+05:30,196.8667820820586,208.74058306059646,196.8667820820586,207.81362915039062,38241864,0.0,0.0
2021-12-10 00:00:00+05:30,208.51989835964304,210.94762794430798,206.3570146965207,208.43162536621094,35162889,0.0,0.0
2021-12-13 00:00:00+05:30,210.10892680763635,210.77103477026546,206.71010054455854,207.1073760986328,22054342,0.0,0.0
2021-12-14 00:00:00+05:30,207.4605303997656,209.3144384000979,200.88359287483382,201.810546875,37508445,0.0,0.0
2021-12-15 00:00:00+05:30,203.0464524388557,204.98863320284218,197.21989667627466,197.79373168945312,34653042,0.0,0.0
2021-12-16 00:00:00+05:30,199.51519108673114,199.64760728548742,194.92457876470033,196.77847290039062,24199205,0.0,0.0
2021-12-17 00:00:00+05:30,196.69020617335215,196.7343493978801,191.34919930037103,192.4085693359375,29683982,0.0,0.0
2021-12-20 00:00:00+05:30,190.90781401245388,190.90781401245388,185.21368768747854,187.5089874267578,37340790,0.0,0.0
2021-12-21 00:00:00+05:30,188.92147547104778,190.20154819483483,186.3171867976973,187.59725952148438,19395604,0.0,0.0
2021-12-22 00:00:00+05:30,188.92147452876253,189.0980339603661,186.36132909395766,187.15585327148438,17239484,0.0,0.0
2021-12-23 00:00:00+05:30,188.83319819271443,192.84998946231042,188.2152334136893,191.8347625732422,22209720,0.0,0.0
2021-12-24 00:00:00+05:30,192.45272827148438,194.61561174371383,191.08436902313613,192.45272827148438,16581585,0.0,0.0
2021-12-27 00:00:00+05:30,192.80584669218942,192.849989920215,190.37811732762347,192.0554656982422,8153106,0.0,0.0
2021-12-28 00:00:00+05:30,192.45271720509746,194.748030229737,192.45271720509746,194.26248168945312,11568803,0.0,0.0
2021-12-29 00:00:00+05:30,194.2183628104275,194.4832087265663,190.9519657663767,191.34922790527344,11480954,0.0,0.0
2021-12-30 00:00:00+05:30,191.2167950577094,192.3644381434941,190.2456979398374,190.68710327148438,9741198,0.0,0.0
2021-12-31 00:00:00+05:30,191.48160122471032,193.15894933734788,190.8194933180265,192.49684143066406,7583815,0.0,0.0
2022-01-03 00:00:00+05:30,192.49685901803898,194.08592083338792,191.61404839513636,193.42381286621094,7765495,0.0,0.0
2022-01-04 00:00:00+05:30,193.77693316560328,195.71911385628235,193.37967107647228,194.4390411376953,9050253,0.0,0.0
2022-01-05 00:00:00+05:30,193.90936548334236,195.54257067178452,193.0265547805352,194.7039031982422,11230588,0.0,0.0
2022-01-06 00:00:00+05:30,193.33553986915118,194.57146943897,192.62928862755956,193.07069396972656,8950589,0.0,0.0
2022-01-07 00:00:00+05:30,194.04179020262538,194.79217119842428,192.01132294403533,192.80584716796875,8855041,0.0,0.0
2022-01-10 00:00:00+05:30,194.13005799961658,198.36755184545422,193.24724734300966,197.13162231445312,15841299,0.0,0.0
2022-01-11 00:00:00+05:30,197.17576231735103,197.97028650705724,195.27771135430854,195.9398193359375,8020695,0.0,0.0
2022-01-12 00:00:00+05:30,196.42536972508285,197.44059658485153,195.63084552792662,196.6460723876953,13158894,0.0,0.0
2022-01-13 00:00:00+05:30,197.66131636425712,199.3386648277373,196.64608941657326,197.70545959472656,11501088,0.0,0.0
2022-01-14 00:00:00+05:30,197.70542756327234,198.45582194780894,196.24879548813718,196.51364135742188,10569725,0.0,0.0
2022-01-17 00:00:00+05:30,196.51364515555923,199.1620769583532,195.4101319043951,198.27926635742188,12318313,0.0,0.0
2022-01-18 00:00:00+05:30,198.27927371566125,200.66285973250768,194.48318529665778,194.8804473876953,14394097,0.0,0.0
2022-01-19 00:00:00+05:30,194.88044735638283,196.33707951349348,193.07068286347902,194.52732849121094,11473796,0.0,0.0
2022-01-20 00:00:00+05:30,194.70389957609984,196.1163885919409,192.45272963169643,193.11483764648438,17329896,0.0,0.0
2022-01-21 00:00:00+05:30,192.89411687044174,194.65973807749384,190.68709036162662,191.61404418945312,16586264,0.0,0.0
2022-01-24 00:00:00+05:30,191.6140496231849,192.23201436905305,186.18475617516503,186.9792938232422,17354942,0.0,0.0
2022-01-25 00:00:00+05:30,187.15585788321508,189.5394439451506,184.9929744838777,189.1863250732422,18322935,0.0,0.0
2022-01-27 00:00:00+05:30,186.49375079369165,190.2456960759316,186.36133458374357,189.451171875,23149684,0.0,0.0
2022-01-28 00:00:00+05:30,189.89258267478456,193.5562416088934,189.89258267478456,192.099609375,15276991,0.0,0.0
2022-01-31 00:00:00+05:30,192.89412208846952,194.8804460001357,191.65819259834794,194.3948974609375,15039006,0.0,0.0
2022-02-01 00:00:00+05:30,195.10113310997102,201.98705814915283,193.46792819116442,201.0601043701172,43207074,0.0,0.0
2022-02-02 00:00:00+05:30,203.04646611957185,205.95974419715108,202.16365539731285,204.9445037841797,41130638,0.0,0.0
2022-02-03 00:00:00+05:30,204.9444930778996,207.63706833425425,204.63551742362338,206.97496032714844,27845963,0.0,0.0
2022-02-04 00:00:00+05:30,209.44683336171698,210.55034670924974,204.414815191092,206.84254455566406,56705951,0.0,0.0
2022-02-07 00:00:00+05:30,206.5776903376534,207.23979831950487,201.72223180407607,203.22300720214844,24171083,0.0,0.0
2022-02-08 00:00:00+05:30,203.3112959532037,205.07691725810236,202.20778263764205,204.14996337890625,16201280,0.0,0.0
2022-02-09 00:00:00+05:30,205.07691448486239,205.6948792390959,201.94293401692354,203.17886352539062,11893807,0.0,0.0
2022-02-10 00:00:00+05:30,201.89879534034654,206.04800275012258,201.06012790708675,205.03277587890625,19563580,0.0,0.0
2022-02-11 00:00:00+05:30,204.81205799482112,205.9597144621921,202.86987738037368,205.20932006835938,18096561,0.0,0.0
2022-02-14 00:00:00+05:30,204.12548641953848,204.12548641953848,197.35141054278387,198.20945739746094,22745228,5.25,0.0
2022-02-15 00:00:00+05:30,199.60944274081243,201.86746811118363,197.3965806342273,201.41586303710938,12875311,0.0,0.0
2022-02-16 00:00:00+05:30,202.13842157181145,202.9513051427627,200.3771646468222,201.19004821777344,11231596,0.0,0.0
2022-02-17 00:00:00+05:30,201.46102376916747,202.63519970338342,199.4739642245905,201.0997314453125,14024149,0.0,0.0
2022-02-18 00:00:00+05:30,201.09972508606006,201.8222959290276,200.06103897434528,200.4223175048828,8670947,0.0,0.0
2022-02-21 00:00:00+05:30,198.9771968722536,199.88040701349678,196.13207665820173,196.89981079101562,16129017,0.0,0.0
2022-02-22 00:00:00+05:30,194.19016349665955,195.90625710317562,192.38374337110923,194.0546875,25749340,0.0,0.0
2022-02-23 00:00:00+05:30,195.81596718781938,196.4482115490699,194.23534939374642,195.04823303222656,11014283,0.0,0.0
2022-02-24 00:00:00+05:30,189.67412056682778,192.65471664639927,186.96449027301594,188.31930541992188,41341523,0.0,0.0
2022-02-25 00:00:00+05:30,191.02894395128257,195.54499463571005,190.17089707761994,193.24180603027344,23633656,0.0,0.0
2022-02-28 00:00:00+05:30,192.56441616618739,195.4998493814704,190.39671715073607,194.9579315185547,20034633,0.0,0.0
2022-03-02 00:00:00+05:30,193.64825370607062,195.63532709297255,191.8869966421288,194.46115112304688,19295994,0.0,0.0
2022-03-03 00:00:00+05:30,195.13854580139582,198.88686222169517,195.09338253979976,198.16429138183594,28532668,0.0,0.0
2022-03-04 00:00:00+05:30,196.62883249119423,205.38996754786797,195.9965881888988,203.6738739013672,66835736,0.0,0.0
2022-03-07 00:00:00+05:30,200.51262667355746,205.0286768238628,198.79653312919797,203.17709350585938,45258669,0.0,0.0
2022-03-08 00:00:00+05:30,202.2287394037258,206.338348186768,202.0932633991203,204.93836975097656,36036336,0.0,0.0
2022-03-09 00:00:00+05:30,205.6609195347524,209.00279386435213,204.21579176670747,207.06089782714844,42294906,0.0,0.0
2022-03-10 00:00:00+05:30,208.64152868862809,209.99634380998282,205.79642244654,209.54473876953125,36132245,0.0,0.0
2022-03-11 00:00:00+05:30,209.45441320260744,214.1511166702078,207.87379555382827,213.4737091064453,41699184,0.0,0.0
2022-03-14 00:00:00+05:30,213.38337511198293,216.27364452643357,212.5253283176464,215.86720275878906,35113638,0.0,0.0
2022-03-15 00:00:00+05:30,215.8672231339788,218.03492195394773,213.06726619145033,214.8285369873047,32998305,0.0,0.0
2022-03-16 00:00:00+05:30,216.770422655867,219.48005293906536,215.95753908366444,219.1187744140625,21629521,0.0,0.0
2022-03-17 00:00:00+05:30,221.51231134771683,221.64778737095153,219.20912247946566,221.19618225097656,34223740,0.0,0.0
2022-03-21 00:00:00+05:30,222.0993733577952,223.770317670514,220.20264028643444,220.8348846435547,27975134,0.0,0.0
2022-03-22 00:00:00+05:30,220.8800314545102,226.47993128626675,219.9768213596497,225.57672119140625,36945426,0.0,0.0
2022-03-23 00:00:00+05:30,227.1121946624397,229.14441754648163,224.44772741529675,227.6089630126953,40491633,0.0,0.0
2022-03-24 00:00:00+05:30,227.56380292682402,231.6734120172316,227.1121978351725,230.18312072753906,38239419,0.0,0.0
2022-03-25 00:00:00+05:30,230.58954985071614,230.99599165443334,225.12512578638322,228.8282928466797,29284643,0.0,0.0
2022-03-28 00:00:00+05:30,229.41537091117266,233.02821139796276,228.1057189910898,232.17015075683594,24916402,0.0,0.0
2022-03-29 00:00:00+05:30,232.17015420091684,232.5766097872244,229.18957178061433,229.95730590820312,18122714,0.0,0.0
2022-03-30 00:00:00+05:30,230.40893519870164,231.5830974722521,224.58321818935886,225.07998657226562,17603827,0.0,0.0
2022-03-31 00:00:00+05:30,225.4412430958523,229.7314910065883,225.35091657444835,226.3896026611328,25656796,0.0,0.0
2022-04-01 00:00:00+05:30,225.80253066983434,230.63471033892588,224.71868127899768,228.7831268310547,14305709,0.0,0.0
2022-04-04 00:00:00+05:30,228.6024858589646,232.9378833899965,226.79606562707045,230.7250213623047,15907398,0.0,0.0
2022-04-05 00:00:00+05:30,231.26695398295766,236.50558952942805,230.40892085609397,234.337890625,27183142,0.0,0.0
2022-04-06 00:00:00+05:30,232.57659620977802,237.8603807043881,232.3959431677907,234.4733428955078,19597941,0.0,0.0
2022-04-07 00:00:00+05:30,233.02823824330042,236.82173221696263,231.041178503031,231.80889892578125,16061089,0.0,0.0
2022-04-08 00:00:00+05:30,233.02822067013324,242.82805639324303,231.22180035486087,241.87966918945312,37826800,0.0,0.0
2022-04-11 00:00:00+05:30,242.73773157707998,246.71185078595667,240.2539036260587,241.6087188720703,46147653,0.0,0.0
2022-04-12 00:00:00+05:30,241.06679083057273,242.64740864099173,237.63460318203494,239.1700439453125,23553762,0.0,0.0
2022-04-13 00:00:00+05:30,239.62165330850883,244.4086838723009,238.13136200200086,243.46029663085938,21414383,0.0,0.0
2022-04-18 00:00:00+05:30,242.06031498071832,246.12476056808114,241.38290738282453,243.95706176757812,24399444,0.0,0.0
2022-04-19 00:00:00+05:30,245.67316098183647,246.12476605717072,233.7507759674975,236.23460388183594,23380138,0.0,0.0
2022-04-20 00:00:00+05:30,237.4539363108949,239.75713866753944,232.62175663017834,234.4281768798828,24510612,0.0,0.0
2022-04-21 00:00:00+05:30,234.56369227057573,238.85394057983274,234.47336574078136,235.1959228515625,23412279,0.0,0.0
2022-04-22 00:00:00+05:30,234.83464931376358,237.54427988276854,233.5249835132295,235.82818603515625,15671273,0.0,0.0
2022-04-25 00:00:00+05:30,233.75077278306023,233.9314258362474,228.0605599368821,230.5443878173828,24208645,0.0,0.0
2022-04-26 00:00:00+05:30,231.76371178788713,235.46687862460357,231.44758274747522,233.88626098632812,20536714,0.0,0.0
2022-04-27 00:00:00+05:30,231.4024522065863,233.47982453281438,230.99599661225253,232.5766143798828,16580824,0.0,0.0
2022-04-28 00:00:00+05:30,234.38304421892943,238.17653804105137,233.16370495011967,235.82818603515625,27924384,0.0,0.0
2022-04-29 00:00:00+05:30,237.54426283613725,237.54426283613725,233.47981727430218,234.4281768798828,20419904,0.0,0.0
2022-05-02 00:00:00+05:30,233.02822171522595,238.89908776619095,232.1701610361087,237.67974853515625,18965820,0.0,0.0
2022-05-04 00:00:00+05:30,238.4474686447305,240.29903834164716,233.57013957157258,234.60882568359375,25951999,0.0,0.0
2022-05-05 00:00:00+05:30,236.64105352204663,239.53133695699046,235.1959118045747,236.6862030029297,17932895,0.0,0.0
2022-05-06 00:00:00+05:30,233.93140617655652,241.47321571083543,233.84107965755402,240.84095764160156,34490123,0.0,0.0
2022-05-09 00:00:00+05:30,240.38937087138527,240.38937087138527,235.33138862463903,237.49911499023438,21403710,0.0,0.0
2022-05-10 00:00:00+05:30,236.64104842772497,240.97644592302424,234.02174462582394,234.60882568359375,18033260,0.0,0.0
2022-05-11 00:00:00+05:30,233.93142969216578,236.8217132080855,227.38315608109164,230.90567016601562,17344099,0.0,0.0
2022-05-12 00:00:00+05:30,230.31859133558996,231.58308004977312,225.03480637454555,228.42184448242188,20044726,0.0,0.0
2022-05-13 00:00:00+05:30,230.27340437300447,235.60235205011514,229.86696259826607,233.57012939453125,11921627,0.0,0.0
2022-05-16 00:00:00+05:30,234.78949172708025,234.78949172708025,228.51217010000423,229.50570678710938,8186859,0.0,0.0
2022-05-17 00:00:00+05:30,230.31860747847801,239.80231484523887,230.1379681897757,239.0797576904297,17797974,0.0,0.0
2022-05-18 00:00:00+05:30,240.25386817183457,241.8796352016196,237.67971407152265,240.97642517089844,20200332,0.0,0.0
2022-05-19 00:00:00+05:30,237.18298285933636,252.22142583409087,237.18298285933636,248.96986389160156,78287713,0.0,0.0
2022-05-20 00:00:00+05:30,250.18920386178152,255.02138352854777,250.18920386178152,252.89883422851562,32370771,0.0,0.0
2022-05-23 00:00:00+05:30,252.89885418445468,253.3053097970519,246.62153231400404,247.9311981201172,21700165,0.0,0.0
2022-05-24 00:00:00+05:30,248.38279233411075,248.38279233411075,243.86674156439966,244.6344757080078,15547968,0.0,0.0
2022-05-25 00:00:00+05:30,246.53122246028383,247.38925556796556,244.31834655836263,246.305419921875,15288648,0.0,0.0
2022-05-26 00:00:00+05:30,247.96933266744676,247.96933266744676,243.90199417629273,246.53652954101562,18420159,6.25,0.0
2022-05-27 00:00:00+05:30,248.66259786426843,250.23408281520287,245.0112212955102,248.8474884033203,13468067,0.0,0.0
2022-05-30 00:00:00+05:30,250.04920246522607,250.51140062135403,247.36845880175125,248.7088165283203,11819102,0.0,0.0
2022-05-31 00:00:00+05:30,248.70881124190925,253.74678232075445,246.25916670856662,250.18785095214844,23208345,0.0,0.0
2022-06-01 00:00:00+05:30,250.18789315340524,253.37707218498065,249.77193167776989,251.29718017578125,14699792,0.0,0.0
2022-06-02 00:00:00+05:30,250.23405913792726,253.70054483963295,247.59952436256438,252.82235717773438,14240994,0.0,0.0
2022-06-03 00:00:00+05:30,254.20898597713432,254.8560746801199,251.06604415621163,252.0828857421875,12487862,0.0,0.0
2022-06-06 00:00:00+05:30,251.8055481353938,254.94848993401433,249.30969503516712,254.0240936279297,10925182,0.0,0.0
2022-06-07 00:00:00+05:30,252.54507819384241,254.20898023488175,251.66689043253294,253.192138671875,10828539,0.0,0.0
2022-06-08 00:00:00+05:30,253.2383662419647,253.65432763199303,246.07429524023743,247.645751953125,14361969,0.0,0.0
2022-06-09 00:00:00+05:30,247.55333116522357,251.15849949731944,245.658329932476,250.3727569580078,9860194,0.0,0.0
2022-06-10 00:00:00+05:30,248.7087902358148,250.5113741382865,248.43148265558855,249.7256317138672,8371061,0.0,0.0
2022-06-13 00:00:00+05:30,246.25915768619294,248.7550388689242,243.1162160485449,244.64146423339844,11092690,0.0,0.0
2022-06-14 00:00:00+05:30,243.30110513433354,247.22978921056205,243.1624231280811,245.38099670410156,7422193,0.0,0.0
2022-06-15 00:00:00+05:30,245.88941316920423,247.09111706221253,243.16243282924594,243.48597717285156,5059474,0.0,0.0
2022-06-16 00:00:00+05:30,246.81381299035027,247.64576402128415,239.8808407153404,240.99012756347656,14293357,0.0,0.0
2022-06-17 00:00:00+05:30,239.41863153285408,244.1792666336218,239.00264193138497,243.39352416992188,16654660,0.0,0.0
2022-06-20 00:00:00+05:30,243.3935227102633,246.02805767965287,241.5909669388225,244.133056640625,17081136,0.0,0.0
2022-06-21 00:00:00+05:30,244.96500145916767,250.37272505797463,244.13305049250528,249.49453735351562,13883034,0.0,0.0
2022-06-22 00:00:00+05:30,246.81380980864682,249.86430628619232,244.8725719546015,245.24232482910156,11320918,0.0,0.0
2022-06-23 00:00:00+05:30,245.42723083496094,247.04492444686747,242.56159650894466,245.42723083496094,9067252,0.0,0.0
2022-06-24 00:00:00+05:30,245.98187728847745,248.06176910059477,245.14992620569814,245.7507781982422,7013132,0.0,0.0
2022-06-27 00:00:00+05:30,246.81383662068512,250.18787780882516,246.35163842476624,249.5408172607422,8172964,0.0,0.0
2022-06-28 00:00:00+05:30,248.5701993684724,251.6669331131263,248.24665496941765,251.29718017578125,11240154,0.0,0.0
2022-06-29 00:00:00+05:30,248.89370432246074,254.2089830591521,248.80125905019014,253.33079528808594,16018449,0.0,0.0
2022-06-30 00:00:00+05:30,253.23834674607218,253.93164388641333,251.4357628970521,252.82235717773438,19262054,0.0,0.0
2022-07-01 00:00:00+05:30,252.82240562223177,263.45296381110074,250.6963052685933,262.85211181640625,35165665,0.0,0.0
2022-07-04 00:00:00+05:30,264.0537915643878,271.12541745961937,263.268049084843,269.8312683105469,39881736,0.0,0.0
2022-07-05 00:00:00+05:30,270.84814371960675,270.84814371960675,264.1462698562376,265.2093200683594,18568655,0.0,0.0
2022-07-06 00:00:00+05:30,264.46977483085215,268.07491459191783,263.7302408988803,267.4278259277344,18292925,0.0,0.0
2022-07-07 00:00:00+05:30,268.99931470034653,270.98676103974253,266.68832402422674,269.87750244140625,13794991,0.0,0.0
2022-07-08 00:00:00+05:30,270.7556638275029,272.188494982717,268.44467313554685,270.8943176269531,11110418,0.0,0.0
2022-07-11 00:00:00+05:30,270.8481068756621,274.49948342313706,269.96991913578773,272.6968994140625,12352667,0.0,0.0
2022-07-12 00:00:00+05:30,270.84813892827106,273.0204760600366,268.9069008911543,270.5708312988281,14074628,0.0,0.0
2022-07-13 00:00:00+05:30,270.8481511463422,272.5120534187366,270.57084350438976,271.8187561035156,9277570,0.0,0.0
2022-07-14 00:00:00+05:30,272.0497760161692,273.94480505234316,267.28914147951804,268.8606262207031,13414357,0.0,0.0
2022-07-15 00:00:00+05:30,269.9237338089453,271.77252650626684,267.6127429372934,271.3565368652344,11025420,0.0,0.0
2022-07-18 00:00:00+05:30,272.6969355307093,273.89863955569206,271.5414400411724,272.9742431640625,11315876,0.0,0.0
2022-07-19 00:00:00+05:30,272.6969318646913,273.25157533428046,270.5708314766614,272.3271789550781,9188419,0.0,0.0
2022-07-20 00:00:00+05:30,272.6044739431882,276.8567027323977,271.4027699900874,275.6549987792969,15789281,0.0,0.0
2022-07-21 00:00:00+05:30,276.39448639897046,279.3525657649666,275.4700901233886,276.90289306640625,16042840,0.0,0.0
2022-07-22 00:00:00+05:30,277.31886387484207,279.6298544071324,275.56251671236816,277.8272705078125,9967545,0.0,0.0
2022-07-25 00:00:00+05:30,276.394486058555,280.04586262674036,276.2095955195322,278.3357238769531,10640727,0.0,0.0
2022-07-26 00:00:00+05:30,278.24329324662017,280.78538313508597,277.7348865530618,279.58367919921875,9739177,0.0,0.0
2022-07-27 00:00:00+05:30,279.95341697859254,281.9408633238906,277.87352536390813,281.1551208496094,9346146,0.0,0.0
2022-07-28 00:00:00+05:30,281.8484449560648,282.1257807906949,279.53745405250515,280.5080871582031,10839070,0.0,0.0
2022-07-29 00:00:00+05:30,281.9408591365736,282.7728101280243,278.56681843159635,280.1382751464844,16932743,0.0,0.0
2022-08-01 00:00:00+05:30,281.0164745299797,285.4535654752659,280.18452350403055,284.2518615722656,15889556,0.0,0.0
2022-08-02 00:00:00+05:30,286.5628406089455,292.7100700960704,284.8989386250276,286.5166320800781,38982557,0.0,0.0
2022-08-03 00:00:00+05:30,287.39481206405054,287.39481206405054,280.69293870165313,284.85272216796875,17695228,0.0,0.0
2022-08-04 00:00:00+05:30,284.7140829305079,286.8864200494804,283.9283403712618,286.1006774902344,15901918,0.0,0.0
2022-08-05 00:00:00+05:30,286.10069200337364,288.22679248533706,285.73093907742435,287.3486328125,10088723,0.0,0.0
2022-08-08 00:00:00+05:30,287.4410459572302,290.2142349072842,286.60906670394456,289.4747009277344,8307140,0.0,0.0
2022-08-10 00:00:00+05:30,289.47467486969487,290.352862575627,287.2561295514289,287.672119140625,8923568,0.0,0.0
2022-08-11 00:00:00+05:30,289.33604970503825,289.7520393353944,282.2181867188945,283.09637451171875,10885990,0.0,0.0
2022-08-12 00:00:00+05:30,283.0963728934661,286.00821565830296,281.47867933407485,285.22247314453125,6422504,0.0,0.0
2022-08-16 00:00:00+05:30,285.2224356311983,287.94941569964607,285.2224356311983,287.07122802734375,8609864,0.0,0.0
2022-08-17 00:00:00+05:30,288.13436011583593,289.5671632067058,287.48727137202076,288.9200744628906,7975854,0.0,0.0
2022-08-18 00:00:00+05:30,289.3360608530091,292.10924993466733,288.96630795085565,291.78570556640625,9883851,0.0,0.0
2022-08-19 00:00:00+05:30,292.24785977071866,292.24785977071866,287.6721154007201,288.41162109375,10422413,0.0,0.0
2022-08-22 00:00:00+05:30,287.6721367859297,293.0336239847979,287.48724624376075,290.63018798828125,11355837,0.0,0.0
2022-08-23 00:00:00+05:30,289.28983251720115,292.10922993976374,288.5040900224478,292.01678466796875,9338887,0.0,0.0
2022-08-24 00:00:00+05:30,291.8781229630051,295.29840045446514,289.3822417437954,290.3528747558594,11346892,0.0,0.0
2022-08-25 00:00:00+05:30,291.60083323627305,292.47899282252763,288.0419017279329,288.7351989746094,7759104,0.0,0.0
2022-08-26 00:00:00+05:30,290.9537300742107,291.55458201609343,288.41164029596104,289.24359130859375,6956588,0.0,0.0
2022-08-29 00:00:00+05:30,286.5628562858038,291.13862930740527,285.49980617068184,289.8444519042969,11361400,0.0,0.0
2022-08-30 00:00:00+05:30,290.49153560930034,297.10096347433415,290.49153560930034,296.2690124511719,17829428,0.0,0.0
2022-09-01 00:00:00+05:30,295.34460408199504,297.5631494565064,292.10921718281827,293.5882568359375,13254985,0.0,0.0
2022-09-02 00:00:00+05:30,294.6051118419881,299.7355000184626,294.0042316792333,298.7186584472656,25758860,0.0,0.0
2022-09-05 00:00:00+05:30,300.4288005009764,304.6810291655191,299.2733051144342,303.98773193359375,17471906,0.0,0.0
2022-09-06 00:00:00+05:30,305.050795000882,305.050795000882,301.7229625042593,302.416259765625,11970750,0.0,0.0
2022-09-07 00:00:00+05:30,301.3532334267141,303.47933391215304,300.6599361105483,301.4456787109375,8085824,0.0,0.0
2022-09-08 00:00:00+05:30,304.12639245125166,305.6054322207416,302.7397979567931,304.9583435058594,10911130,0.0,0.0
2022-09-09 00:00:00+05:30,305.605415240598,308.1012682657458,305.05077183156436,305.5129699707031,9408098,0.0,0.0
2022-09-12 00:00:00+05:30,306.89956248914615,307.26931535610214,305.0507699440308,305.8827209472656,8712689,0.0,0.0
2022-09-13 00:00:00+05:30,306.6222500569915,309.67274642420034,305.60540853114355,309.11810302734375,10520207,0.0,0.0
2022-09-14 00:00:00+05:30,305.9752079149319,313.3703791032082,305.9289993791409,309.996337890625,12267025,0.0,0.0
2022-09-15 00:00:00+05:30,310.96688986532735,311.567741779978,307.73150302146325,308.8407897949219,8418672,0.0,0.0
2022-09-16 00:00:00+05:30,307.2230743159234,309.3029657090817,304.7734300949367,306.25244140625,12492851,0.0,0.0
2022-09-19 00:00:00+05:30,304.21884078904156,311.4291209486817,304.21884078904156,310.2274169921875,14365461,0.0,0.0
2022-09-20 00:00:00+05:30,313.13922711781095,313.9249695659299,309.67274120875766,310.5971374511719,9526068,0.0,0.0
2022-09-21 00:00:00+05:30,310.59720002685225,319.10165845458073,310.1350018125266,315.1729736328125,20992080,0.0,0.0
2022-09-22 00:00:00+05:30,315.2191275395128,322.38319861995626,315.1266822706013,318.9629211425781,24179987,0.0,0.0
2022-09-23 00:00:00+05:30,321.2277180489365,323.1227192022128,317.3452422588866,320.21087646484375,22838807,0.0,0.0
2022-09-26 00:00:00+05:30,318.7780469833832,319.79488848299815,306.6684506741531,307.4541931152344,16205789,0.0,0.0
2022-09-27 00:00:00+05:30,309.6727724606318,313.8787645039472,308.74837612492837,309.53411865234375,9991052,0.0,0.0
2022-09-28 00:00:00+05:30,306.8533420154042,308.1012543665138,299.78168823733336,300.382568359375,15552911,0.0,0.0
2022-09-29 00:00:00+05:30,304.1264146164773,309.58034771677177,302.97091912021403,307.8702087402344,18281337,0.0,0.0
2022-09-30 00:00:00+05:30,307.8701869698775,310.36606834945104,305.1894432501776,307.08447265625,12427919,0.0,0.0
2022-10-03 00:00:00+05:30,307.73154515046275,307.823990429296,298.81112584465444,299.8741760253906,9111289,0.0,0.0
2022-10-04 00:00:00+05:30,303.849063873113,308.7483527980497,303.2019752028752,307.685302734375,8803255,0.0,0.0
2022-10-06 00:00:00+05:30,309.67274984641494,313.64764251553333,307.4079677051951,311.197998046875,22235092,0.0,0.0
2022-10-07 00:00:00+05:30,311.336642719702,311.3828794579579,306.2524633936299,308.8407897949219,10506078,0.0,0.0
2022-10-10 00:00:00+05:30,305.05080103870534,306.3911870546774,301.3994241057734,303.0633544921875,9388996,0.0,0.0
2022-10-11 00:00:00+05:30,304.12640516009895,305.4667911782226,300.52126496592234,301.6305236816406,10609956,0.0,0.0
2022-10-12 00:00:00+05:30,303.15577262558384,306.3911596196228,300.1976932326139,305.1432189941406,10337544,0.0,0.0
2022-10-13 00:00:00+05:30,305.0045886330811,306.252501144129,303.2020044565972,303.8028564453125,7266724,0.0,0.0
2022-10-14 00:00:00+05:30,307.17686672081584,308.6559063827683,305.8365090664958,306.99200439453125,6424915,0.0,0.0
2022-10-17 00:00:00+05:30,306.0676565591843,309.4416978088333,304.68106194614995,307.1307067871094,6929063,0.0,0.0
2022-10-18 00:00:00+05:30,308.7021580205113,315.2191407010165,308.33237692942566,314.5720520019531,20887417,0.0,0.0
2022-10-19 00:00:00+05:30,317.1603847948832,321.1815144512752,314.1098599957451,320.1646728515625,16296080,0.0,0.0
2022-10-20 00:00:00+05:30,320.7655321551588,324.4169090070543,318.73184890923307,323.26141357421875,18474706,0.0,0.0
2022-10-21 00:00:00+05:30,326.4967922006882,326.4967922006882,318.4545329154945,319.47137451171875,27372160,0.0,0.0
2022-10-24 00:00:00+05:30,322.56809300558893,323.2613902151923,320.76550897648593,321.41259765625,3170564,0.0,0.0
2022-10-25 00:00:00+05:30,323.0302789417215,323.0764874698151,317.66876379713756,320.118408203125,17242211,0.0,0.0
2022-10-27 00:00:00+05:30,320.4420231406511,322.013508386797,317.8537243697128,319.6562805175781,18558597,0.0,0.0
2022-10-28 00:00:00+05:30,321.2739743019998,322.24460749885725,319.00921993001396,319.6562805175781,13069167,0.0,0.0
2022-10-31 00:00:00+05:30,321.6898864557094,324.0008770193281,318.6855987230053,322.33697509765625,13825970,0.0,0.0
2022-11-01 00:00:00+05:30,322.84540849284554,324.00090387041473,320.9504073577665,323.0765075683594,19665200,0.0,0.0
2022-11-02 00:00:00+05:30,322.15209633349343,329.31616734234444,322.15209633349343,327.8371276855469,16781507,0.0,0.0
2022-11-03 00:00:00+05:30,327.2362919823759,331.39607535503325,326.31189567734094,326.958984375,10736155,0.0,0.0
2022-11-04 00:00:00+05:30,327.236330071422,329.08512289668425,325.8497354524753,326.8665771484375,8386849,0.0,0.0
2022-11-07 00:00:00+05:30,328.16067276108885,329.4086133559093,323.53869145459464,326.7740783691406,10050303,0.0,0.0
2022-11-09 00:00:00+05:30,326.7740840538849,334.12304574319137,326.4967764548051,333.42974853515625,20611075,0.0,0.0
2022-11-10 00:00:00+05:30,331.85830268431243,332.6902537899212,327.3287660334746,329.0851135253906,19327625,0.0,0.0
2022-11-11 00:00:00+05:30,332.7826712570493,333.6608590347789,327.8371453615786,329.40863037109375,10950902,0.0,0.0
2022-11-14 00:00:00+05:30,329.40862949886673,329.96327292489383,320.3957655095198,320.9504089355469,17639889,0.0,0.0
2022-11-15 00:00:00+05:30,322.56810479158514,322.56810479158514,313.509003995565,319.1478271484375,15451411,0.0,0.0
2022-11-16 00:00:00+05:30,319.5638175790214,320.6268676998674,315.81999557473347,318.08477783203125,7604924,0.0,0.0
2022-11-17 00:00:00+05:30,318.0847797418522,321.18151305969485,316.6981852601617,317.71502685546875,9994270,0.0,0.0
2022-11-18 00:00:00+05:30,317.7149923776409,318.68559712536126,314.1098245482022,315.26531982421875,7838297,0.0,0.0
2022-11-21 00:00:00+05:30,313.4627987877399,314.294749836416,309.1181247852782,311.7064514160156,9198816,0.0,0.0
2022-11-22 00:00:00+05:30,311.5215603438132,315.2191456297931,310.31985641000443,314.5258483886719,6495845,0.0,0.0
2022-11-23 00:00:00+05:30,316.14351578678503,316.14351578678503,311.9837326843274,314.1098327636719,7768291,0.0,0.0
2022-11-24 00:00:00+05:30,314.10984934613884,316.6057306235097,312.0299576851085,314.988037109375,8140857,0.0,0.0
2022-11-25 00:00:00+05:30,315.2191407010165,316.0510917352862,312.26106123435034,314.5720520019531,6933254,0.0,0.0
2022-11-28 00:00:00+05:30,314.2947643662368,315.91245800635716,313.13926890900797,314.3409729003906,9902739,0.0,0.0
2022-11-29 00:00:00+05:30,314.2947372287542,318.91671865858876,314.2947372287542,316.42083740234375,10189855,0.0,0.0
2022-11-30 00:00:00+05:30,315.45023413265454,318.1309777330333,313.3703424790327,314.29473876953125,22556502,0.0,0.0
2022-12-01 00:00:00+05:30,315.86622828349124,315.86622828349124,311.33666382673266,313.8787536621094,16630417,0.0,0.0
2022-12-02 00:00:00+05:30,313.6939004970381,315.0342582504872,311.29046439490605,311.66021728515625,8388835,0.0,0.0
2022-12-05 00:00:00+05:30,312.1224173693555,313.2317042572627,308.88703019168634,311.29046630859375,9716390,0.0,0.0
2022-12-06 00:00:00+05:30,308.8408074283544,312.6308378753417,308.8408074283544,311.7988586425781,6327430,0.0,0.0
2022-12-07 00:00:00+05:30,312.90813684221763,315.68132564731854,311.1979981036717,314.3871765136719,9813208,0.0,0.0
2022-12-08 00:00:00+05:30,314.4796653028111,316.2822213493778,311.98378374868594,312.81573486328125,6200447,0.0,0.0
2022-12-09 00:00:00+05:30,314.0636797906855,316.6057699140833,312.44598607579604,315.58892822265625,8132228,0.0,0.0
2022-12-12 00:00:00+05:30,315.2191548836393,317.9923439295364,314.3872038119377,317.2528381347656,11214662,0.0,0.0
2022-12-13 00:00:00+05:30,318.4545329154945,319.8411273984357,316.5132949973094,319.47137451171875,10693426,0.0,0.0
2022-12-14 00:00:00+05:30,319.84114248484303,321.08908322042095,317.761250662326,319.2864990234375,7379878,0.0,0.0
2022-12-15 00:00:00+05:30,318.68562193850426,319.9335625758346,312.4459469621884,313.231689453125,8154931,0.0,0.0
2022-12-16 00:00:00+05:30,311.9837431744127,313.27789231884685,306.25247497863,309.76519775390625,12429280,0.0,0.0
2022-12-19 00:00:00+05:30,311.33665003366605,316.46706621851854,309.99629237877804,314.7569274902344,7812801,0.0,0.0
2022-12-20 00:00:00+05:30,314.3409348594947,315.17291405628566,311.29043850571077,314.4333801269531,5482218,0.0,0.0
2022-12-21 00:00:00+05:30,315.21915618872185,315.45025527683674,309.2105798977345,309.8114318847656,7045201,0.0,0.0
2022-12-22 00:00:00+05:30,310.2736337118648,311.8913273477039,304.95835462267934,307.3155822753906,6584445,0.0,0.0
2022-12-23 00:00:00+05:30,305.8827220912644,306.80711836727926,300.7523340435159,302.0002746582031,10073884,0.0,0.0
2022-12-26 00:00:00+05:30,301.8153933269751,309.76520718531185,300.8909970227577,309.3030090332031,9566210,0.0,0.0
2022-12-27 00:00:00+05:30,310.2273981437474,310.9669038858388,305.1894271184505,307.9626159667969,6727343,0.0,0.0
2022-12-28 00:00:00+05:30,307.6853001116046,309.67274642420034,306.43735952126093,309.11810302734375,7737562,0.0,0.0
2022-12-29 00:00:00+05:30,309.07194149209045,310.366090807971,306.48361464999016,309.996337890625,8105359,0.0,0.0
2022-12-30 00:00:00+05:30,310.04251293495105,311.2904535802353,305.51297671349005,306.48358154296875,6960264,0.0,0.0
2023-01-02 00:00:00+05:30,305.8827187318092,308.7483527980497,304.72722339948115,307.685302734375,5951893,0.0,0.0
2023-01-03 00:00:00+05:30,306.43737983876656,308.14751867148766,305.28188443967616,306.067626953125,5997051,0.0,0.0
2023-01-04 00:00:00+05:30,306.7609155549232,307.36176750346425,301.35319159738145,302.277587890625,6689769,0.0,0.0
2023-01-05 00:00:00+05:30,303.8028705972368,308.65595168732153,303.38690914429026,308.239990234375,8171437,0.0,0.0
2023-01-06 00:00:00+05:30,309.3954779776657,312.02998507798327,307.9164381356887,309.718994140625,8284135,0.0,0.0
2023-01-09 00:00:00+05:30,311.47534362377706,315.4964449483036,310.73580965981984,312.4921569824219,10618786,0.0,0.0
2023-01-10 00:00:00+05:30,312.35347807134957,312.8156761827929,307.4079526368389,308.1936950683594,6949605,0.0,0.0
2023-01-11 00:00:00+05:30,309.7652159788259,309.7652159788259,306.25249299687994,306.7146911621094,4584293,0.0,0.0
2023-01-12 00:00:00+05:30,308.1937047855816,308.37859532012203,303.29441593394307,304.912109375,6638422,0.0,0.0
2023-01-13 00:00:00+05:30,304.91213579686934,307.1306813519264,301.7229571668679,303.8952941894531,14412671,0.0,0.0
2023-01-16 00:00:00+05:30,305.3743410668377,307.0844799631381,302.78601435044465,305.2356872558594,8253942,0.0,0.0
2023-01-17 00:00:00+05:30,305.2357054334316,308.28620229797133,304.21886374180514,307.1307067871094,13712537,0.0,0.0
2023-01-18 00:00:00+05:30,308.74833024205867,311.1055292636657,307.2692906826648,309.34918212890625,12555527,0.0,0.0
2023-01-19 00:00:00+05:30,308.7483467079926,310.27359487451304,306.57600988399815,307.0382080078125,8346130,0.0,0.0
2023-01-20 00:00:00+05:30,306.8995730001707,309.85765245780084,304.35748316357285,309.3030090332031,13103664,0.0,0.0
2023-01-23 00:00:00+05:30,310.59718061852334,312.58462717386584,307.870200040267,312.2148742675781,7124807,0.0,0.0
2023-01-24 00:00:00+05:30,312.2610489178302,314.9880292001757,312.0761865899154,313.3241271972656,12302874,0.0,0.0
2023-01-25 00:00:00+05:30,313.27789608710333,315.2191339322725,309.90385528092185,313.6014404296875,12497542,0.0,0.0
2023-01-27 00:00:00+05:30,315.95867982223047,322.47569140115473,315.68137218497395,319.8411560058594,21040139,0.0,0.0
2023-01-30 00:00:00+05:30,320.6730492649704,325.1563766605661,316.00485954800723,318.7318115234375,14091519,0.0,0.0
2023-01-31 00:00:00+05:30,319.8411371056414,328.1607042557881,315.26536388892555,325.7110595703125,17134291,0.0,0.0
2023-02-01 00:00:00+05:30,326.3118895692622,338.05173370758814,304.21882393454365,334.0768127441406,64518967,0.0,0.0
2023-02-02 00:00:00+05:30,334.2617326741849,355.6152944402623,333.15244574724386,349.9764709472656,55745171,0.0,0.0
2023-02-03 00:00:00+05:30,353.0269553819378,353.35049974188536,343.8754372896831,351.8714599609375,22295321,0.0,0.0
2023-02-06 00:00:00+05:30,353.5815926546401,358.85066296656953,350.9008489667769,354.4135437011719,25790153,0.0,0.0
2023-02-07 00:00:00+05:30,354.8757291263704,354.8757291263704,340.59382341081016,345.0309143066406,20643707,0.0,0.0
2023-02-08 00:00:00+05:30,346.41753764945327,348.77473709515414,343.4594579984647,347.15704345703125,10420462,0.0,0.0
2023-02-09 00:00:00+05:30,345.7242231859552,351.2706010980294,344.01408435433166,345.955322265625,11861196,0.0,0.0
2023-02-10 00:00:00+05:30,344.0603091360207,348.45119149710735,342.30393362331733,343.2745666503906,10278597,0.0,0.0
2023-02-13 00:00:00+05:30,344.799801350309,346.7872476463202,342.02661259950224,345.9090881347656,9901148,0.0,0.0
2023-02-14 00:00:00+05:30,346.648621982732,358.34222985554874,345.4931265761229,357.23297119140625,29125052,0.0,0.0
2023-02-15 00:00:00+05:30,358.4536400514854,359.4865180917841,355.44890914429607,358.8761901855469,12209350,6.0,0.0
2023-02-16 00:00:00+05:30,358.68834830772823,361.7400161925453,357.7493735739384,359.20477294921875,9775280,0.0,0.0
2023-02-17 00:00:00+05:30,357.79633319423675,361.0827449677498,356.1061900299532,360.0029296875,7672135,0.0,0.0
2023-02-20 00:00:00+05:30,361.2236072601166,363.8527251669706,358.03107010220464,360.6132507324219,7804976,0.0,0.0
2023-02-21 00:00:00+05:30,361.5052762477518,362.3503477858554,358.4066710562937,358.923095703125,8259574,0.0,0.0
2023-02-22 00:00:00+05:30,358.6883669951583,361.4113881339696,356.8104174297386,360.42547607421875,8961077,0.0,0.0
2023-02-23 00:00:00+05:30,360.988859976256,369.95605752264197,359.7212383120729,363.9466247558594,18830592,0.0,0.0
2023-02-24 00:00:00+05:30,365.2611779246098,365.2611779246098,357.74937992101883,361.59918212890625,12910220,0.0,0.0
2023-02-27 00:00:00+05:30,361.59921145161604,363.19545146367983,355.02638766547227,358.8761901855469,8142319,0.0,0.0
2023-02-28 00:00:00+05:30,359.1578339600765,360.80103973636443,352.1155234902711,353.7117919921875,16367477,0.0,0.0
2023-03-01 00:00:00+05:30,351.4113030634748,357.1859920921882,350.80097520202685,355.5897521972656,7766667,0.0,0.0
2023-03-02 00:00:00+05:30,356.34095059313233,356.5756943023505,351.8338828382393,352.6319885253906,5019603,0.0,0.0
2023-03-03 00:00:00+05:30,353.9934827393155,361.8808649525926,353.1484111906135,361.4583435058594,8180709,0.0,0.0
2023-03-06 00:00:00+05:30,362.3503500269474,368.54758910342787,361.7400221709442,364.4630432128906,10714339,0.0,0.0
2023-03-08 00:00:00+05:30,364.32219128035626,369.1579053562523,361.5991703239984,368.45367431640625,8917699,0.0,0.0
2023-03-09 00:00:00+05:30,368.17201182668725,369.5804739770149,362.11561311818417,363.85272216796875,9634283,0.0,0.0
2023-03-10 00:00:00+05:30,363.33632299512834,366.3879912015694,360.096848360042,364.3222351074219,8362265,0.0,0.0
2023-03-13 00:00:00+05:30,365.4489671945421,367.0452070022886,359.15782519954155,360.2376403808594,8791872,0.0,0.0
2023-03-14 00:00:00+05:30,362.1625964302793,362.86682753924,354.1813105287248,356.52874755859375,10229766,0.0,0.0
2023-03-15 00:00:00+05:30,357.7494052329845,360.84801066660833,354.9324807823311,356.2470397949219,8423692,0.0,0.0
2023-03-16 00:00:00+05:30,357.3738322023997,359.0170381832848,353.8526765290745,358.1719665527344,15710094,0.0,0.0
2023-03-17 00:00:00+05:30,361.50531219593137,361.50531219593137,347.0920427188901,352.6319885253906,48904254,0.0,0.0
2023-03-20 00:00:00+05:30,350.5192631363395,356.20007757384315,349.298607421959,355.6836242675781,10122167,0.0,0.0
2023-03-21 00:00:00+05:30,355.683613516027,355.683613516027,351.2234835829592,353.946533203125,11610832,0.0,0.0
2023-03-22 00:00:00+05:30,353.94655502625034,355.7306013784287,351.36437437947643,354.6977233886719,4774867,0.0,0.0
2023-03-23 00:00:00+05:30,353.9934936185671,359.3925986273383,351.55215344877104,357.4207458496094,9752326,0.0,0.0
2023-03-24 00:00:00+05:30,358.2188700566884,359.62733219321535,354.93245840479216,355.5897521972656,9934501,0.0,0.0
2023-03-27 00:00:00+05:30,354.8855366830823,360.94190694244816,353.3831712738934,356.99822998046875,10816352,0.0,0.0
2023-03-28 00:00:00+05:30,356.99820316600574,359.01699310082785,355.07328777982707,356.5756530761719,9170535,0.0,0.0
2023-03-29 00:00:00+05:30,356.9982343384063,360.56632715545396,354.13434397384697,359.3926086425781,10160322,0.0,0.0
2023-03-31 00:00:00+05:30,358.68837008917654,361.0358070662,356.81042050755786,360.0968322753906,9511189,0.0,0.0
2023-04-03 00:00:00+05:30,360.56630380897883,360.56630380897883,355.4019426867148,355.77752685546875,7059200,0.0,0.0
2023-04-05 00:00:00+05:30,355.7775138548176,363.4301520525773,355.7775138548176,362.81982421875,11608424,0.0,0.0
2023-04-06 00:00:00+05:30,363.05458974264496,366.4818419282639,360.7541187451476,363.7118835449219,12897667,0.0,0.0
2023-04-10 00:00:00+05:30,363.71190097756244,366.2001785107547,361.27056072310995,364.8386535644531,6783022,0.0,0.0
2023-04-11 00:00:00+05:30,364.83864128162065,373.8058676722981,364.32221661191994,371.8340148925781,18237451,0.0,0.0
2023-04-12 00:00:00+05:30,373.477213786517,373.5241510627993,368.1720120809989,369.53350830078125,9747526,0.0,0.0
2023-04-13 00:00:00+05:30,371.36453184793885,372.39740985466943,369.6743886770972,371.45843505859375,6059044,0.0,0.0
2023-04-17 00:00:00+05:30,368.9231464530213,377.46782178161186,368.9231464530213,375.730712890625,11041243,0.0,0.0
2023-04-18 00:00:00+05:30,375.5898890860257,377.46783853145587,372.77296491788053,374.1814270019531,9494641,0.0,0.0
2023-04-19 00:00:00+05:30,371.880955327127,376.8575389234577,371.83401804956895,374.41619873046875,9744202,0.0,0.0
2023-04-20 00:00:00+05:30,375.5899010675435,378.0781784310689,373.4302705984993,375.87158203125,6667781,0.0,0.0
2023-04-21 00:00:00+05:30,375.8716252129992,384.04071796181296,374.69790663732135,383.33648681640625,14252204,0.0,0.0
2023-04-24 00:00:00+05:30,384.97968904776644,384.97968904776644,379.5336463721129,383.759033203125,5981760,0.0,0.0
2023-04-25 00:00:00+05:30,383.7590033994621,388.3130081505759,382.5383189943836,386.43505859375,8840188,0.0,0.0
2023-04-26 00:00:00+05:30,386.85760250056853,387.7965772639194,384.08761548658913,387.09234619140625,7620723,0.0,0.0
2023-04-27 00:00:00+05:30,387.04543253424794,391.92808440848825,385.91865128737226,390.613525390625,12614263,0.0,0.0
2023-04-28 00:00:00+05:30,392.491440663514,402.115931732416,388.45386075036134,399.5806884765625,12718721,0.0,0.0
2023-05-02 00:00:00+05:30,400.0032203611377,400.9421950568211,395.4961532839507,398.5478210449219,10253527,0.0,0.0
2023-05-03 00:00:00+05:30,398.125273749074,402.3506599091467,396.29426161761563,401.0830383300781,7325483,0.0,0.0
2023-05-04 00:00:00+05:30,399.3459858945335,400.9422545762531,398.1253300710335,398.688720703125,7984933,0.0,0.0
2023-05-05 00:00:00+05:30,399.9563008982786,405.54318339323555,398.4539355872389,402.5854187011719,12412416,0.0,0.0
2023-05-08 00:00:00+05:30,404.6981468909418,406.99864665902936,403.1488441710147,405.1206970214844,7243636,0.0,0.0
2023-05-09 00:00:00+05:30,406.3882730135886,406.7169199173865,395.77786946973293,397.9375,9992962,0.0,0.0
2023-05-10 00:00:00+05:30,398.07838532254664,400.33191915339347,396.4351793919987,399.3929443359375,9754485,0.0,0.0
2023-05-11 00:00:00+05:30,401.1769471307632,401.317787607018,393.3365025265932,394.7449645996094,15982423,0.0,0.0
2023-05-12 00:00:00+05:30,394.7449957373094,396.90465494609646,390.66044967232455,394.7919616699219,11135894,0.0,0.0
2023-05-15 00:00:00+05:30,394.36939824441885,402.53849009871885,393.47736076248606,401.6933898925781,9151102,0.0,0.0
2023-05-16 00:00:00+05:30,403.75915509321413,403.75915509321413,397.6558190278516,398.078369140625,7994197,0.0,0.0
2023-05-17 00:00:00+05:30,398.2661408331168,402.77323689813846,396.81074140949977,401.505615234375,9479691,0.0,0.0
2023-05-18 00:00:00+05:30,403.75916708900706,406.05966682870206,392.58537261456803,394.0877380371094,23995166,0.0,0.0
2023-05-19 00:00:00+05:30,395.26142407668016,397.2802140152409,386.24726093715236,394.2285461425781,25767521,0.0,0.0
2023-05-22 00:00:00+05:30,396.200441262397,399.76853415683973,393.52435726394606,398.8295593261719,15421680,0.0,0.0
2023-05-23 00:00:00+05:30,400.00323387487487,404.8859139194789,398.31309082763823,402.96099853515625,8732608,0.0,0.0
2023-05-24 00:00:00+05:30,402.1629126301634,408.2193118120697,400.94225679989364,407.04559326171875,11479706,0.0,0.0
2023-05-25 00:00:00+05:30,410.28505226253736,415.4494136869622,408.26623350879987,414.2287292480469,18204464,0.0,0.0
2023-05-26 00:00:00+05:30,416.34142941376825,417.60905115168424,412.6794333471956,416.52923583984375,12995706,0.0,0.0
2023-05-29 00:00:00+05:30,417.8437404887393,424.2287569711928,416.99866899183127,421.69354248046875,19826254,0.0,0.0
2023-05-30 00:00:00+05:30,420.40660077790994,430.368628238331,420.40660077790994,428.8909912109375,18900002,6.75,0.0
2023-05-31 00:00:00+05:30,428.3190118087211,430.8929414588594,421.7889097530884,424.69647216796875,14272292,0.0,0.0
2023-06-01 00:00:00+05:30,426.12642793041965,426.12642793041965,418.50000416432715,419.1673278808594,8803137,0.0,0.0
2023-06-02 00:00:00+05:30,419.4533251393337,424.12450407806733,419.262652899998,422.6945495605469,9203842,0.0,0.0
2023-06-05 00:00:00+05:30,424.21984146095434,425.9834578563144,419.5486625083111,420.0729675292969,7152179,0.0,0.0
2023-06-06 00:00:00+05:30,420.21595258548103,422.88521845255696,419.83463720232703,422.12255859375,6454486,0.0,0.0
2023-06-07 00:00:00+05:30,423.2665255825905,424.8394696902423,422.0748968506575,423.2188720703125,7543432,0.0,0.0
2023-06-08 00:00:00+05:30,424.88716137991537,424.93481489321226,421.2645925018827,422.2178955078125,7024424,0.0,0.0
2023-06-09 00:00:00+05:30,414.8297906822628,423.93385170109013,414.8297906822628,417.9757080078125,7057843,0.0,0.0
2023-06-12 00:00:00+05:30,419.453339011975,420.35898854002363,413.59053111473946,416.5457763671875,8719176,0.0,0.0
2023-06-13 00:00:00+05:30,420.40660802184766,425.5544382199422,417.83267837655154,424.60113525390625,16111860,0.0,0.0
2023-06-14 00:00:00+05:30,425.4114442359744,426.841398670381,423.02818684529666,423.7431640625,8704178,0.0,0.0
2023-06-15 00:00:00+05:30,424.2198039260956,427.79468991423687,423.98147819355285,427.175048828125,7498727,0.0,0.0
2023-06-16 00:00:00+05:30,428.0330412891174,434.32484682367095,426.98440218460877,431.94158935546875,11729681,0.0,0.0
2023-06-19 00:00:00+05:30,433.51456662651253,434.6108593272438,431.13130897600945,432.41827392578125,4189180,0.0,0.0
2023-06-20 00:00:00+05:30,433.5622010177843,433.5622010177843,429.12934780188493,431.7032775878906,4472119,0.0,0.0
2023-06-21 00:00:00+05:30,430.8929643617754,432.99024263947405,424.2674967462041,426.1741027832031,6059504,0.0,0.0
2023-06-22 00:00:00+05:30,427.07975562758395,428.65269980190885,425.03015994028186,426.74609375,6637099,0.0,0.0
2023-06-23 00:00:00+05:30,426.6030588734344,426.74604849366364,422.0272164711202,423.9814758300781,6090901,0.0,0.0
2023-06-26 00:00:00+05:30,426.0310921062915,430.32095547765323,423.2665193076913,424.88714599609375,5477339,0.0,0.0
2023-06-27 00:00:00+05:30,425.26848857929104,426.3171277334486,422.45623299666386,424.315185546875,4865596,0.0,0.0
2023-06-28 00:00:00+05:30,424.21985566581395,429.55835854437817,423.7432041425939,428.3667297363281,12082753,0.0,0.0
2023-06-30 00:00:00+05:30,428.9863366263169,430.8452890553635,425.74511234586214,430.5116271972656,9106074,0.0,0.0
2023-07-03 00:00:00+05:30,430.5116703648018,444.19157517851767,429.0340331572048,441.6176452636719,10699143,0.0,0.0
2023-07-04 00:00:00+05:30,443.28588063219775,446.1457895395023,438.3286935558708,444.5728454589844,7725081,0.0,0.0
2023-07-05 00:00:00+05:30,444.572844641175,458.20506543725025,442.6185561026132,452.91424560546875,16252992,0.0,0.0
2023-07-06 00:00:00+05:30,455.0592012369349,455.10685475081175,448.5290697483475,451.7702941894531,9471054,0.0,0.0
2023-07-07 00:00:00+05:30,450.91232985098054,453.29558740833244,445.7644993456003,446.5271301269531,7323451,0.0,0.0
2023-07-10 00:00:00+05:30,448.0524236760851,448.91039058377345,442.04662622976724,444.0962219238281,6521300,0.0,0.0
2023-07-11 00:00:00+05:30,444.2392174393755,452.38994680904216,444.2392174393755,451.0553283691406,8457557,0.0,0.0
2023-07-12 00:00:00+05:30,455.44050810250445,455.44050810250445,448.4814078417577,450.2449951171875,12340934,0.0,0.0
2023-07-13 00:00:00+05:30,451.77028476962056,454.48720413143354,449.0057118949244,449.9590148925781,7909757,0.0,0.0
2023-07-14 00:00:00+05:30,450.9123222031614,452.81892821670544,449.3393780604874,450.8169860839844,5081391,0.0,0.0
2023-07-17 00:00:00+05:30,452.3422897971406,453.5815721047904,448.6244137816915,450.2926940917969,6090738,0.0,0.0
2023-07-18 00:00:00+05:30,450.48332245846586,452.0562956875121,449.0057144407242,450.4356689453125,5352283,0.0,0.0
2023-07-19 00:00:00+05:30,450.6740119006126,458.0144569413878,446.2411585856639,456.4891662597656,13867323,0.0,0.0
2023-07-20 00:00:00+05:30,457.49012844334317,470.64572800514355,454.0582316405909,469.1680908203125,20250206,0.0,0.0
2023-07-21 00:00:00+05:30,468.83442117535986,474.45893235825145,464.25857824241405,467.5474853515625,13971982,0.0,0.0
2023-07-24 00:00:00+05:30,470.40735667766114,476.36550017042464,446.28877436345607,449.33935546875,38976815,0.0,0.0
2023-07-25 00:00:00+05:30,446.0504469480382,446.62243453969415,434.13416000727796,440.7119445800781,43534718,0.0,0.0
2023-07-26 00:00:00+05:30,443.1905740691204,450.9123344522358,440.473654607515,450.1973571777344,18143422,0.0,0.0
2023-07-27 00:00:00+05:30,452.24694617063204,452.9619234345272,439.56802766122485,443.33355712890625,13989457,0.0,0.0
2023-07-28 00:00:00+05:30,445.8598213394327,447.52810157671996,441.76060101517055,446.5747985839844,9978231,0.0,0.0
2023-07-31 00:00:00+05:30,447.0991355340851,447.7664593136736,441.8559686994637,443.9532470703125,8194797,0.0,0.0
2023-08-01 00:00:00+05:30,444.2392206566716,446.95614016373713,442.14194231270864,443.0952453613281,6438221,0.0,0.0
2023-08-02 00:00:00+05:30,442.90460988692246,443.09525304445185,436.6128038384361,438.61474609375,10318220,0.0,0.0
2023-08-03 00:00:00+05:30,438.61470924223676,442.0942593191873,433.0855344734196,434.7538146972656,10617897,0.0,0.0
2023-08-04 00:00:00+05:30,434.9921665459407,439.85401787996335,433.037906946309,433.7052307128906,6834401,0.0,0.0
2023-08-07 00:00:00+05:30,432.894870506347,435.23044525187333,429.8919720663863,433.6575012207031,9161131,0.0,0.0
2023-08-08 00:00:00+05:30,435.6594458936199,435.6594458936199,429.98728173349843,431.2265930175781,6392488,0.0,0.0
2023-08-09 00:00:00+05:30,431.2266245193712,438.4240506433787,426.03111145224057,437.232421875,9758343,0.0,0.0
2023-08-10 00:00:00+05:30,437.470743236553,437.85205862010605,428.0330493042465,430.6546325683594,13194170,0.0,0.0
2023-08-11 00:00:00+05:30,432.7042127342838,432.7042127342838,423.9814963678132,427.7947082519531,11582326,0.0,0.0
2023-08-14 00:00:00+05:30,427.7947263730974,430.1779839016383,424.2674935938571,428.2237243652344,7562808,0.0,0.0
2023-08-16 00:00:00+05:30,429.93967821967397,436.0408119590584,427.2704413000997,429.2247009277344,14920272,0.0,0.0
2023-08-17 00:00:00+05:30,428.98637421277107,428.98637421277107,419.45334367470946,420.4066467285156,16269569,0.0,0.0
2023-08-18 00:00:00+05:30,420.40660401367137,422.64687178099655,418.02334662130363,421.0262451171875,19324262,0.0,0.0
2023-08-21 00:00:00+05:30,421.3599228814374,427.55639233557616,420.7402817545232,426.8890686035156,9572041,0.0,0.0
2023-08-22 00:00:00+05:30,428.03303174284963,433.8958391653713,426.1264258108102,433.0378723144531,9854945,0.0,0.0
2023-08-23 00:00:00+05:30,434.3248488269224,434.3725023395069,427.65172788517754,429.41534423828125,8445029,0.0,0.0
2023-08-24 00:00:00+05:30,429.55832006509195,432.3228928336211,428.31900876023576,429.84429931640625,6088274,0.0,0.0
2023-08-25 00:00:00+05:30,429.8443069502242,429.9396430665213,421.40756977664984,422.6468811035156,9270988,0.0,0.0
2023-08-28 00:00:00+05:30,424.21982992706967,425.9834462744796,420.40661797266904,420.7879333496094,6910750,0.0,0.0
2023-08-29 00:00:00+05:30,422.26556431615614,423.2665208026768,418.69067816072817,419.54864501953125,9480003,0.0,0.0
2023-08-30 00:00:00+05:30,420.4066248233075,423.26653383571096,419.92997332124025,422.12255859375,7364924,0.0,0.0
2023-08-31 00:00:00+05:30,422.3132160473734,424.1244858733208,415.73543136761816,419.1673278808594,19900312,0.0,0.0
2023-09-01 00:00:00+05:30,419.4533281355541,424.2198432280035,417.8327013671215,420.45428466796875,11438624,0.0,0.0
2023-09-04 00:00:00+05:30,422.6468968062231,422.6468968062231,416.2597549794912,417.070068359375,13604608,0.0,0.0
2023-09-05 00:00:00+05:30,418.4046850589622,423.74318773076294,418.02336967365477,422.4085693359375,8378915,0.0,0.0
2023-09-06 00:00:00+05:30,423.21888984987083,427.55640697932796,421.35993731296094,426.5554504394531,12863039,0.0,0.0
2023-09-07 00:00:00+05:30,427.8423928224128,428.03306506746065,423.8385375089076,425.07781982421875,8090369,0.0,0.0
2023-09-08 00:00:00+05:30,426.9844246872204,426.9844246872204,421.21695294721746,421.9795837402344,9939517,0.0,0.0
2023-09-11 00:00:00+05:30,425.1731329309363,427.17507502556816,421.9795621005114,426.3171081542969,9320577,0.0,0.0
2023-09-12 00:00:00+05:30,427.9377098566991,433.08554022587157,424.7918216012322,430.0826416015625,14406441,0.0,0.0
2023-09-13 00:00:00+05:30,431.0836546727206,435.65949771632955,430.03501548991426,432.32293701171875,11813170,0.0,0.0
2023-09-14 00:00:00+05:30,434.61082549671943,434.61082549671943,426.2694243692613,428.9386901855469,14430930,0.0,0.0
2023-09-15 00:00:00+05:30,427.12741326481256,430.98830801269577,426.1264567148983,427.4134216308594,15077136,0.0,0.0
2023-09-18 00:00:00+05:30,427.41340912162184,432.7995652941171,425.36381347452175,430.94061279296875,8197425,0.0,0.0
2023-09-20 00:00:00+05:30,430.6069857270747,433.8482101762442,428.55736096028426,431.7986145019531,9959649,0.0,0.0
2023-09-21 00:00:00+05:30,431.65558259309836,432.3705598361915,423.74317940653367,426.60308837890625,10719470,0.0,0.0
2023-09-22 00:00:00+05:30,426.603096759317,427.4610636493834,421.59825595934734,422.4085693359375,7506309,0.0,0.0
2023-09-25 00:00:00+05:30,422.40856678508374,424.02916443597843,417.88037751721805,421.9319152832031,5782955,0.0,0.0
2023-09-26 00:00:00+05:30,422.88520250702686,423.7431693598972,419.1673267495903,421.7889099121094,5327833,0.0,0.0
2023-09-27 00:00:00+05:30,421.78891291380467,428.7956665058578,418.3093337811548,428.176025390625,10490786,0.0,0.0
2023-09-28 00:00:00+05:30,428.9387038305098,428.9387038305098,419.07201179309044,420.1683044433594,10216736,0.0,0.0
2023-09-29 00:00:00+05:30,421.3599362289736,424.79183293078637,418.69069940117447,423.6478576660156,8160058,0.0,0.0
2023-10-03 00:00:00+05:30,420.4066250938255,422.21789498434674,418.73834483551667,419.2149963378906,7481883,0.0,0.0
2023-10-04 00:00:00+05:30,419.2149932383376,421.0739457208511,413.0661772661766,415.7354431152344,13396709,0.0,0.0
2023-10-05 00:00:00+05:30,419.45333326428005,419.9299847793531,414.73447162805707,415.6877746582031,10030257,0.0,0.0
2023-10-06 00:00:00+05:30,417.4037080670132,422.8852001029364,416.25973287469105,421.5028991699219,8418580,0.0,0.0
2023-10-09 00:00:00+05:30,420.3589757258243,422.50390750765865,416.8317429364748,419.88232421875,5611154,0.0,0.0
2023-10-10 00:00:00+05:30,419.88232818010255,424.0768556634295,419.88232818010255,423.6478576660156,5014758,0.0,0.0
2023-10-11 00:00:00+05:30,426.3170977226447,428.4620293945872,424.0291473319078,427.31805419921875,7651513,0.0,0.0
2023-10-12 00:00:00+05:30,428.652700888149,431.36962033750393,425.3161402888534,429.6536865234375,11774487,0.0,0.0
2023-10-13 00:00:00+05:30,428.84337618359393,430.70229964664895,426.1264567148983,427.4134216308594,7632483,0.0,0.0
2023-10-16 00:00:00+05:30,427.07973261721656,429.9396415409925,425.36379889995015,427.9853820800781,4214958,0.0,0.0
2023-10-17 00:00:00+05:30,428.7956892375749,433.2762250944736,428.0330584541664,432.2752685546875,6936218,0.0,0.0
2023-10-18 00:00:00+05:30,433.03788928156285,436.8034477818804,429.9396545206051,430.5592956542969,6894947,0.0,0.0
2023-10-19 00:00:00+05:30,428.7480346347414,433.65753938515513,425.9834616862802,429.36767578125,9465463,0.0,0.0
2023-10-20 00:00:00+05:30,424.21981353292745,428.033025339965,416.9270517704676,417.8326721191406,13020371,0.0,0.0
2023-10-23 00:00:00+05:30,417.54668072850967,419.40563306738176,412.8755022192243,415.54473876953125,7275471,0.0,0.0
2023-10-25 00:00:00+05:30,416.4980874429905,417.54672659311694,407.10804679128915,412.4942321777344,10889221,0.0,0.0
2023-10-26 00:00:00+05:30,409.49132745547905,416.2121316426804,409.49132745547905,414.06719970703125,18801214,0.0,0.0
2023-10-27 00:00:00+05:30,414.06716584388477,416.40274074952777,412.0175702026065,413.49517822265625,13132487,0.0,0.0
2023-10-30 00:00:00+05:30,414.2578233796388,416.7364170960637,408.3473620016256,410.34930419921875,7618033,0.0,0.0
2023-10-31 00:00:00+05:30,409.92027959344944,413.11385038087474,407.91833752577253,408.3949890136719,8620154,0.0,0.0
2023-11-01 00:00:00+05:30,409.9203092733017,410.9689484411055,405.63044557160435,408.1090393066406,7990245,0.0,0.0
2023-11-02 00:00:00+05:30,409.967962395701,412.4942387360577,408.6333439527296,411.0166015625,8152031,0.0,0.0
2023-11-03 00:00:00+05:30,412.58952618352487,414.11481679988236,410.9689285413003,413.0185241699219,13802600,0.0,0.0
2023-11-06 00:00:00+05:30,413.25686088211535,416.402749224149,412.3512113723635,415.0204772949219,7308229,0.0,0.0
2023-11-07 00:00:00+05:30,414.59148138548767,414.59148138548767,411.9698980564213,412.4942321777344,5124012,0.0,0.0
2023-11-08 00:00:00+05:30,412.92320734749313,417.07008140395243,412.11289394226543,416.5457763671875,6979849,0.0,0.0
2023-11-09 00:00:00+05:30,417.3560621865961,417.54673443292626,413.6381861231591,414.1148376464844,7785767,0.0,0.0
2023-11-10 00:00:00+05:30,414.1148026348453,417.54669913113503,412.30353281784454,416.1643981933594,4079205,0.0,0.0
2023-11-13 00:00:00+05:30,417.9280275727703,417.9280275727703,414.6868032052976,415.6401062011719,3744754,0.0,0.0
2023-11-15 00:00:00+05:30,417.6420336357252,421.8365608516831,417.0700460397997,421.312255859375,7436428,0.0,0.0
2023-11-16 00:00:00+05:30,421.3122686451719,423.7431796360056,417.1653948144863,418.1663513183594,10857863,0.0,0.0
2023-11-17 00:00:00+05:30,418.7383117675781,420.8832433588748,417.8326623475876,418.7383117675781,6655278,0.0,0.0
2023-11-20 00:00:00+05:30,419.3103320959937,419.73930099226175,414.210155206482,416.4027404785156,4335388,0.0,0.0
2023-11-21 00:00:00+05:30,416.7364153982298,418.7860111023558,415.16347121099346,415.8784484863281,5997810,0.0,0.0
2023-11-22 00:00:00+05:30,416.593398222804,419.83462250489373,414.49612005012943,419.1673278808594,4886687,0.0,0.0
2023-11-23 00:00:00+05:30,420.3589749305944,421.5982572096434,417.7850451602628,419.7869873046875,6366606,0.0,0.0
2023-11-24 00:00:00+05:30,420.4066298708405,421.5982586403157,416.45042817468277,417.3560485839844,6821878,0.0,0.0
2023-11-28 00:00:00+05:30,417.5467236917092,418.50002671383635,414.591478504615,414.9251403808594,8745691,0.0,0.0
2023-11-29 00:00:00+05:30,415.6401128843229,418.0233704123293,413.8764964950983,416.7840881347656,13785216,0.0,0.0
2023-11-30 00:00:00+05:30,416.3074283400449,417.97570857643217,414.21015012015863,415.4494323730469,15127505,0.0,0.0
2023-12-01 00:00:00+05:30,417.45138474639833,429.89200655648096,416.9747332385599,428.7956848144531,19336856,0.0,0.0
2023-12-04 00:00:00+05:30,433.7528785191329,435.0874969422303,429.9396664002834,432.84722900390625,12800220,0.0,0.0
2023-12-05 00:00:00+05:30,433.7528673350382,436.4221041124081,429.08168842839143,430.6546325683594,12136292,0.0,0.0
2023-12-06 00:00:00+05:30,432.70425577929944,442.8092740960077,430.9883218977361,441.6176452636719,20417559,0.0,0.0
2023-12-07 00:00:00+05:30,443.0475583406352,443.0952118524623,436.04077564466667,436.7080993652344,11310918,0.0,0.0
2023-12-08 00:00:00+05:30,438.47171497583224,440.0446590660381,427.55638427539213,428.176025390625,18667895,0.0,0.0
2023-12-11 00:00:00+05:30,430.4163109486505,432.4182530971441,428.3190326802288,431.32196044921875,6599973,0.0,0.0
2023-12-12 00:00:00+05:30,432.9902284599774,438.5193741492072,431.2266121150081,431.94158935546875,10158101,0.0,0.0
2023-12-13 00:00:00+05:30,434.99213867786455,437.42307873538607,431.94158659357043,434.37249755859375,11283868,0.0,0.0
2023-12-14 00:00:00+05:30,438.5194099687349,439.47271303388436,428.4620742684088,438.61474609375,14370803,0.0,0.0
2023-12-15 00:00:00+05:30,440.3306398433888,441.3316254260688,433.7528551118407,436.8034362792969,15789845,0.0,0.0
2023-12-18 00:00:00+05:30,433.7528665340916,434.7061695374632,429.3200133869133,430.5592956542969,12027620,0.0,0.0
2023-12-19 00:00:00+05:30,432.17993036427407,436.61278359317214,430.9406189815449,434.801513671875,10268755,0.0,0.0
2023-12-20 00:00:00+05:30,437.5660599330048,437.804385673709,428.3190095566808,429.93963623046875,10367665,0.0,0.0
2023-12-21 00:00:00+05:30,428.03301799742775,432.56120694060763,423.6955012783278,430.3686218261719,11154625,0.0,0.0
2023-12-22 00:00:00+05:30,431.8462642181272,434.6108371330326,429.5106602029059,433.94354248046875,11026317,0.0,0.0
2023-12-26 00:00:00+05:30,434.7538178827009,437.47073722851377,433.4668821174462,435.1351623535156,5871301,0.0,0.0
2023-12-27 00:00:00+05:30,435.65948565563684,437.0894402037407,432.56125080141186,435.75482177734375,7543383,0.0,0.0
2023-12-28 00:00:00+05:30,435.85013275712913,442.99990508521523,434.80149366384353,442.42791748046875,20696101,0.0,0.0
2023-12-29 00:00:00+05:30,442.4279071792955,446.0504467708486,439.8063240533697,440.52130126953125,12888266,0.0,0.0
2024-01-01 00:00:00+05:30,441.85593397875033,448.00474987500087,441.0456206222098,446.1934509277344,9346277,0.0,0.0
2024-01-02 00:00:00+05:30,448.0523855130168,449.3393503111813,441.95125246495604,448.38604736328125,10519771,0.0,0.0
2024-01-03 00:00:00+05:30,448.2907460344094,458.2527742499516,447.4327791332262,454.9638671875,24036012,0.0,0.0
2024-01-04 00:00:00+05:30,457.5854612308564,458.9677622819914,452.056315211317,454.153564453125,11786959,0.0,0.0
2024-01-05 00:00:00+05:30,457.0134464738247,457.0134464738247,449.959010183515,451.8179626464844,9209405,0.0,0.0
2024-01-08 00:00:00+05:30,452.81892114756056,453.29557264350535,442.85689324531484,443.7625427246094,8003177,0.0,0.0
2024-01-09 00:00:00+05:30,445.66912789030147,448.00473174832973,441.99890572447015,442.85687255859375,5696780,0.0,0.0
2024-01-10 00:00:00+05:30,442.856911993434,444.9541903013777,438.56704834832163,441.665283203125,5896123,0.0,0.0
2024-01-11 00:00:00+05:30,442.4279247557901,444.7634996325391,439.5680157775271,441.0456237792969,6534775,0.0,0.0
2024-01-12 00:00:00+05:30,441.61761764960903,445.8598276644624,438.85304474995695,444.9065246582031,9354326,0.0,0.0
2024-01-15 00:00:00+05:30,448.05241726822385,448.529068775956,444.33454132641293,445.7644958496094,6902156,0.0,0.0
2024-01-16 00:00:00+05:30,445.9551316185768,452.81892485335345,442.5709176066723,450.2449951171875,12066347,0.0,0.0
2024-01-17 00:00:00+05:30,449.3870613605252,454.72556437079993,443.4765997822753,444.81121826171875,11108698,0.0,0.0
2024-01-18 00:00:00+05:30,443.524216976637,446.00281057404965,433.3238633264188,443.7625427246094,9143784,0.0,0.0
2024-01-19 00:00:00+05:30,446.6701053757446,450.91231532819955,444.6205097609343,449.48236083984375,12203322,0.0,0.0
2024-01-23 00:00:00+05:30,451.62729059578845,451.62729059578845,435.08747793436123,437.85205078125,8404513,0.0,0.0
2024-01-24 00:00:00+05:30,438.6147333145018,445.5738338503356,436.7081272397528,441.9512939453125,21626183,0.0,0.0
2024-01-25 00:00:00+05:30,441.90358529145817,443.2382327391162,430.9882836123851,434.37249755859375,19677700,0.0,0.0
2024-01-29 00:00:00+05:30,434.61083902858184,435.8978039182455,426.6030995153961,428.7956848144531,17869152,0.0,0.0
2024-01-30 00:00:00+05:30,426.1264336922432,432.5135753197079,416.97471923068866,417.5943603515625,43514448,0.0,0.0
2024-01-31 00:00:00+05:30,419.45330025966376,421.8365576475028,418.21401805498647,420.930908203125,19882944,0.0,0.0
2024-02-01 00:00:00+05:30,421.3599286209755,426.84142090507186,418.7859988679654,422.2178955078125,19165409,0.0,0.0
2024-02-02 00:00:00+05:30,424.21982377745763,426.3171019589746,418.97665741616316,419.54864501953125,17156021,0.0,0.0
2024-02-05 00:00:00+05:30,421.35991877398544,422.93286287851083,416.16440587608514,417.5943603515625,12041897,0.0,0.0
2024-02-06 00:00:00+05:30,419.45332504722836,420.3112919390524,409.4436434267831,411.2549133300781,18764371,0.0,0.0
2024-02-07 00:00:00+05:30,414.68678101170514,414.68678101170514,410.6828970063174,411.6361999511719,12880824,0.0,0.0
2024-02-08 00:00:00+05:30,414.97343538790636,415.07017169638107,395.2404387699193,400.9958801269531,48183882,6.25,0.0
2024-02-09 00:00:00+05:30,396.691389568744,410.33038232876737,395.24043352022613,401.9148254394531,32283965,0.0,0.0
2024-02-12 00:00:00+05:30,403.89777301800166,404.33307162550864,392.7737770283046,393.5476379394531,10906914,0.0,0.0
2024-02-13 00:00:00+05:30,393.59598691107794,397.3684665612606,390.11368664945735,393.4508972167969,15606705,0.0,0.0
2024-02-14 00:00:00+05:30,392.72543803904443,398.7710882551627,391.17774567976284,398.0939636230469,12150077,0.0,0.0
2024-02-15 00:00:00+05:30,399.49656437346596,400.99587381199336,389.968613774405,390.694091796875,20383983,0.0,0.0
2024-02-16 00:00:00+05:30,391.75813152774265,396.15935304934135,386.34122306439144,391.3712158203125,37518847,0.0,0.0
2024-02-19 00:00:00+05:30,391.75809884697617,399.2547044421961,391.37118317182285,395.869140625,16949793,0.0,0.0
2024-02-20 00:00:00+05:30,397.0299216792301,397.0299216792301,391.0809787170626,392.8221435546875,14084218,0.0,0.0
2024-02-21 00:00:00+05:30,393.692732594672,396.69138093362346,388.17908792241377,390.1620788574219,19414653,0.0,0.0
2024-02-22 00:00:00+05:30,393.5960067310359,401.57626503587414,390.258825515424,400.899169921875,18604659,0.0,0.0
2024-02-23 00:00:00+05:30,402.30175131216487,402.30175131216487,397.0783153094912,397.9488830566406,11147636,0.0,0.0
2024-02-26 00:00:00+05:30,397.65867244095426,399.5448974917922,393.98289960177095,395.82080078125,7982145,0.0,0.0
2024-02-27 00:00:00+05:30,396.5946375607967,399.25472354443616,395.19203496151306,397.70703125,7783743,0.0,0.0
2024-02-28 00:00:00+05:30,397.70704823481293,398.86782488515695,393.49926977703626,394.9502258300781,8617768,0.0,0.0
2024-02-29 00:00:00+05:30,395.627327031124,397.6102883782601,391.27445912980363,393.0155944824219,14895144,0.0,0.0
2024-03-01 00:00:00+05:30,395.5306041211922,399.641646167186,394.17638440999644,396.1109924316406,12395632,0.0,0.0
2024-03-04 00:00:00+05:30,398.77109241290947,399.4482170520853,395.09534885109537,395.7240905761719,6840352,0.0,0.0
2024-03-05 00:00:00+05:30,396.2560779179112,397.94885991885906,390.74246282668935,392.8705139160156,9733507,0.0,0.0
2024-03-06 00:00:00+05:30,393.2090872718917,396.54629797546767,387.5987357189732,394.51495361328125,11106855,0.0,0.0
2024-03-07 00:00:00+05:30,394.5149492676676,401.3828136928496,390.4522605880456,400.028564453125,23020545,0.0,0.0
2024-03-11 00:00:00+05:30,403.1722954052632,404.6232514053106,394.6600320128952,396.0142517089844,17620081,0.0,0.0
2024-03-12 00:00:00+05:30,393.209096750642,393.209096750642,386.2928786896107,391.22613525390625,34882639,0.0,0.0
2024-03-13 00:00:00+05:30,420.7772262372134,423.6791381422977,407.380060371453,408.6375732421875,101612428,0.0,0.0
2024-03-14 00:00:00+05:30,408.15392452290826,411.58784183015007,404.3330620094071,405.9291076660156,30764728,0.0,0.0
2024-03-15 00:00:00+05:30,403.55922311020487,414.53809941835743,401.6729685840798,405.3970947265625,73253754,0.0,0.0
2024-03-18 00:00:00+05:30,405.3003958914546,406.94482458007053,403.26905148780463,403.80108642578125,15933704,0.0,0.0
2024-03-19 00:00:00+05:30,404.3330626952011,405.8323720527878,395.3371475101316,396.1593322753906,20994563,0.0,0.0
2024-03-20 00:00:00+05:30,396.5946318722728,403.0271974364901,396.1593332732836,402.1082763671875,19609321,0.0,0.0
2024-03-21 00:00:00+05:30,405.3004030131445,408.202315206556,402.591963440538,407.4768371582031,19227982,0.0,0.0
2024-03-22 00:00:00+05:30,407.4767967437474,415.60214417545416,407.4767967437474,414.58648681640625,38861818,0.0,0.0
2024-03-26 00:00:00+05:30,411.6362276078986,415.16691101426824,411.6362276078986,413.6675720214844,10274145,0.0,0.0
2024-03-27 00:00:00+05:30,413.03882998172367,414.87670177557925,412.50682456132074,414.0061340332031,12227545,0.0,0.0
2024-03-28 00:00:00+05:30,414.00613372320214,419.0844799896667,413.03882967244704,414.3446960449219,27933211,0.0,0.0
2024-04-01 00:00:00+05:30,415.07015039434873,417.2465843843356,411.82967610530204,412.7486267089844,9382308,0.0,0.0
2024-04-02 00:00:00+05:30,414.6832444753989,414.6832444753989,410.71729209620065,411.9264221191406,8853678,0.0,0.0
2024-04-03 00:00:00+05:30,412.07149984131144,414.7799392060673,407.23497989012236,411.29766845703125,12664520,0.0,0.0
2024-04-04 00:00:00+05:30,411.6362042773332,413.37736918448314,406.1709425960888,408.9277648925781,18358410,0.0,0.0
2024-04-05 00:00:00+05:30,408.68595769523364,417.5851666884606,406.21934419634465,413.5708312988281,16147032,0.0,0.0
2024-04-08 00:00:00+05:30,414.2962989860594,417.2949473449791,413.764293584218,415.0701599121094,8516632,0.0,0.0
2024-04-09 00:00:00+05:30,416.3760169857699,417.3916743739029,411.63620378841523,412.4100646972656,6708894,0.0,0.0
2024-04-10 00:00:00+05:30,414.2963096000423,423.4856980039077,411.829696099547,422.66351318359375,14008124,0.0,0.0
2024-04-12 00:00:00+05:30,420.777259501656,421.50273753527955,414.296310593375,416.0374755859375,18088372,0.0,0.0
2024-04-15 00:00:00+05:30,414.00610623857693,415.11849991914147,409.0728500032744,411.9747619628906,8746243,0.0,0.0
2024-04-16 00:00:00+05:30,409.411412302518,413.03880225203824,409.363058911101,411.9747619628906,9973638,0.0,0.0
2024-04-18 00:00:00+05:30,412.07149091390767,412.94205858230606,403.99449686645244,405.1552734375,21312388,0.0,0.0
2024-04-19 00:00:00+05:30,404.3330938867992,412.3133523187755,402.39848578207767,410.8623962402344,16582634,0.0,0.0
2024-04-22 00:00:00+05:30,413.0388072671017,413.6191955700269,409.50815357732154,411.3943786621094,7112139,0.0,0.0
2024-04-23 00:00:00+05:30,411.39439130966053,416.4243840632832,411.200948215922,415.1669006347656,12021404,0.0,0.0
2024-04-24 00:00:00+05:30,415.2152407697488,416.7145501573963,414.2962901645614,414.8766784667969,5845170,0.0,0.0
2024-04-25 00:00:00+05:30,416.9080363864676,423.96934398835106,414.97342832898977,423.2438659667969,29211997,0.0,0.0
2024-04-26 00:00:00+05:30,424.8882915150036,428.80586099482395,422.13146914931184,425.61376953125,14773975,0.0,0.0
2024-04-29 00:00:00+05:30,427.5483629778191,427.98366158061606,420.3903193658559,423.87261962890625,11627882,0.0,0.0
2024-04-30 00:00:00+05:30,425.5654001909435,426.09740557501135,420.873969957729,421.4059753417969,12064043,0.0,0.0
2024-05-02 00:00:00+05:30,421.7445418720636,428.1287541438068,420.63214818163135,424.6464538574219,23228909,0.0,0.0
2024-05-03 00:00:00+05:30,425.6621108512844,425.6621108512844,417.2465838133825,422.1798400878906,22904276,0.0,0.0
2024-05-06 00:00:00+05:30,423.67916903460144,426.0490757377969,419.1812111577099,420.5354309082031,10355056,0.0,0.0
2024-05-07 00:00:00+05:30,422.6151208626737,431.4175933575566,420.9707217388715,425.95233154296875,25968921,0.0,0.0
2024-05-08 00:00:00+05:30,426.82291121709915,430.16012199089994,423.8726456783534,426.5810852050781,10511646,0.0,0.0
2024-05-09 00:00:00+05:30,425.66213611195843,427.064738794733,409.50817616160026,411.2009582519531,23412609,0.0,0.0
2024-05-10 00:00:00+05:30,412.5551747734316,422.08312551095855,412.5551747734316,419.18121337890625,13985963,0.0,0.0
2024-05-13 00:00:00+05:30,419.0844442610241,421.21252479916876,415.45705437994195,417.730224609375,7302959,0.0,0.0
2024-05-14 00:00:00+05:30,416.42437460983024,419.1328140188945,414.5381199900985,415.6505432128906,11000103,0.0,0.0
2024-05-15 00:00:00+05:30,416.66621128679606,419.0844713639104,412.79699516341316,413.8126525878906,7565080,0.0,0.0
2024-05-16 00:00:00+05:30,415.9407505605204,418.4557470492605,409.07288575196094,417.3433532714844,23025186,0.0,0.0
2024-05-17 00:00:00+05:30,418.2622492576985,423.1955056272513,414.87668521268046,422.03472900390625,11453714,0.0,0.0
2024-05-21 00:00:00+05:30,421.7445779709404,422.8086183606024,419.03613836068945,420.58380126953125,10760726,0.0,0.0
2024-05-22 00:00:00+05:30,423.05041538686777,427.50001974428443,421.16416075629445,425.51702880859375,10627595,0.0,0.0
2024-05-23 00:00:00+05:30,426.9679700902208,430.35353401405314,422.2765398918124,426.91961669921875,26234369,0.0,0.0
2024-05-24 00:00:00+05:30,426.581066215027,427.9836688302202,421.0674215784872,421.9380187988281,12761457,0.0,0.0
2024-05-27 00:00:00+05:30,424.4530007968746,424.5497371047964,416.6178616914134,417.3916931152344,11827050,0.0,0.0
2024-05-28 00:00:00+05:30,417.9720675164556,418.35898321547427,414.2479411838771,414.9734191894531,9310198,0.0,0.0
2024-05-29 00:00:00+05:30,411.58786144687093,418.26225329610827,411.58786144687093,416.85968017578125,10430363,0.0,0.0
2024-05-30 00:00:00+05:30,414.4897791495067,416.85968584403645,408.54086523603036,409.9918212890625,20524428,0.0,0.0
2024-05-31 00:00:00+05:30,412.79698481398987,415.5054242245428,410.37872479750484,412.5068054199219,28214102,0.0,0.0
2024-06-03 00:00:00+05:30,419.8099506946286,420.680518421146,414.6348682095298,416.279296875,15519148,0.0,0.0
2024-06-04 00:00:00+05:30,419.3803344203138,419.67566066664534,396.59007108196676,408.7481689453125,46019632,7.5,0.0
2024-06-05 00:00:00+05:30,415.4424817749132,429.2249337769245,411.55384937128696,423.6134948730469,27151351,0.0,0.0
2024-06-06 00:00:00+05:30,429.2249599027475,430.8985554793465,424.4011074171002,428.63427734375,31119999,0.0,0.0
2024-06-07 00:00:00+05:30,424.69641696142224,434.78714096569547,424.4010907152272,432.32598876953125,28448041,0.0,0.0
2024-06-10 00:00:00+05:30,433.16279671779216,434.1472576194235,429.0772899846946,430.1109619140625,11432393,0.0,0.0
2024-06-11 00:00:00+05:30,430.20941958526544,430.9969762994265,425.5332302419473,426.2715759277344,12670589,0.0,0.0
2024-06-12 00:00:00+05:30,423.85962143215255,427.6498018428237,423.51508415756945,425.5824279785156,10352936,0.0,0.0
2024-06-13 00:00:00+05:30,430.11094253981014,430.11094253981014,423.07205341888374,423.6134948730469,9283802,0.0,0.0
2024-06-14 00:00:00+05:30,424.30265425427365,425.18866306886986,422.38294345317945,424.4503173828125,9217804,0.0,0.0
2024-06-18 00:00:00+05:30,426.2715748422695,427.4529399538657,421.54617448261024,422.0876159667969,14098178,0.0,0.0
2024-06-19 00:00:00+05:30,423.3181968832955,424.0565425755338,416.4761814512086,417.0668640136719,10909803,0.0,0.0
2024-06-20 00:00:00+05:30,417.46063571953096,419.8725769597397,414.9502724232832,416.7222900390625,14585806,0.0,0.0
2024-06-21 00:00:00+05:30,418.3958863672613,418.69121262264605,412.04610148622487,413.0798034667969,25205627,0.0,0.0
2024-06-24 00:00:00+05:30,413.4735810623463,417.36221366349196,413.4735810623463,416.7222900390625,9362433,0.0,0.0
2024-06-25 00:00:00+05:30,416.42696378422016,417.41142469151146,413.22746583552345,416.7222900390625,10260449,0.0,0.0
2024-06-26 00:00:00+05:30,416.4269632566786,419.77412432855624,415.4917133785916,417.3622131347656,11084805,0.0,0.0
2024-06-27 00:00:00+05:30,417.36221776131833,420.61092676993167,414.5564981393179,418.986572265625,37012589,0.0,0.0
2024-06-28 00:00:00+05:30,418.8881068564861,421.34925907068407,416.91918508512776,418.29742431640625,17866326,0.0,0.0
2024-07-01 00:00:00+05:30,419.6756671117038,423.5642996605048,418.05131264521106,422.3829345703125,12894747,0.0,0.0
2024-07-02 00:00:00+05:30,423.31819671021225,423.95809030121785,415.98395081963196,418.88812255859375,10763335,0.0,0.0
2024-07-03 00:00:00+05:30,419.4787963268975,422.9736205114528,418.8881137770588,421.64459228515625,7159756,0.0,0.0
2024-07-04 00:00:00+05:30,423.3181844369949,424.79487577805423,420.41401278223344,422.3829345703125,9127340,0.0,0.0
2024-07-05 00:00:00+05:30,422.333731273456,427.2560358337527,420.9554920052455,426.9114685058594,12929586,0.0,0.0
2024-07-08 00:00:00+05:30,428.38814177180336,437.6420679454509,426.91145046611405,436.70684814453125,20521107,0.0,0.0
2024-07-09 00:00:00+05:30,440.6447120214378,447.9297167913498,437.1006467150754,445.5670166015625,26470260,0.0,0.0
2024-07-10 00:00:00+05:30,446.6499124642689,448.2742669046541,439.5617821237638,444.43487548828125,11618210,0.0,0.0
2024-07-11 00:00:00+05:30,443.00739907391306,452.3597774988068,441.72761193837766,451.5229797363281,18831345,0.0,0.0
2024-07-12 00:00:00+05:30,451.5229697095595,456.0514956970912,448.7664913049896,451.916748046875,18962800,0.0,0.0
2024-07-15 00:00:00+05:30,451.9167469539115,459.2017813717555,450.09551839281175,456.19915771484375,16251032,0.0,0.0
2024-07-16 00:00:00+05:30,456.24842150117684,459.49713049213176,454.23025860636676,458.3157653808594,12996711,0.0,0.0
2024-07-18 00:00:00+05:30,455.8053772848759,463.5826120549305,455.46080997588035,462.9427185058594,21094737,0.0,0.0
2024-07-19 00:00:00+05:30,463.6810791782459,471.9505446453639,462.1059357456134,467.1759033203125,24977373,0.0,0.0
2024-07-22 00:00:00+05:30,467.22512935123507,471.9997705225947,458.6110968412321,459.3002014160156,18066586,0.0,0.0
2024-07-23 00:00:00+05:30,459.3002201785132,489.67084490595585,459.15255705241043,484.5516662597656,54044423,0.0,0.0
2024-07-24 00:00:00+05:30,488.2926050541632,502.7149511907397,483.0257332450073,486.3728942871094,42073323,0.0,0.0
2024-07-25 00:00:00+05:30,482.3858504329142,488.29261594841927,477.11897850624956,482.3366394042969,17878994,0.0,0.0
2024-07-26 00:00:00+05:30,486.37289046738874,498.53098846206757,479.82623156051926,494.3962707519531,20736094,0.0,0.0
2024-07-29 00:00:00+05:30,497.64499510476014,498.33412976616734,486.37290555240105,488.3418273925781,12496895,0.0,0.0
2024-07-30 00:00:00+05:30,488.58792772093403,490.06461905602856,481.05680792062435,482.2873840332031,13375906,0.0,0.0
2024-07-31 00:00:00+05:30,484.7977793763697,490.212314294584,482.8780686152943,487.6527099609375,11538215,0.0,0.0
2024-08-01 00:00:00+05:30,488.2433878208188,489.0309445112929,483.3210833969507,486.0283508300781,11665529,0.0,0.0
2024-08-02 00:00:00+05:30,477.26661713306316,491.6889928943478,477.26661713306316,481.49981689453125,21320064,0.0,0.0
2024-08-05 00:00:00+05:30,472.59044366661044,484.2563113560555,472.09821321594495,478.447998046875,24094139,0.0,0.0
2024-08-06 00:00:00+05:30,478.69410562345536,484.0594294673253,476.5282796577885,478.7433166503906,13722855,0.0,0.0
2024-08-07 00:00:00+05:30,482.3858440311079,487.8988311144217,480.51537431802717,484.9946594238281,10900585,0.0,0.0
2024-08-08 00:00:00+05:30,486.32366607187976,490.26150952185446,484.8469747781392,487.06201171875,20558134,0.0,0.0
2024-08-09 00:00:00+05:30,490.26152672448166,490.26152672448166,485.43767433767226,488.19415283203125,9201793,0.0,0.0
2024-08-12 00:00:00+05:30,484.35476332433785,492.2304505328637,484.35476332433785,486.91436767578125,9076097,0.0,0.0
2024-08-13 00:00:00+05:30,488.24338802442486,490.1138576976023,480.6630271911621,482.3858337402344,7757706,0.0,0.0
2024-08-14 00:00:00+05:30,484.3055510351403,491.24598835223065,482.2873881671949,484.5516662597656,9253598,0.0,0.0
2024-08-16 00:00:00+05:30,486.8159136133657,496.36519633252993,484.9946549450679,494.8392639160156,13137392,0.0,0.0
2024-08-19 00:00:00+05:30,496.90663740724074,501.38592246805916,491.8366697999701,493.6579284667969,10198725,0.0,0.0
2024-08-20 00:00:00+05:30,493.214898207233,495.57759829775694,489.9661893381827,491.049072265625,6633171,0.0,0.0
2024-08-21 00:00:00+05:30,492.23045638634073,501.09060460129484,491.29520650186157,497.5465393066406,8474830,0.0,0.0
2024-08-22 00:00:00+05:30,499.9584556733267,500.5983492261037,493.6579121538828,496.709716796875,8364290,0.0,0.0
2024-08-23 00:00:00+05:30,497.20196194750406,499.0724616787253,492.1812354283462,497.9403076171875,7891446,0.0,0.0
2024-08-26 00:00:00+05:30,498.13721467996254,500.10613647711654,494.1993710856545,497.8418884277344,7825037,0.0,0.0
2024-08-27 00:00:00+05:30,499.6631217580969,499.7123628295066,492.2304539212314,492.8211364746094,7954114,0.0,0.0
2024-08-28 00:00:00+05:30,492.6242224574722,494.494692136421,488.78483100207995,489.5723876953125,7782216,0.0,0.0
2024-08-29 00:00:00+05:30,490.2615120175877,499.81079444973267,489.6216184623816,497.2511901855469,18670632,0.0,0.0
2024-08-30 00:00:00+05:30,494.1501627020691,501.23826318373165,492.4273561203413,494.1009216308594,14947670,0.0,0.0
2024-09-02 00:00:00+05:30,496.1682911795252,504.9300171814726,495.4791565355421,502.124267578125,15885469,0.0,0.0
2024-09-03 00:00:00+05:30,502.12426857447565,507.93261190235586,500.00768365427365,501.484375,12018677,0.0,0.0
2024-09-04 00:00:00+05:30,492.23044830372953,502.1242682972896,492.1812372762441,498.4817810058594,8414967,0.0,0.0
2024-09-05 00:00:00+05:30,500.4506892036239,503.9455132742936,499.17087204678484,503.25640869140625,10898888,0.0,0.0
2024-09-06 00:00:00+05:30,504.043988134581,504.043988134581,489.42473754817695,493.904052734375,13716752,0.0,0.0
2024-09-09 00:00:00+05:30,494.19935805446994,504.6838903825459,492.5750036233218,503.7978515625,13736044,0.0,0.0
2024-09-10 00:00:00+05:30,503.9455141342374,506.9973488446933,500.84446839754895,505.61907958984375,10911995,0.0,0.0
2024-09-11 00:00:00+05:30,505.0284237419471,511.4274193644084,503.9947518510479,506.357421875,14922832,0.0,0.0
2024-09-12 00:00:00+05:30,507.09577727525766,512.4118900831442,500.6475705028914,511.42742919921875,18377550,0.0,0.0
2024-09-13 00:00:00+05:30,511.42743191583526,511.9196623604126,504.04397524717547,505.8652038574219,8825193,0.0,0.0
2024-09-16 00:00:00+05:30,507.8833892081681,508.9662721354692,501.779719768696,503.157958984375,7531604,0.0,0.0
2024-09-17 00:00:00+05:30,503.10872478211223,505.5698770020489,498.3833245371786,499.8600158691406,10486015,0.0,0.0
2024-09-18 00:00:00+05:30,499.9584780124717,504.4377931687783,497.25121051614315,499.46624755859375,5429619,0.0,0.0
2024-09-19 00:00:00+05:30,502.07504039788796,506.80044052546475,499.6138882390748,500.35223388671875,13925311,0.0,0.0
2024-09-20 00:00:00+05:30,504.04397758405685,509.31081933076297,500.1061340091814,506.4067077636719,23808194,0.0,0.0
2024-09-23 00:00:00+05:30,507.440392362762,511.37823603602163,505.61910361184385,508.9170837402344,7804918,0.0,0.0
2024-09-24 00:00:00+05:30,508.96627578106046,509.7538324689862,506.1605863032238,507.24346923828125,6755320,0.0,0.0
2024-09-25 00:00:00+05:30,507.48958814270446,511.23052750255124,504.3393012814088,509.5077209472656,8476223,0.0,0.0
2024-09-26 00:00:00+05:30,509.6062263974957,515.6114140587638,508.96630275585846,514.626953125,15489991,0.0,0.0
2024-09-27 00:00:00+05:30,512.1657566566794,520.2875586603653,512.1657566566794,514.5776977539062,17251962,0.0,0.0
2024-09-30 00:00:00+05:30,512.5103002296557,516.2020284586056,506.06209360710113,510.0984191894531,10531347,0.0,0.0
2024-10-01 00:00:00+05:30,510.0984216431326,511.6735349937055,506.0128850154202,508.1787109375,5089315,0.0,0.0
2024-10-03 00:00:00+05:30,500.6475703863655,507.68648973948297,500.20458101471934,504.7823181152344,15870147,0.0,0.0
2024-10-04 00:00:00+05:30,502.07506566839953,509.31082934481265,493.75635893556813,495.72528076171875,18228912,0.0,0.0
2024-10-07 00:00:00+05:30,499.12168569957805,506.9481620193131,498.87557046994317,502.27197265625,16479772,0.0,0.0
2024-10-08 00:00:00+05:30,502.0750480669117,504.5854112899015,498.1372045526614,500.0569152832031,9502367,0.0,0.0
2024-10-09 00:00:00+05:30,501.87813528703543,501.87813528703543,482.9272636989434,484.0594177246094,23952459,0.0,0.0
2024-10-10 00:00:00+05:30,487.6527000928454,487.94802633779057,481.8443869431517,484.4039611816406,12799333,0.0,0.0
2024-10-11 00:00:00+05:30,485.3392309395476,486.27448082584317,479.82624380864075,480.61383056640625,14394986,0.0,0.0
2024-10-14 00:00:00+05:30,483.3702900100209,491.2459770162941,481.0568009432557,489.22784423828125,6712103,0.0,0.0
2024-10-15 00:00:00+05:30,490.2615370282201,491.63977630436585,486.8159238161744,490.802978515625,8037662,0.0,0.0
2024-10-16 00:00:00+05:30,488.29261134305926,491.0983309451345,484.6993350303565,485.5361328125,6682083,0.0,0.0
2024-10-17 00:00:00+05:30,487.30813484787245,487.30813484787245,480.4169086985086,481.30291748046875,7385299,0.0,0.0
2024-10-18 00:00:00+05:30,481.1552482363825,483.911726643717,470.9660722650574,479.1371154785156,21778099,0.0,0.0
2024-10-21 00:00:00+05:30,479.1371146286561,480.02312339777336,469.93239953961444,476.1344909667969,7395274,0.0,0.0
2024-10-22 00:00:00+05:30,476.1344910295771,480.8106801351941,473.3287715575346,474.313232421875,12299288,0.0,0.0
2024-10-23 00:00:00+05:30,473.5256968042597,475.78994487558367,472.04900544208425,472.88580322265625,10162570,0.0,0.0
2024-10-24 00:00:00+05:30,474.5101437787425,474.90392212175374,462.69661322823436,464.3702087402344,13092399,0.0,0.0
2024-10-25 00:00:00+05:30,468.4064850948429,485.83145507537773,466.83137168653263,474.80548095703125,30961625,0.0,0.0
2024-10-28 00:00:00+05:30,474.46094354444614,478.3495460797567,468.60338916256904,476.6267395019531,8614446,0.0,0.0
2024-10-29 00:00:00+05:30,477.4635346378099,481.5982824190287,473.8210173046714,480.3677062988281,6866704,0.0,0.0
2024-10-30 00:00:00+05:30,480.36770796031675,485.5853387106688,478.94022763860187,483.9117431640625,6393835,0.0,0.0
2024-10-31 00:00:00+05:30,484.3547546175632,485.3392155009322,477.168202186314,481.2044677734375,7810874,0.0,0.0
2024-11-01 00:00:00+05:30,483.3702869698092,484.453199935033,481.6966914741577,482.68115234375,1461602,0.0,0.0
2024-11-04 00:00:00+05:30,485.7822482492164,485.7822482492164,472.09821756010734,477.06976318359375,8429731,0.0,0.0
2024-11-05 00:00:00+05:30,475.44539609395673,477.5127399163142,469.5386307881079,472.7381286621094,7327830,0.0,0.0
2024-11-06 00:00:00+05:30,472.73813670553255,476.87285446395987,470.5723107058593,473.6241455078125,11313985,0.0,0.0
2024-11-07 00:00:00+05:30,474.26402681523876,475.19927666439344,468.70182887683046,470.4738464355469,8924280,0.0,0.0
2024-11-08 00:00:00+05:30,470.4738578698389,473.23036641450005,467.22514891878234,470.62152099609375,6090462,0.0,0.0
2024-11-11 00:00:00+05:30,470.621518202255,474.01792030276613,466.7329156982704,469.53863525390625,5488948,0.0,0.0
2024-11-12 00:00:00+05:30,470.1785392016451,470.5231065307061,463.82875427999784,465.5023498535156,5041916,0.0,0.0
2024-11-13 00:00:00+05:30,462.745842268009,467.32360956921764,460.97382463379876,464.8624572753906,11120381,0.0,0.0
2024-11-14 00:00:00+05:30,463.8779838870745,465.6007904464379,455.0670468946998,458.7095642089844,11639562,0.0,0.0
2024-11-18 00:00:00+05:30,458.75875996130276,460.53077748887324,454.82091652815853,459.3002014160156,8135260,0.0,0.0
2024-11-19 00:00:00+05:30,460.72769263669977,466.3883427064883,459.00488609372064,460.0877990722656,6857374,0.0,0.0
2024-11-21 00:00:00+05:30,453.8364756459176,456.8390693785076,448.32348858818403,450.0462951660156,19559847,0.0,0.0
2024-11-22 00:00:00+05:30,449.11106772624726,469.0956116731522,448.4219330894456,467.27435302734375,19464568,0.0,0.0
2024-11-25 00:00:00+05:30,471.5567561042518,474.70704290141606,465.05930836220153,469.39093017578125,13891991,0.0,0.0
2024-11-26 00:00:00+05:30,472.5412121658805,475.1500274327074,466.7328991083471,469.58782958984375,6539846,0.0,0.0
2024-11-27 00:00:00+05:30,470.0800767280806,472.63968106029864,465.65000270655946,469.53863525390625,7067013,0.0,0.0
2024-11-28 00:00:00+05:30,469.58785120196785,476.28217333173683,463.2380663539044,467.5204772949219,14412539,0.0,0.0
2024-11-29 00:00:00+05:30,465.8469116490473,471.4583207741302,465.2562290981537,469.34173583984375,8346687,0.0,0.0
2024-12-02 00:00:00+05:30,468.60339440899054,471.85210340330434,466.04379002749573,469.7847595214844,5478598,0.0,0.0
2024-12-03 00:00:00+05:30,458.7587635598344,466.04376795962304,455.5592657453077,465.20697021484375,22218251,0.0,0.0
2024-12-04 00:00:00+05:30,467.0282270823781,470.7691963852625,459.1525401837095,459.8416748046875,13439484,0.0,0.0
2024-12-05 00:00:00+05:30,460.2846846607758,465.40389339018634,455.3131691019803,460.2354736328125,26415053,0.0,0.0
2024-12-06 00:00:00+05:30,462.69661135373104,467.5697047034182,460.4323633580681,463.8287353515625,7551407,0.0,0.0
2024-12-09 00:00:00+05:30,464.1733043956207,464.6655348350646,455.7561758984743,457.72509765625,11703384,0.0,0.0
2024-12-10 00:00:00+05:30,458.1188940909571,459.201807109172,455.41162656710134,458.21734619140625,8823805,0.0,0.0
2024-12-11 00:00:00+05:30,459.9401269589082,460.92458782136873,457.47897480275685,458.0204162597656,6745816,0.0,0.0
2024-12-12 00:00:00+05:30,458.2665402985409,460.6292404052638,452.0152076928852,453.44268798828125,12884401,0.0,0.0
2024-12-13 00:00:00+05:30,452.8520157185007,467.0282467236247,444.63176116363366,462.6966247558594,31753858,0.0,0.0
2024-12-16 00:00:00+05:30,462.9427375890153,467.02824430973016,460.72770056705826,462.7950744628906,9007264,0.0,0.0
2024-12-17 00:00:00+05:30,462.69662049416445,468.4064816658965,455.8546052588739,462.25360107421875,19844152,0.0,0.0
2024-12-18 00:00:00+05:30,465.35466872085993,466.4375516512094,459.6447776064562,463.1888427734375,12365167,0.0,0.0
2024-12-19 00:00:00+05:30,461.71214253616097,466.9790141366636,458.06962534315807,459.3002014160156,14599270,0.0,0.0
2024-12-20 00:00:00+05:30,459.2510071983129,460.1862570652578,452.16287674189437,457.42974853515625,19481288,0.0,0.0
2024-12-23 00:00:00+05:30,463.8779909705442,470.27698686017874,460.3339256999202,466.8805847167969,18837469,0.0,0.0
2024-12-24 00:00:00+05:30,467.52046567590173,472.78733739001206,465.3054286969793,471.01531982421875,11564497,0.0,0.0
2024-12-26 00:00:00+05:30,473.08267043643343,474.36248762422355,468.60338538757355,469.53863525390625,8848065,0.0,0.0
2024-12-27 00:00:00+05:30,472.2951184150244,474.4117033487016,468.603390027205,471.1629943847656,16279450,0.0,0.0
2024-12-30 00:00:00+05:30,473.2795578098897,473.9686924283094,468.60336873116484,469.58782958984375,13074810,0.0,0.0
2024-12-31 00:00:00+05:30,471.01531249891843,477.1189518310075,467.17589109380793,476.1344909667969,13276195,0.0,0.0
2025-01-01 00:00:00+05:30,478.4480034586798,479.2848012429488,474.65782293701153,476.42987060546875,18229128,0.0,0.0
2025-01-02 00:00:00+05:30,477.8081047301229,482.38584191513485,474.8054809534092,481.4505920410156,26124980,0.0,0.0
2025-01-03 00:00:00+05:30,482.63194408756465,483.3702897439964,472.3935569937165,474.1163635253906,37072992,0.0,0.0
2025-01-06 00:00:00+05:30,448.5203869733974,454.5748154312155,434.3933672095806,435.7716064453125,22009958,0.0,0.0
2025-01-07 00:00:00+05:30,438.57731885333885,440.6446926949899,433.31044717493506,434.2456970214844,14294780,0.0,0.0
2025-01-08 00:00:00+05:30,436.1161851173055,445.0255443760588,430.30787173051056,442.56439208984375,13482926,0.0,0.0
2025-01-09 00:00:00+05:30,442.416730818138,453.4919161525875,439.118780732096,443.1058654785156,19732649,0.0,0.0
2025-01-10 00:00:00+05:30,442.95817870039383,444.9763114584693,435.623933230913,437.98663330078125,9145729,0.0,0.0
2025-01-13 00:00:00+05:30,428.24048450001703,437.10063245518984,428.24048450001703,432.2275390625,17799607,0.0,0.0
2025-01-14 00:00:00+05:30,434.1472653461442,434.63949580572034,429.0772976211827,429.8156433105469,18048459,0.0,0.0
2025-01-15 00:00:00+05:30,429.8156399121767,434.93481862527545,428.58506377296607,430.5539855957031,9786805,0.0,0.0
2025-01-16 00:00:00+05:30,431.2430799586227,432.6213492364726,424.4010948132372,426.1239013671875,15774070,0.0,0.0
2025-01-17 00:00:00+05:30,426.2715800243392,434.93482413681886,425.77934956241734,433.3597106933594,11270061,0.0,0.0
2025-01-20 00:00:00+05:30,432.1783161492716,434.34414205164654,429.22493357877545,430.8985290527344,8742771,0.0,0.0
2025-01-21 00:00:00+05:30,431.19387391423885,440.05402200836704,428.486606441033,430.7508544921875,15686500,0.0,0.0
2025-01-22 00:00:00+05:30,433.06434221127984,435.0825050744213,429.7663922004777,430.20941162109375,9619648,0.0,0.0
2025-01-23 00:00:00+05:30,428.2405018720267,434.9840652090289,427.35449304924,433.3597106933594,8888248,0.0,0.0
2025-01-24 00:00:00+05:30,432.5721195288663,438.085106654995,432.2275522003527,434.7379455566406,9665384,0.0,0.0
2025-01-27 00:00:00+05:30,433.95033504469205,438.08508267378915,429.76637638994237,433.26123046875,10480203,0.0,0.0
2025-01-28 00:00:00+05:30,433.16278718375287,434.9348047503417,427.748252343956,428.6835021972656,20813072,0.0,0.0
2025-01-29 00:00:00+05:30,429.1757236276085,430.7016259421734,423.4166215920523,426.6161193847656,15158510,0.0,0.0
2025-01-30 00:00:00+05:30,426.27155767395334,431.1938620350844,424.7456553393473,429.4218444824219,22496695,0.0,0.0
2025-01-31 00:00:00+05:30,429.71716468853657,441.23536874907893,428.3389254954586,440.5462341308594,13546181,0.0,0.0
2025-02-01 00:00:00+05:30,441.03847200847565,464.17330257142027,432.7197655972211,455.36236572265625,30393007,0.0,0.0
2025-02-03 00:00:00+05:30,454.820945476,457.97123244036516,445.2716625255007,447.2898254394531,16991730,0.0,0.0
2025-02-04 00:00:00+05:30,450.88308156805977,453.19657063717955,441.7768184577878,448.0773620605469,18923681,0.0,0.0
2025-02-05 00:00:00+05:30,448.0773836968217,448.7665183611929,439.5618027101026,441.1861572265625,12836283,0.0,0.0
2025-02-06 00:00:00+05:30,443.0073927811504,443.0073927811504,431.3907664989004,434.2456970214844,17469129,0.0,0.0
2025-02-07 00:00:00+05:30,433.16277913738065,438.5773138765979,421.74302713326836,424.15496826171875,18875982,0.0,0.0
2025-02-10 00:00:00+05:30,420.36480234653885,426.56689397037235,419.87257189882627,420.56170654296875,12227140,0.0,0.0
2025-02-11 00:00:00+05:30,422.1368273770192,423.8596339743609,411.0124310801005,411.79998779296875,14288751,0.0,0.0
2025-02-12 00:00:00+05:30,413.1499938964844,413.79998779296875,407.6000061035156,409.8999938964844,13884574,6.5,0.0
2025-02-13 00:00:00+05:30,409.95001220703125,413.95001220703125,409.0,409.70001220703125,12989029,0.0,0.0
2025-02-14 00:00:00+05:30,411.75,416.20001220703125,408.3999938964844,410.25,14124236,0.0,0.0
2025-02-17 00:00:00+05:30,409.79998779296875,411.3999938964844,406.75,408.6000061035156,11975265,0.0,0.0
2025-02-18 00:00:00+05:30,408.0,410.8500061035156,404.0,405.25,12998403,0.0,0.0
2025-02-19 00:00:00+05:30,404.79998779296875,408.79998779296875,404.5,406.3999938964844,7079032,0.0,0.0
2025-02-20 00:00:00+05:30,399.95001220703125,403.8999938964844,396.20001220703125,402.04998779296875,15355585,0.0,0.0
2025-02-21 00:00:00+05:30,402.04998779296875,403.25,399.20001220703125,400.8999938964844,8240986,0.0,0.0
2025-02-24 00:00:00+05:30,400.0,403.3999938964844,398.75,401.8999938964844,7037625,0.0,0.0
2025-02-25 00:00:00+05:30,402.0,407.0,400.5,404.8500061035156,15760891,0.0,0.0
2025-02-27 00:00:00+05:30,404.8500061035156,406.5,399.5,401.6000061035156,19051003,0.0,0.0
2025-02-28 00:00:00+05:30,399.0,402.5,392.20001220703125,395.0,31954776,0.0,0.0
2025-03-03 00:00:00+05:30,395.95001220703125,399.0,391.20001220703125,397.45001220703125,10702826,0.0,0.0
2025-03-04 00:00:00+05:30,395.3999938964844,397.20001220703125,392.8500061035156,394.8500061035156,13404774,0.0,0.0
2025-03-05 00:00:00+05:30,394.5,412.75,394.5,405.04998779296875,15665018,0.0,0.0
2025-03-06 00:00:00+05:30,409.1499938964844,409.70001220703125,400.54998779296875,405.70001220703125,17869996,0.0,0.0
2025-03-07 00:00:00+05:30,403.54998779296875,405.8500061035156,401.70001220703125,403.8999938964844,11180761,0.0,0.0
2025-03-10 00:00:00+05:30,401.04998779296875,406.8500061035156,400.3999938964844,405.0,9785018,0.0,0.0
2025-03-11 00:00:00+05:30,401.5,408.3999938964844,401.20001220703125,406.20001220703125,11099475,0.0,0.0
2025-03-12 00:00:00+05:30,406.3999938964844,413.29998779296875,404.0,412.3999938964844,13844306,0.0,0.0
2025-03-13 00:00:00+05:30,413.0,414.3999938964844,408.20001220703125,412.04998779296875,8196569,0.0,0.0
2025-03-17 00:00:00+05:30,413.0,416.25,407.0,407.95001220703125,5257805,0.0,0.0
2025-03-18 00:00:00+05:30,407.95001220703125,407.95001220703125,407.95001220703125,407.95001220703125,0,0.0,0.0
2025-03-19 00:00:00+05:30,410.0,410.75,402.6000061035156,403.04998779296875,12830387,0.0,0.0
2025-03-20 00:00:00+05:30,405.0,406.6499938964844,401.8999938964844,403.95001220703125,16994037,0.0,0.0
2025-03-21 00:00:00+05:30,405.95001220703125,407.5,401.70001220703125,405.54998779296875,25302035,0.0,0.0
2025-03-24 00:00:00+05:30,407.0,412.8500061035156,405.6000061035156,410.8999938964844,14362572,0.0,0.0
2025-03-25 00:00:00+05:30,412.0,415.25,408.70001220703125,409.79998779296875,20338110,0.0,0.0
2025-03-26 00:00:00+05:30,410.29998779296875,411.20001220703125,406.25,407.3500061035156,13891436,0.0,0.0
2025-03-27 00:00:00+05:30,408.0,410.70001220703125,405.6499938964844,409.45001220703125,18642328,0.0,0.0
2025-03-28 00:00:00+05:30,410.8999938964844,415.6000061035156,408.1499938964844,409.75,12966596,0.0,0.0
