Date,Open,High,Low,Close,Volume,Dividends,Stock Splits
2020-03-30 00:00:00+05:30,1341.14784664628,1375.8430683554145,1271.9569954983153,1289.802978515625,5570325,0.0,0.0
2020-03-31 00:00:00+05:30,1324.2988503849115,1325.9936808447994,1281.129232996667,1292.14599609375,4476861,0.0,0.0
2020-04-01 00:00:00+05:30,1290.9995704288447,1290.9995704288447,1154.511911630455,1178.0906982421875,10838462,0.0,0.0
2020-04-03 00:00:00+05:30,1178.0906010974816,1179.4365102217105,1083.725686061707,1137.4134521484375,10111471,0.0,0.0
2020-04-07 00:00:00+05:30,1217.3221055413735,1225.3479060238992,1167.472715470064,1194.4412841796875,8552570,0.0,0.0
2020-04-08 00:00:00+05:30,1181.231119056711,1238.807160847895,1156.8546958742052,1184.072509765625,7405087,0.0,0.0
2020-04-09 00:00:00+05:30,1211.340061377516,1277.3405987567155,1186.515043186543,1269.065673828125,8097402,0.0,0.0
2020-04-13 00:00:00+05:30,1246.234888688057,1253.3633765918778,1212.337299715742,1247.1322021484375,4250536,0.0,0.0
2020-04-15 00:00:00+05:30,1262.0370332891441,1267.1216469340939,1149.826124886202,1170.2144775390625,9045676,0.0,0.0
2020-04-16 00:00:00+05:30,1161.4408623779104,1161.4408623779104,1111.092979628885,1127.443603515625,11055205,0.0,0.0
2020-04-17 00:00:00+05:30,1183.77342003349,1194.341466194812,1131.5811339238671,1182.6767578125,8585395,0.0,0.0
2020-04-20 00:00:00+05:30,1216.3250010779293,1220.8114457540364,1168.7188381259039,1174.2022705078125,6560180,0.0,0.0
2020-04-21 00:00:00+05:30,1146.5359099927643,1151.5208487318632,1121.6112162972695,1126.7457275390625,4799796,0.0,0.0
2020-04-22 00:00:00+05:30,1123.6549561374065,1163.2353163344303,1104.8616419654736,1148.6793212890625,6963692,0.0,0.0
2020-04-23 00:00:00+05:30,1168.4697350322595,1251.2197247999025,1154.6115798752276,1245.8858642578125,10558247,0.0,0.0
2020-04-24 00:00:00+05:30,1215.3281360758701,1254.2106605278464,1209.6951306288433,1235.8162841796875,6784235,0.0,0.0
2020-04-27 00:00:00+05:30,1248.1291165638224,1320.9092297775783,1248.1291165638224,1299.67333984375,7771412,0.0,0.0
2020-04-28 00:00:00+05:30,1306.1537333758818,1332.47423646132,1306.1537333758818,1322.6539306640625,6678388,0.0,0.0
2020-04-29 00:00:00+05:30,1323.0028044410299,1347.927499324998,1311.2382997747522,1323.8502197265625,6703229,0.0,0.0
2020-04-30 00:00:00+05:30,1335.9636746367346,1375.843187312458,1330.0316458072666,1353.11181640625,6272522,0.0,0.0
2020-05-04 00:00:00+05:30,1291.0991911528547,1301.9663824304937,1259.8934245698144,1273.9510498046875,5096439,0.0,0.0
2020-05-05 00:00:00+05:30,1293.0932344744667,1298.9754870982588,1221.3101096616974,1234.619873046875,5004841,0.0,0.0
2020-05-06 00:00:00+05:30,1227.2919805008846,1273.5522387124395,1210.5924348685614,1242.1968994140625,4604274,0.0,0.0
2020-05-07 00:00:00+05:30,1226.7935125502072,1236.2648968405176,1180.682825873696,1196.18603515625,6843272,0.0,0.0
2020-05-08 00:00:00+05:30,1218.319180415808,1239.2060276674201,1207.402211891003,1213.7828369140625,3511204,0.0,0.0
2020-05-11 00:00:00+05:30,1236.813279585353,1248.5278863832455,1181.4305579151217,1184.8701171875,4674081,0.0,0.0
2020-05-12 00:00:00+05:30,1174.4515040535741,1174.4515040535741,1133.575008581421,1153.714111328125,10268550,0.0,0.0
2020-05-13 00:00:00+05:30,1211.3900675270063,1216.325108425228,1169.167537097861,1183.1253662109375,11914924,0.0,0.0
2020-05-14 00:00:00+05:30,1175.348861706878,1210.3431067628787,1163.634255854766,1169.5662841796875,7099970,0.0,0.0
2020-05-15 00:00:00+05:30,1176.2958682054948,1186.3156428856748,1150.723110344778,1174.7506103515625,3863980,0.0,0.0
2020-05-18 00:00:00+05:30,1171.4607118628796,1172.457699702763,1106.6565022704651,1110.2955322265625,6397416,0.0,0.0
2020-05-19 00:00:00+05:30,1146.5359598023724,1166.3760411864314,1121.910410042444,1127.0447998046875,6382921,0.0,0.0
2020-05-20 00:00:00+05:30,1126.5961617035507,1174.4515738821085,1111.6413453977514,1156.60546875,5254388,0.0,0.0
2020-05-21 00:00:00+05:30,1161.4907255216258,1185.9668233971367,1141.1521511376357,1146.78515625,5977128,0.0,0.0
2020-05-22 00:00:00+05:30,1136.5660952586172,1163.6841148153217,1113.1368818914439,1156.7052001953125,5189748,0.0,0.0
2020-05-26 00:00:00+05:30,1156.5057615030528,1171.4605773845576,1141.1023498261438,1149.7261962890625,5470797,0.0,0.0
2020-05-27 00:00:00+05:30,1160.4439238700536,1239.2558596855679,1157.502858483463,1213.882568359375,11745366,0.0,0.0
2020-05-28 00:00:00+05:30,1220.3130472909415,1251.1199941488574,1205.9563988646437,1225.74658203125,10710003,0.0,0.0
2020-05-29 00:00:00+05:30,1212.8355802648207,1226.0955658283303,1196.4351806964944,1220.31298828125,5497352,0.0,0.0
2020-06-01 00:00:00+05:30,1245.2376946742281,1275.346675920457,1234.2708294689307,1244.6395263671875,6943576,0.0,0.0
2020-06-02 00:00:00+05:30,1319.0148983227673,1349.1737801627246,1294.1401006597825,1338.85498046875,17320030,0.0,0.0
2020-06-03 00:00:00+05:30,1359.8911705631795,1423.8977297634874,1338.1567908570112,1382.373291015625,12344415,0.0,0.0
2020-06-04 00:00:00+05:30,1375.892882566527,1375.892882566527,1326.342522349499,1330.38037109375,6004144,0.0,0.0
2020-06-05 00:00:00+05:30,1339.9516616909648,1353.9094915002456,1317.0209412900033,1333.7703857421875,5688117,0.0,0.0
2020-06-08 00:00:00+05:30,1350.9185390354696,1360.8884175523365,1311.5375188938453,1332.7235107421875,5302297,0.0,0.0
2020-06-09 00:00:00+05:30,1337.907620360575,1355.9032973632384,1295.1867209569668,1300.2215576171875,5477333,0.0,0.0
2020-06-10 00:00:00+05:30,1300.5705282361987,1340.2506896223397,1299.6732149149088,1328.2369384765625,4876360,0.0,0.0
2020-06-11 00:00:00+05:30,1329.9818060992861,1330.3806255840677,1285.3167012613806,1294.7880859375,4376813,0.0,0.0
2020-06-12 00:00:00+05:30,1236.2647859305719,1285.8150274598122,1227.8900646531022,1275.9449462890625,8992424,0.0,0.0
2020-06-15 00:00:00+05:30,1266.1744793196435,1267.321039606006,1233.4732314876671,1245.1380615234375,7553579,0.0,0.0
2020-06-16 00:00:00+05:30,1272.1564626227562,1291.8968702065692,1234.3705997764318,1272.9541015625,5266292,0.0,0.0
2020-06-17 00:00:00+05:30,1265.6261063496202,1281.0794171558555,1232.8750816588633,1240.053466796875,5429264,0.0,0.0
2020-06-18 00:00:00+05:30,1236.2648010315215,1305.954268591481,1224.649869487761,1299.4239501953125,6672522,0.0,0.0
2020-06-19 00:00:00+05:30,1300.0721419145873,1311.786749021563,1272.5054038287126,1298.57666015625,8492615,0.0,0.0
2020-06-22 00:00:00+05:30,1305.8546146115768,1380.8280453609632,1292.0462367958814,1351.267333984375,7633867,0.0,0.0
2020-06-23 00:00:00+05:30,1350.9184800608393,1391.4958351720272,1345.983439091478,1385.71337890625,4669825,0.0,0.0
2020-06-24 00:00:00+05:30,1387.8070175486403,1393.788944348419,1332.9227904796267,1339.8519287109375,5332617,0.0,0.0
2020-06-25 00:00:00+05:30,1332.9726588818016,1385.5637641592998,1321.0088055485319,1377.5379638671875,9985038,0.0,0.0
2020-06-26 00:00:00+05:30,1375.8430671831252,1378.78413230512,1322.9528194339207,1336.063232421875,6694196,0.0,0.0
2020-06-29 00:00:00+05:30,1332.0753682515167,1362.7826410114737,1309.0449745328547,1351.5665283203125,3819681,0.0,0.0
2020-06-30 00:00:00+05:30,1360.7887196663999,1368.7646223424983,1340.9985354918533,1356.35205078125,4777664,0.0,0.0
2020-07-01 00:00:00+05:30,1315.0269182696184,1360.6890085403138,1312.0359548467154,1352.6632080078125,8939585,0.0,0.0
2020-07-02 00:00:00+05:30,1354.0591121005918,1367.7676954357912,1338.2568785601775,1347.9276123046875,4992982,0.0,0.0
2020-07-03 00:00:00+05:30,1355.8037693688495,1364.5771892189982,1345.9834636200067,1349.72216796875,2768103,0.0,0.0
2020-07-06 00:00:00+05:30,1365.8731909093449,1377.0893028784908,1356.900301334028,1363.779541015625,3248073,0.0,0.0
2020-07-07 00:00:00+05:30,1365.8732686669216,1370.2600392717754,1347.4289946009815,1364.1285400390625,3574288,0.0,0.0
2020-07-08 00:00:00+05:30,1363.8793574431713,1374.6966511057608,1343.9396007554055,1348.67529296875,3383105,0.0,0.0
2020-07-09 00:00:00+05:30,1351.6661362067866,1370.459330872349,1343.6902342413398,1364.02880859375,3445915,0.0,0.0
2020-07-10 00:00:00+05:30,1359.293250344979,1370.8582849905576,1341.497041676716,1345.2855224609375,3017959,0.0,0.0
2020-07-13 00:00:00+05:30,1355.9035268452308,1360.7887918339477,1320.1116373475418,1331.5272216796875,3356697,0.0,0.0
2020-07-14 00:00:00+05:30,1324.797284549683,1327.3894281902428,1289.404221731097,1294.38916015625,2914943,0.0,0.0
2020-07-15 00:00:00+05:30,1302.4648820197858,1307.9980912702028,1276.1443798449611,1286.1142578125,4372543,0.0,0.0
2020-07-16 00:00:00+05:30,1284.7182925003474,1323.899956773382,1263.1833830803803,1318.665771484375,4204057,0.0,0.0
2020-07-17 00:00:00+05:30,1313.0329421112017,1333.8700116226614,1297.1808116358513,1323.451416015625,4200163,0.0,0.0
2020-07-20 00:00:00+05:30,1325.993749755915,1332.673519212739,1305.0570063387163,1315.0767822265625,3481742,0.0,0.0
2020-07-21 00:00:00+05:30,1321.108462510377,1358.8943231286505,1321.0087880744402,1354.9063720703125,4404245,0.0,0.0
2020-07-22 00:00:00+05:30,1360.8883160516712,1362.2342252105411,1326.9408335526352,1338.3065185546875,4172575,0.0,0.0
2020-07-23 00:00:00+05:30,1335.9635305570664,1375.6934664349783,1331.2777370040635,1369.9110107421875,4308719,0.0,0.0
2020-07-24 00:00:00+05:30,1355.9033492476851,1360.888288031684,1337.558750182048,1345.9334716796875,3112378,0.0,0.0
2020-07-27 00:00:00+05:30,1360.8883974962387,1375.3447211326456,1306.2036389776642,1318.6160888671875,7560839,0.0,0.0
2020-07-28 00:00:00+05:30,1326.0935351663368,1397.577638122983,1315.42581368971,1379.881103515625,6751771,0.0,0.0
2020-07-29 00:00:00+05:30,1380.828101413642,1393.7390447277644,1341.8459028189488,1385.2646484375,4067790,0.0,0.0
2020-07-30 00:00:00+05:30,1390.8976775999104,1420.408492609568,1371.8552346570395,1380.828125,6097103,0.0,0.0
2020-07-31 00:00:00+05:30,1370.858122790534,1385.7630406081971,1346.2823510123503,1361.635986328125,3223070,0.0,0.0
2020-08-03 00:00:00+05:30,1351.915419563452,1351.915419563452,1296.1837787379766,1304.6083984375,5241260,0.0,0.0
2020-08-04 00:00:00+05:30,1316.023982744285,1327.3397706796302,1298.0782011614083,1319.9620361328125,4946596,0.0,0.0
2020-08-05 00:00:00+05:30,1327.987705866713,1348.9244489772243,1318.017828195041,1330.1810302734375,3475602,0.0,0.0
2020-08-06 00:00:00+05:30,1340.9484966386256,1363.281046127626,1326.6417470559015,1336.063232421875,3677830,0.0,0.0
2020-08-07 00:00:00+05:30,1337.459188916652,1343.7402609970095,1319.2641608154752,1338.4561767578125,2807069,0.0,0.0
2020-08-10 00:00:00+05:30,1344.9365683074154,1375.8431907073634,1342.1449537321807,1356.102783203125,2960056,0.0,0.0
2020-08-11 00:00:00+05:30,1368.8643464778831,1380.8282009263426,1353.0621130677341,1360.4896240234375,2502925,0.0,0.0
2020-08-12 00:00:00+05:30,1345.9336349295734,1350.7690017960183,1329.5332330220358,1331.0784912109375,3840190,0.0,0.0
2020-08-13 00:00:00+05:30,1337.8579811141578,1354.407954599436,1329.9318549169793,1332.2249755859375,3331328,0.0,0.0
2020-08-14 00:00:00+05:30,1333.5210255843624,1342.7431623540947,1298.3772070834898,1303.5115966796875,3331502,0.0,0.0
2020-08-17 00:00:00+05:30,1316.1233942533759,1329.5329513898398,1308.247167347224,1323.551025390625,2831340,0.0,0.0
2020-08-18 00:00:00+05:30,1314.6279713252636,1370.80820449708,1314.0298030392107,1365.22509765625,4261949,0.0,0.0
2020-08-19 00:00:00+05:30,1368.2161467704343,1376.7404409158264,1345.883596301093,1351.5166015625,3396764,0.0,0.0
2020-08-20 00:00:00+05:30,1338.9546211460427,1345.9335357759921,1326.1433522015864,1334.318603515625,2841389,0.0,0.0
2020-08-21 00:00:00+05:30,1337.9576224451155,1347.9275004067035,1327.0406547582213,1335.365478515625,2485166,0.0,0.0
2020-08-24 00:00:00+05:30,1343.540818076184,1392.2935488534674,1338.3066318022989,1383.0714111328125,6029138,0.0,0.0
2020-08-25 00:00:00+05:30,1387.8069916707782,1400.767832828623,1376.391530255105,1395.882568359375,4562237,0.0,0.0
2020-08-26 00:00:00+05:30,1405.7526692420356,1437.3073545623506,1398.9731041419557,1432.3721923828125,5718648,0.0,0.0
2020-08-27 00:00:00+05:30,1436.6593997579225,1441.4947661799445,1407.2981581385707,1415.72265625,4283571,0.0,0.0
2020-08-28 00:00:00+05:30,1405.7528067394196,1469.5600263361025,1396.779916483636,1462.6807861328125,10645702,0.0,0.0
2020-08-31 00:00:00+05:30,1483.517928225425,1496.9772642677929,1369.8613127565418,1397.12890625,6973753,0.0,0.0
2020-09-01 00:00:00+05:30,1415.5729384359922,1437.656239971638,1381.924604109333,1426.3404541015625,4258214,0.0,0.0
2020-09-02 00:00:00+05:30,1420.7075177304234,1433.1698643771815,1402.9113110593737,1419.2120361328125,3325250,0.0,0.0
2020-09-03 00:00:00+05:30,1429.4810169161885,1432.67132888402,1385.8129068537148,1392.49267578125,2395149,0.0,0.0
2020-09-04 00:00:00+05:30,1375.843168335048,1390.4988403601806,1349.9214854533732,1375.89306640625,4101756,0.0,0.0
2020-09-07 00:00:00+05:30,1374.8462003246289,1374.8462003246289,1352.314299989781,1364.6270751953125,2321547,0.0,0.0
2020-09-08 00:00:00+05:30,1367.767561643501,1368.016808588851,1343.6403843120493,1346.63134765625,2823869,0.0,0.0
2020-09-09 00:00:00+05:30,1338.9546155997966,1346.1827771508754,1309.144656034826,1322.1553955078125,3443401,0.0,0.0
2020-09-10 00:00:00+05:30,1325.9937624336872,1339.0045017912425,1311.1386200027423,1315.525390625,3289948,0.0,0.0
2020-09-11 00:00:00+05:30,1313.0328890194708,1332.175005463085,1307.0509624180154,1326.3426513671875,3500314,0.0,0.0
2020-09-14 00:00:00+05:30,1332.9726511779172,1343.8896186003876,1296.084103613532,1300.7698974609375,3891113,0.0,0.0
2020-09-15 00:00:00+05:30,1304.159802801748,1324.8473010153418,1285.1173589071086,1319.9620361328125,5029913,0.0,0.0
2020-09-16 00:00:00+05:30,1320.0119075194445,1327.9878102839125,1296.632591222145,1321.40771484375,3285887,0.0,0.0
2020-09-17 00:00:00+05:30,1311.0390273322084,1322.6040620921058,1297.280546273074,1301.1688232421875,3308991,0.0,0.0
2020-09-18 00:00:00+05:30,1309.1446113377515,1310.0419246677716,1258.6970547131366,1273.2530517578125,6529137,0.0,0.0
2020-09-21 00:00:00+05:30,1272.1565430816695,1315.4756180659015,1269.3151519458754,1283.9708251953125,6859791,0.0,0.0
2020-09-22 00:00:00+05:30,1284.1701869239512,1297.5796241785197,1257.8994609816814,1266.722900390625,4238325,0.0,0.0
2020-09-23 00:00:00+05:30,1276.1942450149718,1283.5718571586626,1261.3391028857889,1271.5582275390625,2835349,0.0,0.0
2020-09-24 00:00:00+05:30,1263.1833801574855,1281.0294838230395,1232.2767623320065,1242.3463134765625,5616125,0.0,0.0
2020-09-25 00:00:00+05:30,1251.269488137656,1254.6093726630609,1226.8930653334448,1249.2755126953125,3639974,0.0,0.0
2020-09-28 00:00:00+05:30,1254.210667572942,1280.0824526148836,1249.8737949309987,1274.8482666015625,1892099,0.0,0.0
2020-09-29 00:00:00+05:30,1282.923935326354,1289.0055364975947,1255.3073005546514,1259.44482421875,2349470,0.0,0.0
2020-09-30 00:00:00+05:30,1259.4449634636092,1273.1036489994217,1248.2288495993973,1264.3800048828125,2950616,0.0,0.0
2020-10-01 00:00:00+05:30,1276.1444246873764,1305.8547107556758,1275.047762412934,1301.1190185546875,3162391,0.0,0.0
2020-10-05 00:00:00+05:30,1306.0540171821444,1329.682579346303,1304.6582099224959,1310.64013671875,3860008,0.0,0.0
2020-10-06 00:00:00+05:30,1321.008784228032,1337.9575761766182,1307.1008536336178,1334.2188720703125,2632531,0.0,0.0
2020-10-07 00:00:00+05:30,1335.8640046861606,1335.963679127662,1317.868325849701,1320.709716796875,2834670,0.0,0.0
2020-10-08 00:00:00+05:30,1322.5044039078405,1337.209974927547,1307.3003389552625,1316.1236572265625,5171253,0.0,0.0
2020-10-09 00:00:00+05:30,1319.0148033552064,1334.2188666591874,1301.6671920317822,1315.874267578125,5312676,0.0,0.0
2020-10-12 00:00:00+05:30,1323.9998040031883,1354.108787009565,1303.5615540166934,1308.9453125,5175139,0.0,0.0
2020-10-13 00:00:00+05:30,1315.6749635345377,1345.6343736507577,1303.2623925074654,1340.898681640625,4872149,0.0,0.0
2020-10-14 00:00:00+05:30,1331.227861919068,1353.9093326988161,1320.1613224945247,1349.2733154296875,3358021,0.0,0.0
2020-10-15 00:00:00+05:30,1349.2734629263377,1361.8354853139797,1297.3304210337335,1305.60546875,3496474,0.0,0.0
2020-10-16 00:00:00+05:30,1304.558611831673,1339.2538379615112,1304.558611831673,1332.524169921875,2358029,0.0,0.0
2020-10-19 00:00:00+05:30,1345.9334544312492,1375.8430867519435,1329.4831566548671,1372.552978515625,3970716,0.0,0.0
2020-10-20 00:00:00+05:30,1367.5681693225401,1381.8251440934398,1351.4170150206764,1364.677001953125,3228111,0.0,0.0
2020-10-21 00:00:00+05:30,1370.8582240062437,1395.7829189881754,1354.5574978285827,1389.1031494140625,4280446,0.0,0.0
2020-10-22 00:00:00+05:30,1383.8190448433236,1400.7678371793008,1373.400571176664,1388.8538818359375,3610092,0.0,0.0
2020-10-23 00:00:00+05:30,1395.783051393184,1403.459809494797,1374.098564701897,1378.8841552734375,2385851,0.0,0.0
2020-10-26 00:00:00+05:30,1394.785973588048,1424.6956084755686,1343.29152784951,1412.632080078125,8022388,0.0,0.0
2020-10-27 00:00:00+05:30,1448.1247527588935,1597.1744261065387,1448.1247527588935,1582.86767578125,33166880,0.0,0.0
2020-10-28 00:00:00+05:30,1570.2557878057787,1570.2557878057787,1536.3582025452097,1546.677001953125,7244983,0.0,0.0
2020-10-29 00:00:00+05:30,1527.3852427570437,1584.014195999836,1520.406328462462,1566.1680908203125,7286029,0.0,0.0
2020-10-30 00:00:00+05:30,1569.2586176361701,1569.906683972537,1514.0254754957498,1542.73876953125,4201984,0.0,0.0
2020-11-02 00:00:00+05:30,1550.3159402503372,1599.9659785291074,1530.176836524269,1575.9384765625,5712460,0.0,0.0
2020-11-03 00:00:00+05:30,1576.2377821870639,1596.6760329997362,1565.4702647851943,1588.7998046875,5260618,0.0,0.0
2020-11-04 00:00:00+05:30,1584.2137400557272,1630.8728214835398,1573.2468733844792,1625.7880859375,5088061,0.0,0.0
2020-11-05 00:00:00+05:30,1638.0508723825499,1674.9394191130152,1627.1339052068736,1670.403076171875,6074505,0.0,0.0
2020-11-06 00:00:00+05:30,1654.9996895042343,1719.8038942137375,1645.0298118566184,1712.8748779296875,5957659,0.0,0.0
2020-11-09 00:00:00+05:30,1724.7887388610798,1746.5231196271905,1695.1782525454878,1722.9443359375,5210211,0.0,0.0
2020-11-10 00:00:00+05:30,1725.785965217951,1789.044795504598,1720.2526339794456,1747.6697998046875,8003823,0.0,0.0
2020-11-11 00:00:00+05:30,1768.6562855526372,1812.9723427863714,1754.6984569180618,1802.404296875,10534339,0.0,0.0
2020-11-12 00:00:00+05:30,1793.580940808542,1793.580940808542,1743.1831619674824,1749.4642333984375,6775199,0.0,0.0
2020-11-13 00:00:00+05:30,1744.6291076591697,1769.4541300993765,1715.1680672574137,1757.98876953125,6264556,0.0,0.0
2020-11-14 00:00:00+05:30,1768.6064580308055,1769.6533439012003,1759.583791467975,1765.216796875,310853,0.0,0.0
2020-11-17 00:00:00+05:30,1766.462916253388,1796.571897147177,1759.184857112205,1791.238037109375,5826745,0.0,0.0
2020-11-18 00:00:00+05:30,1786.103617364979,1844.228053929014,1778.775781483546,1825.0858154296875,6175248,0.0,0.0
2020-11-19 00:00:00+05:30,1813.5206752897561,1855.0950148217894,1810.5796101763474,1820.8485107421875,8717768,0.0,0.0
2020-11-20 00:00:00+05:30,1814.5177638016369,1893.2797986040155,1806.6415359808768,1883.708740234375,9116266,0.0,0.0
2020-11-23 00:00:00+05:30,1886.6996441495583,1899.5608104767296,1865.5136544428672,1892.1331787109375,10443439,0.0,0.0
2020-11-24 00:00:00+05:30,1890.2888353893684,1942.5310195265163,1885.1543239695977,1919.101806640625,8949886,0.0,0.0
2020-11-25 00:00:00+05:30,1933.1591799669534,1933.1591799669534,1847.5179108821517,1856.8397216796875,6837169,0.0,0.0
2020-11-26 00:00:00+05:30,1869.3521640357244,1894.3267576282876,1844.477366587335,1883.40966796875,6864571,0.0,0.0
2020-11-27 00:00:00+05:30,1889.291940331677,1919.3511477861846,1841.3866263562047,1901.35546875,78702124,0.0,0.0
2020-12-01 00:00:00+05:30,1924.1863743668805,1924.1863743668805,1858.933574238435,1870.199462890625,7955798,0.0,0.0
2020-12-02 00:00:00+05:30,1874.3370758271842,1877.9761056606692,1803.5509415805193,1808.7352294921875,7458011,0.0,0.0
2020-12-03 00:00:00+05:30,1830.4694643224875,1838.4453661278144,1806.2426139077663,1815.5146484375,4462528,0.0,0.0
2020-12-04 00:00:00+05:30,1822.4935725393534,1851.4062167426582,1796.970710962474,1840.6885986328125,3989431,0.0,0.0
2020-12-07 00:00:00+05:30,1843.8788877486604,1850.4092059874697,1799.562832331564,1815.0660400390625,6032173,0.0,0.0
2020-12-08 00:00:00+05:30,1826.7807634427113,1833.4605329076603,1811.7760486277573,1828.2762451171875,3953436,0.0,0.0
2020-12-09 00:00:00+05:30,1830.569200571504,1883.3098773807615,1830.569200571504,1877.8763427734375,4370644,0.0,0.0
2020-12-10 00:00:00+05:30,1894.2767861689651,1914.1168673751515,1854.2477023733463,1897.56689453125,4695216,0.0,0.0
2020-12-11 00:00:00+05:30,1887.796360831296,1922.8902819951222,1887.796360831296,1914.6153564453125,5466598,0.0,0.0
2020-12-14 00:00:00+05:30,1928.1744402946908,1941.0356074892993,1893.279866659575,1933.50830078125,3456971,0.0,0.0
2020-12-15 00:00:00+05:30,1942.1321692729166,1952.1020469385887,1913.518669053481,1945.272705078125,4141898,0.0,0.0
2020-12-16 00:00:00+05:30,1959.0810285402765,1959.0810285402765,1930.7167742890208,1946.6685791015625,2764698,0.0,0.0
2020-12-17 00:00:00+05:30,1959.0810672477662,1963.0690185296955,1936.698739358984,1959.5296630859375,3460370,0.0,0.0
2020-12-18 00:00:00+05:30,1957.884573213615,1957.884573213615,1915.562370613476,1943.47802734375,3371676,0.0,0.0
2020-12-21 00:00:00+05:30,1929.1712433899102,1953.098948734281,1901.8537554478994,1915.0638427734375,3941511,0.0,0.0
2020-12-22 00:00:00+05:30,1924.1865881290653,1924.4358350964394,1880.418796317626,1897.218017578125,5073744,0.0,0.0
2020-12-23 00:00:00+05:30,1895.2737252065233,1919.0020824935184,1886.799329275826,1914.9642333984375,2340819,0.0,0.0
2020-12-24 00:00:00+05:30,1912.2226782685143,1972.0419487044428,1911.2256904279154,1954.6943359375,3337164,0.0,0.0
2020-12-28 00:00:00+05:30,1957.0869288038982,1990.0871985761685,1956.1896154995852,1982.908935546875,2743069,0.0,0.0
2020-12-29 00:00:00+05:30,1977.0267605251984,2010.9243449214953,1977.0267605251984,1993.2777099609375,3152865,0.0,0.0
2020-12-30 00:00:00+05:30,1997.1657688963824,2020.8941255138966,1992.9784691180462,2011.871337890625,2657431,0.0,0.0
2020-12-31 00:00:00+05:30,2010.6251624661618,2012.6690360506864,1981.0146747406634,1989.5887451171875,2794829,0.0,0.0
2021-01-01 00:00:00+05:30,1990.8848477574516,2001.90148929283,1984.7034507310884,1988.04345703125,1106099,0.0,0.0
2021-01-04 00:00:00+05:30,1997.9634018238723,1999.90747920748,1949.1110032762826,1959.6292724609375,3141429,0.0,0.0
2021-01-05 00:00:00+05:30,1953.597554812825,1958.4828192751038,1929.17135420404,1953.8468017578125,3263230,0.0,0.0
2021-01-06 00:00:00+05:30,1967.9543011535388,1973.0389147438868,1942.5311114991837,1964.46484375,3452515,0.0,0.0
2021-01-07 00:00:00+05:30,1978.0238337217797,1978.0238337217797,1941.6337783130878,1946.51904296875,3419317,0.0,0.0
2021-01-08 00:00:00+05:30,1966.0599267565717,1970.0478779264633,1940.3874911003945,1964.7637939453125,3262897,0.0,0.0
2021-01-11 00:00:00+05:30,1954.0961717417763,1960.975412197105,1929.570295151255,1932.31201171875,2995521,0.0,0.0
2021-01-12 00:00:00+05:30,1923.9870335080132,1924.2860568153158,1890.1392259363004,1897.71630859375,6035580,0.0,0.0
2021-01-13 00:00:00+05:30,1905.2436350556159,1905.2436350556159,1871.3460507584464,1876.4306640625,5583130,0.0,0.0
2021-01-14 00:00:00+05:30,1886.3009082020812,1899.261749537508,1865.4140625771886,1886.948974609375,4803638,0.0,0.0
2021-01-15 00:00:00+05:30,1888.4943028213274,1898.264832256636,1848.4653387259077,1858.28564453125,2715164,0.0,0.0
2021-01-18 00:00:00+05:30,1864.8655847828722,1866.6103133438828,1833.310898181791,1841.386474609375,5004628,0.0,0.0
2021-01-19 00:00:00+05:30,1850.508971601077,1886.300856808095,1839.6916786602205,1881.31591796875,4805514,0.0,0.0
2021-01-20 00:00:00+05:30,1884.3068935574208,1884.3068935574208,1863.8187461130942,1877.9261474609375,3041448,0.0,0.0
2021-01-21 00:00:00+05:30,1894.276815879627,1899.1620804295233,1840.1902278472746,1852.2039794921875,5668862,0.0,0.0
2021-01-22 00:00:00+05:30,1844.4275069288926,1869.3522029684723,1819.0043169685214,1822.4937744140625,4298175,0.0,0.0
2021-01-25 00:00:00+05:30,1839.4423041927655,1861.7748529852734,1769.6531652803028,1788.9947509765625,6610138,0.0,0.0
2021-01-27 00:00:00+05:30,1792.5840189225246,1817.9573091077648,1741.0895760184053,1759.38427734375,7892319,0.0,0.0
2021-01-28 00:00:00+05:30,1725.7858752704044,1759.1350683731812,1695.8762413835689,1717.660400390625,6035924,0.0,0.0
2021-01-29 00:00:00+05:30,1744.579034384354,1744.579034384354,1698.867169224327,1707.7901611328125,5140687,0.0,0.0
2021-02-01 00:00:00+05:30,1724.7888600320045,1804.348533586201,1690.9411735696458,1796.073486328125,4829210,0.0,0.0
2021-02-02 00:00:00+05:30,1824.4877139411205,1873.4397916522419,1794.6279773584854,1855.6934814453125,5871337,0.0,0.0
2021-02-03 00:00:00+05:30,1864.3671588012091,1877.477572520467,1814.5177695284497,1846.6207275390625,4289395,0.0,0.0
2021-02-04 00:00:00+05:30,1833.4605549125665,1909.2316273287465,1825.4846525529686,1904.6455078125,9641674,0.0,0.0
2021-02-05 00:00:00+05:30,1909.2317536985884,1992.4802400870126,1907.387350496375,1976.727783203125,16268336,0.0,0.0
2021-02-08 00:00:00+05:30,1993.975665024821,2023.8853000001934,1945.6217551479692,1951.2547607421875,4021475,0.0,0.0
2021-02-09 00:00:00+05:30,1954.0961019605086,1969.0509190673492,1932.012797692218,1943.27880859375,2230923,0.0,0.0
2021-02-10 00:00:00+05:30,1944.1261703159878,1956.9873370139846,1931.1653291805478,1946.1700439453125,2860941,0.0,0.0
2021-02-11 00:00:00+05:30,1943.3286345431934,1978.7716006717167,1935.4026299553948,1955.0931396484375,2246777,0.0,0.0
2021-02-12 00:00:00+05:30,1954.09608783131,1969.050904830019,1940.1382586325149,1945.173095703125,1690753,0.0,0.0
2021-02-15 00:00:00+05:30,1954.0961104812113,1992.9786351285416,1951.1051470468014,1979.9678955078125,2930435,0.0,0.0
2021-02-16 00:00:00+05:30,1993.975571915409,2042.8279734273367,1991.9815963434937,2013.56640625,5480183,0.0,0.0
2021-02-17 00:00:00+05:30,2009.0299124525263,2017.4046335669345,1963.2183758049775,1983.4571533203125,4395224,0.0,0.0
2021-02-18 00:00:00+05:30,1973.1884052317819,1978.8711869431181,1932.2620078477155,1939.58984375,3538208,0.0,0.0
2021-02-19 00:00:00+05:30,1936.3994913658275,1963.9163294074383,1919.3011268132198,1932.9100341796875,2735683,0.0,0.0
2021-02-22 00:00:00+05:30,1932.9101235554945,1956.139988292681,1915.811758212276,1943.7274169921875,3853276,0.0,0.0
2021-02-23 00:00:00+05:30,1959.0810020409033,1959.0810020409033,1860.3792110983845,1867.3082275390625,5572402,0.0,0.0
2021-02-24 00:00:00+05:30,1883.4095876046383,1918.204485407066,1846.4712634410005,1905.4429931640625,3821416,0.0,0.0
2021-02-25 00:00:00+05:30,1921.1953973792781,1959.280280810269,1881.8642792587573,1889.790283203125,5622516,0.0,0.0
2021-02-26 00:00:00+05:30,1863.3701742937958,1863.3701742937958,1767.6593467217228,1774.9871826171875,8400096,0.0,0.0
2021-03-01 00:00:00+05:30,1805.544903968026,1849.3126926841398,1795.9738454382596,1839.84130859375,3260044,0.0,0.0
2021-03-02 00:00:00+05:30,1839.4425493302297,1862.7720889305508,1814.6175279824854,1839.0936279296875,3837149,0.0,0.0
2021-03-03 00:00:00+05:30,1849.4124825586298,1903.0005800990753,1845.623880004955,1893.7784423828125,2875618,0.0,0.0
2021-03-04 00:00:00+05:30,1858.2855289713718,1904.6454602795613,1844.4273746268966,1891.983642578125,4022514,0.0,0.0
2021-03-05 00:00:00+05:30,1869.8505592693434,1922.491562111635,1862.3731510078023,1916.708984375,5407986,0.0,0.0
2021-03-08 00:00:00+05:30,1914.2165030450199,1941.982587876271,1887.5969784805932,1910.0789794921875,4698010,0.0,0.0
2021-03-09 00:00:00+05:30,1912.0231870493603,1985.0026428675146,1912.0231870493603,1972.9888916015625,7918345,0.0,0.0
2021-03-10 00:00:00+05:30,1977.2760932874658,1993.3275728430367,1951.3045119049762,1958.0341796875,2761470,0.0,0.0
2021-03-12 00:00:00+05:30,1973.0388125743996,1974.0358003523554,1906.2406314513653,1929.3209228515625,2620265,0.0,0.0
2021-03-15 00:00:00+05:30,1938.1442210477553,1938.1442210477553,1887.3975193145739,1912.87060546875,2643553,0.0,0.0
2021-03-16 00:00:00+05:30,1919.301097125985,1935.851069469451,1894.276728890116,1897.467041015625,2769224,0.0,0.0
2021-03-17 00:00:00+05:30,1897.467044785806,1911.9233672192177,1855.3942102468502,1862.7220458984375,2694994,0.0,0.0
2021-03-18 00:00:00+05:30,1875.3340324277274,1887.1982114656923,1819.602390642915,1824.886474609375,2197575,0.0,0.0
2021-03-19 00:00:00+05:30,1812.972341236215,1866.36108439886,1808.5856924597565,1828.6251220703125,4803016,0.0,0.0
2021-03-22 00:00:00+05:30,1827.47846639264,1844.3773593402714,1799.5628106048637,1817.15966796875,2434097,0.0,0.0
2021-03-23 00:00:00+05:30,1838.4454842739647,1838.4454842739647,1793.4314612268429,1807.18994140625,4250856,0.0,0.0
2021-03-24 00:00:00+05:30,1794.57799467601,1799.5629335501098,1768.0082461365348,1777.080810546875,3046161,0.0,0.0
2021-03-25 00:00:00+05:30,1787.499354058254,1793.3816060998934,1739.7436166866216,1757.5897216796875,4113013,0.0,0.0
2021-03-26 00:00:00+05:30,1779.6231404447149,1787.0008741629902,1757.4401629237652,1765.7152099609375,3310757,0.0,0.0
2021-03-30 00:00:00+05:30,1776.7319367751572,1796.5221202951063,1769.6533477247806,1775.884521484375,5575524,0.0,0.0
2021-03-31 00:00:00+05:30,1773.4418144152291,1773.6411632792447,1737.3507857384066,1747.719482421875,3798383,0.0,0.0
2021-04-01 00:00:00+05:30,1764.6684027747244,1807.7881250459147,1745.3767132205062,1799.1143798828125,3802652,0.0,0.0
2021-04-05 00:00:00+05:30,1780.7197509743246,1794.1790852594993,1729.1755342817712,1753.9007568359375,2448241,0.0,0.0
2021-04-06 00:00:00+05:30,1770.6502678395025,1776.0838024691157,1723.4926979485447,1762.9735107421875,2873045,0.0,0.0
2021-04-07 00:00:00+05:30,1760.7303876121296,1805.2457963983761,1740.341913678276,1786.6021728515625,3158142,0.0,0.0
2021-04-08 00:00:00+05:30,1790.5900118726342,1818.2065240651282,1773.3420749925954,1777.87841796875,2890290,0.0,0.0
2021-04-09 00:00:00+05:30,1764.6683086539963,1801.0084632782864,1738.8463017179167,1793.8302001953125,3139384,0.0,0.0
2021-04-12 00:00:00+05:30,1751.9567905770825,1762.6744092987803,1718.1091038533227,1737.251220703125,3328336,0.0,0.0
2021-04-13 00:00:00+05:30,1740.541322525002,1780.6700808433773,1718.258548183642,1770.500732421875,3118742,0.0,0.0
2021-04-15 00:00:00+05:30,1794.5781161884956,1804.0495006906017,1747.3208681216752,1767.90869140625,3546886,0.0,0.0
2021-04-16 00:00:00+05:30,1768.6563362561426,1782.7637377996098,1754.7484052918808,1758.7861328125,2912279,0.0,0.0
2021-04-19 00:00:00+05:30,1714.8190911867928,1714.8190911867928,1669.9546382196963,1695.6270751953125,3865423,0.0,0.0
2021-04-20 00:00:00+05:30,1719.803873907986,1728.3779442431799,1679.2762974084155,1692.5860595703125,3317008,0.0,0.0
2021-04-22 00:00:00+05:30,1684.6600959609532,1734.5094848043016,1664.1719484652933,1730.8206787109375,3590444,0.0,0.0
2021-04-23 00:00:00+05:30,1728.6771729702475,1751.0595004278134,1715.0682651423292,1728.9761962890625,1893450,0.0,0.0
2021-04-26 00:00:00+05:30,1734.7585333193017,1777.6290028208707,1728.0787646593978,1754.349365234375,3253062,0.0,0.0
2021-04-27 00:00:00+05:30,1744.7285649544742,1757.290586281625,1719.3552753623217,1745.0277099609375,4533360,0.0,0.0
2021-04-28 00:00:00+05:30,1757.1910253704361,1818.5057760429365,1748.7166289360255,1805.9935302734375,4174599,0.0,0.0
2021-04-29 00:00:00+05:30,1819.6022953944275,1839.890971512296,1775.1865647097868,1799.5628662109375,3960095,0.0,0.0
2021-04-30 00:00:00+05:30,1774.638319941757,1796.5720519859808,1734.2104151519254,1743.5323486328125,2621783,0.0,0.0
2021-05-03 00:00:00+05:30,1729.7738457176097,1753.7015530935305,1679.9244553511078,1720.2525634765625,5593869,0.0,0.0
2021-05-04 00:00:00+05:30,1745.7256096981027,1758.686450889465,1720.1030723316076,1727.430908203125,4255151,0.0,0.0
2021-05-05 00:00:00+05:30,1735.7557507991185,1772.6442992078305,1716.7133082583869,1765.4161376953125,2411643,0.0,0.0
2021-05-06 00:00:00+05:30,1776.333084659261,1788.2969380577476,1757.8888106699274,1782.8634033203125,2380255,0.0,0.0
2021-05-07 00:00:00+05:30,1790.590065827532,1807.5388582100866,1768.1578406153274,1774.9871826171875,1610730,0.0,0.0
2021-05-10 00:00:00+05:30,1803.5509809444554,1807.7881792136725,1785.2063805677917,1803.89990234375,1332490,0.0,0.0
2021-05-11 00:00:00+05:30,1771.2484247764378,1788.9948555323888,1747.9687849906047,1750.162109375,2955976,0.0,0.0
2021-05-12 00:00:00+05:30,1748.7165069020489,1748.7165069020489,1710.382376740227,1713.67236328125,3181830,0.0,0.0
2021-05-14 00:00:00+05:30,1723.6922562083807,1723.6922562083807,1695.9759462942236,1701.50927734375,2937892,0.0,0.0
2021-05-17 00:00:00+05:30,1711.827997987413,1749.7135331787476,1704.8490836100618,1738.896240234375,4211441,0.0,0.0
2021-05-18 00:00:00+05:30,1762.6743991544174,1765.6154644312385,1744.828293510239,1749.813232421875,4658414,0.0,0.0
2021-05-19 00:00:00+05:30,1742.6847705740608,1745.0775656266815,1722.2465207415544,1725.3372802734375,2372042,0.0,0.0
2021-05-20 00:00:00+05:30,1726.782924505205,1731.7678636637074,1699.9639274919393,1703.0545654296875,2598038,0.0,0.0
2021-05-21 00:00:00+05:30,1710.3325316735873,1759.1350346832587,1710.3325316735873,1752.3555908203125,4293112,0.0,0.0
2021-05-24 00:00:00+05:30,1758.3375125711927,1773.5415761300155,1736.7527029160144,1751.70751953125,3613907,0.0,0.0
2021-05-25 00:00:00+05:30,1765.067254741212,1768.5567120990986,1732.7648251448247,1745.2271728515625,2201625,0.0,0.0
2021-05-26 00:00:00+05:30,1754.748448256624,1756.493176928683,1731.6681560542934,1735.4068603515625,2845100,0.0,0.0
2021-05-27 00:00:00+05:30,1734.758810080092,1778.077882259954,1720.501835546089,1771.8966064453125,5339988,0.0,0.0
2021-05-28 00:00:00+05:30,1780.6202354108098,1807.5389063828657,1772.893579854016,1795.3258056640625,3247009,0.0,0.0
2021-05-31 00:00:00+05:30,1793.581015739555,1806.3425080011805,1779.6231868232937,1802.2547607421875,2310809,0.0,0.0
2021-06-01 00:00:00+05:30,1809.5329394205185,1818.5058300292153,1782.6142675944282,1791.587158203125,2289816,0.0,0.0
2021-06-02 00:00:00+05:30,1787.5992079224188,1787.5992079224188,1764.668487463849,1777.72900390625,3098849,0.0,0.0
2021-06-03 00:00:00+05:30,1784.6081732609891,1822.4438118286896,1784.6081732609891,1808.7352294921875,3444131,0.0,0.0
2021-06-04 00:00:00+05:30,1814.5178040553064,1815.464893788466,1791.5870845535087,1805.7442626953125,1508706,0.0,0.0
2021-06-07 00:00:00+05:30,1819.5026574792096,1819.5026574792096,1801.556877843798,1809.43310546875,1096139,0.0,0.0
2021-06-08 00:00:00+05:30,1809.5327998915386,1811.0282815443413,1782.4645576352839,1788.1474609375,1331031,0.0,0.0
2021-06-09 00:00:00+05:30,1784.5084554902032,1806.5418611337072,1769.6533131966503,1777.529541015625,2037714,0.0,0.0
2021-06-10 00:00:00+05:30,1782.3149920660398,1797.5689536650398,1770.650283809823,1794.12939453125,1854489,0.0,0.0
2021-06-11 00:00:00+05:30,1803.5509642456127,1804.5479520644328,1782.61422005039,1788.945068359375,1621928,0.0,0.0
2021-06-14 00:00:00+05:30,1784.5084011992965,1784.5084011992965,1754.1999492055506,1762.7242431640625,2543002,0.0,0.0
2021-06-15 00:00:00+05:30,1770.451060670738,1778.7758848210997,1760.680531126137,1765.5657958984375,1735824,0.0,0.0
2021-06-16 00:00:00+05:30,1765.515878209149,1775.5854309732656,1747.7196697459271,1755.2967529296875,2845543,0.0,0.0
2021-06-17 00:00:00+05:30,1741.986806653708,1766.4629040417738,1730.770694720754,1760.730224609375,2578242,0.0,0.0
2021-06-18 00:00:00+05:30,1769.6034175868597,1771.2983698403227,1728.0290756972558,1755.1470947265625,2678789,0.0,0.0
2021-06-21 00:00:00+05:30,1734.7586527290005,1771.8465476580272,1726.084908146397,1766.712158203125,1279321,0.0,0.0
2021-06-22 00:00:00+05:30,1774.6382960926592,1779.6232351266274,1748.7166131160247,1751.8072509765625,1571743,0.0,0.0
2021-06-23 00:00:00+05:30,1758.6865669795402,1758.6865669795402,1722.0472635007998,1731.46875,7602349,0.0,0.0
2021-06-24 00:00:00+05:30,1729.7738721069234,1737.6501002455125,1721.9973184100652,1732.6651611328125,3595393,0.0,0.0
2021-06-25 00:00:00+05:30,1729.7738037109375,1748.7165715901926,1715.7163003094859,1729.7738037109375,9577645,0.0,0.0
2021-06-28 00:00:00+05:30,1729.7740338093304,1742.7348767139536,1717.0125398068046,1727.8299560546875,3500507,0.0,0.0
2021-06-29 00:00:00+05:30,1732.565504195421,1732.764853080897,1696.8732911068394,1700.711669921875,10394662,0.0,0.0
2021-06-30 00:00:00+05:30,1700.711669921875,1738.248286160267,1693.3339356200177,1700.711669921875,8822099,0.0,0.0
2021-07-01 00:00:00+05:30,1704.7493886551454,1720.003228303336,1701.010684569421,1710.9306640625,2988386,0.0,0.0
2021-07-02 00:00:00+05:30,1721.7979236197066,1722.7949114156647,1704.8491310884183,1709.983642578125,2242551,0.0,0.0
2021-07-05 00:00:00+05:30,1721.7978725452222,1734.559364635981,1716.31443983011,1725.885498046875,1887671,0.0,0.0
2021-07-06 00:00:00+05:30,1723.7918959664814,1754.698517583,1721.7979203783188,1750.0625,3692222,0.0,0.0
2021-07-07 00:00:00+05:30,1750.710586110702,1763.1729336769797,1737.899317153091,1756.4931640625,2726182,0.0,0.0
2021-07-08 00:00:00+05:30,1752.7045692756578,1757.6895083236545,1719.8039715588793,1727.08203125,2208015,0.0,0.0
2021-07-09 00:00:00+05:30,1723.7918885218212,1724.7888763115966,1709.784161394431,1714.868896484375,1698166,0.0,0.0
2021-07-12 00:00:00+05:30,1726.7828082255214,1737.7496736357296,1719.953466378777,1726.73291015625,1737065,0.0,0.0
2021-07-13 00:00:00+05:30,1737.7496834444319,1747.2210672612548,1718.408096362188,1741.88720703125,2066639,0.0,0.0
2021-07-14 00:00:00+05:30,1734.758680790135,1752.6545621781631,1730.3719103602593,1742.8841552734375,2158984,0.0,0.0
2021-07-15 00:00:00+05:30,1751.7074584920492,1751.7074584920492,1734.7586669187056,1744.7784423828125,1950556,0.0,0.0
2021-07-16 00:00:00+05:30,1750.2120291553726,1756.6924496563752,1734.758718729905,1744.2301025390625,1838050,0.0,0.0
2021-07-19 00:00:00+05:30,1728.6771357182713,1734.7587368344678,1706.84307900035,1717.610595703125,2146337,0.0,0.0
2021-07-20 00:00:00+05:30,1717.6105680138073,1718.607555777525,1690.8912472651311,1697.521240234375,2143859,0.0,0.0
2021-07-22 00:00:00+05:30,1701.4096724439166,1716.7631880471304,1698.019889396766,1702.0576171875,1858253,0.0,0.0
2021-07-23 00:00:00+05:30,1704.8491881273642,1722.0971262555472,1689.0469553732567,1717.7601318359375,1995800,0.0,0.0
2021-07-26 00:00:00+05:30,1706.44428750614,1744.7286432178425,1668.3095043043786,1735.35693359375,3939095,0.0,0.0
2021-07-27 00:00:00+05:30,1746.7225645356166,1747.7195523007626,1688.747701651861,1692.8353271484375,4301131,0.0,0.0
2021-07-28 00:00:00+05:30,1699.8641525088317,1700.6617914080614,1641.041873917617,1647.8712158203125,5052755,0.0,0.0
2021-07-29 00:00:00+05:30,1658.987731548972,1658.987731548972,1630.174759226619,1636.705078125,2994265,0.0,0.0
2021-07-30 00:00:00+05:30,1636.7050160188207,1664.8699208492728,1621.102132896119,1649.8154296875,3222001,0.0,0.0
2021-08-02 00:00:00+05:30,1659.9846761471115,1672.2476746879818,1652.5072676959985,1660.0843505859375,2590976,0.0,0.0
2021-08-03 00:00:00+05:30,1659.9846873507524,1684.161641505861,1659.9846873507524,1680.572509765625,3230140,0.0,0.0
2021-08-04 00:00:00+05:30,1693.5830873879984,1747.9688192812432,1679.9244035299557,1744.6787109375,7004160,0.0,0.0
2021-08-05 00:00:00+05:30,1756.3933101427713,1787.5990761032524,1747.2709693864285,1766.4130859375,6052092,0.0,0.0
2021-08-06 00:00:00+05:30,1763.6713068543595,1779.3239656451171,1750.860038773694,1771.8465576171875,3640469,0.0,0.0
2021-08-09 00:00:00+05:30,1771.8465947349846,1784.2092672739973,1756.792103930569,1775.5355224609375,1596886,0.0,0.0
2021-08-10 00:00:00+05:30,1779.6231812482765,1819.4030178755247,1773.9403996026451,1807.7880859375,4594848,0.0,0.0
2021-08-11 00:00:00+05:30,1815.4187681565538,1815.4187681565538,1757.7144102356147,1776.117919921875,3101903,0.9,0.0
2021-08-12 00:00:00+05:30,1770.6318134662865,1786.4918154096345,1757.5648122567147,1783.2000732421875,1641690,0.0,0.0
2021-08-13 00:00:00+05:30,1779.5094581279714,1794.47170132972,1769.3849825421787,1783.4993896484375,1839917,0.0,0.0
2021-08-16 00:00:00+05:30,1779.50939643837,1796.6660526763928,1767.2902315805393,1777.863525390625,1553661,0.0,0.0
2021-08-17 00:00:00+05:30,1774.5220700274801,1790.4817963458836,1772.5770270876442,1783.8485107421875,1419337,0.0,0.0
2021-08-18 00:00:00+05:30,1783.8485146930775,1786.0430501245478,1741.2061208416485,1745.2957763671875,2763653,0.0,0.0
2021-08-20 00:00:00+05:30,1727.6403013525437,1727.6403013525437,1692.7284014984218,1699.261962890625,5643242,0.0,0.0
2021-08-23 00:00:00+05:30,1720.2091335458108,1720.2091335458108,1695.7208803624178,1712.5284423828125,3093169,0.0,0.0
2021-08-24 00:00:00+05:30,1720.6579012656032,1720.6579012656032,1687.3419500131274,1700.6085205078125,4707971,0.0,0.0
2021-08-25 00:00:00+05:30,1700.7082714362798,1712.3787721596864,1689.7359600076586,1692.9278564453125,2913810,0.0,0.0
2021-08-26 00:00:00+05:30,1689.5365349355432,1712.1793473930527,1684.6488445169707,1693.2271728515625,4382577,0.0,0.0
2021-08-27 00:00:00+05:30,1690.733339759024,1719.460892998197,1690.733339759024,1709.2366943359375,3661315,0.0,0.0
2021-08-30 00:00:00+05:30,1711.6306576380578,1735.1713504444551,1711.6306576380578,1731.4805908203125,2561253,0.0,0.0
2021-08-31 00:00:00+05:30,1739.6601537321906,1755.1709402444224,1734.672739079437,1749.2857666015625,4492609,0.0,0.0
2021-09-01 00:00:00+05:30,1749.3355217440865,1749.4352456749705,1733.6251670940683,1742.25341796875,7266354,0.0,0.0
2021-09-02 00:00:00+05:30,1747.5901029592019,1783.898506163248,1739.6102394753698,1771.9287109375,5763844,0.0,0.0
2021-09-03 00:00:00+05:30,1788.4867292261274,1806.8902388891327,1773.0756680782802,1787.339599609375,4845134,0.0,0.0
2021-09-06 00:00:00+05:30,1803.449004802466,1803.449004802466,1765.544656250202,1770.083251953125,1901931,0.0,0.0
2021-09-07 00:00:00+05:30,1770.0833722686407,1774.9709411879505,1741.6051860706832,1760.40771484375,2922837,0.0,0.0
2021-09-08 00:00:00+05:30,1755.6695885883032,1823.398700332929,1750.5824502649289,1810.780517578125,15249557,0.0,0.0
2021-09-09 00:00:00+05:30,1821.4036794813692,1837.064111481441,1802.2520575151502,1813.274169921875,3642925,0.0,0.0
2021-09-13 00:00:00+05:30,1823.897480842448,1845.1439152966116,1790.2324330008114,1835.41845703125,3271615,0.0,0.0
2021-09-14 00:00:00+05:30,1845.343142573158,1874.2701431864668,1840.5053754438838,1863.0484619140625,4168080,0.0,0.0
2021-09-15 00:00:00+05:30,1869.2829067774624,1893.6713143533052,1853.3231807857658,1866.9886474609375,4814023,0.0,0.0
2021-09-16 00:00:00+05:30,1872.2753282768176,1905.1922626578164,1863.297982536545,1902.0003662109375,4128783,0.0,0.0
2021-09-17 00:00:00+05:30,1911.1771309916405,2011.9228983351454,1908.1846824566849,2002.8956298828125,14638489,0.0,0.0
2021-09-20 00:00:00+05:30,1984.9908574581978,2032.071998939929,1976.3626065141252,1996.4119873046875,5881089,0.0,0.0
2021-09-21 00:00:00+05:30,2011.923003827555,2022.5462210362696,1991.0755869216503,2005.88818359375,3866888,0.0,0.0
2021-09-22 00:00:00+05:30,2011.4241695647004,2017.30934273974,1973.8191147774362,1980.5521240234375,1911809,0.0,0.0
2021-09-23 00:00:00+05:30,1998.9556165853508,2046.8347930305088,1985.8886156998014,2018.9052734375,2989107,0.0,0.0
2021-09-24 00:00:00+05:30,2024.890114748262,2047.183953077227,2008.8306657770042,2022.994873046875,2114888,0.0,0.0
2021-09-27 00:00:00+05:30,2026.0870770145098,2052.819665582511,2020.4014735847309,2028.231689453125,1830064,0.0,0.0
2021-09-28 00:00:00+05:30,2034.865170792791,2072.5700741332903,2007.833407827517,2062.994140625,3899267,0.0,0.0
2021-09-29 00:00:00+05:30,2054.7148102701512,2054.8146559648553,2015.0649890358136,2025.3389892578125,3420314,0.0,0.0
2021-09-30 00:00:00+05:30,2020.3516389328295,2029.8776490870807,1991.7738519961683,2000.451904296875,4572748,0.0,0.0
2021-10-01 00:00:00+05:30,1991.9732495458682,2005.7385615679273,1966.9364543874096,1988.531982421875,3373978,0.0,0.0
2021-10-04 00:00:00+05:30,1989.97833090188,2009.8282644198764,1982.9959507934525,1985.9384765625,2043053,0.0,0.0
2021-10-05 00:00:00+05:30,1989.8786887635301,1992.920938592287,1970.5274958863965,1977.3602294921875,2719807,0.0,0.0
2021-10-06 00:00:00+05:30,1971.0760996677252,1999.953180425508,1937.211482731869,1950.8271484375,2979275,0.0,0.0
2021-10-07 00:00:00+05:30,1963.046307880161,1977.2604389204519,1944.3435038797786,1947.535400390625,2222130,0.0,0.0
2021-10-08 00:00:00+05:30,1945.0914948949978,1961.2008667566079,1926.1393213549952,1931.475830078125,1937834,0.0,0.0
2021-10-11 00:00:00+05:30,1944.0940411656388,1999.9530798035432,1940.1041098343599,1970.4276123046875,2376167,0.0,0.0
2021-10-12 00:00:00+05:30,1975.0161574448236,1998.9557472320337,1960.0539138278175,1990.078125,1890902,0.0,0.0
2021-10-13 00:00:00+05:30,1998.9556054322459,2016.9102964990027,1989.5294413274153,2004.2921142578125,1742478,0.0,0.0
2021-10-14 00:00:00+05:30,2002.9456880892458,2020.401639056159,1980.0035811041598,2012.7210693359375,1652356,0.0,0.0
2021-10-18 00:00:00+05:30,2012.7208433734922,2041.7973695950284,2002.8955403790194,2006.536376953125,2166779,0.0,0.0
2021-10-19 00:00:00+05:30,2006.8357605562219,2039.802495531365,1987.085551516579,2030.2266845703125,1695203,0.0,0.0
2021-10-20 00:00:00+05:30,2036.8600503459422,2039.8025761502827,1993.1702512953989,2010.3768310546875,1794893,0.0,0.0
2021-10-21 00:00:00+05:30,2025.8875736834912,2149.5754413037535,2016.9102284529883,2138.353759765625,9495518,0.0,0.0
2021-10-22 00:00:00+05:30,2149.4756156221188,2196.1079371146575,2117.4066406050606,2165.93408203125,5931826,0.0,0.0
2021-10-25 00:00:00+05:30,2146.58319705123,2177.4552440470957,2109.7262526658164,2149.076904296875,6777262,0.0,0.0
2021-10-26 00:00:00+05:30,2149.076666805432,2234.3614451817907,2118.354148228968,2205.384521484375,10669001,0.0,0.0
2021-10-27 00:00:00+05:30,2194.4621219153432,2247.3287093978493,2171.1211222108536,2182.74169921875,4550568,0.0,0.0
2021-10-28 00:00:00+05:30,2182.742114350885,2184.487709552582,2085.138308091251,2093.218017578125,3102289,0.0,0.0
2021-10-29 00:00:00+05:30,2072.3205829851204,2091.6716532313135,2009.9279808303063,2026.037353515625,4666345,0.0,0.0
2021-11-01 00:00:00+05:30,2049.8273115114453,2081.547315694067,2029.678206108376,2071.273193359375,1966588,0.0,0.0
2021-11-02 00:00:00+05:30,2060.949037778103,2088.230290403503,2054.814615825754,2071.422607421875,1536206,0.0,0.0
2021-11-03 00:00:00+05:30,2074.7644882668596,2106.2850461721255,2022.8953760601883,2032.42138671875,2067291,0.0,0.0
2021-11-04 00:00:00+05:30,2034.8650568181818,2056.8096799799464,2033.8675739471923,2051.822265625,205177,0.0,0.0
2021-11-08 00:00:00+05:30,2049.8272251610533,2122.2445763654973,2049.8272251610533,2113.5166015625,2121996,0.0,0.0
2021-11-09 00:00:00+05:30,2114.663801983928,2121.5962596106824,2078.0562273246155,2091.921142578125,1777573,0.0,0.0
2021-11-10 00:00:00+05:30,2079.75164111817,2086.0857543180964,2057.856942330558,2070.82421875,1445788,0.0,0.0
2021-11-11 00:00:00+05:30,2067.7820165793596,2072.4701374245133,2042.3961259107507,2048.9296875,1547153,0.0,0.0
2021-11-12 00:00:00+05:30,2062.7946962869137,2074.7644914297775,2047.8823752099831,2069.477783203125,1434428,0.0,0.0
2021-11-15 00:00:00+05:30,2074.864338416917,2102.6940147308533,2074.7644927135552,2092.02099609375,1819328,0.0,0.0
2021-11-16 00:00:00+05:30,2094.6140649019053,2098.554316840313,2064.789426156739,2077.607177734375,1545107,0.0,0.0
2021-11-17 00:00:00+05:30,2064.789245446042,2076.609513174598,2040.350918627961,2047.931884765625,1446763,0.0,0.0
2021-11-18 00:00:00+05:30,2044.8398617390646,2057.258474633189,2003.8433405709536,2019.3541259765625,2793199,0.0,0.0
2021-11-22 00:00:00+05:30,2038.854988992478,2038.854988992478,1936.1142532457925,1950.52783203125,2748329,0.0,0.0
2021-11-23 00:00:00+05:30,1933.1218081205413,1988.1330129261164,1927.8351001877486,1977.9088134765625,3229625,0.0,0.0
2021-11-24 00:00:00+05:30,1974.5672315974828,2019.8528557415975,1965.041221640152,2006.3370361328125,1947483,0.0,0.0
2021-11-25 00:00:00+05:30,2014.9154496174588,2042.844970701265,2007.9829921965193,2029.9774169921875,3164428,0.0,0.0
2021-11-26 00:00:00+05:30,1996.9607695867135,2001.9481840961707,1950.1787971353938,1959.355712890625,2647553,0.0,0.0
2021-11-29 00:00:00+05:30,1987.9834581910686,2039.8525699953514,1932.3238625881752,2014.5164794921875,4171900,0.0,0.0
2021-11-30 00:00:00+05:30,2017.9077231451072,2034.465913426315,1941.9993057125725,1956.9615478515625,4265816,0.0,0.0
2021-12-01 00:00:00+05:30,1974.0186886597999,1980.9013451254737,1935.1168549772672,1948.4332275390625,2585693,0.0,0.0
2021-12-02 00:00:00+05:30,1942.647749377189,1975.9635787478107,1940.7025847857396,1959.3056640625,1932929,0.0,0.0
2021-12-03 00:00:00+05:30,1961.7494405725306,1984.891115375026,1900.404246292477,1909.381591796875,3491724,0.0,0.0
2021-12-06 00:00:00+05:30,1915.167041170176,1921.6506795908042,1872.2752793106356,1880.45458984375,3081336,0.0,0.0
2021-12-07 00:00:00+05:30,1907.1872077699518,1958.8568680664262,1905.3916899360809,1932.27392578125,7344475,0.0,0.0
2021-12-08 00:00:00+05:30,1965.0411674662728,1965.0411674662728,1910.6284305959373,1915.6158447265625,5125595,0.0,0.0
2021-12-09 00:00:00+05:30,1921.1519790220093,1932.0245664957706,1881.3523887488511,1911.5262451171875,4654453,0.0,0.0
2021-12-10 00:00:00+05:30,1910.1796478557071,1915.1670620798734,1883.7463524676255,1891.9755859375,3054922,0.0,0.0
2021-12-13 00:00:00+05:30,1905.1922739416602,1911.1771711372885,1857.5624670931188,1868.3851318359375,4085110,0.0,0.0
2021-12-14 00:00:00+05:30,1868.3850964478502,1869.2828553627994,1811.4787730817443,1835.7674560546875,10111252,0.0,0.0
2021-12-15 00:00:00+05:30,1840.9544091157043,1877.0134401706762,1832.1267098357855,1862.6995849609375,5305747,0.0,0.0
2021-12-16 00:00:00+05:30,1881.1530031700072,1886.1902186974842,1846.2411020837308,1856.0662841796875,3054462,0.0,0.0
2021-12-17 00:00:00+05:30,1850.3308181596087,1855.2683099125497,1785.4944283049592,1789.284912109375,2935126,0.0,0.0
2021-12-20 00:00:00+05:30,1775.5194990248385,1775.5194990248385,1718.0645103752954,1738.1138916015625,3269179,0.0,0.0
2021-12-21 00:00:00+05:30,1756.6171620023208,1763.5496188690167,1716.6679265122048,1732.1788330078125,2264231,0.0,0.0
2021-12-22 00:00:00+05:30,1743.6000892393263,1765.5447127881048,1728.78749269651,1757.9638671875,3453839,0.0,0.0
2021-12-23 00:00:00+05:30,1780.4072549218874,1784.1976168890806,1762.9013812984701,1771.130615234375,1919649,0.0,0.0
2021-12-24 00:00:00+05:30,1775.5194568583315,1775.5194568583315,1725.6453148117494,1743.9990234375,2271570,0.0,0.0
2021-12-27 00:00:00+05:30,1738.7123809085872,1774.472117745017,1716.6680336495435,1768.9859619140625,1653833,0.0,0.0
2021-12-28 00:00:00+05:30,1780.506925696808,1785.195046487822,1761.105932550596,1770.432373046875,1285671,0.0,0.0
2021-12-29 00:00:00+05:30,1769.5346584349122,1775.5195558140606,1749.6847244414598,1759.75927734375,1411908,0.0,0.0
2021-12-30 00:00:00+05:30,1754.5723478281673,1765.494736421823,1739.2610103051863,1750.831787109375,2498395,0.0,0.0
2021-12-31 00:00:00+05:30,1757.5648375783821,1796.466669965191,1755.6197946642606,1791.5789794921875,2212892,0.0,0.0
2022-01-03 00:00:00+05:30,1792.4766883131915,1823.4983807143615,1787.090256549959,1819.8575439453125,1985109,0.0,0.0
2022-01-04 00:00:00+05:30,1825.3935581585713,1852.32559426255,1810.7306094293986,1847.9366455078125,2635575,0.0,0.0
2022-01-05 00:00:00+05:30,1852.3256147986444,1923.495990346889,1835.46813062369,1917.3116455078125,4208167,0.0,0.0
2022-01-06 00:00:00+05:30,1902.2995079101443,1910.179646732301,1870.280332962436,1887.1378173828125,2258030,0.0,0.0
2022-01-07 00:00:00+05:30,1887.1380190891482,1920.553697943038,1878.8588618917684,1899.4569091796875,2303351,0.0,0.0
2022-01-10 00:00:00+05:30,1899.4566798741616,1950.3782270735755,1896.563955313264,1943.046630859375,2862087,0.0,0.0
2022-01-11 00:00:00+05:30,1943.0965637409583,1949.3308314634332,1915.3664922061737,1931.9248046875,2714019,0.0,0.0
2022-01-12 00:00:00+05:30,1949.8795306793825,1971.1757652484785,1942.2487624976852,1951.6749267578125,2149396,0.0,0.0
2022-01-13 00:00:00+05:30,1955.0665457000243,1961.9492022798443,1917.7108586213344,1921.501220703125,1487152,0.0,0.0
2022-01-14 00:00:00+05:30,1904.194837374149,1940.1042214210163,1893.2225255820508,1933.3212890625,1828762,0.0,0.0
2022-01-17 00:00:00+05:30,1917.162058621726,1948.034104460911,1913.7705925421067,1932.5731201171875,1676473,0.0,0.0
2022-01-18 00:00:00+05:30,1925.1419114897694,1970.0286399960075,1925.1419114897694,1937.2613525390625,2081456,0.0,0.0
2022-01-19 00:00:00+05:30,1940.1041983949226,1940.1041983949226,1895.317192804302,1900.853271484375,1521702,0.0,0.0
2022-01-20 00:00:00+05:30,1920.1545289821538,1920.1545289821538,1872.275351116625,1887.8360595703125,1489821,0.0,0.0
2022-01-21 00:00:00+05:30,1863.5473415261447,1896.2149049865923,1844.89446086616,1888.983154296875,1753896,0.0,0.0
2022-01-24 00:00:00+05:30,1879.3574209662725,1883.1479045168865,1805.4439658336473,1826.2913818359375,2547434,0.0,0.0
2022-01-25 00:00:00+05:30,1810.132174440875,1869.1832353260309,1777.7139801099947,1849.981689453125,2569065,0.0,0.0
2022-01-27 00:00:00+05:30,1835.3684756269022,1893.771146206009,1816.5659479330075,1884.4945068359375,3718619,0.0,0.0
2022-01-28 00:00:00+05:30,1890.2301082884474,1951.9743245687907,1883.8961161832042,1893.5218505859375,4971964,0.0,0.0
2022-01-31 00:00:00+05:30,1915.1671237717055,1934.0195744989426,1836.3659764915155,1852.5750732421875,4516625,0.0,0.0
2022-02-01 00:00:00+05:30,1877.262718159416,1900.2048236417043,1829.4832654328245,1877.56201171875,3097086,0.0,0.0
2022-02-02 00:00:00+05:30,1905.9902026969228,1943.0965145362393,1892.1251672806325,1937.7100830078125,2710508,0.0,0.0
2022-02-03 00:00:00+05:30,1935.0170736369023,1937.560581936708,1891.2774734670538,1904.2447509765625,2239713,0.0,0.0
2022-02-04 00:00:00+05:30,1909.1821912094601,1913.1721226435448,1875.5171447343716,1879.4571533203125,1771267,0.0,0.0
2022-02-07 00:00:00+05:30,1845.3432155689206,1885.2425283379782,1815.4187309921272,1823.847412109375,2053959,0.0,0.0
2022-02-08 00:00:00+05:30,1830.3811446968984,1843.3983454120887,1788.5865863046154,1813.2244873046875,3569370,0.0,0.0
2022-02-09 00:00:00+05:30,1830.9795688971349,1843.1489332153947,1818.0622141742738,1830.381103515625,1624058,0.0,0.0
2022-02-10 00:00:00+05:30,1830.3809797424205,1884.145328241141,1825.642936334368,1862.4998779296875,2508081,0.0,0.0
2022-02-11 00:00:00+05:30,1849.4328555306054,1849.4328555306054,1817.4136816499727,1823.64794921875,1859755,0.0,0.0
2022-02-14 00:00:00+05:30,1785.5442127574888,1819.2590598108147,1733.5752591993921,1742.452880859375,3026821,0.0,0.0
2022-02-15 00:00:00+05:30,1751.5800045984238,1814.4214284536065,1741.655098266199,1808.5362548828125,2055275,0.0,0.0
2022-02-16 00:00:00+05:30,1810.5310402448347,1848.1860166585602,1795.4690740319522,1825.4434814453125,2269756,0.0,0.0
2022-02-17 00:00:00+05:30,1830.3809832285485,1839.6076993565398,1805.8429300948228,1812.7255859375,2810229,0.0,0.0
2022-02-18 00:00:00+05:30,1804.4963213788287,1826.391020295396,1801.3043033374202,1821.9522705078125,1229668,0.0,0.0
2022-02-21 00:00:00+05:30,1803.4490775844336,1846.6401357251652,1797.563904140149,1822.5009765625,1343911,0.0,0.0
2022-02-22 00:00:00+05:30,1785.4943955360475,1844.4456107232031,1785.4943955360475,1837.1141357421875,3022075,0.0,0.0
2022-02-23 00:00:00+05:30,1848.2360344092199,1908.03508376806,1848.2360344092199,1881.3524169921875,6915921,0.0,0.0
2022-02-24 00:00:00+05:30,1829.7326029948829,1869.6818390009234,1772.2776163979909,1790.33203125,4956043,0.0,0.0
2022-02-25 00:00:00+05:30,1816.366355140231,1861.5523771528972,1796.5165437467315,1852.0263671875,3993886,0.0,0.0
2022-02-28 00:00:00+05:30,1832.3760457207723,1847.3382888812575,1810.1321288502988,1838.111572265625,2712562,0.0,0.0
2022-03-02 00:00:00+05:30,1807.239551036857,1814.7704738078191,1770.8314255069392,1801.4541015625,2830955,0.0,0.0
2022-03-03 00:00:00+05:30,1808.3866173411898,1815.019903134661,1768.1382057330884,1787.73876953125,2962143,0.0,0.0
2022-03-04 00:00:00+05:30,1765.5446687882695,1781.4544717594206,1729.3359921299364,1747.7396240234375,2549194,0.0,0.0
2022-03-07 00:00:00+05:30,1689.2372332987613,1726.5431168337582,1675.8211374584416,1707.5909423828125,2697935,0.0,0.0
2022-03-08 00:00:00+05:30,1695.7208655508591,1725.1466099824768,1668.340009691741,1718.7626953125,5436496,0.0,0.0
2022-03-09 00:00:00+05:30,1718.7626863987248,1743.7496806696793,1687.7409939012573,1734.722412109375,6919461,0.0,0.0
2022-03-10 00:00:00+05:30,1795.4690750217355,1808.4363516746703,1731.6301745765184,1749.9339599609375,4188469,0.0,0.0
2022-03-11 00:00:00+05:30,1740.6076854720957,1775.4198635341477,1731.6303392432997,1758.5623779296875,2506340,0.0,0.0
2022-03-14 00:00:00+05:30,1741.0564998048908,1792.825887283156,1737.615232464186,1784.24755859375,3316649,0.0,0.0
2022-03-15 00:00:00+05:30,1779.5095022981254,1785.4444768769156,1709.6856989568312,1729.385986328125,4807455,0.0,0.0
2022-03-16 00:00:00+05:30,1755.569862077535,1770.3326573502236,1748.3381112252268,1756.068603515625,2927241,0.0,0.0
2022-03-17 00:00:00+05:30,1785.4943371447887,1822.9996687009193,1778.063138469153,1815.4188232421875,3359007,0.0,0.0
2022-03-21 00:00:00+05:30,1811.079720702444,1825.3935749291988,1768.5370537428796,1772.626708984375,2397699,0.0,0.0
2022-03-22 00:00:00+05:30,1772.6268392664526,1809.0349651581278,1750.931586166619,1803.2994384765625,3397456,0.0,0.0
2022-03-23 00:00:00+05:30,1810.4313874140282,1822.6505524255003,1753.574864503505,1765.2952880859375,3226340,0.0,0.0
2022-03-24 00:00:00+05:30,1710.6830411249084,1724.548076714622,1696.7182816055213,1709.835205078125,19710178,0.0,0.0
2022-03-25 00:00:00+05:30,1723.650443642038,1727.4409273506371,1707.6907173120192,1717.9149169921875,3039150,0.0,0.0
2022-03-28 00:00:00+05:30,1723.6504226539637,1723.6504226539637,1687.7909616980658,1720.857421875,3070204,0.0,0.0
2022-03-29 00:00:00+05:30,1733.6251261628431,1736.517850668427,1714.423582043951,1725.645263671875,2585790,0.0,0.0
2022-03-30 00:00:00+05:30,1744.996520974056,1764.3975136883466,1731.6302264403982,1758.6619873046875,3358154,0.0,0.0
2022-03-31 00:00:00+05:30,1750.6822784760086,1774.2727742900158,1742.6026910384583,1749.4354248046875,2848408,0.0,0.0
2022-04-01 00:00:00+05:30,1744.8967259797312,1775.51939950188,1741.2059665296854,1772.1778564453125,2373773,0.0,0.0
2022-04-04 00:00:00+05:30,1782.5018834616653,1835.3684754166002,1730.632774373805,1831.428466796875,3997566,0.0,0.0
2022-04-05 00:00:00+05:30,1831.4284666774474,1833.423432411466,1789.6837112826765,1797.66357421875,2132871,0.0,0.0
2022-04-06 00:00:00+05:30,1783.0007299247538,1788.48688601683,1767.2903738428995,1774.921142578125,2349001,0.0,0.0
2022-04-07 00:00:00+05:30,1766.5422581180612,1787.4893995186706,1758.5623947273527,1762.003662109375,4388783,0.0,0.0
2022-04-08 00:00:00+05:30,1770.7814621779726,1785.4943344872952,1751.6796408949547,1780.0081787109375,2381671,0.0,0.0
2022-04-11 00:00:00+05:30,1770.5320122036776,1801.6036265169305,1758.861511870706,1778.960693359375,1917942,0.0,0.0
2022-04-12 00:00:00+05:30,1766.5920543309458,1808.0873166354222,1765.544648630778,1797.314453125,2412242,0.0,0.0
2022-04-13 00:00:00+05:30,1803.14972757123,1813.9225912257125,1768.287750121189,1775.1204833984375,1923692,0.0,0.0
2022-04-18 00:00:00+05:30,1771.1305378647191,1771.1305378647191,1725.6453439040197,1745.9940185546875,1960141,0.0,0.0
2022-04-19 00:00:00+05:30,1758.5623264921533,1762.252964461932,1682.75362722193,1703.2020263671875,2389574,0.0,0.0
2022-04-20 00:00:00+05:30,1708.6881287635035,1722.6528887183717,1679.1626606401055,1716.96728515625,3201545,0.0,0.0
2022-04-21 00:00:00+05:30,1720.6578677275927,1768.98586174203,1719.710307752031,1756.4176025390625,2730691,0.0,0.0
2022-04-22 00:00:00+05:30,1735.620043002098,1744.4976641263825,1717.0668875846827,1723.40087890625,2256038,0.0,0.0
2022-04-25 00:00:00+05:30,1698.2145206869943,1733.5254372759134,1689.7359166189535,1724.4981689453125,2149394,0.0,0.0
2022-04-26 00:00:00+05:30,1741.7048206138168,1743.6000624255842,1726.8922242987944,1738.3133544921875,1454777,0.0,0.0
2022-04-27 00:00:00+05:30,1719.6605044815892,1747.5900254360465,1719.6605044815892,1737.116455078125,2822592,0.0,0.0
2022-04-28 00:00:00+05:30,1744.5975740111537,1768.5371633629363,1728.039382395447,1761.2056884765625,2342497,0.0,0.0
2022-04-29 00:00:00+05:30,1764.497256586243,1805.7432702598867,1762.5522137143566,1786.242431640625,3688659,0.0,0.0
2022-05-02 00:00:00+05:30,1761.1060124525354,1775.9684105023389,1745.6450272422137,1769.8837890625,1979466,0.0,0.0
2022-05-04 00:00:00+05:30,1763.5497695369393,1819.1095184353435,1763.5497695369393,1771.130615234375,5746474,0.0,0.0
2022-05-05 00:00:00+05:30,1796.4666614468524,1816.4163189865176,1779.8087461064506,1793.0751953125,3568047,0.0,0.0
2022-05-06 00:00:00+05:30,1750.7319956550493,1790.431738828224,1745.5949347800886,1770.831298828125,2847483,0.0,0.0
2022-05-09 00:00:00+05:30,1740.6076601451998,1779.5094932372701,1738.6126943456065,1763.051025390625,2169362,0.0,0.0
2022-05-10 00:00:00+05:30,1765.5446588236189,1804.2470424228234,1763.050951678388,1792.6263427734375,1989854,0.0,0.0
2022-05-11 00:00:00+05:30,1793.4741715681614,1813.4238286490086,1791.4792058600767,1805.39404296875,2621884,0.0,0.0
2022-05-12 00:00:00+05:30,1798.2620839789536,1802.0524456526807,1752.5773219303067,1756.467529296875,4282268,0.0,0.0
2022-05-13 00:00:00+05:30,1780.506911612604,1790.4817402490892,1751.579908566797,1775.0706787109375,2737022,0.0,0.0
2022-05-16 00:00:00+05:30,1776.5169390447036,1820.406184029525,1761.7043432149349,1808.2867431640625,3039181,0.0,0.0
2022-05-17 00:00:00+05:30,1818.4112227209043,1840.2561213343947,1813.0247910162975,1835.667724609375,3020781,0.0,0.0
2022-05-18 00:00:00+05:30,1842.301014284064,1859.3081466266146,1836.2163928778639,1842.1514892578125,5321784,0.0,0.0
2022-05-19 00:00:00+05:30,1807.4389970494085,1822.700533974747,1773.8736734414388,1778.9110107421875,3108321,0.0,0.0
2022-05-20 00:00:00+05:30,1806.4414383174712,1835.2687169866865,1789.933048472467,1824.5457763671875,2649672,0.0,0.0
2022-05-23 00:00:00+05:30,1847.3383090112154,1866.789225331798,1836.615367962689,1849.632568359375,2826078,0.0,0.0
2022-05-24 00:00:00+05:30,1853.2731087550512,1885.2424810139682,1838.161341833543,1877.861083984375,3421900,0.0,0.0
2022-05-25 00:00:00+05:30,1893.0727566177213,1936.612906317093,1881.5519030373985,1902.7484130859375,6252602,0.0,0.0
2022-05-26 00:00:00+05:30,1910.1297721446965,1917.1620750795248,1879.3076488891822,1903.845703125,4949829,0.0,0.0
2022-05-27 00:00:00+05:30,1916.1646273945057,1945.0916311396597,1908.1847642923942,1941.3011474609375,2440367,0.0,0.0
2022-05-30 00:00:00+05:30,1940.353628859547,1946.8372677684724,1890.7787769842148,1898.409423828125,3987800,0.0,0.0
2022-05-31 00:00:00+05:30,1886.339787860636,1891.3771249438748,1823.7477392030394,1842.201171875,14830306,0.0,0.0
2022-06-01 00:00:00+05:30,1835.3683573665876,1869.2827726657529,1830.7300379804178,1860.4051513671875,2382645,0.0,0.0
2022-06-02 00:00:00+05:30,1843.5477132448964,1874.2702330398558,1841.3532997294167,1852.9739990234375,2664301,0.0,0.0
2022-06-03 00:00:00+05:30,1874.270309635565,1874.270309635565,1848.4354789926094,1853.9715576171875,1815375,0.0,0.0
2022-06-06 00:00:00+05:30,1840.355965263151,1872.2754183192055,1838.510646235958,1864.5948486328125,2588097,0.0,0.0
2022-06-07 00:00:00+05:30,1859.3080286283669,1860.3055114763436,1827.388577493116,1853.4727783203125,1711639,0.0,0.0
2022-06-08 00:00:00+05:30,1855.318115697389,1875.3674967886068,1834.1216049669752,1840.8546142578125,1465616,0.0,0.0
2022-06-09 00:00:00+05:30,1834.1216316132275,1868.1357732092306,1823.0993971680628,1860.5050048828125,1280868,0.0,0.0
2022-06-10 00:00:00+05:30,1835.3685442839717,1849.5327528226824,1779.5594244822958,1787.2899169921875,2859950,0.0,0.0
2022-06-13 00:00:00+05:30,1738.6126091007604,1748.188420116693,1714.3239260342048,1732.976806640625,2349445,0.0,0.0
2022-06-14 00:00:00+05:30,1731.2312673838678,1744.2484677122493,1717.2665070218543,1735.3209228515625,1551047,0.0,0.0
2022-06-15 00:00:00+05:30,1733.6252640733014,1745.5950587619548,1724.5481941203489,1732.2786865234375,1770169,0.0,0.0
2022-06-16 00:00:00+05:30,1737.6151022198615,1749.1360776935278,1665.796337949006,1671.581787109375,2973292,0.0,0.0
2022-06-17 00:00:00+05:30,1656.8189479735825,1679.4617590630692,1644.4501367727673,1669.38720703125,3163864,0.0,0.0
2022-06-20 00:00:00+05:30,1669.3872649521504,1685.5963611825534,1647.841659853885,1674.97314453125,1767577,0.0,0.0
2022-06-21 00:00:00+05:30,1685.7460605009944,1704.69823514568,1668.340033019383,1677.2674560546875,2503603,0.0,0.0
2022-06-22 00:00:00+05:30,1660.8089496104087,1671.6316142087148,1648.8391553789825,1665.4970703125,1771925,0.0,0.0
2022-06-23 00:00:00+05:30,1670.7837702802094,1690.733427238779,1644.6497683697003,1679.86083984375,2490801,0.0,0.0
2022-06-24 00:00:00+05:30,1695.720826119309,1710.5833447714338,1685.8956445088145,1694.1248779296875,1617721,0.0,0.0
2022-06-27 00:00:00+05:30,1712.8775751226624,1715.5708519915418,1680.7586746738766,1687.292236328125,2128112,0.0,0.0
2022-06-28 00:00:00+05:30,1680.658814153651,1688.0900123972265,1660.5095882950793,1664.599365234375,2799443,0.0,0.0
2022-06-29 00:00:00+05:30,1645.8467181223268,1654.7741410093483,1632.5801473861836,1638.315673828125,2932830,0.0,0.0
2022-06-30 00:00:00+05:30,1627.8919752308448,1672.6789785588603,1626.8944924028847,1656.918701171875,3982064,0.0,0.0
2022-07-01 00:00:00+05:30,1640.859387809057,1675.2725482220735,1631.882041614357,1663.5521240234375,2300514,0.0,0.0
2022-07-04 00:00:00+05:30,1662.3550658212873,1680.2099111406721,1655.8714273998453,1666.694091796875,1868781,0.0,0.0
2022-07-05 00:00:00+05:30,1670.7837628762688,1690.5339718829484,1652.7791488457283,1658.8638916015625,2642097,0.0,0.0
2022-07-06 00:00:00+05:30,1677.7662295864347,1708.0897339505948,1666.7939177401502,1700.2095947265625,5572949,0.0,0.0
2022-07-07 00:00:00+05:30,1713.6755033355353,1739.6100569366552,1711.7304605206677,1734.1239013671875,3170065,0.0,0.0
2022-07-08 00:00:00+05:30,1750.5824760134196,1752.0287775020574,1727.8398173634105,1740.3582763671875,1778149,0.0,0.0
2022-07-11 00:00:00+05:30,1738.6125382773241,1742.6024695183507,1723.8497439803104,1736.866943359375,1533179,0.0,0.0
2022-07-12 00:00:00+05:30,1717.1667990257952,1734.6227496403474,1707.6407886994918,1714.6231689453125,1828832,0.0,0.0
2022-07-13 00:00:00+05:30,1719.6604250027012,1741.5551247480696,1719.0619596482322,1737.6650390625,3613468,0.0,0.0
2022-07-14 00:00:00+05:30,1735.6200755159396,1772.5269391907036,1732.6775499551934,1765.594482421875,6570982,0.0,0.0
2022-07-15 00:00:00+05:30,1767.838934495556,1785.4943325422923,1765.5446751954512,1783.2000732421875,2333732,0.0,0.0
2022-07-18 00:00:00+05:30,1795.4690363115606,1845.3431762091038,1789.733510223343,1841.004150390625,3117038,0.0,0.0
2022-07-19 00:00:00+05:30,1830.3809775337932,1847.3381855000464,1823.4485206292761,1830.3310546875,2895175,0.0,0.0
2022-07-20 00:00:00+05:30,1841.602848153681,1845.3434091181095,1813.5236794947598,1823.1494140625,2571469,0.0,0.0
2022-07-21 00:00:00+05:30,1820.4062296230277,1820.4062296230277,1783.2999157299023,1796.017822265625,2186674,0.0,0.0
2022-07-22 00:00:00+05:30,1796.4666973061753,1837.363496078831,1785.195091866053,1822.5009765625,3349580,0.0,0.0
2022-07-25 00:00:00+05:30,1811.4288712614589,1844.1463577295488,1780.6066265773636,1791.0303955078125,1886515,0.0,0.0
2022-07-26 00:00:00+05:30,1786.4917917484322,1790.4318003170317,1747.5899604373271,1757.165771484375,1802447,0.0,0.0
2022-07-27 00:00:00+05:30,1756.716995379682,1756.716995379682,1727.989439780911,1749.6846923828125,3479645,0.0,0.0
2022-07-28 00:00:00+05:30,1770.3326785503791,1827.2390042601107,1760.5572975415298,1823.8974609375,2154401,0.0,0.0
2022-07-29 00:00:00+05:30,1833.0244218986745,1852.2259671617887,1799.1100042910964,1805.7930908203125,2387998,0.0,0.0
2022-08-01 00:00:00+05:30,1810.4314299990317,1857.3131254315135,1807.4389813544053,1851.078857421875,1655537,0.0,0.0
2022-08-02 00:00:00+05:30,1847.038990243995,1888.235081671362,1829.5830399379997,1879.856201171875,3357606,0.0,0.0
2022-08-03 00:00:00+05:30,1870.28041716117,1875.0683837343217,1835.3685160408281,1846.4405517578125,2535679,0.0,0.0
2022-08-04 00:00:00+05:30,1851.9266283598722,1854.3206115439523,1809.6832541654735,1830.9296875,2361186,0.0,0.0
2022-08-05 00:00:00+05:30,1840.1064779903015,1845.343262925631,1818.062131472285,1829.2838134765625,1664571,0.0,0.0
2022-08-08 00:00:00+05:30,1825.3936759305536,1844.8445921494858,1812.2269505798802,1839.857177734375,1555925,0.0,0.0
2022-08-10 00:00:00+05:30,1843.3483657159445,1844.5952193182957,1816.4662507544726,1823.747802734375,1657327,0.0,0.0
2022-08-11 00:00:00+05:30,1845.4561346407556,1853.091496720303,1829.4868008634423,1849.947509765625,2778338,1.1,0.0
2022-08-12 00:00:00+05:30,1856.4350362756752,1856.4350362756752,1832.98007748402,1837.6710205078125,1396522,0.0,0.0
2022-08-16 00:00:00+05:30,1846.9032745683598,1858.2316179881445,1835.026180247707,1842.8111572265625,1313624,0.0,0.0
2022-08-17 00:00:00+05:30,1850.4465913007266,1850.4465913007266,1827.6404103760756,1836.1739501953125,3383334,0.0,0.0
2022-08-18 00:00:00+05:30,1835.4752723171068,1908.3353565363286,1828.4886888988253,1900.8497314453125,3661316,0.0,0.0
2022-08-19 00:00:00+05:30,1915.321966920181,1938.726972966402,1867.4139656631885,1873.4024658203125,4563906,0.0,0.0
2022-08-22 00:00:00+05:30,1823.4482518759182,1834.4771211702653,1807.8283455657124,1828.53857421875,4162757,0.0,0.0
2022-08-23 00:00:00+05:30,1820.504089906372,1865.417842124457,1816.5117563758756,1852.1932373046875,2214300,0.0,0.0
2022-08-24 00:00:00+05:30,1847.452347967849,1870.3583129479828,1837.87077182702,1864.0205078125,1415625,0.0,0.0
2022-08-25 00:00:00+05:30,1871.5060176347172,1901.7978221697792,1852.5923873676345,1865.168212890625,2204409,0.0,0.0
2022-08-26 00:00:00+05:30,1868.761391537932,1923.306672603586,1865.3180526126473,1898.404541015625,3343088,0.0,0.0
2022-08-29 00:00:00+05:30,1854.4387679476351,1874.3504810110298,1841.4636850717905,1846.4541015625,3639673,0.0,0.0
2022-08-30 00:00:00+05:30,1861.2756938429873,1916.3200144589068,1853.440763984474,1911.7786865234375,3885850,0.0,0.0
2022-09-01 00:00:00+05:30,1871.4062838899324,1921.8094931360347,1871.4062838899324,1899.202880859375,4207842,0.0,0.0
2022-09-02 00:00:00+05:30,1913.2757365000864,1925.3026890203641,1900.7498641652885,1915.172119140625,3331376,0.0,0.0
2022-09-05 00:00:00+05:30,1907.3373239408675,1953.2491590540437,1907.3373239408675,1934.185791015625,3806770,0.0,0.0
2022-09-06 00:00:00+05:30,1941.2222597574162,1946.2126767565474,1906.3392936680318,1912.0283203125,2767854,0.0,0.0
2022-09-07 00:00:00+05:30,1896.3583417602845,1911.4293757933208,1882.0857012956558,1904.592529296875,1976258,0.0,0.0
2022-09-08 00:00:00+05:30,1916.419827583623,1934.2855440241806,1908.3353767668902,1926.350830078125,2412183,0.0,0.0
2022-09-09 00:00:00+05:30,1946.2625325089402,1946.9611421194047,1912.8267402837866,1922.6578369140625,2817973,0.0,0.0
2022-09-12 00:00:00+05:30,1921.3104612861998,1940.2740450599338,1914.0743569514857,1920.3123779296875,1483681,0.0,0.0
2022-09-13 00:00:00+05:30,1929.2951992553164,1936.2817830084396,1916.4698520186391,1919.713623046875,1584581,0.0,0.0
2022-09-14 00:00:00+05:30,1888.3737133968598,1974.0093142505586,1888.3737133968598,1950.9534912109375,3742429,0.0,0.0
2022-09-15 00:00:00+05:30,1963.7289253337913,1983.3911179355064,1919.3142177468262,1930.44287109375,3747498,0.0,0.0
2022-09-16 00:00:00+05:30,1922.5580554894707,1976.205035623181,1906.4389849983054,1926.600341796875,5168822,0.0,0.0
2022-09-19 00:00:00+05:30,1919.4141218896032,1936.2817553628693,1903.8939984471385,1925.8018798828125,1675912,0.0,0.0
2022-09-20 00:00:00+05:30,1940.2740809060444,1957.9401079081492,1929.295163781576,1936.0322265625,1612730,0.0,0.0
2022-09-21 00:00:00+05:30,1923.306706925373,1946.2626250671913,1894.7615461249914,1914.822998046875,2238276,0.0,0.0
2022-09-22 00:00:00+05:30,1901.8977075352598,1920.9111215632354,1877.5942813727393,1889.1221923828125,1857227,0.0,0.0
2022-09-23 00:00:00+05:30,1866.5157242697192,1885.080050966375,1838.3698213912107,1859.1298828125,2613759,0.0,0.0
2022-09-26 00:00:00+05:30,1832.4810905143693,1854.4389249322974,1813.168201427689,1825.4945068359375,2285176,0.0,0.0
2022-09-27 00:00:00+05:30,1828.688285542041,1831.3332308163258,1788.6153360614387,1795.8514404296875,2740144,0.0,0.0
2022-09-28 00:00:00+05:30,1786.5691922337785,1804.534692490878,1771.6977259870214,1789.1641845703125,1771117,0.0,0.0
2022-09-29 00:00:00+05:30,1798.5461123998348,1806.5307788255832,1756.3770928388508,1761.91650390625,2799627,0.0,0.0
2022-09-30 00:00:00+05:30,1764.611317297871,1822.9492388665353,1754.3310103234196,1815.713134765625,2804653,0.0,0.0
2022-10-03 00:00:00+05:30,1804.5347420015,1809.5251588765043,1769.901297623511,1780.48095703125,2440064,0.0,0.0
2022-10-04 00:00:00+05:30,1804.5346369529427,1824.296735362075,1798.5461370515502,1818.75732421875,1668922,0.0,0.0
2022-10-06 00:00:00+05:30,1821.5021023891327,1836.4733525457557,1808.377282051224,1815.413818359375,1748151,0.0,0.0
2022-10-07 00:00:00+05:30,1807.0299009400833,1826.492526219471,1798.7457604199592,1821.9013671875,1063844,0.0,0.0
2022-10-10 00:00:00+05:30,1797.647981105422,1818.2584276108364,1791.1106079600254,1804.7843017578125,1037722,0.0,0.0
2022-10-11 00:00:00+05:30,1806.3811476545072,1806.3811476545072,1779.8821075053957,1784.4732666015625,1496718,0.0,0.0
2022-10-12 00:00:00+05:30,1784.57306665692,1809.5251509222574,1776.7879676315952,1806.73046875,1035118,0.0,0.0
2022-10-13 00:00:00+05:30,1801.540410795908,1812.4195434610579,1789.563410834938,1798.047119140625,1172979,0.0,0.0
2022-10-14 00:00:00+05:30,1824.4963631832743,1854.438863673153,1819.0069047601298,1830.48486328125,1670238,0.0,0.0
2022-10-17 00:00:00+05:30,1824.5463382247594,1858.6307875602492,1816.7612392683861,1854.588623046875,1104283,0.0,0.0
2022-10-18 00:00:00+05:30,1863.8707663416326,1872.3046440365479,1851.5444609189803,1856.1356201171875,1609858,0.0,0.0
2022-10-19 00:00:00+05:30,1865.4177850377914,1873.85154062833,1851.4446181086694,1865.76708984375,913286,0.0,0.0
2022-10-20 00:00:00+05:30,1856.435026865228,1879.3409909621719,1851.7939149307958,1859.978271484375,1591107,0.0,0.0
2022-10-21 00:00:00+05:30,1866.415970375406,1921.3105577393885,1862.7231105054614,1899.00341796875,3941971,0.0,0.0
2022-10-24 00:00:00+05:30,1898.85361375893,1911.3296558992645,1886.377571618595,1892.16650390625,649081,0.0,0.0
2022-10-25 00:00:00+05:30,1907.3372603272735,1907.936085963247,1838.4695099543892,1843.0606689453125,3511650,0.0,0.0
2022-10-27 00:00:00+05:30,1880.0895246215384,1884.3813316856567,1845.905170484762,1861.4254150390625,4593492,0.0,0.0
2022-10-28 00:00:00+05:30,1870.4083168866923,1891.2183316907597,1867.4640195514285,1880.638671875,3048687,0.0,0.0
2022-10-31 00:00:00+05:30,1895.3602683024606,1908.3353517610872,1885.3794348727477,1898.3045654296875,1874348,0.0,0.0
2022-11-01 00:00:00+05:30,1904.3429981497638,1937.7787897839448,1899.7518391881601,1905.5406494140625,2545417,0.0,0.0
2022-11-02 00:00:00+05:30,1915.0723665036676,1916.3199706512269,1893.863095995158,1906.2891845703125,1864081,0.0,0.0
2022-11-03 00:00:00+05:30,1901.1491684747102,1909.3334030149888,1889.970562119497,1896.508056640625,1591871,0.0,0.0
2022-11-04 00:00:00+05:30,1902.3469248714534,1904.3430916341727,1890.6693980440857,1896.3084716796875,2081413,0.0,0.0
2022-11-07 00:00:00+05:30,1904.3430407957744,1906.339207505204,1868.062735219162,1878.99169921875,2624601,0.0,0.0
2022-11-09 00:00:00+05:30,1894.3622773984955,1899.9515200246033,1877.0953859879835,1889.7711181640625,2322634,0.0,0.0
2022-11-10 00:00:00+05:30,1891.3680745295699,1911.329742862336,1888.0743505201217,1908.4852294921875,2510124,0.0,0.0
2022-11-11 00:00:00+05:30,1929.2951332505047,1930.1934326410155,1887.2758481972642,1895.4600830078125,3424030,0.0,0.0
2022-11-14 00:00:00+05:30,1899.2029098276407,1925.0033404877977,1897.3564799666422,1919.11474609375,2142267,0.0,0.0
2022-11-15 00:00:00+05:30,1921.310444958539,1929.5945854817298,1891.6674182565744,1908.734619140625,1990292,0.0,0.0
2022-11-16 00:00:00+05:30,1910.3315299000853,1964.8768092877515,1910.2815769980991,1962.132080078125,6437651,0.0,0.0
2022-11-17 00:00:00+05:30,1960.0361278002767,1961.2337790834993,1939.5254662615826,1946.8115234375,2408671,0.0,0.0
2022-11-18 00:00:00+05:30,1957.1915307688616,1993.7214794885203,1944.1666159247673,1955.7943115234375,4272040,0.0,0.0
2022-11-21 00:00:00+05:30,1950.8038232069168,1950.8038232069168,1929.0955107591542,1940.373779296875,1192610,0.0,0.0
2022-11-22 00:00:00+05:30,1950.1051777820485,1950.1051777820485,1926.4006976269463,1936.0322265625,1166755,0.0,0.0
2022-11-23 00:00:00+05:30,1946.761565933374,1957.7404827368946,1941.9208860736362,1949.6060791015625,2500563,0.0,0.0
2022-11-24 00:00:00+05:30,1950.7538428282176,1952.5504415331259,1929.3450044158294,1941.122314453125,1400421,0.0,0.0
2022-11-25 00:00:00+05:30,1945.2644723804526,1945.2644723804526,1916.320054884797,1924.7039794921875,2097541,0.0,0.0
2022-11-28 00:00:00+05:30,1912.3277305013705,1939.2260284980482,1912.3277305013705,1924.4544677734375,1564504,0.0,0.0
2022-11-29 00:00:00+05:30,1927.8977059510141,1935.2835468456976,1919.5637346420774,1921.859375,1363505,0.0,0.0
2022-11-30 00:00:00+05:30,1935.2836175945758,1951.2529512106219,1912.3277005215095,1943.3182373046875,2950734,0.0,0.0
2022-12-01 00:00:00+05:30,1951.2529277500023,1957.9899902882696,1924.154940728814,1930.5926513671875,2471005,0.0,0.0
2022-12-02 00:00:00+05:30,1913.4255503488264,1931.1914825688095,1913.4255503488264,1927.099365234375,1590968,0.0,0.0
2022-12-05 00:00:00+05:30,1938.2778637641247,1940.2240775601424,1916.3200300860553,1934.734619140625,1245509,0.0,0.0
2022-12-06 00:00:00+05:30,1916.869116357047,1939.3758238518813,1916.869116357047,1931.5408935546875,1366698,0.0,0.0
2022-12-07 00:00:00+05:30,1928.796080274875,1928.796080274875,1901.847829735459,1907.786376953125,2362280,0.0,0.0
2022-12-08 00:00:00+05:30,1895.260518495282,1901.149234692219,1873.5022524918027,1893.3641357421875,12619838,0.0,0.0
2022-12-09 00:00:00+05:30,1910.3314880170603,1913.0762171665103,1875.6480924012858,1884.4312744140625,2648455,0.0,0.0
2022-12-12 00:00:00+05:30,1861.4253877069584,1876.0971637441598,1859.4292210713477,1862.1739501953125,3281447,0.0,0.0
2022-12-13 00:00:00+05:30,1860.177927116739,1868.162594275389,1854.6385155408848,1864.9188232421875,6939565,0.0,0.0
2022-12-14 00:00:00+05:30,1867.5137904773717,1872.3544705096508,1860.1779019917167,1869.6097412109375,3747141,0.0,0.0
2022-12-15 00:00:00+05:30,1871.9553334711513,1878.193354600742,1851.3448872917136,1859.62890625,2041799,0.0,0.0
2022-12-16 00:00:00+05:30,1851.1451206490835,1853.390808162489,1831.6824955329027,1837.0223388671875,2487828,0.0,0.0
2022-12-19 00:00:00+05:30,1837.0223802469293,1860.427386345981,1836.9724273443014,1854.588623046875,1713647,0.0,0.0
2022-12-20 00:00:00+05:30,1841.4637417594608,1858.3812054492175,1831.2333876385749,1843.5596923828125,1410586,0.0,0.0
2022-12-21 00:00:00+05:30,1856.9341216530981,1857.3832104379046,1805.5328277723486,1811.1220703125,2382869,0.0,0.0
2022-12-22 00:00:00+05:30,1822.5002179958262,1831.4829682488178,1815.5136344657217,1822.5501708984375,1714093,0.0,0.0
2022-12-23 00:00:00+05:30,1812.469507393014,1835.625115450171,1808.4771737800236,1818.4580078125,2102126,0.0,0.0
2022-12-26 00:00:00+05:30,1818.4578992975892,1822.599969541163,1790.7610865102506,1810.0740966796875,4746738,0.0,0.0
2022-12-27 00:00:00+05:30,1819.156680078513,1824.4464488417188,1803.5366509588878,1817.4100341796875,1548286,0.0,0.0
2022-12-28 00:00:00+05:30,1820.9032572621502,1827.8898405938014,1811.7707703970805,1816.6114501953125,1904268,0.0,0.0
2022-12-29 00:00:00+05:30,1810.9225217899507,1816.5117643900344,1797.5481800365121,1815.26416015625,2154490,0.0,0.0
2022-12-30 00:00:00+05:30,1821.6018991629032,1834.4771987553872,1818.807338882494,1823.747802734375,2692688,0.0,0.0
2023-01-02 00:00:00+05:30,1824.2968533223852,1829.4868381713097,1812.9685094740119,1821.5521240234375,1125001,0.0,0.0
2023-01-03 00:00:00+05:30,1818.757377033731,1832.9800647125514,1817.5097728513783,1829.3370361328125,1663448,0.0,0.0
2023-01-04 00:00:00+05:30,1831.3832806514365,1831.3832806514365,1810.4733600270597,1817.2603759765625,1664104,0.0,0.0
2023-01-05 00:00:00+05:30,1816.5118055394423,1829.2873219173382,1802.6883746832398,1816.811279296875,1732618,0.0,0.0
2023-01-06 00:00:00+05:30,1822.5001845264746,1822.5001845264746,1767.2562958523745,1783.3753662109375,3799655,0.0,0.0
2023-01-09 00:00:00+05:30,1797.548113212314,1812.5193634611674,1785.5711130132315,1808.42724609375,3426868,0.0,0.0
2023-01-10 00:00:00+05:30,1805.0836034256106,1812.5192752862743,1785.47124218644,1792.1085205078125,1474131,0.0,0.0
2023-01-11 00:00:00+05:30,1796.5500545195691,1800.6921248458698,1780.68050467071,1798.396484375,1603701,0.0,0.0
2023-01-12 00:00:00+05:30,1803.5366481214,1803.5366481214,1769.00298791479,1776.08935546875,3529605,0.0,0.0
2023-01-13 00:00:00+05:30,1776.0893019769726,1783.8744007567034,1755.6285935248636,1776.8878173828125,3983197,0.0,0.0
2023-01-16 00:00:00+05:30,1783.5750071711518,1795.5520077789045,1776.5884234832963,1781.3792724609375,2118161,0.0,0.0
2023-01-17 00:00:00+05:30,1776.5883940411843,1798.496275221928,1773.1948862246225,1794.20458984375,2132394,0.0,0.0
2023-01-18 00:00:00+05:30,1799.494452266155,1823.49840723718,1792.557821235892,1795.65185546875,2835232,0.0,0.0
2023-01-19 00:00:00+05:30,1800.0434121472979,1800.0434121472979,1761.6172012420186,1763.912841796875,4425644,0.0,0.0
2023-01-20 00:00:00+05:30,1775.49057454368,1775.49057454368,1753.6325238405484,1759.521240234375,4270294,0.0,0.0
2023-01-23 00:00:00+05:30,1786.5691976995006,1796.2007264007366,1766.6075306860985,1780.3311767578125,7764627,0.0,0.0
2023-01-24 00:00:00+05:30,1789.2639767473488,1789.2639767473488,1745.3982621528703,1756.876220703125,4159188,0.0,0.0
2023-01-25 00:00:00+05:30,1753.632440425322,1757.0259481719004,1729.6784401007872,1746.4462890625,4280333,0.0,0.0
2023-01-27 00:00:00+05:30,1748.7417781917827,1748.7417781917827,1700.7339943842383,1709.8165283203125,7516979,0.0,0.0
2023-01-30 00:00:00+05:30,1709.8165856526434,1727.283044513976,1680.6226472701308,1722.94140625,4939556,0.0,0.0
2023-01-31 00:00:00+05:30,1727.1832093096139,1735.2676599469146,1709.7667038676404,1727.6822509765625,4385384,0.0,0.0
2023-02-01 00:00:00+05:30,1741.6554307682125,1780.580681083376,1717.451909738912,1741.35595703125,3652098,0.0,0.0
2023-02-02 00:00:00+05:30,1716.7033123580957,1764.6113117727402,1716.7033123580957,1758.373291015625,4184470,0.0,0.0
2023-02-03 00:00:00+05:30,1767.2063358914709,1780.2812032667691,1741.8549947103693,1776.8878173828125,2675212,0.0,0.0
2023-02-06 00:00:00+05:30,1771.597945110144,1774.8417159955573,1736.6650278826203,1743.651611328125,3040209,0.0,0.0
2023-02-07 00:00:00+05:30,1748.841585712254,1776.5883513955544,1743.7015539624053,1771.9971923828125,3643187,0.0,0.0
2023-02-08 00:00:00+05:30,1775.3907686527643,1776.5884199766354,1757.7246196893886,1762.1162109375,1446690,0.0,0.0
2023-02-09 00:00:00+05:30,1764.5614403398954,1771.7975447522315,1744.59977299552,1767.505859375,2163825,0.0,0.0
2023-02-10 00:00:00+05:30,1764.5116161660299,1775.2410124055436,1761.617150022519,1768.6536865234375,1445942,0.0,0.0
2023-02-13 00:00:00+05:30,1771.6977037885251,1781.0297586045453,1758.2735316658182,1770.4002685546875,2389142,0.0,0.0
2023-02-14 00:00:00+05:30,1766.6074823134743,1773.5940655768609,1760.3694615425934,1766.956787109375,1614893,0.0,0.0
2023-02-15 00:00:00+05:30,1765.0603895351453,1786.569133706201,1756.876155087341,1782.0777587890625,2409292,0.0,0.0
2023-02-16 00:00:00+05:30,1790.5616467554946,1800.4426969326203,1780.1317238018564,1784.523193359375,2291602,0.0,0.0
2023-02-17 00:00:00+05:30,1779.6824379052496,1787.9665786351131,1747.693938904634,1755.878173828125,2587909,0.0,0.0
2023-02-20 00:00:00+05:30,1764.6612771863843,1764.6612771863843,1726.7839417787904,1733.97021484375,3224839,0.0,0.0
2023-02-21 00:00:00+05:30,1741.6554715962511,1741.6554715962511,1721.7437572027989,1726.8837890625,2936934,0.0,0.0
2023-02-22 00:00:00+05:30,1720.645825532359,1722.7917292056845,1694.7456100845127,1697.290771484375,3539149,0.0,0.0
2023-02-23 00:00:00+05:30,1704.1275726006486,1710.4653776414157,1684.515209986462,1703.8780517578125,2770110,0.0,0.0
2023-02-24 00:00:00+05:30,1709.7168576557926,1720.945295862814,1690.7532731283786,1694.0469970703125,2080363,0.0,0.0
2023-02-27 00:00:00+05:30,1695.0450596766293,1726.4846862706797,1687.5594342970935,1722.6419677734375,2343798,0.0,0.0
2023-02-28 00:00:00+05:30,1722.641945087153,1738.062406267728,1718.3502596945489,1725.9356689453125,4395098,0.0,0.0
2023-03-01 00:00:00+05:30,1725.9356352472794,1747.2446904304102,1722.6918643555323,1741.5556640625,5613386,0.0,0.0
2023-03-02 00:00:00+05:30,1732.2734070997176,1743.0028029214911,1714.7071648192457,1718.4000244140625,4119935,0.0,0.0
2023-03-03 00:00:00+05:30,1728.68045826492,1761.6172106452561,1716.6036734260674,1747.64404296875,3626269,0.0,0.0
2023-03-06 00:00:00+05:30,1752.9339337522542,1761.2179529157997,1738.1122977120203,1747.64404296875,5186846,0.0,0.0
2023-03-08 00:00:00+05:30,1732.6726008469022,1740.9567409334136,1723.540114326553,1736.864501953125,5202608,0.0,0.0
2023-03-09 00:00:00+05:30,1735.9664495395905,1741.206387218097,1710.415417866746,1713.40966796875,6928316,0.0,0.0
2023-03-10 00:00:00+05:30,1703.728283905382,1710.2158257011554,1688.7570336074439,1696.0430908203125,4876144,0.0,0.0
2023-03-13 00:00:00+05:30,1695.743640606453,1719.997115160143,1663.0064574328956,1670.6917724609375,8978938,0.0,0.0
2023-03-14 00:00:00+05:30,1669.7933823041483,1674.3347101118973,1640.349924576729,1645.0908203125,14138986,0.0,0.0
2023-03-15 00:00:00+05:30,1664.8030776711448,1684.7647452691203,1658.4153196725229,1662.7569580078125,4692363,0.0,0.0
2023-03-16 00:00:00+05:30,1666.799161009237,1675.632174111987,1645.0408956818842,1660.361572265625,3632063,0.0,0.0
2023-03-17 00:00:00+05:30,1676.3808545663896,1702.92984864377,1667.9470985694531,1689.85498046875,8928301,0.0,0.0
2023-03-20 00:00:00+05:30,1683.766676819741,1699.6860581357487,1677.8281293912244,1696.3924560546875,4463937,0.0,0.0
2023-03-21 00:00:00+05:30,1704.2772226370862,1708.6686917781676,1688.7569782689309,1703.5784912109375,1805180,0.0,0.0
2023-03-22 00:00:00+05:30,1706.7226381991768,1709.91645638992,1688.8569207185928,1701.8819580078125,3326099,0.0,0.0
2023-03-23 00:00:00+05:30,1695.893385502965,1696.741732001696,1671.7896477075533,1676.4805908203125,5642151,0.0,0.0
2023-03-24 00:00:00+05:30,1672.8376209683988,1705.6744651934816,1671.7895847329837,1688.90673828125,5480609,0.0,0.0
2023-03-27 00:00:00+05:30,1697.3904345885317,1709.5670024445326,1689.8548567344394,1701.931640625,2837204,0.0,0.0
2023-03-28 00:00:00+05:30,1705.6745860155545,1706.5230543787752,1682.2196260011438,1695.6439208984375,2371652,0.0,0.0
2023-03-29 00:00:00+05:30,1696.8415447488317,1723.6900122719298,1691.7513438337703,1717.75146484375,2821000,0.0,0.0
2023-03-31 00:00:00+05:30,1722.1927983621858,1737.313785288242,1717.7014233447244,1729.5286865234375,3565755,0.0,0.0
2023-04-03 00:00:00+05:30,1730.6764777906426,1748.8415454896635,1729.8779623996854,1742.35400390625,2436866,0.0,0.0
2023-04-05 00:00:00+05:30,1741.6555584704524,1756.3273359304756,1735.7170108881464,1748.5423583984375,2526350,0.0,0.0
2023-04-06 00:00:00+05:30,1746.645932104562,1758.0739381829342,1736.0163196361982,1753.7322998046875,1557355,0.0,0.0
2023-04-10 00:00:00+05:30,1753.7821969988188,1764.6113770666018,1746.2965718132987,1755.9281005859375,1253171,0.0,0.0
2023-04-11 00:00:00+05:30,1843.6595471224873,1855.4369795897644,1822.5002284727864,1842.9609375,9293763,0.0,0.0
2023-04-12 00:00:00+05:30,1838.4696273606958,1847.4024250783143,1827.9897516346982,1840.5157470703125,3408713,0.0,0.0
2023-04-13 00:00:00+05:30,1834.4772437953413,1870.7077190531515,1827.4906601682644,1865.9168701171875,2924116,0.0,0.0
2023-04-17 00:00:00+05:30,1885.3295102741843,1910.131979188439,1822.5999955939944,1891.5177001953125,10354299,0.0,0.0
2023-04-18 00:00:00+05:30,1897.3064426901578,1900.9494711836264,1882.2853617921521,1884.6807861328125,2972721,0.0,0.0
2023-04-19 00:00:00+05:30,1884.6808613139012,1884.7306923801955,1872.554124097593,1881.287353515625,1876656,0.0,0.0
2023-04-20 00:00:00+05:30,1880.688511826541,1899.7518795120536,1868.461990745568,1880.3890380859375,2322777,0.0,0.0
2023-04-21 00:00:00+05:30,1878.3928127393792,1900.0013410364074,1873.5521329930527,1890.0205078125,1671341,0.0,0.0
2023-04-24 00:00:00+05:30,1886.5771110655212,1898.3545434026632,1873.951454079266,1893.6136474609375,2017406,0.0,0.0
2023-04-25 00:00:00+05:30,1898.3545651116815,1903.3449819495145,1873.4024809225164,1885.678955078125,4738419,0.0,0.0
2023-04-26 00:00:00+05:30,1873.9015223115566,1890.7691555880488,1859.7786182954408,1874.9993896484375,3159518,0.0,0.0
2023-04-27 00:00:00+05:30,1873.302700454785,1909.333485724022,1873.252747551774,1904.94189453125,5061293,0.0,0.0
2023-04-28 00:00:00+05:30,1902.3468297117765,1939.5753867087747,1892.4657803633186,1934.33544921875,4367612,0.0,0.0
2023-05-02 00:00:00+05:30,1914.3239085170655,1933.7365813782803,1886.3775740861595,1917.4678955078125,4605771,0.0,0.0
2023-05-03 00:00:00+05:30,1915.3219759694157,1930.1434895610548,1909.034002040188,1927.2490234375,3449007,0.0,0.0
2023-05-04 00:00:00+05:30,1926.2509912856065,1947.3604793677016,1918.0667562158178,1943.8671875,3451579,0.0,0.0
2023-05-05 00:00:00+05:30,1948.4084234056181,1970.2165200941017,1911.828644498608,1925.0032958984375,3484218,0.0,0.0
2023-05-08 00:00:00+05:30,1932.1896164934492,1964.7271099232319,1917.3181499428642,1955.0955810546875,3870941,0.0,0.0
2023-05-09 00:00:00+05:30,1961.0841501599796,1966.224304053074,1944.4162060632077,1950.554443359375,3623075,0.0,0.0
2023-05-10 00:00:00+05:30,1956.243357865393,1960.2356912487917,1927.9477193778234,1954.94580078125,3912439,0.0,0.0
2023-05-11 00:00:00+05:30,1966.22421884537,1976.20505244357,1948.1089814973677,1954.197265625,4411824,0.0,0.0
2023-05-12 00:00:00+05:30,1950.2548374393375,1964.228004135423,1939.9246992848578,1956.8421630859375,3217081,0.0,0.0
2023-05-15 00:00:00+05:30,1953.2990036227197,1973.2107170557406,1948.6578918329378,1969.2183837890625,2971692,0.0,0.0
2023-05-16 00:00:00+05:30,1974.208868283688,1974.208868283688,1934.285534243573,1943.3182373046875,4569497,0.0,0.0
2023-05-17 00:00:00+05:30,1946.0629571160434,1947.1608244295721,1891.9169355857855,1905.4908447265625,5482017,0.0,0.0
2023-05-18 00:00:00+05:30,1920.3124247550281,1929.9439537474989,1907.5369087456106,1923.7059326171875,4145228,0.0,0.0
2023-05-19 00:00:00+05:30,1926.300893304582,1943.1185736275622,1919.8133514359395,1937.9285888671875,3946927,0.0,0.0
2023-05-22 00:00:00+05:30,1941.2721721960288,1948.7577975386869,1919.9631164211983,1936.4813232421875,3400880,0.0,0.0
2023-05-23 00:00:00+05:30,1936.48137166202,1936.48137166202,1911.3297186163359,1917.8172607421875,4335524,0.0,0.0
2023-05-24 00:00:00+05:30,1918.2663417043889,1936.2817958071355,1893.763467338641,1906.6885986328125,3557537,0.0,0.0
2023-05-25 00:00:00+05:30,1914.32392886848,1929.8441742108955,1903.8940062491747,1926.2509765625,5966757,0.0,0.0
2023-05-26 00:00:00+05:30,1946.2126546893026,1946.2126546893026,1919.8133977977702,1941.3221435546875,3295412,0.0,0.0
2023-05-29 00:00:00+05:30,1959.3374707876033,1969.5179944271244,1944.51595687203,1949.4564208984375,3775509,0.0,0.0
2023-05-30 00:00:00+05:30,1954.0974808936785,1975.306752281576,1948.6080224168109,1970.9151611328125,7429705,0.0,0.0
2023-05-31 00:00:00+05:30,1981.1455816984699,2060.4432585176723,1950.155165455489,2010.4892578125,88598126,0.0,0.0
2023-06-01 00:00:00+05:30,1964.2280447056696,1975.3566984928923,1921.3104603955355,1926.350830078125,5967432,0.0,0.0
2023-06-02 00:00:00+05:30,1941.2221255337017,1947.6098832181851,1924.3046618109286,1935.0340576171875,3558072,0.0,0.0
2023-06-05 00:00:00+05:30,1941.2721446255105,1947.7596864970096,1918.5657480752634,1921.210693359375,2405909,0.0,0.0
2023-06-06 00:00:00+05:30,1931.191550168561,1962.6311765382652,1926.450654128685,1955.2952880859375,4112841,0.0,0.0
2023-06-07 00:00:00+05:30,1968.220353968654,1968.220353968654,1932.2893535919445,1935.682861328125,3100414,0.0,0.0
2023-06-08 00:00:00+05:30,1933.18757822315,1933.18757822315,1875.9475250367836,1882.8841552734375,5491614,0.0,0.0
2023-06-09 00:00:00+05:30,1858.4311540391711,1894.0626800625275,1857.1335969801164,1868.4119873046875,14196924,0.0,0.0
2023-06-12 00:00:00+05:30,1871.2566190942696,1880.3891064786735,1860.8765274725524,1875.8477783203125,2815173,0.0,0.0
2023-06-13 00:00:00+05:30,1871.7555410874008,1879.390902898735,1848.4503197920644,1852.3927001953125,9561827,0.0,0.0
2023-06-14 00:00:00+05:30,1852.3927734932097,1864.369773879391,1842.8611504543496,1861.076171875,5578543,0.0,0.0
2023-06-15 00:00:00+05:30,1864.3697628477532,1865.417799109882,1825.194990983086,1829.98583984375,4838188,0.0,0.0
2023-06-16 00:00:00+05:30,1833.4292097392552,1858.081942240778,1829.486829136594,1853.840087890625,3197657,0.0,0.0
2023-06-19 00:00:00+05:30,1860.2777047677089,1864.8688640010614,1814.5156056374665,1821.0531005859375,7609913,0.0,0.0
2023-06-20 00:00:00+05:30,1816.5116978312262,1843.4599482935575,1811.8207548186183,1840.4656982421875,4622905,0.0,0.0
2023-06-21 00:00:00+05:30,1843.509820272467,1846.204596465871,1832.5807349629038,1842.0126953125,2399108,0.0,0.0
2023-06-22 00:00:00+05:30,1842.0127712854883,1843.7594171441558,1826.8917841988957,1832.580810546875,3428210,0.0,0.0
2023-06-23 00:00:00+05:30,1829.4868324552212,1842.0128275876405,1820.4042980798056,1825.04541015625,2584063,0.0,0.0
2023-06-26 00:00:00+05:30,1828.438805136387,1828.438805136387,1816.411973470521,1819.4560546875,2213679,0.0,0.0
2023-06-27 00:00:00+05:30,1824.1968896940334,1843.4599470797025,1817.1604751797545,1841.164306640625,2138665,0.0,0.0
2023-06-28 00:00:00+05:30,1842.4618443317872,1844.55779497703,1825.89368526682,1837.0223388671875,5339982,0.0,0.0
2023-06-30 00:00:00+05:30,1844.3582524171231,1847.0031976699015,1829.4368331876321,1843.0108642578125,3934720,0.0,0.0
2023-07-03 00:00:00+05:30,1852.4427247627673,1855.4369748566726,1834.4772241993353,1840.415771484375,3208540,0.0,0.0
2023-07-04 00:00:00+05:30,1846.454308773313,1864.769114982253,1832.5310939362935,1858.1318359375,6575587,0.0,0.0
2023-07-05 00:00:00+05:30,1859.2296370836013,1864.2200536295243,1849.5981087827017,1861.275634765625,3119185,0.0,0.0
2023-07-06 00:00:00+05:30,1856.4350137676165,1879.2411937361485,1855.486883328456,1873.701904296875,3654241,0.0,0.0
2023-07-07 00:00:00+05:30,1868.4120519456433,1870.8074763795098,1846.9532596823788,1849.947509765625,2076544,0.0,0.0
2023-07-10 00:00:00+05:30,1849.4485159685607,1870.7575719120994,1841.4638488731757,1863.3218994140625,3437542,0.0,0.0
2023-07-11 00:00:00+05:30,1870.4083025078432,1890.1704026776329,1859.7288588001038,1863.0224609375,4096757,0.0,0.0
2023-07-12 00:00:00+05:30,1871.3065481386777,1887.2758821726757,1864.3199644988038,1874.5003662109375,4355083,0.0,0.0
2023-07-13 00:00:00+05:30,1885.379513131585,1897.9553394077548,1862.872684078825,1866.116455078125,5265370,0.0,0.0
2023-07-14 00:00:00+05:30,1866.5155918938294,1883.7325291594857,1856.4349747316412,1865.417724609375,7131916,0.0,0.0
2023-07-17 00:00:00+05:30,1867.6135105063522,1895.8093650641522,1863.0723043784967,1893.4140625,3329856,0.0,0.0
2023-07-18 00:00:00+05:30,1891.7172050391237,1904.342983463422,1875.7478718444618,1887.225830078125,5795645,0.0,0.0
2023-07-19 00:00:00+05:30,1891.16836835721,1911.3296031651976,1887.9245974902194,1902.9456787109375,3377787,0.0,0.0
2023-07-20 00:00:00+05:30,1897.356409502259,1958.6387503047927,1889.2719589000546,1953.1492919921875,9305585,0.0,0.0
2023-07-21 00:00:00+05:30,1948.1588544216222,1983.9401170349615,1946.861297372586,1966.4237060546875,3849750,0.0,0.0
2023-07-24 00:00:00+05:30,1946.2625444979988,1946.2625444979988,1884.5809443532155,1893.6136474609375,7033093,0.0,0.0
2023-07-25 00:00:00+05:30,1897.3565219196755,1898.354605308376,1852.8918582185272,1871.9053955078125,7944916,0.0,0.0
2023-07-26 00:00:00+05:30,1876.3967560071305,1894.2624728917026,1872.055117667682,1891.66748046875,2462073,0.0,0.0
2023-07-27 00:00:00+05:30,1885.3794626104902,1898.9533719073302,1858.9802065350518,1870.15869140625,6290001,0.0,0.0
2023-07-28 00:00:00+05:30,1866.0167029567792,1882.185727161848,1857.5329940445763,1873.2528076171875,2302033,0.0,0.0
2023-07-31 00:00:00+05:30,1862.423538177554,1871.4062883616903,1845.6058580334131,1852.99169921875,4025207,0.0,0.0
2023-08-01 00:00:00+05:30,1846.4541015625,1862.1739135082348,1840.8648594601734,1846.4541015625,4467942,0.0,0.0
2023-08-02 00:00:00+05:30,1837.0223920669246,1844.3582804558923,1814.565516282524,1820.20458984375,4180451,0.0,0.0
2023-08-03 00:00:00+05:30,1816.611506200623,1830.3351524537456,1802.3888182655685,1819.7554931640625,7015292,0.0,0.0
2023-08-04 00:00:00+05:30,1826.997583359715,1840.7825236873423,1809.1671501948501,1836.4871826171875,5443532,1.5,0.0
2023-08-07 00:00:00+05:30,1842.9800254704428,1842.9800254704428,1824.400413828643,1829.5447998046875,3708310,0.0,0.0
2023-08-08 00:00:00+05:30,1829.4948253339437,1840.6326424062204,1820.0552202186811,1825.9986572265625,4089623,0.0,0.0
2023-08-09 00:00:00+05:30,1831.992136045847,1831.992136045847,1814.7610213529404,1829.494873046875,2624324,0.0,0.0
2023-08-10 00:00:00+05:30,1823.7511820149489,1830.3939260300522,1794.033752101245,1798.87841796875,5112099,0.0,0.0
2023-08-11 00:00:00+05:30,1796.0315252067417,1798.029335579608,1780.049042223812,1789.4886474609375,4265616,0.0,0.0
2023-08-14 00:00:00+05:30,1787.0413502047693,1800.3767098449564,1783.0457295223664,1792.1357421875,3299919,0.0,0.0
2023-08-16 00:00:00+05:30,1785.0435576847508,1787.8904130620517,1775.553958469303,1784.244384765625,1883940,0.0,0.0
2023-08-17 00:00:00+05:30,1780.04904907936,1785.443161494207,1761.0698504640359,1763.766845703125,5131739,0.0,0.0
2023-08-18 00:00:00+05:30,1755.1763304794488,1766.4640081938446,1744.5879595781894,1748.88330078125,4113292,0.0,0.0
2023-08-21 00:00:00+05:30,1749.082990338877,1770.6593180882192,1746.9353197897906,1758.4227294921875,3955468,0.0,0.0
2023-08-22 00:00:00+05:30,1767.0632426143168,1770.059958119033,1756.5247443147316,1761.169677734375,3328812,0.0,0.0
2023-08-23 00:00:00+05:30,1767.8624182985438,1779.9491464658715,1752.0796678409317,1778.1011962890625,3338285,0.0,0.0
2023-08-24 00:00:00+05:30,1787.041357501147,1797.0304092479394,1774.305316523987,1779.0001220703125,4123791,0.0,0.0
2023-08-25 00:00:00+05:30,1769.260816759685,1787.3909702738529,1765.0654637529362,1776.9024658203125,2043350,0.0,0.0
2023-08-28 00:00:00+05:30,1776.9024828285774,1794.6330500507054,1772.7071297816713,1788.389892578125,1980536,0.0,0.0
2023-08-29 00:00:00+05:30,1794.982639698892,1795.5820803646657,1777.0523402401082,1781.1478271484375,2708692,0.0,0.0
2023-08-30 00:00:00+05:30,1789.0391357457759,1790.9869520267796,1763.0676016701811,1772.956787109375,2595896,0.0,0.0
2023-08-31 00:00:00+05:30,1772.956805728951,1781.847086104757,1752.379383671055,1756.824462890625,8314010,0.0,0.0
2023-09-01 00:00:00+05:30,1761.9688203588403,1777.6515824559658,1752.4292273914607,1769.160888671875,2695210,0.0,0.0
2023-09-04 00:00:00+05:30,1775.4540615260248,1787.041337032249,1755.37609213228,1760.2706298828125,4697683,0.0,0.0
2023-09-05 00:00:00+05:30,1763.0676588154677,1781.047952219818,1761.1697145687858,1769.111083984375,4257343,0.0,0.0
2023-09-06 00:00:00+05:30,1769.061123347486,1775.0545545954167,1758.2728983265429,1768.3619384765625,6220223,0.0,0.0
2023-09-07 00:00:00+05:30,1773.056709199994,1790.3876898293474,1765.3651880248924,1787.0413818359375,2208089,0.0,0.0
2023-09-08 00:00:00+05:30,1795.0325827402157,1803.0238240657147,1779.5995467050122,1791.2366943359375,2386182,0.0,0.0
2023-09-11 00:00:00+05:30,1798.0292791842337,1809.5166884679106,1793.2844796974975,1805.920654296875,2316902,0.0,0.0
2023-09-12 00:00:00+05:30,1817.0085503139037,1817.0085503139037,1794.4333172866723,1809.217041015625,3408966,0.0,0.0
2023-09-13 00:00:00+05:30,1798.6286920151467,1833.989960743616,1798.6286920151467,1822.6024169921875,5931870,0.0,0.0
2023-09-14 00:00:00+05:30,1825.9986757929728,1829.744570231826,1812.0140032212541,1819.5557861328125,2559423,0.0,0.0
2023-09-15 00:00:00+05:30,1814.2115933910106,1821.4536561625673,1809.0173350743555,1811.9141845703125,4121540,0.0,0.0
2023-09-18 00:00:00+05:30,1809.017278412021,1810.0161835906029,1792.0358903761266,1796.381103515625,3970112,0.0,0.0
2023-09-20 00:00:00+05:30,1784.993581749808,1801.475517396387,1773.7558983544136,1787.4908447265625,5368143,0.0,0.0
2023-09-21 00:00:00+05:30,1782.0468983070905,1788.8395025237367,1749.0830263092575,1753.77783203125,4784751,0.0,0.0
2023-09-22 00:00:00+05:30,1756.075329362941,1767.9623255474414,1750.2317583709953,1754.5269775390625,3710123,0.0,0.0
2023-09-25 00:00:00+05:30,1762.0687212615026,1787.3410708569832,1754.8766528065305,1782.4464111328125,2226567,0.0,0.0
2023-09-26 00:00:00+05:30,1774.1554410945714,1779.84927370325,1751.7799409869551,1762.1685791015625,3656167,0.0,0.0
2023-09-27 00:00:00+05:30,1762.0687639353202,1769.1609664323066,1748.084091205675,1763.217529296875,3004206,0.0,0.0
2023-09-28 00:00:00+05:30,1760.2706176974245,1769.9600708757548,1727.1070152821724,1731.3023681640625,8263197,0.0,0.0
2023-09-29 00:00:00+05:30,1742.0906444359018,1742.0906444359018,1731.0526933556057,1733.7996826171875,3571729,0.0,0.0
2023-10-03 00:00:00+05:30,1728.106023369815,1733.1005494489184,1713.5719037049548,1725.1593017578125,5534869,0.0,0.0
2023-10-04 00:00:00+05:30,1713.1223427263305,1725.1092045996345,1707.1289117896788,1720.1646728515625,6220979,0.0,0.0
2023-10-05 00:00:00+05:30,1728.105971320005,1745.0873594774848,1719.2656848135919,1732.351318359375,2966801,0.0,0.0
2023-10-06 00:00:00+05:30,1733.4001627181556,1745.0873042466876,1728.305648882815,1741.99072265625,1992323,0.0,0.0
2023-10-09 00:00:00+05:30,1728.105961259841,1731.9018497182003,1715.1701879545574,1717.417724609375,1839513,0.0,0.0
2023-10-10 00:00:00+05:30,1725.6087043064385,1766.7635490874445,1718.716234153713,1754.1773681640625,3368982,0.0,0.0
2023-10-11 00:00:00+05:30,1758.123143741497,1778.0012596462334,1758.123143741497,1769.460693359375,3499844,0.0,0.0
2023-10-12 00:00:00+05:30,1773.0566400444475,1774.9545842154896,1759.3216942412862,1761.9188232421875,2383827,0.0,0.0
2023-10-13 00:00:00+05:30,1753.078586608679,1768.0121702384563,1750.2317312399812,1760.0709228515625,2123927,0.0,0.0
2023-10-16 00:00:00+05:30,1759.0720339373258,1760.220799289468,1744.5379146948628,1747.8343505859375,1579957,0.0,0.0
2023-10-17 00:00:00+05:30,1753.078544566085,1772.856915382009,1748.883191695635,1769.6104736328125,3217357,0.0,0.0
2023-10-18 00:00:00+05:30,1771.0588635932156,1773.256406189054,1743.1893850072074,1751.4803466796875,3051680,0.0,0.0
2023-10-19 00:00:00+05:30,1740.0927929606833,1751.480336199768,1733.6997755337702,1736.546630859375,1993179,0.0,0.0
2023-10-20 00:00:00+05:30,1731.6021447290643,1771.2586319484806,1730.7530997059455,1767.66259765625,4072383,0.0,0.0
2023-10-23 00:00:00+05:30,1767.063310365952,1767.063310365952,1720.564224226934,1738.84423828125,7546442,0.0,0.0
2023-10-25 00:00:00+05:30,1747.0852185751162,1759.821260048434,1720.1147778080904,1726.158203125,3512668,0.0,0.0
2023-10-26 00:00:00+05:30,1725.8083948596177,1725.8083948596177,1687.1508139713521,1692.994384765625,6279280,0.0,0.0
2023-10-27 00:00:00+05:30,1706.1300617026125,1706.1300617026125,1687.1508631239535,1700.8358154296875,2974830,0.0,0.0
2023-10-30 00:00:00+05:30,1700.136598776383,1719.0159308704574,1686.5515128562197,1715.61962890625,1511563,0.0,0.0
2023-10-31 00:00:00+05:30,1725.8084635486857,1745.0873826641773,1714.9703665268003,1737.4957275390625,4839336,0.0,0.0
2023-11-01 00:00:00+05:30,1729.104834639822,1734.0493664148194,1715.9692073781312,1722.5120849609375,2528105,0.0,0.0
2023-11-02 00:00:00+05:30,1733.1004901358165,1756.7246220688055,1730.203640721743,1735.7974853515625,2550558,0.0,0.0
2023-11-03 00:00:00+05:30,1738.0950270107637,1742.3403740594968,1728.2058412628514,1731.3524169921875,1558958,0.0,0.0
2023-11-06 00:00:00+05:30,1742.0906883820232,1745.087404015708,1730.1038258472847,1738.2947998046875,1186685,0.0,0.0
2023-11-07 00:00:00+05:30,1733.2502930953706,1752.4792172071936,1724.2101527252767,1749.3326416015625,3599603,0.0,0.0
2023-11-08 00:00:00+05:30,1751.0807445922064,1759.0219918355142,1738.0949775187903,1744.338134765625,3642837,0.0,0.0
2023-11-09 00:00:00+05:30,1743.9885838673622,1754.7766866847326,1737.195979846424,1743.03955078125,1943711,0.0,0.0
2023-11-10 00:00:00+05:30,1732.7008439697504,1747.3348287637655,1732.7008439697504,1743.5389404296875,1634799,0.0,0.0
2023-11-13 00:00:00+05:30,1749.08299405904,1750.281631516737,1731.602153170386,1746.2860107421875,2855277,0.0,0.0
2023-11-15 00:00:00+05:30,1759.0720499754962,1770.3597274638057,1748.2339529873423,1767.562744140625,3432271,0.0,0.0
2023-11-16 00:00:00+05:30,1769.0611073864159,1781.4475562410516,1763.0676761925602,1770.9090576171875,2079116,0.0,0.0
2023-11-17 00:00:00+05:30,1758.0731512895034,1782.296602379714,1757.373966424454,1762.6680908203125,2710870,0.0,0.0
2023-11-20 00:00:00+05:30,1754.0774534749792,1774.0055625572757,1748.1838886687951,1768.611572265625,1923651,0.0,0.0
2023-11-21 00:00:00+05:30,1777.0022722605945,1777.0022722605945,1758.7223811318904,1765.26513671875,2705765,0.0,0.0
2023-11-22 00:00:00+05:30,1756.0753464684294,1761.0698724822757,1735.5977898116587,1743.7388916015625,4513732,0.0,0.0
2023-11-23 00:00:00+05:30,1738.1450529281328,1746.8854734829115,1735.09834327437,1737.3958740234375,2836289,0.0,0.0
2023-11-24 00:00:00+05:30,1737.595503010881,1747.5845544797564,1731.8018043842678,1742.090576171875,2561979,0.0,0.0
2023-11-28 00:00:00+05:30,1743.0895185094255,1746.0862340140263,1736.097182332024,1740.342529296875,3349292,0.0,0.0
2023-11-29 00:00:00+05:30,1746.5857414742227,1757.3239723697604,1738.294779543,1751.5302734375,3473140,0.0,0.0
2023-11-30 00:00:00+05:30,1754.5269813670936,1764.0665747560993,1744.038476817298,1753.528076171875,6254947,0.0,0.0
2023-12-01 00:00:00+05:30,1758.0730951870894,1764.0665261934091,1746.3359594663802,1748.58349609375,2002378,0.0,0.0
2023-12-04 00:00:00+05:30,1768.062186282561,1823.9508828878422,1750.7312056235655,1816.55908203125,4579173,0.0,0.0
2023-12-05 00:00:00+05:30,1825.998661562695,1834.988808145881,1806.5200106324583,1826.4481201171875,5571472,0.0,0.0
2023-12-06 00:00:00+05:30,1830.0442481361126,1837.336182646032,1811.1649162146339,1819.4058837890625,4695880,0.0,0.0
2023-12-07 00:00:00+05:30,1823.0019033707738,1834.8389050409442,1811.4146279887361,1824.849853515625,2500642,0.0,0.0
2023-12-08 00:00:00+05:30,1824.849858376162,1840.9822010198545,1818.706567284395,1836.4371337890625,2985466,0.0,0.0
2023-12-11 00:00:00+05:30,1842.9800390667356,1859.6118345383295,1838.2852335413404,1842.0311279296875,3205833,0.0,0.0
2023-12-12 00:00:00+05:30,1845.9767932914356,1850.9713192473105,1817.058536781586,1822.3526611328125,3814962,0.0,0.0
2023-12-13 00:00:00+05:30,1822.0030189375432,1833.7401546132646,1811.114928263796,1824.2005615234375,3251332,0.0,0.0
2023-12-14 00:00:00+05:30,1841.98112102934,1863.407588006344,1830.4437176191593,1851.8203125,4878863,0.0,0.0
2023-12-15 00:00:00+05:30,1862.9581111357006,1862.9581111357006,1840.7324714720173,1848.5738525390625,3877197,0.0,0.0
2023-12-18 00:00:00+05:30,1843.179772396402,1853.8681308860253,1837.9855142828778,1844.9278564453125,3758730,0.0,0.0
2023-12-19 00:00:00+05:30,1847.8247563746418,1852.819282365295,1833.6902234337592,1844.5284423828125,3088923,0.0,0.0
2023-12-20 00:00:00+05:30,1850.1223092368211,1861.9593115889338,1813.3126766327111,1824.5003662109375,3968562,0.0,0.0
2023-12-21 00:00:00+05:30,1819.0063845272266,1855.4164305993554,1803.0239011925557,1850.671630859375,2403840,0.0,0.0
2023-12-22 00:00:00+05:30,1852.669435799266,1877.5921938375932,1848.9735353137178,1858.463134765625,3309295,0.0,0.0
2023-12-26 00:00:00+05:30,1864.9559366180213,1896.9209017876926,1855.1167451640647,1884.7841796875,4350669,0.0,0.0
2023-12-27 00:00:00+05:30,1891.926378192679,1907.9088607962076,1881.0882815644945,1900.2672119140625,3407243,0.0,0.0
2023-12-28 00:00:00+05:30,1908.9078156450132,1924.390846070182,1901.016440266787,1919.2464599609375,4950014,0.0,0.0
2023-12-29 00:00:00+05:30,1910.0066071251806,1915.6504458883558,1887.9808206434134,1906.010986328125,2446170,0.0,0.0
2024-01-01 00:00:00+05:30,1906.9099542914894,1916.8990059116647,1891.0273378280774,1907.059814453125,1425902,0.0,0.0
2024-01-02 00:00:00+05:30,1905.9111079694394,1905.9111079694394,1858.0635248442984,1863.0081787109375,5120796,0.0,0.0
2024-01-03 00:00:00+05:30,1861.959233527459,1867.9526645366675,1845.627158414699,1863.857177734375,3781515,0.0,0.0
2024-01-04 00:00:00+05:30,1869.4510677910114,1869.4510677910114,1858.5131047076445,1861.5596923828125,2865766,0.0,0.0
2024-01-05 00:00:00+05:30,1863.4575751811678,1867.8527822706167,1839.383985222821,1845.5771484375,7799341,0.0,0.0
2024-01-08 00:00:00+05:30,1845.976755635633,1849.4229297002214,1816.6089192268237,1824.1007080078125,12253167,0.0,0.0
2024-01-09 00:00:00+05:30,1834.9887905686726,1855.9657990618366,1819.0063079072143,1824.650146484375,4339223,0.0,0.0
2024-01-10 00:00:00+05:30,1818.806640625,1830.493782714045,1809.6166396043516,1818.806640625,7052758,0.0,0.0
2024-01-11 00:00:00+05:30,1829.994254655879,1839.3839875550925,1813.3624593405873,1820.854248046875,4170070,0.0,0.0
2024-01-12 00:00:00+05:30,1823.0019521927843,1840.5327868638806,1812.4135816797104,1831.242919921875,2172621,0.0,0.0
2024-01-15 00:00:00+05:30,1840.9822065460016,1851.570576835493,1834.2395967282123,1849.472900390625,6172312,0.0,0.0
2024-01-16 00:00:00+05:30,1848.5240636712092,1858.912580185219,1838.9844702518346,1845.976806640625,4650898,0.0,0.0
2024-01-17 00:00:00+05:30,1821.0541701403984,1832.6414460508306,1774.1554979283865,1777.70166015625,10836883,0.0,0.0
2024-01-18 00:00:00+05:30,1768.0621367940287,1790.7372351974554,1762.668024531731,1775.30419921875,4293450,0.0,0.0
2024-01-19 00:00:00+05:30,1785.093500407964,1797.9792793176402,1752.2294965244025,1762.368408203125,4560329,0.0,0.0
2024-01-23 00:00:00+05:30,1799.028199849726,1822.9020576498344,1761.9688426632529,1782.5462646484375,6780824,0.0,0.0
2024-01-24 00:00:00+05:30,1787.041310079414,1801.5254347279056,1760.9699100994617,1786.6417236328125,3268351,0.0,0.0
2024-01-25 00:00:00+05:30,1788.0403173027348,1795.6319724748985,1750.4815059746595,1766.4639892578125,6702170,0.0,0.0
2024-01-29 00:00:00+05:30,1783.3454860845752,1828.0464933772535,1774.0556190345578,1820.904296875,5236148,0.0,0.0
2024-01-30 00:00:00+05:30,1823.0020073056098,1837.436138807964,1801.375685132979,1821.603515625,3829187,0.0,0.0
2024-01-31 00:00:00+05:30,1814.0118359214491,1839.4339243847774,1786.5419430316695,1823.251708984375,8117401,0.0,0.0
2024-02-01 00:00:00+05:30,1827.996456997497,1830.0442613660675,1811.2148014044928,1820.75439453125,2072168,0.0,0.0
2024-02-02 00:00:00+05:30,1839.78356126321,1847.9745347506823,1816.4091562741658,1820.9541015625,5049876,0.0,0.0
2024-02-05 00:00:00+05:30,1823.0019124472972,1824.9497287297668,1797.0303783521576,1806.3701171875,3460806,0.0,0.0
2024-02-06 00:00:00+05:30,1812.0140193006348,1812.0140193006348,1781.1978184975471,1785.0435791015625,4691897,0.0,0.0
2024-02-07 00:00:00+05:30,1789.0392272266783,1807.8186939085838,1782.046890771856,1790.637451171875,4592224,0.0,0.0
2024-02-08 00:00:00+05:30,1799.5777105314219,1801.8252472297943,1725.1592731853154,1727.8062744140625,4542774,0.0,0.0
2024-02-09 00:00:00+05:30,1728.1059159389526,1747.0851138596693,1717.1179592480112,1740.542236328125,4063976,0.0,0.0
2024-02-12 00:00:00+05:30,1741.0916731561854,1747.085104044847,1689.24847158193,1707.6783447265625,4506489,0.0,0.0
2024-02-13 00:00:00+05:30,1711.1245843063741,1743.18941640254,1707.1289635607668,1735.2481689453125,4492334,0.0,0.0
2024-02-14 00:00:00+05:30,1721.762928495951,1762.8679008159097,1710.275518988656,1747.03515625,3850323,0.0,0.0
2024-02-15 00:00:00+05:30,1753.078581697728,1755.5258506012149,1718.1668946146538,1737.3458251953125,2541670,0.0,0.0
2024-02-16 00:00:00+05:30,1748.0340771498384,1749.0829763672157,1730.303510142118,1733.3502197265625,1643146,0.0,0.0
2024-02-19 00:00:00+05:30,1742.0906979447925,1742.0906979447925,1724.2602642138272,1729.5045166015625,4447954,0.0,0.0
2024-02-20 00:00:00+05:30,1737.7953469824793,1766.7137260059346,1735.4479441237197,1760.5704345703125,7611124,0.0,0.0
2024-02-21 00:00:00+05:30,1767.0633080796483,1767.0633080796483,1738.6445037650763,1744.1883544921875,4184871,0.0,0.0
2024-02-22 00:00:00+05:30,1742.590071470673,1743.0895240563625,1712.3231960032226,1722.8616943359375,6200760,0.0,0.0
2024-02-23 00:00:00+05:30,1722.6120014234928,1730.8529692470613,1713.5219885751328,1722.112548828125,3453766,0.0,0.0
2024-02-26 00:00:00+05:30,1720.2146359756216,1723.5110719398829,1700.086671627592,1704.4320068359375,5958066,0.0,0.0
2024-02-27 00:00:00+05:30,1711.1246272984336,1713.072443686189,1695.1421439144435,1704.8814697265625,4431652,0.0,0.0
2024-02-28 00:00:00+05:30,1709.1267398155646,1710.9746899861852,1673.3658860815779,1681.7567138671875,3076327,0.0,0.0
2024-02-29 00:00:00+05:30,1685.1530728309172,1700.3863771348126,1665.5745552932447,1687.600341796875,6606975,0.0,0.0
2024-03-01 00:00:00+05:30,1693.643772894808,1728.355728723823,1693.1443202929518,1725.8084716796875,3444149,0.0,0.0
2024-03-04 00:00:00+05:30,1726.0581388380517,1739.5933526592487,1716.6185337610789,1725.3089599609375,2777198,0.0,0.0
2024-03-05 00:00:00+05:30,1725.0093441503727,1725.308942536193,1707.0789233771939,1713.821533203125,3122194,0.0,0.0
2024-03-06 00:00:00+05:30,1720.9637392788536,1770.0099584971797,1716.518660068893,1757.8233642578125,7451712,0.0,0.0
2024-03-07 00:00:00+05:30,1757.8233721782349,1762.9677581889339,1743.0895209268474,1746.13623046875,3139360,0.0,0.0
2024-03-11 00:00:00+05:30,1763.9666599844657,1767.912286622115,1722.362235363472,1727.75634765625,3640143,0.0,0.0
2024-03-12 00:00:00+05:30,1733.0006723069166,1741.541238685932,1705.4807850111895,1718.466552734375,10243298,0.0,0.0
2024-03-13 00:00:00+05:30,1718.466493368919,1740.8419936755363,1715.3199176804362,1727.656494140625,5816083,0.0,0.0
2024-03-14 00:00:00+05:30,1723.1114569053761,1755.9254680886752,1717.2678859171178,1740.492431640625,4809633,0.0,0.0
2024-03-15 00:00:00+05:30,1733.8997096350777,1754.0775460714822,1719.315596042094,1736.39697265625,15507454,0.0,0.0
2024-03-18 00:00:00+05:30,1735.4978618695282,1742.9396565904542,1713.4220820618823,1735.997314453125,2314143,0.0,0.0
2024-03-19 00:00:00+05:30,1732.9506514244374,1754.976559726816,1728.6554322522368,1747.7344970703125,4481075,0.0,0.0
2024-03-20 00:00:00+05:30,1749.4826121921824,1766.563866925245,1728.905189218103,1763.46728515625,4420886,0.0,0.0
2024-03-21 00:00:00+05:30,1770.1598448335278,1788.689584694503,1762.36845759266,1770.2098388671875,3783681,0.0,0.0
2024-03-22 00:00:00+05:30,1767.9623164738805,1780.5484974542458,1763.067656665775,1774.4552001953125,7061283,0.0,0.0
2024-03-26 00:00:00+05:30,1763.0677070173206,1773.456345655635,1748.0841287707144,1751.780029296875,5303630,0.0,0.0
2024-03-27 00:00:00+05:30,1756.0752991516747,1777.851480759963,1751.9798123180058,1773.656005859375,8231130,0.0,0.0
2024-03-28 00:00:00+05:30,1776.0033832709685,1801.92504537618,1772.257488915013,1783.545166015625,6630072,0.0,0.0
2024-04-01 00:00:00+05:30,1793.0348431096156,1815.6600703918984,1784.5441488664783,1788.739501953125,2885880,0.0,0.0
2024-04-02 00:00:00+05:30,1791.9359904796543,1796.0314772473346,1752.5291087651485,1755.4759521484375,6851190,0.0,0.0
2024-04-03 00:00:00+05:30,1751.5802675667826,1754.776715430959,1727.10709017563,1729.2547607421875,12683551,0.0,0.0
2024-04-04 00:00:00+05:30,1745.087314869799,1749.782120348074,1721.4133113477196,1747.2349853515625,13125292,0.0,0.0
2024-04-05 00:00:00+05:30,1747.1351050375124,1785.2432390404108,1738.1948307643092,1783.195556640625,6558023,0.0,0.0
2024-04-08 00:00:00+05:30,1791.8361288651854,1799.8772422595073,1783.145580791386,1786.4420166015625,2634811,0.0,0.0
2024-04-09 00:00:00+05:30,1788.3898380556157,1791.036961130621,1773.7558529986989,1778.6505126953125,2373231,0.0,0.0
2024-04-10 00:00:00+05:30,1786.9415626972707,1827.8966764938536,1782.0469027586373,1823.950927734375,5525818,0.0,0.0
2024-04-12 00:00:00+05:30,1809.017259107655,1816.1094614125716,1797.3799895140246,1811.0650634765625,3966227,0.0,0.0
2024-04-15 00:00:00+05:30,1787.990300742947,1807.7186782970537,1778.0512428511156,1796.181396484375,4319868,0.0,0.0
2024-04-16 00:00:00+05:30,1776.0534595248655,1802.624313665856,1773.706056673795,1790.637451171875,4096778,0.0,0.0
2024-04-18 00:00:00+05:30,1788.090259097699,1811.0150841125428,1781.1477949624045,1784.7938232421875,4250740,0.0,0.0
2024-04-19 00:00:00+05:30,1762.0687204131943,1803.023832395587,1761.069815242892,1790.6873779296875,3870380,0.0,0.0
2024-04-22 00:00:00+05:30,1811.015093366138,1820.5046925867548,1798.0293260116098,1807.9683837890625,6151139,0.0,0.0
2024-04-23 00:00:00+05:30,1808.0183539397326,1826.9975521302601,1801.125883893734,1811.0650634765625,5956005,0.0,0.0
2024-04-24 00:00:00+05:30,1810.0161431161105,1843.479465850321,1805.8207902345468,1840.782470703125,3295077,0.0,0.0
2024-04-25 00:00:00+05:30,1663.1770935603627,1695.941231625587,1600.2460683986192,1640.6517333984375,66179079,0.0,0.0
2024-04-26 00:00:00+05:30,1640.6517964260602,1653.1881054566074,1603.242845473024,1606.739013671875,22146849,0.0,0.0
2024-04-29 00:00:00+05:30,1608.3372494293062,1645.4466022572888,1607.7379306924306,1638.6041259765625,11227409,0.0,0.0
2024-04-30 00:00:00+05:30,1638.6040602284017,1645.1968099428432,1618.2263704355835,1622.1719970703125,18206448,0.0,0.0
2024-05-02 00:00:00+05:30,1588.259191298234,1592.7542644811538,1550.700381979395,1573.9249267578125,26640478,0.0,0.0
2024-05-03 00:00:00+05:30,1581.2668985742232,1586.161558339329,1542.1597364236675,1545.006591796875,16123589,0.0,0.0
2024-05-06 00:00:00+05:30,1603.2428098160672,1631.212154784821,1592.2548528640568,1622.521728515625,21608211,0.0,0.0
2024-05-07 00:00:00+05:30,1626.916788106533,1645.5463937598047,1616.228551650875,1642.1002197265625,9866785,0.0,0.0
2024-05-08 00:00:00+05:30,1638.2044544278604,1655.6353006103689,1634.3086999354855,1646.5452880859375,9853753,0.0,0.0
2024-05-09 00:00:00+05:30,1646.1956850064355,1660.0304969281678,1635.207728371077,1641.301025390625,4656044,0.0,0.0
2024-05-10 00:00:00+05:30,1641.2011739355974,1651.290091640017,1614.13086855199,1626.1676025390625,11769402,0.0,0.0
2024-05-13 00:00:00+05:30,1625.2186718791256,1641.8504669405747,1614.2307152776073,1639.403076171875,5839248,0.0,0.0
2024-05-14 00:00:00+05:30,1640.2023395264446,1648.1935811319327,1630.7127401199275,1644.4976806640625,4282026,0.0,0.0
2024-05-15 00:00:00+05:30,1647.8937825633293,1652.1891234970258,1635.2577299238835,1648.99267578125,5260900,0.0,0.0
2024-05-16 00:00:00+05:30,1653.18810004852,1673.1662039765988,1645.3965907419015,1670.219482421875,6998357,0.0,0.0
2024-05-17 00:00:00+05:30,1672.1672664352593,1703.7826396772377,1663.1771198415213,1694.692626953125,9617451,0.0,0.0
2024-05-21 00:00:00+05:30,1690.147589602808,1713.1224090832245,1688.1497792132066,1696.3907470703125,5810167,0.0,0.0
2024-05-22 00:00:00+05:30,1700.9357728583475,1703.0833214252816,1679.2594574996035,1697.6893310546875,6058697,0.0,0.0
2024-05-23 00:00:00+05:30,1698.1388143798474,1711.7239005075526,1695.1920928589732,1707.178955078125,5681295,0.0,0.0
2024-05-24 00:00:00+05:30,1709.126743736251,1715.9692197548754,1692.844540710912,1701.5849609375,4936177,0.0,0.0
2024-05-27 00:00:00+05:30,1701.5849263389719,1720.1146656172377,1700.6360152226173,1709.126708984375,3454287,0.0,0.0
2024-05-28 00:00:00+05:30,1710.4253440086966,1714.121244303917,1696.1409515314983,1701.7847900390625,3716141,0.0,0.0
2024-05-29 00:00:00+05:30,1696.1409871086487,1709.026888253168,1680.3582365693667,1686.0020751953125,4952472,0.0,0.0
2024-05-30 00:00:00+05:30,1682.5059289582748,1705.7304745784163,1681.1574313418582,1688.2496337890625,5580489,0.0,0.0
2024-05-31 00:00:00+05:30,1701.135535601649,1701.135535601649,1658.7320591348075,1678.560302734375,12804476,0.0,0.0
2024-06-03 00:00:00+05:30,1719.5652473942423,1736.946221651359,1698.238646510318,1716.1690673828125,9801071,0.0,0.0
2024-06-04 00:00:00+05:30,1701.3852972025966,1713.6218860126548,1600.6956033623055,1636.15673828125,15229468,0.0,0.0
2024-06-05 00:00:00+05:30,1660.72988362343,1722.8617380863147,1643.1990486458835,1716.218994140625,14426318,0.0,0.0
2024-06-06 00:00:00+05:30,1719.1158289459,1736.596669739946,1701.9347084829908,1732.80078125,6359901,0.0,0.0
2024-06-07 00:00:00+05:30,1728.1560184773969,1756.7246832802582,1720.114782710383,1751.780029296875,4608146,0.0,0.0
2024-06-10 00:00:00+05:30,1748.1839709792177,1771.5083830765468,1734.2492921752541,1743.7388916015625,4848044,0.0,0.0
2024-06-11 00:00:00+05:30,1744.6877972821337,1745.2871160145762,1715.2200938931212,1718.116943359375,4105647,0.0,0.0
2024-06-12 00:00:00+05:30,1718.216795226219,1732.101601773095,1711.0247266232818,1713.87158203125,5881576,0.0,0.0
2024-06-13 00:00:00+05:30,1729.5044809525828,1735.6477722960656,1717.1180321333388,1724.4599609375,6016145,0.0,0.0
2024-06-14 00:00:00+05:30,1721.113645175173,1733.0006413428807,1708.527464147993,1715.3199462890625,3153666,0.0,0.0
2024-06-18 00:00:00+05:30,1716.7184052122677,1722.761830281056,1701.3852352004658,1717.517578125,5707330,0.0,0.0
2024-06-19 00:00:00+05:30,1727.1070250638656,1761.1197946039595,1713.122352796142,1744.78759765625,9959798,0.0,0.0
2024-06-20 00:00:00+05:30,1763.067652697607,1787.890422174033,1758.3728470996518,1764.3162841796875,9243104,0.0,0.0
2024-06-21 00:00:00+05:30,1768.0622158822368,1787.0414148097861,1743.3893060510907,1773.7060546875,19031689,0.0,0.0
2024-06-24 00:00:00+05:30,1755.2262112801404,1773.2563761020451,1747.8342887719832,1770.609375,4228888,0.0,0.0
2024-06-25 00:00:00+05:30,1774.6051002618417,1796.2812945522553,1761.0698858866265,1779.94921875,5933859,0.0,0.0
2024-06-26 00:00:00+05:30,1778.0512428511156,1814.011829785183,1774.155488212591,1796.181396484375,6685932,0.0,0.0
2024-06-27 00:00:00+05:30,1789.0391503898475,1835.987693141563,1783.0457194002668,1828.5458984375,13342769,0.0,0.0
2024-06-28 00:00:00+05:30,1820.2049948658923,1845.9268035991513,1796.9305770187702,1800.526611328125,4969007,0.0,0.0
2024-07-01 00:00:00+05:30,1800.526638617252,1811.1650034768602,1788.0403235089493,1806.1204833984375,2901510,0.0,0.0
2024-07-02 00:00:00+05:30,1818.9563547121454,1818.9563547121454,1735.198179021295,1767.66259765625,9625017,0.0,0.0
2024-07-03 00:00:00+05:30,1763.866785041705,1813.8619152720296,1750.2815772798733,1808.717529296875,8981003,0.0,0.0
2024-07-04 00:00:00+05:30,1804.6221183295943,1836.5372127800977,1799.3279939069628,1831.84228515625,5068893,0.0,0.0
2024-07-05 00:00:00+05:30,1818.0074793188098,1855.9158832035637,1816.4591274710951,1850.671630859375,3465653,0.0,0.0
2024-07-08 00:00:00+05:30,1851.9701934220357,1855.2166352389836,1833.440453661404,1851.1710205078125,3861203,0.0,0.0
2024-07-09 00:00:00+05:30,1859.162264003453,1867.95267832317,1827.9964713002146,1845.826904296875,3920211,0.0,0.0
2024-07-10 00:00:00+05:30,1840.9823076262642,1842.4806654458189,1818.2072199943634,1827.8466796875,5629789,0.0,0.0
2024-07-11 00:00:00+05:30,1828.845510827288,1849.9723796146484,1819.5557658843118,1842.4805908203125,4615372,0.0,0.0
2024-07-12 00:00:00+05:30,1842.4806538349367,1848.9735376787573,1824.250633811902,1830.8433837890625,4240855,0.0,0.0
2024-07-15 00:00:00+05:30,1836.9866708267223,1855.8660035765495,1824.650215940152,1841.53173828125,5909996,0.0,0.0
2024-07-16 00:00:00+05:30,1840.0832466385043,1847.0755830465064,1798.9284011260736,1803.3236083984375,6542702,0.0,0.0
2024-07-18 00:00:00+05:30,1803.0238127822636,1829.1950791848249,1791.186811030278,1824.75,7590838,0.0,0.0
2024-07-19 00:00:00+05:30,1818.5,1831.0,1805.949951171875,1821.5999755859375,4138865,2.0,0.0
2024-07-22 00:00:00+05:30,1821.0,1821.0,1748.9000244140625,1757.550048828125,10742361,0.0,0.0
2024-07-23 00:00:00+05:30,1769.0,1780.5,1739.1500244140625,1768.9000244140625,6155196,0.0,0.0
2024-07-24 00:00:00+05:30,1767.949951171875,1780.9000244140625,1729.050048828125,1746.199951171875,7487207,0.0,0.0
2024-07-25 00:00:00+05:30,1732.0,1779.0,1732.0,1775.1500244140625,3096397,0.0,0.0
2024-07-26 00:00:00+05:30,1758.0999755859375,1829.8499755859375,1758.0999755859375,1813.8499755859375,5309351,0.0,0.0
2024-07-29 00:00:00+05:30,1824.699951171875,1827.0,1783.5,1793.9000244140625,8006367,0.0,0.0
2024-07-30 00:00:00+05:30,1793.9000244140625,1806.6500244140625,1781.300048828125,1786.0999755859375,5679537,0.0,0.0
2024-07-31 00:00:00+05:30,1793.0,1816.0,1773.1500244140625,1807.9000244140625,5806257,0.0,0.0
2024-08-01 00:00:00+05:30,1807.0999755859375,1818.25,1786.25,1792.6500244140625,3816044,0.0,0.0
2024-08-02 00:00:00+05:30,1781.0999755859375,1810.0,1775.0,1803.449951171875,3242589,0.0,0.0
2024-08-05 00:00:00+05:30,1770.199951171875,1805.5999755859375,1768.550048828125,1773.6500244140625,4911818,0.0,0.0
2024-08-06 00:00:00+05:30,1785.0,1792.199951171875,1760.0,1770.550048828125,3924022,0.0,0.0
2024-08-07 00:00:00+05:30,1785.0,1786.5999755859375,1760.050048828125,1776.550048828125,3537745,0.0,0.0
2024-08-08 00:00:00+05:30,1766.6500244140625,1781.800048828125,1762.6500244140625,1772.75,2472221,0.0,0.0
2024-08-09 00:00:00+05:30,1785.050048828125,1785.449951171875,1765.0,1769.6500244140625,2464443,0.0,0.0
2024-08-12 00:00:00+05:30,1761.0,1791.050048828125,1751.25,1772.550048828125,4544443,0.0,0.0
2024-08-13 00:00:00+05:30,1763.0,1791.5,1746.0999755859375,1752.050048828125,3530319,0.0,0.0
2024-08-14 00:00:00+05:30,1755.0,1760.0,1744.550048828125,1747.9000244140625,2585649,0.0,0.0
2024-08-16 00:00:00+05:30,1762.0,1785.75,1746.0,1777.300048828125,2961871,0.0,0.0
2024-08-19 00:00:00+05:30,1780.550048828125,1790.0,1771.0,1781.3499755859375,2172279,0.0,0.0
2024-08-20 00:00:00+05:30,1783.0,1813.050048828125,1776.25,1805.6500244140625,3115486,0.0,0.0
2024-08-21 00:00:00+05:30,1800.0,1817.0,1787.3499755859375,1812.949951171875,5717190,0.0,0.0
2024-08-22 00:00:00+05:30,1814.0,1824.300048828125,1805.800048828125,1821.5,3217988,0.0,0.0
2024-08-23 00:00:00+05:30,1821.5,1827.9000244140625,1812.699951171875,1818.0,1815186,0.0,0.0
2024-08-26 00:00:00+05:30,1820.0,1822.949951171875,1809.699951171875,1812.5,2356257,0.0,0.0
2024-08-27 00:00:00+05:30,1811.050048828125,1813.0999755859375,1791.699951171875,1803.3499755859375,4541696,0.0,0.0
2024-08-28 00:00:00+05:30,1796.0,1805.9000244140625,1785.8499755859375,1791.300048828125,4280796,0.0,0.0
2024-08-29 00:00:00+05:30,1783.25,1798.5,1773.0,1777.25,5531158,0.0,0.0
2024-08-30 00:00:00+05:30,1777.300048828125,1790.0,1774.3499755859375,1780.800048828125,7458172,0.0,0.0
2024-09-02 00:00:00+05:30,1782.0,1793.449951171875,1772.699951171875,1780.25,4048520,0.0,0.0
2024-09-03 00:00:00+05:30,1780.050048828125,1786.449951171875,1772.3499755859375,1783.800048828125,5196273,0.0,0.0
2024-09-04 00:00:00+05:30,1770.0,1788.300048828125,1763.5,1783.800048828125,3192443,0.0,0.0
2024-09-05 00:00:00+05:30,1781.25,1786.3499755859375,1760.0,1777.949951171875,3573005,0.0,0.0
2024-09-06 00:00:00+05:30,1767.550048828125,1781.949951171875,1756.5,1764.1500244140625,3254880,0.0,0.0
2024-09-09 00:00:00+05:30,1767.699951171875,1793.949951171875,1758.449951171875,1790.1500244140625,3436461,0.0,0.0
2024-09-10 00:00:00+05:30,1798.0,1799.6500244140625,1778.050048828125,1791.5999755859375,3497612,0.0,0.0
2024-09-11 00:00:00+05:30,1795.0,1805.449951171875,1785.0,1789.25,3733872,0.0,0.0
2024-09-12 00:00:00+05:30,1803.9000244140625,1834.1500244140625,1795.1500244140625,1827.449951171875,6365508,0.0,0.0
2024-09-13 00:00:00+05:30,1837.0,1837.0,1816.75,1820.3499755859375,2056720,0.0,0.0
2024-09-16 00:00:00+05:30,1833.0,1845.699951171875,1828.300048828125,1831.300048828125,2730634,0.0,0.0
2024-09-17 00:00:00+05:30,1839.4000244140625,1853.4000244140625,1830.6500244140625,1846.6500244140625,3674862,0.0,0.0
2024-09-18 00:00:00+05:30,1850.0,1859.449951171875,1835.5999755859375,1839.699951171875,6877499,0.0,0.0
2024-09-19 00:00:00+05:30,1849.9000244140625,1875.0,1845.0999755859375,1871.949951171875,2892430,0.0,0.0
2024-09-20 00:00:00+05:30,1874.0,1926.300048828125,1870.0,1904.5,18849579,0.0,0.0
2024-09-23 00:00:00+05:30,1914.949951171875,1942.0,1908.199951171875,1934.699951171875,3686272,0.0,0.0
2024-09-24 00:00:00+05:30,1935.0,1938.5999755859375,1909.5999755859375,1914.699951171875,3709386,0.0,0.0
2024-09-25 00:00:00+05:30,1910.050048828125,1922.699951171875,1894.300048828125,1897.949951171875,3307467,0.0,0.0
2024-09-26 00:00:00+05:30,1895.0,1913.300048828125,1884.300048828125,1902.300048828125,4204513,0.0,0.0
2024-09-27 00:00:00+05:30,1900.0,1910.0,1866.300048828125,1872.449951171875,6643112,0.0,0.0
2024-09-30 00:00:00+05:30,1856.699951171875,1884.449951171875,1843.0999755859375,1853.949951171875,3246840,0.0,0.0
2024-10-01 00:00:00+05:30,1847.0,1884.75,1847.0,1879.4000244140625,4871526,0.0,0.0
2024-10-03 00:00:00+05:30,1857.9000244140625,1863.6500244140625,1815.800048828125,1822.800048828125,6363232,0.0,0.0
2024-10-04 00:00:00+05:30,1815.5,1850.0,1798.3499755859375,1809.0,3734632,0.0,0.0
2024-10-07 00:00:00+05:30,1810.0,1836.4000244140625,1769.4000244140625,1790.25,7446633,0.0,0.0
2024-10-08 00:00:00+05:30,1800.0,1814.0,1781.8499755859375,1803.4000244140625,5097103,0.0,0.0
2024-10-09 00:00:00+05:30,1801.0,1820.0,1789.9000244140625,1800.800048828125,7078802,0.0,0.0
2024-10-10 00:00:00+05:30,1809.9000244140625,1884.0,1805.300048828125,1876.0999755859375,5905798,0.0,0.0
2024-10-11 00:00:00+05:30,1872.199951171875,1893.5999755859375,1861.1500244140625,1882.4000244140625,5211580,0.0,0.0
2024-10-14 00:00:00+05:30,1885.050048828125,1916.0,1882.449951171875,1910.800048828125,4391138,0.0,0.0
2024-10-15 00:00:00+05:30,1912.199951171875,1915.3499755859375,1887.449951171875,1895.199951171875,4295493,0.0,0.0
2024-10-16 00:00:00+05:30,1884.0,1892.449951171875,1868.1500244140625,1876.3499755859375,3145556,0.0,0.0
2024-10-17 00:00:00+05:30,1876.3499755859375,1878.300048828125,1851.300048828125,1864.050048828125,3541432,0.0,0.0
2024-10-18 00:00:00+05:30,1868.0,1878.5,1848.0,1871.050048828125,3834767,0.0,0.0
2024-10-21 00:00:00+05:30,1850.0,1855.0,1735.0,1789.199951171875,13178137,0.0,0.0
2024-10-22 00:00:00+05:30,1791.949951171875,1795.5,1758.8499755859375,1763.1500244140625,5494382,0.0,0.0
2024-10-23 00:00:00+05:30,1761.1500244140625,1787.050048828125,1758.0999755859375,1767.800048828125,2836137,0.0,0.0
2024-10-24 00:00:00+05:30,1766.0,1772.75,1750.300048828125,1762.199951171875,2316820,0.0,0.0
2024-10-25 00:00:00+05:30,1765.0,1786.5,1757.0,1768.8499755859375,2829227,0.0,0.0
2024-10-28 00:00:00+05:30,1768.0,1780.6500244140625,1745.050048828125,1749.8499755859375,3302148,0.0,0.0
2024-10-29 00:00:00+05:30,1743.5,1767.1500244140625,1730.699951171875,1760.199951171875,4158119,0.0,0.0
2024-10-30 00:00:00+05:30,1727.0,1760.0,1726.5999755859375,1734.5999755859375,4385949,0.0,0.0
2024-10-31 00:00:00+05:30,1727.3499755859375,1746.5999755859375,1723.949951171875,1731.0999755859375,2944670,0.0,0.0
2024-11-01 00:00:00+05:30,1739.5999755859375,1754.1500244140625,1736.3499755859375,1744.4000244140625,182489,0.0,0.0
2024-11-04 00:00:00+05:30,1744.0,1744.0,1724.25,1729.3499755859375,2884830,0.0,0.0
2024-11-05 00:00:00+05:30,1721.5,1760.5,1711.0,1757.1500244140625,4028615,0.0,0.0
2024-11-06 00:00:00+05:30,1760.0999755859375,1768.449951171875,1746.5999755859375,1762.5999755859375,3652252,0.0,0.0
2024-11-07 00:00:00+05:30,1763.0,1765.0,1733.0,1746.9000244140625,3060984,0.0,0.0
2024-11-08 00:00:00+05:30,1745.0,1764.0999755859375,1738.9000244140625,1745.800048828125,3646825,0.0,0.0
2024-11-11 00:00:00+05:30,1745.0,1763.300048828125,1737.199951171875,1744.0,3205030,0.0,0.0
2024-11-12 00:00:00+05:30,1744.800048828125,1749.4000244140625,1715.199951171875,1721.4000244140625,3228390,0.0,0.0
2024-11-13 00:00:00+05:30,1714.0,1728.1500244140625,1679.050048828125,1687.8499755859375,3593490,0.0,0.0
2024-11-14 00:00:00+05:30,1690.0,1712.5999755859375,1689.800048828125,1707.9000244140625,3327758,0.0,0.0
2024-11-18 00:00:00+05:30,1714.0,1728.25,1699.699951171875,1722.75,2082415,0.0,0.0
2024-11-19 00:00:00+05:30,1729.800048828125,1739.800048828125,1713.5,1727.75,2759663,0.0,0.0
2024-11-21 00:00:00+05:30,1715.0999755859375,1740.75,1703.75,1737.0999755859375,3294059,0.0,0.0
2024-11-22 00:00:00+05:30,1734.0,1772.199951171875,1732.9000244140625,1761.449951171875,3553726,0.0,0.0
2024-11-25 00:00:00+05:30,1782.0,1794.5999755859375,1766.9000244140625,1790.75,6871432,0.0,0.0
2024-11-26 00:00:00+05:30,1795.0,1795.949951171875,1775.0,1783.5999755859375,2312739,0.0,0.0
2024-11-27 00:00:00+05:30,1780.949951171875,1805.5,1779.0999755859375,1783.199951171875,3202444,0.0,0.0
2024-11-28 00:00:00+05:30,1783.25,1788.9000244140625,1753.5,1759.199951171875,3971395,0.0,0.0
2024-11-29 00:00:00+05:30,1757.0,1773.5999755859375,1757.0,1765.25,2987994,0.0,0.0
2024-12-02 00:00:00+05:30,1765.0,1772.5999755859375,1746.0,1753.949951171875,4265280,0.0,0.0
2024-12-03 00:00:00+05:30,1760.0,1761.199951171875,1740.0,1749.9000244140625,3971650,0.0,0.0
2024-12-04 00:00:00+05:30,1752.0,1767.0,1746.4000244140625,1757.5,3186786,0.0,0.0
2024-12-05 00:00:00+05:30,1764.0,1788.6500244140625,1748.0,1775.1500244140625,5697229,0.0,0.0
2024-12-06 00:00:00+05:30,1773.9000244140625,1785.050048828125,1761.0,1776.949951171875,2595882,0.0,0.0
2024-12-09 00:00:00+05:30,1768.0999755859375,1804.949951171875,1768.0999755859375,1786.25,2554023,0.0,0.0
2024-12-10 00:00:00+05:30,1783.25,1802.800048828125,1783.25,1794.699951171875,1979884,0.0,0.0
2024-12-11 00:00:00+05:30,1796.0,1806.800048828125,1789.949951171875,1794.699951171875,2393428,0.0,0.0
2024-12-12 00:00:00+05:30,1790.0,1796.449951171875,1765.3499755859375,1768.699951171875,3488259,0.0,0.0
2024-12-13 00:00:00+05:30,1758.3499755859375,1809.0,1748.050048828125,1805.6500244140625,3893531,0.0,0.0
2024-12-16 00:00:00+05:30,1803.0,1813.0,1793.8499755859375,1804.449951171875,2989393,0.0,0.0
2024-12-17 00:00:00+05:30,1796.0999755859375,1806.8499755859375,1775.0,1784.050048828125,3592861,0.0,0.0
2024-12-18 00:00:00+05:30,1782.0,1786.699951171875,1770.3499755859375,1780.0,3529430,0.0,0.0
2024-12-19 00:00:00+05:30,1763.449951171875,1768.0,1745.4000244140625,1762.0999755859375,4074080,0.0,0.0
2024-12-20 00:00:00+05:30,1755.0,1768.8499755859375,1733.3499755859375,1743.550048828125,14685688,0.0,0.0
2024-12-23 00:00:00+05:30,1747.5,1764.199951171875,1740.0,1745.3499755859375,2748036,0.0,0.0
2024-12-24 00:00:00+05:30,1742.550048828125,1754.6500244140625,1738.050048828125,1749.050048828125,2712625,0.0,0.0
2024-12-26 00:00:00+05:30,1756.800048828125,1769.449951171875,1742.050048828125,1752.800048828125,1132006,0.0,0.0
2024-12-27 00:00:00+05:30,1760.0,1777.199951171875,1754.0,1759.9000244140625,2448271,0.0,0.0
2024-12-30 00:00:00+05:30,1765.0,1781.0,1733.5,1740.699951171875,5502772,0.0,0.0
2024-12-31 00:00:00+05:30,1735.050048828125,1796.5999755859375,1735.050048828125,1786.050048828125,4731698,0.0,0.0
2025-01-01 00:00:00+05:30,1779.25,1796.75,1777.0,1788.4000244140625,1484828,0.0,0.0
2025-01-02 00:00:00+05:30,1800.0,1840.199951171875,1796.9000244140625,1837.1500244140625,5096987,0.0,0.0
2025-01-03 00:00:00+05:30,1851.0,1853.0,1817.0999755859375,1838.6500244140625,4277149,0.0,0.0
2025-01-06 00:00:00+05:30,1821.0,1825.0,1772.9000244140625,1779.6500244140625,3992395,0.0,0.0
2025-01-07 00:00:00+05:30,1787.0,1797.449951171875,1769.9000244140625,1772.050048828125,4399938,0.0,0.0
2025-01-08 00:00:00+05:30,1780.0999755859375,1784.699951171875,1762.449951171875,1768.6500244140625,4364679,0.0,0.0
2025-01-09 00:00:00+05:30,1774.0,1808.699951171875,1774.0,1790.199951171875,5469827,0.0,0.0
2025-01-10 00:00:00+05:30,1784.199951171875,1789.6500244140625,1753.3499755859375,1756.199951171875,3502618,0.0,0.0
2025-01-13 00:00:00+05:30,1732.9000244140625,1744.550048828125,1723.75,1738.4000244140625,3092388,0.0,0.0
2025-01-14 00:00:00+05:30,1749.5999755859375,1768.8499755859375,1729.5999755859375,1750.5999755859375,4948961,0.0,0.0
2025-01-15 00:00:00+05:30,1760.0999755859375,1795.0,1760.0999755859375,1789.5999755859375,3509861,0.0,0.0
2025-01-16 00:00:00+05:30,1795.800048828125,1814.949951171875,1785.3499755859375,1805.550048828125,4451534,0.0,0.0
2025-01-17 00:00:00+05:30,1797.0,1805.5,1748.300048828125,1758.5999755859375,3521728,0.0,0.0
2025-01-20 00:00:00+05:30,1890.0,1929.9000244140625,1866.0,1920.5,13324315,0.0,0.0
2025-01-21 00:00:00+05:30,1920.949951171875,1920.949951171875,1891.0,1893.300048828125,4415663,0.0,0.0
2025-01-22 00:00:00+05:30,1899.0,1920.5,1887.050048828125,1917.5,4176669,0.0,0.0
2025-01-23 00:00:00+05:30,1907.0999755859375,1923.949951171875,1892.0999755859375,1894.8499755859375,3161159,0.0,0.0
2025-01-24 00:00:00+05:30,1891.0,1918.5,1873.050048828125,1886.199951171875,4025366,0.0,0.0
2025-01-27 00:00:00+05:30,1875.0,1898.800048828125,1862.75,1881.4000244140625,1928503,0.0,0.0
2025-01-28 00:00:00+05:30,1895.0,1905.0,1870.800048828125,1887.75,5157384,0.0,0.0
2025-01-29 00:00:00+05:30,1887.800048828125,1924.699951171875,1885.0,1920.3499755859375,2351631,0.0,0.0
2025-01-30 00:00:00+05:30,1920.3499755859375,1938.0999755859375,1877.449951171875,1901.5,4239181,0.0,0.0
2025-01-31 00:00:00+05:30,1903.050048828125,1908.949951171875,1889.5999755859375,1901.300048828125,2333229,0.0,0.0
2025-02-01 00:00:00+05:30,1899.0,1917.1500244140625,1871.5999755859375,1903.0999755859375,1096357,0.0,0.0
2025-02-03 00:00:00+05:30,1893.5999755859375,1903.800048828125,1881.550048828125,1884.5,3319808,0.0,0.0
2025-02-04 00:00:00+05:30,1891.050048828125,1941.199951171875,1877.199951171875,1928.5,5332618,0.0,0.0
2025-02-05 00:00:00+05:30,1937.800048828125,1938.949951171875,1902.3499755859375,1911.75,3427385,0.0,0.0
2025-02-06 00:00:00+05:30,1917.0,1920.0,1896.449951171875,1915.949951171875,3193971,0.0,0.0
2025-02-07 00:00:00+05:30,1921.0,1960.5999755859375,1907.9000244140625,1929.25,4414174,0.0,0.0
2025-02-10 00:00:00+05:30,1935.300048828125,1965.0,1923.550048828125,1960.1500244140625,3569373,0.0,0.0
2025-02-11 00:00:00+05:30,1964.5999755859375,1970.5,1906.5999755859375,1918.5999755859375,3506682,0.0,0.0
2025-02-12 00:00:00+05:30,1923.449951171875,1949.0,1904.949951171875,1943.949951171875,3219004,0.0,0.0
2025-02-13 00:00:00+05:30,1963.0,1992.800048828125,1960.550048828125,1972.800048828125,12678373,0.0,0.0
2025-02-14 00:00:00+05:30,1974.0,1974.0,1933.3499755859375,1952.4000244140625,2610048,0.0,0.0
2025-02-17 00:00:00+05:30,1955.0,1963.949951171875,1932.6500244140625,1945.300048828125,2300119,0.0,0.0
2025-02-18 00:00:00+05:30,1942.050048828125,1966.0,1939.1500244140625,1963.3499755859375,4344125,0.0,0.0
2025-02-19 00:00:00+05:30,1963.949951171875,1994.9000244140625,1962.0,1985.0,3914165,0.0,0.0
2025-02-20 00:00:00+05:30,1982.300048828125,1982.3499755859375,1960.0,1970.550048828125,4724372,0.0,0.0
2025-02-21 00:00:00+05:30,1970.550048828125,1978.3499755859375,1934.5,1953.050048828125,4008552,0.0,0.0
2025-02-24 00:00:00+05:30,1938.300048828125,1970.0,1933.550048828125,1966.0999755859375,2218081,0.0,0.0
2025-02-25 00:00:00+05:30,1969.0,1979.550048828125,1958.5999755859375,1967.25,4019894,0.0,0.0
2025-02-27 00:00:00+05:30,1972.0,1975.0,1939.9000244140625,1947.550048828125,3708068,0.0,0.0
2025-02-28 00:00:00+05:30,1937.050048828125,1937.050048828125,1893.9000244140625,1902.949951171875,6970315,0.0,0.0
2025-03-03 00:00:00+05:30,1905.550048828125,1923.6500244140625,1895.199951171875,1914.5999755859375,2607790,0.0,0.0
2025-03-04 00:00:00+05:30,1901.1500244140625,1916.0,1896.75,1907.800048828125,3172050,0.0,0.0
2025-03-05 00:00:00+05:30,1903.0999755859375,1953.6500244140625,1895.4000244140625,1933.0999755859375,3811688,0.0,0.0
2025-03-06 00:00:00+05:30,1944.0,1944.949951171875,1909.8499755859375,1921.699951171875,5193093,0.0,0.0
2025-03-07 00:00:00+05:30,1917.0,1940.5999755859375,1910.050048828125,1935.4000244140625,2780338,0.0,0.0
2025-03-10 00:00:00+05:30,1932.5,1940.050048828125,1916.3499755859375,1921.75,2228534,0.0,0.0
2025-03-11 00:00:00+05:30,1923.0,1944.0,1904.449951171875,1935.199951171875,3207052,0.0,0.0
2025-03-12 00:00:00+05:30,1940.0,1997.699951171875,1938.0,1982.550048828125,6704494,0.0,0.0
2025-03-13 00:00:00+05:30,1975.699951171875,1993.3499755859375,1969.550048828125,1985.0999755859375,4925794,0.0,0.0
2025-03-17 00:00:00+05:30,1980.0999755859375,1998.8499755859375,1974.25,1993.0999755859375,3170929,0.0,0.0
2025-03-18 00:00:00+05:30,1993.0999755859375,1993.0999755859375,1993.0999755859375,1993.0999755859375,0,0.0,0.0
2025-03-19 00:00:00+05:30,2039.25,2051.0,2017.25,2021.550048828125,5338288,0.0,0.0
2025-03-20 00:00:00+05:30,2031.0,2038.9000244140625,2016.5,2035.6500244140625,2683306,0.0,0.0
2025-03-21 00:00:00+05:30,2040.0,2097.60009765625,2035.0,2079.0,18850808,0.0,0.0
2025-03-24 00:00:00+05:30,2100.0,2184.25,2090.25,2176.14990234375,8508351,0.0,0.0
2025-03-25 00:00:00+05:30,2179.89990234375,2202.5,2160.0,2170.0,7342433,0.0,0.0
2025-03-26 00:00:00+05:30,2175.0,2176.0,2129.89990234375,2144.89990234375,3016916,0.0,0.0
2025-03-27 00:00:00+05:30,2144.0,2151.39990234375,2111.85009765625,2128.64990234375,9421224,0.0,0.0
2025-03-28 00:00:00+05:30,2139.300048828125,2179.89990234375,2139.0,2171.199951171875,3672222,0.0,0.0
