Datetime,Open,High,Low,Close,Volume,Dividends,Stock Splits
2025-03-03 09:15:00+05:30,1904.1500244140625,1907.0,1898.0,1898.300048828125,0,0.0,0.0
2025-03-03 09:20:00+05:30,1898.300048828125,1902.0,1896.5999755859375,1900.3499755859375,44510,0.0,0.0
2025-03-03 09:25:00+05:30,1899.9000244140625,1903.75,1897.9000244140625,1902.3499755859375,23449,0.0,0.0
2025-03-03 09:30:00+05:30,1902.300048828125,1905.699951171875,1901.300048828125,1905.5,25706,0.0,0.0
2025-03-03 09:35:00+05:30,1905.3499755859375,1907.699951171875,1902.4000244140625,1905.25,27537,0.0,0.0
2025-03-03 09:40:00+05:30,1905.949951171875,1907.0,1904.199951171875,1905.0,21193,0.0,0.0
2025-03-03 09:45:00+05:30,1905.25,1905.449951171875,1900.199951171875,1902.449951171875,31769,0.0,0.0
2025-03-03 09:50:00+05:30,1902.8499755859375,1902.8499755859375,1898.75,1900.050048828125,16981,0.0,0.0
2025-03-03 09:55:00+05:30,1900.25,1901.6500244140625,1899.0999755859375,1900.300048828125,26435,0.0,0.0
2025-03-03 10:00:00+05:30,1900.3499755859375,1900.449951171875,1897.4000244140625,1898.1500244140625,26054,0.0,0.0
2025-03-03 10:05:00+05:30,1897.9000244140625,1899.1500244140625,1895.5,1896.1500244140625,30432,0.0,0.0
2025-03-03 10:10:00+05:30,1896.1500244140625,1900.0,1895.6500244140625,1899.949951171875,19004,0.0,0.0
2025-03-03 10:15:00+05:30,1899.949951171875,1904.550048828125,1899.550048828125,1904.550048828125,29108,0.0,0.0
2025-03-03 10:20:00+05:30,1904.25,1904.25,1900.0999755859375,1900.300048828125,22388,0.0,0.0
2025-03-03 10:25:00+05:30,1900.0,1902.0,1898.5999755859375,1902.0,19006,0.0,0.0
2025-03-03 10:30:00+05:30,1902.0999755859375,1904.25,1901.0,1901.199951171875,24955,0.0,0.0
2025-03-03 10:35:00+05:30,1901.25,1904.9000244140625,1900.949951171875,1904.300048828125,11109,0.0,0.0
2025-03-03 10:40:00+05:30,1904.75,1905.0,1901.6500244140625,1902.1500244140625,11645,0.0,0.0
2025-03-03 10:45:00+05:30,1902.699951171875,1905.4000244140625,1901.699951171875,1905.4000244140625,18929,0.0,0.0
2025-03-03 10:50:00+05:30,1905.300048828125,1907.6500244140625,1905.300048828125,1907.0,24572,0.0,0.0
2025-03-03 10:55:00+05:30,1906.75,1906.949951171875,1905.0,1905.8499755859375,21817,0.0,0.0
2025-03-03 11:00:00+05:30,1906.0,1907.0,1903.3499755859375,1904.6500244140625,23162,0.0,0.0
2025-03-03 11:05:00+05:30,1904.5999755859375,1907.0999755859375,1904.5999755859375,1906.0,18976,0.0,0.0
2025-03-03 11:10:00+05:30,1906.3499755859375,1909.800048828125,1905.1500244140625,1909.0999755859375,28190,0.0,0.0
2025-03-03 11:15:00+05:30,1909.0999755859375,1909.800048828125,1905.3499755859375,1905.75,29207,0.0,0.0
2025-03-03 11:20:00+05:30,1905.75,1906.0,1902.449951171875,1904.300048828125,30841,0.0,0.0
2025-03-03 11:25:00+05:30,1904.5,1909.25,1903.25,1908.5999755859375,23040,0.0,0.0
2025-03-03 11:30:00+05:30,1908.5999755859375,1909.5999755859375,1908.0999755859375,1909.5999755859375,17887,0.0,0.0
2025-03-03 11:35:00+05:30,1909.449951171875,1910.0,1907.5,1909.0,23963,0.0,0.0
2025-03-03 11:40:00+05:30,1909.0,1910.699951171875,1908.800048828125,1910.699951171875,24796,0.0,0.0
2025-03-03 11:45:00+05:30,1910.4000244140625,1911.0,1909.5,1911.0,24239,0.0,0.0
2025-03-03 11:50:00+05:30,1911.0,1911.449951171875,1910.449951171875,1910.6500244140625,20530,0.0,0.0
2025-03-03 11:55:00+05:30,1910.8499755859375,1911.3499755859375,1909.949951171875,1910.75,24643,0.0,0.0
2025-03-03 12:00:00+05:30,1910.949951171875,1910.949951171875,1909.0,1910.300048828125,22265,0.0,0.0
2025-03-03 12:05:00+05:30,1910.699951171875,1911.550048828125,1910.050048828125,1910.699951171875,24480,0.0,0.0
2025-03-03 12:10:00+05:30,1910.9000244140625,1912.949951171875,1910.800048828125,1912.9000244140625,60190,0.0,0.0
2025-03-03 12:15:00+05:30,1913.050048828125,1914.0,1911.300048828125,1913.25,123872,0.0,0.0
2025-03-03 12:20:00+05:30,1913.699951171875,1913.949951171875,1912.800048828125,1913.0999755859375,73077,0.0,0.0
2025-03-03 12:25:00+05:30,1913.4000244140625,1916.0,1912.800048828125,1915.1500244140625,28468,0.0,0.0
2025-03-03 12:30:00+05:30,1915.1500244140625,1918.199951171875,1914.75,1918.050048828125,42975,0.0,0.0
2025-03-03 12:35:00+05:30,1918.0999755859375,1918.0999755859375,1914.5999755859375,1916.6500244140625,30772,0.0,0.0
2025-03-03 12:40:00+05:30,1917.449951171875,1920.0,1917.0,1919.4000244140625,30962,0.0,0.0
2025-03-03 12:45:00+05:30,1919.949951171875,1923.5,1919.449951171875,1922.699951171875,30883,0.0,0.0
2025-03-03 12:50:00+05:30,1922.699951171875,1922.9000244140625,1919.5,1920.800048828125,26692,0.0,0.0
2025-03-03 12:55:00+05:30,1921.75,1921.75,1917.300048828125,1917.550048828125,27366,0.0,0.0
2025-03-03 13:00:00+05:30,1917.550048828125,1920.0,1917.0999755859375,1919.5,19638,0.0,0.0
2025-03-03 13:05:00+05:30,1919.449951171875,1920.0,1918.25,1919.0,21248,0.0,0.0
2025-03-03 13:10:00+05:30,1919.0,1919.5999755859375,1917.300048828125,1917.75,20616,0.0,0.0
2025-03-03 13:15:00+05:30,1917.9000244140625,1919.75,1915.800048828125,1916.300048828125,35655,0.0,0.0
2025-03-03 13:20:00+05:30,1916.199951171875,1917.3499755859375,1915.050048828125,1916.9000244140625,24375,0.0,0.0
2025-03-03 13:25:00+05:30,1916.75,1917.050048828125,1914.050048828125,1915.4000244140625,27890,0.0,0.0
2025-03-03 13:30:00+05:30,1915.300048828125,1916.8499755859375,1913.449951171875,1916.050048828125,42487,0.0,0.0
2025-03-03 13:35:00+05:30,1916.25,1918.0999755859375,1916.25,1917.1500244140625,22642,0.0,0.0
2025-03-03 13:40:00+05:30,1917.1500244140625,1918.8499755859375,1916.1500244140625,1918.8499755859375,22292,0.0,0.0
2025-03-03 13:45:00+05:30,1918.699951171875,1919.9000244140625,1917.5,1919.5,23889,0.0,0.0
2025-03-03 13:50:00+05:30,1919.5,1920.949951171875,1919.1500244140625,1920.0,25146,0.0,0.0
2025-03-03 13:55:00+05:30,1920.0,1920.0999755859375,1916.1500244140625,1916.4000244140625,28398,0.0,0.0
2025-03-03 14:00:00+05:30,1916.449951171875,1918.0999755859375,1916.0,1917.300048828125,25767,0.0,0.0
2025-03-03 14:05:00+05:30,1917.300048828125,1918.0,1914.1500244140625,1914.699951171875,27662,0.0,0.0
2025-03-03 14:10:00+05:30,1914.800048828125,1917.3499755859375,1914.5999755859375,1917.050048828125,27216,0.0,0.0
2025-03-03 14:15:00+05:30,1917.449951171875,1917.8499755859375,1916.0,1917.4000244140625,25072,0.0,0.0
2025-03-03 14:20:00+05:30,1917.449951171875,1918.4000244140625,1915.800048828125,1917.5999755859375,33697,0.0,0.0
2025-03-03 14:25:00+05:30,1917.550048828125,1918.8499755859375,1916.949951171875,1918.1500244140625,30073,0.0,0.0
2025-03-03 14:30:00+05:30,1918.0999755859375,1918.75,1916.300048828125,1917.5,28783,0.0,0.0
2025-03-03 14:35:00+05:30,1917.5,1917.550048828125,1915.9000244140625,1915.949951171875,31920,0.0,0.0
2025-03-03 14:40:00+05:30,1916.300048828125,1918.449951171875,1915.5,1917.4000244140625,27171,0.0,0.0
2025-03-03 14:45:00+05:30,1916.949951171875,1918.3499755859375,1915.6500244140625,1916.0,99919,0.0,0.0
2025-03-03 14:50:00+05:30,1916.550048828125,1918.0,1916.449951171875,1917.5,27267,0.0,0.0
2025-03-03 14:55:00+05:30,1917.550048828125,1918.0,1916.0,1917.449951171875,28174,0.0,0.0
2025-03-03 15:00:00+05:30,1917.449951171875,1917.449951171875,1915.3499755859375,1916.699951171875,56263,0.0,0.0
2025-03-03 15:05:00+05:30,1916.8499755859375,1917.0,1916.300048828125,1916.5,51886,0.0,0.0
2025-03-03 15:10:00+05:30,1916.5,1918.0,1915.5999755859375,1915.9000244140625,62472,0.0,0.0
2025-03-03 15:15:00+05:30,1915.9000244140625,1917.050048828125,1915.5,1915.5,91765,0.0,0.0
2025-03-03 15:20:00+05:30,1914.9000244140625,1914.9000244140625,1909.800048828125,1910.0999755859375,92808,0.0,0.0
2025-03-03 15:25:00+05:30,1910.050048828125,1914.949951171875,1909.5,1914.949951171875,87189,0.0,0.0
2025-03-04 09:15:00+05:30,1904.3499755859375,1906.9000244140625,1897.8499755859375,1900.050048828125,0,0.0,0.0
2025-03-04 09:20:00+05:30,1900.3499755859375,1909.75,1900.3499755859375,1909.75,47268,0.0,0.0
2025-03-04 09:25:00+05:30,1910.25,1910.449951171875,1907.0,1907.0,116347,0.0,0.0
2025-03-04 09:30:00+05:30,1906.25,1908.050048828125,1904.75,1908.050048828125,122846,0.0,0.0
2025-03-04 09:35:00+05:30,1908.550048828125,1912.4000244140625,1905.0,1911.8499755859375,35341,0.0,0.0
2025-03-04 09:40:00+05:30,1911.5,1911.5,1908.4000244140625,1909.3499755859375,23251,0.0,0.0
2025-03-04 09:45:00+05:30,1909.300048828125,1910.0,1905.699951171875,1909.0,19119,0.0,0.0
2025-03-04 09:50:00+05:30,1909.050048828125,1909.550048828125,1906.1500244140625,1909.550048828125,14877,0.0,0.0
2025-03-04 09:55:00+05:30,1909.4000244140625,1910.75,1907.75,1910.75,22532,0.0,0.0
2025-03-04 10:00:00+05:30,1910.699951171875,1911.6500244140625,1909.050048828125,1909.6500244140625,29786,0.0,0.0
2025-03-04 10:05:00+05:30,1909.6500244140625,1909.6500244140625,1904.75,1904.75,23609,0.0,0.0
2025-03-04 10:10:00+05:30,1904.6500244140625,1904.9000244140625,1902.550048828125,1904.9000244140625,26788,0.0,0.0
2025-03-04 10:15:00+05:30,1904.9000244140625,1906.0999755859375,1903.949951171875,1904.9000244140625,30657,0.0,0.0
2025-03-04 10:20:00+05:30,1904.9000244140625,1906.199951171875,1904.699951171875,1905.800048828125,30414,0.0,0.0
2025-03-04 10:25:00+05:30,1905.800048828125,1906.199951171875,1903.0,1905.6500244140625,25510,0.0,0.0
2025-03-04 10:30:00+05:30,1907.3499755859375,1909.0,1906.0,1907.5999755859375,31945,0.0,0.0
2025-03-04 10:35:00+05:30,1907.5999755859375,1907.5999755859375,1906.0,1907.25,23297,0.0,0.0
2025-03-04 10:40:00+05:30,1906.8499755859375,1906.8499755859375,1906.0,1906.1500244140625,41293,0.0,0.0
2025-03-04 10:45:00+05:30,1906.199951171875,1907.3499755859375,1905.75,1906.8499755859375,34428,0.0,0.0
2025-03-04 10:50:00+05:30,1906.800048828125,1908.9000244140625,1906.75,1907.4000244140625,23712,0.0,0.0
2025-03-04 10:55:00+05:30,1907.4000244140625,1911.8499755859375,1907.300048828125,1911.5999755859375,38860,0.0,0.0
2025-03-04 11:00:00+05:30,1911.5999755859375,1913.1500244140625,1910.0999755859375,1912.4000244140625,48372,0.0,0.0
2025-03-04 11:05:00+05:30,1912.5,1912.5,1908.1500244140625,1908.75,22734,0.0,0.0
2025-03-04 11:10:00+05:30,1908.75,1909.6500244140625,1908.0,1908.4000244140625,132735,0.0,0.0
2025-03-04 11:15:00+05:30,1908.449951171875,1910.1500244140625,1907.6500244140625,1909.5,23131,0.0,0.0
2025-03-04 11:20:00+05:30,1909.5,1909.800048828125,1907.699951171875,1908.050048828125,18056,0.0,0.0
2025-03-04 11:25:00+05:30,1908.050048828125,1908.050048828125,1905.0,1905.4000244140625,19683,0.0,0.0
2025-03-04 11:30:00+05:30,1905.699951171875,1907.800048828125,1905.25,1907.75,27167,0.0,0.0
2025-03-04 11:35:00+05:30,1907.1500244140625,1907.1500244140625,1905.0,1906.1500244140625,24000,0.0,0.0
2025-03-04 11:40:00+05:30,1906.0,1906.0999755859375,1903.199951171875,1903.6500244140625,35905,0.0,0.0
2025-03-04 11:45:00+05:30,1903.25,1905.75,1903.0,1903.0,40469,0.0,0.0
2025-03-04 11:50:00+05:30,1903.0,1905.050048828125,1902.800048828125,1904.449951171875,28071,0.0,0.0
2025-03-04 11:55:00+05:30,1904.4000244140625,1906.0999755859375,1904.25,1905.449951171875,24704,0.0,0.0
2025-03-04 12:00:00+05:30,1905.449951171875,1906.300048828125,1905.0,1905.1500244140625,15345,0.0,0.0
2025-03-04 12:05:00+05:30,1905.300048828125,1906.0,1903.25,1905.0,30931,0.0,0.0
2025-03-04 12:10:00+05:30,1905.3499755859375,1905.699951171875,1902.1500244140625,1902.1500244140625,17122,0.0,0.0
2025-03-04 12:15:00+05:30,1902.3499755859375,1902.949951171875,1901.0,1902.4000244140625,29505,0.0,0.0
2025-03-04 12:20:00+05:30,1902.3499755859375,1903.0,1901.8499755859375,1902.5999755859375,17940,0.0,0.0
2025-03-04 12:25:00+05:30,1902.949951171875,1904.1500244140625,1902.75,1904.1500244140625,14724,0.0,0.0
2025-03-04 12:30:00+05:30,1904.050048828125,1905.5,1903.0999755859375,1905.199951171875,27427,0.0,0.0
2025-03-04 12:35:00+05:30,1904.8499755859375,1907.0,1904.300048828125,1907.0,23261,0.0,0.0
2025-03-04 12:40:00+05:30,1906.949951171875,1907.8499755859375,1906.9000244140625,1907.800048828125,18853,0.0,0.0
2025-03-04 12:45:00+05:30,1907.8499755859375,1910.949951171875,1907.3499755859375,1909.8499755859375,53609,0.0,0.0
2025-03-04 12:50:00+05:30,1909.8499755859375,1912.0,1909.8499755859375,1911.25,22376,0.0,0.0
2025-03-04 12:55:00+05:30,1911.9000244140625,1911.9000244140625,1910.0,1910.0,16569,0.0,0.0
2025-03-04 13:00:00+05:30,1908.800048828125,1910.0,1908.6500244140625,1908.6500244140625,17934,0.0,0.0
2025-03-04 13:05:00+05:30,1909.0,1910.0,1908.199951171875,1909.9000244140625,15910,0.0,0.0
2025-03-04 13:10:00+05:30,1910.0,1911.5,1909.949951171875,1910.6500244140625,19316,0.0,0.0
2025-03-04 13:15:00+05:30,1910.6500244140625,1911.3499755859375,1909.449951171875,1911.25,21098,0.0,0.0
2025-03-04 13:20:00+05:30,1911.25,1911.5,1910.0999755859375,1910.949951171875,18470,0.0,0.0
2025-03-04 13:25:00+05:30,1911.050048828125,1911.9000244140625,1910.5999755859375,1911.25,19121,0.0,0.0
2025-03-04 13:30:00+05:30,1911.1500244140625,1912.0,1910.1500244140625,1911.449951171875,18922,0.0,0.0
2025-03-04 13:35:00+05:30,1912.0,1912.0,1910.800048828125,1911.3499755859375,26604,0.0,0.0
2025-03-04 13:40:00+05:30,1911.3499755859375,1912.5999755859375,1910.0,1912.5999755859375,28921,0.0,0.0
2025-03-04 13:45:00+05:30,1912.199951171875,1914.5,1911.8499755859375,1912.949951171875,30412,0.0,0.0
2025-03-04 13:50:00+05:30,1912.949951171875,1913.25,1912.0,1913.25,24968,0.0,0.0
2025-03-04 13:55:00+05:30,1913.0999755859375,1913.0999755859375,1911.9000244140625,1912.0,25693,0.0,0.0
2025-03-04 14:00:00+05:30,1912.25,1914.949951171875,1911.9000244140625,1913.8499755859375,65965,0.0,0.0
2025-03-04 14:05:00+05:30,1913.8499755859375,1915.050048828125,1912.75,1914.4000244140625,35045,0.0,0.0
2025-03-04 14:10:00+05:30,1914.949951171875,1915.5,1913.0,1914.5,31847,0.0,0.0
2025-03-04 14:15:00+05:30,1913.949951171875,1915.0999755859375,1913.5,1914.800048828125,33349,0.0,0.0
2025-03-04 14:20:00+05:30,1914.699951171875,1915.949951171875,1913.5999755859375,1914.949951171875,40136,0.0,0.0
2025-03-04 14:25:00+05:30,1915.050048828125,1915.949951171875,1913.949951171875,1914.699951171875,44362,0.0,0.0
2025-03-04 14:30:00+05:30,1915.0,1915.800048828125,1913.8499755859375,1914.699951171875,46770,0.0,0.0
2025-03-04 14:35:00+05:30,1914.699951171875,1915.0,1913.3499755859375,1914.3499755859375,109268,0.0,0.0
2025-03-04 14:40:00+05:30,1914.300048828125,1915.0,1913.0999755859375,1914.1500244140625,69807,0.0,0.0
2025-03-04 14:45:00+05:30,1914.0999755859375,1914.0999755859375,1911.300048828125,1912.3499755859375,75257,0.0,0.0
2025-03-04 14:50:00+05:30,1911.800048828125,1913.0,1911.5,1912.199951171875,53992,0.0,0.0
2025-03-04 14:55:00+05:30,1911.550048828125,1913.0,1911.050048828125,1911.9000244140625,53502,0.0,0.0
2025-03-04 15:00:00+05:30,1911.6500244140625,1911.6500244140625,1907.949951171875,1908.0,100988,0.0,0.0
2025-03-04 15:05:00+05:30,1907.949951171875,1908.6500244140625,1907.0,1907.199951171875,102626,0.0,0.0
2025-03-04 15:10:00+05:30,1907.199951171875,1907.800048828125,1904.8499755859375,1905.5,127815,0.0,0.0
2025-03-04 15:15:00+05:30,1905.5,1909.699951171875,1905.5,1909.300048828125,92649,0.0,0.0
2025-03-04 15:20:00+05:30,1909.0,1910.5,1908.4000244140625,1908.8499755859375,83043,0.0,0.0
2025-03-04 15:25:00+05:30,1908.8499755859375,1911.699951171875,1905.199951171875,1907.800048828125,91106,0.0,0.0
2025-03-05 09:15:00+05:30,1903.0,1910.75,1896.050048828125,1898.050048828125,0,0.0,0.0
2025-03-05 09:20:00+05:30,1898.4000244140625,1906.25,1898.4000244140625,1906.25,51206,0.0,0.0
2025-03-05 09:25:00+05:30,1906.050048828125,1911.0,1906.050048828125,1910.550048828125,38581,0.0,0.0
2025-03-05 09:30:00+05:30,1910.9000244140625,1912.9000244140625,1910.3499755859375,1912.699951171875,17732,0.0,0.0
2025-03-05 09:35:00+05:30,1912.9000244140625,1914.449951171875,1912.4000244140625,1913.800048828125,17038,0.0,0.0
2025-03-05 09:40:00+05:30,1913.800048828125,1918.550048828125,1913.75,1918.5,16772,0.0,0.0
2025-03-05 09:45:00+05:30,1919.0,1929.75,1919.0,1929.699951171875,68323,0.0,0.0
2025-03-05 09:50:00+05:30,1929.8499755859375,1930.0,1925.25,1927.8499755859375,48065,0.0,0.0
2025-03-05 09:55:00+05:30,1929.0,1933.199951171875,1929.0,1931.1500244140625,57764,0.0,0.0
2025-03-05 10:00:00+05:30,1931.199951171875,1934.0,1927.0,1927.0,85162,0.0,0.0
2025-03-05 10:05:00+05:30,1927.0,1930.0,1926.9000244140625,1928.550048828125,45459,0.0,0.0
2025-03-05 10:10:00+05:30,1928.949951171875,1928.949951171875,1924.1500244140625,1925.699951171875,29382,0.0,0.0
2025-03-05 10:15:00+05:30,1925.5,1927.300048828125,1924.6500244140625,1925.300048828125,28409,0.0,0.0
2025-03-05 10:20:00+05:30,1925.300048828125,1927.300048828125,1924.949951171875,1925.550048828125,27108,0.0,0.0
2025-03-05 10:25:00+05:30,1925.699951171875,1927.6500244140625,1925.050048828125,1926.449951171875,23916,0.0,0.0
2025-03-05 10:30:00+05:30,1926.550048828125,1928.300048828125,1926.25,1928.0,33833,0.0,0.0
2025-03-05 10:35:00+05:30,1928.0,1929.0999755859375,1927.0999755859375,1929.0999755859375,45535,0.0,0.0
2025-03-05 10:40:00+05:30,1929.1500244140625,1929.5,1927.6500244140625,1928.5999755859375,34548,0.0,0.0
2025-03-05 10:45:00+05:30,1928.550048828125,1928.9000244140625,1926.949951171875,1928.9000244140625,113517,0.0,0.0
2025-03-05 10:50:00+05:30,1928.9000244140625,1931.699951171875,1928.9000244140625,1931.449951171875,47772,0.0,0.0
2025-03-05 10:55:00+05:30,1931.5,1931.5,1929.1500244140625,1931.0,50045,0.0,0.0
2025-03-05 11:00:00+05:30,1930.6500244140625,1931.25,1929.9000244140625,1931.0,48133,0.0,0.0
2025-03-05 11:05:00+05:30,1930.699951171875,1932.25,1929.449951171875,1930.0999755859375,50024,0.0,0.0
2025-03-05 11:10:00+05:30,1930.0,1938.0,1929.699951171875,1937.199951171875,64138,0.0,0.0
2025-03-05 11:15:00+05:30,1937.449951171875,1940.5,1936.1500244140625,1936.5,191691,0.0,0.0
2025-03-05 11:20:00+05:30,1936.8499755859375,1942.0,1936.1500244140625,1941.1500244140625,74504,0.0,0.0
2025-03-05 11:25:00+05:30,1941.3499755859375,1943.949951171875,1941.25,1942.8499755859375,73588,0.0,0.0
2025-03-05 11:30:00+05:30,1942.8499755859375,1946.6500244140625,1942.300048828125,1946.6500244140625,134641,0.0,0.0
2025-03-05 11:35:00+05:30,1946.050048828125,1949.199951171875,1946.050048828125,1949.199951171875,74269,0.0,0.0
2025-03-05 11:40:00+05:30,1949.199951171875,1949.699951171875,1946.0999755859375,1946.75,60222,0.0,0.0
2025-03-05 11:45:00+05:30,1947.5,1950.0,1946.800048828125,1948.800048828125,72209,0.0,0.0
2025-03-05 11:50:00+05:30,1948.800048828125,1949.0999755859375,1946.0999755859375,1947.449951171875,50483,0.0,0.0
2025-03-05 11:55:00+05:30,1947.5,1951.5999755859375,1946.9000244140625,1951.25,62153,0.0,0.0
2025-03-05 12:00:00+05:30,1951.25,1951.800048828125,1949.5999755859375,1950.300048828125,39757,0.0,0.0
2025-03-05 12:05:00+05:30,1950.300048828125,1950.449951171875,1946.699951171875,1947.8499755859375,42829,0.0,0.0
2025-03-05 12:10:00+05:30,1948.3499755859375,1948.8499755859375,1946.3499755859375,1947.0,45142,0.0,0.0
2025-03-05 12:15:00+05:30,1947.0,1949.300048828125,1946.9000244140625,1948.300048828125,44185,0.0,0.0
2025-03-05 12:20:00+05:30,1948.3499755859375,1950.0,1948.25,1949.949951171875,44699,0.0,0.0
2025-03-05 12:25:00+05:30,1949.949951171875,1953.3499755859375,1949.449951171875,1950.050048828125,46594,0.0,0.0
2025-03-05 12:30:00+05:30,1950.550048828125,1950.5999755859375,1947.8499755859375,1949.449951171875,27897,0.0,0.0
2025-03-05 12:35:00+05:30,1949.449951171875,1950.0,1949.449951171875,1949.9000244140625,13508,0.0,0.0
2025-03-05 12:40:00+05:30,1949.8499755859375,1949.949951171875,1943.0,1943.1500244140625,63815,0.0,0.0
2025-03-05 12:45:00+05:30,1943.0999755859375,1943.5,1938.6500244140625,1939.300048828125,30426,0.0,0.0
2025-03-05 12:50:00+05:30,1939.449951171875,1940.6500244140625,1937.699951171875,1940.050048828125,28885,0.0,0.0
2025-03-05 12:55:00+05:30,1940.050048828125,1943.300048828125,1939.4000244140625,1941.050048828125,45041,0.0,0.0
2025-03-05 13:00:00+05:30,1941.050048828125,1942.5999755859375,1939.300048828125,1940.0,36824,0.0,0.0
2025-03-05 13:05:00+05:30,1940.050048828125,1941.300048828125,1938.449951171875,1939.3499755859375,29003,0.0,0.0
2025-03-05 13:10:00+05:30,1939.3499755859375,1941.0,1939.3499755859375,1940.3499755859375,35504,0.0,0.0
2025-03-05 13:15:00+05:30,1940.5,1941.0,1940.050048828125,1940.4000244140625,16402,0.0,0.0
2025-03-05 13:20:00+05:30,1940.199951171875,1940.5,1939.050048828125,1939.0999755859375,15918,0.0,0.0
2025-03-05 13:25:00+05:30,1939.050048828125,1939.6500244140625,1938.4000244140625,1938.4000244140625,15620,0.0,0.0
2025-03-05 13:30:00+05:30,1938.4000244140625,1938.800048828125,1936.0999755859375,1937.550048828125,16126,0.0,0.0
2025-03-05 13:35:00+05:30,1937.25,1937.800048828125,1935.0,1935.550048828125,21461,0.0,0.0
2025-03-05 13:40:00+05:30,1935.0,1935.949951171875,1933.550048828125,1935.0999755859375,71809,0.0,0.0
2025-03-05 13:45:00+05:30,1935.0999755859375,1937.0,1935.0,1936.050048828125,19332,0.0,0.0
2025-03-05 13:50:00+05:30,1936.050048828125,1939.8499755859375,1936.0,1938.300048828125,25670,0.0,0.0
2025-03-05 13:55:00+05:30,1938.300048828125,1941.0,1938.199951171875,1938.5,25045,0.0,0.0
2025-03-05 14:00:00+05:30,1938.4000244140625,1938.5999755859375,1937.199951171875,1937.75,25466,0.0,0.0
2025-03-05 14:05:00+05:30,1937.699951171875,1938.0,1937.5999755859375,1937.5999755859375,22717,0.0,0.0
2025-03-05 14:10:00+05:30,1938.0,1938.0,1937.75,1938.0,23401,0.0,0.0
2025-03-05 14:15:00+05:30,1937.949951171875,1938.75,1936.0,1937.550048828125,40245,0.0,0.0
2025-03-05 14:20:00+05:30,1937.5999755859375,1938.0,1936.75,1937.800048828125,30946,0.0,0.0
2025-03-05 14:25:00+05:30,1937.699951171875,1938.0,1937.0,1937.949951171875,37459,0.0,0.0
2025-03-05 14:30:00+05:30,1938.0,1938.0,1937.25,1937.949951171875,24985,0.0,0.0
2025-03-05 14:35:00+05:30,1938.0,1942.1500244140625,1937.949951171875,1941.699951171875,38833,0.0,0.0
2025-03-05 14:40:00+05:30,1941.550048828125,1943.050048828125,1941.0,1942.6500244140625,28040,0.0,0.0
2025-03-05 14:45:00+05:30,1942.6500244140625,1945.0,1941.550048828125,1942.25,33248,0.0,0.0
2025-03-05 14:50:00+05:30,1942.0999755859375,1944.199951171875,1941.1500244140625,1943.9000244140625,35779,0.0,0.0
2025-03-05 14:55:00+05:30,1943.5,1944.9000244140625,1943.0999755859375,1943.949951171875,33257,0.0,0.0
2025-03-05 15:00:00+05:30,1943.8499755859375,1943.8499755859375,1932.75,1933.25,112490,0.0,0.0
2025-03-05 15:05:00+05:30,1933.1500244140625,1933.8499755859375,1932.4000244140625,1933.0999755859375,112596,0.0,0.0
2025-03-05 15:10:00+05:30,1933.0999755859375,1935.5999755859375,1930.5999755859375,1931.800048828125,137167,0.0,0.0
2025-03-05 15:15:00+05:30,1931.8499755859375,1933.25,1930.300048828125,1932.449951171875,114387,0.0,0.0
2025-03-05 15:20:00+05:30,1932.449951171875,1933.300048828125,1930.449951171875,1931.6500244140625,103574,0.0,0.0
2025-03-05 15:25:00+05:30,1931.949951171875,1937.6500244140625,1931.0,1933.0999755859375,75461,0.0,0.0
2025-03-06 09:15:00+05:30,1941.949951171875,1942.449951171875,1934.4000244140625,1935.75,0,0.0,0.0
2025-03-06 09:20:00+05:30,1935.5,1938.6500244140625,1932.0,1932.4000244140625,127823,0.0,0.0
2025-03-06 09:25:00+05:30,1933.5,1933.5,1928.800048828125,1929.3499755859375,83445,0.0,0.0
2025-03-06 09:30:00+05:30,1929.25,1929.25,1924.0,1925.6500244140625,90368,0.0,0.0
2025-03-06 09:35:00+05:30,1925.6500244140625,1927.0,1919.0,1920.3499755859375,55084,0.0,0.0
2025-03-06 09:40:00+05:30,1920.550048828125,1922.5999755859375,1918.9000244140625,1922.0999755859375,46730,0.0,0.0
2025-03-06 09:45:00+05:30,1922.0999755859375,1924.949951171875,1917.0,1918.8499755859375,70323,0.0,0.0
2025-03-06 09:50:00+05:30,1919.0,1922.199951171875,1918.75,1920.25,49013,0.0,0.0
2025-03-06 09:55:00+05:30,1921.5,1927.449951171875,1921.300048828125,1927.0,38475,0.0,0.0
2025-03-06 10:00:00+05:30,1927.0999755859375,1931.949951171875,1927.0999755859375,1931.949951171875,37011,0.0,0.0
2025-03-06 10:05:00+05:30,1932.050048828125,1935.0,1927.6500244140625,1930.0,77738,0.0,0.0
2025-03-06 10:10:00+05:30,1930.199951171875,1931.1500244140625,1925.050048828125,1929.4000244140625,44566,0.0,0.0
2025-03-06 10:15:00+05:30,1929.699951171875,1930.0,1927.0999755859375,1929.8499755859375,36648,0.0,0.0
2025-03-06 10:20:00+05:30,1929.949951171875,1930.699951171875,1926.75,1926.75,33079,0.0,0.0
2025-03-06 10:25:00+05:30,1926.6500244140625,1928.0,1924.5,1928.0,33977,0.0,0.0
2025-03-06 10:30:00+05:30,1928.449951171875,1931.550048828125,1928.449951171875,1930.3499755859375,32713,0.0,0.0
2025-03-06 10:35:00+05:30,1930.3499755859375,1931.050048828125,1929.3499755859375,1929.949951171875,26163,0.0,0.0
2025-03-06 10:40:00+05:30,1929.949951171875,1930.8499755859375,1928.9000244140625,1929.8499755859375,21701,0.0,0.0
2025-03-06 10:45:00+05:30,1929.8499755859375,1930.800048828125,1927.050048828125,1929.0999755859375,34498,0.0,0.0
2025-03-06 10:50:00+05:30,1929.25,1931.800048828125,1929.1500244140625,1931.800048828125,19618,0.0,0.0
2025-03-06 10:55:00+05:30,1932.0,1933.25,1930.0,1931.25,18826,0.0,0.0
2025-03-06 11:00:00+05:30,1930.449951171875,1933.199951171875,1929.3499755859375,1932.800048828125,26317,0.0,0.0
2025-03-06 11:05:00+05:30,1932.800048828125,1935.800048828125,1932.75,1933.300048828125,35737,0.0,0.0
2025-03-06 11:10:00+05:30,1933.300048828125,1936.449951171875,1930.5,1930.9000244140625,61941,0.0,0.0
2025-03-06 11:15:00+05:30,1930.9000244140625,1932.0,1930.199951171875,1930.800048828125,21935,0.0,0.0
2025-03-06 11:20:00+05:30,1930.800048828125,1931.5,1925.0,1925.3499755859375,32108,0.0,0.0
2025-03-06 11:25:00+05:30,1925.0,1927.050048828125,1921.199951171875,1922.9000244140625,48674,0.0,0.0
2025-03-06 11:30:00+05:30,1922.6500244140625,1922.6500244140625,1920.4000244140625,1921.550048828125,20394,0.0,0.0
2025-03-06 11:35:00+05:30,1921.5,1924.050048828125,1921.5,1923.75,22571,0.0,0.0
2025-03-06 11:40:00+05:30,1923.5,1925.0,1922.300048828125,1924.800048828125,20155,0.0,0.0
2025-03-06 11:45:00+05:30,1924.8499755859375,1924.8499755859375,1923.3499755859375,1923.8499755859375,21755,0.0,0.0
2025-03-06 11:50:00+05:30,1923.75,1925.0,1923.75,1924.3499755859375,19195,0.0,0.0
2025-03-06 11:55:00+05:30,1924.5,1925.0999755859375,1924.199951171875,1924.3499755859375,14117,0.0,0.0
2025-03-06 12:00:00+05:30,1924.449951171875,1926.199951171875,1923.5,1925.449951171875,34434,0.0,0.0
2025-03-06 12:05:00+05:30,1925.5,1925.6500244140625,1918.5,1918.8499755859375,48105,0.0,0.0
2025-03-06 12:10:00+05:30,1918.9000244140625,1923.25,1917.5,1923.25,52212,0.0,0.0
2025-03-06 12:15:00+05:30,1923.3499755859375,1924.3499755859375,1922.550048828125,1923.050048828125,29151,0.0,0.0
2025-03-06 12:20:00+05:30,1923.050048828125,1925.550048828125,1922.9000244140625,1924.75,33330,0.0,0.0
2025-03-06 12:25:00+05:30,1924.75,1925.5,1922.1500244140625,1922.699951171875,32630,0.0,0.0
2025-03-06 12:30:00+05:30,1922.699951171875,1924.0,1920.449951171875,1920.75,32918,0.0,0.0
2025-03-06 12:35:00+05:30,1920.800048828125,1923.3499755859375,1920.75,1923.3499755859375,46744,0.0,0.0
2025-03-06 12:40:00+05:30,1923.75,1923.8499755859375,1921.9000244140625,1921.9000244140625,27348,0.0,0.0
2025-03-06 12:45:00+05:30,1922.050048828125,1922.5,1921.800048828125,1922.0,91196,0.0,0.0
2025-03-06 12:50:00+05:30,1922.0,1925.5999755859375,1921.4000244140625,1924.0,75830,0.0,0.0
2025-03-06 12:55:00+05:30,1924.0,1924.449951171875,1922.300048828125,1922.9000244140625,52349,0.0,0.0
2025-03-06 13:00:00+05:30,1922.449951171875,1926.449951171875,1922.1500244140625,1926.449951171875,33473,0.0,0.0
2025-03-06 13:05:00+05:30,1927.0,1927.0,1925.5999755859375,1926.800048828125,23551,0.0,0.0
2025-03-06 13:10:00+05:30,1926.6500244140625,1927.0,1926.050048828125,1927.0,23397,0.0,0.0
2025-03-06 13:15:00+05:30,1927.0,1927.75,1926.0,1926.449951171875,39228,0.0,0.0
2025-03-06 13:20:00+05:30,1925.949951171875,1926.5,1924.300048828125,1925.800048828125,38111,0.0,0.0
2025-03-06 13:25:00+05:30,1925.8499755859375,1926.0,1923.0,1923.0999755859375,37467,0.0,0.0
2025-03-06 13:30:00+05:30,1922.25,1923.050048828125,1921.5999755859375,1921.949951171875,49644,0.0,0.0
2025-03-06 13:35:00+05:30,1922.5,1923.449951171875,1921.949951171875,1923.449951171875,39376,0.0,0.0
2025-03-06 13:40:00+05:30,1923.5,1923.6500244140625,1921.699951171875,1922.0,47929,0.0,0.0
2025-03-06 13:45:00+05:30,1922.0,1922.25,1921.6500244140625,1922.0,34028,0.0,0.0
2025-03-06 13:50:00+05:30,1922.0,1923.75,1921.949951171875,1923.0999755859375,55159,0.0,0.0
2025-03-06 13:55:00+05:30,1923.050048828125,1923.5999755859375,1922.0,1922.699951171875,44378,0.0,0.0
2025-03-06 14:00:00+05:30,1922.949951171875,1923.949951171875,1922.300048828125,1923.8499755859375,54927,0.0,0.0
2025-03-06 14:05:00+05:30,1923.75,1924.0,1923.4000244140625,1924.0,47164,0.0,0.0
2025-03-06 14:10:00+05:30,1924.0,1924.449951171875,1923.25,1923.75,41382,0.0,0.0
2025-03-06 14:15:00+05:30,1923.949951171875,1926.0,1923.1500244140625,1924.699951171875,60978,0.0,0.0
2025-03-06 14:20:00+05:30,1924.9000244140625,1925.800048828125,1924.75,1925.699951171875,41850,0.0,0.0
2025-03-06 14:25:00+05:30,1925.800048828125,1925.949951171875,1923.949951171875,1924.4000244140625,56062,0.0,0.0
2025-03-06 14:30:00+05:30,1924.6500244140625,1926.4000244140625,1924.0,1926.4000244140625,59258,0.0,0.0
2025-03-06 14:35:00+05:30,1926.449951171875,1927.0,1923.550048828125,1924.0,73457,0.0,0.0
2025-03-06 14:40:00+05:30,1923.5,1924.5,1923.199951171875,1923.449951171875,50785,0.0,0.0
2025-03-06 14:45:00+05:30,1923.699951171875,1924.0,1922.5999755859375,1922.800048828125,44430,0.0,0.0
2025-03-06 14:50:00+05:30,1922.800048828125,1923.0,1920.0,1920.0,200776,0.0,0.0
2025-03-06 14:55:00+05:30,1920.0,1921.6500244140625,1911.0,1919.050048828125,833034,0.0,0.0
2025-03-06 15:00:00+05:30,1918.9000244140625,1922.300048828125,1917.5,1920.6500244140625,208027,0.0,0.0
2025-03-06 15:05:00+05:30,1920.5999755859375,1921.050048828125,1917.75,1919.8499755859375,157812,0.0,0.0
2025-03-06 15:10:00+05:30,1919.800048828125,1922.300048828125,1917.9000244140625,1921.699951171875,143622,0.0,0.0
2025-03-06 15:15:00+05:30,1921.6500244140625,1923.8499755859375,1920.8499755859375,1923.449951171875,232092,0.0,0.0
2025-03-06 15:20:00+05:30,1923.1500244140625,1925.9000244140625,1921.5999755859375,1925.75,226035,0.0,0.0
2025-03-06 15:25:00+05:30,1925.75,1925.949951171875,1920.1500244140625,1921.699951171875,125547,0.0,0.0
2025-03-07 09:15:00+05:30,1921.3499755859375,1921.3499755859375,1916.800048828125,1918.9000244140625,0,0.0,0.0
2025-03-07 09:20:00+05:30,1918.3499755859375,1918.3499755859375,1914.25,1915.300048828125,26313,0.0,0.0
2025-03-07 09:25:00+05:30,1913.449951171875,1914.8499755859375,1911.050048828125,1911.800048828125,40846,0.0,0.0
2025-03-07 09:30:00+05:30,1911.5,1916.550048828125,1910.199951171875,1916.5,33637,0.0,0.0
2025-03-07 09:35:00+05:30,1915.5,1916.8499755859375,1914.5,1914.5,21731,0.0,0.0
2025-03-07 09:40:00+05:30,1913.199951171875,1914.3499755859375,1912.0999755859375,1914.25,30658,0.0,0.0
2025-03-07 09:45:00+05:30,1914.449951171875,1917.199951171875,1914.199951171875,1917.199951171875,23483,0.0,0.0
2025-03-07 09:50:00+05:30,1917.0999755859375,1917.949951171875,1915.050048828125,1915.25,26268,0.0,0.0
2025-03-07 09:55:00+05:30,1915.0,1917.550048828125,1914.9000244140625,1917.050048828125,12633,0.0,0.0
2025-03-07 10:00:00+05:30,1917.6500244140625,1919.3499755859375,1916.449951171875,1918.5,15024,0.0,0.0
2025-03-07 10:05:00+05:30,1918.9000244140625,1920.5,1917.699951171875,1919.800048828125,24260,0.0,0.0
2025-03-07 10:10:00+05:30,1920.300048828125,1921.0,1919.300048828125,1921.0,20920,0.0,0.0
2025-03-07 10:15:00+05:30,1920.4000244140625,1923.300048828125,1919.9000244140625,1922.8499755859375,28101,0.0,0.0
2025-03-07 10:20:00+05:30,1922.699951171875,1922.699951171875,1920.449951171875,1922.199951171875,21676,0.0,0.0
2025-03-07 10:25:00+05:30,1922.0999755859375,1923.050048828125,1921.550048828125,1922.5,16101,0.0,0.0
2025-03-07 10:30:00+05:30,1922.550048828125,1923.550048828125,1921.1500244140625,1921.25,16835,0.0,0.0
2025-03-07 10:35:00+05:30,1922.0,1923.0,1921.1500244140625,1922.550048828125,13844,0.0,0.0
2025-03-07 10:40:00+05:30,1922.550048828125,1923.0,1920.0,1920.050048828125,13657,0.0,0.0
2025-03-07 10:45:00+05:30,1920.050048828125,1921.0,1918.25,1920.949951171875,15266,0.0,0.0
2025-03-07 10:50:00+05:30,1920.4000244140625,1920.949951171875,1916.0,1916.300048828125,88713,0.0,0.0
2025-03-07 10:55:00+05:30,1916.199951171875,1916.5999755859375,1915.0,1916.25,20974,0.0,0.0
2025-03-07 11:00:00+05:30,1915.75,1918.5999755859375,1915.199951171875,1918.449951171875,18103,0.0,0.0
2025-03-07 11:05:00+05:30,1918.5,1919.3499755859375,1917.8499755859375,1918.449951171875,8614,0.0,0.0
2025-03-07 11:10:00+05:30,1918.449951171875,1920.949951171875,1918.199951171875,1919.699951171875,116087,0.0,0.0
2025-03-07 11:15:00+05:30,1919.25,1921.1500244140625,1918.699951171875,1918.75,18088,0.0,0.0
2025-03-07 11:20:00+05:30,1918.800048828125,1919.9000244140625,1916.699951171875,1917.300048828125,16008,0.0,0.0
2025-03-07 11:25:00+05:30,1917.300048828125,1917.6500244140625,1915.800048828125,1916.1500244140625,15607,0.0,0.0
2025-03-07 11:30:00+05:30,1916.8499755859375,1918.550048828125,1916.4000244140625,1917.5999755859375,11733,0.0,0.0
2025-03-07 11:35:00+05:30,1917.5999755859375,1918.300048828125,1916.8499755859375,1916.8499755859375,8206,0.0,0.0
2025-03-07 11:40:00+05:30,1917.050048828125,1919.6500244140625,1916.3499755859375,1919.449951171875,11000,0.0,0.0
2025-03-07 11:45:00+05:30,1919.449951171875,1919.949951171875,1918.199951171875,1918.199951171875,13624,0.0,0.0
2025-03-07 11:50:00+05:30,1918.5999755859375,1920.449951171875,1918.1500244140625,1920.449951171875,13577,0.0,0.0
2025-03-07 11:55:00+05:30,1920.050048828125,1920.449951171875,1918.949951171875,1919.050048828125,15700,0.0,0.0
2025-03-07 12:00:00+05:30,1918.949951171875,1920.1500244140625,1917.699951171875,1919.8499755859375,12965,0.0,0.0
2025-03-07 12:05:00+05:30,1919.800048828125,1921.8499755859375,1919.199951171875,1921.25,14077,0.0,0.0
2025-03-07 12:10:00+05:30,1921.199951171875,1923.5999755859375,1920.5999755859375,1923.0,13791,0.0,0.0
2025-03-07 12:15:00+05:30,1923.0999755859375,1926.6500244140625,1923.0999755859375,1924.550048828125,33202,0.0,0.0
2025-03-07 12:20:00+05:30,1924.550048828125,1926.199951171875,1924.199951171875,1925.5,10348,0.0,0.0
2025-03-07 12:25:00+05:30,1925.5,1926.0999755859375,1923.8499755859375,1923.8499755859375,12043,0.0,0.0
2025-03-07 12:30:00+05:30,1924.0,1927.5999755859375,1923.550048828125,1927.5999755859375,69278,0.0,0.0
2025-03-07 12:35:00+05:30,1927.050048828125,1928.0,1925.699951171875,1926.75,18513,0.0,0.0
2025-03-07 12:40:00+05:30,1926.6500244140625,1927.25,1925.449951171875,1927.0,11551,0.0,0.0
2025-03-07 12:45:00+05:30,1927.0,1928.699951171875,1926.5,1927.3499755859375,23676,0.0,0.0
2025-03-07 12:50:00+05:30,1927.4000244140625,1927.9000244140625,1926.0999755859375,1927.050048828125,15946,0.0,0.0
2025-03-07 12:55:00+05:30,1927.0,1929.1500244140625,1926.9000244140625,1928.25,16452,0.0,0.0
2025-03-07 13:00:00+05:30,1928.3499755859375,1928.8499755859375,1927.0,1927.25,16283,0.0,0.0
2025-03-07 13:05:00+05:30,1927.300048828125,1928.5999755859375,1926.550048828125,1926.800048828125,18710,0.0,0.0
2025-03-07 13:10:00+05:30,1927.0,1927.25,1923.800048828125,1924.6500244140625,47149,0.0,0.0
2025-03-07 13:15:00+05:30,1924.9000244140625,1926.199951171875,1924.5999755859375,1925.4000244140625,16584,0.0,0.0
2025-03-07 13:20:00+05:30,1926.449951171875,1926.6500244140625,1924.75,1925.550048828125,20480,0.0,0.0
2025-03-07 13:25:00+05:30,1925.800048828125,1927.699951171875,1925.050048828125,1926.1500244140625,23603,0.0,0.0
2025-03-07 13:30:00+05:30,1926.199951171875,1926.5,1925.6500244140625,1925.8499755859375,19095,0.0,0.0
2025-03-07 13:35:00+05:30,1925.800048828125,1927.550048828125,1925.25,1925.5999755859375,18804,0.0,0.0
2025-03-07 13:40:00+05:30,1925.5,1926.4000244140625,1924.5,1925.550048828125,19898,0.0,0.0
2025-03-07 13:45:00+05:30,1925.550048828125,1926.5,1922.6500244140625,1923.4000244140625,73863,0.0,0.0
2025-03-07 13:50:00+05:30,1922.6500244140625,1923.050048828125,1919.800048828125,1922.699951171875,103120,0.0,0.0
2025-03-07 13:55:00+05:30,1922.4000244140625,1923.300048828125,1921.449951171875,1922.0,23013,0.0,0.0
2025-03-07 14:00:00+05:30,1922.0,1926.8499755859375,1922.0,1926.300048828125,23290,0.0,0.0
2025-03-07 14:05:00+05:30,1926.5999755859375,1926.949951171875,1925.4000244140625,1926.4000244140625,21521,0.0,0.0
2025-03-07 14:10:00+05:30,1926.199951171875,1927.0,1925.6500244140625,1926.949951171875,20747,0.0,0.0
2025-03-07 14:15:00+05:30,1926.75,1928.050048828125,1926.4000244140625,1927.0,23994,0.0,0.0
2025-03-07 14:20:00+05:30,1927.6500244140625,1927.9000244140625,1926.050048828125,1927.300048828125,23108,0.0,0.0
2025-03-07 14:25:00+05:30,1927.300048828125,1930.0,1927.1500244140625,1930.0,30480,0.0,0.0
2025-03-07 14:30:00+05:30,1930.25,1934.5,1930.25,1933.8499755859375,92702,0.0,0.0
2025-03-07 14:35:00+05:30,1933.8499755859375,1934.800048828125,1932.9000244140625,1934.300048828125,56988,0.0,0.0
2025-03-07 14:40:00+05:30,1934.300048828125,1937.550048828125,1934.300048828125,1936.0,57694,0.0,0.0
2025-03-07 14:45:00+05:30,1936.0999755859375,1937.800048828125,1936.0,1937.050048828125,62330,0.0,0.0
2025-03-07 14:50:00+05:30,1937.050048828125,1938.300048828125,1936.8499755859375,1938.300048828125,47380,0.0,0.0
2025-03-07 14:55:00+05:30,1938.3499755859375,1940.050048828125,1937.75,1937.9000244140625,61501,0.0,0.0
2025-03-07 15:00:00+05:30,1937.9000244140625,1937.949951171875,1935.550048828125,1937.050048828125,88302,0.0,0.0
2025-03-07 15:05:00+05:30,1936.699951171875,1938.6500244140625,1936.0,1937.75,117013,0.0,0.0
2025-03-07 15:10:00+05:30,1937.699951171875,1937.699951171875,1934.9000244140625,1934.9000244140625,125812,0.0,0.0
2025-03-07 15:15:00+05:30,1934.949951171875,1935.9000244140625,1934.300048828125,1935.800048828125,98990,0.0,0.0
2025-03-07 15:20:00+05:30,1935.800048828125,1936.0,1933.0999755859375,1933.25,102599,0.0,0.0
2025-03-07 15:25:00+05:30,1932.800048828125,1935.8499755859375,1928.6500244140625,1935.4000244140625,131838,0.0,0.0
2025-03-10 09:15:00+05:30,1933.699951171875,1936.9000244140625,1930.800048828125,1935.199951171875,0,0.0,0.0
2025-03-10 09:20:00+05:30,1934.4000244140625,1935.050048828125,1932.3499755859375,1932.9000244140625,56193,0.0,0.0
2025-03-10 09:25:00+05:30,1933.550048828125,1934.800048828125,1932.050048828125,1933.800048828125,16732,0.0,0.0
2025-03-10 09:30:00+05:30,1934.0999755859375,1934.3499755859375,1923.6500244140625,1924.050048828125,32073,0.0,0.0
2025-03-10 09:35:00+05:30,1923.699951171875,1928.0999755859375,1923.699951171875,1927.0999755859375,48984,0.0,0.0
2025-03-10 09:40:00+05:30,1927.0999755859375,1933.449951171875,1925.0,1931.300048828125,38519,0.0,0.0
2025-03-10 09:45:00+05:30,1931.0999755859375,1933.4000244140625,1928.949951171875,1930.1500244140625,39668,0.0,0.0
2025-03-10 09:50:00+05:30,1929.699951171875,1931.300048828125,1927.0,1930.0,18173,0.0,0.0
2025-03-10 09:55:00+05:30,1930.0,1932.1500244140625,1928.949951171875,1930.75,34150,0.0,0.0
2025-03-10 10:00:00+05:30,1931.0999755859375,1932.9000244140625,1929.550048828125,1929.550048828125,29389,0.0,0.0
2025-03-10 10:05:00+05:30,1931.0,1932.1500244140625,1929.0999755859375,1930.449951171875,28288,0.0,0.0
2025-03-10 10:10:00+05:30,1930.4000244140625,1930.4000244140625,1926.949951171875,1927.300048828125,20863,0.0,0.0
2025-03-10 10:15:00+05:30,1927.300048828125,1927.9000244140625,1925.0,1927.050048828125,26429,0.0,0.0
2025-03-10 10:20:00+05:30,1927.050048828125,1930.8499755859375,1927.050048828125,1930.550048828125,17178,0.0,0.0
2025-03-10 10:25:00+05:30,1930.6500244140625,1931.199951171875,1929.9000244140625,1930.449951171875,14026,0.0,0.0
2025-03-10 10:30:00+05:30,1930.449951171875,1931.0,1928.699951171875,1930.300048828125,13551,0.0,0.0
2025-03-10 10:35:00+05:30,1930.0999755859375,1930.9000244140625,1929.949951171875,1930.0,13536,0.0,0.0
2025-03-10 10:40:00+05:30,1930.699951171875,1931.800048828125,1929.75,1931.699951171875,28048,0.0,0.0
2025-03-10 10:45:00+05:30,1931.550048828125,1932.699951171875,1930.75,1930.8499755859375,27856,0.0,0.0
2025-03-10 10:50:00+05:30,1930.8499755859375,1933.3499755859375,1930.6500244140625,1932.0,20105,0.0,0.0
2025-03-10 10:55:00+05:30,1931.800048828125,1932.949951171875,1931.5,1932.699951171875,8810,0.0,0.0
2025-03-10 11:00:00+05:30,1932.800048828125,1934.300048828125,1932.699951171875,1933.75,10728,0.0,0.0
2025-03-10 11:05:00+05:30,1933.3499755859375,1933.550048828125,1931.949951171875,1932.199951171875,8220,0.0,0.0
2025-03-10 11:10:00+05:30,1932.699951171875,1933.4000244140625,1932.1500244140625,1932.9000244140625,9019,0.0,0.0
2025-03-10 11:15:00+05:30,1932.949951171875,1934.25,1932.9000244140625,1933.699951171875,10236,0.0,0.0
2025-03-10 11:20:00+05:30,1933.5999755859375,1934.25,1933.0999755859375,1933.949951171875,7045,0.0,0.0
2025-03-10 11:25:00+05:30,1933.9000244140625,1934.0,1930.75,1933.1500244140625,9056,0.0,0.0
2025-03-10 11:30:00+05:30,1933.0999755859375,1934.25,1933.0999755859375,1934.0,14646,0.0,0.0
2025-03-10 11:35:00+05:30,1933.949951171875,1935.699951171875,1933.550048828125,1935.199951171875,16046,0.0,0.0
2025-03-10 11:40:00+05:30,1935.949951171875,1938.300048828125,1935.199951171875,1938.300048828125,18072,0.0,0.0
2025-03-10 11:45:00+05:30,1938.300048828125,1938.300048828125,1937.0,1937.199951171875,13467,0.0,0.0
2025-03-10 11:50:00+05:30,1937.0999755859375,1938.0,1937.0,1937.550048828125,26219,0.0,0.0
2025-03-10 11:55:00+05:30,1937.5,1937.550048828125,1937.0,1937.0,14961,0.0,0.0
2025-03-10 12:00:00+05:30,1937.050048828125,1939.050048828125,1935.050048828125,1935.550048828125,44716,0.0,0.0
2025-03-10 12:05:00+05:30,1935.800048828125,1937.550048828125,1935.5,1937.3499755859375,9430,0.0,0.0
2025-03-10 12:10:00+05:30,1936.75,1938.0,1934.5,1935.0,25868,0.0,0.0
2025-03-10 12:15:00+05:30,1934.5,1934.800048828125,1932.699951171875,1933.8499755859375,13198,0.0,0.0
2025-03-10 12:20:00+05:30,1934.550048828125,1935.0,1933.75,1935.0,10383,0.0,0.0
2025-03-10 12:25:00+05:30,1934.949951171875,1937.0,1934.949951171875,1935.75,553438,0.0,0.0
2025-03-10 12:30:00+05:30,1935.949951171875,1935.949951171875,1933.9000244140625,1935.4000244140625,11423,0.0,0.0
2025-03-10 12:35:00+05:30,1935.4000244140625,1935.800048828125,1933.699951171875,1934.75,9257,0.0,0.0
2025-03-10 12:40:00+05:30,1934.75,1935.75,1932.8499755859375,1935.5,14375,0.0,0.0
2025-03-10 12:45:00+05:30,1935.5,1936.5,1935.0,1935.800048828125,35237,0.0,0.0
2025-03-10 12:50:00+05:30,1935.949951171875,1936.25,1935.0,1936.0,10753,0.0,0.0
2025-03-10 12:55:00+05:30,1936.0,1936.949951171875,1935.449951171875,1935.949951171875,25177,0.0,0.0
2025-03-10 13:00:00+05:30,1936.0,1936.6500244140625,1935.5999755859375,1936.199951171875,8053,0.0,0.0
2025-03-10 13:05:00+05:30,1936.1500244140625,1936.300048828125,1935.6500244140625,1936.0999755859375,9097,0.0,0.0
2025-03-10 13:10:00+05:30,1936.199951171875,1936.199951171875,1935.699951171875,1936.0,7691,0.0,0.0
2025-03-10 13:15:00+05:30,1936.0,1936.4000244140625,1935.5999755859375,1935.8499755859375,7799,0.0,0.0
2025-03-10 13:20:00+05:30,1936.0,1936.449951171875,1935.800048828125,1936.449951171875,9736,0.0,0.0
2025-03-10 13:25:00+05:30,1936.25,1936.5999755859375,1935.949951171875,1936.0999755859375,9880,0.0,0.0
2025-03-10 13:30:00+05:30,1936.0999755859375,1936.4000244140625,1935.949951171875,1936.199951171875,8161,0.0,0.0
2025-03-10 13:35:00+05:30,1935.949951171875,1936.3499755859375,1935.5999755859375,1935.949951171875,10695,0.0,0.0
2025-03-10 13:40:00+05:30,1935.75,1935.9000244140625,1934.8499755859375,1935.550048828125,12870,0.0,0.0
2025-03-10 13:45:00+05:30,1935.5,1935.800048828125,1934.5,1934.949951171875,9790,0.0,0.0
2025-03-10 13:50:00+05:30,1934.8499755859375,1935.6500244140625,1934.5,1935.0,6680,0.0,0.0
2025-03-10 13:55:00+05:30,1935.0,1935.800048828125,1934.9000244140625,1935.800048828125,21369,0.0,0.0
2025-03-10 14:00:00+05:30,1935.699951171875,1939.0,1935.3499755859375,1935.3499755859375,21102,0.0,0.0
2025-03-10 14:05:00+05:30,1935.1500244140625,1936.25,1935.1500244140625,1935.949951171875,9991,0.0,0.0
2025-03-10 14:10:00+05:30,1935.8499755859375,1936.3499755859375,1935.199951171875,1935.949951171875,9859,0.0,0.0
2025-03-10 14:15:00+05:30,1935.8499755859375,1936.3499755859375,1933.25,1933.25,15745,0.0,0.0
2025-03-10 14:20:00+05:30,1933.0,1933.0,1929.0,1930.0,19247,0.0,0.0
2025-03-10 14:25:00+05:30,1930.25,1930.25,1925.4000244140625,1925.699951171875,19215,0.0,0.0
2025-03-10 14:30:00+05:30,1925.199951171875,1926.5999755859375,1924.0,1926.0,17041,0.0,0.0
2025-03-10 14:35:00+05:30,1925.949951171875,1927.0,1923.0,1923.0,25792,0.0,0.0
2025-03-10 14:40:00+05:30,1923.0,1924.25,1921.0999755859375,1921.6500244140625,22669,0.0,0.0
2025-03-10 14:45:00+05:30,1920.5999755859375,1921.4000244140625,1919.0,1920.300048828125,24500,0.0,0.0
2025-03-10 14:50:00+05:30,1919.949951171875,1925.9000244140625,1919.0,1924.5,93513,0.0,0.0
2025-03-10 14:55:00+05:30,1924.5,1924.5,1922.949951171875,1924.5,13538,0.0,0.0
2025-03-10 15:00:00+05:30,1924.4000244140625,1924.4000244140625,1920.0,1921.3499755859375,43135,0.0,0.0
2025-03-10 15:05:00+05:30,1922.199951171875,1923.8499755859375,1921.050048828125,1923.199951171875,41237,0.0,0.0
2025-03-10 15:10:00+05:30,1923.8499755859375,1924.550048828125,1922.050048828125,1923.449951171875,47490,0.0,0.0
2025-03-10 15:15:00+05:30,1923.4000244140625,1923.4000244140625,1919.9000244140625,1920.800048828125,56011,0.0,0.0
2025-03-10 15:20:00+05:30,1920.699951171875,1921.5,1919.5999755859375,1920.5,54953,0.0,0.0
2025-03-10 15:25:00+05:30,1920.9000244140625,1921.75,1916.3499755859375,1921.75,38726,0.0,0.0
2025-03-11 09:15:00+05:30,1921.050048828125,1923.0999755859375,1911.0,1912.75,0,0.0,0.0
2025-03-11 09:20:00+05:30,1912.4000244140625,1913.0,1904.449951171875,1912.050048828125,59840,0.0,0.0
2025-03-11 09:25:00+05:30,1911.699951171875,1911.8499755859375,1908.9000244140625,1910.8499755859375,33579,0.0,0.0
2025-03-11 09:30:00+05:30,1910.9000244140625,1914.5999755859375,1909.050048828125,1909.199951171875,40398,0.0,0.0
2025-03-11 09:35:00+05:30,1909.25,1911.9000244140625,1907.5,1911.0,33128,0.0,0.0
2025-03-11 09:40:00+05:30,1910.9000244140625,1914.4000244140625,1910.9000244140625,1913.4000244140625,43548,0.0,0.0
2025-03-11 09:45:00+05:30,1913.449951171875,1918.050048828125,1913.449951171875,1917.75,46254,0.0,0.0
2025-03-11 09:50:00+05:30,1917.300048828125,1917.949951171875,1914.8499755859375,1914.8499755859375,25565,0.0,0.0
2025-03-11 09:55:00+05:30,1914.4000244140625,1915.9000244140625,1914.1500244140625,1915.6500244140625,15461,0.0,0.0
2025-03-11 10:00:00+05:30,1915.6500244140625,1916.3499755859375,1914.4000244140625,1916.050048828125,26026,0.0,0.0
2025-03-11 10:05:00+05:30,1916.050048828125,1920.5999755859375,1915.949951171875,1916.199951171875,193897,0.0,0.0
2025-03-11 10:10:00+05:30,1916.4000244140625,1917.699951171875,1914.4000244140625,1917.300048828125,23772,0.0,0.0
2025-03-11 10:15:00+05:30,1917.4000244140625,1918.0,1915.5,1916.800048828125,219702,0.0,0.0
2025-03-11 10:20:00+05:30,1916.699951171875,1918.5,1916.550048828125,1917.75,16665,0.0,0.0
2025-03-11 10:25:00+05:30,1917.75,1919.0,1917.5999755859375,1918.0,25023,0.0,0.0
2025-03-11 10:30:00+05:30,1917.800048828125,1918.5,1916.3499755859375,1917.6500244140625,14146,0.0,0.0
2025-03-11 10:35:00+05:30,1917.449951171875,1918.6500244140625,1917.0,1918.6500244140625,15193,0.0,0.0
2025-03-11 10:40:00+05:30,1918.6500244140625,1920.0,1918.6500244140625,1920.0,28579,0.0,0.0
2025-03-11 10:45:00+05:30,1920.0,1921.300048828125,1918.75,1918.949951171875,23715,0.0,0.0
2025-03-11 10:50:00+05:30,1918.949951171875,1918.949951171875,1917.050048828125,1917.25,17577,0.0,0.0
2025-03-11 10:55:00+05:30,1917.199951171875,1919.550048828125,1917.050048828125,1918.0999755859375,12838,0.0,0.0
2025-03-11 11:00:00+05:30,1918.25,1924.550048828125,1918.25,1923.5,212921,0.0,0.0
2025-03-11 11:05:00+05:30,1924.0,1926.4000244140625,1918.550048828125,1919.9000244140625,52387,0.0,0.0
2025-03-11 11:10:00+05:30,1919.6500244140625,1919.949951171875,1918.4000244140625,1919.550048828125,11252,0.0,0.0
2025-03-11 11:15:00+05:30,1919.800048828125,1919.800048828125,1918.9000244140625,1919.199951171875,19558,0.0,0.0
2025-03-11 11:20:00+05:30,1919.199951171875,1919.949951171875,1919.199951171875,1919.300048828125,14583,0.0,0.0
2025-03-11 11:25:00+05:30,1919.300048828125,1920.0,1919.199951171875,1919.949951171875,30708,0.0,0.0
2025-03-11 11:30:00+05:30,1919.949951171875,1923.3499755859375,1919.800048828125,1922.5,29604,0.0,0.0
2025-03-11 11:35:00+05:30,1922.449951171875,1925.449951171875,1922.449951171875,1924.699951171875,19202,0.0,0.0
2025-03-11 11:40:00+05:30,1924.699951171875,1925.9000244140625,1924.699951171875,1925.9000244140625,18257,0.0,0.0
2025-03-11 11:45:00+05:30,1925.800048828125,1927.699951171875,1925.449951171875,1927.3499755859375,17033,0.0,0.0
2025-03-11 11:50:00+05:30,1927.4000244140625,1929.5999755859375,1927.3499755859375,1929.5999755859375,11549,0.0,0.0
2025-03-11 11:55:00+05:30,1929.449951171875,1929.6500244140625,1928.300048828125,1929.0999755859375,25909,0.0,0.0
2025-03-11 12:00:00+05:30,1929.050048828125,1929.25,1928.199951171875,1928.5999755859375,25534,0.0,0.0
2025-03-11 12:05:00+05:30,1928.5,1928.8499755859375,1926.550048828125,1927.75,12697,0.0,0.0
2025-03-11 12:10:00+05:30,1927.8499755859375,1927.9000244140625,1925.0,1925.5,14360,0.0,0.0
2025-03-11 12:15:00+05:30,1925.3499755859375,1927.0,1924.75,1926.949951171875,20711,0.0,0.0
2025-03-11 12:20:00+05:30,1926.949951171875,1929.0999755859375,1926.8499755859375,1928.9000244140625,31767,0.0,0.0
2025-03-11 12:25:00+05:30,1928.9000244140625,1931.550048828125,1928.800048828125,1931.550048828125,28759,0.0,0.0
2025-03-11 12:30:00+05:30,1931.5,1931.75,1929.1500244140625,1931.550048828125,20018,0.0,0.0
2025-03-11 12:35:00+05:30,1931.5999755859375,1931.949951171875,1931.300048828125,1931.9000244140625,18583,0.0,0.0
2025-03-11 12:40:00+05:30,1931.800048828125,1931.949951171875,1930.75,1930.75,22933,0.0,0.0
2025-03-11 12:45:00+05:30,1930.699951171875,1930.8499755859375,1929.0,1929.050048828125,21095,0.0,0.0
2025-03-11 12:50:00+05:30,1929.5,1930.199951171875,1929.199951171875,1929.75,19622,0.0,0.0
2025-03-11 12:55:00+05:30,1929.75,1929.8499755859375,1928.699951171875,1929.800048828125,19615,0.0,0.0
2025-03-11 13:00:00+05:30,1929.800048828125,1930.0,1928.3499755859375,1929.300048828125,22477,0.0,0.0
2025-03-11 13:05:00+05:30,1929.3499755859375,1929.3499755859375,1926.6500244140625,1927.449951171875,26593,0.0,0.0
2025-03-11 13:10:00+05:30,1927.449951171875,1929.800048828125,1927.449951171875,1929.800048828125,21272,0.0,0.0
2025-03-11 13:15:00+05:30,1929.75,1930.0,1928.6500244140625,1929.449951171875,25607,0.0,0.0
2025-03-11 13:20:00+05:30,1929.449951171875,1929.8499755859375,1928.949951171875,1929.3499755859375,20845,0.0,0.0
2025-03-11 13:25:00+05:30,1929.449951171875,1932.25,1928.5999755859375,1931.949951171875,39864,0.0,0.0
2025-03-11 13:30:00+05:30,1932.0,1933.75,1930.949951171875,1932.449951171875,50704,0.0,0.0
2025-03-11 13:35:00+05:30,1932.5,1935.1500244140625,1932.4000244140625,1935.0,41785,0.0,0.0
2025-03-11 13:40:00+05:30,1934.949951171875,1936.800048828125,1934.9000244140625,1935.0,37825,0.0,0.0
2025-03-11 13:45:00+05:30,1935.199951171875,1935.5,1934.25,1935.0,23226,0.0,0.0
2025-03-11 13:50:00+05:30,1935.050048828125,1937.0,1934.550048828125,1936.6500244140625,21480,0.0,0.0
2025-03-11 13:55:00+05:30,1936.6500244140625,1942.699951171875,1936.6500244140625,1940.050048828125,33613,0.0,0.0
2025-03-11 14:00:00+05:30,1940.949951171875,1941.4000244140625,1938.0,1940.949951171875,37683,0.0,0.0
2025-03-11 14:05:00+05:30,1941.0,1944.0,1940.699951171875,1941.3499755859375,35447,0.0,0.0
2025-03-11 14:10:00+05:30,1941.3499755859375,1943.0999755859375,1939.800048828125,1941.8499755859375,40588,0.0,0.0
2025-03-11 14:15:00+05:30,1941.699951171875,1942.0,1939.75,1940.5,26393,0.0,0.0
2025-03-11 14:20:00+05:30,1940.5,1941.800048828125,1939.0999755859375,1941.5,36301,0.0,0.0
2025-03-11 14:25:00+05:30,1941.5,1941.949951171875,1938.199951171875,1938.3499755859375,44123,0.0,0.0
2025-03-11 14:30:00+05:30,1938.3499755859375,1939.0999755859375,1935.800048828125,1938.699951171875,36446,0.0,0.0
2025-03-11 14:35:00+05:30,1938.6500244140625,1939.949951171875,1936.699951171875,1936.75,45152,0.0,0.0
2025-03-11 14:40:00+05:30,1936.699951171875,1937.0,1934.75,1937.0,28552,0.0,0.0
2025-03-11 14:45:00+05:30,1936.949951171875,1938.449951171875,1936.5,1936.5,39772,0.0,0.0
2025-03-11 14:50:00+05:30,1936.199951171875,1936.949951171875,1933.5,1933.5,40158,0.0,0.0
2025-03-11 14:55:00+05:30,1933.5,1935.75,1933.5,1934.949951171875,36284,0.0,0.0
2025-03-11 15:00:00+05:30,1934.949951171875,1936.8499755859375,1934.199951171875,1936.449951171875,110604,0.0,0.0
2025-03-11 15:05:00+05:30,1936.449951171875,1936.449951171875,1933.199951171875,1933.75,108367,0.0,0.0
2025-03-11 15:10:00+05:30,1933.75,1935.0,1931.9000244140625,1934.5999755859375,82292,0.0,0.0
2025-03-11 15:15:00+05:30,1934.5,1936.800048828125,1934.449951171875,1936.449951171875,97498,0.0,0.0
2025-03-11 15:20:00+05:30,1936.449951171875,1937.0,1935.0,1935.1500244140625,91418,0.0,0.0
2025-03-11 15:25:00+05:30,1935.1500244140625,1938.5999755859375,1934.0999755859375,1937.949951171875,67181,0.0,0.0
2025-03-12 09:15:00+05:30,1941.5999755859375,1956.1500244140625,1938.5,1949.800048828125,0,0.0,0.0
2025-03-12 09:20:00+05:30,1949.9000244140625,1961.800048828125,1948.0999755859375,1961.300048828125,125400,0.0,0.0
2025-03-12 09:25:00+05:30,1961.050048828125,1961.699951171875,1955.199951171875,1961.199951171875,99617,0.0,0.0
2025-03-12 09:30:00+05:30,1960.9000244140625,1966.699951171875,1959.5,1966.550048828125,159821,0.0,0.0
2025-03-12 09:35:00+05:30,1966.75,1969.9000244140625,1965.0,1965.949951171875,109692,0.0,0.0
2025-03-12 09:40:00+05:30,1965.9000244140625,1969.550048828125,1964.8499755859375,1967.3499755859375,78619,0.0,0.0
2025-03-12 09:45:00+05:30,1967.3499755859375,1970.199951171875,1965.0,1970.199951171875,72016,0.0,0.0
2025-03-12 09:50:00+05:30,1971.0999755859375,1974.3499755859375,1970.199951171875,1971.0999755859375,81496,0.0,0.0
2025-03-12 09:55:00+05:30,1971.300048828125,1976.1500244140625,1970.0,1974.800048828125,74434,0.0,0.0
2025-03-12 10:00:00+05:30,1973.199951171875,1974.4000244140625,1970.1500244140625,1971.8499755859375,50626,0.0,0.0
2025-03-12 10:05:00+05:30,1971.800048828125,1975.0,1970.0,1974.449951171875,41657,0.0,0.0
2025-03-12 10:10:00+05:30,1974.4000244140625,1979.199951171875,1973.050048828125,1977.5999755859375,75079,0.0,0.0
2025-03-12 10:15:00+05:30,1977.5999755859375,1982.75,1977.0,1981.050048828125,88816,0.0,0.0
2025-03-12 10:20:00+05:30,1981.1500244140625,1984.9000244140625,1979.0,1984.3499755859375,81346,0.0,0.0
2025-03-12 10:25:00+05:30,1984.300048828125,1985.199951171875,1979.949951171875,1983.0,168131,0.0,0.0
2025-03-12 10:30:00+05:30,1982.550048828125,1989.6500244140625,1981.550048828125,1989.5,197371,0.0,0.0
2025-03-12 10:35:00+05:30,1989.9000244140625,1994.25,1989.300048828125,1994.0999755859375,184150,0.0,0.0
2025-03-12 10:40:00+05:30,1993.8499755859375,1997.5,1993.8499755859375,1995.050048828125,184489,0.0,0.0
2025-03-12 10:45:00+05:30,1994.5999755859375,1996.449951171875,1986.1500244140625,1986.6500244140625,177537,0.0,0.0
2025-03-12 10:50:00+05:30,1986.699951171875,1989.300048828125,1984.75,1987.949951171875,123582,0.0,0.0
2025-03-12 10:55:00+05:30,1987.949951171875,1991.949951171875,1987.0,1989.75,80778,0.0,0.0
2025-03-12 11:00:00+05:30,1989.75,1990.199951171875,1988.5,1989.050048828125,51916,0.0,0.0
2025-03-12 11:05:00+05:30,1989.0999755859375,1992.699951171875,1989.0,1992.4000244140625,78165,0.0,0.0
2025-03-12 11:10:00+05:30,1992.5,1997.0,1992.4000244140625,1995.4000244140625,114160,0.0,0.0
2025-03-12 11:15:00+05:30,1995.0999755859375,1995.8499755859375,1990.1500244140625,1990.6500244140625,69089,0.0,0.0
2025-03-12 11:20:00+05:30,1990.5999755859375,1990.949951171875,1988.050048828125,1988.6500244140625,52458,0.0,0.0
2025-03-12 11:25:00+05:30,1988.699951171875,1989.050048828125,1985.5999755859375,1985.8499755859375,275854,0.0,0.0
2025-03-12 11:30:00+05:30,1985.9000244140625,1986.199951171875,1981.199951171875,1984.9000244140625,95947,0.0,0.0
2025-03-12 11:35:00+05:30,1984.5999755859375,1984.8499755859375,1978.0,1979.050048828125,86858,0.0,0.0
2025-03-12 11:40:00+05:30,1979.300048828125,1979.300048828125,1976.0999755859375,1977.800048828125,54932,0.0,0.0
2025-03-12 11:45:00+05:30,1977.5,1979.800048828125,1974.5999755859375,1974.5999755859375,86221,0.0,0.0
2025-03-12 11:50:00+05:30,1974.0,1977.550048828125,1973.550048828125,1977.0999755859375,36616,0.0,0.0
2025-03-12 11:55:00+05:30,1977.0999755859375,1979.050048828125,1973.449951171875,1974.199951171875,57385,0.0,0.0
2025-03-12 12:00:00+05:30,1974.25,1978.1500244140625,1974.050048828125,1976.8499755859375,240999,0.0,0.0
2025-03-12 12:05:00+05:30,1976.8499755859375,1982.800048828125,1976.800048828125,1981.199951171875,110842,0.0,0.0
2025-03-12 12:10:00+05:30,1981.550048828125,1983.949951171875,1981.050048828125,1983.949951171875,47966,0.0,0.0
2025-03-12 12:15:00+05:30,1983.949951171875,1984.0,1982.0,1982.5,57664,0.0,0.0
2025-03-12 12:20:00+05:30,1982.449951171875,1987.4000244140625,1981.9000244140625,1985.1500244140625,200103,0.0,0.0
2025-03-12 12:25:00+05:30,1985.1500244140625,1985.5999755859375,1981.3499755859375,1982.199951171875,60109,0.0,0.0
2025-03-12 12:30:00+05:30,1982.1500244140625,1983.6500244140625,1981.0,1981.949951171875,85999,0.0,0.0
2025-03-12 12:35:00+05:30,1981.949951171875,1983.0999755859375,1981.0,1981.0999755859375,47036,0.0,0.0
2025-03-12 12:40:00+05:30,1981.1500244140625,1981.75,1978.800048828125,1981.5999755859375,75836,0.0,0.0
2025-03-12 12:45:00+05:30,1981.5999755859375,1983.5,1980.3499755859375,1981.449951171875,53017,0.0,0.0
2025-03-12 12:50:00+05:30,1981.449951171875,1983.0,1981.050048828125,1983.0,34299,0.0,0.0
2025-03-12 12:55:00+05:30,1983.0,1983.6500244140625,1982.1500244140625,1982.550048828125,33384,0.0,0.0
2025-03-12 13:00:00+05:30,1982.5999755859375,1982.8499755859375,1980.699951171875,1982.6500244140625,33873,0.0,0.0
2025-03-12 13:05:00+05:30,1982.550048828125,1983.0,1981.300048828125,1982.6500244140625,44012,0.0,0.0
2025-03-12 13:10:00+05:30,1982.6500244140625,1982.9000244140625,1980.699951171875,1982.050048828125,39498,0.0,0.0
2025-03-12 13:15:00+05:30,1982.050048828125,1982.550048828125,1980.550048828125,1980.8499755859375,54219,0.0,0.0
2025-03-12 13:20:00+05:30,1980.9000244140625,1982.75,1979.9000244140625,1982.25,90582,0.0,0.0
2025-03-12 13:25:00+05:30,1982.5,1983.1500244140625,1980.0,1980.3499755859375,71623,0.0,0.0
2025-03-12 13:30:00+05:30,1980.3499755859375,1981.25,1979.5999755859375,1980.0999755859375,72644,0.0,0.0
2025-03-12 13:35:00+05:30,1980.0999755859375,1983.6500244140625,1979.25,1982.449951171875,91019,0.0,0.0
2025-03-12 13:40:00+05:30,1982.5999755859375,1984.199951171875,1982.0,1984.199951171875,118033,0.0,0.0
2025-03-12 13:45:00+05:30,1984.199951171875,1986.0,1983.5999755859375,1985.949951171875,57046,0.0,0.0
2025-03-12 13:50:00+05:30,1986.0,1986.949951171875,1982.550048828125,1983.449951171875,54858,0.0,0.0
2025-03-12 13:55:00+05:30,1983.449951171875,1985.050048828125,1983.0,1984.0999755859375,43624,0.0,0.0
2025-03-12 14:00:00+05:30,1984.0999755859375,1985.75,1984.050048828125,1984.449951171875,37235,0.0,0.0
2025-03-12 14:05:00+05:30,1985.0,1985.3499755859375,1982.9000244140625,1984.25,45148,0.0,0.0
2025-03-12 14:10:00+05:30,1984.25,1985.949951171875,1983.0999755859375,1984.050048828125,47034,0.0,0.0
2025-03-12 14:15:00+05:30,1984.0,1986.1500244140625,1982.6500244140625,1986.0,53025,0.0,0.0
2025-03-12 14:20:00+05:30,1986.0999755859375,1986.0999755859375,1982.5,1983.3499755859375,53084,0.0,0.0
2025-03-12 14:25:00+05:30,1983.449951171875,1984.0,1982.800048828125,1983.0999755859375,43592,0.0,0.0
2025-03-12 14:30:00+05:30,1983.1500244140625,1983.8499755859375,1981.4000244140625,1982.199951171875,52099,0.0,0.0
2025-03-12 14:35:00+05:30,1982.3499755859375,1984.300048828125,1982.1500244140625,1983.0999755859375,64404,0.0,0.0
2025-03-12 14:40:00+05:30,1983.0999755859375,1984.199951171875,1982.300048828125,1982.300048828125,54060,0.0,0.0
2025-03-12 14:45:00+05:30,1982.3499755859375,1984.5,1981.300048828125,1983.5999755859375,64603,0.0,0.0
2025-03-12 14:50:00+05:30,1983.6500244140625,1984.449951171875,1983.25,1983.5,51304,0.0,0.0
2025-03-12 14:55:00+05:30,1983.25,1983.949951171875,1982.75,1983.8499755859375,54870,0.0,0.0
2025-03-12 15:00:00+05:30,1983.8499755859375,1985.6500244140625,1981.050048828125,1982.0,122974,0.0,0.0
2025-03-12 15:05:00+05:30,1982.0,1983.5,1981.300048828125,1983.300048828125,111590,0.0,0.0
2025-03-12 15:10:00+05:30,1983.3499755859375,1983.6500244140625,1981.949951171875,1982.550048828125,122709,0.0,0.0
2025-03-12 15:15:00+05:30,1982.5999755859375,1983.1500244140625,1981.5,1982.5,160651,0.0,0.0
2025-03-12 15:20:00+05:30,1982.5,1983.0,1981.9000244140625,1982.5,135678,0.0,0.0
2025-03-12 15:25:00+05:30,1982.449951171875,1982.800048828125,1977.5,1982.550048828125,111508,0.0,0.0
2025-03-13 09:15:00+05:30,1975.3499755859375,1977.949951171875,1970.5999755859375,1977.949951171875,0,0.0,0.0
2025-03-13 09:20:00+05:30,1977.9000244140625,1983.199951171875,1977.9000244140625,1981.1500244140625,61439,0.0,0.0
2025-03-13 09:25:00+05:30,1981.4000244140625,1982.550048828125,1977.949951171875,1978.300048828125,55638,0.0,0.0
2025-03-13 09:30:00+05:30,1978.300048828125,1983.300048828125,1977.199951171875,1982.1500244140625,97954,0.0,0.0
2025-03-13 09:35:00+05:30,1981.1500244140625,1984.6500244140625,1981.1500244140625,1984.6500244140625,38368,0.0,0.0
2025-03-13 09:40:00+05:30,1984.3499755859375,1987.8499755859375,1984.3499755859375,1986.9000244140625,156629,0.0,0.0
2025-03-13 09:45:00+05:30,1987.0,1988.5,1986.75,1987.0,67717,0.0,0.0
2025-03-13 09:50:00+05:30,1987.0,1987.050048828125,1980.6500244140625,1983.0999755859375,81058,0.0,0.0
2025-03-13 09:55:00+05:30,1983.550048828125,1985.6500244140625,1983.0999755859375,1985.5,82549,0.0,0.0
2025-03-13 10:00:00+05:30,1985.5,1985.5,1982.300048828125,1983.800048828125,112422,0.0,0.0
2025-03-13 10:05:00+05:30,1983.5,1983.800048828125,1980.5999755859375,1983.550048828125,52109,0.0,0.0
2025-03-13 10:10:00+05:30,1983.8499755859375,1984.449951171875,1982.199951171875,1982.8499755859375,31552,0.0,0.0
2025-03-13 10:15:00+05:30,1983.25,1985.199951171875,1982.800048828125,1983.800048828125,19727,0.0,0.0
2025-03-13 10:20:00+05:30,1983.9000244140625,1985.0,1980.25,1980.300048828125,161947,0.0,0.0
2025-03-13 10:25:00+05:30,1979.949951171875,1980.300048828125,1973.0,1974.6500244140625,48833,0.0,0.0
2025-03-13 10:30:00+05:30,1974.5999755859375,1982.0,1974.550048828125,1979.949951171875,40551,0.0,0.0
2025-03-13 10:35:00+05:30,1978.300048828125,1982.0999755859375,1977.0,1981.3499755859375,27883,0.0,0.0
2025-03-13 10:40:00+05:30,1982.0,1984.25,1981.1500244140625,1983.0,41444,0.0,0.0
2025-03-13 10:45:00+05:30,1982.6500244140625,1984.25,1982.6500244140625,1982.9000244140625,41389,0.0,0.0
2025-03-13 10:50:00+05:30,1983.050048828125,1984.199951171875,1981.800048828125,1984.1500244140625,37253,0.0,0.0
2025-03-13 10:55:00+05:30,1984.199951171875,1985.25,1983.9000244140625,1985.050048828125,51890,0.0,0.0
2025-03-13 11:00:00+05:30,1984.4000244140625,1984.449951171875,1982.0,1982.5,38562,0.0,0.0
2025-03-13 11:05:00+05:30,1982.5,1984.800048828125,1982.1500244140625,1984.449951171875,23953,0.0,0.0
2025-03-13 11:10:00+05:30,1984.449951171875,1988.0,1984.449951171875,1987.300048828125,37840,0.0,0.0
2025-03-13 11:15:00+05:30,1987.300048828125,1988.1500244140625,1984.5,1985.1500244140625,75159,0.0,0.0
2025-03-13 11:20:00+05:30,1985.0999755859375,1985.0999755859375,1983.75,1984.550048828125,27146,0.0,0.0
2025-03-13 11:25:00+05:30,1984.550048828125,1984.5999755859375,1983.8499755859375,1983.9000244140625,27854,0.0,0.0
2025-03-13 11:30:00+05:30,1983.800048828125,1985.949951171875,1983.800048828125,1985.8499755859375,19366,0.0,0.0
2025-03-13 11:35:00+05:30,1985.949951171875,1985.949951171875,1982.949951171875,1982.949951171875,53042,0.0,0.0
2025-03-13 11:40:00+05:30,1982.5,1983.75,1981.1500244140625,1983.1500244140625,170226,0.0,0.0
2025-03-13 11:45:00+05:30,1983.1500244140625,1983.449951171875,1980.0999755859375,1980.3499755859375,54213,0.0,0.0
2025-03-13 11:50:00+05:30,1980.300048828125,1980.800048828125,1978.050048828125,1978.3499755859375,38218,0.0,0.0
2025-03-13 11:55:00+05:30,1978.300048828125,1982.5999755859375,1978.1500244140625,1981.949951171875,39826,0.0,0.0
2025-03-13 12:00:00+05:30,1982.050048828125,1985.050048828125,1981.25,1984.3499755859375,28450,0.0,0.0
2025-03-13 12:05:00+05:30,1984.550048828125,1985.800048828125,1983.4000244140625,1984.0,59572,0.0,0.0
2025-03-13 12:10:00+05:30,1984.0,1984.9000244140625,1983.6500244140625,1984.5,29306,0.0,0.0
2025-03-13 12:15:00+05:30,1984.5,1985.0,1983.300048828125,1984.0,32918,0.0,0.0
2025-03-13 12:20:00+05:30,1984.0,1984.0,1983.0,1983.5999755859375,24439,0.0,0.0
2025-03-13 12:25:00+05:30,1984.0,1984.5,1983.050048828125,1984.0,37485,0.0,0.0
2025-03-13 12:30:00+05:30,1984.0,1984.800048828125,1983.5999755859375,1983.699951171875,35844,0.0,0.0
2025-03-13 12:35:00+05:30,1983.5999755859375,1985.0,1983.050048828125,1984.5,33393,0.0,0.0
2025-03-13 12:40:00+05:30,1984.449951171875,1984.949951171875,1983.8499755859375,1984.800048828125,35713,0.0,0.0
2025-03-13 12:45:00+05:30,1984.800048828125,1985.800048828125,1983.300048828125,1983.75,36044,0.0,0.0
2025-03-13 12:50:00+05:30,1983.800048828125,1984.050048828125,1983.449951171875,1984.0,26628,0.0,0.0
2025-03-13 12:55:00+05:30,1983.9000244140625,1985.699951171875,1983.9000244140625,1984.449951171875,31142,0.0,0.0
2025-03-13 13:00:00+05:30,1984.449951171875,1985.1500244140625,1984.3499755859375,1984.6500244140625,31473,0.0,0.0
2025-03-13 13:05:00+05:30,1984.6500244140625,1984.800048828125,1983.1500244140625,1983.8499755859375,38887,0.0,0.0
2025-03-13 13:10:00+05:30,1983.75,1984.5,1983.3499755859375,1983.5999755859375,35052,0.0,0.0
2025-03-13 13:15:00+05:30,1983.5999755859375,1984.0,1983.1500244140625,1983.800048828125,39150,0.0,0.0
2025-03-13 13:20:00+05:30,1983.800048828125,1984.0,1983.3499755859375,1984.0,32577,0.0,0.0
2025-03-13 13:25:00+05:30,1983.949951171875,1985.0,1983.800048828125,1984.3499755859375,52236,0.0,0.0
2025-03-13 13:30:00+05:30,1984.3499755859375,1985.949951171875,1984.199951171875,1985.5999755859375,36894,0.0,0.0
2025-03-13 13:35:00+05:30,1985.5999755859375,1985.9000244140625,1984.5999755859375,1985.199951171875,34368,0.0,0.0
2025-03-13 13:40:00+05:30,1985.4000244140625,1985.949951171875,1985.199951171875,1985.5999755859375,42614,0.0,0.0
2025-03-13 13:45:00+05:30,1985.5999755859375,1987.449951171875,1985.5999755859375,1987.0,49388,0.0,0.0
2025-03-13 13:50:00+05:30,1987.0,1992.949951171875,1986.9000244140625,1991.949951171875,75768,0.0,0.0
2025-03-13 13:55:00+05:30,1991.949951171875,1993.25,1989.0999755859375,1989.4000244140625,103674,0.0,0.0
2025-03-13 14:00:00+05:30,1989.300048828125,1989.949951171875,1987.6500244140625,1987.75,56120,0.0,0.0
2025-03-13 14:05:00+05:30,1987.6500244140625,1991.0,1987.6500244140625,1990.699951171875,38355,0.0,0.0
2025-03-13 14:10:00+05:30,1990.5999755859375,1990.8499755859375,1988.0,1988.75,47149,0.0,0.0
2025-03-13 14:15:00+05:30,1988.75,1990.0,1987.8499755859375,1988.1500244140625,43652,0.0,0.0
2025-03-13 14:20:00+05:30,1988.1500244140625,1989.800048828125,1988.1500244140625,1989.0,42599,0.0,0.0
2025-03-13 14:25:00+05:30,1988.550048828125,1991.5,1988.199951171875,1990.199951171875,68448,0.0,0.0
2025-03-13 14:30:00+05:30,1990.1500244140625,1991.199951171875,1989.4000244140625,1989.4000244140625,76660,0.0,0.0
2025-03-13 14:35:00+05:30,1989.9000244140625,1991.3499755859375,1989.4000244140625,1990.5,111405,0.0,0.0
2025-03-13 14:40:00+05:30,1990.449951171875,1990.949951171875,1989.25,1989.949951171875,116256,0.0,0.0
2025-03-13 14:45:00+05:30,1990.0,1990.199951171875,1985.6500244140625,1986.300048828125,114108,0.0,0.0
2025-03-13 14:50:00+05:30,1986.300048828125,1987.449951171875,1985.75,1986.449951171875,90060,0.0,0.0
2025-03-13 14:55:00+05:30,1986.449951171875,1987.3499755859375,1986.0999755859375,1986.25,87045,0.0,0.0
2025-03-13 15:00:00+05:30,1986.199951171875,1986.25,1983.949951171875,1985.699951171875,167332,0.0,0.0
2025-03-13 15:05:00+05:30,1985.699951171875,1986.800048828125,1985.5999755859375,1986.4000244140625,110452,0.0,0.0
2025-03-13 15:10:00+05:30,1986.4000244140625,1986.75,1983.8499755859375,1984.0,193002,0.0,0.0
2025-03-13 15:15:00+05:30,1983.949951171875,1985.9000244140625,1983.949951171875,1985.800048828125,175733,0.0,0.0
2025-03-13 15:20:00+05:30,1985.800048828125,1987.050048828125,1984.5,1984.5999755859375,181503,0.0,0.0
2025-03-13 15:25:00+05:30,1984.5999755859375,1985.800048828125,1983.0,1984.0,164843,0.0,0.0
2025-03-17 09:15:00+05:30,1979.5,1982.0,1975.050048828125,1981.3499755859375,0,0.0,0.0
2025-03-17 09:20:00+05:30,1981.5,1985.8499755859375,1981.5,1984.0999755859375,73800,0.0,0.0
2025-03-17 09:25:00+05:30,1985.5,1987.4000244140625,1983.800048828125,1984.300048828125,46893,0.0,0.0
2025-03-17 09:30:00+05:30,1983.800048828125,1990.4000244140625,1983.800048828125,1987.5999755859375,49538,0.0,0.0
2025-03-17 09:35:00+05:30,1987.5999755859375,1993.0,1987.5999755859375,1990.75,55830,0.0,0.0
2025-03-17 09:40:00+05:30,1991.699951171875,1991.699951171875,1988.800048828125,1990.800048828125,36959,0.0,0.0
2025-03-17 09:45:00+05:30,1990.8499755859375,1993.550048828125,1990.550048828125,1993.0,31849,0.0,0.0
2025-03-17 09:50:00+05:30,1993.0999755859375,1995.25,1993.0999755859375,1994.0,39676,0.0,0.0
2025-03-17 09:55:00+05:30,1994.0,1996.0,1993.1500244140625,1995.75,46045,0.0,0.0
2025-03-17 10:00:00+05:30,1995.8499755859375,1996.949951171875,1995.0,1996.949951171875,29459,0.0,0.0
2025-03-17 10:05:00+05:30,1997.0,1998.5,1995.050048828125,1995.8499755859375,44461,0.0,0.0
2025-03-17 10:10:00+05:30,1995.800048828125,1996.449951171875,1992.949951171875,1993.75,36993,0.0,0.0
2025-03-17 10:15:00+05:30,1993.800048828125,1994.9000244140625,1991.949951171875,1994.4000244140625,27431,0.0,0.0
2025-03-17 10:20:00+05:30,1994.550048828125,1996.949951171875,1994.550048828125,1996.75,29099,0.0,0.0
2025-03-17 10:25:00+05:30,1996.75,1997.25,1994.4000244140625,1996.0,22196,0.0,0.0
2025-03-17 10:30:00+05:30,1995.550048828125,1995.6500244140625,1993.5,1993.800048828125,17412,0.0,0.0
2025-03-17 10:35:00+05:30,1993.800048828125,1994.800048828125,1993.300048828125,1993.300048828125,17363,0.0,0.0
2025-03-17 10:40:00+05:30,1992.9000244140625,1993.5999755859375,1991.550048828125,1992.0,27802,0.0,0.0
2025-03-17 10:45:00+05:30,1992.050048828125,1993.800048828125,1992.0,1992.699951171875,36154,0.0,0.0
2025-03-17 10:50:00+05:30,1992.699951171875,1993.199951171875,1990.550048828125,1991.800048828125,43330,0.0,0.0
2025-03-17 10:55:00+05:30,1991.75,1992.699951171875,1991.6500244140625,1992.0999755859375,15699,0.0,0.0
2025-03-17 11:00:00+05:30,1992.050048828125,1993.0,1992.050048828125,1992.5,15673,0.0,0.0
2025-03-17 11:05:00+05:30,1992.800048828125,1993.699951171875,1992.3499755859375,1993.5,14186,0.0,0.0
2025-03-17 11:10:00+05:30,1993.4000244140625,1993.5999755859375,1989.1500244140625,1989.949951171875,22379,0.0,0.0
2025-03-17 11:15:00+05:30,1990.0999755859375,1991.1500244140625,1989.449951171875,1990.3499755859375,20244,0.0,0.0
2025-03-17 11:20:00+05:30,1990.5,1991.449951171875,1989.800048828125,1991.199951171875,16798,0.0,0.0
2025-03-17 11:25:00+05:30,1991.300048828125,1992.0,1990.800048828125,1992.0,17232,0.0,0.0
2025-03-17 11:30:00+05:30,1991.949951171875,1992.550048828125,1991.0999755859375,1991.300048828125,21446,0.0,0.0
2025-03-17 11:35:00+05:30,1991.3499755859375,1993.9000244140625,1990.5,1993.3499755859375,18978,0.0,0.0
2025-03-17 11:40:00+05:30,1993.4000244140625,1994.0,1992.0,1992.5,20338,0.0,0.0
2025-03-17 11:45:00+05:30,1992.550048828125,1992.949951171875,1992.0,1992.449951171875,16049,0.0,0.0
2025-03-17 11:50:00+05:30,1992.449951171875,1992.699951171875,1990.949951171875,1991.449951171875,18789,0.0,0.0
2025-03-17 11:55:00+05:30,1991.5,1992.8499755859375,1990.25,1992.8499755859375,26346,0.0,0.0
2025-03-17 12:00:00+05:30,1992.8499755859375,1994.1500244140625,1992.1500244140625,1993.9000244140625,37260,0.0,0.0
2025-03-17 12:05:00+05:30,1994.0,1995.0,1993.800048828125,1993.800048828125,24335,0.0,0.0
2025-03-17 12:10:00+05:30,1993.8499755859375,1993.8499755859375,1992.25,1993.050048828125,18141,0.0,0.0
2025-03-17 12:15:00+05:30,1993.0999755859375,1993.3499755859375,1992.550048828125,1993.3499755859375,16659,0.0,0.0
2025-03-17 12:20:00+05:30,1993.4000244140625,1993.5,1991.300048828125,1991.699951171875,27161,0.0,0.0
2025-03-17 12:25:00+05:30,1991.75,1993.199951171875,1990.4000244140625,1992.9000244140625,28161,0.0,0.0
2025-03-17 12:30:00+05:30,1992.800048828125,1993.1500244140625,1992.5,1992.6500244140625,24507,0.0,0.0
2025-03-17 12:35:00+05:30,1992.75,1994.949951171875,1992.75,1994.9000244140625,20667,0.0,0.0
2025-03-17 12:40:00+05:30,1994.949951171875,1995.4000244140625,1994.5,1995.050048828125,41007,0.0,0.0
2025-03-17 12:45:00+05:30,1994.949951171875,1995.449951171875,1991.199951171875,1991.199951171875,34314,0.0,0.0
2025-03-17 12:50:00+05:30,1991.199951171875,1992.25,1990.4000244140625,1991.75,23218,0.0,0.0
2025-03-17 12:55:00+05:30,1991.6500244140625,1992.5,1991.0999755859375,1991.300048828125,22644,0.0,0.0
2025-03-17 13:00:00+05:30,1991.449951171875,1992.25,1988.800048828125,1989.6500244140625,29059,0.0,0.0
2025-03-17 13:05:00+05:30,1989.0,1989.8499755859375,1986.800048828125,1989.550048828125,34111,0.0,0.0
2025-03-17 13:10:00+05:30,1989.5999755859375,1992.0,1989.5,1991.949951171875,29955,0.0,0.0
2025-03-17 13:15:00+05:30,1991.9000244140625,1992.0,1990.0,1990.449951171875,29905,0.0,0.0
2025-03-17 13:20:00+05:30,1990.300048828125,1991.0,1989.6500244140625,1990.5,25003,0.0,0.0
2025-03-17 13:25:00+05:30,1990.6500244140625,1992.0,1990.550048828125,1991.9000244140625,40807,0.0,0.0
2025-03-17 13:30:00+05:30,1991.050048828125,1992.0,1990.5999755859375,1991.1500244140625,35269,0.0,0.0
2025-03-17 13:35:00+05:30,1991.050048828125,1991.25,1988.800048828125,1989.449951171875,27176,0.0,0.0
2025-03-17 13:40:00+05:30,1989.300048828125,1989.949951171875,1987.9000244140625,1989.949951171875,22771,0.0,0.0
2025-03-17 13:45:00+05:30,1989.9000244140625,1990.0,1987.949951171875,1988.4000244140625,31923,0.0,0.0
2025-03-17 13:50:00+05:30,1988.199951171875,1989.75,1986.550048828125,1988.449951171875,67875,0.0,0.0
2025-03-17 13:55:00+05:30,1988.4000244140625,1991.25,1988.0999755859375,1991.1500244140625,251345,0.0,0.0
2025-03-17 14:00:00+05:30,1990.6500244140625,1991.6500244140625,1989.9000244140625,1990.699951171875,38284,0.0,0.0
2025-03-17 14:05:00+05:30,1990.949951171875,1994.4000244140625,1989.9000244140625,1994.199951171875,40693,0.0,0.0
2025-03-17 14:10:00+05:30,1994.25,1995.0999755859375,1993.050048828125,1994.5,43937,0.0,0.0
2025-03-17 14:15:00+05:30,1994.5,1995.5,1994.25,1995.050048828125,36378,0.0,0.0
2025-03-17 14:20:00+05:30,1995.0999755859375,1995.3499755859375,1993.75,1995.0,40529,0.0,0.0
2025-03-17 14:25:00+05:30,1995.1500244140625,1995.1500244140625,1991.5,1993.300048828125,96132,0.0,0.0
2025-03-17 14:30:00+05:30,1993.449951171875,1994.949951171875,1992.449951171875,1993.949951171875,78957,0.0,0.0
2025-03-17 14:35:00+05:30,1994.1500244140625,1995.699951171875,1993.800048828125,1994.0,59029,0.0,0.0
2025-03-17 14:40:00+05:30,1994.050048828125,1994.4000244140625,1992.25,1993.800048828125,47249,0.0,0.0
2025-03-17 14:45:00+05:30,1993.800048828125,1993.800048828125,1991.0,1992.1500244140625,50945,0.0,0.0
2025-03-17 14:50:00+05:30,1992.1500244140625,1993.25,1991.800048828125,1992.199951171875,49785,0.0,0.0
2025-03-17 14:55:00+05:30,1992.300048828125,1992.949951171875,1991.9000244140625,1992.1500244140625,49187,0.0,0.0
2025-03-17 15:00:00+05:30,1992.050048828125,1992.550048828125,1991.199951171875,1991.3499755859375,88092,0.0,0.0
2025-03-17 15:05:00+05:30,1991.25,1991.949951171875,1991.0,1991.949951171875,61355,0.0,0.0
2025-03-17 15:10:00+05:30,1992.0,1994.0,1992.0,1993.800048828125,77126,0.0,0.0
2025-03-17 15:15:00+05:30,1993.75,1995.0,1992.949951171875,1995.0,85113,0.0,0.0
2025-03-17 15:20:00+05:30,1994.949951171875,1995.0999755859375,1992.800048828125,1993.75,96342,0.0,0.0
2025-03-17 15:25:00+05:30,1993.75,1993.8499755859375,1991.050048828125,1992.0,73950,0.0,0.0
2025-03-18 09:15:00+05:30,1999.9000244140625,2009.5999755859375,1993.0999755859375,2003.1500244140625,0,0.0,0.0
2025-03-18 09:20:00+05:30,2003.0999755859375,2004.5,1995.050048828125,1997.3499755859375,87459,0.0,0.0
2025-03-18 09:25:00+05:30,1996.25,1998.9000244140625,1995.050048828125,1995.300048828125,57055,0.0,0.0
2025-03-18 09:30:00+05:30,1994.199951171875,1997.199951171875,1992.6500244140625,1995.449951171875,48606,0.0,0.0
2025-03-18 09:35:00+05:30,1994.25,1998.800048828125,1994.25,1997.8499755859375,61327,0.0,0.0
2025-03-18 09:40:00+05:30,1997.8499755859375,2000.0,1993.75,1993.75,36663,0.0,0.0
2025-03-18 09:45:00+05:30,1991.9000244140625,1994.9000244140625,1988.5999755859375,1994.9000244140625,48668,0.0,0.0
2025-03-18 09:50:00+05:30,1995.8499755859375,1996.0,1992.8499755859375,1994.199951171875,34750,0.0,0.0
2025-03-18 09:55:00+05:30,1994.300048828125,1995.75,1990.800048828125,1995.4000244140625,26987,0.0,0.0
2025-03-18 10:00:00+05:30,1995.6500244140625,2002.5,1995.6500244140625,2001.5999755859375,70642,0.0,0.0
2025-03-18 10:05:00+05:30,2001.1500244140625,2005.6500244140625,1999.949951171875,2005.6500244140625,100188,0.0,0.0
2025-03-18 10:10:00+05:30,2005.6500244140625,2006.5999755859375,2002.1500244140625,2003.1500244140625,52330,0.0,0.0
2025-03-18 10:15:00+05:30,2004.050048828125,2006.199951171875,2003.5999755859375,2006.199951171875,37954,0.0,0.0
2025-03-18 10:20:00+05:30,2006.199951171875,2007.5,2006.0,2007.0999755859375,42786,0.0,0.0
2025-03-18 10:25:00+05:30,2007.5,2008.1500244140625,2006.199951171875,2008.1500244140625,41916,0.0,0.0
2025-03-18 10:30:00+05:30,2008.25,2009.0,2007.800048828125,2008.5,44481,0.0,0.0
2025-03-18 10:35:00+05:30,2008.550048828125,2008.550048828125,2005.550048828125,2008.0,35187,0.0,0.0
2025-03-18 10:40:00+05:30,2008.0,2011.949951171875,2007.300048828125,2011.5,108510,0.0,0.0
2025-03-18 10:45:00+05:30,2011.199951171875,2015.0,2010.0,2014.449951171875,67737,0.0,0.0
2025-03-18 10:50:00+05:30,2014.449951171875,2018.1500244140625,2014.050048828125,2016.0999755859375,124264,0.0,0.0
2025-03-18 10:55:00+05:30,2016.0,2017.3499755859375,2015.050048828125,2016.3499755859375,66528,0.0,0.0
2025-03-18 11:00:00+05:30,2016.9000244140625,2018.699951171875,2016.0999755859375,2018.3499755859375,66144,0.0,0.0
2025-03-18 11:05:00+05:30,2018.1500244140625,2018.1500244140625,2011.8499755859375,2013.6500244140625,38775,0.0,0.0
2025-03-18 11:10:00+05:30,2013.75,2014.0999755859375,2012.449951171875,2013.949951171875,42141,0.0,0.0
2025-03-18 11:15:00+05:30,2013.949951171875,2016.0,2013.9000244140625,2016.0,20291,0.0,0.0
2025-03-18 11:20:00+05:30,2015.949951171875,2015.949951171875,2015.050048828125,2015.699951171875,20086,0.0,0.0
2025-03-18 11:25:00+05:30,2015.6500244140625,2016.800048828125,2013.1500244140625,2016.300048828125,24242,0.0,0.0
2025-03-18 11:30:00+05:30,2016.550048828125,2017.5999755859375,2016.1500244140625,2017.3499755859375,28193,0.0,0.0
2025-03-18 11:35:00+05:30,2017.3499755859375,2017.8499755859375,2016.050048828125,2016.550048828125,24234,0.0,0.0
2025-03-18 11:40:00+05:30,2016.550048828125,2017.449951171875,2014.3499755859375,2015.449951171875,38680,0.0,0.0
2025-03-18 11:45:00+05:30,2015.050048828125,2017.4000244140625,2015.050048828125,2017.25,50980,0.0,0.0
2025-03-18 11:50:00+05:30,2016.800048828125,2017.949951171875,2016.449951171875,2017.0,32600,0.0,0.0
2025-03-18 11:55:00+05:30,2017.0,2018.0,2016.949951171875,2017.9000244140625,27239,0.0,0.0
2025-03-18 12:00:00+05:30,2017.800048828125,2019.5,2017.75,2019.300048828125,33710,0.0,0.0
2025-03-18 12:05:00+05:30,2019.300048828125,2021.949951171875,2018.199951171875,2021.949951171875,57756,0.0,0.0
2025-03-18 12:10:00+05:30,2021.5,2026.0,2021.4000244140625,2025.300048828125,102432,0.0,0.0
2025-03-18 12:15:00+05:30,2025.1500244140625,2026.449951171875,2023.6500244140625,2024.550048828125,62942,0.0,0.0
2025-03-18 12:20:00+05:30,2024.5999755859375,2028.25,2024.4000244140625,2027.949951171875,76420,0.0,0.0
2025-03-18 12:25:00+05:30,2028.0,2028.1500244140625,2024.5999755859375,2025.1500244140625,79398,0.0,0.0
2025-03-18 12:30:00+05:30,2024.800048828125,2026.300048828125,2022.4000244140625,2025.800048828125,289734,0.0,0.0
2025-03-18 12:35:00+05:30,2025.4000244140625,2026.5,2023.1500244140625,2023.6500244140625,136027,0.0,0.0
2025-03-18 12:40:00+05:30,2023.5999755859375,2025.25,2023.300048828125,2024.449951171875,95379,0.0,0.0
2025-03-18 12:45:00+05:30,2024.449951171875,2025.0,2023.5,2023.6500244140625,48343,0.0,0.0
2025-03-18 12:50:00+05:30,2023.6500244140625,2027.0,2023.6500244140625,2026.199951171875,35091,0.0,0.0
2025-03-18 12:55:00+05:30,2026.5999755859375,2026.5999755859375,2024.75,2026.5999755859375,45757,0.0,0.0
2025-03-18 13:00:00+05:30,2027.0,2027.0,2024.75,2025.0999755859375,26097,0.0,0.0
2025-03-18 13:05:00+05:30,2025.300048828125,2026.4000244140625,2024.5,2025.550048828125,32034,0.0,0.0
2025-03-18 13:10:00+05:30,2025.9000244140625,2026.4000244140625,2025.25,2026.0,18537,0.0,0.0
2025-03-18 13:15:00+05:30,2026.4000244140625,2027.0,2025.550048828125,2026.949951171875,28081,0.0,0.0
2025-03-18 13:20:00+05:30,2026.9000244140625,2027.25,2026.300048828125,2026.300048828125,78466,0.0,0.0
2025-03-18 13:25:00+05:30,2026.300048828125,2026.6500244140625,2024.800048828125,2025.550048828125,23119,0.0,0.0
2025-03-18 13:30:00+05:30,2025.550048828125,2027.0,2025.550048828125,2026.449951171875,25904,0.0,0.0
2025-03-18 13:35:00+05:30,2026.3499755859375,2028.5999755859375,2025.949951171875,2028.300048828125,33281,0.0,0.0
2025-03-18 13:40:00+05:30,2028.300048828125,2030.949951171875,2028.25,2030.8499755859375,81569,0.0,0.0
2025-03-18 13:45:00+05:30,2030.449951171875,2035.0,2029.550048828125,2032.800048828125,83267,0.0,0.0
2025-03-18 13:50:00+05:30,2033.3499755859375,2034.699951171875,2031.5999755859375,2033.6500244140625,42292,0.0,0.0
2025-03-18 13:55:00+05:30,2033.5,2034.6500244140625,2032.5,2033.3499755859375,32009,0.0,0.0
2025-03-18 14:00:00+05:30,2033.550048828125,2035.0,2032.25,2032.449951171875,29724,0.0,0.0
2025-03-18 14:05:00+05:30,2032.550048828125,2033.1500244140625,2031.449951171875,2031.9000244140625,33958,0.0,0.0
2025-03-18 14:10:00+05:30,2031.8499755859375,2034.300048828125,2031.75,2034.0999755859375,36136,0.0,0.0
2025-03-18 14:15:00+05:30,2034.0999755859375,2034.300048828125,2031.949951171875,2032.8499755859375,44917,0.0,0.0
2025-03-18 14:20:00+05:30,2032.6500244140625,2034.5,2032.300048828125,2033.800048828125,35482,0.0,0.0
2025-03-18 14:25:00+05:30,2034.0,2036.449951171875,2032.6500244140625,2036.4000244140625,79919,0.0,0.0
2025-03-18 14:30:00+05:30,2036.550048828125,2036.9000244140625,2033.800048828125,2034.9000244140625,78062,0.0,0.0
2025-03-18 14:35:00+05:30,2034.949951171875,2038.199951171875,2034.5,2038.199951171875,111370,0.0,0.0
2025-03-18 14:40:00+05:30,2038.3499755859375,2038.699951171875,2036.300048828125,2037.550048828125,116135,0.0,0.0
2025-03-18 14:45:00+05:30,2037.75,2038.0999755859375,2035.550048828125,2037.25,97096,0.0,0.0
2025-03-18 14:50:00+05:30,2037.800048828125,2037.9000244140625,2035.3499755859375,2035.699951171875,113480,0.0,0.0
2025-03-18 14:55:00+05:30,2035.6500244140625,2036.800048828125,2033.75,2035.5,208834,0.0,0.0
2025-03-18 15:00:00+05:30,2035.4000244140625,2035.800048828125,2030.199951171875,2030.4000244140625,155089,0.0,0.0
2025-03-18 15:05:00+05:30,2030.300048828125,2032.550048828125,2029.5,2032.0999755859375,141748,0.0,0.0
2025-03-18 15:10:00+05:30,2031.9000244140625,2034.050048828125,2030.6500244140625,2033.3499755859375,118822,0.0,0.0
2025-03-18 15:15:00+05:30,2033.3499755859375,2035.300048828125,2032.5999755859375,2035.1500244140625,227764,0.0,0.0
2025-03-18 15:20:00+05:30,2035.0999755859375,2037.5,2035.0999755859375,2035.5,156874,0.0,0.0
2025-03-18 15:25:00+05:30,2035.75,2036.75,2034.0,2034.0,190469,0.0,0.0
2025-03-19 09:15:00+05:30,2036.0,2046.1500244140625,2032.0999755859375,2042.4000244140625,0,0.0,0.0
2025-03-19 09:20:00+05:30,2042.25,2043.0,2036.050048828125,2036.5,52694,0.0,0.0
2025-03-19 09:25:00+05:30,2036.5,2041.8499755859375,2032.949951171875,2041.8499755859375,46559,0.0,0.0
2025-03-19 09:30:00+05:30,2041.75,2045.949951171875,2038.8499755859375,2044.199951171875,61215,0.0,0.0
2025-03-19 09:35:00+05:30,2044.199951171875,2044.300048828125,2038.199951171875,2038.699951171875,288544,0.0,0.0
2025-03-19 09:40:00+05:30,2038.9000244140625,2042.0,2038.9000244140625,2040.199951171875,45953,0.0,0.0
2025-03-19 09:45:00+05:30,2040.8499755859375,2041.449951171875,2039.3499755859375,2040.699951171875,49396,0.0,0.0
2025-03-19 09:50:00+05:30,2039.8499755859375,2044.5999755859375,2038.6500244140625,2043.550048828125,70583,0.0,0.0
2025-03-19 09:55:00+05:30,2043.199951171875,2046.9000244140625,2040.25,2046.800048828125,196048,0.0,0.0
2025-03-19 10:00:00+05:30,2046.9000244140625,2051.0,2044.1500244140625,2044.9000244140625,110836,0.0,0.0
2025-03-19 10:05:00+05:30,2044.800048828125,2048.0,2044.800048828125,2046.449951171875,49439,0.0,0.0
2025-03-19 10:10:00+05:30,2046.25,2046.5999755859375,2044.050048828125,2044.75,32467,0.0,0.0
2025-03-19 10:15:00+05:30,2044.199951171875,2046.550048828125,2042.1500244140625,2046.5,42568,0.0,0.0
2025-03-19 10:20:00+05:30,2046.5,2047.25,2046.4000244140625,2047.25,27390,0.0,0.0
2025-03-19 10:25:00+05:30,2047.25,2050.0,2046.75,2048.699951171875,37154,0.0,0.0
2025-03-19 10:30:00+05:30,2048.699951171875,2049.85009765625,2045.75,2047.3499755859375,326830,0.0,0.0
2025-03-19 10:35:00+05:30,2048.050048828125,2048.550048828125,2047.0,2048.0,32078,0.0,0.0
2025-03-19 10:40:00+05:30,2048.0,2049.0,2046.4000244140625,2046.75,65204,0.0,0.0
2025-03-19 10:45:00+05:30,2047.4000244140625,2047.550048828125,2043.0999755859375,2043.8499755859375,41076,0.0,0.0
2025-03-19 10:50:00+05:30,2043.800048828125,2044.699951171875,2038.9000244140625,2039.8499755859375,58240,0.0,0.0
2025-03-19 10:55:00+05:30,2040.1500244140625,2041.1500244140625,2038.8499755859375,2039.949951171875,26370,0.0,0.0
2025-03-19 11:00:00+05:30,2039.949951171875,2039.949951171875,2038.3499755859375,2038.5,29874,0.0,0.0
2025-03-19 11:05:00+05:30,2038.5,2038.5,2037.4000244140625,2038.300048828125,29952,0.0,0.0
2025-03-19 11:10:00+05:30,2038.300048828125,2038.6500244140625,2034.1500244140625,2034.949951171875,49665,0.0,0.0
2025-03-19 11:15:00+05:30,2034.949951171875,2036.050048828125,2033.5,2033.75,30210,0.0,0.0
2025-03-19 11:20:00+05:30,2033.6500244140625,2035.0,2033.449951171875,2034.1500244140625,16598,0.0,0.0
2025-03-19 11:25:00+05:30,2034.1500244140625,2035.0,2032.5,2035.0,52436,0.0,0.0
2025-03-19 11:30:00+05:30,2035.0,2035.0,2033.3499755859375,2034.949951171875,34369,0.0,0.0
2025-03-19 11:35:00+05:30,2034.949951171875,2034.949951171875,2031.25,2032.5,37450,0.0,0.0
2025-03-19 11:40:00+05:30,2032.550048828125,2034.8499755859375,2031.050048828125,2033.449951171875,69698,0.0,0.0
2025-03-19 11:45:00+05:30,2033.699951171875,2038.800048828125,2033.25,2037.699951171875,53207,0.0,0.0
2025-03-19 11:50:00+05:30,2037.699951171875,2037.699951171875,2032.449951171875,2033.449951171875,84015,0.0,0.0
2025-03-19 11:55:00+05:30,2033.449951171875,2033.449951171875,2030.699951171875,2032.8499755859375,32316,0.0,0.0
2025-03-19 12:00:00+05:30,2032.8499755859375,2033.199951171875,2029.050048828125,2030.3499755859375,39203,0.0,0.0
2025-03-19 12:05:00+05:30,2030.5,2031.9000244140625,2029.699951171875,2031.9000244140625,31928,0.0,0.0
2025-03-19 12:10:00+05:30,2031.75,2035.0,2031.75,2033.5999755859375,29725,0.0,0.0
2025-03-19 12:15:00+05:30,2033.6500244140625,2035.0,2032.949951171875,2033.5999755859375,34182,0.0,0.0
2025-03-19 12:20:00+05:30,2033.4000244140625,2034.0,2032.050048828125,2032.699951171875,36852,0.0,0.0
2025-03-19 12:25:00+05:30,2032.550048828125,2032.8499755859375,2029.699951171875,2030.0,64554,0.0,0.0
2025-03-19 12:30:00+05:30,2030.0,2030.0,2029.3499755859375,2029.5,30113,0.0,0.0
2025-03-19 12:35:00+05:30,2029.5,2030.25,2029.5,2030.0,28088,0.0,0.0
2025-03-19 12:40:00+05:30,2030.0,2030.0,2029.449951171875,2030.0,45229,0.0,0.0
2025-03-19 12:45:00+05:30,2030.0,2031.0,2029.75,2031.0,40792,0.0,0.0
2025-03-19 12:50:00+05:30,2030.0,2030.0,2029.75,2029.8499755859375,33191,0.0,0.0
2025-03-19 12:55:00+05:30,2029.8499755859375,2029.8499755859375,2027.5,2028.75,52337,0.0,0.0
2025-03-19 13:00:00+05:30,2028.75,2028.75,2024.6500244140625,2024.699951171875,29876,0.0,0.0
2025-03-19 13:05:00+05:30,2024.5,2024.5,2021.0,2021.5999755859375,41492,0.0,0.0
2025-03-19 13:10:00+05:30,2021.550048828125,2022.800048828125,2017.6500244140625,2018.0,140077,0.0,0.0
2025-03-19 13:15:00+05:30,2018.0,2020.0999755859375,2017.949951171875,2018.800048828125,55794,0.0,0.0
2025-03-19 13:20:00+05:30,2018.800048828125,2020.5,2018.1500244140625,2020.0,39105,0.0,0.0
2025-03-19 13:25:00+05:30,2020.0,2021.050048828125,2017.9000244140625,2019.550048828125,175957,0.0,0.0
2025-03-19 13:30:00+05:30,2019.550048828125,2021.0,2019.1500244140625,2021.0,41312,0.0,0.0
2025-03-19 13:35:00+05:30,2021.0,2022.1500244140625,2019.949951171875,2021.0999755859375,38813,0.0,0.0
2025-03-19 13:40:00+05:30,2021.0999755859375,2022.199951171875,2019.949951171875,2021.949951171875,34526,0.0,0.0
2025-03-19 13:45:00+05:30,2021.949951171875,2025.949951171875,2020.75,2024.550048828125,76883,0.0,0.0
2025-03-19 13:50:00+05:30,2024.550048828125,2024.550048828125,2020.3499755859375,2020.3499755859375,123895,0.0,0.0
2025-03-19 13:55:00+05:30,2020.300048828125,2021.550048828125,2018.699951171875,2020.5999755859375,96830,0.0,0.0
2025-03-19 14:00:00+05:30,2020.5999755859375,2021.0,2018.699951171875,2020.949951171875,54437,0.0,0.0
2025-03-19 14:05:00+05:30,2021.0,2022.5999755859375,2020.9000244140625,2022.550048828125,45951,0.0,0.0
2025-03-19 14:10:00+05:30,2022.1500244140625,2022.4000244140625,2019.8499755859375,2020.5999755859375,41429,0.0,0.0
2025-03-19 14:15:00+05:30,2019.8499755859375,2021.0,2019.5,2020.0,57630,0.0,0.0
2025-03-19 14:20:00+05:30,2020.0,2021.0,2019.8499755859375,2020.449951171875,35507,0.0,0.0
2025-03-19 14:25:00+05:30,2020.449951171875,2021.0,2019.9000244140625,2020.9000244140625,54821,0.0,0.0
2025-03-19 14:30:00+05:30,2020.9000244140625,2020.9000244140625,2019.699951171875,2019.8499755859375,36193,0.0,0.0
2025-03-19 14:35:00+05:30,2020.0,2024.800048828125,2019.949951171875,2024.1500244140625,51855,0.0,0.0
2025-03-19 14:40:00+05:30,2024.3499755859375,2024.800048828125,2024.1500244140625,2024.5999755859375,57999,0.0,0.0
2025-03-19 14:45:00+05:30,2024.5999755859375,2025.8499755859375,2024.0,2025.449951171875,51987,0.0,0.0
2025-03-19 14:50:00+05:30,2025.5,2026.8499755859375,2025.449951171875,2026.1500244140625,38210,0.0,0.0
2025-03-19 14:55:00+05:30,2026.1500244140625,2028.800048828125,2025.3499755859375,2028.550048828125,53629,0.0,0.0
2025-03-19 15:00:00+05:30,2028.300048828125,2028.300048828125,2024.0,2024.0,94894,0.0,0.0
2025-03-19 15:05:00+05:30,2024.0999755859375,2024.6500244140625,2022.3499755859375,2024.199951171875,92467,0.0,0.0
2025-03-19 15:10:00+05:30,2024.1500244140625,2026.5,2024.1500244140625,2026.4000244140625,75266,0.0,0.0
2025-03-19 15:15:00+05:30,2026.4000244140625,2026.5,2018.199951171875,2018.6500244140625,263862,0.0,0.0
2025-03-19 15:20:00+05:30,2018.6500244140625,2020.75,2018.5,2019.9000244140625,260567,0.0,0.0
2025-03-19 15:25:00+05:30,2019.6500244140625,2022.5,2018.6500244140625,2021.550048828125,174597,0.0,0.0
2025-03-20 09:15:00+05:30,2033.0,2033.1500244140625,2027.6500244140625,2027.6500244140625,0,0.0,0.0
2025-03-20 09:20:00+05:30,2028.5,2031.0,2025.300048828125,2029.199951171875,58039,0.0,0.0
2025-03-20 09:25:00+05:30,2029.699951171875,2032.699951171875,2029.0,2031.949951171875,25509,0.0,0.0
2025-03-20 09:30:00+05:30,2031.699951171875,2032.0999755859375,2023.3499755859375,2024.6500244140625,22530,0.0,0.0
2025-03-20 09:35:00+05:30,2024.5,2024.5,2020.5,2020.5,20797,0.0,0.0
2025-03-20 09:40:00+05:30,2020.5,2021.4000244140625,2016.5,2017.949951171875,99918,0.0,0.0
2025-03-20 09:45:00+05:30,2017.8499755859375,2019.25,2017.0999755859375,2017.3499755859375,46345,0.0,0.0
2025-03-20 09:50:00+05:30,2017.6500244140625,2025.699951171875,2017.550048828125,2025.699951171875,69946,0.0,0.0
2025-03-20 09:55:00+05:30,2026.199951171875,2028.949951171875,2025.8499755859375,2028.949951171875,18269,0.0,0.0
2025-03-20 10:00:00+05:30,2028.949951171875,2031.9000244140625,2027.75,2031.9000244140625,24345,0.0,0.0
2025-03-20 10:05:00+05:30,2031.9000244140625,2031.9000244140625,2026.3499755859375,2028.4000244140625,21581,0.0,0.0
2025-03-20 10:10:00+05:30,2028.4000244140625,2028.699951171875,2026.699951171875,2026.9000244140625,15326,0.0,0.0
2025-03-20 10:15:00+05:30,2026.9000244140625,2031.949951171875,2026.9000244140625,2031.699951171875,18042,0.0,0.0
2025-03-20 10:20:00+05:30,2031.8499755859375,2032.75,2031.0,2031.0,14248,0.0,0.0
2025-03-20 10:25:00+05:30,2031.8499755859375,2032.699951171875,2030.5,2031.25,21855,0.0,0.0
2025-03-20 10:30:00+05:30,2031.0,2032.199951171875,2030.5,2031.75,16092,0.0,0.0
2025-03-20 10:35:00+05:30,2031.699951171875,2031.8499755859375,2030.5,2030.800048828125,17355,0.0,0.0
2025-03-20 10:40:00+05:30,2031.25,2031.25,2028.0999755859375,2029.5,22568,0.0,0.0
2025-03-20 10:45:00+05:30,2029.25,2030.800048828125,2028.5,2029.8499755859375,25086,0.0,0.0
2025-03-20 10:50:00+05:30,2030.3499755859375,2033.0,2029.699951171875,2031.449951171875,18538,0.0,0.0
2025-03-20 10:55:00+05:30,2032.25,2033.449951171875,2032.1500244140625,2033.0,21342,0.0,0.0
2025-03-20 11:00:00+05:30,2033.75,2036.0,2033.4000244140625,2035.300048828125,44480,0.0,0.0
2025-03-20 11:05:00+05:30,2035.300048828125,2036.050048828125,2034.5999755859375,2036.050048828125,12587,0.0,0.0
2025-03-20 11:10:00+05:30,2036.050048828125,2038.550048828125,2036.0,2037.699951171875,27652,0.0,0.0
2025-03-20 11:15:00+05:30,2038.0,2038.8499755859375,2034.25,2034.550048828125,62296,0.0,0.0
2025-03-20 11:20:00+05:30,2034.699951171875,2035.0,2033.300048828125,2034.25,12129,0.0,0.0
2025-03-20 11:25:00+05:30,2034.25,2034.8499755859375,2032.5,2033.550048828125,13875,0.0,0.0
2025-03-20 11:30:00+05:30,2033.800048828125,2034.800048828125,2033.0999755859375,2033.1500244140625,14882,0.0,0.0
2025-03-20 11:35:00+05:30,2033.800048828125,2035.949951171875,2033.75,2035.0,15363,0.0,0.0
2025-03-20 11:40:00+05:30,2035.050048828125,2035.4000244140625,2033.9000244140625,2034.550048828125,14674,0.0,0.0
2025-03-20 11:45:00+05:30,2034.1500244140625,2034.9000244140625,2031.6500244140625,2031.949951171875,17890,0.0,0.0
2025-03-20 11:50:00+05:30,2032.199951171875,2034.3499755859375,2031.8499755859375,2033.050048828125,28391,0.0,0.0
2025-03-20 11:55:00+05:30,2032.5999755859375,2033.9000244140625,2030.25,2031.0999755859375,15653,0.0,0.0
2025-03-20 12:00:00+05:30,2031.4000244140625,2034.5,2031.3499755859375,2032.4000244140625,43032,0.0,0.0
2025-03-20 12:05:00+05:30,2032.050048828125,2033.949951171875,2031.5999755859375,2032.199951171875,22018,0.0,0.0
2025-03-20 12:10:00+05:30,2032.300048828125,2034.800048828125,2031.8499755859375,2034.4000244140625,17563,0.0,0.0
2025-03-20 12:15:00+05:30,2034.4000244140625,2034.9000244140625,2034.0,2034.449951171875,20103,0.0,0.0
2025-03-20 12:20:00+05:30,2034.300048828125,2034.5999755859375,2033.0,2034.300048828125,31773,0.0,0.0
2025-03-20 12:25:00+05:30,2034.300048828125,2036.6500244140625,2033.050048828125,2036.449951171875,30571,0.0,0.0
2025-03-20 12:30:00+05:30,2036.449951171875,2036.8499755859375,2034.949951171875,2035.75,15028,0.0,0.0
2025-03-20 12:35:00+05:30,2035.800048828125,2036.699951171875,2034.800048828125,2035.550048828125,26201,0.0,0.0
2025-03-20 12:40:00+05:30,2035.550048828125,2036.75,2034.949951171875,2035.550048828125,16876,0.0,0.0
2025-03-20 12:45:00+05:30,2035.550048828125,2036.300048828125,2035.300048828125,2036.0999755859375,27762,0.0,0.0
2025-03-20 12:50:00+05:30,2036.0999755859375,2036.699951171875,2034.5,2035.1500244140625,33966,0.0,0.0
2025-03-20 12:55:00+05:30,2035.1500244140625,2035.699951171875,2033.9000244140625,2034.550048828125,29442,0.0,0.0
2025-03-20 13:00:00+05:30,2034.550048828125,2034.5999755859375,2032.0999755859375,2032.550048828125,27216,0.0,0.0
2025-03-20 13:05:00+05:30,2032.699951171875,2034.0999755859375,2032.6500244140625,2033.3499755859375,25250,0.0,0.0
2025-03-20 13:10:00+05:30,2033.6500244140625,2036.0,2033.5999755859375,2035.300048828125,22605,0.0,0.0
2025-03-20 13:15:00+05:30,2035.050048828125,2036.5,2034.449951171875,2035.949951171875,25197,0.0,0.0
2025-03-20 13:20:00+05:30,2036.3499755859375,2038.0,2035.550048828125,2036.949951171875,27418,0.0,0.0
2025-03-20 13:25:00+05:30,2036.9000244140625,2037.4000244140625,2034.550048828125,2036.0,31182,0.0,0.0
2025-03-20 13:30:00+05:30,2036.0,2037.3499755859375,2035.4000244140625,2036.75,33447,0.0,0.0
2025-03-20 13:35:00+05:30,2036.550048828125,2038.199951171875,2035.5,2036.449951171875,66474,0.0,0.0
2025-03-20 13:40:00+05:30,2036.449951171875,2037.800048828125,2035.699951171875,2037.25,25307,0.0,0.0
2025-03-20 13:45:00+05:30,2037.5,2037.5,2036.0,2036.9000244140625,29041,0.0,0.0
2025-03-20 13:50:00+05:30,2036.699951171875,2038.199951171875,2036.25,2036.5999755859375,29830,0.0,0.0
2025-03-20 13:55:00+05:30,2037.0,2037.699951171875,2036.0999755859375,2037.300048828125,30981,0.0,0.0
2025-03-20 14:00:00+05:30,2037.300048828125,2038.0999755859375,2037.0,2037.5999755859375,28555,0.0,0.0
2025-03-20 14:05:00+05:30,2037.5999755859375,2038.0,2034.0999755859375,2034.449951171875,34237,0.0,0.0
2025-03-20 14:10:00+05:30,2034.449951171875,2036.75,2034.300048828125,2035.9000244140625,23592,0.0,0.0
2025-03-20 14:15:00+05:30,2036.1500244140625,2037.6500244140625,2035.800048828125,2037.0,36796,0.0,0.0
2025-03-20 14:20:00+05:30,2037.0,2038.050048828125,2036.0,2037.800048828125,40462,0.0,0.0
2025-03-20 14:25:00+05:30,2037.949951171875,2038.0,2036.550048828125,2036.699951171875,36802,0.0,0.0
2025-03-20 14:30:00+05:30,2037.199951171875,2037.6500244140625,2035.6500244140625,2036.1500244140625,38830,0.0,0.0
2025-03-20 14:35:00+05:30,2036.1500244140625,2037.5,2035.699951171875,2036.0999755859375,50914,0.0,0.0
2025-03-20 14:40:00+05:30,2036.1500244140625,2038.199951171875,2035.5999755859375,2036.199951171875,54427,0.0,0.0
2025-03-20 14:45:00+05:30,2036.1500244140625,2037.050048828125,2035.0999755859375,2036.6500244140625,57542,0.0,0.0
2025-03-20 14:50:00+05:30,2036.550048828125,2038.3499755859375,2035.75,2038.199951171875,65452,0.0,0.0
2025-03-20 14:55:00+05:30,2038.4000244140625,2038.5,2036.199951171875,2037.449951171875,65508,0.0,0.0
2025-03-20 15:00:00+05:30,2037.449951171875,2037.449951171875,2035.3499755859375,2035.3499755859375,70009,0.0,0.0
2025-03-20 15:05:00+05:30,2035.3499755859375,2037.0,2035.300048828125,2035.800048828125,69681,0.0,0.0
2025-03-20 15:10:00+05:30,2035.800048828125,2036.5,2035.300048828125,2035.8499755859375,82985,0.0,0.0
2025-03-20 15:15:00+05:30,2035.800048828125,2036.5999755859375,2035.3499755859375,2036.5,109281,0.0,0.0
2025-03-20 15:20:00+05:30,2036.1500244140625,2036.3499755859375,2033.800048828125,2034.9000244140625,101640,0.0,0.0
2025-03-20 15:25:00+05:30,2034.9000244140625,2034.9000244140625,2030.050048828125,2033.0,68222,0.0,0.0
2025-03-21 09:15:00+05:30,2038.949951171875,2044.0,2035.0,2044.0,0,0.0,0.0
2025-03-21 09:20:00+05:30,2045.0,2048.10009765625,2042.5,2047.949951171875,103757,0.0,0.0
2025-03-21 09:25:00+05:30,2048.800048828125,2054.10009765625,2047.9000244140625,2050.60009765625,95686,0.0,0.0
2025-03-21 09:30:00+05:30,2050.5,2057.0,2049.89990234375,2057.0,118325,0.0,0.0
2025-03-21 09:35:00+05:30,2056.39990234375,2060.75,2055.39990234375,2060.35009765625,115441,0.0,0.0
2025-03-21 09:40:00+05:30,2060.39990234375,2063.300048828125,2058.050048828125,2063.0,120240,0.0,0.0
2025-03-21 09:45:00+05:30,2063.10009765625,2063.14990234375,2059.800048828125,2059.89990234375,54349,0.0,0.0
2025-03-21 09:50:00+05:30,2059.89990234375,2060.64990234375,2057.75,2058.64990234375,109872,0.0,0.0
2025-03-21 09:55:00+05:30,2057.949951171875,2058.35009765625,2056.550048828125,2057.14990234375,28691,0.0,0.0
2025-03-21 10:00:00+05:30,2056.75,2057.5,2054.050048828125,2056.449951171875,53353,0.0,0.0
2025-03-21 10:05:00+05:30,2057.0,2061.199951171875,2056.60009765625,2060.64990234375,65508,0.0,0.0
2025-03-21 10:10:00+05:30,2061.0,2061.550048828125,2059.5,2060.89990234375,60675,0.0,0.0
2025-03-21 10:15:00+05:30,2060.75,2061.10009765625,2059.5,2060.39990234375,54171,0.0,0.0
2025-03-21 10:20:00+05:30,2060.39990234375,2061.35009765625,2059.449951171875,2059.800048828125,62505,0.0,0.0
2025-03-21 10:25:00+05:30,2059.75,2067.0,2059.64990234375,2066.89990234375,95191,0.0,0.0
2025-03-21 10:30:00+05:30,2067.5,2067.5,2063.0,2063.0,58411,0.0,0.0
2025-03-21 10:35:00+05:30,2063.75,2065.35009765625,2061.0,2065.14990234375,40507,0.0,0.0
2025-03-21 10:40:00+05:30,2065.300048828125,2066.699951171875,2064.64990234375,2064.89990234375,53531,0.0,0.0
2025-03-21 10:45:00+05:30,2065.10009765625,2069.10009765625,2064.39990234375,2068.449951171875,65615,0.0,0.0
2025-03-21 10:50:00+05:30,2068.5,2070.89990234375,2066.949951171875,2070.10009765625,116800,0.0,0.0
2025-03-21 10:55:00+05:30,2070.14990234375,2074.5,2069.39990234375,2074.39990234375,109918,0.0,0.0
2025-03-21 11:00:00+05:30,2074.5,2078.10009765625,2074.050048828125,2075.85009765625,111425,0.0,0.0
2025-03-21 11:05:00+05:30,2075.14990234375,2079.300048828125,2075.0,2078.85009765625,85578,0.0,0.0
2025-03-21 11:10:00+05:30,2078.64990234375,2082.199951171875,2076.10009765625,2079.89990234375,123619,0.0,0.0
2025-03-21 11:15:00+05:30,2079.89990234375,2081.449951171875,2078.14990234375,2081.449951171875,69976,0.0,0.0
2025-03-21 11:20:00+05:30,2081.0,2084.0,2080.10009765625,2080.75,58135,0.0,0.0
2025-03-21 11:25:00+05:30,2080.949951171875,2081.5,2078.39990234375,2079.0,57061,0.0,0.0
2025-03-21 11:30:00+05:30,2078.5,2081.5,2078.300048828125,2080.800048828125,33330,0.0,0.0
2025-03-21 11:35:00+05:30,2080.550048828125,2081.300048828125,2078.75,2080.0,56946,0.0,0.0
2025-03-21 11:40:00+05:30,2080.10009765625,2081.0,2078.10009765625,2079.0,42064,0.0,0.0
2025-03-21 11:45:00+05:30,2079.449951171875,2079.64990234375,2077.199951171875,2078.5,56171,0.0,0.0
2025-03-21 11:50:00+05:30,2078.5,2080.60009765625,2077.85009765625,2080.550048828125,42225,0.0,0.0
2025-03-21 11:55:00+05:30,2080.39990234375,2084.25,2080.199951171875,2082.0,150403,0.0,0.0
2025-03-21 12:00:00+05:30,2082.0,2082.300048828125,2081.0,2081.85009765625,29465,0.0,0.0
2025-03-21 12:05:00+05:30,2081.949951171875,2081.949951171875,2080.449951171875,2080.89990234375,43713,0.0,0.0
2025-03-21 12:10:00+05:30,2080.699951171875,2081.5,2078.050048828125,2078.800048828125,36193,0.0,0.0
2025-03-21 12:15:00+05:30,2078.699951171875,2079.75,2075.85009765625,2078.050048828125,50936,0.0,0.0
2025-03-21 12:20:00+05:30,2078.050048828125,2082.35009765625,2078.050048828125,2080.949951171875,104620,0.0,0.0
2025-03-21 12:25:00+05:30,2081.0,2083.0,2080.39990234375,2081.25,42700,0.0,0.0
2025-03-21 12:30:00+05:30,2081.300048828125,2082.550048828125,2079.89990234375,2081.35009765625,54207,0.0,0.0
2025-03-21 12:35:00+05:30,2081.300048828125,2083.5,2080.699951171875,2083.25,70830,0.0,0.0
2025-03-21 12:40:00+05:30,2082.89990234375,2084.0,2081.300048828125,2081.85009765625,109244,0.0,0.0
2025-03-21 12:45:00+05:30,2081.949951171875,2082.35009765625,2080.550048828125,2081.39990234375,32648,0.0,0.0
2025-03-21 12:50:00+05:30,2081.199951171875,2082.35009765625,2080.75,2081.89990234375,46918,0.0,0.0
2025-03-21 12:55:00+05:30,2081.89990234375,2082.5,2080.60009765625,2080.85009765625,57040,0.0,0.0
2025-03-21 13:00:00+05:30,2081.25,2082.35009765625,2080.5,2081.0,49017,0.0,0.0
2025-03-21 13:05:00+05:30,2081.14990234375,2081.14990234375,2078.14990234375,2078.60009765625,39326,0.0,0.0
2025-03-21 13:10:00+05:30,2078.550048828125,2078.64990234375,2076.39990234375,2076.550048828125,46450,0.0,0.0
2025-03-21 13:15:00+05:30,2076.550048828125,2076.550048828125,2075.0,2075.60009765625,51618,0.0,0.0
2025-03-21 13:20:00+05:30,2075.449951171875,2076.949951171875,2075.14990234375,2076.050048828125,34619,0.0,0.0
2025-03-21 13:25:00+05:30,2076.10009765625,2078.60009765625,2075.39990234375,2076.39990234375,55495,0.0,0.0
2025-03-21 13:30:00+05:30,2076.449951171875,2076.699951171875,2073.699951171875,2074.35009765625,60667,0.0,0.0
2025-03-21 13:35:00+05:30,2074.60009765625,2075.85009765625,2073.800048828125,2075.10009765625,49696,0.0,0.0
2025-03-21 13:40:00+05:30,2075.0,2076.5,2073.5,2073.89990234375,156066,0.0,0.0
2025-03-21 13:45:00+05:30,2073.949951171875,2074.050048828125,2070.300048828125,2071.800048828125,99261,0.0,0.0
2025-03-21 13:50:00+05:30,2071.39990234375,2072.10009765625,2069.75,2070.800048828125,90384,0.0,0.0
2025-03-21 13:55:00+05:30,2070.85009765625,2072.75,2070.0,2072.60009765625,76710,0.0,0.0
2025-03-21 14:00:00+05:30,2072.60009765625,2074.85009765625,2072.5,2074.449951171875,72033,0.0,0.0
2025-03-21 14:05:00+05:30,2074.14990234375,2075.800048828125,2073.550048828125,2075.14990234375,69579,0.0,0.0
2025-03-21 14:10:00+05:30,2075.14990234375,2076.75,2072.949951171875,2073.699951171875,58771,0.0,0.0
2025-03-21 14:15:00+05:30,2073.550048828125,2075.699951171875,2073.25,2075.60009765625,54878,0.0,0.0
2025-03-21 14:20:00+05:30,2075.35009765625,2076.0,2073.89990234375,2075.25,39100,0.0,0.0
2025-03-21 14:25:00+05:30,2075.35009765625,2077.75,2075.0,2077.449951171875,96019,0.0,0.0
2025-03-21 14:30:00+05:30,2077.39990234375,2077.39990234375,2071.75,2073.0,115873,0.0,0.0
2025-03-21 14:35:00+05:30,2073.0,2073.75,2073.0,2073.050048828125,72539,0.0,0.0
2025-03-21 14:40:00+05:30,2073.050048828125,2073.10009765625,2070.550048828125,2071.25,64829,0.0,0.0
2025-03-21 14:45:00+05:30,2070.699951171875,2073.25,2070.199951171875,2072.14990234375,86189,0.0,0.0
2025-03-21 14:50:00+05:30,2072.0,2073.949951171875,2072.0,2072.89990234375,90313,0.0,0.0
2025-03-21 14:55:00+05:30,2072.89990234375,2073.14990234375,2070.5,2070.64990234375,56558,0.0,0.0
2025-03-21 15:00:00+05:30,2071.10009765625,2082.0,2068.35009765625,2078.0,2658485,0.0,0.0
2025-03-21 15:05:00+05:30,2077.10009765625,2077.5,2071.0,2074.199951171875,2272172,0.0,0.0
2025-03-21 15:10:00+05:30,2073.199951171875,2086.050048828125,2073.199951171875,2077.699951171875,2350039,0.0,0.0
2025-03-21 15:15:00+05:30,2077.699951171875,2083.199951171875,2073.25,2081.85009765625,2345747,0.0,0.0
2025-03-21 15:20:00+05:30,2081.60009765625,2084.75,2078.89990234375,2082.050048828125,2244961,0.0,0.0
2025-03-21 15:25:00+05:30,2081.35009765625,2088.0,2072.0,2073.949951171875,2034786,0.0,0.0
2025-03-24 09:15:00+05:30,2099.39990234375,2117.85009765625,2092.449951171875,2115.0,0,0.0,0.0
2025-03-24 09:20:00+05:30,2115.5,2127.75,2114.75,2127.0,128756,0.0,0.0
2025-03-24 09:25:00+05:30,2127.300048828125,2132.60009765625,2124.14990234375,2128.39990234375,168578,0.0,0.0
2025-03-24 09:30:00+05:30,2128.39990234375,2130.0,2126.0,2126.0,92680,0.0,0.0
2025-03-24 09:35:00+05:30,2126.10009765625,2129.35009765625,2125.949951171875,2126.699951171875,81544,0.0,0.0
2025-03-24 09:40:00+05:30,2126.699951171875,2134.25,2126.699951171875,2134.25,105996,0.0,0.0
2025-03-24 09:45:00+05:30,2134.39990234375,2140.5,2134.0,2139.449951171875,114156,0.0,0.0
2025-03-24 09:50:00+05:30,2139.449951171875,2139.60009765625,2136.60009765625,2138.949951171875,50016,0.0,0.0
2025-03-24 09:55:00+05:30,2138.949951171875,2145.60009765625,2138.949951171875,2142.550048828125,110167,0.0,0.0
2025-03-24 10:00:00+05:30,2142.60009765625,2144.75,2140.75,2141.300048828125,68373,0.0,0.0
2025-03-24 10:05:00+05:30,2140.85009765625,2146.85009765625,2140.300048828125,2143.550048828125,82908,0.0,0.0
2025-03-24 10:10:00+05:30,2143.14990234375,2144.800048828125,2140.5,2144.800048828125,72740,0.0,0.0
2025-03-24 10:15:00+05:30,2144.800048828125,2149.300048828125,2144.5,2149.300048828125,119283,0.0,0.0
2025-03-24 10:20:00+05:30,2149.199951171875,2149.800048828125,2145.0,2146.60009765625,97721,0.0,0.0
2025-03-24 10:25:00+05:30,2146.550048828125,2151.449951171875,2146.300048828125,2150.89990234375,84002,0.0,0.0
2025-03-24 10:30:00+05:30,2150.75,2151.0,2150.35009765625,2150.800048828125,29451,0.0,0.0
2025-03-24 10:35:00+05:30,2150.699951171875,2156.60009765625,2150.64990234375,2154.0,102133,0.0,0.0
2025-03-24 10:40:00+05:30,2153.5,2156.0,2153.0,2153.0,52688,0.0,0.0
2025-03-24 10:45:00+05:30,2153.0,2154.949951171875,2153.0,2154.199951171875,34474,0.0,0.0
2025-03-24 10:50:00+05:30,2154.949951171875,2159.25,2154.699951171875,2157.949951171875,188433,0.0,0.0
2025-03-24 10:55:00+05:30,2157.449951171875,2162.0,2157.10009765625,2161.14990234375,118334,0.0,0.0
2025-03-24 11:00:00+05:30,2161.199951171875,2162.75,2159.699951171875,2162.5,79279,0.0,0.0
2025-03-24 11:05:00+05:30,2162.25,2162.699951171875,2158.550048828125,2160.85009765625,116074,0.0,0.0
2025-03-24 11:10:00+05:30,2160.550048828125,2164.10009765625,2159.949951171875,2163.0,80778,0.0,0.0
2025-03-24 11:15:00+05:30,2163.0,2163.199951171875,2160.300048828125,2162.14990234375,348609,0.0,0.0
2025-03-24 11:20:00+05:30,2162.10009765625,2168.60009765625,2161.949951171875,2168.550048828125,93763,0.0,0.0
2025-03-24 11:25:00+05:30,2168.550048828125,2172.5,2167.949951171875,2170.89990234375,123544,0.0,0.0
2025-03-24 11:30:00+05:30,2171.10009765625,2174.0,2170.300048828125,2171.60009765625,93853,0.0,0.0
2025-03-24 11:35:00+05:30,2171.949951171875,2173.0,2168.75,2169.050048828125,84350,0.0,0.0
2025-03-24 11:40:00+05:30,2168.800048828125,2173.0,2168.800048828125,2172.0,80000,0.0,0.0
2025-03-24 11:45:00+05:30,2171.85009765625,2176.10009765625,2170.85009765625,2175.0,89554,0.0,0.0
2025-03-24 11:50:00+05:30,2175.0,2175.050048828125,2172.0,2172.699951171875,63948,0.0,0.0
2025-03-24 11:55:00+05:30,2172.699951171875,2177.800048828125,2172.0,2177.699951171875,87336,0.0,0.0
2025-03-24 12:00:00+05:30,2177.85009765625,2181.0,2176.60009765625,2179.14990234375,111418,0.0,0.0
2025-03-24 12:05:00+05:30,2179.10009765625,2180.0,2176.14990234375,2179.64990234375,59638,0.0,0.0
2025-03-24 12:10:00+05:30,2179.5,2181.949951171875,2179.39990234375,2179.949951171875,84338,0.0,0.0
2025-03-24 12:15:00+05:30,2180.5,2184.25,2178.050048828125,2178.85009765625,146419,0.0,0.0
2025-03-24 12:20:00+05:30,2178.800048828125,2179.35009765625,2171.35009765625,2172.550048828125,118856,0.0,0.0
2025-03-24 12:25:00+05:30,2172.550048828125,2174.0,2171.0,2172.5,78989,0.0,0.0
2025-03-24 12:30:00+05:30,2172.5,2173.14990234375,2170.25,2170.25,75548,0.0,0.0
2025-03-24 12:35:00+05:30,2170.5,2172.89990234375,2168.699951171875,2170.60009765625,85150,0.0,0.0
2025-03-24 12:40:00+05:30,2170.75,2174.0,2170.0,2173.89990234375,83420,0.0,0.0
2025-03-24 12:45:00+05:30,2173.89990234375,2174.85009765625,2173.0,2173.800048828125,81928,0.0,0.0
2025-03-24 12:50:00+05:30,2173.85009765625,2173.85009765625,2169.300048828125,2170.0,67340,0.0,0.0
2025-03-24 12:55:00+05:30,2169.949951171875,2173.0,2167.800048828125,2172.35009765625,81542,0.0,0.0
2025-03-24 13:00:00+05:30,2172.300048828125,2174.699951171875,2171.949951171875,2174.39990234375,67850,0.0,0.0
2025-03-24 13:05:00+05:30,2174.0,2177.699951171875,2173.89990234375,2175.550048828125,108715,0.0,0.0
2025-03-24 13:10:00+05:30,2176.0,2178.0,2175.449951171875,2177.949951171875,101072,0.0,0.0
2025-03-24 13:15:00+05:30,2177.14990234375,2177.699951171875,2175.35009765625,2176.199951171875,186977,0.0,0.0
2025-03-24 13:20:00+05:30,2176.39990234375,2178.39990234375,2174.449951171875,2175.0,88160,0.0,0.0
2025-03-24 13:25:00+05:30,2175.0,2177.10009765625,2174.0,2174.60009765625,121606,0.0,0.0
2025-03-24 13:30:00+05:30,2174.60009765625,2174.60009765625,2169.949951171875,2170.10009765625,74178,0.0,0.0
2025-03-24 13:35:00+05:30,2170.050048828125,2170.25,2168.39990234375,2168.949951171875,60810,0.0,0.0
2025-03-24 13:40:00+05:30,2169.0,2175.89990234375,2168.949951171875,2170.800048828125,391462,0.0,0.0
2025-03-24 13:45:00+05:30,2170.800048828125,2172.85009765625,2168.0,2170.60009765625,335163,0.0,0.0
2025-03-24 13:50:00+05:30,2170.60009765625,2175.0,2170.449951171875,2173.35009765625,192946,0.0,0.0
2025-03-24 13:55:00+05:30,2173.550048828125,2174.75,2172.0,2174.699951171875,64429,0.0,0.0
2025-03-24 14:00:00+05:30,2174.699951171875,2176.85009765625,2173.5,2173.800048828125,231129,0.0,0.0
2025-03-24 14:05:00+05:30,2173.800048828125,2174.199951171875,2170.050048828125,2171.39990234375,57498,0.0,0.0
2025-03-24 14:10:00+05:30,2171.199951171875,2174.949951171875,2170.5,2174.5,51359,0.0,0.0
2025-03-24 14:15:00+05:30,2174.60009765625,2175.35009765625,2172.75,2174.85009765625,51394,0.0,0.0
2025-03-24 14:20:00+05:30,2174.60009765625,2176.39990234375,2173.699951171875,2176.14990234375,57042,0.0,0.0
2025-03-24 14:25:00+05:30,2176.14990234375,2179.300048828125,2176.14990234375,2176.60009765625,75340,0.0,0.0
2025-03-24 14:30:00+05:30,2176.550048828125,2178.35009765625,2174.550048828125,2175.5,97235,0.0,0.0
2025-03-24 14:35:00+05:30,2175.449951171875,2181.449951171875,2174.699951171875,2178.85009765625,109422,0.0,0.0
2025-03-24 14:40:00+05:30,2178.85009765625,2180.449951171875,2176.050048828125,2176.60009765625,90982,0.0,0.0
2025-03-24 14:45:00+05:30,2176.699951171875,2176.699951171875,2173.25,2174.60009765625,90761,0.0,0.0
2025-03-24 14:50:00+05:30,2174.64990234375,2177.39990234375,2174.39990234375,2177.0,99681,0.0,0.0
2025-03-24 14:55:00+05:30,2177.050048828125,2178.050048828125,2175.75,2177.550048828125,120725,0.0,0.0
2025-03-24 15:00:00+05:30,2177.5,2177.60009765625,2171.75,2174.449951171875,124109,0.0,0.0
2025-03-24 15:05:00+05:30,2174.300048828125,2175.10009765625,2173.0,2173.199951171875,125510,0.0,0.0
2025-03-24 15:10:00+05:30,2173.25,2175.0,2173.0,2174.39990234375,119518,0.0,0.0
2025-03-24 15:15:00+05:30,2174.550048828125,2178.10009765625,2174.550048828125,2177.10009765625,227135,0.0,0.0
2025-03-24 15:20:00+05:30,2177.14990234375,2178.60009765625,2176.64990234375,2177.949951171875,199283,0.0,0.0
2025-03-24 15:25:00+05:30,2177.949951171875,2180.0,2175.449951171875,2176.14990234375,121061,0.0,0.0
2025-03-25 09:15:00+05:30,2178.35009765625,2189.14990234375,2176.699951171875,2188.64990234375,0,0.0,0.0
2025-03-25 09:20:00+05:30,2188.64990234375,2189.550048828125,2181.949951171875,2183.050048828125,143558,0.0,0.0
2025-03-25 09:25:00+05:30,2183.050048828125,2189.39990234375,2181.949951171875,2189.050048828125,189613,0.0,0.0
2025-03-25 09:30:00+05:30,2189.14990234375,2200.0,2189.14990234375,2199.39990234375,151345,0.0,0.0
2025-03-25 09:35:00+05:30,2199.64990234375,2199.64990234375,2192.85009765625,2195.0,211793,0.0,0.0
2025-03-25 09:40:00+05:30,2196.0,2197.0,2190.10009765625,2191.949951171875,392175,0.0,0.0
2025-03-25 09:45:00+05:30,2191.300048828125,2194.75,2187.60009765625,2194.5,108023,0.0,0.0
2025-03-25 09:50:00+05:30,2194.10009765625,2200.10009765625,2193.5,2198.800048828125,166975,0.0,0.0
2025-03-25 09:55:00+05:30,2199.75,2202.0,2198.0,2199.64990234375,108517,0.0,0.0
2025-03-25 10:00:00+05:30,2200.0,2200.0,2195.800048828125,2199.0,284748,0.0,0.0
2025-03-25 10:05:00+05:30,2199.0,2199.85009765625,2195.5,2195.949951171875,1100121,0.0,0.0
2025-03-25 10:10:00+05:30,2195.0,2195.0,2189.39990234375,2192.14990234375,84815,0.0,0.0
2025-03-25 10:15:00+05:30,2191.39990234375,2193.050048828125,2187.14990234375,2189.949951171875,169686,0.0,0.0
2025-03-25 10:20:00+05:30,2190.0,2195.60009765625,2189.949951171875,2194.10009765625,89609,0.0,0.0
2025-03-25 10:25:00+05:30,2194.050048828125,2195.64990234375,2193.0,2193.300048828125,34517,0.0,0.0
2025-03-25 10:30:00+05:30,2193.60009765625,2194.85009765625,2190.800048828125,2192.0,47407,0.0,0.0
2025-03-25 10:35:00+05:30,2191.949951171875,2193.10009765625,2182.10009765625,2184.10009765625,94363,0.0,0.0
2025-03-25 10:40:00+05:30,2183.800048828125,2190.0,2183.449951171875,2187.0,60624,0.0,0.0
2025-03-25 10:45:00+05:30,2187.89990234375,2188.10009765625,2184.64990234375,2185.25,48483,0.0,0.0
2025-03-25 10:50:00+05:30,2185.25,2188.89990234375,2183.89990234375,2187.39990234375,70586,0.0,0.0
2025-03-25 10:55:00+05:30,2187.39990234375,2187.800048828125,2183.199951171875,2187.10009765625,74236,0.0,0.0
2025-03-25 11:00:00+05:30,2186.300048828125,2187.35009765625,2184.89990234375,2186.64990234375,36313,0.0,0.0
2025-03-25 11:05:00+05:30,2187.949951171875,2188.0,2184.5,2185.050048828125,52100,0.0,0.0
2025-03-25 11:10:00+05:30,2185.60009765625,2189.35009765625,2185.0,2188.89990234375,38824,0.0,0.0
2025-03-25 11:15:00+05:30,2189.199951171875,2192.449951171875,2188.39990234375,2191.39990234375,43667,0.0,0.0
2025-03-25 11:20:00+05:30,2191.39990234375,2191.800048828125,2187.699951171875,2188.64990234375,36755,0.0,0.0
2025-03-25 11:25:00+05:30,2188.5,2189.14990234375,2185.0,2187.199951171875,35178,0.0,0.0
2025-03-25 11:30:00+05:30,2187.89990234375,2189.75,2184.64990234375,2189.75,39949,0.0,0.0
2025-03-25 11:35:00+05:30,2189.050048828125,2189.949951171875,2186.85009765625,2187.5,42059,0.0,0.0
2025-03-25 11:40:00+05:30,2187.5,2187.949951171875,2183.949951171875,2185.300048828125,35599,0.0,0.0
2025-03-25 11:45:00+05:30,2185.25,2186.949951171875,2184.35009765625,2185.699951171875,30204,0.0,0.0
2025-03-25 11:50:00+05:30,2186.0,2189.5,2185.10009765625,2189.5,33605,0.0,0.0
2025-03-25 11:55:00+05:30,2189.5,2190.10009765625,2188.60009765625,2190.10009765625,34020,0.0,0.0
2025-03-25 12:00:00+05:30,2191.14990234375,2192.25,2188.39990234375,2189.39990234375,45318,0.0,0.0
2025-03-25 12:05:00+05:30,2189.39990234375,2189.39990234375,2188.050048828125,2188.050048828125,35771,0.0,0.0
2025-03-25 12:10:00+05:30,2187.85009765625,2188.85009765625,2186.0,2188.35009765625,40029,0.0,0.0
2025-03-25 12:15:00+05:30,2187.89990234375,2189.39990234375,2186.699951171875,2188.39990234375,35755,0.0,0.0
2025-03-25 12:20:00+05:30,2188.550048828125,2190.0,2186.949951171875,2189.699951171875,62083,0.0,0.0
2025-03-25 12:25:00+05:30,2189.699951171875,2191.39990234375,2188.050048828125,2191.300048828125,39605,0.0,0.0
2025-03-25 12:30:00+05:30,2191.300048828125,2192.199951171875,2190.89990234375,2191.550048828125,39513,0.0,0.0
2025-03-25 12:35:00+05:30,2191.550048828125,2194.60009765625,2191.35009765625,2194.25,51102,0.0,0.0
2025-03-25 12:40:00+05:30,2194.39990234375,2194.39990234375,2189.0,2191.5,60140,0.0,0.0
2025-03-25 12:45:00+05:30,2191.5,2192.75,2190.75,2191.85009765625,29028,0.0,0.0
2025-03-25 12:50:00+05:30,2191.949951171875,2192.300048828125,2190.550048828125,2192.300048828125,32072,0.0,0.0
2025-03-25 12:55:00+05:30,2192.300048828125,2193.0,2190.60009765625,2193.0,39084,0.0,0.0
2025-03-25 13:00:00+05:30,2193.0,2193.0,2190.35009765625,2190.449951171875,37370,0.0,0.0
2025-03-25 13:05:00+05:30,2190.14990234375,2192.449951171875,2189.550048828125,2190.300048828125,26098,0.0,0.0
2025-03-25 13:10:00+05:30,2190.39990234375,2192.14990234375,2190.14990234375,2191.75,32929,0.0,0.0
2025-03-25 13:15:00+05:30,2191.75,2191.75,2187.14990234375,2188.10009765625,74427,0.0,0.0
2025-03-25 13:20:00+05:30,2188.14990234375,2189.949951171875,2185.949951171875,2188.800048828125,39038,0.0,0.0
2025-03-25 13:25:00+05:30,2188.800048828125,2189.75,2185.14990234375,2185.949951171875,38329,0.0,0.0
2025-03-25 13:30:00+05:30,2185.949951171875,2187.0,2185.050048828125,2186.39990234375,45005,0.0,0.0
2025-03-25 13:35:00+05:30,2185.699951171875,2186.85009765625,2183.550048828125,2185.0,97757,0.0,0.0
2025-03-25 13:40:00+05:30,2185.0,2185.0,2182.39990234375,2184.14990234375,58873,0.0,0.0
2025-03-25 13:45:00+05:30,2184.10009765625,2185.0,2181.10009765625,2183.5,63702,0.0,0.0
2025-03-25 13:50:00+05:30,2185.0,2186.39990234375,2180.75,2182.10009765625,64165,0.0,0.0
2025-03-25 13:55:00+05:30,2181.75,2183.449951171875,2181.550048828125,2181.64990234375,70672,0.0,0.0
2025-03-25 14:00:00+05:30,2182.0,2183.0,2180.89990234375,2182.35009765625,37670,0.0,0.0
2025-03-25 14:05:00+05:30,2181.949951171875,2185.0,2181.75,2183.800048828125,43168,0.0,0.0
2025-03-25 14:10:00+05:30,2183.800048828125,2184.550048828125,2181.75,2182.5,44519,0.0,0.0
2025-03-25 14:15:00+05:30,2182.550048828125,2183.0,2180.449951171875,2180.85009765625,25662,0.0,0.0
2025-03-25 14:20:00+05:30,2181.199951171875,2181.85009765625,2175.550048828125,2176.0,73247,0.0,0.0
2025-03-25 14:25:00+05:30,2176.0,2178.60009765625,2172.0,2172.10009765625,91878,0.0,0.0
2025-03-25 14:30:00+05:30,2172.10009765625,2175.10009765625,2172.10009765625,2174.89990234375,60576,0.0,0.0
2025-03-25 14:35:00+05:30,2175.0,2176.25,2172.85009765625,2175.449951171875,77696,0.0,0.0
2025-03-25 14:40:00+05:30,2175.35009765625,2179.39990234375,2172.449951171875,2172.699951171875,90018,0.0,0.0
2025-03-25 14:45:00+05:30,2172.85009765625,2173.949951171875,2170.35009765625,2172.800048828125,60500,0.0,0.0
2025-03-25 14:50:00+05:30,2173.10009765625,2174.25,2171.199951171875,2173.25,69592,0.0,0.0
2025-03-25 14:55:00+05:30,2173.14990234375,2178.14990234375,2172.0,2172.300048828125,118299,0.0,0.0
2025-03-25 15:00:00+05:30,2172.25,2175.0,2172.25,2174.0,223129,0.0,0.0
2025-03-25 15:05:00+05:30,2174.050048828125,2174.949951171875,2171.300048828125,2172.85009765625,182580,0.0,0.0
2025-03-25 15:10:00+05:30,2172.85009765625,2173.25,2167.949951171875,2169.300048828125,177081,0.0,0.0
2025-03-25 15:15:00+05:30,2169.199951171875,2170.0,2166.64990234375,2169.89990234375,191834,0.0,0.0
2025-03-25 15:20:00+05:30,2169.949951171875,2170.0,2165.85009765625,2166.050048828125,129252,0.0,0.0
2025-03-25 15:25:00+05:30,2166.5,2167.0,2160.300048828125,2166.85009765625,204105,0.0,0.0
2025-03-26 09:15:00+05:30,2174.300048828125,2174.300048828125,2160.64990234375,2166.449951171875,0,0.0,0.0
2025-03-26 09:20:00+05:30,2166.10009765625,2172.64990234375,2164.550048828125,2168.35009765625,83298,0.0,0.0
2025-03-26 09:25:00+05:30,2168.300048828125,2170.75,2160.050048828125,2161.050048828125,46181,0.0,0.0
2025-03-26 09:30:00+05:30,2160.89990234375,2166.550048828125,2154.89990234375,2166.35009765625,60355,0.0,0.0
2025-03-26 09:35:00+05:30,2166.199951171875,2167.800048828125,2163.800048828125,2166.64990234375,31503,0.0,0.0
2025-03-26 09:40:00+05:30,2166.300048828125,2168.550048828125,2163.89990234375,2163.89990234375,38340,0.0,0.0
2025-03-26 09:45:00+05:30,2163.25,2166.64990234375,2159.64990234375,2165.14990234375,28480,0.0,0.0
2025-03-26 09:50:00+05:30,2165.050048828125,2165.449951171875,2160.199951171875,2160.300048828125,26561,0.0,0.0
2025-03-26 09:55:00+05:30,2160.60009765625,2162.699951171875,2159.75,2162.050048828125,18538,0.0,0.0
2025-03-26 10:00:00+05:30,2161.89990234375,2162.0,2157.10009765625,2159.300048828125,30459,0.0,0.0
2025-03-26 10:05:00+05:30,2158.800048828125,2158.800048828125,2154.85009765625,2158.14990234375,24696,0.0,0.0
2025-03-26 10:10:00+05:30,2158.14990234375,2158.35009765625,2154.0,2155.449951171875,28219,0.0,0.0
2025-03-26 10:15:00+05:30,2155.0,2155.5,2152.199951171875,2154.25,32695,0.0,0.0
2025-03-26 10:20:00+05:30,2154.199951171875,2154.39990234375,2148.0,2148.75,41395,0.0,0.0
2025-03-26 10:25:00+05:30,2148.75,2150.0,2147.699951171875,2149.10009765625,27083,0.0,0.0
2025-03-26 10:30:00+05:30,2148.800048828125,2157.14990234375,2148.550048828125,2157.14990234375,24349,0.0,0.0
2025-03-26 10:35:00+05:30,2155.89990234375,2159.89990234375,2151.050048828125,2151.050048828125,35050,0.0,0.0
2025-03-26 10:40:00+05:30,2151.5,2154.39990234375,2150.949951171875,2153.25,19672,0.0,0.0
2025-03-26 10:45:00+05:30,2153.699951171875,2157.89990234375,2153.300048828125,2156.89990234375,18764,0.0,0.0
2025-03-26 10:50:00+05:30,2156.199951171875,2158.949951171875,2155.75,2158.14990234375,18594,0.0,0.0
2025-03-26 10:55:00+05:30,2157.25,2159.0,2154.699951171875,2157.050048828125,16528,0.0,0.0
2025-03-26 11:00:00+05:30,2157.5,2157.949951171875,2150.550048828125,2152.35009765625,21413,0.0,0.0
2025-03-26 11:05:00+05:30,2152.35009765625,2155.449951171875,2151.699951171875,2154.5,13493,0.0,0.0
2025-03-26 11:10:00+05:30,2154.449951171875,2156.0,2153.050048828125,2155.300048828125,15695,0.0,0.0
2025-03-26 11:15:00+05:30,2155.300048828125,2156.550048828125,2153.85009765625,2154.10009765625,21238,0.0,0.0
2025-03-26 11:20:00+05:30,2154.050048828125,2154.550048828125,2152.64990234375,2153.89990234375,16576,0.0,0.0
2025-03-26 11:25:00+05:30,2153.85009765625,2154.949951171875,2152.550048828125,2154.699951171875,13083,0.0,0.0
2025-03-26 11:30:00+05:30,2155.60009765625,2155.60009765625,2148.10009765625,2149.64990234375,44597,0.0,0.0
2025-03-26 11:35:00+05:30,2149.60009765625,2151.89990234375,2149.14990234375,2150.5,14570,0.0,0.0
2025-03-26 11:40:00+05:30,2150.39990234375,2150.39990234375,2147.35009765625,2149.10009765625,18693,0.0,0.0
2025-03-26 11:45:00+05:30,2149.0,2149.199951171875,2148.449951171875,2149.199951171875,11852,0.0,0.0
2025-03-26 11:50:00+05:30,2149.199951171875,2150.0,2148.10009765625,2149.550048828125,12214,0.0,0.0
2025-03-26 11:55:00+05:30,2149.699951171875,2149.699951171875,2142.5,2142.699951171875,21407,0.0,0.0
2025-03-26 12:00:00+05:30,2142.64990234375,2144.550048828125,2141.449951171875,2142.10009765625,16757,0.0,0.0
2025-03-26 12:05:00+05:30,2142.10009765625,2143.10009765625,2140.25,2141.39990234375,22349,0.0,0.0
2025-03-26 12:10:00+05:30,2141.75,2143.050048828125,2140.14990234375,2143.050048828125,17712,0.0,0.0
2025-03-26 12:15:00+05:30,2142.449951171875,2143.64990234375,2141.0,2141.199951171875,17720,0.0,0.0
2025-03-26 12:20:00+05:30,2141.199951171875,2141.949951171875,2138.699951171875,2141.050048828125,26695,0.0,0.0
2025-03-26 12:25:00+05:30,2140.64990234375,2142.0,2140.35009765625,2141.800048828125,20736,0.0,0.0
2025-03-26 12:30:00+05:30,2141.699951171875,2142.5,2140.75,2141.89990234375,21484,0.0,0.0
2025-03-26 12:35:00+05:30,2141.85009765625,2143.14990234375,2141.64990234375,2143.0,14556,0.0,0.0
2025-03-26 12:40:00+05:30,2142.5,2142.5,2140.10009765625,2142.050048828125,19715,0.0,0.0
2025-03-26 12:45:00+05:30,2142.050048828125,2145.60009765625,2141.25,2144.5,19935,0.0,0.0
2025-03-26 12:50:00+05:30,2144.949951171875,2145.0,2142.10009765625,2142.550048828125,17605,0.0,0.0
2025-03-26 12:55:00+05:30,2141.699951171875,2142.14990234375,2140.050048828125,2141.199951171875,17332,0.0,0.0
2025-03-26 13:00:00+05:30,2141.050048828125,2141.25,2137.0,2137.550048828125,25860,0.0,0.0
2025-03-26 13:05:00+05:30,2137.5,2137.699951171875,2133.199951171875,2133.25,36778,0.0,0.0
2025-03-26 13:10:00+05:30,2133.25,2135.89990234375,2132.0,2134.60009765625,32477,0.0,0.0
2025-03-26 13:15:00+05:30,2134.64990234375,2135.10009765625,2130.0,2132.14990234375,35900,0.0,0.0
2025-03-26 13:20:00+05:30,2132.14990234375,2133.949951171875,2130.39990234375,2132.85009765625,35262,0.0,0.0
2025-03-26 13:25:00+05:30,2133.0,2134.10009765625,2132.199951171875,2132.5,31290,0.0,0.0
2025-03-26 13:30:00+05:30,2132.5,2133.300048828125,2130.199951171875,2130.300048828125,30158,0.0,0.0
2025-03-26 13:35:00+05:30,2130.35009765625,2133.800048828125,2130.199951171875,2132.050048828125,32693,0.0,0.0
2025-03-26 13:40:00+05:30,2132.10009765625,2133.300048828125,2130.14990234375,2131.35009765625,55881,0.0,0.0
2025-03-26 13:45:00+05:30,2131.25,2132.5,2130.25,2130.39990234375,28517,0.0,0.0
2025-03-26 13:50:00+05:30,2130.35009765625,2133.10009765625,2130.300048828125,2132.5,33174,0.0,0.0
2025-03-26 13:55:00+05:30,2132.300048828125,2133.0,2131.449951171875,2132.64990234375,26751,0.0,0.0
2025-03-26 14:00:00+05:30,2132.699951171875,2136.64990234375,2132.699951171875,2136.10009765625,38955,0.0,0.0
2025-03-26 14:05:00+05:30,2136.10009765625,2139.300048828125,2135.75,2136.300048828125,42431,0.0,0.0
2025-03-26 14:10:00+05:30,2136.89990234375,2137.949951171875,2135.300048828125,2136.050048828125,37247,0.0,0.0
2025-03-26 14:15:00+05:30,2136.050048828125,2137.64990234375,2135.949951171875,2136.14990234375,30767,0.0,0.0
2025-03-26 14:20:00+05:30,2135.5,2136.300048828125,2134.75,2136.0,30960,0.0,0.0
2025-03-26 14:25:00+05:30,2136.64990234375,2138.10009765625,2135.0,2136.64990234375,31488,0.0,0.0
2025-03-26 14:30:00+05:30,2136.75,2136.75,2132.699951171875,2133.60009765625,30615,0.0,0.0
2025-03-26 14:35:00+05:30,2133.64990234375,2133.64990234375,2131.949951171875,2131.949951171875,36418,0.0,0.0
2025-03-26 14:40:00+05:30,2132.0,2134.25,2131.60009765625,2132.300048828125,37502,0.0,0.0
2025-03-26 14:45:00+05:30,2132.199951171875,2135.0,2131.75,2133.300048828125,46421,0.0,0.0
2025-03-26 14:50:00+05:30,2133.300048828125,2136.949951171875,2133.300048828125,2133.5,49568,0.0,0.0
2025-03-26 14:55:00+05:30,2133.699951171875,2134.35009765625,2130.0,2133.85009765625,51678,0.0,0.0
2025-03-26 15:00:00+05:30,2133.699951171875,2142.550048828125,2133.5,2142.449951171875,148396,0.0,0.0
2025-03-26 15:05:00+05:30,2142.449951171875,2142.60009765625,2138.0,2142.550048828125,120598,0.0,0.0
2025-03-26 15:10:00+05:30,2142.449951171875,2147.85009765625,2142.300048828125,2147.85009765625,115815,0.0,0.0
2025-03-26 15:15:00+05:30,2148.0,2149.5,2144.89990234375,2146.550048828125,210450,0.0,0.0
2025-03-26 15:20:00+05:30,2146.800048828125,2149.64990234375,2146.800048828125,2147.85009765625,160609,0.0,0.0
2025-03-26 15:25:00+05:30,2147.75,2150.0,2143.050048828125,2144.89990234375,131809,0.0,0.0
2025-03-27 09:15:00+05:30,2144.800048828125,2144.800048828125,2128.199951171875,2134.800048828125,0,0.0,0.0
2025-03-27 09:20:00+05:30,2139.75,2143.550048828125,2134.050048828125,2143.449951171875,121337,0.0,0.0
2025-03-27 09:25:00+05:30,2143.449951171875,2144.550048828125,2138.85009765625,2143.0,51635,0.0,0.0
2025-03-27 09:30:00+05:30,2142.949951171875,2147.35009765625,2142.60009765625,2146.25,58524,0.0,0.0
2025-03-27 09:35:00+05:30,2146.199951171875,2146.75,2138.89990234375,2139.199951171875,25806,0.0,0.0
2025-03-27 09:40:00+05:30,2140.0,2142.64990234375,2139.85009765625,2141.449951171875,26524,0.0,0.0
2025-03-27 09:45:00+05:30,2143.60009765625,2150.0,2142.5,2149.89990234375,40991,0.0,0.0
2025-03-27 09:50:00+05:30,2149.89990234375,2151.199951171875,2147.25,2147.550048828125,37481,0.0,0.0
2025-03-27 09:55:00+05:30,2148.0,2148.0,2144.300048828125,2147.449951171875,31994,0.0,0.0
2025-03-27 10:00:00+05:30,2147.550048828125,2148.199951171875,2143.60009765625,2144.5,50398,0.0,0.0
2025-03-27 10:05:00+05:30,2144.449951171875,2146.5,2143.25,2144.949951171875,43520,0.0,0.0
2025-03-27 10:10:00+05:30,2144.949951171875,2147.0,2143.800048828125,2145.199951171875,31496,0.0,0.0
2025-03-27 10:15:00+05:30,2145.14990234375,2146.85009765625,2143.949951171875,2144.14990234375,34520,0.0,0.0
2025-03-27 10:20:00+05:30,2143.949951171875,2144.14990234375,2141.35009765625,2144.050048828125,18411,0.0,0.0
2025-03-27 10:25:00+05:30,2143.949951171875,2143.949951171875,2141.449951171875,2141.449951171875,13222,0.0,0.0
2025-03-27 10:30:00+05:30,2141.39990234375,2142.35009765625,2138.85009765625,2140.35009765625,19969,0.0,0.0
2025-03-27 10:35:00+05:30,2140.050048828125,2140.050048828125,2133.550048828125,2134.0,37204,0.0,0.0
2025-03-27 10:40:00+05:30,2134.199951171875,2137.0,2133.25,2133.25,28103,0.0,0.0
2025-03-27 10:45:00+05:30,2133.25,2139.0,2133.25,2136.800048828125,40026,0.0,0.0
2025-03-27 10:50:00+05:30,2136.699951171875,2140.300048828125,2136.0,2140.050048828125,24404,0.0,0.0
2025-03-27 10:55:00+05:30,2139.949951171875,2142.949951171875,2139.550048828125,2141.89990234375,22905,0.0,0.0
2025-03-27 11:00:00+05:30,2141.85009765625,2145.300048828125,2141.85009765625,2143.550048828125,31355,0.0,0.0
2025-03-27 11:05:00+05:30,2143.449951171875,2144.60009765625,2141.300048828125,2142.699951171875,38292,0.0,0.0
2025-03-27 11:10:00+05:30,2142.85009765625,2143.75,2140.89990234375,2141.449951171875,37336,0.0,0.0
2025-03-27 11:15:00+05:30,2141.449951171875,2142.800048828125,2140.800048828125,2141.199951171875,16530,0.0,0.0
2025-03-27 11:20:00+05:30,2141.14990234375,2142.800048828125,2140.199951171875,2142.10009765625,13453,0.0,0.0
2025-03-27 11:25:00+05:30,2142.14990234375,2145.60009765625,2142.0,2144.85009765625,26817,0.0,0.0
2025-03-27 11:30:00+05:30,2144.699951171875,2147.0,2144.60009765625,2146.0,20536,0.0,0.0
2025-03-27 11:35:00+05:30,2145.89990234375,2145.89990234375,2142.89990234375,2143.550048828125,20138,0.0,0.0
2025-03-27 11:40:00+05:30,2143.199951171875,2144.10009765625,2141.64990234375,2142.550048828125,25468,0.0,0.0
2025-03-27 11:45:00+05:30,2142.5,2143.0,2141.5,2142.75,13381,0.0,0.0
2025-03-27 11:50:00+05:30,2142.5,2143.050048828125,2141.800048828125,2143.050048828125,20182,0.0,0.0
2025-03-27 11:55:00+05:30,2142.949951171875,2143.050048828125,2142.35009765625,2142.35009765625,12735,0.0,0.0
2025-03-27 12:00:00+05:30,2142.300048828125,2142.300048828125,2138.75,2139.14990234375,19947,0.0,0.0
2025-03-27 12:05:00+05:30,2139.60009765625,2139.60009765625,2138.300048828125,2138.699951171875,14798,0.0,0.0
2025-03-27 12:10:00+05:30,2139.0,2140.35009765625,2138.800048828125,2139.25,15231,0.0,0.0
2025-03-27 12:15:00+05:30,2139.199951171875,2140.199951171875,2138.64990234375,2139.35009765625,23783,0.0,0.0
2025-03-27 12:20:00+05:30,2139.300048828125,2142.10009765625,2139.14990234375,2141.89990234375,28982,0.0,0.0
2025-03-27 12:25:00+05:30,2141.800048828125,2141.949951171875,2137.449951171875,2137.949951171875,21364,0.0,0.0
2025-03-27 12:30:00+05:30,2137.800048828125,2138.89990234375,2137.0,2137.699951171875,20102,0.0,0.0
2025-03-27 12:35:00+05:30,2137.60009765625,2138.949951171875,2136.89990234375,2138.550048828125,23817,0.0,0.0
2025-03-27 12:40:00+05:30,2138.5,2140.949951171875,2138.5,2140.39990234375,22509,0.0,0.0
2025-03-27 12:45:00+05:30,2140.39990234375,2140.39990234375,2139.550048828125,2140.300048828125,21569,0.0,0.0
2025-03-27 12:50:00+05:30,2140.300048828125,2140.39990234375,2137.89990234375,2138.85009765625,25120,0.0,0.0
2025-03-27 12:55:00+05:30,2138.75,2139.89990234375,2138.0,2139.60009765625,29823,0.0,0.0
2025-03-27 13:00:00+05:30,2139.60009765625,2139.89990234375,2138.050048828125,2138.75,27372,0.0,0.0
2025-03-27 13:05:00+05:30,2138.699951171875,2139.0,2136.39990234375,2138.25,37407,0.0,0.0
2025-03-27 13:10:00+05:30,2138.300048828125,2139.0,2137.25,2137.25,28614,0.0,0.0
2025-03-27 13:15:00+05:30,2137.25,2137.800048828125,2136.60009765625,2137.300048828125,19998,0.0,0.0
2025-03-27 13:20:00+05:30,2137.10009765625,2137.64990234375,2135.60009765625,2136.35009765625,28541,0.0,0.0
2025-03-27 13:25:00+05:30,2136.35009765625,2137.5,2135.300048828125,2135.300048828125,22416,0.0,0.0
2025-03-27 13:30:00+05:30,2135.25,2136.550048828125,2134.949951171875,2135.85009765625,37416,0.0,0.0
2025-03-27 13:35:00+05:30,2135.85009765625,2136.64990234375,2134.0,2135.0,55193,0.0,0.0
2025-03-27 13:40:00+05:30,2134.949951171875,2135.10009765625,2133.800048828125,2134.64990234375,66775,0.0,0.0
2025-03-27 13:45:00+05:30,2134.85009765625,2135.300048828125,2133.85009765625,2134.449951171875,39590,0.0,0.0
2025-03-27 13:50:00+05:30,2134.39990234375,2135.75,2133.89990234375,2134.64990234375,44207,0.0,0.0
2025-03-27 13:55:00+05:30,2133.89990234375,2135.0,2133.800048828125,2134.89990234375,31341,0.0,0.0
2025-03-27 14:00:00+05:30,2134.89990234375,2135.300048828125,2134.0,2134.64990234375,45795,0.0,0.0
2025-03-27 14:05:00+05:30,2134.949951171875,2135.300048828125,2133.64990234375,2135.0,37695,0.0,0.0
2025-03-27 14:10:00+05:30,2134.89990234375,2136.14990234375,2134.300048828125,2136.14990234375,54725,0.0,0.0
2025-03-27 14:15:00+05:30,2135.85009765625,2140.60009765625,2135.60009765625,2139.5,57826,0.0,0.0
2025-03-27 14:20:00+05:30,2139.25,2140.050048828125,2135.949951171875,2136.85009765625,45002,0.0,0.0
2025-03-27 14:25:00+05:30,2136.64990234375,2137.14990234375,2134.75,2136.75,44725,0.0,0.0
2025-03-27 14:30:00+05:30,2136.25,2138.39990234375,2135.550048828125,2135.699951171875,71273,0.0,0.0
2025-03-27 14:35:00+05:30,2135.64990234375,2136.050048828125,2134.0,2135.60009765625,92438,0.0,0.0
2025-03-27 14:40:00+05:30,2135.60009765625,2137.89990234375,2135.550048828125,2137.050048828125,88932,0.0,0.0
2025-03-27 14:45:00+05:30,2137.0,2143.0,2135.300048828125,2140.10009765625,116043,0.0,0.0
2025-03-27 14:50:00+05:30,2140.5,2143.10009765625,2138.64990234375,2140.89990234375,133165,0.0,0.0
2025-03-27 14:55:00+05:30,2140.14990234375,2140.5,2136.25,2138.64990234375,191533,0.0,0.0
2025-03-27 15:00:00+05:30,2138.050048828125,2142.449951171875,2123.949951171875,2127.800048828125,1226528,0.0,0.0
2025-03-27 15:05:00+05:30,2127.699951171875,2139.699951171875,2124.25,2131.64990234375,1234204,0.0,0.0
2025-03-27 15:10:00+05:30,2133.0,2133.0,2126.64990234375,2128.64990234375,1180617,0.0,0.0
2025-03-27 15:15:00+05:30,2128.25,2128.60009765625,2120.0,2126.64990234375,1064406,0.0,0.0
2025-03-27 15:20:00+05:30,2124.85009765625,2128.5,2122.699951171875,2127.10009765625,1145756,0.0,0.0
2025-03-27 15:25:00+05:30,2126.25,2142.0,2124.449951171875,2128.64990234375,687795,0.0,0.0
2025-03-28 09:15:00+05:30,2143.0,2154.949951171875,2142.14990234375,2150.89990234375,0,0.0,0.0
2025-03-28 09:20:00+05:30,2150.699951171875,2162.449951171875,2149.64990234375,2153.85009765625,56555,0.0,0.0
2025-03-28 09:25:00+05:30,2153.89990234375,2153.89990234375,2149.10009765625,2151.10009765625,45689,0.0,0.0
2025-03-28 09:30:00+05:30,2151.199951171875,2155.5,2149.300048828125,2151.050048828125,47253,0.0,0.0
2025-03-28 09:35:00+05:30,2150.699951171875,2153.800048828125,2149.199951171875,2150.0,49326,0.0,0.0
2025-03-28 09:40:00+05:30,2150.0,2150.0,2146.5,2148.449951171875,29979,0.0,0.0
2025-03-28 09:45:00+05:30,2148.199951171875,2158.39990234375,2147.35009765625,2157.949951171875,29172,0.0,0.0
2025-03-28 09:50:00+05:30,2157.89990234375,2162.85009765625,2157.699951171875,2161.75,38577,0.0,0.0
2025-03-28 09:55:00+05:30,2162.14990234375,2162.14990234375,2159.050048828125,2161.25,26329,0.0,0.0
2025-03-28 10:00:00+05:30,2161.14990234375,2161.75,2159.949951171875,2160.699951171875,20241,0.0,0.0
2025-03-28 10:05:00+05:30,2161.0,2161.800048828125,2157.699951171875,2159.050048828125,35364,0.0,0.0
2025-03-28 10:10:00+05:30,2159.300048828125,2161.0,2157.300048828125,2161.0,19474,0.0,0.0
2025-03-28 10:15:00+05:30,2161.5,2162.89990234375,2159.949951171875,2162.89990234375,24029,0.0,0.0
2025-03-28 10:20:00+05:30,2162.89990234375,2170.0,2162.89990234375,2168.0,50692,0.0,0.0
2025-03-28 10:25:00+05:30,2167.949951171875,2168.64990234375,2166.39990234375,2168.300048828125,26236,0.0,0.0
2025-03-28 10:30:00+05:30,2168.75,2170.60009765625,2165.5,2170.60009765625,40651,0.0,0.0
2025-03-28 10:35:00+05:30,2170.800048828125,2172.0,2169.949951171875,2169.949951171875,26663,0.0,0.0
2025-03-28 10:40:00+05:30,2169.75,2171.5,2166.550048828125,2166.699951171875,27021,0.0,0.0
2025-03-28 10:45:00+05:30,2167.0,2169.85009765625,2166.0,2169.85009765625,23606,0.0,0.0
2025-03-28 10:50:00+05:30,2169.85009765625,2169.85009765625,2165.60009765625,2166.14990234375,33853,0.0,0.0
2025-03-28 10:55:00+05:30,2166.199951171875,2167.949951171875,2163.550048828125,2166.0,22929,0.0,0.0
2025-03-28 11:00:00+05:30,2165.949951171875,2166.949951171875,2164.050048828125,2164.050048828125,17248,0.0,0.0
2025-03-28 11:05:00+05:30,2163.949951171875,2164.89990234375,2161.949951171875,2162.0,15706,0.0,0.0
2025-03-28 11:10:00+05:30,2161.949951171875,2162.89990234375,2158.199951171875,2158.199951171875,21845,0.0,0.0
2025-03-28 11:15:00+05:30,2157.60009765625,2157.699951171875,2155.0,2156.64990234375,29225,0.0,0.0
2025-03-28 11:20:00+05:30,2156.60009765625,2158.10009765625,2156.35009765625,2157.300048828125,19384,0.0,0.0
2025-03-28 11:25:00+05:30,2157.199951171875,2157.199951171875,2154.64990234375,2156.0,14657,0.0,0.0
2025-03-28 11:30:00+05:30,2155.949951171875,2158.25,2154.550048828125,2154.550048828125,19150,0.0,0.0
2025-03-28 11:35:00+05:30,2154.39990234375,2158.25,2154.35009765625,2156.5,12780,0.0,0.0
2025-03-28 11:40:00+05:30,2157.050048828125,2157.050048828125,2155.0,2156.14990234375,22818,0.0,0.0
2025-03-28 11:45:00+05:30,2156.14990234375,2159.89990234375,2156.14990234375,2159.10009765625,15184,0.0,0.0
2025-03-28 11:50:00+05:30,2159.5,2160.0,2157.60009765625,2160.0,20958,0.0,0.0
2025-03-28 11:55:00+05:30,2160.0,2160.5,2158.699951171875,2160.5,14277,0.0,0.0
2025-03-28 12:00:00+05:30,2160.550048828125,2163.60009765625,2160.550048828125,2163.60009765625,38790,0.0,0.0
2025-03-28 12:05:00+05:30,2163.60009765625,2166.60009765625,2163.60009765625,2166.25,21495,0.0,0.0
2025-03-28 12:10:00+05:30,2165.949951171875,2166.64990234375,2164.800048828125,2165.5,12036,0.0,0.0
2025-03-28 12:15:00+05:30,2165.300048828125,2165.64990234375,2159.949951171875,2160.75,25941,0.0,0.0
2025-03-28 12:20:00+05:30,2160.699951171875,2161.949951171875,2159.14990234375,2161.25,24004,0.0,0.0
2025-03-28 12:25:00+05:30,2161.35009765625,2161.35009765625,2160.5,2160.800048828125,13397,0.0,0.0
2025-03-28 12:30:00+05:30,2160.64990234375,2162.0,2158.800048828125,2160.5,18892,0.0,0.0
2025-03-28 12:35:00+05:30,2160.35009765625,2163.39990234375,2158.449951171875,2162.199951171875,27060,0.0,0.0
2025-03-28 12:40:00+05:30,2162.199951171875,2162.89990234375,2160.85009765625,2162.89990234375,12530,0.0,0.0
2025-03-28 12:45:00+05:30,2163.25,2163.64990234375,2162.300048828125,2162.75,14011,0.0,0.0
2025-03-28 12:50:00+05:30,2163.050048828125,2164.75,2162.550048828125,2163.60009765625,14473,0.0,0.0
2025-03-28 12:55:00+05:30,2163.60009765625,2163.64990234375,2161.75,2163.199951171875,20439,0.0,0.0
2025-03-28 13:00:00+05:30,2163.14990234375,2163.14990234375,2160.85009765625,2160.89990234375,9419,0.0,0.0
2025-03-28 13:05:00+05:30,2160.5,2165.949951171875,2160.5,2165.949951171875,11411,0.0,0.0
2025-03-28 13:10:00+05:30,2166.0,2166.35009765625,2164.60009765625,2164.949951171875,11430,0.0,0.0
2025-03-28 13:15:00+05:30,2165.050048828125,2165.199951171875,2163.550048828125,2163.949951171875,14002,0.0,0.0
2025-03-28 13:20:00+05:30,2164.25,2166.300048828125,2163.699951171875,2166.0,13689,0.0,0.0
2025-03-28 13:25:00+05:30,2166.10009765625,2166.449951171875,2165.25,2166.39990234375,12068,0.0,0.0
2025-03-28 13:30:00+05:30,2166.5,2169.5,2165.64990234375,2169.5,40630,0.0,0.0
2025-03-28 13:35:00+05:30,2169.449951171875,2170.10009765625,2166.449951171875,2167.10009765625,27445,0.0,0.0
2025-03-28 13:40:00+05:30,2167.699951171875,2168.35009765625,2166.699951171875,2167.60009765625,14500,0.0,0.0
2025-03-28 13:45:00+05:30,2167.60009765625,2168.35009765625,2164.35009765625,2165.0,23170,0.0,0.0
2025-03-28 13:50:00+05:30,2164.949951171875,2166.25,2164.75,2165.64990234375,21907,0.0,0.0
2025-03-28 13:55:00+05:30,2166.10009765625,2167.89990234375,2165.449951171875,2167.0,40041,0.0,0.0
2025-03-28 14:00:00+05:30,2167.050048828125,2167.050048828125,2165.699951171875,2166.199951171875,48848,0.0,0.0
2025-03-28 14:05:00+05:30,2166.75,2170.0,2166.449951171875,2169.449951171875,53808,0.0,0.0
2025-03-28 14:10:00+05:30,2169.449951171875,2170.550048828125,2168.699951171875,2169.89990234375,61191,0.0,0.0
2025-03-28 14:15:00+05:30,2169.949951171875,2172.14990234375,2168.85009765625,2169.39990234375,69552,0.0,0.0
2025-03-28 14:20:00+05:30,2169.35009765625,2169.949951171875,2166.050048828125,2168.25,52804,0.0,0.0
2025-03-28 14:25:00+05:30,2168.0,2170.0,2166.10009765625,2169.75,45529,0.0,0.0
2025-03-28 14:30:00+05:30,2169.75,2171.39990234375,2168.60009765625,2169.949951171875,50853,0.0,0.0
2025-03-28 14:35:00+05:30,2170.10009765625,2176.75,2169.050048828125,2175.75,105721,0.0,0.0
2025-03-28 14:40:00+05:30,2176.0,2178.300048828125,2175.10009765625,2178.050048828125,90817,0.0,0.0
2025-03-28 14:45:00+05:30,2177.949951171875,2179.85009765625,2177.10009765625,2177.199951171875,69719,0.0,0.0
2025-03-28 14:50:00+05:30,2177.25,2179.89990234375,2176.14990234375,2178.050048828125,86966,0.0,0.0
2025-03-28 14:55:00+05:30,2178.449951171875,2178.449951171875,2176.550048828125,2176.75,76337,0.0,0.0
2025-03-28 15:00:00+05:30,2176.75,2176.75,2168.550048828125,2169.300048828125,221172,0.0,0.0
2025-03-28 15:05:00+05:30,2169.300048828125,2170.85009765625,2167.10009765625,2168.300048828125,222549,0.0,0.0
2025-03-28 15:10:00+05:30,2168.25,2174.949951171875,2167.550048828125,2174.0,199017,0.0,0.0
2025-03-28 15:15:00+05:30,2174.0,2174.699951171875,2168.5,2169.39990234375,204200,0.0,0.0
2025-03-28 15:20:00+05:30,2169.64990234375,2172.60009765625,2168.550048828125,2172.14990234375,300551,0.0,0.0
2025-03-28 15:25:00+05:30,2171.949951171875,2174.0,2169.60009765625,2174.0,203391,0.0,0.0
