Date,Open,High,Low,Close,Volume,Dividends,Stock Splits
2020-03-30 00:00:00+05:30,462.2544494156534,477.4467258692155,453.1035292338567,457.74560546875,30229866,0.0,0.0
2020-03-31 00:00:00+05:30,477.0691623767256,501.8787764310661,465.5416779784635,494.74908447265625,44292810,0.0,0.0
2020-04-01 00:00:00+05:30,498.52490777342524,499.5688226163269,464.2978508428041,479.9565734863281,41597459,0.0,0.0
2020-04-03 00:00:00+05:30,503.9444114763411,503.9444114763411,469.2286676519404,478.6239013671875,41367807,0.0,0.0
2020-04-07 00:00:00+05:30,489.5738994803591,539.281995370052,488.64103627399686,535.772705078125,54373624,0.0,0.0
2020-04-08 00:00:00+05:30,524.178609516887,545.9453801508733,515.2942423878844,529.5758666992188,49880330,0.0,0.0
2020-04-09 00:00:00+05:30,539.2819925170213,547.6333110314141,529.9534198093538,541.9251098632812,33032857,0.0,0.0
2020-04-13 00:00:00+05:30,534.8176588701281,539.7262887023068,524.178587570886,528.2432250976562,23673784,0.0,0.0
2020-04-15 00:00:00+05:30,531.7526036574441,549.0549528907209,507.7425575975587,510.78546142578125,35321842,0.0,0.0
2020-04-16 00:00:00+05:30,510.7853830250108,527.4880211986239,508.63095193432207,518.8701782226562,37455706,0.0,0.0
2020-04-17 00:00:00+05:30,540.1705318042572,546.3896008171787,529.7979836876391,543.7242431640625,33269335,0.0,0.0
2020-04-20 00:00:00+05:30,544.612723267968,558.3834810105809,533.9514704229543,552.5198364257812,36030932,0.0,0.0
2020-04-21 00:00:00+05:30,537.5051090375858,556.1623138162099,517.0710784476092,549.654541015625,61371628,0.0,0.0
2020-04-22 00:00:00+05:30,586.3693064279831,615.1991386670845,577.4849391717859,605.7372436523438,142683366,0.0,0.0
2020-04-23 00:00:00+05:30,607.4031397205066,615.6211976672714,601.1618304651779,608.9801025390625,65464502,0.0,0.0
2020-04-24 00:00:00+05:30,599.762493756059,664.0854310826596,598.4520549762067,629.4585571289062,134986308,0.0,0.0
2020-04-27 00:00:00+05:30,637.0102215914513,655.2232205005357,632.123831840533,635.122314453125,58482901,0.0,0.0
2020-04-28 00:00:00+05:30,644.1177378757625,646.5386926828005,618.4196533976059,634.4115600585938,78453401,0.0,0.0
2020-04-29 00:00:00+05:30,641.8523137950926,645.739209728127,630.7912158262126,633.8785400390625,37494672,0.0,0.0
2020-04-30 00:00:00+05:30,645.8724442623129,664.0854442083673,638.8093831140336,651.2252807617188,71345899,0.0,0.0
2020-05-04 00:00:00+05:30,639.6755853305298,650.781043649947,629.6584032128766,637.5433349609375,53456868,0.0,0.0
2020-05-05 00:00:00+05:30,645.7613682954737,657.0000881453569,642.8739077233887,648.8486328125,44903763,0.0,0.0
2020-05-06 00:00:00+05:30,650.3368281068012,659.6432204337035,642.1187712730865,648.8931274414062,40489094,0.0,0.0
2020-05-07 00:00:00+05:30,646.3388664931922,672.3923176253797,641.896683123013,669.416015625,50026966,0.0,0.0
2020-05-08 00:00:00+05:30,686.3185276149,701.8217476670202,682.8091780917633,693.7814331054688,84262770,0.0,0.0
2020-05-11 00:00:00+05:30,701.8661627589375,717.4138626390899,698.4457138583208,700.4447021484375,67085063,0.0,0.0
2020-05-12 00:00:00+05:30,695.1141064542643,696.6911284139622,650.7810544299193,657.1111450195312,100683202,0.0,0.0
2020-05-13 00:00:00+05:30,684.7523841487322,684.7523841487322,652.0169803221174,671.0528564453125,66430125,0.0,0.0
2020-05-14 00:00:00+05:30,658.743515159744,671.1650468415463,641.2771855374265,643.9229125976562,49266771,0.0,0.0
2020-05-15 00:00:00+05:30,647.5328200384938,657.71220663969,634.5731988505028,654.4386596679688,62152260,0.0,0.0
2020-05-18 00:00:00+05:30,659.1919833716396,664.5731090142174,640.357925009404,646.0753784179688,62796089,0.0,0.0
2020-05-19 00:00:00+05:30,653.3622992239533,655.4699371446986,629.2592077286597,631.7927856445312,42315854,0.0,0.0
2020-05-20 00:00:00+05:30,632.2861979093935,648.8108575511292,624.6628671421481,642.9140014648438,55320985,0.0,0.0
2020-05-21 00:00:00+05:30,643.4969707169677,655.3579374056247,639.0126791219062,646.2996826171875,39167981,0.0,0.0
2020-05-22 00:00:00+05:30,651.0304982171176,653.8107323465968,639.6852048291352,641.9497680664062,37828973,0.0,0.0
2020-05-26 00:00:00+05:30,649.3937551765403,650.0888285995981,635.1112417714297,638.5866088867188,33216635,0.0,0.0
2020-05-27 00:00:00+05:30,641.7031686895111,652.0170618990035,633.1830037738356,648.2278442382812,35667956,0.0,0.0
2020-05-28 00:00:00+05:30,652.4655074912018,663.5641461914144,649.774944586892,660.200927734375,40126278,0.0,0.0
2020-05-29 00:00:00+05:30,658.2951120193409,660.0888403969327,651.4117497969299,656.6807861328125,40022527,0.0,0.0
2020-06-01 00:00:00+05:30,663.6763564403855,689.8422565794334,661.8602100024948,681.7705078125,39943702,0.0,0.0
2020-06-02 00:00:00+05:30,684.304084001413,690.5821036647893,681.9722074590559,688.65380859375,22153960,0.0,0.0
2020-06-03 00:00:00+05:30,692.8241967302886,699.5506331505953,687.5999372844474,691.3219604492188,25381289,0.0,0.0
2020-06-04 00:00:00+05:30,692.3757416631391,712.779349133431,691.0304899213196,708.4295654296875,34202350,0.0,0.0
2020-06-05 00:00:00+05:30,715.2456646170561,725.5595577071603,705.6940986296742,709.2815551757812,33076685,0.0,0.0
2020-06-08 00:00:00+05:30,725.7389294342412,725.7389294342412,701.7927617902652,703.8106689453125,31414953,0.0,0.0
2020-06-09 00:00:00+05:30,699.6851630366905,709.8645488865665,687.4430341243319,689.3040161132812,25857161,0.0,0.0
2020-06-10 00:00:00+05:30,691.9722113312162,708.3175282733579,690.604541591323,704.9991455078125,22132647,0.0,0.0
2020-06-11 00:00:00+05:30,702.2412050985995,703.1156216805009,686.5461865780103,689.5506591796875,20385805,0.0,0.0
2020-06-12 00:00:00+05:30,672.6448630278239,714.3488540246061,671.2995519513897,712.4654541015625,38548899,0.0,0.0
2020-06-15 00:00:00+05:30,701.7928173147195,729.5730404045028,700.0439247709078,724.0125122070312,53107403,0.0,0.0
2020-06-16 00:00:00+05:30,736.7704050548406,739.2591476380145,710.8959393124212,725.4251098632812,51187003,0.0,0.0
2020-06-17 00:00:00+05:30,721.187340790178,733.3846334803637,718.4295244024294,724.3712158203125,41782053,0.0,0.0
2020-06-18 00:00:00+05:30,720.6268515355134,746.6357633040452,719.9990318114644,742.5550537109375,40471557,0.0,0.0
2020-06-19 00:00:00+05:30,748.8779255123503,802.1513896845945,745.2905281824604,788.9675903320312,105804173,0.0,0.0
2020-06-22 00:00:00+05:30,795.2456517407771,809.0572715599241,778.0259182838815,783.0259399414062,60198705,0.0,0.0
2020-06-23 00:00:00+05:30,784.7522945760747,790.9182243977814,769.5505290009503,771.7030029296875,37962078,0.0,0.0
2020-06-24 00:00:00+05:30,778.4294545928798,794.9316957270402,767.5774724580249,774.819580078125,51586221,0.0,0.0
2020-06-25 00:00:00+05:30,774.4384981787169,784.303975263949,768.1828959888776,770.3577880859375,39679374,0.0,0.0
2020-06-26 00:00:00+05:30,775.2457059273771,785.6492717133492,769.9541921312206,781.0079956054688,30921913,0.0,0.0
2020-06-29 00:00:00+05:30,774.9092847883347,780.1559028475943,769.3039210794419,772.7119750976562,25621946,0.0,0.0
2020-06-30 00:00:00+05:30,778.9227825083161,780.7164515463287,760.3353207238099,764.16943359375,30276420,0.0,0.0
2020-07-01 00:00:00+05:30,771.299487719545,784.3039446892146,765.9407203342597,779.1918334960938,28464103,0.0,0.0
2020-07-02 00:00:00+05:30,788.000646676554,799.1221793866868,784.4064745838714,795.844482421875,28789533,6.5,0.0
2020-07-03 00:00:00+05:30,804.6377678903576,810.6054741704098,799.3030717234908,808.2997436523438,29434266,0.0,0.0
2020-07-06 00:00:00+05:30,816.0304442690083,839.9914307848351,810.198405299607,837.1884765625,47016185,0.0,0.0
2020-07-07 00:00:00+05:30,840.8957351452685,842.8623294888162,816.6182711742413,824.3716430664062,35189589,0.0,0.0
2020-07-08 00:00:00+05:30,824.6429307279882,829.5707471186132,809.249132359764,812.8659057617188,26204095,0.0,0.0
2020-07-09 00:00:00+05:30,817.8389266139633,829.5933505160212,807.5537533823087,824.7333374023438,36418942,0.0,0.0
2020-07-10 00:00:00+05:30,826.6548161094562,852.0173134245301,824.7333640657271,849.0560913085938,43759967,0.0,0.0
2020-07-13 00:00:00+05:30,860.4940900148115,880.5444934710947,858.9795772231743,874.8029174804688,69608392,0.0,0.0
2020-07-14 00:00:00+05:30,874.35072839834,877.8318353237111,853.2378965110345,866.6651000976562,67331128,0.0,0.0
2020-07-15 00:00:00+05:30,876.1364458389136,894.60453076483,812.865873648648,833.6621704101562,139669773,0.0,0.0
2020-07-16 00:00:00+05:30,835.0185093481937,844.9646063202053,819.3986402013602,833.3909912109375,60961724,0.0,0.0
2020-07-17 00:00:00+05:30,834.114278112218,868.0213616161088,830.9495866909515,864.2689819335938,49726765,0.0,0.0
2020-07-20 00:00:00+05:30,867.0268306108447,873.4465587569941,858.821316804579,867.9761962890625,36592938,0.0,0.0
2020-07-21 00:00:00+05:30,876.6111978043529,893.7907812816547,875.4809636227214,891.3268432617188,42173371,0.0,0.0
2020-07-22 00:00:00+05:30,896.5032998283278,908.7098644353852,886.4215969328574,905.997314453125,59771457,0.0,0.0
2020-07-23 00:00:00+05:30,905.974680667922,940.2208419617091,900.2783075973964,930.3200073242188,58333751,0.0,0.0
2020-07-24 00:00:00+05:30,930.410441966007,977.8803386799952,930.3200375789141,970.2625732421875,120597372,0.0,0.0
2020-07-27 00:00:00+05:30,985.0235226719344,994.0653967532372,962.011898127056,974.80615234375,80304827,0.0,0.0
2020-07-28 00:00:00+05:30,974.8060970030373,991.8952763129388,972.2969567588925,984.526123046875,55114422,0.0,0.0
2020-07-29 00:00:00+05:30,984.6166131571291,986.8318196233216,936.0390229636689,947.8839111328125,72663399,0.0,0.0
2020-07-30 00:00:00+05:30,948.9463414884249,967.346564239284,936.7397759828336,953.3994750976562,72857444,0.0,0.0
2020-07-31 00:00:00+05:30,955.9537197425291,962.5090536604239,928.059484523454,934.5244140625,74958061,0.0,0.0
2020-08-03 00:00:00+05:30,927.3813891571788,929.9583326517111,905.590404829797,908.2578125,46715383,0.0,0.0
2020-08-04 00:00:00+05:30,913.5021152034575,979.6887084662013,904.3019741940346,972.2743530273438,92041055,0.0,0.0
2020-08-05 00:00:00+05:30,980.59296608435,992.799471879623,957.671746489925,961.3563232421875,74549993,0.0,0.0
2020-08-06 00:00:00+05:30,975.1677958915698,980.0052079239658,952.9247290230735,964.8148193359375,49322975,0.0,0.0
2020-08-07 00:00:00+05:30,962.8708322036575,975.5294794761373,958.5307638587796,970.398193359375,32984416,0.0,0.0
2020-08-10 00:00:00+05:30,976.1171666100832,978.7845144387476,953.0603419617855,958.3724365234375,26958997,0.0,0.0
2020-08-11 00:00:00+05:30,965.1312809425464,976.5240871715292,949.5566141337401,964.67919921875,46828306,0.0,0.0
2020-08-12 00:00:00+05:30,958.8923975072605,969.7427180297341,952.472669374911,961.876220703125,30264617,0.0,0.0
2020-08-13 00:00:00+05:30,962.0570755640288,966.9848920282205,953.9193651837742,959.3671264648438,24830322,0.0,0.0
2020-08-14 00:00:00+05:30,959.593057650637,975.1677235221415,944.5383365527791,955.6372680664062,33224635,0.0,0.0
2020-08-17 00:00:00+05:30,951.6588488392528,951.6588488392528,935.8807725923438,945.48779296875,30979066,0.0,0.0
2020-08-18 00:00:00+05:30,942.6170027365034,964.9052715218595,941.4189652395826,957.7847900390625,30547672,0.0,0.0
2020-08-19 00:00:00+05:30,967.9343121367956,973.8115540224409,959.0506460172646,963.6619873046875,34087543,0.0,0.0
2020-08-20 00:00:00+05:30,958.4402130112138,960.2033973809907,943.9731803235386,948.0646362304688,22537845,0.0,0.0
2020-08-21 00:00:00+05:30,957.53609439045,959.3444810348561,939.0002060243612,941.19287109375,25280895,0.0,0.0
2020-08-24 00:00:00+05:30,945.5104563426697,951.4328407559079,936.0616430159591,947.47705078125,32717218,0.0,0.0
2020-08-25 00:00:00+05:30,952.1109664491611,954.5071012552343,939.4523193042336,941.305908203125,19388008,0.0,0.0
2020-08-26 00:00:00+05:30,942.6170807635469,971.0764079538505,925.4374954796027,966.2615966796875,59870421,0.0,0.0
2020-08-27 00:00:00+05:30,971.0988614989549,972.0030846767139,950.8676526568432,954.1905517578125,28085062,0.0,0.0
2020-08-28 00:00:00+05:30,958.440291692767,964.2723313532009,952.22403338503,956.6997680664062,27166900,0.0,0.0
2020-08-31 00:00:00+05:30,982.8533748115851,982.8533748115851,931.4728328599293,940.6729736328125,62076132,0.0,0.0
2020-09-01 00:00:00+05:30,949.3983927340151,959.5252982404729,932.3996179183919,943.6342163085938,38616258,0.0,0.0
2020-09-02 00:00:00+05:30,945.7815761148813,966.5779320694476,942.6169444476685,962.1473999023438,26949439,0.0,0.0
2020-09-03 00:00:00+05:30,962.057120712906,966.9171341137386,950.7547778717292,954.8688354492188,18586429,0.0,0.0
2020-09-04 00:00:00+05:30,941.9614366801072,948.0194871516097,936.8301507398749,939.1132202148438,28475945,0.0,0.0
2020-09-07 00:00:00+05:30,942.1648535432463,951.997884460281,924.1940532112849,941.5545043945312,21926473,0.0,0.0
2020-09-08 00:00:00+05:30,945.7815487256909,958.8922762939438,940.5824598876113,952.6082153320312,27397082,0.0,0.0
2020-09-09 00:00:00+05:30,942.6169643829819,980.0503580598704,941.0119876289093,977.1343383789062,55310877,0.0,0.0
2020-09-10 00:00:00+05:30,986.9674308892213,1060.138956799525,983.4636631310944,1046.1466064453125,140304404,0.0,0.0
2020-09-11 00:00:00+05:30,1045.2424455658959,1056.92900584905,1033.9853061035585,1048.74609375,59470807,0.0,0.0
2020-09-14 00:00:00+05:30,1051.1196586826588,1066.9429365698352,1031.6794880651107,1040.9700927734375,44063445,0.0,0.0
2020-09-15 00:00:00+05:30,1045.2198039643733,1051.4586628325014,1034.4598890273326,1048.3392333984375,27178393,0.0,0.0
2020-09-16 00:00:00+05:30,1048.8592010975292,1071.1700723266104,1044.5869956576737,1050.916259765625,33952295,0.0,0.0
2020-09-17 00:00:00+05:30,1048.859097973134,1055.052874466474,1036.132648131891,1039.252197265625,25828669,0.0,0.0
2020-09-18 00:00:00+05:30,1046.2596726241998,1048.610545469019,1029.2156950211045,1042.394287109375,33074915,0.0,0.0
2020-09-21 00:00:00+05:30,1039.81717560466,1056.0925946321042,1016.014396203962,1019.8572998046875,33627381,0.0,0.0
2020-09-22 00:00:00+05:30,1029.4190483820994,1029.4190483820994,995.3085537426723,999.648681640625,34792254,0.0,0.0
2020-09-23 00:00:00+05:30,1021.7334800594745,1029.3060429944585,997.0039349763039,1008.5322875976562,42988708,0.0,0.0
2020-09-24 00:00:00+05:30,998.179419595708,1006.362272305542,983.7801889838595,986.1085205078125,29826318,0.0,0.0
2020-09-25 00:00:00+05:30,989.6347676413591,1000.3946230574759,979.8243376110428,995.3763427734375,28374935,0.0,0.0
2020-09-28 00:00:00+05:30,1006.8143585655022,1011.7874366976498,997.7950863900393,1001.954345703125,19666849,0.0,0.0
2020-09-29 00:00:00+05:30,1005.9101960353545,1023.5418010965528,1001.9543465801279,1014.9746704101562,25842539,0.0,0.0
2020-09-30 00:00:00+05:30,1021.7335468031283,1024.8981787589491,1005.9102674414984,1010.1373901367188,24465159,0.0,0.0
2020-10-01 00:00:00+05:30,1023.4514505103249,1023.4514505103249,1000.9371705120751,1006.0232543945312,20783227,0.0,0.0
2020-10-05 00:00:00+05:30,1014.4999208998865,1016.8281924909472,997.3203976615329,1000.1233520507812,18922799,0.0,0.0
2020-10-06 00:00:00+05:30,1006.0232514420209,1009.9338391086236,995.3537997851357,999.2870483398438,18412175,0.0,0.0
2020-10-07 00:00:00+05:30,1010.4312858179062,1043.8862937705196,1003.649879830793,1020.6034545898438,53170865,0.0,0.0
2020-10-08 00:00:00+05:30,1021.2813459429215,1025.350260720473,1004.5991062695083,1012.3524780273438,21077808,0.0,0.0
2020-10-09 00:00:00+05:30,1010.43116128459,1018.5688713826789,1002.3386533792253,1009.7304077148438,18545499,0.0,0.0
2020-10-12 00:00:00+05:30,1010.4312066164605,1019.8120970178497,1006.4754166630148,1011.3579711914062,14226473,0.0,0.0
2020-10-13 00:00:00+05:30,1008.4419131725184,1033.374988441557,1006.2944502554035,1031.0919189453125,23112012,0.0,0.0
2020-10-14 00:00:00+05:30,1030.2781512137267,1041.6256953098457,1025.5762860991736,1034.1661376953125,26742011,0.0,0.0
2020-10-15 00:00:00+05:30,1035.2963177507033,1035.2963177507033,992.3473584916593,997.5464477539062,20036197,0.0,0.0
2020-10-16 00:00:00+05:30,1001.3892429941474,1009.3008221925004,982.2430060856059,983.6671142578125,21583600,0.0,0.0
2020-10-19 00:00:00+05:30,990.1094815340878,1007.5829391123809,974.331405129663,983.8479614257812,31200385,0.0,0.0
2020-10-20 00:00:00+05:30,985.1138516979067,991.4431750288543,973.0202922272298,974.6704711914062,18482288,0.0,0.0
2020-10-21 00:00:00+05:30,980.1408174062462,990.9910772561207,948.3811359950031,960.5198974609375,34082321,0.0,0.0
2020-10-22 00:00:00+05:30,961.7857482652523,964.0914187914242,945.3295196573687,952.5404052734375,30802210,0.0,0.0
2020-10-23 00:00:00+05:30,952.1109859645405,965.2217151066752,947.7709175744362,955.2982788085938,23422125,0.0,0.0
2020-10-26 00:00:00+05:30,950.2799058675663,950.2799058675663,912.5526391789512,917.3448486328125,37324416,0.0,0.0
2020-10-27 00:00:00+05:30,919.9670636575007,931.2468047165261,906.4494552641393,919.7862548828125,36478896,0.0,0.0
2020-10-28 00:00:00+05:30,923.0864968322577,930.274841478456,907.5344907086935,909.365478515625,29924017,0.0,0.0
2020-10-29 00:00:00+05:30,902.8327326431325,923.1770094593332,900.1201823313941,916.350341796875,30655304,0.0,0.0
2020-10-30 00:00:00+05:30,919.3341702042269,933.6203961470878,914.044676139895,928.8281860351562,34021563,0.0,0.0
2020-11-02 00:00:00+05:30,916.3954270327816,916.3954270327816,840.511412744712,848.7847290039062,99366895,0.0,0.0
2020-11-03 00:00:00+05:30,854.458478931322,863.0482700953132,829.6385307882067,836.5555419921875,88691623,0.0,0.0
2020-11-04 00:00:00+05:30,830.4975126279658,872.0902244301774,830.4975126279658,864.9470825195312,80180117,0.0,0.0
2020-11-05 00:00:00+05:30,883.8220644316747,886.5346144507773,873.4464873643154,883.8446655273438,37205373,0.0,0.0
2020-11-06 00:00:00+05:30,899.6680840289918,922.2727691964508,894.3107270071182,917.3675537109375,66674086,0.0,0.0
2020-11-09 00:00:00+05:30,932.2639329876148,935.3833623449311,920.4642483903662,927.1100463867188,35838510,0.0,0.0
2020-11-10 00:00:00+05:30,939.0002095381803,944.8774512066786,922.8152536448839,942.4135131835938,36934242,0.0,0.0
2020-11-11 00:00:00+05:30,944.4253427095011,947.1378927137082,894.2880409708414,902.9230346679688,56724780,0.0,0.0
2020-11-12 00:00:00+05:30,895.5991752007369,908.0091502032665,888.365628546568,895.1470336914062,40046527,0.0,0.0
2020-11-13 00:00:00+05:30,896.0512690813306,920.758213940046,895.9382635980942,902.5614013671875,45388670,0.0,0.0
2020-11-14 00:00:00+05:30,910.9251314274723,911.1059401905479,902.0866681419692,905.2286987304688,5226220,0.0,0.0
2020-11-17 00:00:00+05:30,942.6170397271251,942.6170397271251,897.4075500931955,901.1373291015625,46542562,0.0,0.0
2020-11-18 00:00:00+05:30,901.1372507138323,907.1275574949507,886.1503326913896,898.402099609375,30402290,0.0,0.0
2020-11-19 00:00:00+05:30,898.4021566473267,908.9133409163984,889.8123645811619,892.0502319335938,27796343,0.0,0.0
2020-11-20 00:00:00+05:30,892.8865758871102,896.8650265940327,856.7190215615981,858.7534790039062,57471248,0.0,0.0
2020-11-23 00:00:00+05:30,882.0363023784029,890.6260941600859,870.8469659868186,881.9006958007812,45327567,0.0,0.0
2020-11-24 00:00:00+05:30,887.9136171635879,892.4345542849344,873.4465825005203,887.9362182617188,30936268,0.0,0.0
2020-11-25 00:00:00+05:30,895.1470375749716,901.0016782127284,878.0579180606925,880.589599609375,32637879,0.0,0.0
2020-11-26 00:00:00+05:30,882.9631132092712,888.3656122129662,872.5649349285309,882.7596435546875,25838637,0.0,0.0
2020-11-27 00:00:00+05:30,877.2893163032479,884.3419945457757,868.6543221181126,872.451904296875,47336811,0.0,0.0
2020-12-01 00:00:00+05:30,877.2215041601042,888.9307855162596,872.5649607665638,883.7994995117188,19750687,0.0,0.0
2020-12-02 00:00:00+05:30,885.427006502296,887.0093822003065,874.802817081246,885.268798828125,22188887,0.0,0.0
2020-12-03 00:00:00+05:30,891.5303907771711,895.6444483408975,885.494881124734,887.9362182617188,27785372,0.0,0.0
2020-12-04 00:00:00+05:30,890.1739698874644,890.1739698874644,877.0632419833829,880.1148681640625,18464552,0.0,0.0
2020-12-07 00:00:00+05:30,877.3346009674644,888.3656704484889,877.3346009674644,885.2914428710938,18242188,0.0,0.0
2020-12-08 00:00:00+05:30,886.6250957648964,910.6312864701209,881.584214255616,901.3633422851562,43403061,0.0,0.0
2020-12-09 00:00:00+05:30,908.6872952513489,919.4697520642197,903.8498833876213,916.3728637695312,29175254,0.0,0.0
2020-12-10 00:00:00+05:30,913.9542343521773,917.0736641108775,904.6410874794313,907.3536376953125,16065507,0.0,0.0
2020-12-11 00:00:00+05:30,910.0661323351798,921.3685338284499,892.5474728014328,906.8110961914062,26944202,0.0,0.0
2020-12-14 00:00:00+05:30,907.7830983681646,910.9703911399471,898.0178699727747,900.2557373046875,17312747,0.0,0.0
2020-12-15 00:00:00+05:30,899.53238643072,899.53238643072,886.602466305644,892.5927734375,18551265,0.0,0.0
2020-12-16 00:00:00+05:30,898.7637681894198,901.9058585663462,888.6820652930819,893.5872802734375,18561011,0.0,0.0
2020-12-17 00:00:00+05:30,897.1814880635931,906.4494323132437,893.858588791477,897.6787719726562,20252358,0.0,0.0
2020-12-18 00:00:00+05:30,895.192345775996,906.4042839261889,888.365678265153,900.3687744140625,18466344,0.0,0.0
2020-12-21 00:00:00+05:30,908.7098955191732,914.1349956692673,838.7482622237728,876.9276123046875,44135540,0.0,0.0
2020-12-22 00:00:00+05:30,881.1322393530235,885.607974419682,853.7578840970862,875.5714721679688,28140001,0.0,0.0
2020-12-23 00:00:00+05:30,872.5423737340082,882.2397989020201,868.3152511076233,878.8038940429688,19501410,0.0,0.0
2020-12-24 00:00:00+05:30,880.2278884378766,903.6463902974027,879.7306045440839,901.544189453125,20776988,0.0,0.0
2020-12-28 00:00:00+05:30,907.2179608309327,912.326645504613,902.0640739661369,905.6808471679688,17221499,0.0,0.0
2020-12-29 00:00:00+05:30,908.2578033283756,909.7497148211312,896.2998504991981,899.6906127929688,18611939,0.0,0.0
2020-12-30 00:00:00+05:30,902.0414745024752,907.4439734281808,893.1352078463882,902.1544799804688,22043630,0.0,0.0
2020-12-31 00:00:00+05:30,901.2503907866591,909.5689100596444,894.5141875009103,897.543212890625,18781189,0.0,0.0
2021-01-01 00:00:00+05:30,898.7638527717858,902.8327080240736,896.0513025340149,898.537841796875,10015175,0.0,0.0
2021-01-04 00:00:00+05:30,901.9737604363021,903.6916830367685,889.7219922983734,900.0523681640625,24513534,0.0,0.0
2021-01-05 00:00:00+05:30,890.174019041392,896.7746154439147,884.2967773073992,888.8629760742188,24123091,0.0,0.0
2021-01-06 00:00:00+05:30,888.7725147534263,888.8177169464471,861.307817731236,865.421875,46401468,0.0,0.0
2021-01-07 00:00:00+05:30,868.2474485810314,879.3237798383103,861.3078355659447,864.0203857421875,32325918,0.0,0.0
2021-01-08 00:00:00+05:30,867.1171469222762,876.3398885537595,864.449799147431,874.2150268554688,27540187,0.0,0.0
2021-01-11 00:00:00+05:30,876.5207059305922,876.5207059305922,855.5887432400692,857.7362060546875,33307825,0.0,0.0
2021-01-12 00:00:00+05:30,860.3358132335901,886.1051895121967,858.9343060490203,884.7715454101562,41161546,0.0,0.0
2021-01-13 00:00:00+05:30,887.7100885225799,892.8639756317702,867.3206706346359,876.520751953125,26619458,0.0,0.0
2021-01-14 00:00:00+05:30,879.3237259495716,889.224620183418,876.6337770351589,886.3764038085938,21553242,0.0,0.0
2021-01-15 00:00:00+05:30,886.3763815426553,892.344027289515,868.0439637053331,875.910400390625,20593268,0.0,0.0
2021-01-18 00:00:00+05:30,881.1774451698823,902.8327658465206,869.5360256872406,896.9329223632812,35100458,0.0,0.0
2021-01-19 00:00:00+05:30,901.7702411385933,918.2038691754101,901.7702411385933,911.6033325195312,32006615,0.0,0.0
2021-01-20 00:00:00+05:30,913.8638562110661,930.4104907318374,904.8219222463207,928.9185791015625,30924537,0.0,0.0
2021-01-21 00:00:00+05:30,941.260698965296,958.4402828489507,938.0960670983781,949.1271362304688,39087742,0.0,0.0
2021-01-22 00:00:00+05:30,954.3714880848704,956.3381423689597,920.0801214394154,926.6129150390625,30532660,0.0,0.0
2021-01-25 00:00:00+05:30,919.9896576920377,919.9896576920377,873.4465257562472,877.515380859375,54207104,0.0,0.0
2021-01-27 00:00:00+05:30,870.2818639481238,870.2818639481238,853.5543623866727,856.718994140625,42370131,0.0,0.0
2021-01-28 00:00:00+05:30,850.0053867101566,869.513301264471,845.4166467812474,848.3778686523438,34067814,0.0,0.0
2021-01-29 00:00:00+05:30,856.4024642911661,864.901850999802,827.3327931223046,832.7353515625,43712383,0.0,0.0
2021-02-01 00:00:00+05:30,840.6244573521769,861.2399456741523,835.4705703238681,856.8546752929688,34180952,0.0,0.0
2021-02-02 00:00:00+05:30,865.421864380021,877.0632824691115,838.6126592768813,870.6435546875,41470034,0.0,0.0
2021-02-03 00:00:00+05:30,871.7738117511653,882.4884058021065,858.9794982533833,872.8362426757812,30301696,0.0,0.0
2021-02-04 00:00:00+05:30,869.829726699175,877.0632732428639,861.239935021989,869.9653930664062,25626981,0.0,0.0
2021-02-05 00:00:00+05:30,872.5649523132095,879.1655486974721,868.0214144466577,869.7167358398438,20248046,0.0,0.0
2021-02-08 00:00:00+05:30,873.9211677119189,890.1739862677681,872.1128408984312,882.23974609375,21183400,0.0,0.0
2021-02-09 00:00:00+05:30,886.9867684529382,899.4871476457381,882.6240394321849,884.3645629882812,19604141,0.0,0.0
2021-02-10 00:00:00+05:30,883.2796434000562,897.2945360236996,871.3216897988344,892.5701293945312,21234156,0.0,0.0
2021-02-11 00:00:00+05:30,895.147103191285,933.2135108840173,891.6433948651329,929.3706665039062,42539278,0.0,0.0
2021-02-12 00:00:00+05:30,929.2802151544502,939.4523231474749,911.151205626127,922.99609375,30497029,0.0,0.0
2021-02-15 00:00:00+05:30,925.9120596441848,931.9023066479941,915.4912804005187,918.9271850585938,15791099,0.0,0.0
2021-02-16 00:00:00+05:30,922.1596941071082,940.0852332042867,920.0122312409022,931.0885620117188,21421660,0.0,0.0
2021-02-17 00:00:00+05:30,931.3145622056592,947.5673808469709,927.0648985056039,941.8258056640625,23742994,0.0,0.0
2021-02-18 00:00:00+05:30,942.6170730476118,953.1960612302947,930.9077907824258,934.7958374023438,18646877,0.0,0.0
2021-02-19 00:00:00+05:30,929.9582810747506,951.6361989280673,928.2855010996232,940.4920654296875,23403483,0.0,0.0
2021-02-22 00:00:00+05:30,940.3565295817307,944.8322641935673,901.9059058519754,907.8508911132812,23804335,0.0,0.0
2021-02-23 00:00:00+05:30,925.8894590449789,928.104725166095,910.3373940058692,914.79052734375,25644108,0.0,0.0
2021-02-24 00:00:00+05:30,917.7517117988956,933.6880546057714,916.0111285486003,931.7666625976562,10807663,0.0,0.0
2021-02-25 00:00:00+05:30,938.5481302628552,972.9072973506816,937.1918253231347,969.4487915039062,34855693,0.0,0.0
2021-02-26 00:00:00+05:30,957.0840553951484,964.7244220436136,936.1520313692303,942.9786987304688,37481215,0.0,0.0
2021-03-01 00:00:00+05:30,954.0097766433895,954.8235955204567,932.4448619132564,950.1669921875,17680764,0.0,0.0
2021-03-02 00:00:00+05:30,959.3445701991506,962.9612840328513,944.4706559316517,952.1110229492188,17150760,0.0,0.0
2021-03-03 00:00:00+05:30,958.9150141288941,1003.604556711421,952.6534939678749,995.5572509765625,31924461,0.0,0.0
2021-03-04 00:00:00+05:30,985.566009404768,990.0643453504127,975.4843054481141,983.6898193359375,21435754,0.0,0.0
2021-03-05 00:00:00+05:30,974.7156982402535,1000.0103911131015,973.3819943773017,984.9782104492188,25511666,0.0,0.0
2021-03-08 00:00:00+05:30,980.3668588173074,1009.0296528960343,980.140847853966,990.584228515625,19506841,0.0,0.0
2021-03-09 00:00:00+05:30,994.6077772046638,1000.8466959659821,970.4659807561518,990.5615234375,15154484,0.0,0.0
2021-03-10 00:00:00+05:30,997.7725125509124,1001.4344880673224,981.1580161491484,986.447509765625,11519358,0.0,0.0
2021-03-12 00:00:00+05:30,992.3473395946202,997.5012265658132,960.2034389996254,966.3971557617188,16864952,0.0,0.0
2021-03-15 00:00:00+05:30,967.5047514166312,971.5057431707803,940.5824823310239,953.4219970703125,16698099,0.0,0.0
2021-03-16 00:00:00+05:30,955.7276668553418,961.1528265564453,947.3639462479711,949.6696166992188,13873801,0.0,0.0
2021-03-17 00:00:00+05:30,948.5168480896517,950.7547154126657,920.0574633899375,929.21240234375,19210236,0.0,0.0
2021-03-18 00:00:00+05:30,937.1466428942947,942.5266007828862,904.6410639693158,908.3030395507812,20647480,0.0,0.0
2021-03-19 00:00:00+05:30,900.1201089134113,947.5222012688694,896.4129312135286,941.2606811523438,41787429,0.0,0.0
2021-03-22 00:00:00+05:30,936.2877046385843,937.6439498489664,919.1985246994151,932.399658203125,18572478,0.0,0.0
2021-03-23 00:00:00+05:30,932.1962392924557,953.7837548755801,929.5062902037772,943.7472534179688,17421165,0.0,0.0
2021-03-24 00:00:00+05:30,940.2434412059107,940.2434412059107,922.4535684696675,925.572998046875,16822814,0.0,0.0
2021-03-25 00:00:00+05:30,928.6020008707642,928.6020008707642,897.4074666851058,900.323486328125,22001648,0.0,0.0
2021-03-26 00:00:00+05:30,909.6140384352225,910.3825952690091,892.2988487881394,901.7702026367188,20180202,0.0,0.0
2021-03-30 00:00:00+05:30,907.8057415090251,926.2964291203267,900.3687844883596,917.4353637695312,20441701,0.0,0.0
2021-03-31 00:00:00+05:30,912.3266556514601,926.7484268455538,903.7368042537591,905.5903930664062,16250796,0.0,0.0
2021-04-01 00:00:00+05:30,912.3267370445645,917.7518376003915,905.6130749563613,914.0672607421875,11723312,0.0,0.0
2021-04-05 00:00:00+05:30,915.468685661672,915.4912867574654,887.0545641136406,900.8434448242188,14875099,0.0,0.0
2021-04-06 00:00:00+05:30,905.9973311804264,906.4268117914942,890.1739931107063,897.091064453125,14009194,0.0,0.0
2021-04-07 00:00:00+05:30,904.1889751154463,925.3922117747744,901.1599498485795,905.4774169921875,24266353,0.0,0.0
2021-04-08 00:00:00+05:30,909.161947298466,914.134965570856,901.0242375500038,906.6076049804688,15369188,0.0,0.0
2021-04-09 00:00:00+05:30,903.4882694588225,907.0597810234093,895.1470891930114,896.0739135742188,14037885,0.0,0.0
2021-04-12 00:00:00+05:30,885.6531034437179,886.7381354724674,859.092569314489,864.0203857421875,20901482,0.0,0.0
2021-04-13 00:00:00+05:30,869.8297710689765,877.3345909386874,867.0494175809116,873.3561401367188,19411189,0.0,0.0
2021-04-15 00:00:00+05:30,870.8696137179597,886.5572866025193,864.8567651279209,879.00732421875,19723716,0.0,0.0
2021-04-16 00:00:00+05:30,875.5262177763409,881.5390663711252,870.9374176977452,873.4917602539062,15656948,0.0,0.0
2021-04-19 00:00:00+05:30,860.7878155838323,866.3937840138607,854.4584925311386,859.7479858398438,18478808,0.0,0.0
2021-04-20 00:00:00+05:30,863.7265135314487,867.5692979385896,854.6620386334968,859.4994506835938,17203668,0.0,0.0
2021-04-22 00:00:00+05:30,855.4757978933291,865.5122993393733,848.4457206825656,861.8729248046875,14490954,0.0,0.0
2021-04-23 00:00:00+05:30,861.6920616945575,867.5240412298707,856.8772510440468,860.9461059570312,11828857,0.0,0.0
2021-04-26 00:00:00+05:30,868.0214611372398,887.009432468094,864.1786168428764,876.09130859375,20846778,0.0,0.0
2021-04-27 00:00:00+05:30,877.0632838684486,902.9230635972782,876.2721259165089,899.0576782226562,19992524,0.0,0.0
2021-04-28 00:00:00+05:30,903.2169946198143,907.8057349470508,895.2149504192688,902.9683227539062,17122437,0.0,0.0
2021-04-29 00:00:00+05:30,914.5418228142728,924.3071101494421,907.4892049813125,915.061767578125,17412606,0.0,0.0
2021-04-30 00:00:00+05:30,908.0317772207288,920.4643536745053,898.560422802174,901.7024536132812,19828769,0.0,0.0
2021-05-03 00:00:00+05:30,888.8176898288589,894.694931402426,878.4647735789127,885.6756591796875,23640186,0.0,0.0
2021-05-04 00:00:00+05:30,881.5841748602334,889.6314801220831,863.9525104962308,866.4841918945312,21849830,0.0,0.0
2021-05-05 00:00:00+05:30,869.5359608771865,876.3851695878805,862.6188890834678,868.066650390625,12393609,0.0,0.0
2021-05-06 00:00:00+05:30,868.8577266533403,874.8027713321648,861.9632566053612,872.994384765625,14624666,0.0,0.0
2021-05-07 00:00:00+05:30,876.0460461569817,884.1385539458623,870.7339515107024,873.33349609375,12288548,0.0,0.0
2021-05-10 00:00:00+05:30,876.6112394064589,880.1375486956467,868.4509278987806,870.8244018554688,13941237,0.0,0.0
2021-05-11 00:00:00+05:30,865.7609175424138,876.4077077397344,863.5003894405297,873.9664306640625,13478264,0.0,0.0
2021-05-12 00:00:00+05:30,872.5875881395531,873.8534289607308,862.1442070432341,864.924560546875,13177961,0.0,0.0
2021-05-14 00:00:00+05:30,871.66073103329,877.9674533875145,861.6920929367425,875.8426513671875,13291616,0.0,0.0
2021-05-17 00:00:00+05:30,875.8426481648917,887.6648750814317,872.7231587481934,886.263427734375,11873078,0.0,0.0
2021-05-18 00:00:00+05:30,895.599180198553,905.3644084449148,891.7563360953585,898.7412109375,12064918,0.0,0.0
2021-05-19 00:00:00+05:30,895.147055983987,911.6259462333189,891.5303423580928,902.8552856445312,16317002,0.0,0.0
2021-05-20 00:00:00+05:30,903.2395499123571,909.1167916752129,895.5991834536533,897.58837890625,11422532,0.0,0.0
2021-05-21 00:00:00+05:30,900.5721882893296,908.5290297700088,897.8596382058893,905.341796875,10785605,0.0,0.0
2021-05-24 00:00:00+05:30,907.8057208929531,908.619539771163,896.0512967443859,897.701416015625,8551760,0.0,0.0
2021-05-25 00:00:00+05:30,902.561356005231,902.8326289426255,886.1051276575948,887.5292358398438,14780102,0.0,0.0
2021-05-26 00:00:00+05:30,892.8866100732454,894.9210675934472,888.5013394594746,890.6487426757812,7480204,0.0,0.0
2021-05-27 00:00:00+05:30,890.7617654122661,901.02427753925,887.1223909802007,893.3839111328125,26819294,0.0,0.0
2021-05-28 00:00:00+05:30,899.6680537301925,951.6588876556775,899.6680537301925,947.0475463867188,56469931,0.0,0.0
2021-05-31 00:00:00+05:30,950.3026042061992,990.8554902658328,942.6396363479088,976.6597290039062,59124142,0.0,0.0
2021-06-01 00:00:00+05:30,979.2366267369413,995.5120469480432,970.4207641573843,980.5477294921875,28013832,0.0,0.0
2021-06-02 00:00:00+05:30,975.1677745472037,998.9027524595355,975.1677745472037,995.1729736328125,24630162,0.0,0.0
2021-06-03 00:00:00+05:30,1004.101807365026,1017.2125961230607,992.844727101607,998.9705810546875,23974257,0.0,0.0
2021-06-04 00:00:00+05:30,1001.2987936968443,1002.0447494370576,987.4873119550551,990.3129272460938,14468646,0.0,0.0
2021-06-07 00:00:00+05:30,995.51202774388,1013.5957744818021,987.8263995055077,1006.9951782226562,16336573,0.0,0.0
2021-06-08 00:00:00+05:30,1006.6335951404066,1006.8822072043309,993.7714784123597,1001.2084350585938,9674735,0.0,0.0
2021-06-09 00:00:00+05:30,1003.1976146938862,1004.101778130955,975.5972514805421,983.3054809570312,11409161,0.0,0.0
2021-06-10 00:00:00+05:30,991.6240480133432,1008.1707419623538,984.458364083896,986.9223022460938,14155653,0.0,0.0
2021-06-11 00:00:00+05:30,990.3175831335451,1010.7781440273797,989.0472692866479,1004.0410766601562,13762778,3.5,0.0
2021-06-14 00:00:00+05:30,1004.8803953319537,1024.5016199542654,995.8296193272754,1018.4451293945312,20332436,0.0,0.0
2021-06-15 00:00:00+05:30,1025.7491432308382,1032.0551118975761,1016.3581098932502,1020.7587280273438,15174215,0.0,0.0
2021-06-16 00:00:00+05:30,1018.4450956537571,1019.4204508802959,1000.7292223565621,1003.3378295898438,10797349,0.0,0.0
2021-06-17 00:00:00+05:30,998.0752258558758,1013.9537276761512,988.9564707531698,1005.1751708984375,15745975,0.0,0.0
2021-06-18 00:00:00+05:30,1009.6438743944354,1013.953773368346,990.9753254700224,1009.7119140625,29369026,0.0,0.0
2021-06-21 00:00:00+05:30,999.6630417893901,1019.6244619843778,998.1432493881931,1014.974365234375,12186448,0.0,0.0
2021-06-22 00:00:00+05:30,1022.5733787140317,1025.749162995304,1006.8536965195062,1009.7572021484375,12871913,0.0,0.0
2021-06-23 00:00:00+05:30,1020.7588226332228,1021.030981306138,998.8465094808122,1000.50244140625,16653951,0.0,0.0
2021-06-24 00:00:00+05:30,1001.182956193028,1004.698879042228,970.8550841334938,976.9796142578125,91461975,0.0,0.0
2021-06-25 00:00:00+05:30,976.9796224182647,976.9796224182647,944.1338623667268,954.72705078125,55355022,0.0,0.0
2021-06-28 00:00:00+05:30,962.6890333888502,964.7305234927777,944.0885235543591,946.3568725585938,20277042,0.0,0.0
2021-06-29 00:00:00+05:30,947.9446981700697,956.791295223962,945.4949100626499,947.1734619140625,27144063,0.0,0.0
2021-06-30 00:00:00+05:30,951.0069676413667,962.9838695537093,948.6478990827868,957.5398559570312,19762858,0.0,0.0
2021-07-01 00:00:00+05:30,960.8742734989673,963.2106620063684,950.4398448254929,951.7781982421875,12534407,0.0,0.0
2021-07-02 00:00:00+05:30,951.347240435298,967.6340416920242,949.5098693186026,965.8873901367188,14086620,0.0,0.0
2021-07-05 00:00:00+05:30,969.2445541034136,977.0023365977436,966.9988849602953,975.4825439453125,11702287,0.0,0.0
2021-07-06 00:00:00+05:30,973.1007852596043,974.8927365774766,961.8724396617129,963.9592895507812,10070124,0.0,0.0
2021-07-07 00:00:00+05:30,965.2975786835108,965.2975786835108,951.8008849761212,957.267578125,10454892,0.0,0.0
2021-07-08 00:00:00+05:30,960.397918646529,960.397918646529,944.0884391642036,949.3510131835938,11185460,0.0,0.0
2021-07-09 00:00:00+05:30,947.2641599168724,948.9427717297938,937.3288083744748,939.6425170898438,9037675,0.0,0.0
2021-07-12 00:00:00+05:30,943.5214236123699,953.3887959615458,941.1396751141431,945.4949340820312,8585292,0.0,0.0
2021-07-13 00:00:00+05:30,952.7082228894927,954.0919361255064,947.286829390816,952.5721435546875,6717133,0.0,0.0
2021-07-14 00:00:00+05:30,952.8670210008111,955.8158867062579,944.2019230046582,946.3568725585938,8532544,0.0,0.0
2021-07-15 00:00:00+05:30,950.4398394725823,950.4398394725823,942.9542763359186,944.700927734375,9448356,0.0,0.0
2021-07-16 00:00:00+05:30,947.1506945205579,959.3998139251347,947.0826548571447,958.3336791992188,8828185,0.0,0.0
2021-07-19 00:00:00+05:30,952.7081491580982,963.5962350913694,949.1922266170375,952.2318115234375,8354449,0.0,0.0
2021-07-20 00:00:00+05:30,952.4813741641899,956.3376153549366,945.449528462814,949.8954467773438,6741464,0.0,0.0
2021-07-22 00:00:00+05:30,961.3279459108376,963.5509350099074,951.8689322952517,962.0991821289062,7972397,0.0,0.0
2021-07-23 00:00:00+05:30,968.3372262303043,968.3372262303043,953.6382574798362,955.294189453125,9937030,0.0,0.0
2021-07-26 00:00:00+05:30,956.3376003604396,962.23527150141,939.5971422763969,942.2057495117188,12389668,0.0,0.0
2021-07-27 00:00:00+05:30,942.1830198324392,945.3133243495199,926.3952979206958,932.29296875,10824523,0.0,0.0
2021-07-28 00:00:00+05:30,933.6539992012652,933.6539992012652,914.7132329420608,924.2857055664062,12897848,0.0,0.0
2021-07-29 00:00:00+05:30,931.8394038587571,941.0942990050909,927.0304871650768,931.4991455078125,13765738,0.0,0.0
2021-07-30 00:00:00+05:30,933.6540636690338,938.1680816401469,921.4503032246806,923.3557739257812,11350608,0.0,0.0
2021-08-02 00:00:00+05:30,931.9755002020349,943.3626044893097,926.0097293902588,940.2322998046875,10925104,0.0,0.0
2021-08-03 00:00:00+05:30,948.171531853404,948.6251896390423,936.466848985459,947.1507568359375,11817299,0.0,0.0
2021-08-04 00:00:00+05:30,950.1676864946347,959.059643320055,946.8105227952235,954.4095458984375,13169800,0.0,0.0
2021-08-05 00:00:00+05:30,959.1956842689026,977.5693343209166,954.636306589282,968.2464599609375,21252078,0.0,0.0
2021-08-06 00:00:00+05:30,966.2956909290824,974.0081136632134,943.0677631647501,947.7406005859375,16620987,0.0,0.0
2021-08-09 00:00:00+05:30,944.0884482688649,948.0807685978259,937.5102006813356,942.341796875,7494143,0.0,0.0
2021-08-10 00:00:00+05:30,944.5421785473349,958.605990331548,940.7993967015034,947.286865234375,11919198,0.0,0.0
2021-08-11 00:00:00+05:30,951.3244870096147,961.7815956433682,945.1772772052553,960.5567016601562,9184963,0.0,0.0
2021-08-12 00:00:00+05:30,964.0045685230363,964.5943656159884,954.9765330212721,957.4717407226562,8137612,0.0,0.0
2021-08-13 00:00:00+05:30,960.5566764057841,975.3463633686846,956.7685351130666,973.418212890625,12780901,0.0,0.0
2021-08-16 00:00:00+05:30,975.0969126667964,999.4363346676968,965.4790792946776,986.0530395507812,21935444,0.0,0.0
2021-08-17 00:00:00+05:30,983.9434771962332,991.3609409902682,974.4163636997749,981.8565673828125,12658169,0.0,0.0
2021-08-18 00:00:00+05:30,986.2798353899484,992.0867868661821,976.5712830783917,985.6673583984375,10075860,0.0,0.0
2021-08-20 00:00:00+05:30,972.2160310388304,985.3724665032457,969.4940243909492,974.5978393554688,9426282,0.0,0.0
2021-08-23 00:00:00+05:30,986.2798218372815,986.2798218372815,967.3617350229495,980.9945678710938,9854395,0.0,0.0
2021-08-24 00:00:00+05:30,982.2195022852295,994.4459425643901,977.9322832264286,990.6804809570312,11864472,0.0,0.0
2021-08-25 00:00:00+05:30,991.4516791561853,1007.1486818809934,989.0471909933038,999.2547607421875,13380559,0.0,0.0
2021-08-26 00:00:00+05:30,1001.7046362265888,1018.4450942748737,1000.3436028894303,1011.8895263671875,18589616,0.0,0.0
2021-08-27 00:00:00+05:30,1014.8610569551935,1017.4697241464396,1005.3566836223878,1010.5057983398438,10480636,0.0,0.0
2021-08-30 00:00:00+05:30,1020.7587619826127,1032.4861841012025,1014.7703115389766,1029.945556640625,14027062,0.0,0.0
2021-08-31 00:00:00+05:30,1032.962577800522,1036.0702028117817,1017.2428936199213,1024.456298828125,26485463,0.0,0.0
2021-09-01 00:00:00+05:30,1031.1931862702022,1040.221221674899,1026.6564886798844,1028.5164794921875,11145486,0.0,0.0
2021-09-02 00:00:00+05:30,1023.0271017772,1046.9809033407823,1023.0271017772,1040.9017333984375,9956770,0.0,0.0
2021-09-03 00:00:00+05:30,1047.9789778308757,1086.5410286165963,1044.5765145259068,1083.5921630859375,30664428,0.0,0.0
2021-09-06 00:00:00+05:30,1094.7070482072393,1125.1030173864278,1094.2533304585272,1100.42333984375,33641710,0.0,0.0
2021-09-07 00:00:00+05:30,1102.4195678518165,1115.1223466418694,1094.2534872011092,1107.3646240234375,17349882,0.0,0.0
2021-09-08 00:00:00+05:30,1112.4003367486234,1113.3076523252155,1091.826317052513,1103.031982421875,14301651,0.0,0.0
2021-09-09 00:00:00+05:30,1101.4667346665617,1105.9807522685987,1096.1134412289016,1100.42333984375,8963249,0.0,0.0
2021-09-13 00:00:00+05:30,1103.7806138745893,1103.7806138745893,1074.3147555236976,1075.902587890625,16311160,0.0,0.0
2021-09-14 00:00:00+05:30,1077.4676391860557,1086.0873169398546,1073.3845391978784,1074.49609375,8908356,0.0,0.0
2021-09-15 00:00:00+05:30,1074.5187435943387,1086.8812026585956,1074.5187435943387,1078.9647216796875,9071075,0.0,0.0
2021-09-16 00:00:00+05:30,1080.4392085312288,1105.4817663484532,1073.8382807371916,1101.6029052734375,13448882,0.0,0.0
2021-09-17 00:00:00+05:30,1109.678294714039,1114.146953027571,1077.7398497118077,1084.522216796875,34882133,0.0,0.0
2021-09-20 00:00:00+05:30,1076.1518641748655,1097.1341193597939,1075.1991889338738,1086.24609375,11779819,0.0,0.0
2021-09-21 00:00:00+05:30,1091.0778518088769,1096.3404265918434,1081.5507374605916,1090.9417724609375,9915736,0.0,0.0
2021-09-22 00:00:00+05:30,1092.438732643565,1107.8634565766117,1088.015434457039,1102.6463623046875,10995912,0.0,0.0
2021-09-23 00:00:00+05:30,1110.3134559185507,1132.8155068026304,1109.4515000983076,1129.594482421875,15748397,0.0,0.0
2021-09-24 00:00:00+05:30,1135.7870772683418,1136.6490331074629,1121.4737863622195,1126.3280029296875,15192163,0.0,0.0
2021-09-27 00:00:00+05:30,1128.2787992876197,1147.7412647470014,1122.9708650713717,1145.2686767578125,15373834,0.0,0.0
2021-09-28 00:00:00+05:30,1149.601091599394,1163.619541502326,1139.9832596918595,1155.9752197265625,18035258,0.0,0.0
2021-09-29 00:00:00+05:30,1165.9333024709279,1165.9333024709279,1143.2724947616352,1146.8111572265625,9719875,0.0,0.0
2021-09-30 00:00:00+05:30,1145.5182130843677,1149.8734716908425,1134.3352280164613,1142.9095458984375,13590654,0.0,0.0
2021-10-01 00:00:00+05:30,1135.0611548282898,1152.2325912423662,1131.908170176169,1144.928466796875,8958928,0.0,0.0
2021-10-04 00:00:00+05:30,1158.220951482204,1168.1336224545018,1150.9848672716078,1159.6500244140625,10918552,0.0,0.0
2021-10-05 00:00:00+05:30,1159.173685308526,1184.9875989374764,1155.6577025208885,1183.71728515625,13533634,0.0,0.0
2021-10-06 00:00:00+05:30,1188.594159299532,1188.594159299532,1157.3590327875975,1161.32861328125,10258881,0.0,0.0
2021-10-07 00:00:00+05:30,1177.2750863399842,1178.976437967215,1164.8899472902972,1167.022216796875,6336665,0.0,0.0
2021-10-08 00:00:00+05:30,1172.8519039343876,1217.8334470113828,1171.1506721385595,1211.86767578125,15772493,0.0,0.0
2021-10-11 00:00:00+05:30,1225.5456904072748,1233.9839288917756,1200.1174555122802,1203.42919921875,14768666,0.0,0.0
2021-10-12 00:00:00+05:30,1199.9586573193853,1217.198131942534,1198.2573057451664,1210.30224609375,6682011,0.0,0.0
2021-10-13 00:00:00+05:30,1215.3834224249024,1233.7571320581694,1210.9828040683,1222.6195068359375,9959762,0.0,0.0
2021-10-14 00:00:00+05:30,1225.0693611259426,1232.8272033909323,1219.1035901441182,1225.092041015625,8623469,0.0,0.0
2021-10-18 00:00:00+05:30,1210.6653269240949,1245.3257176374088,1207.8071808837203,1228.3585205078125,13594479,0.0,0.0
2021-10-19 00:00:00+05:30,1235.7079230751222,1248.2065824187812,1228.5399978612625,1239.3599853515625,8833409,0.0,0.0
2021-10-20 00:00:00+05:30,1244.3050275615149,1244.3050275615149,1221.054420655061,1225.092041015625,12710570,0.0,0.0
2021-10-21 00:00:00+05:30,1237.3411857779136,1237.6133444462607,1180.9952214746943,1189.7510986328125,20831669,0.0,0.0
2021-10-22 00:00:00+05:30,1188.6167757000098,1208.986674515174,1184.760594855089,1191.9739990234375,11027475,0.0,0.0
2021-10-25 00:00:00+05:30,1215.8372151225146,1215.8372151225146,1165.9334174870412,1180.360107421875,17198417,0.0,0.0
2021-10-26 00:00:00+05:30,1187.3012488308545,1210.8013326236435,1180.9724801264265,1207.239990234375,9750178,0.0,0.0
2021-10-27 00:00:00+05:30,1203.134303586069,1214.385327698063,1188.5940958126694,1191.9739990234375,9896298,0.0,0.0
2021-10-28 00:00:00+05:30,1188.6170008788986,1196.760401970351,1175.23382482269,1178.908447265625,9886181,0.0,0.0
2021-10-29 00:00:00+05:30,1177.7968978256529,1177.7968978256529,1134.9477467303434,1150.6220703125,14233025,0.0,0.0
2021-11-01 00:00:00+05:30,1150.6221207803,1159.5821174901623,1131.499853169352,1151.3253173828125,15481114,0.0,0.0
2021-11-02 00:00:00+05:30,1154.5915674280677,1155.9526006940841,1132.0214790980788,1134.539306640625,10569130,0.0,0.0
2021-11-03 00:00:00+05:30,1136.921158663455,1143.249927928461,1116.4833379175552,1126.736328125,11989430,0.0,0.0
2021-11-04 00:00:00+05:30,1130.9780781302939,1136.3995318524167,1129.639844616734,1133.65478515625,1705656,0.0,0.0
2021-11-08 00:00:00+05:30,1142.9776387079917,1143.2499173831877,1114.3964177732805,1135.0611572265625,20337183,0.0,0.0
2021-11-09 00:00:00+05:30,1136.444835262236,1147.2875021698235,1128.3014351373665,1144.0211181640625,15682497,0.0,0.0
2021-11-10 00:00:00+05:30,1141.7527294724612,1160.4893170734067,1135.832318668832,1156.8145751953125,10253470,0.0,0.0
2021-11-11 00:00:00+05:30,1152.3459466087186,1166.1601588364083,1150.304396624531,1158.9241943359375,10722478,0.0,0.0
2021-11-12 00:00:00+05:30,1162.7122738825058,1178.976393225558,1160.0355671568177,1176.4130859375,8712341,0.0,0.0
2021-11-15 00:00:00+05:30,1179.5435998104756,1180.5417550376255,1165.933504889473,1169.47216796875,4803269,0.0,0.0
2021-11-16 00:00:00+05:30,1166.8634016640287,1168.2017551511665,1131.9081717675208,1142.2972412109375,11337581,0.0,0.0
2021-11-17 00:00:00+05:30,1133.7001231943314,1133.7001231943314,1116.483326974616,1117.8443603515625,10202029,0.0,0.0
2021-11-18 00:00:00+05:30,1116.0295442051852,1129.1860394171172,1111.5155264340908,1122.0633544921875,8505625,0.0,0.0
2021-11-22 00:00:00+05:30,1105.1868469875944,1111.03921800598,1066.5794381759242,1072.36376953125,24124307,0.0,0.0
2021-11-23 00:00:00+05:30,1058.4360900338925,1089.3764983198005,1047.525383533766,1082.389892578125,25326999,0.0,0.0
2021-11-24 00:00:00+05:30,1079.7360454966272,1093.3007797355112,1063.1997656636393,1066.7611083984375,16820296,0.0,0.0
2021-11-25 00:00:00+05:30,1076.5604497476868,1135.0839297720584,1069.369724148032,1130.9781494140625,42401936,0.0,0.0
2021-11-26 00:00:00+05:30,1119.5683159580617,1124.0142944977774,1089.4899811431126,1094.5257568359375,15763138,0.0,0.0
2021-11-29 00:00:00+05:30,1106.5480860094972,1134.1766343272836,1088.4011725006771,1107.6368408203125,24325354,0.0,0.0
2021-11-30 00:00:00+05:30,1119.6589356576044,1123.2429580382332,1083.750912184625,1091.2591552734375,32172299,0.0,0.0
2021-12-01 00:00:00+05:30,1103.7804783108243,1122.3809866094518,1100.1964559802211,1119.205322265625,10104610,0.0,0.0
2021-12-02 00:00:00+05:30,1120.4302251383567,1132.4524866074714,1116.755483028993,1126.39599609375,12720411,0.0,0.0
2021-12-03 00:00:00+05:30,1133.450688671107,1133.496048452149,1088.8094641606947,1092.55224609375,19222481,0.0,0.0
2021-12-06 00:00:00+05:30,1096.0681216985088,1100.1511015892145,1069.3695731929035,1071.842041015625,10332254,0.0,0.0
2021-12-07 00:00:00+05:30,1077.9894499286415,1090.6240686293797,1070.6626454760303,1080.5753173828125,11235122,0.0,0.0
2021-12-08 00:00:00+05:30,1099.7428184347427,1103.2360010868276,1091.6674585387602,1097.020751953125,8744178,0.0,0.0
2021-12-09 00:00:00+05:30,1104.6878349956778,1122.789266429196,1100.1511371927822,1114.4190673828125,13213547,0.0,0.0
2021-12-10 00:00:00+05:30,1107.0695047674296,1118.7515667804223,1102.5781670613735,1115.55322265625,8364414,0.0,0.0
2021-12-13 00:00:00+05:30,1122.1542774372697,1122.4264361172723,1090.6240703619908,1093.1873779296875,12901733,0.0,0.0
2021-12-14 00:00:00+05:30,1079.7360374787954,1091.5315002074242,1076.741812016877,1079.8040771484375,12991523,0.0,0.0
2021-12-15 00:00:00+05:30,1081.5505767709858,1091.0776897037958,1071.161508096531,1076.6510009765625,9366969,0.0,0.0
2021-12-16 00:00:00+05:30,1091.3952092478196,1095.8411872877034,1074.5867722700993,1090.57861328125,9761279,0.0,0.0
2021-12-17 00:00:00+05:30,1087.9247673537157,1092.438785310481,1052.5157002662684,1061.7933349609375,21049821,0.0,0.0
2021-12-20 00:00:00+05:30,1051.5403382041497,1051.5403382041497,1019.4431351522567,1033.166748046875,14325846,0.0,0.0
2021-12-21 00:00:00+05:30,1048.5915023576122,1064.3111859376477,1039.9037845922462,1048.546142578125,12836561,0.0,0.0
2021-12-22 00:00:00+05:30,1054.738702680067,1076.061278824112,1053.4231490877391,1073.429931640625,17658543,0.0,0.0
2021-12-23 00:00:00+05:30,1077.0138919594428,1079.7359585437944,1069.7779276217425,1073.0443115234375,9072401,0.0,0.0
2021-12-24 00:00:00+05:30,1075.1994126439374,1085.1801248627735,1060.4777631216284,1076.4697265625,7886494,0.0,0.0
2021-12-27 00:00:00+05:30,1071.3657216630118,1078.8286046167207,1065.2638719530355,1075.3126220703125,4017223,0.0,0.0
2021-12-28 00:00:00+05:30,1077.7397868948258,1091.0096817223698,1076.5829925761916,1088.08349609375,6374613,0.0,0.0
2021-12-29 00:00:00+05:30,1084.7263891554169,1097.4291667281232,1080.6886489987298,1089.943603515625,15425312,0.0,0.0
2021-12-30 00:00:00+05:30,1088.8094221770962,1091.0550912503381,1064.1297422610803,1070.2542724609375,29333171,0.0,0.0
2021-12-31 00:00:00+05:30,1076.5604168283392,1081.5053530206153,1070.6626852233599,1074.360107421875,9477290,0.0,0.0
2022-01-03 00:00:00+05:30,1072.9309957634175,1092.4161412509957,1072.2731589542457,1090.5560302734375,5421611,0.0,0.0
2022-01-04 00:00:00+05:30,1096.0227765742875,1116.48327607676,1090.6240030918896,1115.1676025390625,10847728,0.0,0.0
2022-01-05 00:00:00+05:30,1116.9370644124485,1123.742111417458,1103.7578883130784,1120.3848876953125,11643813,0.0,0.0
2022-01-06 00:00:00+05:30,1112.037408183249,1113.3077220697073,1092.8924603206644,1096.2950439453125,14447422,0.0,0.0
2022-01-07 00:00:00+05:30,1102.8504508536291,1115.1448698843678,1094.049214499846,1105.1414794921875,13112115,0.0,0.0
2022-01-10 00:00:00+05:30,1112.4002768177888,1114.6686256367686,1096.0907972095779,1106.048828125,9246731,0.0,0.0
2022-01-11 00:00:00+05:30,1105.1414662771888,1122.8118584366368,1104.6877485326463,1114.0107421875,16205164,0.0,0.0
2022-01-12 00:00:00+05:30,1121.1560111142214,1145.495490651957,1118.297865259911,1143.748779296875,14800442,0.0,0.0
2022-01-13 00:00:00+05:30,1143.817031072343,1152.7770274486074,1137.9873394554934,1150.1910400390625,11856712,0.0,0.0
2022-01-14 00:00:00+05:30,1150.0548758048285,1164.7083633793425,1145.903736322012,1151.8695068359375,19930176,0.0,0.0
2022-01-17 00:00:00+05:30,1151.4160086975573,1163.6650692158396,1150.9622909008212,1157.8807373046875,8036453,0.0,0.0
2022-01-18 00:00:00+05:30,1159.0149757817057,1162.4627990508513,1141.3217816394283,1144.0665283203125,6215029,0.0,0.0
2022-01-19 00:00:00+05:30,1147.7865291798503,1153.230542282846,1138.2594162500525,1143.9757080078125,9755485,0.0,0.0
2022-01-20 00:00:00+05:30,1134.1991567008,1138.69049467058,1113.7612169498375,1123.9461669921875,16494486,0.0,0.0
2022-01-21 00:00:00+05:30,1112.4003822410398,1135.1972720323593,1112.4003822410398,1124.127685546875,13338594,0.0,0.0
2022-01-24 00:00:00+05:30,1122.8346298026356,1136.3314438087923,1068.4396157717774,1078.7833251953125,21868937,0.0,0.0
2022-01-25 00:00:00+05:30,1065.9216389220094,1083.6601917025223,1045.7106182984846,1076.6737060546875,24510205,0.0,0.0
2022-01-27 00:00:00+05:30,1059.7743755137158,1068.8931302158107,1048.4553117417745,1060.72705078125,20020431,0.0,0.0
2022-01-28 00:00:00+05:30,1072.931079859867,1077.8760162621095,1056.3267590974347,1059.70654296875,14667727,0.0,0.0
2022-01-31 00:00:00+05:30,1070.7533231857128,1091.7129006771215,1068.9385720612536,1082.730224609375,12143683,0.0,0.0
2022-02-01 00:00:00+05:30,1092.4388156926314,1098.1549879379104,1064.8102698422947,1079.146240234375,13200509,0.0,0.0
2022-02-02 00:00:00+05:30,1091.98510604136,1091.98510604136,1077.5130562020545,1081.3465576171875,10017691,0.0,0.0
2022-02-03 00:00:00+05:30,1085.1800058872784,1089.4672248928214,1064.8555854157078,1067.3734130859375,9572839,0.0,0.0
2022-02-04 00:00:00+05:30,1062.0428304939996,1065.4227340422794,1053.0147944380717,1057.6422119140625,11061241,0.0,0.0
2022-02-07 00:00:00+05:30,1062.4964572894364,1069.2107840323297,1045.710580432501,1051.2000732421875,10714467,0.0,0.0
2022-02-08 00:00:00+05:30,1057.3474210382585,1070.662676826649,1047.9790662162973,1068.87060546875,12060849,0.0,0.0
2022-02-09 00:00:00+05:30,1075.7209598324755,1083.0024043623205,1069.7553088929953,1081.3238525390625,11486225,0.0,0.0
2022-02-10 00:00:00+05:30,1086.858692693553,1086.858692693553,1072.9764389501001,1080.2125244140625,12464491,0.0,0.0
2022-02-11 00:00:00+05:30,1076.6738321327668,1081.7776476352446,1063.449295608489,1078.1029052734375,15943370,0.0,0.0
2022-02-14 00:00:00+05:30,1061.7026327307954,1068.371600273166,1049.3400528990346,1060.931396484375,10719633,0.0,0.0
2022-02-15 00:00:00+05:30,1066.6701878953497,1099.6521454977362,1059.638342518974,1096.9527587890625,11212671,0.0,0.0
2022-02-16 00:00:00+05:30,1102.4194904266576,1103.7805237727578,1086.9720859468387,1094.6844482421875,10392840,0.0,0.0
2022-02-17 00:00:00+05:30,1097.9280779318608,1113.71579967732,1093.3460206436107,1108.5439453125,12853252,0.0,0.0
2022-02-18 00:00:00+05:30,1108.9524243368926,1114.396437946957,1097.9508776670511,1099.8790283203125,6775458,0.0,0.0
2022-02-21 00:00:00+05:30,1094.2534112537028,1105.8220747056992,1081.8229120143876,1088.7640380859375,11107193,0.0,0.0
2022-02-22 00:00:00+05:30,1067.4414499697677,1086.949394388751,1064.8329027505913,1083.8189697265625,13494914,0.0,0.0
2022-02-23 00:00:00+05:30,1089.3084811732604,1091.7809491008045,1074.29199449509,1077.03662109375,7310110,0.0,0.0
2022-02-24 00:00:00+05:30,1045.7105993037321,1061.543801165148,1017.7645372206073,1023.3673095703125,24846650,0.0,0.0
2022-02-25 00:00:00+05:30,1034.414299220274,1047.0490378945171,1032.6677076977778,1036.1610107421875,14570089,0.0,0.0
2022-02-28 00:00:00+05:30,1017.5831521602104,1073.9970367476901,1017.5831521602104,1070.4583740234375,21297446,0.0,0.0
2022-03-02 00:00:00+05:30,1059.0711933226598,1089.263043751131,1056.6894451219273,1088.1514892578125,21471786,0.0,0.0
2022-03-03 00:00:00+05:30,1088.8093531545574,1095.5463599472066,1075.2219401282157,1078.9647216796875,10186748,0.0,0.0
2022-03-04 00:00:00+05:30,1067.48687110653,1072.6133662834545,1052.6746228291297,1055.03369140625,10805667,0.0,0.0
2022-03-07 00:00:00+05:30,1033.7791808608433,1048.9318678787804,1008.0561047545896,1016.01806640625,17983310,0.0,0.0
2022-03-08 00:00:00+05:30,1003.292455435315,1018.9441586104327,989.0018455794013,1014.1805419921875,21289374,0.0,0.0
2022-03-09 00:00:00+05:30,1014.4074247371528,1073.8382109094396,1013.5680288871529,1067.98583984375,20414228,0.0,0.0
2022-03-10 00:00:00+05:30,1088.809439981015,1091.077788980995,1070.6626479811762,1085.29345703125,17980493,0.0,0.0
2022-03-11 00:00:00+05:30,1077.9439174120948,1093.7997997085236,1077.9439174120948,1088.4237060546875,12257423,0.0,0.0
2022-03-14 00:00:00+05:30,1082.8662337441897,1099.8789094361127,1077.0138627462204,1097.3609619140625,8340678,0.0,0.0
2022-03-15 00:00:00+05:30,1101.4895208336175,1101.4895208336175,1061.97479308783,1072.227783203125,15925769,0.0,0.0
2022-03-16 00:00:00+05:30,1080.643229696858,1092.3933313042212,1078.4202407440976,1090.3291015625,11149828,0.0,0.0
2022-03-17 00:00:00+05:30,1103.6670574908808,1132.996832325578,1095.6597371224527,1125.874267578125,21422098,0.0,0.0
2022-03-21 00:00:00+05:30,1108.7708514909257,1126.9176413354564,1106.5025027603594,1119.38671875,11999466,0.0,0.0
2022-03-22 00:00:00+05:30,1116.0749470949313,1150.0322611867093,1113.1262015018758,1148.308349609375,22557065,0.0,0.0
2022-03-23 00:00:00+05:30,1144.6109628301383,1163.5970306513918,1144.6109628301383,1151.9603271484375,15462187,0.0,0.0
2022-03-24 00:00:00+05:30,1138.7131377177052,1172.3528116251778,1138.7131377177052,1169.8575439453125,13168266,0.0,0.0
2022-03-25 00:00:00+05:30,1171.6042763959329,1186.8022016310779,1169.1090086711827,1177.6607666015625,14222488,0.0,0.0
2022-03-28 00:00:00+05:30,1184.0800120770307,1193.0400070687886,1173.4187856309738,1189.50146484375,9891424,0.0,0.0
2022-03-29 00:00:00+05:30,1196.7829695639834,1196.7829695639834,1182.900717194946,1189.7738037109375,8684065,0.0,0.0
2022-03-30 00:00:00+05:30,1197.6449877132543,1219.4665203536201,1187.3012786032098,1212.6387939453125,15811550,0.0,0.0
2022-03-31 00:00:00+05:30,1209.0094041862487,1211.1643535705518,1192.5184854236984,1195.3084716796875,13223718,0.0,0.0
2022-04-01 00:00:00+05:30,1195.8755043735282,1209.1000382923396,1189.5241761102477,1204.880859375,7922880,0.0,0.0
2022-04-04 00:00:00+05:30,1204.6996009533525,1213.568877964941,1198.43899129784,1208.4423828125,7929162,0.0,0.0
2022-04-05 00:00:00+05:30,1202.7261195279227,1211.2551983941325,1188.9345860413239,1191.3616943359375,13149870,0.0,0.0
2022-04-06 00:00:00+05:30,1173.6913049938537,1195.195201385123,1173.6913049938537,1188.18603515625,12257215,0.0,0.0
2022-04-07 00:00:00+05:30,1177.320428533018,1182.2654841233275,1164.5722914601326,1167.226318359375,15496499,0.0,0.0
2022-04-08 00:00:00+05:30,1161.3967564981385,1190.8854142213952,1161.3967564981385,1186.6435546875,15152495,0.0,0.0
2022-04-11 00:00:00+05:30,1179.5434830930776,1197.0325577354995,1171.83112073421,1184.1710205078125,9254209,0.0,0.0
2022-04-12 00:00:00+05:30,1173.6457089868422,1180.7230341864451,1159.3097394792132,1161.873046875,13217742,0.0,0.0
2022-04-13 00:00:00+05:30,1167.974909647936,1176.1863493607348,1154.8184141967122,1157.6085205078125,10354235,0.0,0.0
2022-04-18 00:00:00+05:30,1149.147568511987,1161.3059085058735,1144.0664335893546,1154.06982421875,9974224,0.0,0.0
2022-04-19 00:00:00+05:30,1160.4893275622273,1210.3931219138503,1157.3363430826007,1198.05322265625,26141820,0.0,0.0
2022-04-20 00:00:00+05:30,1205.4479786751692,1240.3352844098304,1201.8185968042694,1233.2806396484375,25072240,0.0,0.0
2022-04-21 00:00:00+05:30,1248.0023305507455,1265.2871648268633,1239.4278930755422,1262.1568603515625,21708633,0.0,0.0
2022-04-22 00:00:00+05:30,1251.6317855589348,1271.1849697257533,1244.9628182445756,1251.58642578125,15054154,0.0,0.0
2022-04-25 00:00:00+05:30,1244.1462265947084,1251.4048710443353,1208.4196415713773,1222.6422119140625,17063215,0.0,0.0
2022-04-26 00:00:00+05:30,1229.447219702006,1268.009269618601,1228.4038248451984,1259.230712890625,12227666,0.0,0.0
2022-04-27 00:00:00+05:30,1250.2480586177774,1282.9804178321417,1249.8850604008721,1260.4556884765625,19338945,0.0,0.0
2022-04-28 00:00:00+05:30,1274.7917428180958,1293.414932576822,1263.9716352484422,1279.2830810546875,25614076,0.0,0.0
2022-04-29 00:00:00+05:30,1295.7512639248027,1295.7512639248027,1259.979318845515,1265.8543701171875,18214862,0.0,0.0
2022-05-02 00:00:00+05:30,1253.0381265669705,1272.7727490239986,1251.2460554246998,1261.4083251953125,9467006,0.0,0.0
2022-05-04 00:00:00+05:30,1263.472663887007,1265.741012870666,1214.1586633827142,1222.02978515625,19247660,0.0,0.0
2022-05-05 00:00:00+05:30,1235.5718099288151,1238.5206755372035,1194.0610125176581,1198.0986328125,17210669,0.0,0.0
2022-05-06 00:00:00+05:30,1185.0783638544028,1206.3101007279156,1176.6173249512394,1188.911865234375,19649948,0.0,0.0
2022-05-09 00:00:00+05:30,1168.1789068534958,1178.227776503754,1137.3520213112388,1142.478515625,18083752,0.0,0.0
2022-05-10 00:00:00+05:30,1131.9081784475509,1146.2441487686722,1115.122300034019,1122.6759033203125,19511677,0.0,0.0
2022-05-11 00:00:00+05:30,1121.768603702517,1127.3488166597763,1098.7674751702268,1111.1754150390625,16643899,0.0,0.0
2022-05-12 00:00:00+05:30,1101.2853690412473,1104.6197927187382,1075.1992967365238,1088.5372314453125,20490321,0.0,0.0
2022-05-13 00:00:00+05:30,1100.60491651171,1124.195722405933,1095.7732598818286,1100.8770751953125,19308778,0.0,0.0
2022-05-16 00:00:00+05:30,1104.438355898546,1125.5566925649073,1096.3629954119033,1101.1492919921875,13437911,0.0,0.0
2022-05-17 00:00:00+05:30,1104.7332862091862,1152.2780175180083,1103.3268929739677,1147.4010009765625,16551828,0.0,0.0
2022-05-18 00:00:00+05:30,1152.164504135993,1165.9333565460295,1137.9192540645465,1151.57470703125,17276788,0.0,0.0
2022-05-19 00:00:00+05:30,1126.9177028582299,1139.847279328393,1118.7743028710543,1125.034912109375,14699118,0.0,0.0
2022-05-20 00:00:00+05:30,1139.8473103554015,1199.6864579629187,1135.0838136313118,1190.6357421875,21793091,0.0,0.0
2022-05-23 00:00:00+05:30,1193.8340129043595,1203.837523406948,1176.3677393275534,1182.673828125,15252755,0.0,0.0
2022-05-24 00:00:00+05:30,1182.7191907157587,1196.782881162036,1178.5000115822318,1186.734130859375,13527818,0.0,0.0
2022-05-25 00:00:00+05:30,1195.4219773055293,1205.266608695204,1180.2239323496708,1184.987548828125,12714544,0.0,0.0
2022-05-26 00:00:00+05:30,1190.6131223478515,1195.3767393116116,1155.9527299610575,1173.6912841796875,17882023,0.0,0.0
2022-05-27 00:00:00+05:30,1176.3904703730568,1181.8798434503337,1152.3686281885878,1168.2470703125,16521973,0.0,0.0
2022-05-30 00:00:00+05:30,1186.3486365561446,1213.1152283253557,1176.9123617625337,1208.9415283203125,13853398,0.0,0.0
2022-05-31 00:00:00+05:30,1198.3255380102976,1215.2928567083757,1186.666273877733,1194.35595703125,70620653,0.0,0.0
2022-06-01 00:00:00+05:30,1195.1043332846261,1204.5860864217577,1186.8928938690622,1194.741455078125,9776989,0.0,0.0
2022-06-02 00:00:00+05:30,1194.9683341768032,1239.632236427102,1194.9683341768032,1235.934814453125,22126569,0.0,0.0
2022-06-03 00:00:00+05:30,1244.8721749399895,1278.1488538841063,1243.9647393318894,1260.9774169921875,23939791,0.0,0.0
2022-06-06 00:00:00+05:30,1261.2042826982101,1276.6290073934508,1248.4106651576906,1255.5560302734375,11093152,0.0,0.0
2022-06-07 00:00:00+05:30,1256.6221673811967,1266.2400009030762,1248.524246514349,1257.9151611328125,12358255,0.0,0.0
2022-06-08 00:00:00+05:30,1257.914979097647,1261.6577604690517,1232.3053065622703,1235.8212890625,12479250,0.0,0.0
2022-06-09 00:00:00+05:30,1229.4474057361879,1271.6387241473,1229.4474057361879,1269.710693359375,17278305,0.0,0.0
2022-06-10 00:00:00+05:30,1257.5294772051463,1265.6955569257586,1225.5910347422937,1231.3753662109375,18093057,0.0,0.0
2022-06-13 00:00:00+05:30,1202.2270942566365,1212.5706837895975,1186.9383288515069,1208.079345703125,17620803,0.0,0.0
2022-06-14 00:00:00+05:30,1202.2497774171961,1212.1397691901998,1185.6453383861433,1192.2916259765625,14714312,0.0,0.0
2022-06-15 00:00:00+05:30,1187.5052575262966,1196.4652523871841,1172.4660932913546,1177.86474609375,11195535,0.0,0.0
2022-06-16 00:00:00+05:30,1189.9779499284411,1206.3327906256263,1158.674661714626,1161.396728515625,17111475,0.0,0.0
2022-06-17 00:00:00+05:30,1161.3967417759475,1190.817239455118,1159.6274703347483,1175.0068359375,24457187,0.0,0.0
2022-06-20 00:00:00+05:30,1181.8117295743211,1187.301222306307,1143.748758644912,1153.7069091796875,12066797,0.0,0.0
2022-06-21 00:00:00+05:30,1161.3965726080962,1176.549137100874,1147.0152442721474,1172.330078125,11720049,0.0,0.0
2022-06-22 00:00:00+05:30,1160.534640747836,1160.6253602976326,1134.6300093017796,1136.7169189453125,10617206,0.0,0.0
2022-06-23 00:00:00+05:30,1141.0042377539428,1145.518255748697,1109.2245526757408,1118.2752685546875,19446323,0.0,0.0
2022-06-24 00:00:00+05:30,1125.103142869046,1139.166834655382,1119.6590092749361,1134.19921875,14240234,0.0,0.0
2022-06-27 00:00:00+05:30,1154.5689222648457,1154.5689222648457,1125.8061437093586,1130.8419189453125,15474529,0.0,0.0
2022-06-28 00:00:00+05:30,1126.055743702113,1149.5785080515059,1126.055743702113,1146.7430419921875,13572847,0.0,0.0
2022-06-29 00:00:00+05:30,1137.4428486251272,1178.182528359398,1134.6300624520568,1170.5380859375,19205146,0.0,0.0
2022-06-30 00:00:00+05:30,1170.4700631587295,1186.7568633320084,1164.1187342885864,1177.570068359375,23112959,0.0,0.0
2022-07-01 00:00:00+05:30,1168.156291991928,1175.914013553788,1072.9308838170039,1092.7562255859375,81997149,0.0,0.0
2022-07-04 00:00:00+05:30,1079.2597354217125,1107.8636390736058,1073.4300432104894,1095.0247802734375,41857728,0.0,0.0
2022-07-05 00:00:00+05:30,1099.243945197977,1118.2526943289631,1096.5672379936505,1103.89404296875,17647327,0.0,0.0
2022-07-06 00:00:00+05:30,1097.9282066918881,1107.8408787205542,1083.36543716688,1094.1854248046875,23943726,0.0,0.0
2022-07-07 00:00:00+05:30,1100.5593991291266,1103.8938225234403,1077.4675541282995,1083.41064453125,23301033,0.0,0.0
2022-07-08 00:00:00+05:30,1096.975457704441,1096.975457704441,1080.8927766139027,1084.9078369140625,19010108,0.0,0.0
2022-07-11 00:00:00+05:30,1078.1482060720773,1101.8750908886504,1075.1993403875028,1099.6522216796875,13847467,0.0,0.0
2022-07-12 00:00:00+05:30,1090.6240305308033,1106.8201113866512,1090.6240305308033,1098.0869140625,10778989,0.0,0.0
2022-07-13 00:00:00+05:30,1101.1945981108652,1104.2341830898285,1076.560279848866,1078.6243896484375,14224132,0.0,0.0
2022-07-14 00:00:00+05:30,1083.3653378906859,1104.2115150975158,1078.3522426104198,1087.516357421875,16970315,0.0,0.0
2022-07-15 00:00:00+05:30,1095.6144271956234,1095.6144271956234,1081.1423781653791,1089.6259765625,9603210,0.0,0.0
2022-07-18 00:00:00+05:30,1098.3365692655925,1100.1512004913927,1085.316152222594,1098.9036865234375,15160908,0.0,0.0
2022-07-19 00:00:00+05:30,1088.9454667664256,1110.1319630031642,1088.9454667664256,1105.640625,16439888,0.0,0.0
2022-07-20 00:00:00+05:30,1152.3233545135708,1153.4574690360294,1127.938512287378,1135.5374755859375,23924246,0.0,0.0
2022-07-21 00:00:00+05:30,1131.4543622876856,1134.1764288206418,1119.3413822149614,1127.9610595703125,16523230,0.0,0.0
2022-07-22 00:00:00+05:30,1134.1764926210074,1141.5713364520323,1131.9081437157454,1135.5828857421875,10969995,0.0,0.0
2022-07-25 00:00:00+05:30,1119.4094641884956,1119.4094641884956,1090.170407739491,1098.064208984375,23110452,0.0,0.0
2022-07-26 00:00:00+05:30,1098.381793321599,1108.7255020290017,1093.958495255941,1098.563232421875,11303288,0.0,0.0
2022-07-27 00:00:00+05:30,1097.8600957925114,1101.0584401069523,1089.7166957299823,1097.5198974609375,8655086,0.0,0.0
2022-07-28 00:00:00+05:30,1105.1415164089033,1119.6362450122772,1098.3364699284932,1114.7139892578125,12496073,0.0,0.0
2022-07-29 00:00:00+05:30,1122.6985797206519,1141.9342461673918,1117.8443633292839,1138.463623046875,15130683,0.0,0.0
2022-08-01 00:00:00+05:30,1142.8643104402622,1173.9861609515995,1137.6244156092305,1168.1337890625,15700044,0.0,0.0
2022-08-02 00:00:00+05:30,1167.0675371560858,1183.0820578038029,1162.0998017713177,1172.57958984375,13917913,0.0,0.0
2022-08-03 00:00:00+05:30,1179.5434904485107,1184.0801883348893,1164.7766024280381,1182.42431640625,14250977,0.0,0.0
2022-08-04 00:00:00+05:30,1184.0802467560854,1187.5962297912988,1150.0550109294782,1166.79541015625,14467127,0.0,0.0
2022-08-05 00:00:00+05:30,1168.655422746583,1169.9256165108497,1146.4028519906212,1149.6011962890625,13942438,0.0,0.0
2022-08-08 00:00:00+05:30,1148.2401811133711,1172.0805844509116,1148.2401811133711,1164.640380859375,10165178,0.0,0.0
2022-08-10 00:00:00+05:30,1169.0636206067431,1174.9613514506689,1160.0582651256982,1171.604248046875,10724688,0.0,0.0
2022-08-11 00:00:00+05:30,1180.9497501533197,1184.0346947675248,1170.560681967564,1175.5057373046875,8198226,0.0,0.0
2022-08-12 00:00:00+05:30,1175.142782270066,1198.302667613396,1171.4681604618615,1194.5145263671875,12650587,0.0,0.0
2022-08-16 00:00:00+05:30,1200.503063747591,1205.538839182246,1191.9287455745327,1202.8167724609375,6607378,0.0,0.0
2022-08-17 00:00:00+05:30,1209.0321800563374,1214.430833890113,1204.7449608356546,1209.1002197265625,6595965,0.0,0.0
2022-08-18 00:00:00+05:30,1210.7011252141206,1214.7974269162394,1201.6891410785204,1211.2928466796875,7410035,4.0,0.0
2022-08-19 00:00:00+05:30,1206.1497559560585,1211.4750089408249,1185.6451301652132,1189.696044921875,9460724,0.0,0.0
2022-08-22 00:00:00+05:30,1191.1296474098515,1197.6382223342157,1177.0199497930307,1186.39599609375,9471680,0.0,0.0
2022-08-23 00:00:00+05:30,1180.661157949505,1207.606094346594,1179.4549611514672,1204.693115234375,9678484,0.0,0.0
2022-08-24 00:00:00+05:30,1201.6436505353122,1215.2526424838104,1199.4816700203517,1201.4842529296875,10369622,0.0,0.0
2022-08-25 00:00:00+05:30,1205.6716318727895,1212.020929390417,1193.6784073253284,1197.9796142578125,7871946,0.0,0.0
2022-08-26 00:00:00+05:30,1198.4119664878951,1206.1496124504686,1186.5781392580227,1191.584716796875,10742038,0.0,0.0
2022-08-29 00:00:00+05:30,1176.5648128261585,1208.425433655249,1173.4015407491174,1182.322509765625,19838975,0.0,0.0
2022-08-30 00:00:00+05:30,1189.7641199433149,1203.987586358269,1172.7414439399422,1200.6649169921875,23139054,0.0,0.0
2022-09-01 00:00:00+05:30,1175.4953305666581,1185.6451305698213,1160.9531870651451,1165.3681640625,19909939,0.0,0.0
2022-09-02 00:00:00+05:30,1165.3680248083108,1172.1725206109036,1149.5742988554666,1151.759033203125,12999345,0.0,0.0
2022-09-05 00:00:00+05:30,1151.9865783988917,1174.9717367544802,1151.9865783988917,1169.646484375,11327815,0.0,0.0
2022-09-06 00:00:00+05:30,1171.1029623157226,1186.1229356447934,1170.6477641820481,1181.958251953125,10899618,0.0,0.0
2022-09-07 00:00:00+05:30,1172.0133147611236,1181.0708071245763,1169.737564725949,1175.0855712890625,7488501,0.0,0.0
2022-09-08 00:00:00+05:30,1178.0440385835063,1182.4817691361882,1170.1927432308805,1176.746826171875,7057077,0.0,0.0
2022-09-09 00:00:00+05:30,1187.9434990054053,1187.9434990054053,1167.0065516886718,1169.4189453125,8314850,0.0,0.0
2022-09-12 00:00:00+05:30,1169.9878314908858,1188.8539349048422,1169.9878314908858,1182.5045166015625,7435419,0.0,0.0
2022-09-13 00:00:00+05:30,1191.584841128736,1196.9100940355584,1183.8473147497546,1192.38134765625,8888657,0.0,0.0
2022-09-14 00:00:00+05:30,1172.0133480467994,1187.9435987454494,1170.9893026387183,1178.089599609375,8678219,0.0,0.0
2022-09-15 00:00:00+05:30,1175.6545627221942,1185.007855827311,1163.7068446976493,1166.4150390625,10365600,0.0,0.0
2022-09-16 00:00:00+05:30,1157.7897815566212,1161.9999730598468,1133.7805779046307,1137.5128173828125,20217708,0.0,0.0
2022-09-19 00:00:00+05:30,1137.5128219648593,1148.2088345301072,1129.3883598520188,1138.9920654296875,7580254,0.0,0.0
2022-09-20 00:00:00+05:30,1148.0951636657005,1155.0363038371916,1135.464708411664,1139.1741943359375,8411448,0.0,0.0
2022-09-21 00:00:00+05:30,1136.3977236015055,1152.896940044628,1135.601217176792,1142.314697265625,9207309,0.0,0.0
2022-09-22 00:00:00+05:30,1131.5049072611978,1139.2424334076443,1125.1783630104471,1131.5504150390625,10308170,0.0,0.0
2022-09-23 00:00:00+05:30,1131.049864619816,1136.0336887964959,1108.7929488241982,1110.3404541015625,9528051,0.0,0.0
2022-09-26 00:00:00+05:30,1089.6537370021651,1100.4636398451255,1081.0514428954934,1082.052734375,12479523,0.0,0.0
2022-09-27 00:00:00+05:30,1089.6309856060182,1104.1958820191214,1074.201441432633,1090.6551513671875,16154822,0.0,0.0
2022-09-28 00:00:00+05:30,1074.3152945263598,1082.3487420675199,1059.1815497241553,1061.6165771484375,16997059,0.0,0.0
2022-09-29 00:00:00+05:30,1074.1560329262975,1077.5695980698167,1052.763884489153,1058.3623046875,14671827,0.0,0.0
2022-09-30 00:00:00+05:30,1051.853486904235,1093.2721843866263,1051.853486904235,1082.23486328125,18613024,0.0,0.0
2022-10-03 00:00:00+05:30,1088.493134051237,1100.0766687344842,1075.5213714388244,1078.4798583984375,11852723,0.0,0.0
2022-10-04 00:00:00+05:30,1091.360592214083,1100.5546074085776,1087.878645489602,1098.369873046875,8948850,0.0,0.0
2022-10-06 00:00:00+05:30,1105.561415092602,1115.1194934338484,1100.6229783035308,1102.4207763671875,13352162,0.0,0.0
2022-10-07 00:00:00+05:30,1099.0299802964134,1112.3431729566782,1099.0299802964134,1107.086181640625,7714340,0.0,0.0
2022-10-10 00:00:00+05:30,1094.6376484606442,1100.3725912870407,1086.9001227352999,1095.0018310546875,6329527,0.0,0.0
2022-10-11 00:00:00+05:30,1098.7340303903359,1098.7340303903359,1070.1050627261634,1073.2000732421875,9215177,0.0,0.0
2022-10-12 00:00:00+05:30,1070.5146805226345,1084.0326569195638,1066.4637661465533,1081.096923828125,7417103,0.0,0.0
2022-10-13 00:00:00+05:30,1079.3445962178334,1089.6309182337689,1074.2013750143974,1084.5333251953125,7328492,0.0,0.0
2022-10-14 00:00:00+05:30,1099.1890725684495,1099.8035478847653,1078.2976341593078,1079.02587890625,9106089,0.0,0.0
2022-10-17 00:00:00+05:30,1071.8800801429343,1098.7338795786602,1066.6913513456404,1096.3443603515625,16729355,0.0,0.0
2022-10-18 00:00:00+05:30,1102.3751632859423,1121.0363607839668,1101.5331490586518,1115.6883544921875,12415820,0.0,0.0
2022-10-19 00:00:00+05:30,1117.1675125304307,1150.5528804866954,1111.3415546563717,1135.1004638671875,19247142,0.0,0.0
2022-10-20 00:00:00+05:30,1131.0497281845767,1146.5247790915082,1131.0497281845767,1138.1500244140625,8717053,0.0,0.0
2022-10-21 00:00:00+05:30,1141.3816397095811,1145.5235697667988,1122.8570850675608,1124.95068359375,8243452,0.0,0.0
2022-10-24 00:00:00+05:30,1119.6709499501796,1139.014885555018,1117.531843625484,1128.7056884765625,3370033,0.0,0.0
2022-10-25 00:00:00+05:30,1137.4217443426294,1137.4217443426294,1109.6575487284563,1111.2733154296875,12233241,0.0,0.0
2022-10-27 00:00:00+05:30,1118.7607087557456,1123.517114389517,1107.2909426036997,1115.6429443359375,12513059,0.0,0.0
2022-10-28 00:00:00+05:30,1121.946715684718,1153.8073371953687,1119.420672824954,1149.779296875,17609592,0.0,0.0
2022-10-31 00:00:00+05:30,1156.5382439139953,1165.6184900187484,1152.532837235593,1160.4525146484375,12419943,0.0,0.0
2022-11-01 00:00:00+05:30,1183.392017720316,1183.392017720316,1141.5182428220278,1151.4632568359375,13963166,0.0,0.0
2022-11-02 00:00:00+05:30,1152.5782900141444,1160.7255059207678,1144.70424114448,1158.654541015625,8981896,0.0,0.0
2022-11-03 00:00:00+05:30,1151.4632427180252,1164.9812188922326,1149.2785083513004,1162.978515625,6693449,0.0,0.0
2022-11-04 00:00:00+05:30,1162.4095038377413,1183.3919582024896,1161.1351657988232,1180.0921630859375,12575815,0.0,0.0
2022-11-07 00:00:00+05:30,1179.2956997060057,1188.0801449342837,1171.5581740800783,1186.39599609375,11789748,0.0,0.0
2022-11-09 00:00:00+05:30,1188.080240160875,1193.3827390870204,1178.8633499422795,1185.2127685546875,11254205,0.0,0.0
2022-11-10 00:00:00+05:30,1178.8405531295857,1181.8217940733484,1166.5515271401855,1170.87548828125,5966242,0.0,0.0
2022-11-11 00:00:00+05:30,1183.3920855612414,1199.7775342564453,1177.9303094598226,1197.865966796875,12310132,0.0,0.0
2022-11-14 00:00:00+05:30,1197.3879968282793,1202.5084645178167,1185.7360795691757,1192.062744140625,9043112,0.0,0.0
2022-11-15 00:00:00+05:30,1193.5419717107038,1195.4080313393474,1178.84055200153,1186.7147216796875,7086433,0.0,0.0
2022-11-16 00:00:00+05:30,1187.9434822841035,1190.651676405481,1174.903458364882,1179.91015625,9716161,0.0,0.0
2022-11-17 00:00:00+05:30,1176.5420368181644,1189.3090147201726,1174.28904071781,1182.959716796875,6661451,0.0,0.0
2022-11-18 00:00:00+05:30,1186.4643194427492,1187.4884852109467,1170.2382686720764,1182.322509765625,5303197,0.0,0.0
2022-11-21 00:00:00+05:30,1177.9303463052725,1177.9303463052725,1157.494102770539,1161.0443115234375,6390268,0.0,0.0
2022-11-22 00:00:00+05:30,1158.3588647160855,1169.054878305534,1154.490101527835,1167.484619140625,6611488,0.0,0.0
2022-11-23 00:00:00+05:30,1172.0132314542223,1173.333197682446,1161.65852739336,1163.84326171875,6413408,0.0,0.0
2022-11-24 00:00:00+05:30,1167.9169130936598,1180.6611362802485,1159.8152051353622,1173.87939453125,9389439,0.0,0.0
2022-11-25 00:00:00+05:30,1178.385439547522,1194.7252591296722,1175.2448010894898,1191.4027099609375,7349922,0.0,0.0
2022-11-28 00:00:00+05:30,1187.44298211841,1238.4881409993336,1138.787342721133,1232.3436279296875,31527484,0.0,0.0
2022-11-29 00:00:00+05:30,1230.7049674105745,1243.3126681839062,1226.1762212899475,1234.4599609375,11058913,0.0,0.0
2022-11-30 00:00:00+05:30,1234.5964860194126,1249.5937047976356,1228.0877910678826,1243.176025390625,26164986,0.0,0.0
2022-12-01 00:00:00+05:30,1247.932347381893,1253.9403366279053,1236.1895359225548,1239.5120849609375,9485801,0.0,0.0
2022-12-02 00:00:00+05:30,1242.5617321318025,1250.7544566391882,1229.1802780900407,1238.98876953125,11589592,0.0,0.0
2022-12-05 00:00:00+05:30,1234.3689040345603,1236.5308845250265,1218.8938526789234,1220.919189453125,14828536,0.0,0.0
2022-12-06 00:00:00+05:30,1213.0223977517621,1227.5416655731144,1211.156217782286,1224.4466552734375,8594245,0.0,0.0
2022-12-07 00:00:00+05:30,1222.0799082702629,1226.6314082376123,1202.5766959967978,1206.377197265625,8462111,0.0,0.0
2022-12-08 00:00:00+05:30,1210.7011562103264,1212.9769061899756,1201.6436640678662,1205.8082275390625,7757008,0.0,0.0
2022-12-09 00:00:00+05:30,1204.32895311073,1210.701125124703,1184.234019906999,1187.533935546875,12655763,0.0,0.0
2022-12-12 00:00:00+05:30,1176.7924199899724,1193.86048427338,1176.564760723263,1189.3544921875,9479842,0.0,0.0
2022-12-13 00:00:00+05:30,1189.3544856822245,1198.4119775795978,1186.441506524545,1194.7708740234375,8333348,0.0,0.0
2022-12-14 00:00:00+05:30,1200.5284365221598,1201.1201579800806,1188.3986883939997,1190.4468994140625,7268947,0.0,0.0
2022-12-15 00:00:00+05:30,1184.5300201927644,1190.2193351814944,1170.1927826894766,1173.5380859375,8688551,0.0,0.0
2022-12-16 00:00:00+05:30,1170.1927648204132,1191.9489737176893,1164.344052306988,1167.73486328125,15837349,0.0,0.0
2022-12-19 00:00:00+05:30,1174.744238961718,1185.2127129878588,1168.2355434298825,1183.073486328125,7729933,0.0,0.0
2022-12-20 00:00:00+05:30,1176.0641161458655,1195.2258982970527,1167.9169005020456,1193.3143310546875,7467588,0.0,0.0
2022-12-21 00:00:00+05:30,1192.9501438361665,1198.4119192957164,1172.5139033423468,1176.337158203125,8527550,0.0,0.0
2022-12-22 00:00:00+05:30,1182.4818580287708,1185.50860695615,1168.2583893808933,1173.287841796875,7451122,0.0,0.0
2022-12-23 00:00:00+05:30,1166.688000800348,1179.0681622072104,1134.3495499546068,1138.8782958984375,10257115,0.0,0.0
2022-12-26 00:00:00+05:30,1144.5904174202424,1156.9932115937868,1134.417744865307,1148.8232421875,5990242,0.0,0.0
2022-12-27 00:00:00+05:30,1151.5315632720906,1160.0883496861711,1144.8180826165185,1158.2222900390625,5763271,0.0,0.0
2022-12-28 00:00:00+05:30,1155.1727873148268,1160.5435477606864,1147.662800167874,1158.1085205078125,7459393,0.0,0.0
2022-12-29 00:00:00+05:30,1150.1661112721488,1160.1338797528426,1149.4833742100795,1157.5850830078125,6930648,0.0,0.0
2022-12-30 00:00:00+05:30,1158.4042017379315,1172.9234685961653,1156.5836500556884,1159.3599853515625,7289476,0.0,0.0
2023-01-02 00:00:00+05:30,1160.6345333876427,1173.8339554714264,1159.8152730282768,1172.4229736328125,5316175,0.0,0.0
2023-01-03 00:00:00+05:30,1167.4844855944,1171.102955583044,1159.6331906679488,1163.84326171875,7658932,0.0,0.0
2023-01-04 00:00:00+05:30,1163.8205775062686,1165.6640036369283,1144.2491033450326,1146.320068359375,9264891,0.0,0.0
2023-01-05 00:00:00+05:30,1148.5730578082128,1154.444524100663,1139.6975967048293,1144.2718505859375,13637099,0.0,0.0
2023-01-06 00:00:00+05:30,1150.0068494796767,1159.7015714220056,1146.2063480047,1154.672119140625,6349597,0.0,0.0
2023-01-09 00:00:00+05:30,1158.495310036998,1184.3024327987246,1157.6077880110724,1181.935546875,10722753,0.0,0.0
2023-01-10 00:00:00+05:30,1186.1229559339358,1186.1229559339358,1158.8139568288339,1164.457763671875,8047142,0.0,0.0
2023-01-11 00:00:00+05:30,1161.7725226707685,1164.275811641461,1147.4806725150024,1149.779296875,11509553,0.0,0.0
2023-01-12 00:00:00+05:30,1149.1875477740466,1152.66937428215,1121.9466887446717,1124.95068359375,17688773,0.0,0.0
2023-01-13 00:00:00+05:30,1118.9426891366668,1125.5424002993493,1108.110152771614,1123.130126953125,20618583,0.0,0.0
2023-01-16 00:00:00+05:30,1125.451352485111,1128.6146244497372,1104.650928111512,1112.43408203125,13623855,0.0,0.0
2023-01-17 00:00:00+05:30,1118.760722063154,1130.139472792708,1115.3926648192244,1128.2279052734375,10751000,0.0,0.0
2023-01-18 00:00:00+05:30,1125.8154789862106,1133.8260509936374,1119.8302436718152,1126.361572265625,13448286,0.0,0.0
2023-01-19 00:00:00+05:30,1125.5423336585025,1129.2973269815554,1118.1461164478014,1125.155517578125,11940054,0.0,0.0
2023-01-20 00:00:00+05:30,1126.498099994501,1126.498099994501,1109.3162669117735,1111.7740478515625,14930286,0.0,0.0
2023-01-23 00:00:00+05:30,1114.6643530412534,1122.4928945481186,1103.740680762082,1106.1529541015625,10954118,0.0,0.0
2023-01-24 00:00:00+05:30,1110.567887379972,1112.2291619475404,1086.604191358528,1099.62158203125,16488755,0.0,0.0
2023-01-25 00:00:00+05:30,1098.0285454381753,1099.0525907434069,1083.2588649666125,1084.41943359375,12385018,0.0,0.0
2023-01-27 00:00:00+05:30,1085.2615788879339,1086.6041786241758,1052.1492554073047,1063.8466796875,25830975,0.0,0.0
2023-01-30 00:00:00+05:30,1061.275136797208,1079.5721516253268,1047.301962524109,1074.0421142578125,21772103,0.0,0.0
2023-01-31 00:00:00+05:30,1084.1691748734625,1086.7408457471734,1065.507977187044,1071.356689453125,22691594,0.0,0.0
2023-02-01 00:00:00+05:30,1083.2362006533413,1083.2362006533413,1049.1225832598616,1065.0074462890625,19347800,0.0,0.0
2023-02-02 00:00:00+05:30,1055.039490983818,1068.6939904796102,1051.8534651796542,1059.1131591796875,13662663,0.0,0.0
2023-02-03 00:00:00+05:30,1069.1492649623033,1069.1492649623033,1043.6608159271004,1060.0462646484375,24699575,0.0,0.0
2023-02-06 00:00:00+05:30,1053.6741165516141,1056.4050648652833,1049.4867989137317,1052.058349609375,14837879,0.0,0.0
2023-02-07 00:00:00+05:30,1052.3086824433549,1059.317963418086,1043.6607603709601,1049.5322265625,15135435,0.0,0.0
2023-02-08 00:00:00+05:30,1052.763775094713,1074.1104135326302,1050.0329473418535,1070.491943359375,21160332,0.0,0.0
2023-02-09 00:00:00+05:30,1071.1747096186566,1079.0942668262328,1062.3220021888933,1072.3580322265625,13172763,0.0,0.0
2023-02-10 00:00:00+05:30,1071.8345689198634,1071.8345689198634,1056.5414292119933,1063.528076171875,10790445,0.0,0.0
2023-02-13 00:00:00+05:30,1065.143873137553,1069.6043572968954,1053.0141252156575,1057.474609375,10352493,0.0,0.0
2023-02-14 00:00:00+05:30,1060.4786791557608,1084.1237013406706,1057.6112076513964,1082.3941650390625,14321920,0.0,0.0
2023-02-15 00:00:00+05:30,1081.438236801432,1109.2935704583153,1080.0728831359263,1106.9039306640625,33503591,0.0,0.0
2023-02-16 00:00:00+05:30,1114.8690149015456,1121.4004636592988,1103.763312742059,1106.0390625,17264487,0.0,0.0
2023-02-17 00:00:00+05:30,1101.4649200456192,1113.9816051705284,1097.1864667289992,1110.658935546875,11809520,0.0,0.0
2023-02-20 00:00:00+05:30,1112.843684457225,1115.005665031801,1096.9589421166909,1098.9161376953125,8836937,0.0,0.0
2023-02-21 00:00:00+05:30,1103.285560740121,1113.662898519213,1097.9829418267002,1107.882568359375,13311592,0.0,0.0
2023-02-22 00:00:00+05:30,1104.173202573604,1106.0165084424734,1081.0060104722309,1082.75830078125,11024335,0.0,0.0
2023-02-23 00:00:00+05:30,1082.3486171348839,1089.9723733814965,1074.7703686634186,1077.5694580078125,9851910,0.0,0.0
2023-02-24 00:00:00+05:30,1079.6177403834263,1090.6096746718001,1077.7971884753763,1084.9429931640625,9434053,0.0,0.0
2023-02-27 00:00:00+05:30,1084.1691936141397,1087.6511404469259,1070.3781703934308,1077.728759765625,11199715,0.0,0.0
2023-02-28 00:00:00+05:30,1072.3807401740874,1077.341930453886,1053.0596796474115,1057.1104736328125,21994038,0.0,0.0
2023-03-01 00:00:00+05:30,1066.8735107076218,1067.556247767584,1057.4290817039348,1066.8280029296875,11551145,0.0,0.0
2023-03-02 00:00:00+05:30,1063.6874354004365,1070.3554080773672,1056.6780340138716,1058.7034912109375,9333535,0.0,0.0
2023-03-03 00:00:00+05:30,1069.2174577017015,1089.3806526612789,1065.7583852243542,1085.7166748046875,14643807,0.0,0.0
2023-03-06 00:00:00+05:30,1092.3618769382172,1103.5585953265452,1092.3618769382172,1096.3216552734375,10171916,0.0,0.0
2023-03-08 00:00:00+05:30,1096.321644263127,1101.0097877249618,1085.5346163444701,1100.2587890625,15782657,0.0,0.0
2023-03-09 00:00:00+05:30,1099.6443289280217,1100.0538988999717,1071.925639694687,1073.814453125,16235128,0.0,0.0
2023-03-10 00:00:00+05:30,1065.7356172492796,1066.873432004649,1053.6967642276502,1057.1787109375,13334091,0.0,0.0
2023-03-13 00:00:00+05:30,1060.0462028218194,1066.873452659023,1035.4680311733223,1039.7919921875,12771592,0.0,0.0
2023-03-14 00:00:00+05:30,1037.743818449562,1049.099814699012,1032.7599945119573,1035.9005126953125,16027522,0.0,0.0
2023-03-15 00:00:00+05:30,1039.6100305150924,1046.0730981893198,1013.8029064238355,1018.1951293945312,21728555,0.0,0.0
2023-03-16 00:00:00+05:30,1020.9032712102262,1025.9098489328373,1002.3330887657725,1013.1201171875,18363159,0.0,0.0
2023-03-17 00:00:00+05:30,1021.6997626346358,1024.9768040332349,1007.1121729687228,1011.8457641601562,34014213,0.0,0.0
2023-03-20 00:00:00+05:30,1008.1590382894185,1010.4347882497465,992.228728371652,1001.9006958007812,19524589,0.0,0.0
2023-03-21 00:00:00+05:30,1009.9568573373366,1035.012981703826,1009.0693353007056,1033.0557861328125,21400360,0.0,0.0
2023-03-22 00:00:00+05:30,1040.019544203998,1042.9552773219068,1033.1922942805415,1036.1962890625,10920094,0.0,0.0
2023-03-23 00:00:00+05:30,1032.2820898168275,1033.1468580122537,1020.9260930464279,1023.0880737304688,16249370,0.0,0.0
2023-03-24 00:00:00+05:30,1021.9273224092733,1024.0893029617876,1000.4214669115813,1002.833740234375,12375945,0.0,0.0
2023-03-27 00:00:00+05:30,1009.2969138826157,1025.909840446724,1001.4228045681854,1018.422607421875,14054323,0.0,0.0
2023-03-28 00:00:00+05:30,1021.8136030072503,1027.047840287835,1018.1723787610676,1023.1790771484375,12576424,0.0,0.0
2023-03-29 00:00:00+05:30,1019.0826245219496,1021.7225571687972,1006.3839682062567,1017.1255493164062,18804065,0.0,0.0
2023-03-31 00:00:00+05:30,1026.365046323969,1066.6231754133423,1026.2285229956078,1060.979248046875,28171201,0.0,0.0
2023-04-03 00:00:00+05:30,1067.3286419245596,1069.1491937096243,1053.674021972816,1061.1612548828125,10293043,0.0,0.0
2023-04-05 00:00:00+05:30,1068.6939637197272,1068.6939637197272,1050.7383779942936,1058.6124267578125,16262928,0.0,0.0
2023-04-06 00:00:00+05:30,1055.1077713504706,1071.4249575287643,1055.1077713504706,1065.7127685546875,18435046,0.0,0.0
2023-04-10 00:00:00+05:30,1069.604357886564,1069.7863889811022,1056.6552292506879,1058.1572265625,12961408,0.0,0.0
2023-04-11 00:00:00+05:30,1062.3219264045204,1065.5079521712948,1057.7931805131677,1063.3914794921875,10542367,0.0,0.0
2023-04-12 00:00:00+05:30,1063.3914464967745,1077.7059285068763,1060.5240956302096,1068.07958984375,18179087,0.0,0.0
2023-04-13 00:00:00+05:30,1070.9697308722916,1076.795689130458,1065.9631533362506,1072.107666015625,12378208,0.0,0.0
2023-04-17 00:00:00+05:30,1103.717813472768,1103.717813472768,1069.1718765012756,1077.546630859375,17929479,0.0,0.0
2023-04-18 00:00:00+05:30,1081.8935301800436,1081.8935301800436,1058.6808303500604,1065.2122802734375,10405576,0.0,0.0
2023-04-19 00:00:00+05:30,1064.6205499416676,1073.200090668107,1061.5027854856646,1070.5147705078125,12273475,0.0,0.0
2023-04-20 00:00:00+05:30,1071.4704965576773,1073.700738803369,1061.4572205360348,1067.8065185546875,7007330,0.0,0.0
2023-04-21 00:00:00+05:30,1069.9001685849196,1074.6109455464884,1063.414227261922,1069.149169921875,7647317,0.0,0.0
2023-04-24 00:00:00+05:30,1080.9831310671123,1083.6684509437493,1068.6939852680766,1073.24560546875,12936186,0.0,0.0
2023-04-25 00:00:00+05:30,1076.8868054635282,1083.5320246747974,1069.832016243803,1081.4610595703125,9236126,0.0,0.0
2023-04-26 00:00:00+05:30,1082.803712369468,1086.0353664118218,1071.4477164227017,1075.1116943359375,8617834,0.0,0.0
2023-04-27 00:00:00+05:30,1080.9831079441908,1085.0794095289546,1075.9764101042033,1081.9161376953125,9167125,0.0,0.0
2023-04-28 00:00:00+05:30,1084.169241289732,1103.2401305139506,1084.055471844269,1101.6925048828125,15565210,0.0,0.0
2023-05-02 00:00:00+05:30,1108.8384100623043,1113.2078790353276,1105.1516781407502,1111.0458984375,12981805,0.0,0.0
2023-05-03 00:00:00+05:30,1112.843617602701,1112.843617602701,1098.301596335598,1101.5103759765625,7061872,0.0,0.0
2023-05-04 00:00:00+05:30,1101.988342669684,1116.416594693546,1099.0071018597473,1114.2091064453125,8635233,0.0,0.0
2023-05-05 00:00:00+05:30,1111.0230715749685,1120.2853483523877,1108.7473216831954,1111.3643798828125,8746585,0.0,0.0
2023-05-08 00:00:00+05:30,1115.1193920430428,1130.4352865898127,1112.4568260241117,1125.0872802734375,9153782,0.0,0.0
2023-05-09 00:00:00+05:30,1126.4981268820882,1131.869007406357,1121.1501206360317,1128.569091796875,6464721,0.0,0.0
2023-05-10 00:00:00+05:30,1133.3254731526017,1137.8087111970592,1129.3200667308636,1136.3294677734375,10872255,0.0,0.0
2023-05-11 00:00:00+05:30,1137.3990467293847,1142.2008392982707,1127.2036197395719,1128.9105224609375,10557860,0.0,0.0
2023-05-12 00:00:00+05:30,1124.131441065568,1132.1421342539572,1118.07794349424,1130.75390625,6955341,0.0,0.0
2023-05-15 00:00:00+05:30,1133.2799296990313,1139.9477814478626,1125.656053562054,1132.9840087890625,6833343,0.0,0.0
2023-05-16 00:00:00+05:30,1135.1461372719548,1137.694934018295,1115.1877260203244,1116.84912109375,8717229,0.0,0.0
2023-05-17 00:00:00+05:30,1121.0364183356555,1121.9466942720846,1105.5613662435237,1110.2493896484375,8798967,0.0,0.0
2023-05-18 00:00:00+05:30,1114.9146522333988,1118.3055835739715,1104.7192247141293,1107.85986328125,10525531,0.0,0.0
2023-05-19 00:00:00+05:30,1107.8598484380225,1113.2761165640286,1100.9414625185966,1111.4554443359375,8050447,0.0,0.0
2023-05-22 00:00:00+05:30,1108.2921418838719,1122.4018396026681,1107.0860654519322,1117.3951416015625,7434906,0.0,0.0
2023-05-23 00:00:00+05:30,1119.9668857159195,1123.312188970698,1115.7794477842358,1117.1904296875,6092034,0.0,0.0
2023-05-24 00:00:00+05:30,1113.253433788917,1121.491666140598,1107.5867521398898,1110.6817626953125,8112254,0.0,0.0
2023-05-25 00:00:00+05:30,1107.791584377667,1114.6643421149051,1099.667122010757,1110.545166015625,11487863,0.0,0.0
2023-05-26 00:00:00+05:30,1118.7605675013044,1141.9732639390356,1115.4607723824483,1140.83544921875,12626260,0.0,0.0
2023-05-29 00:00:00+05:30,1147.435204947075,1151.5316274691586,1141.1541682156887,1147.253173828125,10010304,0.0,0.0
2023-05-30 00:00:00+05:30,1147.2530759336782,1155.0362299051242,1144.4083583790168,1146.957275390625,11342504,0.0,0.0
2023-05-31 00:00:00+05:30,1137.8770075799403,1142.3602457612046,1120.1260859548067,1124.1768798828125,27107927,0.0,0.0
2023-06-01 00:00:00+05:30,1128.8422848607931,1131.0042653745227,1118.760627092655,1121.150146484375,14592692,0.0,0.0
2023-06-02 00:00:00+05:30,1124.6776387496595,1130.071153075416,1115.574638633608,1117.4862060546875,15800644,0.0,0.0
2023-06-05 00:00:00+05:30,1122.9480849916627,1130.4808258980374,1118.9654322095535,1127.5223388671875,10908682,0.0,0.0
2023-06-06 00:00:00+05:30,1130.3443294643755,1132.278650789992,1120.5813461084572,1128.4781494140625,7493309,0.0,0.0
2023-06-07 00:00:00+05:30,1131.9600743505027,1137.8770484380098,1125.4058709994415,1137.0350341796875,10312545,0.0,0.0
2023-06-08 00:00:00+05:30,1140.6077543669694,1145.5461903387804,1133.7805050855106,1137.717529296875,12071109,0.0,0.0
2023-06-09 00:00:00+05:30,1141.0630022086802,1141.768493092545,1127.8635807880048,1129.6614990234375,5877018,0.0,0.0
2023-06-12 00:00:00+05:30,1126.7258172350764,1132.961345647828,1121.9466580390113,1130.662841796875,6391969,0.0,0.0
2023-06-13 00:00:00+05:30,1135.6012556135665,1148.5502642183164,1131.6186029642636,1147.3668212890625,11248016,0.0,0.0
2023-06-14 00:00:00+05:30,1147.4351259891316,1162.910298244975,1145.6145741430057,1161.4765625,13277380,0.0,0.0
2023-06-15 00:00:00+05:30,1161.4537373210937,1166.3466657425097,1154.0347662802658,1161.795166015625,11813494,0.0,0.0
2023-06-16 00:00:00+05:30,1165.277051099355,1175.3814628689474,1165.277051099355,1173.105712890625,24171579,0.0,0.0
2023-06-19 00:00:00+05:30,1176.1097699237832,1176.1097699237832,1157.2892937326951,1161.453857421875,6798554,0.0,0.0
2023-06-20 00:00:00+05:30,1159.5194942207468,1167.006607035453,1153.807305095174,1163.8660888671875,6921096,0.0,0.0
2023-06-21 00:00:00+05:30,1163.820518987149,1169.6692311312559,1159.7242173321142,1167.1431884765625,6961603,0.0,0.0
2023-06-22 00:00:00+05:30,1163.3654489449273,1171.23949788599,1152.44177714095,1154.0347900390625,7619166,0.0,0.0
2023-06-23 00:00:00+05:30,1151.0307671986682,1153.0789781851352,1143.3387495446768,1144.5904541015625,6628570,0.0,0.0
2023-06-26 00:00:00+05:30,1141.0630455273226,1144.8863006210827,1132.7337983168875,1135.8515625,12641159,0.0,0.0
2023-06-27 00:00:00+05:30,1136.3067382433178,1142.200837786413,1131.8007462154783,1136.26123046875,9689466,0.0,0.0
2023-06-28 00:00:00+05:30,1143.7939683826976,1155.1044562002996,1136.8983366424925,1151.303955078125,11354006,0.0,0.0
2023-06-30 00:00:00+05:30,1158.9960008746662,1163.6612702152565,1153.1017808120625,1160.748291015625,11151555,0.0,0.0
2023-07-03 00:00:00+05:30,1164.2985171745281,1193.4054353348765,1163.0695664338207,1190.5379638671875,12154387,0.0,0.0
2023-07-04 00:00:00+05:30,1194.7709465205144,1194.7709465205144,1171.2168190678697,1178.271728515625,8061643,0.0,0.0
2023-07-05 00:00:00+05:30,1187.4883683766168,1187.4883683766168,1172.3773800242714,1176.337158203125,10248062,0.0,0.0
2023-07-06 00:00:00+05:30,1172.4912246414767,1203.623479187279,1172.4912246414767,1201.0291748046875,19117987,0.0,0.0
2023-07-07 00:00:00+05:30,1199.3222877876276,1212.9540324302811,1196.1361418182398,1198.68505859375,13375267,0.0,0.0
2023-07-10 00:00:00+05:30,1223.855018682763,1254.3956742089072,1217.5284743180387,1244.8602294921875,33240016,0.0,0.0
2023-07-11 00:00:00+05:30,1252.9845865116806,1260.7676199191653,1246.0208134423028,1258.3553466796875,20069348,0.0,0.0
2023-07-12 00:00:00+05:30,1259.0835471704997,1275.3324708183104,1256.967074541962,1259.7435302734375,18733835,0.0,0.0
2023-07-13 00:00:00+05:30,1267.0942041336878,1273.9669612194195,1245.8614575639767,1248.478515625,14682934,0.0,0.0
2023-07-14 00:00:00+05:30,1251.6645875999286,1256.6257776649,1240.3313460957377,1247.4317626953125,15124144,0.0,0.0
2023-07-17 00:00:00+05:30,1250.2993114499395,1281.2722893693374,1241.6513892285138,1272.9202880859375,22220040,0.0,0.0
2023-07-18 00:00:00+05:30,1282.1598434295897,1291.4676286423985,1271.2361709387512,1283.7301025390625,25867313,0.0,0.0
2023-07-19 00:00:00+05:30,1288.076700948864,1299.9106483107323,1273.0567278790884,1293.47021484375,39122156,0.0,0.0
2023-07-20 00:00:00+05:30,1272.252877809199,1297.3773824613913,1272.252877809199,1291.90380859375,38717624,0.0,0.0
2023-07-21 00:00:00+05:30,1286.553515673083,1289.4628832861451,1244.4410033700972,1251.9117431640625,30249238,0.0,0.0
2023-07-24 00:00:00+05:30,1223.433915662828,1240.175359314085,1217.66442067078,1226.58984375,23727866,0.0,0.0
2023-07-25 00:00:00+05:30,1229.844596215791,1235.3675310299896,1222.9408976003053,1225.801025390625,12026020,0.0,0.0
2023-07-26 00:00:00+05:30,1225.4063285982886,1255.9798466558716,1225.4063285982886,1245.722900390625,12911012,0.0,0.0
2023-07-27 00:00:00+05:30,1249.594167941766,1251.369332548578,1228.0447892509355,1234.134765625,17226898,0.0,0.0
2023-07-28 00:00:00+05:30,1238.7454024408507,1253.933562763768,1233.07450741441,1246.5367431640625,20827852,0.0,0.0
2023-07-31 00:00:00+05:30,1246.5367298459403,1259.3824434340952,1241.6547567277278,1257.0894775390625,8551174,0.0,0.0
2023-08-01 00:00:00+05:30,1259.9249956309786,1261.8974809470349,1235.4168896571687,1239.3125,9536632,0.0,0.0
2023-08-02 00:00:00+05:30,1237.3400157682765,1238.7207795689158,1214.8537553800984,1226.072265625,12748214,0.0,0.0
2023-08-03 00:00:00+05:30,1220.6231447751093,1233.246977477257,1212.116802581427,1220.9189453125,10168350,0.0,0.0
2023-08-04 00:00:00+05:30,1232.2115193068155,1240.6931815252224,1218.7986441252715,1237.5125732421875,22885610,0.0,0.0
2023-08-07 00:00:00+05:30,1243.1587651593345,1246.807814528615,1235.2688245633212,1244.564208984375,5982870,0.0,0.0
2023-08-08 00:00:00+05:30,1246.610671086271,1249.791279456067,1232.5813939016416,1237.0687255859375,9844072,0.0,0.0
2023-08-09 00:00:00+05:30,1235.1949123736956,1247.103743380083,1223.4832817270853,1245.2298583984375,11486586,0.0,0.0
2023-08-10 00:00:00+05:30,1245.106571013069,1257.459283345296,1236.9700697678936,1250.7774658203125,15470598,0.0,0.0
2023-08-11 00:00:00+05:30,1248.8049741960592,1261.8234483554147,1238.8933086015193,1256.0538330078125,22179330,0.0,0.0
2023-08-14 00:00:00+05:30,1252.034961155377,1273.387137190252,1245.1312630631455,1270.8968505859375,9575812,0.0,0.0
2023-08-16 00:00:00+05:30,1257.9523753926644,1273.633656051599,1257.9523753926644,1269.8612060546875,10203112,0.0,0.0
2023-08-17 00:00:00+05:30,1265.891624756504,1271.3159585738858,1249.0022217342007,1251.541748046875,13673744,0.0,0.0
2023-08-18 00:00:00+05:30,1248.2132273455447,1271.0694465982021,1237.0193984812158,1260.8125,18639978,0.0,0.0
2023-08-21 00:00:00+05:30,1261.3835688907475,1269.0811399821723,1249.3157396404515,1251.47607421875,9221746,9.0,0.0
2023-08-22 00:00:00+05:30,1249.9365568165044,1260.3903796040318,1241.0471519251682,1251.1781005859375,7713044,0.0,0.0
2023-08-23 00:00:00+05:30,1253.5618384912532,1262.8238273856869,1249.9613617046014,1252.568603515625,9517952,0.0,0.0
2023-08-24 00:00:00+05:30,1261.3587235815999,1261.3587235815999,1227.1418267680626,1231.5120849609375,14140020,0.0,0.0
2023-08-25 00:00:00+05:30,1219.692531286219,1244.0267878143236,1213.0379055498036,1225.8258056640625,22222400,0.0,0.0
2023-08-28 00:00:00+05:30,1227.6384530850385,1233.5978630514705,1207.326845947251,1213.6090087890625,12580826,0.0,0.0
2023-08-29 00:00:00+05:30,1217.7309089546334,1218.426124924763,1195.9293289635527,1201.9881591796875,16876644,0.0,0.0
2023-08-30 00:00:00+05:30,1207.773737009852,1213.236529405867,1199.3312396705562,1200.845947265625,12168946,0.0,0.0
2023-08-31 00:00:00+05:30,1203.30415606053,1204.2973910221976,1191.832243755466,1195.3582763671875,21638600,0.0,0.0
2023-09-01 00:00:00+05:30,1195.1348905121704,1204.6202121872007,1192.701391971407,1198.1641845703125,18112842,0.0,0.0
2023-09-04 00:00:00+05:30,1198.1641806717305,1203.6269732528613,1194.5141147392258,1197.19580078125,9347626,0.0,0.0
2023-09-05 00:00:00+05:30,1201.8143014260206,1208.7420910221174,1198.0648152036629,1203.6021728515625,8675876,0.0,0.0
2023-09-06 00:00:00+05:30,1202.3606674742653,1209.8346637897985,1200.4486416178,1206.1348876953125,8200370,0.0,0.0
2023-09-07 00:00:00+05:30,1202.6586190269109,1210.8776631982703,1197.3448358334992,1207.7738037109375,13652572,0.0,0.0
2023-09-08 00:00:00+05:30,1211.74673037339,1219.6926105725597,1203.2793775372477,1215.8189697265625,23109288,0.0,0.0
2023-09-11 00:00:00+05:30,1217.7060837441973,1230.0470768509072,1217.7060837441973,1228.9296875,13271074,0.0,0.0
2023-09-12 00:00:00+05:30,1233.1012736835467,1233.1012736835467,1209.735395658241,1211.1756591796875,16255666,0.0,0.0
2023-09-13 00:00:00+05:30,1211.7467272526792,1222.9950653828562,1204.9182364741037,1217.234375,12803338,0.0,0.0
2023-09-14 00:00:00+05:30,1221.678997428229,1224.5594030531795,1214.2297352487885,1218.3516845703125,9209636,0.0,0.0
2023-09-15 00:00:00+05:30,1225.6519470756666,1225.6519470756666,1216.4645236474253,1220.611328125,25468592,0.0,0.0
2023-09-18 00:00:00+05:30,1211.7715140152752,1217.2094512068952,1207.798574150055,1209.983642578125,7516300,0.0,0.0
2023-09-20 00:00:00+05:30,1203.329062564474,1205.5886964476529,1169.5342173018194,1183.017333984375,57081884,0.0,0.0
2023-09-21 00:00:00+05:30,1179.441742323428,1186.965570418066,1172.017334727341,1174.401123046875,12226182,0.0,0.0
2023-09-22 00:00:00+05:30,1179.963222413726,1183.166381154962,1167.0511669496027,1169.5093994140625,19176786,0.0,0.0
2023-09-25 00:00:00+05:30,1167.2496692558325,1172.3648535170125,1159.6515188545518,1162.308349609375,14254884,0.0,0.0
2023-09-26 00:00:00+05:30,1161.3649231350792,1167.1504687327713,1159.8999257031473,1163.3265380859375,10087782,0.0,0.0
2023-09-27 00:00:00+05:30,1163.8230979312202,1177.8773972692843,1161.3400104596365,1176.4371337890625,11722778,0.0,0.0
2023-09-28 00:00:00+05:30,1183.4394534727044,1183.4394534727044,1154.635639665983,1159.1549072265625,14518346,0.0,0.0
2023-09-29 00:00:00+05:30,1162.978841473464,1176.5365229562149,1159.1549111179452,1164.5679931640625,12342014,0.0,0.0
2023-10-03 00:00:00+05:30,1157.0938751709293,1159.899836684223,1150.1660855624907,1151.2337646484375,8859056,0.0,0.0
2023-10-04 00:00:00+05:30,1146.6897828808374,1151.6559577742148,1139.7868482768445,1149.247314453125,10286386,0.0,0.0
2023-10-05 00:00:00+05:30,1151.7801879907,1156.8208073415985,1146.6898583897923,1149.22265625,10953682,0.0,0.0
2023-10-06 00:00:00+05:30,1150.6875394076314,1154.5363248211877,1148.204452044047,1151.1593017578125,5431026,0.0,0.0
2023-10-09 00:00:00+05:30,1146.2429272772165,1148.1548319505969,1139.7371893760028,1141.3511962890625,7576878,0.0,0.0
2023-10-10 00:00:00+05:30,1145.4730540565001,1151.1095896158488,1144.0825008862844,1146.3917236328125,10236032,0.0,0.0
2023-10-11 00:00:00+05:30,1149.3963514723782,1166.9021183907282,1148.6762803444965,1164.5928955078125,9814118,0.0,0.0
2023-10-12 00:00:00+05:30,1163.9969217565551,1171.6944926486817,1161.1661051425594,1166.7530517578125,12554450,0.0,0.0
2023-10-13 00:00:00+05:30,1162.0849243141215,1170.7757303720264,1156.696576060419,1166.7034912109375,10150316,0.0,0.0
2023-10-16 00:00:00+05:30,1164.568075868204,1169.3107973983604,1160.0985182209486,1164.0963134765625,5929036,0.0,0.0
2023-10-17 00:00:00+05:30,1170.0307883070402,1171.8682487426624,1162.7305355660792,1169.6583251953125,7928180,0.0,0.0
2023-10-18 00:00:00+05:30,1169.6583345318004,1175.4935899954448,1152.6491856271346,1154.1390380859375,8918320,0.0,0.0
2023-10-19 00:00:00+05:30,1148.1796749731895,1153.046550785559,1142.7168824019504,1145.2744140625,12032556,0.0,0.0
2023-10-20 00:00:00+05:30,1142.220222671192,1149.5204754976244,1140.3827622140566,1141.7733154296875,8913312,0.0,0.0
2023-10-23 00:00:00+05:30,1137.254075402044,1145.3241097798968,1119.996617270943,1123.9447021484375,7853962,0.0,0.0
2023-10-25 00:00:00+05:30,1117.4141727928413,1132.8837586263421,1113.9129953485747,1121.33740234375,11620688,0.0,0.0
2023-10-26 00:00:00+05:30,1117.8860009118678,1121.3623234380264,1102.639867796045,1105.7188720703125,15222534,0.0,0.0
2023-10-27 00:00:00+05:30,1112.42320609496,1129.0598924361125,1110.4118809600386,1125.2359619140625,11771084,0.0,0.0
2023-10-30 00:00:00+05:30,1129.3082046030406,1154.6356973184122,1127.2968794620358,1148.427978515625,16813304,0.0,0.0
2023-10-31 00:00:00+05:30,1156.125592797878,1156.125592797878,1133.7280940272274,1136.211181640625,12808438,0.0,0.0
2023-11-01 00:00:00+05:30,1136.831860850084,1150.9110149678804,1129.904071222479,1140.928955078125,10309190,0.0,0.0
2023-11-02 00:00:00+05:30,1149.1479718633905,1154.2880111819782,1146.1682670397454,1152.2518310546875,10562104,0.0,0.0
2023-11-03 00:00:00+05:30,1155.7281711259097,1159.5769565823186,1150.0419252488898,1152.0035400390625,8850156,0.0,0.0
2023-11-06 00:00:00+05:30,1158.2610657722228,1162.0849964260901,1154.9337526381958,1161.58837890625,10647304,0.0,0.0
2023-11-07 00:00:00+05:30,1159.130124403499,1161.6380670799329,1151.929170502665,1154.039794921875,6960204,0.0,0.0
2023-11-08 00:00:00+05:30,1158.1119464088365,1162.581503663416,1153.021617313343,1160.0487060546875,7884494,0.0,0.0
2023-11-09 00:00:00+05:30,1160.0240417895493,1160.04877566907,1144.306025087675,1147.4595947265625,14513610,0.0,0.0
2023-11-10 00:00:00+05:30,1144.9764503053682,1150.3399433150457,1141.2518192214952,1149.6197509765625,7734954,0.0,0.0
2023-11-13 00:00:00+05:30,1153.5927756393128,1154.4371224093552,1148.030683727237,1149.470947265625,3854810,0.0,0.0
2023-11-15 00:00:00+05:30,1162.084938912781,1172.9856686848777,1155.6289114743765,1170.2542724609375,12220648,0.0,0.0
2023-11-16 00:00:00+05:30,1167.597413072765,1179.044349063192,1165.5363777710952,1172.3648681640625,13134910,0.0,0.0
2023-11-17 00:00:00+05:30,1168.4912639289141,1178.597478522974,1168.0692118018185,1169.807373046875,7758634,0.0,0.0
2023-11-20 00:00:00+05:30,1166.3310752984878,1171.2226850166387,1160.2970998159442,1166.7283935546875,4490186,0.0,0.0
2023-11-21 00:00:00+05:30,1174.997003070821,1185.9225880528827,1172.1165973266488,1181.4033203125,8214450,0.0,0.0
2023-11-22 00:00:00+05:30,1179.4665240485472,1189.1257098597493,1178.0759708449789,1186.0218505859375,8534814,0.0,0.0
2023-11-23 00:00:00+05:30,1186.0218848115442,1191.8819955385097,1186.0218848115442,1189.647216796875,8531542,0.0,0.0
2023-11-24 00:00:00+05:30,1187.7104158519992,1193.1732081420546,1187.437251988596,1188.8525390625,6749486,0.0,0.0
2023-11-28 00:00:00+05:30,1188.8525213413693,1191.732926936636,1179.5906539581802,1189.100830078125,13792174,0.0,0.0
2023-11-29 00:00:00+05:30,1195.8549462757392,1197.8165611621323,1190.9136263737091,1192.2296142578125,12531306,0.0,0.0
2023-11-30 00:00:00+05:30,1189.2498792429226,1192.2295841833957,1176.9337412400662,1180.6832275390625,28439984,0.0,0.0
2023-12-01 00:00:00+05:30,1180.9563802704033,1190.0940935038786,1180.7577817740466,1189.05126953125,14342842,0.0,0.0
2023-12-04 00:00:00+05:30,1216.7129226171448,1216.7129226171448,1191.186830615961,1201.9136962890625,15590990,0.0,0.0
2023-12-05 00:00:00+05:30,1211.250044316368,1212.1688351602068,1202.633682465189,1210.6292724609375,12693624,0.0,0.0
2023-12-06 00:00:00+05:30,1215.2726970013823,1228.1101862520723,1209.2635769303338,1222.225341796875,16422442,0.0,0.0
2023-12-07 00:00:00+05:30,1221.6789865578335,1222.1507489094333,1212.7398720220444,1220.2139892578125,8142096,0.0,0.0
2023-12-08 00:00:00+05:30,1223.5910094042822,1229.9724711859212,1214.229721540008,1219.568359375,10204894,0.0,0.0
2023-12-11 00:00:00+05:30,1219.6926060838052,1225.453417704806,1217.904734547768,1221.3563232421875,7066138,0.0,0.0
2023-12-12 00:00:00+05:30,1221.679058595461,1224.1372909888553,1201.8888025834185,1203.82568359375,9197124,0.0,0.0
2023-12-13 00:00:00+05:30,1202.8076323900825,1210.9273773327996,1195.0107615817908,1208.7421875,10031182,0.0,0.0
2023-12-14 00:00:00+05:30,1218.6993709996416,1229.1034835977007,1213.0627137565868,1223.739990234375,16972354,0.0,0.0
2023-12-15 00:00:00+05:30,1230.6181263548012,1241.5437110117043,1226.6700416026847,1239.358642578125,15932152,0.0,0.0
2023-12-18 00:00:00+05:30,1239.3586208649165,1258.8755906644863,1237.049276856192,1251.97265625,14165188,0.0,0.0
2023-12-19 00:00:00+05:30,1268.8576541199075,1278.2436759402542,1254.058429051918,1270.397216796875,16820604,0.0,0.0
2023-12-20 00:00:00+05:30,1276.8284362716163,1290.6344268977684,1251.4760888731225,1255.02685546875,17736722,0.0,0.0
2023-12-21 00:00:00+05:30,1254.9524016537405,1278.045115020143,1250.606998600923,1272.607177734375,13765454,0.0,0.0
2023-12-22 00:00:00+05:30,1271.1422137306674,1281.7200695868582,1265.2075375529496,1273.8487548828125,16541784,0.0,0.0
2023-12-26 00:00:00+05:30,1275.3137792926366,1287.2077445351904,1272.6816822126398,1280.3048095703125,7465664,0.0,0.0
2023-12-27 00:00:00+05:30,1282.2664054169704,1291.1558103107097,1277.8465580943978,1284.675048828125,9204156,0.0,0.0
2023-12-28 00:00:00+05:30,1286.1400661216585,1297.1649507188354,1284.6750686995726,1293.9617919921875,12302636,0.0,0.0
2023-12-29 00:00:00+05:30,1296.7179430156748,1298.1580852015331,1280.9254829942388,1283.7313232421875,10864584,0.0,0.0
2024-01-01 00:00:00+05:30,1281.5463597172072,1294.6074246833273,1277.8713173390402,1286.363525390625,4030540,0.0,0.0
2024-01-02 00:00:00+05:30,1283.7562064601311,1298.6547310999006,1277.7967966042233,1297.015869140625,7448800,0.0,0.0
2024-01-03 00:00:00+05:30,1296.1716500505568,1308.0904698211366,1279.8825721151966,1282.9119873046875,9037536,0.0,0.0
2024-01-04 00:00:00+05:30,1285.2460552857037,1296.0971958654188,1280.8262081528858,1289.541748046875,9612778,0.0,0.0
2024-01-05 00:00:00+05:30,1292.645630717682,1301.0633942631744,1290.2122534871983,1295.0294189453125,8086406,0.0,0.0
2024-01-08 00:00:00+05:30,1296.1716777447668,1307.0724076439487,1275.7855050776957,1284.92333984375,7734652,0.0,0.0
2024-01-09 00:00:00+05:30,1291.2055258186397,1294.5825491350672,1279.8826223433282,1281.521484375,5403074,0.0,0.0
2024-01-10 00:00:00+05:30,1279.783272530795,1320.5059067362763,1278.81489267359,1316.0860595703125,11102740,0.0,0.0
2024-01-11 00:00:00+05:30,1320.5059487620667,1353.2827041657133,1319.512713749835,1350.7003173828125,23725852,0.0,0.0
2024-01-12 00:00:00+05:30,1350.7003059486,1364.0344131282275,1336.646006395595,1361.4520263671875,15012164,0.0,0.0
2024-01-15 00:00:00+05:30,1365.698106468691,1387.0029484318006,1356.758991589987,1384.6937255859375,8610594,0.0,0.0
2024-01-16 00:00:00+05:30,1380.5718168373746,1386.8541010590134,1361.228589153576,1365.32568359375,9069024,0.0,0.0
2024-01-17 00:00:00+05:30,1350.302977482024,1376.8968687570975,1345.8582751224426,1352.3638916015625,12197382,0.0,0.0
2024-01-18 00:00:00+05:30,1342.257833902554,1361.7252160982366,1342.1088244002497,1358.69580078125,10279438,0.0,0.0
2024-01-19 00:00:00+05:30,1366.6913040800202,1366.6913040800202,1349.806309770892,1358.1990966796875,10422704,0.0,0.0
2024-01-23 00:00:00+05:30,1362.4701283646,1362.4701283646,1313.6030142485608,1319.587158203125,20055420,0.0,0.0
2024-01-24 00:00:00+05:30,1326.1921843701368,1340.3706383054482,1314.9687015682296,1334.78369140625,21919128,0.0,0.0
2024-01-25 00:00:00+05:30,1333.8648824366019,1354.9215369888896,1326.1673112576736,1343.92138671875,11808872,0.0,0.0
2024-01-29 00:00:00+05:30,1355.26919337579,1442.673875689509,1350.9735003848803,1438.2540283203125,23893438,0.0,0.0
2024-01-30 00:00:00+05:30,1450.073389873741,1450.0982449976443,1394.9241134897238,1398.1024169921875,14093978,0.0,0.0
2024-01-31 00:00:00+05:30,1394.5019351561814,1424.5472938018186,1393.0120826613565,1416.973876953125,15130226,0.0,0.0
2024-02-01 00:00:00+05:30,1425.2922675455375,1433.5857557942002,1408.4569822908004,1416.998779296875,13349362,0.0,0.0
2024-02-02 00:00:00+05:30,1423.4796314648363,1464.9223379357,1423.4796314648363,1447.838623046875,19652588,0.0,0.0
2024-02-05 00:00:00+05:30,1450.868045474515,1460.5520868528317,1421.8407764637946,1429.2900390625,8814432,0.0,0.0
2024-02-06 00:00:00+05:30,1432.0958703098133,1432.0958703098133,1410.2198450360786,1418.1409912109375,9047984,0.0,0.0
2024-02-07 00:00:00+05:30,1426.2110570936395,1439.6941741105304,1419.5811647792175,1432.3939208984375,9296568,0.0,0.0
2024-02-08 00:00:00+05:30,1440.190787028058,1449.6016646461153,1417.8678540780252,1440.31494140625,14694634,0.0,0.0
2024-02-09 00:00:00+05:30,1444.1637056694442,1462.0170807392553,1441.134290388772,1450.8680419921875,12556798,0.0,0.0
2024-02-12 00:00:00+05:30,1450.8679782462941,1451.1162869880786,1432.5924306020613,1442.5247802734375,6674430,0.0,0.0
2024-02-13 00:00:00+05:30,1445.6535667219543,1468.9945896130337,1444.1637141969918,1455.1885986328125,7715594,0.0,0.0
2024-02-14 00:00:00+05:30,1447.6400297179562,1473.613149525777,1447.6400297179562,1471.353515625,7117888,0.0,0.0
2024-02-15 00:00:00+05:30,1473.3151134412835,1474.6808115666918,1456.6039830590935,1460.6513671875,10006782,0.0,0.0
2024-02-16 00:00:00+05:30,1466.4865517855937,1467.0080243843936,1448.6828880142914,1450.694091796875,9767498,0.0,0.0
2024-02-19 00:00:00+05:30,1452.1592111252703,1469.491112552472,1443.6918589044135,1464.0283203125,6729828,0.0,0.0
2024-02-20 00:00:00+05:30,1465.046426181844,1465.5181885405725,1451.9109180393862,1461.073486328125,7117496,0.0,0.0
2024-02-21 00:00:00+05:30,1464.028425242182,1478.4551882133653,1447.6897575966793,1457.77099609375,12720292,0.0,0.0
2024-02-22 00:00:00+05:30,1458.217980480876,1474.9042556309794,1448.1366210443205,1471.7259521484375,18493728,0.0,0.0
2024-02-23 00:00:00+05:30,1479.4235354995058,1487.4191257635193,1473.3151159882195,1483.5206298828125,14438584,0.0,0.0
2024-02-26 00:00:00+05:30,1483.446168404573,1484.4145482713086,1472.470873262889,1477.26318359375,7513106,0.0,0.0
2024-02-27 00:00:00+05:30,1472.9923674869672,1489.8027971992935,1468.0510475861681,1475.599609375,10826044,0.0,0.0
2024-02-28 00:00:00+05:30,1472.9675183320362,1481.1865622803293,1440.3646276597456,1445.7777099609375,8647950,0.0,0.0
2024-02-29 00:00:00+05:30,1455.089263077392,1468.969697839758,1444.6851507865417,1450.917724609375,23628976,0.0,0.0
2024-03-01 00:00:00+05:30,1453.5994100865482,1489.852487276954,1452.6061750950303,1482.03076171875,12132926,0.0,0.0
2024-03-04 00:00:00+05:30,1480.391842498812,1502.2181563446675,1477.1638289011803,1497.202392578125,10024420,0.0,0.0
2024-03-05 00:00:00+05:30,1495.5885055145832,1497.2025124426148,1475.9969687447635,1490.0511474609375,7107668,0.0,0.0
2024-03-06 00:00:00+05:30,1483.346710900882,1498.7915631140063,1468.4978966627293,1492.8321533203125,7805676,0.0,0.0
2024-03-07 00:00:00+05:30,1492.8073957530228,1492.9315501318383,1465.5679977876061,1468.920166015625,8315726,0.0,0.0
2024-03-11 00:00:00+05:30,1478.926955657413,1478.926955657413,1453.599462461131,1456.678466796875,11277130,0.0,0.0
2024-03-12 00:00:00+05:30,1456.6783543995991,1477.933606592777,1455.1140578500986,1465.4437255859375,9432678,0.0,0.0
2024-03-13 00:00:00+05:30,1469.7642879983296,1473.066745744361,1418.116070049675,1422.486328125,13522134,0.0,0.0
2024-03-14 00:00:00+05:30,1429.960349068663,1438.7257204946209,1415.8564608814304,1421.791015625,18571102,0.0,0.0
2024-03-15 00:00:00+05:30,1416.3033309879486,1423.529139511023,1403.3416876139654,1408.630615234375,19223818,0.0,0.0
2024-03-18 00:00:00+05:30,1410.3937109502833,1431.9717172439134,1406.9422435473875,1429.7369384765625,9169392,0.0,0.0
2024-03-19 00:00:00+05:30,1419.0844767245467,1427.8745820427584,1407.6622744621968,1415.608154296875,8275764,0.0,0.0
2024-03-20 00:00:00+05:30,1418.2898707180725,1435.224575977408,1414.3914960871218,1433.9830322265625,8488806,0.0,0.0
2024-03-21 00:00:00+05:30,1442.6986202877974,1448.037258145121,1434.9017501776295,1441.1590576171875,13006936,0.0,0.0
2024-03-22 00:00:00+05:30,1440.1658775080002,1450.1230825118198,1437.558635664443,1445.1817626953125,19527608,0.0,0.0
2024-03-26 00:00:00+05:30,1435.224510054802,1442.5744729711112,1429.2651003244707,1431.8226318359375,11415906,0.0,0.0
2024-03-27 00:00:00+05:30,1438.2042887209677,1489.8525090341518,1437.2110537149451,1482.7508544921875,16326644,0.0,0.0
2024-03-28 00:00:00+05:30,1482.7757179790017,1495.7622172581894,1468.6469741875442,1475.7982177734375,21854364,0.0,0.0
2024-04-01 00:00:00+05:30,1482.378329479293,1483.8681819261294,1472.4708349567309,1474.73046875,5013880,0.0,0.0
2024-04-02 00:00:00+05:30,1473.9607522936774,1483.893102376519,1465.02163721912,1476.8907470703125,8910166,0.0,0.0
2024-04-03 00:00:00+05:30,1472.0486431242657,1474.4075761354848,1458.9628453771513,1461.64453125,7008292,0.0,0.0
2024-04-04 00:00:00+05:30,1469.7394502232175,1469.7394502232175,1440.1907097980506,1453.0283203125,14490272,0.0,0.0
2024-04-05 00:00:00+05:30,1450.9921934901015,1460.8500994503086,1446.1501728221701,1450.222412109375,7442298,0.0,0.0
2024-04-08 00:00:00+05:30,1453.0779581511547,1480.8885383095317,1451.1163432638848,1475.92236328125,8357118,0.0,0.0
2024-04-09 00:00:00+05:30,1478.9268957594693,1479.721532246934,1452.6061686018963,1453.7484130859375,7071414,0.0,0.0
2024-04-10 00:00:00+05:30,1456.4301647801274,1476.9404924377993,1456.4301647801274,1469.565673828125,9138330,0.0,0.0
2024-04-12 00:00:00+05:30,1465.8906824343142,1476.4189490188535,1453.1772261376407,1457.2247314453125,15551012,0.0,0.0
2024-04-15 00:00:00+05:30,1451.1163299095672,1472.0984192109631,1436.5405578378954,1454.9154052734375,12902062,0.0,0.0
2024-04-16 00:00:00+05:30,1443.5180900360606,1461.2225769893437,1441.1095678626566,1455.834228515625,9366184,0.0,0.0
2024-04-18 00:00:00+05:30,1453.5994528478836,1475.947240814455,1449.4775032629252,1454.4188232421875,19005692,0.0,0.0
2024-04-19 00:00:00+05:30,1446.9199027822451,1464.0283509520343,1433.2629218964987,1460.1795654296875,15741778,0.0,0.0
2024-04-22 00:00:00+05:30,1462.4887820952295,1472.7935949020498,1457.8703364834378,1469.8387451171875,10350362,0.0,0.0
2024-04-23 00:00:00+05:30,1468.99458409558,1483.3964917827916,1445.7032715406172,1449.45263671875,14605554,0.0,0.0
2024-04-24 00:00:00+05:30,1453.5994319870126,1458.6153172675517,1439.6941418962588,1440.3646240234375,10462776,0.0,0.0
2024-04-25 00:00:00+05:30,1432.741508965424,1458.044146720608,1431.748273950543,1450.0982666015625,15943926,0.0,0.0
2024-04-26 00:00:00+05:30,1454.0462924561546,1455.0892376772058,1440.1907130593506,1442.7235107421875,9413848,0.0,0.0
2024-04-29 00:00:00+05:30,1440.190755560666,1457.969686378213,1440.190755560666,1455.1141357421875,7247974,0.0,0.0
2024-04-30 00:00:00+05:30,1458.0689185518916,1473.0418870480758,1452.9785893914159,1457.07568359375,11474262,0.0,0.0
2024-05-02 00:00:00+05:30,1462.0418662328166,1467.3307939155113,1454.2201408954636,1456.6287841796875,14512646,0.0,0.0
2024-05-03 00:00:00+05:30,1461.0486441682738,1464.971873810829,1406.5697301896898,1424.2989501953125,17226958,0.0,0.0
2024-05-06 00:00:00+05:30,1425.7887791713451,1430.2583364728227,1408.4071674433767,1409.921875,7394208,0.0,0.0
2024-05-07 00:00:00+05:30,1406.3959262738065,1411.1386477198662,1382.5831410354065,1391.9940185546875,14517472,0.0,0.0
2024-05-08 00:00:00+05:30,1388.045846950484,1423.255977539907,1388.045846950484,1408.9534912109375,9439002,0.0,0.0
2024-05-09 00:00:00+05:30,1403.4410359565532,1414.118312061672,1380.5966312665314,1384.6937255859375,11009612,0.0,0.0
2024-05-10 00:00:00+05:30,1387.3009765451195,1400.461340203056,1378.6846144825925,1397.90380859375,10505096,0.0,0.0
2024-05-13 00:00:00+05:30,1390.4297080913934,1397.4567972556988,1374.6372472590963,1393.210693359375,8456620,0.0,0.0
2024-05-14 00:00:00+05:30,1391.497375457578,1417.4207846263603,1390.5538507083768,1410.4681396484375,7188300,0.0,0.0
2024-05-15 00:00:00+05:30,1410.890363489447,1420.301241172303,1403.465955871342,1406.6939697265625,5046534,0.0,0.0
2024-05-16 00:00:00+05:30,1408.9535941036795,1417.8429990852542,1388.5674209537442,1415.70751953125,14711774,0.0,0.0
2024-05-17 00:00:00+05:30,1413.4231011289248,1427.4772792429303,1403.6893497283538,1425.9874267578125,10916476,0.0,0.0
2024-05-21 00:00:00+05:30,1415.955723776385,1432.0709366288527,1415.955723776385,1426.4095458984375,11176128,0.0,0.0
2024-05-22 00:00:00+05:30,1426.5585744712246,1458.8387108533418,1426.5585744712246,1450.7686767578125,10281604,0.0,0.0
2024-05-23 00:00:00+05:30,1448.6829852241392,1482.1301017368073,1445.1569524094602,1475.9969482421875,14608260,0.0,0.0
2024-05-24 00:00:00+05:30,1473.588252052909,1478.4302725963466,1466.1141345549065,1470.236083984375,7094776,0.0,0.0
2024-05-27 00:00:00+05:30,1470.211245344789,1474.8546674414365,1451.6626545709723,1456.330810546875,6629010,0.0,0.0
2024-05-28 00:00:00+05:30,1458.0689763512862,1468.4979438251885,1442.92214263919,1446.3487548828125,7820162,0.0,0.0
2024-05-29 00:00:00+05:30,1436.7144444353128,1448.1366470699525,1428.7188540932618,1431.0281982421875,7383556,0.0,0.0
2024-05-30 00:00:00+05:30,1425.7887920543308,1430.6556676310377,1410.4929493466097,1415.2108154296875,13206858,0.0,0.0
2024-05-31 00:00:00+05:30,1421.6173244336267,1432.4931993421653,1412.6284990566091,1420.723388671875,31069832,0.0,0.0
2024-06-03 00:00:00+05:30,1472.967447134317,1504.2543484052076,1449.1298080707809,1500.1075439453125,21527942,0.0,0.0
2024-06-04 00:00:00+05:30,1487.9156639356331,1487.9156639356331,1350.104314753697,1387.8223876953125,36709098,0.0,0.0
2024-06-05 00:00:00+05:30,1412.3802156651416,1421.4683404578807,1374.7365836991446,1411.138671875,17464890,0.0,0.0
2024-06-06 00:00:00+05:30,1425.292184285246,1433.9332800406028,1411.734502673632,1421.9151611328125,17855722,0.0,0.0
2024-06-07 00:00:00+05:30,1418.8361951215056,1462.0419175490767,1416.8497251248357,1460.0057373046875,18558696,0.0,0.0
2024-06-10 00:00:00+05:30,1460.005781384102,1483.2475052957384,1458.143465705998,1461.446044921875,9251760,0.0,0.0
2024-06-11 00:00:00+05:30,1459.0622518977075,1463.705674137936,1444.8342086607024,1446.8206787109375,11774902,0.0,0.0
2024-06-12 00:00:00+05:30,1447.6399918148468,1466.0148390522907,1445.3307689706455,1453.425537109375,10081742,0.0,0.0
2024-06-13 00:00:00+05:30,1462.0418603907183,1462.2901691305944,1450.2223401237136,1455.3375244140625,9181160,0.0,0.0
2024-06-14 00:00:00+05:30,1460.0554705062502,1469.6650677640184,1447.3668689541396,1467.554443359375,8157998,0.0,0.0
2024-06-18 00:00:00+05:30,1477.2880221208793,1477.337732367643,1461.3962624530698,1471.005859375,7196766,0.0,0.0
2024-06-19 00:00:00+05:30,1477.4370314616108,1477.4370314616108,1446.1501296188944,1448.7822265625,8725874,0.0,0.0
2024-06-20 00:00:00+05:30,1449.129840920104,1472.8184710275734,1440.290025318092,1463.7303466796875,16113776,0.0,0.0
2024-06-21 00:00:00+05:30,1463.6559432765043,1464.723622415666,1430.8294776608532,1444.3623046875,31170360,0.0,0.0
2024-06-24 00:00:00+05:30,1435.7460388952218,1439.694123747318,1427.7753038197789,1431.723388671875,8878386,0.0,0.0
2024-06-25 00:00:00+05:30,1433.2381492994232,1446.0757605690187,1431.251679238024,1444.312744140625,7045386,0.0,0.0
2024-06-26 00:00:00+05:30,1436.2674702477104,1508.6990573544801,1435.3486794068933,1503.7825927734375,22014882,0.0,0.0
2024-06-27 00:00:00+05:30,1503.5095258586794,1527.0988578085678,1495.8119543802948,1520.1959228515625,28383030,0.0,0.0
2024-06-28 00:00:00+05:30,1520.6676062297508,1570.3044999994931,1520.6676062297508,1554.81005859375,28957336,0.0,0.0
2024-07-01 00:00:00+05:30,1551.9545141363872,1568.715354453727,1545.1508787601754,1549.5955810546875,7724306,0.0,0.0
2024-07-02 00:00:00+05:30,1558.8823628827959,1562.855302960229,1546.4669251408175,1554.586669921875,7749246,0.0,0.0
2024-07-03 00:00:00+05:30,1555.7287206925387,1564.3450825817029,1532.3381098234954,1541.9228515625,9049620,0.0,0.0
2024-07-04 00:00:00+05:30,1546.466934913299,1556.8959026824639,1540.3089262521676,1543.5120849609375,6837176,0.0,0.0
2024-07-05 00:00:00+05:30,1543.3133036757315,1587.686125174581,1537.5277583798884,1577.8779296875,12269710,0.0,0.0
2024-07-08 00:00:00+05:30,1578.2504254618127,1597.9165270899769,1571.8192530430833,1590.0699462890625,9500806,0.0,0.0
2024-07-09 00:00:00+05:30,1586.7922437269306,1589.6726495338755,1569.8079491335773,1579.516845703125,6960002,0.0,0.0
2024-07-10 00:00:00+05:30,1584.2098217818486,1586.6929092768046,1552.575311345012,1573.5076904296875,7134578,0.0,0.0
2024-07-11 00:00:00+05:30,1576.760544603564,1593.3972306647354,1559.8755497952109,1569.9569091796875,11940946,0.0,0.0
2024-07-12 00:00:00+05:30,1573.7808223482348,1594.29114888902,1563.8484725700823,1585.923095703125,12924784,0.0,0.0
2024-07-15 00:00:00+05:30,1593.595776039798,1594.9863292265602,1574.7740221286813,1586.419677734375,5329688,0.0,0.0
2024-07-16 00:00:00+05:30,1582.7199736846997,1589.1760011895321,1558.5098705415778,1565.586669921875,9386838,0.0,0.0
2024-07-18 00:00:00+05:30,1565.3383301885008,1583.1172605988065,1547.2862359094959,1575.941162109375,12298374,0.0,0.0
2024-07-19 00:00:00+05:30,1575.2706692394984,1579.2187540134394,1542.295316590546,1544.62939453125,13140390,0.0,0.0
2024-07-22 00:00:00+05:30,1526.8504700439987,1527.0987787885172,1489.132396000546,1490.52294921875,19674376,0.0,0.0
2024-07-23 00:00:00+05:30,1490.8457045714713,1495.5635707251784,1453.1027753418136,1477.8343505859375,18052044,0.0,0.0
2024-07-24 00:00:00+05:30,1474.9539769524845,1499.288234484697,1466.4121801900785,1485.58154296875,11913362,0.0,0.0
2024-07-25 00:00:00+05:30,1470.98105170067,1490.3242792963804,1467.0825557836058,1482.303955078125,12519876,0.0,0.0
2024-07-26 00:00:00+05:30,1482.3038750787018,1502.1934293549855,1480.2676949176735,1498.81640625,9859940,0.0,0.0
2024-07-29 00:00:00+05:30,1501.7216386655564,1517.1664917107262,1501.5478952839153,1509.8165283203125,7538550,0.0,0.0
2024-07-30 00:00:00+05:30,1506.7623598686414,1514.6833847959679,1499.7848596996141,1502.91357421875,8228208,0.0,0.0
2024-07-31 00:00:00+05:30,1493.8254363572114,1500.2317535937864,1490.9947408630155,1495.2408447265625,10057346,0.0,0.0
2024-08-01 00:00:00+05:30,1501.77134820626,1507.7307583181896,1494.1234870604208,1505.049072265625,10764222,0.0,0.0
2024-08-02 00:00:00+05:30,1494.8186639169483,1499.114356762296,1483.173007877194,1489.1820068359375,10268248,0.0,0.0
2024-08-05 00:00:00+05:30,1469.9878159515392,1473.8614567424752,1423.5540791976646,1437.5338134765625,17046704,0.0,0.0
2024-08-06 00:00:00+05:30,1445.3058933780949,1467.5046707476097,1441.5066968644826,1446.1998291015625,10236186,0.0,0.0
2024-08-07 00:00:00+05:30,1459.0622098816934,1462.5385323694986,1451.612947407825,1454.9154052734375,8174568,0.0,0.0
2024-08-08 00:00:00+05:30,1447.6648534405974,1455.0892607439564,1436.1433518023791,1439.3216552734375,12387192,0.0,0.0
2024-08-09 00:00:00+05:30,1450.1231069497526,1466.5114845282942,1446.1501669307122,1464.326416015625,6249776,0.0,0.0
2024-08-12 00:00:00+05:30,1460.05547476733,1463.0351798178756,1447.8883458109356,1450.743896484375,8184584,0.0,0.0
2024-08-13 00:00:00+05:30,1450.8679602470922,1460.1298277029484,1448.1365641213488,1453.7235107421875,6265064,0.0,0.0
2024-08-14 00:00:00+05:30,1453.6491435483126,1462.0419308628677,1443.8656817300166,1451.9605712890625,6267466,0.0,0.0
2024-08-16 00:00:00+05:30,1458.7146295221214,1470.3851409523195,1448.1863626084614,1468.199951171875,9416902,0.0,0.0
2024-08-19 00:00:00+05:30,1482.5,1498.300048828125,1480.5,1488.4000244140625,13797742,10.0,0.0
2024-08-20 00:00:00+05:30,1497.2249755859375,1503.925048828125,1490.0250244140625,1495.949951171875,8411808,0.0,0.0
2024-08-21 00:00:00+05:30,1493.25,1507.875,1490.0,1498.675048828125,7769996,0.0,0.0
2024-08-22 00:00:00+05:30,1503.0,1506.5,1490.6500244140625,1498.125,10445782,0.0,0.0
2024-08-23 00:00:00+05:30,1503.75,1511.324951171875,1498.425048828125,1499.9749755859375,9249654,0.0,0.0
2024-08-26 00:00:00+05:30,1506.9749755859375,1523.0,1503.0,1512.5999755859375,8816114,0.0,0.0
2024-08-27 00:00:00+05:30,1510.5,1513.4749755859375,1499.449951171875,1500.449951171875,6251156,0.0,0.0
2024-08-28 00:00:00+05:30,1505.0,1507.4749755859375,1493.0,1498.300048828125,9610286,0.0,0.0
2024-08-29 00:00:00+05:30,1503.0999755859375,1537.0,1494.0,1520.925048828125,38335358,0.0,0.0
2024-08-30 00:00:00+05:30,1534.0,1539.7249755859375,1503.324951171875,1509.625,41620730,0.0,0.0
2024-09-02 00:00:00+05:30,1510.875,1526.800048828125,1506.625,1516.25,11240852,0.0,0.0
2024-09-03 00:00:00+05:30,1521.25,1523.0,1507.5,1509.125,10923800,0.0,0.0
2024-09-04 00:00:00+05:30,1500.699951171875,1517.5,1499.5,1514.550048828125,11983304,0.0,0.0
2024-09-05 00:00:00+05:30,1519.050048828125,1525.7750244140625,1487.050048828125,1492.9749755859375,16264168,0.0,0.0
2024-09-06 00:00:00+05:30,1492.5,1497.0,1461.625,1464.824951171875,19394228,0.0,0.0
2024-09-09 00:00:00+05:30,1466.5,1469.925048828125,1455.5999755859375,1462.449951171875,9010298,0.0,0.0
2024-09-10 00:00:00+05:30,1460.5,1472.050048828125,1457.574951171875,1461.5250244140625,10768260,0.0,0.0
2024-09-11 00:00:00+05:30,1463.050048828125,1468.75,1447.550048828125,1451.5,9760202,0.0,0.0
2024-09-12 00:00:00+05:30,1457.0,1486.0,1445.875,1479.800048828125,22349376,0.0,0.0
2024-09-13 00:00:00+05:30,1476.4000244140625,1483.1500244140625,1469.5,1472.625,8711328,0.0,0.0
2024-09-16 00:00:00+05:30,1477.550048828125,1480.9000244140625,1464.75,1471.3499755859375,5481774,0.0,0.0
2024-09-17 00:00:00+05:30,1474.0,1477.4749755859375,1466.625,1472.300048828125,5935328,0.0,0.0
2024-09-18 00:00:00+05:30,1470.0,1482.0,1460.550048828125,1463.449951171875,8574714,0.0,0.0
2024-09-19 00:00:00+05:30,1466.25,1476.5,1455.550048828125,1469.675048828125,16955902,0.0,0.0
2024-09-20 00:00:00+05:30,1474.0,1495.0,1471.375,1485.925048828125,30897320,0.0,0.0
2024-09-23 00:00:00+05:30,1491.0,1501.5,1488.949951171875,1493.375,8832314,0.0,0.0
2024-09-24 00:00:00+05:30,1488.5,1500.5,1487.875,1489.375,17137444,0.0,0.0
2024-09-25 00:00:00+05:30,1483.9000244140625,1496.5,1480.199951171875,1493.949951171875,7069002,0.0,0.0
2024-09-26 00:00:00+05:30,1490.6500244140625,1504.0,1488.050048828125,1497.949951171875,18818998,0.0,0.0
2024-09-27 00:00:00+05:30,1499.0,1533.4749755859375,1492.0,1526.175048828125,20597478,0.0,0.0
2024-09-30 00:00:00+05:30,1519.4000244140625,1524.9749755859375,1474.4000244140625,1476.574951171875,27008814,0.0,0.0
2024-10-01 00:00:00+05:30,1480.6500244140625,1487.949951171875,1462.824951171875,1464.824951171875,16431642,0.0,0.0
2024-10-03 00:00:00+05:30,1436.574951171875,1449.4000244140625,1402.074951171875,1406.9749755859375,37757294,0.0,0.0
2024-10-04 00:00:00+05:30,1403.925048828125,1417.3499755859375,1381.7750244140625,1386.5250244140625,37072876,0.0,0.0
2024-10-07 00:00:00+05:30,1393.5,1396.5,1361.375,1370.7249755859375,22181340,0.0,0.0
2024-10-08 00:00:00+05:30,1372.9749755859375,1401.0,1365.0999755859375,1397.3499755859375,17020808,0.0,0.0
2024-10-09 00:00:00+05:30,1397.5250244140625,1400.9749755859375,1372.5,1374.5999755859375,14310610,0.0,0.0
2024-10-10 00:00:00+05:30,1380.0250244140625,1386.0,1369.425048828125,1371.050048828125,22358646,0.0,0.0
2024-10-11 00:00:00+05:30,1370.0,1383.2750244140625,1368.824951171875,1372.0999755859375,7980122,0.0,0.0
2024-10-14 00:00:00+05:30,1379.449951171875,1380.074951171875,1368.25,1372.5250244140625,12221432,0.0,0.0
2024-10-15 00:00:00+05:30,1358.5250244140625,1371.699951171875,1340.699951171875,1344.0250244140625,33762794,0.0,0.0
2024-10-16 00:00:00+05:30,1340.0,1364.0,1337.625,1354.074951171875,20034438,0.0,0.0
2024-10-17 00:00:00+05:30,1365.699951171875,1368.449951171875,1352.050048828125,1356.425048828125,15543660,0.0,0.0
2024-10-18 00:00:00+05:30,1352.175048828125,1368.425048828125,1341.324951171875,1359.300048828125,12082452,0.0,0.0
2024-10-21 00:00:00+05:30,1367.125,1374.0,1357.7249755859375,1369.199951171875,14067408,0.0,0.0
2024-10-22 00:00:00+05:30,1369.199951171875,1376.0,1340.2249755859375,1343.3499755859375,15831960,0.0,0.0
2024-10-23 00:00:00+05:30,1337.5,1357.4749755859375,1335.0,1338.5250244140625,17214742,0.0,0.0
2024-10-24 00:00:00+05:30,1335.2750244140625,1343.699951171875,1323.125,1339.800048828125,22155934,0.0,0.0
2024-10-25 00:00:00+05:30,1343.5,1344.3499755859375,1322.0,1327.8499755859375,18597496,0.0,0.0
2024-10-28 00:00:00+05:30,1337.0,1353.0,1322.0999755859375,1334.3499755859375,10824350,0.0,2.0
2024-10-29 00:00:00+05:30,1328.0999755859375,1343.199951171875,1320.300048828125,1340.0,12008361,0.0,0.0
2024-10-30 00:00:00+05:30,1335.0,1350.0,1325.3499755859375,1343.9000244140625,11984423,0.0,0.0
2024-10-31 00:00:00+05:30,1340.0,1343.0,1326.1500244140625,1332.050048828125,9331650,0.0,0.0
2024-11-01 00:00:00+05:30,1333.050048828125,1341.949951171875,1333.0,1338.6500244140625,2127335,0.0,0.0
2024-11-04 00:00:00+05:30,1337.8499755859375,1340.0,1285.0999755859375,1302.1500244140625,19796890,0.0,0.0
2024-11-05 00:00:00+05:30,1293.0,1309.550048828125,1286.1500244140625,1305.300048828125,16267479,0.0,0.0
2024-11-06 00:00:00+05:30,1310.0,1328.300048828125,1300.199951171875,1325.3499755859375,21625209,0.0,0.0
2024-11-07 00:00:00+05:30,1324.0,1324.0,1302.5999755859375,1305.6500244140625,9611974,0.0,0.0
2024-11-08 00:00:00+05:30,1297.6500244140625,1301.6500244140625,1275.0,1283.75,19814406,0.0,0.0
2024-11-11 00:00:00+05:30,1278.949951171875,1286.0,1267.0,1272.699951171875,9056552,0.0,0.0
2024-11-12 00:00:00+05:30,1275.550048828125,1289.300048828125,1267.5,1274.25,10671091,0.0,0.0
2024-11-13 00:00:00+05:30,1270.25,1275.449951171875,1249.5,1252.050048828125,14633633,0.0,0.0
2024-11-14 00:00:00+05:30,1253.5999755859375,1272.5999755859375,1251.0999755859375,1267.5999755859375,12612633,0.0,0.0
2024-11-18 00:00:00+05:30,1267.5999755859375,1272.9000244140625,1243.9000244140625,1260.75,13620611,0.0,0.0
2024-11-19 00:00:00+05:30,1260.75,1281.5,1235.1500244140625,1241.6500244140625,14183746,0.0,0.0
2024-11-21 00:00:00+05:30,1241.6500244140625,1243.949951171875,1217.25,1223.0,19433843,0.0,0.0
2024-11-22 00:00:00+05:30,1229.4000244140625,1268.8499755859375,1222.449951171875,1265.4000244140625,20471957,0.0,0.0
2024-11-25 00:00:00+05:30,1290.0,1304.449951171875,1282.449951171875,1287.0,28923341,0.0,0.0
2024-11-26 00:00:00+05:30,1294.949951171875,1297.8499755859375,1284.199951171875,1295.699951171875,9247557,0.0,0.0
2024-11-27 00:00:00+05:30,1293.5,1303.8499755859375,1286.0,1293.199951171875,9572746,0.0,0.0
2024-11-28 00:00:00+05:30,1289.949951171875,1296.5999755859375,1269.050048828125,1270.800048828125,15027412,0.0,0.0
2024-11-29 00:00:00+05:30,1280.0,1299.5,1275.25,1292.199951171875,13202307,0.0,0.0
2024-12-02 00:00:00+05:30,1288.0,1311.3499755859375,1277.050048828125,1309.1500244140625,11024152,0.0,0.0
2024-12-03 00:00:00+05:30,1317.0,1326.800048828125,1307.0,1323.300048828125,16869482,0.0,0.0
2024-12-04 00:00:00+05:30,1326.0,1328.4000244140625,1304.050048828125,1308.949951171875,19608540,0.0,0.0
2024-12-05 00:00:00+05:30,1314.3499755859375,1329.949951171875,1306.1500244140625,1322.050048828125,16858723,0.0,0.0
2024-12-06 00:00:00+05:30,1323.9000244140625,1323.9000244140625,1310.0,1311.550048828125,9037514,0.0,0.0
2024-12-09 00:00:00+05:30,1303.0,1315.0,1293.0999755859375,1295.1500244140625,14650002,0.0,0.0
2024-12-10 00:00:00+05:30,1289.25,1294.9000244140625,1280.199951171875,1284.8499755859375,16043729,0.0,0.0
2024-12-11 00:00:00+05:30,1285.0,1290.0,1276.050048828125,1278.199951171875,11724373,0.0,0.0
2024-12-12 00:00:00+05:30,1270.0,1278.199951171875,1260.5999755859375,1262.9000244140625,20906813,0.0,0.0
2024-12-13 00:00:00+05:30,1260.0,1275.199951171875,1239.5999755859375,1272.8499755859375,28630222,0.0,0.0
2024-12-16 00:00:00+05:30,1275.0,1281.0,1266.550048828125,1268.300048828125,9486781,0.0,0.0
2024-12-17 00:00:00+05:30,1261.050048828125,1263.9000244140625,1242.800048828125,1245.300048828125,17462791,0.0,0.0
2024-12-18 00:00:00+05:30,1240.6500244140625,1259.949951171875,1240.6500244140625,1253.25,12670179,0.0,0.0
2024-12-19 00:00:00+05:30,1239.0,1244.9000244140625,1229.0,1230.449951171875,14244653,0.0,0.0
2024-12-20 00:00:00+05:30,1224.0,1239.5,1201.5,1205.300048828125,20312896,0.0,0.0
2024-12-23 00:00:00+05:30,1215.0,1227.199951171875,1213.199951171875,1222.300048828125,10052824,0.0,0.0
2024-12-24 00:00:00+05:30,1222.300048828125,1233.550048828125,1221.0,1222.75,6734917,0.0,0.0
2024-12-26 00:00:00+05:30,1224.25,1227.699951171875,1214.25,1216.550048828125,10016178,0.0,0.0
2024-12-27 00:00:00+05:30,1218.300048828125,1227.9000244140625,1217.0,1221.050048828125,7000397,0.0,0.0
2024-12-30 00:00:00+05:30,1216.4000244140625,1223.199951171875,1208.0999755859375,1210.699951171875,8818766,0.0,0.0
2024-12-31 00:00:00+05:30,1208.0,1219.0999755859375,1206.1500244140625,1215.449951171875,6405475,0.0,0.0
2025-01-01 00:00:00+05:30,1214.8499755859375,1226.300048828125,1211.5999755859375,1221.25,5892590,0.0,0.0
2025-01-02 00:00:00+05:30,1221.25,1244.449951171875,1220.0,1241.800048828125,15486276,0.0,0.0
2025-01-03 00:00:00+05:30,1243.9000244140625,1262.050048828125,1235.5,1251.1500244140625,15521102,0.0,0.0
2025-01-06 00:00:00+05:30,1253.949951171875,1262.0,1215.0,1218.0,14816766,0.0,0.0
2025-01-07 00:00:00+05:30,1222.0,1244.5,1221.25,1240.8499755859375,10070505,0.0,0.0
2025-01-08 00:00:00+05:30,1249.0,1271.050048828125,1245.3499755859375,1265.5,19346579,0.0,0.0
2025-01-09 00:00:00+05:30,1267.0,1269.75,1248.050048828125,1254.75,12794704,0.0,0.0
2025-01-10 00:00:00+05:30,1253.8499755859375,1256.75,1236.0,1241.9000244140625,8120332,0.0,0.0
2025-01-13 00:00:00+05:30,1230.0,1245.25,1226.4000244140625,1239.8499755859375,13764861,0.0,0.0
2025-01-14 00:00:00+05:30,1244.0999755859375,1253.3499755859375,1227.25,1238.75,13095266,0.0,0.0
2025-01-15 00:00:00+05:30,1244.949951171875,1257.0,1241.8499755859375,1252.199951171875,9578856,0.0,0.0
2025-01-16 00:00:00+05:30,1258.9000244140625,1275.0,1251.300048828125,1266.449951171875,14117603,0.0,0.0
2025-01-17 00:00:00+05:30,1322.25,1326.0,1285.0,1302.3499755859375,29366277,0.0,0.0
2025-01-20 00:00:00+05:30,1316.0,1316.0,1300.25,1305.449951171875,14040244,0.0,0.0
2025-01-21 00:00:00+05:30,1310.5,1313.0,1270.199951171875,1273.699951171875,14562976,0.0,0.0
2025-01-22 00:00:00+05:30,1278.300048828125,1282.9000244140625,1268.699951171875,1277.0999755859375,10273590,0.0,0.0
2025-01-23 00:00:00+05:30,1270.0,1277.3499755859375,1261.5999755859375,1263.6500244140625,8720682,0.0,0.0
2025-01-24 00:00:00+05:30,1266.0,1273.0,1243.5,1246.300048828125,14235970,0.0,0.0
2025-01-27 00:00:00+05:30,1239.0999755859375,1240.449951171875,1220.0,1229.3499755859375,9536019,0.0,0.0
2025-01-28 00:00:00+05:30,1238.0,1244.75,1218.5,1234.4000244140625,10568025,0.0,0.0
2025-01-29 00:00:00+05:30,1236.0,1242.75,1228.050048828125,1235.5,5928156,0.0,0.0
2025-01-30 00:00:00+05:30,1235.550048828125,1257.0,1232.4000244140625,1253.050048828125,9269259,0.0,0.0
2025-01-31 00:00:00+05:30,1255.8499755859375,1267.0,1249.0,1265.0999755859375,6584612,0.0,0.0
2025-02-01 00:00:00+05:30,1265.0999755859375,1270.550048828125,1241.0,1264.5999755859375,7118453,0.0,0.0
2025-02-03 00:00:00+05:30,1251.0,1256.0,1237.550048828125,1245.9000244140625,9252345,0.0,0.0
2025-02-04 00:00:00+05:30,1248.050048828125,1288.800048828125,1246.5999755859375,1285.199951171875,16691069,0.0,0.0
2025-02-05 00:00:00+05:30,1282.6500244140625,1290.5,1276.699951171875,1278.199951171875,10112028,0.0,0.0
2025-02-06 00:00:00+05:30,1273.699951171875,1288.0,1270.3499755859375,1281.550048828125,9956001,0.0,0.0
2025-02-07 00:00:00+05:30,1276.1500244140625,1283.699951171875,1262.0,1266.699951171875,8764283,0.0,0.0
2025-02-10 00:00:00+05:30,1264.5,1266.5,1245.550048828125,1253.6500244140625,6970972,0.0,0.0
2025-02-11 00:00:00+05:30,1264.550048828125,1264.550048828125,1230.0999755859375,1234.8499755859375,8859714,0.0,0.0
2025-02-12 00:00:00+05:30,1219.449951171875,1226.9000244140625,1193.3499755859375,1216.550048828125,21131654,0.0,0.0
2025-02-13 00:00:00+05:30,1217.050048828125,1228.0,1212.0,1216.0999755859375,8511216,0.0,0.0
2025-02-14 00:00:00+05:30,1219.0,1224.0,1205.449951171875,1217.25,10298145,0.0,0.0
2025-02-17 00:00:00+05:30,1211.0999755859375,1227.5,1204.5,1224.9000244140625,8166683,0.0,0.0
2025-02-18 00:00:00+05:30,1224.8499755859375,1229.9000244140625,1216.0999755859375,1225.4000244140625,6673250,0.0,0.0
2025-02-19 00:00:00+05:30,1219.5,1232.75,1217.550048828125,1227.449951171875,6217338,0.0,0.0
2025-02-20 00:00:00+05:30,1223.949951171875,1239.3499755859375,1222.0,1233.0,7795582,0.0,0.0
2025-02-21 00:00:00+05:30,1228.699951171875,1240.0,1222.1500244140625,1228.1500244140625,6904025,0.0,0.0
2025-02-24 00:00:00+05:30,1216.550048828125,1223.25,1210.5,1214.550048828125,7172498,0.0,0.0
2025-02-25 00:00:00+05:30,1211.0,1221.0,1201.5,1204.0,11552182,0.0,0.0
2025-02-27 00:00:00+05:30,1212.800048828125,1215.0,1200.6500244140625,1207.0999755859375,11509215,0.0,0.0
2025-02-28 00:00:00+05:30,1202.0,1217.3499755859375,1193.300048828125,1200.0999755859375,23007298,0.0,0.0
2025-03-03 00:00:00+05:30,1204.0,1206.449951171875,1156.0,1171.25,17944938,0.0,0.0
2025-03-04 00:00:00+05:30,1162.199951171875,1174.0,1159.550048828125,1161.9000244140625,11377373,0.0,0.0
2025-03-05 00:00:00+05:30,1161.0,1183.0,1157.0,1175.5999755859375,8664095,0.0,0.0
2025-03-06 00:00:00+05:30,1197.0,1213.949951171875,1185.1500244140625,1209.5999755859375,14468014,0.0,0.0
2025-03-07 00:00:00+05:30,1216.0,1254.800048828125,1212.0,1249.800048828125,16474965,0.0,0.0
2025-03-10 00:00:00+05:30,1245.0,1258.0,1235.4000244140625,1238.4000244140625,11931051,0.0,0.0
2025-03-11 00:00:00+05:30,1240.0,1249.5,1229.75,1247.300048828125,10089838,0.0,0.0
2025-03-12 00:00:00+05:30,1258.0,1263.0,1244.0,1257.050048828125,11977555,0.0,0.0
2025-03-13 00:00:00+05:30,1260.050048828125,1264.1500244140625,1243.8499755859375,1247.9000244140625,9505270,0.0,0.0
2025-03-17 00:00:00+05:30,1242.1500244140625,1257.4000244140625,1233.0999755859375,1238.8499755859375,16640917,0.0,0.0
2025-03-18 00:00:00+05:30,1238.8499755859375,1238.8499755859375,1238.8499755859375,1238.8499755859375,0,0.0,0.0
2025-03-19 00:00:00+05:30,1241.050048828125,1253.25,1238.800048828125,1247.1500244140625,16162399,0.0,0.0
2025-03-20 00:00:00+05:30,1251.8499755859375,1273.0,1250.050048828125,1269.1500244140625,15971477,0.0,0.0
2025-03-21 00:00:00+05:30,1275.0,1281.0,1270.0999755859375,1276.3499755859375,21780769,0.0,0.0
2025-03-24 00:00:00+05:30,1291.0,1306.0,1284.25,1302.0999755859375,20299319,0.0,0.0
2025-03-25 00:00:00+05:30,1307.699951171875,1307.699951171875,1282.5999755859375,1285.449951171875,13713899,0.0,0.0
2025-03-26 00:00:00+05:30,1291.0,1293.800048828125,1268.75,1273.050048828125,12074747,0.0,0.0
2025-03-27 00:00:00+05:30,1278.1500244140625,1285.0,1271.300048828125,1278.199951171875,15028056,0.0,0.0
2025-03-28 00:00:00+05:30,1280.0,1295.75,1269.0,1275.0999755859375,18141588,0.0,0.0
