Datetime,Open,High,Low,Close,Volume,Dividends,Stock Splits
2025-03-03 09:15:00+05:30,3493.949951171875,3523.25,3493.0,3496.050048828125,0,0.0,0.0
2025-03-03 09:20:00+05:30,3495.25,3506.35009765625,3490.449951171875,3496.39990234375,99511,0.0,0.0
2025-03-03 09:25:00+05:30,3496.39990234375,3505.300048828125,3493.0,3501.35009765625,114035,0.0,0.0
2025-03-03 09:30:00+05:30,3501.35009765625,3513.300048828125,3496.10009765625,3509.89990234375,91745,0.0,0.0
2025-03-03 09:35:00+05:30,3510.0,3514.5,3501.050048828125,3508.10009765625,74560,0.0,0.0
2025-03-03 09:40:00+05:30,3508.550048828125,3514.60009765625,3496.5,3499.449951171875,169809,0.0,0.0
2025-03-03 09:45:00+05:30,3498.25,3504.0,3493.199951171875,3498.14990234375,78869,0.0,0.0
2025-03-03 09:50:00+05:30,3498.199951171875,3499.0,3488.699951171875,3492.300048828125,80432,0.0,0.0
2025-03-03 09:55:00+05:30,3491.800048828125,3492.89990234375,3482.85009765625,3488.800048828125,44116,0.0,0.0
2025-03-03 10:00:00+05:30,3488.800048828125,3492.89990234375,3483.10009765625,3486.10009765625,91767,0.0,0.0
2025-03-03 10:05:00+05:30,3485.699951171875,3487.0,3477.85009765625,3479.300048828125,48422,0.0,0.0
2025-03-03 10:10:00+05:30,3478.85009765625,3485.0,3476.35009765625,3478.800048828125,69160,0.0,0.0
2025-03-03 10:15:00+05:30,3478.0,3484.25,3478.0,3483.25,37051,0.0,0.0
2025-03-03 10:20:00+05:30,3482.199951171875,3489.89990234375,3480.0,3488.699951171875,90288,0.0,0.0
2025-03-03 10:25:00+05:30,3488.60009765625,3491.949951171875,3486.35009765625,3491.949951171875,79523,0.0,0.0
2025-03-03 10:30:00+05:30,3489.60009765625,3496.14990234375,3487.39990234375,3494.449951171875,64557,0.0,0.0
2025-03-03 10:35:00+05:30,3494.449951171875,3505.0,3494.0,3501.300048828125,371601,0.0,0.0
2025-03-03 10:40:00+05:30,3501.300048828125,3503.35009765625,3498.60009765625,3500.75,29092,0.0,0.0
2025-03-03 10:45:00+05:30,3500.0,3505.300048828125,3500.0,3502.550048828125,71031,0.0,0.0
2025-03-03 10:50:00+05:30,3502.39990234375,3508.60009765625,3501.050048828125,3502.949951171875,391747,0.0,0.0
2025-03-03 10:55:00+05:30,3502.75,3502.75,3495.0,3496.300048828125,15455,0.0,0.0
2025-03-03 11:00:00+05:30,3496.300048828125,3501.050048828125,3494.64990234375,3495.050048828125,22442,0.0,0.0
2025-03-03 11:05:00+05:30,3495.050048828125,3501.64990234375,3495.0,3501.050048828125,11174,0.0,0.0
2025-03-03 11:10:00+05:30,3501.050048828125,3503.60009765625,3497.0,3498.10009765625,18399,0.0,0.0
2025-03-03 11:15:00+05:30,3498.300048828125,3499.5,3495.699951171875,3498.5,14839,0.0,0.0
2025-03-03 11:20:00+05:30,3497.35009765625,3500.0,3496.550048828125,3499.5,15406,0.0,0.0
2025-03-03 11:25:00+05:30,3499.25,3505.0,3496.64990234375,3500.449951171875,87551,0.0,0.0
2025-03-03 11:30:00+05:30,3500.199951171875,3502.39990234375,3497.64990234375,3499.5,19807,0.0,0.0
2025-03-03 11:35:00+05:30,3499.35009765625,3500.64990234375,3496.60009765625,3498.300048828125,14343,0.0,0.0
2025-03-03 11:40:00+05:30,3498.300048828125,3504.89990234375,3498.25,3503.75,25744,0.0,0.0
2025-03-03 11:45:00+05:30,3503.949951171875,3507.800048828125,3499.949951171875,3503.050048828125,84237,0.0,0.0
2025-03-03 11:50:00+05:30,3503.050048828125,3503.85009765625,3499.89990234375,3503.75,20661,0.0,0.0
2025-03-03 11:55:00+05:30,3503.85009765625,3512.0,3502.050048828125,3505.39990234375,176954,0.0,0.0
2025-03-03 12:00:00+05:30,3506.199951171875,3507.89990234375,3497.050048828125,3499.699951171875,22622,0.0,0.0
2025-03-03 12:05:00+05:30,3499.75,3500.199951171875,3496.949951171875,3497.35009765625,11255,0.0,0.0
2025-03-03 12:10:00+05:30,3497.699951171875,3499.699951171875,3496.050048828125,3499.449951171875,19144,0.0,0.0
2025-03-03 12:15:00+05:30,3499.85009765625,3501.0,3495.60009765625,3497.5,26946,0.0,0.0
2025-03-03 12:20:00+05:30,3497.75,3499.0,3497.0,3499.0,13744,0.0,0.0
2025-03-03 12:25:00+05:30,3498.35009765625,3500.050048828125,3497.60009765625,3498.85009765625,40789,0.0,0.0
2025-03-03 12:30:00+05:30,3498.800048828125,3501.25,3496.5,3498.0,32102,0.0,0.0
2025-03-03 12:35:00+05:30,3498.300048828125,3500.449951171875,3496.85009765625,3498.10009765625,23069,0.0,0.0
2025-03-03 12:40:00+05:30,3497.949951171875,3499.75,3495.25,3499.050048828125,13207,0.0,0.0
2025-03-03 12:45:00+05:30,3500.10009765625,3503.0,3498.550048828125,3501.0,68709,0.0,0.0
2025-03-03 12:50:00+05:30,3500.949951171875,3503.199951171875,3499.75,3501.949951171875,112643,0.0,0.0
2025-03-03 12:55:00+05:30,3502.0,3506.89990234375,3501.949951171875,3502.25,30204,0.0,0.0
2025-03-03 13:00:00+05:30,3502.25,3503.10009765625,3498.300048828125,3500.10009765625,17530,0.0,0.0
2025-03-03 13:05:00+05:30,3501.14990234375,3505.35009765625,3498.949951171875,3502.0,56532,0.0,0.0
2025-03-03 13:10:00+05:30,3501.949951171875,3505.0,3500.64990234375,3505.0,15718,0.0,0.0
2025-03-03 13:15:00+05:30,3504.75,3505.10009765625,3503.0,3503.60009765625,40335,0.0,0.0
2025-03-03 13:20:00+05:30,3503.949951171875,3508.449951171875,3503.550048828125,3505.699951171875,70402,0.0,0.0
2025-03-03 13:25:00+05:30,3506.10009765625,3506.89990234375,3504.5,3505.60009765625,28607,0.0,0.0
2025-03-03 13:30:00+05:30,3506.14990234375,3506.14990234375,3498.10009765625,3499.0,25779,0.0,0.0
2025-03-03 13:35:00+05:30,3499.0,3501.10009765625,3496.35009765625,3499.949951171875,16821,0.0,0.0
2025-03-03 13:40:00+05:30,3499.75,3504.050048828125,3497.300048828125,3501.89990234375,62924,0.0,0.0
2025-03-03 13:45:00+05:30,3501.949951171875,3502.0,3499.0,3499.949951171875,27996,0.0,0.0
2025-03-03 13:50:00+05:30,3500.0,3504.800048828125,3499.199951171875,3503.5,110383,0.0,0.0
2025-03-03 13:55:00+05:30,3503.5,3503.5,3497.5,3497.5,19848,0.0,0.0
2025-03-03 14:00:00+05:30,3498.0,3500.199951171875,3495.300048828125,3498.10009765625,31841,0.0,0.0
2025-03-03 14:05:00+05:30,3498.89990234375,3500.0,3490.14990234375,3493.0,61632,0.0,0.0
2025-03-03 14:10:00+05:30,3494.800048828125,3502.0,3493.5,3501.85009765625,29271,0.0,0.0
2025-03-03 14:15:00+05:30,3501.300048828125,3501.800048828125,3497.0,3498.699951171875,19517,0.0,0.0
2025-03-03 14:20:00+05:30,3498.85009765625,3501.60009765625,3498.550048828125,3500.0,47060,0.0,0.0
2025-03-03 14:25:00+05:30,3499.64990234375,3502.0,3498.75,3499.949951171875,31627,0.0,0.0
2025-03-03 14:30:00+05:30,3499.89990234375,3501.85009765625,3498.35009765625,3499.550048828125,23048,0.0,0.0
2025-03-03 14:35:00+05:30,3499.89990234375,3499.949951171875,3496.75,3499.85009765625,22027,0.0,0.0
2025-03-03 14:40:00+05:30,3499.85009765625,3502.0,3497.5,3502.0,24532,0.0,0.0
2025-03-03 14:45:00+05:30,3502.0,3502.0,3498.199951171875,3498.199951171875,48042,0.0,0.0
2025-03-03 14:50:00+05:30,3498.39990234375,3500.5,3498.050048828125,3499.89990234375,23303,0.0,0.0
2025-03-03 14:55:00+05:30,3499.89990234375,3502.0,3498.75,3501.35009765625,64175,0.0,0.0
2025-03-03 15:00:00+05:30,3501.39990234375,3501.39990234375,3493.199951171875,3497.0,52861,0.0,0.0
2025-03-03 15:05:00+05:30,3497.0,3500.0,3492.5,3494.949951171875,111839,0.0,0.0
2025-03-03 15:10:00+05:30,3494.949951171875,3495.5,3491.300048828125,3491.300048828125,131313,0.0,0.0
2025-03-03 15:15:00+05:30,3491.25,3493.449951171875,3486.050048828125,3487.800048828125,250214,0.0,0.0
2025-03-03 15:20:00+05:30,3487.89990234375,3495.39990234375,3486.89990234375,3495.10009765625,160065,0.0,0.0
2025-03-03 15:25:00+05:30,3495.050048828125,3507.0,3495.0,3506.949951171875,127184,0.0,0.0
2025-03-04 09:15:00+05:30,3470.85009765625,3498.64990234375,3470.85009765625,3475.35009765625,0,0.0,0.0
2025-03-04 09:20:00+05:30,3474.800048828125,3481.300048828125,3466.949951171875,3473.75,109070,0.0,0.0
2025-03-04 09:25:00+05:30,3474.0,3479.39990234375,3465.39990234375,3478.5,59372,0.0,0.0
2025-03-04 09:30:00+05:30,3477.949951171875,3490.14990234375,3477.699951171875,3486.64990234375,55747,0.0,0.0
2025-03-04 09:35:00+05:30,3486.64990234375,3498.0,3486.60009765625,3498.0,37103,0.0,0.0
2025-03-04 09:40:00+05:30,3497.949951171875,3498.5,3491.800048828125,3491.800048828125,27660,0.0,0.0
2025-03-04 09:45:00+05:30,3491.949951171875,3500.0,3491.0,3500.0,43314,0.0,0.0
2025-03-04 09:50:00+05:30,3500.0,3512.5,3500.0,3512.5,39319,0.0,0.0
2025-03-04 09:55:00+05:30,3515.0,3515.0,3509.050048828125,3509.050048828125,35255,0.0,0.0
2025-03-04 10:00:00+05:30,3508.89990234375,3515.0,3508.449951171875,3512.199951171875,31795,0.0,0.0
2025-03-04 10:05:00+05:30,3512.199951171875,3515.0,3509.85009765625,3512.300048828125,21828,0.0,0.0
2025-03-04 10:10:00+05:30,3511.60009765625,3519.0,3511.300048828125,3518.949951171875,24194,0.0,0.0
2025-03-04 10:15:00+05:30,3519.0,3521.35009765625,3513.60009765625,3515.10009765625,23600,0.0,0.0
2025-03-04 10:20:00+05:30,3519.300048828125,3528.800048828125,3516.699951171875,3525.89990234375,60572,0.0,0.0
2025-03-04 10:25:00+05:30,3525.85009765625,3526.75,3520.0,3526.0,37196,0.0,0.0
2025-03-04 10:30:00+05:30,3525.949951171875,3532.449951171875,3522.35009765625,3530.949951171875,79875,0.0,0.0
2025-03-04 10:35:00+05:30,3530.949951171875,3542.300048828125,3528.949951171875,3528.949951171875,87459,0.0,0.0
2025-03-04 10:40:00+05:30,3528.64990234375,3535.0,3524.0,3535.0,33362,0.0,0.0
2025-03-04 10:45:00+05:30,3535.0,3540.699951171875,3532.449951171875,3540.050048828125,42861,0.0,0.0
2025-03-04 10:50:00+05:30,3540.050048828125,3542.0,3535.0,3538.75,22014,0.0,0.0
2025-03-04 10:55:00+05:30,3538.75,3540.64990234375,3532.75,3537.949951171875,24315,0.0,0.0
2025-03-04 11:00:00+05:30,3537.949951171875,3538.0,3532.5,3538.0,22521,0.0,0.0
2025-03-04 11:05:00+05:30,3538.0,3542.050048828125,3535.10009765625,3536.35009765625,27307,0.0,0.0
2025-03-04 11:10:00+05:30,3536.300048828125,3539.85009765625,3533.0,3537.60009765625,18226,0.0,0.0
2025-03-04 11:15:00+05:30,3537.550048828125,3539.949951171875,3536.5,3538.60009765625,15877,0.0,0.0
2025-03-04 11:20:00+05:30,3538.60009765625,3539.949951171875,3530.5,3532.449951171875,20341,0.0,0.0
2025-03-04 11:25:00+05:30,3532.85009765625,3538.0,3531.5,3535.39990234375,19904,0.0,0.0
2025-03-04 11:30:00+05:30,3535.39990234375,3541.800048828125,3532.449951171875,3540.14990234375,23068,0.0,0.0
2025-03-04 11:35:00+05:30,3540.14990234375,3550.75,3540.14990234375,3544.800048828125,47101,0.0,0.0
2025-03-04 11:40:00+05:30,3544.050048828125,3544.75,3540.10009765625,3540.10009765625,18452,0.0,0.0
2025-03-04 11:45:00+05:30,3540.10009765625,3540.10009765625,3531.35009765625,3538.050048828125,15474,0.0,0.0
2025-03-04 11:50:00+05:30,3538.10009765625,3541.0,3536.550048828125,3538.449951171875,12335,0.0,0.0
2025-03-04 11:55:00+05:30,3538.64990234375,3539.64990234375,3534.60009765625,3536.0,16498,0.0,0.0
2025-03-04 12:00:00+05:30,3537.35009765625,3541.0,3536.85009765625,3540.0,8584,0.0,0.0
2025-03-04 12:05:00+05:30,3539.949951171875,3540.0,3536.0,3539.39990234375,14502,0.0,0.0
2025-03-04 12:10:00+05:30,3539.10009765625,3539.14990234375,3535.75,3535.85009765625,7889,0.0,0.0
2025-03-04 12:15:00+05:30,3535.85009765625,3535.85009765625,3525.800048828125,3526.10009765625,20513,0.0,0.0
2025-03-04 12:20:00+05:30,3527.0,3532.25,3527.0,3529.199951171875,13759,0.0,0.0
2025-03-04 12:25:00+05:30,3529.25,3529.5,3526.199951171875,3526.39990234375,14262,0.0,0.0
2025-03-04 12:30:00+05:30,3526.35009765625,3526.949951171875,3523.800048828125,3524.75,12310,0.0,0.0
2025-03-04 12:35:00+05:30,3524.550048828125,3530.64990234375,3524.550048828125,3525.60009765625,14692,0.0,0.0
2025-03-04 12:40:00+05:30,3525.14990234375,3528.0,3524.10009765625,3527.050048828125,16593,0.0,0.0
2025-03-04 12:45:00+05:30,3527.050048828125,3532.64990234375,3527.050048828125,3529.199951171875,13275,0.0,0.0
2025-03-04 12:50:00+05:30,3529.199951171875,3530.64990234375,3526.85009765625,3528.64990234375,16523,0.0,0.0
2025-03-04 12:55:00+05:30,3528.64990234375,3528.64990234375,3526.64990234375,3527.39990234375,14288,0.0,0.0
2025-03-04 13:00:00+05:30,3528.0,3528.5,3525.0,3525.25,14358,0.0,0.0
2025-03-04 13:05:00+05:30,3525.25,3527.550048828125,3524.699951171875,3526.5,50764,0.0,0.0
2025-03-04 13:10:00+05:30,3526.050048828125,3526.85009765625,3520.39990234375,3521.949951171875,22688,0.0,0.0
2025-03-04 13:15:00+05:30,3522.0,3525.800048828125,3519.10009765625,3525.0,28547,0.0,0.0
2025-03-04 13:20:00+05:30,3525.0,3527.14990234375,3525.0,3526.85009765625,14796,0.0,0.0
2025-03-04 13:25:00+05:30,3526.75,3526.75,3520.0,3520.050048828125,16957,0.0,0.0
2025-03-04 13:30:00+05:30,3520.0,3521.550048828125,3515.25,3519.10009765625,29622,0.0,0.0
2025-03-04 13:35:00+05:30,3518.699951171875,3519.64990234375,3517.199951171875,3518.64990234375,14785,0.0,0.0
2025-03-04 13:40:00+05:30,3518.39990234375,3525.550048828125,3517.89990234375,3525.550048828125,17074,0.0,0.0
2025-03-04 13:45:00+05:30,3524.550048828125,3529.60009765625,3522.85009765625,3526.14990234375,124368,0.0,0.0
2025-03-04 13:50:00+05:30,3526.14990234375,3526.75,3525.0,3526.300048828125,26966,0.0,0.0
2025-03-04 13:55:00+05:30,3526.25,3528.300048828125,3525.0,3527.14990234375,19475,0.0,0.0
2025-03-04 14:00:00+05:30,3527.14990234375,3527.14990234375,3522.800048828125,3522.800048828125,43333,0.0,0.0
2025-03-04 14:05:00+05:30,3522.75,3527.0,3522.699951171875,3525.64990234375,34184,0.0,0.0
2025-03-04 14:10:00+05:30,3525.64990234375,3526.89990234375,3523.89990234375,3524.550048828125,24112,0.0,0.0
2025-03-04 14:15:00+05:30,3524.550048828125,3526.550048828125,3524.550048828125,3526.39990234375,26882,0.0,0.0
2025-03-04 14:20:00+05:30,3526.35009765625,3526.35009765625,3524.949951171875,3525.64990234375,20910,0.0,0.0
2025-03-04 14:25:00+05:30,3525.64990234375,3532.949951171875,3525.0,3528.89990234375,26485,0.0,0.0
2025-03-04 14:30:00+05:30,3528.35009765625,3530.5,3526.39990234375,3526.39990234375,18241,0.0,0.0
2025-03-04 14:35:00+05:30,3526.35009765625,3531.199951171875,3525.75,3531.10009765625,23462,0.0,0.0
2025-03-04 14:40:00+05:30,3531.10009765625,3532.300048828125,3528.60009765625,3530.85009765625,21943,0.0,0.0
2025-03-04 14:45:00+05:30,3530.85009765625,3534.35009765625,3529.5,3530.25,31592,0.0,0.0
2025-03-04 14:50:00+05:30,3530.25,3534.5,3530.25,3533.550048828125,19349,0.0,0.0
2025-03-04 14:55:00+05:30,3533.5,3533.5,3524.800048828125,3530.0,26736,0.0,0.0
2025-03-04 15:00:00+05:30,3530.10009765625,3531.800048828125,3526.199951171875,3529.800048828125,73761,0.0,0.0
2025-03-04 15:05:00+05:30,3530.0,3533.89990234375,3528.25,3531.699951171875,77889,0.0,0.0
2025-03-04 15:10:00+05:30,3531.89990234375,3536.0,3531.89990234375,3535.550048828125,92039,0.0,0.0
2025-03-04 15:15:00+05:30,3535.89990234375,3536.89990234375,3533.0,3536.0,104863,0.0,0.0
2025-03-04 15:20:00+05:30,3535.199951171875,3536.050048828125,3529.85009765625,3529.85009765625,69930,0.0,0.0
2025-03-04 15:25:00+05:30,3530.050048828125,3533.0,3526.800048828125,3532.050048828125,63521,0.0,0.0
2025-03-05 09:15:00+05:30,3532.0,3562.699951171875,3532.0,3550.300048828125,0,0.0,0.0
2025-03-05 09:20:00+05:30,3550.300048828125,3567.699951171875,3548.0,3566.39990234375,51392,0.0,0.0
2025-03-05 09:25:00+05:30,3566.0,3574.0,3563.75,3572.199951171875,44905,0.0,0.0
2025-03-05 09:30:00+05:30,3572.0,3582.64990234375,3570.800048828125,3581.050048828125,27708,0.0,0.0
2025-03-05 09:35:00+05:30,3582.550048828125,3588.699951171875,3570.449951171875,3572.64990234375,53922,0.0,0.0
2025-03-05 09:40:00+05:30,3571.89990234375,3587.0,3571.550048828125,3580.800048828125,37940,0.0,0.0
2025-03-05 09:45:00+05:30,3580.85009765625,3581.85009765625,3573.050048828125,3574.949951171875,21570,0.0,0.0
2025-03-05 09:50:00+05:30,3575.0,3575.5,3565.0,3565.699951171875,16765,0.0,0.0
2025-03-05 09:55:00+05:30,3565.949951171875,3569.949951171875,3563.0,3569.949951171875,15646,0.0,0.0
2025-03-05 10:00:00+05:30,3569.949951171875,3570.75,3560.0,3560.89990234375,19955,0.0,0.0
2025-03-05 10:05:00+05:30,3560.89990234375,3567.0,3559.0,3567.0,22458,0.0,0.0
2025-03-05 10:10:00+05:30,3566.64990234375,3567.0,3561.199951171875,3563.800048828125,16842,0.0,0.0
2025-03-05 10:15:00+05:30,3564.64990234375,3566.75,3563.800048828125,3565.35009765625,9587,0.0,0.0
2025-03-05 10:20:00+05:30,3566.800048828125,3578.64990234375,3566.35009765625,3576.25,25500,0.0,0.0
2025-03-05 10:25:00+05:30,3576.199951171875,3579.0,3575.14990234375,3576.75,11196,0.0,0.0
2025-03-05 10:30:00+05:30,3576.050048828125,3577.64990234375,3570.0,3574.550048828125,11747,0.0,0.0
2025-03-05 10:35:00+05:30,3573.39990234375,3576.60009765625,3572.64990234375,3574.949951171875,15717,0.0,0.0
2025-03-05 10:40:00+05:30,3574.949951171875,3583.85009765625,3574.550048828125,3583.14990234375,26672,0.0,0.0
2025-03-05 10:45:00+05:30,3584.800048828125,3584.800048828125,3575.800048828125,3577.0,26626,0.0,0.0
2025-03-05 10:50:00+05:30,3577.39990234375,3584.0,3576.10009765625,3583.800048828125,8124,0.0,0.0
2025-03-05 10:55:00+05:30,3584.0,3584.0,3581.0,3582.0,7209,0.0,0.0
2025-03-05 11:00:00+05:30,3582.0,3584.60009765625,3578.14990234375,3580.0,14773,0.0,0.0
2025-03-05 11:05:00+05:30,3579.949951171875,3580.449951171875,3577.25,3578.949951171875,7926,0.0,0.0
2025-03-05 11:10:00+05:30,3578.89990234375,3580.0,3576.0,3578.199951171875,9120,0.0,0.0
2025-03-05 11:15:00+05:30,3578.10009765625,3582.10009765625,3576.699951171875,3579.050048828125,16299,0.0,0.0
2025-03-05 11:20:00+05:30,3579.300048828125,3583.0,3576.949951171875,3582.35009765625,10016,0.0,0.0
2025-03-05 11:25:00+05:30,3582.35009765625,3583.0,3580.800048828125,3582.949951171875,10046,0.0,0.0
2025-03-05 11:30:00+05:30,3582.949951171875,3585.0,3582.0,3584.0,12392,0.0,0.0
2025-03-05 11:35:00+05:30,3583.14990234375,3590.0,3582.949951171875,3590.0,43981,0.0,0.0
2025-03-05 11:40:00+05:30,3590.0,3590.89990234375,3587.050048828125,3590.5,22107,0.0,0.0
2025-03-05 11:45:00+05:30,3591.0,3594.85009765625,3588.35009765625,3594.5,16689,0.0,0.0
2025-03-05 11:50:00+05:30,3595.0,3598.85009765625,3591.0,3591.050048828125,52311,0.0,0.0
2025-03-05 11:55:00+05:30,3591.050048828125,3592.60009765625,3577.5,3582.050048828125,25212,0.0,0.0
2025-03-05 12:00:00+05:30,3581.39990234375,3583.39990234375,3577.35009765625,3577.85009765625,8832,0.0,0.0
2025-03-05 12:05:00+05:30,3577.64990234375,3579.10009765625,3575.39990234375,3575.5,8541,0.0,0.0
2025-03-05 12:10:00+05:30,3574.949951171875,3576.60009765625,3573.89990234375,3573.89990234375,13315,0.0,0.0
2025-03-05 12:15:00+05:30,3573.800048828125,3575.0,3572.050048828125,3573.75,8289,0.0,0.0
2025-03-05 12:20:00+05:30,3573.800048828125,3575.0,3573.25,3575.0,8968,0.0,0.0
2025-03-05 12:25:00+05:30,3575.0,3578.75,3574.449951171875,3576.199951171875,18034,0.0,0.0
2025-03-05 12:30:00+05:30,3576.5,3580.0,3574.60009765625,3579.949951171875,18935,0.0,0.0
2025-03-05 12:35:00+05:30,3579.5,3583.5,3579.050048828125,3579.449951171875,26845,0.0,0.0
2025-03-05 12:40:00+05:30,3579.300048828125,3581.60009765625,3578.10009765625,3580.14990234375,14109,0.0,0.0
2025-03-05 12:45:00+05:30,3580.14990234375,3583.300048828125,3578.300048828125,3583.0,25351,0.0,0.0
2025-03-05 12:50:00+05:30,3582.949951171875,3585.0,3582.85009765625,3584.550048828125,20027,0.0,0.0
2025-03-05 12:55:00+05:30,3584.85009765625,3584.89990234375,3579.0,3579.199951171875,17538,0.0,0.0
2025-03-05 13:00:00+05:30,3580.14990234375,3581.949951171875,3575.800048828125,3575.800048828125,15093,0.0,0.0
2025-03-05 13:05:00+05:30,3575.10009765625,3577.25,3574.0,3575.10009765625,18588,0.0,0.0
2025-03-05 13:10:00+05:30,3575.699951171875,3576.449951171875,3568.800048828125,3569.89990234375,44105,0.0,0.0
2025-03-05 13:15:00+05:30,3569.89990234375,3570.64990234375,3565.949951171875,3569.0,54587,0.0,0.0
2025-03-05 13:20:00+05:30,3568.699951171875,3568.699951171875,3562.75,3563.75,21194,0.0,0.0
2025-03-05 13:25:00+05:30,3563.75,3564.800048828125,3558.85009765625,3561.0,24820,0.0,0.0
2025-03-05 13:30:00+05:30,3559.949951171875,3561.0,3553.550048828125,3558.85009765625,141270,0.0,0.0
2025-03-05 13:35:00+05:30,3559.60009765625,3561.300048828125,3556.39990234375,3556.39990234375,21178,0.0,0.0
2025-03-05 13:40:00+05:30,3556.64990234375,3561.199951171875,3554.0,3560.0,34622,0.0,0.0
2025-03-05 13:45:00+05:30,3560.0,3564.39990234375,3556.199951171875,3559.60009765625,63037,0.0,0.0
2025-03-05 13:50:00+05:30,3559.199951171875,3562.89990234375,3558.14990234375,3558.85009765625,18472,0.0,0.0
2025-03-05 13:55:00+05:30,3558.25,3562.39990234375,3557.199951171875,3559.25,27643,0.0,0.0
2025-03-05 14:00:00+05:30,3560.75,3563.199951171875,3557.0,3558.550048828125,14710,0.0,0.0
2025-03-05 14:05:00+05:30,3559.0,3562.300048828125,3557.60009765625,3561.39990234375,12798,0.0,0.0
2025-03-05 14:10:00+05:30,3561.199951171875,3562.449951171875,3558.050048828125,3559.85009765625,12981,0.0,0.0
2025-03-05 14:15:00+05:30,3559.75,3559.800048828125,3548.89990234375,3550.0,26006,0.0,0.0
2025-03-05 14:20:00+05:30,3549.800048828125,3554.800048828125,3548.199951171875,3552.60009765625,26005,0.0,0.0
2025-03-05 14:25:00+05:30,3552.5,3553.60009765625,3546.39990234375,3547.10009765625,26539,0.0,0.0
2025-03-05 14:30:00+05:30,3547.800048828125,3551.10009765625,3546.949951171875,3547.699951171875,14173,0.0,0.0
2025-03-05 14:35:00+05:30,3547.699951171875,3554.449951171875,3545.550048828125,3553.75,42726,0.0,0.0
2025-03-05 14:40:00+05:30,3552.85009765625,3553.35009765625,3549.800048828125,3551.949951171875,25882,0.0,0.0
2025-03-05 14:45:00+05:30,3552.85009765625,3555.0,3548.25,3550.0,42661,0.0,0.0
2025-03-05 14:50:00+05:30,3549.949951171875,3554.0,3549.949951171875,3552.949951171875,30201,0.0,0.0
2025-03-05 14:55:00+05:30,3552.39990234375,3554.449951171875,3550.60009765625,3554.39990234375,36200,0.0,0.0
2025-03-05 15:00:00+05:30,3554.449951171875,3554.449951171875,3541.35009765625,3544.60009765625,91242,0.0,0.0
2025-03-05 15:05:00+05:30,3544.64990234375,3546.949951171875,3542.39990234375,3544.550048828125,77418,0.0,0.0
2025-03-05 15:10:00+05:30,3544.64990234375,3547.550048828125,3542.89990234375,3547.550048828125,93562,0.0,0.0
2025-03-05 15:15:00+05:30,3548.14990234375,3549.89990234375,3545.39990234375,3547.0,82240,0.0,0.0
2025-03-05 15:20:00+05:30,3547.050048828125,3550.89990234375,3540.89990234375,3550.699951171875,160731,0.0,0.0
2025-03-05 15:25:00+05:30,3550.5,3557.0,3550.5,3557.0,91281,0.0,0.0
2025-03-06 09:15:00+05:30,3566.75,3573.0,3555.300048828125,3563.449951171875,0,0.0,0.0
2025-03-06 09:20:00+05:30,3562.10009765625,3565.449951171875,3547.5,3548.89990234375,123216,0.0,0.0
2025-03-06 09:25:00+05:30,3549.300048828125,3550.75,3536.14990234375,3540.199951171875,49568,0.0,0.0
2025-03-06 09:30:00+05:30,3540.449951171875,3549.10009765625,3538.949951171875,3546.449951171875,57411,0.0,0.0
2025-03-06 09:35:00+05:30,3547.75,3549.949951171875,3544.89990234375,3548.300048828125,45206,0.0,0.0
2025-03-06 09:40:00+05:30,3548.300048828125,3556.0,3547.949951171875,3549.64990234375,32294,0.0,0.0
2025-03-06 09:45:00+05:30,3548.949951171875,3552.300048828125,3538.35009765625,3539.949951171875,52352,0.0,0.0
2025-03-06 09:50:00+05:30,3538.39990234375,3550.35009765625,3538.39990234375,3549.60009765625,49474,0.0,0.0
2025-03-06 09:55:00+05:30,3549.550048828125,3560.0,3548.0,3558.949951171875,17508,0.0,0.0
2025-03-06 10:00:00+05:30,3559.0,3562.75,3556.5,3560.64990234375,24139,0.0,0.0
2025-03-06 10:05:00+05:30,3560.550048828125,3567.699951171875,3559.89990234375,3562.800048828125,52647,0.0,0.0
2025-03-06 10:10:00+05:30,3562.75,3565.10009765625,3561.050048828125,3561.949951171875,20654,0.0,0.0
2025-03-06 10:15:00+05:30,3562.050048828125,3569.0,3561.25,3568.300048828125,29745,0.0,0.0
2025-03-06 10:20:00+05:30,3568.35009765625,3569.949951171875,3562.89990234375,3563.64990234375,23419,0.0,0.0
2025-03-06 10:25:00+05:30,3564.0,3565.10009765625,3561.449951171875,3565.0,16225,0.0,0.0
2025-03-06 10:30:00+05:30,3564.39990234375,3566.89990234375,3562.5,3563.64990234375,14606,0.0,0.0
2025-03-06 10:35:00+05:30,3563.39990234375,3565.39990234375,3561.85009765625,3564.10009765625,12606,0.0,0.0
2025-03-06 10:40:00+05:30,3564.10009765625,3565.300048828125,3558.64990234375,3559.14990234375,14176,0.0,0.0
2025-03-06 10:45:00+05:30,3558.25,3563.35009765625,3557.75,3560.64990234375,14886,0.0,0.0
2025-03-06 10:50:00+05:30,3560.60009765625,3564.699951171875,3557.89990234375,3561.14990234375,14664,0.0,0.0
2025-03-06 10:55:00+05:30,3562.800048828125,3565.75,3560.14990234375,3564.10009765625,11026,0.0,0.0
2025-03-06 11:00:00+05:30,3564.199951171875,3564.949951171875,3560.199951171875,3563.25,13373,0.0,0.0
2025-03-06 11:05:00+05:30,3563.300048828125,3571.89990234375,3562.050048828125,3565.14990234375,34974,0.0,0.0
2025-03-06 11:10:00+05:30,3565.0,3569.0,3562.050048828125,3567.64990234375,12288,0.0,0.0
2025-03-06 11:15:00+05:30,3567.64990234375,3567.699951171875,3564.0,3566.449951171875,8076,0.0,0.0
2025-03-06 11:20:00+05:30,3566.25,3566.89990234375,3553.35009765625,3553.449951171875,26899,0.0,0.0
2025-03-06 11:25:00+05:30,3553.39990234375,3553.75,3545.0,3549.60009765625,46918,0.0,0.0
2025-03-06 11:30:00+05:30,3550.800048828125,3555.199951171875,3546.64990234375,3552.199951171875,20461,0.0,0.0
2025-03-06 11:35:00+05:30,3552.199951171875,3553.949951171875,3550.0,3552.5,11230,0.0,0.0
2025-03-06 11:40:00+05:30,3551.89990234375,3557.550048828125,3550.39990234375,3556.64990234375,11026,0.0,0.0
2025-03-06 11:45:00+05:30,3556.60009765625,3559.050048828125,3554.0,3558.64990234375,15724,0.0,0.0
2025-03-06 11:50:00+05:30,3558.64990234375,3563.0,3555.0,3556.64990234375,24354,0.0,0.0
2025-03-06 11:55:00+05:30,3557.300048828125,3558.949951171875,3552.0,3553.35009765625,23893,0.0,0.0
2025-03-06 12:00:00+05:30,3553.35009765625,3559.89990234375,3552.300048828125,3557.75,11046,0.0,0.0
2025-03-06 12:05:00+05:30,3557.75,3562.0,3556.050048828125,3559.050048828125,15851,0.0,0.0
2025-03-06 12:10:00+05:30,3559.050048828125,3562.0,3557.10009765625,3562.0,8301,0.0,0.0
2025-03-06 12:15:00+05:30,3561.75,3562.0,3557.5,3559.199951171875,12872,0.0,0.0
2025-03-06 12:20:00+05:30,3558.699951171875,3563.0,3558.14990234375,3561.949951171875,12171,0.0,0.0
2025-03-06 12:25:00+05:30,3561.64990234375,3564.39990234375,3561.050048828125,3562.64990234375,12105,0.0,0.0
2025-03-06 12:30:00+05:30,3562.64990234375,3564.199951171875,3550.0,3552.14990234375,79284,0.0,0.0
2025-03-06 12:35:00+05:30,3552.550048828125,3555.0,3548.449951171875,3553.89990234375,18268,0.0,0.0
2025-03-06 12:40:00+05:30,3553.89990234375,3558.449951171875,3553.800048828125,3555.10009765625,14776,0.0,0.0
2025-03-06 12:45:00+05:30,3555.35009765625,3557.5,3553.85009765625,3557.199951171875,10786,0.0,0.0
2025-03-06 12:50:00+05:30,3557.199951171875,3564.449951171875,3556.5,3561.14990234375,15633,0.0,0.0
2025-03-06 12:55:00+05:30,3561.60009765625,3562.0,3558.0,3559.0,11273,0.0,0.0
2025-03-06 13:00:00+05:30,3558.050048828125,3560.699951171875,3556.64990234375,3560.699951171875,10323,0.0,0.0
2025-03-06 13:05:00+05:30,3561.75,3561.75,3557.5,3559.89990234375,12293,0.0,0.0
2025-03-06 13:10:00+05:30,3560.75,3561.35009765625,3557.199951171875,3558.14990234375,12308,0.0,0.0
2025-03-06 13:15:00+05:30,3559.550048828125,3559.85009765625,3556.0,3557.800048828125,13015,0.0,0.0
2025-03-06 13:20:00+05:30,3557.85009765625,3559.550048828125,3554.0,3558.10009765625,15091,0.0,0.0
2025-03-06 13:25:00+05:30,3559.0,3559.25,3552.64990234375,3553.0,18594,0.0,0.0
2025-03-06 13:30:00+05:30,3552.949951171875,3559.0,3552.25,3557.89990234375,13059,0.0,0.0
2025-03-06 13:35:00+05:30,3558.449951171875,3560.0,3556.550048828125,3559.550048828125,18091,0.0,0.0
2025-03-06 13:40:00+05:30,3559.89990234375,3562.75,3559.050048828125,3562.449951171875,31920,0.0,0.0
2025-03-06 13:45:00+05:30,3563.800048828125,3566.0,3561.25,3564.949951171875,25358,0.0,0.0
2025-03-06 13:50:00+05:30,3564.800048828125,3567.0,3562.14990234375,3564.39990234375,30484,0.0,0.0
2025-03-06 13:55:00+05:30,3564.14990234375,3565.949951171875,3562.0,3564.800048828125,28040,0.0,0.0
2025-03-06 14:00:00+05:30,3564.89990234375,3569.0,3563.199951171875,3567.39990234375,37136,0.0,0.0
2025-03-06 14:05:00+05:30,3567.35009765625,3570.449951171875,3565.0,3570.39990234375,74952,0.0,0.0
2025-03-06 14:10:00+05:30,3570.35009765625,3576.699951171875,3570.0,3572.10009765625,57185,0.0,0.0
2025-03-06 14:15:00+05:30,3572.050048828125,3572.85009765625,3568.550048828125,3570.5,32733,0.0,0.0
2025-03-06 14:20:00+05:30,3570.199951171875,3571.199951171875,3567.60009765625,3568.300048828125,34191,0.0,0.0
2025-03-06 14:25:00+05:30,3568.449951171875,3571.39990234375,3568.39990234375,3569.300048828125,33068,0.0,0.0
2025-03-06 14:30:00+05:30,3569.25,3579.89990234375,3569.25,3579.60009765625,47684,0.0,0.0
2025-03-06 14:35:00+05:30,3579.699951171875,3587.800048828125,3577.5,3586.550048828125,47828,0.0,0.0
2025-03-06 14:40:00+05:30,3586.550048828125,3597.800048828125,3586.550048828125,3593.75,46476,0.0,0.0
2025-03-06 14:45:00+05:30,3593.75,3596.800048828125,3591.949951171875,3594.449951171875,29168,0.0,0.0
2025-03-06 14:50:00+05:30,3594.449951171875,3599.050048828125,3594.14990234375,3595.449951171875,56167,0.0,0.0
2025-03-06 14:55:00+05:30,3595.5,3609.0,3593.199951171875,3606.25,136550,0.0,0.0
2025-03-06 15:00:00+05:30,3606.10009765625,3607.800048828125,3601.050048828125,3604.550048828125,89702,0.0,0.0
2025-03-06 15:05:00+05:30,3604.550048828125,3604.949951171875,3601.550048828125,3603.699951171875,101478,0.0,0.0
2025-03-06 15:10:00+05:30,3602.64990234375,3607.10009765625,3602.0,3603.449951171875,107053,0.0,0.0
2025-03-06 15:15:00+05:30,3604.14990234375,3604.550048828125,3596.449951171875,3596.5,124227,0.0,0.0
2025-03-06 15:20:00+05:30,3596.5,3598.300048828125,3590.85009765625,3594.85009765625,70537,0.0,0.0
2025-03-06 15:25:00+05:30,3596.0,3599.0,3591.25,3596.0,57439,0.0,0.0
2025-03-07 09:15:00+05:30,3594.0,3597.89990234375,3575.0,3584.949951171875,0,0.0,0.0
2025-03-07 09:20:00+05:30,3584.39990234375,3587.5,3581.0,3583.800048828125,35535,0.0,0.0
2025-03-07 09:25:00+05:30,3584.0,3592.39990234375,3584.0,3589.050048828125,35619,0.0,0.0
2025-03-07 09:30:00+05:30,3589.85009765625,3594.949951171875,3586.60009765625,3594.5,37771,0.0,0.0
2025-03-07 09:35:00+05:30,3594.5,3594.5,3586.0,3586.199951171875,28250,0.0,0.0
2025-03-07 09:40:00+05:30,3587.050048828125,3601.0,3587.050048828125,3594.89990234375,35693,0.0,0.0
2025-03-07 09:45:00+05:30,3595.0,3597.60009765625,3587.699951171875,3592.64990234375,33796,0.0,0.0
2025-03-07 09:50:00+05:30,3592.75,3596.0,3589.0,3594.89990234375,18065,0.0,0.0
2025-03-07 09:55:00+05:30,3594.75,3596.0,3590.550048828125,3595.35009765625,22021,0.0,0.0
2025-03-07 10:00:00+05:30,3595.35009765625,3605.0,3594.0,3604.25,25109,0.0,0.0
2025-03-07 10:05:00+05:30,3605.0,3605.0,3600.699951171875,3604.35009765625,26580,0.0,0.0
2025-03-07 10:10:00+05:30,3604.35009765625,3606.10009765625,3602.64990234375,3606.0,20024,0.0,0.0
2025-03-07 10:15:00+05:30,3606.0,3606.0,3600.0,3605.0,20968,0.0,0.0
2025-03-07 10:20:00+05:30,3605.0,3605.0,3600.0,3600.85009765625,15876,0.0,0.0
2025-03-07 10:25:00+05:30,3601.300048828125,3601.300048828125,3595.699951171875,3597.449951171875,33914,0.0,0.0
2025-03-07 10:30:00+05:30,3597.949951171875,3597.949951171875,3592.199951171875,3595.35009765625,14224,0.0,0.0
2025-03-07 10:35:00+05:30,3594.64990234375,3597.89990234375,3594.050048828125,3597.89990234375,9259,0.0,0.0
2025-03-07 10:40:00+05:30,3597.89990234375,3599.5,3595.550048828125,3597.0,14659,0.0,0.0
2025-03-07 10:45:00+05:30,3597.0,3603.25,3597.0,3603.25,13579,0.0,0.0
2025-03-07 10:50:00+05:30,3603.25,3603.25,3592.89990234375,3593.0,19551,0.0,0.0
2025-03-07 10:55:00+05:30,3593.35009765625,3595.199951171875,3592.25,3592.25,10613,0.0,0.0
2025-03-07 11:00:00+05:30,3591.89990234375,3592.949951171875,3591.0,3592.10009765625,13748,0.0,0.0
2025-03-07 11:05:00+05:30,3592.050048828125,3595.449951171875,3592.050048828125,3594.89990234375,12588,0.0,0.0
2025-03-07 11:10:00+05:30,3594.89990234375,3596.35009765625,3593.0,3596.050048828125,20459,0.0,0.0
2025-03-07 11:15:00+05:30,3596.35009765625,3602.39990234375,3595.60009765625,3598.300048828125,17132,0.0,0.0
2025-03-07 11:20:00+05:30,3598.800048828125,3600.35009765625,3598.050048828125,3599.949951171875,10218,0.0,0.0
2025-03-07 11:25:00+05:30,3600.0,3600.050048828125,3593.0,3593.050048828125,22471,0.0,0.0
2025-03-07 11:30:00+05:30,3593.85009765625,3598.699951171875,3593.39990234375,3597.64990234375,13062,0.0,0.0
2025-03-07 11:35:00+05:30,3597.64990234375,3600.0,3596.699951171875,3600.0,19990,0.0,0.0
2025-03-07 11:40:00+05:30,3600.0,3600.5,3595.75,3600.449951171875,30666,0.0,0.0
2025-03-07 11:45:00+05:30,3600.449951171875,3601.0,3593.300048828125,3594.39990234375,34981,0.0,0.0
2025-03-07 11:50:00+05:30,3594.39990234375,3600.199951171875,3593.5,3599.75,22811,0.0,0.0
2025-03-07 11:55:00+05:30,3599.75,3600.800048828125,3599.75,3600.5,18260,0.0,0.0
2025-03-07 12:00:00+05:30,3600.5,3600.5,3594.0,3595.0,36096,0.0,0.0
2025-03-07 12:05:00+05:30,3595.25,3599.050048828125,3594.75,3597.449951171875,16033,0.0,0.0
2025-03-07 12:10:00+05:30,3597.5,3599.199951171875,3595.89990234375,3598.800048828125,24656,0.0,0.0
2025-03-07 12:15:00+05:30,3598.89990234375,3603.35009765625,3598.14990234375,3602.75,19762,0.0,0.0
2025-03-07 12:20:00+05:30,3601.85009765625,3605.0,3599.64990234375,3602.89990234375,22100,0.0,0.0
2025-03-07 12:25:00+05:30,3603.39990234375,3610.0,3603.39990234375,3609.800048828125,25767,0.0,0.0
2025-03-07 12:30:00+05:30,3609.75,3616.14990234375,3608.5,3614.0,28975,0.0,0.0
2025-03-07 12:35:00+05:30,3614.0,3618.5,3614.0,3615.89990234375,29196,0.0,0.0
2025-03-07 12:40:00+05:30,3615.89990234375,3618.0,3614.5,3616.89990234375,18749,0.0,0.0
2025-03-07 12:45:00+05:30,3617.0,3619.85009765625,3615.39990234375,3617.75,28167,0.0,0.0
2025-03-07 12:50:00+05:30,3617.5,3618.949951171875,3613.64990234375,3616.10009765625,24265,0.0,0.0
2025-03-07 12:55:00+05:30,3616.0,3624.85009765625,3616.0,3621.75,25460,0.0,0.0
2025-03-07 13:00:00+05:30,3621.75,3622.0,3615.14990234375,3616.35009765625,43153,0.0,0.0
2025-03-07 13:05:00+05:30,3616.64990234375,3620.0,3616.39990234375,3619.300048828125,17682,0.0,0.0
2025-03-07 13:10:00+05:30,3619.14990234375,3619.14990234375,3613.25,3617.050048828125,22644,0.0,0.0
2025-03-07 13:15:00+05:30,3617.050048828125,3620.0,3616.75,3619.0,18559,0.0,0.0
2025-03-07 13:20:00+05:30,3619.050048828125,3619.89990234375,3615.39990234375,3615.949951171875,20619,0.0,0.0
2025-03-07 13:25:00+05:30,3615.949951171875,3617.199951171875,3611.699951171875,3614.300048828125,24327,0.0,0.0
2025-03-07 13:30:00+05:30,3614.300048828125,3614.300048828125,3609.35009765625,3614.0,28110,0.0,0.0
2025-03-07 13:35:00+05:30,3614.0,3617.85009765625,3613.75,3616.699951171875,17733,0.0,0.0
2025-03-07 13:40:00+05:30,3616.0,3616.800048828125,3612.0,3612.0,19512,0.0,0.0
2025-03-07 13:45:00+05:30,3612.5,3616.85009765625,3612.10009765625,3615.199951171875,17976,0.0,0.0
2025-03-07 13:50:00+05:30,3615.14990234375,3615.199951171875,3609.800048828125,3609.800048828125,24577,0.0,0.0
2025-03-07 13:55:00+05:30,3609.800048828125,3611.64990234375,3603.699951171875,3611.5,41951,0.0,0.0
2025-03-07 14:00:00+05:30,3611.0,3616.449951171875,3610.300048828125,3615.199951171875,20835,0.0,0.0
2025-03-07 14:05:00+05:30,3614.89990234375,3616.550048828125,3613.5,3615.25,20371,0.0,0.0
2025-03-07 14:10:00+05:30,3615.35009765625,3617.199951171875,3613.60009765625,3616.699951171875,23648,0.0,0.0
2025-03-07 14:15:00+05:30,3616.699951171875,3618.85009765625,3615.699951171875,3617.75,21072,0.0,0.0
2025-03-07 14:20:00+05:30,3617.75,3618.60009765625,3615.800048828125,3617.35009765625,19357,0.0,0.0
2025-03-07 14:25:00+05:30,3617.35009765625,3617.35009765625,3614.300048828125,3614.75,20601,0.0,0.0
2025-03-07 14:30:00+05:30,3614.75,3614.949951171875,3612.39990234375,3613.0,21858,0.0,0.0
2025-03-07 14:35:00+05:30,3613.050048828125,3614.449951171875,3612.0,3612.64990234375,19163,0.0,0.0
2025-03-07 14:40:00+05:30,3612.60009765625,3612.60009765625,3608.0,3611.60009765625,32165,0.0,0.0
2025-03-07 14:45:00+05:30,3611.5,3614.25,3608.800048828125,3611.64990234375,23408,0.0,0.0
2025-03-07 14:50:00+05:30,3611.550048828125,3611.89990234375,3608.5,3608.60009765625,21391,0.0,0.0
2025-03-07 14:55:00+05:30,3608.60009765625,3616.89990234375,3608.60009765625,3612.949951171875,24517,0.0,0.0
2025-03-07 15:00:00+05:30,3613.0,3614.5,3608.85009765625,3611.39990234375,59159,0.0,0.0
2025-03-07 15:05:00+05:30,3611.449951171875,3612.89990234375,3610.75,3612.89990234375,64393,0.0,0.0
2025-03-07 15:10:00+05:30,3612.14990234375,3614.800048828125,3610.699951171875,3611.10009765625,56993,0.0,0.0
2025-03-07 15:15:00+05:30,3611.10009765625,3612.35009765625,3605.5,3612.35009765625,84215,0.0,0.0
2025-03-07 15:20:00+05:30,3612.39990234375,3615.35009765625,3611.14990234375,3613.0,74279,0.0,0.0
2025-03-07 15:25:00+05:30,3613.0,3613.25,3601.35009765625,3602.14990234375,49896,0.0,0.0
2025-03-10 09:15:00+05:30,3603.39990234375,3610.25,3592.199951171875,3598.5,0,0.0,0.0
2025-03-10 09:20:00+05:30,3599.60009765625,3613.050048828125,3598.10009765625,3613.050048828125,40704,0.0,0.0
2025-03-10 09:25:00+05:30,3615.0,3617.60009765625,3610.0,3612.0,39161,0.0,0.0
2025-03-10 09:30:00+05:30,3611.60009765625,3618.800048828125,3611.10009765625,3614.85009765625,23657,0.0,0.0
2025-03-10 09:35:00+05:30,3615.050048828125,3622.0,3615.0,3620.550048828125,15783,0.0,0.0
2025-03-10 09:40:00+05:30,3621.14990234375,3621.14990234375,3615.0,3618.5,17442,0.0,0.0
2025-03-10 09:45:00+05:30,3619.5,3619.550048828125,3614.39990234375,3618.14990234375,17584,0.0,0.0
2025-03-10 09:50:00+05:30,3616.699951171875,3621.85009765625,3615.0,3619.85009765625,8676,0.0,0.0
2025-03-10 09:55:00+05:30,3619.0,3619.0,3615.0,3615.85009765625,6131,0.0,0.0
2025-03-10 10:00:00+05:30,3615.800048828125,3616.050048828125,3606.89990234375,3608.0,48305,0.0,0.0
2025-03-10 10:05:00+05:30,3608.050048828125,3608.5,3600.5,3606.0,16029,0.0,0.0
2025-03-10 10:10:00+05:30,3606.0,3607.0,3603.39990234375,3606.39990234375,7720,0.0,0.0
2025-03-10 10:15:00+05:30,3606.39990234375,3608.10009765625,3603.0,3603.39990234375,8594,0.0,0.0
2025-03-10 10:20:00+05:30,3602.89990234375,3604.0,3600.10009765625,3602.050048828125,13696,0.0,0.0
2025-03-10 10:25:00+05:30,3603.10009765625,3603.64990234375,3595.0,3595.5,20008,0.0,0.0
2025-03-10 10:30:00+05:30,3595.85009765625,3600.25,3595.85009765625,3599.64990234375,8235,0.0,0.0
2025-03-10 10:35:00+05:30,3598.35009765625,3603.14990234375,3597.199951171875,3603.0,8413,0.0,0.0
2025-03-10 10:40:00+05:30,3603.0,3604.85009765625,3598.75,3603.14990234375,14067,0.0,0.0
2025-03-10 10:45:00+05:30,3603.25,3605.89990234375,3601.800048828125,3603.300048828125,7330,0.0,0.0
2025-03-10 10:50:00+05:30,3603.89990234375,3614.35009765625,3603.89990234375,3612.199951171875,11639,0.0,0.0
2025-03-10 10:55:00+05:30,3612.199951171875,3614.64990234375,3612.0,3612.10009765625,8037,0.0,0.0
2025-03-10 11:00:00+05:30,3612.10009765625,3613.300048828125,3610.60009765625,3611.60009765625,6210,0.0,0.0
2025-03-10 11:05:00+05:30,3611.64990234375,3616.800048828125,3611.60009765625,3616.800048828125,10086,0.0,0.0
2025-03-10 11:10:00+05:30,3617.5,3617.5,3613.449951171875,3617.0,6141,0.0,0.0
2025-03-10 11:15:00+05:30,3616.35009765625,3619.75,3616.0,3619.199951171875,6090,0.0,0.0
2025-03-10 11:20:00+05:30,3619.60009765625,3620.050048828125,3615.949951171875,3617.10009765625,6327,0.0,0.0
2025-03-10 11:25:00+05:30,3617.300048828125,3618.800048828125,3615.14990234375,3616.449951171875,7818,0.0,0.0
2025-03-10 11:30:00+05:30,3616.85009765625,3616.85009765625,3610.199951171875,3612.199951171875,6659,0.0,0.0
2025-03-10 11:35:00+05:30,3612.199951171875,3617.199951171875,3612.199951171875,3617.199951171875,6609,0.0,0.0
2025-03-10 11:40:00+05:30,3616.5,3619.0,3612.949951171875,3613.199951171875,7645,0.0,0.0
2025-03-10 11:45:00+05:30,3613.0,3613.0,3603.35009765625,3605.300048828125,7951,0.0,0.0
2025-03-10 11:50:00+05:30,3605.550048828125,3608.300048828125,3605.0,3607.25,3925,0.0,0.0
2025-03-10 11:55:00+05:30,3607.050048828125,3610.85009765625,3607.050048828125,3609.39990234375,5978,0.0,0.0
2025-03-10 12:00:00+05:30,3609.949951171875,3610.75,3604.5,3605.14990234375,7156,0.0,0.0
2025-03-10 12:05:00+05:30,3605.14990234375,3605.949951171875,3603.10009765625,3603.85009765625,3252,0.0,0.0
2025-03-10 12:10:00+05:30,3604.800048828125,3606.949951171875,3602.699951171875,3606.800048828125,4893,0.0,0.0
2025-03-10 12:15:00+05:30,3606.75,3607.550048828125,3603.60009765625,3605.10009765625,4974,0.0,0.0
2025-03-10 12:20:00+05:30,3605.25,3607.39990234375,3604.449951171875,3606.449951171875,3307,0.0,0.0
2025-03-10 12:25:00+05:30,3606.35009765625,3609.800048828125,3606.35009765625,3608.199951171875,4751,0.0,0.0
2025-03-10 12:30:00+05:30,3608.199951171875,3612.14990234375,3607.050048828125,3612.0,6727,0.0,0.0
2025-03-10 12:35:00+05:30,3612.14990234375,3614.75,3610.5,3610.89990234375,5541,0.0,0.0
2025-03-10 12:40:00+05:30,3611.85009765625,3612.25,3606.64990234375,3607.85009765625,4270,0.0,0.0
2025-03-10 12:45:00+05:30,3607.89990234375,3608.35009765625,3604.949951171875,3606.39990234375,5107,0.0,0.0
2025-03-10 12:50:00+05:30,3606.25,3607.75,3603.050048828125,3604.0,4590,0.0,0.0
2025-03-10 12:55:00+05:30,3603.0,3611.85009765625,3603.0,3610.10009765625,11316,0.0,0.0
2025-03-10 13:00:00+05:30,3610.35009765625,3612.949951171875,3608.949951171875,3612.199951171875,8655,0.0,0.0
2025-03-10 13:05:00+05:30,3612.300048828125,3615.0,3611.5,3612.449951171875,7110,0.0,0.0
2025-03-10 13:10:00+05:30,3612.89990234375,3613.89990234375,3611.39990234375,3611.949951171875,4235,0.0,0.0
2025-03-10 13:15:00+05:30,3612.0,3612.0,3606.60009765625,3607.14990234375,10592,0.0,0.0
2025-03-10 13:20:00+05:30,3606.89990234375,3610.699951171875,3606.25,3609.300048828125,7189,0.0,0.0
2025-03-10 13:25:00+05:30,3609.35009765625,3610.300048828125,3608.0,3608.75,5603,0.0,0.0
2025-03-10 13:30:00+05:30,3609.89990234375,3609.89990234375,3602.0,3603.800048828125,7187,0.0,0.0
2025-03-10 13:35:00+05:30,3604.699951171875,3605.550048828125,3601.75,3604.60009765625,6584,0.0,0.0
2025-03-10 13:40:00+05:30,3603.64990234375,3604.89990234375,3601.199951171875,3601.449951171875,3882,0.0,0.0
2025-03-10 13:45:00+05:30,3601.5,3602.89990234375,3598.550048828125,3599.64990234375,8576,0.0,0.0
2025-03-10 13:50:00+05:30,3599.89990234375,3601.800048828125,3598.449951171875,3600.449951171875,3454,0.0,0.0
2025-03-10 13:55:00+05:30,3600.89990234375,3602.300048828125,3599.300048828125,3599.300048828125,5025,0.0,0.0
2025-03-10 14:00:00+05:30,3599.64990234375,3603.550048828125,3599.64990234375,3601.10009765625,3567,0.0,0.0
2025-03-10 14:05:00+05:30,3600.5,3602.949951171875,3599.89990234375,3600.300048828125,4294,0.0,0.0
2025-03-10 14:10:00+05:30,3600.60009765625,3603.39990234375,3597.60009765625,3599.85009765625,9759,0.0,0.0
2025-03-10 14:15:00+05:30,3599.64990234375,3600.64990234375,3597.199951171875,3598.199951171875,6859,0.0,0.0
2025-03-10 14:20:00+05:30,3597.39990234375,3602.0,3595.800048828125,3598.60009765625,4856,0.0,0.0
2025-03-10 14:25:00+05:30,3599.0,3599.64990234375,3595.0,3595.0,7589,0.0,0.0
2025-03-10 14:30:00+05:30,3595.0,3597.550048828125,3595.0,3596.60009765625,8593,0.0,0.0
2025-03-10 14:35:00+05:30,3596.800048828125,3599.0,3596.0,3596.39990234375,5373,0.0,0.0
2025-03-10 14:40:00+05:30,3597.550048828125,3598.0,3585.5,3587.5,24220,0.0,0.0
2025-03-10 14:45:00+05:30,3586.5,3591.800048828125,3584.39990234375,3591.25,20896,0.0,0.0
2025-03-10 14:50:00+05:30,3591.300048828125,3596.35009765625,3590.10009765625,3595.25,25399,0.0,0.0
2025-03-10 14:55:00+05:30,3595.949951171875,3595.949951171875,3593.0,3593.64990234375,11137,0.0,0.0
2025-03-10 15:00:00+05:30,3594.35009765625,3599.64990234375,3593.0,3597.64990234375,50751,0.0,0.0
2025-03-10 15:05:00+05:30,3597.64990234375,3597.699951171875,3589.300048828125,3589.300048828125,32479,0.0,0.0
2025-03-10 15:10:00+05:30,3589.64990234375,3593.25,3586.89990234375,3586.89990234375,36426,0.0,0.0
2025-03-10 15:15:00+05:30,3586.89990234375,3588.10009765625,3582.800048828125,3585.10009765625,43637,0.0,0.0
2025-03-10 15:20:00+05:30,3586.050048828125,3588.25,3583.35009765625,3586.75,41326,0.0,0.0
2025-03-10 15:25:00+05:30,3586.75,3590.0,3585.0,3589.64990234375,29733,0.0,0.0
2025-03-11 09:15:00+05:30,3557.800048828125,3561.050048828125,3540.39990234375,3556.14990234375,0,0.0,0.0
2025-03-11 09:20:00+05:30,3557.0,3572.14990234375,3556.14990234375,3564.10009765625,58307,0.0,0.0
2025-03-11 09:25:00+05:30,3564.050048828125,3585.35009765625,3563.64990234375,3582.75,62978,0.0,0.0
2025-03-11 09:30:00+05:30,3584.0,3587.39990234375,3573.0,3578.5,32243,0.0,0.0
2025-03-11 09:35:00+05:30,3578.800048828125,3588.75,3575.550048828125,3584.800048828125,20859,0.0,0.0
2025-03-11 09:40:00+05:30,3582.64990234375,3586.0,3567.0,3567.949951171875,40232,0.0,0.0
2025-03-11 09:45:00+05:30,3567.949951171875,3580.449951171875,3561.10009765625,3578.800048828125,50084,0.0,0.0
2025-03-11 09:50:00+05:30,3578.800048828125,3582.050048828125,3569.699951171875,3570.0,24521,0.0,0.0
2025-03-11 09:55:00+05:30,3570.0,3582.60009765625,3567.35009765625,3579.800048828125,26450,0.0,0.0
2025-03-11 10:00:00+05:30,3579.800048828125,3582.550048828125,3571.050048828125,3577.050048828125,21720,0.0,0.0
2025-03-11 10:05:00+05:30,3575.10009765625,3584.949951171875,3573.5,3583.75,16815,0.0,0.0
2025-03-11 10:10:00+05:30,3583.75,3586.449951171875,3580.199951171875,3580.89990234375,18848,0.0,0.0
2025-03-11 10:15:00+05:30,3580.75,3585.35009765625,3577.300048828125,3584.800048828125,20826,0.0,0.0
2025-03-11 10:20:00+05:30,3584.64990234375,3585.75,3578.35009765625,3580.800048828125,34688,0.0,0.0
2025-03-11 10:25:00+05:30,3579.64990234375,3580.0,3572.0,3572.199951171875,46152,0.0,0.0
2025-03-11 10:30:00+05:30,3572.199951171875,3572.449951171875,3567.050048828125,3567.5,15900,0.0,0.0
2025-03-11 10:35:00+05:30,3568.050048828125,3569.85009765625,3565.14990234375,3566.0,18159,0.0,0.0
2025-03-11 10:40:00+05:30,3567.300048828125,3570.5,3567.0,3570.050048828125,31252,0.0,0.0
2025-03-11 10:45:00+05:30,3568.050048828125,3569.14990234375,3562.800048828125,3567.0,19493,0.0,0.0
2025-03-11 10:50:00+05:30,3567.0,3570.0,3562.0,3565.199951171875,18867,0.0,0.0
2025-03-11 10:55:00+05:30,3564.64990234375,3569.550048828125,3562.300048828125,3563.550048828125,24933,0.0,0.0
2025-03-11 11:00:00+05:30,3563.60009765625,3568.550048828125,3562.0,3567.550048828125,16388,0.0,0.0
2025-03-11 11:05:00+05:30,3567.550048828125,3570.5,3563.699951171875,3570.449951171875,27222,0.0,0.0
2025-03-11 11:10:00+05:30,3570.5,3571.0,3566.5,3567.10009765625,14959,0.0,0.0
2025-03-11 11:15:00+05:30,3567.10009765625,3568.39990234375,3563.949951171875,3566.5,31500,0.0,0.0
2025-03-11 11:20:00+05:30,3566.5,3567.800048828125,3563.449951171875,3565.0,28722,0.0,0.0
2025-03-11 11:25:00+05:30,3565.0,3570.35009765625,3563.0,3564.0,31535,0.0,0.0
2025-03-11 11:30:00+05:30,3564.300048828125,3565.0,3562.0,3564.10009765625,24790,0.0,0.0
2025-03-11 11:35:00+05:30,3565.0,3569.949951171875,3562.5,3564.300048828125,17800,0.0,0.0
2025-03-11 11:40:00+05:30,3565.0,3565.0,3560.0,3562.699951171875,12333,0.0,0.0
2025-03-11 11:45:00+05:30,3561.800048828125,3562.89990234375,3560.0,3562.64990234375,15893,0.0,0.0
2025-03-11 11:50:00+05:30,3562.64990234375,3564.699951171875,3560.5,3562.10009765625,13298,0.0,0.0
2025-03-11 11:55:00+05:30,3562.10009765625,3564.050048828125,3560.0,3560.5,12998,0.0,0.0
2025-03-11 12:00:00+05:30,3561.199951171875,3561.60009765625,3556.0,3558.10009765625,13694,0.0,0.0
2025-03-11 12:05:00+05:30,3558.10009765625,3559.050048828125,3555.0,3558.050048828125,12767,0.0,0.0
2025-03-11 12:10:00+05:30,3558.050048828125,3563.949951171875,3555.699951171875,3563.300048828125,12375,0.0,0.0
2025-03-11 12:15:00+05:30,3563.300048828125,3564.89990234375,3559.5,3559.5,23741,0.0,0.0
2025-03-11 12:20:00+05:30,3559.75,3562.60009765625,3558.0,3561.800048828125,24325,0.0,0.0
2025-03-11 12:25:00+05:30,3561.800048828125,3564.699951171875,3557.39990234375,3559.699951171875,18825,0.0,0.0
2025-03-11 12:30:00+05:30,3560.0,3564.75,3559.699951171875,3563.85009765625,14233,0.0,0.0
2025-03-11 12:35:00+05:30,3563.85009765625,3569.0,3561.85009765625,3564.949951171875,14281,0.0,0.0
2025-03-11 12:40:00+05:30,3564.949951171875,3565.0,3561.699951171875,3563.60009765625,23676,0.0,0.0
2025-03-11 12:45:00+05:30,3563.60009765625,3565.0,3560.85009765625,3564.10009765625,14313,0.0,0.0
2025-03-11 12:50:00+05:30,3564.050048828125,3565.0,3562.0,3564.949951171875,12944,0.0,0.0
2025-03-11 12:55:00+05:30,3565.0,3565.64990234375,3562.300048828125,3562.949951171875,18582,0.0,0.0
2025-03-11 13:00:00+05:30,3563.0,3563.39990234375,3559.199951171875,3560.75,17685,0.0,0.0
2025-03-11 13:05:00+05:30,3562.25,3566.85009765625,3561.449951171875,3565.10009765625,12738,0.0,0.0
2025-03-11 13:10:00+05:30,3563.35009765625,3563.35009765625,3558.39990234375,3559.75,21818,0.0,0.0
2025-03-11 13:15:00+05:30,3559.800048828125,3561.5,3558.0,3560.0,13547,0.0,0.0
2025-03-11 13:20:00+05:30,3560.0,3565.25,3560.0,3564.85009765625,13541,0.0,0.0
2025-03-11 13:25:00+05:30,3564.85009765625,3566.89990234375,3563.449951171875,3565.199951171875,13621,0.0,0.0
2025-03-11 13:30:00+05:30,3564.050048828125,3565.550048828125,3560.60009765625,3562.800048828125,13670,0.0,0.0
2025-03-11 13:35:00+05:30,3563.5,3564.85009765625,3561.10009765625,3564.75,13205,0.0,0.0
2025-03-11 13:40:00+05:30,3564.75,3566.5,3563.14990234375,3564.85009765625,10896,0.0,0.0
2025-03-11 13:45:00+05:30,3564.85009765625,3567.0,3563.0,3566.35009765625,17490,0.0,0.0
2025-03-11 13:50:00+05:30,3566.449951171875,3568.85009765625,3564.300048828125,3567.050048828125,14377,0.0,0.0
2025-03-11 13:55:00+05:30,3567.199951171875,3567.699951171875,3559.5,3559.89990234375,27710,0.0,0.0
2025-03-11 14:00:00+05:30,3559.60009765625,3564.800048828125,3556.0,3560.89990234375,29433,0.0,0.0
2025-03-11 14:05:00+05:30,3560.449951171875,3560.5,3556.699951171875,3557.199951171875,14362,0.0,0.0
2025-03-11 14:10:00+05:30,3557.39990234375,3559.75,3556.75,3557.449951171875,14384,0.0,0.0
2025-03-11 14:15:00+05:30,3558.800048828125,3559.949951171875,3557.199951171875,3559.0,9986,0.0,0.0
2025-03-11 14:20:00+05:30,3558.800048828125,3563.25,3556.699951171875,3562.39990234375,12077,0.0,0.0
2025-03-11 14:25:00+05:30,3562.89990234375,3564.0,3558.35009765625,3560.25,15461,0.0,0.0
2025-03-11 14:30:00+05:30,3561.0,3564.85009765625,3559.14990234375,3564.75,14599,0.0,0.0
2025-03-11 14:35:00+05:30,3564.550048828125,3569.800048828125,3560.39990234375,3562.0,30644,0.0,0.0
2025-03-11 14:40:00+05:30,3561.800048828125,3567.949951171875,3559.89990234375,3567.14990234375,32605,0.0,0.0
2025-03-11 14:45:00+05:30,3567.449951171875,3574.64990234375,3566.699951171875,3570.89990234375,23984,0.0,0.0
2025-03-11 14:50:00+05:30,3569.75,3574.0,3568.10009765625,3571.25,24150,0.0,0.0
2025-03-11 14:55:00+05:30,3571.0,3577.949951171875,3570.699951171875,3576.449951171875,25045,0.0,0.0
2025-03-11 15:00:00+05:30,3576.449951171875,3582.14990234375,3572.800048828125,3573.0,91211,0.0,0.0
2025-03-11 15:05:00+05:30,3573.199951171875,3578.60009765625,3570.89990234375,3573.89990234375,67681,0.0,0.0
2025-03-11 15:10:00+05:30,3573.89990234375,3574.75,3571.75,3574.199951171875,42265,0.0,0.0
2025-03-11 15:15:00+05:30,3574.35009765625,3576.949951171875,3572.449951171875,3575.89990234375,54992,0.0,0.0
2025-03-11 15:20:00+05:30,3576.14990234375,3576.14990234375,3570.449951171875,3573.35009765625,57723,0.0,0.0
2025-03-11 15:25:00+05:30,3573.39990234375,3581.449951171875,3571.39990234375,3581.0,34623,0.0,0.0
2025-03-12 09:15:00+05:30,3568.199951171875,3568.199951171875,3531.10009765625,3537.449951171875,0,0.0,0.0
2025-03-12 09:20:00+05:30,3537.449951171875,3540.949951171875,3525.10009765625,3527.14990234375,57249,0.0,0.0
2025-03-12 09:25:00+05:30,3527.14990234375,3527.14990234375,3511.10009765625,3511.10009765625,46147,0.0,0.0
2025-03-12 09:30:00+05:30,3510.89990234375,3511.300048828125,3495.050048828125,3500.14990234375,94316,0.0,0.0
2025-03-12 09:35:00+05:30,3501.64990234375,3507.199951171875,3498.60009765625,3503.949951171875,40529,0.0,0.0
2025-03-12 09:40:00+05:30,3503.949951171875,3505.75,3498.300048828125,3500.949951171875,40224,0.0,0.0
2025-03-12 09:45:00+05:30,3500.949951171875,3511.0,3498.050048828125,3508.25,62470,0.0,0.0
2025-03-12 09:50:00+05:30,3507.949951171875,3511.0,3499.85009765625,3499.85009765625,57831,0.0,0.0
2025-03-12 09:55:00+05:30,3499.14990234375,3502.39990234375,3497.75,3500.75,23306,0.0,0.0
2025-03-12 10:00:00+05:30,3500.75,3503.0,3497.75,3502.39990234375,21171,0.0,0.0
2025-03-12 10:05:00+05:30,3502.5,3504.0,3500.050048828125,3503.75,36458,0.0,0.0
2025-03-12 10:10:00+05:30,3503.0,3505.0,3500.0,3500.85009765625,33599,0.0,0.0
2025-03-12 10:15:00+05:30,3500.85009765625,3503.39990234375,3492.800048828125,3498.10009765625,86371,0.0,0.0
2025-03-12 10:20:00+05:30,3498.10009765625,3501.300048828125,3493.449951171875,3499.949951171875,172673,0.0,0.0
2025-03-12 10:25:00+05:30,3499.949951171875,3502.0,3495.10009765625,3498.0,15814,0.0,0.0
2025-03-12 10:30:00+05:30,3498.050048828125,3501.89990234375,3493.89990234375,3500.0,20574,0.0,0.0
2025-03-12 10:35:00+05:30,3500.0,3502.0,3491.60009765625,3500.0,209923,0.0,0.0
2025-03-12 10:40:00+05:30,3499.39990234375,3501.75,3498.39990234375,3500.10009765625,54228,0.0,0.0
2025-03-12 10:45:00+05:30,3500.0,3503.0,3498.0,3498.75,108865,0.0,0.0
2025-03-12 10:50:00+05:30,3498.89990234375,3502.0,3497.199951171875,3501.949951171875,13134,0.0,0.0
2025-03-12 10:55:00+05:30,3501.949951171875,3510.0,3501.949951171875,3504.949951171875,35667,0.0,0.0
2025-03-12 11:00:00+05:30,3505.0,3513.800048828125,3504.39990234375,3504.949951171875,37540,0.0,0.0
2025-03-12 11:05:00+05:30,3505.0,3505.0,3502.5,3505.0,17382,0.0,0.0
2025-03-12 11:10:00+05:30,3505.0,3507.949951171875,3504.0,3505.0,43482,0.0,0.0
2025-03-12 11:15:00+05:30,3505.5,3509.300048828125,3500.39990234375,3505.0,76926,0.0,0.0
2025-03-12 11:20:00+05:30,3505.0,3510.60009765625,3504.10009765625,3510.0,32033,0.0,0.0
2025-03-12 11:25:00+05:30,3510.0,3514.35009765625,3508.0,3514.35009765625,14494,0.0,0.0
2025-03-12 11:30:00+05:30,3514.449951171875,3514.949951171875,3510.0,3510.550048828125,18253,0.0,0.0
2025-03-12 11:35:00+05:30,3510.449951171875,3510.85009765625,3507.14990234375,3507.14990234375,15626,0.0,0.0
2025-03-12 11:40:00+05:30,3507.949951171875,3511.699951171875,3505.25,3505.449951171875,26895,0.0,0.0
2025-03-12 11:45:00+05:30,3505.25,3509.0,3503.0,3503.25,58233,0.0,0.0
2025-03-12 11:50:00+05:30,3503.199951171875,3503.64990234375,3498.0,3499.949951171875,19294,0.0,0.0
2025-03-12 11:55:00+05:30,3500.0,3501.449951171875,3498.25,3500.0,45994,0.0,0.0
2025-03-12 12:00:00+05:30,3500.0,3505.800048828125,3499.89990234375,3502.0,19200,0.0,0.0
2025-03-12 12:05:00+05:30,3501.949951171875,3502.0,3499.0,3501.199951171875,17219,0.0,0.0
2025-03-12 12:10:00+05:30,3500.0,3501.0,3499.0,3500.35009765625,12277,0.0,0.0
2025-03-12 12:15:00+05:30,3500.39990234375,3501.39990234375,3498.89990234375,3500.39990234375,13054,0.0,0.0
2025-03-12 12:20:00+05:30,3500.35009765625,3500.35009765625,3498.35009765625,3500.0,45796,0.0,0.0
2025-03-12 12:25:00+05:30,3500.0,3511.25,3500.0,3510.449951171875,28810,0.0,0.0
2025-03-12 12:30:00+05:30,3510.449951171875,3514.25,3510.25,3514.14990234375,13423,0.0,0.0
2025-03-12 12:35:00+05:30,3513.85009765625,3514.39990234375,3508.300048828125,3509.699951171875,13704,0.0,0.0
2025-03-12 12:40:00+05:30,3509.64990234375,3509.64990234375,3504.800048828125,3505.5,14322,0.0,0.0
2025-03-12 12:45:00+05:30,3505.35009765625,3507.25,3501.949951171875,3502.800048828125,25756,0.0,0.0
2025-03-12 12:50:00+05:30,3504.14990234375,3511.300048828125,3501.949951171875,3509.39990234375,15841,0.0,0.0
2025-03-12 12:55:00+05:30,3509.39990234375,3510.25,3505.10009765625,3506.949951171875,10636,0.0,0.0
2025-03-12 13:00:00+05:30,3506.89990234375,3506.89990234375,3504.0,3505.550048828125,11021,0.0,0.0
2025-03-12 13:05:00+05:30,3505.39990234375,3505.5,3501.35009765625,3504.0,11303,0.0,0.0
2025-03-12 13:10:00+05:30,3504.10009765625,3504.949951171875,3500.800048828125,3504.85009765625,18646,0.0,0.0
2025-03-12 13:15:00+05:30,3504.75,3509.14990234375,3502.949951171875,3506.10009765625,43395,0.0,0.0
2025-03-12 13:20:00+05:30,3506.25,3509.60009765625,3501.300048828125,3509.5,49376,0.0,0.0
2025-03-12 13:25:00+05:30,3509.5,3509.699951171875,3504.050048828125,3504.050048828125,8933,0.0,0.0
2025-03-12 13:30:00+05:30,3504.0,3505.0,3500.25,3500.25,24662,0.0,0.0
2025-03-12 13:35:00+05:30,3501.199951171875,3503.550048828125,3499.050048828125,3501.699951171875,31936,0.0,0.0
2025-03-12 13:40:00+05:30,3501.75,3503.39990234375,3498.60009765625,3501.199951171875,22611,0.0,0.0
2025-03-12 13:45:00+05:30,3501.199951171875,3501.800048828125,3498.0,3499.800048828125,20127,0.0,0.0
2025-03-12 13:50:00+05:30,3500.0,3502.949951171875,3498.5,3501.199951171875,24064,0.0,0.0
2025-03-12 13:55:00+05:30,3501.949951171875,3502.0,3500.0,3500.64990234375,15742,0.0,0.0
2025-03-12 14:00:00+05:30,3500.39990234375,3502.0,3499.0,3500.199951171875,36437,0.0,0.0
2025-03-12 14:05:00+05:30,3501.39990234375,3502.85009765625,3497.949951171875,3498.699951171875,21261,0.0,0.0
2025-03-12 14:10:00+05:30,3498.64990234375,3500.35009765625,3495.0,3498.699951171875,20646,0.0,0.0
2025-03-12 14:15:00+05:30,3498.75,3502.64990234375,3498.199951171875,3500.0,15506,0.0,0.0
2025-03-12 14:20:00+05:30,3500.550048828125,3506.0,3498.550048828125,3506.0,32798,0.0,0.0
2025-03-12 14:25:00+05:30,3505.0,3507.5,3503.39990234375,3505.60009765625,33355,0.0,0.0
2025-03-12 14:30:00+05:30,3504.14990234375,3509.14990234375,3504.14990234375,3508.949951171875,31454,0.0,0.0
2025-03-12 14:35:00+05:30,3508.949951171875,3512.0,3506.550048828125,3510.89990234375,48435,0.0,0.0
2025-03-12 14:40:00+05:30,3511.0,3512.0,3507.89990234375,3509.949951171875,37997,0.0,0.0
2025-03-12 14:45:00+05:30,3509.0,3515.449951171875,3506.949951171875,3514.0,37072,0.0,0.0
2025-03-12 14:50:00+05:30,3514.25,3514.39990234375,3510.300048828125,3513.199951171875,24403,0.0,0.0
2025-03-12 14:55:00+05:30,3513.5,3514.35009765625,3509.60009765625,3511.75,28752,0.0,0.0
2025-03-12 15:00:00+05:30,3511.699951171875,3512.39990234375,3507.35009765625,3510.449951171875,73559,0.0,0.0
2025-03-12 15:05:00+05:30,3510.449951171875,3511.949951171875,3506.14990234375,3509.0,103329,0.0,0.0
2025-03-12 15:10:00+05:30,3509.0,3511.0,3506.5,3508.39990234375,102138,0.0,0.0
2025-03-12 15:15:00+05:30,3507.85009765625,3509.85009765625,3502.25,3503.25,91405,0.0,0.0
2025-03-12 15:20:00+05:30,3503.25,3503.25,3499.0,3501.949951171875,117551,0.0,0.0
2025-03-12 15:25:00+05:30,3501.89990234375,3508.89990234375,3499.449951171875,3502.800048828125,73080,0.0,0.0
2025-03-13 09:15:00+05:30,3503.10009765625,3523.35009765625,3502.5,3517.39990234375,0,0.0,0.0
2025-03-13 09:20:00+05:30,3517.449951171875,3517.449951171875,3496.35009765625,3504.449951171875,35837,0.0,0.0
2025-03-13 09:25:00+05:30,3504.75,3509.60009765625,3501.39990234375,3504.0,22940,0.0,0.0
2025-03-13 09:30:00+05:30,3504.35009765625,3505.300048828125,3485.550048828125,3494.449951171875,49991,0.0,0.0
2025-03-13 09:35:00+05:30,3494.0,3496.0,3490.64990234375,3494.64990234375,20492,0.0,0.0
2025-03-13 09:40:00+05:30,3493.800048828125,3497.949951171875,3491.60009765625,3494.5,19835,0.0,0.0
2025-03-13 09:45:00+05:30,3494.5,3499.699951171875,3493.050048828125,3496.10009765625,15290,0.0,0.0
2025-03-13 09:50:00+05:30,3495.800048828125,3499.75,3493.25,3495.89990234375,16116,0.0,0.0
2025-03-13 09:55:00+05:30,3495.89990234375,3500.0,3495.25,3498.550048828125,17630,0.0,0.0
2025-03-13 10:00:00+05:30,3498.550048828125,3500.449951171875,3494.199951171875,3495.0,44390,0.0,0.0
2025-03-13 10:05:00+05:30,3495.0,3500.0,3494.300048828125,3498.85009765625,12245,0.0,0.0
2025-03-13 10:10:00+05:30,3498.550048828125,3499.5,3497.35009765625,3499.449951171875,8591,0.0,0.0
2025-03-13 10:15:00+05:30,3499.5,3500.0,3496.0,3497.0,20789,0.0,0.0
2025-03-13 10:20:00+05:30,3497.0,3499.0,3492.0,3493.14990234375,15970,0.0,0.0
2025-03-13 10:25:00+05:30,3493.14990234375,3497.25,3491.550048828125,3496.60009765625,6974,0.0,0.0
2025-03-13 10:30:00+05:30,3496.60009765625,3499.5,3496.0,3498.14990234375,9157,0.0,0.0
2025-03-13 10:35:00+05:30,3499.199951171875,3499.199951171875,3495.449951171875,3498.85009765625,4934,0.0,0.0
2025-03-13 10:40:00+05:30,3498.25,3500.0,3496.199951171875,3496.949951171875,16903,0.0,0.0
2025-03-13 10:45:00+05:30,3497.10009765625,3499.39990234375,3496.75,3497.0,16013,0.0,0.0
2025-03-13 10:50:00+05:30,3497.0,3497.89990234375,3495.0,3497.0,10887,0.0,0.0
2025-03-13 10:55:00+05:30,3497.0,3497.0,3493.39990234375,3494.75,3278,0.0,0.0
2025-03-13 11:00:00+05:30,3494.75,3496.35009765625,3493.64990234375,3495.89990234375,5138,0.0,0.0
2025-03-13 11:05:00+05:30,3495.89990234375,3498.949951171875,3495.699951171875,3497.949951171875,4938,0.0,0.0
2025-03-13 11:10:00+05:30,3498.0,3499.5,3497.64990234375,3499.449951171875,3455,0.0,0.0
2025-03-13 11:15:00+05:30,3499.449951171875,3499.5,3496.699951171875,3498.25,3731,0.0,0.0
2025-03-13 11:20:00+05:30,3498.699951171875,3498.800048828125,3496.10009765625,3497.85009765625,5139,0.0,0.0
2025-03-13 11:25:00+05:30,3497.85009765625,3499.5,3495.699951171875,3497.0,6758,0.0,0.0
2025-03-13 11:30:00+05:30,3496.949951171875,3498.699951171875,3495.0,3498.35009765625,5299,0.0,0.0
2025-03-13 11:35:00+05:30,3498.14990234375,3499.300048828125,3487.10009765625,3488.449951171875,21834,0.0,0.0
2025-03-13 11:40:00+05:30,3487.0,3489.5,3485.10009765625,3488.5,17175,0.0,0.0
2025-03-13 11:45:00+05:30,3489.64990234375,3489.64990234375,3484.14990234375,3485.14990234375,18427,0.0,0.0
2025-03-13 11:50:00+05:30,3485.14990234375,3489.0,3484.60009765625,3485.199951171875,12519,0.0,0.0
2025-03-13 11:55:00+05:30,3485.14990234375,3493.949951171875,3485.050048828125,3493.949951171875,17616,0.0,0.0
2025-03-13 12:00:00+05:30,3494.0,3497.949951171875,3492.60009765625,3497.949951171875,11085,0.0,0.0
2025-03-13 12:05:00+05:30,3497.050048828125,3499.39990234375,3497.0,3499.14990234375,11967,0.0,0.0
2025-03-13 12:10:00+05:30,3499.14990234375,3499.449951171875,3497.5,3498.85009765625,5293,0.0,0.0
2025-03-13 12:15:00+05:30,3499.10009765625,3499.10009765625,3497.0,3497.14990234375,5847,0.0,0.0
2025-03-13 12:20:00+05:30,3497.449951171875,3499.5,3497.449951171875,3499.10009765625,6222,0.0,0.0
2025-03-13 12:25:00+05:30,3499.0,3499.5,3494.14990234375,3499.0,12946,0.0,0.0
2025-03-13 12:30:00+05:30,3498.550048828125,3499.5,3498.0,3499.449951171875,10658,0.0,0.0
2025-03-13 12:35:00+05:30,3499.800048828125,3499.800048828125,3499.0,3499.14990234375,4448,0.0,0.0
2025-03-13 12:40:00+05:30,3499.050048828125,3499.5,3495.699951171875,3497.35009765625,46302,0.0,0.0
2025-03-13 12:45:00+05:30,3497.35009765625,3499.800048828125,3495.0,3499.0,19626,0.0,0.0
2025-03-13 12:50:00+05:30,3499.0,3500.0,3499.0,3499.5,13593,0.0,0.0
2025-03-13 12:55:00+05:30,3499.5,3499.5,3498.89990234375,3499.5,7337,0.0,0.0
2025-03-13 13:00:00+05:30,3499.5,3499.60009765625,3499.14990234375,3499.5,5103,0.0,0.0
2025-03-13 13:05:00+05:30,3499.10009765625,3500.0,3498.39990234375,3499.699951171875,6623,0.0,0.0
2025-03-13 13:10:00+05:30,3499.949951171875,3502.0,3499.25,3501.89990234375,27417,0.0,0.0
2025-03-13 13:15:00+05:30,3502.0,3505.85009765625,3501.85009765625,3504.64990234375,86459,0.0,0.0
2025-03-13 13:20:00+05:30,3504.64990234375,3508.75,3503.699951171875,3508.0,29294,0.0,0.0
2025-03-13 13:25:00+05:30,3508.0,3508.60009765625,3502.699951171875,3504.0,19862,0.0,0.0
2025-03-13 13:30:00+05:30,3504.0,3506.0,3502.699951171875,3504.64990234375,7466,0.0,0.0
2025-03-13 13:35:00+05:30,3505.0,3505.0,3504.449951171875,3504.5,5207,0.0,0.0
2025-03-13 13:40:00+05:30,3504.5,3505.0,3503.60009765625,3504.199951171875,5307,0.0,0.0
2025-03-13 13:45:00+05:30,3504.75,3505.0,3503.199951171875,3503.300048828125,5123,0.0,0.0
2025-03-13 13:50:00+05:30,3503.39990234375,3505.0,3503.199951171875,3503.64990234375,4421,0.0,0.0
2025-03-13 13:55:00+05:30,3503.699951171875,3505.0,3502.5,3503.0,7765,0.0,0.0
2025-03-13 14:00:00+05:30,3503.0,3515.0,3503.0,3513.050048828125,15048,0.0,0.0
2025-03-13 14:05:00+05:30,3513.050048828125,3516.949951171875,3512.699951171875,3516.949951171875,10922,0.0,0.0
2025-03-13 14:10:00+05:30,3517.0,3517.0,3511.5,3514.14990234375,11462,0.0,0.0
2025-03-13 14:15:00+05:30,3514.10009765625,3516.0,3512.25,3513.300048828125,58370,0.0,0.0
2025-03-13 14:20:00+05:30,3513.550048828125,3515.75,3511.85009765625,3513.0,17127,0.0,0.0
2025-03-13 14:25:00+05:30,3513.0,3514.949951171875,3512.85009765625,3512.85009765625,10993,0.0,0.0
2025-03-13 14:30:00+05:30,3513.0,3514.39990234375,3509.85009765625,3511.0,24729,0.0,0.0
2025-03-13 14:35:00+05:30,3511.0,3511.199951171875,3506.39990234375,3507.60009765625,20037,0.0,0.0
2025-03-13 14:40:00+05:30,3507.949951171875,3512.10009765625,3507.949951171875,3510.10009765625,30419,0.0,0.0
2025-03-13 14:45:00+05:30,3510.39990234375,3514.300048828125,3510.10009765625,3511.89990234375,28730,0.0,0.0
2025-03-13 14:50:00+05:30,3510.89990234375,3514.949951171875,3510.75,3512.0,25126,0.0,0.0
2025-03-13 14:55:00+05:30,3512.0,3513.75,3511.75,3511.75,16026,0.0,0.0
2025-03-13 15:00:00+05:30,3512.0,3512.5,3509.0,3512.39990234375,60164,0.0,0.0
2025-03-13 15:05:00+05:30,3512.39990234375,3512.39990234375,3508.25,3509.699951171875,68762,0.0,0.0
2025-03-13 15:10:00+05:30,3509.699951171875,3511.89990234375,3506.550048828125,3508.14990234375,65307,0.0,0.0
2025-03-13 15:15:00+05:30,3507.64990234375,3511.949951171875,3505.14990234375,3511.449951171875,78531,0.0,0.0
2025-03-13 15:20:00+05:30,3511.949951171875,3515.300048828125,3509.449951171875,3513.64990234375,88839,0.0,0.0
2025-03-13 15:25:00+05:30,3513.35009765625,3516.199951171875,3509.050048828125,3511.050048828125,67814,0.0,0.0
2025-03-17 09:15:00+05:30,3505.64990234375,3522.0,3497.85009765625,3512.199951171875,0,0.0,0.0
2025-03-17 09:20:00+05:30,3512.199951171875,3522.5,3509.800048828125,3516.449951171875,90069,0.0,0.0
2025-03-17 09:25:00+05:30,3516.39990234375,3523.64990234375,3514.0,3521.89990234375,46464,0.0,0.0
2025-03-17 09:30:00+05:30,3521.10009765625,3526.75,3517.35009765625,3526.300048828125,50535,0.0,0.0
2025-03-17 09:35:00+05:30,3526.10009765625,3526.550048828125,3509.0,3511.35009765625,45997,0.0,0.0
2025-03-17 09:40:00+05:30,3511.35009765625,3514.14990234375,3501.25,3502.25,64100,0.0,0.0
2025-03-17 09:45:00+05:30,3502.85009765625,3506.0,3497.85009765625,3497.949951171875,26249,0.0,0.0
2025-03-17 09:50:00+05:30,3497.949951171875,3504.89990234375,3488.10009765625,3499.39990234375,41759,0.0,0.0
2025-03-17 09:55:00+05:30,3499.449951171875,3508.75,3497.25,3507.14990234375,28444,0.0,0.0
2025-03-17 10:00:00+05:30,3507.199951171875,3511.85009765625,3506.199951171875,3509.85009765625,25336,0.0,0.0
2025-03-17 10:05:00+05:30,3508.550048828125,3511.60009765625,3505.0,3505.89990234375,22934,0.0,0.0
2025-03-17 10:10:00+05:30,3505.89990234375,3509.0,3502.0,3503.14990234375,18234,0.0,0.0
2025-03-17 10:15:00+05:30,3503.14990234375,3507.14990234375,3502.050048828125,3503.449951171875,19271,0.0,0.0
2025-03-17 10:20:00+05:30,3503.25,3503.449951171875,3496.5,3502.300048828125,26205,0.0,0.0
2025-03-17 10:25:00+05:30,3504.14990234375,3504.14990234375,3497.550048828125,3500.0,23059,0.0,0.0
2025-03-17 10:30:00+05:30,3500.050048828125,3500.050048828125,3494.5,3494.5,18968,0.0,0.0
2025-03-17 10:35:00+05:30,3494.0,3494.5,3484.0,3484.949951171875,26547,0.0,0.0
2025-03-17 10:40:00+05:30,3484.699951171875,3492.949951171875,3484.5,3492.5,23408,0.0,0.0
2025-03-17 10:45:00+05:30,3492.949951171875,3497.0,3492.0,3495.0,22492,0.0,0.0
2025-03-17 10:50:00+05:30,3494.75,3497.85009765625,3494.75,3496.10009765625,15283,0.0,0.0
2025-03-17 10:55:00+05:30,3495.050048828125,3500.0,3494.25,3499.949951171875,15304,0.0,0.0
2025-03-17 11:00:00+05:30,3499.949951171875,3500.75,3499.14990234375,3500.050048828125,20001,0.0,0.0
2025-03-17 11:05:00+05:30,3500.050048828125,3500.050048828125,3493.0,3493.0,27392,0.0,0.0
2025-03-17 11:10:00+05:30,3493.699951171875,3493.699951171875,3486.0,3487.199951171875,25578,0.0,0.0
2025-03-17 11:15:00+05:30,3487.199951171875,3488.64990234375,3484.5,3485.10009765625,62656,0.0,0.0
2025-03-17 11:20:00+05:30,3485.449951171875,3485.449951171875,3478.550048828125,3482.89990234375,60142,0.0,0.0
2025-03-17 11:25:00+05:30,3482.89990234375,3484.949951171875,3480.5,3483.85009765625,28828,0.0,0.0
2025-03-17 11:30:00+05:30,3483.800048828125,3484.5,3482.449951171875,3482.89990234375,19084,0.0,0.0
2025-03-17 11:35:00+05:30,3482.89990234375,3490.35009765625,3482.89990234375,3488.0,43442,0.0,0.0
2025-03-17 11:40:00+05:30,3488.0,3491.550048828125,3486.949951171875,3489.10009765625,30246,0.0,0.0
2025-03-17 11:45:00+05:30,3489.10009765625,3490.0,3485.050048828125,3486.35009765625,28432,0.0,0.0
2025-03-17 11:50:00+05:30,3485.949951171875,3487.5,3483.5,3484.449951171875,18841,0.0,0.0
2025-03-17 11:55:00+05:30,3485.199951171875,3486.39990234375,3482.64990234375,3486.35009765625,25283,0.0,0.0
2025-03-17 12:00:00+05:30,3485.800048828125,3493.89990234375,3485.199951171875,3492.0,25591,0.0,0.0
2025-03-17 12:05:00+05:30,3492.10009765625,3494.550048828125,3490.25,3494.39990234375,18165,0.0,0.0
2025-03-17 12:10:00+05:30,3494.39990234375,3494.39990234375,3491.449951171875,3492.85009765625,18009,0.0,0.0
2025-03-17 12:15:00+05:30,3492.85009765625,3493.89990234375,3489.85009765625,3489.89990234375,13783,0.0,0.0
2025-03-17 12:20:00+05:30,3489.89990234375,3492.89990234375,3487.14990234375,3489.050048828125,45154,0.0,0.0
2025-03-17 12:25:00+05:30,3489.050048828125,3489.300048828125,3484.25,3487.89990234375,19697,0.0,0.0
2025-03-17 12:30:00+05:30,3487.64990234375,3488.0,3485.0,3485.5,16412,0.0,0.0
2025-03-17 12:35:00+05:30,3486.10009765625,3486.949951171875,3483.5,3483.5,15655,0.0,0.0
2025-03-17 12:40:00+05:30,3484.300048828125,3486.449951171875,3483.050048828125,3485.35009765625,16092,0.0,0.0
2025-03-17 12:45:00+05:30,3485.550048828125,3486.449951171875,3484.199951171875,3485.10009765625,18102,0.0,0.0
2025-03-17 12:50:00+05:30,3485.25,3487.0,3484.0,3485.0,20006,0.0,0.0
2025-03-17 12:55:00+05:30,3485.0,3486.85009765625,3478.699951171875,3479.550048828125,45454,0.0,0.0
2025-03-17 13:00:00+05:30,3479.0,3485.64990234375,3477.35009765625,3484.949951171875,30646,0.0,0.0
2025-03-17 13:05:00+05:30,3484.949951171875,3484.949951171875,3482.39990234375,3482.75,17279,0.0,0.0
2025-03-17 13:10:00+05:30,3482.699951171875,3484.39990234375,3482.0,3483.89990234375,18518,0.0,0.0
2025-03-17 13:15:00+05:30,3483.89990234375,3486.0,3482.10009765625,3485.10009765625,25724,0.0,0.0
2025-03-17 13:20:00+05:30,3485.10009765625,3486.0,3485.0,3485.949951171875,17317,0.0,0.0
2025-03-17 13:25:00+05:30,3485.949951171875,3489.0,3485.0,3485.300048828125,22616,0.0,0.0
2025-03-17 13:30:00+05:30,3485.25,3487.14990234375,3485.0,3485.10009765625,16868,0.0,0.0
2025-03-17 13:35:00+05:30,3485.050048828125,3488.10009765625,3485.0,3485.89990234375,12284,0.0,0.0
2025-03-17 13:40:00+05:30,3485.949951171875,3488.75,3485.14990234375,3487.85009765625,15849,0.0,0.0
2025-03-17 13:45:00+05:30,3488.550048828125,3490.199951171875,3486.60009765625,3486.60009765625,35023,0.0,0.0
2025-03-17 13:50:00+05:30,3487.10009765625,3490.0,3486.10009765625,3488.25,15915,0.0,0.0
2025-03-17 13:55:00+05:30,3488.75,3493.050048828125,3488.199951171875,3490.949951171875,24004,0.0,0.0
2025-03-17 14:00:00+05:30,3491.25,3491.949951171875,3490.0,3491.25,18544,0.0,0.0
2025-03-17 14:05:00+05:30,3491.800048828125,3495.0,3491.0,3494.10009765625,18978,0.0,0.0
2025-03-17 14:10:00+05:30,3494.10009765625,3494.199951171875,3492.5,3493.14990234375,18152,0.0,0.0
2025-03-17 14:15:00+05:30,3492.800048828125,3495.89990234375,3492.050048828125,3495.75,28662,0.0,0.0
2025-03-17 14:20:00+05:30,3495.550048828125,3498.14990234375,3494.10009765625,3495.199951171875,30257,0.0,0.0
2025-03-17 14:25:00+05:30,3495.199951171875,3495.199951171875,3492.35009765625,3493.14990234375,20867,0.0,0.0
2025-03-17 14:30:00+05:30,3493.35009765625,3498.39990234375,3493.14990234375,3497.85009765625,19437,0.0,0.0
2025-03-17 14:35:00+05:30,3497.550048828125,3502.0,3495.050048828125,3495.699951171875,42509,0.0,0.0
2025-03-17 14:40:00+05:30,3495.699951171875,3495.75,3491.550048828125,3491.800048828125,27933,0.0,0.0
2025-03-17 14:45:00+05:30,3492.0,3494.0,3491.60009765625,3493.60009765625,38721,0.0,0.0
2025-03-17 14:50:00+05:30,3493.64990234375,3495.0,3492.699951171875,3494.64990234375,28933,0.0,0.0
2025-03-17 14:55:00+05:30,3494.550048828125,3498.35009765625,3493.949951171875,3497.35009765625,27446,0.0,0.0
2025-03-17 15:00:00+05:30,3497.449951171875,3497.85009765625,3495.25,3495.25,67414,0.0,0.0
2025-03-17 15:05:00+05:30,3495.050048828125,3497.949951171875,3493.300048828125,3495.60009765625,45017,0.0,0.0
2025-03-17 15:10:00+05:30,3496.050048828125,3499.39990234375,3495.5,3498.60009765625,47393,0.0,0.0
2025-03-17 15:15:00+05:30,3498.5,3500.14990234375,3498.0,3499.0,60205,0.0,0.0
2025-03-17 15:20:00+05:30,3499.0,3499.050048828125,3497.949951171875,3498.25,62697,0.0,0.0
2025-03-17 15:25:00+05:30,3498.14990234375,3500.0,3497.449951171875,3497.699951171875,50881,0.0,0.0
2025-03-18 09:15:00+05:30,3512.949951171875,3512.949951171875,3479.5,3491.89990234375,0,0.0,0.0
2025-03-18 09:20:00+05:30,3492.0,3507.10009765625,3491.800048828125,3506.550048828125,248395,0.0,0.0
2025-03-18 09:25:00+05:30,3504.0,3512.5,3503.85009765625,3507.60009765625,68128,0.0,0.0
2025-03-18 09:30:00+05:30,3507.699951171875,3521.949951171875,3507.199951171875,3514.5,55497,0.0,0.0
2025-03-18 09:35:00+05:30,3514.199951171875,3523.0,3510.199951171875,3523.0,259541,0.0,0.0
2025-03-18 09:40:00+05:30,3523.050048828125,3536.60009765625,3521.10009765625,3530.14990234375,61494,0.0,0.0
2025-03-18 09:45:00+05:30,3530.199951171875,3532.39990234375,3524.25,3532.0,41392,0.0,0.0
2025-03-18 09:50:00+05:30,3532.0,3533.89990234375,3528.60009765625,3529.89990234375,29496,0.0,0.0
2025-03-18 09:55:00+05:30,3529.5,3535.64990234375,3529.199951171875,3533.449951171875,22255,0.0,0.0
2025-03-18 10:00:00+05:30,3533.199951171875,3547.800048828125,3532.050048828125,3545.0,277830,0.0,0.0
2025-03-18 10:05:00+05:30,3544.89990234375,3547.800048828125,3540.60009765625,3542.949951171875,27197,0.0,0.0
2025-03-18 10:10:00+05:30,3542.449951171875,3546.10009765625,3540.10009765625,3545.60009765625,22740,0.0,0.0
2025-03-18 10:15:00+05:30,3545.60009765625,3547.0,3541.0,3543.0,27981,0.0,0.0
2025-03-18 10:20:00+05:30,3543.75,3545.35009765625,3541.550048828125,3542.949951171875,23614,0.0,0.0
2025-03-18 10:25:00+05:30,3542.75,3549.0,3542.0,3549.0,28205,0.0,0.0
2025-03-18 10:30:00+05:30,3548.5,3554.0,3544.550048828125,3544.949951171875,37718,0.0,0.0
2025-03-18 10:35:00+05:30,3545.0,3545.0,3533.39990234375,3534.25,26591,0.0,0.0
2025-03-18 10:40:00+05:30,3534.35009765625,3539.85009765625,3534.35009765625,3537.75,22318,0.0,0.0
2025-03-18 10:45:00+05:30,3537.949951171875,3539.0,3535.050048828125,3535.5,15366,0.0,0.0
2025-03-18 10:50:00+05:30,3535.5,3538.0,3535.0,3535.35009765625,16599,0.0,0.0
2025-03-18 10:55:00+05:30,3535.39990234375,3537.0,3526.0,3528.699951171875,21249,0.0,0.0
2025-03-18 11:00:00+05:30,3528.699951171875,3530.800048828125,3525.050048828125,3529.550048828125,17991,0.0,0.0
2025-03-18 11:05:00+05:30,3529.550048828125,3536.800048828125,3527.60009765625,3536.5,37774,0.0,0.0
2025-03-18 11:10:00+05:30,3536.5,3538.800048828125,3531.10009765625,3531.10009765625,22617,0.0,0.0
2025-03-18 11:15:00+05:30,3531.199951171875,3534.449951171875,3529.0,3532.0,28793,0.0,0.0
2025-03-18 11:20:00+05:30,3530.699951171875,3531.35009765625,3527.949951171875,3530.0,32836,0.0,0.0
2025-03-18 11:25:00+05:30,3530.550048828125,3530.75,3527.0,3527.85009765625,17707,0.0,0.0
2025-03-18 11:30:00+05:30,3527.85009765625,3536.89990234375,3527.0,3534.949951171875,19963,0.0,0.0
2025-03-18 11:35:00+05:30,3534.949951171875,3540.60009765625,3534.60009765625,3540.0,21130,0.0,0.0
2025-03-18 11:40:00+05:30,3540.0,3541.550048828125,3535.0,3536.949951171875,28410,0.0,0.0
2025-03-18 11:45:00+05:30,3536.949951171875,3544.699951171875,3535.39990234375,3544.10009765625,18857,0.0,0.0
2025-03-18 11:50:00+05:30,3543.89990234375,3544.949951171875,3540.39990234375,3541.0,16386,0.0,0.0
2025-03-18 11:55:00+05:30,3541.0,3544.949951171875,3540.39990234375,3544.0,14878,0.0,0.0
2025-03-18 12:00:00+05:30,3543.550048828125,3549.64990234375,3543.550048828125,3549.64990234375,34156,0.0,0.0
2025-03-18 12:05:00+05:30,3549.0,3550.0,3545.5,3547.949951171875,16648,0.0,0.0
2025-03-18 12:10:00+05:30,3546.85009765625,3550.0,3545.85009765625,3549.0,17227,0.0,0.0
2025-03-18 12:15:00+05:30,3549.0,3549.0,3542.0,3546.64990234375,19962,0.0,0.0
2025-03-18 12:20:00+05:30,3545.949951171875,3546.5,3544.0,3546.0,12033,0.0,0.0
2025-03-18 12:25:00+05:30,3546.0,3546.64990234375,3540.0,3541.800048828125,15203,0.0,0.0
2025-03-18 12:30:00+05:30,3541.699951171875,3543.89990234375,3539.800048828125,3542.300048828125,19312,0.0,0.0
2025-03-18 12:35:00+05:30,3542.0,3545.800048828125,3536.75,3538.60009765625,32157,0.0,0.0
2025-03-18 12:40:00+05:30,3537.300048828125,3541.449951171875,3535.64990234375,3538.300048828125,16099,0.0,0.0
2025-03-18 12:45:00+05:30,3538.0,3541.050048828125,3537.050048828125,3540.25,18266,0.0,0.0
2025-03-18 12:50:00+05:30,3541.14990234375,3542.0,3539.64990234375,3541.89990234375,16708,0.0,0.0
2025-03-18 12:55:00+05:30,3541.85009765625,3543.949951171875,3540.0,3543.60009765625,16218,0.0,0.0
2025-03-18 13:00:00+05:30,3543.949951171875,3547.949951171875,3543.699951171875,3547.699951171875,16035,0.0,0.0
2025-03-18 13:05:00+05:30,3547.550048828125,3548.800048828125,3546.60009765625,3548.25,16167,0.0,0.0
2025-03-18 13:10:00+05:30,3548.25,3549.300048828125,3543.85009765625,3547.25,29767,0.0,0.0
2025-03-18 13:15:00+05:30,3546.5,3548.14990234375,3542.800048828125,3547.050048828125,43901,0.0,0.0
2025-03-18 13:20:00+05:30,3547.0,3547.10009765625,3545.5,3546.199951171875,12984,0.0,0.0
2025-03-18 13:25:00+05:30,3546.050048828125,3546.199951171875,3540.300048828125,3542.39990234375,13052,0.0,0.0
2025-03-18 13:30:00+05:30,3543.199951171875,3544.0,3539.64990234375,3541.550048828125,15495,0.0,0.0
2025-03-18 13:35:00+05:30,3541.550048828125,3543.050048828125,3539.10009765625,3542.75,11622,0.0,0.0
2025-03-18 13:40:00+05:30,3542.75,3542.75,3540.0,3541.300048828125,13408,0.0,0.0
2025-03-18 13:45:00+05:30,3540.550048828125,3541.800048828125,3539.0,3541.39990234375,13301,0.0,0.0
2025-03-18 13:50:00+05:30,3541.39990234375,3541.39990234375,3539.0,3541.300048828125,10554,0.0,0.0
2025-03-18 13:55:00+05:30,3541.300048828125,3543.949951171875,3540.25,3540.949951171875,12255,0.0,0.0
2025-03-18 14:00:00+05:30,3540.60009765625,3542.5,3540.0,3541.800048828125,15756,0.0,0.0
2025-03-18 14:05:00+05:30,3541.60009765625,3541.800048828125,3539.10009765625,3539.949951171875,16331,0.0,0.0
2025-03-18 14:10:00+05:30,3539.949951171875,3541.449951171875,3537.0,3540.449951171875,19930,0.0,0.0
2025-03-18 14:15:00+05:30,3540.449951171875,3542.64990234375,3539.0,3540.449951171875,17599,0.0,0.0
2025-03-18 14:20:00+05:30,3539.949951171875,3541.050048828125,3538.35009765625,3540.300048828125,13725,0.0,0.0
2025-03-18 14:25:00+05:30,3540.75,3545.0,3539.199951171875,3545.0,31505,0.0,0.0
2025-03-18 14:30:00+05:30,3545.0,3548.60009765625,3544.5,3546.800048828125,42727,0.0,0.0
2025-03-18 14:35:00+05:30,3546.800048828125,3550.0,3546.75,3549.050048828125,37818,0.0,0.0
2025-03-18 14:40:00+05:30,3549.050048828125,3549.85009765625,3545.35009765625,3545.550048828125,46050,0.0,0.0
2025-03-18 14:45:00+05:30,3546.449951171875,3548.75,3543.35009765625,3545.64990234375,39067,0.0,0.0
2025-03-18 14:50:00+05:30,3545.699951171875,3547.199951171875,3544.5,3546.75,36854,0.0,0.0
2025-03-18 14:55:00+05:30,3546.800048828125,3553.89990234375,3546.75,3550.14990234375,55836,0.0,0.0
2025-03-18 15:00:00+05:30,3550.800048828125,3553.449951171875,3548.5,3552.449951171875,66319,0.0,0.0
2025-03-18 15:05:00+05:30,3552.0,3554.800048828125,3550.64990234375,3554.60009765625,60334,0.0,0.0
2025-03-18 15:10:00+05:30,3555.14990234375,3555.14990234375,3551.75,3553.89990234375,56726,0.0,0.0
2025-03-18 15:15:00+05:30,3553.75,3554.64990234375,3550.85009765625,3553.60009765625,54630,0.0,0.0
2025-03-18 15:20:00+05:30,3553.39990234375,3553.699951171875,3551.949951171875,3552.5,53883,0.0,0.0
2025-03-18 15:25:00+05:30,3552.35009765625,3552.39990234375,3543.0,3545.64990234375,43638,0.0,0.0
2025-03-19 09:15:00+05:30,3539.14990234375,3539.14990234375,3470.25,3470.75,0,0.0,0.0
2025-03-19 09:20:00+05:30,3469.550048828125,3479.699951171875,3467.25,3476.89990234375,198823,0.0,0.0
2025-03-19 09:25:00+05:30,3476.699951171875,3479.60009765625,3468.75,3475.25,77447,0.0,0.0
2025-03-19 09:30:00+05:30,3475.14990234375,3484.800048828125,3474.64990234375,3483.300048828125,56518,0.0,0.0
2025-03-19 09:35:00+05:30,3483.35009765625,3489.050048828125,3478.300048828125,3486.35009765625,55660,0.0,0.0
2025-03-19 09:40:00+05:30,3487.35009765625,3488.699951171875,3483.0,3487.85009765625,32885,0.0,0.0
2025-03-19 09:45:00+05:30,3487.85009765625,3493.949951171875,3486.0,3488.5,30933,0.0,0.0
2025-03-19 09:50:00+05:30,3488.5,3488.64990234375,3482.25,3485.14990234375,35329,0.0,0.0
2025-03-19 09:55:00+05:30,3484.300048828125,3487.449951171875,3480.25,3481.300048828125,30647,0.0,0.0
2025-03-19 10:00:00+05:30,3482.39990234375,3485.60009765625,3481.0,3485.60009765625,22853,0.0,0.0
2025-03-19 10:05:00+05:30,3484.75,3485.300048828125,3477.0,3477.64990234375,50501,0.0,0.0
2025-03-19 10:10:00+05:30,3477.0,3478.35009765625,3472.39990234375,3477.5,57141,0.0,0.0
2025-03-19 10:15:00+05:30,3477.5,3480.0,3476.35009765625,3478.199951171875,32203,0.0,0.0
2025-03-19 10:20:00+05:30,3478.199951171875,3479.949951171875,3474.449951171875,3478.75,37489,0.0,0.0
2025-03-19 10:25:00+05:30,3478.64990234375,3482.949951171875,3478.0,3479.64990234375,30979,0.0,0.0
2025-03-19 10:30:00+05:30,3479.800048828125,3479.800048828125,3475.39990234375,3477.35009765625,28978,0.0,0.0
2025-03-19 10:35:00+05:30,3477.300048828125,3480.0,3476.0,3477.550048828125,35002,0.0,0.0
2025-03-19 10:40:00+05:30,3477.550048828125,3478.0,3476.35009765625,3476.35009765625,25557,0.0,0.0
2025-03-19 10:45:00+05:30,3477.35009765625,3477.64990234375,3473.550048828125,3474.39990234375,43292,0.0,0.0
2025-03-19 10:50:00+05:30,3474.64990234375,3474.64990234375,3471.449951171875,3473.25,34175,0.0,0.0
2025-03-19 10:55:00+05:30,3473.25,3479.5,3472.5,3477.60009765625,36509,0.0,0.0
2025-03-19 11:00:00+05:30,3478.0,3478.0,3475.35009765625,3477.0,23020,0.0,0.0
2025-03-19 11:05:00+05:30,3477.0,3477.5,3475.0,3475.0,18171,0.0,0.0
2025-03-19 11:10:00+05:30,3475.14990234375,3478.10009765625,3474.0,3476.64990234375,22059,0.0,0.0
2025-03-19 11:15:00+05:30,3476.64990234375,3478.449951171875,3476.5,3478.449951171875,16628,0.0,0.0
2025-03-19 11:20:00+05:30,3478.449951171875,3478.89990234375,3477.10009765625,3477.75,17826,0.0,0.0
2025-03-19 11:25:00+05:30,3477.800048828125,3478.0,3476.199951171875,3476.35009765625,16223,0.0,0.0
2025-03-19 11:30:00+05:30,3476.35009765625,3477.050048828125,3474.75,3477.050048828125,20531,0.0,0.0
2025-03-19 11:35:00+05:30,3477.0,3477.0,3476.0,3476.14990234375,15668,0.0,0.0
2025-03-19 11:40:00+05:30,3476.14990234375,3477.5,3475.39990234375,3476.300048828125,17514,0.0,0.0
2025-03-19 11:45:00+05:30,3476.60009765625,3476.699951171875,3473.10009765625,3473.89990234375,21799,0.0,0.0
2025-03-19 11:50:00+05:30,3473.89990234375,3475.60009765625,3473.64990234375,3475.10009765625,14442,0.0,0.0
2025-03-19 11:55:00+05:30,3475.25,3477.35009765625,3475.0,3476.699951171875,23618,0.0,0.0
2025-03-19 12:00:00+05:30,3476.699951171875,3477.550048828125,3475.550048828125,3475.699951171875,14919,0.0,0.0
2025-03-19 12:05:00+05:30,3476.199951171875,3476.199951171875,3468.550048828125,3468.550048828125,54844,0.0,0.0
2025-03-19 12:10:00+05:30,3469.949951171875,3469.949951171875,3462.949951171875,3464.699951171875,77660,0.0,0.0
2025-03-19 12:15:00+05:30,3464.699951171875,3467.0,3464.64990234375,3466.5,31168,0.0,0.0
2025-03-19 12:20:00+05:30,3466.949951171875,3468.60009765625,3466.949951171875,3467.10009765625,25778,0.0,0.0
2025-03-19 12:25:00+05:30,3467.10009765625,3469.949951171875,3467.0,3469.199951171875,21406,0.0,0.0
2025-03-19 12:30:00+05:30,3469.699951171875,3469.949951171875,3469.25,3469.5,17214,0.0,0.0
2025-03-19 12:35:00+05:30,3469.60009765625,3473.25,3469.39990234375,3473.25,15772,0.0,0.0
2025-03-19 12:40:00+05:30,3473.25,3473.60009765625,3470.0,3471.550048828125,23166,0.0,0.0
2025-03-19 12:45:00+05:30,3471.550048828125,3476.199951171875,3470.60009765625,3476.199951171875,32638,0.0,0.0
2025-03-19 12:50:00+05:30,3476.300048828125,3477.0,3473.5,3475.199951171875,22762,0.0,0.0
2025-03-19 12:55:00+05:30,3475.199951171875,3475.550048828125,3474.5,3475.050048828125,33701,0.0,0.0
2025-03-19 13:00:00+05:30,3475.050048828125,3475.10009765625,3473.0,3473.39990234375,18050,0.0,0.0
2025-03-19 13:05:00+05:30,3473.25,3475.10009765625,3472.5,3475.050048828125,31382,0.0,0.0
2025-03-19 13:10:00+05:30,3475.050048828125,3475.050048828125,3471.050048828125,3474.14990234375,19892,0.0,0.0
2025-03-19 13:15:00+05:30,3474.14990234375,3484.89990234375,3474.10009765625,3484.60009765625,55574,0.0,0.0
2025-03-19 13:20:00+05:30,3484.800048828125,3487.0,3483.10009765625,3486.14990234375,48867,0.0,0.0
2025-03-19 13:25:00+05:30,3486.14990234375,3486.14990234375,3480.0,3481.39990234375,22937,0.0,0.0
2025-03-19 13:30:00+05:30,3482.050048828125,3485.0,3481.39990234375,3484.0,25260,0.0,0.0
2025-03-19 13:35:00+05:30,3484.0,3487.0,3483.199951171875,3486.0,24309,0.0,0.0
2025-03-19 13:40:00+05:30,3486.0,3486.699951171875,3482.0,3483.75,16935,0.0,0.0
2025-03-19 13:45:00+05:30,3483.64990234375,3483.75,3480.0,3481.14990234375,12807,0.0,0.0
2025-03-19 13:50:00+05:30,3481.199951171875,3483.64990234375,3481.10009765625,3483.5,11739,0.0,0.0
2025-03-19 13:55:00+05:30,3483.60009765625,3486.0,3483.550048828125,3486.0,16709,0.0,0.0
2025-03-19 14:00:00+05:30,3486.0,3487.0,3486.0,3487.0,25085,0.0,0.0
2025-03-19 14:05:00+05:30,3486.39990234375,3487.60009765625,3485.0,3485.60009765625,16288,0.0,0.0
2025-03-19 14:10:00+05:30,3485.60009765625,3487.0,3485.5,3486.5,17113,0.0,0.0
2025-03-19 14:15:00+05:30,3486.0,3491.699951171875,3485.5,3491.0,37632,0.0,0.0
2025-03-19 14:20:00+05:30,3491.0,3491.699951171875,3489.64990234375,3491.699951171875,19901,0.0,0.0
2025-03-19 14:25:00+05:30,3491.699951171875,3497.800048828125,3491.5,3497.800048828125,42093,0.0,0.0
2025-03-19 14:30:00+05:30,3497.75,3501.949951171875,3496.699951171875,3499.699951171875,51634,0.0,0.0
2025-03-19 14:35:00+05:30,3499.699951171875,3504.39990234375,3497.14990234375,3501.699951171875,43212,0.0,0.0
2025-03-19 14:40:00+05:30,3501.550048828125,3502.0,3500.0,3501.14990234375,25247,0.0,0.0
2025-03-19 14:45:00+05:30,3501.14990234375,3504.39990234375,3500.14990234375,3501.14990234375,29591,0.0,0.0
2025-03-19 14:50:00+05:30,3501.14990234375,3503.800048828125,3500.0,3502.0,27506,0.0,0.0
2025-03-19 14:55:00+05:30,3502.0,3502.0,3498.10009765625,3498.39990234375,31807,0.0,0.0
2025-03-19 15:00:00+05:30,3499.0,3499.0,3495.10009765625,3496.64990234375,70939,0.0,0.0
2025-03-19 15:05:00+05:30,3496.699951171875,3497.0,3493.050048828125,3495.35009765625,76832,0.0,0.0
2025-03-19 15:10:00+05:30,3495.0,3498.10009765625,3493.64990234375,3496.10009765625,66905,0.0,0.0
2025-03-19 15:15:00+05:30,3496.25,3499.75,3496.0,3496.64990234375,85851,0.0,0.0
2025-03-19 15:20:00+05:30,3496.949951171875,3497.85009765625,3495.64990234375,3496.25,73071,0.0,0.0
2025-03-19 15:25:00+05:30,3496.89990234375,3506.5,3496.300048828125,3497.10009765625,90813,0.0,0.0
2025-03-20 09:15:00+05:30,3515.14990234375,3535.0,3515.14990234375,3531.75,0,0.0,0.0
2025-03-20 09:20:00+05:30,3531.449951171875,3567.89990234375,3530.050048828125,3565.0,105553,0.0,0.0
2025-03-20 09:25:00+05:30,3566.0,3574.89990234375,3560.0,3572.0,95238,0.0,0.0
2025-03-20 09:30:00+05:30,3572.0,3573.0,3563.0,3565.050048828125,52312,0.0,0.0
2025-03-20 09:35:00+05:30,3564.800048828125,3566.0,3557.85009765625,3560.050048828125,48503,0.0,0.0
2025-03-20 09:40:00+05:30,3561.10009765625,3573.64990234375,3558.050048828125,3573.64990234375,52607,0.0,0.0
2025-03-20 09:45:00+05:30,3573.75,3578.949951171875,3566.0,3569.75,48847,0.0,0.0
2025-03-20 09:50:00+05:30,3568.699951171875,3571.5,3552.5,3559.60009765625,48010,0.0,0.0
2025-03-20 09:55:00+05:30,3560.0,3564.35009765625,3557.199951171875,3561.0,66782,0.0,0.0
2025-03-20 10:00:00+05:30,3560.5,3561.0,3547.050048828125,3552.64990234375,69036,0.0,0.0
2025-03-20 10:05:00+05:30,3552.5,3555.0,3538.0,3538.0,79360,0.0,0.0
2025-03-20 10:10:00+05:30,3536.14990234375,3541.050048828125,3531.85009765625,3534.949951171875,46163,0.0,0.0
2025-03-20 10:15:00+05:30,3535.0,3548.39990234375,3534.0,3546.85009765625,51554,0.0,0.0
2025-03-20 10:20:00+05:30,3547.199951171875,3562.0,3547.050048828125,3560.60009765625,45108,0.0,0.0
2025-03-20 10:25:00+05:30,3560.60009765625,3563.0,3557.0,3560.14990234375,24890,0.0,0.0
2025-03-20 10:30:00+05:30,3560.85009765625,3567.10009765625,3560.5,3566.85009765625,23428,0.0,0.0
2025-03-20 10:35:00+05:30,3566.75,3567.0,3564.25,3565.39990234375,21432,0.0,0.0
2025-03-20 10:40:00+05:30,3565.699951171875,3565.699951171875,3558.60009765625,3563.550048828125,25925,0.0,0.0
2025-03-20 10:45:00+05:30,3563.550048828125,3564.449951171875,3558.550048828125,3564.449951171875,16078,0.0,0.0
2025-03-20 10:50:00+05:30,3563.35009765625,3566.0,3561.0,3565.0,23297,0.0,0.0
2025-03-20 10:55:00+05:30,3565.25,3568.550048828125,3563.550048828125,3565.449951171875,17012,0.0,0.0
2025-03-20 11:00:00+05:30,3565.5,3569.0,3565.0,3567.10009765625,17085,0.0,0.0
2025-03-20 11:05:00+05:30,3568.0,3568.60009765625,3563.64990234375,3564.5,16482,0.0,0.0
2025-03-20 11:10:00+05:30,3564.64990234375,3567.60009765625,3563.0,3566.699951171875,19484,0.0,0.0
2025-03-20 11:15:00+05:30,3566.75,3566.949951171875,3565.0,3566.35009765625,10951,0.0,0.0
2025-03-20 11:20:00+05:30,3566.60009765625,3568.89990234375,3565.0,3568.89990234375,28125,0.0,0.0
2025-03-20 11:25:00+05:30,3569.0,3570.699951171875,3567.050048828125,3569.60009765625,20237,0.0,0.0
2025-03-20 11:30:00+05:30,3569.60009765625,3569.64990234375,3566.0,3566.449951171875,14149,0.0,0.0
2025-03-20 11:35:00+05:30,3566.5,3569.199951171875,3566.5,3568.550048828125,10456,0.0,0.0
2025-03-20 11:40:00+05:30,3568.60009765625,3571.25,3568.0,3571.0,21584,0.0,0.0
2025-03-20 11:45:00+05:30,3570.949951171875,3571.949951171875,3570.0,3570.85009765625,17597,0.0,0.0
2025-03-20 11:50:00+05:30,3570.89990234375,3571.0,3566.300048828125,3567.10009765625,21730,0.0,0.0
2025-03-20 11:55:00+05:30,3567.050048828125,3567.89990234375,3565.14990234375,3566.10009765625,13661,0.0,0.0
2025-03-20 12:00:00+05:30,3566.64990234375,3568.449951171875,3565.0,3566.39990234375,12537,0.0,0.0
2025-03-20 12:05:00+05:30,3567.35009765625,3567.35009765625,3563.25,3565.0,20976,0.0,0.0
2025-03-20 12:10:00+05:30,3565.050048828125,3565.75,3561.0,3561.64990234375,16013,0.0,0.0
2025-03-20 12:15:00+05:30,3561.64990234375,3564.699951171875,3561.10009765625,3564.14990234375,24116,0.0,0.0
2025-03-20 12:20:00+05:30,3564.199951171875,3564.89990234375,3560.550048828125,3562.60009765625,22160,0.0,0.0
2025-03-20 12:25:00+05:30,3562.050048828125,3563.75,3560.949951171875,3562.449951171875,14117,0.0,0.0
2025-03-20 12:30:00+05:30,3562.449951171875,3564.5,3561.14990234375,3563.64990234375,14839,0.0,0.0
2025-03-20 12:35:00+05:30,3563.5,3565.10009765625,3563.0,3563.10009765625,15882,0.0,0.0
2025-03-20 12:40:00+05:30,3563.10009765625,3565.0,3562.75,3564.75,14789,0.0,0.0
2025-03-20 12:45:00+05:30,3564.75,3567.5,3563.550048828125,3565.949951171875,14731,0.0,0.0
2025-03-20 12:50:00+05:30,3565.300048828125,3571.60009765625,3565.300048828125,3570.949951171875,26914,0.0,0.0
2025-03-20 12:55:00+05:30,3570.050048828125,3572.800048828125,3570.0,3570.0,27918,0.0,0.0
2025-03-20 13:00:00+05:30,3570.0,3570.449951171875,3562.60009765625,3563.0,26252,0.0,0.0
2025-03-20 13:05:00+05:30,3563.5,3566.60009765625,3562.199951171875,3563.800048828125,21179,0.0,0.0
2025-03-20 13:10:00+05:30,3563.800048828125,3570.0,3563.35009765625,3567.949951171875,17701,0.0,0.0
2025-03-20 13:15:00+05:30,3568.75,3570.0,3566.949951171875,3570.0,22354,0.0,0.0
2025-03-20 13:20:00+05:30,3570.0,3571.89990234375,3567.75,3567.75,21812,0.0,0.0
2025-03-20 13:25:00+05:30,3567.800048828125,3569.0,3563.0,3564.60009765625,17731,0.0,0.0
2025-03-20 13:30:00+05:30,3564.39990234375,3568.39990234375,3564.199951171875,3566.949951171875,17843,0.0,0.0
2025-03-20 13:35:00+05:30,3567.300048828125,3570.0,3565.89990234375,3568.10009765625,26346,0.0,0.0
2025-03-20 13:40:00+05:30,3568.10009765625,3568.449951171875,3563.449951171875,3564.449951171875,26657,0.0,0.0
2025-03-20 13:45:00+05:30,3564.39990234375,3565.949951171875,3563.0,3565.0,16658,0.0,0.0
2025-03-20 13:50:00+05:30,3564.89990234375,3566.60009765625,3563.300048828125,3564.89990234375,20148,0.0,0.0
2025-03-20 13:55:00+05:30,3564.89990234375,3565.800048828125,3563.300048828125,3564.300048828125,17735,0.0,0.0
2025-03-20 14:00:00+05:30,3565.10009765625,3565.10009765625,3561.35009765625,3565.10009765625,23496,0.0,0.0
2025-03-20 14:05:00+05:30,3564.300048828125,3566.85009765625,3564.050048828125,3564.35009765625,19507,0.0,0.0
2025-03-20 14:10:00+05:30,3564.64990234375,3566.0,3562.5,3565.0,24481,0.0,0.0
2025-03-20 14:15:00+05:30,3564.800048828125,3565.60009765625,3560.050048828125,3562.449951171875,37862,0.0,0.0
2025-03-20 14:20:00+05:30,3562.699951171875,3564.0,3557.10009765625,3562.89990234375,39565,0.0,0.0
2025-03-20 14:25:00+05:30,3562.89990234375,3565.0,3562.0,3564.550048828125,34100,0.0,0.0
2025-03-20 14:30:00+05:30,3564.550048828125,3565.550048828125,3562.85009765625,3564.050048828125,20628,0.0,0.0
2025-03-20 14:35:00+05:30,3564.050048828125,3567.0,3561.050048828125,3566.10009765625,29217,0.0,0.0
2025-03-20 14:40:00+05:30,3566.10009765625,3568.300048828125,3562.0,3562.0,36016,0.0,0.0
2025-03-20 14:45:00+05:30,3562.5,3564.5,3551.14990234375,3552.199951171875,73927,0.0,0.0
2025-03-20 14:50:00+05:30,3552.14990234375,3559.5,3551.25,3556.699951171875,61498,0.0,0.0
2025-03-20 14:55:00+05:30,3556.949951171875,3561.5,3556.25,3560.449951171875,51277,0.0,0.0
2025-03-20 15:00:00+05:30,3559.64990234375,3560.550048828125,3557.0,3558.050048828125,83464,0.0,0.0
2025-03-20 15:05:00+05:30,3558.050048828125,3566.550048828125,3558.0,3566.550048828125,126857,0.0,0.0
2025-03-20 15:10:00+05:30,3568.800048828125,3568.800048828125,3561.10009765625,3561.5,138534,0.0,0.0
2025-03-20 15:15:00+05:30,3561.300048828125,3565.85009765625,3560.699951171875,3564.949951171875,113055,0.0,0.0
2025-03-20 15:20:00+05:30,3564.60009765625,3566.0,3561.800048828125,3563.85009765625,80524,0.0,0.0
2025-03-20 15:25:00+05:30,3563.89990234375,3564.800048828125,3553.550048828125,3563.14990234375,57372,0.0,0.0
2025-03-21 09:15:00+05:30,3497.949951171875,3502.5,3467.10009765625,3500.449951171875,0,0.0,0.0
2025-03-21 09:20:00+05:30,3502.39990234375,3511.64990234375,3499.39990234375,3507.64990234375,121191,0.0,0.0
2025-03-21 09:25:00+05:30,3507.0,3529.85009765625,3505.39990234375,3526.39990234375,184457,0.0,0.0
2025-03-21 09:30:00+05:30,3526.85009765625,3543.949951171875,3522.0,3541.0,127689,0.0,0.0
2025-03-21 09:35:00+05:30,3541.050048828125,3557.5,3540.14990234375,3551.0,114989,0.0,0.0
2025-03-21 09:40:00+05:30,3550.75,3568.449951171875,3549.0,3567.35009765625,56061,0.0,0.0
2025-03-21 09:45:00+05:30,3566.25,3568.0,3560.89990234375,3561.5,30241,0.0,0.0
2025-03-21 09:50:00+05:30,3560.35009765625,3576.800048828125,3558.050048828125,3575.85009765625,57844,0.0,0.0
2025-03-21 09:55:00+05:30,3576.449951171875,3591.5,3573.89990234375,3587.0,84167,0.0,0.0
2025-03-21 10:00:00+05:30,3586.300048828125,3592.0,3573.050048828125,3575.64990234375,52117,0.0,0.0
2025-03-21 10:05:00+05:30,3576.0,3579.800048828125,3570.300048828125,3576.25,29147,0.0,0.0
2025-03-21 10:10:00+05:30,3576.0,3583.64990234375,3570.5,3570.89990234375,46804,0.0,0.0
2025-03-21 10:15:00+05:30,3570.89990234375,3571.35009765625,3565.300048828125,3569.449951171875,23460,0.0,0.0
2025-03-21 10:20:00+05:30,3569.949951171875,3578.050048828125,3569.699951171875,3577.050048828125,16269,0.0,0.0
2025-03-21 10:25:00+05:30,3577.64990234375,3585.0,3577.5,3584.25,20303,0.0,0.0
2025-03-21 10:30:00+05:30,3584.39990234375,3587.85009765625,3582.699951171875,3584.60009765625,13697,0.0,0.0
2025-03-21 10:35:00+05:30,3584.39990234375,3590.949951171875,3583.0,3589.699951171875,35886,0.0,0.0
2025-03-21 10:40:00+05:30,3589.699951171875,3589.699951171875,3580.199951171875,3582.0,36929,0.0,0.0
2025-03-21 10:45:00+05:30,3582.199951171875,3593.949951171875,3582.10009765625,3593.5,20454,0.0,0.0
2025-03-21 10:50:00+05:30,3593.60009765625,3596.60009765625,3591.0,3594.85009765625,56833,0.0,0.0
2025-03-21 10:55:00+05:30,3594.050048828125,3595.050048828125,3585.14990234375,3588.199951171875,21780,0.0,0.0
2025-03-21 11:00:00+05:30,3588.199951171875,3590.949951171875,3587.60009765625,3590.89990234375,13873,0.0,0.0
2025-03-21 11:05:00+05:30,3590.89990234375,3594.5,3588.10009765625,3589.550048828125,20425,0.0,0.0
2025-03-21 11:10:00+05:30,3589.85009765625,3591.050048828125,3587.0,3588.199951171875,19798,0.0,0.0
2025-03-21 11:15:00+05:30,3588.449951171875,3596.550048828125,3588.0,3596.550048828125,22290,0.0,0.0
2025-03-21 11:20:00+05:30,3596.85009765625,3605.39990234375,3596.85009765625,3601.25,40310,0.0,0.0
2025-03-21 11:25:00+05:30,3601.050048828125,3601.449951171875,3597.14990234375,3599.0,16579,0.0,0.0
2025-03-21 11:30:00+05:30,3599.39990234375,3600.0,3597.25,3598.39990234375,11567,0.0,0.0
2025-03-21 11:35:00+05:30,3598.550048828125,3601.550048828125,3597.10009765625,3599.75,14962,0.0,0.0
2025-03-21 11:40:00+05:30,3599.75,3600.14990234375,3589.64990234375,3594.5,21687,0.0,0.0
2025-03-21 11:45:00+05:30,3592.949951171875,3594.0,3589.35009765625,3590.89990234375,15096,0.0,0.0
2025-03-21 11:50:00+05:30,3590.800048828125,3594.699951171875,3590.550048828125,3594.0,7693,0.0,0.0
2025-03-21 11:55:00+05:30,3594.0,3597.14990234375,3592.699951171875,3593.449951171875,12390,0.0,0.0
2025-03-21 12:00:00+05:30,3593.39990234375,3595.050048828125,3591.699951171875,3593.0,11771,0.0,0.0
2025-03-21 12:05:00+05:30,3593.0,3595.10009765625,3591.5,3594.25,14154,0.0,0.0
2025-03-21 12:10:00+05:30,3594.89990234375,3594.89990234375,3588.800048828125,3589.14990234375,11815,0.0,0.0
2025-03-21 12:15:00+05:30,3590.0,3590.10009765625,3585.14990234375,3587.60009765625,17039,0.0,0.0
2025-03-21 12:20:00+05:30,3588.10009765625,3596.89990234375,3587.39990234375,3593.949951171875,14344,0.0,0.0
2025-03-21 12:25:00+05:30,3593.5,3609.199951171875,3593.5,3608.800048828125,47348,0.0,0.0
2025-03-21 12:30:00+05:30,3608.800048828125,3612.300048828125,3604.0,3608.85009765625,45299,0.0,0.0
2025-03-21 12:35:00+05:30,3608.85009765625,3616.0,3608.25,3610.800048828125,30863,0.0,0.0
2025-03-21 12:40:00+05:30,3610.0,3611.550048828125,3606.0,3608.949951171875,19514,0.0,0.0
2025-03-21 12:45:00+05:30,3608.949951171875,3608.949951171875,3602.300048828125,3604.39990234375,20315,0.0,0.0
2025-03-21 12:50:00+05:30,3604.39990234375,3610.0,3603.25,3606.89990234375,15211,0.0,0.0
2025-03-21 12:55:00+05:30,3606.89990234375,3609.85009765625,3604.800048828125,3606.550048828125,19740,0.0,0.0
2025-03-21 13:00:00+05:30,3605.14990234375,3609.5,3603.449951171875,3605.550048828125,18498,0.0,0.0
2025-03-21 13:05:00+05:30,3604.39990234375,3605.550048828125,3602.449951171875,3604.5,21557,0.0,0.0
2025-03-21 13:10:00+05:30,3604.949951171875,3606.75,3600.0,3601.5,22210,0.0,0.0
2025-03-21 13:15:00+05:30,3600.550048828125,3602.39990234375,3596.75,3599.5,24650,0.0,0.0
2025-03-21 13:20:00+05:30,3599.5,3602.0,3597.300048828125,3601.199951171875,22350,0.0,0.0
2025-03-21 13:25:00+05:30,3600.550048828125,3601.0,3595.39990234375,3597.449951171875,25220,0.0,0.0
2025-03-21 13:30:00+05:30,3597.199951171875,3598.0,3588.25,3591.60009765625,26458,0.0,0.0
2025-03-21 13:35:00+05:30,3591.35009765625,3591.449951171875,3586.25,3589.60009765625,25147,0.0,0.0
2025-03-21 13:40:00+05:30,3589.550048828125,3594.75,3584.0,3589.64990234375,31383,0.0,0.0
2025-03-21 13:45:00+05:30,3590.699951171875,3590.699951171875,3580.85009765625,3581.10009765625,26182,0.0,0.0
2025-03-21 13:50:00+05:30,3581.35009765625,3584.699951171875,3574.0,3574.550048828125,37070,0.0,0.0
2025-03-21 13:55:00+05:30,3574.550048828125,3583.0,3572.10009765625,3582.60009765625,29022,0.0,0.0
2025-03-21 14:00:00+05:30,3582.550048828125,3591.39990234375,3580.550048828125,3590.35009765625,49606,0.0,0.0
2025-03-21 14:05:00+05:30,3590.85009765625,3593.300048828125,3589.39990234375,3592.550048828125,45244,0.0,0.0
2025-03-21 14:10:00+05:30,3592.550048828125,3594.75,3590.35009765625,3592.64990234375,19484,0.0,0.0
2025-03-21 14:15:00+05:30,3592.85009765625,3594.949951171875,3590.89990234375,3593.0,17319,0.0,0.0
2025-03-21 14:20:00+05:30,3593.0,3596.300048828125,3591.449951171875,3594.75,24684,0.0,0.0
2025-03-21 14:25:00+05:30,3594.800048828125,3601.85009765625,3593.800048828125,3600.0,90181,0.0,0.0
2025-03-21 14:30:00+05:30,3600.89990234375,3601.199951171875,3597.5,3598.10009765625,34868,0.0,0.0
2025-03-21 14:35:00+05:30,3598.050048828125,3598.10009765625,3594.5,3596.10009765625,24911,0.0,0.0
2025-03-21 14:40:00+05:30,3596.0,3597.199951171875,3594.0,3595.39990234375,21592,0.0,0.0
2025-03-21 14:45:00+05:30,3594.75,3594.75,3588.0,3591.39990234375,32290,0.0,0.0
2025-03-21 14:50:00+05:30,3590.14990234375,3592.699951171875,3590.0,3590.35009765625,28464,0.0,0.0
2025-03-21 14:55:00+05:30,3590.050048828125,3592.89990234375,3586.14990234375,3587.550048828125,30186,0.0,0.0
2025-03-21 15:00:00+05:30,3587.550048828125,3589.35009765625,3576.0,3576.800048828125,234657,0.0,0.0
2025-03-21 15:05:00+05:30,3576.25,3580.550048828125,3575.35009765625,3577.35009765625,214760,0.0,0.0
2025-03-21 15:10:00+05:30,3577.35009765625,3582.949951171875,3576.050048828125,3578.0,210728,0.0,0.0
2025-03-21 15:15:00+05:30,3578.10009765625,3578.60009765625,3576.35009765625,3577.39990234375,197903,0.0,0.0
2025-03-21 15:20:00+05:30,3577.39990234375,3577.85009765625,3575.60009765625,3576.75,146616,0.0,0.0
2025-03-21 15:25:00+05:30,3576.699951171875,3578.60009765625,3576.25,3578.10009765625,156190,0.0,0.0
2025-03-24 09:15:00+05:30,3595.550048828125,3608.0,3586.449951171875,3594.449951171875,0,0.0,0.0
2025-03-24 09:20:00+05:30,3594.0,3605.449951171875,3587.25,3599.14990234375,44982,0.0,0.0
2025-03-24 09:25:00+05:30,3599.60009765625,3599.699951171875,3579.0,3581.949951171875,40471,0.0,0.0
2025-03-24 09:30:00+05:30,3581.800048828125,3581.800048828125,3566.60009765625,3576.5,43433,0.0,0.0
2025-03-24 09:35:00+05:30,3576.699951171875,3584.85009765625,3572.60009765625,3580.85009765625,27787,0.0,0.0
2025-03-24 09:40:00+05:30,3580.85009765625,3589.35009765625,3577.800048828125,3579.64990234375,36068,0.0,0.0
2025-03-24 09:45:00+05:30,3579.949951171875,3587.199951171875,3579.75,3586.949951171875,17655,0.0,0.0
2025-03-24 09:50:00+05:30,3586.89990234375,3589.89990234375,3584.85009765625,3585.64990234375,17075,0.0,0.0
2025-03-24 09:55:00+05:30,3586.300048828125,3596.25,3586.300048828125,3595.5,27395,0.0,0.0
2025-03-24 10:00:00+05:30,3594.89990234375,3599.800048828125,3592.64990234375,3599.800048828125,33082,0.0,0.0
2025-03-24 10:05:00+05:30,3599.449951171875,3605.0,3597.199951171875,3605.0,21177,0.0,0.0
2025-03-24 10:10:00+05:30,3605.0,3607.64990234375,3602.14990234375,3607.35009765625,24389,0.0,0.0
2025-03-24 10:15:00+05:30,3606.35009765625,3610.0,3604.199951171875,3607.5,22962,0.0,0.0
2025-03-24 10:20:00+05:30,3608.0,3608.0,3600.0,3602.39990234375,33004,0.0,0.0
2025-03-24 10:25:00+05:30,3602.199951171875,3607.0,3602.199951171875,3605.949951171875,16161,0.0,0.0
2025-03-24 10:30:00+05:30,3605.949951171875,3605.949951171875,3601.0,3601.10009765625,13651,0.0,0.0
2025-03-24 10:35:00+05:30,3600.60009765625,3603.0,3600.60009765625,3601.449951171875,13529,0.0,0.0
2025-03-24 10:40:00+05:30,3601.64990234375,3601.85009765625,3595.10009765625,3597.199951171875,21481,0.0,0.0
2025-03-24 10:45:00+05:30,3597.199951171875,3603.0,3597.199951171875,3602.64990234375,11095,0.0,0.0
2025-03-24 10:50:00+05:30,3602.699951171875,3605.0,3601.449951171875,3602.60009765625,14979,0.0,0.0
2025-03-24 10:55:00+05:30,3603.0,3605.550048828125,3598.5,3605.550048828125,23080,0.0,0.0
2025-03-24 11:00:00+05:30,3605.60009765625,3609.60009765625,3602.75,3608.10009765625,26723,0.0,0.0
2025-03-24 11:05:00+05:30,3608.35009765625,3608.449951171875,3603.25,3603.699951171875,10113,0.0,0.0
2025-03-24 11:10:00+05:30,3603.199951171875,3604.39990234375,3601.050048828125,3603.300048828125,6737,0.0,0.0
2025-03-24 11:15:00+05:30,3603.300048828125,3604.300048828125,3601.0,3602.85009765625,12996,0.0,0.0
2025-03-24 11:20:00+05:30,3603.0,3604.949951171875,3600.5,3602.800048828125,13347,0.0,0.0
2025-03-24 11:25:00+05:30,3603.0,3609.89990234375,3602.800048828125,3609.800048828125,17585,0.0,0.0
2025-03-24 11:30:00+05:30,3610.0,3611.0,3604.64990234375,3606.5,30165,0.0,0.0
2025-03-24 11:35:00+05:30,3606.35009765625,3608.0,3598.5,3599.10009765625,12792,0.0,0.0
2025-03-24 11:40:00+05:30,3599.39990234375,3600.699951171875,3593.5,3595.800048828125,17521,0.0,0.0
2025-03-24 11:45:00+05:30,3596.0,3599.14990234375,3596.0,3598.050048828125,11100,0.0,0.0
2025-03-24 11:50:00+05:30,3597.10009765625,3600.0,3596.699951171875,3599.800048828125,12481,0.0,0.0
2025-03-24 11:55:00+05:30,3599.85009765625,3603.0,3598.25,3602.300048828125,16816,0.0,0.0
2025-03-24 12:00:00+05:30,3603.0,3603.0,3601.5,3601.949951171875,13135,0.0,0.0
2025-03-24 12:05:00+05:30,3601.949951171875,3602.89990234375,3600.0,3601.550048828125,10932,0.0,0.0
2025-03-24 12:10:00+05:30,3601.550048828125,3602.5,3601.0,3601.10009765625,10839,0.0,0.0
2025-03-24 12:15:00+05:30,3600.199951171875,3605.0,3600.199951171875,3603.10009765625,17403,0.0,0.0
2025-03-24 12:20:00+05:30,3603.10009765625,3603.89990234375,3600.89990234375,3602.64990234375,11196,0.0,0.0
2025-03-24 12:25:00+05:30,3602.64990234375,3606.0,3602.60009765625,3606.0,16017,0.0,0.0
2025-03-24 12:30:00+05:30,3606.5,3607.800048828125,3603.550048828125,3604.75,22547,0.0,0.0
2025-03-24 12:35:00+05:30,3604.949951171875,3607.699951171875,3604.699951171875,3607.050048828125,11078,0.0,0.0
2025-03-24 12:40:00+05:30,3606.949951171875,3608.0,3605.0,3607.75,11969,0.0,0.0
2025-03-24 12:45:00+05:30,3608.39990234375,3611.85009765625,3607.550048828125,3611.85009765625,27808,0.0,0.0
2025-03-24 12:50:00+05:30,3611.64990234375,3618.0,3609.0,3618.0,21190,0.0,0.0
2025-03-24 12:55:00+05:30,3617.949951171875,3620.0,3611.60009765625,3620.0,21665,0.0,0.0
2025-03-24 13:00:00+05:30,3619.949951171875,3621.39990234375,3618.0,3620.25,23215,0.0,0.0
2025-03-24 13:05:00+05:30,3619.800048828125,3632.75,3619.0,3632.75,43793,0.0,0.0
2025-03-24 13:10:00+05:30,3632.10009765625,3639.35009765625,3630.64990234375,3639.300048828125,32261,0.0,0.0
2025-03-24 13:15:00+05:30,3639.449951171875,3642.699951171875,3635.0,3635.89990234375,31346,0.0,0.0
2025-03-24 13:20:00+05:30,3636.0,3637.050048828125,3631.25,3633.89990234375,17375,0.0,0.0
2025-03-24 13:25:00+05:30,3634.449951171875,3639.5,3633.0,3637.89990234375,18718,0.0,0.0
2025-03-24 13:30:00+05:30,3638.39990234375,3640.0,3636.5,3638.300048828125,17739,0.0,0.0
2025-03-24 13:35:00+05:30,3639.0,3639.60009765625,3635.0,3637.949951171875,14468,0.0,0.0
2025-03-24 13:40:00+05:30,3638.60009765625,3641.60009765625,3637.14990234375,3638.050048828125,19323,0.0,0.0
2025-03-24 13:45:00+05:30,3638.050048828125,3638.5,3630.699951171875,3633.60009765625,20808,0.0,0.0
2025-03-24 13:50:00+05:30,3632.75,3636.699951171875,3632.75,3635.949951171875,13691,0.0,0.0
2025-03-24 13:55:00+05:30,3636.5,3640.0,3635.0,3639.949951171875,13842,0.0,0.0
2025-03-24 14:00:00+05:30,3640.10009765625,3648.89990234375,3639.949951171875,3647.35009765625,28785,0.0,0.0
2025-03-24 14:05:00+05:30,3647.5,3648.0,3639.199951171875,3641.75,28481,0.0,0.0
2025-03-24 14:10:00+05:30,3640.949951171875,3647.39990234375,3640.949951171875,3646.75,17168,0.0,0.0
2025-03-24 14:15:00+05:30,3646.89990234375,3649.699951171875,3644.75,3647.0,21998,0.0,0.0
2025-03-24 14:20:00+05:30,3647.0,3649.550048828125,3642.050048828125,3648.89990234375,27348,0.0,0.0
2025-03-24 14:25:00+05:30,3648.949951171875,3649.75,3638.10009765625,3639.89990234375,26416,0.0,0.0
2025-03-24 14:30:00+05:30,3639.949951171875,3643.14990234375,3637.550048828125,3640.199951171875,25939,0.0,0.0
2025-03-24 14:35:00+05:30,3640.89990234375,3641.85009765625,3637.35009765625,3640.0,27776,0.0,0.0
2025-03-24 14:40:00+05:30,3640.0,3642.0,3638.10009765625,3640.75,20526,0.0,0.0
2025-03-24 14:45:00+05:30,3640.699951171875,3642.550048828125,3637.0,3637.949951171875,24813,0.0,0.0
2025-03-24 14:50:00+05:30,3638.0,3640.0,3634.550048828125,3639.64990234375,22583,0.0,0.0
2025-03-24 14:55:00+05:30,3640.0,3640.800048828125,3635.25,3637.050048828125,24791,0.0,0.0
2025-03-24 15:00:00+05:30,3636.5,3636.5,3625.64990234375,3626.0,53701,0.0,0.0
2025-03-24 15:05:00+05:30,3626.0,3630.39990234375,3623.800048828125,3630.0,45126,0.0,0.0
2025-03-24 15:10:00+05:30,3630.0,3630.0,3626.550048828125,3629.699951171875,39122,0.0,0.0
2025-03-24 15:15:00+05:30,3629.699951171875,3631.25,3629.64990234375,3630.699951171875,39715,0.0,0.0
2025-03-24 15:20:00+05:30,3630.550048828125,3630.949951171875,3627.800048828125,3629.85009765625,41240,0.0,0.0
2025-03-24 15:25:00+05:30,3629.85009765625,3633.89990234375,3626.0,3628.949951171875,38071,0.0,0.0
2025-03-25 09:15:00+05:30,3650.0,3690.800048828125,3650.0,3683.60009765625,0,0.0,0.0
2025-03-25 09:20:00+05:30,3686.25,3694.0,3667.10009765625,3668.64990234375,150721,0.0,0.0
2025-03-25 09:25:00+05:30,3668.64990234375,3692.0,3667.25,3690.550048828125,81262,0.0,0.0
2025-03-25 09:30:00+05:30,3690.35009765625,3695.5,3687.0,3690.050048828125,85782,0.0,0.0
2025-03-25 09:35:00+05:30,3690.699951171875,3696.800048828125,3684.64990234375,3687.89990234375,91024,0.0,0.0
2025-03-25 09:40:00+05:30,3688.39990234375,3697.35009765625,3685.89990234375,3696.699951171875,71293,0.0,0.0
2025-03-25 09:45:00+05:30,3696.550048828125,3703.800048828125,3693.300048828125,3696.800048828125,74956,0.0,0.0
2025-03-25 09:50:00+05:30,3696.800048828125,3708.699951171875,3696.800048828125,3707.60009765625,69563,0.0,0.0
2025-03-25 09:55:00+05:30,3707.60009765625,3709.89990234375,3702.050048828125,3705.10009765625,80489,0.0,0.0
2025-03-25 10:00:00+05:30,3705.10009765625,3707.5,3682.35009765625,3686.10009765625,60021,0.0,0.0
2025-03-25 10:05:00+05:30,3687.60009765625,3691.64990234375,3685.0,3686.0,26092,0.0,0.0
2025-03-25 10:10:00+05:30,3688.199951171875,3688.949951171875,3675.0,3675.89990234375,46994,0.0,0.0
2025-03-25 10:15:00+05:30,3675.699951171875,3687.0,3673.14990234375,3681.89990234375,40585,0.0,0.0
2025-03-25 10:20:00+05:30,3682.75,3693.0,3682.39990234375,3690.0,62041,0.0,0.0
2025-03-25 10:25:00+05:30,3690.10009765625,3691.5,3685.0,3685.800048828125,18648,0.0,0.0
2025-03-25 10:30:00+05:30,3685.949951171875,3686.14990234375,3677.10009765625,3678.0,28085,0.0,0.0
2025-03-25 10:35:00+05:30,3678.10009765625,3678.10009765625,3656.64990234375,3661.949951171875,62947,0.0,0.0
2025-03-25 10:40:00+05:30,3661.949951171875,3664.949951171875,3650.050048828125,3664.699951171875,49684,0.0,0.0
2025-03-25 10:45:00+05:30,3664.800048828125,3665.0,3657.14990234375,3661.89990234375,18982,0.0,0.0
2025-03-25 10:50:00+05:30,3660.800048828125,3661.64990234375,3652.39990234375,3655.10009765625,17599,0.0,0.0
2025-03-25 10:55:00+05:30,3654.89990234375,3659.39990234375,3639.0,3656.5,40620,0.0,0.0
2025-03-25 11:00:00+05:30,3656.75,3659.60009765625,3650.0,3654.0,25738,0.0,0.0
2025-03-25 11:05:00+05:30,3654.0,3661.85009765625,3651.0,3656.75,33918,0.0,0.0
2025-03-25 11:10:00+05:30,3655.800048828125,3663.60009765625,3655.800048828125,3660.800048828125,57260,0.0,0.0
2025-03-25 11:15:00+05:30,3660.0,3668.800048828125,3660.0,3667.25,34453,0.0,0.0
2025-03-25 11:20:00+05:30,3666.800048828125,3670.0,3662.5,3670.0,40722,0.0,0.0
2025-03-25 11:25:00+05:30,3668.85009765625,3670.0,3655.0,3659.0,26286,0.0,0.0
2025-03-25 11:30:00+05:30,3659.699951171875,3664.85009765625,3659.050048828125,3661.35009765625,11517,0.0,0.0
2025-03-25 11:35:00+05:30,3660.64990234375,3664.10009765625,3654.300048828125,3655.199951171875,13586,0.0,0.0
2025-03-25 11:40:00+05:30,3655.050048828125,3660.35009765625,3654.10009765625,3658.0,13517,0.0,0.0
2025-03-25 11:45:00+05:30,3658.5,3663.449951171875,3657.800048828125,3657.85009765625,12494,0.0,0.0
2025-03-25 11:50:00+05:30,3657.10009765625,3664.0,3655.800048828125,3664.0,13088,0.0,0.0
2025-03-25 11:55:00+05:30,3664.300048828125,3670.0,3660.0,3670.0,16818,0.0,0.0
2025-03-25 12:00:00+05:30,3672.0,3677.75,3672.0,3676.0,27809,0.0,0.0
2025-03-25 12:05:00+05:30,3675.89990234375,3678.0,3670.449951171875,3676.25,21604,0.0,0.0
2025-03-25 12:10:00+05:30,3676.050048828125,3676.25,3669.0,3672.949951171875,16973,0.0,0.0
2025-03-25 12:15:00+05:30,3673.0,3676.25,3670.550048828125,3672.5,12740,0.0,0.0
2025-03-25 12:20:00+05:30,3672.89990234375,3679.699951171875,3671.25,3678.0,17088,0.0,0.0
2025-03-25 12:25:00+05:30,3678.0,3679.14990234375,3674.800048828125,3679.0,15998,0.0,0.0
2025-03-25 12:30:00+05:30,3678.64990234375,3681.0,3676.199951171875,3677.949951171875,18123,0.0,0.0
2025-03-25 12:35:00+05:30,3677.25,3680.449951171875,3675.85009765625,3680.449951171875,12764,0.0,0.0
2025-03-25 12:40:00+05:30,3680.64990234375,3684.0,3678.0,3682.550048828125,21176,0.0,0.0
2025-03-25 12:45:00+05:30,3682.5,3685.0,3680.050048828125,3684.60009765625,15467,0.0,0.0
2025-03-25 12:50:00+05:30,3684.75,3686.0,3673.550048828125,3673.800048828125,24726,0.0,0.0
2025-03-25 12:55:00+05:30,3674.10009765625,3678.10009765625,3674.050048828125,3674.85009765625,18288,0.0,0.0
2025-03-25 13:00:00+05:30,3675.449951171875,3675.75,3666.64990234375,3669.0,23832,0.0,0.0
2025-03-25 13:05:00+05:30,3668.0,3670.39990234375,3666.0,3669.949951171875,15146,0.0,0.0
2025-03-25 13:10:00+05:30,3669.949951171875,3670.25,3665.0,3666.60009765625,13475,0.0,0.0
2025-03-25 13:15:00+05:30,3666.10009765625,3666.60009765625,3660.5,3663.300048828125,20297,0.0,0.0
2025-03-25 13:20:00+05:30,3663.60009765625,3672.0,3661.5,3671.64990234375,12817,0.0,0.0
2025-03-25 13:25:00+05:30,3671.64990234375,3672.85009765625,3667.550048828125,3668.5,14947,0.0,0.0
2025-03-25 13:30:00+05:30,3669.60009765625,3671.64990234375,3666.60009765625,3669.449951171875,17544,0.0,0.0
2025-03-25 13:35:00+05:30,3670.0,3680.0,3669.449951171875,3679.75,28072,0.0,0.0
2025-03-25 13:40:00+05:30,3680.0,3681.75,3677.75,3678.050048828125,9602,0.0,0.0
2025-03-25 13:45:00+05:30,3678.0,3678.199951171875,3675.25,3677.300048828125,11154,0.0,0.0
2025-03-25 13:50:00+05:30,3678.5,3678.64990234375,3674.0,3677.89990234375,12774,0.0,0.0
2025-03-25 13:55:00+05:30,3677.89990234375,3678.0,3674.300048828125,3677.75,9830,0.0,0.0
2025-03-25 14:00:00+05:30,3677.800048828125,3677.89990234375,3673.89990234375,3677.449951171875,22219,0.0,0.0
2025-03-25 14:05:00+05:30,3677.449951171875,3678.10009765625,3673.800048828125,3674.449951171875,14907,0.0,0.0
2025-03-25 14:10:00+05:30,3675.35009765625,3676.14990234375,3671.60009765625,3672.949951171875,15162,0.0,0.0
2025-03-25 14:15:00+05:30,3672.949951171875,3675.449951171875,3668.85009765625,3669.85009765625,17118,0.0,0.0
2025-03-25 14:20:00+05:30,3669.949951171875,3673.75,3668.35009765625,3670.0,24985,0.0,0.0
2025-03-25 14:25:00+05:30,3670.300048828125,3673.050048828125,3667.050048828125,3669.0,25469,0.0,0.0
2025-03-25 14:30:00+05:30,3669.5,3670.85009765625,3666.60009765625,3670.199951171875,23378,0.0,0.0
2025-03-25 14:35:00+05:30,3670.300048828125,3674.449951171875,3669.800048828125,3673.25,34385,0.0,0.0
2025-03-25 14:40:00+05:30,3673.10009765625,3674.35009765625,3669.14990234375,3670.14990234375,26600,0.0,0.0
2025-03-25 14:45:00+05:30,3670.10009765625,3675.75,3667.14990234375,3675.75,45657,0.0,0.0
2025-03-25 14:50:00+05:30,3677.050048828125,3678.949951171875,3664.699951171875,3668.300048828125,52945,0.0,0.0
2025-03-25 14:55:00+05:30,3668.25,3672.64990234375,3666.0,3671.199951171875,44879,0.0,0.0
2025-03-25 15:00:00+05:30,3671.949951171875,3671.949951171875,3661.89990234375,3665.0,133400,0.0,0.0
2025-03-25 15:05:00+05:30,3665.14990234375,3665.14990234375,3659.89990234375,3662.949951171875,98785,0.0,0.0
2025-03-25 15:10:00+05:30,3663.85009765625,3664.699951171875,3657.14990234375,3661.64990234375,101563,0.0,0.0
2025-03-25 15:15:00+05:30,3660.89990234375,3661.85009765625,3651.5,3653.050048828125,120100,0.0,0.0
2025-03-25 15:20:00+05:30,3652.60009765625,3652.64990234375,3643.800048828125,3644.449951171875,88818,0.0,0.0
2025-03-25 15:25:00+05:30,3644.949951171875,3657.75,3638.550048828125,3657.75,71191,0.0,0.0
2025-03-26 09:15:00+05:30,3657.60009765625,3670.050048828125,3640.10009765625,3669.10009765625,0,0.0,0.0
2025-03-26 09:20:00+05:30,3667.800048828125,3672.0,3660.0,3668.5,45244,0.0,0.0
2025-03-26 09:25:00+05:30,3668.5,3671.39990234375,3654.0,3656.5,21571,0.0,0.0
2025-03-26 09:30:00+05:30,3657.949951171875,3664.550048828125,3654.5,3656.199951171875,24864,0.0,0.0
2025-03-26 09:35:00+05:30,3656.60009765625,3664.949951171875,3656.199951171875,3659.60009765625,17673,0.0,0.0
2025-03-26 09:40:00+05:30,3663.0,3664.949951171875,3655.10009765625,3656.550048828125,18578,0.0,0.0
2025-03-26 09:45:00+05:30,3656.64990234375,3657.89990234375,3646.050048828125,3655.25,31484,0.0,0.0
2025-03-26 09:50:00+05:30,3655.199951171875,3658.0,3650.0,3651.85009765625,14626,0.0,0.0
2025-03-26 09:55:00+05:30,3651.85009765625,3664.64990234375,3651.800048828125,3660.0,22566,0.0,0.0
2025-03-26 10:00:00+05:30,3661.0,3663.0,3656.35009765625,3658.199951171875,11781,0.0,0.0
2025-03-26 10:05:00+05:30,3657.449951171875,3660.0,3653.60009765625,3659.89990234375,10476,0.0,0.0
2025-03-26 10:10:00+05:30,3659.60009765625,3664.199951171875,3658.800048828125,3661.949951171875,11860,0.0,0.0
2025-03-26 10:15:00+05:30,3662.300048828125,3668.0,3660.050048828125,3666.0,14458,0.0,0.0
2025-03-26 10:20:00+05:30,3665.89990234375,3665.89990234375,3661.39990234375,3661.64990234375,11421,0.0,0.0
2025-03-26 10:25:00+05:30,3661.60009765625,3668.0,3661.0,3662.39990234375,11785,0.0,0.0
2025-03-26 10:30:00+05:30,3662.449951171875,3664.60009765625,3657.10009765625,3661.800048828125,24140,0.0,0.0
2025-03-26 10:35:00+05:30,3663.0,3667.89990234375,3663.0,3665.050048828125,12980,0.0,0.0
2025-03-26 10:40:00+05:30,3665.050048828125,3667.300048828125,3661.60009765625,3666.300048828125,8677,0.0,0.0
2025-03-26 10:45:00+05:30,3667.89990234375,3678.0,3666.10009765625,3676.89990234375,35355,0.0,0.0
2025-03-26 10:50:00+05:30,3676.85009765625,3680.5,3672.699951171875,3677.0,55042,0.0,0.0
2025-03-26 10:55:00+05:30,3676.949951171875,3679.300048828125,3672.0,3673.25,27142,0.0,0.0
2025-03-26 11:00:00+05:30,3673.25,3674.050048828125,3660.699951171875,3664.14990234375,31931,0.0,0.0
2025-03-26 11:05:00+05:30,3663.949951171875,3667.0,3663.949951171875,3665.5,11665,0.0,0.0
2025-03-26 11:10:00+05:30,3665.5,3667.449951171875,3661.10009765625,3665.14990234375,9840,0.0,0.0
2025-03-26 11:15:00+05:30,3665.14990234375,3668.0,3663.199951171875,3665.35009765625,8158,0.0,0.0
2025-03-26 11:20:00+05:30,3665.300048828125,3667.199951171875,3658.300048828125,3662.39990234375,18980,0.0,0.0
2025-03-26 11:25:00+05:30,3662.39990234375,3666.5,3661.800048828125,3664.10009765625,11071,0.0,0.0
2025-03-26 11:30:00+05:30,3664.5,3666.949951171875,3662.85009765625,3665.0,9611,0.0,0.0
2025-03-26 11:35:00+05:30,3664.64990234375,3667.0,3662.85009765625,3665.39990234375,6917,0.0,0.0
2025-03-26 11:40:00+05:30,3665.050048828125,3665.89990234375,3663.0,3665.050048828125,9336,0.0,0.0
2025-03-26 11:45:00+05:30,3665.60009765625,3665.60009765625,3659.300048828125,3665.0,16172,0.0,0.0
2025-03-26 11:50:00+05:30,3664.60009765625,3668.0,3663.35009765625,3664.75,11521,0.0,0.0
2025-03-26 11:55:00+05:30,3664.85009765625,3664.85009765625,3659.550048828125,3660.0,66546,0.0,0.0
2025-03-26 12:00:00+05:30,3660.5,3662.75,3656.699951171875,3657.050048828125,27623,0.0,0.0
2025-03-26 12:05:00+05:30,3657.0,3664.699951171875,3657.0,3661.550048828125,15302,0.0,0.0
2025-03-26 12:10:00+05:30,3661.75,3666.60009765625,3660.0,3663.300048828125,12768,0.0,0.0
2025-03-26 12:15:00+05:30,3663.199951171875,3664.89990234375,3661.699951171875,3664.10009765625,8293,0.0,0.0
2025-03-26 12:20:00+05:30,3663.85009765625,3666.0,3663.39990234375,3664.39990234375,10208,0.0,0.0
2025-03-26 12:25:00+05:30,3664.39990234375,3669.699951171875,3664.39990234375,3668.699951171875,9241,0.0,0.0
2025-03-26 12:30:00+05:30,3669.0,3670.0,3667.050048828125,3668.85009765625,7095,0.0,0.0
2025-03-26 12:35:00+05:30,3668.800048828125,3670.0,3668.10009765625,3668.10009765625,7267,0.0,0.0
2025-03-26 12:40:00+05:30,3669.0,3671.39990234375,3668.64990234375,3670.5,8600,0.0,0.0
2025-03-26 12:45:00+05:30,3670.550048828125,3673.949951171875,3670.050048828125,3672.300048828125,10003,0.0,0.0
2025-03-26 12:50:00+05:30,3672.5,3672.699951171875,3669.800048828125,3669.89990234375,8600,0.0,0.0
2025-03-26 12:55:00+05:30,3669.85009765625,3671.25,3667.39990234375,3668.800048828125,9391,0.0,0.0
2025-03-26 13:00:00+05:30,3668.5,3669.5,3666.699951171875,3667.39990234375,8282,0.0,0.0
2025-03-26 13:05:00+05:30,3667.300048828125,3668.699951171875,3664.39990234375,3665.0,14251,0.0,0.0
2025-03-26 13:10:00+05:30,3664.60009765625,3664.60009765625,3661.75,3661.949951171875,13500,0.0,0.0
2025-03-26 13:15:00+05:30,3661.60009765625,3664.85009765625,3661.60009765625,3661.800048828125,12328,0.0,0.0
2025-03-26 13:20:00+05:30,3661.89990234375,3665.699951171875,3661.10009765625,3661.5,13802,0.0,0.0
2025-03-26 13:25:00+05:30,3662.0,3663.64990234375,3661.10009765625,3662.0,12567,0.0,0.0
2025-03-26 13:30:00+05:30,3663.39990234375,3663.75,3660.0,3660.5,11909,0.0,0.0
2025-03-26 13:35:00+05:30,3661.050048828125,3661.800048828125,3657.800048828125,3657.800048828125,13764,0.0,0.0
2025-03-26 13:40:00+05:30,3658.75,3660.199951171875,3650.199951171875,3651.0,36626,0.0,0.0
2025-03-26 13:45:00+05:30,3650.5,3652.25,3648.10009765625,3648.60009765625,22658,0.0,0.0
2025-03-26 13:50:00+05:30,3648.60009765625,3653.10009765625,3648.0,3649.39990234375,21964,0.0,0.0
2025-03-26 13:55:00+05:30,3649.39990234375,3654.10009765625,3648.199951171875,3654.10009765625,17770,0.0,0.0
2025-03-26 14:00:00+05:30,3654.89990234375,3660.300048828125,3654.199951171875,3659.60009765625,22921,0.0,0.0
2025-03-26 14:05:00+05:30,3659.0,3664.949951171875,3658.64990234375,3662.5,23590,0.0,0.0
2025-03-26 14:10:00+05:30,3662.550048828125,3665.0,3661.60009765625,3663.89990234375,22790,0.0,0.0
2025-03-26 14:15:00+05:30,3664.25,3664.25,3658.050048828125,3659.75,23824,0.0,0.0
2025-03-26 14:20:00+05:30,3659.75,3663.10009765625,3658.85009765625,3661.300048828125,17470,0.0,0.0
2025-03-26 14:25:00+05:30,3661.35009765625,3661.64990234375,3661.0,3661.050048828125,36922,0.0,0.0
2025-03-26 14:30:00+05:30,3661.0,3661.050048828125,3652.35009765625,3656.5,30989,0.0,0.0
2025-03-26 14:35:00+05:30,3657.199951171875,3662.0,3656.5,3660.64990234375,29037,0.0,0.0
2025-03-26 14:40:00+05:30,3661.0,3662.0,3657.0,3658.199951171875,17015,0.0,0.0
2025-03-26 14:45:00+05:30,3658.199951171875,3661.75,3655.0,3658.75,20249,0.0,0.0
2025-03-26 14:50:00+05:30,3658.75,3658.75,3647.050048828125,3647.10009765625,61063,0.0,0.0
2025-03-26 14:55:00+05:30,3646.35009765625,3647.89990234375,3638.75,3641.800048828125,42520,0.0,0.0
2025-03-26 15:00:00+05:30,3642.199951171875,3643.0,3635.0,3636.699951171875,51448,0.0,0.0
2025-03-26 15:05:00+05:30,3637.25,3642.199951171875,3633.949951171875,3642.050048828125,53306,0.0,0.0
2025-03-26 15:10:00+05:30,3642.050048828125,3642.050048828125,3636.10009765625,3638.449951171875,54383,0.0,0.0
2025-03-26 15:15:00+05:30,3638.449951171875,3638.449951171875,3632.89990234375,3633.949951171875,66864,0.0,0.0
2025-03-26 15:20:00+05:30,3633.89990234375,3635.0,3631.0,3634.5,55087,0.0,0.0
2025-03-26 15:25:00+05:30,3634.85009765625,3635.800048828125,3627.0,3635.800048828125,48910,0.0,0.0
2025-03-27 09:15:00+05:30,3615.10009765625,3629.39990234375,3611.25,3625.800048828125,0,0.0,0.0
2025-03-27 09:20:00+05:30,3625.75,3644.5,3618.050048828125,3639.75,42380,0.0,0.0
2025-03-27 09:25:00+05:30,3638.699951171875,3649.800048828125,3631.85009765625,3648.64990234375,42548,0.0,0.0
2025-03-27 09:30:00+05:30,3649.800048828125,3649.800048828125,3628.35009765625,3631.050048828125,34328,0.0,0.0
2025-03-27 09:35:00+05:30,3631.550048828125,3641.60009765625,3626.89990234375,3638.800048828125,11388,0.0,0.0
2025-03-27 09:40:00+05:30,3638.800048828125,3649.0,3636.5,3648.699951171875,12622,0.0,0.0
2025-03-27 09:45:00+05:30,3648.35009765625,3651.64990234375,3640.199951171875,3640.35009765625,17527,0.0,0.0
2025-03-27 09:50:00+05:30,3639.35009765625,3651.0,3638.39990234375,3650.64990234375,10854,0.0,0.0
2025-03-27 09:55:00+05:30,3650.39990234375,3650.64990234375,3643.800048828125,3650.0,11604,0.0,0.0
2025-03-27 10:00:00+05:30,3650.0,3651.949951171875,3647.60009765625,3651.0,9987,0.0,0.0
2025-03-27 10:05:00+05:30,3651.0,3657.64990234375,3650.0,3653.050048828125,20565,0.0,0.0
2025-03-27 10:10:00+05:30,3653.0,3655.25,3648.050048828125,3649.199951171875,12802,0.0,0.0
2025-03-27 10:15:00+05:30,3648.10009765625,3649.64990234375,3642.35009765625,3645.85009765625,15329,0.0,0.0
2025-03-27 10:20:00+05:30,3645.949951171875,3651.949951171875,3645.699951171875,3650.300048828125,8488,0.0,0.0
2025-03-27 10:25:00+05:30,3650.550048828125,3652.0,3646.199951171875,3648.949951171875,8597,0.0,0.0
2025-03-27 10:30:00+05:30,3648.949951171875,3652.85009765625,3635.0,3637.75,10728,0.0,0.0
2025-03-27 10:35:00+05:30,3638.5,3638.5,3634.10009765625,3634.89990234375,9781,0.0,0.0
2025-03-27 10:40:00+05:30,3634.89990234375,3644.0,3632.25,3640.64990234375,9578,0.0,0.0
2025-03-27 10:45:00+05:30,3640.300048828125,3642.550048828125,3638.14990234375,3638.14990234375,4393,0.0,0.0
2025-03-27 10:50:00+05:30,3638.64990234375,3639.0,3635.64990234375,3638.0,4027,0.0,0.0
2025-03-27 10:55:00+05:30,3637.89990234375,3639.449951171875,3636.0,3636.300048828125,3416,0.0,0.0
2025-03-27 11:00:00+05:30,3636.0,3644.64990234375,3636.0,3643.60009765625,11123,0.0,0.0
2025-03-27 11:05:00+05:30,3642.75,3646.60009765625,3639.39990234375,3645.0,21313,0.0,0.0
2025-03-27 11:10:00+05:30,3644.699951171875,3645.64990234375,3637.39990234375,3639.0,29855,0.0,0.0
2025-03-27 11:15:00+05:30,3639.0,3644.35009765625,3638.25,3639.64990234375,33696,0.0,0.0
2025-03-27 11:20:00+05:30,3640.35009765625,3643.85009765625,3639.39990234375,3641.75,6725,0.0,0.0
2025-03-27 11:25:00+05:30,3641.800048828125,3642.5,3640.199951171875,3641.85009765625,5336,0.0,0.0
2025-03-27 11:30:00+05:30,3641.0,3644.0,3640.0,3644.0,4380,0.0,0.0
2025-03-27 11:35:00+05:30,3644.0,3648.85009765625,3643.25,3648.85009765625,4637,0.0,0.0
2025-03-27 11:40:00+05:30,3648.800048828125,3649.89990234375,3645.550048828125,3648.5,9503,0.0,0.0
2025-03-27 11:45:00+05:30,3649.949951171875,3649.949951171875,3644.300048828125,3644.5,8021,0.0,0.0
2025-03-27 11:50:00+05:30,3645.60009765625,3645.949951171875,3640.89990234375,3640.89990234375,6665,0.0,0.0
2025-03-27 11:55:00+05:30,3641.64990234375,3647.64990234375,3641.64990234375,3645.949951171875,19477,0.0,0.0
2025-03-27 12:00:00+05:30,3645.949951171875,3646.5,3642.800048828125,3644.449951171875,45119,0.0,0.0
2025-03-27 12:05:00+05:30,3644.449951171875,3648.89990234375,3641.800048828125,3648.89990234375,14851,0.0,0.0
2025-03-27 12:10:00+05:30,3648.89990234375,3653.949951171875,3646.14990234375,3653.85009765625,33445,0.0,0.0
2025-03-27 12:15:00+05:30,3654.199951171875,3656.75,3652.0,3655.0,43539,0.0,0.0
2025-03-27 12:20:00+05:30,3654.550048828125,3656.0,3653.449951171875,3653.699951171875,9267,0.0,0.0
2025-03-27 12:25:00+05:30,3653.35009765625,3655.550048828125,3651.5,3651.89990234375,27319,0.0,0.0
2025-03-27 12:30:00+05:30,3650.949951171875,3652.64990234375,3647.39990234375,3650.85009765625,8493,0.0,0.0
2025-03-27 12:35:00+05:30,3650.85009765625,3652.5,3648.199951171875,3652.0,11450,0.0,0.0
2025-03-27 12:40:00+05:30,3652.0,3654.199951171875,3650.550048828125,3652.89990234375,11187,0.0,0.0
2025-03-27 12:45:00+05:30,3653.199951171875,3658.550048828125,3651.550048828125,3654.949951171875,18573,0.0,0.0
2025-03-27 12:50:00+05:30,3655.0,3656.64990234375,3652.550048828125,3653.949951171875,14659,0.0,0.0
2025-03-27 12:55:00+05:30,3653.449951171875,3654.85009765625,3651.0,3653.449951171875,20468,0.0,0.0
2025-03-27 13:00:00+05:30,3653.5,3654.800048828125,3650.0,3651.25,21330,0.0,0.0
2025-03-27 13:05:00+05:30,3651.39990234375,3654.300048828125,3648.5,3651.64990234375,22665,0.0,0.0
2025-03-27 13:10:00+05:30,3651.64990234375,3654.5,3649.75,3653.949951171875,16688,0.0,0.0
2025-03-27 13:15:00+05:30,3653.25,3654.75,3649.64990234375,3652.800048828125,40056,0.0,0.0
2025-03-27 13:20:00+05:30,3652.800048828125,3654.85009765625,3650.5,3652.300048828125,14586,0.0,0.0
2025-03-27 13:25:00+05:30,3652.050048828125,3656.0,3651.449951171875,3655.550048828125,14633,0.0,0.0
2025-03-27 13:30:00+05:30,3653.89990234375,3659.85009765625,3653.89990234375,3659.39990234375,13222,0.0,0.0
2025-03-27 13:35:00+05:30,3659.39990234375,3659.800048828125,3653.800048828125,3655.5,20938,0.0,0.0
2025-03-27 13:40:00+05:30,3655.449951171875,3657.75,3655.050048828125,3657.300048828125,10915,0.0,0.0
2025-03-27 13:45:00+05:30,3657.25,3658.25,3655.050048828125,3657.64990234375,25986,0.0,0.0
2025-03-27 13:50:00+05:30,3657.550048828125,3658.5,3655.25,3656.199951171875,15122,0.0,0.0
2025-03-27 13:55:00+05:30,3656.199951171875,3659.199951171875,3653.0,3656.64990234375,34843,0.0,0.0
2025-03-27 14:00:00+05:30,3654.949951171875,3657.89990234375,3653.050048828125,3655.949951171875,57968,0.0,0.0
2025-03-27 14:05:00+05:30,3655.85009765625,3656.949951171875,3652.699951171875,3655.35009765625,22723,0.0,0.0
2025-03-27 14:10:00+05:30,3655.550048828125,3658.199951171875,3654.800048828125,3656.39990234375,28819,0.0,0.0
2025-03-27 14:15:00+05:30,3657.35009765625,3657.39990234375,3653.199951171875,3655.64990234375,40917,0.0,0.0
2025-03-27 14:20:00+05:30,3656.89990234375,3657.64990234375,3655.0,3656.5,18538,0.0,0.0
2025-03-27 14:25:00+05:30,3656.5,3657.0,3653.800048828125,3655.25,18970,0.0,0.0
2025-03-27 14:30:00+05:30,3655.10009765625,3655.199951171875,3646.0,3647.85009765625,30551,0.0,0.0
2025-03-27 14:35:00+05:30,3649.25,3656.85009765625,3645.0,3653.050048828125,63086,0.0,0.0
2025-03-27 14:40:00+05:30,3653.949951171875,3653.949951171875,3648.10009765625,3649.75,36971,0.0,0.0
2025-03-27 14:45:00+05:30,3649.550048828125,3649.60009765625,3639.050048828125,3639.050048828125,33481,0.0,0.0
2025-03-27 14:50:00+05:30,3639.699951171875,3644.0,3637.75,3643.550048828125,20228,0.0,0.0
2025-03-27 14:55:00+05:30,3643.35009765625,3647.949951171875,3643.199951171875,3646.800048828125,26363,0.0,0.0
2025-03-27 15:00:00+05:30,3644.050048828125,3658.800048828125,3642.949951171875,3648.050048828125,185157,0.0,0.0
2025-03-27 15:05:00+05:30,3648.050048828125,3656.800048828125,3647.75,3656.800048828125,208986,0.0,0.0
2025-03-27 15:10:00+05:30,3656.85009765625,3663.0,3648.5,3651.0,198626,0.0,0.0
2025-03-27 15:15:00+05:30,3651.10009765625,3653.449951171875,3647.0,3650.0,200419,0.0,0.0
2025-03-27 15:20:00+05:30,3649.949951171875,3653.550048828125,3646.64990234375,3648.800048828125,162096,0.0,0.0
2025-03-27 15:25:00+05:30,3648.800048828125,3658.800048828125,3639.60009765625,3645.0,106953,0.0,0.0
2025-03-28 09:15:00+05:30,3656.550048828125,3660.300048828125,3632.5,3641.85009765625,0,0.0,0.0
2025-03-28 09:20:00+05:30,3641.85009765625,3648.5,3625.10009765625,3625.10009765625,36294,0.0,0.0
2025-03-28 09:25:00+05:30,3625.949951171875,3625.949951171875,3617.39990234375,3618.85009765625,25690,0.0,0.0
2025-03-28 09:30:00+05:30,3616.39990234375,3624.85009765625,3612.0,3620.85009765625,34747,0.0,0.0
2025-03-28 09:35:00+05:30,3622.0,3624.0,3618.949951171875,3620.10009765625,18750,0.0,0.0
2025-03-28 09:40:00+05:30,3620.699951171875,3621.550048828125,3613.050048828125,3614.25,16499,0.0,0.0
2025-03-28 09:45:00+05:30,3615.0,3615.0,3605.0,3609.199951171875,31692,0.0,0.0
2025-03-28 09:50:00+05:30,3608.10009765625,3616.199951171875,3608.050048828125,3612.85009765625,31337,0.0,0.0
2025-03-28 09:55:00+05:30,3611.60009765625,3615.85009765625,3611.60009765625,3615.85009765625,14801,0.0,0.0
2025-03-28 10:00:00+05:30,3615.199951171875,3616.699951171875,3607.0,3610.050048828125,15906,0.0,0.0
2025-03-28 10:05:00+05:30,3610.699951171875,3611.050048828125,3607.0,3607.25,10459,0.0,0.0
2025-03-28 10:10:00+05:30,3607.699951171875,3607.699951171875,3603.050048828125,3604.300048828125,19669,0.0,0.0
2025-03-28 10:15:00+05:30,3604.25,3615.0,3601.199951171875,3610.14990234375,21857,0.0,0.0
2025-03-28 10:20:00+05:30,3610.89990234375,3611.60009765625,3607.0,3608.64990234375,12277,0.0,0.0
2025-03-28 10:25:00+05:30,3608.64990234375,3610.949951171875,3605.60009765625,3608.25,9317,0.0,0.0
2025-03-28 10:30:00+05:30,3609.199951171875,3622.0,3609.10009765625,3621.89990234375,25436,0.0,0.0
2025-03-28 10:35:00+05:30,3621.550048828125,3624.0,3615.64990234375,3621.60009765625,29497,0.0,0.0
2025-03-28 10:40:00+05:30,3621.60009765625,3624.75,3620.050048828125,3622.10009765625,24558,0.0,0.0
2025-03-28 10:45:00+05:30,3621.199951171875,3628.199951171875,3621.199951171875,3626.800048828125,22265,0.0,0.0
2025-03-28 10:50:00+05:30,3626.5,3632.0,3626.5,3627.35009765625,39799,0.0,0.0
2025-03-28 10:55:00+05:30,3628.300048828125,3632.0,3624.199951171875,3626.050048828125,36913,0.0,0.0
2025-03-28 11:00:00+05:30,3626.550048828125,3630.949951171875,3626.10009765625,3630.0,9416,0.0,0.0
2025-03-28 11:05:00+05:30,3629.550048828125,3630.800048828125,3629.25,3629.949951171875,11454,0.0,0.0
2025-03-28 11:10:00+05:30,3630.0,3630.199951171875,3628.0,3629.0,20098,0.0,0.0
2025-03-28 11:15:00+05:30,3629.10009765625,3629.10009765625,3622.050048828125,3626.050048828125,40494,0.0,0.0
2025-03-28 11:20:00+05:30,3626.050048828125,3630.949951171875,3625.89990234375,3630.0,9826,0.0,0.0
2025-03-28 11:25:00+05:30,3630.0,3630.050048828125,3627.0,3627.10009765625,18293,0.0,0.0
2025-03-28 11:30:00+05:30,3627.10009765625,3630.0,3627.0,3627.60009765625,11454,0.0,0.0
2025-03-28 11:35:00+05:30,3627.14990234375,3635.050048828125,3626.949951171875,3634.449951171875,29306,0.0,0.0
2025-03-28 11:40:00+05:30,3634.0,3634.0,3628.14990234375,3631.35009765625,16173,0.0,0.0
2025-03-28 11:45:00+05:30,3631.14990234375,3631.14990234375,3628.0,3628.949951171875,8886,0.0,0.0
2025-03-28 11:50:00+05:30,3628.25,3630.5,3628.0,3629.14990234375,29685,0.0,0.0
2025-03-28 11:55:00+05:30,3629.14990234375,3629.550048828125,3619.75,3619.75,18571,0.0,0.0
2025-03-28 12:00:00+05:30,3620.050048828125,3620.800048828125,3618.10009765625,3618.60009765625,12442,0.0,0.0
2025-03-28 12:05:00+05:30,3618.5,3623.699951171875,3618.449951171875,3623.0,11580,0.0,0.0
2025-03-28 12:10:00+05:30,3622.35009765625,3623.0,3620.0,3620.60009765625,11747,0.0,0.0
2025-03-28 12:15:00+05:30,3620.449951171875,3621.35009765625,3618.0,3619.949951171875,10113,0.0,0.0
2025-03-28 12:20:00+05:30,3619.25,3620.39990234375,3616.949951171875,3617.64990234375,7501,0.0,0.0
2025-03-28 12:25:00+05:30,3617.050048828125,3618.699951171875,3616.0,3616.39990234375,6244,0.0,0.0
2025-03-28 12:30:00+05:30,3616.39990234375,3616.5,3610.0,3611.300048828125,16478,0.0,0.0
2025-03-28 12:35:00+05:30,3611.300048828125,3611.64990234375,3608.5,3608.60009765625,16951,0.0,0.0
2025-03-28 12:40:00+05:30,3609.5,3609.5,3605.699951171875,3605.699951171875,8298,0.0,0.0
2025-03-28 12:45:00+05:30,3605.050048828125,3607.64990234375,3603.0,3606.050048828125,12779,0.0,0.0
2025-03-28 12:50:00+05:30,3607.39990234375,3610.0,3606.10009765625,3609.0,7503,0.0,0.0
2025-03-28 12:55:00+05:30,3608.800048828125,3610.14990234375,3608.25,3610.14990234375,10413,0.0,0.0
2025-03-28 13:00:00+05:30,3609.699951171875,3611.64990234375,3609.0,3609.0,21113,0.0,0.0
2025-03-28 13:05:00+05:30,3606.39990234375,3607.85009765625,3605.800048828125,3607.0,9096,0.0,0.0
2025-03-28 13:10:00+05:30,3606.800048828125,3608.300048828125,3606.0,3607.64990234375,6882,0.0,0.0
2025-03-28 13:15:00+05:30,3607.64990234375,3607.64990234375,3605.5,3605.64990234375,7707,0.0,0.0
2025-03-28 13:20:00+05:30,3605.64990234375,3606.5,3603.39990234375,3605.75,8001,0.0,0.0
2025-03-28 13:25:00+05:30,3605.14990234375,3606.5,3603.10009765625,3603.10009765625,8075,0.0,0.0
2025-03-28 13:30:00+05:30,3603.199951171875,3607.35009765625,3603.199951171875,3606.75,5299,0.0,0.0
2025-03-28 13:35:00+05:30,3606.75,3609.85009765625,3606.550048828125,3607.64990234375,6565,0.0,0.0
2025-03-28 13:40:00+05:30,3607.14990234375,3607.14990234375,3602.550048828125,3603.0,23061,0.0,0.0
2025-03-28 13:45:00+05:30,3603.0,3603.5,3596.550048828125,3598.0,41292,0.0,0.0
2025-03-28 13:50:00+05:30,3597.550048828125,3602.35009765625,3597.10009765625,3601.35009765625,19507,0.0,0.0
2025-03-28 13:55:00+05:30,3601.699951171875,3605.0,3600.5,3600.800048828125,19245,0.0,0.0
2025-03-28 14:00:00+05:30,3600.199951171875,3600.800048828125,3596.449951171875,3599.949951171875,26834,0.0,0.0
2025-03-28 14:05:00+05:30,3599.0,3602.050048828125,3598.300048828125,3600.85009765625,26293,0.0,0.0
2025-03-28 14:10:00+05:30,3600.39990234375,3604.550048828125,3599.35009765625,3603.449951171875,24031,0.0,0.0
2025-03-28 14:15:00+05:30,3603.550048828125,3607.60009765625,3602.0,3605.64990234375,30051,0.0,0.0
2025-03-28 14:20:00+05:30,3607.050048828125,3607.25,3602.60009765625,3606.949951171875,26296,0.0,0.0
2025-03-28 14:25:00+05:30,3606.949951171875,3615.75,3605.75,3615.75,28358,0.0,0.0
2025-03-28 14:30:00+05:30,3615.300048828125,3616.199951171875,3608.75,3608.75,29483,0.0,0.0
2025-03-28 14:35:00+05:30,3609.949951171875,3612.699951171875,3608.050048828125,3610.949951171875,35118,0.0,0.0
2025-03-28 14:40:00+05:30,3611.75,3615.0,3609.449951171875,3614.949951171875,42586,0.0,0.0
2025-03-28 14:45:00+05:30,3614.5,3615.0,3611.199951171875,3612.550048828125,35040,0.0,0.0
2025-03-28 14:50:00+05:30,3613.300048828125,3617.949951171875,3612.39990234375,3612.89990234375,41098,0.0,0.0
2025-03-28 14:55:00+05:30,3612.60009765625,3614.89990234375,3610.0,3613.300048828125,29098,0.0,0.0
2025-03-28 15:00:00+05:30,3613.5,3615.35009765625,3607.60009765625,3608.699951171875,94677,0.0,0.0
2025-03-28 15:05:00+05:30,3608.75,3612.14990234375,3608.75,3611.300048828125,85148,0.0,0.0
2025-03-28 15:10:00+05:30,3611.25,3611.39990234375,3606.64990234375,3607.050048828125,121299,0.0,0.0
2025-03-28 15:15:00+05:30,3607.25,3608.10009765625,3600.0,3600.10009765625,101229,0.0,0.0
2025-03-28 15:20:00+05:30,3600.050048828125,3602.25,3600.0,3600.89990234375,112702,0.0,0.0
2025-03-28 15:25:00+05:30,3600.949951171875,3605.0,3596.0,3604.0,87915,0.0,0.0
