Date,Open,High,Low,Close,Volume,Dividends,Stock Splits
2020-03-30 00:00:00+05:30,1631.716469203551,1760.147153925688,1629.4528080054238,1643.2659912109375,8513547,0.0,0.0
2020-03-31 00:00:00+05:30,1697.6873952490052,1713.9491000013302,1644.6519665780959,1687.24658203125,3927593,0.0,0.0
2020-04-01 00:00:00+05:30,1687.0618479580014,1695.2388872081028,1572.5829600916695,1578.8197021484375,4941878,0.0,0.0
2020-04-03 00:00:00+05:30,1607.6934436684085,1607.6934436684085,1524.5368862372839,1528.41748046875,5735369,0.0,0.0
2020-04-07 00:00:00+05:30,1579.9746555563793,1650.057134533193,1575.3548466220038,1640.2169189453125,5427577,0.0,0.0
2020-04-08 00:00:00+05:30,1626.1721620557257,1668.6743890185458,1571.6584361686305,1575.77001953125,6285615,0.0,0.0
2020-04-09 00:00:00+05:30,1617.34871409283,1643.5431185418379,1599.5624513519595,1631.85498046875,5307397,0.0,0.0
2020-04-13 00:00:00+05:30,1627.0966694181202,1651.1196753266217,1613.2372429324464,1625.479736328125,2990438,0.0,0.0
2020-04-15 00:00:00+05:30,1649.2713750028229,1674.2183369776556,1596.420819193673,1603.2119140625,4761399,0.0,0.0
2020-04-16 00:00:00+05:30,1579.9280751271258,1630.6998321520173,1547.681905878548,1585.5643310546875,6245533,0.0,0.0
2020-04-17 00:00:00+05:30,1663.1307366188646,1711.130492485417,1619.7045451627052,1668.8592529296875,9895823,0.0,0.0
2020-04-20 00:00:00+05:30,1690.8497346121032,1690.8497346121032,1665.440790512741,1680.36279296875,3244282,0.0,0.0
2020-04-21 00:00:00+05:30,1630.7924250442347,1658.1416692181958,1596.32860800022,1605.5220947265625,5122541,0.0,0.0
2020-04-22 00:00:00+05:30,1605.5220383162148,1653.8914097820712,1588.4287472095284,1634.9501953125,3829836,0.0,0.0
2020-04-23 00:00:00+05:30,1644.6517949616498,1755.5271968691768,1626.9579061829154,1735.4310302734375,5934366,0.0,0.0
2020-04-24 00:00:00+05:30,1700.736044622056,1711.1306124546988,1670.3377987021067,1680.2703857421875,2987102,0.0,0.0
2020-04-27 00:00:00+05:30,1692.9749087134016,1732.4280244754768,1686.2299438227974,1696.9478759765625,3374741,0.0,0.0
2020-04-28 00:00:00+05:30,1723.1884445666647,1725.9603294640908,1693.2520651168038,1717.69091796875,2678505,0.0,0.0
2020-04-29 00:00:00+05:30,1731.5040294764906,1767.1227940882377,1709.3751943858467,1760.7474365234375,4241510,0.0,0.0
2020-04-30 00:00:00+05:30,1829.444221782878,1877.4902316478829,1794.5184233426132,1861.274658203125,5915544,0.0,0.0
2020-05-04 00:00:00+05:30,1816.508376687703,1816.508376687703,1768.1390129179917,1783.6614990234375,3729348,0.0,0.0
2020-05-05 00:00:00+05:30,1806.4371384307772,1826.6719182006693,1780.473842373642,1785.78662109375,2905528,0.0,0.0
2020-05-06 00:00:00+05:30,1792.300748930574,1805.143724883593,1749.613655524919,1758.853271484375,3517431,0.0,0.0
2020-05-07 00:00:00+05:30,1764.76680805222,1787.3576260033312,1740.1432067329956,1747.8121337890625,3166754,0.0,0.0
2020-05-08 00:00:00+05:30,1791.6540810427325,1792.0236882744355,1742.8227285422295,1749.4290771484375,2686530,0.0,0.0
2020-05-11 00:00:00+05:30,1763.842708940305,1803.0187036609102,1763.842708940305,1788.1429443359375,2449841,0.0,0.0
2020-05-12 00:00:00+05:30,1786.3874240247796,1807.730914953153,1764.9976898999544,1801.26318359375,3256595,0.0,0.0
2020-05-13 00:00:00+05:30,1842.3795321338282,1842.3795321338282,1779.2267758442706,1801.40185546875,2656665,0.0,0.0
2020-05-14 00:00:00+05:30,1764.7664480820808,1776.8703210583935,1747.303553341835,1757.6981201171875,2263146,0.0,0.0
2020-05-15 00:00:00+05:30,1770.3105327093167,1771.6041015852377,1723.373235474151,1748.967041015625,3173682,0.0,0.0
2020-05-18 00:00:00+05:30,1761.9948923838126,1804.450885708474,1729.7486077683702,1797.6597900390625,3727694,0.0,0.0
2020-05-19 00:00:00+05:30,1758.2989138677174,1816.9242319079,1758.2989138677174,1800.477783203125,3198693,0.0,0.0
2020-05-20 00:00:00+05:30,1801.7251523395155,1813.6442797511104,1784.8166096407083,1805.0513916015625,2778505,0.0,0.0
2020-05-21 00:00:00+05:30,1798.0294570041156,1846.075465104945,1793.5482653446775,1839.79248046875,3400908,0.0,0.0
2020-05-22 00:00:00+05:30,1826.7646096057897,1877.4901282464853,1812.1198395784543,1866.7259521484375,3663418,0.0,0.0
2020-05-26 00:00:00+05:30,1861.7826836193829,1870.098338285673,1778.6261369564825,1795.2574462890625,4575317,0.0,0.0
2020-05-27 00:00:00+05:30,1810.0408436675807,1857.1628870708714,1793.6405246399647,1852.8203125,3482160,0.0,0.0
2020-05-28 00:00:00+05:30,1837.297481044478,1860.8584997855562,1821.4053880285494,1851.8961181640625,3475681,0.0,0.0
2020-05-29 00:00:00+05:30,1831.291862208062,1850.3716915036575,1813.182237692419,1822.3756103515625,7237735,0.0,0.0
2020-06-01 00:00:00+05:30,1838.6837821151908,1903.3611010840668,1830.4605004314892,1889.732666015625,3747773,0.0,0.0
2020-06-02 00:00:00+05:30,1903.5456684764854,1922.7641151269452,1884.9279322199382,1891.488037109375,2443886,0.0,0.0
2020-06-03 00:00:00+05:30,1901.403345516221,1912.4307174249038,1871.8885762317652,1896.1212158203125,3699799,6.0,0.0
2020-06-04 00:00:00+05:30,1896.6769463868811,1946.0225173628683,1896.6769463868811,1938.192138671875,4048593,0.0,0.0
2020-06-05 00:00:00+05:30,1938.2390716812133,1944.1697181711902,1890.7004627811448,1898.0675048828125,3573289,0.0,0.0
2020-06-08 00:00:00+05:30,1925.867887338367,1941.3897384693269,1910.9021333109501,1919.844482421875,2957841,0.0,0.0
2020-06-09 00:00:00+05:30,1911.8285954051212,1941.8528583381142,1909.1874738206154,1920.122314453125,2909439,0.0,0.0
2020-06-10 00:00:00+05:30,1924.755713605683,1975.676601400415,1921.465962947355,1954.13134765625,5168397,0.0,0.0
2020-06-11 00:00:00+05:30,1946.023033868794,1950.6564220446721,1910.623993453017,1916.044921875,2269513,0.0,0.0
2020-06-12 00:00:00+05:30,1863.7340831574666,1898.9478345891516,1863.5487928715486,1889.9591064453125,2842642,0.0,0.0
2020-06-15 00:00:00+05:30,1889.5883774310944,1908.0292853285125,1854.235602385913,1881.06298828125,2399022,0.0,0.0
2020-06-16 00:00:00+05:30,1913.5895306182385,1921.8832511325459,1882.0824874991006,1895.79736328125,2146528,0.0,0.0
2020-06-17 00:00:00+05:30,1895.9823257356618,1907.8902231160268,1877.9584920805803,1897.650390625,2703527,0.0,0.0
2020-06-18 00:00:00+05:30,1895.0557192496578,1908.2144961109427,1876.7074572578922,1888.66162109375,1944389,0.0,0.0
2020-06-19 00:00:00+05:30,1892.2757193810894,1936.7562455957282,1883.008943086373,1894.68505859375,5681758,0.0,0.0
2020-06-22 00:00:00+05:30,1899.6891464173225,1901.7741710902196,1871.1011640817885,1879.255859375,3196138,0.0,0.0
2020-06-23 00:00:00+05:30,1878.375668633778,1894.129189288329,1862.6221479792275,1886.067138671875,4205944,0.0,0.0
2020-06-24 00:00:00+05:30,1884.8623480561696,1912.8943470869951,1882.6382990628158,1892.4610595703125,2560937,0.0,0.0
2020-06-25 00:00:00+05:30,1885.7890104142732,1908.9559515741537,1861.9270610195963,1868.2747802734375,3043931,0.0,0.0
2020-06-26 00:00:00+05:30,1876.522181612456,1975.6766870112376,1871.842414380751,1963.490966796875,6300722,0.0,0.0
2020-06-29 00:00:00+05:30,1953.4362506763775,1971.5992209223527,1937.9607810351697,1947.5517578125,3076341,0.0,0.0
2020-06-30 00:00:00+05:30,1946.0230983553236,1957.0504720834713,1922.9025358394636,1929.4818115234375,3071725,0.0,0.0
2020-07-01 00:00:00+05:30,1927.2114464867873,1958.9501557198084,1927.0261562063508,1938.656005859375,2503466,0.0,0.0
2020-07-02 00:00:00+05:30,1947.876720381417,2006.257421325294,1944.1700092103772,1998.98291015625,3758699,0.0,0.0
2020-07-03 00:00:00+05:30,2005.0056985973404,2043.32390402814,2001.8550855677051,2038.3660888671875,4185208,0.0,0.0
2020-07-06 00:00:00+05:30,2043.3242413458286,2103.4655310147455,2043.3242413458286,2097.2568359375,5190366,0.0,0.0
2020-07-07 00:00:00+05:30,2108.19172283762,2133.8606493358852,2068.483493737976,2103.465576171875,5630055,0.0,0.0
2020-07-08 00:00:00+05:30,2103.558399553551,2107.635690977521,2045.733801004425,2056.205078125,2793358,0.0,0.0
2020-07-09 00:00:00+05:30,2065.564807213808,2079.9283130513195,2030.397430104742,2042.7222900390625,3443998,0.0,0.0
2020-07-10 00:00:00+05:30,2043.555579547095,2084.8854870014766,2016.4502623713768,2059.40185546875,9610320,0.0,0.0
2020-07-13 00:00:00+05:30,2057.22412109375,2080.3446802698277,2047.9573457735078,2057.22412109375,2963503,0.0,0.0
2020-07-14 00:00:00+05:30,2047.9570191316466,2074.830663274098,2006.2565368416356,2012.6968994140625,2976738,0.0,0.0
2020-07-15 00:00:00+05:30,2024.7907755517072,2094.291603087807,2021.176823015699,2070.105224609375,5569321,0.0,0.0
2020-07-16 00:00:00+05:30,2084.1288363316644,2166.7881350988296,2061.9316546649443,2075.537841796875,8582118,5.0,0.0
2020-07-17 00:00:00+05:30,2077.6279895370362,2084.036317759856,2034.022923528058,2043.9605712890625,4509135,0.0,0.0
2020-07-20 00:00:00+05:30,2044.1927460408833,2068.2474450387303,2034.7194765290624,2050.60107421875,2952646,0.0,0.0
2020-07-21 00:00:00+05:30,2071.1265953133734,2079.1602467891603,2044.3318847603477,2066.529296875,2665286,0.0,0.0
2020-07-22 00:00:00+05:30,2072.0557519719737,2072.0557519719737,2028.5899024126345,2034.8590087890625,2861534,0.0,0.0
2020-07-23 00:00:00+05:30,2034.8584386696066,2034.8584386696066,2008.8997471111468,2016.5155029296875,2265766,0.0,0.0
2020-07-24 00:00:00+05:30,2001.0055498313288,2008.899978781696,1973.700203925391,2003.6988525390625,3665100,0.0,0.0
2020-07-27 00:00:00+05:30,2010.7570494386969,2057.194856585087,2009.363915224305,2049.5791015625,4248480,0.0,0.0
2020-07-28 00:00:00+05:30,2057.194932297022,2154.714330893495,2057.194932297022,2145.194580078125,8092319,0.0,0.0
2020-07-29 00:00:00+05:30,2128.710106652568,2175.1479362043256,2086.0337866439454,2113.896484375,6090431,0.0,0.0
2020-07-30 00:00:00+05:30,2123.0440475912987,2190.0074710565636,2110.3666141256476,2117.10009765625,7098496,0.0,0.0
2020-07-31 00:00:00+05:30,2139.0651976586837,2168.4604735704384,2096.621075811912,2118.86474609375,4723290,0.0,0.0
2020-08-03 00:00:00+05:30,2127.2700550773184,2139.7155269092946,2071.7768600717523,2093.55615234375,4012337,0.0,0.0
2020-08-04 00:00:00+05:30,2098.9428482015865,2107.951739362895,2066.5293425886134,2089.423095703125,2927928,0.0,0.0
2020-08-05 00:00:00+05:30,2098.9892805031536,2136.1395332554216,2092.4879862715065,2098.52490234375,3800641,0.0,0.0
2020-08-06 00:00:00+05:30,2112.921394041746,2154.2510652658593,2103.9589830032746,2143.663330078125,4748047,0.0,0.0
2020-08-07 00:00:00+05:30,2143.569476929518,2162.1446023795133,2124.065595207022,2131.82080078125,3165491,0.0,0.0
2020-08-10 00:00:00+05:30,2152.8574651063827,2159.35876029868,2113.8961771248387,2120.165283203125,2929353,0.0,0.0
2020-08-11 00:00:00+05:30,2120.3509152998295,2147.2848515870373,2113.4782084633425,2117.4716796875,2774423,0.0,0.0
2020-08-12 00:00:00+05:30,2125.3197683015237,2132.7960758170707,2086.497705986246,2096.5283203125,3415751,0.0,0.0
2020-08-13 00:00:00+05:30,2111.0627002130227,2136.1391159216687,2090.1656871224845,2093.834228515625,2695682,0.0,0.0
2020-08-14 00:00:00+05:30,2114.777889132723,2118.7715861831884,2074.00558223257,2082.41064453125,2270405,0.0,0.0
2020-08-17 00:00:00+05:30,2101.77528108026,2108.2765744817457,2078.7885651250076,2092.859130859375,2625630,0.0,0.0
2020-08-18 00:00:00+05:30,2101.5898665972963,2125.9232370675118,2088.1228998268816,2108.044677734375,3493374,0.0,0.0
2020-08-19 00:00:00+05:30,2114.1752186006142,2121.8374607009896,2092.0242825570044,2095.832275390625,2843005,0.0,0.0
2020-08-20 00:00:00+05:30,2096.2036143669575,2114.360850970664,2080.461235585465,2092.349365234375,2895164,0.0,0.0
2020-08-21 00:00:00+05:30,2098.989342978802,2109.205662789761,2081.3894555629904,2088.401611328125,1975294,0.0,0.0
2020-08-24 00:00:00+05:30,2090.2593911628724,2098.9431280637036,2071.1269172819325,2087.9375,2167966,0.0,0.0
2020-08-25 00:00:00+05:30,2085.0586453534083,2089.702428527915,2074.4244272332335,2082.8759765625,1663419,0.0,0.0
2020-08-26 00:00:00+05:30,2082.271694768208,2098.896342399566,2058.5419251541352,2092.952392578125,2618149,0.0,0.0
2020-08-27 00:00:00+05:30,2104.5617777660023,2124.3908154883834,2082.039437469963,2088.215576171875,3579393,0.0,0.0
2020-08-28 00:00:00+05:30,2106.790868676542,2117.5180501486975,2075.863462811354,2079.067626953125,2941136,0.0,0.0
2020-08-31 00:00:00+05:30,2080.414497729538,2114.035436673766,2069.26942006313,2096.435546875,6018154,0.0,0.0
2020-09-01 00:00:00+05:30,2107.348006694888,2115.706813244141,2081.621502998283,2086.311767578125,3610908,0.0,0.0
2020-09-02 00:00:00+05:30,2086.9156230390554,2107.116074663933,2081.9466856186673,2103.7724609375,2084137,0.0,0.0
2020-09-03 00:00:00+05:30,2106.4197078339043,2158.430070990297,2106.4197078339043,2135.675537109375,4654146,0.0,0.0
2020-09-04 00:00:00+05:30,2112.920908700603,2158.662163537308,2101.729348208379,2125.73779296875,5231303,0.0,0.0
2020-09-07 00:00:00+05:30,2125.9237079578584,2176.5409390997124,2120.676324235611,2161.262939453125,4620401,0.0,0.0
2020-09-08 00:00:00+05:30,2169.5287385366137,2220.1459686664493,2161.2628962418125,2180.906005859375,7453998,0.0,0.0
2020-09-09 00:00:00+05:30,2159.358954228705,2190.936676570114,2154.715171531439,2161.820068359375,3866535,0.0,0.0
2020-09-10 00:00:00+05:30,2168.646604296641,2181.1848180688053,2158.7089542859226,2165.07080078125,2308813,0.0,0.0
2020-09-11 00:00:00+05:30,2164.884718043644,2213.226534745793,2164.1416675629484,2204.960693359375,4145424,0.0,0.0
2020-09-14 00:00:00+05:30,2214.248185845314,2327.231309262704,2212.1584839812645,2313.903564453125,7512131,0.0,0.0
2020-09-15 00:00:00+05:30,2313.903564453125,2357.183702647408,2289.013074759071,2313.903564453125,7318770,0.0,0.0
2020-09-16 00:00:00+05:30,2311.6281734540185,2328.949616190152,2300.8082522004306,2324.67724609375,3074003,0.0,0.0
2020-09-17 00:00:00+05:30,2303.3163939349115,2317.9443105496193,2276.011040286345,2285.62353515625,4828176,0.0,0.0
2020-09-18 00:00:00+05:30,2307.9597938771017,2322.262552605073,2262.822139402604,2275.3603515625,4183256,0.0,0.0
2020-09-21 00:00:00+05:30,2289.3844136817384,2326.441701524823,2277.4498038283887,2289.6630859375,4598809,0.0,0.0
2020-09-22 00:00:00+05:30,2307.9595520728994,2372.972497201714,2282.883130380357,2343.205810546875,7499613,0.0,0.0
2020-09-23 00:00:00+05:30,2331.1787902549554,2340.3271323817244,2237.374384750672,2291.66015625,7502280,0.0,0.0
2020-09-24 00:00:00+05:30,2275.4536163693188,2275.4536163693188,2138.5549874548005,2166.092529296875,8424708,0.0,0.0
2020-09-25 00:00:00+05:30,2199.2950471091717,2266.165504622626,2184.5279117738132,2249.7265625,8228267,0.0,0.0
2020-09-28 00:00:00+05:30,2266.165567448588,2269.8805929689956,2197.437595321049,2253.441650390625,4347166,0.0,0.0
2020-09-29 00:00:00+05:30,2261.3824668532166,2332.153654665156,2253.4415547907975,2311.1171875,6995811,0.0,0.0
2020-09-30 00:00:00+05:30,2311.674316824054,2326.534416892027,2284.740385450853,2314.7392578125,3917166,0.0,0.0
2020-10-01 00:00:00+05:30,2331.178195618423,2359.0408832154562,2314.7392552856004,2343.669921875,2610337,0.0,0.0
2020-10-05 00:00:00+05:30,2433.3412373611122,2533.739873006042,2417.598865163486,2513.028564453125,17412105,0.0,0.0
2020-10-06 00:00:00+05:30,2541.077552851637,2541.077552851637,2461.2974674576853,2520.923583984375,9846367,0.0,0.0
2020-10-07 00:00:00+05:30,2546.649538020556,2572.6547120047194,2510.4280456854717,2541.030517578125,9656101,0.0,0.0
2020-10-08 00:00:00+05:30,2600.517726396434,2679.4620145191834,2600.517726396434,2624.38671875,19839329,0.0,0.0
2020-10-09 00:00:00+05:30,2609.8056239787334,2628.241530206423,2581.9429304842984,2612.54541015625,7739245,0.0,0.0
2020-10-12 00:00:00+05:30,2614.913890307531,2650.6710150728795,2601.2147321182088,2628.380859375,4623203,0.0,0.0
2020-10-13 00:00:00+05:30,2642.3115328641666,2651.506129045931,2611.8482824961307,2625.176025390625,4209878,0.0,0.0
2020-10-14 00:00:00+05:30,2650.779731566975,2650.779731566975,2599.993374441283,2620.559814453125,4395936,12.0,0.0
2020-10-15 00:00:00+05:30,2621.8650284379364,2637.48802353802,2543.5168739061733,2556.201904296875,6629355,0.0,0.0
2020-10-16 00:00:00+05:30,2565.0629473956524,2585.1627996063517,2547.5278370557235,2577.374755859375,5273773,0.0,0.0
2020-10-19 00:00:00+05:30,2587.3547713327384,2587.3547713327384,2524.489789747857,2529.106689453125,3331194,0.0,0.0
2020-10-20 00:00:00+05:30,2541.6514468741443,2574.20314863112,2535.075752633947,2554.70947265625,3406273,0.0,0.0
2020-10-21 00:00:00+05:30,2554.709759456594,2564.0369217766256,2483.8700071787407,2495.388916015625,4570143,0.0,0.0
2020-10-22 00:00:00+05:30,2481.958069487059,2505.88215145009,2460.5989573440543,2491.425048828125,5262294,0.0,0.0
2020-10-23 00:00:00+05:30,2506.9546888714926,2520.1992135851515,2490.445657404485,2506.02197265625,3499091,0.0,0.0
2020-10-26 00:00:00+05:30,2508.9596457649086,2527.613967899578,2490.818363031721,2507.327392578125,2672752,0.0,0.0
2020-10-27 00:00:00+05:30,2518.10073689137,2535.262625084916,2447.54084251687,2453.18359375,3537502,0.0,0.0
2020-10-28 00:00:00+05:30,2471.6981125048655,2477.2477287618544,2430.658596674596,2445.7685546875,3569445,0.0,0.0
2020-10-29 00:00:00+05:30,2432.523774187093,2476.361434228041,2425.2952238611915,2455.51513671875,3105968,0.0,0.0
2020-10-30 00:00:00+05:30,2458.733479189494,2494.4098769342595,2445.2090931163157,2485.549072265625,3427003,0.0,0.0
2020-11-02 00:00:00+05:30,2481.024921914559,2485.548686260001,2425.1086351006556,2429.3525390625,2571196,0.0,0.0
2020-11-03 00:00:00+05:30,2428.79311919487,2485.688810543137,2426.0416517954036,2456.401611328125,2879269,0.0,0.0
2020-11-04 00:00:00+05:30,2434.389371897459,2538.7137738055308,2434.389371897459,2474.635986328125,4893928,0.0,0.0
2020-11-05 00:00:00+05:30,2504.342993812989,2527.6608987833147,2487.5541022343546,2504.995849609375,2816502,0.0,0.0
2020-11-06 00:00:00+05:30,2517.4013076079955,2530.692514956426,2500.892274549575,2525.28271484375,3884421,0.0,0.0
2020-11-09 00:00:00+05:30,2547.3415103478796,2559.373459212686,2513.7637244398416,2543.144287109375,3646592,0.0,0.0
2020-11-10 00:00:00+05:30,2515.722105961138,2530.5988839080796,2460.831893851536,2471.324951171875,4760020,0.0,0.0
2020-11-11 00:00:00+05:30,2488.440082616965,2511.6181707357455,2465.541854894486,2506.95458984375,3242441,0.0,0.0
2020-11-12 00:00:00+05:30,2505.275849515306,2530.4591882855643,2482.6574804346114,2491.331787109375,2437505,0.0,0.0
2020-11-13 00:00:00+05:30,2477.061079284662,2485.5953415363642,2458.639934103123,2478.087158203125,2548093,0.0,0.0
2020-11-14 00:00:00+05:30,2497.767217187757,2508.0737763895586,2481.0716888618763,2490.6787109375,298819,0.0,0.0
2020-11-17 00:00:00+05:30,2513.6703028834518,2513.6703028834518,2471.7447528364005,2486.668212890625,2827273,0.0,0.0
2020-11-18 00:00:00+05:30,2481.9575909226696,2484.9422369586027,2431.637601880602,2449.918701171875,2893762,0.0,0.0
2020-11-19 00:00:00+05:30,2459.572854902006,2496.0886065427912,2453.836740808344,2459.4794921875,4167501,0.0,0.0
2020-11-20 00:00:00+05:30,2476.361784331389,2495.948826693332,2450.758767358209,2481.258544921875,2711471,0.0,0.0
2020-11-23 00:00:00+05:30,2509.006618077223,2546.3152666731667,2485.688712704758,2540.9521484375,3706418,0.0,0.0
2020-11-24 00:00:00+05:30,2550.419300032445,2558.4407511105637,2522.9975325388536,2538.900390625,3120516,0.0,0.0
2020-11-25 00:00:00+05:30,2545.383073923191,2549.0672581869194,2507.3281989864568,2519.546875,3302249,0.0,0.0
2020-11-26 00:00:00+05:30,2505.275538072242,2547.201082788713,2499.6792412634436,2537.547607421875,2341099,0.0,0.0
2020-11-27 00:00:00+05:30,2522.9977219979214,2534.84317407782,2489.4666148213682,2499.353271484375,6086808,0.0,0.0
2020-12-01 00:00:00+05:30,2498.7471664583663,2551.818637064265,2447.867442703442,2543.3310546875,3605017,0.0,0.0
2020-12-02 00:00:00+05:30,2536.054797140548,2569.3527127077114,2520.618301839527,2564.54931640625,2509032,0.0,0.0
2020-12-03 00:00:00+05:30,2587.261714775653,2587.261714775653,2519.080288258826,2527.148193359375,2852548,0.0,0.0
2020-12-04 00:00:00+05:30,2528.407761408601,2554.570502993168,2517.4016619159697,2544.03076171875,2686527,0.0,0.0
2020-12-07 00:00:00+05:30,2532.324942554228,2559.3737172629103,2524.0703116006507,2553.49755859375,1996400,0.0,0.0
2020-12-08 00:00:00+05:30,2555.6419943512424,2616.7815773866187,2548.5999425831556,2609.086669921875,4277818,0.0,0.0
2020-12-09 00:00:00+05:30,2625.596317895964,2648.914224804454,2605.21637617237,2621.678955078125,3659996,0.0,0.0
2020-12-10 00:00:00+05:30,2628.394159214268,2637.0684651121564,2593.184123901869,2596.961669921875,2127801,0.0,0.0
2020-12-11 00:00:00+05:30,2604.7969083390503,2618.787653606436,2578.5410341395045,2596.309326171875,1795408,0.0,0.0
2020-12-14 00:00:00+05:30,2613.471175008698,2615.3366076817947,2570.7994026116075,2609.46044921875,2483658,0.0,0.0
2020-12-15 00:00:00+05:30,2598.5475431711748,2606.662129224077,2569.6333386348124,2575.74267578125,2365509,0.0,0.0
2020-12-16 00:00:00+05:30,2592.018771379764,2630.0736445124417,2574.7168373126497,2624.850341796875,2565149,0.0,0.0
2020-12-17 00:00:00+05:30,2621.8655137985215,2661.6924541821645,2616.2692160102647,2647.2353515625,2863460,0.0,0.0
2020-12-18 00:00:00+05:30,2675.0299897872246,2703.011475036045,2654.6967316303,2668.5009765625,6076692,0.0,0.0
2020-12-21 00:00:00+05:30,2668.501208345287,2692.285472872657,2597.6147728911656,2630.399658203125,2705195,0.0,0.0
2020-12-22 00:00:00+05:30,2643.317961950609,2689.627234595044,2629.000675834709,2679.2275390625,2881737,0.0,0.0
2020-12-23 00:00:00+05:30,2682.53855494414,2722.598671421761,2672.651671834908,2713.038330078125,2790988,0.0,0.0
2020-12-24 00:00:00+05:30,2713.271358643141,2724.7904945135942,2689.207235735975,2713.597900390625,1807144,0.0,0.0
2020-12-28 00:00:00+05:30,2714.2047094289755,2751.233504767396,2706.7429782690333,2732.29931640625,2108994,0.0,0.0
2020-12-29 00:00:00+05:30,2723.530700818973,2753.3776126087696,2723.530700818973,2733.32421875,1994151,0.0,0.0
2020-12-30 00:00:00+05:30,2736.961816885193,2749.366985579553,2706.74190871425,2713.55078125,2637968,0.0,0.0
2020-12-31 00:00:00+05:30,2704.876237269125,2709.5398169885543,2653.5768603554,2670.132568359375,4040956,0.0,0.0
2021-01-01 00:00:00+05:30,2686.223000085375,2742.1859792538207,2685.290283765901,2731.2265625,2681440,0.0,0.0
2021-01-04 00:00:00+05:30,2751.51267668558,2845.483829965605,2743.0715498804243,2834.944091796875,5113293,0.0,0.0
2021-01-05 00:00:00+05:30,2835.084160897942,2904.7113318901174,2835.084160897942,2884.89111328125,5801309,0.0,0.0
2021-01-06 00:00:00+05:30,2891.420331189579,2904.0120003737916,2832.8457060343085,2846.18359375,3726716,0.0,0.0
2021-01-07 00:00:00+05:30,2868.1022767916115,2873.5587575744876,2798.381741770417,2828.74169921875,3717827,0.0,0.0
2021-01-08 00:00:00+05:30,2882.0927379250556,2917.535949588859,2854.1112550325793,2910.91357421875,5879039,0.0,0.0
2021-01-11 00:00:00+05:30,3012.6730679940624,3012.6730679940624,2934.837953312661,2962.72607421875,9508039,0.0,0.0
2021-01-12 00:00:00+05:30,2962.726340157175,2994.0190143389214,2938.0560421082873,2961.234130859375,3611458,0.0,0.0
2021-01-13 00:00:00+05:30,2961.3744399805273,2963.2398726986253,2915.9045174768894,2946.404296875,3572801,0.0,0.0
2021-01-14 00:00:00+05:30,2948.319252456671,3052.5150041678976,2915.985770980664,3037.75,6931542,6.0,0.0
2021-01-15 00:00:00+05:30,3023.078684278125,3059.5238368861146,2999.716406965311,3021.536865234375,4131692,0.0,0.0
2021-01-18 00:00:00+05:30,3037.095659021689,3043.403473082734,2978.596432915187,3010.6962890625,4160906,0.0,0.0
2021-01-19 00:00:00+05:30,3021.209371759607,3064.1959573151103,3020.27488076927,3047.0947265625,2975735,0.0,0.0
2021-01-20 00:00:00+05:30,3055.7854066802947,3109.939111606549,3053.075474184017,3092.043701171875,3453446,0.0,0.0
2021-01-21 00:00:00+05:30,3088.493095664404,3092.37114248327,3048.4035186013634,3059.3837890625,2778546,0.0,0.0
2021-01-22 00:00:00+05:30,3029.5269728125018,3107.183283888286,3029.5269728125018,3086.718017578125,3052459,0.0,0.0
2021-01-25 00:00:00+05:30,3092.1838599640287,3121.012997744486,3063.8687378482446,3075.690185546875,2272887,0.0,0.0
2021-01-27 00:00:00+05:30,3083.821241495543,3089.8486646562815,3015.6033776685204,3047.4228515625,2786662,0.0,0.0
2021-01-28 00:00:00+05:30,3018.4058947524068,3060.4579892613415,2975.23245668601,2987.147216796875,3083938,0.0,0.0
2021-01-29 00:00:00+05:30,2999.7632811331223,3006.1178664119307,2896.9224872077957,2907.529052734375,5445659,0.0,0.0
2021-02-01 00:00:00+05:30,2896.922989105186,2957.6649227477137,2844.6850174315264,2933.6953125,3985846,0.0,0.0
2021-02-02 00:00:00+05:30,2966.0747418078245,3012.799296656719,2943.646955480355,2993.595458984375,2881837,0.0,0.0
2021-02-03 00:00:00+05:30,3002.5200718219967,3024.0133683211893,2955.468351052906,2990.41845703125,2505866,0.0,0.0
2021-02-04 00:00:00+05:30,3005.3699245625844,3025.7418746589196,2967.9435131579585,2979.577880859375,2057261,0.0,0.0
2021-02-05 00:00:00+05:30,2989.390060291229,2995.8381853415717,2924.0224578145294,2951.075927734375,2366135,0.0,0.0
2021-02-08 00:00:00+05:30,2980.5597644321433,3014.6686941709027,2948.459899569772,3003.54833984375,2526592,0.0,0.0
2021-02-09 00:00:00+05:30,2985.699293576017,3033.171490727742,2956.7300672533706,2968.784912109375,2658751,0.0,0.0
2021-02-10 00:00:00+05:30,2976.3541492470904,3008.50055178226,2950.4687914435262,3002.80029296875,2127983,0.0,0.0
2021-02-11 00:00:00+05:30,3004.3889356626246,3008.407293087828,2976.400972389089,2995.978515625,1165882,0.0,0.0
2021-02-12 00:00:00+05:30,2975.6066811990922,3032.891034458274,2973.5508462937078,2981.7744140625,2777404,0.0,0.0
2021-02-15 00:00:00+05:30,2998.7820807155,2998.7820807155,2926.4057872513335,2934.162109375,2630853,0.0,0.0
2021-02-16 00:00:00+05:30,2943.647231409388,2960.1409095582217,2896.9226721806676,2905.146240234375,3435770,0.0,0.0
2021-02-17 00:00:00+05:30,2901.688629615221,2927.6207596398217,2846.039634689734,2871.784912109375,3678426,0.0,0.0
2021-02-18 00:00:00+05:30,2864.2154165335105,2894.9600845581163,2832.4427169700066,2857.066650390625,4189909,0.0,0.0
2021-02-19 00:00:00+05:30,2857.6739056728748,2884.914231140712,2818.5653602110933,2870.61669921875,3725028,0.0,0.0
2021-02-22 00:00:00+05:30,2893.1848209218647,2893.1848209218647,2750.3477464982575,2764.6455078125,5366696,0.0,0.0
2021-02-23 00:00:00+05:30,2775.438938259422,2829.639429309606,2773.5699558094157,2784.970703125,3832829,0.0,0.0
2021-02-24 00:00:00+05:30,2777.307635396141,2806.604023549276,2729.7886702274523,2754.973388671875,3774549,0.0,0.0
2021-02-25 00:00:00+05:30,2779.1765923322746,2831.414554708673,2773.990120984115,2799.081298828125,4224073,0.0,0.0
2021-02-26 00:00:00+05:30,2766.0937762150875,2777.6348330605606,2691.3344849660307,2704.69775390625,5553153,0.0,0.0
2021-03-01 00:00:00+05:30,2734.3210456786433,2770.766199739295,2711.7064059678937,2732.638916015625,3265871,0.0,0.0
2021-03-02 00:00:00+05:30,2766.0937160193957,2826.835638837389,2754.879822576074,2809.407470703125,3306469,0.0,0.0
2021-03-03 00:00:00+05:30,2836.1805768266013,2863.280819570579,2800.5763735488904,2858.701904296875,3509857,0.0,0.0
2021-03-04 00:00:00+05:30,2824.9668555700478,2879.587819767942,2818.4721874561287,2849.917724609375,3916760,0.0,0.0
2021-03-05 00:00:00+05:30,2818.518303400084,2862.5326911600955,2800.2957295010906,2810.99560546875,3203686,0.0,0.0
2021-03-08 00:00:00+05:30,2818.425452688665,2834.3118030519627,2799.735628731843,2809.96826171875,2003125,0.0,0.0
2021-03-09 00:00:00+05:30,2809.968083265631,2865.990781388907,2796.0910267473428,2851.085693359375,1942397,0.0,0.0
2021-03-10 00:00:00+05:30,2873.559636274625,2890.567325728176,2859.542272195237,2869.77490234375,3053778,0.0,0.0
2021-03-12 00:00:00+05:30,2873.560317174041,2912.808945896418,2842.114780897039,2857.627197265625,2938317,0.0,0.0
2021-03-15 00:00:00+05:30,2841.7874350164625,2895.987918814869,2841.7874350164625,2865.289794921875,3097083,0.0,0.0
2021-03-16 00:00:00+05:30,2859.5426416925034,2935.2364175020107,2859.5426416925034,2906.31396484375,4894756,0.0,0.0
2021-03-17 00:00:00+05:30,2901.5950109339587,2948.31956827589,2883.185580970688,2909.024169921875,3838390,0.0,0.0
2021-03-18 00:00:00+05:30,2921.172208803599,2940.3292750445426,2791.371495142145,2837.58203125,3656306,0.0,0.0
2021-03-19 00:00:00+05:30,2831.5080906501153,2895.9879778629397,2808.145812674454,2850.384765625,5776626,0.0,0.0
2021-03-22 00:00:00+05:30,2848.982876407029,2933.78794091807,2820.901374154367,2924.6298828125,2821646,0.0,0.0
2021-03-23 00:00:00+05:30,2934.3026532598824,2961.4029006944484,2918.27621888077,2936.732421875,3305973,0.0,0.0
2021-03-24 00:00:00+05:30,2907.3885383424577,2945.7962121422493,2907.3417681600417,2916.64013671875,2207104,0.0,0.0
2021-03-25 00:00:00+05:30,2908.3229649652626,2925.751359725069,2850.1976679885156,2864.074951171875,3179786,0.0,0.0
2021-03-26 00:00:00+05:30,2888.18469159901,2913.74311324509,2843.7030542120224,2865.897216796875,3697370,0.0,0.0
2021-03-30 00:00:00+05:30,2881.0365899818826,2979.5786489303014,2860.384241623197,2951.637451171875,4694008,0.0,0.0
2021-03-31 00:00:00+05:30,2948.318909944429,2995.0434568532155,2926.825618366387,2969.672119140625,3530069,0.0,0.0
2021-04-01 00:00:00+05:30,2982.054861558444,3004.3891092454087,2938.9747273955863,2957.66455078125,4285076,0.0,0.0
2021-04-05 00:00:00+05:30,2963.271050826086,3049.244225432204,2944.581230259539,3026.722900390625,5317862,0.0,0.0
2021-04-06 00:00:00+05:30,3060.4583116434524,3060.4583116434524,3018.4062127048396,3050.8330078125,2291562,0.0,0.0
2021-04-07 00:00:00+05:30,3045.506152920068,3062.841006507985,3022.891516468914,3057.09375,2491268,0.0,0.0
2021-04-08 00:00:00+05:30,3055.7856936475528,3116.5276111053786,3052.094499677638,3100.033935546875,2578118,0.0,0.0
2021-04-09 00:00:00+05:30,3134.283129344524,3134.6102924863267,3091.2965390195836,3104.613037109375,2911129,0.0,0.0
2021-04-12 00:00:00+05:30,3104.6132494800486,3119.4250255923657,3002.7069430767847,3033.872314453125,3791828,0.0,0.0
2021-04-13 00:00:00+05:30,3003.4547836279608,3003.4547836279608,2871.738291686674,2900.70751953125,8654596,0.0,0.0
2021-04-15 00:00:00+05:30,2953.2722664160965,3025.1813108697206,2885.1944985808286,3008.080078125,6062760,0.0,0.0
2021-04-16 00:00:00+05:30,3017.471725945101,3034.2925655446707,2974.11143068066,2985.839111328125,3224657,0.0,0.0
2021-04-19 00:00:00+05:30,2961.402362707964,2980.0921851295984,2929.7232049621925,2954.674072265625,2679106,0.0,0.0
2021-04-20 00:00:00+05:30,3013.734217194509,3014.0613803839665,2921.546748600321,2938.554443359375,3141893,0.0,0.0
2021-04-22 00:00:00+05:30,2941.77806202227,2941.77806202227,2901.8285664214277,2914.490966796875,1988980,0.0,0.0
2021-04-23 00:00:00+05:30,2901.595326491272,2914.678203969815,2888.559219204607,2905.800537109375,1615309,0.0,0.0
2021-04-26 00:00:00+05:30,2898.8390126551244,2946.4513025360375,2885.7561334177303,2897.6708984375,2490260,0.0,0.0
2021-04-27 00:00:00+05:30,2902.529645001447,2930.657921165228,2899.726171422888,2926.826416015625,1471417,0.0,0.0
2021-04-28 00:00:00+05:30,2943.6007989418777,2944.5820604277137,2908.136900047936,2919.4443359375,1639037,0.0,0.0
2021-04-29 00:00:00+05:30,2939.5352354086417,2950.515505609481,2902.062051804756,2911.17333984375,1621395,0.0,0.0
2021-04-30 00:00:00+05:30,2895.9879447696007,2926.872921529942,2822.1631472101303,2836.787841796875,3072305,0.0,0.0
2021-05-03 00:00:00+05:30,2826.742126620008,2854.8704008793884,2807.2113532706,2838.049560546875,1545831,0.0,0.0
2021-05-04 00:00:00+05:30,2862.159755665881,2887.5778712330416,2836.1808541075343,2849.964599609375,1990777,0.0,0.0
2021-05-05 00:00:00+05:30,2868.887919206857,2896.3618686074583,2852.4407831994054,2892.904296875,1939289,0.0,0.0
2021-05-06 00:00:00+05:30,2902.062137985966,2928.6951345831644,2872.625668062746,2907.622314453125,1791671,0.0,0.0
2021-05-07 00:00:00+05:30,2927.7602884052953,2952.851462889104,2907.949124933496,2927.666748046875,1912540,0.0,0.0
2021-05-10 00:00:00+05:30,2939.8626140923025,2956.9170788930533,2920.2850686217166,2939.442138671875,2137153,0.0,0.0
2021-05-11 00:00:00+05:30,2920.2851682190308,2923.1821823648156,2888.6525480179707,2918.04248046875,2415625,0.0,0.0
2021-05-12 00:00:00+05:30,2915.6121361829582,2915.6121361829582,2869.448368618955,2885.334716796875,1978558,0.0,0.0
2021-05-14 00:00:00+05:30,2895.520939248948,2895.520939248948,2840.8532048787483,2851.599853515625,2043935,0.0,0.0
2021-05-17 00:00:00+05:30,2854.8705519840787,2873.7472281713463,2837.1152195822137,2868.654296875,2890462,0.0,0.0
2021-05-18 00:00:00+05:30,2896.9223090131977,2919.3500946313648,2876.3635055298782,2886.4560546875,2098538,0.0,0.0
2021-05-19 00:00:00+05:30,2881.9707889940582,2913.7434890024233,2866.1779793664514,2880.101806640625,1986041,0.0,0.0
2021-05-20 00:00:00+05:30,2866.178191996439,2886.45660640611,2852.1608233057987,2859.543212890625,2329027,0.0,0.0
2021-05-21 00:00:00+05:30,2860.4773739773123,2885.895487306432,2854.963967520934,2878.699951171875,1685566,0.0,0.0
2021-05-24 00:00:00+05:30,2879.6337890625,2901.5943258280263,2870.75612526367,2879.6337890625,1652260,0.0,0.0
2021-05-25 00:00:00+05:30,2903.580862134714,2937.621873212458,2894.2842363318955,2924.240234375,1841613,15.0,0.0
2021-05-26 00:00:00+05:30,2929.874421204686,2972.1322253566764,2914.6616575626213,2966.0283203125,1923753,0.0,0.0
2021-05-27 00:00:00+05:30,2969.2678977577757,3021.6676182584943,2969.1271301226234,2986.218017578125,5959785,0.0,0.0
2021-05-28 00:00:00+05:30,2995.1387499761186,3003.1207783112172,2944.5701611125874,2952.035888671875,1763701,0.0,0.0
2021-05-31 00:00:00+05:30,2958.046343249913,2977.1563533949443,2937.950501067743,2966.638671875,1652799,0.0,0.0
2021-06-01 00:00:00+05:30,2975.5122533928125,2976.779849666321,2941.142488924239,2960.86279296875,1377441,0.0,0.0
2021-06-02 00:00:00+05:30,2958.8450980076736,2966.9208977536596,2925.1796164945436,2938.7490234375,2240078,0.0,0.0
2021-06-03 00:00:00+05:30,2962.319164879029,2962.319164879029,2932.3629385296585,2949.82958984375,1281706,0.0,0.0
2021-06-04 00:00:00+05:30,2937.386771247515,2964.478809356424,2934.5695844464462,2952.177001953125,1836060,0.0,0.0
2021-06-07 00:00:00+05:30,2953.351009599577,2996.0313463816783,2942.6457908090365,2989.22314453125,2559821,0.0,0.0
2021-06-08 00:00:00+05:30,3003.1210004963455,3034.110053972386,2992.979082596993,3005.139892578125,2574057,0.0,0.0
2021-06-09 00:00:00+05:30,3006.877245613136,3023.780365669674,2992.0400165997485,3005.23388671875,1710925,0.0,0.0
2021-06-10 00:00:00+05:30,3014.3892344368514,3027.5361033720897,2998.4251793012045,3020.77490234375,1874324,0.0,0.0
2021-06-11 00:00:00+05:30,3015.8451381138316,3107.3567001268134,3015.328608071078,3074.3017578125,3452954,0.0,0.0
2021-06-14 00:00:00+05:30,3079.185200667962,3107.075304391353,3071.0624036920244,3076.69677734375,1847360,0.0,0.0
2021-06-15 00:00:00+05:30,3097.0274833765134,3097.0274833765134,3053.4080851409785,3063.925537109375,1304985,0.0,0.0
2021-06-16 00:00:00+05:30,3063.3148476004635,3093.928137295579,3054.7692900055163,3074.818359375,1635552,0.0,0.0
2021-06-17 00:00:00+05:30,3066.5082092768066,3132.759106198051,3061.343366174365,3115.57421875,2273413,0.0,0.0
2021-06-18 00:00:00+05:30,3146.703469980066,3153.3709033810137,3075.428739896611,3096.369873046875,3380431,0.0,0.0
2021-06-21 00:00:00+05:30,3066.0380358417015,3085.758341738386,3053.548462921155,3073.64453125,1130569,0.0,0.0
2021-06-22 00:00:00+05:30,3102.6611579966,3124.3065851118995,3084.818978213932,3100.03173828125,1708688,0.0,0.0
2021-06-23 00:00:00+05:30,3126.137920069132,3126.137920069132,3057.961915778377,3062.6572265625,1467104,0.0,0.0
2021-06-24 00:00:00+05:30,3083.8804382546987,3176.8476012836923,3078.715595864199,3168.0205078125,4155204,0.0,0.0
2021-06-25 00:00:00+05:30,3169.5694093996594,3192.4824333419124,3145.8580909529246,3174.78125,2722861,0.0,0.0
2021-06-28 00:00:00+05:30,3184.829922827637,3184.829922827637,3129.8947759942544,3133.416259765625,1355238,0.0,0.0
2021-06-29 00:00:00+05:30,3138.3459431302936,3161.165200957228,3123.7904787022508,3137.26611328125,1497322,0.0,0.0
2021-06-30 00:00:00+05:30,3142.102197196303,3175.908437213956,3135.059230525959,3141.867431640625,1693146,0.0,0.0
2021-07-01 00:00:00+05:30,3153.3707464076297,3157.126995063267,3129.2838936086437,3137.876220703125,990310,0.0,0.0
2021-07-02 00:00:00+05:30,3128.0160400345258,3136.185834934899,3094.3975690142934,3122.80419921875,1682274,0.0,0.0
2021-07-05 00:00:00+05:30,3138.346039672962,3168.396031674618,3100.7835496708917,3118.625732421875,1972858,0.0,0.0
2021-07-06 00:00:00+05:30,3111.1138374216393,3125.19977390257,3057.681276742623,3063.50341796875,2159420,0.0,0.0
2021-07-07 00:00:00+05:30,3075.4283466134193,3082.6590788581593,3044.063764493698,3075.38134765625,2640710,0.0,0.0
2021-07-08 00:00:00+05:30,3097.02728485955,3097.02728485955,3034.9551787427254,3059.934326171875,2485811,0.0,0.0
2021-07-09 00:00:00+05:30,3051.9526836786986,3082.002679333381,3005.9386278324655,3012.65283203125,6365067,0.0,0.0
2021-07-12 00:00:00+05:30,3037.8661447894315,3038.80520696711,2994.058985906028,2998.51953125,1892226,0.0,0.0
2021-07-13 00:00:00+05:30,3018.145765327674,3018.145765327674,2981.522341292895,2993.3076171875,1809339,0.0,0.0
2021-07-14 00:00:00+05:30,2992.7911448015793,3025.658320850546,2990.913020455924,3018.662353515625,2044279,0.0,0.0
2021-07-15 00:00:00+05:30,3037.531543951998,3041.531267793614,3005.9101059105137,3014.3330078125,2232968,7.0,0.0
2021-07-16 00:00:00+05:30,3023.7917604603613,3030.238467230146,3004.0284156207513,3006.66357421875,1256526,0.0,0.0
2021-07-19 00:00:00+05:30,2992.7350035517916,3011.3690599039815,2988.9705570064434,2997.064208984375,1597058,0.0,0.0
2021-07-20 00:00:00+05:30,2997.0641049548976,3025.6738058010546,2970.289296019608,3017.015625,1811945,0.0,0.0
2021-07-22 00:00:00+05:30,3002.1457116463503,3035.0375129105805,3002.1457116463503,3026.944091796875,2859334,0.0,0.0
2021-07-23 00:00:00+05:30,3039.7903620972725,3050.6602466512936,3017.8153150974276,3023.650390625,1776193,0.0,0.0
2021-07-26 00:00:00+05:30,3011.5566536727606,3034.3786064388746,3002.9455757715805,3009.2509765625,1259611,0.0,0.0
2021-07-27 00:00:00+05:30,3011.5574752348307,3020.9685923449397,2974.9951933566176,2995.511474609375,1121367,0.0,0.0
2021-07-28 00:00:00+05:30,3000.2638764794124,3015.7451168403995,2947.9379779452925,3009.48681640625,1660654,0.0,0.0
2021-07-29 00:00:00+05:30,3011.7926373283353,3035.508605580968,3002.4286221166394,3007.604736328125,1731997,0.0,0.0
2021-07-30 00:00:00+05:30,3029.4384241408216,3033.673426597682,2976.1245406726694,2980.924072265625,2999943,0.0,0.0
2021-08-02 00:00:00+05:30,2992.7345085511406,3034.9903221280956,2980.500059302347,3029.814208984375,2608669,0.0,0.0
2021-08-03 00:00:00+05:30,3038.8492310264996,3096.2570362580313,3029.3910138840015,3091.457275390625,3804735,0.0,0.0
2021-08-04 00:00:00+05:30,3105.667855248496,3110.561588946482,3069.1526842098356,3081.15185546875,2929598,0.0,0.0
2021-08-05 00:00:00+05:30,3082.1405734671152,3119.785038486561,3070.3766781485383,3090.5634765625,2534521,0.0,0.0
2021-08-06 00:00:00+05:30,3079.833983199313,3128.254116028092,3072.72854657994,3114.890380859375,2292362,0.0,0.0
2021-08-09 00:00:00+05:30,3128.1605378887857,3140.4891908972218,3115.079179463531,3127.03125,1510489,0.0,0.0
2021-08-10 00:00:00+05:30,3120.3496193905257,3152.6295624926706,3120.3496193905257,3137.57177734375,2040777,0.0,0.0
2021-08-11 00:00:00+05:30,3152.7238741165306,3162.1349901586696,3131.1725102854625,3147.265380859375,1929707,0.0,0.0
2021-08-12 00:00:00+05:30,3130.137467833967,3169.664158648467,3130.137467833967,3154.37109375,1310205,0.0,0.0
2021-08-13 00:00:00+05:30,3162.8407876210536,3275.068345137623,3159.782174942405,3259.44580078125,4363584,0.0,0.0
2021-08-16 00:00:00+05:30,3256.246000847932,3288.5732748716023,3234.1298791658724,3268.433349609375,2083489,0.0,0.0
2021-08-17 00:00:00+05:30,3277.04434911236,3351.1097760186117,3259.0690280886943,3343.816162109375,4336019,0.0,0.0
2021-08-18 00:00:00+05:30,3363.3915853544495,3383.2960026160154,3328.3351803203896,3350.874755859375,2631309,0.0,0.0
2021-08-20 00:00:00+05:30,3299.537008001256,3364.473703252849,3293.890338848943,3349.886474609375,2836148,0.0,0.0
2021-08-23 00:00:00+05:30,3369.179745469263,3456.703129918604,3352.1455325043316,3423.199462890625,3744176,0.0,0.0
2021-08-24 00:00:00+05:30,3441.644802481029,3451.3853985444152,3382.731129871393,3400.424072265625,2511141,0.0,0.0
2021-08-25 00:00:00+05:30,3397.412634487522,3479.9951715169627,3394.6364014175915,3443.527099609375,2123263,0.0,0.0
2021-08-26 00:00:00+05:30,3444.4683414741244,3470.443112675913,3433.0807995873215,3455.62060546875,1902533,0.0,0.0
2021-08-27 00:00:00+05:30,3450.114830853459,3509.8754123480567,3436.0923611168414,3501.075927734375,3944728,0.0,0.0
2021-08-30 00:00:00+05:30,3496.229118714556,3520.086386436774,3470.4427562854435,3483.3359375,2033114,0.0,0.0
2021-08-31 00:00:00+05:30,3490.9592300729537,3580.0826812023397,3485.359662081156,3563.471923828125,3207480,0.0,0.0
2021-09-01 00:00:00+05:30,3572.459761041269,3591.9407259035033,3488.700825653315,3496.1826171875,2643336,0.0,0.0
2021-09-02 00:00:00+05:30,3514.111313489607,3631.8913584034503,3502.8179723643057,3610.810546875,3403717,0.0,0.0
2021-09-03 00:00:00+05:30,3599.7516098487918,3629.7729758137416,3580.505924972377,3615.797607421875,1746812,0.0,0.0
2021-09-06 00:00:00+05:30,3622.9975066072348,3649.254659743571,3589.3998663437824,3625.162109375,1723693,0.0,0.0
2021-09-07 00:00:00+05:30,3636.4550578166527,3642.054625630505,3583.98808849127,3591.1875,1585039,0.0,0.0
2021-09-08 00:00:00+05:30,3585.6351828763177,3590.340740859095,3534.815156662323,3551.896240234375,4147175,0.0,0.0
2021-09-09 00:00:00+05:30,3566.5302833209703,3584.4114022106446,3543.2848747171042,3568.130126953125,1441148,0.0,0.0
2021-09-13 00:00:00+05:30,3545.167139898698,3625.5379728001108,3545.167139898698,3618.9033203125,1691473,0.0,0.0
2021-09-14 00:00:00+05:30,3623.232272153126,3667.041059623994,3599.7515855413258,3657.065185546875,1991188,0.0,0.0
2021-09-15 00:00:00+05:30,3653.4893634174205,3745.6240953653255,3638.3373750458163,3721.6728515625,2461369,0.0,0.0
2021-09-16 00:00:00+05:30,3698.5687972986098,3747.2713253546412,3662.900757545618,3673.441162109375,2946666,0.0,0.0
2021-09-17 00:00:00+05:30,3689.157672929829,3712.6854642112694,3580.929833035204,3602.434326171875,6477148,0.0,0.0
2021-09-20 00:00:00+05:30,3584.694213340403,3643.043134639197,3583.612026866907,3598.34033203125,2002008,0.0,0.0
2021-09-21 00:00:00+05:30,3630.808340679873,3643.56044806758,3596.59884411304,3635.466796875,1568129,0.0,0.0
2021-09-22 00:00:00+05:30,3635.0433481341793,3667.370621659904,3625.5851311397196,3634.7138671875,1744067,0.0,0.0
2021-09-23 00:00:00+05:30,3642.1020739696405,3650.572078792826,3609.16316632392,3641.396240234375,2003869,0.0,0.0
2021-09-24 00:00:00+05:30,3660.924426012867,3712.1208093709515,3627.9855172955276,3643.32568359375,2320754,0.0,0.0
2021-09-27 00:00:00+05:30,3670.3354263611814,3674.099872952321,3578.9533934558312,3610.998291015625,1673362,0.0,0.0
2021-09-28 00:00:00+05:30,3623.2791578845636,3623.2791578845636,3530.3444002634988,3556.601318359375,2253075,0.0,0.0
2021-09-29 00:00:00+05:30,3538.391044806532,3581.8703499222424,3502.958059162125,3568.6005859375,2489161,0.0,0.0
2021-09-30 00:00:00+05:30,3580.929803274603,3580.929803274603,3529.2628659553916,3553.214111328125,2252412,0.0,0.0
2021-10-01 00:00:00+05:30,3559.048277447871,3585.6346762944113,3505.6402018888925,3510.533935546875,1578374,0.0,0.0
2021-10-04 00:00:00+05:30,3505.4525230842255,3560.83680271942,3489.1241449679305,3551.096435546875,1356860,0.0,0.0
2021-10-05 00:00:00+05:30,3532.9335129035067,3613.8691234814773,3521.2638190977086,3607.563720703125,1877966,0.0,0.0
2021-10-06 00:00:00+05:30,3610.104171281928,3630.290969561224,3571.518594894399,3586.482177734375,1678154,0.0,0.0
2021-10-07 00:00:00+05:30,3604.4574915345056,3669.394193079122,3595.093476902164,3663.6533203125,1647233,0.0,0.0
2021-10-08 00:00:00+05:30,3693.863239126122,3754.9412935185946,3670.335447794109,3703.885986328125,2934339,0.0,0.0
2021-10-11 00:00:00+05:30,3533.874088861197,3536.2268678817436,3444.468486080421,3468.56103515625,11845402,0.0,0.0
2021-10-12 00:00:00+05:30,3487.759242468658,3488.700353974991,3416.7995267965994,3437.7392578125,5752877,0.0,0.0
2021-10-13 00:00:00+05:30,3435.0574373689988,3459.008682315198,3430.3518792356167,3439.951171875,3545655,0.0,0.0
2021-10-14 00:00:00+05:30,3418.0756493544463,3460.5069332774674,3402.2345906489622,3405.299072265625,6442299,7.0,0.0
2021-10-18 00:00:00+05:30,3397.7554951478332,3444.1941748585396,3395.869660438769,3438.9609375,3590107,0.0,0.0
2021-10-19 00:00:00+05:30,3459.5638879718877,3479.4595368910054,3418.264060439267,3426.703125,3135441,0.0,0.0
2021-10-20 00:00:00+05:30,3405.8175097163075,3422.7900222231992,3374.0412406748464,3402.847412109375,2933693,0.0,0.0
2021-10-21 00:00:00+05:30,3398.3681925813103,3401.526827283135,3310.8182328123617,3330.855224609375,4871211,0.0,0.0
2021-10-22 00:00:00+05:30,3356.785768761919,3358.294528604933,3286.0669674537326,3299.12646484375,2691670,0.0,0.0
2021-10-25 00:00:00+05:30,3303.0391084916237,3313.9298487098035,3253.0644945178706,3293.562744140625,2595594,0.0,0.0
2021-10-26 00:00:00+05:30,3295.025314043799,3327.5559688826916,3276.638422178338,3283.8046875,3878763,0.0,0.0
2021-10-27 00:00:00+05:30,3284.1812061774663,3310.8186219324225,3284.1812061774663,3290.5458984375,2510813,0.0,0.0
2021-10-28 00:00:00+05:30,3317.1831851381776,3317.1831851381776,3220.062699615371,3226.3330078125,2424942,0.0,0.0
2021-10-29 00:00:00+05:30,3205.9658748788133,3263.4366358165557,3192.6706494353007,3203.797119140625,3960501,0.0,0.0
2021-11-01 00:00:00+05:30,3241.702637824104,3287.952779603316,3218.129704216394,3277.957763671875,2020718,0.0,0.0
2021-11-02 00:00:00+05:30,3294.5531358322864,3313.0344074968593,3271.6873906851965,3285.3125,3087414,0.0,0.0
2021-11-03 00:00:00+05:30,3304.171137304823,3318.9748945795345,3268.1989302471,3292.9033203125,1537639,0.0,0.0
2021-11-04 00:00:00+05:30,3312.4217785374567,3312.704699810666,3304.9256309219054,3308.3671875,328991,0.0,0.0
2021-11-08 00:00:00+05:30,3345.4709678444615,3345.4709678444615,3282.4840388689586,3302.803955078125,2526082,0.0,0.0
2021-11-09 00:00:00+05:30,3307.754205257384,3333.212974796138,3296.439196573493,3305.58544921875,1782692,0.0,0.0
2021-11-10 00:00:00+05:30,3298.3249041301547,3318.786164670064,3281.540929188892,3285.406982421875,1516489,0.0,0.0
2021-11-11 00:00:00+05:30,3281.3523523469576,3309.687064533828,3239.8639892713063,3289.084228515625,1284514,0.0,0.0
2021-11-12 00:00:00+05:30,3305.868628728103,3332.4116632574705,3286.727358168335,3324.774169921875,1747259,0.0,0.0
2021-11-15 00:00:00+05:30,3326.612406751894,3365.8378605459334,3326.612406751894,3350.46826171875,1809157,0.0,0.0
2021-11-16 00:00:00+05:30,3365.271963766905,3371.4481183431435,3339.813195758582,3353.39111328125,2013204,0.0,0.0
2021-11-17 00:00:00+05:30,3347.922508405084,3359.4732461958693,3306.2453764576426,3320.860595703125,1632914,0.0,0.0
2021-11-18 00:00:00+05:30,3314.4961426195673,3319.8709561838086,3254.5739235527494,3277.298095703125,2136598,0.0,0.0
2021-11-22 00:00:00+05:30,3279.843944579975,3315.2505406371515,3243.9189280922483,3260.985595703125,3167936,0.0,0.0
2021-11-23 00:00:00+05:30,3248.3500628771785,3282.2478933995562,3213.273585742726,3266.501220703125,2153461,0.0,0.0
2021-11-24 00:00:00+05:30,3273.9975334267697,3293.6574519966175,3228.5489637973765,3246.747314453125,2161746,0.0,0.0
2021-11-25 00:00:00+05:30,3247.313139810518,3265.322954221382,3238.0255415488114,3249.198974609375,1849619,0.0,0.0
2021-11-26 00:00:00+05:30,3229.492133187726,3290.7817649124563,3217.139823019886,3250.094970703125,1941251,0.0,0.0
2021-11-29 00:00:00+05:30,3250.378049712464,3327.8860543235105,3212.001352539102,3302.09716796875,2981745,0.0,0.0
2021-11-30 00:00:00+05:30,3291.7248129038026,3360.3220572861433,3291.7248129038026,3327.697021484375,5588446,0.0,0.0
2021-12-01 00:00:00+05:30,3333.2126733807495,3385.073125158951,3333.2126733807495,3373.569580078125,2102118,0.0,0.0
2021-12-02 00:00:00+05:30,3384.3189962849983,3439.7625839754905,3370.081082045262,3434.95361328125,3152938,0.0,0.0
2021-12-03 00:00:00+05:30,3438.3010590082217,3456.6879480505663,3423.59168589701,3432.6435546875,2486263,0.0,0.0
2021-12-06 00:00:00+05:30,3432.643559250869,3449.1918054518665,3320.955040678369,3334.532958984375,1849642,0.0,0.0
2021-12-07 00:00:00+05:30,3359.143510824601,3392.6170812482565,3323.1241092546866,3379.8876953125,1484458,0.0,0.0
2021-12-08 00:00:00+05:30,3395.445717768341,3438.3012695815382,3395.445717768341,3419.8671875,1428660,0.0,0.0
2021-12-09 00:00:00+05:30,3403.931656079727,3427.2688606470324,3362.4432924045173,3396.152587890625,1567957,0.0,0.0
2021-12-10 00:00:00+05:30,3380.3587389594472,3434.105028532861,3371.0239491679436,3429.201904296875,1510718,0.0,0.0
2021-12-13 00:00:00+05:30,3441.648863864941,3452.963873828333,3396.1059027213964,3403.60205078125,1883864,0.0,0.0
2021-12-14 00:00:00+05:30,3399.2174416571756,3427.5049654435047,3372.5328315111806,3416.9443359375,1747007,0.0,0.0
2021-12-15 00:00:00+05:30,3413.3606744020885,3416.189426342201,3355.041146488339,3366.544921875,1603233,0.0,0.0
2021-12-16 00:00:00+05:30,3377.53039522069,3402.4705163918543,3366.2153855214583,3377.1533203125,2072320,0.0,0.0
2021-12-17 00:00:00+05:30,3396.8597071974536,3442.921311200556,3369.703641845732,3379.745849609375,4333992,0.0,0.0
2021-12-20 00:00:00+05:30,3384.1305334550707,3400.160129183334,3309.7814047160264,3353.86279296875,2312310,0.0,0.0
2021-12-21 00:00:00+05:30,3378.142888295158,3433.3507474076746,3362.8204807389848,3402.328857421875,2340989,0.0,0.0
2021-12-22 00:00:00+05:30,3417.1323783825655,3429.201766157252,3400.3955959001455,3423.4970703125,1224328,0.0,0.0
2021-12-23 00:00:00+05:30,3439.7626953359986,3460.978336960193,3422.7901820366433,3453.62353515625,1792861,0.0,0.0
2021-12-24 00:00:00+05:30,3474.6504513898176,3493.5087984801285,3436.7452197791786,3461.355224609375,2209923,0.0,0.0
2021-12-27 00:00:00+05:30,3461.450353010121,3488.7949621730995,3444.572220815455,3485.11767578125,1534135,0.0,0.0
2021-12-28 00:00:00+05:30,3498.223477902723,3512.3672385950517,3482.9954543057574,3494.970458984375,1456218,0.0,0.0
2021-12-29 00:00:00+05:30,3481.486285451255,3507.6050477540657,3474.6501352529963,3483.79638671875,1456923,0.0,0.0
2021-12-30 00:00:00+05:30,3471.20889843927,3526.5109092525945,3469.9358679276866,3520.61767578125,1966475,0.0,0.0
2021-12-31 00:00:00+05:30,3529.1512586165186,3545.3693917079113,3518.3077086152844,3524.955322265625,1207141,0.0,0.0
2022-01-03 00:00:00+05:30,3535.940342525252,3611.3737364991243,3531.225755401885,3599.822998046875,2346158,0.0,0.0
2022-01-04 00:00:00+05:30,3612.4113472112704,3667.147524239067,3594.1186094828586,3662.998779296875,2488606,0.0,0.0
2022-01-05 00:00:00+05:30,3644.3755018748357,3649.090088552552,3594.7779579434873,3640.556640625,1733031,0.0,0.0
2022-01-06 00:00:00+05:30,3594.4011600919894,3616.0882604807916,3556.684463763637,3590.11083984375,1810293,0.0,0.0
2022-01-07 00:00:00+05:30,3601.9447354576196,3644.2816377795125,3579.6917910834795,3633.532470703125,2460591,0.0,0.0
2022-01-10 00:00:00+05:30,3750.9251744257094,3750.9251744257094,3640.60384576613,3658.3779296875,3937092,0.0,0.0
2022-01-11 00:00:00+05:30,3635.889457581228,3700.9507575223856,3635.889457581228,3692.3701171875,1906106,0.0,0.0
2022-01-12 00:00:00+05:30,3700.9504147651983,3704.722083977698,3617.5494253446855,3639.56640625,3203744,0.0,0.0
2022-01-13 00:00:00+05:30,3694.350191828808,3699.0647785973492,3636.8322332526063,3675.3974609375,6684507,0.0,0.0
2022-01-14 00:00:00+05:30,3656.4921972456823,3749.982361936863,3639.7082221018345,3741.637451171875,3348123,0.0,0.0
2022-01-17 00:00:00+05:30,3764.785957016499,3812.214744498962,3736.121362421849,3789.72607421875,3442604,0.0,0.0
2022-01-18 00:00:00+05:30,3803.6814822490433,3810.9890918734177,3752.8111361305723,3762.80615234375,2389041,0.0,0.0
2022-01-19 00:00:00+05:30,3789.632135795988,3789.632135795988,3693.757843227869,3697.677734375,3102539,7.0,0.0
2022-01-20 00:00:00+05:30,3693.2851200452433,3702.7308620402437,3599.7722742947367,3614.46044921875,6176776,0.0,0.0
2022-01-21 00:00:00+05:30,3595.994415430477,3638.075247264754,3562.0842897822963,3621.025634765625,3112358,0.0,0.0
2022-01-24 00:00:00+05:30,3627.1654933338514,3636.2805435409587,3532.8026082899264,3562.320556640625,3258414,0.0,0.0
2022-01-25 00:00:00+05:30,3560.57245787491,3598.2608763275043,3515.8940519554085,3560.9501953125,3330501,0.0,0.0
2022-01-27 00:00:00+05:30,3524.206742636544,3526.4736287318296,3424.176415677445,3446.98779296875,5718297,0.0,0.0
2022-01-28 00:00:00+05:30,3443.9175828156444,3523.0729480378027,3443.9175828156444,3485.526123046875,3143862,0.0,0.0
2022-01-31 00:00:00+05:30,3541.2086040089703,3549.709771636626,3515.138264373921,3529.165283203125,2739393,0.0,0.0
2022-02-01 00:00:00+05:30,3561.0452268969725,3596.939051465165,3529.3074371404578,3589.996337890625,2105169,0.0,0.0
2022-02-02 00:00:00+05:30,3615.735544614809,3649.8347660129048,3589.9958972613276,3642.467041015625,1984212,0.0,0.0
2022-02-03 00:00:00+05:30,3637.555811148046,3667.309903085507,3604.542983834466,3612.619140625,1960538,0.0,0.0
2022-02-04 00:00:00+05:30,3603.834755234849,3612.713662353209,3560.100914383428,3603.456787109375,2307366,0.0,0.0
2022-02-07 00:00:00+05:30,3580.8807888268225,3619.419462272306,3547.9622857442573,3569.5458984375,1919149,0.0,0.0
2022-02-08 00:00:00+05:30,3581.4004207018406,3589.098608331358,3514.7606635313728,3535.96630859375,2946443,0.0,0.0
2022-02-09 00:00:00+05:30,3542.1535915915724,3568.554396905777,3538.4698440999005,3552.118896484375,1638721,0.0,0.0
2022-02-10 00:00:00+05:30,3579.7479014646165,3579.7479014646165,3549.7103911494874,3561.3759765625,2112459,0.0,0.0
2022-02-11 00:00:00+05:30,3544.515330520998,3544.515330520998,3485.4794322778102,3490.155029296875,3851488,0.0,0.0
2022-02-14 00:00:00+05:30,3517.59411303147,3583.00587251789,3504.3700750125545,3526.8037109375,5951745,0.0,0.0
2022-02-15 00:00:00+05:30,3576.1582919850985,3622.4424325839545,3540.2644686635363,3606.19580078125,3931683,0.0,0.0
2022-02-16 00:00:00+05:30,3630.943847337554,3640.4841406368437,3595.050021583437,3601.756591796875,3256906,0.0,0.0
2022-02-17 00:00:00+05:30,3612.9966852435564,3622.4424282115133,3569.5462675909544,3574.4580078125,3134372,0.0,0.0
2022-02-18 00:00:00+05:30,3560.100553391437,3604.4482708625683,3549.3324985645354,3583.620361328125,3688883,0.0,0.0
2022-02-21 00:00:00+05:30,3598.8277842987263,3615.641251565007,3500.1670529743196,3513.249267578125,7465922,0.0,0.0
2022-02-22 00:00:00+05:30,3447.695861522214,3464.603647613227,3372.129924831316,3387.620849609375,5408531,0.0,0.0
2022-02-23 00:00:00+05:30,3410.857539103911,3422.0978801794527,3358.575263313006,3366.273681640625,2426203,0.0,0.0
2022-02-24 00:00:00+05:30,3281.4511270165744,3290.7552761401566,3203.146009579769,3213.111083984375,5039136,0.0,0.0
2022-02-25 00:00:00+05:30,3275.783570506107,3334.3471752844744,3270.1161248823937,3325.60986328125,2549723,0.0,0.0
2022-02-28 00:00:00+05:30,3296.5637093219448,3366.2260513169285,3264.3536392881547,3357.205322265625,3288942,0.0,0.0
2022-03-02 00:00:00+05:30,3355.6001898102795,3373.9721137635925,3311.6774850034735,3349.60205078125,2761341,0.0,0.0
2022-03-03 00:00:00+05:30,3365.3760636813736,3380.2531063719575,3334.441260626351,3347.948486328125,1928039,0.0,0.0
2022-03-04 00:00:00+05:30,3307.4263981169515,3363.8174289529225,3293.7773477221604,3329.010009765625,2370257,0.0,0.0
2022-03-07 00:00:00+05:30,3258.781034247223,3351.3493071041007,3241.3536861423845,3291.74658203125,3054130,0.0,0.0
2022-03-08 00:00:00+05:30,3268.22680572477,3408.968364699623,3268.22680572477,3400.419921875,3300992,0.0,0.0
2022-03-09 00:00:00+05:30,3405.190398901011,3451.474540245297,3397.6810792332717,3431.2607421875,2719654,0.0,0.0
2022-03-10 00:00:00+05:30,3479.811804824234,3479.811804824234,3414.6361765579823,3420.25634765625,2005441,0.0,0.0
2022-03-11 00:00:00+05:30,3403.537153294391,3438.108662955738,3393.7136733755433,3399.664306640625,1623423,0.0,0.0
2022-03-14 00:00:00+05:30,3381.5758067698325,3446.1375488437798,3381.5758067698325,3441.083984375,1765688,0.0,0.0
2022-03-15 00:00:00+05:30,3456.197198500008,3456.197198500008,3386.676441099391,3394.705322265625,3651133,0.0,0.0
2022-03-16 00:00:00+05:30,3438.7224480829695,3464.6982391342763,3415.8165232468173,3453.268798828125,3090475,0.0,0.0
2022-03-17 00:00:00+05:30,3491.713246582332,3504.3704492227384,3457.425155364374,3469.18505859375,3600452,0.0,0.0
2022-03-21 00:00:00+05:30,3491.1465438183855,3508.101606046578,3414.636027030158,3425.6875,2413831,0.0,0.0
2022-03-22 00:00:00+05:30,3438.2500269970014,3505.3147940071076,3424.0814142483873,3495.82177734375,2907611,0.0,0.0
2022-03-23 00:00:00+05:30,3502.481904302186,3523.0736725150805,3485.479564960913,3506.637939453125,1596195,0.0,0.0
2022-03-24 00:00:00+05:30,3494.92484269879,3549.899019778369,3490.2019712897377,3542.011962890625,1879046,0.0,0.0
2022-03-25 00:00:00+05:30,3551.5047895746256,3570.0185379483287,3468.4768015203763,3501.9619140625,1690133,0.0,0.0
2022-03-28 00:00:00+05:30,3490.201220946775,3507.203554364107,3458.274570963559,3502.197265625,1760990,0.0,0.0
2022-03-29 00:00:00+05:30,3489.9659356844786,3515.705585660093,3486.4237820181097,3499.978515625,2689063,0.0,0.0
2022-03-30 00:00:00+05:30,3530.8187765470334,3530.8187765470334,3500.7812673181793,3524.726318359375,1583455,0.0,0.0
2022-03-31 00:00:00+05:30,3532.70767522465,3546.545595666109,3514.0050590575534,3532.660400390625,2168110,0.0,0.0
2022-04-01 00:00:00+05:30,3540.2640404161125,3554.4326531712463,3521.4198315735707,3550.418212890625,1387014,0.0,0.0
2022-04-04 00:00:00+05:30,3553.4886885322967,3570.4910267549394,3529.9688795678962,3561.3759765625,1472994,0.0,0.0
2022-04-05 00:00:00+05:30,3562.9339932664852,3623.009006499391,3562.9339932664852,3603.36181640625,2314947,0.0,0.0
2022-04-06 00:00:00+05:30,3598.16701398418,3598.16701398418,3524.3483922915634,3547.207275390625,2051729,0.0,0.0
2022-04-07 00:00:00+05:30,3537.902599176768,3537.902599176768,3475.0884160649657,3479.952880859375,2494829,0.0,0.0
2022-04-08 00:00:00+05:30,3485.4791075660182,3499.6477218244167,3440.6118290810896,3481.3701171875,2296773,0.0,0.0
2022-04-11 00:00:00+05:30,3485.4787432397998,3506.5900685216952,3453.4577706064542,3491.52392578125,2291660,0.0,0.0
2022-04-12 00:00:00+05:30,3478.8666792206177,3531.7628329095546,3446.1372763691597,3486.517822265625,4483476,0.0,0.0
2022-04-13 00:00:00+05:30,3501.536758833568,3504.228887700475,3452.9384595973897,3458.983642578125,1621672,0.0,0.0
2022-04-18 00:00:00+05:30,3409.9126884407765,3409.9126884407765,3327.2624501475448,3332.5048828125,3820792,0.0,0.0
2022-04-19 00:00:00+05:30,3353.2388768307383,3366.037905144379,3248.532719940197,3279.467529296875,3170014,0.0,0.0
2022-04-20 00:00:00+05:30,3306.0097594472186,3371.32697430815,3287.1182751075203,3359.66162109375,2640370,0.0,0.0
2022-04-21 00:00:00+05:30,3381.576333096727,3442.0290943587916,3369.6746034796647,3427.52978515625,2280996,0.0,0.0
2022-04-22 00:00:00+05:30,3382.6152051059526,3416.5253311058555,3373.5471993487868,3412.322021484375,1581465,0.0,0.0
2022-04-25 00:00:00+05:30,3360.794959096708,3385.3538879715015,3337.2751540717295,3351.5380859375,1960694,0.0,0.0
2022-04-26 00:00:00+05:30,3376.9944806308113,3389.0378021149863,3323.1537492897933,3349.74365234375,1943469,0.0,0.0
2022-04-27 00:00:00+05:30,3349.460388196762,3370.6660346059966,3311.9608354997677,3363.81787109375,1727648,0.0,0.0
2022-04-28 00:00:00+05:30,3389.1320853006614,3404.623009277529,3341.950652141296,3385.63720703125,1703660,0.0,0.0
2022-04-29 00:00:00+05:30,3397.633962455333,3422.429039328965,3340.8179071199156,3350.121826171875,2051115,0.0,0.0
2022-05-02 00:00:00+05:30,3324.80665070785,3351.302003270101,3299.1615532951473,3346.0595703125,1324161,0.0,0.0
2022-05-04 00:00:00+05:30,3342.3755661943655,3348.9403102902024,3273.232785851425,3286.8818359375,2305825,0.0,0.0
2022-05-05 00:00:00+05:30,3317.4392301812964,3337.180739253997,3292.1718696449125,3318.6669921875,1612262,0.0,0.0
2022-05-06 00:00:00+05:30,3267.2828634281964,3281.9237666901613,3234.6950464902743,3242.34619140625,2010812,0.0,0.0
2022-05-09 00:00:00+05:30,3209.6635335370024,3264.4488439976103,3161.348649400242,3254.153076171875,2481830,0.0,0.0
2022-05-10 00:00:00+05:30,3243.668057354144,3272.7609911190643,3232.333166064613,3248.15478515625,1622685,0.0,0.0
2022-05-11 00:00:00+05:30,3244.612413878178,3257.3168908907896,3194.6915745972046,3222.88720703125,1841769,0.0,0.0
2022-05-12 00:00:00+05:30,3190.771792093157,3258.497719178318,3164.418262963319,3219.722900390625,2807195,0.0,0.0
2022-05-13 00:00:00+05:30,3244.612990377789,3249.241312589176,3194.6921422269293,3225.626953125,2187823,0.0,0.0
2022-05-16 00:00:00+05:30,3225.721118575864,3239.8897325666803,3180.0038163424106,3189.638427734375,1195813,0.0,0.0
2022-05-17 00:00:00+05:30,3183.215608363252,3274.8393217197017,3164.7018585754718,3260.29296875,1754076,0.0,0.0
2022-05-18 00:00:00+05:30,3272.9500070259096,3301.2872365239696,3252.2166468982887,3257.64794921875,1866781,0.0,0.0
2022-05-19 00:00:00+05:30,3208.7183479584196,3216.2749410651804,3050.9744668547823,3081.153564453125,4642963,0.0,0.0
2022-05-20 00:00:00+05:30,3126.5406719153316,3130.224419134133,3088.8049779032776,3110.48291015625,3065125,0.0,0.0
2022-05-23 00:00:00+05:30,3121.629160340577,3153.8390052706695,3085.9242060496163,3137.6396484375,2293690,0.0,0.0
2022-05-24 00:00:00+05:30,3131.4051073837095,3140.5676617293534,3094.0473817777242,3105.760009765625,1711510,0.0,0.0
2022-05-25 00:00:00+05:30,3131.2928440157543,3131.2928440157543,2999.302748276535,3012.2353515625,3548046,22.0,0.0
2022-05-26 00:00:00+05:30,3034.439597863059,3082.461910521187,3024.502353854387,3068.625732421875,2813186,0.0,0.0
2022-05-27 00:00:00+05:30,3093.5883327344636,3118.027368235039,3070.76584376975,3101.291015625,3103153,0.0,0.0
2022-05-30 00:00:00+05:30,3135.239325371153,3220.443374424526,3125.111939068609,3209.650146484375,2094624,0.0,0.0
2022-05-31 00:00:00+05:30,3189.5854126124796,3217.4003213181772,3161.8656904767054,3199.28515625,4840965,0.0,0.0
2022-06-01 00:00:00+05:30,3221.774273390207,3221.774273390207,3176.1768946724196,3190.58349609375,1493835,0.0,0.0
2022-06-02 00:00:00+05:30,3190.393895899522,3263.6160508873795,3182.120789755446,3255.0576171875,2657939,0.0,0.0
2022-06-03 00:00:00+05:30,3289.6712593185416,3306.6931703694568,3262.8548832119654,3271.36572265625,1913622,0.0,0.0
2022-06-06 00:00:00+05:30,3250.3026000324057,3283.5853943569036,3211.4567315058734,3262.6171875,1084210,0.0,0.0
2022-06-07 00:00:00+05:30,3234.184347319551,3251.1110724411883,3191.3445888114084,3197.7158203125,2308256,0.0,0.0
2022-06-08 00:00:00+05:30,3214.3091073493965,3246.4508193787256,3182.310175145255,3237.131591796875,2185707,0.0,0.0
2022-06-09 00:00:00+05:30,3218.9215169587646,3268.37023745562,3188.5867216727443,3258.9560546875,1279197,0.0,0.0
2022-06-10 00:00:00+05:30,3216.0685323150815,3226.5288380085963,3187.540425878224,3195.052734375,1527582,0.0,0.0
2022-06-13 00:00:00+05:30,3128.5828371178063,3131.435648215482,3035.818883159242,3061.636962890625,3030921,0.0,0.0
2022-06-14 00:00:00+05:30,3033.4887178068097,3079.98943945622,3018.9393367716966,3053.030517578125,2611493,0.0,0.0
2022-06-15 00:00:00+05:30,3060.590152291878,3075.3296729880176,3043.9487579575275,3048.98876953125,1404536,0.0,0.0
2022-06-16 00:00:00+05:30,3081.0355665181414,3085.647703363818,2979.3329111484113,2987.84375,2032028,0.0,0.0
2022-06-17 00:00:00+05:30,2940.2971185730407,2965.734682583982,2875.490856770854,2937.34912109375,5240434,0.0,0.0
2022-06-20 00:00:00+05:30,2942.1984126623047,2984.752833789208,2918.4249930383367,2959.695556640625,1502769,0.0,0.0
2022-06-21 00:00:00+05:30,2976.43305749016,3078.896527759989,2972.0586540614877,3054.3623046875,2964461,0.0,0.0
2022-06-22 00:00:00+05:30,3042.9028796065927,3091.067972669946,3026.8321389346106,3064.822021484375,3336315,0.0,0.0
2022-06-23 00:00:00+05:30,3064.822413420054,3155.209023345283,3064.822413420054,3146.46044921875,3692578,0.0,0.0
2022-06-24 00:00:00+05:30,3175.1781825428375,3180.8838037154214,3116.6955655238544,3131.5302734375,2132118,0.0,0.0
2022-06-27 00:00:00+05:30,3185.638923029524,3197.905917360727,3144.2731638797377,3152.07080078125,2037686,0.0,0.0
2022-06-28 00:00:00+05:30,3144.748464330665,3166.62001397675,3112.0363264205853,3155.351318359375,1400046,0.0,0.0
2022-06-29 00:00:00+05:30,3110.5148345200673,3169.472926767161,3110.5148345200673,3129.05810546875,2133994,0.0,0.0
2022-06-30 00:00:00+05:30,3111.4658949658055,3148.457251769008,3095.29996580492,3106.806396484375,2719603,0.0,0.0
2022-07-01 00:00:00+05:30,3100.054693213243,3169.4730958526807,3092.4947903171733,3152.451416015625,1502879,0.0,0.0
2022-07-04 00:00:00+05:30,3149.5031648361432,3155.161193231808,3066.8192438222036,3076.32861328125,2622535,0.0,0.0
2022-07-05 00:00:00+05:30,3095.2997484052826,3111.465676430748,3049.607181877308,3058.49853515625,2170627,0.0,0.0
2022-07-06 00:00:00+05:30,3060.590493044641,3108.1373392935866,3045.1377680137334,3100.767578125,2182144,0.0,0.0
2022-07-07 00:00:00+05:30,3110.5149486516484,3156.540206907079,3104.856919894735,3126.538330078125,1989921,0.0,0.0
2022-07-08 00:00:00+05:30,3138.091979063172,3142.846663879934,3090.545130895548,3105.237060546875,2136916,0.0,0.0
2022-07-11 00:00:00+05:30,3048.8464778994216,3066.771732674723,2953.6102330814538,2961.027587890625,6974600,0.0,0.0
2022-07-12 00:00:00+05:30,2962.0737211986207,2982.3287267757064,2929.1238453142323,2933.35546875,3734815,0.0,0.0
2022-07-13 00:00:00+05:30,2951.708553578774,2957.414175782857,2886.0938982318235,2889.659912109375,3863530,0.0,0.0
2022-07-14 00:00:00+05:30,2913.7342590662774,2914.6877061405794,2828.877469453418,2859.1494140625,4764908,8.0,0.0
2022-07-15 00:00:00+05:30,2878.027391135711,2887.895427587111,2815.528895842957,2855.1923828125,4574806,0.0,0.0
2022-07-18 00:00:00+05:30,2882.2706455226353,2933.709071123057,2873.9757021285977,2920.88525390625,3202795,0.0,0.0
2022-07-19 00:00:00+05:30,2888.9924500947695,2935.6159204681726,2888.9924500947695,2931.134765625,1865074,0.0,0.0
2022-07-20 00:00:00+05:30,2963.122996753141,3024.2865361983218,2953.8268873624365,3017.469482421875,3402251,0.0,0.0
2022-07-21 00:00:00+05:30,3019.566899701488,3035.7755000472175,2997.685335789786,3029.387451171875,2420640,0.0,0.0
2022-07-22 00:00:00+05:30,3036.728874021282,3048.170238695773,2997.1608211886655,3023.380615234375,2075886,0.0,0.0
2022-07-25 00:00:00+05:30,3017.6600808510793,3038.11147465442,3002.500365024171,3019.32861328125,1797504,0.0,0.0
2022-07-26 00:00:00+05:30,3017.373967805221,3021.37839903965,2952.3489226361203,2970.845703125,2639367,0.0,0.0
2022-07-27 00:00:00+05:30,2969.987501847027,3045.4052551163504,2965.2202666915746,3040.399658203125,1389808,0.0,0.0
2022-07-28 00:00:00+05:30,3066.2857175375707,3112.051176008281,3052.6036592388677,3108.714111328125,2106333,0.0,0.0
2022-07-29 00:00:00+05:30,3136.8410838871027,3162.870237308436,3122.5393768177087,3148.18701171875,2430257,0.0,0.0
2022-08-01 00:00:00+05:30,3172.1186078774354,3172.1186078774354,3118.725568490259,3145.2314453125,1306913,0.0,0.0
2022-08-02 00:00:00+05:30,3136.8411216228656,3158.6749682347267,3119.3452733207623,3138.557373046875,1269114,0.0,0.0
2022-08-03 00:00:00+05:30,3127.306518097769,3193.094368630924,3124.493895680734,3184.03662109375,2895824,0.0,0.0
2022-08-04 00:00:00+05:30,3194.047817346614,3230.183369692496,3153.3833912298674,3198.767333984375,2150567,0.0,0.0
2022-08-05 00:00:00+05:30,3204.7263523444994,3219.790863109522,3198.815026867766,3208.397216796875,1106933,0.0,0.0
2022-08-08 00:00:00+05:30,3208.34934686621,3221.6021678486986,3180.6993822126824,3217.359375,1068836,0.0,0.0
2022-08-10 00:00:00+05:30,3227.4183510920147,3227.4183510920147,3179.7459973092673,3198.099853515625,1878359,0.0,0.0
2022-08-11 00:00:00+05:30,3241.720290814463,3269.084177302478,3217.9318311177876,3263.1728515625,1449248,0.0,0.0
2022-08-12 00:00:00+05:30,3259.835357832112,3259.835357832112,3223.842732866285,3243.19775390625,1472354,0.0,0.0
2022-08-16 00:00:00+05:30,3252.207893225481,3255.87875748445,3229.8018875113794,3234.759765625,839942,0.0,0.0
2022-08-17 00:00:00+05:30,3227.513646291743,3258.8342416779096,3214.165387822409,3242.768798828125,1622326,0.0,0.0
2022-08-18 00:00:00+05:30,3232.185924503235,3234.092818853974,3205.4894035928837,3223.84326171875,1430659,0.0,0.0
2022-08-19 00:00:00+05:30,3229.3253538065096,3262.219279022431,3214.3085618601112,3228.133544921875,1398410,0.0,0.0
2022-08-22 00:00:00+05:30,3208.349461876094,3226.560394428014,3191.568699960969,3198.385986328125,1536532,0.0,0.0
2022-08-23 00:00:00+05:30,3165.396844309067,3186.324962863284,3117.772205342135,3131.692626953125,1849256,0.0,0.0
2022-08-24 00:00:00+05:30,3138.7479433270682,3154.0030973651096,3098.893806847649,3103.80419921875,1691923,0.0,0.0
2022-08-25 00:00:00+05:30,3123.4923392172527,3125.54215713568,3065.093711080178,3068.383056640625,1946930,0.0,0.0
2022-08-26 00:00:00+05:30,3083.733823837588,3105.377025201523,3067.048500552041,3072.197021484375,1457962,0.0,0.0
2022-08-29 00:00:00+05:30,2979.522131101226,2996.39809789675,2937.570459495321,2986.720703125,2539173,0.0,0.0
2022-08-30 00:00:00+05:30,3008.1254186348683,3076.2968821633604,2995.8260448985316,3061.661376953125,3431525,0.0,0.0
2022-09-01 00:00:00+05:30,3041.4964159263855,3041.4964159263855,2975.7085624157517,2985.910400390625,3546935,0.0,0.0
2022-09-02 00:00:00+05:30,3015.7528756169613,3015.7528756169613,2975.040735074664,2984.67041015625,2052900,0.0,0.0
2022-09-05 00:00:00+05:30,2978.2346533908694,3001.4034622400013,2967.3654506098687,2987.53076171875,2147912,0.0,0.0
2022-09-06 00:00:00+05:30,2989.5336328972317,2994.63466842032,2961.7407407102405,2981.47705078125,1936453,0.0,0.0
2022-09-07 00:00:00+05:30,2957.5931165926477,3014.704508873901,2957.5931165926477,3002.977294921875,1291534,0.0,0.0
2022-09-08 00:00:00+05:30,3022.427549621864,3035.2990865051115,3012.9885156842247,3022.09375,1346113,0.0,0.0
2022-09-09 00:00:00+05:30,3046.263646009475,3082.971361305677,3020.9972965198817,3067.859130859375,1561185,0.0,0.0
2022-09-12 00:00:00+05:30,3089.073140985559,3117.5813487081496,3074.866872421493,3091.981201171875,1785928,0.0,0.0
2022-09-13 00:00:00+05:30,3111.5273033215567,3111.5273033215567,3074.8673040346953,3079.014892578125,1972678,0.0,0.0
2022-09-14 00:00:00+05:30,2989.056405921905,2995.1583737362143,2968.8433756649592,2975.135986328125,5090269,0.0,0.0
2022-09-15 00:00:00+05:30,2984.2893202567147,2991.6785350273185,2955.685908241475,2959.83349609375,2138023,0.0,0.0
2022-09-16 00:00:00+05:30,2932.8030169669905,2950.298862795303,2860.3410438559727,2868.635986328125,5322221,0.0,0.0
2022-09-19 00:00:00+05:30,2894.6653094700814,2900.385991899864,2848.709207172526,2887.800537109375,2072220,0.0,0.0
2022-09-20 00:00:00+05:30,2908.0135266254447,2936.5692194548164,2888.944585467245,2898.76513671875,1544295,0.0,0.0
2022-09-21 00:00:00+05:30,2887.037780054609,2899.813877913079,2858.5772913914934,2861.4853515625,2253818,0.0,0.0
2022-09-22 00:00:00+05:30,2850.8068420099835,2888.8970072737784,2840.6050045484603,2867.396728515625,2017983,0.0,0.0
2022-09-23 00:00:00+05:30,2864.154922719982,2881.7936930496494,2840.318746598811,2843.226806640625,2652374,0.0,0.0
2022-09-26 00:00:00+05:30,2822.0605414632864,2884.988051165235,2789.88170127479,2855.001953125,2925489,0.0,0.0
2022-09-27 00:00:00+05:30,2869.3034644439585,2884.177331561413,2837.4584260253773,2876.978759765625,2227447,0.0,0.0
2022-09-28 00:00:00+05:30,2841.272305936084,2907.9658828039464,2841.272305936084,2894.33154296875,2739767,0.0,0.0
2022-09-29 00:00:00+05:30,2911.827494813244,2913.5914650894583,2850.8068793358216,2857.76708984375,2493902,0.0,0.0
2022-09-30 00:00:00+05:30,2851.617265043389,2879.1240733731,2812.76429690514,2864.679443359375,2817353,0.0,0.0
2022-10-03 00:00:00+05:30,2855.5736435757017,2880.0771838787364,2835.5512574270906,2845.991455078125,1763331,0.0,0.0
2022-10-04 00:00:00+05:30,2888.896888894189,2953.7790082416172,2882.270478345516,2947.247802734375,2145875,0.0,0.0
2022-10-06 00:00:00+05:30,2966.173663916512,2978.5684751125627,2948.487175231732,2957.544921875,1790816,0.0,0.0
2022-10-07 00:00:00+05:30,2953.207001951756,2960.4532931384288,2915.736716538936,2922.219970703125,1939879,0.0,0.0
2022-10-10 00:00:00+05:30,2869.875827303244,2981.4291401917753,2865.108591709717,2973.37255859375,3064063,0.0,0.0
2022-10-11 00:00:00+05:30,2955.6859818162543,2998.5911009071356,2911.2077681354417,2926.653564453125,4730645,0.0,0.0
2022-10-12 00:00:00+05:30,2941.288893260101,2965.1250709836104,2919.502766485917,2956.401123046875,1665247,0.0,0.0
2022-10-13 00:00:00+05:30,2956.401182799277,2965.2205687352257,2910.2544349039513,2958.83251953125,2054781,0.0,0.0
2022-10-14 00:00:00+05:30,2998.59113094742,3003.3583664497214,2928.036045513363,2954.87548828125,2245977,0.0,0.0
2022-10-17 00:00:00+05:30,2937.191027014938,2990.483268227052,2936.0439761217663,2974.5673828125,1517005,8.0,0.0
2022-10-18 00:00:00+05:30,3011.131091491908,3016.245328125322,2990.626769306316,3006.064697265625,1793722,0.0,0.0
2022-10-19 00:00:00+05:30,3019.7343029669437,3019.7343029669437,2974.8063155533805,2984.22216796875,1194289,0.0,0.0
2022-10-20 00:00:00+05:30,2968.1147519687333,3020.6900535333966,2968.1147519687333,3018.109130859375,1587601,0.0,0.0
2022-10-21 00:00:00+05:30,3018.5874697211093,3021.072707900863,2989.145250447638,2999.086669921875,1021913,0.0,0.0
2022-10-24 00:00:00+05:30,3030.3447635341586,3037.8963950165567,3015.9103606913895,3022.31494140625,260949,0.0,0.0
2022-10-25 00:00:00+05:30,3040.286735361021,3043.871415523764,3012.2305452695737,3022.697998046875,2069643,0.0,0.0
2022-10-27 00:00:00+05:30,3021.359154621041,3034.072865161285,2996.170945562209,3018.20458984375,2438421,0.0,0.0
2022-10-28 00:00:00+05:30,3011.131492716648,3038.375063365037,3006.3519189186854,3023.79736328125,1355739,0.0,0.0
2022-10-31 00:00:00+05:30,3057.9706113749667,3057.9706113749667,3037.705269816299,3052.37841796875,1919414,0.0,0.0
2022-11-01 00:00:00+05:30,3072.787578442076,3118.7671655007093,3062.2246751040016,3115.994873046875,2991060,0.0,0.0
2022-11-02 00:00:00+05:30,3125.84051381823,3125.84051381823,3080.0044587697125,3098.7880859375,1405955,0.0,0.0
2022-11-03 00:00:00+05:30,3085.7401780915798,3085.7401780915798,3054.1471538155597,3065.379150390625,1422652,0.0,0.0
2022-11-04 00:00:00+05:30,3075.177541930133,3078.093128395175,3026.5691868423323,3075.559814453125,1464013,0.0,0.0
2022-11-07 00:00:00+05:30,3086.648117379571,3099.8397849965045,3054.2427071136412,3091.140869140625,1474498,0.0,0.0
2022-11-09 00:00:00+05:30,3106.531652518136,3106.531652518136,3060.5042194823604,3074.26953125,1162267,0.0,0.0
2022-11-10 00:00:00+05:30,3030.2493735502094,3082.8246781386197,3030.2493735502094,3064.32763671875,1573092,0.0,0.0
2022-11-11 00:00:00+05:30,3125.4583919935653,3194.28424148655,3111.5497882330083,3169.764892578125,3265394,0.0,0.0
2022-11-14 00:00:00+05:30,3177.46035047922,3201.3582171344488,3163.1216304860823,3188.453369140625,1342074,0.0,0.0
2022-11-15 00:00:00+05:30,3174.592206122489,3192.7067400871492,3146.8706842984748,3185.680908203125,1400708,0.0,0.0
2022-11-16 00:00:00+05:30,3191.703240410619,3219.4247644691677,3175.0225769198732,3207.42822265625,1748235,0.0,0.0
2022-11-17 00:00:00+05:30,3192.7549224698605,3211.873215418782,3171.4858215641857,3201.358154296875,1417986,0.0,0.0
2022-11-18 00:00:00+05:30,3202.3137772803943,3214.5016879252676,3174.5922550293103,3196.052490234375,1164540,0.0,0.0
2022-11-21 00:00:00+05:30,3176.026275063171,3186.7324719634867,3128.7085021164057,3138.74560546875,1304194,0.0,0.0
2022-11-22 00:00:00+05:30,3135.3999131685846,3172.6327404619433,3111.741026628669,3168.80908203125,1149739,0.0,0.0
2022-11-23 00:00:00+05:30,3183.1956932127314,3183.1956932127314,3145.9150229318616,3162.452392578125,1150011,0.0,0.0
2022-11-24 00:00:00+05:30,3170.0516741706488,3243.3702745841306,3162.4522000592347,3231.134521484375,1296591,0.0,0.0
2022-11-25 00:00:00+05:30,3233.8593252552614,3253.3122821206234,3200.402311839969,3240.216064453125,1588981,0.0,0.0
2022-11-28 00:00:00+05:30,3217.60883138668,3266.3604803470844,3217.1787164537277,3245.5693359375,2195437,0.0,0.0
2022-11-29 00:00:00+05:30,3233.8591918707325,3277.831264831434,3233.8591918707325,3247.57666015625,1576028,0.0,0.0
2022-11-30 00:00:00+05:30,3233.8592487700625,3264.3528326391724,3226.2119315988652,3241.3154296875,3410702,0.0,0.0
2022-12-01 00:00:00+05:30,3274.0075783235793,3326.5828825010385,3269.228005216538,3322.424560546875,2180856,0.0,0.0
2022-12-02 00:00:00+05:30,3305.6487057500085,3315.9723977714693,3262.5368595811756,3287.533935546875,2411749,0.0,0.0
2022-12-05 00:00:00+05:30,3281.6550073165936,3287.533789087894,3256.8012263115743,3274.867919921875,1475065,0.0,0.0
2022-12-06 00:00:00+05:30,3250.157856593516,3257.709489451894,3219.520743460773,3236.10595703125,1166999,0.0,0.0
2022-12-07 00:00:00+05:30,3219.807388580279,3244.0875275376375,3206.1377622980617,3231.565185546875,1167505,0.0,0.0
2022-12-08 00:00:00+05:30,3211.8734352517477,3231.5653716879683,3192.2293412266936,3202.840087890625,1285619,0.0,0.0
2022-12-09 00:00:00+05:30,3225.3516389460005,3225.3516389460005,3131.910984080434,3147.587890625,1797896,0.0,0.0
2022-12-12 00:00:00+05:30,3111.979920065664,3150.6944606163192,3093.4352705356423,3141.5654296875,1527610,0.0,0.0
2022-12-13 00:00:00+05:30,3132.723513667092,3189.3614579336304,3123.7380091091813,3185.203369140625,1378016,0.0,0.0
2022-12-14 00:00:00+05:30,3201.1671142618507,3228.123861454561,3193.615248293477,3216.987548828125,1213311,0.0,0.0
2022-12-15 00:00:00+05:30,3210.7261239309446,3216.413769335832,3153.514539653463,3159.3935546875,1415694,0.0,0.0
2022-12-16 00:00:00+05:30,3130.620623514172,3146.87117331562,3083.0160250673507,3097.402587890625,2703680,0.0,0.0
2022-12-19 00:00:00+05:30,3084.7364978506125,3102.4209184301717,3053.6692725081443,3060.886474609375,2120965,0.0,0.0
2022-12-20 00:00:00+05:30,3057.8752083430186,3105.7666245284286,3024.1792177260204,3100.939208984375,1529971,0.0,0.0
2022-12-21 00:00:00+05:30,3105.766898832617,3138.3158414469676,3097.1636664258785,3124.455078125,1432566,0.0,0.0
2022-12-22 00:00:00+05:30,3148.7827915346707,3148.7827915346707,3102.0386594740376,3115.994873046875,1384101,0.0,0.0
2022-12-23 00:00:00+05:30,3075.177131888643,3122.8295659374203,3075.177131888643,3086.02685546875,1360281,0.0,0.0
2022-12-26 00:00:00+05:30,3086.0271112732985,3127.7526918214053,3082.8725462961256,3109.49462890625,870157,0.0,0.0
2022-12-27 00:00:00+05:30,3125.0762809641174,3129.473581921654,3089.03834356035,3115.803955078125,835883,0.0,0.0
2022-12-28 00:00:00+05:30,3106.5315418570963,3122.112997656705,3083.780726031067,3113.509765625,910795,0.0,0.0
2022-12-29 00:00:00+05:30,3088.65614438624,3127.275005713731,3085.6927154039195,3124.646240234375,1037927,0.0,0.0
2022-12-30 00:00:00+05:30,3141.183631964655,3153.5626809905034,3103.090336783516,3113.12744140625,1163131,0.0,0.0
2023-01-02 00:00:00+05:30,3117.237609701219,3122.8298036400374,3092.5749655616423,3117.667724609375,709547,0.0,0.0
2023-01-03 00:00:00+05:30,3108.6342947765625,3173.6364879022713,3102.2297135999884,3165.367919921875,1245178,0.0,0.0
2023-01-04 00:00:00+05:30,3160.922742447344,3180.6625188471344,3141.3264932632574,3168.522216796875,1231668,0.0,0.0
2023-01-05 00:00:00+05:30,3183.3869805218515,3190.1740680153175,3137.2640977934047,3165.129150390625,1826057,0.0,0.0
2023-01-06 00:00:00+05:30,3154.518127586518,3155.9998418674163,3058.9266691748053,3069.967529296875,2488376,0.0,0.0
2023-01-09 00:00:00+05:30,3086.6484744841623,3180.328112297556,3079.1444509613334,3173.5888671875,2885060,0.0,0.0
2023-01-10 00:00:00+05:30,3140.179879139095,3152.6067705938312,3087.700253962065,3141.51806640625,3864655,0.0,0.0
2023-01-11 00:00:00+05:30,3145.0551999622535,3201.836442537986,3126.940428818866,3181.953369140625,2720512,0.0,0.0
2023-01-12 00:00:00+05:30,3182.23952359356,3202.313729059305,3169.3825196255384,3187.353759765625,2250391,0.0,0.0
2023-01-13 00:00:00+05:30,3195.5269004314814,3230.0355116788214,3159.2978295645175,3225.78173828125,1742837,0.0,0.0
2023-01-16 00:00:00+05:30,3178.3037470190434,3212.7984515389967,3160.1461646206717,3194.640869140625,1843607,8.0,0.0
2023-01-17 00:00:00+05:30,3190.759870373638,3240.3939595881056,3182.136195048304,3237.135986328125,1688475,0.0,0.0
2023-01-18 00:00:00+05:30,3238.6693586951515,3266.4088024218,3231.243415638972,3248.251220703125,2421189,0.0,0.0
2023-01-19 00:00:00+05:30,3238.6694969636405,3245.3768006555774,3220.4639583712415,3232.05810546875,1585044,0.0,0.0
2023-01-20 00:00:00+05:30,3224.296778688283,3252.7069078458985,3215.2899213786436,3222.476318359375,1529349,0.0,0.0
2023-01-23 00:00:00+05:30,3246.3352332773065,3276.0390090245314,3215.2900902627675,3272.1103515625,1067916,0.0,0.0
2023-01-24 00:00:00+05:30,3281.787683697825,3307.610754597713,3274.409696859596,3292.615234375,1387863,0.0,0.0
2023-01-25 00:00:00+05:30,3282.074985711235,3291.3693443513557,3262.623760557894,3286.3388671875,874110,0.0,0.0
2023-01-27 00:00:00+05:30,3282.7462249477708,3301.9099507209626,3240.8735309197864,3268.42138671875,1785879,0.0,0.0
2023-01-30 00:00:00+05:30,3276.9962934337677,3313.838500297202,3243.9868307731804,3290.075439453125,1953798,0.0,0.0
2023-01-31 00:00:00+05:30,3304.7842722029536,3304.7842722029536,3210.88202265935,3218.260009765625,2820375,0.0,0.0
2023-02-01 00:00:00+05:30,3222.380147217147,3276.0385736947446,3214.7146577203475,3265.833984375,2205161,0.0,0.0
2023-02-02 00:00:00+05:30,3283.704193188022,3323.948014639407,3277.092801808168,3315.70751953125,1813847,0.0,0.0
2023-02-03 00:00:00+05:30,3357.48448855579,3357.48448855579,3308.5210795248126,3336.69189453125,1804469,0.0,0.0
2023-02-06 00:00:00+05:30,3327.9246235850565,3327.9246235850565,3293.1426483615455,3315.276611328125,1138714,0.0,0.0
2023-02-07 00:00:00+05:30,3323.85233319214,3346.944716391425,3316.665936005499,3327.349853515625,1455647,0.0,0.0
2023-02-08 00:00:00+05:30,3332.6195999697798,3391.8832767966505,3332.6195999697798,3372.911376953125,1986946,0.0,0.0
2023-02-09 00:00:00+05:30,3368.0247366775698,3399.2617026304442,3358.7303766515556,3392.7939453125,1655427,0.0,0.0
2023-02-10 00:00:00+05:30,3372.815863291466,3394.2314212236006,3361.461261769718,3389.632080078125,1187821,0.0,0.0
2023-02-13 00:00:00+05:30,3400.6028934562823,3400.6028934562823,3328.1639216796066,3336.78759765625,1087939,0.0,0.0
2023-02-14 00:00:00+05:30,3358.4430662906543,3377.4631583987357,3348.861203048741,3353.748046875,1579818,0.0,0.0
2023-02-15 00:00:00+05:30,3341.1956013980575,3378.5648667994124,3315.468205875783,3373.4384765625,1429449,0.0,0.0
2023-02-16 00:00:00+05:30,3379.714276580616,3425.5156231677274,3379.5226861293913,3409.2744140625,1618931,0.0,0.0
2023-02-17 00:00:00+05:30,3378.7083181201306,3390.925192685616,3344.069979101453,3354.753662109375,1061369,0.0,0.0
2023-02-20 00:00:00+05:30,3355.568201049833,3374.731925784555,3329.7451287562326,3341.48291015625,1296082,0.0,0.0
2023-02-21 00:00:00+05:30,3347.9026915318927,3362.179572802701,3300.7120196492524,3306.70068359375,1139541,0.0,0.0
2023-02-22 00:00:00+05:30,3272.157961055376,3302.867875966186,3253.042192893879,3259.318359375,1218430,0.0,0.0
2023-02-23 00:00:00+05:30,3277.955046315417,3308.041999937605,3265.498625502175,3271.05615234375,1441570,0.0,0.0
2023-02-24 00:00:00+05:30,3279.3922122840618,3290.3633972962107,3240.8731745025434,3258.26416015625,977592,0.0,0.0
2023-02-27 00:00:00+05:30,3248.251395994712,3248.251395994712,3177.3456133092814,3192.532958984375,1128022,0.0,0.0
2023-02-28 00:00:00+05:30,3189.3226684325964,3250.167490257884,3161.918450384087,3174.3271484375,4116217,0.0,0.0
2023-03-01 00:00:00+05:30,3184.052633480357,3247.2929205130695,3176.387144143059,3244.130859375,1669307,0.0,0.0
2023-03-02 00:00:00+05:30,3220.464186423195,3228.991951005376,3179.262175112217,3182.56787109375,1556538,0.0,0.0
2023-03-03 00:00:00+05:30,3213.756700307668,3217.589445328905,3191.8143286339596,3202.402099609375,1043190,0.0,0.0
2023-03-06 00:00:00+05:30,3221.3259679538846,3262.575929059223,3218.5473216539335,3230.860107421875,1334132,0.0,0.0
2023-03-08 00:00:00+05:30,3223.3384984227782,3254.0004579797132,3191.5747182671407,3248.634521484375,1844590,0.0,0.0
2023-03-09 00:00:00+05:30,3243.4603026484706,3243.4603026484706,3191.5746132410127,3197.32373046875,1648500,0.0,0.0
2023-03-10 00:00:00+05:30,3174.374997765479,3197.7069255241363,3152.432627155415,3191.71826171875,1024404,0.0,0.0
2023-03-13 00:00:00+05:30,3193.634443976869,3228.8957411498454,3135.185088716566,3144.718994140625,1901233,0.0,0.0
2023-03-14 00:00:00+05:30,3142.850563487613,3166.230211911423,3075.2025279079708,3080.5205078125,2670334,0.0,0.0
2023-03-15 00:00:00+05:30,3114.10500771826,3124.0223280080145,3058.530210657442,3065.1416015625,1780522,0.0,0.0
2023-03-16 00:00:00+05:30,3073.861526197017,3085.168170866599,3039.3668207908163,3051.8232421875,1901060,0.0,0.0
2023-03-17 00:00:00+05:30,3018.7657616526217,3086.7010727777847,3012.5375510667645,3046.361572265625,6739966,0.0,0.0
2023-03-20 00:00:00+05:30,3037.1147649777254,3037.1147649777254,2965.6342155296784,3011.86669921875,2289468,0.0,0.0
2023-03-21 00:00:00+05:30,3011.86639978259,3024.7539559764027,2967.93347374548,2976.221923828125,1815297,0.0,0.0
2023-03-22 00:00:00+05:30,2999.170764646264,3012.058322260785,2976.2222519231896,2999.889404296875,1123939,0.0,0.0
2023-03-23 00:00:00+05:30,2984.6540226851557,3014.7891650321244,2971.3353284266377,2993.996337890625,1372218,0.0,0.0
2023-03-24 00:00:00+05:30,3017.2326602410512,3037.4504841659486,2976.1265627190655,2990.020263671875,1329577,0.0,0.0
2023-03-27 00:00:00+05:30,3003.9137912200863,3020.921596577074,2976.126390918529,2991.744873046875,1524217,0.0,0.0
2023-03-28 00:00:00+05:30,2996.2485101537086,3017.8556576449664,2980.1029776949676,2985.612548828125,1303530,0.0,0.0
2023-03-29 00:00:00+05:30,2998.16468475299,3018.2865953889163,2974.3059414289796,3007.650634765625,1740616,0.0,0.0
2023-03-31 00:00:00+05:30,3056.5658546856607,3078.6520921738074,3020.202737171441,3071.848876953125,2382581,0.0,0.0
2023-04-03 00:00:00+05:30,3090.1027454231867,3090.1027454231867,3041.043655490875,3066.196044921875,1521830,0.0,0.0
2023-04-05 00:00:00+05:30,3052.3024682105897,3127.855551775122,3052.3024682105897,3104.33203125,2655065,0.0,0.0
2023-04-06 00:00:00+05:30,3090.1502764519096,3121.1476914025166,3080.568415129578,3086.030029296875,1703464,0.0,0.0
2023-04-10 00:00:00+05:30,3085.359876638433,3135.1855640872527,3080.5689451529697,3126.945068359375,2203187,0.0,0.0
2023-04-11 00:00:00+05:30,3127.519599201594,3136.0953184730206,3058.6738306279203,3079.418701171875,2348779,0.0,0.0
2023-04-12 00:00:00+05:30,3092.977143697257,3124.5972887695048,3065.237699579403,3106.104248046875,2417727,0.0,0.0
2023-04-13 00:00:00+05:30,3075.7777519172714,3094.941476228282,3047.0321654507547,3055.51220703125,4174070,0.0,0.0
2023-04-17 00:00:00+05:30,3003.0512302906805,3031.125896629472,2941.870952588583,3008.225341796875,5505048,0.0,0.0
2023-04-18 00:00:00+05:30,3023.0296128156765,3024.850307019976,2980.5341936880377,2999.841552734375,2617302,0.0,0.0
2023-04-19 00:00:00+05:30,2999.8413770302054,3008.7045991774635,2943.068845978847,2960.412109375,3298034,0.0,0.0
2023-04-20 00:00:00+05:30,2960.7956029211005,2982.833887344138,2949.297367569951,2974.976806640625,2419999,0.0,0.0
2023-04-21 00:00:00+05:30,2979.959241025727,3032.1324356135174,2971.143974301735,3028.68310546875,1929184,0.0,0.0
2023-04-24 00:00:00+05:30,3019.340352329008,3047.9420674245935,2995.433421679121,3042.04931640625,1640676,0.0,0.0
2023-04-25 00:00:00+05:30,3049.906766492714,3057.7638467830097,3015.8911553678345,3043.199462890625,2024090,0.0,0.0
2023-04-26 00:00:00+05:30,3047.990295979533,3074.244504233081,3047.990295979533,3064.423095703125,2000029,0.0,0.0
2023-04-27 00:00:00+05:30,3051.8230556915105,3065.429252983825,3038.0729901094796,3054.649658203125,2434446,0.0,0.0
2023-04-28 00:00:00+05:30,3066.5789660210285,3092.306358603427,3062.6025869350697,3084.640869140625,2931312,0.0,0.0
2023-05-02 00:00:00+05:30,3099.7324667910652,3099.7324667910652,3075.7778109426026,3084.78466796875,2321159,0.0,0.0
2023-05-03 00:00:00+05:30,3081.52689554675,3081.52689554675,3040.4685222866324,3046.936279296875,2468285,0.0,0.0
2023-05-04 00:00:00+05:30,3047.1755348483885,3089.623227292749,3045.115528236952,3086.030029296875,1953253,0.0,0.0
2023-05-05 00:00:00+05:30,3085.3597584876597,3108.356228737257,3075.8258519831193,3095.6123046875,1710027,0.0,0.0
2023-05-08 00:00:00+05:30,3109.314239453082,3118.7524671580377,3096.1871352131675,3114.68017578125,928235,0.0,0.0
2023-05-09 00:00:00+05:30,3116.596772130115,3160.0983354491073,3110.2726491412377,3145.965087890625,1107375,0.0,0.0
2023-05-10 00:00:00+05:30,3152.432848515974,3168.242922072361,3129.484333988748,3149.36669921875,1559987,0.0,0.0
2023-05-11 00:00:00+05:30,3170.63803677057,3171.308720303187,3135.1851484778804,3144.91064453125,1719623,0.0,0.0
2023-05-12 00:00:00+05:30,3142.0364674265234,3152.43288220668,3123.68729361513,3137.389404296875,1027479,0.0,0.0
2023-05-15 00:00:00+05:30,3146.6835359869374,3154.3490257213757,3112.524290930719,3118.944091796875,1150390,0.0,0.0
2023-05-16 00:00:00+05:30,3120.046134312011,3147.641946105402,3114.5365631734703,3121.91455078125,986306,0.0,0.0
2023-05-17 00:00:00+05:30,3119.8062799193326,3142.8507045854262,3064.5189835183965,3074.531982421875,1588815,0.0,0.0
2023-05-18 00:00:00+05:30,3091.0607658843846,3093.9353245223087,3061.4049493895664,3066.05224609375,1369364,0.0,0.0
2023-05-19 00:00:00+05:30,3075.7775464112233,3099.2531071237077,3069.1181994445233,3088.09033203125,1152449,0.0,0.0
2023-05-22 00:00:00+05:30,3094.9416921542615,3170.111359222157,3082.533226583612,3160.76904296875,1333243,0.0,0.0
2023-05-23 00:00:00+05:30,3167.7637083398345,3188.7958495140924,3152.5286407020003,3159.18798828125,1687418,0.0,0.0
2023-05-24 00:00:00+05:30,3139.0181221389685,3178.4953484392604,3139.0181221389685,3165.224609375,1016555,0.0,0.0
2023-05-25 00:00:00+05:30,3156.265470072444,3167.7637049360956,3130.4903538259655,3155.786376953125,1374917,0.0,0.0
2023-05-26 00:00:00+05:30,3155.786355641666,3199.048370451127,3153.390890061249,3189.7060546875,1791115,0.0,0.0
2023-05-29 00:00:00+05:30,3220.2720101186123,3231.0036480469266,3173.5124799322125,3181.513427734375,1210372,0.0,0.0
2023-05-30 00:00:00+05:30,3176.387332692589,3187.8376112834303,3163.3081843073164,3177.537109375,1344224,0.0,0.0
2023-05-31 00:00:00+05:30,3170.638490411608,3188.5565275691674,3128.621927269506,3151.953857421875,5815424,0.0,0.0
2023-06-01 00:00:00+05:30,3175.4293675612025,3200.3422111208256,3159.6192937637493,3185.01123046875,1177314,0.0,0.0
2023-06-02 00:00:00+05:30,3187.1673137249772,3196.413718333963,3159.5715003439377,3167.380859375,2030661,0.0,0.0
2023-06-05 00:00:00+05:30,3176.3869246356744,3187.8851578470253,3147.6892976987756,3151.378173828125,1861468,0.0,0.0
2023-06-06 00:00:00+05:30,3142.850945817369,3151.330987826369,3085.934775310505,3097.1455078125,2022849,0.0,0.0
2023-06-07 00:00:00+05:30,3116.979925659703,3141.749134227448,3105.481690458991,3137.964111328125,1567196,0.0,0.0
2023-06-08 00:00:00+05:30,3124.645099283001,3133.2687748100007,3097.815886532334,3101.12158203125,1759366,0.0,0.0
2023-06-09 00:00:00+05:30,3109.3143800598436,3114.1053113080097,3071.3223888347616,3075.107177734375,1775689,0.0,0.0
2023-06-12 00:00:00+05:30,3080.568476826829,3118.3209176200517,3076.7357322211346,3111.134521484375,2324605,0.0,0.0
2023-06-13 00:00:00+05:30,3123.687085730715,3128.478016843799,3103.5651750557627,3108.068603515625,1371928,0.0,0.0
2023-06-14 00:00:00+05:30,3108.068322312464,3119.710424223246,3090.9648401455056,3115.111083984375,1658544,0.0,0.0
2023-06-15 00:00:00+05:30,3132.7286814445706,3134.8040090362374,3098.653103298817,3104.734619140625,2273810,24.0,0.0
2023-06-16 00:00:00+05:30,3086.1035162741196,3088.4201715952836,3046.5257107792063,3064.77001953125,4156189,0.0,0.0
2023-06-19 00:00:00+05:30,3079.3465397719415,3103.3827241364825,3064.8668538482493,3099.038818359375,1468186,0.0,0.0
2023-06-20 00:00:00+05:30,3102.513793752641,3120.3720716569424,3090.013046354021,3115.738525390625,1528452,0.0,0.0
2023-06-21 00:00:00+05:30,3137.264906369424,3148.2693720799116,3112.1184743701356,3145.180419921875,1645987,0.0,0.0
2023-06-22 00:00:00+05:30,3146.9185238994714,3154.303069725106,3118.0557764920077,3126.164306640625,1529603,0.0,0.0
2023-06-23 00:00:00+05:30,3125.0057172980532,3136.685855328041,3097.8320332466496,3104.782470703125,1119505,0.0,0.0
2023-06-26 00:00:00+05:30,3093.826184254094,3102.417370184952,3062.9361880306524,3079.008544921875,1978803,0.0,0.0
2023-06-27 00:00:00+05:30,3090.9300142192333,3098.3145591162174,3071.913408861394,3086.44140625,863542,0.0,0.0
2023-06-28 00:00:00+05:30,3096.722044286455,3118.8759157668924,3082.628389591678,3103.91357421875,1575872,0.0,0.0
2023-06-30 00:00:00+05:30,3108.305697701378,3195.1838072644596,3102.6104492321356,3187.70263671875,2672406,0.0,0.0
2023-07-03 00:00:00+05:30,3199.33462073063,3203.6785261046707,3155.3645980878946,3158.79150390625,1687264,0.0,0.0
2023-07-04 00:00:00+05:30,3175.8774991607056,3200.010306905088,3163.6180799609497,3194.07373046875,1656681,0.0,0.0
2023-07-05 00:00:00+05:30,3204.837131113213,3213.524942613219,3190.3574452798707,3204.788818359375,1453008,0.0,0.0
2023-07-06 00:00:00+05:30,3191.853515358197,3212.9937610068823,3187.461297145063,3207.63623046875,1848238,0.0,0.0
2023-07-07 00:00:00+05:30,3187.4615941149004,3240.4571514260333,3187.4615941149004,3213.766357421875,1789326,0.0,0.0
2023-07-10 00:00:00+05:30,3209.42239923393,3209.42239923393,3151.937998727288,3158.453857421875,1407431,0.0,0.0
2023-07-11 00:00:00+05:30,3180.704337965122,3180.704337965122,3147.6907012274655,3158.88818359375,1110172,0.0,0.0
2023-07-12 00:00:00+05:30,3167.1416503615897,3175.057164854001,3137.361904424901,3146.82177734375,1515240,0.0,0.0
2023-07-13 00:00:00+05:30,3170.0858542122637,3250.6411251454747,3159.226089943114,3224.67431640625,4585146,0.0,0.0
2023-07-14 00:00:00+05:30,3248.2762020938308,3402.581482366987,3235.7271409861874,3392.735107421875,6306101,0.0,0.0
2023-07-17 00:00:00+05:30,3388.246317666134,3426.762185811846,3356.4393231574772,3370.5810546875,2743228,0.0,0.0
2023-07-18 00:00:00+05:30,3355.425634035318,3401.760625529477,3344.8071984845733,3375.552490234375,2600090,0.0,0.0
2023-07-19 00:00:00+05:30,3378.5934325711964,3394.8590409367935,3326.128608856622,3349.682373046875,2405370,0.0,0.0
2023-07-20 00:00:00+05:30,3341.988364012803,3366.957998434333,3325.48694118173,3351.860107421875,1715404,9.0,0.0
2023-07-21 00:00:00+05:30,3294.516404269076,3324.3735882172123,3250.9643894439278,3259.916748046875,3770223,0.0,0.0
2023-07-24 00:00:00+05:30,3272.2083079945364,3303.6141050423407,3263.5947811120877,3285.515869140625,1680132,0.0,0.0
2023-07-25 00:00:00+05:30,3288.176869065809,3297.177665368333,3271.4334929391425,3289.773681640625,1272980,0.0,0.0
2023-07-26 00:00:00+05:30,3290.9352573347333,3310.7756181322475,3276.079087784632,3279.27294921875,1066803,0.0,0.0
2023-07-27 00:00:00+05:30,3285.709228768211,3301.871818636868,3276.127879716648,3287.596435546875,1701769,0.0,0.0
2023-07-28 00:00:00+05:30,3276.0792821855043,3284.4992909861558,3223.8168652761938,3247.431640625,2599831,0.0,0.0
2023-07-31 00:00:00+05:30,3256.142121096622,3316.389075359419,3252.754742142087,3311.3564453125,2743678,0.0,0.0
2023-08-01 00:00:00+05:30,3305.1138091135126,3348.6658212394595,3305.1138091135126,3340.9716796875,1956167,0.0,0.0
2023-08-02 00:00:00+05:30,3324.4216916900687,3335.5032115333456,3303.7588240644327,3329.938232421875,1914899,0.0,0.0
2023-08-03 00:00:00+05:30,3309.9532298664494,3322.7768790757273,3259.62645561117,3290.54833984375,2026351,0.0,0.0
2023-08-04 00:00:00+05:30,3291.806420549883,3359.3120428456136,3291.806420549883,3332.745361328125,2248493,0.0,0.0
2023-08-07 00:00:00+05:30,3342.8108279865173,3375.7652348323686,3330.519528201516,3371.9423828125,1853889,0.0,0.0
2023-08-08 00:00:00+05:30,3371.9422149162706,3377.6522734682326,3345.3755330785716,3358.925048828125,1634225,0.0,0.0
2023-08-09 00:00:00+05:30,3353.408373044458,3355.4408949825133,3314.840784885995,3351.085693359375,1794589,0.0,0.0
2023-08-10 00:00:00+05:30,3338.9874998244536,3353.407960019928,3319.679488930251,3331.341796875,1096701,0.0,0.0
2023-08-11 00:00:00+05:30,3327.4710055000774,3355.1021519507312,3304.146386116378,3337.82666015625,1679974,0.0,0.0
2023-08-14 00:00:00+05:30,3329.9870551887548,3343.826965137893,3301.2427722388866,3338.8427734375,1190425,0.0,0.0
2023-08-16 00:00:00+05:30,3338.9878166878284,3354.4729775768155,3324.6639956085546,3347.117431640625,1328445,0.0,0.0
2023-08-17 00:00:00+05:30,3343.827118450643,3349.4405368471184,3303.3720860847834,3325.196533203125,1843241,0.0,0.0
2023-08-18 00:00:00+05:30,3300.2746163219726,3300.2746163219726,3248.4961142770385,3258.755126953125,2526749,0.0,0.0
2023-08-21 00:00:00+05:30,3266.4009838975485,3300.0328162502715,3263.4975163563063,3292.193359375,1375579,0.0,0.0
2023-08-22 00:00:00+05:30,3290.596772491379,3301.2428208729684,3256.7714205722896,3273.321044921875,1222012,0.0,0.0
2023-08-23 00:00:00+05:30,3278.983138150151,3292.532655249945,3267.3692663503275,3288.9033203125,1330046,0.0,0.0
2023-08-24 00:00:00+05:30,3298.339128569847,3303.226679523777,3269.4013299076382,3278.74072265625,1152881,0.0,0.0
2023-08-25 00:00:00+05:30,3266.4012056487436,3276.853736763782,3242.4475968073198,3272.49853515625,1158046,0.0,0.0
2023-08-28 00:00:00+05:30,3284.7901187689827,3284.7901187689827,3251.9810250017513,3266.933837890625,1037485,0.0,0.0
2023-08-29 00:00:00+05:30,3272.256632643452,3280.483124702364,3256.7230327340726,3267.51416015625,944517,0.0,0.0
2023-08-30 00:00:00+05:30,3288.661086988279,3298.436189441749,3274.192186849574,3281.837890625,1188200,0.0,0.0
2023-08-31 00:00:00+05:30,3291.5643284136468,3307.436522928247,3236.0596134250104,3248.78662109375,3417652,0.0,0.0
2023-09-01 00:00:00+05:30,3257.690610274266,3279.9505282886175,3248.7866903254844,3270.4658203125,1277950,0.0,0.0
2023-09-04 00:00:00+05:30,3269.3044094003676,3322.389568110734,3261.6102677719696,3308.501220703125,1828332,0.0,0.0
2023-09-05 00:00:00+05:30,3309.9532058179416,3336.0844153375565,3295.5809460682294,3319.00244140625,1501842,0.0,0.0
2023-09-06 00:00:00+05:30,3323.502590742173,3333.0839393407605,3288.757856191549,3319.534423828125,1314818,0.0,0.0
2023-09-07 00:00:00+05:30,3320.4053912816744,3348.6657602674372,3312.178900252116,3344.068603515625,1885092,0.0,0.0
2023-09-08 00:00:00+05:30,3344.06896343331,3353.5052335710643,3324.5189946100018,3331.1484375,1518917,0.0,0.0
2023-09-11 00:00:00+05:30,3350.601571663428,3373.5389181812875,3334.1485887869753,3368.6513671875,1783604,0.0,0.0
2023-09-12 00:00:00+05:30,3379.6361721112294,3474.3859004065025,3370.925769605788,3465.578857421875,4476016,0.0,0.0
2023-09-13 00:00:00+05:30,3456.1910774702974,3473.369927109757,3430.9308153175116,3453.045654296875,1754929,0.0,0.0
2023-09-14 00:00:00+05:30,3455.1748071538586,3481.935005103954,3431.511593986039,3445.49658203125,2604721,0.0,0.0
2023-09-15 00:00:00+05:30,3453.045962330604,3491.2749550793906,3447.8195785130456,3482.51611328125,2952897,0.0,0.0
2023-09-18 00:00:00+05:30,3464.853253835621,3502.8402898709314,3460.2076582227487,3490.11328125,1395753,0.0,0.0
2023-09-20 00:00:00+05:30,3464.804776532169,3508.3567918796407,3464.804776532169,3490.0166015625,1649396,0.0,0.0
2023-09-21 00:00:00+05:30,3473.079505179387,3489.000138164539,3414.4778051163644,3469.93408203125,2004073,0.0,0.0
2023-09-22 00:00:00+05:30,3468.6762279183363,3516.8254026780846,3450.3360367492246,3487.69384765625,1989083,0.0,0.0
2023-09-25 00:00:00+05:30,3486.580537333932,3503.517430992043,3444.141426425265,3462.046142578125,1238778,0.0,0.0
2023-09-26 00:00:00+05:30,3452.8035996753065,3479.273402928026,3422.220314567407,3470.321044921875,1726062,0.0,0.0
2023-09-27 00:00:00+05:30,3474.4826042409986,3497.7103430994343,3441.2862468655285,3473.80517578125,1541134,0.0,0.0
2023-09-28 00:00:00+05:30,3484.16106329964,3486.8710136058316,3413.8488519111356,3422.9462890625,1755753,0.0,0.0
2023-09-29 00:00:00+05:30,3423.381970277491,3453.6264257925736,3392.750480245738,3415.058837890625,2243791,0.0,0.0
2023-10-03 00:00:00+05:30,3420.478494882021,3420.478494882021,3368.119435382542,3400.783447265625,1948148,0.0,0.0
2023-10-04 00:00:00+05:30,3374.119882531136,3433.8344880110067,3365.4094793766553,3423.914306640625,1788138,0.0,0.0
2023-10-05 00:00:00+05:30,3439.6413818603187,3507.388961131625,3436.931431432505,3473.85400390625,2990768,0.0,0.0
2023-10-06 00:00:00+05:30,3475.450604904359,3517.986356613022,3460.013883253429,3504.872314453125,2075691,0.0,0.0
2023-10-09 00:00:00+05:30,3527.761707715126,3560.619236725309,3514.1637533431904,3521.27734375,4233074,0.0,0.0
2023-10-10 00:00:00+05:30,3522.922711444885,3530.6168538777047,3485.4680239855466,3512.13134765625,1848148,0.0,0.0
2023-10-11 00:00:00+05:30,3532.5527030362873,3532.5527030362873,3489.0006834098126,3493.742919921875,2426417,0.0,0.0
2023-10-12 00:00:00+05:30,3459.965608876738,3473.1762921421646,3424.253051371763,3428.559814453125,4241281,0.0,0.0
2023-10-13 00:00:00+05:30,3416.413573393831,3461.901232869613,3411.5744606836415,3455.94921875,2890357,0.0,0.0
2023-10-16 00:00:00+05:30,3451.255137116198,3459.6267074749812,3405.8643550370857,3410.655029296875,1671104,0.0,0.0
2023-10-17 00:00:00+05:30,3416.413874619323,3420.430244008984,3390.6214961138166,3394.202392578125,1672065,0.0,0.0
2023-10-18 00:00:00+05:30,3398.0248472112694,3409.3483233699676,3371.893639328984,3375.0390625,1408245,0.0,0.0
2023-10-19 00:00:00+05:30,3366.5487397082816,3373.680736249968,3349.4708937410264,3353.109619140625,1514545,9.0,0.0
2023-10-20 00:00:00+05:30,3348.015399624975,3395.6585388925573,3341.8539667599803,3390.85546875,1481211,0.0,0.0
2023-10-23 00:00:00+05:30,3369.9453459034216,3375.718743617217,3300.372954094276,3308.960205078125,1106272,0.0,0.0
2023-10-25 00:00:00+05:30,3289.8929187626254,3323.3691923792926,3276.9875253224704,3289.5048828125,1518537,0.0,0.0
2023-10-26 00:00:00+05:30,3268.1090677159104,3273.5913191117124,3231.1880873862106,3237.73779296875,1984471,0.0,0.0
2023-10-27 00:00:00+05:30,3250.5948384651597,3262.238760274587,3237.9805898382797,3251.5166015625,1108851,0.0,0.0
2023-10-30 00:00:00+05:30,3250.5947303259786,3282.470059977352,3234.8269200669347,3278.297607421875,910972,0.0,0.0
2023-10-31 00:00:00+05:30,3298.1409614158165,3298.1409614158165,3250.6435095125316,3268.78857421875,999811,0.0,0.0
2023-11-01 00:00:00+05:30,3255.446399892335,3271.553919461009,3212.752020877354,3231.81884765625,1563475,0.0,0.0
2023-11-02 00:00:00+05:30,3243.996112345013,3275.7743111458535,3243.996112345013,3260.394775390625,1245384,0.0,0.0
2023-11-03 00:00:00+05:30,3281.645029764771,3287.369862763726,3245.063759100798,3251.4677734375,1402598,0.0,0.0
2023-11-06 00:00:00+05:30,3274.8530497698025,3291.639751300455,3259.32782049682,3279.947265625,1099852,0.0,0.0
2023-11-07 00:00:00+05:30,3277.763758475601,3303.1377082062168,3266.1198374863447,3270.437744140625,1191144,0.0,0.0
2023-11-08 00:00:00+05:30,3271.4081010788814,3301.0030671996815,3269.5645749970417,3281.20849609375,992899,0.0,0.0
2023-11-09 00:00:00+05:30,3289.504941002282,3290.863303747934,3242.8806914278243,3248.120361328125,2112352,0.0,0.0
2023-11-10 00:00:00+05:30,3238.9509230792783,3248.120464143148,3223.765403114512,3234.535888671875,1338557,0.0,0.0
2023-11-13 00:00:00+05:30,3256.4163344515828,3256.4163344515828,3228.276860762937,3232.69189453125,1030990,0.0,0.0
2023-11-15 00:00:00+05:30,3282.712809885754,3311.725487490581,3256.465421622652,3303.28369140625,2059802,0.0,0.0
2023-11-16 00:00:00+05:30,3328.269174812701,3424.6226643732857,3312.8894017201505,3394.057373046875,3951984,0.0,0.0
2023-11-17 00:00:00+05:30,3394.05763502657,3419.916749052961,3388.9148556938694,3398.52099609375,2021292,0.0,0.0
2023-11-20 00:00:00+05:30,3387.653493546394,3429.0378374559446,3387.653493546394,3415.162353515625,1475621,0.0,0.0
2023-11-21 00:00:00+05:30,3415.1619846998838,3434.034791838027,3397.113813127883,3406.040771484375,1807236,0.0,0.0
2023-11-22 00:00:00+05:30,3396.1436686511993,3427.8247426874295,3377.8045875989555,3425.39892578125,1798051,0.0,0.0
2023-11-23 00:00:00+05:30,3425.2537788995137,3438.838354793166,3396.1439734131154,3404.149169921875,2729804,0.0,0.0
2023-11-24 00:00:00+05:30,3390.564144485258,3400.558557089705,3350.538167248364,3354.5166015625,1989733,0.0,0.0
2023-11-28 00:00:00+05:30,3354.5168681622845,3377.9501655757736,3331.131897571743,3367.179443359375,1689195,0.0,0.0
2023-11-29 00:00:00+05:30,3377.707636711802,3413.6097287998045,3372.6619846624567,3409.48583984375,1441634,0.0,0.0
2023-11-30 00:00:00+05:30,3395.6098017899412,3412.2993740382794,3377.7073211384363,3384.111572265625,3266235,0.0,0.0
2023-12-01 00:00:00+05:30,3396.143785633172,3412.5907774443576,3386.489081393253,3407.447998046875,1172141,0.0,0.0
2023-12-04 00:00:00+05:30,3439.468841218076,3442.5255128152107,3394.2031901727914,3408.224365234375,1625213,0.0,0.0
2023-12-05 00:00:00+05:30,3433.0159043966464,3433.0159043966464,3398.860451539939,3426.805908203125,1377656,0.0,0.0
2023-12-06 00:00:00+05:30,3427.7764215249854,3505.645144341894,3420.5472976156907,3497.15478515625,1896572,0.0,0.0
2023-12-07 00:00:00+05:30,3498.0278932478222,3522.8197888025034,3485.1225002430124,3507.634033203125,1967653,0.0,0.0
2023-12-08 00:00:00+05:30,3525.197090292315,3536.8410113172276,3495.165524694797,3519.083984375,1641155,0.0,0.0
2023-12-11 00:00:00+05:30,3515.396444856869,3544.6033727717618,3507.7309588201256,3534.802978515625,1102503,0.0,0.0
2023-12-12 00:00:00+05:30,3530.970488905042,3588.656366966414,3523.2564386013037,3563.136962890625,2236866,0.0,0.0
2023-12-13 00:00:00+05:30,3535.4340618974347,3541.6926220283585,3457.274195147135,3486.917724609375,3850968,0.0,0.0
2023-12-14 00:00:00+05:30,3522.286477062598,3568.8621660154918,3519.9577873734347,3558.43115234375,3290396,0.0,0.0
2023-12-15 00:00:00+05:30,3557.8973346125026,3780.344760041801,3557.8973346125026,3746.431884765625,8531230,0.0,0.0
2023-12-18 00:00:00+05:30,3743.617841274432,3812.413915155438,3716.497018281129,3744.68505859375,2521612,0.0,0.0
2023-12-19 00:00:00+05:30,3730.906395592648,3740.7067906360326,3677.538423744119,3702.9609375,2004435,0.0,0.0
2023-12-20 00:00:00+05:30,3713.6829184719973,3783.1098422812192,3654.7841342747074,3667.883544921875,2586083,0.0,0.0
2023-12-21 00:00:00+05:30,3644.789838029213,3693.742774963741,3632.2727177698935,3675.112548828125,1517562,0.0,0.0
2023-12-22 00:00:00+05:30,3687.2416987079955,3731.8281660802413,3650.3692817209153,3710.529541015625,2413058,0.0,0.0
2023-12-26 00:00:00+05:30,3706.503061775713,3720.2330917559775,3677.684165209939,3682.924072265625,1285231,0.0,0.0
2023-12-27 00:00:00+05:30,3686.271679027332,3704.901907046177,3656.1915468741745,3698.109619140625,1293976,0.0,0.0
2023-12-28 00:00:00+05:30,3710.529500738545,3724.1140752705373,3679.576172099119,3687.14453125,1682889,0.0,0.0
2023-12-29 00:00:00+05:30,3679.4792837014024,3709.1713790087365,3653.6684956553563,3680.837646484375,1574996,0.0,0.0
2024-01-01 00:00:00+05:30,3677.538461548317,3718.2921859243143,3661.0429064437467,3698.012451171875,825907,0.0,0.0
2024-01-02 00:00:00+05:30,3698.012444542969,3698.012444542969,3655.463520958684,3670.940185546875,1344068,0.0,0.0
2024-01-03 00:00:00+05:30,3655.2209469515005,3659.9271265500897,3577.64336897667,3582.203857421875,1803075,0.0,0.0
2024-01-04 00:00:00+05:30,3591.9072593051314,3608.645396732838,3542.6631738294145,3557.994384765625,3598144,0.0,0.0
2024-01-05 00:00:00+05:30,3565.9511553490497,3636.5424333222863,3565.805701080782,3626.984619140625,1963127,0.0,0.0
2024-01-08 00:00:00+05:30,3626.984658768209,3628.779858209541,3563.4282497267695,3569.1533203125,1067805,0.0,0.0
2024-01-09 00:00:00+05:30,3599.86379072798,3641.0057883450772,3573.4709496864793,3580.40869140625,1370944,0.0,0.0
2024-01-10 00:00:00+05:30,3580.505746958656,3618.5910723158718,3578.565093437269,3602.871826171875,1292227,0.0,0.0
2024-01-11 00:00:00+05:30,3613.4972671060027,3661.04328377845,3597.001710301276,3624.70458984375,1777909,0.0,0.0
2024-01-12 00:00:00+05:30,3733.817298835654,3789.368504749984,3708.2007676353774,3767.584716796875,6813450,0.0,0.0
2024-01-15 00:00:00+05:30,3842.494234352608,3847.345868486892,3769.719722338354,3787.9619140625,2801505,0.0,0.0
2024-01-16 00:00:00+05:30,3783.303926653488,3783.303926653488,3741.1432775430862,3746.72265625,1432672,0.0,0.0
2024-01-17 00:00:00+05:30,3705.6780107900527,3793.929184956077,3699.419450374162,3769.33154296875,3458696,0.0,0.0
2024-01-18 00:00:00+05:30,3782.33376536201,3792.813341901306,3747.402001495147,3786.79736328125,2239110,0.0,0.0
2024-01-19 00:00:00+05:30,3836.7873325006367,3854.828547294304,3807.658918491698,3834.890869140625,2941975,9.0,0.0
2024-01-23 00:00:00+05:30,3793.0217765907473,3825.9917939789893,3737.342162049768,3752.4169921875,2618854,0.0,0.0
2024-01-24 00:00:00+05:30,3773.570326867422,3777.1201111922514,3701.211238257574,3736.418212890625,2657709,0.0,0.0
2024-01-25 00:00:00+05:30,3734.5703920972205,3755.0917082724923,3675.049172415224,3705.782470703125,2205154,0.0,0.0
2024-01-29 00:00:00+05:30,3696.542838242831,3715.216128362602,3677.1401208727275,3696.7373046875,1646747,0.0,0.0
2024-01-30 00:00:00+05:30,3703.0101960268325,3742.253475636006,3683.1211945510818,3696.299560546875,1411621,0.0,0.0
2024-01-31 00:00:00+05:30,3706.6573937828534,3728.8320292389103,3692.3119914794433,3711.277099609375,2459358,0.0,0.0
2024-02-01 00:00:00+05:30,3715.2160408467994,3797.787108661937,3700.6761721547505,3748.42919921875,2363107,0.0,0.0
2024-02-02 00:00:00+05:30,3768.7561904233226,3875.1065425906513,3765.7898054070656,3857.503173828125,2826510,0.0,0.0
2024-02-05 00:00:00+05:30,3873.7451580026022,3911.6753767226883,3853.4185460249905,3864.311279296875,1691523,0.0,0.0
2024-02-06 00:00:00+05:30,3887.3609135699685,4036.066718938935,3880.552925980529,4022.548095703125,4474396,0.0,0.0
2024-02-07 00:00:00+05:30,4039.0820610027527,4041.027200449419,3962.2003768845075,3971.39111328125,2124267,0.0,0.0
2024-02-08 00:00:00+05:30,3977.8100212634604,4043.944760003293,3973.9684184871803,4020.700439453125,2345173,0.0,0.0
2024-02-09 00:00:00+05:30,4023.0829671480524,4069.961016230209,3987.5357348811417,4020.3115234375,2100596,0.0,0.0
2024-02-12 00:00:00+05:30,4016.712921281345,4045.501079810897,3992.933401804451,4007.668212890625,1013716,0.0,0.0
2024-02-13 00:00:00+05:30,4012.287867137159,4055.615657406954,3969.543238778533,4035.677978515625,1257415,0.0,0.0
2024-02-14 00:00:00+05:30,3994.3436924832126,4002.026898009872,3938.4209356490796,3987.633056640625,1391283,0.0,0.0
2024-02-15 00:00:00+05:30,4014.767486410783,4032.565320923148,3971.001852474619,3990.64794921875,1091582,0.0,0.0
2024-02-16 00:00:00+05:30,4000.4223420557987,4034.1707007993286,3987.633145403081,4015.059326171875,1307556,0.0,0.0
2024-02-19 00:00:00+05:30,4009.9531672226553,4015.059157963777,3943.769991476078,3991.231201171875,772291,0.0,0.0
2024-02-20 00:00:00+05:30,3970.126790678697,3985.59055363256,3900.0044216853503,3920.087890625,1193648,0.0,0.0
2024-02-21 00:00:00+05:30,3902.922211469392,3951.89119090927,3871.4110481235507,3882.011962890625,1885939,0.0,0.0
2024-02-22 00:00:00+05:30,3862.074308087051,3982.6242758305775,3862.074308087051,3974.98974609375,2982052,0.0,0.0
2024-02-23 00:00:00+05:30,4016.7127903511646,4016.7127903511646,3935.4058698837393,3940.94970703125,2538072,0.0,0.0
2024-02-26 00:00:00+05:30,3925.2910661086835,3938.9070410654526,3873.501732790971,3891.2998046875,1379284,0.0,0.0
2024-02-27 00:00:00+05:30,3889.306428909715,4010.877647617821,3889.306428909715,3991.815185546875,2960475,0.0,0.0
2024-02-28 00:00:00+05:30,3983.2564674982855,4040.9296594385924,3976.8374126470994,4005.966064453125,1939225,0.0,0.0
2024-02-29 00:00:00+05:30,3986.5631905150553,4024.590760669227,3953.0582119210476,3982.770263671875,3772719,0.0,0.0
2024-03-01 00:00:00+05:30,3994.5383868724766,4026.438482479131,3974.697822898346,3982.040771484375,2043265,0.0,0.0
2024-03-04 00:00:00+05:30,3992.398627973585,4004.944682155846,3964.0967546589172,3968.76513671875,1749271,0.0,0.0
2024-03-05 00:00:00+05:30,3950.5780066427474,3952.5231459862443,3870.8272935593636,3902.046875,2070859,0.0,0.0
2024-03-06 00:00:00+05:30,3884.491922362945,3960.3036803464424,3849.86834727239,3952.81494140625,1744204,0.0,0.0
2024-03-07 00:00:00+05:30,3953.495527554923,4010.877135457934,3926.9443292907104,3995.899658203125,2688905,0.0,0.0
2024-03-11 00:00:00+05:30,3976.837411355519,4039.081870716427,3976.837411355519,4009.272705078125,2304068,0.0,0.0
2024-03-12 00:00:00+05:30,4009.2728432697927,4113.921439154857,4008.0082177129125,4077.25537109375,4039801,0.0,0.0
2024-03-13 00:00:00+05:30,4089.6555531194454,4124.668062016544,4018.560613686994,4035.191650390625,2837260,0.0,0.0
2024-03-14 00:00:00+05:30,4039.5200133888384,4109.10718896528,3973.919993872695,4092.1845703125,2919608,0.0,0.0
2024-03-15 00:00:00+05:30,4077.595761278169,4122.7228997396605,4062.4235791961696,4103.5146484375,3373143,0.0,0.0
2024-03-18 00:00:00+05:30,4099.624452160784,4138.040955537891,4004.8962577982884,4038.595703125,1526904,0.0,0.0
2024-03-19 00:00:00+05:30,3940.1231446758306,3946.687990396673,3857.7952114653012,3868.20166015625,8931209,0.0,0.0
2024-03-20 00:00:00+05:30,3876.6627036313866,3907.78493306345,3851.570358663032,3861.976806640625,1817913,0.0,0.0
2024-03-21 00:00:00+05:30,3880.6017398046433,3898.4482511532437,3839.705136843681,3863.970703125,3829582,0.0,0.0
2024-03-22 00:00:00+05:30,3790.103935402895,3829.979291151296,3749.2560100020937,3803.62255859375,5852485,0.0,0.0
2024-03-26 00:00:00+05:30,3768.7074918273493,3838.440690058343,3765.254821991244,3771.138916015625,3440925,0.0,0.0
2024-03-27 00:00:00+05:30,3781.8371355577046,3788.158838368847,3724.3581734819704,3735.542724609375,1968575,0.0,0.0
2024-03-28 00:00:00+05:30,3744.4904030363223,3807.6100766344457,3735.15363967167,3769.9716796875,4311783,0.0,0.0
2024-04-01 00:00:00+05:30,3790.7847561528083,3825.408331390376,3781.39955381263,3809.312255859375,1569676,0.0,0.0
2024-04-02 00:00:00+05:30,3783.2959977168784,3802.6016005490583,3766.76231340809,3777.26611328125,2142666,0.0,0.0
2024-04-03 00:00:00+05:30,3745.365666529009,3871.7997191513855,3745.365666529009,3839.024169921875,3973090,0.0,0.0
2024-04-04 00:00:00+05:30,3866.8397293202797,3918.1427803858774,3827.304866462404,3893.48828125,3394637,0.0,0.0
2024-04-05 00:00:00+05:30,3868.882188290232,3892.223860617775,3851.862218884732,3870.097900390625,1636819,0.0,0.0
2024-04-08 00:00:00+05:30,3873.744848144601,3922.032835444371,3851.375746586146,3863.58154296875,2302538,0.0,0.0
2024-04-09 00:00:00+05:30,3874.717608938137,3905.694048254169,3817.384673734395,3838.294921875,1876992,0.0,0.0
2024-04-10 00:00:00+05:30,3847.874516418791,3880.747418488778,3810.527936369096,3875.349609375,2101965,0.0,0.0
2024-04-12 00:00:00+05:30,3862.0743563623423,3903.262778963109,3837.2738285136293,3891.640380859375,4354821,0.0,0.0
2024-04-15 00:00:00+05:30,3891.6401996365257,3952.717622669279,3811.549229426857,3833.091552734375,4200329,0.0,0.0
2024-04-16 00:00:00+05:30,3794.966858011438,3820.9344207504923,3756.8908503515418,3766.56787109375,3051420,0.0,0.0
2024-04-18 00:00:00+05:30,3770.458043062613,3828.0341184943036,3744.393129116633,3756.06396484375,3476284,0.0,0.0
2024-04-19 00:00:00+05:30,3732.7227084538367,3746.8736458352478,3696.6402756744365,3721.246337890625,2957749,0.0,0.0
2024-04-22 00:00:00+05:30,3731.7499984522474,3771.6253567885888,3707.4357555642346,3758.593017578125,1728883,0.0,0.0
2024-04-23 00:00:00+05:30,3770.701160969628,3788.1587384759064,3754.7024379197587,3768.41552734375,1807586,0.0,0.0
2024-04-24 00:00:00+05:30,3783.2958222419466,3791.076379202855,3719.5438361547485,3725.962890625,1317312,0.0,0.0
2024-04-25 00:00:00+05:30,3706.657601197812,3767.394531605907,3706.4631347461445,3746.532958984375,2856271,0.0,0.0
2024-04-26 00:00:00+05:30,3749.401962592489,3770.4582389436573,3698.2449391305313,3716.529296875,2039178,0.0,0.0
2024-04-29 00:00:00+05:30,3732.7223668381052,3771.4306869167895,3714.4380096837563,3764.0390625,1110693,0.0,0.0
2024-04-30 00:00:00+05:30,3765.789691120071,3775.2722452234852,3705.4903727188716,3715.84814453125,2203078,0.0,0.0
2024-05-02 00:00:00+05:30,3674.417045390118,3764.9147045184022,3674.417045390118,3757.32861328125,2491044,0.0,0.0
2024-05-03 00:00:00+05:30,3783.4419996244737,3786.7975551120285,3693.430862032895,3737.974365234375,2962234,0.0,0.0
2024-05-06 00:00:00+05:30,3747.3107307619052,3831.8756113914383,3747.3107307619052,3813.494140625,2053831,0.0,0.0
2024-05-07 00:00:00+05:30,3822.977257549098,3878.608200295267,3806.1517532235525,3869.806396484375,2062112,0.0,0.0
2024-05-08 00:00:00+05:30,3852.348401343754,3875.009321781588,3830.562936061199,3867.86083984375,1247685,0.0,0.0
2024-05-09 00:00:00+05:30,3853.32122962492,3862.074357102614,3802.7962801729855,3851.570556640625,1726486,0.0,0.0
2024-05-10 00:00:00+05:30,3853.9048405813305,3864.6031074267457,3778.4820118323983,3787.089111328125,1672489,0.0,0.0
2024-05-13 00:00:00+05:30,3777.9472723850045,3846.5134411848867,3763.8450107169433,3839.510986328125,931326,0.0,0.0
2024-05-14 00:00:00+05:30,3828.034438772876,3837.5656695695525,3786.1165886350204,3794.18896484375,1058317,0.0,0.0
2024-05-15 00:00:00+05:30,3797.398006734315,3819.2321467858865,3769.1934883080644,3773.958984375,1115021,0.0,0.0
2024-05-16 00:00:00+05:30,3811.871456246998,3829.8967089471585,3765.2405680620036,3821.520751953125,2599399,28.0,0.0
2024-05-17 00:00:00+05:30,3839.20344304432,3840.1830815855405,3752.0156128756685,3756.0322265625,2765804,0.0,0.0
2024-05-21 00:00:00+05:30,3752.6034232070624,3766.465212644621,3732.471803718336,3742.4150390625,1908117,0.0,0.0
2024-05-22 00:00:00+05:30,3756.9135247789995,3763.0362652039976,3739.8188813463134,3753.974609375,1311168,0.0,0.0
2024-05-23 00:00:00+05:30,3762.7425611972685,3825.488456831451,3747.6071937538322,3814.173583984375,2095742,0.0,0.0
2024-05-24 00:00:00+05:30,3799.2830150964464,3804.720056608894,3766.0243358337225,3771.118408203125,1309452,0.0,0.0
2024-05-27 00:00:00+05:30,3776.5065844447445,3828.770396397948,3763.134613996444,3768.718505859375,1841538,0.0,0.0
2024-05-28 00:00:00+05:30,3779.4454201140243,3791.2010823849855,3752.015541481782,3761.7138671875,1801993,0.0,0.0
2024-05-29 00:00:00+05:30,3770.5305466531386,3770.5305466531386,3722.6263194210433,3726.201904296875,1568095,0.0,0.0
2024-05-30 00:00:00+05:30,3700.094707884028,3717.140322546408,3639.7979088533293,3660.027587890625,2919230,0.0,0.0
2024-05-31 00:00:00+05:30,3663.848191542404,3673.4486972044233,3579.3543662695342,3596.2041015625,10956800,0.0,0.0
2024-06-03 00:00:00+05:30,3656.7944695717038,3675.162690587452,3620.7437266242205,3627.454345703125,2156773,0.0,0.0
2024-06-04 00:00:00+05:30,3624.662356472914,3668.7460878354223,3518.3715819655326,3639.35693359375,3395997,0.0,0.0
2024-06-05 00:00:00+05:30,3640.3368024377764,3706.756343061055,3624.6625858503157,3670.166748046875,2799670,0.0,0.0
2024-06-06 00:00:00+05:30,3704.013180177749,3761.713792341841,3665.317459305752,3752.4072265625,4328036,0.0,0.0
2024-06-07 00:00:00+05:30,3759.1671447156646,3835.285014018203,3759.1671447156646,3814.66357421875,4552445,0.0,0.0
2024-06-10 00:00:00+05:30,3815.692029571215,3826.369993755079,3763.673128570854,3780.131103515625,1734661,0.0,0.0
2024-06-11 00:00:00+05:30,3766.7099983889166,3800.9483158199455,3762.7914444244025,3773.66552734375,1419898,0.0,0.0
2024-06-12 00:00:00+05:30,3795.5116294923823,3814.222822091495,3749.5176458643236,3753.632080078125,2177001,0.0,0.0
2024-06-13 00:00:00+05:30,3778.2696767431717,3810.7936259222747,3773.5673642808747,3799.184814453125,1932323,0.0,0.0
2024-06-14 00:00:00+05:30,3809.8142929599544,3809.8142929599544,3750.0563418489855,3754.02392578125,1860730,0.0,0.0
2024-06-18 00:00:00+05:30,3748.1459390773957,3763.7711253531625,3717.7771455099964,3737.4189453125,1774045,0.0,0.0
2024-06-19 00:00:00+05:30,3749.7130742346512,3755.7870240522284,3715.7196673389967,3724.29150390625,1509050,0.0,0.0
2024-06-20 00:00:00+05:30,3718.7075786768105,3732.373487303002,3703.0823931387763,3710.1357421875,2846526,0.0,0.0
2024-06-21 00:00:00+05:30,3749.0765965704545,3798.8422809619256,3720.716109397647,3733.157470703125,4642195,0.0,0.0
2024-06-24 00:00:00+05:30,3731.1980908539826,3778.465647895979,3714.103447073741,3739.084228515625,1702154,0.0,0.0
2024-06-25 00:00:00+05:30,3739.2802584559718,3769.3060836478994,3715.670874281783,3760.29345703125,1338808,0.0,0.0
2024-06-26 00:00:00+05:30,3766.2203623856353,3788.2131997476017,3762.7916274998634,3777.33935546875,1639845,0.0,0.0
2024-06-27 00:00:00+05:30,3752.9950629497644,3861.734935564597,3740.357822070456,3854.044677734375,4526556,0.0,0.0
2024-06-28 00:00:00+05:30,3838.027726477141,3879.368422948388,3818.4839864227138,3824.655517578125,2731571,0.0,0.0
2024-07-01 00:00:00+05:30,3804.9160952694638,3920.2195037726297,3804.9160952694638,3897.197998046875,2658723,0.0,0.0
2024-07-02 00:00:00+05:30,3912.2844044394196,3941.477440367746,3901.4593511938683,3935.599609375,2307449,0.0,0.0
2024-07-03 00:00:00+05:30,3938.1466812760073,3944.122571659196,3874.470180210599,3884.511474609375,1821198,0.0,0.0
2024-07-04 00:00:00+05:30,3918.406920797747,3964.939746827141,3901.0183384393945,3939.0771484375,2518001,0.0,0.0
2024-07-05 00:00:00+05:30,3928.3503724029933,3944.759317225375,3906.798325472104,3930.11376953125,1668616,0.0,0.0
2024-07-08 00:00:00+05:30,3940.1059700674,3949.167626015467,3897.050906666984,3911.892333984375,1758882,0.0,0.0
2024-07-09 00:00:00+05:30,3903.8593018588867,3925.3623184354674,3894.160976676417,3904.34912109375,1305801,0.0,0.0
2024-07-10 00:00:00+05:30,3902.5860570627137,3921.787068375789,3822.5496350896506,3829.553955078125,2669716,0.0,0.0
2024-07-11 00:00:00+05:30,3850.9590262250354,3898.9613137562046,3816.2799182478925,3843.8076171875,4872189,0.0,0.0
2024-07-12 00:00:00+05:30,3898.960856509658,4114.432515279782,3890.438050209988,4098.75830078125,13509164,0.0,0.0
2024-07-15 00:00:00+05:30,4149.454795147631,4153.667049168463,4072.405847991194,4084.308837890625,4848030,0.0,0.0
2024-07-16 00:00:00+05:30,4087.051989689471,4109.142647435194,4060.503689582387,4093.370849609375,2029521,0.0,0.0
2024-07-18 00:00:00+05:30,4075.2956638681476,4236.935996689841,4075.2956638681476,4227.67822265625,5613364,0.0,0.0
2024-07-19 00:00:00+05:30,4239.3146448495845,4279.916877333292,4207.746211320331,4224.5859375,3903354,10.0,0.0
2024-07-22 00:00:00+05:30,4222.18080459986,4241.819082313878,4187.862722514556,4209.80859375,1896386,0.0,0.0
2024-07-23 00:00:00+05:30,4205.536980663162,4282.8137917236645,4189.13882773974,4224.537109375,2365208,0.0,0.0
2024-07-24 00:00:00+05:30,4209.955327580733,4260.622174468574,4190.9062961576155,4228.3662109375,1809793,0.0,0.0
2024-07-25 00:00:00+05:30,4217.319636983082,4264.4514978853385,4196.896022372138,4244.322265625,2810342,0.0,0.0
2024-07-26 00:00:00+05:30,4271.325188060915,4342.465037283493,4258.60921210032,4308.49072265625,3552210,0.0,0.0
2024-07-29 00:00:00+05:30,4335.149576043135,4350.860197383269,4291.945367357768,4301.86279296875,1746803,0.0,0.0
2024-07-30 00:00:00+05:30,4311.681741041037,4318.456850304975,4249.035353541636,4286.3974609375,1797906,0.0,0.0
2024-07-31 00:00:00+05:30,4271.32489689292,4334.167378134563,4266.415328045917,4306.03564453125,2330091,0.0,0.0
2024-08-01 00:00:00+05:30,4319.831452135074,4339.3714407578755,4286.102617400063,4317.5732421875,2202244,0.0,0.0
2024-08-02 00:00:00+05:30,4286.053969556137,4318.457126714295,4192.772153494779,4205.5859375,2811282,0.0,0.0
2024-08-05 00:00:00+05:30,4162.332487870675,4162.332487870675,4036.1565679151713,4079.900634765625,2787771,0.0,0.0
2024-08-06 00:00:00+05:30,4095.513554753193,4181.23443768936,4085.546746125882,4095.759033203125,2203067,0.0,0.0
2024-08-07 00:00:00+05:30,4151.531513665411,4168.175144224216,4104.694033994683,4124.47998046875,1237666,0.0,0.0
2024-08-08 00:00:00+05:30,4105.3818365287825,4155.459443240806,4084.7616455297143,4097.08447265625,2441283,0.0,0.0
2024-08-09 00:00:00+05:30,4140.730579021024,4176.717624634707,4129.487474001761,4152.26806640625,1302536,0.0,0.0
2024-08-12 00:00:00+05:30,4153.494944715224,4162.332168001852,4110.634507665087,4119.76611328125,936912,0.0,0.0
2024-08-13 00:00:00+05:30,4136.802982285547,4157.423172797769,4107.345567268085,4121.04345703125,1495593,0.0,0.0
2024-08-14 00:00:00+05:30,4132.875360818273,4228.317578037032,4112.40236132334,4217.5654296875,3226545,0.0,0.0
2024-08-16 00:00:00+05:30,4271.32496210224,4346.932323500371,4246.875404760914,4336.18017578125,3457058,0.0,0.0
2024-08-19 00:00:00+05:30,4341.040435668673,4412.965613662957,4310.94487687575,4408.79248046875,2055210,0.0,0.0
2024-08-20 00:00:00+05:30,4423.5214046887,4482.436229168461,4418.611835982054,4441.490234375,2212298,0.0,0.0
2024-08-21 00:00:00+05:30,4436.286551737751,4477.5269313687795,4411.29665372891,4469.1806640625,1896990,0.0,0.0
2024-08-22 00:00:00+05:30,4477.527175422035,4478.46018536363,4415.863177154606,4420.576171875,1829872,0.0,0.0
2024-08-23 00:00:00+05:30,4418.611731898268,4424.503214207465,4374.425614579285,4383.16455078125,1809253,0.0,0.0
2024-08-26 00:00:00+05:30,4407.810646937247,4469.818401872383,4403.882992094799,4421.017578125,1844164,0.0,0.0
2024-08-27 00:00:00+05:30,4423.521595654713,4428.431164573309,4405.650573010988,4415.8134765625,930697,0.0,0.0
2024-08-28 00:00:00+05:30,4417.384955013821,4479.981963267699,4376.684433945564,4424.552734375,1848058,0.0,0.0
2024-08-29 00:00:00+05:30,4379.335301984835,4473.599021489441,4379.335301984835,4430.1982421875,2133641,0.0,0.0
2024-08-30 00:00:00+05:30,4418.6122679625305,4509.193819455762,4406.6327273671195,4471.39013671875,3637222,0.0,0.0
2024-09-02 00:00:00+05:30,4493.237605774205,4505.0205715236125,4430.395121777363,4439.28125,1216500,0.0,0.0
2024-09-03 00:00:00+05:30,4439.281131802064,4473.500923144872,4414.586095966468,4430.73876953125,1717263,0.0,0.0
2024-09-04 00:00:00+05:30,4395.979094770648,4405.847136492228,4356.457065075125,4398.2373046875,1265505,0.0,0.0
2024-09-05 00:00:00+05:30,4399.955543002937,4417.629990620445,4373.591062750139,4394.9970703125,1688793,0.0,0.0
2024-09-06 00:00:00+05:30,4393.033641173875,4437.219764224585,4359.697474336681,4376.14453125,1649179,0.0,0.0
2024-09-09 00:00:00+05:30,4374.425840570686,4409.03830092537,4350.3689532319695,4369.07421875,1184938,0.0,0.0
2024-09-10 00:00:00+05:30,4362.103244516713,4457.83984203426,4360.139416875328,4426.3203125,1385591,0.0,0.0
2024-09-11 00:00:00+05:30,4439.674606828533,4467.06990758778,4390.38233935696,4398.3359375,1325919,0.0,0.0
2024-09-12 00:00:00+05:30,4428.676250398551,4450.622117409099,4351.153972266564,4435.99169921875,2742216,0.0,0.0
2024-09-13 00:00:00+05:30,4448.069288517899,4464.761822271718,4423.521444762281,4440.80322265625,1458786,0.0,0.0
2024-09-16 00:00:00+05:30,4445.123383881834,4463.828648356052,4413.162284266815,4431.6220703125,1155120,0.0,0.0
2024-09-17 00:00:00+05:30,4431.622797592129,4453.7647636995625,4385.227366985309,4424.16015625,1699364,0.0,0.0
2024-09-18 00:00:00+05:30,4415.715125527233,4415.715125527233,4242.84939817985,4267.54443359375,2961779,0.0,0.0
2024-09-19 00:00:00+05:30,4310.650337218327,4342.219248359466,4204.35817203477,4218.44873046875,2927551,0.0,0.0
2024-09-20 00:00:00+05:30,4238.8235853352135,4252.374283438895,4151.040587546543,4207.40234375,5447908,0.0,0.0
2024-09-23 00:00:00+05:30,4222.22911114853,4231.459004478235,4176.0791650499295,4191.298828125,1702319,0.0,0.0
2024-09-24 00:00:00+05:30,4174.753342987435,4213.39174349326,4163.314144118252,4194.0478515625,3012026,0.0,0.0
2024-09-25 00:00:00+05:30,4175.44077610614,4212.017061063411,4163.314046143049,4197.435546875,2713073,0.0,0.0
2024-09-26 00:00:00+05:30,4182.952549413949,4238.725058292773,4182.952549413949,4214.86474609375,3964251,0.0,0.0
2024-09-27 00:00:00+05:30,4256.596112539378,4298.818403851764,4222.2780351461415,4230.77197265625,3012477,0.0,0.0
2024-09-30 00:00:00+05:30,4209.365945175714,4221.001718965056,4183.001465184691,4191.298828125,2503416,0.0,0.0
2024-10-01 00:00:00+05:30,4178.583136778167,4218.056263856357,4166.211406289576,4210.34814453125,1823365,0.0,0.0
2024-10-03 00:00:00+05:30,4185.505533031941,4201.608822204832,4133.85677529384,4156.1953125,3350119,0.0,0.0
2024-10-04 00:00:00+05:30,4148.5856235577485,4220.26532782277,4147.652613708516,4175.3427734375,2965463,0.0,0.0
2024-10-07 00:00:00+05:30,4196.601130169736,4219.528912395065,4152.905967774814,4195.5703125,1472619,0.0,0.0
2024-10-08 00:00:00+05:30,4195.324834210528,4202.001656010186,4127.9165503585355,4176.32470703125,1541867,0.0,0.0
2024-10-09 00:00:00+05:30,4182.952573592642,4217.319554831079,4169.893312502065,4176.0302734375,1082504,0.0,0.0
2024-10-10 00:00:00+05:30,4176.324950925273,4216.19074786921,4122.663456603558,4150.9423828125,2378875,0.0,0.0
2024-10-11 00:00:00+05:30,4068.068925004607,4165.229488527156,4038.0716498141223,4074.156982421875,5759183,0.0,0.0
2024-10-14 00:00:00+05:30,4065.123003109471,4090.063516948677,4047.645129803671,4061.83349609375,2137590,0.0,0.0
2024-10-15 00:00:00+05:30,4056.3348009096194,4094.531631187995,4020.937000293908,4042.342529296875,2759474,0.0,0.0
2024-10-16 00:00:00+05:30,4011.1177013655647,4040.5751141050914,3993.6395885284373,4020.8876953125,2359151,0.0,0.0
2024-10-17 00:00:00+05:30,4038.414674215347,4055.2548785670365,4018.9238301370233,4034.68359375,2522659,0.0,0.0
2024-10-18 00:00:00+05:30,4025.824971583393,4081.0938417563607,4015.981878743336,4058.356201171875,2361000,10.0,0.0
2024-10-21 00:00:00+05:30,4067.7565419545163,4074.991311135829,4006.138686185549,4015.834228515625,1595450,0.0,0.0
2024-10-22 00:00:00+05:30,4002.201514906106,4025.628123729215,3943.4875627358756,3952.493896484375,1928049,0.0,0.0
2024-10-23 00:00:00+05:30,3936.8433940172417,4049.0051452980897,3932.463025582815,4002.447509765625,1966476,0.0,0.0
2024-10-24 00:00:00+05:30,3941.1741746389275,4014.9973672208257,3941.1741746389275,3984.38525390625,2676744,0.0,0.0
2024-10-25 00:00:00+05:30,3993.3918785796277,4027.7934387000987,3969.42385229137,3993.884033203125,1759676,0.0,0.0
2024-10-28 00:00:00+05:30,4005.1051041743235,4069.134469419595,3987.436801068887,4026.66162109375,1532534,0.0,0.0
2024-10-29 00:00:00+05:30,4031.5832637923236,4039.1131336663107,3996.394207004564,4011.306396484375,1445885,0.0,0.0
2024-10-30 00:00:00+05:30,4011.0601058196758,4042.55800112918,3996.344730916741,4020.55859375,1935002,0.0,0.0
2024-10-31 00:00:00+05:30,4006.1387847297265,4014.308599846557,3897.864763520815,3906.18212890625,3740372,0.0,0.0
2024-11-01 00:00:00+05:30,3927.2463058287503,3936.203375700577,3913.662790294584,3921.684814453125,154895,0.0,0.0
2024-11-04 00:00:00+05:30,3904.0658719887983,3929.2640448975253,3851.848217603721,3901.949462890625,2269192,0.0,0.0
2024-11-05 00:00:00+05:30,3879.261266395641,3923.4566554269013,3879.261266395641,3909.03662109375,967590,0.0,0.0
2024-11-06 00:00:00+05:30,3940.780715946805,4084.686443814856,3912.87545183105,4074.69580078125,3792017,0.0,0.0
2024-11-07 00:00:00+05:30,4104.274589912992,4139.80777036327,4020.952665320235,4085.769287109375,3724349,0.0,0.0
2024-11-08 00:00:00+05:30,4089.8048938450424,4104.323455140882,4053.0408475923055,4081.930419921875,1648039,0.0,0.0
2024-11-11 00:00:00+05:30,4063.425535563547,4167.860359857493,4053.04078486624,4132.8193359375,1406487,0.0,0.0
2024-11-12 00:00:00+05:30,4149.847798959433,4151.816417459889,4099.00832230913,4131.53955078125,1587640,0.0,0.0
2024-11-13 00:00:00+05:30,4112.542609268491,4130.899880816483,4066.2305702818967,4085.22802734375,1098813,0.0,0.0
2024-11-14 00:00:00+05:30,4070.118781462719,4094.7265129104985,4051.8600369763685,4080.84765625,1825432,0.0,0.0
2024-11-18 00:00:00+05:30,4146.894998090364,4146.894998090364,3927.5908423676865,3956.43115234375,3313944,0.0,0.0
2024-11-19 00:00:00+05:30,3956.8246828361807,4067.3133968435627,3951.115881398178,3976.16650390625,1776233,0.0,0.0
2024-11-21 00:00:00+05:30,3981.432455552984,4028.236409232463,3960.8604880090948,4008.944091796875,2384347,0.0,0.0
2024-11-22 00:00:00+05:30,4007.122846226611,4188.186720017956,3990.389589438143,4177.9990234375,3096553,0.0,0.0
2024-11-25 00:00:00+05:30,4212.843714585579,4260.189087034664,4185.480108874261,4247.39306640625,4052167,0.0,0.0
2024-11-26 00:00:00+05:30,4253.249546195695,4298.085123579749,4242.373120582253,4284.4033203125,2060669,0.0,0.0
2024-11-27 00:00:00+05:30,4290.55499634484,4308.71521363045,4256.202219033572,4264.56884765625,1558993,0.0,0.0
2024-11-28 00:00:00+05:30,4251.23184853607,4271.853320530873,4166.5812490977505,4178.29443359375,2558544,0.0,0.0
2024-11-29 00:00:00+05:30,4153.785179120677,4231.250512031332,4129.817151927626,4203.83740234375,2017425,0.0,0.0
2024-12-02 00:00:00+05:30,4203.000338296886,4220.914958216208,4163.676993000992,4209.5458984375,1670944,0.0,0.0
2024-12-03 00:00:00+05:30,4246.654900345047,4257.137698206271,4198.522271973675,4235.23681640625,2010905,0.0,0.0
2024-12-04 00:00:00+05:30,4245.867042233743,4318.115726856116,4221.751465216019,4286.076171875,3302642,0.0,0.0
2024-12-05 00:00:00+05:30,4331.747813073262,4418.564078323639,4291.588189238375,4394.00537109375,3746747,0.0,0.0
2024-12-06 00:00:00+05:30,4383.128901087652,4394.940611577895,4343.510455484962,4375.74658203125,1842087,0.0,0.0
2024-12-09 00:00:00+05:30,4360.933257388377,4399.271815609351,4346.266664568218,4382.29248046875,2066639,0.0,0.0
2024-12-10 00:00:00+05:30,4356.700516597411,4423.288944687637,4342.871163165953,4363.0,2087828,0.0,0.0
2024-12-11 00:00:00+05:30,4362.310844845357,4378.847047235939,4337.850664985335,4357.97998046875,1635256,0.0,0.0
2024-12-12 00:00:00+05:30,4360.539142507212,4414.6271298014035,4356.5528821629905,4385.048828125,1914642,0.0,0.0
2024-12-13 00:00:00+05:30,4365.362613963178,4424.371666662094,4325.448584466717,4403.701171875,1967048,0.0,0.0
2024-12-16 00:00:00+05:30,4389.034915890042,4404.783863782896,4328.007742805228,4345.92236328125,1646224,0.0,0.0
2024-12-17 00:00:00+05:30,4340.8037221053055,4363.393811274363,4250.247272573856,4260.58251953125,3225027,0.0,0.0
2024-12-18 00:00:00+05:30,4244.046224337432,4293.556785484744,4222.2928946144,4279.62890625,1575404,0.0,0.0
2024-12-19 00:00:00+05:30,4214.812225056753,4295.525583873814,4195.126039979421,4204.87060546875,3015763,0.0,0.0
2024-12-20 00:00:00+05:30,4261.074819097192,4313.24321027579,4087.3442333797852,4104.86474609375,4116989,0.0,0.0
2024-12-23 00:00:00+05:30,4134.147889868673,4150.832123971284,4050.3340530174855,4093.052978515625,2195338,0.0,0.0
2024-12-24 00:00:00+05:30,4093.0528623167015,4151.816315358072,4093.0528623167015,4113.92041015625,1181886,0.0,0.0
2024-12-26 00:00:00+05:30,4113.920313335754,4134.049628782047,4078.140577688001,4103.68359375,1208464,0.0,0.0
2024-12-27 00:00:00+05:30,4097.679420039338,4115.347963377728,4082.1765493053435,4099.50048828125,858100,0.0,0.0
2024-12-30 00:00:00+05:30,4085.8677460209447,4133.409691121346,4047.479684808028,4093.545166015625,1527169,0.0,0.0
2024-12-31 00:00:00+05:30,4070.1187442915557,4074.9912673216186,3968.7841551770334,4030.549560546875,1555429,0.0,0.0
2025-01-01 00:00:00+05:30,4030.1557808587904,4069.134524093068,4021.346260950125,4047.9228515625,763161,0.0,0.0
2025-01-02 00:00:00+05:30,4055.3542496108485,4117.365734495675,4032.6661128651804,4110.2294921875,1720835,0.0,0.0
2025-01-03 00:00:00+05:30,4114.36357856104,4114.36357856104,4028.088729938378,4035.5693359375,1791953,0.0,0.0
2025-01-06 00:00:00+05:30,4041.081584910857,4084.538741733885,4002.5949975020426,4030.746337890625,2085593,0.0,0.0
2025-01-07 00:00:00+05:30,4050.3835586581686,4075.3849175960827,3948.605837566856,3965.093017578125,2669054,0.0,0.0
2025-01-08 00:00:00+05:30,3971.5893051277485,4061.259974116957,3954.708497578382,4043.93603515625,2181277,0.0,0.0
2025-01-09 00:00:00+05:30,4036.6522632657784,4072.8256284632957,3962.140100567154,3975.4775390625,2392472,0.0,0.0
2025-01-10 00:00:00+05:30,4134.098942416888,4229.576941801279,4104.569664256768,4198.71875,7894300,0.0,0.0
2025-01-13 00:00:00+05:30,4178.392778567286,4255.119877078866,4161.068839592267,4223.76953125,4003771,0.0,0.0
2025-01-14 00:00:00+05:30,4234.498194661013,4246.211378062048,4152.8495539595815,4166.6298828125,3441709,0.0,0.0
2025-01-15 00:00:00+05:30,4151.81662842586,4189.663513268121,4141.432357556204,4182.9208984375,1653474,0.0,0.0
2025-01-16 00:00:00+05:30,4193.1574036432985,4226.62391813247,4126.0768244014525,4140.2998046875,2637705,0.0,0.0
2025-01-17 00:00:00+05:30,4159.89990234375,4160.60009765625,4100.0498046875,4124.2998046875,1761466,66.0,0.0
2025-01-20 00:00:00+05:30,4145.7998046875,4145.7998046875,4068.10009765625,4077.800048828125,1287799,0.0,0.0
2025-01-21 00:00:00+05:30,4095.300048828125,4111.0,4030.0,4035.85009765625,1971591,0.0,0.0
2025-01-22 00:00:00+05:30,4050.0,4163.14990234375,4044.199951171875,4156.60009765625,2409223,0.0,0.0
2025-01-23 00:00:00+05:30,4168.0,4191.35009765625,4140.0498046875,4145.4501953125,1822998,0.0,0.0
2025-01-24 00:00:00+05:30,4104.0,4178.0,4104.0,4152.35009765625,1910099,0.0,0.0
2025-01-27 00:00:00+05:30,4102.0,4156.35009765625,4041.050048828125,4065.14990234375,1551782,0.0,0.0
2025-01-28 00:00:00+05:30,4070.800048828125,4102.0,4028.300048828125,4040.300048828125,2468272,0.0,0.0
2025-01-29 00:00:00+05:30,4054.0,4107.85009765625,4054.0,4099.7998046875,1217089,0.0,0.0
2025-01-30 00:00:00+05:30,4099.89990234375,4129.89990234375,4058.5,4100.0498046875,1531251,0.0,0.0
2025-01-31 00:00:00+05:30,4110.0,4128.4501953125,4085.25,4112.39990234375,1492943,0.0,0.0
2025-02-01 00:00:00+05:30,4113.0,4135.89990234375,4056.0,4073.14990234375,437172,0.0,0.0
2025-02-03 00:00:00+05:30,4030.89990234375,4077.0,3998.699951171875,4068.64990234375,1265713,0.0,0.0
2025-02-04 00:00:00+05:30,4083.699951171875,4118.85009765625,4066.050048828125,4107.0498046875,2547132,0.0,0.0
2025-02-05 00:00:00+05:30,4150.0,4150.0,4076.0,4091.10009765625,1693912,0.0,0.0
2025-02-06 00:00:00+05:30,4105.39990234375,4139.5,4051.550048828125,4082.75,2284536,0.0,0.0
2025-02-07 00:00:00+05:30,4090.0,4090.0,4008.0,4029.39990234375,1548940,0.0,0.0
2025-02-10 00:00:00+05:30,4040.0,4052.0,4014.35009765625,4036.949951171875,1339511,0.0,0.0
2025-02-11 00:00:00+05:30,4018.39990234375,4040.0,3955.0,3963.550048828125,1810908,0.0,0.0
2025-02-12 00:00:00+05:30,3971.10009765625,4021.75,3940.14990234375,3950.14990234375,1678002,0.0,0.0
2025-02-13 00:00:00+05:30,3968.0,3984.449951171875,3902.25,3910.14990234375,2277310,0.0,0.0
2025-02-14 00:00:00+05:30,3925.0,3948.0,3900.0,3934.85009765625,1681975,0.0,0.0
2025-02-17 00:00:00+05:30,3856.5,3934.0,3856.199951171875,3904.5,1799806,0.0,0.0
2025-02-18 00:00:00+05:30,3898.39990234375,3924.39990234375,3864.5,3873.199951171875,2149879,0.0,0.0
2025-02-19 00:00:00+05:30,3872.199951171875,3874.949951171875,3768.14990234375,3784.10009765625,4366672,0.0,0.0
2025-02-20 00:00:00+05:30,3761.5,3788.0,3751.300048828125,3779.39990234375,2888572,0.0,0.0
2025-02-21 00:00:00+05:30,3776.10009765625,3817.0,3775.0,3786.0,1833931,0.0,0.0
2025-02-24 00:00:00+05:30,3743.14990234375,3763.199951171875,3670.0,3675.60009765625,2508516,0.0,0.0
2025-02-25 00:00:00+05:30,3625.0,3658.0,3621.25,3629.550048828125,4101954,0.0,0.0
2025-02-27 00:00:00+05:30,3611.699951171875,3638.0,3600.699951171875,3612.550048828125,3823856,0.0,0.0
2025-02-28 00:00:00+05:30,3584.949951171875,3600.0,3457.0,3483.25,7085018,0.0,0.0
2025-03-03 00:00:00+05:30,3485.0,3523.25,3476.14990234375,3493.050048828125,4990439,0.0,0.0
2025-03-04 00:00:00+05:30,3474.0,3551.0,3464.300048828125,3532.050048828125,2797737,0.0,0.0
2025-03-05 00:00:00+05:30,3520.85009765625,3600.35009765625,3520.85009765625,3547.050048828125,2501894,0.0,0.0
2025-03-06 00:00:00+05:30,3557.0,3609.449951171875,3536.10009765625,3601.60009765625,2786513,0.0,0.0
2025-03-07 00:00:00+05:30,3600.0,3625.0,3574.39990234375,3611.199951171875,2051315,0.0,0.0
2025-03-10 00:00:00+05:30,3606.5,3622.10009765625,3582.60009765625,3589.64990234375,1004626,0.0,0.0
2025-03-11 00:00:00+05:30,3558.0,3588.75,3537.64990234375,3575.300048828125,1995450,0.0,0.0
2025-03-12 00:00:00+05:30,3565.0,3569.25,3486.85009765625,3506.199951171875,3174167,0.0,0.0
2025-03-13 00:00:00+05:30,3502.300048828125,3524.300048828125,3484.10009765625,3511.050048828125,1693004,0.0,0.0
2025-03-17 00:00:00+05:30,3489.0,3530.449951171875,3477.35009765625,3497.699951171875,2690906,0.0,0.0
2025-03-18 00:00:00+05:30,3497.699951171875,3497.699951171875,3497.699951171875,3497.699951171875,0,0.0,0.0
2025-03-19 00:00:00+05:30,3547.0,3547.0,3462.75,3497.10009765625,3051244,0.0,0.0
2025-03-20 00:00:00+05:30,3512.0,3578.949951171875,3512.0,3563.14990234375,2845192,0.0,0.0
2025-03-21 00:00:00+05:30,3475.0,3616.25,3465.0,3578.10009765625,4161925,0.0,0.0
2025-03-24 00:00:00+05:30,3600.0,3649.75,3566.60009765625,3628.949951171875,1834751,0.0,0.0
2025-03-25 00:00:00+05:30,3645.0,3710.0,3638.0,3657.75,3135390,0.0,0.0
2025-03-26 00:00:00+05:30,3647.75,3680.5,3625.85009765625,3635.800048828125,1734499,0.0,0.0
2025-03-27 00:00:00+05:30,3614.85009765625,3663.0,3610.5,3651.199951171875,2528474,0.0,0.0
2025-03-28 00:00:00+05:30,3651.0,3660.949951171875,3591.89990234375,3606.14990234375,2051919,0.0,0.0
